# Blender 4.5.2 LTS
# www.blender.org
mtllib brick2_10_medium_lavender.mtl
o brick2*10_medium_lavender
v -6.000080 95.948395 -0.783085
v -6.000080 96.000000 -0.000095
v 13.999931 96.000107 -0.000114
v 13.999920 95.948502 -0.783115
v -6.000080 95.795395 -1.552895
v 13.999920 95.795502 -1.552906
v -6.000080 95.543396 -2.296295
v 13.999920 95.543396 -2.296314
v -6.000080 95.195999 -3.000095
v 13.999920 95.195999 -3.000114
v -6.000080 94.760406 -3.652885
v 13.999920 94.760498 -3.652905
v -6.000080 94.242599 -4.242695
v 13.999920 94.242599 -4.242706
v -6.000080 93.652802 -4.760494
v 13.999920 93.652802 -4.760506
v -6.000080 93.000000 -5.196087
v 13.999920 93.000000 -5.196106
v -6.000080 92.296204 -5.543484
v 13.999920 92.296204 -5.543507
v -6.000080 91.552795 -5.795486
v 13.999920 91.552902 -5.795506
v -6.000080 90.783005 -5.948486
v 13.999920 90.783096 -5.948505
v -6.000080 90.000000 -6.000084
v 13.999920 90.000000 -6.000107
v -6.000080 89.216995 -5.948486
v 13.999931 89.217102 -5.948505
v -6.000080 88.447205 -5.795486
v 13.999931 88.447296 -5.795506
v -6.000071 87.703796 -5.543484
v 13.999931 87.703796 -5.543507
v -6.000071 87.000000 -5.196087
v 13.999931 87.000000 -5.196106
v -6.000071 86.347198 -4.760483
v 13.999931 86.347198 -4.760502
v -6.000071 85.757401 -4.242680
v 13.999931 85.757401 -4.242702
v -6.000071 85.239594 -3.652882
v 13.999931 85.239700 -3.652901
v -6.000071 84.804001 -3.000072
v 13.999931 84.804001 -3.000092
v -6.000071 84.456604 -2.296272
v 13.999939 84.456604 -2.296291
v -6.000071 84.204605 -1.552872
v 13.999939 84.204697 -1.552891
v -6.000071 84.051605 -0.783081
v 13.999939 84.051697 -0.783092
v -6.000059 84.000000 -0.000072
v 13.999939 84.000000 -0.000092
v -6.000059 84.051605 0.782928
v 13.999939 84.051697 0.782909
v -6.000059 84.204605 1.552719
v 13.999939 84.204697 1.552708
v -6.000059 84.456604 2.296120
v 13.999939 84.456696 2.296108
v -6.000059 84.804001 2.999928
v 13.999939 84.804092 2.999908
v -6.000059 85.239594 3.652729
v 13.999939 85.239700 3.652710
v -6.000059 85.757401 4.242519
v 13.999939 85.757507 4.242508
v -6.000059 86.347198 4.760319
v 13.999939 86.347305 4.760300
v -6.000059 87.000000 5.195915
v 13.999939 87.000107 5.195904
v -6.000059 87.703796 5.543316
v 13.999939 87.703903 5.543293
v -6.000059 88.447205 5.795315
v 13.999939 88.447296 5.795296
v -6.000059 89.216995 5.948315
v 13.999939 89.217102 5.948296
v -6.000059 90.000000 5.999916
v 13.999939 90.000107 5.999893
v -6.000059 90.783005 5.948315
v 13.999939 90.783096 5.948296
v -6.000071 91.552795 5.795315
v 13.999939 91.552902 5.795296
v -6.000071 92.296204 5.543316
v 13.999939 92.296295 5.543293
v -6.000071 93.000000 5.195915
v 13.999939 93.000107 5.195896
v -6.000071 93.652802 4.760315
v 13.999931 93.652893 4.760296
v -6.000071 94.242599 4.242516
v 13.999931 94.242706 4.242496
v -6.000071 94.760406 3.652714
v 13.999931 94.760498 3.652695
v -6.000071 95.195999 2.999916
v 13.999931 95.196106 2.999893
v -6.000071 95.543396 2.296116
v 13.999931 95.543503 2.296085
v -6.000071 95.795395 1.552715
v 13.999931 95.795502 1.552685
v -6.000080 95.948395 0.782906
v 13.999931 95.948502 0.782894
v -6.000080 97.931198 -1.044094
v -6.000080 98.000000 -0.000095
v 13.999920 98.000107 -0.000114
v 13.999920 97.931198 -1.044117
v -6.000080 97.727203 -2.070496
v 13.999920 97.727203 -2.070515
v -6.000080 97.391205 -3.061695
v 13.999920 97.391296 -3.061714
v -6.000080 96.927994 -4.000095
v 13.999920 96.928101 -4.000114
v -6.000080 96.347198 -4.870495
v 13.999920 96.347198 -4.870506
v -6.000080 95.656799 -5.656895
v 13.999920 95.656799 -5.656906
v -6.000080 94.870407 -6.347286
v 13.999920 94.870499 -6.347305
v -6.000080 94.000000 -6.928085
v 13.999920 94.000000 -6.928104
v -6.000080 93.061600 -7.391285
v 13.999920 93.061600 -7.391304
v -6.000080 92.070404 -7.727283
v 13.999920 92.070404 -7.727306
v -6.000080 91.044006 -7.931286
v 13.999920 91.044098 -7.931305
v -6.000080 90.000000 -8.000084
v 13.999920 90.000000 -8.000103
v -6.000080 88.955994 -7.931286
v 13.999920 88.956100 -7.931305
v -6.000080 87.929596 -7.727283
v 13.999920 87.929703 -7.727306
v -6.000080 86.938400 -7.391285
v 13.999931 86.938400 -7.391304
v -6.000071 86.000000 -6.928082
v 13.999931 86.000000 -6.928101
v -6.000071 85.129593 -6.347282
v 13.999931 85.129700 -6.347301
v -6.000071 84.343201 -5.656872
v 13.999931 84.343201 -5.656902
v -6.000071 83.652802 -4.870472
v 13.999931 83.652802 -4.870491
v -6.000071 83.072006 -4.000072
v 13.999939 83.072098 -4.000092
v -6.000071 82.608795 -3.061672
v 13.999939 82.608902 -3.061691
v -6.000071 82.272797 -2.070473
v 13.999939 82.272797 -2.070492
v -6.000059 82.068802 -1.044071
v 13.999939 82.068802 -1.044090
v -6.000059 82.000000 -0.000072
v 13.999939 82.000000 -0.000092
v -6.000059 82.068802 1.043930
v 13.999939 82.068893 1.043907
v -6.000059 82.272797 2.070328
v 13.999939 82.272903 2.070309
v -6.000059 82.608795 3.061527
v 13.999939 82.608902 3.061508
v -6.000059 83.072006 3.999928
v 13.999939 83.072098 3.999908
v -6.000059 83.652802 4.870327
v 13.999939 83.652893 4.870308
v -6.000059 84.343201 5.656727
v 13.999939 84.343307 5.656708
v -6.000059 85.129593 6.347130
v 13.999939 85.129700 6.347107
v -6.000059 86.000000 6.927929
v 13.999939 86.000107 6.927910
v -6.000059 86.938400 7.391125
v 13.999939 86.938507 7.391106
v -6.000059 87.929596 7.727116
v 13.999939 87.929703 7.727104
v -6.000059 88.955994 7.931114
v 13.999939 88.956100 7.931095
v -6.000059 90.000000 7.999916
v 13.999939 90.000107 7.999893
v -6.000059 91.044006 7.931114
v 13.999939 91.044098 7.931095
v -6.000059 92.070404 7.727116
v 13.999939 92.070404 7.727097
v -6.000071 93.061600 7.391113
v 13.999939 93.061707 7.391094
v -6.000071 94.000000 6.927914
v 13.999939 94.000107 6.927895
v -6.000071 94.870407 6.347115
v 13.999939 94.870499 6.347095
v -6.000071 95.656799 5.656715
v 13.999931 95.656906 5.656696
v -6.000071 96.347198 4.870316
v 13.999931 96.347305 4.870285
v -6.000071 96.927994 3.999905
v 13.999931 96.928101 3.999886
v -6.000071 97.391205 3.061504
v 13.999931 97.391296 3.061485
v -6.000080 97.727203 2.070305
v 13.999931 97.727295 2.070286
v -6.000080 97.931198 1.043903
v 13.999920 97.931305 1.043884
v 13.999931 96.000107 -0.000114
v 13.999920 95.948502 -0.783115
v 13.999920 97.931198 -1.044117
v 13.999920 98.000107 -0.000114
v 13.999920 95.795502 -1.552906
v 13.999920 97.727203 -2.070515
v 13.999920 95.543396 -2.296314
v 13.999920 97.391296 -3.061714
v 13.999920 95.195999 -3.000114
v 13.999920 96.928101 -4.000114
v 13.999920 94.760498 -3.652905
v 13.999920 96.347198 -4.870506
v 13.999920 94.242599 -4.242706
v 13.999920 95.656799 -5.656906
v 13.999920 93.652802 -4.760506
v 13.999920 94.870499 -6.347305
v 13.999920 93.000000 -5.196106
v 13.999920 94.000000 -6.928104
v 13.999920 92.296204 -5.543507
v 13.999920 93.061600 -7.391304
v 13.999920 91.552902 -5.795506
v 13.999920 92.070404 -7.727306
v 13.999920 90.783096 -5.948505
v 13.999920 91.044098 -7.931305
v 13.999920 90.000000 -6.000107
v 13.999920 90.000000 -8.000103
v 13.999931 89.217102 -5.948505
v 13.999920 88.956100 -7.931305
v 13.999931 88.447296 -5.795506
v 13.999920 87.929703 -7.727306
v 13.999931 87.703796 -5.543507
v 13.999931 86.938400 -7.391304
v 13.999931 87.000000 -5.196106
v 13.999931 86.000000 -6.928101
v 13.999931 86.347198 -4.760502
v 13.999931 85.129700 -6.347301
v 13.999931 85.757401 -4.242702
v 13.999931 84.343201 -5.656902
v 13.999931 85.239700 -3.652901
v 13.999931 83.652802 -4.870491
v 13.999931 84.804001 -3.000092
v 13.999939 83.072098 -4.000092
v 13.999939 84.456604 -2.296291
v 13.999939 82.608902 -3.061691
v 13.999939 84.204697 -1.552891
v 13.999939 82.272797 -2.070492
v 13.999939 84.051697 -0.783092
v 13.999939 82.068802 -1.044090
v 13.999939 84.000000 -0.000092
v 13.999939 82.000000 -0.000092
v 13.999939 84.051697 0.782909
v 13.999939 82.068893 1.043907
v 13.999939 84.204697 1.552708
v 13.999939 82.272903 2.070309
v 13.999939 84.456696 2.296108
v 13.999939 82.608902 3.061508
v 13.999939 84.804092 2.999908
v 13.999939 83.072098 3.999908
v 13.999939 85.239700 3.652710
v 13.999939 83.652893 4.870308
v 13.999939 85.757507 4.242508
v 13.999939 84.343307 5.656708
v 13.999939 86.347305 4.760300
v 13.999939 85.129700 6.347107
v 13.999939 87.000107 5.195904
v 13.999939 86.000107 6.927910
v 13.999939 87.703903 5.543293
v 13.999939 86.938507 7.391106
v 13.999939 88.447296 5.795296
v 13.999939 87.929703 7.727104
v 13.999939 89.217102 5.948296
v 13.999939 88.956100 7.931095
v 13.999939 90.000107 5.999893
v 13.999939 90.000107 7.999893
v 13.999939 90.783096 5.948296
v 13.999939 91.044098 7.931095
v 13.999939 91.552902 5.795296
v 13.999939 92.070404 7.727097
v 13.999939 92.296295 5.543293
v 13.999939 93.061707 7.391094
v 13.999939 93.000107 5.195896
v 13.999939 94.000107 6.927895
v 13.999931 93.652893 4.760296
v 13.999939 94.870499 6.347095
v 13.999931 94.242706 4.242496
v 13.999931 95.656906 5.656696
v 13.999931 94.760498 3.652695
v 13.999931 96.347305 4.870285
v 13.999931 95.196106 2.999893
v 13.999931 96.928101 3.999886
v 13.999931 95.543503 2.296085
v 13.999931 97.391296 3.061485
v 13.999931 95.795502 1.552685
v 13.999931 97.727295 2.070286
v 13.999931 95.948502 0.782894
v 13.999920 97.931305 1.043884
v -6.000059 75.948395 -0.783070
v -6.000059 76.000000 -0.000072
v 13.999939 76.000000 -0.000092
v 13.999939 75.948502 -0.783092
v -6.000059 75.795395 -1.552872
v 13.999939 75.795502 -1.552891
v -6.000059 75.543396 -2.296272
v 13.999939 75.543396 -2.296291
v -6.000059 75.195999 -3.000072
v 13.999939 75.195999 -3.000092
v -6.000059 74.760406 -3.652863
v 13.999939 74.760498 -3.652893
v -6.000059 74.242599 -4.242672
v 13.999939 74.242599 -4.242691
v -6.000059 73.652802 -4.760471
v 13.999939 73.652802 -4.760490
v -6.000059 73.000000 -5.196072
v 13.999939 73.000000 -5.196091
v -6.000059 72.296204 -5.543461
v 13.999939 72.296204 -5.543491
v -6.000059 71.552795 -5.795471
v 13.999939 71.552795 -5.795490
v -6.000059 70.783005 -5.948460
v 13.999939 70.783096 -5.948483
v -6.000059 70.000000 -6.000061
v 13.999939 70.000000 -6.000080
v -6.000059 69.216995 -5.948460
v 13.999939 69.216995 -5.948483
v -6.000059 68.447205 -5.795460
v 13.999950 68.447296 -5.795483
v -6.000059 67.703796 -5.543461
v 13.999950 67.703796 -5.543480
v -6.000059 67.000000 -5.196060
v 13.999950 67.000000 -5.196083
v -6.000059 66.347198 -4.760460
v 13.999950 66.347198 -4.760483
v -6.000050 65.757401 -4.242661
v 13.999950 65.757401 -4.242680
v -6.000050 65.239594 -3.652863
v 13.999950 65.239700 -3.652882
v -6.000050 64.804001 -3.000061
v 13.999950 64.804001 -3.000080
v -6.000050 64.456604 -2.296261
v 13.999950 64.456604 -2.296280
v -6.000050 64.204605 -1.552860
v 13.999950 64.204697 -1.552883
v -6.000050 64.051605 -0.783062
v 13.999950 64.051697 -0.783081
v -6.000050 64.000000 -0.000061
v 13.999950 64.000000 -0.000072
v -6.000050 64.051605 0.782948
v 13.999950 64.051697 0.782928
v -6.000050 64.204605 1.552738
v 13.999950 64.204697 1.552719
v -6.000050 64.456604 2.296139
v 13.999962 64.456604 2.296120
v -6.000050 64.804001 2.999939
v 13.999962 64.804001 2.999928
v -6.000050 65.239594 3.652748
v 13.999962 65.239700 3.652718
v -6.000050 65.757401 4.242538
v 13.999962 65.757507 4.242519
v -6.000050 66.347198 4.760338
v 13.999962 66.347305 4.760319
v -6.000050 67.000000 5.195938
v 13.999962 67.000107 5.195919
v -6.000050 67.703796 5.543339
v 13.999962 67.703903 5.543320
v -6.000050 68.447205 5.795338
v 13.999962 68.447296 5.795319
v -6.000050 69.216995 5.948338
v 13.999950 69.217102 5.948318
v -6.000050 70.000000 5.999939
v 13.999950 70.000107 5.999920
v -6.000050 70.783005 5.948338
v 13.999950 70.783096 5.948318
v -6.000050 71.552795 5.795338
v 13.999950 71.552902 5.795319
v -6.000050 72.296204 5.543339
v 13.999950 72.296204 5.543320
v -6.000050 73.000000 5.195938
v 13.999950 73.000107 5.195919
v -6.000050 73.652802 4.760338
v 13.999950 73.652893 4.760319
v -6.000050 74.242599 4.242538
v 13.999950 74.242706 4.242519
v -6.000050 74.760406 3.652729
v 13.999950 74.760498 3.652718
v -6.000059 75.195999 2.999939
v 13.999950 75.196106 2.999908
v -6.000059 75.543396 2.296127
v 13.999950 75.543503 2.296108
v -6.000059 75.795395 1.552727
v 13.999950 75.795502 1.552708
v -6.000059 75.948395 0.782928
v 13.999939 75.948502 0.782909
v -6.000059 77.931198 -1.044071
v -6.000059 78.000000 -0.000072
v 13.999939 78.000000 -0.000092
v 13.999939 77.931198 -1.044090
v -6.000059 77.727203 -2.070473
v 13.999939 77.727203 -2.070492
v -6.000059 77.391205 -3.061672
v 13.999939 77.391296 -3.061691
v -6.000059 76.927994 -4.000072
v 13.999939 76.928101 -4.000092
v -6.000059 76.347198 -4.870472
v 13.999939 76.347198 -4.870491
v -6.000059 75.656799 -5.656872
v 13.999939 75.656799 -5.656891
v -6.000059 74.870407 -6.347271
v 13.999939 74.870499 -6.347290
v -6.000059 74.000000 -6.928062
v 13.999939 74.000000 -6.928093
v -6.000059 73.061600 -7.391262
v 13.999939 73.061600 -7.391293
v -6.000059 72.070404 -7.727272
v 13.999939 72.070404 -7.727291
v -6.000059 71.044006 -7.931271
v 13.999939 71.044006 -7.931282
v -6.000059 70.000000 -8.000061
v 13.999939 70.000000 -8.000082
v -6.000059 68.955994 -7.931263
v 13.999939 68.955994 -7.931282
v -6.000059 67.929596 -7.727261
v 13.999939 67.929596 -7.727280
v -6.000059 66.938400 -7.391262
v 13.999939 66.938400 -7.391281
v -6.000059 66.000000 -6.928062
v 13.999950 66.000000 -6.928082
v -6.000059 65.129593 -6.347263
v 13.999950 65.129593 -6.347282
v -6.000050 64.343201 -5.656860
v 13.999950 64.343201 -5.656883
v -6.000050 63.652802 -4.870461
v 13.999950 63.652802 -4.870480
v -6.000050 63.072006 -4.000061
v 13.999950 63.072098 -4.000072
v -6.000050 62.608795 -3.061661
v 13.999950 62.608795 -3.061672
v -6.000050 62.272797 -2.070461
v 13.999950 62.272797 -2.070480
v -6.000050 62.068802 -1.044052
v 13.999950 62.068802 -1.044071
v -6.000050 62.000000 -0.000050
v 13.999962 62.000000 -0.000072
v -6.000050 62.068802 1.043949
v 13.999962 62.068802 1.043930
v -6.000040 62.272797 2.070347
v 13.999962 62.272903 2.070328
v -6.000040 62.608795 3.061550
v 13.999962 62.608902 3.061520
v -6.000040 63.072006 3.999950
v 13.999962 63.072098 3.999928
v -6.000040 63.652802 4.870350
v 13.999962 63.652893 4.870319
v -6.000040 64.343201 5.656738
v 13.999962 64.343307 5.656719
v -6.000040 65.129593 6.347149
v 13.999962 65.129700 6.347118
v -6.000040 66.000000 6.927948
v 13.999962 66.000107 6.927917
v -6.000040 66.938400 7.391148
v 13.999962 66.938507 7.391117
v -6.000040 67.929596 7.727139
v 13.999962 67.929703 7.727119
v -6.000040 68.955994 7.931137
v 13.999962 68.956100 7.931118
v -6.000050 70.000000 7.999939
v 13.999962 70.000107 7.999920
v -6.000050 71.044006 7.931137
v 13.999962 71.044098 7.931118
v -6.000050 72.070404 7.727139
v 13.999950 72.070496 7.727119
v -6.000050 73.061600 7.391140
v 13.999950 73.061707 7.391117
v -6.000050 74.000000 6.927940
v 13.999950 74.000107 6.927917
v -6.000050 74.870407 6.347137
v 13.999950 74.870499 6.347118
v -6.000050 75.656799 5.656738
v 13.999950 75.656906 5.656708
v -6.000050 76.347198 4.870338
v 13.999950 76.347305 4.870308
v -6.000059 76.927994 3.999928
v 13.999950 76.928101 3.999908
v -6.000059 77.391205 3.061527
v 13.999950 77.391296 3.061508
v -6.000059 77.727203 2.070328
v 13.999939 77.727295 2.070309
v -6.000059 77.931198 1.043930
v 13.999939 77.931198 1.043907
v 13.999939 76.000000 -0.000092
v 13.999939 75.948502 -0.783092
v 13.999939 77.931198 -1.044090
v 13.999939 78.000000 -0.000092
v 13.999939 75.795502 -1.552891
v 13.999939 77.727203 -2.070492
v 13.999939 75.543396 -2.296291
v 13.999939 77.391296 -3.061691
v 13.999939 75.195999 -3.000092
v 13.999939 76.928101 -4.000092
v 13.999939 74.760498 -3.652893
v 13.999939 76.347198 -4.870491
v 13.999939 74.242599 -4.242691
v 13.999939 75.656799 -5.656891
v 13.999939 73.652802 -4.760490
v 13.999939 74.870499 -6.347290
v 13.999939 73.000000 -5.196091
v 13.999939 74.000000 -6.928093
v 13.999939 72.296204 -5.543491
v 13.999939 73.061600 -7.391293
v 13.999939 71.552795 -5.795490
v 13.999939 72.070404 -7.727291
v 13.999939 70.783096 -5.948483
v 13.999939 71.044006 -7.931282
v 13.999939 70.000000 -6.000080
v 13.999939 70.000000 -8.000082
v 13.999939 69.216995 -5.948483
v 13.999939 68.955994 -7.931282
v 13.999950 68.447296 -5.795483
v 13.999939 67.929596 -7.727280
v 13.999950 67.703796 -5.543480
v 13.999939 66.938400 -7.391281
v 13.999950 67.000000 -5.196083
v 13.999950 66.000000 -6.928082
v 13.999950 66.347198 -4.760483
v 13.999950 65.129593 -6.347282
v 13.999950 65.757401 -4.242680
v 13.999950 64.343201 -5.656883
v 13.999950 65.239700 -3.652882
v 13.999950 63.652802 -4.870480
v 13.999950 64.804001 -3.000080
v 13.999950 63.072098 -4.000072
v 13.999950 64.456604 -2.296280
v 13.999950 62.608795 -3.061672
v 13.999950 64.204697 -1.552883
v 13.999950 62.272797 -2.070480
v 13.999950 64.051697 -0.783081
v 13.999950 62.068802 -1.044071
v 13.999950 64.000000 -0.000072
v 13.999962 62.000000 -0.000072
v 13.999950 64.051697 0.782928
v 13.999962 62.068802 1.043930
v 13.999950 64.204697 1.552719
v 13.999962 62.272903 2.070328
v 13.999962 64.456604 2.296120
v 13.999962 62.608902 3.061520
v 13.999962 64.804001 2.999928
v 13.999962 63.072098 3.999928
v 13.999962 65.239700 3.652718
v 13.999962 63.652893 4.870319
v 13.999962 65.757507 4.242519
v 13.999962 64.343307 5.656719
v 13.999962 66.347305 4.760319
v 13.999962 65.129700 6.347118
v 13.999962 67.000107 5.195919
v 13.999962 66.000107 6.927917
v 13.999962 67.703903 5.543320
v 13.999962 66.938507 7.391117
v 13.999962 68.447296 5.795319
v 13.999962 67.929703 7.727119
v 13.999950 69.217102 5.948318
v 13.999962 68.956100 7.931118
v 13.999950 70.000107 5.999920
v 13.999962 70.000107 7.999920
v 13.999950 70.783096 5.948318
v 13.999962 71.044098 7.931118
v 13.999950 71.552902 5.795319
v 13.999950 72.070496 7.727119
v 13.999950 72.296204 5.543320
v 13.999950 73.061707 7.391117
v 13.999950 73.000107 5.195919
v 13.999950 74.000107 6.927917
v 13.999950 73.652893 4.760319
v 13.999950 74.870499 6.347118
v 13.999950 74.242706 4.242519
v 13.999950 75.656906 5.656708
v 13.999950 74.760498 3.652718
v 13.999950 76.347305 4.870308
v 13.999950 75.196106 2.999908
v 13.999950 76.928101 3.999908
v 13.999950 75.543503 2.296108
v 13.999950 77.391296 3.061508
v 13.999950 75.795502 1.552708
v 13.999939 77.727295 2.070309
v 13.999939 75.948502 0.782909
v 13.999939 77.931198 1.043907
v -6.000040 55.948395 -0.783051
v -6.000040 56.000000 -0.000050
v 13.999962 56.000000 -0.000072
v 13.999962 55.948395 -0.783070
v -6.000040 55.795395 -1.552853
v 13.999962 55.795395 -1.552872
v -6.000040 55.543396 -2.296253
v 13.999962 55.543396 -2.296272
v -6.000040 55.195999 -3.000050
v 13.999962 55.195999 -3.000072
v -6.000040 54.760406 -3.652851
v 13.999962 54.760498 -3.652870
v -6.000040 54.242599 -4.242653
v 13.999962 54.242599 -4.242672
v -6.000040 53.652802 -4.760452
v 13.999962 53.652802 -4.760471
v -6.000040 53.000000 -5.196053
v 13.999962 53.000000 -5.196072
v -6.000040 52.296204 -5.543453
v 13.999962 52.296204 -5.543472
v -6.000040 51.552795 -5.795452
v 13.999962 51.552795 -5.795471
v -6.000040 50.783005 -5.948452
v 13.999962 50.783096 -5.948471
v -6.000040 50.000000 -6.000042
v 13.999962 50.000000 -6.000061
v -6.000040 49.216995 -5.948441
v 13.999962 49.216995 -5.948460
v -6.000040 48.447205 -5.795441
v 13.999962 48.447296 -5.795460
v -6.000040 47.703796 -5.543442
v 13.999962 47.703796 -5.543461
v -6.000040 47.000000 -5.196041
v 13.999969 47.000000 -5.196060
v -6.000040 46.347198 -4.760441
v 13.999969 46.347198 -4.760460
v -6.000040 45.757401 -4.242641
v 13.999969 45.757401 -4.242661
v -6.000031 45.239594 -3.652840
v 13.999969 45.239594 -3.652863
v -6.000031 44.804001 -3.000042
v 13.999969 44.804001 -3.000061
v -6.000031 44.456604 -2.296242
v 13.999969 44.456604 -2.296261
v -6.000031 44.204605 -1.552841
v 13.999969 44.204697 -1.552860
v -6.000031 44.051605 -0.783043
v 13.999969 44.051697 -0.783062
v -6.000031 44.000000 -0.000042
v 13.999969 44.000000 -0.000061
v -6.000031 44.051605 0.782959
v 13.999969 44.051697 0.782940
v -6.000031 44.204605 1.552757
v 13.999969 44.204697 1.552738
v -6.000031 44.456604 2.296158
v 13.999969 44.456604 2.296139
v -6.000031 44.804001 2.999958
v 13.999969 44.804001 2.999939
v -6.000031 45.239594 3.652760
v 13.999969 45.239700 3.652737
v -6.000031 45.757401 4.242558
v 13.999969 45.757401 4.242538
v -6.000031 46.347198 4.760357
v 13.999969 46.347198 4.760338
v -6.000031 47.000000 5.195957
v 13.999969 47.000000 5.195938
v -6.000031 47.703796 5.543358
v 13.999969 47.703903 5.543339
v -6.000031 48.447205 5.795357
v 13.999969 48.447296 5.795338
v -6.000031 49.216995 5.948360
v 13.999969 49.217102 5.948338
v -6.000031 50.000000 5.999958
v 13.999969 50.000107 5.999939
v -6.000031 50.783005 5.948360
v 13.999969 50.783096 5.948338
v -6.000031 51.552795 5.795357
v 13.999969 51.552902 5.795338
v -6.000031 52.296204 5.543358
v 13.999969 52.296204 5.543339
v -6.000031 53.000000 5.195950
v 13.999969 53.000107 5.195938
v -6.000031 53.652802 4.760349
v 13.999969 53.652893 4.760338
v -6.000031 54.242599 4.242558
v 13.999969 54.242599 4.242538
v -6.000040 54.760406 3.652748
v 13.999969 54.760498 3.652729
v -6.000040 55.195999 2.999950
v 13.999969 55.195999 2.999928
v -6.000040 55.543396 2.296150
v 13.999969 55.543503 2.296127
v -6.000040 55.795395 1.552750
v 13.999962 55.795502 1.552727
v -6.000040 55.948395 0.782948
v 13.999962 55.948502 0.782928
v -6.000040 57.931198 -1.044052
v -6.000040 58.000000 -0.000050
v 13.999962 58.000000 -0.000072
v 13.999962 57.931198 -1.044071
v -6.000040 57.727203 -2.070450
v 13.999962 57.727203 -2.070473
v -6.000050 57.391205 -3.061653
v 13.999962 57.391296 -3.061672
v -6.000050 56.927994 -4.000050
v 13.999962 56.928101 -4.000072
v -6.000050 56.347198 -4.870453
v 13.999962 56.347198 -4.870472
v -6.000050 55.656799 -5.656853
v 13.999962 55.656799 -5.656872
v -6.000050 54.870407 -6.347252
v 13.999962 54.870407 -6.347271
v -6.000050 54.000000 -6.928051
v 13.999962 54.000000 -6.928070
v -6.000050 53.061600 -7.391251
v 13.999962 53.061600 -7.391270
v -6.000050 52.070404 -7.727253
v 13.999962 52.070404 -7.727272
v -6.000040 51.044006 -7.931252
v 13.999962 51.044006 -7.931271
v -6.000040 50.000000 -8.000042
v 13.999962 50.000000 -8.000071
v -6.000040 48.955994 -7.931240
v 13.999962 48.955994 -7.931271
v -6.000040 47.929596 -7.727242
v 13.999962 47.929596 -7.727261
v -6.000040 46.938400 -7.391243
v 13.999962 46.938400 -7.391262
v -6.000040 46.000000 -6.928040
v 13.999962 46.000000 -6.928062
v -6.000040 45.129593 -6.347240
v 13.999969 45.129593 -6.347263
v -6.000040 44.343201 -5.656841
v 13.999969 44.343201 -5.656860
v -6.000031 43.652802 -4.870441
v 13.999969 43.652802 -4.870461
v -6.000031 43.072006 -4.000042
v 13.999969 43.072006 -4.000061
v -6.000031 42.608795 -3.061642
v 13.999969 42.608795 -3.061661
v -6.000031 42.272797 -2.070442
v 13.999969 42.272797 -2.070461
v -6.000031 42.068802 -1.044041
v 13.999969 42.068802 -1.044052
v -6.000031 42.000000 -0.000042
v 13.999969 42.000000 -0.000061
v -6.000031 42.068802 1.043968
v 13.999981 42.068802 1.043938
v -6.000031 42.272797 2.070358
v 13.999981 42.272903 2.070339
v -6.000019 42.608795 3.061558
v 13.999981 42.608902 3.061539
v -6.000019 43.072006 3.999958
v 13.999981 43.072098 3.999939
v -6.000019 43.652802 4.870358
v 13.999981 43.652802 4.870338
v -6.000019 44.343201 5.656757
v 13.999981 44.343201 5.656738
v -6.000019 45.129593 6.347160
v 13.999981 45.129700 6.347137
v -6.000019 46.000000 6.927959
v 13.999981 46.000107 6.927940
v -6.000019 46.938400 7.391159
v 13.999981 46.938507 7.391140
v -6.000019 47.929596 7.727158
v 13.999981 47.929703 7.727139
v -6.000031 48.955994 7.931160
v 13.999981 48.956100 7.931137
v -6.000031 50.000000 7.999958
v 13.999969 50.000107 7.999939
v -6.000031 51.044006 7.931160
v 13.999969 51.044098 7.931137
v -6.000031 52.070404 7.727158
v 13.999969 52.070404 7.727139
v -6.000031 53.061600 7.391159
v 13.999969 53.061707 7.391140
v -6.000031 54.000000 6.927948
v 13.999969 54.000107 6.927929
v -6.000031 54.870407 6.347149
v 13.999969 54.870499 6.347137
v -6.000031 55.656799 5.656750
v 13.999969 55.656906 5.656727
v -6.000040 56.347198 4.870350
v 13.999969 56.347305 4.870327
v -6.000040 56.927994 3.999950
v 13.999969 56.928101 3.999928
v -6.000040 57.391205 3.061550
v 13.999962 57.391296 3.061527
v -6.000040 57.727203 2.070347
v 13.999962 57.727203 2.070328
v -6.000040 57.931198 1.043949
v 13.999962 57.931198 1.043930
v 13.999962 56.000000 -0.000072
v 13.999962 55.948395 -0.783070
v 13.999962 57.931198 -1.044071
v 13.999962 58.000000 -0.000072
v 13.999962 55.795395 -1.552872
v 13.999962 57.727203 -2.070473
v 13.999962 55.543396 -2.296272
v 13.999962 57.391296 -3.061672
v 13.999962 55.195999 -3.000072
v 13.999962 56.928101 -4.000072
v 13.999962 54.760498 -3.652870
v 13.999962 56.347198 -4.870472
v 13.999962 54.242599 -4.242672
v 13.999962 55.656799 -5.656872
v 13.999962 53.652802 -4.760471
v 13.999962 54.870407 -6.347271
v 13.999962 53.000000 -5.196072
v 13.999962 54.000000 -6.928070
v 13.999962 52.296204 -5.543472
v 13.999962 53.061600 -7.391270
v 13.999962 51.552795 -5.795471
v 13.999962 52.070404 -7.727272
v 13.999962 50.783096 -5.948471
v 13.999962 51.044006 -7.931271
v 13.999962 50.000000 -6.000061
v 13.999962 50.000000 -8.000071
v 13.999962 49.216995 -5.948460
v 13.999962 48.955994 -7.931271
v 13.999962 48.447296 -5.795460
v 13.999962 47.929596 -7.727261
v 13.999962 47.703796 -5.543461
v 13.999962 46.938400 -7.391262
v 13.999969 47.000000 -5.196060
v 13.999962 46.000000 -6.928062
v 13.999969 46.347198 -4.760460
v 13.999969 45.129593 -6.347263
v 13.999969 45.757401 -4.242661
v 13.999969 44.343201 -5.656860
v 13.999969 45.239594 -3.652863
v 13.999969 43.652802 -4.870461
v 13.999969 44.804001 -3.000061
v 13.999969 43.072006 -4.000061
v 13.999969 44.456604 -2.296261
v 13.999969 42.608795 -3.061661
v 13.999969 44.204697 -1.552860
v 13.999969 42.272797 -2.070461
v 13.999969 44.051697 -0.783062
v 13.999969 42.068802 -1.044052
v 13.999969 44.000000 -0.000061
v 13.999969 42.000000 -0.000061
v 13.999969 44.051697 0.782940
v 13.999981 42.068802 1.043938
v 13.999969 44.204697 1.552738
v 13.999981 42.272903 2.070339
v 13.999969 44.456604 2.296139
v 13.999981 42.608902 3.061539
v 13.999969 44.804001 2.999939
v 13.999981 43.072098 3.999939
v 13.999969 45.239700 3.652737
v 13.999981 43.652802 4.870338
v 13.999969 45.757401 4.242538
v 13.999981 44.343201 5.656738
v 13.999969 46.347198 4.760338
v 13.999981 45.129700 6.347137
v 13.999969 47.000000 5.195938
v 13.999981 46.000107 6.927940
v 13.999969 47.703903 5.543339
v 13.999981 46.938507 7.391140
v 13.999969 48.447296 5.795338
v 13.999981 47.929703 7.727139
v 13.999969 49.217102 5.948338
v 13.999981 48.956100 7.931137
v 13.999969 50.000107 5.999939
v 13.999969 50.000107 7.999939
v 13.999969 50.783096 5.948338
v 13.999969 51.044098 7.931137
v 13.999969 51.552902 5.795338
v 13.999969 52.070404 7.727139
v 13.999969 52.296204 5.543339
v 13.999969 53.061707 7.391140
v 13.999969 53.000107 5.195938
v 13.999969 54.000107 6.927929
v 13.999969 53.652893 4.760338
v 13.999969 54.870499 6.347137
v 13.999969 54.242599 4.242538
v 13.999969 55.656906 5.656727
v 13.999969 54.760498 3.652729
v 13.999969 56.347305 4.870327
v 13.999969 55.195999 2.999928
v 13.999969 56.928101 3.999928
v 13.999969 55.543503 2.296127
v 13.999962 57.391296 3.061527
v 13.999962 55.795502 1.552727
v 13.999962 57.727203 2.070328
v 13.999962 55.948502 0.782928
v 13.999962 57.931198 1.043930
v -6.000019 35.948402 -0.783028
v -6.000019 36.000000 -0.000027
v 13.999981 36.000000 -0.000046
v 13.999981 35.948402 -0.783047
v -6.000019 35.795403 -1.552826
v 13.999981 35.795403 -1.552849
v -6.000019 35.543404 -2.296227
v 13.999981 35.543404 -2.296249
v -6.000019 35.195999 -3.000027
v 13.999981 35.195999 -3.000046
v -6.000019 34.760399 -3.652828
v 13.999981 34.760399 -3.652847
v -6.000019 34.242599 -4.242626
v 13.999981 34.242599 -4.242649
v -6.000019 33.652802 -4.760429
v 13.999981 33.652802 -4.760448
v -6.000019 33.000000 -5.196026
v 13.999981 33.000000 -5.196049
v -6.000019 32.296204 -5.543427
v 13.999981 32.296204 -5.543449
v -6.000019 31.552803 -5.795429
v 13.999981 31.552803 -5.795448
v -6.000019 30.782997 -5.948429
v 13.999981 30.782997 -5.948448
v -6.000019 30.000000 -6.000027
v 13.999981 30.000000 -6.000038
v -6.000019 29.217003 -5.948418
v 13.999981 29.217003 -5.948448
v -6.000019 28.447197 -5.795418
v 13.999981 28.447197 -5.795437
v -6.000019 27.703796 -5.543427
v 13.999981 27.703796 -5.543438
v -6.000019 27.000000 -5.196018
v 13.999981 27.000000 -5.196037
v -6.000019 26.347198 -4.760418
v 13.999981 26.347198 -4.760437
v -6.000019 25.757401 -4.242619
v 13.999981 25.757401 -4.242638
v -6.000019 25.239601 -3.652817
v 13.999981 25.239601 -3.652836
v -6.000019 24.804001 -3.000019
v 13.999981 24.804001 -3.000038
v -6.000019 24.456596 -2.296219
v 13.999989 24.456596 -2.296238
v -6.000010 24.204597 -1.552818
v 13.999989 24.204597 -1.552837
v -6.000010 24.051598 -0.783016
v 13.999989 24.051598 -0.783039
v -6.000010 24.000000 -0.000019
v 13.999989 24.000000 -0.000038
v -6.000010 24.051598 0.782982
v 13.999989 24.051598 0.782963
v -6.000010 24.204597 1.552784
v 13.999989 24.204597 1.552761
v -6.000010 24.456596 2.296181
v 13.999989 24.456596 2.296162
v -6.000010 24.804001 2.999981
v 13.999989 24.804001 2.999962
v -6.000010 25.239601 3.652782
v 13.999989 25.239601 3.652763
v -6.000010 25.757401 4.242584
v 13.999989 25.757500 4.242561
v -6.000010 26.347198 4.760384
v 13.999989 26.347298 4.760361
v -6.000010 27.000000 5.195984
v 13.999989 27.000099 5.195961
v -6.000010 27.703796 5.543381
v 13.999989 27.703796 5.543362
v -6.000010 28.447197 5.795383
v 13.999989 28.447304 5.795361
v -6.000010 29.217003 5.948383
v 13.999989 29.217003 5.948364
v -6.000010 30.000000 5.999981
v 13.999989 30.000099 5.999962
v -6.000010 30.782997 5.948383
v 13.999989 30.783096 5.948353
v -6.000010 31.552803 5.795383
v 13.999989 31.552803 5.795353
v -6.000010 32.296204 5.543373
v 13.999989 32.296204 5.543362
v -6.000019 33.000000 5.195972
v 13.999989 33.000099 5.195953
v -6.000019 33.652802 4.760372
v 13.999981 33.652802 4.760353
v -6.000019 34.242599 4.242573
v 13.999981 34.242699 4.242554
v -6.000019 34.760399 3.652771
v 13.999981 34.760498 3.652752
v -6.000019 35.195999 2.999973
v 13.999981 35.196098 2.999954
v -6.000019 35.543404 2.296173
v 13.999981 35.543404 2.296154
v -6.000019 35.795403 1.552773
v 13.999981 35.795403 1.552753
v -6.000019 35.948402 0.782974
v 13.999981 35.948402 0.782951
v -6.000019 37.931198 -1.044033
v -6.000019 38.000000 -0.000031
v 13.999981 38.000000 -0.000050
v 13.999981 37.931198 -1.044052
v -6.000031 37.727203 -2.070431
v 13.999981 37.727203 -2.070450
v -6.000031 37.391197 -3.061630
v 13.999981 37.391197 -3.061653
v -6.000031 36.928001 -4.000031
v 13.999969 36.928001 -4.000050
v -6.000031 36.347198 -4.870430
v 13.999969 36.347198 -4.870453
v -6.000031 35.656799 -5.656826
v 13.999969 35.656799 -5.656849
v -6.000031 34.870399 -6.347229
v 13.999969 34.870399 -6.347248
v -6.000031 34.000000 -6.928028
v 13.999969 34.000000 -6.928047
v -6.000031 33.061600 -7.391228
v 13.999969 33.061600 -7.391247
v -6.000031 32.070396 -7.727226
v 13.999981 32.070396 -7.727249
v -6.000031 31.043999 -7.931229
v 13.999981 31.043999 -7.931248
v -6.000019 30.000000 -8.000029
v 13.999981 30.000000 -8.000050
v -6.000019 28.956001 -7.931229
v 13.999981 28.956001 -7.931248
v -6.000019 27.929604 -7.727219
v 13.999981 27.929604 -7.727238
v -6.000019 26.938400 -7.391216
v 13.999981 26.938400 -7.391247
v -6.000019 26.000000 -6.928017
v 13.999981 26.000000 -6.928036
v -6.000019 25.129601 -6.347218
v 13.999981 25.129601 -6.347237
v -6.000019 24.343201 -5.656818
v 13.999981 24.343201 -5.656837
v -6.000019 23.652802 -4.870419
v 13.999981 23.652802 -4.870438
v -6.000019 23.071999 -4.000019
v 13.999989 23.071999 -4.000038
v -6.000010 22.608803 -3.061619
v 13.999989 22.608803 -3.061638
v -6.000010 22.272797 -2.070419
v 13.999989 22.272797 -2.070438
v -6.000010 22.068802 -1.044018
v 13.999989 22.068802 -1.044037
v -6.000010 22.000000 -0.000019
v 13.999989 22.000000 -0.000038
v -6.000010 22.068802 1.043983
v 13.999989 22.068802 1.043961
v -6.000010 22.272797 2.070381
v 13.999989 22.272903 2.070362
v -6.000010 22.608803 3.061581
v 14.000000 22.608803 3.061562
v -6.000010 23.071999 3.999981
v 14.000000 23.072098 3.999962
v -6.000010 23.652802 4.870384
v 14.000000 23.652802 4.870361
v -6.000010 24.343201 5.656784
v 14.000000 24.343300 5.656761
v -6.000010 25.129601 6.347183
v 14.000000 25.129700 6.347164
v -6.000010 26.000000 6.927982
v 14.000000 26.000099 6.927963
v -6.000010 26.938400 7.391182
v 14.000000 26.938499 7.391163
v -6.000010 27.929604 7.727180
v 14.000000 27.929604 7.727161
v -6.000010 28.956001 7.931183
v 13.999989 28.956100 7.931164
v -6.000010 30.000000 7.999981
v 13.999989 30.000099 7.999962
v -6.000010 31.043999 7.931183
v 13.999989 31.044098 7.931164
v -6.000010 32.070396 7.727173
v 13.999989 32.070503 7.727161
v -6.000010 33.061600 7.391182
v 13.999989 33.061699 7.391151
v -6.000010 34.000000 6.927971
v 13.999989 34.000099 6.927952
v -6.000019 34.870399 6.347172
v 13.999989 34.870499 6.347153
v -6.000019 35.656799 5.656773
v 13.999981 35.656898 5.656754
v -6.000019 36.347198 4.870369
v 13.999981 36.347298 4.870350
v -6.000019 36.928001 3.999969
v 13.999981 36.928001 3.999950
v -6.000019 37.391197 3.061569
v 13.999981 37.391296 3.061550
v -6.000019 37.727203 2.070370
v 13.999981 37.727203 2.070347
v -6.000019 37.931198 1.043968
v 13.999981 37.931297 1.043949
v 13.999981 36.000000 -0.000046
v 13.999981 35.948402 -0.783047
v 13.999981 37.931198 -1.044052
v 13.999981 38.000000 -0.000050
v 13.999981 35.795403 -1.552849
v 13.999981 37.727203 -2.070450
v 13.999981 35.543404 -2.296249
v 13.999981 37.391197 -3.061653
v 13.999981 35.195999 -3.000046
v 13.999969 36.928001 -4.000050
v 13.999981 34.760399 -3.652847
v 13.999969 36.347198 -4.870453
v 13.999981 34.242599 -4.242649
v 13.999969 35.656799 -5.656849
v 13.999981 33.652802 -4.760448
v 13.999969 34.870399 -6.347248
v 13.999981 33.000000 -5.196049
v 13.999969 34.000000 -6.928047
v 13.999981 32.296204 -5.543449
v 13.999969 33.061600 -7.391247
v 13.999981 31.552803 -5.795448
v 13.999981 32.070396 -7.727249
v 13.999981 30.782997 -5.948448
v 13.999981 31.043999 -7.931248
v 13.999981 30.000000 -6.000038
v 13.999981 30.000000 -8.000050
v 13.999981 29.217003 -5.948448
v 13.999981 28.956001 -7.931248
v 13.999981 28.447197 -5.795437
v 13.999981 27.929604 -7.727238
v 13.999981 27.703796 -5.543438
v 13.999981 26.938400 -7.391247
v 13.999981 27.000000 -5.196037
v 13.999981 26.000000 -6.928036
v 13.999981 26.347198 -4.760437
v 13.999981 25.129601 -6.347237
v 13.999981 25.757401 -4.242638
v 13.999981 24.343201 -5.656837
v 13.999981 25.239601 -3.652836
v 13.999981 23.652802 -4.870438
v 13.999981 24.804001 -3.000038
v 13.999989 23.071999 -4.000038
v 13.999989 24.456596 -2.296238
v 13.999989 22.608803 -3.061638
v 13.999989 24.204597 -1.552837
v 13.999989 22.272797 -2.070438
v 13.999989 24.051598 -0.783039
v 13.999989 22.068802 -1.044037
v 13.999989 24.000000 -0.000038
v 13.999989 22.000000 -0.000038
v 13.999989 24.051598 0.782963
v 13.999989 22.068802 1.043961
v 13.999989 24.204597 1.552761
v 13.999989 22.272903 2.070362
v 13.999989 24.456596 2.296162
v 14.000000 22.608803 3.061562
v 13.999989 24.804001 2.999962
v 14.000000 23.072098 3.999962
v 13.999989 25.239601 3.652763
v 14.000000 23.652802 4.870361
v 13.999989 25.757500 4.242561
v 14.000000 24.343300 5.656761
v 13.999989 26.347298 4.760361
v 14.000000 25.129700 6.347164
v 13.999989 27.000099 5.195961
v 14.000000 26.000099 6.927963
v 13.999989 27.703796 5.543362
v 14.000000 26.938499 7.391163
v 13.999989 28.447304 5.795361
v 14.000000 27.929604 7.727161
v 13.999989 29.217003 5.948364
v 13.999989 28.956100 7.931164
v 13.999989 30.000099 5.999962
v 13.999989 30.000099 7.999962
v 13.999989 30.783096 5.948353
v 13.999989 31.044098 7.931164
v 13.999989 31.552803 5.795353
v 13.999989 32.070503 7.727161
v 13.999989 32.296204 5.543362
v 13.999989 33.061699 7.391151
v 13.999989 33.000099 5.195953
v 13.999989 34.000099 6.927952
v 13.999981 33.652802 4.760353
v 13.999989 34.870499 6.347153
v 13.999981 34.242699 4.242554
v 13.999981 35.656898 5.656754
v 13.999981 34.760498 3.652752
v 13.999981 36.347298 4.870350
v 13.999981 35.196098 2.999954
v 13.999981 36.928001 3.999950
v 13.999981 35.543404 2.296154
v 13.999981 37.391296 3.061550
v 13.999981 35.795403 1.552753
v 13.999981 37.727203 2.070347
v 13.999981 35.948402 0.782951
v 13.999981 37.931297 1.043949
v -6.000010 15.948402 -0.783009
v -6.000010 16.000000 -0.000008
v 14.000000 16.000000 -0.000027
v 14.000000 15.948402 -0.783028
v -6.000010 15.795403 -1.552807
v 14.000000 15.795403 -1.552826
v -6.000010 15.543404 -2.296207
v 14.000000 15.543404 -2.296227
v -6.000010 15.195999 -3.000008
v 14.000000 15.195999 -3.000027
v -6.000010 14.760399 -3.652809
v 14.000000 14.760399 -3.652828
v -6.000010 14.242599 -4.242607
v 14.000000 14.242599 -4.242626
v -6.000010 13.652802 -4.760406
v 14.000000 13.652802 -4.760429
v -6.000010 13.000000 -5.196007
v 14.000000 13.000000 -5.196026
v -6.000010 12.296204 -5.543407
v 14.000000 12.296204 -5.543427
v -6.000010 11.552803 -5.795406
v 14.000000 11.552803 -5.795429
v -6.000010 10.782997 -5.948406
v 14.000000 10.782997 -5.948429
v -6.000010 10.000000 -6.000008
v 14.000000 10.000000 -6.000027
v -6.000010 9.217018 -5.948406
v 14.000000 9.217041 -5.948429
v -6.000000 8.447212 -5.795399
v 14.000000 8.447243 -5.795429
v -6.000000 7.703812 -5.543407
v 14.000000 7.703842 -5.543427
v -6.000000 7.000023 -5.196007
v 14.000000 7.000038 -5.196018
v -6.000000 6.347214 -4.760406
v 14.000000 6.347237 -4.760418
v -6.000000 5.757423 -4.242599
v 14.000000 5.757439 -4.242619
v -6.000000 5.239616 -3.652798
v 14.000000 5.239639 -3.652817
v -6.000000 4.804024 -2.999996
v 14.000000 4.804039 -3.000019
v -6.000000 4.456619 -2.296196
v 14.000000 4.456642 -2.296219
v -6.000000 4.204620 -1.552799
v 14.000011 4.204643 -1.552818
v -5.999990 4.051620 -0.782997
v 14.000011 4.051643 -0.783016
v -5.999990 4.000023 0.000004
v 14.000011 4.000053 -0.000019
v -5.999990 4.051620 0.783001
v 14.000011 4.051643 0.782982
v -5.999990 4.204620 1.552803
v 14.000011 4.204643 1.552784
v -5.999990 4.456619 2.296204
v 14.000011 4.456642 2.296181
v -5.999990 4.804024 3.000004
v 14.000011 4.804047 2.999981
v -5.999990 5.239616 3.652802
v 14.000011 5.239647 3.652782
v -5.999990 5.757423 4.242603
v 14.000011 5.757446 4.242584
v -5.999990 6.347221 4.760403
v 14.000011 6.347237 4.760384
v -5.999990 7.000023 5.196003
v 14.000011 7.000053 5.195984
v -5.999990 7.703827 5.543404
v 14.000011 7.703850 5.543381
v -5.999990 8.447227 5.795403
v 14.000011 8.447250 5.795383
v -5.999990 9.217033 5.948402
v 14.000011 9.217049 5.948383
v -5.999990 10.000000 5.999992
v 14.000011 10.000000 5.999973
v -5.999990 10.782997 5.948402
v 14.000011 10.783096 5.948372
v -5.999990 11.552803 5.795391
v 14.000011 11.552803 5.795372
v -6.000000 12.296204 5.543392
v 14.000011 12.296204 5.543373
v -6.000000 13.000000 5.195992
v 14.000000 13.000000 5.195972
v -6.000000 13.652802 4.760391
v 14.000000 13.652802 4.760372
v -6.000000 14.242599 4.242592
v 14.000000 14.242599 4.242573
v -6.000000 14.760399 3.652794
v 14.000000 14.760399 3.652771
v -6.000000 15.195999 2.999992
v 14.000000 15.195999 2.999973
v -6.000000 15.543404 2.296192
v 14.000000 15.543404 2.296173
v -6.000000 15.795403 1.552792
v 14.000000 15.795403 1.552773
v -6.000000 15.948402 0.782993
v 14.000000 15.948402 0.782974
v -6.000010 17.931198 -1.044006
v -6.000010 18.000000 -0.000008
v 14.000000 18.000000 -0.000027
v 14.000000 17.931198 -1.044037
v -6.000010 17.727203 -2.070408
v 13.999989 17.727203 -2.070427
v -6.000010 17.391197 -3.061607
v 13.999989 17.391197 -3.061626
v -6.000010 16.928001 -4.000008
v 13.999989 16.928001 -4.000027
v -6.000010 16.347198 -4.870407
v 13.999989 16.347198 -4.870426
v -6.000010 15.656799 -5.656807
v 13.999989 15.656799 -5.656826
v -6.000010 14.870399 -6.347206
v 13.999989 14.870399 -6.347229
v -6.000010 14.000000 -6.928009
v 13.999989 14.000000 -6.928028
v -6.000010 13.061600 -7.391209
v 13.999989 13.061600 -7.391228
v -6.000010 12.070396 -7.727207
v 13.999989 12.070396 -7.727226
v -6.000010 11.043999 -7.931206
v 13.999989 11.043999 -7.931229
v -6.000010 10.000000 -8.000008
v 14.000000 10.000000 -8.000027
v -6.000010 8.956009 -7.931206
v 14.000000 8.956039 -7.931229
v -6.000010 7.929611 -7.727207
v 14.000000 7.929626 -7.727219
v -6.000000 6.938423 -7.391209
v 14.000000 6.938438 -7.391228
v -6.000000 6.000023 -6.927998
v 14.000000 6.000038 -6.928017
v -6.000000 5.129623 -6.347198
v 14.000000 5.129639 -6.347218
v -6.000000 4.343224 -5.656799
v 14.000000 4.343239 -5.656818
v -6.000000 3.652817 -4.870399
v 14.000000 3.652840 -4.870419
v -6.000000 3.072006 -3.999996
v 14.000000 3.072037 -4.000019
v -6.000000 2.608818 -3.061596
v 14.000011 2.608841 -3.061619
v -5.999990 2.272820 -2.070396
v 14.000011 2.272842 -2.070419
v -5.999990 2.068817 -1.043999
v 14.000011 2.068840 -1.044018
v -5.999990 2.000023 0.000004
v 14.000011 2.000053 -0.000019
v -5.999990 2.068817 1.044003
v 14.000011 2.068848 1.043983
v -5.999990 2.272820 2.070404
v 14.000011 2.272842 2.070381
v -5.999990 2.608833 3.061604
v 14.000011 2.608849 3.061581
v -5.999990 3.072021 4.000004
v 14.000011 3.072037 3.999981
v -5.999990 3.652817 4.870403
v 14.000019 3.652847 4.870384
v -5.999990 4.343224 5.656803
v 14.000019 4.343246 5.656784
v -5.999990 5.129623 6.347202
v 14.000019 5.129646 6.347183
v -5.999990 6.000023 6.928001
v 14.000019 6.000053 6.927982
v -5.999990 6.938423 7.391201
v 14.000011 6.938454 7.391182
v -5.999990 7.929626 7.727203
v 14.000011 7.929649 7.727180
v -5.999990 8.956017 7.931202
v 14.000011 8.956047 7.931183
v -5.999990 10.000000 7.999992
v 14.000011 10.000099 7.999973
v -5.999990 11.043999 7.931202
v 14.000011 11.044098 7.931171
v -5.999990 12.070396 7.727192
v 14.000011 12.070396 7.727173
v -5.999990 13.061600 7.391193
v 14.000011 13.061699 7.391171
v -6.000000 14.000000 6.927994
v 14.000011 14.000099 6.927971
v -6.000000 14.870399 6.347191
v 14.000000 14.870499 6.347172
v -6.000000 15.656799 5.656792
v 14.000000 15.656898 5.656773
v -6.000000 16.347198 4.870392
v 14.000000 16.347298 4.870373
v -6.000000 16.928001 3.999992
v 14.000000 16.928001 3.999973
v -6.000000 17.391197 3.061592
v 14.000000 17.391296 3.061573
v -6.000000 17.727203 2.070393
v 14.000000 17.727203 2.070374
v -6.000010 17.931198 1.043983
v 14.000000 17.931198 1.043972
v 14.000000 16.000000 -0.000027
v 14.000000 15.948402 -0.783028
v 14.000000 17.931198 -1.044037
v 14.000000 18.000000 -0.000027
v 14.000000 15.795403 -1.552826
v 13.999989 17.727203 -2.070427
v 14.000000 15.543404 -2.296227
v 13.999989 17.391197 -3.061626
v 14.000000 15.195999 -3.000027
v 13.999989 16.928001 -4.000027
v 14.000000 14.760399 -3.652828
v 13.999989 16.347198 -4.870426
v 14.000000 14.242599 -4.242626
v 13.999989 15.656799 -5.656826
v 14.000000 13.652802 -4.760429
v 13.999989 14.870399 -6.347229
v 14.000000 13.000000 -5.196026
v 13.999989 14.000000 -6.928028
v 14.000000 12.296204 -5.543427
v 13.999989 13.061600 -7.391228
v 14.000000 11.552803 -5.795429
v 13.999989 12.070396 -7.727226
v 14.000000 10.782997 -5.948429
v 13.999989 11.043999 -7.931229
v 14.000000 10.000000 -6.000027
v 14.000000 10.000000 -8.000027
v 14.000000 9.217041 -5.948429
v 14.000000 8.956039 -7.931229
v 14.000000 8.447243 -5.795429
v 14.000000 7.929626 -7.727219
v 14.000000 7.703842 -5.543427
v 14.000000 6.938438 -7.391228
v 14.000000 7.000038 -5.196018
v 14.000000 6.000038 -6.928017
v 14.000000 6.347237 -4.760418
v 14.000000 5.129639 -6.347218
v 14.000000 5.757439 -4.242619
v 14.000000 4.343239 -5.656818
v 14.000000 5.239639 -3.652817
v 14.000000 3.652840 -4.870419
v 14.000000 4.804039 -3.000019
v 14.000000 3.072037 -4.000019
v 14.000000 4.456642 -2.296219
v 14.000011 2.608841 -3.061619
v 14.000011 4.204643 -1.552818
v 14.000011 2.272842 -2.070419
v 14.000011 4.051643 -0.783016
v 14.000011 2.068840 -1.044018
v 14.000011 4.000053 -0.000019
v 14.000011 2.000053 -0.000019
v 14.000011 4.051643 0.782982
v 14.000011 2.068848 1.043983
v 14.000011 4.204643 1.552784
v 14.000011 2.272842 2.070381
v 14.000011 4.456642 2.296181
v 14.000011 2.608849 3.061581
v 14.000011 4.804047 2.999981
v 14.000011 3.072037 3.999981
v 14.000011 5.239647 3.652782
v 14.000019 3.652847 4.870384
v 14.000011 5.757446 4.242584
v 14.000019 4.343246 5.656784
v 14.000011 6.347237 4.760384
v 14.000019 5.129646 6.347183
v 14.000011 7.000053 5.195984
v 14.000019 6.000053 6.927982
v 14.000011 7.703850 5.543381
v 14.000011 6.938454 7.391182
v 14.000011 8.447250 5.795383
v 14.000011 7.929649 7.727180
v 14.000011 9.217049 5.948383
v 14.000011 8.956047 7.931183
v 14.000011 10.000000 5.999973
v 14.000011 10.000099 7.999973
v 14.000011 10.783096 5.948372
v 14.000011 11.044098 7.931171
v 14.000011 11.552803 5.795372
v 14.000011 12.070396 7.727173
v 14.000011 12.296204 5.543373
v 14.000011 13.061699 7.391171
v 14.000000 13.000000 5.195972
v 14.000011 14.000099 6.927971
v 14.000000 13.652802 4.760372
v 14.000000 14.870499 6.347172
v 14.000000 14.242599 4.242573
v 14.000000 15.656898 5.656773
v 14.000000 14.760399 3.652771
v 14.000000 16.347298 4.870373
v 14.000000 15.195999 2.999973
v 14.000000 16.928001 3.999973
v 14.000000 15.543404 2.296173
v 14.000000 17.391296 3.061573
v 14.000000 15.795403 1.552773
v 14.000000 17.727203 2.070374
v 14.000000 15.948402 0.782974
v 14.000000 17.931198 1.043972
v -5.999990 -4.051582 -0.782990
v -5.999990 -3.999977 0.000011
v 14.000019 -3.999947 -0.000008
v 14.000019 -4.051559 -0.783009
v -5.999990 -4.204582 -1.552788
v 14.000019 -4.204559 -1.552807
v -5.999990 -4.456581 -2.296188
v 14.000019 -4.456558 -2.296207
v -5.999990 -4.803993 -2.999989
v 14.000011 -4.803963 -3.000008
v -5.999990 -5.239594 -3.652786
v 14.000011 -5.239563 -3.652809
v -5.999990 -5.757393 -4.242588
v 14.000011 -5.757362 -4.242607
v -5.999990 -6.347183 -4.760387
v 14.000011 -6.347160 -4.760406
v -5.999990 -6.999977 -5.195988
v 14.000011 -6.999962 -5.196007
v -5.999990 -7.703789 -5.543388
v 14.000011 -7.703773 -5.543407
v -5.999990 -8.447189 -5.795387
v 14.000019 -8.447166 -5.795406
v -5.999990 -9.216988 -5.948387
v 14.000019 -9.216957 -5.948406
v -5.999990 -9.999977 -5.999989
v 14.000019 -9.999962 -6.000008
v -5.999990 -10.782990 -5.948387
v 14.000019 -10.782967 -5.948406
v -5.999990 -11.552788 -5.795387
v 14.000019 -11.552757 -5.795406
v -5.999981 -12.296188 -5.543388
v 14.000019 -12.296173 -5.543407
v -5.999981 -12.999977 -5.195988
v 14.000019 -12.999962 -5.196007
v -5.999981 -13.652786 -4.760387
v 14.000019 -13.652763 -4.760406
v -5.999981 -14.242577 -4.242584
v 14.000019 -14.242561 -4.242603
v -5.999981 -14.760384 -3.652775
v 14.000019 -14.760361 -3.652794
v -5.999981 -15.195976 -2.999973
v 14.000019 -15.195961 -2.999992
v -5.999981 -15.543388 -2.296173
v 14.000019 -15.543358 -2.296192
v -5.999981 -15.795387 -1.552773
v 14.000019 -15.795357 -1.552795
v -5.999981 -15.948387 -0.782974
v 14.000031 -15.948357 -0.782993
v -5.999981 -15.999977 0.000027
v 14.000031 -15.999962 0.000008
v -5.999981 -15.948380 0.783028
v 14.000031 -15.948357 0.783005
v -5.999981 -15.795380 1.552826
v 14.000031 -15.795357 1.552807
v -5.999981 -15.543381 2.296227
v 14.000031 -15.543358 2.296207
v -5.999969 -15.195976 3.000027
v 14.000031 -15.195953 3.000008
v -5.999969 -14.760384 3.652824
v 14.000031 -14.760353 3.652805
v -5.999969 -14.242577 4.242626
v 14.000031 -14.242554 4.242607
v -5.999969 -13.652779 4.760422
v 14.000031 -13.652763 4.760403
v -5.999969 -12.999977 5.196022
v 14.000031 -12.999947 5.196003
v -5.999969 -12.296181 5.543423
v 14.000031 -12.296150 5.543392
v -5.999981 -11.552780 5.795422
v 14.000031 -11.552750 5.795403
v -5.999981 -10.782967 5.948421
v 14.000031 -10.782951 5.948391
v -5.999981 -9.999977 6.000011
v 14.000031 -9.999947 5.999992
v -5.999981 -9.216972 5.948414
v 14.000031 -9.216949 5.948391
v -5.999981 -8.447166 5.795414
v 14.000031 -8.447151 5.795391
v -5.999981 -7.703773 5.543411
v 14.000019 -7.703751 5.543392
v -5.999981 -6.999977 5.196011
v 14.000019 -6.999947 5.195992
v -5.999981 -6.347183 4.760414
v 14.000019 -6.347153 4.760391
v -5.999981 -5.757378 4.242611
v 14.000019 -5.757347 4.242592
v -5.999981 -5.239578 3.652813
v 14.000019 -5.239563 3.652794
v -5.999981 -4.803978 3.000011
v 14.000019 -4.803963 2.999992
v -5.999981 -4.456581 2.296211
v 14.000019 -4.456558 2.296192
v -5.999981 -4.204582 1.552811
v 14.000019 -4.204559 1.552792
v -5.999990 -4.051582 0.783012
v 14.000019 -4.051559 0.782993
v -5.999990 -2.068779 -1.043999
v -5.999990 -1.999977 0.000011
v 14.000019 -1.999947 -0.000008
v 14.000011 -2.068764 -1.044018
v -5.999990 -2.272781 -2.070389
v 14.000011 -2.272758 -2.070408
v -5.999990 -2.608788 -3.061588
v 14.000011 -2.608757 -3.061619
v -5.999990 -3.071983 -3.999989
v 14.000011 -3.071960 -4.000008
v -5.999990 -3.652786 -4.870388
v 14.000011 -3.652763 -4.870407
v -5.999990 -4.343193 -5.656788
v 14.000011 -4.343163 -5.656807
v -5.999990 -5.129593 -6.347187
v 14.000011 -5.129562 -6.347206
v -5.999990 -5.999977 -6.927986
v 14.000011 -5.999962 -6.928017
v -5.999990 -6.938393 -7.391186
v 14.000011 -6.938362 -7.391209
v -5.999990 -7.929588 -7.727188
v 14.000011 -7.929573 -7.727207
v -5.999990 -8.955994 -7.931187
v 14.000011 -8.955963 -7.931206
v -5.999990 -9.999992 -7.999989
v 14.000011 -9.999969 -8.000006
v -5.999990 -11.043991 -7.931187
v 14.000019 -11.043968 -7.931206
v -5.999990 -12.070389 -7.727188
v 14.000019 -12.070374 -7.727207
v -5.999990 -13.061592 -7.391186
v 14.000019 -13.061562 -7.391209
v -5.999981 -13.999992 -6.927979
v 14.000019 -13.999962 -6.928009
v -5.999981 -14.870392 -6.347183
v 14.000019 -14.870361 -6.347195
v -5.999981 -15.656776 -5.656773
v 14.000019 -15.656761 -5.656803
v -5.999981 -16.347191 -4.870373
v 14.000019 -16.347160 -4.870396
v -5.999981 -16.927994 -3.999973
v 14.000019 -16.927963 -3.999992
v -5.999981 -17.391190 -3.061573
v 14.000019 -17.391167 -3.061592
v -5.999981 -17.727188 -2.070374
v 14.000031 -17.727158 -2.070393
v -5.999981 -17.931183 -1.043972
v 14.000031 -17.931160 -1.043995
v -5.999981 -17.999977 0.000027
v 14.000031 -17.999962 0.000008
v -5.999969 -17.931183 1.044025
v 14.000031 -17.931160 1.044006
v -5.999969 -17.727180 2.070427
v 14.000031 -17.727158 2.070408
v -5.999969 -17.391182 3.061626
v 14.000031 -17.391159 3.061607
v -5.999969 -16.927979 4.000027
v 14.000031 -16.927963 4.000008
v -5.999969 -16.347183 4.870426
v 14.000031 -16.347153 4.870407
v -5.999969 -15.656776 5.656826
v 14.000031 -15.656754 5.656807
v -5.999969 -14.870377 6.347225
v 14.000031 -14.870354 6.347206
v -5.999969 -13.999977 6.928020
v 14.000031 -13.999947 6.928001
v -5.999969 -13.061577 7.391224
v 14.000031 -13.061546 7.391193
v -5.999969 -12.070374 7.727222
v 14.000031 -12.070351 7.727203
v -5.999969 -11.043983 7.931213
v 14.000031 -11.043953 7.931202
v -5.999969 -9.999977 8.000011
v 14.000031 -9.999947 7.999992
v -5.999981 -8.955971 7.931213
v 14.000031 -8.955948 7.931190
v -5.999981 -7.929573 7.727211
v 14.000031 -7.929550 7.727192
v -5.999981 -6.938377 7.391212
v 14.000031 -6.938347 7.391193
v -5.999981 -5.999977 6.928013
v 14.000019 -5.999947 6.927994
v -5.999981 -5.129578 6.347214
v 14.000019 -5.129547 6.347191
v -5.999981 -4.343178 5.656811
v 14.000019 -4.343147 5.656792
v -5.999981 -3.652779 4.870411
v 14.000019 -3.652763 4.870392
v -5.999981 -3.071983 4.000011
v 14.000019 -3.071953 3.999992
v -5.999981 -2.608780 3.061604
v 14.000019 -2.608757 3.061592
v -5.999990 -2.272781 2.070412
v 14.000019 -2.272758 2.070393
v -5.999990 -2.068779 1.044003
v 14.000019 -2.068764 1.043983
v 14.000019 -3.999947 -0.000008
v 14.000019 -4.051559 -0.783009
v 14.000011 -2.068764 -1.044018
v 14.000019 -1.999947 -0.000008
v 14.000019 -4.204559 -1.552807
v 14.000011 -2.272758 -2.070408
v 14.000019 -4.456558 -2.296207
v 14.000011 -2.608757 -3.061619
v 14.000011 -4.803963 -3.000008
v 14.000011 -3.071960 -4.000008
v 14.000011 -5.239563 -3.652809
v 14.000011 -3.652763 -4.870407
v 14.000011 -5.757362 -4.242607
v 14.000011 -4.343163 -5.656807
v 14.000011 -6.347160 -4.760406
v 14.000011 -5.129562 -6.347206
v 14.000011 -6.999962 -5.196007
v 14.000011 -5.999962 -6.928017
v 14.000011 -7.703773 -5.543407
v 14.000011 -6.938362 -7.391209
v 14.000019 -8.447166 -5.795406
v 14.000011 -7.929573 -7.727207
v 14.000019 -9.216957 -5.948406
v 14.000011 -8.955963 -7.931206
v 14.000019 -9.999962 -6.000008
v 14.000011 -9.999969 -8.000006
v 14.000019 -10.782967 -5.948406
v 14.000019 -11.043968 -7.931206
v 14.000019 -11.552757 -5.795406
v 14.000019 -12.070374 -7.727207
v 14.000019 -12.296173 -5.543407
v 14.000019 -13.061562 -7.391209
v 14.000019 -12.999962 -5.196007
v 14.000019 -13.999962 -6.928009
v 14.000019 -13.652763 -4.760406
v 14.000019 -14.870361 -6.347195
v 14.000019 -14.242561 -4.242603
v 14.000019 -15.656761 -5.656803
v 14.000019 -14.760361 -3.652794
v 14.000019 -16.347160 -4.870396
v 14.000019 -15.195961 -2.999992
v 14.000019 -16.927963 -3.999992
v 14.000019 -15.543358 -2.296192
v 14.000019 -17.391167 -3.061592
v 14.000019 -15.795357 -1.552795
v 14.000031 -17.727158 -2.070393
v 14.000031 -15.948357 -0.782993
v 14.000031 -17.931160 -1.043995
v 14.000031 -15.999962 0.000008
v 14.000031 -17.999962 0.000008
v 14.000031 -15.948357 0.783005
v 14.000031 -17.931160 1.044006
v 14.000031 -15.795357 1.552807
v 14.000031 -17.727158 2.070408
v 14.000031 -15.543358 2.296207
v 14.000031 -17.391159 3.061607
v 14.000031 -15.195953 3.000008
v 14.000031 -16.927963 4.000008
v 14.000031 -14.760353 3.652805
v 14.000031 -16.347153 4.870407
v 14.000031 -14.242554 4.242607
v 14.000031 -15.656754 5.656807
v 14.000031 -13.652763 4.760403
v 14.000031 -14.870354 6.347206
v 14.000031 -12.999947 5.196003
v 14.000031 -13.999947 6.928001
v 14.000031 -12.296150 5.543392
v 14.000031 -13.061546 7.391193
v 14.000031 -11.552750 5.795403
v 14.000031 -12.070351 7.727203
v 14.000031 -10.782951 5.948391
v 14.000031 -11.043953 7.931202
v 14.000031 -9.999947 5.999992
v 14.000031 -9.999947 7.999992
v 14.000031 -9.216949 5.948391
v 14.000031 -8.955948 7.931190
v 14.000031 -8.447151 5.795391
v 14.000031 -7.929550 7.727192
v 14.000019 -7.703751 5.543392
v 14.000031 -6.938347 7.391193
v 14.000019 -6.999947 5.195992
v 14.000019 -5.999947 6.927994
v 14.000019 -6.347153 4.760391
v 14.000019 -5.129547 6.347191
v 14.000019 -5.757347 4.242592
v 14.000019 -4.343147 5.656792
v 14.000019 -5.239563 3.652794
v 14.000019 -3.652763 4.870392
v 14.000019 -4.803963 2.999992
v 14.000019 -3.071953 3.999992
v 14.000019 -4.456558 2.296192
v 14.000019 -2.608757 3.061592
v 14.000019 -4.204559 1.552792
v 14.000019 -2.272758 2.070393
v 14.000019 -4.051559 0.782993
v 14.000019 -2.068764 1.043983
v -5.999969 -24.051590 -0.782974
v -5.999969 -23.999977 0.000027
v 14.000031 -23.999962 0.000015
v 14.000031 -24.051559 -0.782993
v -5.999969 -24.204590 -1.552765
v 14.000031 -24.204559 -1.552784
v -5.999969 -24.456589 -2.296173
v 14.000031 -24.456573 -2.296185
v -5.999969 -24.803993 -2.999973
v 14.000031 -24.803963 -2.999985
v -5.999969 -25.239594 -3.652763
v 14.000031 -25.239563 -3.652794
v -5.999969 -25.757393 -4.242573
v 14.000031 -25.757362 -4.242584
v -5.999969 -26.347187 -4.760365
v 14.000031 -26.347157 -4.760384
v -5.999969 -26.999985 -5.195965
v 14.000031 -26.999966 -5.195984
v -5.999969 -27.703785 -5.543365
v 14.000031 -27.703766 -5.543385
v -5.999969 -28.447186 -5.795364
v 14.000031 -28.447166 -5.795383
v -5.999969 -29.216988 -5.948364
v 14.000031 -29.216957 -5.948383
v -5.999969 -29.999985 -5.999966
v 14.000031 -29.999966 -5.999985
v -5.999969 -30.782986 -5.948364
v 14.000031 -30.782967 -5.948383
v -5.999969 -31.552788 -5.795364
v 14.000031 -31.552757 -5.795383
v -5.999969 -32.296185 -5.543365
v 14.000031 -32.296165 -5.543385
v -5.999969 -32.999985 -5.195965
v 14.000031 -32.999966 -5.195984
v -5.999969 -33.652786 -4.760365
v 14.000038 -33.652767 -4.760384
v -5.999960 -34.242588 -4.242565
v 14.000038 -34.242565 -4.242584
v -5.999960 -34.760387 -3.652763
v 14.000038 -34.760357 -3.652775
v -5.999960 -35.195988 -2.999954
v 14.000038 -35.195957 -2.999985
v -5.999960 -35.543385 -2.296154
v 14.000038 -35.543358 -2.296185
v -5.999960 -35.795387 -1.552753
v 14.000038 -35.795357 -1.552784
v -5.999960 -35.948376 -0.782963
v 14.000038 -35.948357 -0.782974
v -5.999960 -35.999977 0.000046
v 14.000050 -35.999958 0.000027
v -5.999960 -35.948376 0.783047
v 14.000050 -35.948357 0.783016
v -5.999960 -35.795376 1.552845
v 14.000050 -35.795357 1.552826
v -5.999960 -35.543377 2.296246
v 14.000050 -35.543358 2.296227
v -5.999960 -35.195976 3.000046
v 14.000050 -35.195957 3.000027
v -5.999960 -34.760376 3.652847
v 14.000050 -34.760357 3.652817
v -5.999960 -34.242577 4.242645
v 14.000050 -34.242558 4.242626
v -5.999960 -33.652775 4.760437
v 14.000050 -33.652756 4.760426
v -5.999960 -32.999977 5.196037
v 14.000050 -32.999958 5.196026
v -5.999960 -32.296177 5.543438
v 14.000050 -32.296146 5.543415
v -5.999960 -31.552776 5.795437
v 14.000050 -31.552746 5.795418
v -5.999960 -30.782978 5.948437
v 14.000050 -30.782955 5.948418
v -5.999960 -29.999977 6.000034
v 14.000050 -29.999947 6.000015
v -5.999960 -29.216976 5.948437
v 14.000050 -29.216946 5.948418
v -5.999960 -28.447178 5.795437
v 14.000038 -28.447147 5.795418
v -5.999960 -27.703777 5.543438
v 14.000038 -27.703747 5.543415
v -5.999960 -26.999977 5.196037
v 14.000038 -26.999947 5.196014
v -5.999960 -26.347176 4.760437
v 14.000038 -26.347145 4.760418
v -5.999960 -25.757378 4.242638
v 14.000038 -25.757347 4.242615
v -5.999960 -25.239578 3.652836
v 14.000038 -25.239563 3.652817
v -5.999969 -24.803993 3.000027
v 14.000038 -24.803963 3.000015
v -5.999969 -24.456581 2.296227
v 14.000031 -24.456558 2.296215
v -5.999969 -24.204582 1.552826
v 14.000031 -24.204559 1.552807
v -5.999969 -24.051582 0.783035
v 14.000031 -24.051559 0.783016
v -5.999969 -22.068787 -1.043972
v -5.999969 -21.999977 0.000027
v 14.000031 -21.999962 0.000008
v 14.000031 -22.068764 -1.043995
v -5.999969 -22.272789 -2.070374
v 14.000031 -22.272774 -2.070393
v -5.999969 -22.608788 -3.061573
v 14.000031 -22.608757 -3.061592
v -5.999969 -23.071983 -3.999973
v 14.000031 -23.071960 -3.999992
v -5.999981 -23.652786 -4.870373
v 14.000031 -23.652763 -4.870396
v -5.999981 -24.343193 -5.656765
v 14.000031 -24.343163 -5.656796
v -5.999981 -25.129593 -6.347164
v 14.000031 -25.129570 -6.347195
v -5.999981 -25.999992 -6.927963
v 14.000031 -25.999969 -6.927994
v -5.999969 -26.938385 -7.391163
v 14.000031 -26.938366 -7.391193
v -5.999969 -27.929585 -7.727173
v 14.000031 -27.929565 -7.727184
v -5.999969 -28.955986 -7.931164
v 14.000031 -28.955967 -7.931183
v -5.999969 -29.999985 -7.999966
v 14.000031 -29.999966 -7.999985
v -5.999969 -31.043987 -7.931164
v 14.000031 -31.043964 -7.931183
v -5.999969 -32.070385 -7.727165
v 14.000031 -32.070366 -7.727184
v -5.999969 -33.061584 -7.391163
v 14.000031 -33.061565 -7.391182
v -5.999969 -33.999985 -6.927963
v 14.000031 -33.999966 -6.927982
v -5.999969 -34.870388 -6.347164
v 14.000038 -34.870365 -6.347183
v -5.999960 -35.656788 -5.656765
v 14.000038 -35.656757 -5.656784
v -5.999960 -36.347187 -4.870354
v 14.000038 -36.347157 -4.870384
v -5.999960 -36.927986 -3.999954
v 14.000038 -36.927967 -3.999973
v -5.999960 -37.391186 -3.061554
v 14.000038 -37.391167 -3.061573
v -5.999960 -37.727184 -2.070354
v 14.000038 -37.727158 -2.070374
v -5.999960 -37.931175 -1.043953
v 14.000050 -37.931156 -1.043972
v -5.999960 -37.999977 0.000046
v 14.000050 -37.999958 0.000027
v -5.999960 -37.931175 1.044044
v 14.000050 -37.931156 1.044025
v -5.999950 -37.727177 2.070446
v 14.000050 -37.727158 2.070427
v -5.999950 -37.391174 3.061646
v 14.000050 -37.391155 3.061626
v -5.999950 -36.927975 4.000046
v 14.000050 -36.927956 4.000027
v -5.999950 -36.347176 4.870445
v 14.000050 -36.347157 4.870426
v -5.999950 -35.656776 5.656845
v 14.000050 -35.656757 5.656826
v -5.999950 -34.870377 6.347237
v 14.000050 -34.870346 6.347225
v -5.999950 -33.999977 6.928047
v 14.000050 -33.999947 6.928017
v -5.999950 -33.061577 7.391235
v 14.000050 -33.061546 7.391216
v -5.999950 -32.070377 7.727245
v 14.000050 -32.070347 7.727215
v -5.999950 -31.043976 7.931236
v 14.000050 -31.043945 7.931217
v -5.999960 -29.999977 8.000034
v 14.000050 -29.999947 8.000015
v -5.999960 -28.955975 7.931236
v 14.000050 -28.955956 7.931217
v -5.999960 -27.929577 7.727238
v 14.000050 -27.929546 7.727215
v -5.999960 -26.938377 7.391235
v 14.000038 -26.938347 7.391216
v -5.999960 -25.999977 6.928036
v 14.000038 -25.999947 6.928017
v -5.999960 -25.129578 6.347237
v 14.000038 -25.129547 6.347218
v -5.999960 -24.343178 5.656837
v 14.000038 -24.343147 5.656807
v -5.999960 -23.652779 4.870426
v 14.000038 -23.652763 4.870407
v -5.999969 -23.071983 4.000027
v 14.000038 -23.071953 4.000015
v -5.999969 -22.608780 3.061626
v 14.000031 -22.608757 3.061607
v -5.999969 -22.272781 2.070427
v 14.000031 -22.272758 2.070408
v -5.999969 -22.068787 1.044025
v 14.000031 -22.068764 1.044006
v 14.000031 -23.999962 0.000015
v 14.000031 -24.051559 -0.782993
v 14.000031 -22.068764 -1.043995
v 14.000031 -21.999962 0.000008
v 14.000031 -24.204559 -1.552784
v 14.000031 -22.272774 -2.070393
v 14.000031 -24.456573 -2.296185
v 14.000031 -22.608757 -3.061592
v 14.000031 -24.803963 -2.999985
v 14.000031 -23.071960 -3.999992
v 14.000031 -25.239563 -3.652794
v 14.000031 -23.652763 -4.870396
v 14.000031 -25.757362 -4.242584
v 14.000031 -24.343163 -5.656796
v 14.000031 -26.347157 -4.760384
v 14.000031 -25.129570 -6.347195
v 14.000031 -26.999966 -5.195984
v 14.000031 -25.999969 -6.927994
v 14.000031 -27.703766 -5.543385
v 14.000031 -26.938366 -7.391193
v 14.000031 -28.447166 -5.795383
v 14.000031 -27.929565 -7.727184
v 14.000031 -29.216957 -5.948383
v 14.000031 -28.955967 -7.931183
v 14.000031 -29.999966 -5.999985
v 14.000031 -29.999966 -7.999985
v 14.000031 -30.782967 -5.948383
v 14.000031 -31.043964 -7.931183
v 14.000031 -31.552757 -5.795383
v 14.000031 -32.070366 -7.727184
v 14.000031 -32.296165 -5.543385
v 14.000031 -33.061565 -7.391182
v 14.000031 -32.999966 -5.195984
v 14.000031 -33.999966 -6.927982
v 14.000038 -33.652767 -4.760384
v 14.000038 -34.870365 -6.347183
v 14.000038 -34.242565 -4.242584
v 14.000038 -35.656757 -5.656784
v 14.000038 -34.760357 -3.652775
v 14.000038 -36.347157 -4.870384
v 14.000038 -35.195957 -2.999985
v 14.000038 -36.927967 -3.999973
v 14.000038 -35.543358 -2.296185
v 14.000038 -37.391167 -3.061573
v 14.000038 -35.795357 -1.552784
v 14.000038 -37.727158 -2.070374
v 14.000038 -35.948357 -0.782974
v 14.000050 -37.931156 -1.043972
v 14.000050 -35.999958 0.000027
v 14.000050 -37.999958 0.000027
v 14.000050 -35.948357 0.783016
v 14.000050 -37.931156 1.044025
v 14.000050 -35.795357 1.552826
v 14.000050 -37.727158 2.070427
v 14.000050 -35.543358 2.296227
v 14.000050 -37.391155 3.061626
v 14.000050 -35.195957 3.000027
v 14.000050 -36.927956 4.000027
v 14.000050 -34.760357 3.652817
v 14.000050 -36.347157 4.870426
v 14.000050 -34.242558 4.242626
v 14.000050 -35.656757 5.656826
v 14.000050 -33.652756 4.760426
v 14.000050 -34.870346 6.347225
v 14.000050 -32.999958 5.196026
v 14.000050 -33.999947 6.928017
v 14.000050 -32.296146 5.543415
v 14.000050 -33.061546 7.391216
v 14.000050 -31.552746 5.795418
v 14.000050 -32.070347 7.727215
v 14.000050 -30.782955 5.948418
v 14.000050 -31.043945 7.931217
v 14.000050 -29.999947 6.000015
v 14.000050 -29.999947 8.000015
v 14.000050 -29.216946 5.948418
v 14.000050 -28.955956 7.931217
v 14.000038 -28.447147 5.795418
v 14.000050 -27.929546 7.727215
v 14.000038 -27.703747 5.543415
v 14.000038 -26.938347 7.391216
v 14.000038 -26.999947 5.196014
v 14.000038 -25.999947 6.928017
v 14.000038 -26.347145 4.760418
v 14.000038 -25.129547 6.347218
v 14.000038 -25.757347 4.242615
v 14.000038 -24.343147 5.656807
v 14.000038 -25.239563 3.652817
v 14.000038 -23.652763 4.870407
v 14.000038 -24.803963 3.000015
v 14.000038 -23.071953 4.000015
v 14.000031 -24.456558 2.296215
v 14.000031 -22.608757 3.061607
v 14.000031 -24.204559 1.552807
v 14.000031 -22.272758 2.070408
v 14.000031 -24.051559 0.783016
v 14.000031 -22.068764 1.044006
v -5.999950 -44.051586 -0.782955
v -5.999950 -43.999977 0.000046
v 14.000050 -43.999958 0.000027
v 14.000050 -44.051556 -0.782974
v -5.999950 -44.204586 -1.552753
v 14.000050 -44.204567 -1.552773
v -5.999950 -44.456585 -2.296154
v 14.000050 -44.456566 -2.296173
v -5.999950 -44.803986 -2.999954
v 14.000050 -44.803967 -2.999973
v -5.999950 -45.239586 -3.652752
v 14.000050 -45.239567 -3.652775
v -5.999950 -45.757385 -4.242554
v 14.000050 -45.757366 -4.242573
v -5.999950 -46.347187 -4.760353
v 14.000050 -46.347157 -4.760365
v -5.999950 -46.999985 -5.195953
v 14.000050 -46.999966 -5.195965
v -5.999950 -47.703785 -5.543354
v 14.000050 -47.703766 -5.543373
v -5.999950 -48.447186 -5.795353
v 14.000050 -48.447166 -5.795364
v -5.999950 -49.216988 -5.948353
v 14.000050 -49.216965 -5.948364
v -5.999950 -49.999985 -5.999943
v 14.000050 -49.999966 -5.999966
v -5.999950 -50.782986 -5.948345
v 14.000050 -50.782967 -5.948364
v -5.999950 -51.552788 -5.795345
v 14.000050 -51.552765 -5.795364
v -5.999950 -52.296185 -5.543343
v 14.000050 -52.296165 -5.543365
v -5.999950 -52.999985 -5.195942
v 14.000050 -52.999966 -5.195965
v -5.999950 -53.652786 -4.760345
v 14.000050 -53.652767 -4.760365
v -5.999950 -54.242588 -4.242542
v 14.000061 -54.242565 -4.242565
v -5.999941 -54.760387 -3.652744
v 14.000061 -54.760357 -3.652763
v -5.999941 -55.195988 -2.999943
v 14.000061 -55.195957 -2.999966
v -5.999941 -55.543377 -2.296143
v 14.000061 -55.543358 -2.296165
v -5.999941 -55.795387 -1.552742
v 14.000061 -55.795364 -1.552765
v -5.999941 -55.948387 -0.782944
v 14.000061 -55.948368 -0.782963
v -5.999941 -55.999985 0.000057
v 14.000061 -55.999966 0.000034
v -5.999941 -55.948387 0.783066
v 14.000061 -55.948357 0.783035
v -5.999941 -55.795387 1.552856
v 14.000061 -55.795357 1.552845
v -5.999941 -55.543377 2.296257
v 14.000061 -55.543358 2.296246
v -5.999941 -55.195976 3.000057
v 14.000061 -55.195957 3.000034
v -5.999941 -54.760376 3.652855
v 14.000061 -54.760357 3.652836
v -5.999941 -54.242577 4.242657
v 14.000061 -54.242558 4.242638
v -5.999941 -53.652786 4.760456
v 14.000061 -53.652756 4.760437
v -5.999941 -52.999977 5.196056
v 14.000061 -52.999958 5.196037
v -5.999941 -52.296177 5.543457
v 14.000061 -52.296158 5.543438
v -5.999941 -51.552776 5.795456
v 14.000061 -51.552757 5.795437
v -5.999941 -50.782978 5.948456
v 14.000061 -50.782955 5.948437
v -5.999941 -49.999977 6.000057
v 14.000061 -49.999958 6.000034
v -5.999941 -49.216976 5.948456
v 14.000061 -49.216957 5.948437
v -5.999941 -48.447178 5.795456
v 14.000061 -48.447155 5.795437
v -5.999941 -47.703777 5.543457
v 14.000061 -47.703754 5.543438
v -5.999941 -46.999977 5.196056
v 14.000061 -46.999958 5.196037
v -5.999941 -46.347176 4.760456
v 14.000061 -46.347157 4.760437
v -5.999941 -45.757378 4.242657
v 14.000061 -45.757355 4.242626
v -5.999950 -45.239586 3.652847
v 14.000061 -45.239555 3.652836
v -5.999950 -44.803986 3.000046
v 14.000050 -44.803955 3.000027
v -5.999950 -44.456577 2.296246
v 14.000050 -44.456554 2.296227
v -5.999950 -44.204586 1.552845
v 14.000050 -44.204556 1.552826
v -5.999950 -44.051586 0.783047
v 14.000050 -44.051556 0.783028
v -5.999950 -42.068787 -1.043953
v -5.999950 -41.999977 0.000046
v 14.000050 -41.999958 0.000027
v 14.000050 -42.068756 -1.043972
v -5.999950 -42.272785 -2.070354
v 14.000050 -42.272766 -2.070374
v -5.999960 -42.608788 -3.061554
v 14.000050 -42.608757 -3.061573
v -5.999960 -43.071987 -3.999954
v 14.000050 -43.071957 -3.999973
v -5.999960 -43.652786 -4.870354
v 14.000050 -43.652767 -4.870373
v -5.999960 -44.343185 -5.656754
v 14.000050 -44.343166 -5.656773
v -5.999960 -45.129585 -6.347153
v 14.000050 -45.129566 -6.347176
v -5.999960 -45.999985 -6.927956
v 14.000050 -45.999966 -6.927975
v -5.999960 -46.938385 -7.391155
v 14.000050 -46.938366 -7.391174
v -5.999960 -47.929585 -7.727154
v 14.000050 -47.929565 -7.727173
v -5.999950 -48.955986 -7.931145
v 14.000050 -48.955967 -7.931164
v -5.999950 -49.999996 -7.999943
v 14.000050 -49.999966 -7.999966
v -5.999950 -51.043987 -7.931145
v 14.000050 -51.043964 -7.931164
v -5.999950 -52.070396 -7.727142
v 14.000050 -52.070366 -7.727165
v -5.999950 -53.061584 -7.391144
v 14.000050 -53.061565 -7.391163
v -5.999950 -53.999985 -6.927944
v 14.000050 -53.999966 -6.927963
v -5.999950 -54.870388 -6.347145
v 14.000050 -54.870365 -6.347164
v -5.999950 -55.656788 -5.656742
v 14.000061 -55.656765 -5.656765
v -5.999941 -56.347187 -4.870342
v 14.000061 -56.347168 -4.870365
v -5.999941 -56.927986 -3.999943
v 14.000061 -56.927967 -3.999966
v -5.999941 -57.391186 -3.061535
v 14.000061 -57.391155 -3.061554
v -5.999941 -57.727184 -2.070343
v 14.000061 -57.727165 -2.070354
v -5.999941 -57.931187 -1.043934
v 14.000061 -57.931156 -1.043953
v -5.999941 -57.999985 0.000057
v 14.000061 -57.999966 0.000046
v -5.999941 -57.931187 1.044067
v 14.000061 -57.931156 1.044037
v -5.999941 -57.727184 2.070465
v 14.000061 -57.727165 2.070446
v -5.999941 -57.391174 3.061657
v 14.000061 -57.391155 3.061646
v -5.999941 -56.927986 4.000057
v 14.000061 -56.927956 4.000046
v -5.999941 -56.347176 4.870457
v 14.000069 -56.347157 4.870445
v -5.999941 -55.656776 5.656857
v 14.000069 -55.656757 5.656845
v -5.999941 -54.870377 6.347256
v 14.000069 -54.870358 6.347237
v -5.999941 -53.999977 6.928055
v 14.000069 -53.999958 6.928036
v -5.999941 -53.061577 7.391254
v 14.000061 -53.061558 7.391235
v -5.999941 -52.070377 7.727257
v 14.000061 -52.070354 7.727238
v -5.999941 -51.043976 7.931255
v 14.000061 -51.043957 7.931236
v -5.999941 -49.999977 8.000057
v 14.000061 -49.999947 8.000034
v -5.999941 -48.955975 7.931255
v 14.000061 -48.955956 7.931236
v -5.999941 -47.929577 7.727257
v 14.000061 -47.929546 7.727238
v -5.999941 -46.938377 7.391254
v 14.000061 -46.938354 7.391235
v -5.999941 -45.999977 6.928047
v 14.000061 -45.999958 6.928036
v -5.999941 -45.129578 6.347256
v 14.000061 -45.129555 6.347237
v -5.999941 -44.343178 5.656845
v 14.000061 -44.343155 5.656826
v -5.999950 -43.652775 4.870445
v 14.000061 -43.652756 4.870426
v -5.999950 -43.071976 4.000046
v 14.000050 -43.071957 4.000027
v -5.999950 -42.608776 3.061646
v 14.000050 -42.608757 3.061626
v -5.999950 -42.272785 2.070446
v 14.000050 -42.272755 2.070427
v -5.999950 -42.068787 1.044044
v 14.000050 -42.068756 1.044025
v 14.000050 -43.999958 0.000027
v 14.000050 -44.051556 -0.782974
v 14.000050 -42.068756 -1.043972
v 14.000050 -41.999958 0.000027
v 14.000050 -44.204567 -1.552773
v 14.000050 -42.272766 -2.070374
v 14.000050 -44.456566 -2.296173
v 14.000050 -42.608757 -3.061573
v 14.000050 -44.803967 -2.999973
v 14.000050 -43.071957 -3.999973
v 14.000050 -45.239567 -3.652775
v 14.000050 -43.652767 -4.870373
v 14.000050 -45.757366 -4.242573
v 14.000050 -44.343166 -5.656773
v 14.000050 -46.347157 -4.760365
v 14.000050 -45.129566 -6.347176
v 14.000050 -46.999966 -5.195965
v 14.000050 -45.999966 -6.927975
v 14.000050 -47.703766 -5.543373
v 14.000050 -46.938366 -7.391174
v 14.000050 -48.447166 -5.795364
v 14.000050 -47.929565 -7.727173
v 14.000050 -49.216965 -5.948364
v 14.000050 -48.955967 -7.931164
v 14.000050 -49.999966 -5.999966
v 14.000050 -49.999966 -7.999966
v 14.000050 -50.782967 -5.948364
v 14.000050 -51.043964 -7.931164
v 14.000050 -51.552765 -5.795364
v 14.000050 -52.070366 -7.727165
v 14.000050 -52.296165 -5.543365
v 14.000050 -53.061565 -7.391163
v 14.000050 -52.999966 -5.195965
v 14.000050 -53.999966 -6.927963
v 14.000050 -53.652767 -4.760365
v 14.000050 -54.870365 -6.347164
v 14.000061 -54.242565 -4.242565
v 14.000061 -55.656765 -5.656765
v 14.000061 -54.760357 -3.652763
v 14.000061 -56.347168 -4.870365
v 14.000061 -55.195957 -2.999966
v 14.000061 -56.927967 -3.999966
v 14.000061 -55.543358 -2.296165
v 14.000061 -57.391155 -3.061554
v 14.000061 -55.795364 -1.552765
v 14.000061 -57.727165 -2.070354
v 14.000061 -55.948368 -0.782963
v 14.000061 -57.931156 -1.043953
v 14.000061 -55.999966 0.000034
v 14.000061 -57.999966 0.000046
v 14.000061 -55.948357 0.783035
v 14.000061 -57.931156 1.044037
v 14.000061 -55.795357 1.552845
v 14.000061 -57.727165 2.070446
v 14.000061 -55.543358 2.296246
v 14.000061 -57.391155 3.061646
v 14.000061 -55.195957 3.000034
v 14.000061 -56.927956 4.000046
v 14.000061 -54.760357 3.652836
v 14.000069 -56.347157 4.870445
v 14.000061 -54.242558 4.242638
v 14.000069 -55.656757 5.656845
v 14.000061 -53.652756 4.760437
v 14.000069 -54.870358 6.347237
v 14.000061 -52.999958 5.196037
v 14.000069 -53.999958 6.928036
v 14.000061 -52.296158 5.543438
v 14.000061 -53.061558 7.391235
v 14.000061 -51.552757 5.795437
v 14.000061 -52.070354 7.727238
v 14.000061 -50.782955 5.948437
v 14.000061 -51.043957 7.931236
v 14.000061 -49.999958 6.000034
v 14.000061 -49.999947 8.000034
v 14.000061 -49.216957 5.948437
v 14.000061 -48.955956 7.931236
v 14.000061 -48.447155 5.795437
v 14.000061 -47.929546 7.727238
v 14.000061 -47.703754 5.543438
v 14.000061 -46.938354 7.391235
v 14.000061 -46.999958 5.196037
v 14.000061 -45.999958 6.928036
v 14.000061 -46.347157 4.760437
v 14.000061 -45.129555 6.347237
v 14.000061 -45.757355 4.242626
v 14.000061 -44.343155 5.656826
v 14.000061 -45.239555 3.652836
v 14.000061 -43.652756 4.870426
v 14.000050 -44.803955 3.000027
v 14.000050 -43.071957 4.000027
v 14.000050 -44.456554 2.296227
v 14.000050 -42.608757 3.061626
v 14.000050 -44.204556 1.552826
v 14.000050 -42.272755 2.070427
v 14.000050 -44.051556 0.783028
v 14.000050 -42.068756 1.044025
v -5.999929 -64.051590 -0.782932
v -5.999929 -63.999985 0.000065
v 14.000069 -63.999966 0.000046
v 14.000069 -64.051559 -0.782955
v -5.999941 -64.204590 -1.552734
v 14.000069 -64.204559 -1.552753
v -5.999941 -64.456589 -2.296135
v 14.000069 -64.456566 -2.296154
v -5.999941 -64.803986 -2.999931
v 14.000061 -64.803970 -2.999950
v -5.999941 -65.239586 -3.652729
v 14.000061 -65.239571 -3.652748
v -5.999941 -65.757385 -4.242531
v 14.000061 -65.757370 -4.242550
v -5.999941 -66.347191 -4.760330
v 14.000061 -66.347168 -4.760349
v -5.999941 -66.999985 -5.195930
v 14.000061 -66.999969 -5.195950
v -5.999941 -67.703789 -5.543331
v 14.000069 -67.703766 -5.543350
v -5.999941 -68.447189 -5.795330
v 14.000069 -68.447166 -5.795349
v -5.999941 -69.216995 -5.948330
v 14.000069 -69.216965 -5.948349
v -5.999929 -69.999985 -5.999920
v 14.000069 -69.999969 -5.999950
v -5.999929 -70.782990 -5.948318
v 14.000069 -70.782967 -5.948349
v -5.999929 -71.552795 -5.795319
v 14.000069 -71.552765 -5.795349
v -5.999929 -72.296196 -5.543320
v 14.000069 -72.296181 -5.543339
v -5.999929 -72.999985 -5.195919
v 14.000069 -72.999969 -5.195938
v -5.999929 -73.652802 -4.760319
v 14.000069 -73.652771 -4.760342
v -5.999929 -74.242584 -4.242519
v 14.000069 -74.242569 -4.242538
v -5.999929 -74.760391 -3.652721
v 14.000080 -74.760368 -3.652740
v -5.999929 -75.195984 -2.999920
v 14.000080 -75.195969 -2.999939
v -5.999929 -75.543388 -2.296120
v 14.000080 -75.543358 -2.296139
v -5.999920 -75.795387 -1.552719
v 14.000080 -75.795364 -1.552738
v -5.999920 -75.948387 -0.782921
v 14.000080 -75.948364 -0.782940
v -5.999920 -75.999985 0.000080
v 14.000080 -75.999969 0.000061
v -5.999920 -75.948387 0.783081
v 14.000080 -75.948364 0.783058
v -5.999920 -75.795387 1.552879
v 14.000080 -75.795364 1.552860
v -5.999920 -75.543381 2.296280
v 14.000080 -75.543358 2.296261
v -5.999920 -75.195984 3.000080
v 14.000080 -75.195953 3.000061
v -5.999920 -74.760391 3.652882
v 14.000080 -74.760361 3.652859
v -5.999920 -74.242584 4.242680
v 14.000080 -74.242554 4.242661
v -5.999920 -73.652786 4.760479
v 14.000080 -73.652756 4.760460
v -5.999920 -72.999977 5.196079
v 14.000080 -72.999954 5.196060
v -5.999920 -72.296188 5.543480
v 14.000080 -72.296158 5.543461
v -5.999920 -71.552788 5.795479
v 14.000080 -71.552757 5.795460
v -5.999920 -70.782974 5.948479
v 14.000080 -70.782959 5.948460
v -5.999920 -69.999977 6.000080
v 14.000080 -69.999954 6.000061
v -5.999920 -69.216988 5.948479
v 14.000080 -69.216957 5.948460
v -5.999920 -68.447174 5.795479
v 14.000080 -68.447159 5.795460
v -5.999920 -67.703773 5.543480
v 14.000080 -67.703758 5.543461
v -5.999929 -66.999977 5.196079
v 14.000080 -66.999954 5.196060
v -5.999929 -66.347176 4.760479
v 14.000080 -66.347153 4.760460
v -5.999929 -65.757385 4.242668
v 14.000080 -65.757355 4.242649
v -5.999929 -65.239586 3.652870
v 14.000069 -65.239555 3.652851
v -5.999929 -64.803986 3.000069
v 14.000069 -64.803955 3.000050
v -5.999929 -64.456589 2.296265
v 14.000069 -64.456566 2.296246
v -5.999929 -64.204575 1.552868
v 14.000069 -64.204559 1.552845
v -5.999929 -64.051590 0.783066
v 14.000069 -64.051559 0.783047
v -5.999941 -62.068787 -1.043934
v -5.999941 -61.999985 0.000065
v 14.000069 -61.999954 0.000046
v 14.000061 -62.068764 -1.043953
v -5.999941 -62.272789 -2.070335
v 14.000061 -62.272758 -2.070354
v -5.999941 -62.608799 -3.061535
v 14.000061 -62.608768 -3.061554
v -5.999941 -63.071987 -3.999935
v 14.000061 -63.071968 -3.999954
v -5.999941 -63.652786 -4.870335
v 14.000061 -63.652767 -4.870354
v -5.999941 -64.343185 -5.656734
v 14.000061 -64.343170 -5.656754
v -5.999941 -65.129585 -6.347130
v 14.000061 -65.129570 -6.347149
v -5.999941 -66.000000 -6.927929
v 14.000061 -65.999969 -6.927952
v -5.999941 -66.938400 -7.391129
v 14.000061 -66.938370 -7.391151
v -5.999941 -67.929596 -7.727131
v 14.000061 -67.929581 -7.727150
v -5.999941 -68.955994 -7.931129
v 14.000061 -68.955971 -7.931141
v -5.999941 -70.000000 -7.999920
v 14.000061 -69.999969 -7.999950
v -5.999941 -71.043991 -7.931129
v 14.000069 -71.043968 -7.931141
v -5.999929 -72.070389 -7.727119
v 14.000069 -72.070366 -7.727139
v -5.999929 -73.061600 -7.391121
v 14.000069 -73.061569 -7.391140
v -5.999929 -74.000000 -6.927921
v 14.000069 -73.999969 -6.927940
v -5.999929 -74.870399 -6.347118
v 14.000069 -74.870369 -6.347141
v -5.999929 -75.656784 -5.656719
v 14.000069 -75.656769 -5.656738
v -5.999929 -76.347183 -4.870319
v 14.000080 -76.347168 -4.870338
v -5.999929 -76.927994 -3.999920
v 14.000080 -76.927963 -3.999939
v -5.999920 -77.391190 -3.061520
v 14.000080 -77.391167 -3.061539
v -5.999920 -77.727196 -2.070320
v 14.000080 -77.727165 -2.070339
v -5.999920 -77.931183 -1.043911
v 14.000080 -77.931168 -1.043941
v -5.999920 -77.999985 0.000080
v 14.000080 -77.999969 0.000061
v -5.999920 -77.931183 1.044079
v 14.000080 -77.931160 1.044060
v -5.999920 -77.727188 2.070480
v 14.000080 -77.727165 2.070469
v -5.999920 -77.391174 3.061680
v 14.000080 -77.391159 3.061661
v -5.999920 -76.927986 4.000080
v 14.000080 -76.927956 4.000061
v -5.999920 -76.347176 4.870480
v 14.000080 -76.347153 4.870461
v -5.999920 -75.656776 5.656879
v 14.000080 -75.656754 5.656860
v -5.999920 -74.870377 6.347279
v 14.000080 -74.870354 6.347260
v -5.999920 -73.999977 6.928082
v 14.000080 -73.999954 6.928059
v -5.999920 -73.061577 7.391281
v 14.000080 -73.061554 7.391258
v -5.999920 -72.070374 7.727280
v 14.000080 -72.070343 7.727261
v -5.999920 -71.043976 7.931278
v 14.000080 -71.043961 7.931259
v -5.999920 -69.999977 8.000080
v 14.000080 -69.999954 8.000061
v -5.999920 -68.955978 7.931278
v 14.000080 -68.955956 7.931259
v -5.999920 -67.929588 7.727280
v 14.000080 -67.929558 7.727261
v -5.999920 -66.938377 7.391281
v 14.000080 -66.938354 7.391251
v -5.999920 -65.999977 6.928070
v 14.000080 -65.999954 6.928051
v -5.999929 -65.129578 6.347271
v 14.000080 -65.129555 6.347252
v -5.999929 -64.343178 5.656868
v 14.000080 -64.343155 5.656845
v -5.999929 -63.652786 4.870464
v 14.000069 -63.652756 4.870445
v -5.999929 -63.071976 4.000065
v 14.000069 -63.071957 4.000046
v -5.999929 -62.608788 3.061665
v 14.000069 -62.608757 3.061646
v -5.999929 -62.272774 2.070465
v 14.000069 -62.272758 2.070446
v -5.999929 -62.068787 1.044067
v 14.000069 -62.068764 1.044044
v 14.000069 -63.999966 0.000046
v 14.000069 -64.051559 -0.782955
v 14.000061 -62.068764 -1.043953
v 14.000069 -61.999954 0.000046
v 14.000069 -64.204559 -1.552753
v 14.000061 -62.272758 -2.070354
v 14.000069 -64.456566 -2.296154
v 14.000061 -62.608768 -3.061554
v 14.000061 -64.803970 -2.999950
v 14.000061 -63.071968 -3.999954
v 14.000061 -65.239571 -3.652748
v 14.000061 -63.652767 -4.870354
v 14.000061 -65.757370 -4.242550
v 14.000061 -64.343170 -5.656754
v 14.000061 -66.347168 -4.760349
v 14.000061 -65.129570 -6.347149
v 14.000061 -66.999969 -5.195950
v 14.000061 -65.999969 -6.927952
v 14.000069 -67.703766 -5.543350
v 14.000061 -66.938370 -7.391151
v 14.000069 -68.447166 -5.795349
v 14.000061 -67.929581 -7.727150
v 14.000069 -69.216965 -5.948349
v 14.000061 -68.955971 -7.931141
v 14.000069 -69.999969 -5.999950
v 14.000061 -69.999969 -7.999950
v 14.000069 -70.782967 -5.948349
v 14.000069 -71.043968 -7.931141
v 14.000069 -71.552765 -5.795349
v 14.000069 -72.070366 -7.727139
v 14.000069 -72.296181 -5.543339
v 14.000069 -73.061569 -7.391140
v 14.000069 -72.999969 -5.195938
v 14.000069 -73.999969 -6.927940
v 14.000069 -73.652771 -4.760342
v 14.000069 -74.870369 -6.347141
v 14.000069 -74.242569 -4.242538
v 14.000069 -75.656769 -5.656738
v 14.000080 -74.760368 -3.652740
v 14.000080 -76.347168 -4.870338
v 14.000080 -75.195969 -2.999939
v 14.000080 -76.927963 -3.999939
v 14.000080 -75.543358 -2.296139
v 14.000080 -77.391167 -3.061539
v 14.000080 -75.795364 -1.552738
v 14.000080 -77.727165 -2.070339
v 14.000080 -75.948364 -0.782940
v 14.000080 -77.931168 -1.043941
v 14.000080 -75.999969 0.000061
v 14.000080 -77.999969 0.000061
v 14.000080 -75.948364 0.783058
v 14.000080 -77.931160 1.044060
v 14.000080 -75.795364 1.552860
v 14.000080 -77.727165 2.070469
v 14.000080 -75.543358 2.296261
v 14.000080 -77.391159 3.061661
v 14.000080 -75.195953 3.000061
v 14.000080 -76.927956 4.000061
v 14.000080 -74.760361 3.652859
v 14.000080 -76.347153 4.870461
v 14.000080 -74.242554 4.242661
v 14.000080 -75.656754 5.656860
v 14.000080 -73.652756 4.760460
v 14.000080 -74.870354 6.347260
v 14.000080 -72.999954 5.196060
v 14.000080 -73.999954 6.928059
v 14.000080 -72.296158 5.543461
v 14.000080 -73.061554 7.391258
v 14.000080 -71.552757 5.795460
v 14.000080 -72.070343 7.727261
v 14.000080 -70.782959 5.948460
v 14.000080 -71.043961 7.931259
v 14.000080 -69.999954 6.000061
v 14.000080 -69.999954 8.000061
v 14.000080 -69.216957 5.948460
v 14.000080 -68.955956 7.931259
v 14.000080 -68.447159 5.795460
v 14.000080 -67.929558 7.727261
v 14.000080 -67.703758 5.543461
v 14.000080 -66.938354 7.391251
v 14.000080 -66.999954 5.196060
v 14.000080 -65.999954 6.928051
v 14.000080 -66.347153 4.760460
v 14.000080 -65.129555 6.347252
v 14.000080 -65.757355 4.242649
v 14.000080 -64.343155 5.656845
v 14.000069 -65.239555 3.652851
v 14.000069 -63.652756 4.870445
v 14.000069 -64.803955 3.000050
v 14.000069 -63.071957 4.000046
v 14.000069 -64.456566 2.296246
v 14.000069 -62.608757 3.061646
v 14.000069 -64.204559 1.552845
v 14.000069 -62.272758 2.070446
v 14.000069 -64.051559 0.783047
v 14.000069 -62.068764 1.044044
v -5.999901 -85.999969 16.000099
v -6.000071 106.000000 15.999905
v -6.000099 106.000000 -16.000105
v -5.999929 -86.000008 -15.999910
v -6.000099 106.000000 -16.000105
v 13.999901 106.000000 -16.000126
v 14.000069 -85.999977 -15.999929
v -5.999929 -86.000008 -15.999910
v -5.999929 -86.000008 -15.999910
v 14.000069 -85.999977 -15.999929
v 14.000099 -85.999947 16.000080
v -5.999901 -85.999969 16.000099
v -5.999901 -85.999969 16.000099
v 14.000099 -85.999947 16.000080
v 13.999931 106.000107 15.999886
v -6.000071 106.000000 15.999905
v -6.000071 106.000000 15.999905
v 13.999931 106.000107 15.999886
v 13.999901 106.000000 -16.000126
v -6.000099 106.000000 -16.000105
v 14.000069 -89.999985 -19.999929
v 14.000069 -85.999977 -15.999929
v 13.999901 106.000000 -16.000126
v 13.999889 110.000000 -20.000126
v 13.999939 110.000107 19.999886
v 13.999931 106.000107 15.999886
v 14.000099 -85.999947 16.000080
v 14.000111 -89.999947 20.000080
v -9.999889 -89.999977 20.000099
v -10.000071 110.000000 19.999905
v -10.000111 110.000000 -20.000105
v -9.999929 -90.000015 -19.999910
v -10.000111 110.000000 -20.000105
v 13.999889 110.000000 -20.000126
v 14.000069 -89.999985 -19.999929
v -9.999929 -90.000015 -19.999910
v -9.999929 -90.000015 -19.999910
v 14.000069 -89.999985 -19.999929
v 14.000111 -89.999947 20.000080
v -9.999889 -89.999977 20.000099
v -9.999889 -89.999977 20.000099
v 14.000111 -89.999947 20.000080
v 13.999939 110.000107 19.999886
v -10.000071 110.000000 19.999905
v -10.000071 110.000000 19.999905
v 13.999939 110.000107 19.999886
v 13.999889 110.000000 -20.000126
v -10.000111 110.000000 -20.000105
v -14.000100 105.948395 -10.783094
v -14.000100 106.000000 -10.000095
v -10.000099 106.000000 -10.000095
v -10.000099 105.948395 -10.783094
v -14.000100 105.795395 -11.552895
v -10.000099 105.795395 -11.552895
v -14.000100 105.543396 -12.296295
v -10.000099 105.543396 -12.296295
v -14.000100 105.195999 -13.000095
v -10.000099 105.195999 -13.000095
v -14.000100 104.760406 -13.652895
v -10.000099 104.760406 -13.652895
v -14.000100 104.242599 -14.242695
v -10.000099 104.242599 -14.242695
v -14.000100 103.652802 -14.760496
v -10.000099 103.652802 -14.760496
v -14.000100 103.000000 -15.196095
v -10.000099 103.000000 -15.196095
v -14.000100 102.296204 -15.543495
v -10.000099 102.296204 -15.543495
v -14.000100 101.552795 -15.795496
v -10.000099 101.552795 -15.795496
v -14.000100 100.783005 -15.948484
v -10.000099 100.783005 -15.948496
v -14.000100 100.000000 -16.000086
v -10.000099 100.000000 -16.000095
v -14.000100 99.216995 -15.948483
v -10.000099 99.216995 -15.948494
v -14.000100 98.447205 -15.795483
v -10.000099 98.447205 -15.795494
v -14.000090 97.703796 -15.543484
v -10.000090 97.703796 -15.543493
v -14.000090 97.000000 -15.196083
v -10.000090 97.000000 -15.196093
v -14.000090 96.347198 -14.760483
v -10.000090 96.347198 -14.760494
v -14.000090 95.757401 -14.242683
v -10.000090 95.757401 -14.242683
v -14.000090 95.239594 -13.652884
v -10.000090 95.239594 -13.652884
v -14.000090 94.804001 -13.000084
v -10.000090 94.804001 -13.000084
v -14.000090 94.456604 -12.296284
v -10.000090 94.456604 -12.296284
v -14.000090 94.204605 -11.552883
v -10.000090 94.204605 -11.552883
v -14.000090 94.051605 -10.783083
v -10.000090 94.051605 -10.783083
v -14.000090 94.000000 -10.000084
v -10.000090 94.000000 -10.000084
v -14.000080 94.051605 -9.217083
v -10.000080 94.051605 -9.217083
v -14.000080 94.204605 -8.447283
v -10.000080 94.204605 -8.447283
v -14.000080 94.456604 -7.703884
v -10.000080 94.456604 -7.703884
v -14.000080 94.804001 -7.000084
v -10.000080 94.804001 -7.000084
v -14.000080 95.239594 -6.347286
v -10.000080 95.239594 -6.347286
v -14.000080 95.757401 -5.757484
v -10.000080 95.757401 -5.757484
v -14.000080 96.347198 -5.239685
v -10.000080 96.347198 -5.239685
v -14.000080 97.000000 -4.804085
v -10.000080 97.000000 -4.804085
v -14.000080 97.703796 -4.456684
v -10.000080 97.703796 -4.456684
v -14.000080 98.447205 -4.204685
v -10.000080 98.447205 -4.204685
v -14.000080 99.216995 -4.051685
v -10.000080 99.216995 -4.051685
v -14.000080 100.000000 -4.000084
v -10.000080 100.000000 -4.000095
v -14.000090 100.783005 -4.051685
v -10.000090 100.783005 -4.051697
v -14.000090 101.552795 -4.204685
v -10.000090 101.552795 -4.204697
v -14.000090 102.296204 -4.456684
v -10.000090 102.296204 -4.456696
v -14.000090 103.000000 -4.804085
v -10.000090 103.000000 -4.804096
v -14.000090 103.652802 -5.239685
v -10.000090 103.652802 -5.239697
v -14.000090 104.242599 -5.757496
v -10.000090 104.242599 -5.757496
v -14.000090 104.760406 -6.347286
v -10.000090 104.760406 -6.347294
v -14.000090 105.195999 -7.000095
v -10.000090 105.195999 -7.000095
v -14.000090 105.543396 -7.703896
v -10.000090 105.543396 -7.703896
v -14.000090 105.795395 -8.447296
v -10.000090 105.795395 -8.447296
v -14.000100 105.948395 -9.217094
v -10.000099 105.948395 -9.217094
v -14.000100 105.948395 -10.783094
v -14.000100 106.000000 -10.000095
v -14.000090 100.000000 -10.000086
v -14.000100 105.795395 -11.552895
v -14.000100 105.543396 -12.296295
v -14.000100 105.195999 -13.000095
v -14.000100 104.760406 -13.652895
v -14.000100 104.242599 -14.242695
v -14.000100 103.652802 -14.760496
v -14.000100 103.000000 -15.196095
v -14.000100 102.296204 -15.543495
v -14.000100 101.552795 -15.795496
v -14.000100 100.783005 -15.948484
v -14.000100 100.000000 -16.000086
v -14.000100 99.216995 -15.948483
v -14.000100 98.447205 -15.795483
v -14.000090 97.703796 -15.543484
v -14.000090 97.000000 -15.196083
v -14.000090 96.347198 -14.760483
v -14.000090 95.757401 -14.242683
v -14.000090 95.239594 -13.652884
v -14.000090 94.804001 -13.000084
v -14.000090 94.456604 -12.296284
v -14.000090 94.204605 -11.552883
v -14.000090 94.051605 -10.783083
v -14.000090 94.000000 -10.000084
v -14.000080 94.051605 -9.217083
v -14.000080 94.204605 -8.447283
v -14.000080 94.456604 -7.703884
v -14.000080 94.804001 -7.000084
v -14.000080 95.239594 -6.347286
v -14.000080 95.757401 -5.757484
v -14.000080 96.347198 -5.239685
v -14.000080 97.000000 -4.804085
v -14.000080 97.703796 -4.456684
v -14.000080 98.447205 -4.204685
v -14.000080 99.216995 -4.051685
v -14.000080 100.000000 -4.000084
v -14.000090 100.783005 -4.051685
v -14.000090 101.552795 -4.204685
v -14.000090 102.296204 -4.456684
v -14.000090 103.000000 -4.804085
v -14.000090 103.652802 -5.239685
v -14.000090 104.242599 -5.757496
v -14.000090 104.760406 -6.347286
v -14.000090 105.195999 -7.000095
v -14.000090 105.543396 -7.703896
v -14.000090 105.795395 -8.447296
v -14.000100 105.948395 -9.217094
v -14.000080 85.948395 -10.783073
v -14.000080 86.000000 -10.000072
v -10.000080 86.000000 -10.000072
v -10.000080 85.948395 -10.783073
v -14.000080 85.795395 -11.552874
v -10.000080 85.795395 -11.552874
v -14.000080 85.543396 -12.296274
v -10.000080 85.543396 -12.296274
v -14.000080 85.195999 -13.000072
v -10.000080 85.195999 -13.000072
v -14.000080 84.760406 -13.652874
v -10.000080 84.760406 -13.652874
v -14.000080 84.242599 -14.242674
v -10.000080 84.242599 -14.242674
v -14.000080 83.652802 -14.760473
v -10.000080 83.652802 -14.760473
v -14.000080 83.000000 -15.196074
v -10.000080 83.000000 -15.196074
v -14.000080 82.296204 -15.543474
v -10.000080 82.296204 -15.543474
v -14.000080 81.552795 -15.795473
v -10.000080 81.552795 -15.795473
v -14.000080 80.783005 -15.948473
v -10.000080 80.783005 -15.948473
v -14.000080 80.000000 -16.000072
v -10.000080 80.000000 -16.000072
v -14.000080 79.216995 -15.948473
v -10.000080 79.216995 -15.948473
v -14.000080 78.447205 -15.795473
v -10.000080 78.447205 -15.795473
v -14.000080 77.703796 -15.543463
v -10.000080 77.703796 -15.543474
v -14.000080 77.000000 -15.196064
v -10.000071 77.000000 -15.196074
v -14.000070 76.347198 -14.760464
v -10.000071 76.347198 -14.760473
v -14.000070 75.757401 -14.242662
v -10.000071 75.757401 -14.242662
v -14.000070 75.239594 -13.652863
v -10.000071 75.239594 -13.652863
v -14.000070 74.804001 -13.000063
v -10.000071 74.804001 -13.000072
v -14.000070 74.456604 -12.296263
v -10.000071 74.456604 -12.296263
v -14.000070 74.204605 -11.552862
v -10.000071 74.204605 -11.552862
v -14.000070 74.051605 -10.783062
v -10.000071 74.051605 -10.783062
v -14.000070 74.000000 -10.000061
v -10.000071 74.000000 -10.000061
v -14.000070 74.051605 -9.217062
v -10.000071 74.051605 -9.217062
v -14.000070 74.204605 -8.447262
v -10.000071 74.204605 -8.447262
v -14.000070 74.456604 -7.703861
v -10.000059 74.456604 -7.703861
v -14.000070 74.804001 -7.000061
v -10.000059 74.804001 -7.000061
v -14.000060 75.239594 -6.347263
v -10.000059 75.239594 -6.347263
v -14.000060 75.757401 -5.757462
v -10.000059 75.757401 -5.757462
v -14.000060 76.347198 -5.239662
v -10.000059 76.347198 -5.239662
v -14.000060 77.000000 -4.804062
v -10.000059 77.000000 -4.804062
v -14.000070 77.703796 -4.456661
v -10.000059 77.703796 -4.456661
v -14.000070 78.447205 -4.204662
v -10.000059 78.447205 -4.204662
v -14.000070 79.216995 -4.051662
v -10.000071 79.216995 -4.051662
v -14.000070 80.000000 -4.000061
v -10.000071 80.000000 -4.000072
v -14.000070 80.783005 -4.051662
v -10.000071 80.783005 -4.051670
v -14.000070 81.552795 -4.204662
v -10.000071 81.552795 -4.204670
v -14.000070 82.296204 -4.456673
v -10.000071 82.296204 -4.456673
v -14.000070 83.000000 -4.804062
v -10.000071 83.000000 -4.804073
v -14.000070 83.652802 -5.239670
v -10.000071 83.652802 -5.239670
v -14.000070 84.242599 -5.757473
v -10.000071 84.242599 -5.757473
v -14.000070 84.760406 -6.347271
v -10.000071 84.760406 -6.347271
v -14.000070 85.195999 -7.000072
v -10.000071 85.195999 -7.000072
v -14.000080 85.543396 -7.703873
v -10.000071 85.543396 -7.703880
v -14.000080 85.795395 -8.447273
v -10.000080 85.795395 -8.447273
v -14.000080 85.948395 -9.217073
v -10.000080 85.948395 -9.217073
v -14.000080 85.948395 -10.783073
v -14.000080 86.000000 -10.000072
v -14.000070 80.000000 -10.000072
v -14.000080 85.795395 -11.552874
v -14.000080 85.543396 -12.296274
v -14.000080 85.195999 -13.000072
v -14.000080 84.760406 -13.652874
v -14.000080 84.242599 -14.242674
v -14.000080 83.652802 -14.760473
v -14.000080 83.000000 -15.196074
v -14.000080 82.296204 -15.543474
v -14.000080 81.552795 -15.795473
v -14.000080 80.783005 -15.948473
v -14.000080 80.000000 -16.000072
v -14.000080 79.216995 -15.948473
v -14.000080 78.447205 -15.795473
v -14.000080 77.703796 -15.543463
v -14.000080 77.000000 -15.196064
v -14.000070 76.347198 -14.760464
v -14.000070 75.757401 -14.242662
v -14.000070 75.239594 -13.652863
v -14.000070 74.804001 -13.000063
v -14.000070 74.456604 -12.296263
v -14.000070 74.204605 -11.552862
v -14.000070 74.051605 -10.783062
v -14.000070 74.000000 -10.000061
v -14.000070 74.051605 -9.217062
v -14.000070 74.204605 -8.447262
v -14.000070 74.456604 -7.703861
v -14.000070 74.804001 -7.000061
v -14.000060 75.239594 -6.347263
v -14.000060 75.757401 -5.757462
v -14.000060 76.347198 -5.239662
v -14.000060 77.000000 -4.804062
v -14.000070 77.703796 -4.456661
v -14.000070 78.447205 -4.204662
v -14.000070 79.216995 -4.051662
v -14.000070 80.000000 -4.000061
v -14.000070 80.783005 -4.051662
v -14.000070 81.552795 -4.204662
v -14.000070 82.296204 -4.456673
v -14.000070 83.000000 -4.804062
v -14.000070 83.652802 -5.239670
v -14.000070 84.242599 -5.757473
v -14.000070 84.760406 -6.347271
v -14.000070 85.195999 -7.000072
v -14.000080 85.543396 -7.703873
v -14.000080 85.795395 -8.447273
v -14.000080 85.948395 -9.217073
v -14.000060 65.948395 -10.783051
v -14.000060 66.000000 -10.000051
v -10.000059 66.000000 -10.000061
v -10.000059 65.948395 -10.783062
v -14.000060 65.795395 -11.552851
v -10.000059 65.795395 -11.552862
v -14.000060 65.543396 -12.296251
v -10.000059 65.543396 -12.296261
v -14.000060 65.195999 -13.000051
v -10.000059 65.195999 -13.000061
v -14.000060 64.760406 -13.652851
v -10.000059 64.760406 -13.652861
v -14.000060 64.242599 -14.242651
v -10.000059 64.242599 -14.242661
v -14.000060 63.652802 -14.760452
v -10.000059 63.652802 -14.760452
v -14.000060 63.000000 -15.196051
v -10.000059 63.000000 -15.196051
v -14.000060 62.296204 -15.543451
v -10.000059 62.296204 -15.543451
v -14.000060 61.552795 -15.795452
v -10.000059 61.552795 -15.795452
v -14.000060 60.783005 -15.948452
v -10.000059 60.783005 -15.948452
v -14.000060 60.000000 -16.000051
v -10.000059 60.000000 -16.000051
v -14.000060 59.216995 -15.948452
v -10.000059 59.216995 -15.948452
v -14.000060 58.447205 -15.795452
v -10.000059 58.447205 -15.795452
v -14.000060 57.703796 -15.543451
v -10.000059 57.703796 -15.543451
v -14.000060 57.000000 -15.196051
v -10.000059 57.000000 -15.196051
v -14.000060 56.347198 -14.760441
v -10.000059 56.347198 -14.760452
v -14.000060 55.757401 -14.242641
v -10.000059 55.757401 -14.242651
v -14.000050 55.239594 -13.652842
v -10.000050 55.239594 -13.652851
v -14.000050 54.804001 -13.000042
v -10.000050 54.804001 -13.000051
v -14.000050 54.456604 -12.296242
v -10.000050 54.456604 -12.296251
v -14.000050 54.204605 -11.552841
v -10.000050 54.204605 -11.552851
v -14.000050 54.051605 -10.783041
v -10.000050 54.051605 -10.783051
v -14.000050 54.000000 -10.000042
v -10.000050 54.000000 -10.000042
v -14.000050 54.051605 -9.217041
v -10.000050 54.051605 -9.217051
v -14.000050 54.204605 -8.447241
v -10.000050 54.204605 -8.447252
v -14.000050 54.456604 -7.703842
v -10.000050 54.456604 -7.703842
v -14.000050 54.804001 -7.000042
v -10.000050 54.804001 -7.000042
v -14.000050 55.239594 -6.347240
v -10.000050 55.239594 -6.347252
v -14.000050 55.757401 -5.757442
v -10.000050 55.757401 -5.757442
v -14.000050 56.347198 -5.239643
v -10.000050 56.347198 -5.239651
v -14.000050 57.000000 -4.804043
v -10.000050 57.000000 -4.804050
v -14.000050 57.703796 -4.456642
v -10.000050 57.703796 -4.456650
v -14.000050 58.447205 -4.204643
v -10.000050 58.447205 -4.204651
v -14.000050 59.216995 -4.051651
v -10.000050 59.216995 -4.051651
v -14.000050 60.000000 -4.000042
v -10.000050 60.000000 -4.000050
v -14.000050 60.783005 -4.051651
v -10.000050 60.783005 -4.051651
v -14.000050 61.552795 -4.204651
v -10.000050 61.552795 -4.204651
v -14.000050 62.296204 -4.456650
v -10.000050 62.296204 -4.456650
v -14.000050 63.000000 -4.804050
v -10.000050 63.000000 -4.804050
v -14.000050 63.652802 -5.239651
v -10.000050 63.652802 -5.239651
v -14.000050 64.242599 -5.757450
v -10.000050 64.242599 -5.757450
v -14.000060 64.760406 -6.347252
v -10.000059 64.760406 -6.347252
v -14.000060 65.195999 -7.000050
v -10.000059 65.195999 -7.000061
v -14.000060 65.543396 -7.703850
v -10.000059 65.543396 -7.703861
v -14.000060 65.795395 -8.447252
v -10.000059 65.795395 -8.447252
v -14.000060 65.948395 -9.217051
v -10.000059 65.948395 -9.217051
v -14.000060 65.948395 -10.783051
v -14.000060 66.000000 -10.000051
v -14.000060 60.000000 -10.000051
v -14.000060 65.795395 -11.552851
v -14.000060 65.543396 -12.296251
v -14.000060 65.195999 -13.000051
v -14.000060 64.760406 -13.652851
v -14.000060 64.242599 -14.242651
v -14.000060 63.652802 -14.760452
v -14.000060 63.000000 -15.196051
v -14.000060 62.296204 -15.543451
v -14.000060 61.552795 -15.795452
v -14.000060 60.783005 -15.948452
v -14.000060 60.000000 -16.000051
v -14.000060 59.216995 -15.948452
v -14.000060 58.447205 -15.795452
v -14.000060 57.703796 -15.543451
v -14.000060 57.000000 -15.196051
v -14.000060 56.347198 -14.760441
v -14.000060 55.757401 -14.242641
v -14.000050 55.239594 -13.652842
v -14.000050 54.804001 -13.000042
v -14.000050 54.456604 -12.296242
v -14.000050 54.204605 -11.552841
v -14.000050 54.051605 -10.783041
v -14.000050 54.000000 -10.000042
v -14.000050 54.051605 -9.217041
v -14.000050 54.204605 -8.447241
v -14.000050 54.456604 -7.703842
v -14.000050 54.804001 -7.000042
v -14.000050 55.239594 -6.347240
v -14.000050 55.757401 -5.757442
v -14.000050 56.347198 -5.239643
v -14.000050 57.000000 -4.804043
v -14.000050 57.703796 -4.456642
v -14.000050 58.447205 -4.204643
v -14.000050 59.216995 -4.051651
v -14.000050 60.000000 -4.000042
v -14.000050 60.783005 -4.051651
v -14.000050 61.552795 -4.204651
v -14.000050 62.296204 -4.456650
v -14.000050 63.000000 -4.804050
v -14.000050 63.652802 -5.239651
v -14.000050 64.242599 -5.757450
v -14.000060 64.760406 -6.347252
v -14.000060 65.195999 -7.000050
v -14.000060 65.543396 -7.703850
v -14.000060 65.795395 -8.447252
v -14.000060 65.948395 -9.217051
v -14.000040 45.948395 -10.783030
v -14.000040 46.000000 -10.000029
v -10.000040 46.000000 -10.000040
v -10.000040 45.948395 -10.783039
v -14.000040 45.795395 -11.552830
v -10.000040 45.795395 -11.552839
v -14.000040 45.543396 -12.296230
v -10.000040 45.543396 -12.296240
v -14.000040 45.195999 -13.000029
v -10.000040 45.195999 -13.000040
v -14.000040 44.760406 -13.652830
v -10.000040 44.760406 -13.652840
v -14.000050 44.242599 -14.242630
v -10.000050 44.242599 -14.242640
v -14.000050 43.652802 -14.760429
v -10.000050 43.652802 -14.760439
v -14.000040 43.000000 -15.196030
v -10.000040 43.000000 -15.196039
v -14.000040 42.296204 -15.543430
v -10.000040 42.296204 -15.543430
v -14.000040 41.552795 -15.795429
v -10.000040 41.552795 -15.795439
v -14.000040 40.783005 -15.948429
v -10.000040 40.783005 -15.948439
v -14.000040 40.000000 -16.000029
v -10.000040 40.000000 -16.000029
v -14.000040 39.216995 -15.948429
v -10.000040 39.216995 -15.948429
v -14.000040 38.447205 -15.795429
v -10.000040 38.447205 -15.795429
v -14.000040 37.703796 -15.543430
v -10.000040 37.703796 -15.543430
v -14.000040 37.000000 -15.196030
v -10.000040 37.000000 -15.196030
v -14.000040 36.347198 -14.760429
v -10.000040 36.347198 -14.760429
v -14.000040 35.757401 -14.242620
v -10.000040 35.757401 -14.242630
v -14.000040 35.239601 -13.652819
v -10.000040 35.239601 -13.652830
v -14.000040 34.804001 -13.000019
v -10.000031 34.804001 -13.000029
v -14.000030 34.456596 -12.296219
v -10.000031 34.456596 -12.296230
v -14.000030 34.204597 -11.552820
v -10.000031 34.204597 -11.552830
v -14.000030 34.051598 -10.783020
v -10.000031 34.051598 -10.783030
v -14.000030 34.000000 -10.000019
v -10.000031 34.000000 -10.000029
v -14.000030 34.051598 -9.217020
v -10.000031 34.051598 -9.217030
v -14.000030 34.204597 -8.447220
v -10.000031 34.204597 -8.447229
v -14.000030 34.456596 -7.703819
v -10.000031 34.456596 -7.703827
v -14.000030 34.804001 -7.000019
v -10.000031 34.804001 -7.000027
v -14.000030 35.239601 -6.347218
v -10.000031 35.239601 -6.347229
v -14.000030 35.757401 -5.757416
v -10.000031 35.757401 -5.757427
v -14.000030 36.347198 -5.239620
v -10.000031 36.347198 -5.239632
v -14.000030 37.000000 -4.804020
v -10.000031 37.000000 -4.804031
v -14.000030 37.703796 -4.456631
v -10.000031 37.703796 -4.456631
v -14.000030 38.447205 -4.204632
v -10.000031 38.447205 -4.204632
v -14.000030 39.216995 -4.051632
v -10.000031 39.216995 -4.051632
v -14.000030 40.000000 -4.000031
v -10.000031 40.000000 -4.000031
v -14.000030 40.783005 -4.051632
v -10.000031 40.783005 -4.051632
v -14.000030 41.552795 -4.204632
v -10.000031 41.552795 -4.204632
v -14.000030 42.296204 -4.456631
v -10.000031 42.296204 -4.456631
v -14.000030 43.000000 -4.804031
v -10.000031 43.000000 -4.804031
v -14.000040 43.652802 -5.239632
v -10.000040 43.652802 -5.239632
v -14.000040 44.242599 -5.757431
v -10.000040 44.242599 -5.757431
v -14.000040 44.760406 -6.347233
v -10.000040 44.760406 -6.347240
v -14.000040 45.195999 -7.000031
v -10.000040 45.195999 -7.000042
v -14.000040 45.543396 -7.703831
v -10.000040 45.543396 -7.703842
v -14.000040 45.795395 -8.447229
v -10.000040 45.795395 -8.447239
v -14.000040 45.948395 -9.217030
v -10.000040 45.948395 -9.217039
v -14.000040 45.948395 -10.783030
v -14.000040 46.000000 -10.000029
v -14.000040 40.000000 -10.000029
v -14.000040 45.795395 -11.552830
v -14.000040 45.543396 -12.296230
v -14.000040 45.195999 -13.000029
v -14.000040 44.760406 -13.652830
v -14.000050 44.242599 -14.242630
v -14.000050 43.652802 -14.760429
v -14.000040 43.000000 -15.196030
v -14.000040 42.296204 -15.543430
v -14.000040 41.552795 -15.795429
v -14.000040 40.783005 -15.948429
v -14.000040 40.000000 -16.000029
v -14.000040 39.216995 -15.948429
v -14.000040 38.447205 -15.795429
v -14.000040 37.703796 -15.543430
v -14.000040 37.000000 -15.196030
v -14.000040 36.347198 -14.760429
v -14.000040 35.757401 -14.242620
v -14.000040 35.239601 -13.652819
v -14.000040 34.804001 -13.000019
v -14.000030 34.456596 -12.296219
v -14.000030 34.204597 -11.552820
v -14.000030 34.051598 -10.783020
v -14.000030 34.000000 -10.000019
v -14.000030 34.051598 -9.217020
v -14.000030 34.204597 -8.447220
v -14.000030 34.456596 -7.703819
v -14.000030 34.804001 -7.000019
v -14.000030 35.239601 -6.347218
v -14.000030 35.757401 -5.757416
v -14.000030 36.347198 -5.239620
v -14.000030 37.000000 -4.804020
v -14.000030 37.703796 -4.456631
v -14.000030 38.447205 -4.204632
v -14.000030 39.216995 -4.051632
v -14.000030 40.000000 -4.000031
v -14.000030 40.783005 -4.051632
v -14.000030 41.552795 -4.204632
v -14.000030 42.296204 -4.456631
v -14.000030 43.000000 -4.804031
v -14.000040 43.652802 -5.239632
v -14.000040 44.242599 -5.757431
v -14.000040 44.760406 -6.347233
v -14.000040 45.195999 -7.000031
v -14.000040 45.543396 -7.703831
v -14.000040 45.795395 -8.447229
v -14.000040 45.948395 -9.217030
v -14.000030 25.948402 -10.783010
v -14.000020 26.000000 -10.000019
v -10.000019 26.000000 -10.000019
v -10.000019 25.948402 -10.783020
v -14.000030 25.795403 -11.552809
v -10.000019 25.795403 -11.552820
v -14.000030 25.543404 -12.296219
v -10.000031 25.543404 -12.296219
v -14.000030 25.195999 -13.000019
v -10.000031 25.195999 -13.000019
v -14.000030 24.760399 -13.652819
v -10.000031 24.760399 -13.652819
v -14.000030 24.242599 -14.242609
v -10.000031 24.242599 -14.242620
v -14.000030 23.652802 -14.760408
v -10.000031 23.652802 -14.760418
v -14.000030 23.000000 -15.196007
v -10.000031 23.000000 -15.196018
v -14.000030 22.296204 -15.543407
v -10.000031 22.296204 -15.543417
v -14.000030 21.552803 -15.795408
v -10.000031 21.552803 -15.795418
v -14.000030 20.782997 -15.948408
v -10.000019 20.782997 -15.948418
v -14.000030 20.000000 -16.000008
v -10.000019 20.000000 -16.000017
v -14.000020 19.217003 -15.948408
v -10.000019 19.217003 -15.948408
v -14.000020 18.447197 -15.795408
v -10.000019 18.447197 -15.795408
v -14.000020 17.703796 -15.543407
v -10.000019 17.703796 -15.543407
v -14.000020 17.000000 -15.196007
v -10.000019 17.000000 -15.196007
v -14.000020 16.347198 -14.760408
v -10.000019 16.347198 -14.760408
v -14.000020 15.757401 -14.242607
v -10.000019 15.757401 -14.242607
v -14.000020 15.239601 -13.652807
v -10.000019 15.239601 -13.652807
v -14.000020 14.804001 -13.000008
v -10.000019 14.804001 -13.000008
v -14.000020 14.456596 -12.296207
v -10.000019 14.456596 -12.296207
v -14.000020 14.204597 -11.552807
v -10.000019 14.204597 -11.552807
v -14.000020 14.051598 -10.783009
v -10.000019 14.051598 -10.783009
v -14.000010 14.000000 -9.999998
v -10.000010 14.000000 -10.000008
v -14.000010 14.051598 -9.216997
v -10.000010 14.051598 -9.217007
v -14.000010 14.204597 -8.447197
v -10.000010 14.204597 -8.447208
v -14.000010 14.456596 -7.703796
v -10.000010 14.456596 -7.703808
v -14.000010 14.804001 -7.000008
v -10.000010 14.804001 -7.000008
v -14.000010 15.239601 -6.347198
v -10.000010 15.239601 -6.347206
v -14.000010 15.757401 -5.757408
v -10.000010 15.757401 -5.757408
v -14.000010 16.347198 -5.239609
v -10.000010 16.347198 -5.239609
v -14.000010 17.000000 -4.804008
v -10.000010 17.000000 -4.804008
v -14.000010 17.703796 -4.456608
v -10.000010 17.703796 -4.456608
v -14.000010 18.447197 -4.204609
v -10.000010 18.447197 -4.204609
v -14.000010 19.217003 -4.051609
v -10.000010 19.217003 -4.051609
v -14.000010 20.000000 -4.000008
v -10.000010 20.000000 -4.000008
v -14.000010 20.782997 -4.051609
v -10.000010 20.782997 -4.051609
v -14.000020 21.552803 -4.204609
v -10.000019 21.552803 -4.204617
v -14.000020 22.296204 -4.456608
v -10.000019 22.296204 -4.456608
v -14.000020 23.000000 -4.804008
v -10.000019 23.000000 -4.804008
v -14.000020 23.652802 -5.239609
v -10.000019 23.652802 -5.239609
v -14.000020 24.242599 -5.757408
v -10.000019 24.242599 -5.757416
v -14.000020 24.760399 -6.347206
v -10.000019 24.760399 -6.347218
v -14.000020 25.195999 -7.000008
v -10.000019 25.195999 -7.000019
v -14.000020 25.543404 -7.703808
v -10.000019 25.543404 -7.703819
v -14.000020 25.795403 -8.447210
v -10.000019 25.795403 -8.447220
v -14.000020 25.948402 -9.217009
v -10.000019 25.948402 -9.217020
v -14.000030 25.948402 -10.783010
v -14.000020 26.000000 -10.000019
v -14.000020 20.000000 -10.000008
v -14.000030 25.795403 -11.552809
v -14.000030 25.543404 -12.296219
v -14.000030 25.195999 -13.000019
v -14.000030 24.760399 -13.652819
v -14.000030 24.242599 -14.242609
v -14.000030 23.652802 -14.760408
v -14.000030 23.000000 -15.196007
v -14.000030 22.296204 -15.543407
v -14.000030 21.552803 -15.795408
v -14.000030 20.782997 -15.948408
v -14.000030 20.000000 -16.000008
v -14.000020 19.217003 -15.948408
v -14.000020 18.447197 -15.795408
v -14.000020 17.703796 -15.543407
v -14.000020 17.000000 -15.196007
v -14.000020 16.347198 -14.760408
v -14.000020 15.757401 -14.242607
v -14.000020 15.239601 -13.652807
v -14.000020 14.804001 -13.000008
v -14.000020 14.456596 -12.296207
v -14.000020 14.204597 -11.552807
v -14.000020 14.051598 -10.783009
v -14.000010 14.000000 -9.999998
v -14.000010 14.051598 -9.216997
v -14.000010 14.204597 -8.447197
v -14.000010 14.456596 -7.703796
v -14.000010 14.804001 -7.000008
v -14.000010 15.239601 -6.347198
v -14.000010 15.757401 -5.757408
v -14.000010 16.347198 -5.239609
v -14.000010 17.000000 -4.804008
v -14.000010 17.703796 -4.456608
v -14.000010 18.447197 -4.204609
v -14.000010 19.217003 -4.051609
v -14.000010 20.000000 -4.000008
v -14.000010 20.782997 -4.051609
v -14.000020 21.552803 -4.204609
v -14.000020 22.296204 -4.456608
v -14.000020 23.000000 -4.804008
v -14.000020 23.652802 -5.239609
v -14.000020 24.242599 -5.757408
v -14.000020 24.760399 -6.347206
v -14.000020 25.195999 -7.000008
v -14.000020 25.543404 -7.703808
v -14.000020 25.795403 -8.447210
v -14.000020 25.948402 -9.217009
v -14.000010 5.948402 -10.782997
v -14.000010 6.000000 -9.999998
v -10.000010 6.000008 -9.999998
v -10.000010 5.948402 -10.782997
v -14.000010 5.795403 -11.552797
v -10.000010 5.795403 -11.552797
v -14.000010 5.543404 -12.296198
v -10.000010 5.543404 -12.296198
v -14.000010 5.195999 -12.999998
v -10.000010 5.195999 -12.999998
v -14.000010 4.760399 -13.652798
v -10.000010 4.760399 -13.652798
v -14.000010 4.242599 -14.242598
v -10.000010 4.242599 -14.242598
v -14.000010 3.652786 -14.760397
v -10.000010 3.652802 -14.760397
v -14.000010 2.999992 -15.195997
v -10.000010 3.000000 -15.195997
v -14.000010 2.296204 -15.543388
v -10.000010 2.296204 -15.543398
v -14.000010 1.552803 -15.795397
v -10.000010 1.552803 -15.795397
v -14.000010 0.782997 -15.948387
v -10.000010 0.782997 -15.948397
v -14.000010 -0.000008 -15.999989
v -10.000010 0.000000 -15.999998
v -14.000010 -0.782997 -15.948387
v -10.000010 -0.782997 -15.948397
v -14.000010 -1.552803 -15.795387
v -10.000010 -1.552803 -15.795397
v -14.000000 -2.296204 -15.543386
v -10.000000 -2.296204 -15.543386
v -14.000000 -3.000008 -15.195986
v -10.000000 -3.000000 -15.195986
v -14.000000 -3.652802 -14.760386
v -10.000000 -3.652802 -14.760386
v -14.000000 -4.242607 -14.242586
v -10.000000 -4.242599 -14.242586
v -14.000000 -4.760406 -13.652786
v -10.000000 -4.760399 -13.652786
v -14.000000 -5.196007 -12.999987
v -10.000000 -5.195999 -12.999987
v -14.000000 -5.543404 -12.296186
v -10.000000 -5.543404 -12.296186
v -14.000000 -5.795403 -11.552786
v -10.000000 -5.795387 -11.552786
v -14.000000 -5.948402 -10.782986
v -10.000000 -5.948387 -10.782986
v -14.000000 -6.000000 -9.999987
v -10.000000 -5.999992 -9.999987
v -14.000000 -5.948402 -9.216986
v -9.999990 -5.948387 -9.216986
v -13.999990 -5.795403 -8.447186
v -9.999990 -5.795387 -8.447186
v -13.999990 -5.543404 -7.703789
v -9.999990 -5.543404 -7.703789
v -13.999990 -5.195999 -6.999989
v -9.999990 -5.195992 -6.999989
v -13.999990 -4.760399 -6.347187
v -9.999990 -4.760391 -6.347187
v -13.999990 -4.242599 -5.757389
v -9.999990 -4.242592 -5.757389
v -13.999990 -3.652786 -5.239586
v -9.999990 -3.652786 -5.239586
v -13.999990 -2.999992 -4.803989
v -9.999990 -2.999992 -4.803989
v -13.999990 -2.296204 -4.456589
v -9.999990 -2.296188 -4.456589
v -13.999990 -1.552803 -4.204586
v -9.999990 -1.552788 -4.204586
v -13.999990 -0.782997 -4.051586
v -9.999990 -0.782990 -4.051586
v -14.000000 0.000008 -3.999989
v -9.999990 0.000008 -3.999989
v -14.000000 0.782997 -4.051586
v -10.000000 0.783012 -4.051598
v -14.000000 1.552803 -4.204586
v -10.000000 1.552811 -4.204597
v -14.000000 2.296204 -4.456589
v -10.000000 2.296211 -4.456589
v -14.000000 3.000008 -4.803989
v -10.000000 3.000008 -4.803997
v -14.000000 3.652802 -5.239597
v -10.000000 3.652809 -5.239597
v -14.000000 4.242607 -5.757397
v -10.000000 4.242607 -5.757397
v -14.000000 4.760406 -6.347187
v -10.000000 4.760406 -6.347198
v -14.000000 5.196007 -6.999989
v -10.000000 5.196007 -6.999996
v -14.000000 5.543404 -7.703789
v -10.000000 5.543411 -7.703796
v -14.000000 5.795403 -8.447197
v -10.000000 5.795410 -8.447197
v -14.000010 5.948402 -9.216997
v -10.000010 5.948410 -9.216997
v -14.000010 5.948402 -10.782997
v -14.000010 6.000000 -9.999998
v -14.000000 0.000000 -9.999989
v -14.000010 5.795403 -11.552797
v -14.000010 5.543404 -12.296198
v -14.000010 5.195999 -12.999998
v -14.000010 4.760399 -13.652798
v -14.000010 4.242599 -14.242598
v -14.000010 3.652786 -14.760397
v -14.000010 2.999992 -15.195997
v -14.000010 2.296204 -15.543388
v -14.000010 1.552803 -15.795397
v -14.000010 0.782997 -15.948387
v -14.000010 -0.000008 -15.999989
v -14.000010 -0.782997 -15.948387
v -14.000010 -1.552803 -15.795387
v -14.000000 -2.296204 -15.543386
v -14.000000 -3.000008 -15.195986
v -14.000000 -3.652802 -14.760386
v -14.000000 -4.242607 -14.242586
v -14.000000 -4.760406 -13.652786
v -14.000000 -5.196007 -12.999987
v -14.000000 -5.543404 -12.296186
v -14.000000 -5.795403 -11.552786
v -14.000000 -5.948402 -10.782986
v -14.000000 -6.000000 -9.999987
v -14.000000 -5.948402 -9.216986
v -13.999990 -5.795403 -8.447186
v -13.999990 -5.543404 -7.703789
v -13.999990 -5.195999 -6.999989
v -13.999990 -4.760399 -6.347187
v -13.999990 -4.242599 -5.757389
v -13.999990 -3.652786 -5.239586
v -13.999990 -2.999992 -4.803989
v -13.999990 -2.296204 -4.456589
v -13.999990 -1.552803 -4.204586
v -13.999990 -0.782997 -4.051586
v -14.000000 0.000008 -3.999989
v -14.000000 0.782997 -4.051586
v -14.000000 1.552803 -4.204586
v -14.000000 2.296204 -4.456589
v -14.000000 3.000008 -4.803989
v -14.000000 3.652802 -5.239597
v -14.000000 4.242607 -5.757397
v -14.000000 4.760406 -6.347187
v -14.000000 5.196007 -6.999989
v -14.000000 5.543404 -7.703789
v -14.000000 5.795403 -8.447197
v -14.000010 5.948402 -9.216997
v -13.999990 -14.051613 -10.782976
v -13.999990 -14.000000 -9.999975
v -9.999990 -14.000000 -9.999975
v -9.999990 -14.051598 -10.782976
v -13.999990 -14.204613 -11.552776
v -9.999990 -14.204597 -11.552776
v -13.999990 -14.456596 -12.296175
v -9.999990 -14.456596 -12.296175
v -13.999990 -14.804008 -12.999975
v -9.999990 -14.804001 -12.999975
v -13.999990 -15.239609 -13.652775
v -9.999990 -15.239601 -13.652775
v -13.999990 -15.757408 -14.242577
v -9.999990 -15.757401 -14.242577
v -13.999990 -16.347214 -14.760376
v -9.999990 -16.347198 -14.760376
v -13.999990 -17.000008 -15.195976
v -9.999990 -17.000000 -15.195976
v -13.999990 -17.703796 -15.543375
v -9.999990 -17.703796 -15.543375
v -13.999990 -18.447197 -15.795376
v -9.999990 -18.447197 -15.795376
v -13.999990 -19.217003 -15.948376
v -9.999990 -19.217003 -15.948376
v -13.999990 -20.000008 -15.999975
v -9.999990 -20.000000 -15.999975
v -13.999990 -20.783012 -15.948366
v -9.999990 -20.782997 -15.948376
v -13.999990 -21.552811 -15.795366
v -9.999990 -21.552803 -15.795376
v -13.999990 -22.296204 -15.543365
v -9.999990 -22.296204 -15.543375
v -13.999990 -23.000008 -15.195965
v -9.999981 -23.000000 -15.195976
v -13.999981 -23.652809 -14.760366
v -9.999981 -23.652802 -14.760366
v -13.999981 -24.242607 -14.242565
v -9.999981 -24.242599 -14.242565
v -13.999981 -24.760406 -13.652765
v -9.999981 -24.760399 -13.652765
v -13.999981 -25.196007 -12.999966
v -9.999981 -25.195999 -12.999966
v -13.999981 -25.543404 -12.296165
v -9.999981 -25.543404 -12.296165
v -13.999981 -25.795403 -11.552765
v -9.999981 -25.795387 -11.552765
v -13.999981 -25.948402 -10.782967
v -9.999981 -25.948387 -10.782967
v -13.999981 -26.000000 -9.999966
v -9.999981 -26.000000 -9.999966
v -13.999981 -25.948402 -9.216967
v -9.999981 -25.948387 -9.216967
v -13.999981 -25.795403 -8.447166
v -9.999981 -25.795387 -8.447166
v -13.999981 -25.543404 -7.703762
v -9.999981 -25.543404 -7.703762
v -13.999981 -25.195999 -6.999966
v -9.999981 -25.195992 -6.999966
v -13.999981 -24.760399 -6.347164
v -9.999981 -24.760391 -6.347164
v -13.999981 -24.242599 -5.757362
v -9.999981 -24.242592 -5.757362
v -13.999981 -23.652802 -5.239563
v -9.999981 -23.652786 -5.239563
v -13.999981 -23.000000 -4.803963
v -9.999981 -22.999992 -4.803963
v -13.999981 -22.296204 -4.456562
v -9.999981 -22.296204 -4.456573
v -13.999981 -21.552803 -4.204563
v -9.999981 -21.552788 -4.204563
v -13.999981 -20.782997 -4.051563
v -9.999981 -20.782990 -4.051575
v -13.999981 -20.000000 -3.999966
v -9.999981 -19.999992 -3.999973
v -13.999981 -19.217003 -4.051563
v -9.999981 -19.216988 -4.051575
v -13.999981 -18.447197 -4.204563
v -9.999981 -18.447189 -4.204575
v -13.999981 -17.703796 -4.456573
v -9.999981 -17.703789 -4.456573
v -13.999981 -17.000000 -4.803974
v -9.999981 -16.999992 -4.803974
v -13.999981 -16.347198 -5.239574
v -9.999981 -16.347191 -5.239574
v -13.999981 -15.757401 -5.757374
v -9.999981 -15.757393 -5.757374
v -13.999981 -15.239601 -6.347176
v -9.999981 -15.239594 -6.347176
v -13.999981 -14.804001 -6.999973
v -9.999981 -14.803993 -6.999973
v -13.999990 -14.456596 -7.703773
v -9.999990 -14.456596 -7.703773
v -13.999990 -14.204597 -8.447176
v -9.999990 -14.204597 -8.447176
v -13.999990 -14.051598 -9.216976
v -9.999990 -14.051598 -9.216976
v -13.999990 -14.051613 -10.782976
v -13.999990 -14.000000 -9.999975
v -13.999981 -20.000000 -9.999966
v -13.999990 -14.204613 -11.552776
v -13.999990 -14.456596 -12.296175
v -13.999990 -14.804008 -12.999975
v -13.999990 -15.239609 -13.652775
v -13.999990 -15.757408 -14.242577
v -13.999990 -16.347214 -14.760376
v -13.999990 -17.000008 -15.195976
v -13.999990 -17.703796 -15.543375
v -13.999990 -18.447197 -15.795376
v -13.999990 -19.217003 -15.948376
v -13.999990 -20.000008 -15.999975
v -13.999990 -20.783012 -15.948366
v -13.999990 -21.552811 -15.795366
v -13.999990 -22.296204 -15.543365
v -13.999990 -23.000008 -15.195965
v -13.999981 -23.652809 -14.760366
v -13.999981 -24.242607 -14.242565
v -13.999981 -24.760406 -13.652765
v -13.999981 -25.196007 -12.999966
v -13.999981 -25.543404 -12.296165
v -13.999981 -25.795403 -11.552765
v -13.999981 -25.948402 -10.782967
v -13.999981 -26.000000 -9.999966
v -13.999981 -25.948402 -9.216967
v -13.999981 -25.795403 -8.447166
v -13.999981 -25.543404 -7.703762
v -13.999981 -25.195999 -6.999966
v -13.999981 -24.760399 -6.347164
v -13.999981 -24.242599 -5.757362
v -13.999981 -23.652802 -5.239563
v -13.999981 -23.000000 -4.803963
v -13.999981 -22.296204 -4.456562
v -13.999981 -21.552803 -4.204563
v -13.999981 -20.782997 -4.051563
v -13.999981 -20.000000 -3.999966
v -13.999981 -19.217003 -4.051563
v -13.999981 -18.447197 -4.204563
v -13.999981 -17.703796 -4.456573
v -13.999981 -17.000000 -4.803974
v -13.999981 -16.347198 -5.239574
v -13.999981 -15.757401 -5.757374
v -13.999981 -15.239601 -6.347176
v -13.999981 -14.804001 -6.999973
v -13.999990 -14.456596 -7.703773
v -13.999990 -14.204597 -8.447176
v -13.999990 -14.051598 -9.216976
v -13.999969 -34.051605 -10.782953
v -13.999969 -33.999996 -9.999954
v -9.999969 -33.999996 -9.999954
v -9.999969 -34.051598 -10.782965
v -13.999969 -34.204605 -11.552753
v -9.999969 -34.204597 -11.552763
v -13.999969 -34.456608 -12.296154
v -9.999969 -34.456596 -12.296154
v -13.999969 -34.804005 -12.999954
v -9.999969 -34.803997 -12.999954
v -13.999969 -35.239605 -13.652754
v -9.999969 -35.239597 -13.652754
v -13.999969 -35.757404 -14.242554
v -9.999969 -35.757397 -14.242554
v -13.999969 -36.347210 -14.760353
v -9.999969 -36.347198 -14.760353
v -13.999969 -37.000011 -15.195953
v -9.999969 -37.000000 -15.195953
v -13.999969 -37.703812 -15.543354
v -9.999969 -37.703800 -15.543354
v -13.999969 -38.447208 -15.795353
v -9.999969 -38.447201 -15.795353
v -13.999969 -39.217010 -15.948355
v -9.999969 -39.216999 -15.948355
v -13.999969 -40.000011 -15.999954
v -9.999969 -40.000000 -15.999954
v -13.999969 -40.783009 -15.948355
v -9.999969 -40.783001 -15.948355
v -13.999969 -41.552811 -15.795353
v -9.999969 -41.552799 -15.795353
v -13.999969 -42.296211 -15.543344
v -9.999969 -42.296200 -15.543354
v -13.999969 -43.000011 -15.195944
v -9.999969 -43.000000 -15.195953
v -13.999969 -43.652809 -14.760344
v -9.999969 -43.652809 -14.760353
v -13.999969 -44.242607 -14.242544
v -9.999969 -44.242596 -14.242554
v -13.999969 -44.760406 -13.652744
v -9.999960 -44.760395 -13.652754
v -13.999960 -45.196007 -12.999945
v -9.999960 -45.195995 -12.999945
v -13.999960 -45.543407 -12.296144
v -9.999960 -45.543396 -12.296144
v -13.999960 -45.795406 -11.552744
v -9.999960 -45.795395 -11.552744
v -13.999960 -45.948406 -10.782944
v -9.999960 -45.948395 -10.782944
v -13.999960 -45.999996 -9.999945
v -9.999960 -45.999996 -9.999945
v -13.999960 -45.948395 -9.216944
v -9.999960 -45.948395 -9.216944
v -13.999960 -45.795395 -8.447144
v -9.999960 -45.795395 -8.447144
v -13.999960 -45.543396 -7.703743
v -9.999960 -45.543396 -7.703743
v -13.999960 -45.195995 -6.999943
v -9.999960 -45.195995 -6.999943
v -13.999960 -44.760395 -6.347145
v -9.999960 -44.760395 -6.347153
v -13.999960 -44.242596 -5.757343
v -9.999960 -44.242596 -5.757343
v -13.999960 -43.652798 -5.239544
v -9.999960 -43.652798 -5.239544
v -13.999960 -42.999996 -4.803944
v -9.999960 -42.999996 -4.803944
v -13.999960 -42.296196 -4.456543
v -9.999960 -42.296196 -4.456554
v -13.999960 -41.552795 -4.204544
v -9.999960 -41.552795 -4.204556
v -13.999960 -40.782997 -4.051544
v -9.999960 -40.782997 -4.051556
v -13.999960 -39.999996 -3.999943
v -9.999960 -39.999996 -3.999954
v -13.999960 -39.216995 -4.051544
v -9.999960 -39.216995 -4.051556
v -13.999960 -38.447197 -4.204544
v -9.999960 -38.447197 -4.204556
v -13.999960 -37.703796 -4.456554
v -9.999960 -37.703796 -4.456554
v -13.999960 -36.999996 -4.803955
v -9.999960 -36.999996 -4.803955
v -13.999960 -36.347195 -5.239555
v -9.999960 -36.347187 -5.239555
v -13.999969 -35.757397 -5.757355
v -9.999969 -35.757397 -5.757355
v -13.999969 -35.239597 -6.347153
v -9.999969 -35.239597 -6.347153
v -13.999969 -34.803997 -6.999954
v -9.999969 -34.803997 -6.999954
v -13.999969 -34.456596 -7.703754
v -9.999969 -34.456596 -7.703754
v -13.999969 -34.204605 -8.447153
v -9.999969 -34.204597 -8.447153
v -13.999969 -34.051605 -9.216953
v -9.999969 -34.051598 -9.216965
v -13.999969 -34.051605 -10.782953
v -13.999969 -33.999996 -9.999954
v -13.999969 -39.999996 -9.999945
v -13.999969 -34.204605 -11.552753
v -13.999969 -34.456608 -12.296154
v -13.999969 -34.804005 -12.999954
v -13.999969 -35.239605 -13.652754
v -13.999969 -35.757404 -14.242554
v -13.999969 -36.347210 -14.760353
v -13.999969 -37.000011 -15.195953
v -13.999969 -37.703812 -15.543354
v -13.999969 -38.447208 -15.795353
v -13.999969 -39.217010 -15.948355
v -13.999969 -40.000011 -15.999954
v -13.999969 -40.783009 -15.948355
v -13.999969 -41.552811 -15.795353
v -13.999969 -42.296211 -15.543344
v -13.999969 -43.000011 -15.195944
v -13.999969 -43.652809 -14.760344
v -13.999969 -44.242607 -14.242544
v -13.999969 -44.760406 -13.652744
v -13.999960 -45.196007 -12.999945
v -13.999960 -45.543407 -12.296144
v -13.999960 -45.795406 -11.552744
v -13.999960 -45.948406 -10.782944
v -13.999960 -45.999996 -9.999945
v -13.999960 -45.948395 -9.216944
v -13.999960 -45.795395 -8.447144
v -13.999960 -45.543396 -7.703743
v -13.999960 -45.195995 -6.999943
v -13.999960 -44.760395 -6.347145
v -13.999960 -44.242596 -5.757343
v -13.999960 -43.652798 -5.239544
v -13.999960 -42.999996 -4.803944
v -13.999960 -42.296196 -4.456543
v -13.999960 -41.552795 -4.204544
v -13.999960 -40.782997 -4.051544
v -13.999960 -39.999996 -3.999943
v -13.999960 -39.216995 -4.051544
v -13.999960 -38.447197 -4.204544
v -13.999960 -37.703796 -4.456554
v -13.999960 -36.999996 -4.803955
v -13.999960 -36.347195 -5.239555
v -13.999969 -35.757397 -5.757355
v -13.999969 -35.239597 -6.347153
v -13.999969 -34.803997 -6.999954
v -13.999969 -34.456596 -7.703754
v -13.999969 -34.204605 -8.447153
v -13.999969 -34.051605 -9.216953
v -13.999950 -54.051605 -10.782932
v -13.999950 -54.000008 -9.999931
v -9.999950 -53.999996 -9.999943
v -9.999950 -54.051598 -10.782942
v -13.999950 -54.204605 -11.552732
v -9.999950 -54.204597 -11.552742
v -13.999950 -54.456608 -12.296131
v -9.999950 -54.456608 -12.296143
v -13.999960 -54.804005 -12.999931
v -9.999950 -54.803997 -12.999943
v -13.999960 -55.239605 -13.652733
v -9.999960 -55.239597 -13.652733
v -13.999960 -55.757404 -14.242533
v -9.999960 -55.757397 -14.242533
v -13.999960 -56.347210 -14.760332
v -9.999960 -56.347210 -14.760342
v -13.999960 -57.000011 -15.195932
v -9.999960 -57.000011 -15.195932
v -13.999960 -57.703812 -15.543331
v -9.999950 -57.703800 -15.543331
v -13.999950 -58.447208 -15.795332
v -9.999950 -58.447197 -15.795332
v -13.999950 -59.217010 -15.948332
v -9.999950 -59.217010 -15.948332
v -13.999950 -60.000008 -15.999931
v -9.999950 -60.000008 -15.999931
v -13.999950 -60.783009 -15.948332
v -9.999950 -60.782997 -15.948332
v -13.999950 -61.552818 -15.795332
v -9.999950 -61.552811 -15.795332
v -13.999950 -62.296219 -15.543331
v -9.999950 -62.296207 -15.543331
v -13.999950 -63.000008 -15.195923
v -9.999950 -63.000008 -15.195932
v -13.999950 -63.652809 -14.760323
v -9.999950 -63.652809 -14.760332
v -13.999950 -64.242607 -14.242521
v -9.999950 -64.242607 -14.242533
v -13.999950 -64.760406 -13.652721
v -9.999950 -64.760399 -13.652733
v -13.999950 -65.196007 -12.999922
v -9.999950 -65.195999 -12.999931
v -13.999941 -65.543411 -12.296122
v -9.999941 -65.543396 -12.296131
v -13.999941 -65.795410 -11.552721
v -9.999941 -65.795410 -11.552732
v -13.999941 -65.948410 -10.782923
v -9.999941 -65.948410 -10.782932
v -13.999941 -66.000008 -9.999922
v -9.999941 -66.000000 -9.999931
v -13.999941 -65.948410 -9.216923
v -9.999941 -65.948395 -9.216923
v -13.999941 -65.795410 -8.447123
v -9.999941 -65.795395 -8.447123
v -13.999941 -65.543396 -7.703720
v -9.999941 -65.543396 -7.703720
v -13.999941 -65.195999 -6.999920
v -9.999941 -65.195999 -6.999920
v -13.999941 -64.760399 -6.347118
v -9.999941 -64.760399 -6.347130
v -13.999941 -64.242599 -5.757324
v -9.999941 -64.242599 -5.757324
v -13.999941 -63.652809 -5.239525
v -9.999941 -63.652798 -5.239525
v -13.999941 -63.000000 -4.803925
v -9.999941 -63.000000 -4.803932
v -13.999941 -62.296207 -4.456524
v -9.999941 -62.296196 -4.456535
v -13.999941 -61.552795 -4.204525
v -9.999941 -61.552795 -4.204533
v -13.999941 -60.782997 -4.051533
v -9.999941 -60.782990 -4.051533
v -13.999941 -60.000000 -3.999924
v -9.999941 -60.000000 -3.999935
v -13.999941 -59.216995 -4.051533
v -9.999941 -59.216995 -4.051533
v -13.999941 -58.447197 -4.204525
v -9.999941 -58.447189 -4.204533
v -13.999941 -57.703796 -4.456535
v -9.999941 -57.703785 -4.456535
v -13.999941 -56.999996 -4.803932
v -9.999941 -56.999996 -4.803932
v -13.999950 -56.347195 -5.239532
v -9.999950 -56.347187 -5.239532
v -13.999950 -55.757397 -5.757336
v -9.999950 -55.757397 -5.757343
v -13.999950 -55.239597 -6.347134
v -9.999950 -55.239597 -6.347134
v -13.999950 -54.803997 -6.999935
v -9.999950 -54.803997 -6.999943
v -13.999950 -54.456608 -7.703735
v -9.999950 -54.456596 -7.703743
v -13.999950 -54.204597 -8.447132
v -9.999950 -54.204597 -8.447142
v -13.999950 -54.051598 -9.216932
v -9.999950 -54.051598 -9.216942
v -13.999950 -54.051605 -10.782932
v -13.999950 -54.000008 -9.999931
v -13.999950 -60.000008 -9.999931
v -13.999950 -54.204605 -11.552732
v -13.999950 -54.456608 -12.296131
v -13.999960 -54.804005 -12.999931
v -13.999960 -55.239605 -13.652733
v -13.999960 -55.757404 -14.242533
v -13.999960 -56.347210 -14.760332
v -13.999960 -57.000011 -15.195932
v -13.999960 -57.703812 -15.543331
v -13.999950 -58.447208 -15.795332
v -13.999950 -59.217010 -15.948332
v -13.999950 -60.000008 -15.999931
v -13.999950 -60.783009 -15.948332
v -13.999950 -61.552818 -15.795332
v -13.999950 -62.296219 -15.543331
v -13.999950 -63.000008 -15.195923
v -13.999950 -63.652809 -14.760323
v -13.999950 -64.242607 -14.242521
v -13.999950 -64.760406 -13.652721
v -13.999950 -65.196007 -12.999922
v -13.999941 -65.543411 -12.296122
v -13.999941 -65.795410 -11.552721
v -13.999941 -65.948410 -10.782923
v -13.999941 -66.000008 -9.999922
v -13.999941 -65.948410 -9.216923
v -13.999941 -65.795410 -8.447123
v -13.999941 -65.543396 -7.703720
v -13.999941 -65.195999 -6.999920
v -13.999941 -64.760399 -6.347118
v -13.999941 -64.242599 -5.757324
v -13.999941 -63.652809 -5.239525
v -13.999941 -63.000000 -4.803925
v -13.999941 -62.296207 -4.456524
v -13.999941 -61.552795 -4.204525
v -13.999941 -60.782997 -4.051533
v -13.999941 -60.000000 -3.999924
v -13.999941 -59.216995 -4.051533
v -13.999941 -58.447197 -4.204525
v -13.999941 -57.703796 -4.456535
v -13.999941 -56.999996 -4.803932
v -13.999950 -56.347195 -5.239532
v -13.999950 -55.757397 -5.757336
v -13.999950 -55.239597 -6.347134
v -13.999950 -54.803997 -6.999935
v -13.999950 -54.456608 -7.703735
v -13.999950 -54.204597 -8.447132
v -13.999950 -54.051598 -9.216932
v -13.999941 -74.051605 -10.782923
v -13.999941 -74.000008 -9.999912
v -9.999941 -74.000000 -9.999922
v -9.999941 -74.051598 -10.782923
v -13.999941 -74.204605 -11.552721
v -9.999941 -74.204597 -11.552721
v -13.999941 -74.456604 -12.296112
v -9.999941 -74.456604 -12.296122
v -13.999941 -74.804008 -12.999912
v -9.999941 -74.804008 -12.999922
v -13.999941 -75.239609 -13.652712
v -9.999941 -75.239609 -13.652721
v -13.999941 -75.757408 -14.242512
v -9.999941 -75.757408 -14.242521
v -13.999941 -76.347206 -14.760311
v -9.999941 -76.347206 -14.760323
v -13.999941 -77.000008 -15.195911
v -9.999941 -77.000008 -15.195923
v -13.999941 -77.703812 -15.543310
v -9.999941 -77.703812 -15.543320
v -13.999941 -78.447205 -15.795309
v -9.999941 -78.447205 -15.795321
v -13.999941 -79.217018 -15.948311
v -9.999941 -79.217010 -15.948311
v -13.999941 -80.000015 -15.999910
v -9.999941 -80.000008 -15.999910
v -13.999941 -80.783012 -15.948311
v -9.999941 -80.783005 -15.948311
v -13.999941 -81.552818 -15.795309
v -9.999929 -81.552811 -15.795309
v -13.999929 -82.296219 -15.543310
v -9.999929 -82.296211 -15.543310
v -13.999929 -83.000015 -15.195910
v -9.999929 -83.000008 -15.195910
v -13.999929 -83.652817 -14.760309
v -9.999929 -83.652809 -14.760309
v -13.999929 -84.242615 -14.242510
v -9.999929 -84.242607 -14.242510
v -13.999929 -84.760406 -13.652700
v -9.999929 -84.760406 -13.652710
v -13.999929 -85.196007 -12.999901
v -9.999929 -85.196007 -12.999910
v -13.999929 -85.543404 -12.296101
v -9.999929 -85.543404 -12.296110
v -13.999929 -85.795410 -11.552700
v -9.999929 -85.795410 -11.552710
v -13.999929 -85.948410 -10.782900
v -9.999929 -85.948410 -10.782909
v -13.999920 -86.000008 -9.999901
v -9.999920 -86.000000 -9.999910
v -13.999920 -85.948410 -9.216900
v -9.999920 -85.948402 -9.216909
v -13.999920 -85.795410 -8.447100
v -9.999920 -85.795403 -8.447109
v -13.999920 -85.543404 -7.703701
v -9.999920 -85.543396 -7.703709
v -13.999920 -85.196007 -6.999901
v -9.999920 -85.195999 -6.999908
v -13.999920 -84.760406 -6.347099
v -9.999920 -84.760399 -6.347111
v -13.999920 -84.242607 -5.757309
v -9.999920 -84.242599 -5.757309
v -13.999920 -83.652802 -5.239510
v -9.999920 -83.652802 -5.239510
v -13.999920 -83.000000 -4.803909
v -9.999920 -83.000000 -4.803909
v -13.999920 -82.296204 -4.456501
v -9.999920 -82.296204 -4.456509
v -13.999920 -81.552803 -4.204510
v -9.999920 -81.552795 -4.204510
v -13.999920 -80.782997 -4.051510
v -9.999920 -80.782990 -4.051510
v -13.999920 -80.000000 -3.999908
v -9.999920 -80.000000 -3.999908
v -13.999929 -79.217010 -4.051510
v -9.999920 -79.216995 -4.051510
v -13.999929 -78.447197 -4.204510
v -9.999929 -78.447197 -4.204510
v -13.999929 -77.703796 -4.456509
v -9.999929 -77.703796 -4.456509
v -13.999929 -77.000000 -4.803909
v -9.999929 -77.000000 -4.803909
v -13.999929 -76.347198 -5.239510
v -9.999929 -76.347198 -5.239510
v -13.999929 -75.757408 -5.757309
v -9.999929 -75.757401 -5.757320
v -13.999929 -75.239609 -6.347111
v -9.999929 -75.239594 -6.347111
v -13.999929 -74.804008 -6.999908
v -9.999929 -74.804001 -6.999920
v -13.999929 -74.456604 -7.703709
v -9.999929 -74.456604 -7.703720
v -13.999929 -74.204605 -8.447111
v -9.999929 -74.204597 -8.447123
v -13.999941 -74.051605 -9.216911
v -9.999929 -74.051598 -9.216923
v -13.999941 -74.051605 -10.782923
v -13.999941 -74.000008 -9.999912
v -13.999929 -80.000008 -9.999910
v -13.999941 -74.204605 -11.552721
v -13.999941 -74.456604 -12.296112
v -13.999941 -74.804008 -12.999912
v -13.999941 -75.239609 -13.652712
v -13.999941 -75.757408 -14.242512
v -13.999941 -76.347206 -14.760311
v -13.999941 -77.000008 -15.195911
v -13.999941 -77.703812 -15.543310
v -13.999941 -78.447205 -15.795309
v -13.999941 -79.217018 -15.948311
v -13.999941 -80.000015 -15.999910
v -13.999941 -80.783012 -15.948311
v -13.999941 -81.552818 -15.795309
v -13.999929 -82.296219 -15.543310
v -13.999929 -83.000015 -15.195910
v -13.999929 -83.652817 -14.760309
v -13.999929 -84.242615 -14.242510
v -13.999929 -84.760406 -13.652700
v -13.999929 -85.196007 -12.999901
v -13.999929 -85.543404 -12.296101
v -13.999929 -85.795410 -11.552700
v -13.999929 -85.948410 -10.782900
v -13.999920 -86.000008 -9.999901
v -13.999920 -85.948410 -9.216900
v -13.999920 -85.795410 -8.447100
v -13.999920 -85.543404 -7.703701
v -13.999920 -85.196007 -6.999901
v -13.999920 -84.760406 -6.347099
v -13.999920 -84.242607 -5.757309
v -13.999920 -83.652802 -5.239510
v -13.999920 -83.000000 -4.803909
v -13.999920 -82.296204 -4.456501
v -13.999920 -81.552803 -4.204510
v -13.999920 -80.782997 -4.051510
v -13.999920 -80.000000 -3.999908
v -13.999929 -79.217010 -4.051510
v -13.999929 -78.447197 -4.204510
v -13.999929 -77.703796 -4.456509
v -13.999929 -77.000000 -4.803909
v -13.999929 -76.347198 -5.239510
v -13.999929 -75.757408 -5.757309
v -13.999929 -75.239609 -6.347111
v -13.999929 -74.804008 -6.999908
v -13.999929 -74.456604 -7.703709
v -13.999929 -74.204605 -8.447111
v -13.999941 -74.051605 -9.216911
v -14.000080 105.948395 9.216915
v -14.000080 106.000000 9.999916
v -10.000080 106.000000 9.999905
v -10.000080 105.948395 9.216904
v -14.000080 105.795395 8.447105
v -10.000080 105.795395 8.447105
v -14.000080 105.543396 7.703716
v -10.000080 105.543396 7.703705
v -14.000080 105.195999 6.999916
v -10.000080 105.195999 6.999905
v -14.000080 104.760406 6.347115
v -10.000080 104.760406 6.347103
v -14.000080 104.242599 5.757317
v -10.000080 104.242599 5.757305
v -14.000080 103.652802 5.239513
v -10.000080 103.652802 5.239506
v -14.000080 103.000000 4.803913
v -10.000080 103.000000 4.803905
v -14.000080 102.296204 4.456516
v -10.000080 102.296204 4.456505
v -14.000080 101.552795 4.204514
v -10.000080 101.552795 4.204506
v -14.000080 100.783005 4.051514
v -10.000080 100.783005 4.051514
v -14.000080 100.000000 3.999916
v -10.000080 100.000000 3.999916
v -14.000080 99.216995 4.051514
v -10.000080 99.216995 4.051514
v -14.000080 98.447205 4.204514
v -10.000071 98.447205 4.204514
v -14.000070 97.703796 4.456516
v -10.000071 97.703796 4.456516
v -14.000070 97.000000 4.803913
v -10.000071 97.000000 4.803913
v -14.000070 96.347198 5.239513
v -10.000071 96.347198 5.239513
v -14.000070 95.757401 5.757324
v -10.000071 95.757401 5.757317
v -14.000070 95.239594 6.347115
v -10.000071 95.239594 6.347115
v -14.000070 94.804001 6.999924
v -10.000071 94.804001 6.999916
v -14.000070 94.456604 7.703724
v -10.000071 94.456604 7.703716
v -14.000070 94.204605 8.447124
v -10.000071 94.204605 8.447113
v -14.000070 94.051605 9.216927
v -10.000071 94.051605 9.216915
v -14.000070 94.000000 9.999924
v -10.000059 94.000000 9.999924
v -14.000060 94.051605 10.782925
v -10.000059 94.051605 10.782913
v -14.000060 94.204605 11.552723
v -10.000059 94.204605 11.552715
v -14.000060 94.456604 12.296124
v -10.000059 94.456604 12.296116
v -14.000060 94.804001 12.999924
v -10.000059 94.804001 12.999924
v -14.000060 95.239594 13.652725
v -10.000059 95.239594 13.652714
v -14.000060 95.757401 14.242516
v -10.000059 95.757401 14.242516
v -14.000060 96.347198 14.760326
v -10.000059 96.347198 14.760315
v -14.000060 97.000000 15.195915
v -10.000059 97.000000 15.195915
v -14.000060 97.703796 15.543316
v -10.000059 97.703796 15.543316
v -14.000060 98.447205 15.795315
v -10.000059 98.447205 15.795315
v -14.000060 99.216995 15.948315
v -10.000059 99.216995 15.948315
v -14.000060 100.000000 15.999924
v -10.000059 100.000000 15.999916
v -14.000070 100.783005 15.948315
v -10.000059 100.783005 15.948315
v -14.000070 101.552795 15.795315
v -10.000071 101.552795 15.795315
v -14.000070 102.296204 15.543316
v -10.000071 102.296204 15.543316
v -14.000070 103.000000 15.195915
v -10.000071 103.000000 15.195915
v -14.000070 103.652802 14.760315
v -10.000071 103.652802 14.760315
v -14.000070 104.242599 14.242516
v -10.000071 104.242599 14.242504
v -14.000070 104.760406 13.652714
v -10.000071 104.760406 13.652714
v -14.000070 105.195999 12.999916
v -10.000071 105.195999 12.999905
v -14.000070 105.543396 12.296116
v -10.000071 105.543396 12.296104
v -14.000070 105.795395 11.552715
v -10.000071 105.795395 11.552704
v -14.000080 105.948395 10.782913
v -10.000071 105.948395 10.782906
v -14.000080 105.948395 9.216915
v -14.000080 106.000000 9.999916
v -14.000070 100.000000 9.999916
v -14.000080 105.795395 8.447105
v -14.000080 105.543396 7.703716
v -14.000080 105.195999 6.999916
v -14.000080 104.760406 6.347115
v -14.000080 104.242599 5.757317
v -14.000080 103.652802 5.239513
v -14.000080 103.000000 4.803913
v -14.000080 102.296204 4.456516
v -14.000080 101.552795 4.204514
v -14.000080 100.783005 4.051514
v -14.000080 100.000000 3.999916
v -14.000080 99.216995 4.051514
v -14.000080 98.447205 4.204514
v -14.000070 97.703796 4.456516
v -14.000070 97.000000 4.803913
v -14.000070 96.347198 5.239513
v -14.000070 95.757401 5.757324
v -14.000070 95.239594 6.347115
v -14.000070 94.804001 6.999924
v -14.000070 94.456604 7.703724
v -14.000070 94.204605 8.447124
v -14.000070 94.051605 9.216927
v -14.000070 94.000000 9.999924
v -14.000060 94.051605 10.782925
v -14.000060 94.204605 11.552723
v -14.000060 94.456604 12.296124
v -14.000060 94.804001 12.999924
v -14.000060 95.239594 13.652725
v -14.000060 95.757401 14.242516
v -14.000060 96.347198 14.760326
v -14.000060 97.000000 15.195915
v -14.000060 97.703796 15.543316
v -14.000060 98.447205 15.795315
v -14.000060 99.216995 15.948315
v -14.000060 100.000000 15.999924
v -14.000070 100.783005 15.948315
v -14.000070 101.552795 15.795315
v -14.000070 102.296204 15.543316
v -14.000070 103.000000 15.195915
v -14.000070 103.652802 14.760315
v -14.000070 104.242599 14.242516
v -14.000070 104.760406 13.652714
v -14.000070 105.195999 12.999916
v -14.000070 105.543396 12.296116
v -14.000070 105.795395 11.552715
v -14.000080 105.948395 10.782913
v -14.000060 85.948395 9.216938
v -14.000060 86.000000 9.999928
v -10.000059 86.000000 9.999928
v -10.000059 85.948395 9.216930
v -14.000060 85.795395 8.447128
v -10.000059 85.795395 8.447128
v -14.000060 85.543396 7.703728
v -10.000059 85.543396 7.703728
v -14.000060 85.195999 6.999928
v -10.000059 85.195999 6.999928
v -14.000060 84.760406 6.347137
v -10.000059 84.760406 6.347130
v -14.000060 84.242599 5.757339
v -10.000059 84.242599 5.757328
v -14.000060 83.652802 5.239540
v -10.000059 83.652802 5.239529
v -14.000060 83.000000 4.803940
v -10.000059 83.000000 4.803928
v -14.000060 82.296204 4.456539
v -10.000059 82.296204 4.456528
v -14.000060 81.552795 4.204540
v -10.000059 81.552795 4.204529
v -14.000060 80.783005 4.051540
v -10.000059 80.783005 4.051529
v -14.000060 80.000000 3.999939
v -10.000059 80.000000 3.999939
v -14.000060 79.216995 4.051540
v -10.000059 79.216995 4.051529
v -14.000060 78.447205 4.204540
v -10.000059 78.447205 4.204540
v -14.000060 77.703796 4.456539
v -10.000059 77.703796 4.456539
v -14.000060 77.000000 4.803940
v -10.000059 77.000000 4.803940
v -14.000050 76.347198 5.239540
v -10.000050 76.347198 5.239540
v -14.000050 75.757401 5.757339
v -10.000050 75.757401 5.757339
v -14.000050 75.239594 6.347137
v -10.000050 75.239594 6.347137
v -14.000050 74.804001 6.999939
v -10.000050 74.804001 6.999939
v -14.000050 74.456604 7.703739
v -10.000050 74.456604 7.703739
v -14.000050 74.204605 8.447140
v -10.000050 74.204605 8.447140
v -14.000050 74.051605 9.216949
v -10.000050 74.051605 9.216938
v -14.000050 74.000000 9.999939
v -10.000050 74.000000 9.999939
v -14.000050 74.051605 10.782948
v -10.000050 74.051605 10.782940
v -14.000050 74.204605 11.552750
v -10.000050 74.204605 11.552738
v -14.000050 74.456604 12.296139
v -10.000050 74.456604 12.296139
v -14.000050 74.804001 12.999939
v -10.000050 74.804001 12.999939
v -14.000040 75.239594 13.652748
v -10.000040 75.239594 13.652737
v -14.000040 75.757401 14.242538
v -10.000040 75.757401 14.242538
v -14.000040 76.347198 14.760338
v -10.000040 76.347198 14.760338
v -14.000040 77.000000 15.195938
v -10.000040 77.000000 15.195938
v -14.000050 77.703796 15.543339
v -10.000050 77.703796 15.543339
v -14.000050 78.447205 15.795338
v -10.000050 78.447205 15.795338
v -14.000050 79.216995 15.948338
v -10.000050 79.216995 15.948338
v -14.000050 80.000000 15.999939
v -10.000050 80.000000 15.999939
v -14.000050 80.783005 15.948338
v -10.000050 80.783005 15.948338
v -14.000050 81.552795 15.795338
v -10.000050 81.552795 15.795338
v -14.000050 82.296204 15.543339
v -10.000050 82.296204 15.543339
v -14.000050 83.000000 15.195938
v -10.000050 83.000000 15.195938
v -14.000050 83.652802 14.760338
v -10.000050 83.652802 14.760338
v -14.000050 84.242599 14.242538
v -10.000050 84.242599 14.242527
v -14.000050 84.760406 13.652737
v -10.000050 84.760406 13.652729
v -14.000050 85.195999 12.999939
v -10.000050 85.195999 12.999928
v -14.000060 85.543396 12.296139
v -10.000059 85.543396 12.296127
v -14.000060 85.795395 11.552738
v -10.000059 85.795395 11.552727
v -14.000060 85.948395 10.782928
v -10.000059 85.948395 10.782928
v -14.000060 85.948395 9.216938
v -14.000060 86.000000 9.999928
v -14.000050 80.000000 9.999939
v -14.000060 85.795395 8.447128
v -14.000060 85.543396 7.703728
v -14.000060 85.195999 6.999928
v -14.000060 84.760406 6.347137
v -14.000060 84.242599 5.757339
v -14.000060 83.652802 5.239540
v -14.000060 83.000000 4.803940
v -14.000060 82.296204 4.456539
v -14.000060 81.552795 4.204540
v -14.000060 80.783005 4.051540
v -14.000060 80.000000 3.999939
v -14.000060 79.216995 4.051540
v -14.000060 78.447205 4.204540
v -14.000060 77.703796 4.456539
v -14.000060 77.000000 4.803940
v -14.000050 76.347198 5.239540
v -14.000050 75.757401 5.757339
v -14.000050 75.239594 6.347137
v -14.000050 74.804001 6.999939
v -14.000050 74.456604 7.703739
v -14.000050 74.204605 8.447140
v -14.000050 74.051605 9.216949
v -14.000050 74.000000 9.999939
v -14.000050 74.051605 10.782948
v -14.000050 74.204605 11.552750
v -14.000050 74.456604 12.296139
v -14.000050 74.804001 12.999939
v -14.000040 75.239594 13.652748
v -14.000040 75.757401 14.242538
v -14.000040 76.347198 14.760338
v -14.000040 77.000000 15.195938
v -14.000050 77.703796 15.543339
v -14.000050 78.447205 15.795338
v -14.000050 79.216995 15.948338
v -14.000050 80.000000 15.999939
v -14.000050 80.783005 15.948338
v -14.000050 81.552795 15.795338
v -14.000050 82.296204 15.543339
v -14.000050 83.000000 15.195938
v -14.000050 83.652802 14.760338
v -14.000050 84.242599 14.242538
v -14.000050 84.760406 13.652737
v -14.000050 85.195999 12.999939
v -14.000060 85.543396 12.296139
v -14.000060 85.795395 11.552738
v -14.000060 85.948395 10.782928
v -14.000040 65.948395 9.216949
v -14.000040 66.000000 9.999950
v -10.000040 66.000000 9.999950
v -10.000040 65.948395 9.216949
v -14.000040 65.795395 8.447147
v -10.000040 65.795395 8.447147
v -14.000040 65.543396 7.703747
v -10.000040 65.543396 7.703747
v -14.000040 65.195999 6.999950
v -10.000040 65.195999 6.999950
v -14.000040 64.760406 6.347149
v -10.000040 64.760406 6.347149
v -14.000040 64.242599 5.757347
v -10.000040 64.242599 5.757347
v -14.000040 63.652802 5.239548
v -10.000040 63.652802 5.239548
v -14.000040 63.000000 4.803947
v -10.000040 63.000000 4.803947
v -14.000040 62.296204 4.456558
v -10.000040 62.296204 4.456547
v -14.000040 61.552795 4.204559
v -10.000040 61.552795 4.204548
v -14.000040 60.783005 4.051559
v -10.000040 60.783005 4.051548
v -14.000040 60.000000 3.999958
v -10.000040 60.000000 3.999950
v -14.000040 59.216995 4.051559
v -10.000040 59.216995 4.051548
v -14.000040 58.447205 4.204559
v -10.000040 58.447205 4.204548
v -14.000040 57.703796 4.456558
v -10.000040 57.703796 4.456558
v -14.000040 57.000000 4.803959
v -10.000040 57.000000 4.803959
v -14.000040 56.347198 5.239559
v -10.000040 56.347198 5.239559
v -14.000040 55.757401 5.757359
v -10.000031 55.757401 5.757359
v -14.000030 55.239594 6.347160
v -10.000031 55.239594 6.347160
v -14.000030 54.804001 6.999958
v -10.000031 54.804001 6.999958
v -14.000030 54.456604 7.703758
v -10.000031 54.456604 7.703758
v -14.000030 54.204605 8.447159
v -10.000031 54.204605 8.447159
v -14.000030 54.051605 9.216957
v -10.000031 54.051605 9.216957
v -14.000030 54.000000 9.999958
v -10.000031 54.000000 9.999958
v -14.000030 54.051605 10.782959
v -10.000031 54.051605 10.782959
v -14.000030 54.204605 11.552757
v -10.000031 54.204605 11.552757
v -14.000030 54.456604 12.296158
v -10.000031 54.456604 12.296158
v -14.000030 54.804001 12.999958
v -10.000031 54.804001 12.999958
v -14.000030 55.239594 13.652760
v -10.000031 55.239594 13.652760
v -14.000030 55.757401 14.242558
v -10.000031 55.757401 14.242558
v -14.000030 56.347198 14.760357
v -10.000031 56.347198 14.760357
v -14.000030 57.000000 15.195957
v -10.000031 57.000000 15.195957
v -14.000030 57.703796 15.543358
v -10.000031 57.703796 15.543358
v -14.000030 58.447205 15.795357
v -10.000031 58.447205 15.795357
v -14.000030 59.216995 15.948360
v -10.000031 59.216995 15.948360
v -14.000030 60.000000 15.999958
v -10.000031 60.000000 15.999958
v -14.000030 60.783005 15.948360
v -10.000031 60.783005 15.948349
v -14.000030 61.552795 15.795357
v -10.000031 61.552795 15.795349
v -14.000030 62.296204 15.543358
v -10.000031 62.296204 15.543350
v -14.000030 63.000000 15.195957
v -10.000031 63.000000 15.195950
v -14.000030 63.652802 14.760349
v -10.000031 63.652802 14.760349
v -14.000030 64.242599 14.242558
v -10.000031 64.242599 14.242550
v -14.000040 64.760406 13.652748
v -10.000040 64.760406 13.652748
v -14.000040 65.195999 12.999958
v -10.000040 65.195999 12.999950
v -14.000040 65.543396 12.296158
v -10.000040 65.543396 12.296150
v -14.000040 65.795395 11.552750
v -10.000040 65.795395 11.552750
v -14.000040 65.948395 10.782948
v -10.000040 65.948395 10.782948
v -14.000040 65.948395 9.216949
v -14.000040 66.000000 9.999950
v -14.000040 60.000000 9.999958
v -14.000040 65.795395 8.447147
v -14.000040 65.543396 7.703747
v -14.000040 65.195999 6.999950
v -14.000040 64.760406 6.347149
v -14.000040 64.242599 5.757347
v -14.000040 63.652802 5.239548
v -14.000040 63.000000 4.803947
v -14.000040 62.296204 4.456558
v -14.000040 61.552795 4.204559
v -14.000040 60.783005 4.051559
v -14.000040 60.000000 3.999958
v -14.000040 59.216995 4.051559
v -14.000040 58.447205 4.204559
v -14.000040 57.703796 4.456558
v -14.000040 57.000000 4.803959
v -14.000040 56.347198 5.239559
v -14.000040 55.757401 5.757359
v -14.000030 55.239594 6.347160
v -14.000030 54.804001 6.999958
v -14.000030 54.456604 7.703758
v -14.000030 54.204605 8.447159
v -14.000030 54.051605 9.216957
v -14.000030 54.000000 9.999958
v -14.000030 54.051605 10.782959
v -14.000030 54.204605 11.552757
v -14.000030 54.456604 12.296158
v -14.000030 54.804001 12.999958
v -14.000030 55.239594 13.652760
v -14.000030 55.757401 14.242558
v -14.000030 56.347198 14.760357
v -14.000030 57.000000 15.195957
v -14.000030 57.703796 15.543358
v -14.000030 58.447205 15.795357
v -14.000030 59.216995 15.948360
v -14.000030 60.000000 15.999958
v -14.000030 60.783005 15.948360
v -14.000030 61.552795 15.795357
v -14.000030 62.296204 15.543358
v -14.000030 63.000000 15.195957
v -14.000030 63.652802 14.760349
v -14.000030 64.242599 14.242558
v -14.000040 64.760406 13.652748
v -14.000040 65.195999 12.999958
v -14.000040 65.543396 12.296158
v -14.000040 65.795395 11.552750
v -14.000040 65.948395 10.782948
v -14.000020 45.948395 9.216969
v -14.000020 46.000000 9.999969
v -10.000019 46.000000 9.999969
v -10.000019 45.948395 9.216969
v -14.000020 45.795395 8.447170
v -10.000019 45.795395 8.447170
v -14.000020 45.543396 7.703770
v -10.000019 45.543396 7.703770
v -14.000020 45.195999 6.999969
v -10.000019 45.195999 6.999969
v -14.000020 44.760406 6.347168
v -10.000019 44.760406 6.347168
v -14.000030 44.242599 5.757370
v -10.000019 44.242599 5.757370
v -14.000030 43.652802 5.239567
v -10.000019 43.652802 5.239567
v -14.000020 43.000000 4.803970
v -10.000019 43.000000 4.803970
v -14.000020 42.296204 4.456570
v -10.000019 42.296204 4.456570
v -14.000020 41.552795 4.204567
v -10.000019 41.552795 4.204567
v -14.000020 40.783005 4.051579
v -10.000019 40.783005 4.051567
v -14.000020 40.000000 3.999969
v -10.000019 40.000000 3.999969
v -14.000020 39.216995 4.051579
v -10.000019 39.216995 4.051567
v -14.000020 38.447205 4.204578
v -10.000019 38.447205 4.204567
v -14.000020 37.703796 4.456577
v -10.000019 37.703796 4.456570
v -14.000020 37.000000 4.803978
v -10.000019 37.000000 4.803978
v -14.000020 36.347198 5.239578
v -10.000019 36.347198 5.239578
v -14.000020 35.757401 5.757381
v -10.000019 35.757401 5.757381
v -14.000020 35.239601 6.347183
v -10.000019 35.239601 6.347183
v -14.000020 34.804001 6.999981
v -10.000019 34.804001 6.999981
v -14.000010 34.456596 7.703781
v -10.000010 34.456596 7.703781
v -14.000010 34.204597 8.447182
v -10.000010 34.204597 8.447182
v -14.000010 34.051598 9.216984
v -10.000010 34.051598 9.216984
v -14.000010 34.000000 9.999981
v -10.000010 34.000000 9.999981
v -14.000010 34.051605 10.782982
v -10.000010 34.051605 10.782982
v -14.000010 34.204605 11.552784
v -10.000010 34.204605 11.552784
v -14.000010 34.456604 12.296181
v -10.000010 34.456604 12.296181
v -14.000010 34.804008 12.999981
v -10.000010 34.804008 12.999981
v -14.000010 35.239609 13.652782
v -10.000010 35.239609 13.652782
v -14.000010 35.757408 14.242584
v -10.000010 35.757408 14.242584
v -14.000010 36.347206 14.760380
v -10.000010 36.347206 14.760380
v -14.000010 37.000008 15.195980
v -10.000010 37.000008 15.195980
v -14.000010 37.703804 15.543377
v -10.000010 37.703804 15.543369
v -14.000010 38.447205 15.795380
v -10.000010 38.447205 15.795380
v -14.000010 39.216995 15.948380
v -10.000010 39.216995 15.948380
v -14.000010 40.000000 15.999977
v -10.000010 40.000000 15.999969
v -14.000010 40.783005 15.948380
v -10.000010 40.783005 15.948368
v -14.000010 41.552795 15.795380
v -10.000010 41.552795 15.795368
v -14.000010 42.296204 15.543369
v -10.000010 42.296204 15.543369
v -14.000020 43.000000 15.195969
v -10.000019 43.000000 15.195969
v -14.000020 43.652802 14.760368
v -10.000019 43.652802 14.760368
v -14.000020 44.242599 14.242569
v -10.000019 44.242599 14.242569
v -14.000020 44.760406 13.652767
v -10.000019 44.760406 13.652767
v -14.000020 45.195999 12.999969
v -10.000019 45.195999 12.999969
v -14.000020 45.543396 12.296169
v -10.000019 45.543396 12.296169
v -14.000020 45.795395 11.552769
v -10.000019 45.795395 11.552769
v -14.000020 45.948395 10.782970
v -10.000019 45.948395 10.782970
v -14.000020 45.948395 9.216969
v -14.000020 46.000000 9.999969
v -14.000020 40.000000 9.999969
v -14.000020 45.795395 8.447170
v -14.000020 45.543396 7.703770
v -14.000020 45.195999 6.999969
v -14.000020 44.760406 6.347168
v -14.000030 44.242599 5.757370
v -14.000030 43.652802 5.239567
v -14.000020 43.000000 4.803970
v -14.000020 42.296204 4.456570
v -14.000020 41.552795 4.204567
v -14.000020 40.783005 4.051579
v -14.000020 40.000000 3.999969
v -14.000020 39.216995 4.051579
v -14.000020 38.447205 4.204578
v -14.000020 37.703796 4.456577
v -14.000020 37.000000 4.803978
v -14.000020 36.347198 5.239578
v -14.000020 35.757401 5.757381
v -14.000020 35.239601 6.347183
v -14.000020 34.804001 6.999981
v -14.000010 34.456596 7.703781
v -14.000010 34.204597 8.447182
v -14.000010 34.051598 9.216984
v -14.000010 34.000000 9.999981
v -14.000010 34.051605 10.782982
v -14.000010 34.204605 11.552784
v -14.000010 34.456604 12.296181
v -14.000010 34.804008 12.999981
v -14.000010 35.239609 13.652782
v -14.000010 35.757408 14.242584
v -14.000010 36.347206 14.760380
v -14.000010 37.000008 15.195980
v -14.000010 37.703804 15.543377
v -14.000010 38.447205 15.795380
v -14.000010 39.216995 15.948380
v -14.000010 40.000000 15.999977
v -14.000010 40.783005 15.948380
v -14.000010 41.552795 15.795380
v -14.000010 42.296204 15.543369
v -14.000020 43.000000 15.195969
v -14.000020 43.652802 14.760368
v -14.000020 44.242599 14.242569
v -14.000020 44.760406 13.652767
v -14.000020 45.195999 12.999969
v -14.000020 45.543396 12.296169
v -14.000020 45.795395 11.552769
v -14.000020 45.948395 10.782970
v -14.000010 25.948402 9.216991
v -14.000000 26.000000 9.999992
v -10.000000 26.000000 9.999992
v -10.000010 25.948402 9.216991
v -14.000010 25.795403 8.447193
v -10.000010 25.795403 8.447182
v -14.000010 25.543404 7.703793
v -10.000010 25.543404 7.703793
v -14.000010 25.195999 6.999992
v -10.000010 25.195999 6.999992
v -14.000010 24.760399 6.347191
v -10.000010 24.760399 6.347183
v -14.000010 24.242599 5.757393
v -10.000010 24.242599 5.757393
v -14.000010 23.652802 5.239594
v -10.000010 23.652802 5.239594
v -14.000010 23.000000 4.803993
v -10.000010 23.000000 4.803993
v -14.000010 22.296204 4.456593
v -10.000010 22.296204 4.456593
v -14.000010 21.552803 4.204594
v -10.000010 21.552803 4.204594
v -14.000010 20.782997 4.051594
v -10.000010 20.782997 4.051594
v -14.000010 20.000000 3.999992
v -10.000010 20.000000 3.999992
v -14.000000 19.217003 4.051601
v -10.000000 19.217003 4.051594
v -14.000000 18.447197 4.204601
v -10.000000 18.447197 4.204594
v -14.000000 17.703796 4.456593
v -10.000000 17.703796 4.456593
v -14.000000 17.000000 4.803993
v -10.000000 17.000000 4.803993
v -14.000000 16.347198 5.239601
v -10.000000 16.347198 5.239594
v -14.000000 15.757401 5.757401
v -10.000000 15.757401 5.757393
v -14.000000 15.239601 6.347202
v -10.000000 15.239601 6.347202
v -14.000000 14.804001 7.000004
v -10.000000 14.804001 6.999992
v -14.000000 14.456596 7.703804
v -10.000000 14.456596 7.703793
v -14.000000 14.204597 8.447201
v -10.000000 14.204597 8.447193
v -13.999990 14.051598 9.217003
v -9.999990 14.051598 9.217003
v -13.999990 14.000000 10.000004
v -9.999990 14.000000 10.000004
v -13.999990 14.051605 10.783001
v -9.999990 14.051605 10.782993
v -13.999990 14.204605 11.552803
v -9.999990 14.204605 11.552803
v -13.999990 14.456604 12.296204
v -9.999990 14.456604 12.296204
v -13.999990 14.804008 13.000004
v -9.999990 14.804008 13.000004
v -13.999990 15.239609 13.652802
v -9.999990 15.239609 13.652802
v -13.999990 15.757408 14.242603
v -9.999990 15.757408 14.242603
v -13.999990 16.347206 14.760403
v -9.999990 16.347206 14.760403
v -13.999990 17.000008 15.196003
v -9.999990 17.000008 15.196003
v -13.999990 17.703804 15.543404
v -9.999990 17.703804 15.543392
v -13.999990 18.447205 15.795403
v -9.999990 18.447205 15.795391
v -13.999990 19.217010 15.948402
v -9.999990 19.217010 15.948391
v -13.999990 20.000008 16.000004
v -9.999990 20.000008 15.999992
v -13.999990 20.783005 15.948402
v -9.999990 20.783005 15.948391
v -13.999990 21.552811 15.795403
v -9.999990 21.552811 15.795391
v -14.000000 22.296211 15.543392
v -10.000000 22.296211 15.543392
v -14.000000 23.000008 15.195992
v -10.000000 23.000008 15.195992
v -14.000000 23.652809 14.760391
v -10.000000 23.652809 14.760391
v -14.000000 24.242607 14.242592
v -10.000000 24.242607 14.242592
v -14.000000 24.760406 13.652794
v -10.000000 24.760406 13.652794
v -14.000000 25.196007 12.999992
v -10.000000 25.196007 12.999992
v -14.000000 25.543411 12.296192
v -10.000000 25.543411 12.296192
v -14.000000 25.795410 11.552792
v -10.000000 25.795410 11.552792
v -14.000000 25.948410 10.782993
v -10.000000 25.948410 10.782993
v -14.000010 25.948402 9.216991
v -14.000000 26.000000 9.999992
v -14.000000 20.000000 9.999992
v -14.000010 25.795403 8.447193
v -14.000010 25.543404 7.703793
v -14.000010 25.195999 6.999992
v -14.000010 24.760399 6.347191
v -14.000010 24.242599 5.757393
v -14.000010 23.652802 5.239594
v -14.000010 23.000000 4.803993
v -14.000010 22.296204 4.456593
v -14.000010 21.552803 4.204594
v -14.000010 20.782997 4.051594
v -14.000010 20.000000 3.999992
v -14.000000 19.217003 4.051601
v -14.000000 18.447197 4.204601
v -14.000000 17.703796 4.456593
v -14.000000 17.000000 4.803993
v -14.000000 16.347198 5.239601
v -14.000000 15.757401 5.757401
v -14.000000 15.239601 6.347202
v -14.000000 14.804001 7.000004
v -14.000000 14.456596 7.703804
v -14.000000 14.204597 8.447201
v -13.999990 14.051598 9.217003
v -13.999990 14.000000 10.000004
v -13.999990 14.051605 10.783001
v -13.999990 14.204605 11.552803
v -13.999990 14.456604 12.296204
v -13.999990 14.804008 13.000004
v -13.999990 15.239609 13.652802
v -13.999990 15.757408 14.242603
v -13.999990 16.347206 14.760403
v -13.999990 17.000008 15.196003
v -13.999990 17.703804 15.543404
v -13.999990 18.447205 15.795403
v -13.999990 19.217010 15.948402
v -13.999990 20.000008 16.000004
v -13.999990 20.783005 15.948402
v -13.999990 21.552811 15.795403
v -14.000000 22.296211 15.543392
v -14.000000 23.000008 15.195992
v -14.000000 23.652809 14.760391
v -14.000000 24.242607 14.242592
v -14.000000 24.760406 13.652794
v -14.000000 25.196007 12.999992
v -14.000000 25.543411 12.296192
v -14.000000 25.795410 11.552792
v -14.000000 25.948410 10.782993
v -13.999990 5.948418 9.217010
v -13.999990 6.000023 10.000011
v -9.999990 6.000023 10.000011
v -9.999990 5.948433 9.217003
v -13.999990 5.795418 8.447212
v -9.999990 5.795433 8.447201
v -13.999990 5.543419 7.703812
v -9.999990 5.543419 7.703812
v -13.999990 5.196007 7.000011
v -9.999990 5.196022 7.000011
v -13.999990 4.760406 6.347214
v -9.999990 4.760422 6.347202
v -13.999990 4.242607 5.757412
v -9.999990 4.242622 5.757412
v -13.999990 3.652817 5.239613
v -9.999990 3.652817 5.239613
v -13.999990 3.000023 4.804012
v -9.999990 3.000023 4.804012
v -13.999990 2.296211 4.456612
v -9.999990 2.296219 4.456612
v -13.999990 1.552811 4.204613
v -9.999990 1.552818 4.204613
v -13.999990 0.783012 4.051613
v -9.999990 0.783020 4.051613
v -13.999990 0.000023 4.000011
v -9.999990 0.000023 4.000011
v -13.999990 -0.782990 4.051613
v -9.999990 -0.782982 4.051613
v -13.999990 -1.552788 4.204613
v -9.999981 -1.552780 4.204613
v -13.999981 -2.296188 4.456612
v -9.999981 -2.296181 4.456612
v -13.999981 -2.999977 4.804012
v -9.999981 -2.999977 4.804012
v -13.999981 -3.652786 5.239613
v -9.999981 -3.652779 5.239613
v -13.999981 -4.242577 5.757423
v -9.999981 -4.242577 5.757412
v -13.999981 -4.760384 6.347221
v -9.999981 -4.760384 6.347214
v -13.999981 -5.195976 7.000023
v -9.999981 -5.195976 7.000011
v -13.999981 -5.543381 7.703823
v -9.999981 -5.543381 7.703812
v -13.999981 -5.795387 8.447224
v -9.999981 -5.795380 8.447212
v -13.999981 -5.948387 9.217022
v -9.999981 -5.948380 9.217022
v -13.999981 -5.999977 10.000023
v -9.999981 -5.999977 10.000011
v -13.999981 -5.948372 10.783024
v -9.999981 -5.948372 10.783012
v -13.999981 -5.795372 11.552822
v -9.999981 -5.795372 11.552822
v -13.999981 -5.543373 12.296223
v -9.999969 -5.543365 12.296211
v -13.999969 -5.195969 13.000023
v -9.999969 -5.195969 13.000011
v -13.999969 -4.760376 13.652821
v -9.999969 -4.760376 13.652813
v -13.999969 -4.242569 14.242622
v -9.999969 -4.242569 14.242611
v -13.999969 -3.652771 14.760422
v -9.999969 -3.652763 14.760414
v -13.999969 -2.999969 15.196022
v -9.999969 -2.999962 15.196011
v -13.999969 -2.296165 15.543423
v -9.999969 -2.296165 15.543411
v -13.999981 -1.552773 15.795422
v -9.999969 -1.552765 15.795414
v -13.999981 -0.782959 15.948421
v -9.999981 -0.782959 15.948414
v -13.999981 0.000031 16.000011
v -9.999981 0.000038 16.000011
v -13.999981 0.783035 15.948421
v -9.999981 0.783035 15.948414
v -13.999981 1.552841 15.795422
v -9.999981 1.552841 15.795414
v -13.999981 2.296234 15.543411
v -9.999981 2.296234 15.543411
v -13.999981 3.000031 15.196011
v -9.999981 3.000038 15.196011
v -13.999981 3.652824 14.760414
v -9.999981 3.652824 14.760414
v -13.999981 4.242630 14.242611
v -9.999981 4.242638 14.242603
v -13.999981 4.760429 13.652813
v -9.999981 4.760437 13.652813
v -13.999981 5.196030 13.000011
v -9.999981 5.196037 13.000011
v -13.999981 5.543427 12.296211
v -9.999981 5.543434 12.296211
v -13.999981 5.795425 11.552811
v -9.999981 5.795441 11.552803
v -13.999990 5.948425 10.783012
v -9.999981 5.948441 10.783001
v -13.999990 5.948418 9.217010
v -13.999990 6.000023 10.000011
v -13.999981 0.000023 10.000011
v -13.999990 5.795418 8.447212
v -13.999990 5.543419 7.703812
v -13.999990 5.196007 7.000011
v -13.999990 4.760406 6.347214
v -13.999990 4.242607 5.757412
v -13.999990 3.652817 5.239613
v -13.999990 3.000023 4.804012
v -13.999990 2.296211 4.456612
v -13.999990 1.552811 4.204613
v -13.999990 0.783012 4.051613
v -13.999990 0.000023 4.000011
v -13.999990 -0.782990 4.051613
v -13.999990 -1.552788 4.204613
v -13.999981 -2.296188 4.456612
v -13.999981 -2.999977 4.804012
v -13.999981 -3.652786 5.239613
v -13.999981 -4.242577 5.757423
v -13.999981 -4.760384 6.347221
v -13.999981 -5.195976 7.000023
v -13.999981 -5.543381 7.703823
v -13.999981 -5.795387 8.447224
v -13.999981 -5.948387 9.217022
v -13.999981 -5.999977 10.000023
v -13.999981 -5.948372 10.783024
v -13.999981 -5.795372 11.552822
v -13.999981 -5.543373 12.296223
v -13.999969 -5.195969 13.000023
v -13.999969 -4.760376 13.652821
v -13.999969 -4.242569 14.242622
v -13.999969 -3.652771 14.760422
v -13.999969 -2.999969 15.196022
v -13.999969 -2.296165 15.543423
v -13.999981 -1.552773 15.795422
v -13.999981 -0.782959 15.948421
v -13.999981 0.000031 16.000011
v -13.999981 0.783035 15.948421
v -13.999981 1.552841 15.795422
v -13.999981 2.296234 15.543411
v -13.999981 3.000031 15.196011
v -13.999981 3.652824 14.760414
v -13.999981 4.242630 14.242611
v -13.999981 4.760429 13.652813
v -13.999981 5.196030 13.000011
v -13.999981 5.543427 12.296211
v -13.999981 5.795425 11.552811
v -13.999990 5.948425 10.783012
v -13.999969 -14.051582 9.217033
v -13.999969 -13.999977 10.000023
v -9.999969 -13.999977 10.000023
v -9.999969 -14.051582 9.217022
v -13.999969 -14.204582 8.447231
v -9.999969 -14.204582 8.447224
v -13.999969 -14.456589 7.703827
v -9.999969 -14.456581 7.703827
v -13.999969 -14.803993 7.000027
v -9.999969 -14.803993 7.000027
v -13.999969 -15.239594 6.347237
v -9.999969 -15.239594 6.347225
v -13.999969 -15.757393 5.757427
v -9.999969 -15.757393 5.757427
v -13.999969 -16.347191 5.239635
v -9.999969 -16.347183 5.239628
v -13.999969 -16.999977 4.804035
v -9.999969 -16.999977 4.804035
v -13.999969 -17.703789 4.456635
v -9.999969 -17.703781 4.456627
v -13.999969 -18.447189 4.204636
v -9.999969 -18.447182 4.204636
v -13.999969 -19.216988 4.051636
v -9.999969 -19.216980 4.051636
v -13.999969 -19.999992 4.000034
v -9.999969 -19.999977 4.000027
v -13.999969 -20.782990 4.051636
v -9.999969 -20.782982 4.051636
v -13.999969 -21.552788 4.204636
v -9.999969 -21.552780 4.204636
v -13.999969 -22.296188 4.456635
v -9.999969 -22.296181 4.456635
v -13.999969 -22.999992 4.804035
v -9.999969 -22.999977 4.804035
v -13.999969 -23.652786 5.239635
v -9.999960 -23.652786 5.239635
v -13.999960 -24.242577 5.757435
v -9.999960 -24.242577 5.757435
v -13.999960 -24.760384 6.347237
v -9.999960 -24.760384 6.347237
v -13.999960 -25.195976 7.000046
v -9.999960 -25.195976 7.000034
v -13.999960 -25.543388 7.703846
v -9.999960 -25.543381 7.703835
v -13.999960 -25.795387 8.447247
v -9.999960 -25.795380 8.447235
v -13.999960 -25.948387 9.217037
v -9.999960 -25.948380 9.217037
v -13.999960 -25.999977 10.000046
v -9.999960 -25.999977 10.000034
v -13.999960 -25.948372 10.783047
v -9.999960 -25.948372 10.783035
v -13.999960 -25.795372 11.552845
v -9.999960 -25.795372 11.552845
v -13.999960 -25.543373 12.296246
v -9.999960 -25.543373 12.296238
v -13.999960 -25.195969 13.000046
v -9.999960 -25.195969 13.000034
v -13.999960 -24.760376 13.652847
v -9.999960 -24.760376 13.652836
v -13.999960 -24.242569 14.242645
v -9.999950 -24.242569 14.242638
v -13.999960 -23.652771 14.760437
v -9.999950 -23.652771 14.760437
v -13.999960 -22.999969 15.196037
v -9.999960 -22.999969 15.196037
v -13.999960 -22.296173 15.543446
v -9.999960 -22.296165 15.543438
v -13.999960 -21.552773 15.795437
v -9.999960 -21.552765 15.795437
v -13.999960 -20.782974 15.948437
v -9.999960 -20.782959 15.948437
v -13.999960 -19.999969 16.000034
v -9.999960 -19.999969 16.000034
v -13.999960 -19.216972 15.948437
v -9.999960 -19.216965 15.948437
v -13.999960 -18.447174 15.795437
v -9.999960 -18.447159 15.795437
v -13.999960 -17.703773 15.543438
v -9.999960 -17.703766 15.543438
v -13.999960 -16.999969 15.196037
v -9.999960 -16.999969 15.196037
v -13.999960 -16.347176 14.760437
v -9.999960 -16.347176 14.760426
v -13.999960 -15.757370 14.242638
v -9.999960 -15.757370 14.242626
v -13.999960 -15.239571 13.652836
v -9.999960 -15.239571 13.652824
v -13.999969 -14.803970 13.000034
v -9.999969 -14.803970 13.000027
v -13.999969 -14.456573 12.296238
v -9.999969 -14.456566 12.296227
v -13.999969 -14.204575 11.552834
v -9.999969 -14.204559 11.552822
v -13.999969 -14.051575 10.783031
v -9.999969 -14.051559 10.783024
v -13.999969 -14.051582 9.217033
v -13.999969 -13.999977 10.000023
v -13.999960 -19.999977 10.000034
v -13.999969 -14.204582 8.447231
v -13.999969 -14.456589 7.703827
v -13.999969 -14.803993 7.000027
v -13.999969 -15.239594 6.347237
v -13.999969 -15.757393 5.757427
v -13.999969 -16.347191 5.239635
v -13.999969 -16.999977 4.804035
v -13.999969 -17.703789 4.456635
v -13.999969 -18.447189 4.204636
v -13.999969 -19.216988 4.051636
v -13.999969 -19.999992 4.000034
v -13.999969 -20.782990 4.051636
v -13.999969 -21.552788 4.204636
v -13.999969 -22.296188 4.456635
v -13.999969 -22.999992 4.804035
v -13.999969 -23.652786 5.239635
v -13.999960 -24.242577 5.757435
v -13.999960 -24.760384 6.347237
v -13.999960 -25.195976 7.000046
v -13.999960 -25.543388 7.703846
v -13.999960 -25.795387 8.447247
v -13.999960 -25.948387 9.217037
v -13.999960 -25.999977 10.000046
v -13.999960 -25.948372 10.783047
v -13.999960 -25.795372 11.552845
v -13.999960 -25.543373 12.296246
v -13.999960 -25.195969 13.000046
v -13.999960 -24.760376 13.652847
v -13.999960 -24.242569 14.242645
v -13.999960 -23.652771 14.760437
v -13.999960 -22.999969 15.196037
v -13.999960 -22.296173 15.543446
v -13.999960 -21.552773 15.795437
v -13.999960 -20.782974 15.948437
v -13.999960 -19.999969 16.000034
v -13.999960 -19.216972 15.948437
v -13.999960 -18.447174 15.795437
v -13.999960 -17.703773 15.543438
v -13.999960 -16.999969 15.196037
v -13.999960 -16.347176 14.760437
v -13.999960 -15.757370 14.242638
v -13.999960 -15.239571 13.652836
v -13.999969 -14.803970 13.000034
v -13.999969 -14.456573 12.296238
v -13.999969 -14.204575 11.552834
v -13.999969 -14.051575 10.783031
v -13.999950 -34.051586 9.217045
v -13.999950 -33.999977 10.000046
v -9.999950 -33.999977 10.000046
v -9.999950 -34.051575 9.217045
v -13.999950 -34.204586 8.447247
v -9.999950 -34.204575 8.447247
v -13.999950 -34.456585 7.703846
v -9.999950 -34.456577 7.703846
v -13.999950 -34.803986 7.000046
v -9.999950 -34.803986 7.000046
v -13.999950 -35.239586 6.347256
v -9.999950 -35.239586 6.347248
v -13.999950 -35.757385 5.757446
v -9.999950 -35.757385 5.757446
v -13.999950 -36.347187 5.239647
v -9.999950 -36.347176 5.239647
v -13.999950 -36.999985 4.804047
v -9.999950 -36.999977 4.804047
v -13.999950 -37.703785 4.456657
v -9.999950 -37.703777 4.456646
v -13.999950 -38.447186 4.204655
v -9.999950 -38.447186 4.204647
v -13.999950 -39.216988 4.051655
v -9.999950 -39.216988 4.051647
v -13.999950 -39.999985 4.000057
v -9.999950 -39.999985 4.000046
v -13.999950 -40.782986 4.051655
v -9.999950 -40.782986 4.051647
v -13.999950 -41.552788 4.204655
v -9.999950 -41.552788 4.204647
v -13.999950 -42.296185 4.456657
v -9.999950 -42.296185 4.456657
v -13.999950 -42.999985 4.804058
v -9.999950 -42.999985 4.804058
v -13.999950 -43.652786 5.239655
v -9.999950 -43.652786 5.239655
v -13.999950 -44.242588 5.757458
v -9.999950 -44.242577 5.757458
v -13.999941 -44.760387 6.347256
v -9.999941 -44.760376 6.347256
v -13.999941 -45.195988 7.000057
v -9.999941 -45.195976 7.000057
v -13.999941 -45.543385 7.703865
v -9.999941 -45.543377 7.703857
v -13.999941 -45.795387 8.447266
v -9.999941 -45.795376 8.447258
v -13.999941 -45.948387 9.217056
v -9.999941 -45.948376 9.217056
v -13.999941 -45.999985 10.000057
v -9.999941 -45.999977 10.000057
v -13.999941 -45.948376 10.783066
v -9.999941 -45.948376 10.783054
v -13.999941 -45.795376 11.552856
v -9.999941 -45.795376 11.552856
v -13.999941 -45.543377 12.296257
v -9.999941 -45.543377 12.296257
v -13.999941 -45.195976 13.000057
v -9.999941 -45.195976 13.000057
v -13.999941 -44.760376 13.652866
v -9.999941 -44.760376 13.652855
v -13.999941 -44.242577 14.242657
v -9.999941 -44.242577 14.242657
v -13.999941 -43.652775 14.760456
v -9.999941 -43.652775 14.760456
v -13.999941 -42.999977 15.196056
v -9.999941 -42.999977 15.196056
v -13.999941 -42.296177 15.543457
v -9.999941 -42.296177 15.543457
v -13.999941 -41.552776 15.795456
v -9.999941 -41.552776 15.795456
v -13.999941 -40.782978 15.948456
v -9.999941 -40.782978 15.948456
v -13.999941 -39.999977 16.000057
v -9.999941 -39.999977 16.000057
v -13.999941 -39.216976 15.948456
v -9.999941 -39.216976 15.948456
v -13.999941 -38.447178 15.795456
v -9.999941 -38.447178 15.795456
v -13.999941 -37.703777 15.543457
v -9.999941 -37.703777 15.543446
v -13.999941 -36.999977 15.196056
v -9.999941 -36.999977 15.196045
v -13.999941 -36.347176 14.760456
v -9.999941 -36.347176 14.760445
v -13.999941 -35.757378 14.242657
v -9.999941 -35.757378 14.242645
v -13.999950 -35.239574 13.652847
v -9.999950 -35.239574 13.652847
v -13.999950 -34.803986 13.000057
v -9.999950 -34.803978 13.000046
v -13.999950 -34.456577 12.296246
v -9.999950 -34.456577 12.296246
v -13.999950 -34.204586 11.552856
v -9.999950 -34.204575 11.552845
v -13.999950 -34.051586 10.783047
v -9.999950 -34.051575 10.783047
v -13.999950 -34.051586 9.217045
v -13.999950 -33.999977 10.000046
v -13.999950 -39.999977 10.000057
v -13.999950 -34.204586 8.447247
v -13.999950 -34.456585 7.703846
v -13.999950 -34.803986 7.000046
v -13.999950 -35.239586 6.347256
v -13.999950 -35.757385 5.757446
v -13.999950 -36.347187 5.239647
v -13.999950 -36.999985 4.804047
v -13.999950 -37.703785 4.456657
v -13.999950 -38.447186 4.204655
v -13.999950 -39.216988 4.051655
v -13.999950 -39.999985 4.000057
v -13.999950 -40.782986 4.051655
v -13.999950 -41.552788 4.204655
v -13.999950 -42.296185 4.456657
v -13.999950 -42.999985 4.804058
v -13.999950 -43.652786 5.239655
v -13.999950 -44.242588 5.757458
v -13.999941 -44.760387 6.347256
v -13.999941 -45.195988 7.000057
v -13.999941 -45.543385 7.703865
v -13.999941 -45.795387 8.447266
v -13.999941 -45.948387 9.217056
v -13.999941 -45.999985 10.000057
v -13.999941 -45.948376 10.783066
v -13.999941 -45.795376 11.552856
v -13.999941 -45.543377 12.296257
v -13.999941 -45.195976 13.000057
v -13.999941 -44.760376 13.652866
v -13.999941 -44.242577 14.242657
v -13.999941 -43.652775 14.760456
v -13.999941 -42.999977 15.196056
v -13.999941 -42.296177 15.543457
v -13.999941 -41.552776 15.795456
v -13.999941 -40.782978 15.948456
v -13.999941 -39.999977 16.000057
v -13.999941 -39.216976 15.948456
v -13.999941 -38.447178 15.795456
v -13.999941 -37.703777 15.543457
v -13.999941 -36.999977 15.196056
v -13.999941 -36.347176 14.760456
v -13.999941 -35.757378 14.242657
v -13.999950 -35.239574 13.652847
v -13.999950 -34.803986 13.000057
v -13.999950 -34.456577 12.296246
v -13.999950 -34.204586 11.552856
v -13.999950 -34.051586 10.783047
v -13.999929 -54.051586 9.217068
v -13.999929 -53.999985 10.000065
v -9.999929 -53.999977 10.000065
v -9.999929 -54.051575 9.217068
v -13.999941 -54.204586 8.447266
v -9.999929 -54.204575 8.447266
v -13.999941 -54.456585 7.703865
v -9.999941 -54.456585 7.703865
v -13.999941 -54.803986 7.000065
v -9.999941 -54.803986 7.000065
v -13.999941 -55.239586 6.347267
v -9.999941 -55.239586 6.347267
v -13.999941 -55.757385 5.757465
v -9.999941 -55.757385 5.757465
v -13.999941 -56.347187 5.239666
v -9.999941 -56.347187 5.239666
v -13.999941 -56.999985 4.804066
v -9.999941 -56.999985 4.804066
v -13.999941 -57.703785 4.456676
v -9.999941 -57.703777 4.456665
v -13.999941 -58.447186 4.204666
v -9.999941 -58.447186 4.204666
v -13.999941 -59.216995 4.051666
v -9.999929 -59.216988 4.051666
v -13.999929 -59.999985 4.000076
v -9.999929 -59.999985 4.000065
v -13.999929 -60.782986 4.051678
v -9.999929 -60.782986 4.051666
v -13.999929 -61.552795 4.204678
v -9.999929 -61.552788 4.204666
v -13.999929 -62.296196 4.456676
v -9.999929 -62.296188 4.456676
v -13.999929 -62.999985 4.804077
v -9.999929 -62.999985 4.804077
v -13.999929 -63.652794 5.239677
v -9.999929 -63.652786 5.239677
v -13.999929 -64.242584 5.757477
v -9.999929 -64.242584 5.757477
v -13.999929 -64.760384 6.347279
v -9.999929 -64.760384 6.347279
v -13.999929 -65.195984 7.000080
v -9.999929 -65.195984 7.000080
v -13.999929 -65.543388 7.703880
v -9.999929 -65.543381 7.703880
v -13.999920 -65.795387 8.447281
v -9.999920 -65.795387 8.447281
v -13.999920 -65.948387 9.217079
v -9.999920 -65.948387 9.217079
v -13.999920 -65.999985 10.000080
v -9.999920 -65.999977 10.000080
v -13.999920 -65.948387 10.783081
v -9.999920 -65.948387 10.783081
v -13.999920 -65.795387 11.552879
v -9.999920 -65.795387 11.552879
v -13.999920 -65.543381 12.296280
v -9.999920 -65.543381 12.296280
v -13.999920 -65.195984 13.000080
v -9.999920 -65.195976 13.000080
v -13.999920 -64.760384 13.652882
v -9.999920 -64.760376 13.652882
v -13.999920 -64.242577 14.242676
v -9.999920 -64.242577 14.242676
v -13.999920 -63.652786 14.760475
v -9.999920 -63.652779 14.760475
v -13.999920 -62.999977 15.196075
v -9.999920 -62.999977 15.196075
v -13.999920 -62.296188 15.543476
v -9.999920 -62.296177 15.543476
v -13.999920 -61.552788 15.795475
v -9.999920 -61.552776 15.795475
v -13.999920 -60.782974 15.948475
v -9.999920 -60.782974 15.948467
v -13.999920 -59.999977 16.000076
v -9.999920 -59.999977 16.000076
v -13.999920 -59.216988 15.948475
v -9.999920 -59.216976 15.948467
v -13.999920 -58.447174 15.795475
v -9.999920 -58.447174 15.795475
v -13.999920 -57.703777 15.543476
v -9.999920 -57.703766 15.543465
v -13.999929 -56.999977 15.196075
v -9.999929 -56.999977 15.196068
v -13.999929 -56.347176 14.760475
v -9.999929 -56.347176 14.760468
v -13.999929 -55.757385 14.242676
v -9.999929 -55.757378 14.242664
v -13.999929 -55.239586 13.652866
v -9.999929 -55.239574 13.652866
v -13.999929 -54.803986 13.000065
v -9.999929 -54.803978 13.000065
v -13.999929 -54.456585 12.296265
v -9.999929 -54.456577 12.296265
v -13.999929 -54.204575 11.552868
v -9.999929 -54.204575 11.552868
v -13.999929 -54.051586 10.783066
v -9.999929 -54.051575 10.783066
v -13.999929 -54.051586 9.217068
v -13.999929 -53.999985 10.000065
v -13.999929 -59.999985 10.000076
v -13.999941 -54.204586 8.447266
v -13.999941 -54.456585 7.703865
v -13.999941 -54.803986 7.000065
v -13.999941 -55.239586 6.347267
v -13.999941 -55.757385 5.757465
v -13.999941 -56.347187 5.239666
v -13.999941 -56.999985 4.804066
v -13.999941 -57.703785 4.456676
v -13.999941 -58.447186 4.204666
v -13.999941 -59.216995 4.051666
v -13.999929 -59.999985 4.000076
v -13.999929 -60.782986 4.051678
v -13.999929 -61.552795 4.204678
v -13.999929 -62.296196 4.456676
v -13.999929 -62.999985 4.804077
v -13.999929 -63.652794 5.239677
v -13.999929 -64.242584 5.757477
v -13.999929 -64.760384 6.347279
v -13.999929 -65.195984 7.000080
v -13.999929 -65.543388 7.703880
v -13.999920 -65.795387 8.447281
v -13.999920 -65.948387 9.217079
v -13.999920 -65.999985 10.000080
v -13.999920 -65.948387 10.783081
v -13.999920 -65.795387 11.552879
v -13.999920 -65.543381 12.296280
v -13.999920 -65.195984 13.000080
v -13.999920 -64.760384 13.652882
v -13.999920 -64.242577 14.242676
v -13.999920 -63.652786 14.760475
v -13.999920 -62.999977 15.196075
v -13.999920 -62.296188 15.543476
v -13.999920 -61.552788 15.795475
v -13.999920 -60.782974 15.948475
v -13.999920 -59.999977 16.000076
v -13.999920 -59.216988 15.948475
v -13.999920 -58.447174 15.795475
v -13.999920 -57.703777 15.543476
v -13.999929 -56.999977 15.196075
v -13.999929 -56.347176 14.760475
v -13.999929 -55.757385 14.242676
v -13.999929 -55.239586 13.652866
v -13.999929 -54.803986 13.000065
v -13.999929 -54.456585 12.296265
v -13.999929 -54.204575 11.552868
v -13.999929 -54.051586 10.783066
v -13.999920 -74.051590 9.217091
v -13.999920 -73.999985 10.000092
v -9.999910 -73.999977 10.000092
v -9.999920 -74.051575 9.217091
v -13.999920 -74.204590 8.447289
v -9.999920 -74.204575 8.447281
v -13.999920 -74.456596 7.703892
v -9.999920 -74.456589 7.703892
v -13.999920 -74.803986 7.000092
v -9.999920 -74.803986 7.000092
v -13.999920 -75.239594 6.347290
v -9.999920 -75.239586 6.347290
v -13.999920 -75.757385 5.757488
v -9.999920 -75.757385 5.757488
v -13.999920 -76.347183 5.239689
v -9.999920 -76.347183 5.239689
v -13.999920 -77.000000 4.804089
v -9.999920 -76.999985 4.804089
v -13.999920 -77.703789 4.456692
v -9.999920 -77.703789 4.456692
v -13.999920 -78.447189 4.204689
v -9.999920 -78.447189 4.204689
v -13.999920 -79.216995 4.051689
v -9.999920 -79.216988 4.051689
v -13.999920 -80.000000 4.000099
v -9.999920 -79.999985 4.000092
v -13.999920 -80.782990 4.051701
v -9.999910 -80.782990 4.051689
v -13.999910 -81.552795 4.204700
v -9.999910 -81.552795 4.204689
v -13.999910 -82.296196 4.456699
v -9.999910 -82.296196 4.456692
v -13.999910 -82.999992 4.804100
v -9.999910 -82.999985 4.804089
v -13.999910 -83.652794 5.239700
v -9.999910 -83.652786 5.239689
v -13.999910 -84.242592 5.757500
v -9.999910 -84.242584 5.757500
v -13.999910 -84.760391 6.347301
v -9.999910 -84.760384 6.347290
v -13.999910 -85.195992 7.000099
v -9.999910 -85.195984 7.000099
v -13.999910 -85.543388 7.703899
v -9.999910 -85.543381 7.703899
v -13.999910 -85.795395 8.447300
v -9.999910 -85.795387 8.447300
v -13.999901 -85.948395 9.217098
v -9.999901 -85.948387 9.217098
v -13.999901 -85.999985 10.000099
v -9.999901 -85.999985 10.000099
v -13.999901 -85.948387 10.783100
v -9.999901 -85.948387 10.783100
v -13.999901 -85.795387 11.552898
v -9.999901 -85.795387 11.552898
v -13.999901 -85.543381 12.296299
v -9.999901 -85.543381 12.296299
v -13.999901 -85.195984 13.000099
v -9.999901 -85.195976 13.000099
v -13.999901 -84.760384 13.652901
v -9.999901 -84.760376 13.652901
v -13.999901 -84.242584 14.242699
v -9.999901 -84.242577 14.242691
v -13.999901 -83.652786 14.760502
v -9.999901 -83.652779 14.760502
v -13.999901 -82.999985 15.196098
v -9.999901 -82.999977 15.196091
v -13.999901 -82.296188 15.543499
v -9.999901 -82.296181 15.543499
v -13.999901 -81.552788 15.795502
v -9.999901 -81.552780 15.795490
v -13.999901 -80.782982 15.948502
v -9.999901 -80.782974 15.948490
v -13.999901 -79.999985 16.000099
v -9.999901 -79.999977 16.000099
v -13.999901 -79.216988 15.948502
v -9.999901 -79.216980 15.948490
v -13.999910 -78.447174 15.795502
v -9.999901 -78.447174 15.795490
v -13.999910 -77.703773 15.543499
v -9.999910 -77.703773 15.543491
v -13.999910 -76.999985 15.196091
v -9.999910 -76.999977 15.196091
v -13.999910 -76.347183 14.760490
v -9.999910 -76.347176 14.760490
v -13.999910 -75.757385 14.242691
v -9.999910 -75.757378 14.242691
v -13.999910 -75.239586 13.652889
v -9.999910 -75.239578 13.652889
v -13.999910 -74.803986 13.000092
v -9.999910 -74.803978 13.000092
v -13.999910 -74.456589 12.296291
v -9.999910 -74.456589 12.296291
v -13.999910 -74.204590 11.552891
v -9.999910 -74.204575 11.552891
v -13.999910 -74.051590 10.783089
v -9.999910 -74.051575 10.783089
v -13.999920 -74.051590 9.217091
v -13.999920 -73.999985 10.000092
v -13.999910 -79.999985 10.000099
v -13.999920 -74.204590 8.447289
v -13.999920 -74.456596 7.703892
v -13.999920 -74.803986 7.000092
v -13.999920 -75.239594 6.347290
v -13.999920 -75.757385 5.757488
v -13.999920 -76.347183 5.239689
v -13.999920 -77.000000 4.804089
v -13.999920 -77.703789 4.456692
v -13.999920 -78.447189 4.204689
v -13.999920 -79.216995 4.051689
v -13.999920 -80.000000 4.000099
v -13.999920 -80.782990 4.051701
v -13.999910 -81.552795 4.204700
v -13.999910 -82.296196 4.456699
v -13.999910 -82.999992 4.804100
v -13.999910 -83.652794 5.239700
v -13.999910 -84.242592 5.757500
v -13.999910 -84.760391 6.347301
v -13.999910 -85.195992 7.000099
v -13.999910 -85.543388 7.703899
v -13.999910 -85.795395 8.447300
v -13.999901 -85.948395 9.217098
v -13.999901 -85.999985 10.000099
v -13.999901 -85.948387 10.783100
v -13.999901 -85.795387 11.552898
v -13.999901 -85.543381 12.296299
v -13.999901 -85.195984 13.000099
v -13.999901 -84.760384 13.652901
v -13.999901 -84.242584 14.242699
v -13.999901 -83.652786 14.760502
v -13.999901 -82.999985 15.196098
v -13.999901 -82.296188 15.543499
v -13.999901 -81.552788 15.795502
v -13.999901 -80.782982 15.948502
v -13.999901 -79.999985 16.000099
v -13.999901 -79.216988 15.948502
v -13.999910 -78.447174 15.795502
v -13.999910 -77.703773 15.543499
v -13.999910 -76.999985 15.196091
v -13.999910 -76.347183 14.760490
v -13.999910 -75.757385 14.242691
v -13.999910 -75.239586 13.652889
v -13.999910 -74.803986 13.000092
v -13.999910 -74.456589 12.296291
v -13.999910 -74.204590 11.552891
v -13.999910 -74.051590 10.783089
vn -0.0000 -0.9998 0.0220
vn -0.0000 -0.9998 -0.0220
vn -0.0000 -0.9940 0.1090
vn -0.0000 -0.9884 0.1522
vn -0.0000 -0.9714 0.2375
vn -0.0000 -0.9601 0.2795
vn -0.0000 -0.9321 0.3623
vn -0.0000 -0.9153 0.4029
vn -0.0000 -0.8767 0.4810
vn -0.0000 -0.8550 0.5186
vn -0.0000 -0.8066 0.5911
vn -0.0000 -0.7798 0.6260
vn -0.0000 -0.7222 0.6916
vn -0.0000 -0.6916 0.7223
vn -0.0000 -0.6261 0.7798
vn -0.0000 -0.5911 0.8066
vn -0.0000 -0.5185 0.8551
vn -0.0000 -0.4810 0.8767
vn -0.0000 -0.4028 0.9153
vn -0.0000 -0.3623 0.9321
vn -0.0000 -0.2796 0.9601
vn -0.0000 -0.2374 0.9714
vn -0.0000 -0.1522 0.9884
vn -0.0000 -0.1091 0.9940
vn -0.0000 -0.0220 0.9998
vn -0.0000 0.0220 0.9998
vn -0.0000 0.1091 0.9940
vn -0.0000 0.1522 0.9884
vn -0.0000 0.2375 0.9714
vn -0.0000 0.2795 0.9601
vn -0.0000 0.3623 0.9321
vn -0.0000 0.4029 0.9153
vn -0.0000 0.4810 0.8767
vn -0.0000 0.5185 0.8550
vn -0.0000 0.5911 0.8066
vn -0.0000 0.6261 0.7798
vn -0.0000 0.6916 0.7222
vn -0.0000 0.7222 0.6916
vn -0.0000 0.7798 0.6260
vn -0.0000 0.8066 0.5911
vn -0.0000 0.8550 0.5186
vn -0.0000 0.8767 0.4810
vn -0.0000 0.9153 0.4029
vn -0.0000 0.9321 0.3623
vn -0.0000 0.9601 0.2795
vn -0.0000 0.9714 0.2374
vn -0.0000 0.9884 0.1522
vn -0.0000 0.9940 0.1090
vn -0.0000 0.9998 0.0220
vn -0.0000 0.9998 -0.0220
vn -0.0000 0.9940 -0.1090
vn -0.0000 0.9884 -0.1522
vn -0.0000 0.9714 -0.2374
vn -0.0000 0.9601 -0.2796
vn -0.0000 0.9321 -0.3623
vn -0.0000 0.9153 -0.4028
vn -0.0000 0.8767 -0.4810
vn -0.0000 0.8550 -0.5186
vn -0.0000 0.8066 -0.5911
vn -0.0000 0.7798 -0.6261
vn -0.0000 0.7222 -0.6916
vn -0.0000 0.6916 -0.7222
vn -0.0000 0.6260 -0.7798
vn -0.0000 0.5911 -0.8066
vn -0.0000 0.5185 -0.8551
vn -0.0000 0.4810 -0.8767
vn -0.0000 0.4029 -0.9153
vn -0.0000 0.3623 -0.9321
vn -0.0000 0.2796 -0.9601
vn -0.0000 0.2374 -0.9714
vn -0.0000 0.1522 -0.9884
vn -0.0000 0.1091 -0.9940
vn -0.0000 0.0220 -0.9998
vn -0.0000 -0.0220 -0.9998
vn -0.0000 -0.1091 -0.9940
vn -0.0000 -0.1522 -0.9884
vn -0.0000 -0.2374 -0.9714
vn -0.0000 -0.2795 -0.9601
vn -0.0000 -0.3623 -0.9321
vn -0.0000 -0.4028 -0.9153
vn -0.0000 -0.4810 -0.8767
vn -0.0000 -0.5185 -0.8551
vn -0.0000 -0.5911 -0.8066
vn -0.0000 -0.6261 -0.7798
vn -0.0000 -0.6916 -0.7222
vn -0.0000 -0.7222 -0.6916
vn -0.0000 -0.7798 -0.6261
vn -0.0000 -0.8066 -0.5911
vn -0.0000 -0.8551 -0.5185
vn -0.0000 -0.8767 -0.4810
vn -0.0000 -0.9153 -0.4029
vn -0.0000 -0.9321 -0.3623
vn -0.0000 -0.9601 -0.2795
vn -0.0000 -0.9714 -0.2374
vn -0.0000 -0.9884 -0.1522
vn -0.0000 -0.9940 -0.1090
vn -0.0000 0.9940 -0.1091
vn -0.0000 0.9884 -0.1521
vn -0.0000 0.9601 -0.2795
vn -0.0000 0.6916 -0.7223
vn -0.0000 0.6261 -0.7798
vn -0.0000 0.2795 -0.9601
vn -0.0000 0.1521 -0.9884
vn -0.0000 0.0219 -0.9998
vn -0.0000 -0.0219 -0.9998
vn -0.0000 -0.1090 -0.9940
vn -0.0000 -0.4029 -0.9153
vn -0.0000 -0.6916 -0.7223
vn -0.0000 -0.7223 -0.6916
vn -0.0000 -0.8550 -0.5186
vn -0.0000 -0.9601 -0.2796
vn -0.0000 -0.9884 -0.1521
vn -0.0000 -0.9714 0.2374
vn -0.0000 -0.8551 0.5185
vn -0.0000 -0.7798 0.6261
vn -0.0000 -0.6916 0.7222
vn -0.0000 -0.5186 0.8550
vn -0.0000 -0.2795 0.9601
vn -0.0000 -0.1521 0.9884
vn -0.0000 -0.1090 0.9940
vn -0.0000 -0.0219 0.9998
vn -0.0000 0.0219 0.9998
vn -0.0000 0.1090 0.9940
vn -0.0000 0.2374 0.9714
vn -0.0000 0.5186 0.8550
vn -0.0000 0.6916 0.7223
vn -0.0000 0.7223 0.6916
vn -0.0000 0.7798 0.6261
vn -0.0000 0.8551 0.5185
vn -0.0000 0.9884 0.1521
vn -0.0000 0.9940 0.1091
vn 1.0000 -0.0000 -0.0000
vn -0.0000 -0.9998 0.0219
vn -0.0000 -0.9998 -0.0219
vn -0.0000 -0.8550 0.5185
vn -0.0000 -0.2375 0.9714
vn -0.0000 0.1521 0.9884
vn -0.0000 0.2796 0.9601
vn -0.0000 0.9998 0.0219
vn -0.0000 0.9998 -0.0219
vn -0.0000 0.9153 -0.4029
vn -0.0000 0.8551 -0.5185
vn -0.0000 0.7798 -0.6260
vn -0.0000 0.7223 -0.6916
vn -0.0000 0.4028 -0.9153
vn -0.0000 0.3622 -0.9321
vn -0.0000 -0.8550 -0.5185
vn -0.0000 0.1090 -0.9940
vn -0.0000 -0.1521 -0.9884
vn -0.0000 -0.5186 -0.8550
vn -0.0000 -0.9940 0.1091
vn -0.0000 -0.9153 0.4028
vn -0.0000 -0.4029 0.9153
vn -0.0000 0.5185 0.8551
vn -0.0000 0.5185 -0.8550
vn -0.0000 -0.2375 -0.9714
vn -0.0000 -0.9153 -0.4028
vn -0.0000 -0.9884 0.1521
vn -0.0000 -0.7223 0.6916
vn -0.0000 0.9153 0.4028
vn -0.0000 -0.3622 0.9321
vn -0.0000 0.4028 0.9153
vn -0.0000 0.9601 0.2796
vn -0.0000 0.9714 -0.2375
vn -0.0000 0.5186 -0.8550
vn -0.0000 -0.5185 -0.8550
vn -0.0000 -0.9940 -0.1091
vn -0.0000 0.3622 0.9321
vn -0.0000 0.8550 -0.5185
vn -0.0000 -0.2796 -0.9601
vn -0.0000 -0.5185 0.8550
vn -0.0000 0.9714 0.2375
vn -0.0000 0.8550 0.5185
vn -0.0000 -0.6260 -0.7798
vn -0.0000 -0.0000 1.0000
vn -0.0000 1.0000 -0.0000
vn -0.0000 -0.0000 -1.0000
vn -0.0000 -1.0000 -0.0000
vn -1.0000 -0.0000 -0.0000
vn -0.0000 0.2375 -0.9714
vn -0.0000 -0.7798 -0.6260
vn -0.0000 -0.9601 0.2796
vn -0.0000 -0.6260 0.7798
vn -0.0000 0.6260 0.7798
vn -0.0000 -0.9714 -0.2375
vt 24.000000 86.000000
vt 90.000000 86.000000
vt 3.217000 85.165413
vt 23.216999 85.165413
vt 2.447200 84.242599
vt 22.447201 84.242599
vt 1.703800 83.247192
vt 21.703800 83.247192
vt 1.000000 82.195999
vt 21.000000 82.195999
vt 0.347200 81.107597
vt 20.347200 81.107597
vt -0.242600 80.000000
vt 19.757401 80.000000
vt -0.760400 78.892403
vt 19.239599 78.892403
vt -1.196000 77.804001
vt 18.804001 77.804001
vt -1.543400 76.752808
vt 18.456600 76.752808
vt -1.795400 75.757401
vt 18.204599 75.757401
vt -1.948400 74.834587
vt 18.051600 74.834587
vt -2.000000 74.000000
vt 18.000000 74.000000
vt -1.948400 73.268600
vt 18.051600 73.268600
vt -1.795400 72.651787
vt 18.204599 72.651787
vt -1.543400 72.160400
vt 18.456600 72.160400
vt -1.196000 71.804001
vt 18.804001 71.804001
vt -0.760400 71.586800
vt 19.239599 71.586800
vt -0.242600 71.514801
vt 99.757401 71.514801
vt 79.239601 71.586800
vt 99.239601 71.586800
vt 78.804001 71.804001
vt 98.804001 71.804001
vt 78.456596 72.160400
vt 98.456596 72.160400
vt 78.204597 72.651787
vt 98.204597 72.651787
vt 78.051598 73.268600
vt 98.051598 73.268600
vt 78.000000 74.000000
vt 98.000000 74.000000
vt 78.051598 74.834587
vt 98.051598 74.834587
vt 78.204597 75.757401
vt 98.204597 75.757401
vt 78.456596 76.752808
vt 98.456596 76.752808
vt 78.804001 77.804001
vt 98.804001 77.804001
vt 79.239601 78.892403
vt 99.239601 78.892403
vt 79.757401 80.000000
vt 99.757401 80.000000
vt 80.347198 81.107597
vt 100.347198 81.107597
vt 81.000000 82.195999
vt 101.000000 82.195999
vt 81.703796 83.247192
vt 101.703796 83.247192
vt 82.447197 84.242599
vt 102.447197 84.242599
vt 83.217003 85.165413
vt 103.217003 85.165413
vt 84.000000 86.000000
vt 30.000000 86.000000
vt 9.948400 86.731400
vt 29.948400 86.731400
vt 9.795401 87.348213
vt 29.795401 87.348213
vt 9.543400 87.839600
vt 29.543400 87.839600
vt 9.196000 88.195999
vt 29.195999 88.195999
vt 8.760400 88.413200
vt 28.760401 88.413200
vt 8.242599 88.485199
vt 108.242599 88.485199
vt 88.760399 88.413200
vt 108.760399 88.413200
vt 89.195999 88.195999
vt 109.195999 88.195999
vt 89.543404 87.839600
vt 109.543404 87.839600
vt 89.795403 87.348213
vt 109.795403 87.348213
vt 89.948402 86.731400
vt 109.948402 86.731400
vt 91.931198 86.887199
vt 92.000000 88.000000
vt 112.000000 88.000000
vt 111.931198 86.887199
vt 91.727203 85.656807
vt 111.727203 85.656807
vt 91.391197 84.329597
vt 111.391197 84.329597
vt 90.928001 82.928001
vt 110.928001 82.928001
vt 90.347198 81.476799
vt 110.347198 81.476799
vt 89.656799 80.000000
vt 109.656799 80.000000
vt 88.870399 78.523201
vt 108.870399 78.523201
vt 88.000000 77.071999
vt 108.000000 77.071999
vt 87.061600 75.670403
vt 107.061600 75.670403
vt 86.070396 74.343193
vt 106.070396 74.343193
vt 85.043999 73.112801
vt 105.043999 73.112801
vt 84.000000 72.000000
vt 16.000000 72.000000
vt -3.931200 71.024803
vt 16.068800 71.024803
vt -3.727200 70.202400
vt 16.272800 70.202400
vt -3.391200 69.547203
vt 16.608801 69.547203
vt -2.928000 69.071999
vt 17.072001 69.071999
vt -2.347200 68.782402
vt 17.652800 68.782402
vt -1.656800 68.686401
vt 98.343201 68.686401
vt 77.652802 68.782402
vt 97.652802 68.782402
vt 77.071999 69.071999
vt 97.071999 69.071999
vt 76.608803 69.547203
vt 96.608803 69.547203
vt 76.272797 70.202400
vt 96.272797 70.202400
vt 76.068802 71.024803
vt 96.068802 71.024803
vt 76.000000 72.000000
vt 24.000000 72.000000
vt 5.044000 73.112801
vt 25.044001 73.112801
vt 6.070400 74.343193
vt 26.070400 74.343193
vt 7.061600 75.670403
vt 27.061600 75.670403
vt 8.000000 77.071999
vt 28.000000 77.071999
vt 8.870399 78.523201
vt 28.870399 78.523201
vt 9.656799 80.000000
vt 29.656799 80.000000
vt 10.347200 81.476799
vt 30.347200 81.476799
vt 10.928000 82.928001
vt 30.927999 82.928001
vt 11.391200 84.329597
vt 31.391199 84.329597
vt 11.727200 85.656807
vt 31.727200 85.656807
vt 11.931200 86.887199
vt 31.931200 86.887199
vt 12.000000 88.000000
vt 32.000000 88.000000
vt 11.931200 88.975197
vt 31.931200 88.975197
vt 11.727200 89.797600
vt 31.727200 89.797600
vt 11.391200 90.452797
vt 31.391199 90.452797
vt 10.928000 90.928001
vt 30.927999 90.928001
vt 10.347200 91.217598
vt 30.347200 91.217598
vt 9.656799 91.313599
vt 109.656799 91.313599
vt 90.347198 91.217598
vt 110.347198 91.217598
vt 90.928001 90.928001
vt 110.928001 90.928001
vt 91.391197 90.452797
vt 111.391197 90.452797
vt 91.727203 89.797600
vt 111.727203 89.797600
vt 91.931198 88.975197
vt 111.931198 88.975197
vt 24.000000 110.000000
vt 23.216999 109.948402
vt 22.955999 111.931198
vt 24.000000 112.000000
vt 22.447201 109.795403
vt 21.929600 111.727203
vt 21.703800 109.543404
vt 20.938400 111.391197
vt 21.000000 109.195999
vt 20.000000 110.928001
vt 20.347200 108.760399
vt 19.129601 110.347198
vt 19.757401 108.242599
vt 18.343201 109.656799
vt 19.239599 107.652802
vt 17.652800 108.870399
vt 18.804001 107.000000
vt 17.072001 108.000000
vt 18.456600 106.296204
vt 16.608801 107.061600
vt 18.204599 105.552803
vt 16.272800 106.070396
vt 18.051600 104.782997
vt 16.068800 105.043999
vt 18.000000 104.000000
vt 16.000000 104.000000
vt 18.051600 103.217003
vt 16.068800 102.956001
vt 18.204599 102.447197
vt 16.272800 101.929604
vt 18.456600 101.703796
vt 16.608801 100.938400
vt 18.804001 101.000000
vt 17.072001 100.000000
vt 19.239599 100.347198
vt 17.652800 99.129601
vt 19.757401 99.757401
vt 18.343201 98.343201
vt 20.347200 99.239601
vt 19.129601 97.652802
vt 21.000000 98.804001
vt 20.000000 97.071999
vt 21.703800 98.456596
vt 20.938400 96.608803
vt 22.447201 98.204597
vt 21.929600 96.272797
vt 23.216999 98.051598
vt 22.955999 96.068802
vt 24.000000 98.000000
vt 24.000000 96.000000
vt 24.783001 98.051598
vt 25.044001 96.068802
vt 25.552799 98.204597
vt 26.070400 96.272797
vt 26.296200 98.456596
vt 27.061600 96.608803
vt 27.000000 98.804001
vt 28.000000 97.071999
vt 27.652800 99.239601
vt 28.870399 97.652802
vt 28.242599 99.757401
vt 29.656799 98.343201
vt 28.760401 100.347198
vt 30.347200 99.129601
vt 29.195999 101.000000
vt 30.927999 100.000000
vt 29.543400 101.703796
vt 31.391199 100.938400
vt 29.795401 102.447197
vt 31.727200 101.929604
vt 29.948400 103.217003
vt 31.931200 102.956001
vt 30.000000 104.000000
vt 32.000000 104.000000
vt 29.948400 104.782997
vt 31.931200 105.043999
vt 29.795401 105.552803
vt 31.727200 106.070396
vt 29.543400 106.296204
vt 31.391199 107.061600
vt 29.195999 107.000000
vt 30.927999 108.000000
vt 28.760401 107.652802
vt 30.347200 108.870399
vt 28.242599 108.242599
vt 29.656799 109.656799
vt 27.652800 108.760399
vt 28.870399 110.347198
vt 27.000000 109.195999
vt 28.000000 110.928001
vt 26.296200 109.543404
vt 27.061600 111.391197
vt 25.552799 109.795403
vt 26.070400 111.727203
vt 24.783001 109.948402
vt 25.044001 111.931198
vt 24.000000 66.000000
vt 70.000000 66.000000
vt 3.217000 65.165413
vt 23.216999 65.165413
vt 2.447200 64.242599
vt 22.447201 64.242599
vt 1.703800 63.247200
vt 21.703800 63.247200
vt 1.000000 62.195999
vt 21.000000 62.195999
vt 0.347200 61.107601
vt 20.347200 61.107601
vt -0.242600 60.000000
vt 19.757401 60.000000
vt -0.760400 58.892399
vt 19.239599 58.892399
vt -1.196000 57.804001
vt 18.804001 57.804001
vt -1.543400 56.752800
vt 18.456600 56.752800
vt -1.795400 55.757401
vt 18.204599 55.757401
vt -1.948400 54.834599
vt 18.051600 54.834599
vt -2.000000 54.000000
vt 18.000000 54.000000
vt -1.948400 53.268600
vt 18.051600 53.268600
vt -1.795400 52.651798
vt 18.204599 52.651798
vt -1.543400 52.160400
vt 18.456600 52.160400
vt -1.196000 51.804001
vt 18.804001 51.804001
vt -0.760400 51.586800
vt 19.239599 51.586800
vt -0.242600 51.514801
vt 79.757401 51.514801
vt 59.239601 51.586800
vt 79.239601 51.586800
vt 58.804001 51.804001
vt 78.804001 51.804001
vt 58.456600 52.160400
vt 78.456596 52.160400
vt 58.204601 52.651798
vt 78.204613 52.651798
vt 58.051601 53.268600
vt 78.051613 53.268600
vt 58.000000 54.000000
vt 78.000000 54.000000
vt 58.051601 54.834599
vt 78.051613 54.834599
vt 58.204601 55.757401
vt 78.204613 55.757401
vt 58.456600 56.752800
vt 78.456596 56.752800
vt 58.804001 57.804001
vt 78.804001 57.804001
vt 59.239601 58.892399
vt 79.239601 58.892399
vt 59.757401 60.000000
vt 79.757401 60.000000
vt 60.347198 61.107601
vt 80.347198 61.107601
vt 61.000000 62.195999
vt 81.000000 62.195999
vt 61.703800 63.247200
vt 81.703796 63.247200
vt 62.447201 64.242599
vt 82.447197 64.242599
vt 63.216999 65.165398
vt 83.217003 65.165398
vt 64.000000 66.000000
vt 30.000000 66.000000
vt 9.948400 66.731400
vt 29.948400 66.731400
vt 9.795401 67.348198
vt 29.795401 67.348198
vt 9.543400 67.839600
vt 29.543400 67.839600
vt 9.196000 68.195999
vt 29.195999 68.195999
vt 8.760400 68.413200
vt 28.760401 68.413200
vt 8.242599 68.485199
vt 88.242599 68.485199
vt 68.760399 68.413200
vt 88.760399 68.413200
vt 69.195999 68.195999
vt 89.195999 68.195999
vt 69.543404 67.839600
vt 89.543404 67.839600
vt 69.795403 67.348213
vt 89.795403 67.348213
vt 69.948402 66.731400
vt 89.948402 66.731400
vt 71.931198 66.887199
vt 72.000000 68.000000
vt 92.000000 68.000000
vt 91.931198 66.887199
vt 71.727203 65.656807
vt 91.727203 65.656807
vt 71.391197 64.329597
vt 91.391197 64.329597
vt 70.928001 62.928001
vt 90.928001 62.928001
vt 70.347198 61.476799
vt 90.347198 61.476799
vt 69.656799 60.000000
vt 89.656799 60.000000
vt 68.870399 58.523201
vt 88.870399 58.523201
vt 68.000000 57.071999
vt 88.000000 57.071999
vt 67.061600 55.670399
vt 87.061600 55.670399
vt 66.070396 54.343201
vt 86.070396 54.343201
vt 65.043999 53.112801
vt 85.043999 53.112801
vt 64.000000 52.000000
vt 16.000000 52.000000
vt -3.931200 51.024799
vt 16.068800 51.024799
vt -3.727200 50.202400
vt 16.272800 50.202400
vt -3.391200 49.547199
vt 16.608801 49.547199
vt -2.928000 49.071999
vt 17.072001 49.071999
vt -2.347200 48.782398
vt 17.652800 48.782398
vt -1.656800 48.686401
vt 78.343201 48.686401
vt 57.652802 48.782398
vt 77.652802 48.782398
vt 57.071999 49.071999
vt 77.071999 49.071999
vt 56.608799 49.547199
vt 76.608803 49.547199
vt 56.272800 50.202400
vt 76.272797 50.202400
vt 56.068802 51.024799
vt 76.068802 51.024799
vt 56.000000 52.000000
vt 24.000000 52.000000
vt 5.044000 53.112801
vt 25.044001 53.112801
vt 6.070400 54.343201
vt 26.070400 54.343201
vt 7.061600 55.670399
vt 27.061600 55.670399
vt 8.000000 57.071999
vt 28.000000 57.071999
vt 8.870399 58.523201
vt 28.870399 58.523201
vt 9.656799 60.000000
vt 29.656799 60.000000
vt 10.347200 61.476799
vt 30.347200 61.476799
vt 10.928000 62.928001
vt 30.927999 62.928001
vt 11.391200 64.329597
vt 31.391199 64.329597
vt 11.727200 65.656799
vt 31.727200 65.656799
vt 11.931200 66.887199
vt 31.931200 66.887199
vt 12.000000 68.000000
vt 32.000000 68.000000
vt 11.931200 68.975197
vt 31.931200 68.975197
vt 11.727200 69.797600
vt 31.727200 69.797600
vt 11.391200 70.452797
vt 31.391199 70.452797
vt 10.928000 70.928001
vt 30.927999 70.928001
vt 10.347200 71.217598
vt 30.347200 71.217598
vt 9.656799 71.313599
vt 89.656799 71.313599
vt 70.347198 71.217598
vt 90.347198 71.217598
vt 70.928001 70.928001
vt 90.928001 70.928001
vt 71.391197 70.452797
vt 91.391197 70.452797
vt 71.727203 69.797600
vt 91.727203 69.797600
vt 71.931198 68.975197
vt 91.931198 68.975197
vt 24.000000 90.000000
vt 23.216999 89.948402
vt 22.955999 91.931198
vt 24.000000 92.000000
vt 22.447201 89.795403
vt 21.929600 91.727203
vt 21.703800 89.543404
vt 20.938400 91.391197
vt 21.000000 89.195999
vt 20.000000 90.928001
vt 20.347200 88.760399
vt 19.129601 90.347198
vt 19.757401 88.242599
vt 18.343201 89.656799
vt 19.239599 87.652802
vt 17.652800 88.870399
vt 18.804001 87.000000
vt 17.072001 88.000000
vt 18.456600 86.296204
vt 16.608801 87.061600
vt 18.204599 85.552803
vt 16.272800 86.070396
vt 18.051600 84.782997
vt 16.068800 85.043999
vt 18.000000 84.000000
vt 16.000000 84.000000
vt 18.051600 83.217003
vt 16.068800 82.956001
vt 18.204599 82.447197
vt 16.272800 81.929604
vt 18.456600 81.703796
vt 16.608801 80.938400
vt 18.804001 81.000000
vt 17.072001 80.000000
vt 19.239599 80.347198
vt 17.652800 79.129601
vt 19.757401 79.757401
vt 18.343201 78.343201
vt 20.347200 79.239601
vt 19.129601 77.652802
vt 21.000000 78.804001
vt 20.000000 77.071999
vt 21.703800 78.456596
vt 20.938400 76.608803
vt 22.447201 78.204613
vt 21.929600 76.272797
vt 23.216999 78.051613
vt 22.955999 76.068802
vt 24.000000 78.000000
vt 24.000000 76.000000
vt 24.783001 78.051613
vt 25.044001 76.068802
vt 25.552799 78.204613
vt 26.070400 76.272797
vt 26.296200 78.456596
vt 27.061600 76.608803
vt 27.000000 78.804001
vt 27.652800 79.239601
vt 28.870399 77.652802
vt 28.242599 79.757401
vt 29.656799 78.343201
vt 28.760401 80.347198
vt 30.347200 79.129601
vt 29.195999 81.000000
vt 30.927999 80.000000
vt 29.543400 81.703796
vt 31.391199 80.938400
vt 29.795401 82.447197
vt 31.727200 81.929604
vt 29.948400 83.217003
vt 31.931200 82.956001
vt 30.000000 84.000000
vt 32.000000 84.000000
vt 29.948400 84.782997
vt 31.931200 85.043999
vt 29.795401 85.552803
vt 31.727200 86.070396
vt 29.543400 86.296204
vt 31.391199 87.061600
vt 29.195999 87.000000
vt 30.927999 88.000000
vt 28.760401 87.652802
vt 30.347200 88.870399
vt 28.242599 88.242599
vt 29.656799 89.656799
vt 27.652800 88.760399
vt 28.870399 90.347198
vt 27.000000 89.195999
vt 28.000000 90.928001
vt 26.296200 89.543404
vt 27.061600 91.391197
vt 25.552799 89.795403
vt 26.070400 91.727203
vt 24.783001 89.948402
vt 25.044001 91.931198
vt 24.000000 46.000000
vt 50.000000 46.000000
vt 3.217000 45.165401
vt 23.216999 45.165401
vt 2.447200 44.242599
vt 22.447201 44.242599
vt 1.703800 43.247200
vt 21.703800 43.247200
vt 1.000000 42.195999
vt 21.000000 42.195999
vt 0.347200 41.107601
vt 20.347200 41.107601
vt -0.242600 40.000000
vt 19.757401 40.000000
vt -0.760400 38.892399
vt 19.239599 38.892399
vt -1.196000 37.804001
vt 18.804001 37.804001
vt -1.543400 36.752800
vt 18.456600 36.752800
vt -1.795400 35.757401
vt 18.204599 35.757401
vt -1.948400 34.834599
vt 18.051600 34.834599
vt -2.000000 34.000000
vt 18.000000 34.000000
vt -1.948400 33.268600
vt 18.051600 33.268600
vt -1.795400 32.651798
vt 18.204599 32.651798
vt -1.543400 32.160400
vt 18.456600 32.160400
vt -1.196000 31.804001
vt 18.804001 31.804001
vt -0.760400 31.586800
vt 19.239599 31.586800
vt -0.242600 31.514799
vt 59.757401 31.514799
vt 39.239601 31.586800
vt 59.239601 31.586800
vt 38.804001 31.804001
vt 58.804001 31.804001
vt 38.456600 32.160400
vt 58.456600 32.160400
vt 38.204601 32.651798
vt 58.204601 32.651798
vt 38.051601 33.268600
vt 58.051601 33.268600
vt 38.000000 34.000000
vt 58.000000 34.000000
vt 38.051601 34.834599
vt 58.051601 34.834599
vt 38.204601 35.757401
vt 58.204601 35.757401
vt 38.456600 36.752800
vt 58.456600 36.752800
vt 38.804001 37.804001
vt 58.804001 37.804001
vt 39.239601 38.892399
vt 59.239601 38.892399
vt 39.757401 40.000000
vt 59.757401 40.000000
vt 40.347198 41.107601
vt 60.347198 41.107601
vt 41.000000 42.195999
vt 61.000000 42.195999
vt 41.703800 43.247200
vt 61.703800 43.247200
vt 42.447201 44.242599
vt 62.447201 44.242599
vt 43.216999 45.165401
vt 63.216999 45.165401
vt 44.000000 46.000000
vt 30.000000 46.000000
vt 9.948400 46.731400
vt 29.948400 46.731400
vt 9.795401 47.348202
vt 29.795401 47.348202
vt 9.543400 47.839600
vt 29.543400 47.839600
vt 9.196000 48.195999
vt 29.195999 48.195999
vt 8.760400 48.413200
vt 28.760401 48.413200
vt 8.242599 48.485199
vt 68.242599 48.485199
vt 48.760399 48.413200
vt 68.760399 48.413200
vt 49.195999 48.195999
vt 69.195999 48.195999
vt 49.543400 47.839600
vt 69.543404 47.839600
vt 49.795399 47.348202
vt 69.795387 47.348202
vt 49.948399 46.731400
vt 69.948387 46.731400
vt 51.931198 46.887199
vt 52.000000 48.000000
vt 72.000000 48.000000
vt 71.931198 46.887199
vt 51.727200 45.656799
vt 71.727203 45.656799
vt 51.391201 44.329601
vt 71.391197 44.329601
vt 50.928001 42.928001
vt 70.928001 42.928001
vt 50.347198 41.476799
vt 70.347198 41.476799
vt 49.656799 40.000000
vt 69.656799 40.000000
vt 48.870399 38.523201
vt 68.870399 38.523201
vt 48.000000 37.071999
vt 68.000000 37.071999
vt 47.061600 35.670399
vt 67.061600 35.670399
vt 46.070400 34.343201
vt 66.070396 34.343201
vt 45.043999 33.112801
vt 65.043999 33.112801
vt 44.000000 32.000000
vt 16.000000 32.000000
vt -3.931200 31.024799
vt 16.068800 31.024799
vt -3.727200 30.202400
vt 16.272800 30.202400
vt -3.391200 29.547199
vt 16.608801 29.547199
vt -2.928000 29.072001
vt 17.072001 29.072001
vt -2.347200 28.782400
vt 17.652800 28.782400
vt -1.656800 28.686399
vt 58.343201 28.686399
vt 37.652802 28.782400
vt 57.652802 28.782400
vt 37.071999 29.072001
vt 57.071999 29.072001
vt 36.608799 29.547199
vt 56.608799 29.547199
vt 36.272800 30.202400
vt 56.272800 30.202400
vt 36.068802 31.024799
vt 56.068802 31.024799
vt 36.000000 32.000000
vt 24.000000 32.000000
vt 5.044000 33.112801
vt 25.044001 33.112801
vt 6.070400 34.343201
vt 26.070400 34.343201
vt 7.061600 35.670399
vt 27.061600 35.670399
vt 8.000000 37.071999
vt 28.000000 37.071999
vt 8.870399 38.523201
vt 28.870399 38.523201
vt 9.656799 40.000000
vt 29.656799 40.000000
vt 10.347200 41.476799
vt 30.347200 41.476799
vt 10.928000 42.928001
vt 30.927999 42.928001
vt 11.391200 44.329601
vt 31.391199 44.329601
vt 11.727200 45.656799
vt 31.727200 45.656799
vt 11.931200 46.887199
vt 31.931200 46.887199
vt 12.000000 48.000000
vt 32.000000 48.000000
vt 11.931200 48.975201
vt 31.931200 48.975201
vt 11.727200 49.797600
vt 31.727200 49.797600
vt 11.391200 50.452801
vt 31.391199 50.452801
vt 10.928000 50.928001
vt 30.927999 50.928001
vt 10.347200 51.217602
vt 30.347200 51.217602
vt 9.656799 51.313599
vt 69.656799 51.313599
vt 50.347198 51.217602
vt 70.347198 51.217602
vt 50.928001 50.928001
vt 70.928001 50.928001
vt 51.391201 50.452801
vt 71.391197 50.452801
vt 51.727200 49.797600
vt 71.727203 49.797600
vt 51.931198 48.975201
vt 71.931198 48.975201
vt 24.000000 70.000000
vt 23.216999 69.948387
vt 22.955999 71.931198
vt 22.447201 69.795387
vt 21.929600 71.727203
vt 21.703800 69.543404
vt 20.938400 71.391197
vt 21.000000 69.195999
vt 20.000000 70.928001
vt 20.347200 68.760399
vt 19.129601 70.347198
vt 19.757401 68.242599
vt 18.343201 69.656799
vt 19.239599 67.652802
vt 17.652800 68.870399
vt 18.804001 67.000000
vt 17.072001 68.000000
vt 18.456600 66.296204
vt 16.608801 67.061600
vt 18.204599 65.552803
vt 16.272800 66.070396
vt 18.051600 64.782997
vt 16.068800 65.043999
vt 18.000000 64.000000
vt 16.000000 64.000000
vt 18.051600 63.216999
vt 16.068800 62.956001
vt 18.204599 62.447201
vt 16.272800 61.929600
vt 18.456600 61.703800
vt 16.608801 60.938400
vt 18.804001 61.000000
vt 17.072001 60.000000
vt 19.239599 60.347198
vt 17.652800 59.129601
vt 19.757401 59.757401
vt 18.343201 58.343201
vt 20.347200 59.239601
vt 19.129601 57.652802
vt 21.000000 58.804001
vt 20.000000 57.071999
vt 21.703800 58.456600
vt 20.938400 56.608799
vt 22.447201 58.204601
vt 21.929600 56.272800
vt 23.216999 58.051601
vt 22.955999 56.068802
vt 24.000000 58.000000
vt 24.000000 56.000000
vt 24.783001 58.051601
vt 25.044001 56.068802
vt 25.552799 58.204601
vt 26.070400 56.272800
vt 26.296200 58.456600
vt 27.061600 56.608799
vt 27.000000 58.804001
vt 27.652800 59.239601
vt 28.870399 57.652802
vt 28.242599 59.757401
vt 29.656799 58.343201
vt 28.760401 60.347198
vt 30.347200 59.129601
vt 29.195999 61.000000
vt 30.927999 60.000000
vt 29.543400 61.703800
vt 31.391199 60.938400
vt 29.795401 62.447201
vt 31.727200 61.929600
vt 29.948400 63.216999
vt 31.931200 62.956001
vt 30.000000 64.000000
vt 32.000000 64.000000
vt 29.948400 64.782997
vt 31.931200 65.043999
vt 29.795401 65.552803
vt 31.727200 66.070396
vt 29.543400 66.296204
vt 31.391199 67.061600
vt 29.195999 67.000000
vt 30.927999 68.000000
vt 28.760401 67.652802
vt 30.347200 68.870399
vt 28.242599 68.242599
vt 29.656799 69.656799
vt 27.652800 68.760399
vt 28.870399 70.347198
vt 27.000000 69.195999
vt 28.000000 70.928001
vt 26.296200 69.543404
vt 27.061600 71.391197
vt 25.552799 69.795387
vt 26.070400 71.727203
vt 24.783001 69.948387
vt 25.044001 71.931198
vt 24.000000 26.000000
vt 30.000000 26.000000
vt 3.217000 25.165400
vt 23.216999 25.165400
vt 2.447200 24.242599
vt 22.447201 24.242599
vt 1.703800 23.247200
vt 21.703800 23.247200
vt 1.000000 22.195999
vt 21.000000 22.195999
vt 0.347200 21.107599
vt 20.347200 21.107599
vt -0.242600 20.000000
vt 19.757401 20.000000
vt -0.760400 18.892401
vt 19.239599 18.892401
vt -1.196000 17.804001
vt 18.804001 17.804001
vt -1.543400 16.752800
vt 18.456600 16.752800
vt -1.795400 15.757400
vt 18.204599 15.757400
vt -1.948400 14.834600
vt 18.051600 14.834600
vt -2.000000 14.000000
vt 18.000000 14.000000
vt -1.948400 13.268600
vt 18.051600 13.268600
vt -1.795400 12.651800
vt 18.204599 12.651800
vt -1.543400 12.160400
vt 18.456600 12.160400
vt -1.196000 11.804000
vt 18.804001 11.804000
vt -0.760400 11.586800
vt 19.239599 11.586800
vt -0.242600 11.514800
vt 39.757401 11.514800
vt 39.239601 11.586800
vt 38.804001 11.804000
vt 38.456600 12.160400
vt 38.204601 12.651800
vt 38.051601 13.268600
vt 38.000000 14.000000
vt 38.051601 14.834600
vt 38.204601 15.757400
vt 38.456600 16.752800
vt 38.804001 17.804001
vt 39.239601 18.892401
vt 39.757401 20.000000
vt 40.347198 21.107599
vt 41.000000 22.195999
vt 41.703800 23.247200
vt 42.447201 24.242599
vt 43.216999 25.165400
vt 9.948400 26.731400
vt 29.948400 26.731400
vt 9.795401 27.348200
vt 29.795401 27.348200
vt 9.543400 27.839600
vt 29.543400 27.839600
vt 9.196000 28.195999
vt 29.195999 28.195999
vt 8.760400 28.413200
vt 28.760401 28.413200
vt 8.242599 28.485201
vt 48.242599 28.485201
vt 48.760399 28.413200
vt 49.195999 28.195999
vt 49.543400 27.839600
vt 49.795399 27.348200
vt 49.948399 26.731400
vt 31.931200 26.887199
vt 32.000000 28.000000
vt 52.000000 28.000000
vt 51.931198 26.887199
vt 31.727200 25.656799
vt 51.727200 25.656799
vt 31.391199 24.329599
vt 51.391201 24.329599
vt 30.927999 22.927999
vt 50.928001 22.927999
vt 30.347200 21.476801
vt 50.347198 21.476801
vt 29.656799 20.000000
vt 49.656799 20.000000
vt 28.870399 18.523199
vt 48.870399 18.523199
vt 28.000000 17.072001
vt 48.000000 17.072001
vt 27.061600 15.670400
vt 47.061600 15.670400
vt 26.070400 14.343200
vt 46.070400 14.343200
vt 25.044001 13.112800
vt 45.043999 13.112800
vt 24.000000 12.000000
vt 16.000000 12.000000
vt -3.931200 11.024800
vt 16.068800 11.024800
vt -3.727200 10.202400
vt 16.272800 10.202400
vt -3.391200 9.547200
vt 16.608801 9.547200
vt -2.928000 9.072001
vt 17.072001 9.072001
vt -2.347200 8.782400
vt 17.652800 8.782400
vt -1.656800 8.686401
vt 38.343201 8.686401
vt 37.652802 8.782400
vt 37.071999 9.072001
vt 36.608799 9.547200
vt 36.272800 10.202400
vt 36.068802 11.024800
vt 5.044000 13.112800
vt 6.070400 14.343200
vt 7.061600 15.670400
vt 8.000000 17.072001
vt 8.870399 18.523199
vt 9.656799 20.000000
vt 10.347200 21.476801
vt 10.928000 22.927999
vt 11.391200 24.329599
vt 11.727200 25.656799
vt 11.931200 26.887199
vt 12.000000 28.000000
vt 11.931200 28.975201
vt 31.931200 28.975201
vt 11.727200 29.797600
vt 31.727200 29.797600
vt 11.391200 30.452801
vt 31.391199 30.452801
vt 10.928000 30.927999
vt 30.927999 30.927999
vt 10.347200 31.217600
vt 30.347200 31.217600
vt 9.656799 31.313601
vt 49.656799 31.313601
vt 50.347198 31.217600
vt 50.928001 30.927999
vt 51.391201 30.452801
vt 51.727200 29.797600
vt 51.931198 28.975201
vt 24.000000 50.000000
vt 23.216999 49.948399
vt 22.955999 51.931198
vt 22.447201 49.795399
vt 21.929600 51.727200
vt 21.703800 49.543400
vt 20.938400 51.391201
vt 21.000000 49.195999
vt 20.000000 50.928001
vt 20.347200 48.760399
vt 19.129601 50.347198
vt 19.757401 48.242599
vt 18.343201 49.656799
vt 19.239599 47.652802
vt 17.652800 48.870399
vt 18.804001 47.000000
vt 17.072001 48.000000
vt 18.456600 46.296200
vt 16.608801 47.061600
vt 18.204599 45.552799
vt 16.272800 46.070400
vt 18.051600 44.783001
vt 16.068800 45.043999
vt 18.000000 44.000000
vt 16.000000 44.000000
vt 18.051600 43.216999
vt 16.068800 42.956001
vt 18.204599 42.447201
vt 16.272800 41.929600
vt 18.456600 41.703800
vt 16.608801 40.938400
vt 18.804001 41.000000
vt 17.072001 40.000000
vt 19.239599 40.347198
vt 17.652800 39.129601
vt 19.757401 39.757401
vt 18.343201 38.343201
vt 20.347200 39.239601
vt 19.129601 37.652802
vt 21.000000 38.804001
vt 20.000000 37.071999
vt 21.703800 38.456600
vt 20.938400 36.608799
vt 22.447201 38.204601
vt 21.929600 36.272800
vt 23.216999 38.051601
vt 22.955999 36.068802
vt 24.000000 38.000000
vt 24.000000 36.000000
vt 24.783001 38.051601
vt 25.044001 36.068802
vt 25.552799 38.204601
vt 26.070400 36.272800
vt 26.296200 38.456600
vt 27.061600 36.608799
vt 27.000000 38.804001
vt 27.652800 39.239601
vt 28.870399 37.652802
vt 28.242599 39.757401
vt 29.656799 38.343201
vt 28.760401 40.347198
vt 30.347200 39.129601
vt 29.195999 41.000000
vt 30.927999 40.000000
vt 29.543400 41.703800
vt 31.391199 40.938400
vt 29.795401 42.447201
vt 31.727200 41.929600
vt 29.948400 43.216999
vt 31.931200 42.956001
vt 30.000000 44.000000
vt 32.000000 44.000000
vt 29.948400 44.783001
vt 31.931200 45.043999
vt 29.795401 45.552799
vt 31.727200 46.070400
vt 29.543400 46.296200
vt 31.391199 47.061600
vt 29.195999 47.000000
vt 30.927999 48.000000
vt 28.760401 47.652802
vt 30.347200 48.870399
vt 28.242599 48.242599
vt 29.656799 49.656799
vt 27.652800 48.760399
vt 28.870399 50.347198
vt 27.000000 49.195999
vt 28.000000 50.928001
vt 26.296200 49.543400
vt 27.061600 51.391201
vt 25.552799 49.795399
vt 26.070400 51.727200
vt 24.783001 49.948399
vt 25.044001 51.931198
vt 24.000000 6.000000
vt 10.000000 6.000000
vt 3.217000 5.165400
vt 23.216999 5.165400
vt 2.447200 4.242600
vt 22.447201 4.242600
vt 1.703800 3.247200
vt 21.703800 3.247200
vt 1.000000 2.196000
vt 21.000000 2.196000
vt 0.347200 1.107600
vt 20.347200 1.107600
vt -0.242600 0.000000
vt 19.757401 0.000000
vt -0.760400 -1.107600
vt 19.239599 -1.107600
vt -1.196000 -2.196000
vt 18.804001 -2.196000
vt -1.543400 -3.247200
vt 18.456600 -3.247200
vt -1.795400 -4.242600
vt 18.204599 -4.242600
vt -1.948400 -5.165400
vt 18.051600 -5.165400
vt -2.000000 -6.000000
vt 18.000000 -6.000000
vt -1.948400 -6.731400
vt 18.051600 -6.731400
vt -1.795400 -7.348200
vt 18.204599 -7.348200
vt -1.543400 -7.839600
vt 18.456600 -7.839600
vt -1.196000 -8.196000
vt 18.804001 -8.196000
vt -0.760400 -8.413200
vt 19.239599 -8.413200
vt -0.242600 -8.485200
vt 19.757401 -8.485200
vt 4.000000 6.000000
vt 30.000000 6.000000
vt 9.948400 6.731400
vt 29.948400 6.731400
vt 9.795401 7.348200
vt 29.795401 7.348200
vt 9.543400 7.839600
vt 29.543400 7.839600
vt 9.196000 8.196000
vt 29.195999 8.196000
vt 8.760400 8.413200
vt 28.760401 8.413200
vt 8.242599 8.485200
vt 28.242599 8.485200
vt 11.931200 6.887200
vt 12.000000 8.000000
vt 32.000000 8.000000
vt 31.931200 6.887200
vt 11.727200 5.656800
vt 31.727200 5.656800
vt 11.391200 4.329600
vt 31.391199 4.329600
vt 10.928000 2.928000
vt 30.927999 2.928000
vt 10.347200 1.476800
vt 30.347200 1.476800
vt 9.656799 0.000000
vt 29.656799 0.000000
vt 8.870399 -1.476800
vt 28.870399 -1.476800
vt 8.000000 -2.928000
vt 28.000000 -2.928000
vt 7.061600 -4.329600
vt 27.061600 -4.329600
vt 6.070400 -5.656800
vt 26.070400 -5.656800
vt 5.044000 -6.887200
vt 25.044001 -6.887200
vt 4.000000 -8.000000
vt 16.000000 -8.000000
vt -3.931200 -8.975200
vt 16.068800 -8.975200
vt -3.727200 -9.797600
vt 16.272800 -9.797600
vt -3.391200 -10.452800
vt 16.608801 -10.452800
vt -2.928000 -10.928000
vt 17.072001 -10.928000
vt -2.347200 -11.217600
vt 17.652800 -11.217600
vt -1.656800 -11.313600
vt 18.343201 -11.313600
vt -4.000000 -8.000000
vt 24.000000 -8.000000
vt 11.931200 8.975200
vt 31.931200 8.975200
vt 11.727200 9.797600
vt 31.727200 9.797600
vt 11.391200 10.452800
vt 31.391199 10.452800
vt 10.928000 10.928000
vt 30.927999 10.928000
vt 10.347200 11.217600
vt 30.347200 11.217600
vt 9.656799 11.313600
vt 29.656799 11.313600
vt 24.000000 30.000000
vt 23.216999 29.948400
vt 22.955999 31.931200
vt 22.447201 29.795401
vt 21.929600 31.727200
vt 21.703800 29.543400
vt 20.938400 31.391199
vt 21.000000 29.195999
vt 20.000000 30.927999
vt 20.347200 28.760401
vt 19.129601 30.347200
vt 19.757401 28.242599
vt 18.343201 29.656799
vt 19.239599 27.652800
vt 17.652800 28.870399
vt 18.804001 27.000000
vt 17.072001 28.000000
vt 18.456600 26.296200
vt 16.608801 27.061600
vt 18.204599 25.552799
vt 16.272800 26.070400
vt 18.051600 24.783001
vt 16.068800 25.044001
vt 18.000000 24.000000
vt 16.000000 24.000000
vt 18.051600 23.216999
vt 16.068800 22.955999
vt 18.204599 22.447201
vt 16.272800 21.929600
vt 18.456600 21.703800
vt 16.608801 20.938400
vt 18.804001 21.000000
vt 17.072001 20.000000
vt 19.239599 20.347200
vt 17.652800 19.129601
vt 19.757401 19.757401
vt 18.343201 18.343201
vt 20.347200 19.239599
vt 19.129601 17.652800
vt 21.000000 18.804001
vt 20.000000 17.072001
vt 21.703800 18.456600
vt 20.938400 16.608801
vt 22.447201 18.204599
vt 21.929600 16.272800
vt 23.216999 18.051600
vt 22.955999 16.068800
vt 24.000000 18.000000
vt 24.000000 16.000000
vt 24.783001 18.051600
vt 25.044001 16.068800
vt 25.552799 18.204599
vt 26.070400 16.272800
vt 26.296200 18.456600
vt 27.061600 16.608801
vt 27.000000 18.804001
vt 27.652800 19.239599
vt 28.870399 17.652800
vt 28.242599 19.757401
vt 29.656799 18.343201
vt 28.760401 20.347200
vt 30.347200 19.129601
vt 29.195999 21.000000
vt 30.927999 20.000000
vt 29.543400 21.703800
vt 31.391199 20.938400
vt 29.795401 22.447201
vt 31.727200 21.929600
vt 29.948400 23.216999
vt 31.931200 22.955999
vt 30.000000 24.000000
vt 32.000000 24.000000
vt 29.948400 24.783001
vt 31.931200 25.044001
vt 29.795401 25.552799
vt 31.727200 26.070400
vt 29.543400 26.296200
vt 31.391199 27.061600
vt 29.195999 27.000000
vt 30.927999 28.000000
vt 28.760401 27.652800
vt 30.347200 28.870399
vt 28.242599 28.242599
vt 29.656799 29.656799
vt 27.652800 28.760401
vt 28.870399 30.347200
vt 27.000000 29.195999
vt 28.000000 30.927999
vt 26.296200 29.543400
vt 27.061600 31.391199
vt 25.552799 29.795401
vt 26.070400 31.727200
vt 24.783001 29.948400
vt 25.044001 31.931200
vt 24.000000 -14.000000
vt -10.000000 -14.000000
vt 3.217000 -14.834600
vt 23.216999 -14.834600
vt 2.447200 -15.757400
vt 22.447201 -15.757400
vt 1.703800 -16.752800
vt 21.703800 -16.752800
vt 1.000000 -17.804001
vt 21.000000 -17.804001
vt 0.347200 -18.892401
vt 20.347200 -18.892401
vt -0.242600 -20.000000
vt 19.757401 -20.000000
vt -0.760400 -21.107599
vt 19.239599 -21.107599
vt -1.196000 -22.195999
vt 18.804001 -22.195999
vt -1.543400 -23.247200
vt 18.456600 -23.247200
vt -1.795400 -24.242599
vt 18.204599 -24.242599
vt -1.948400 -25.165400
vt 18.051600 -25.165400
vt -2.000000 -26.000000
vt 18.000000 -26.000000
vt -1.948400 -26.731400
vt 18.051600 -26.731400
vt -1.795400 -27.348200
vt 18.204599 -27.348200
vt -1.543400 -27.839600
vt 18.456600 -27.839600
vt -1.196000 -28.195999
vt 18.804001 -28.195999
vt -0.760400 -28.413200
vt 19.239599 -28.413200
vt -0.242600 -28.485201
vt -0.242600 -28.485201
vt -20.760401 -28.413200
vt -0.760399 -28.413200
vt -21.195999 -28.195999
vt -1.195999 -28.195999
vt -21.543400 -27.839600
vt -21.795401 -27.348200
vt -1.795401 -27.348200
vt -21.948400 -26.731400
vt -22.000000 -26.000000
vt -21.948400 -25.165400
vt -21.795401 -24.242599
vt -1.795401 -24.242599
vt -21.543400 -23.247200
vt -21.195999 -22.195999
vt -1.195999 -22.195999
vt -20.760401 -21.107599
vt -0.760399 -21.107599
vt -20.242599 -20.000000
vt -0.242600 -20.000000
vt -19.652800 -18.892401
vt 0.347200 -18.892401
vt -19.000000 -17.804001
vt -18.296200 -16.752800
vt -17.552799 -15.757400
vt 2.447201 -15.757400
vt -16.783001 -14.834600
vt 3.216999 -14.834600
vt -16.000000 -14.000000
vt 30.000000 -14.000000
vt 9.948400 -13.268600
vt 29.948400 -13.268600
vt 9.795401 -12.651800
vt 29.795401 -12.651800
vt 9.543400 -12.160400
vt 29.543400 -12.160400
vt 9.196000 -11.804000
vt 29.195999 -11.804000
vt 8.760400 -11.586800
vt 28.760401 -11.586800
vt 8.242599 -11.514800
vt -11.239600 -11.586800
vt -10.804000 -11.804000
vt -10.456600 -12.160400
vt -10.204600 -12.651800
vt -10.051600 -13.268600
vt -8.068800 -13.112800
vt -8.000000 -12.000000
vt 12.000000 -12.000000
vt 11.931200 -13.112800
vt -8.272800 -14.343200
vt 11.727200 -14.343200
vt -8.608800 -15.670400
vt 11.391200 -15.670400
vt -9.072001 -17.072001
vt 10.928000 -17.072001
vt -9.652800 -18.523199
vt 10.347200 -18.523199
vt -10.343200 -20.000000
vt 9.656799 -20.000000
vt -11.129600 -21.476801
vt 8.870399 -21.476801
vt -12.000000 -22.927999
vt 8.000000 -22.927999
vt -12.938400 -24.329599
vt 7.061600 -24.329599
vt -13.929600 -25.656799
vt 6.070400 -25.656799
vt -14.956000 -26.887199
vt 5.044001 -26.887199
vt -16.000000 -28.000000
vt 16.000000 -28.000000
vt -3.931200 -28.975201
vt 16.068800 -28.975201
vt -3.727200 -29.797600
vt 16.272800 -29.797600
vt -3.391200 -30.452801
vt 16.608801 -30.452801
vt -2.928000 -30.927999
vt 17.072001 -30.927999
vt -2.347200 -31.217600
vt 17.652800 -31.217600
vt -1.656800 -31.313601
vt -1.656799 -31.313601
vt -22.347200 -31.217600
vt -22.927999 -30.927999
vt -2.927999 -30.927999
vt -23.391199 -30.452801
vt -3.391201 -30.452801
vt -23.727200 -29.797600
vt -23.931200 -28.975201
vt -24.000000 -28.000000
vt 24.000000 -28.000000
vt 5.044000 -26.887199
vt 25.044001 -26.887199
vt 26.070400 -25.656799
vt 27.061600 -24.329599
vt 28.000000 -22.927999
vt 28.870399 -21.476801
vt 29.656799 -20.000000
vt 30.347200 -18.523199
vt 30.927999 -17.072001
vt 31.391199 -15.670400
vt 31.727200 -14.343200
vt 31.931200 -13.112800
vt 32.000000 -12.000000
vt 11.931200 -11.024800
vt 31.931200 -11.024800
vt 11.727200 -10.202400
vt 31.727200 -10.202400
vt 11.391200 -9.547200
vt 31.391199 -9.547200
vt 10.928000 -9.072001
vt 30.927999 -9.072001
vt 10.347200 -8.782400
vt 30.347200 -8.782400
vt 9.656799 -8.686401
vt -9.652800 -8.782400
vt -9.072001 -9.072001
vt -8.608800 -9.547200
vt -8.272800 -10.202400
vt -8.068800 -11.024800
vt 24.000000 10.000000
vt 23.216999 9.948400
vt 22.955999 11.931200
vt 22.447201 9.795401
vt 21.929600 11.727200
vt 21.703800 9.543400
vt 20.938400 11.391200
vt 21.000000 9.196000
vt 20.000000 10.928000
vt 20.347200 8.760400
vt 19.129601 10.347200
vt 19.757401 8.242599
vt 18.343201 9.656799
vt 19.239599 7.652800
vt 17.652800 8.870399
vt 18.804001 7.000000
vt 17.072001 8.000000
vt 18.456600 6.296200
vt 16.608801 7.061600
vt 18.204599 5.552799
vt 16.272800 6.070400
vt 18.051600 4.783001
vt 16.068800 5.044001
vt 18.000000 4.000000
vt 16.000000 4.000000
vt 18.051600 3.216999
vt 16.068800 2.955999
vt 18.204599 2.447201
vt 16.272800 1.929600
vt 18.456600 1.703800
vt 16.608801 0.938400
vt 18.804001 1.000000
vt 17.072001 0.000000
vt 19.239599 0.347200
vt 17.652800 -0.870399
vt 19.757401 -0.242600
vt 18.343201 -1.656799
vt 20.347200 -0.760399
vt 19.129601 -2.347200
vt 21.000000 -1.195999
vt 20.000000 -2.927999
vt 21.703800 -1.543400
vt 20.938400 -3.391201
vt 22.447201 -1.795401
vt 21.929600 -3.727200
vt 23.216999 -1.948400
vt 22.955999 -3.931200
vt 24.000000 -2.000000
vt 24.000000 -4.000000
vt 24.783001 -1.948400
vt 25.044001 -3.931200
vt 25.552799 -1.795401
vt 26.070400 -3.727200
vt 26.296200 -1.543400
vt 27.061600 -3.391201
vt 27.000000 -1.195999
vt 28.000000 -2.927999
vt 27.652800 -0.760399
vt 28.870399 -2.347200
vt 28.242599 -0.242600
vt 29.656799 -1.656799
vt 28.760401 0.347200
vt 30.347200 -0.870399
vt 29.195999 1.000000
vt 30.927999 0.000000
vt 29.543400 1.703800
vt 31.391199 0.938400
vt 29.795401 2.447201
vt 31.727200 1.929600
vt 29.948400 3.216999
vt 31.931200 2.955999
vt 30.000000 4.000000
vt 32.000000 4.000000
vt 29.948400 4.783001
vt 31.931200 5.044001
vt 29.795401 5.552799
vt 31.727200 6.070400
vt 29.543400 6.296200
vt 31.391199 7.061600
vt 29.195999 7.000000
vt 30.927999 8.000000
vt 28.760401 7.652800
vt 30.347200 8.870399
vt 28.242599 8.242599
vt 29.656799 9.656799
vt 27.652800 8.760400
vt 28.870399 10.347200
vt 27.000000 9.196000
vt 28.000000 10.928000
vt 26.296200 9.543400
vt 27.061600 11.391200
vt 25.552799 9.795401
vt 26.070400 11.727200
vt 24.783001 9.948400
vt 25.044001 11.931200
vt 24.000000 -34.000000
vt -30.000000 -34.000000
vt 3.217000 -34.834599
vt 23.216999 -34.834599
vt 2.447200 -35.757401
vt 22.447201 -35.757401
vt 1.703800 -36.752800
vt 21.703800 -36.752800
vt 1.000000 -37.804001
vt 21.000000 -37.804001
vt 0.347200 -38.892399
vt 20.347200 -38.892399
vt -0.242600 -40.000000
vt 19.757401 -40.000000
vt -0.760400 -41.107601
vt 19.239599 -41.107601
vt -1.196000 -42.195999
vt 18.804001 -42.195999
vt -1.543400 -43.247200
vt 18.456600 -43.247200
vt -1.795400 -44.242599
vt 18.204599 -44.242599
vt -1.948400 -45.165401
vt 18.051600 -45.165401
vt -2.000000 -46.000000
vt 18.000000 -46.000000
vt -1.948400 -46.731400
vt 18.051600 -46.731400
vt -1.795400 -47.348202
vt 18.204599 -47.348202
vt -1.543400 -47.839600
vt 18.456600 -47.839600
vt -1.196000 -48.195999
vt 18.804001 -48.195999
vt -0.760400 -48.413200
vt 19.239599 -48.413200
vt -0.242600 -48.485199
vt -20.242599 -48.485199
vt -40.760399 -48.413200
vt -20.760401 -48.413200
vt -41.195999 -48.195999
vt -21.195999 -48.195999
vt -41.543400 -47.839600
vt -21.543400 -47.839600
vt -41.795399 -47.348202
vt -21.795401 -47.348202
vt -41.948399 -46.731400
vt -21.948400 -46.731400
vt -42.000000 -46.000000
vt -22.000000 -46.000000
vt -41.948399 -45.165401
vt -21.948400 -45.165401
vt -41.795399 -44.242599
vt -21.795401 -44.242599
vt -41.543400 -43.247200
vt -21.543400 -43.247200
vt -41.195999 -42.195999
vt -21.195999 -42.195999
vt -40.760399 -41.107601
vt -20.760401 -41.107601
vt -40.242599 -40.000000
vt -20.242599 -40.000000
vt -39.652802 -38.892399
vt -19.652800 -38.892399
vt -39.000000 -37.804001
vt -19.000000 -37.804001
vt -38.296200 -36.752800
vt -18.296200 -36.752800
vt -37.552799 -35.757401
vt -17.552799 -35.757401
vt -36.783001 -34.834599
vt -16.783001 -34.834599
vt -36.000000 -34.000000
vt 30.000000 -34.000000
vt 9.948400 -33.268600
vt 29.948400 -33.268600
vt 9.795401 -32.651798
vt 29.795401 -32.651798
vt 9.543400 -32.160400
vt 29.543400 -32.160400
vt 9.196000 -31.804001
vt 29.195999 -31.804001
vt 8.760400 -31.586800
vt 28.760401 -31.586800
vt 8.242599 -31.514799
vt -11.757400 -31.514799
vt -31.239599 -31.586800
vt -11.239600 -31.586800
vt -30.804001 -31.804001
vt -10.804000 -31.804001
vt -30.456600 -32.160400
vt -10.456600 -32.160400
vt -30.204599 -32.651798
vt -10.204600 -32.651798
vt -30.051600 -33.268600
vt -10.051600 -33.268600
vt -28.068800 -33.112801
vt -28.000000 -32.000000
vt -8.000000 -32.000000
vt -8.068802 -33.112801
vt -28.272800 -34.343201
vt -8.272800 -34.343201
vt -28.608801 -35.670399
vt -8.608799 -35.670399
vt -29.072001 -37.071999
vt -9.071999 -37.071999
vt -29.652800 -38.523201
vt -9.652802 -38.523201
vt -30.343201 -40.000000
vt -10.343200 -40.000000
vt -31.129601 -41.476799
vt -11.129600 -41.476799
vt -32.000000 -42.928001
vt -12.000000 -42.928001
vt -32.938400 -44.329601
vt -12.938400 -44.329601
vt -33.929600 -45.656799
vt -13.929600 -45.656799
vt -34.956001 -46.887199
vt -14.956000 -46.887199
vt -36.000000 -48.000000
vt 16.000000 -48.000000
vt -3.931200 -48.975201
vt 16.068800 -48.975201
vt -3.727200 -49.797600
vt 16.272800 -49.797600
vt -3.391200 -50.452801
vt 16.608801 -50.452801
vt -2.928000 -50.928001
vt 17.072001 -50.928001
vt -2.347200 -51.217602
vt 17.652800 -51.217602
vt -1.656800 -51.313599
vt -21.656799 -51.313599
vt -42.347198 -51.217602
vt -22.347200 -51.217602
vt -42.928001 -50.928001
vt -22.927999 -50.928001
vt -43.391201 -50.452801
vt -23.391199 -50.452801
vt -43.727200 -49.797600
vt -23.727200 -49.797600
vt -43.931198 -48.975201
vt -23.931200 -48.975201
vt -44.000000 -48.000000
vt 24.000000 -48.000000
vt 5.044000 -46.887199
vt 25.044001 -46.887199
vt 6.070400 -45.656799
vt 26.070400 -45.656799
vt 7.061600 -44.329601
vt 27.061600 -44.329601
vt 8.000000 -42.928001
vt 28.000000 -42.928001
vt 8.870399 -41.476799
vt 28.870399 -41.476799
vt 9.656799 -40.000000
vt 29.656799 -40.000000
vt 10.347200 -38.523201
vt 30.347200 -38.523201
vt 10.928000 -37.071999
vt 30.927999 -37.071999
vt 11.391200 -35.670399
vt 31.391199 -35.670399
vt 11.727200 -34.343201
vt 31.727200 -34.343201
vt 11.931200 -33.112801
vt 31.931200 -33.112801
vt 12.000000 -32.000000
vt 32.000000 -32.000000
vt 11.931200 -31.024799
vt 31.931200 -31.024799
vt 11.727200 -30.202400
vt 31.727200 -30.202400
vt 11.391200 -29.547199
vt 31.391199 -29.547199
vt 10.928000 -29.072001
vt 30.927999 -29.072001
vt 10.347200 -28.782400
vt 30.347200 -28.782400
vt 9.656799 -28.686399
vt -10.343200 -28.686399
vt -29.652800 -28.782400
vt -9.652802 -28.782400
vt -29.072001 -29.072001
vt -9.071999 -29.072001
vt -28.608801 -29.547199
vt -8.608799 -29.547199
vt -28.272800 -30.202400
vt -8.272800 -30.202400
vt -28.068800 -31.024799
vt -8.068802 -31.024799
vt 24.000000 -10.000000
vt 23.216999 -10.051600
vt 22.955999 -8.068802
vt 22.447201 -10.204600
vt 21.929600 -8.272800
vt 21.703800 -10.456600
vt 20.938400 -8.608799
vt 21.000000 -10.804000
vt 20.000000 -9.071999
vt 20.347200 -11.239600
vt 19.129601 -9.652802
vt 19.757401 -11.757400
vt 18.343201 -10.343200
vt 19.239599 -12.347200
vt 17.652800 -11.129600
vt 18.804001 -13.000000
vt 17.072001 -12.000000
vt 18.456600 -13.703800
vt 16.608801 -12.938400
vt 18.204599 -14.447200
vt 16.272800 -13.929600
vt 18.051600 -15.217000
vt 16.068800 -14.956000
vt 18.000000 -16.000000
vt 16.000000 -16.000000
vt 18.051600 -16.783001
vt 16.068800 -17.044001
vt 18.204599 -17.552799
vt 16.272800 -18.070400
vt 18.456600 -18.296200
vt 16.608801 -19.061600
vt 18.804001 -19.000000
vt 17.072001 -20.000000
vt 19.239599 -19.652800
vt 17.652800 -20.870399
vt 19.757401 -20.242599
vt 18.343201 -21.656799
vt 20.347200 -20.760401
vt 19.129601 -22.347200
vt 21.000000 -21.195999
vt 20.000000 -22.927999
vt 21.703800 -21.543400
vt 20.938400 -23.391199
vt 22.447201 -21.795401
vt 21.929600 -23.727200
vt 23.216999 -21.948400
vt 22.955999 -23.931200
vt 24.000000 -22.000000
vt 24.000000 -24.000000
vt 24.783001 -21.948400
vt 25.044001 -23.931200
vt 25.552799 -21.795401
vt 26.070400 -23.727200
vt 26.296200 -21.543400
vt 27.061600 -23.391199
vt 27.000000 -21.195999
vt 27.652800 -20.760401
vt 28.870399 -22.347200
vt 28.242599 -20.242599
vt 29.656799 -21.656799
vt 28.760401 -19.652800
vt 30.347200 -20.870399
vt 29.195999 -19.000000
vt 30.927999 -20.000000
vt 29.543400 -18.296200
vt 31.391199 -19.061600
vt 29.795401 -17.552799
vt 31.727200 -18.070400
vt 29.948400 -16.783001
vt 31.931200 -17.044001
vt 30.000000 -16.000000
vt 32.000000 -16.000000
vt 29.948400 -15.217000
vt 31.931200 -14.956000
vt 29.795401 -14.447200
vt 31.727200 -13.929600
vt 29.543400 -13.703800
vt 31.391199 -12.938400
vt 29.195999 -13.000000
vt 30.927999 -12.000000
vt 28.760401 -12.347200
vt 30.347200 -11.129600
vt 28.242599 -11.757400
vt 29.656799 -10.343200
vt 27.652800 -11.239600
vt 28.870399 -9.652802
vt 27.000000 -10.804000
vt 28.000000 -9.071999
vt 26.296200 -10.456600
vt 27.061600 -8.608799
vt 25.552799 -10.204600
vt 26.070400 -8.272800
vt 24.783001 -10.051600
vt 25.044001 -8.068802
vt 24.000000 -54.000000
vt -50.000000 -54.000000
vt 3.217000 -54.834599
vt 23.216999 -54.834599
vt 2.447200 -55.757401
vt 22.447201 -55.757401
vt 1.703800 -56.752800
vt 21.703800 -56.752800
vt 1.000000 -57.804001
vt 21.000000 -57.804001
vt 0.347200 -58.892399
vt 20.347200 -58.892399
vt -0.242600 -60.000000
vt 19.757401 -60.000000
vt -0.760400 -61.107601
vt 19.239599 -61.107601
vt -1.196000 -62.195999
vt 18.804001 -62.195999
vt -1.543400 -63.247200
vt 18.456600 -63.247200
vt -1.795400 -64.242599
vt 18.204599 -64.242599
vt -1.948400 -65.165398
vt 18.051600 -65.165398
vt -2.000000 -66.000000
vt 18.000000 -66.000000
vt -1.948400 -66.731400
vt 18.051600 -66.731400
vt -1.795400 -67.348198
vt 18.204599 -67.348198
vt -1.543400 -67.839600
vt 18.456600 -67.839600
vt -1.196000 -68.195999
vt 18.804001 -68.195999
vt -0.760400 -68.413200
vt 19.239599 -68.413200
vt -0.242600 -68.485199
vt -40.242599 -68.485199
vt -60.760399 -68.413200
vt -40.760399 -68.413200
vt -61.195999 -68.195999
vt -41.195999 -68.195999
vt -61.543400 -67.839600
vt -41.543400 -67.839600
vt -61.795399 -67.348213
vt -41.795399 -67.348213
vt -61.948399 -66.731400
vt -41.948399 -66.731400
vt -62.000000 -66.000000
vt -42.000000 -66.000000
vt -61.948399 -65.165413
vt -41.948399 -65.165413
vt -61.795399 -64.242599
vt -41.795399 -64.242599
vt -61.543400 -63.247200
vt -41.543400 -63.247200
vt -61.195999 -62.195999
vt -41.195999 -62.195999
vt -60.760399 -61.107601
vt -40.760399 -61.107601
vt -60.242599 -60.000000
vt -40.242599 -60.000000
vt -59.652802 -58.892399
vt -39.652802 -58.892399
vt -59.000000 -57.804001
vt -39.000000 -57.804001
vt -58.296200 -56.752800
vt -38.296200 -56.752800
vt -57.552799 -55.757401
vt -37.552799 -55.757401
vt -56.783001 -54.834599
vt -36.783001 -54.834599
vt -56.000000 -54.000000
vt 30.000000 -54.000000
vt 9.948400 -53.268600
vt 29.948400 -53.268600
vt 9.795401 -52.651798
vt 29.795401 -52.651798
vt 9.543400 -52.160400
vt 29.543400 -52.160400
vt 9.196000 -51.804001
vt 29.195999 -51.804001
vt 8.760400 -51.586800
vt 28.760401 -51.586800
vt 8.242599 -51.514801
vt -31.757401 -51.514801
vt -51.239601 -51.586800
vt -31.239599 -51.586800
vt -50.804001 -51.804001
vt -30.804001 -51.804001
vt -50.456600 -52.160400
vt -30.456600 -52.160400
vt -50.204601 -52.651798
vt -30.204599 -52.651798
vt -50.051601 -53.268600
vt -30.051600 -53.268600
vt -48.068802 -53.112801
vt -48.000000 -52.000000
vt -28.000000 -52.000000
vt -28.068800 -53.112801
vt -48.272800 -54.343201
vt -28.272800 -54.343201
vt -48.608799 -55.670399
vt -28.608801 -55.670399
vt -49.071999 -57.071999
vt -29.072001 -57.071999
vt -49.652802 -58.523201
vt -29.652800 -58.523201
vt -50.343201 -60.000000
vt -30.343201 -60.000000
vt -51.129601 -61.476799
vt -31.129601 -61.476799
vt -52.000000 -62.928001
vt -32.000000 -62.928001
vt -52.938400 -64.329597
vt -32.938400 -64.329597
vt -53.929600 -65.656799
vt -33.929600 -65.656799
vt -54.956001 -66.887199
vt -34.956001 -66.887199
vt -56.000000 -68.000000
vt 16.000000 -68.000000
vt -3.931200 -68.975197
vt 16.068800 -68.975197
vt -3.727200 -69.797600
vt 16.272800 -69.797600
vt -3.391200 -70.452797
vt 16.608801 -70.452797
vt -2.928000 -70.928001
vt 17.072001 -70.928001
vt -2.347200 -71.217598
vt 17.652800 -71.217598
vt -1.656800 -71.313599
vt -41.656799 -71.313599
vt -62.347198 -71.217598
vt -42.347198 -71.217598
vt -62.928001 -70.928001
vt -42.928001 -70.928001
vt -63.391201 -70.452797
vt -43.391201 -70.452797
vt -63.727200 -69.797600
vt -43.727200 -69.797600
vt -63.931198 -68.975197
vt -43.931198 -68.975197
vt -64.000000 -68.000000
vt 24.000000 -68.000000
vt 5.044000 -66.887199
vt 25.044001 -66.887199
vt 6.070400 -65.656807
vt 26.070400 -65.656807
vt 7.061600 -64.329597
vt 27.061600 -64.329597
vt 8.000000 -62.928001
vt 28.000000 -62.928001
vt 8.870399 -61.476799
vt 28.870399 -61.476799
vt 9.656799 -60.000000
vt 29.656799 -60.000000
vt 10.347200 -58.523201
vt 30.347200 -58.523201
vt 10.928000 -57.071999
vt 30.927999 -57.071999
vt 11.391200 -55.670399
vt 31.391199 -55.670399
vt 11.727200 -54.343201
vt 31.727200 -54.343201
vt 11.931200 -53.112801
vt 31.931200 -53.112801
vt 12.000000 -52.000000
vt 32.000000 -52.000000
vt 11.931200 -51.024799
vt 31.931200 -51.024799
vt 11.727200 -50.202400
vt 31.727200 -50.202400
vt 11.391200 -49.547199
vt 31.391199 -49.547199
vt 10.928000 -49.071999
vt 30.927999 -49.071999
vt 10.347200 -48.782398
vt 30.347200 -48.782398
vt 9.656799 -48.686401
vt -30.343201 -48.686401
vt -49.652802 -48.782398
vt -29.652800 -48.782398
vt -49.071999 -49.071999
vt -29.072001 -49.071999
vt -48.608799 -49.547199
vt -28.608801 -49.547199
vt -48.272800 -50.202400
vt -28.272800 -50.202400
vt -48.068802 -51.024799
vt -28.068800 -51.024799
vt 24.000000 -30.000000
vt 23.216999 -30.051600
vt 22.955999 -28.068800
vt 22.447201 -30.204599
vt 21.929600 -28.272800
vt 21.703800 -30.456600
vt 20.938400 -28.608801
vt 21.000000 -30.804001
vt 20.000000 -29.072001
vt 20.347200 -31.239599
vt 19.129601 -29.652800
vt 19.757401 -31.757401
vt 18.343201 -30.343201
vt 19.239599 -32.347198
vt 17.652800 -31.129601
vt 18.804001 -33.000000
vt 17.072001 -32.000000
vt 18.456600 -33.703800
vt 16.608801 -32.938400
vt 18.204599 -34.447201
vt 16.272800 -33.929600
vt 18.051600 -35.216999
vt 16.068800 -34.956001
vt 18.000000 -36.000000
vt 16.000000 -36.000000
vt 18.051600 -36.783001
vt 16.068800 -37.043999
vt 18.204599 -37.552799
vt 16.272800 -38.070400
vt 18.456600 -38.296200
vt 16.608801 -39.061600
vt 18.804001 -39.000000
vt 17.072001 -40.000000
vt 19.239599 -39.652802
vt 17.652800 -40.870399
vt 19.757401 -40.242599
vt 18.343201 -41.656799
vt 20.347200 -40.760399
vt 19.129601 -42.347198
vt 21.000000 -41.195999
vt 20.000000 -42.928001
vt 21.703800 -41.543400
vt 20.938400 -43.391201
vt 22.447201 -41.795399
vt 21.929600 -43.727200
vt 23.216999 -41.948399
vt 22.955999 -43.931198
vt 24.000000 -42.000000
vt 24.000000 -44.000000
vt 24.783001 -41.948399
vt 25.044001 -43.931198
vt 25.552799 -41.795399
vt 26.070400 -43.727200
vt 26.296200 -41.543400
vt 27.061600 -43.391201
vt 27.000000 -41.195999
vt 27.652800 -40.760399
vt 28.870399 -42.347198
vt 28.242599 -40.242599
vt 29.656799 -41.656799
vt 28.760401 -39.652802
vt 30.347200 -40.870399
vt 29.195999 -39.000000
vt 30.927999 -40.000000
vt 29.543400 -38.296200
vt 31.391199 -39.061600
vt 29.795401 -37.552799
vt 31.727200 -38.070400
vt 29.948400 -36.783001
vt 31.931200 -37.043999
vt 30.000000 -36.000000
vt 32.000000 -36.000000
vt 29.948400 -35.216999
vt 31.931200 -34.956001
vt 29.795401 -34.447201
vt 31.727200 -33.929600
vt 29.543400 -33.703800
vt 31.391199 -32.938400
vt 29.195999 -33.000000
vt 30.927999 -32.000000
vt 28.760401 -32.347198
vt 30.347200 -31.129601
vt 28.242599 -31.757401
vt 29.656799 -30.343201
vt 27.652800 -31.239599
vt 28.870399 -29.652800
vt 27.000000 -30.804001
vt 28.000000 -29.072001
vt 26.296200 -30.456600
vt 27.061600 -28.608801
vt 25.552799 -30.204599
vt 26.070400 -28.272800
vt 24.783001 -30.051600
vt 25.044001 -28.068800
vt 24.000000 -74.000000
vt -70.000000 -74.000000
vt 3.217000 -74.834587
vt 23.216999 -74.834587
vt 2.447200 -75.757401
vt 22.447201 -75.757401
vt 1.703800 -76.752808
vt 21.703800 -76.752808
vt 1.000000 -77.804001
vt 21.000000 -77.804001
vt 0.347200 -78.892403
vt 20.347200 -78.892403
vt -0.242600 -80.000000
vt 19.757401 -80.000000
vt -0.760400 -81.107597
vt 19.239599 -81.107597
vt -1.196000 -82.195999
vt 18.804001 -82.195999
vt -1.543400 -83.247192
vt 18.456600 -83.247192
vt -1.795400 -84.242599
vt 18.204599 -84.242599
vt -1.948400 -85.165413
vt 18.051600 -85.165413
vt -2.000000 -86.000000
vt 18.000000 -86.000000
vt -1.948400 -86.731400
vt 18.051600 -86.731400
vt -1.795400 -87.348213
vt 18.204599 -87.348213
vt -1.543400 -87.839600
vt 18.456600 -87.839600
vt -1.196000 -88.195999
vt 18.804001 -88.195999
vt -0.760400 -88.413200
vt 19.239599 -88.413200
vt -0.242600 -88.485199
vt -60.242599 -88.485199
vt -80.760399 -88.413200
vt -60.760399 -88.413200
vt -81.195999 -88.195999
vt -61.195999 -88.195999
vt -81.543404 -87.839600
vt -61.543400 -87.839600
vt -81.795403 -87.348213
vt -61.795399 -87.348213
vt -81.948402 -86.731400
vt -61.948399 -86.731400
vt -82.000000 -86.000000
vt -62.000000 -86.000000
vt -81.948402 -85.165413
vt -61.948399 -85.165413
vt -81.795403 -84.242599
vt -61.795399 -84.242599
vt -81.543404 -83.247192
vt -61.543400 -83.247192
vt -81.195999 -82.195999
vt -61.195999 -82.195999
vt -80.760399 -81.107597
vt -60.760399 -81.107597
vt -80.242599 -80.000000
vt -60.242599 -80.000000
vt -79.652802 -78.892403
vt -59.652802 -78.892403
vt -79.000000 -77.804001
vt -59.000000 -77.804001
vt -78.296204 -76.752808
vt -58.296200 -76.752808
vt -77.552803 -75.757401
vt -57.552799 -75.757401
vt -76.782997 -74.834587
vt -56.783001 -74.834587
vt -76.000000 -74.000000
vt 30.000000 -74.000000
vt 9.948400 -73.268600
vt 29.948400 -73.268600
vt 9.795401 -72.651787
vt 29.795401 -72.651787
vt 9.543400 -72.160400
vt 29.543400 -72.160400
vt 9.196000 -71.804001
vt 29.195999 -71.804001
vt 8.760400 -71.586800
vt 28.760401 -71.586800
vt 8.242599 -71.514801
vt -51.757401 -71.514801
vt -71.239601 -71.586800
vt -51.239601 -71.586800
vt -70.804001 -71.804001
vt -50.804001 -71.804001
vt -70.456596 -72.160400
vt -50.456600 -72.160400
vt -70.204597 -72.651787
vt -50.204601 -72.651787
vt -70.051598 -73.268600
vt -50.051601 -73.268600
vt -68.068802 -73.112801
vt -68.000000 -72.000000
vt -48.000000 -72.000000
vt -48.068802 -73.112801
vt -68.272797 -74.343193
vt -48.272800 -74.343193
vt -68.608803 -75.670403
vt -48.608799 -75.670403
vt -69.071999 -77.071999
vt -49.071999 -77.071999
vt -69.652802 -78.523201
vt -49.652802 -78.523201
vt -70.343201 -80.000000
vt -50.343201 -80.000000
vt -71.129601 -81.476799
vt -51.129601 -81.476799
vt -72.000000 -82.928001
vt -52.000000 -82.928001
vt -72.938400 -84.329597
vt -52.938400 -84.329597
vt -73.929604 -85.656807
vt -53.929600 -85.656807
vt -74.956001 -86.887199
vt -54.956001 -86.887199
vt -76.000000 -88.000000
vt 16.000000 -88.000000
vt -3.931200 -88.975197
vt 16.068800 -88.975197
vt -3.727200 -89.797600
vt 16.272800 -89.797600
vt -3.391200 -90.452797
vt 16.608801 -90.452797
vt -2.928000 -90.928001
vt 17.072001 -90.928001
vt -2.347200 -91.217598
vt 17.652800 -91.217598
vt -1.656800 -91.313599
vt -61.656799 -91.313599
vt -82.347198 -91.217598
vt -62.347198 -91.217598
vt -82.928001 -90.928001
vt -62.928001 -90.928001
vt -83.391197 -90.452797
vt -63.391201 -90.452797
vt -83.727203 -89.797600
vt -63.727200 -89.797600
vt -83.931198 -88.975197
vt -63.931198 -88.975197
vt -84.000000 -88.000000
vt 24.000000 -88.000000
vt 5.044000 -86.887199
vt 25.044001 -86.887199
vt 6.070400 -85.656807
vt 26.070400 -85.656807
vt 7.061600 -84.329597
vt 27.061600 -84.329597
vt 8.000000 -82.928001
vt 28.000000 -82.928001
vt 8.870399 -81.476799
vt 28.870399 -81.476799
vt 9.656799 -80.000000
vt 29.656799 -80.000000
vt 10.347200 -78.523201
vt 30.347200 -78.523201
vt 10.928000 -77.071999
vt 30.927999 -77.071999
vt 11.391200 -75.670403
vt 31.391199 -75.670403
vt 11.727200 -74.343193
vt 31.727200 -74.343193
vt 11.931200 -73.112801
vt 31.931200 -73.112801
vt 12.000000 -72.000000
vt 32.000000 -72.000000
vt 11.931200 -71.024803
vt 31.931200 -71.024803
vt 11.727200 -70.202400
vt 31.727200 -70.202400
vt 11.391200 -69.547203
vt 31.391199 -69.547203
vt 10.928000 -69.071999
vt 30.927999 -69.071999
vt 10.347200 -68.782402
vt 30.347200 -68.782402
vt 9.656799 -68.686401
vt -50.343201 -68.686401
vt -69.652802 -68.782402
vt -49.652802 -68.782402
vt -69.071999 -69.071999
vt -49.071999 -69.071999
vt -68.608803 -69.547203
vt -48.608799 -69.547203
vt -68.272797 -70.202400
vt -48.272800 -70.202400
vt -68.068802 -71.024803
vt -48.068802 -71.024803
vt 24.000000 -50.000000
vt 23.216999 -50.051601
vt 22.955999 -48.068802
vt 22.447201 -50.204601
vt 21.929600 -48.272800
vt 21.703800 -50.456600
vt 20.938400 -48.608799
vt 21.000000 -50.804001
vt 20.000000 -49.071999
vt 20.347200 -51.239601
vt 19.129601 -49.652802
vt 19.757401 -51.757401
vt 18.343201 -50.343201
vt 19.239599 -52.347198
vt 17.652800 -51.129601
vt 18.804001 -53.000000
vt 17.072001 -52.000000
vt 18.456600 -53.703800
vt 16.608801 -52.938400
vt 18.204599 -54.447201
vt 16.272800 -53.929600
vt 18.051600 -55.216999
vt 16.068800 -54.956001
vt 18.000000 -56.000000
vt 16.000000 -56.000000
vt 18.051600 -56.783001
vt 16.068800 -57.043999
vt 18.204599 -57.552799
vt 16.272800 -58.070400
vt 18.456600 -58.296200
vt 16.608801 -59.061600
vt 18.804001 -59.000000
vt 17.072001 -60.000000
vt 19.239599 -59.652802
vt 17.652800 -60.870399
vt 19.757401 -60.242599
vt 18.343201 -61.656799
vt 20.347200 -60.760399
vt 19.129601 -62.347198
vt 21.000000 -61.195999
vt 20.000000 -62.928001
vt 21.703800 -61.543400
vt 20.938400 -63.391201
vt 22.447201 -61.795399
vt 21.929600 -63.727200
vt 23.216999 -61.948399
vt 22.955999 -63.931198
vt 24.000000 -62.000000
vt 24.000000 -64.000000
vt 24.783001 -61.948399
vt 25.044001 -63.931198
vt 25.552799 -61.795399
vt 26.070400 -63.727200
vt 26.296200 -61.543400
vt 27.061600 -63.391201
vt 27.000000 -61.195999
vt 27.652800 -60.760399
vt 28.870399 -62.347198
vt 28.242599 -60.242599
vt 29.656799 -61.656799
vt 28.760401 -59.652802
vt 30.347200 -60.870399
vt 29.195999 -59.000000
vt 30.927999 -60.000000
vt 29.543400 -58.296200
vt 31.391199 -59.061600
vt 29.795401 -57.552799
vt 31.727200 -58.070400
vt 29.948400 -56.783001
vt 31.931200 -57.043999
vt 30.000000 -56.000000
vt 32.000000 -56.000000
vt 29.948400 -55.216999
vt 31.931200 -54.956001
vt 29.795401 -54.447201
vt 31.727200 -53.929600
vt 29.543400 -53.703800
vt 31.391199 -52.938400
vt 29.195999 -53.000000
vt 30.927999 -52.000000
vt 28.760401 -52.347198
vt 30.347200 -51.129601
vt 28.242599 -51.757401
vt 29.656799 -50.343201
vt 27.652800 -51.239601
vt 28.870399 -49.652802
vt 27.000000 -50.804001
vt 28.000000 -49.071999
vt 26.296200 -50.456600
vt 27.061600 -48.608799
vt 25.552799 -50.204601
vt 26.070400 -48.272800
vt 24.783001 -50.051601
vt 25.044001 -48.068802
vt -12.000000 100.000000
vt 20.000000 100.000000
vt 20.000000 -92.000000
vt -12.000000 -92.000000
vt 8.000000 -112.000000
vt 8.000000 80.000000
vt -12.000000 80.000000
vt -12.000000 -112.000000
vt -72.000000 -80.000000
vt -72.000000 -112.000000
vt -92.000000 -112.000000
vt -92.000000 -80.000000
vt 40.000000 112.000000
vt 40.000000 -80.000000
vt 20.000000 -80.000000
vt 20.000000 112.000000
vt 120.000000 80.000000
vt 120.000000 112.000000
vt 100.000000 112.000000
vt 100.000000 80.000000
vt 8.000000 120.000000
vt 8.000000 -72.000000
vt 4.000000 -76.000000
vt 4.000000 124.000000
vt 40.000000 -72.000000
vt 40.000000 120.000000
vt 44.000000 124.000000
vt 44.000000 -76.000000
vt 20.000000 -100.000000
vt -20.000000 100.000000
vt -20.000000 -100.000000
vt -20.000000 80.000000
vt 4.000000 80.000000
vt 4.000000 -120.000000
vt -20.000000 -120.000000
vt -100.000000 -120.000000
vt -76.000000 -120.000000
vt -76.000000 -80.000000
vt -100.000000 -80.000000
vt 44.000000 -80.000000
vt 44.000000 120.000000
vt 20.000000 120.000000
vt 100.000000 120.000000
vt 124.000000 120.000000
vt 124.000000 80.000000
vt 91.948402 85.165413
vt 92.000000 86.000000
vt 96.000000 86.000000
vt 95.948402 85.165413
vt 91.795403 84.242599
vt 95.795403 84.242599
vt 91.543404 83.247192
vt 95.543404 83.247192
vt 91.195999 82.195999
vt 95.195999 82.195999
vt 90.760399 81.107597
vt 94.760399 81.107597
vt 90.242599 80.000000
vt 94.242599 80.000000
vt 89.652802 78.892403
vt 93.652802 78.892403
vt 89.000000 77.804001
vt 93.000000 77.804001
vt 88.296204 76.752808
vt 92.296204 76.752808
vt 87.552803 75.757401
vt 91.552803 75.757401
vt 86.782997 74.834587
vt 90.782997 74.834587
vt 86.000000 74.000000
vt -16.000000 74.000000
vt -19.948400 73.268600
vt -15.948400 73.268600
vt -19.795401 72.651787
vt -15.795400 72.651787
vt -19.543400 72.160400
vt -15.543400 72.160400
vt -19.195999 71.804001
vt -15.196000 71.804001
vt -18.760401 71.586800
vt -14.760400 71.586800
vt -18.242599 71.514801
vt 85.757401 71.514801
vt 81.239601 71.586800
vt 85.239601 71.586800
vt 80.804001 71.804001
vt 84.804001 71.804001
vt 80.456596 72.160400
vt 84.456596 72.160400
vt 80.204597 72.651787
vt 84.204597 72.651787
vt 80.051598 73.268600
vt 84.051598 73.268600
vt 80.000000 74.000000
vt -10.000000 74.000000
vt -13.217000 74.834587
vt -9.217000 74.834587
vt -12.447200 75.757401
vt -8.447200 75.757401
vt -11.703800 76.752808
vt -7.703800 76.752808
vt -11.000000 77.804001
vt -7.000000 77.804001
vt -10.347200 78.892403
vt -6.347200 78.892403
vt -9.757401 80.000000
vt -5.757400 80.000000
vt -9.239600 81.107597
vt -5.239600 81.107597
vt -8.804000 82.195999
vt -4.804000 82.195999
vt -8.456600 83.247192
vt -4.456600 83.247192
vt -8.204599 84.242599
vt -4.204600 84.242599
vt -8.051600 85.165413
vt -4.051600 85.165413
vt -8.000000 86.000000
vt -4.000000 86.000000
vt -8.051600 86.731400
vt -4.051600 86.731400
vt -8.204599 87.348213
vt -4.204600 87.348213
vt -8.456600 87.839600
vt -4.456600 87.839600
vt -8.804000 88.195999
vt -4.804000 88.195999
vt -9.239600 88.413200
vt -5.239600 88.413200
vt -9.757401 88.485199
vt 94.242599 88.485199
vt 90.760399 88.413200
vt 94.760399 88.413200
vt 91.195999 88.195999
vt 95.195999 88.195999
vt 91.543404 87.839600
vt 95.543404 87.839600
vt 91.795403 87.348213
vt 95.795403 87.348213
vt 91.948402 86.731400
vt 95.948402 86.731400
vt -14.000000 86.000000
vt -14.000000 92.000000
vt -14.783000 91.948402
vt -15.552800 91.795403
vt -16.296200 91.543404
vt -17.000000 91.195999
vt -17.652800 90.760399
vt -18.242599 90.242599
vt -18.760401 89.652802
vt -19.195999 89.000000
vt -19.543400 88.296204
vt -19.795401 87.552803
vt -19.948400 86.782997
vt -20.000000 86.000000
vt -19.948400 85.217003
vt -19.795401 84.447197
vt -19.543400 83.703796
vt -19.195999 83.000000
vt -18.760401 82.347198
vt -18.242599 81.757401
vt -17.652800 81.239601
vt -17.000000 80.804001
vt -16.296200 80.456596
vt -15.552800 80.204597
vt -14.783000 80.051598
vt -14.000000 80.000000
vt -13.217000 80.051598
vt -12.447200 80.204597
vt -11.703800 80.456596
vt -11.000000 80.804001
vt -10.347200 81.239601
vt -9.757401 81.757401
vt -9.239600 82.347198
vt -8.804000 83.000000
vt -8.456600 83.703796
vt -8.204599 84.447197
vt -8.051600 85.217003
vt -8.051600 86.782997
vt -8.204599 87.552803
vt -8.456600 88.296204
vt -8.804000 89.000000
vt -9.239600 89.652802
vt -9.757401 90.242599
vt -10.347200 90.760399
vt -11.000000 91.195999
vt -11.703800 91.543404
vt -12.447200 91.795403
vt -13.217000 91.948402
vt 71.948402 65.165413
vt 72.000000 66.000000
vt 76.000000 66.000000
vt 75.948402 65.165413
vt 71.795403 64.242599
vt 75.795403 64.242599
vt 71.543404 63.247200
vt 75.543404 63.247200
vt 71.195999 62.195999
vt 75.195999 62.195999
vt 70.760399 61.107601
vt 74.760399 61.107601
vt 70.242599 60.000000
vt 74.242599 60.000000
vt 69.652802 58.892399
vt 73.652802 58.892399
vt 69.000000 57.804001
vt 73.000000 57.804001
vt 68.296204 56.752800
vt 72.296204 56.752800
vt 67.552803 55.757401
vt 71.552803 55.757401
vt 66.782997 54.834591
vt 70.782997 54.834591
vt 66.000000 54.000000
vt -16.000000 54.000000
vt -19.948400 53.268600
vt -15.948400 53.268600
vt -19.795401 52.651791
vt -15.795400 52.651791
vt -19.543400 52.160400
vt -15.543400 52.160400
vt -19.195999 51.804001
vt -15.196000 51.804001
vt -18.760401 51.586800
vt -14.760400 51.586800
vt -18.242599 51.514801
vt 65.757401 51.514801
vt 61.239601 51.586800
vt 65.239601 51.586800
vt 60.804001 51.804001
vt 64.804001 51.804001
vt 60.456600 52.160400
vt 64.456596 52.160400
vt 60.204601 52.651798
vt 64.204597 52.651798
vt 60.051601 53.268600
vt 64.051598 53.268600
vt 60.000000 54.000000
vt -10.000000 54.000000
vt -13.217000 54.834599
vt -9.217000 54.834599
vt -12.447200 55.757401
vt -8.447200 55.757401
vt -11.703800 56.752800
vt -7.703800 56.752800
vt -11.000000 57.804001
vt -7.000000 57.804001
vt -10.347200 58.892399
vt -6.347200 58.892399
vt -9.757401 60.000000
vt -5.757400 60.000000
vt -9.239600 61.107601
vt -5.239600 61.107601
vt -8.804000 62.195999
vt -4.804000 62.195999
vt -8.456600 63.247200
vt -4.456600 63.247200
vt -8.204599 64.242599
vt -4.204600 64.242599
vt -8.051600 65.165413
vt -4.051600 65.165413
vt -8.000000 66.000000
vt -4.000000 66.000000
vt -8.051600 66.731400
vt -4.051600 66.731400
vt -8.204599 67.348213
vt -4.204600 67.348213
vt -8.456600 67.839600
vt -4.456600 67.839600
vt -8.804000 68.195999
vt -4.804000 68.195999
vt -9.239600 68.413200
vt -5.239600 68.413200
vt -9.757401 68.485199
vt 74.242599 68.485199
vt 70.760399 68.413200
vt 74.760399 68.413200
vt 71.195999 68.195999
vt 75.195999 68.195999
vt 71.543404 67.839600
vt 75.543404 67.839600
vt 71.795403 67.348213
vt 75.795403 67.348213
vt 71.948402 66.731400
vt 75.948402 66.731400
vt -14.000000 66.000000
vt -14.000000 72.000000
vt -14.783000 71.948402
vt -15.552800 71.795403
vt -16.296200 71.543404
vt -17.000000 71.195999
vt -17.652800 70.760399
vt -18.242599 70.242599
vt -18.760401 69.652802
vt -19.195999 69.000000
vt -19.543400 68.296204
vt -19.795401 67.552803
vt -19.948400 66.782997
vt -20.000000 66.000000
vt -19.948400 65.217003
vt -19.795401 64.447197
vt -19.543400 63.703800
vt -19.195999 63.000000
vt -18.760401 62.347198
vt -18.242599 61.757401
vt -17.652800 61.239601
vt -17.000000 60.804001
vt -16.296200 60.456600
vt -15.552800 60.204601
vt -14.783000 60.051601
vt -14.000000 60.000000
vt -13.217000 60.051601
vt -12.447200 60.204601
vt -11.703800 60.456600
vt -11.000000 60.804001
vt -10.347200 61.239601
vt -9.757401 61.757401
vt -9.239600 62.347198
vt -8.804000 63.000000
vt -8.456600 63.703800
vt -8.204599 64.447197
vt -8.051600 65.217003
vt -8.051600 66.782997
vt -8.204599 67.552803
vt -8.456600 68.296204
vt -8.804000 69.000000
vt -9.239600 69.652802
vt -9.757401 70.242599
vt -10.347200 70.760399
vt -11.000000 71.195999
vt -11.703800 71.543404
vt -12.447200 71.795403
vt -13.217000 71.948402
vt 51.948399 45.165401
vt 52.000000 46.000000
vt 56.000000 46.000000
vt 55.948399 45.165401
vt 51.795399 44.242599
vt 55.795399 44.242599
vt 51.543400 43.247200
vt 55.543400 43.247200
vt 51.195999 42.195999
vt 55.195999 42.195999
vt 50.760399 41.107601
vt 54.760399 41.107601
vt 50.242599 40.000000
vt 54.242599 40.000000
vt 49.652802 38.892399
vt 53.652802 38.892399
vt 49.000000 37.804001
vt 53.000000 37.804001
vt 48.296200 36.752800
vt 52.296200 36.752800
vt 47.552799 35.757401
vt 51.552799 35.757401
vt 46.783001 34.834599
vt 50.783001 34.834599
vt 46.000000 34.000000
vt -16.000000 34.000000
vt -19.948400 33.268600
vt -15.948400 33.268600
vt -19.795401 32.651798
vt -15.795400 32.651798
vt -19.543400 32.160400
vt -15.543400 32.160400
vt -19.195999 31.804001
vt -15.196000 31.804001
vt -18.760401 31.586800
vt -14.760400 31.586800
vt -18.242599 31.514799
vt 45.757401 31.514799
vt 41.239601 31.586800
vt 45.239601 31.586800
vt 40.804001 31.804001
vt 44.804001 31.804001
vt 40.456600 32.160400
vt 44.456600 32.160400
vt 40.204601 32.651798
vt 44.204601 32.651798
vt 40.051601 33.268600
vt 44.051601 33.268600
vt 40.000000 34.000000
vt -10.000000 34.000000
vt -13.217000 34.834599
vt -9.217000 34.834599
vt -12.447200 35.757401
vt -8.447200 35.757401
vt -11.703800 36.752800
vt -7.703800 36.752800
vt -11.000000 37.804001
vt -7.000000 37.804001
vt -10.347200 38.892399
vt -6.347200 38.892399
vt -9.757401 40.000000
vt -5.757400 40.000000
vt -9.239600 41.107601
vt -5.239600 41.107601
vt -8.804000 42.195999
vt -4.804000 42.195999
vt -8.456600 43.247200
vt -4.456600 43.247200
vt -8.204599 44.242599
vt -4.204600 44.242599
vt -8.051600 45.165401
vt -4.051600 45.165401
vt -8.000000 46.000000
vt -4.000000 46.000000
vt -8.051600 46.731400
vt -4.051600 46.731400
vt -8.204599 47.348202
vt -4.204600 47.348202
vt -8.456600 47.839600
vt -4.456600 47.839600
vt -8.804000 48.195999
vt -4.804000 48.195999
vt -9.239600 48.413200
vt -5.239600 48.413200
vt -9.757401 48.485199
vt 54.242599 48.485199
vt 50.760399 48.413200
vt 54.760399 48.413200
vt 51.195999 48.195999
vt 55.195999 48.195999
vt 51.543400 47.839600
vt 55.543400 47.839600
vt 51.795399 47.348202
vt 55.795399 47.348202
vt 51.948399 46.731400
vt 55.948399 46.731400
vt -14.000000 46.000000
vt -14.000000 52.000000
vt -14.783000 51.948399
vt -15.552800 51.795399
vt -16.296200 51.543400
vt -17.000000 51.195999
vt -17.652800 50.760399
vt -18.242599 50.242599
vt -18.760401 49.652802
vt -19.195999 49.000000
vt -19.543400 48.296200
vt -19.795401 47.552799
vt -19.948400 46.783001
vt -20.000000 46.000000
vt -19.948400 45.216999
vt -19.795401 44.447201
vt -19.543400 43.703800
vt -19.195999 43.000000
vt -18.760401 42.347198
vt -18.242599 41.757401
vt -17.652800 41.239601
vt -17.000000 40.804001
vt -16.296200 40.456600
vt -15.552800 40.204601
vt -14.783000 40.051601
vt -14.000000 40.000000
vt -13.217000 40.051601
vt -12.447200 40.204601
vt -11.703800 40.456600
vt -11.000000 40.804001
vt -10.347200 41.239601
vt -9.757401 41.757401
vt -9.239600 42.347198
vt -8.804000 43.000000
vt -8.456600 43.703800
vt -8.204599 44.447201
vt -8.051600 45.216999
vt -8.051600 46.783001
vt -8.204599 47.552799
vt -8.456600 48.296200
vt -8.804000 49.000000
vt -9.239600 49.652802
vt -9.757401 50.242599
vt -10.347200 50.760399
vt -11.000000 51.195999
vt -11.703800 51.543400
vt -12.447200 51.795399
vt -13.217000 51.948399
vt 31.948400 25.165400
vt 32.000000 26.000000
vt 36.000000 26.000000
vt 35.948399 25.165400
vt 31.795401 24.242599
vt 35.795399 24.242599
vt 31.543400 23.247200
vt 35.543400 23.247200
vt 31.195999 22.195999
vt 35.195999 22.195999
vt 30.760401 21.107599
vt 34.760399 21.107599
vt 30.242599 20.000000
vt 34.242599 20.000000
vt 29.652800 18.892401
vt 33.652802 18.892401
vt 29.000000 17.804001
vt 33.000000 17.804001
vt 28.296200 16.752800
vt 32.296200 16.752800
vt 27.552799 15.757400
vt 31.552799 15.757400
vt 26.783001 14.834600
vt 30.783001 14.834600
vt 26.000000 14.000000
vt -16.000000 14.000000
vt -19.948400 13.268600
vt -15.948400 13.268600
vt -19.795401 12.651800
vt -15.795400 12.651800
vt -19.543400 12.160400
vt -15.543400 12.160400
vt -19.195999 11.804000
vt -15.196000 11.804000
vt -18.760401 11.586800
vt -14.760400 11.586800
vt -18.242599 11.514800
vt 25.757401 11.514800
vt 21.239599 11.586800
vt 25.239599 11.586800
vt 20.804001 11.804000
vt 24.804001 11.804000
vt 20.456600 12.160400
vt 24.456600 12.160400
vt 20.204599 12.651800
vt 24.204599 12.651800
vt 20.051600 13.268600
vt 24.051600 13.268600
vt 20.000000 14.000000
vt -10.000000 14.000000
vt -13.217000 14.834600
vt -9.217000 14.834600
vt -12.447200 15.757400
vt -8.447200 15.757400
vt -11.703800 16.752800
vt -7.703800 16.752800
vt -11.000000 17.804001
vt -7.000000 17.804001
vt -10.347200 18.892401
vt -6.347200 18.892401
vt -9.757401 20.000000
vt -5.757400 20.000000
vt -9.239600 21.107599
vt -5.239600 21.107599
vt -8.804000 22.195999
vt -4.804000 22.195999
vt -8.456600 23.247200
vt -4.456600 23.247200
vt -8.204599 24.242599
vt -4.204600 24.242599
vt -8.051600 25.165400
vt -4.051600 25.165400
vt -8.000000 26.000000
vt -4.000000 26.000000
vt -8.051600 26.731400
vt -4.051600 26.731400
vt -8.204599 27.348200
vt -4.204600 27.348200
vt -8.456600 27.839600
vt -4.456600 27.839600
vt -8.804000 28.195999
vt -4.804000 28.195999
vt -9.239600 28.413200
vt -5.239600 28.413200
vt -9.757401 28.485201
vt 34.242599 28.485201
vt 30.760401 28.413200
vt 34.760399 28.413200
vt 31.195999 28.195999
vt 35.195999 28.195999
vt 31.543400 27.839600
vt 35.543400 27.839600
vt 31.795401 27.348200
vt 35.795399 27.348200
vt 31.948400 26.731400
vt 35.948399 26.731400
vt -14.000000 26.000000
vt -14.000000 32.000000
vt -14.783000 31.948400
vt -15.552800 31.795401
vt -16.296200 31.543400
vt -17.000000 31.195999
vt -17.652800 30.760401
vt -18.242599 30.242599
vt -18.760401 29.652800
vt -19.195999 29.000000
vt -19.543400 28.296200
vt -19.795401 27.552799
vt -19.948400 26.783001
vt -20.000000 26.000000
vt -19.948400 25.216999
vt -19.795401 24.447201
vt -19.543400 23.703800
vt -19.195999 23.000000
vt -18.760401 22.347200
vt -18.242599 21.757401
vt -17.652800 21.239599
vt -17.000000 20.804001
vt -16.296200 20.456600
vt -15.552800 20.204599
vt -14.783000 20.051600
vt -14.000000 20.000000
vt -13.217000 20.051600
vt -12.447200 20.204599
vt -11.703800 20.456600
vt -11.000000 20.804001
vt -10.347200 21.239599
vt -9.757401 21.757401
vt -9.239600 22.347200
vt -8.804000 23.000000
vt -8.456600 23.703800
vt -8.204599 24.447201
vt -8.051600 25.216999
vt -8.051600 26.783001
vt -8.204599 27.552799
vt -8.456600 28.296200
vt -8.804000 29.000000
vt -9.239600 29.652800
vt -9.757401 30.242599
vt -10.347200 30.760401
vt -11.000000 31.195999
vt -11.703800 31.543400
vt -12.447200 31.795401
vt -13.217000 31.948400
vt 11.948400 5.165401
vt 12.000000 6.000000
vt 16.000000 6.000000
vt 15.948400 5.165401
vt 11.795400 4.242600
vt 15.795400 4.242600
vt 11.543400 3.247200
vt 15.543400 3.247200
vt 11.196000 2.196000
vt 15.196000 2.196000
vt 10.760400 1.107600
vt 14.760400 1.107600
vt 10.242600 0.000000
vt 14.242600 0.000000
vt 9.652800 -1.107600
vt 13.652800 -1.107600
vt 9.000000 -2.196000
vt 13.000000 -2.196000
vt 8.296200 -3.247200
vt 12.296200 -3.247200
vt 7.552800 -4.242600
vt 11.552800 -4.242600
vt 6.783000 -5.165401
vt 10.783000 -5.165401
vt 6.000000 -6.000000
vt -16.000000 -6.000000
vt -19.948400 -6.731400
vt -15.948400 -6.731400
vt -19.795401 -7.348201
vt -15.795400 -7.348201
vt -19.543400 -7.839600
vt -15.543400 -7.839600
vt -19.195999 -8.196000
vt -15.196000 -8.196000
vt -18.760401 -8.413200
vt -14.760400 -8.413200
vt -18.242599 -8.485199
vt 5.757400 -8.485199
vt 1.239600 -8.413199
vt 5.239600 -8.413199
vt 0.804000 -8.196000
vt 4.804000 -8.196000
vt 0.456600 -7.839600
vt 4.456600 -7.839600
vt 0.204600 -7.348200
vt 4.204600 -7.348200
vt 0.051600 -6.731400
vt 4.051600 -6.731400
vt 0.000000 -6.000000
vt -10.000000 -6.000000
vt -13.217000 -5.165400
vt -9.217000 -5.165400
vt -12.447200 -4.242600
vt -8.447200 -4.242600
vt -11.703800 -3.247200
vt -7.703800 -3.247200
vt -11.000000 -2.196000
vt -7.000000 -2.196000
vt -10.347200 -1.107600
vt -6.347200 -1.107600
vt -9.757401 0.000000
vt -5.757400 0.000000
vt -9.239600 1.107600
vt -5.239600 1.107600
vt -8.804000 2.196000
vt -4.804000 2.196000
vt -8.456600 3.247200
vt -4.456600 3.247200
vt -8.204599 4.242600
vt -4.204600 4.242600
vt -8.051600 5.165400
vt -4.051600 5.165400
vt -8.000000 6.000000
vt -4.000000 6.000000
vt -8.051600 6.731400
vt -4.051600 6.731400
vt -8.204599 7.348200
vt -4.204600 7.348200
vt -8.456600 7.839600
vt -4.456600 7.839600
vt -8.804000 8.196000
vt -4.804000 8.196000
vt -9.239600 8.413199
vt -5.239600 8.413199
vt -9.757401 8.485199
vt 14.242600 8.485199
vt 10.760400 8.413200
vt 14.760400 8.413200
vt 11.196000 8.196000
vt 15.196000 8.196000
vt 11.543400 7.839600
vt 15.543400 7.839600
vt 11.795400 7.348201
vt 15.795400 7.348201
vt 11.948400 6.731400
vt 15.948400 6.731400
vt -14.000000 6.000000
vt -14.000000 12.000000
vt -14.783000 11.948400
vt -15.552800 11.795400
vt -16.296200 11.543400
vt -17.000000 11.196000
vt -17.652800 10.760400
vt -18.242599 10.242600
vt -18.760401 9.652800
vt -19.195999 9.000000
vt -19.543400 8.296200
vt -19.795401 7.552800
vt -19.948400 6.783000
vt -20.000000 6.000000
vt -19.948400 5.217000
vt -19.795401 4.447200
vt -19.543400 3.703800
vt -19.195999 3.000000
vt -18.760401 2.347200
vt -18.242599 1.757400
vt -17.652800 1.239600
vt -17.000000 0.804000
vt -16.296200 0.456600
vt -15.552800 0.204600
vt -14.783000 0.051600
vt -14.000000 0.000000
vt -13.217000 0.051600
vt -12.447200 0.204600
vt -11.703800 0.456600
vt -11.000000 0.804000
vt -10.347200 1.239600
vt -9.757401 1.757400
vt -9.239600 2.347200
vt -8.804000 3.000000
vt -8.456600 3.703800
vt -8.204599 4.447200
vt -8.051600 5.217000
vt -8.051600 6.783000
vt -8.204599 7.552800
vt -8.456600 8.296200
vt -8.804000 9.000000
vt -9.239600 9.652800
vt -9.757401 10.242600
vt -10.347200 10.760400
vt -11.000000 11.196000
vt -11.703800 11.543400
vt -12.447200 11.795400
vt -13.217000 11.948400
vt -8.051600 -14.834600
vt -8.000000 -14.000000
vt -4.000000 -14.000000
vt -4.051600 -14.834600
vt -8.204599 -15.757400
vt -4.204600 -15.757400
vt -8.456600 -16.752800
vt -4.456600 -16.752800
vt -8.804000 -17.804001
vt -4.804000 -17.804001
vt -9.239600 -18.892401
vt -5.239600 -18.892401
vt -9.757401 -20.000000
vt -5.757400 -20.000000
vt -10.347200 -21.107599
vt -6.347200 -21.107599
vt -11.000000 -22.195999
vt -7.000000 -22.195999
vt -11.703800 -23.247200
vt -7.703800 -23.247200
vt -12.447200 -24.242599
vt -8.447200 -24.242599
vt -13.217000 -25.165400
vt -9.217000 -25.165400
vt -14.000000 -26.000000
vt -16.000000 -26.000000
vt -19.948400 -26.731400
vt -15.948400 -26.731400
vt -19.795401 -27.348200
vt -15.795400 -27.348200
vt -19.543400 -27.839600
vt -15.543400 -27.839600
vt -19.195999 -28.195999
vt -15.196000 -28.195999
vt -18.760401 -28.413200
vt -14.760400 -28.413200
vt -18.242599 -28.485201
vt -14.242600 -28.485201
vt -20.000000 -26.000000
vt -10.000000 -26.000000
vt -8.051600 -13.268600
vt -4.051600 -13.268600
vt -8.204599 -12.651800
vt -4.204600 -12.651800
vt -8.456600 -12.160400
vt -4.456600 -12.160400
vt -8.804000 -11.804000
vt -4.804000 -11.804000
vt -9.239600 -11.586800
vt -5.239600 -11.586800
vt -9.757401 -11.514800
vt -5.757400 -11.514800
vt -14.000000 -14.000000
vt -14.000000 -8.000000
vt -14.783000 -8.051600
vt -15.552800 -8.204599
vt -16.296200 -8.456600
vt -17.000000 -8.804000
vt -17.652800 -9.239600
vt -18.242599 -9.757401
vt -18.760401 -10.347200
vt -19.195999 -11.000000
vt -19.543400 -11.703800
vt -19.795401 -12.447200
vt -19.948400 -13.217000
vt -20.000000 -14.000000
vt -19.948400 -14.783000
vt -19.795401 -15.552800
vt -19.543400 -16.296200
vt -19.195999 -17.000000
vt -18.760401 -17.652800
vt -18.242599 -18.242599
vt -17.652800 -18.760401
vt -17.000000 -19.195999
vt -16.296200 -19.543400
vt -15.552800 -19.795401
vt -14.783000 -19.948400
vt -14.000000 -20.000000
vt -13.217000 -19.948400
vt -12.447200 -19.795401
vt -11.703800 -19.543400
vt -11.000000 -19.195999
vt -10.347200 -18.760401
vt -9.757401 -18.242599
vt -9.239600 -17.652800
vt -8.804000 -17.000000
vt -8.456600 -16.296200
vt -8.204599 -15.552800
vt -8.051600 -14.783000
vt -8.051600 -13.217000
vt -8.204599 -12.447200
vt -8.456600 -11.703800
vt -8.804000 -11.000000
vt -9.239600 -10.347200
vt -9.757401 -9.757401
vt -10.347200 -9.239600
vt -11.000000 -8.804000
vt -11.703800 -8.456600
vt -12.447200 -8.204599
vt -13.217000 -8.051600
vt -28.051600 -34.834599
vt -28.000000 -34.000000
vt -24.000000 -34.000000
vt -24.051600 -34.834599
vt -28.204599 -35.757401
vt -24.204599 -35.757401
vt -28.456600 -36.752800
vt -24.456600 -36.752800
vt -28.804001 -37.804001
vt -24.804001 -37.804001
vt -29.239599 -38.892399
vt -25.239599 -38.892399
vt -29.757401 -40.000000
vt -25.757401 -40.000000
vt -30.347200 -41.107601
vt -26.347200 -41.107601
vt -31.000000 -42.195999
vt -27.000000 -42.195999
vt -31.703800 -43.247200
vt -27.703800 -43.247200
vt -32.447201 -44.242599
vt -28.447201 -44.242599
vt -33.216999 -45.165401
vt -29.216999 -45.165401
vt -34.000000 -46.000000
vt -16.000000 -46.000000
vt -19.948400 -46.731400
vt -15.948400 -46.731400
vt -19.795401 -47.348202
vt -15.795400 -47.348202
vt -19.543400 -47.839600
vt -15.543400 -47.839600
vt -19.195999 -48.195999
vt -15.196000 -48.195999
vt -18.760401 -48.413200
vt -14.760400 -48.413200
vt -18.242599 -48.485199
vt -34.242599 -48.485199
vt -38.760399 -48.413200
vt -34.760399 -48.413200
vt -39.195999 -48.195999
vt -35.195999 -48.195999
vt -39.543400 -47.839600
vt -35.543400 -47.839600
vt -39.795399 -47.348202
vt -35.795399 -47.348202
vt -39.948399 -46.731400
vt -35.948399 -46.731400
vt -40.000000 -46.000000
vt -10.000000 -46.000000
vt -13.217000 -45.165401
vt -9.217000 -45.165401
vt -12.447200 -44.242599
vt -8.447200 -44.242599
vt -11.703800 -43.247200
vt -7.703800 -43.247200
vt -11.000000 -42.195999
vt -7.000000 -42.195999
vt -10.347200 -41.107601
vt -6.347200 -41.107601
vt -9.757401 -40.000000
vt -5.757400 -40.000000
vt -9.239600 -38.892399
vt -5.239600 -38.892399
vt -8.804000 -37.804001
vt -4.804000 -37.804001
vt -8.456600 -36.752800
vt -4.456600 -36.752800
vt -8.204599 -35.757401
vt -4.204600 -35.757401
vt -8.051600 -34.834599
vt -4.051600 -34.834599
vt -8.000000 -34.000000
vt -4.000000 -34.000000
vt -8.051600 -33.268600
vt -4.051600 -33.268600
vt -8.204599 -32.651798
vt -4.204600 -32.651798
vt -8.456600 -32.160400
vt -4.456600 -32.160400
vt -8.804000 -31.804001
vt -4.804000 -31.804001
vt -9.239600 -31.586800
vt -5.239600 -31.586800
vt -9.757401 -31.514799
vt -25.757401 -31.514799
vt -29.239599 -31.586800
vt -25.239599 -31.586800
vt -28.804001 -31.804001
vt -24.804001 -31.804001
vt -28.456600 -32.160400
vt -24.456600 -32.160400
vt -28.204599 -32.651798
vt -24.204599 -32.651798
vt -28.051600 -33.268600
vt -24.051600 -33.268600
vt -14.000000 -34.000000
vt -14.000000 -28.000000
vt -14.783000 -28.051600
vt -15.552800 -28.204599
vt -16.296200 -28.456600
vt -17.000000 -28.804001
vt -17.652800 -29.239599
vt -18.242599 -29.757401
vt -18.760401 -30.347200
vt -19.195999 -31.000000
vt -19.543400 -31.703800
vt -19.795401 -32.447201
vt -19.948400 -33.216999
vt -20.000000 -34.000000
vt -19.948400 -34.783001
vt -19.795401 -35.552799
vt -19.543400 -36.296200
vt -19.195999 -37.000000
vt -18.760401 -37.652802
vt -18.242599 -38.242599
vt -17.652800 -38.760399
vt -17.000000 -39.195999
vt -16.296200 -39.543400
vt -15.552800 -39.795399
vt -14.783000 -39.948399
vt -14.000000 -40.000000
vt -13.217000 -39.948399
vt -12.447200 -39.795399
vt -11.703800 -39.543400
vt -11.000000 -39.195999
vt -10.347200 -38.760399
vt -9.757401 -38.242599
vt -9.239600 -37.652802
vt -8.804000 -37.000000
vt -8.456600 -36.296200
vt -8.204599 -35.552799
vt -8.051600 -34.783001
vt -8.051600 -33.216999
vt -8.204599 -32.447201
vt -8.456600 -31.703800
vt -8.804000 -31.000000
vt -9.239600 -30.347200
vt -9.757401 -29.757401
vt -10.347200 -29.239599
vt -11.000000 -28.804001
vt -11.703800 -28.456600
vt -12.447200 -28.204599
vt -13.217000 -28.051600
vt -48.051601 -54.834599
vt -48.000000 -54.000000
vt -44.000000 -54.000000
vt -44.051601 -54.834599
vt -48.204601 -55.757401
vt -44.204601 -55.757401
vt -48.456600 -56.752800
vt -44.456600 -56.752800
vt -48.804001 -57.804001
vt -44.804001 -57.804001
vt -49.239601 -58.892399
vt -45.239601 -58.892399
vt -49.757401 -60.000000
vt -45.757401 -60.000000
vt -50.347198 -61.107601
vt -46.347198 -61.107601
vt -51.000000 -62.195999
vt -47.000000 -62.195999
vt -51.703800 -63.247200
vt -47.703800 -63.247200
vt -52.447201 -64.242599
vt -48.447201 -64.242599
vt -53.216999 -65.165398
vt -49.216999 -65.165398
vt -54.000000 -66.000000
vt -16.000000 -66.000000
vt -19.948400 -66.731400
vt -15.948400 -66.731400
vt -19.795401 -67.348198
vt -15.795400 -67.348198
vt -19.543400 -67.839600
vt -15.543400 -67.839600
vt -19.195999 -68.195999
vt -15.196000 -68.195999
vt -18.760401 -68.413200
vt -14.760400 -68.413200
vt -18.242599 -68.485199
vt -54.242599 -68.485199
vt -58.760399 -68.413200
vt -54.760399 -68.413200
vt -59.195999 -68.195999
vt -55.195999 -68.195999
vt -59.543400 -67.839600
vt -55.543400 -67.839600
vt -59.795399 -67.348198
vt -55.795399 -67.348198
vt -59.948399 -66.731400
vt -55.948399 -66.731400
vt -60.000000 -66.000000
vt -10.000000 -66.000000
vt -13.217000 -65.165398
vt -9.217000 -65.165398
vt -12.447200 -64.242599
vt -8.447200 -64.242599
vt -11.703800 -63.247200
vt -7.703800 -63.247200
vt -11.000000 -62.195999
vt -7.000000 -62.195999
vt -10.347200 -61.107601
vt -6.347200 -61.107601
vt -9.757401 -60.000000
vt -5.757400 -60.000000
vt -9.239600 -58.892399
vt -5.239600 -58.892399
vt -8.804000 -57.804001
vt -4.804000 -57.804001
vt -8.456600 -56.752800
vt -4.456600 -56.752800
vt -8.204599 -55.757401
vt -4.204600 -55.757401
vt -8.051600 -54.834599
vt -4.051600 -54.834599
vt -8.000000 -54.000000
vt -4.000000 -54.000000
vt -8.051600 -53.268600
vt -4.051600 -53.268600
vt -8.204599 -52.651798
vt -4.204600 -52.651798
vt -8.456600 -52.160400
vt -4.456600 -52.160400
vt -8.804000 -51.804001
vt -4.804000 -51.804001
vt -9.239600 -51.586800
vt -5.239600 -51.586800
vt -9.757401 -51.514801
vt -45.757401 -51.514801
vt -49.239601 -51.586800
vt -45.239601 -51.586800
vt -48.804001 -51.804001
vt -44.804001 -51.804001
vt -48.456600 -52.160400
vt -44.456600 -52.160400
vt -48.204601 -52.651798
vt -44.204601 -52.651798
vt -48.051601 -53.268600
vt -44.051601 -53.268600
vt -14.000000 -54.000000
vt -14.000000 -48.000000
vt -14.783000 -48.051601
vt -15.552800 -48.204601
vt -16.296200 -48.456600
vt -17.000000 -48.804001
vt -17.652800 -49.239601
vt -18.242599 -49.757401
vt -18.760401 -50.347198
vt -19.195999 -51.000000
vt -19.543400 -51.703800
vt -19.795401 -52.447201
vt -19.948400 -53.216999
vt -20.000000 -54.000000
vt -19.948400 -54.783001
vt -19.795401 -55.552799
vt -19.543400 -56.296200
vt -19.195999 -57.000000
vt -18.760401 -57.652802
vt -18.242599 -58.242599
vt -17.652800 -58.760399
vt -17.000000 -59.195999
vt -16.296200 -59.543400
vt -15.552800 -59.795399
vt -14.783000 -59.948399
vt -14.000000 -60.000000
vt -13.217000 -59.948399
vt -12.447200 -59.795399
vt -11.703800 -59.543400
vt -11.000000 -59.195999
vt -10.347200 -58.760399
vt -9.757401 -58.242599
vt -9.239600 -57.652802
vt -8.804000 -57.000000
vt -8.456600 -56.296200
vt -8.204599 -55.552799
vt -8.051600 -54.783001
vt -8.051600 -53.216999
vt -8.204599 -52.447201
vt -8.456600 -51.703800
vt -8.804000 -51.000000
vt -9.239600 -50.347198
vt -9.757401 -49.757401
vt -10.347200 -49.239601
vt -11.000000 -48.804001
vt -11.703800 -48.456600
vt -12.447200 -48.204601
vt -13.217000 -48.051601
vt -68.051598 -74.834587
vt -68.000000 -74.000000
vt -64.000000 -74.000000
vt -64.051598 -74.834587
vt -68.204597 -75.757401
vt -64.204597 -75.757401
vt -68.456596 -76.752808
vt -64.456596 -76.752808
vt -68.804001 -77.804001
vt -64.804001 -77.804001
vt -69.239601 -78.892403
vt -65.239601 -78.892403
vt -69.757401 -80.000000
vt -65.757401 -80.000000
vt -70.347198 -81.107597
vt -66.347198 -81.107597
vt -71.000000 -82.195999
vt -67.000000 -82.195999
vt -71.703796 -83.247192
vt -67.703796 -83.247192
vt -72.447197 -84.242599
vt -68.447197 -84.242599
vt -73.217003 -85.165413
vt -69.217003 -85.165413
vt -74.000000 -86.000000
vt -16.000000 -86.000000
vt -19.948400 -86.731400
vt -15.948400 -86.731400
vt -19.795401 -87.348213
vt -15.795400 -87.348213
vt -19.543400 -87.839600
vt -15.543400 -87.839600
vt -19.195999 -88.195999
vt -15.196000 -88.195999
vt -18.760401 -88.413200
vt -14.760400 -88.413200
vt -18.242599 -88.485199
vt -74.242599 -88.485199
vt -78.760399 -88.413200
vt -74.760399 -88.413200
vt -79.195999 -88.195999
vt -75.195999 -88.195999
vt -79.543404 -87.839600
vt -75.543404 -87.839600
vt -79.795403 -87.348213
vt -75.795403 -87.348213
vt -79.948402 -86.731400
vt -75.948402 -86.731400
vt -80.000000 -86.000000
vt -10.000000 -86.000000
vt -13.217000 -85.165413
vt -9.217000 -85.165413
vt -12.447200 -84.242599
vt -8.447200 -84.242599
vt -11.703800 -83.247192
vt -7.703800 -83.247192
vt -11.000000 -82.195999
vt -7.000000 -82.195999
vt -10.347200 -81.107597
vt -6.347200 -81.107597
vt -9.757401 -80.000000
vt -5.757400 -80.000000
vt -9.239600 -78.892403
vt -5.239600 -78.892403
vt -8.804000 -77.804001
vt -4.804000 -77.804001
vt -8.456600 -76.752808
vt -4.456600 -76.752808
vt -8.204599 -75.757401
vt -4.204600 -75.757401
vt -8.051600 -74.834587
vt -4.051600 -74.834587
vt -8.000000 -74.000000
vt -4.000000 -74.000000
vt -8.051600 -73.268600
vt -4.051600 -73.268600
vt -8.204599 -72.651787
vt -4.204600 -72.651787
vt -8.456600 -72.160400
vt -4.456600 -72.160400
vt -8.804000 -71.804001
vt -4.804000 -71.804001
vt -9.239600 -71.586800
vt -5.239600 -71.586800
vt -9.757401 -71.514801
vt -65.757401 -71.514801
vt -69.239601 -71.586800
vt -65.239601 -71.586800
vt -68.804001 -71.804001
vt -64.804001 -71.804001
vt -68.456596 -72.160400
vt -64.456596 -72.160400
vt -68.204597 -72.651787
vt -64.204597 -72.651787
vt -68.051598 -73.268600
vt -64.051598 -73.268600
vt -14.000000 -74.000000
vt -14.000000 -68.000000
vt -14.783000 -68.051598
vt -15.552800 -68.204597
vt -16.296200 -68.456596
vt -17.000000 -68.804001
vt -17.652800 -69.239601
vt -18.242599 -69.757401
vt -18.760401 -70.347198
vt -19.195999 -71.000000
vt -19.543400 -71.703796
vt -19.795401 -72.447197
vt -19.948400 -73.217003
vt -20.000000 -74.000000
vt -19.948400 -74.782997
vt -19.795401 -75.552803
vt -19.543400 -76.296204
vt -19.195999 -77.000000
vt -18.760401 -77.652802
vt -18.242599 -78.242599
vt -17.652800 -78.760399
vt -17.000000 -79.195999
vt -16.296200 -79.543404
vt -15.552800 -79.795403
vt -14.783000 -79.948402
vt -14.000000 -80.000000
vt -13.217000 -79.948402
vt -12.447200 -79.795403
vt -11.703800 -79.543404
vt -11.000000 -79.195999
vt -10.347200 -78.760399
vt -9.757401 -78.242599
vt -9.239600 -77.652802
vt -8.804000 -77.000000
vt -8.456600 -76.296204
vt -8.204599 -75.552803
vt -8.051600 -74.782997
vt -8.051600 -73.217003
vt -8.204599 -72.447197
vt -8.456600 -71.703796
vt -8.804000 -71.000000
vt -9.239600 -70.347198
vt -9.757401 -69.757401
vt -10.347200 -69.239601
vt -11.000000 -68.804001
vt -11.703800 -68.456596
vt -12.447200 -68.204597
vt -13.217000 -68.051598
vt -88.051598 -94.834587
vt -88.000000 -94.000000
vt -84.000000 -94.000000
vt -84.051598 -94.834587
vt -88.204597 -95.757401
vt -84.204597 -95.757401
vt -88.456596 -96.752808
vt -84.456596 -96.752808
vt -88.804001 -97.804001
vt -84.804001 -97.804001
vt -89.239601 -98.892403
vt -85.239601 -98.892403
vt -89.757401 -100.000000
vt -85.757401 -100.000000
vt -90.347198 -101.107597
vt -86.347198 -101.107597
vt -91.000000 -102.195999
vt -87.000000 -102.195999
vt -91.703796 -103.247200
vt -87.703796 -103.247200
vt -92.447197 -104.242599
vt -88.447197 -104.242599
vt -93.217003 -105.165398
vt -89.217003 -105.165398
vt -94.000000 -106.000000
vt -16.000000 -106.000000
vt -19.948400 -106.731400
vt -15.948400 -106.731400
vt -19.795401 -107.348198
vt -15.795400 -107.348198
vt -19.543400 -107.839600
vt -15.543400 -107.839600
vt -19.195999 -108.195999
vt -15.196000 -108.195999
vt -18.760401 -108.413200
vt -14.760400 -108.413200
vt -18.242599 -108.485199
vt -94.242599 -108.485199
vt -98.760399 -108.413200
vt -94.760399 -108.413200
vt -99.195999 -108.195999
vt -95.195999 -108.195999
vt -99.543404 -107.839600
vt -95.543404 -107.839600
vt -99.795403 -107.348198
vt -95.795403 -107.348198
vt -99.948402 -106.731400
vt -95.948402 -106.731400
vt -100.000000 -106.000000
vt -10.000000 -106.000000
vt -13.217000 -105.165398
vt -9.217000 -105.165398
vt -12.447200 -104.242599
vt -8.447200 -104.242599
vt -11.703800 -103.247200
vt -7.703800 -103.247200
vt -11.000000 -102.195999
vt -7.000000 -102.195999
vt -10.347200 -101.107597
vt -6.347200 -101.107597
vt -9.757401 -100.000000
vt -5.757400 -100.000000
vt -9.239600 -98.892403
vt -5.239600 -98.892403
vt -8.804000 -97.804001
vt -4.804000 -97.804001
vt -8.456600 -96.752808
vt -4.456600 -96.752808
vt -8.204599 -95.757401
vt -4.204600 -95.757401
vt -8.051600 -94.834587
vt -4.051600 -94.834587
vt -8.000000 -94.000000
vt -4.000000 -94.000000
vt -8.051600 -93.268600
vt -4.051600 -93.268600
vt -8.204599 -92.651787
vt -4.204600 -92.651787
vt -8.456600 -92.160400
vt -4.456600 -92.160400
vt -8.804000 -91.804001
vt -4.804000 -91.804001
vt -9.239600 -91.586800
vt -5.239600 -91.586800
vt -9.757401 -91.514801
vt -85.757401 -91.514801
vt -89.239601 -91.586800
vt -85.239601 -91.586800
vt -88.804001 -91.804001
vt -84.804001 -91.804001
vt -88.456596 -92.160400
vt -84.456596 -92.160400
vt -88.204597 -92.651787
vt -84.204597 -92.651787
vt -88.051598 -93.268600
vt -84.051598 -93.268600
vt -14.000000 -94.000000
vt -14.000000 -88.000000
vt -14.783000 -88.051598
vt -15.552800 -88.204597
vt -16.296200 -88.456596
vt -17.000000 -88.804001
vt -17.652800 -89.239601
vt -18.242599 -89.757401
vt -18.760401 -90.347198
vt -19.195999 -91.000000
vt -19.543400 -91.703796
vt -19.795401 -92.447197
vt -19.948400 -93.217003
vt -20.000000 -94.000000
vt -19.948400 -94.782997
vt -19.795401 -95.552803
vt -19.543400 -96.296204
vt -19.195999 -97.000000
vt -18.760401 -97.652802
vt -18.242599 -98.242599
vt -17.652800 -98.760399
vt -17.000000 -99.195999
vt -16.296200 -99.543404
vt -15.552800 -99.795403
vt -14.783000 -99.948402
vt -14.000000 -100.000000
vt -13.217000 -99.948402
vt -12.447200 -99.795403
vt -11.703800 -99.543404
vt -11.000000 -99.195999
vt -10.347200 -98.760399
vt -9.757401 -98.242599
vt -9.239600 -97.652802
vt -8.804000 -97.000000
vt -8.456600 -96.296204
vt -8.204599 -95.552803
vt -8.051600 -94.782997
vt -8.051600 -93.217003
vt -8.204599 -92.447197
vt -8.456600 -91.703796
vt -8.804000 -91.000000
vt -9.239600 -90.347198
vt -9.757401 -89.757401
vt -10.347200 -89.239601
vt -11.000000 -88.804001
vt -11.703800 -88.456596
vt -12.447200 -88.204597
vt -13.217000 -88.051598
vt 91.948402 105.165398
vt 92.000000 106.000000
vt 96.000000 106.000000
vt 95.948402 105.165398
vt 91.795403 104.242599
vt 95.795403 104.242599
vt 91.543404 103.247200
vt 95.543404 103.247200
vt 91.195999 102.195999
vt 95.195999 102.195999
vt 90.760399 101.107597
vt 94.760399 101.107597
vt 90.242599 100.000000
vt 94.242599 100.000000
vt 89.652802 98.892403
vt 93.652802 98.892403
vt 89.000000 97.804001
vt 93.000000 97.804001
vt 88.296204 96.752808
vt 92.296204 96.752808
vt 87.552803 95.757401
vt 91.552803 95.757401
vt 86.782997 94.834587
vt 90.782997 94.834587
vt 86.000000 94.000000
vt 4.000000 94.000000
vt 0.051600 93.268600
vt 4.051600 93.268600
vt 0.204600 92.651787
vt 4.204600 92.651787
vt 0.456600 92.160400
vt 4.456600 92.160400
vt 0.804000 91.804001
vt 4.804000 91.804001
vt 1.239600 91.586800
vt 5.239600 91.586800
vt 1.757400 91.514801
vt 85.757401 91.514801
vt 81.239601 91.586800
vt 85.239601 91.586800
vt 80.804001 91.804001
vt 84.804001 91.804001
vt 80.456596 92.160400
vt 84.456596 92.160400
vt 80.204597 92.651787
vt 84.204597 92.651787
vt 80.051598 93.268600
vt 84.051598 93.268600
vt 80.000000 94.000000
vt 10.000000 94.000000
vt 6.783000 94.834587
vt 10.783000 94.834587
vt 7.552800 95.757401
vt 11.552800 95.757401
vt 8.296200 96.752808
vt 12.296200 96.752808
vt 9.000000 97.804001
vt 13.000000 97.804001
vt 9.652800 98.892403
vt 13.652800 98.892403
vt 10.242600 100.000000
vt 14.242600 100.000000
vt 10.760400 101.107597
vt 14.760400 101.107597
vt 11.196000 102.195999
vt 15.196000 102.195999
vt 11.543400 103.247200
vt 15.543400 103.247200
vt 11.795400 104.242599
vt 15.795400 104.242599
vt 11.948400 105.165398
vt 15.948400 105.165398
vt 12.000000 106.000000
vt 16.000000 106.000000
vt 11.948400 106.731400
vt 15.948400 106.731400
vt 11.795400 107.348198
vt 15.795400 107.348198
vt 11.543400 107.839600
vt 15.543400 107.839600
vt 11.196000 108.195999
vt 15.196000 108.195999
vt 10.760400 108.413200
vt 14.760400 108.413200
vt 10.242600 108.485199
vt 94.242599 108.485199
vt 90.760399 108.413200
vt 94.760399 108.413200
vt 91.195999 108.195999
vt 95.195999 108.195999
vt 91.543404 107.839600
vt 95.543404 107.839600
vt 91.795403 107.348198
vt 95.795403 107.348198
vt 91.948402 106.731400
vt 95.948402 106.731400
vt 6.000000 86.000000
vt 6.000000 92.000000
vt 5.217000 91.948402
vt 4.447200 91.795403
vt 3.703800 91.543404
vt 3.000000 91.195999
vt 2.347200 90.760399
vt 1.757400 90.242599
vt 1.239600 89.652802
vt 0.804000 89.000000
vt 0.456600 88.296204
vt 0.204600 87.552803
vt 0.051600 86.782997
vt 0.000000 86.000000
vt 0.051600 85.217003
vt 0.204600 84.447197
vt 0.456600 83.703796
vt 0.804000 83.000000
vt 1.239600 82.347198
vt 1.757400 81.757401
vt 2.347200 81.239601
vt 3.000000 80.804001
vt 3.703800 80.456596
vt 4.447200 80.204597
vt 5.217000 80.051598
vt 6.000000 80.000000
vt 6.783000 80.051598
vt 7.552800 80.204597
vt 8.296200 80.456596
vt 9.000000 80.804001
vt 9.652800 81.239601
vt 10.242600 81.757401
vt 10.760400 82.347198
vt 11.196000 83.000000
vt 11.543400 83.703796
vt 11.795400 84.447197
vt 11.948400 85.217003
vt 12.000000 86.000000
vt 11.948400 86.782997
vt 11.795400 87.552803
vt 11.543400 88.296204
vt 11.196000 89.000000
vt 10.760400 89.652802
vt 10.242600 90.242599
vt 9.652800 90.760399
vt 9.000000 91.195999
vt 8.296200 91.543404
vt 7.552800 91.795403
vt 6.783000 91.948402
vt 71.948402 85.165413
vt 72.000000 86.000000
vt 76.000000 86.000000
vt 75.948402 85.165413
vt 71.795403 84.242599
vt 75.795403 84.242599
vt 71.543404 83.247192
vt 75.543404 83.247192
vt 71.195999 82.195999
vt 75.195999 82.195999
vt 70.760399 81.107597
vt 74.760399 81.107597
vt 70.242599 80.000000
vt 74.242599 80.000000
vt 69.652802 78.892403
vt 73.652802 78.892403
vt 69.000000 77.804001
vt 73.000000 77.804001
vt 68.296204 76.752808
vt 72.296204 76.752808
vt 67.552803 75.757401
vt 71.552803 75.757401
vt 66.782997 74.834587
vt 70.782997 74.834587
vt 66.000000 74.000000
vt 4.000000 74.000000
vt 0.051600 73.268600
vt 4.051600 73.268600
vt 0.204600 72.651787
vt 4.204600 72.651787
vt 0.456600 72.160400
vt 4.456600 72.160400
vt 0.804000 71.804001
vt 4.804000 71.804001
vt 1.239600 71.586800
vt 5.239600 71.586800
vt 1.757400 71.514801
vt 65.757401 71.514801
vt 61.239601 71.586800
vt 65.239601 71.586800
vt 60.804001 71.804001
vt 64.804001 71.804001
vt 60.456600 72.160400
vt 64.456596 72.160400
vt 60.204601 72.651787
vt 64.204597 72.651787
vt 60.051601 73.268600
vt 64.051598 73.268600
vt 60.000000 74.000000
vt 10.000000 74.000000
vt 6.783000 74.834587
vt 10.783000 74.834587
vt 7.552800 75.757401
vt 11.552800 75.757401
vt 8.296200 76.752808
vt 12.296200 76.752808
vt 9.000000 77.804001
vt 13.000000 77.804001
vt 9.652800 78.892403
vt 13.652800 78.892403
vt 10.242600 80.000000
vt 14.242600 80.000000
vt 10.760400 81.107597
vt 14.760400 81.107597
vt 11.196000 82.195999
vt 15.196000 82.195999
vt 11.543400 83.247192
vt 15.543400 83.247192
vt 11.795400 84.242599
vt 15.795400 84.242599
vt 11.948400 85.165413
vt 15.948400 85.165413
vt 16.000000 86.000000
vt 11.948400 86.731400
vt 15.948400 86.731400
vt 11.795400 87.348213
vt 15.795400 87.348213
vt 11.543400 87.839600
vt 15.543400 87.839600
vt 11.196000 88.195999
vt 15.196000 88.195999
vt 10.760400 88.413200
vt 14.760400 88.413200
vt 10.242600 88.485199
vt 74.242599 88.485199
vt 70.760399 88.413200
vt 74.760399 88.413200
vt 71.195999 88.195999
vt 75.195999 88.195999
vt 71.543404 87.839600
vt 75.543404 87.839600
vt 71.795403 87.348213
vt 75.795403 87.348213
vt 71.948402 86.731400
vt 75.948402 86.731400
vt 6.000000 66.000000
vt 6.000000 72.000000
vt 5.217000 71.948402
vt 4.447200 71.795403
vt 3.703800 71.543404
vt 3.000000 71.195999
vt 2.347200 70.760399
vt 1.757400 70.242599
vt 1.239600 69.652802
vt 0.804000 69.000000
vt 0.456600 68.296204
vt 0.204600 67.552803
vt 0.051600 66.782997
vt 0.000000 66.000000
vt 0.051600 65.217003
vt 0.204600 64.447197
vt 0.456600 63.703800
vt 0.804000 63.000000
vt 1.239600 62.347198
vt 1.757400 61.757401
vt 2.347200 61.239601
vt 3.000000 60.804001
vt 3.703800 60.456600
vt 4.447200 60.204601
vt 5.217000 60.051601
vt 6.000000 60.000000
vt 6.783000 60.051601
vt 7.552800 60.204601
vt 8.296200 60.456600
vt 9.000000 60.804001
vt 9.652800 61.239601
vt 10.242600 61.757401
vt 10.760400 62.347198
vt 11.196000 63.000000
vt 11.543400 63.703800
vt 11.795400 64.447197
vt 11.948400 65.217003
vt 12.000000 66.000000
vt 11.948400 66.782997
vt 11.795400 67.552803
vt 11.543400 68.296204
vt 11.196000 69.000000
vt 10.760400 69.652802
vt 10.242600 70.242599
vt 9.652800 70.760399
vt 9.000000 71.195999
vt 8.296200 71.543404
vt 7.552800 71.795403
vt 6.783000 71.948402
vt 51.948399 65.165398
vt 52.000000 66.000000
vt 56.000000 66.000000
vt 55.948399 65.165398
vt 51.795399 64.242599
vt 55.795399 64.242599
vt 51.543400 63.247200
vt 55.543400 63.247200
vt 51.195999 62.195999
vt 55.195999 62.195999
vt 50.760399 61.107601
vt 54.760399 61.107601
vt 50.242599 60.000000
vt 54.242599 60.000000
vt 49.652802 58.892399
vt 53.652802 58.892399
vt 49.000000 57.804001
vt 53.000000 57.804001
vt 48.296200 56.752800
vt 52.296200 56.752800
vt 47.552799 55.757401
vt 51.552799 55.757401
vt 46.783001 54.834599
vt 50.783001 54.834599
vt 46.000000 54.000000
vt 4.000000 54.000000
vt 0.051600 53.268600
vt 4.051600 53.268600
vt 0.204600 52.651798
vt 4.204600 52.651798
vt 0.456600 52.160400
vt 4.456600 52.160400
vt 0.804000 51.804001
vt 4.804000 51.804001
vt 1.239600 51.586800
vt 5.239600 51.586800
vt 1.757400 51.514801
vt 45.757401 51.514801
vt 41.239601 51.586800
vt 45.239601 51.586800
vt 40.804001 51.804001
vt 44.804001 51.804001
vt 40.456600 52.160400
vt 44.456600 52.160400
vt 40.204601 52.651798
vt 44.204601 52.651798
vt 40.051601 53.268600
vt 44.051601 53.268600
vt 40.000000 54.000000
vt 10.000000 54.000000
vt 6.783000 54.834599
vt 10.783000 54.834599
vt 7.552800 55.757401
vt 11.552800 55.757401
vt 8.296200 56.752800
vt 12.296200 56.752800
vt 9.000000 57.804001
vt 13.000000 57.804001
vt 9.652800 58.892399
vt 13.652800 58.892399
vt 10.242600 60.000000
vt 14.242600 60.000000
vt 10.760400 61.107601
vt 14.760400 61.107601
vt 11.196000 62.195999
vt 15.196000 62.195999
vt 11.543400 63.247200
vt 15.543400 63.247200
vt 11.795400 64.242599
vt 15.795400 64.242599
vt 11.948400 65.165398
vt 15.948400 65.165398
vt 16.000000 66.000000
vt 11.948400 66.731400
vt 15.948400 66.731400
vt 11.795400 67.348198
vt 15.795400 67.348198
vt 11.543400 67.839600
vt 15.543400 67.839600
vt 11.196000 68.195999
vt 15.196000 68.195999
vt 10.760400 68.413200
vt 14.760400 68.413200
vt 10.242600 68.485199
vt 54.242599 68.485199
vt 50.760399 68.413200
vt 54.760399 68.413200
vt 51.195999 68.195999
vt 55.195999 68.195999
vt 51.543400 67.839600
vt 55.543400 67.839600
vt 51.795399 67.348198
vt 55.795399 67.348198
vt 51.948399 66.731400
vt 55.948399 66.731400
vt 6.000000 46.000000
vt 6.000000 52.000000
vt 5.217000 51.948399
vt 4.447200 51.795399
vt 3.703800 51.543400
vt 3.000000 51.195999
vt 2.347200 50.760399
vt 1.757400 50.242599
vt 1.239600 49.652802
vt 0.804000 49.000000
vt 0.456600 48.296200
vt 0.204600 47.552799
vt 0.051600 46.783001
vt 0.000000 46.000000
vt 0.051600 45.216999
vt 0.204600 44.447201
vt 0.456600 43.703800
vt 0.804000 43.000000
vt 1.239600 42.347198
vt 1.757400 41.757401
vt 2.347200 41.239601
vt 3.000000 40.804001
vt 3.703800 40.456600
vt 4.447200 40.204601
vt 5.217000 40.051601
vt 6.000000 40.000000
vt 6.783000 40.051601
vt 7.552800 40.204601
vt 8.296200 40.456600
vt 9.000000 40.804001
vt 9.652800 41.239601
vt 10.242600 41.757401
vt 10.760400 42.347198
vt 11.196000 43.000000
vt 11.543400 43.703800
vt 11.795400 44.447201
vt 11.948400 45.216999
vt 12.000000 46.000000
vt 11.948400 46.783001
vt 11.795400 47.552799
vt 11.543400 48.296200
vt 11.196000 49.000000
vt 10.760400 49.652802
vt 10.242600 50.242599
vt 9.652800 50.760399
vt 9.000000 51.195999
vt 8.296200 51.543400
vt 7.552800 51.795399
vt 6.783000 51.948399
vt 31.948400 45.165401
vt 32.000000 46.000000
vt 36.000000 46.000000
vt 35.948399 45.165401
vt 31.795401 44.242599
vt 35.795399 44.242599
vt 31.543400 43.247200
vt 35.543400 43.247200
vt 31.195999 42.195999
vt 35.195999 42.195999
vt 30.760401 41.107601
vt 34.760399 41.107601
vt 30.242599 40.000000
vt 34.242599 40.000000
vt 29.652800 38.892399
vt 33.652802 38.892399
vt 29.000000 37.804001
vt 33.000000 37.804001
vt 28.296200 36.752800
vt 32.296200 36.752800
vt 27.552799 35.757401
vt 31.552799 35.757401
vt 26.783001 34.834599
vt 30.783001 34.834599
vt 26.000000 34.000000
vt 4.000000 34.000000
vt 0.051600 33.268600
vt 4.051600 33.268600
vt 0.204600 32.651798
vt 4.204600 32.651798
vt 0.456600 32.160400
vt 4.456600 32.160400
vt 0.804000 31.804001
vt 4.804000 31.804001
vt 1.239600 31.586800
vt 5.239600 31.586800
vt 1.757400 31.514799
vt 25.757401 31.514799
vt 21.239599 31.586800
vt 25.239599 31.586800
vt 20.804001 31.804001
vt 24.804001 31.804001
vt 20.456600 32.160400
vt 24.456600 32.160400
vt 20.204599 32.651798
vt 24.204599 32.651798
vt 20.051600 33.268600
vt 24.051600 33.268600
vt 20.000000 34.000000
vt 10.000000 34.000000
vt 6.783000 34.834599
vt 10.783000 34.834599
vt 7.552800 35.757401
vt 11.552800 35.757401
vt 8.296200 36.752800
vt 12.296200 36.752800
vt 9.000000 37.804001
vt 13.000000 37.804001
vt 9.652800 38.892399
vt 13.652800 38.892399
vt 10.242600 40.000000
vt 14.242600 40.000000
vt 10.760400 41.107601
vt 14.760400 41.107601
vt 11.196000 42.195999
vt 15.196000 42.195999
vt 11.543400 43.247200
vt 15.543400 43.247200
vt 11.795400 44.242599
vt 15.795400 44.242599
vt 11.948400 45.165401
vt 15.948400 45.165401
vt 16.000000 46.000000
vt 11.948400 46.731400
vt 15.948400 46.731400
vt 11.795400 47.348202
vt 15.795400 47.348202
vt 11.543400 47.839600
vt 15.543400 47.839600
vt 11.196000 48.195999
vt 15.196000 48.195999
vt 10.760400 48.413200
vt 14.760400 48.413200
vt 10.242600 48.485199
vt 34.242599 48.485199
vt 30.760401 48.413200
vt 34.760399 48.413200
vt 31.195999 48.195999
vt 35.195999 48.195999
vt 31.543400 47.839600
vt 35.543400 47.839600
vt 31.795401 47.348202
vt 35.795399 47.348202
vt 31.948400 46.731400
vt 35.948399 46.731400
vt 6.000000 26.000000
vt 6.000000 32.000000
vt 5.217000 31.948400
vt 4.447200 31.795401
vt 3.703800 31.543400
vt 3.000000 31.195999
vt 2.347200 30.760401
vt 1.757400 30.242599
vt 1.239600 29.652800
vt 0.804000 29.000000
vt 0.456600 28.296200
vt 0.204600 27.552799
vt 0.051600 26.783001
vt 0.000000 26.000000
vt 0.051600 25.216999
vt 0.204600 24.447201
vt 0.456600 23.703800
vt 0.804000 23.000000
vt 1.239600 22.347200
vt 1.757400 21.757401
vt 2.347200 21.239599
vt 3.000000 20.804001
vt 3.703800 20.456600
vt 4.447200 20.204599
vt 5.217000 20.051600
vt 6.000000 20.000000
vt 6.783000 20.051600
vt 7.552800 20.204599
vt 8.296200 20.456600
vt 9.000000 20.804001
vt 9.652800 21.239599
vt 10.242600 21.757401
vt 10.760400 22.347200
vt 11.196000 23.000000
vt 11.543400 23.703800
vt 11.795400 24.447201
vt 11.948400 25.216999
vt 12.000000 26.000000
vt 11.948400 26.783001
vt 11.795400 27.552799
vt 11.543400 28.296200
vt 11.196000 29.000000
vt 10.760400 29.652800
vt 10.242600 30.242599
vt 9.652800 30.760401
vt 9.000000 31.195999
vt 8.296200 31.543400
vt 7.552800 31.795401
vt 6.783000 31.948400
vt 11.948400 25.165400
vt 16.000000 26.000000
vt 15.948400 25.165400
vt 11.795400 24.242599
vt 15.795400 24.242599
vt 11.543400 23.247200
vt 15.543400 23.247200
vt 11.196000 22.195999
vt 15.196000 22.195999
vt 10.760400 21.107599
vt 14.760400 21.107599
vt 10.242600 20.000000
vt 14.242600 20.000000
vt 9.652800 18.892401
vt 13.652800 18.892401
vt 9.000000 17.804001
vt 13.000000 17.804001
vt 8.296200 16.752800
vt 12.296200 16.752800
vt 7.552800 15.757400
vt 11.552800 15.757400
vt 6.783000 14.834600
vt 10.783000 14.834600
vt 6.000000 14.000000
vt 4.000000 14.000000
vt 0.051600 13.268600
vt 4.051600 13.268600
vt 0.204600 12.651800
vt 4.204600 12.651800
vt 0.456600 12.160400
vt 4.456600 12.160400
vt 0.804000 11.804000
vt 4.804000 11.804000
vt 1.239600 11.586800
vt 5.239600 11.586800
vt 1.757400 11.514800
vt 5.757400 11.514800
vt 0.000000 14.000000
vt 10.000000 14.000000
vt 11.948400 26.731400
vt 15.948400 26.731400
vt 11.795400 27.348200
vt 15.795400 27.348200
vt 11.543400 27.839600
vt 15.543400 27.839600
vt 11.196000 28.195999
vt 15.196000 28.195999
vt 10.760400 28.413200
vt 14.760400 28.413200
vt 10.242600 28.485201
vt 14.242600 28.485201
vt 6.000000 6.000000
vt 6.000000 12.000000
vt 5.217000 11.948400
vt 4.447200 11.795400
vt 3.703800 11.543400
vt 3.000000 11.196000
vt 2.347200 10.760400
vt 1.757400 10.242600
vt 1.239600 9.652800
vt 0.804000 9.000000
vt 0.456600 8.296200
vt 0.204600 7.552800
vt 0.051600 6.783000
vt 0.000000 6.000000
vt 0.051600 5.217000
vt 0.204600 4.447200
vt 0.456600 3.703800
vt 0.804000 3.000000
vt 1.239600 2.347200
vt 1.757400 1.757400
vt 2.347200 1.239600
vt 3.000000 0.804000
vt 3.703800 0.456600
vt 4.447200 0.204600
vt 5.217000 0.051600
vt 6.000000 0.000000
vt 6.783000 0.051600
vt 7.552800 0.204600
vt 8.296200 0.456600
vt 9.000000 0.804000
vt 9.652800 1.239600
vt 10.242600 1.757400
vt 10.760400 2.347200
vt 11.196000 3.000000
vt 11.543400 3.703800
vt 11.795400 4.447200
vt 11.948400 5.217000
vt 11.948400 6.783000
vt 11.795400 7.552800
vt 11.543400 8.296200
vt 11.196000 9.000000
vt 10.760400 9.652800
vt 10.242600 10.242600
vt 9.652800 10.760400
vt 9.000000 11.196000
vt 8.296200 11.543400
vt 7.552800 11.795400
vt 6.783000 11.948400
vt -14.000000 -6.000000
vt 4.000000 -6.000000
vt 1.757400 -8.485199
vt -14.242600 -8.485199
vt -20.000000 -6.000000
vt 10.000000 -6.000000
vt 10.242600 8.485199
vt -5.757400 8.485199
vt 6.000000 -14.000000
vt 6.000000 -8.000000
vt 5.217000 -8.051600
vt 4.447200 -8.204599
vt 3.703800 -8.456600
vt 3.000000 -8.804000
vt 2.347200 -9.239600
vt 1.757400 -9.757401
vt 1.239600 -10.347200
vt 0.804000 -11.000000
vt 0.456600 -11.703800
vt 0.204600 -12.447200
vt 0.051600 -13.217000
vt 0.000000 -14.000000
vt 0.051600 -14.783000
vt 0.204600 -15.552800
vt 0.456600 -16.296200
vt 0.804000 -17.000000
vt 1.239600 -17.652800
vt 1.757400 -18.242599
vt 2.347200 -18.760401
vt 3.000000 -19.195999
vt 3.703800 -19.543400
vt 4.447200 -19.795401
vt 5.217000 -19.948400
vt 6.000000 -20.000000
vt 6.783000 -19.948400
vt 7.552800 -19.795401
vt 8.296200 -19.543400
vt 9.000000 -19.195999
vt 9.652800 -18.760401
vt 10.242600 -18.242599
vt 10.760400 -17.652800
vt 11.196000 -17.000000
vt 11.543400 -16.296200
vt 11.795400 -15.552800
vt 11.948400 -14.783000
vt 12.000000 -14.000000
vt 11.948400 -13.217000
vt 11.795400 -12.447200
vt 11.543400 -11.703800
vt 11.196000 -11.000000
vt 10.760400 -10.347200
vt 10.242600 -9.757401
vt 9.652800 -9.239600
vt 9.000000 -8.804000
vt 8.296200 -8.456600
vt 7.552800 -8.204599
vt 6.783000 -8.051600
vt -28.051600 -14.834600
vt -28.000000 -14.000000
vt -24.000000 -14.000000
vt -24.051600 -14.834600
vt -28.204599 -15.757400
vt -24.204599 -15.757400
vt -28.456600 -16.752800
vt -24.456600 -16.752800
vt -28.804001 -17.804001
vt -24.804001 -17.804001
vt -29.239599 -18.892401
vt -25.239599 -18.892401
vt -29.757401 -20.000000
vt -25.757401 -20.000000
vt -30.347200 -21.107599
vt -26.347200 -21.107599
vt -31.000000 -22.195999
vt -27.000000 -22.195999
vt -31.703800 -23.247200
vt -27.703800 -23.247200
vt -32.447201 -24.242599
vt -28.447201 -24.242599
vt -33.216999 -25.165400
vt -29.216999 -25.165400
vt -34.000000 -26.000000
vt 4.000000 -26.000000
vt 0.051600 -26.731400
vt 4.051600 -26.731400
vt 0.204600 -27.348200
vt 4.204600 -27.348200
vt 0.456600 -27.839600
vt 4.456600 -27.839600
vt 0.804000 -28.195999
vt 4.804000 -28.195999
vt 1.239600 -28.413200
vt 5.239600 -28.413200
vt 1.757400 -28.485201
vt -34.242599 -28.485201
vt -38.760399 -28.413200
vt -34.760399 -28.413200
vt -39.195999 -28.195999
vt -35.195999 -28.195999
vt -39.543400 -27.839600
vt -35.543400 -27.839600
vt -39.795399 -27.348200
vt -35.795399 -27.348200
vt -39.948399 -26.731400
vt -35.948399 -26.731400
vt -40.000000 -26.000000
vt 10.000000 -26.000000
vt 6.783000 -25.165400
vt 10.783000 -25.165400
vt 7.552800 -24.242599
vt 11.552800 -24.242599
vt 8.296200 -23.247200
vt 12.296200 -23.247200
vt 9.000000 -22.195999
vt 13.000000 -22.195999
vt 9.652800 -21.107599
vt 13.652800 -21.107599
vt 10.242600 -20.000000
vt 14.242600 -20.000000
vt 10.760400 -18.892401
vt 14.760400 -18.892401
vt 11.196000 -17.804001
vt 15.196000 -17.804001
vt 11.543400 -16.752800
vt 15.543400 -16.752800
vt 11.795400 -15.757400
vt 15.795400 -15.757400
vt 11.948400 -14.834600
vt 15.948400 -14.834600
vt 16.000000 -14.000000
vt 11.948400 -13.268600
vt 15.948400 -13.268600
vt 11.795400 -12.651800
vt 15.795400 -12.651800
vt 11.543400 -12.160400
vt 15.543400 -12.160400
vt 11.196000 -11.804000
vt 15.196000 -11.804000
vt 10.760400 -11.586800
vt 14.760400 -11.586800
vt 10.242600 -11.514800
vt -25.757401 -11.514800
vt -29.239599 -11.586800
vt -25.239599 -11.586800
vt -28.804001 -11.804000
vt -24.804001 -11.804000
vt -28.456600 -12.160400
vt -24.456600 -12.160400
vt -28.204599 -12.651800
vt -24.204599 -12.651800
vt -28.051600 -13.268600
vt -24.051600 -13.268600
vt 6.000000 -34.000000
vt 6.000000 -28.000000
vt 5.217000 -28.051600
vt 4.447200 -28.204599
vt 3.703800 -28.456600
vt 3.000000 -28.804001
vt 2.347200 -29.239599
vt 1.757400 -29.757401
vt 1.239600 -30.347200
vt 0.804000 -31.000000
vt 0.456600 -31.703800
vt 0.204600 -32.447201
vt 0.051600 -33.216999
vt 0.000000 -34.000000
vt 0.051600 -34.783001
vt 0.204600 -35.552799
vt 0.456600 -36.296200
vt 0.804000 -37.000000
vt 1.239600 -37.652802
vt 1.757400 -38.242599
vt 2.347200 -38.760399
vt 3.000000 -39.195999
vt 3.703800 -39.543400
vt 4.447200 -39.795399
vt 5.217000 -39.948399
vt 6.000000 -40.000000
vt 6.783000 -39.948399
vt 7.552800 -39.795399
vt 8.296200 -39.543400
vt 9.000000 -39.195999
vt 9.652800 -38.760399
vt 10.242600 -38.242599
vt 10.760400 -37.652802
vt 11.196000 -37.000000
vt 11.543400 -36.296200
vt 11.795400 -35.552799
vt 11.948400 -34.783001
vt 12.000000 -34.000000
vt 11.948400 -33.216999
vt 11.795400 -32.447201
vt 11.543400 -31.703800
vt 11.196000 -31.000000
vt 10.760400 -30.347200
vt 10.242600 -29.757401
vt 9.652800 -29.239599
vt 9.000000 -28.804001
vt 8.296200 -28.456600
vt 7.552800 -28.204599
vt 6.783000 -28.051600
vt -48.051601 -34.834599
vt -48.000000 -34.000000
vt -44.000000 -34.000000
vt -44.051601 -34.834599
vt -48.204601 -35.757401
vt -44.204601 -35.757401
vt -48.456600 -36.752800
vt -44.456600 -36.752800
vt -48.804001 -37.804001
vt -44.804001 -37.804001
vt -49.239601 -38.892399
vt -45.239601 -38.892399
vt -49.757401 -40.000000
vt -45.757401 -40.000000
vt -50.347198 -41.107601
vt -46.347198 -41.107601
vt -51.000000 -42.195999
vt -47.000000 -42.195999
vt -51.703800 -43.247200
vt -47.703800 -43.247200
vt -52.447201 -44.242599
vt -48.447201 -44.242599
vt -53.216999 -45.165401
vt -49.216999 -45.165401
vt -54.000000 -46.000000
vt 4.000000 -46.000000
vt 0.051600 -46.731400
vt 4.051600 -46.731400
vt 0.204600 -47.348202
vt 4.204600 -47.348202
vt 0.456600 -47.839600
vt 4.456600 -47.839600
vt 0.804000 -48.195999
vt 4.804000 -48.195999
vt 1.239600 -48.413200
vt 5.239600 -48.413200
vt 1.757400 -48.485199
vt -54.242599 -48.485199
vt -58.760399 -48.413200
vt -54.760399 -48.413200
vt -59.195999 -48.195999
vt -55.195999 -48.195999
vt -59.543400 -47.839600
vt -55.543400 -47.839600
vt -59.795399 -47.348202
vt -55.795399 -47.348202
vt -59.948399 -46.731400
vt -55.948399 -46.731400
vt -60.000000 -46.000000
vt 10.000000 -46.000000
vt 6.783000 -45.165401
vt 10.783000 -45.165401
vt 7.552800 -44.242599
vt 11.552800 -44.242599
vt 8.296200 -43.247200
vt 12.296200 -43.247200
vt 9.000000 -42.195999
vt 13.000000 -42.195999
vt 9.652800 -41.107601
vt 13.652800 -41.107601
vt 10.242600 -40.000000
vt 14.242600 -40.000000
vt 10.760400 -38.892399
vt 14.760400 -38.892399
vt 11.196000 -37.804001
vt 15.196000 -37.804001
vt 11.543400 -36.752800
vt 15.543400 -36.752800
vt 11.795400 -35.757401
vt 15.795400 -35.757401
vt 11.948400 -34.834599
vt 15.948400 -34.834599
vt 16.000000 -34.000000
vt 11.948400 -33.268600
vt 15.948400 -33.268600
vt 11.795400 -32.651798
vt 15.795400 -32.651798
vt 11.543400 -32.160400
vt 15.543400 -32.160400
vt 11.196000 -31.804001
vt 15.196000 -31.804001
vt 10.760400 -31.586800
vt 14.760400 -31.586800
vt 10.242600 -31.514799
vt -45.757401 -31.514799
vt -49.239601 -31.586800
vt -45.239601 -31.586800
vt -48.804001 -31.804001
vt -44.804001 -31.804001
vt -48.456600 -32.160400
vt -44.456600 -32.160400
vt -48.204601 -32.651798
vt -44.204601 -32.651798
vt -48.051601 -33.268600
vt -44.051601 -33.268600
vt 6.000000 -54.000000
vt 6.000000 -48.000000
vt 5.217000 -48.051601
vt 4.447200 -48.204601
vt 3.703800 -48.456600
vt 3.000000 -48.804001
vt 2.347200 -49.239601
vt 1.757400 -49.757401
vt 1.239600 -50.347198
vt 0.804000 -51.000000
vt 0.456600 -51.703800
vt 0.204600 -52.447201
vt 0.051600 -53.216999
vt 0.000000 -54.000000
vt 0.051600 -54.783001
vt 0.204600 -55.552799
vt 0.456600 -56.296200
vt 0.804000 -57.000000
vt 1.239600 -57.652802
vt 1.757400 -58.242599
vt 2.347200 -58.760399
vt 3.000000 -59.195999
vt 3.703800 -59.543400
vt 4.447200 -59.795399
vt 5.217000 -59.948399
vt 6.000000 -60.000000
vt 6.783000 -59.948399
vt 7.552800 -59.795399
vt 8.296200 -59.543400
vt 9.000000 -59.195999
vt 9.652800 -58.760399
vt 10.242600 -58.242599
vt 10.760400 -57.652802
vt 11.196000 -57.000000
vt 11.543400 -56.296200
vt 11.795400 -55.552799
vt 11.948400 -54.783001
vt 12.000000 -54.000000
vt 11.948400 -53.216999
vt 11.795400 -52.447201
vt 11.543400 -51.703800
vt 11.196000 -51.000000
vt 10.760400 -50.347198
vt 10.242600 -49.757401
vt 9.652800 -49.239601
vt 9.000000 -48.804001
vt 8.296200 -48.456600
vt 7.552800 -48.204601
vt 6.783000 -48.051601
vt -68.051598 -54.834599
vt -68.000000 -54.000000
vt -64.000000 -54.000000
vt -64.051598 -54.834599
vt -68.204597 -55.757401
vt -64.204597 -55.757401
vt -68.456596 -56.752800
vt -64.456596 -56.752800
vt -68.804001 -57.804001
vt -64.804001 -57.804001
vt -69.239601 -58.892399
vt -65.239601 -58.892399
vt -69.757401 -60.000000
vt -65.757401 -60.000000
vt -70.347198 -61.107601
vt -66.347198 -61.107601
vt -71.000000 -62.195999
vt -67.000000 -62.195999
vt -71.703796 -63.247200
vt -67.703796 -63.247200
vt -72.447197 -64.242599
vt -68.447197 -64.242599
vt -73.217003 -65.165413
vt -69.217003 -65.165413
vt -74.000000 -66.000000
vt 4.000000 -66.000000
vt 0.051600 -66.731400
vt 4.051600 -66.731400
vt 0.204600 -67.348213
vt 4.204600 -67.348213
vt 0.456600 -67.839600
vt 4.456600 -67.839600
vt 0.804000 -68.195999
vt 4.804000 -68.195999
vt 1.239600 -68.413200
vt 5.239600 -68.413200
vt 1.757400 -68.485199
vt -74.242599 -68.485199
vt -78.760399 -68.413200
vt -74.760399 -68.413200
vt -79.195999 -68.195999
vt -75.195999 -68.195999
vt -79.543404 -67.839600
vt -75.543404 -67.839600
vt -79.795403 -67.348213
vt -75.795403 -67.348213
vt -79.948402 -66.731400
vt -75.948402 -66.731400
vt -80.000000 -66.000000
vt 10.000000 -66.000000
vt 6.783000 -65.165413
vt 10.783000 -65.165413
vt 7.552800 -64.242599
vt 11.552800 -64.242599
vt 8.296200 -63.247200
vt 12.296200 -63.247200
vt 9.000000 -62.195999
vt 13.000000 -62.195999
vt 9.652800 -61.107601
vt 13.652800 -61.107601
vt 10.242600 -60.000000
vt 14.242600 -60.000000
vt 10.760400 -58.892399
vt 14.760400 -58.892399
vt 11.196000 -57.804001
vt 15.196000 -57.804001
vt 11.543400 -56.752800
vt 15.543400 -56.752800
vt 11.795400 -55.757401
vt 15.795400 -55.757401
vt 11.948400 -54.834591
vt 15.948400 -54.834591
vt 16.000000 -54.000000
vt 11.948400 -53.268600
vt 15.948400 -53.268600
vt 11.795400 -52.651791
vt 15.795400 -52.651791
vt 11.543400 -52.160400
vt 15.543400 -52.160400
vt 11.196000 -51.804001
vt 15.196000 -51.804001
vt 10.760400 -51.586800
vt 14.760400 -51.586800
vt 10.242600 -51.514801
vt -65.757401 -51.514801
vt -69.239601 -51.586800
vt -65.239601 -51.586800
vt -68.804001 -51.804001
vt -64.804001 -51.804001
vt -68.456596 -52.160400
vt -64.456596 -52.160400
vt -68.204597 -52.651798
vt -64.204597 -52.651798
vt -68.051598 -53.268600
vt -64.051598 -53.268600
vt 6.000000 -74.000000
vt 6.000000 -68.000000
vt 5.217000 -68.051598
vt 4.447200 -68.204597
vt 3.703800 -68.456596
vt 3.000000 -68.804001
vt 2.347200 -69.239601
vt 1.757400 -69.757401
vt 1.239600 -70.347198
vt 0.804000 -71.000000
vt 0.456600 -71.703796
vt 0.204600 -72.447197
vt 0.051600 -73.217003
vt 0.000000 -74.000000
vt 0.051600 -74.782997
vt 0.204600 -75.552803
vt 0.456600 -76.296204
vt 0.804000 -77.000000
vt 1.239600 -77.652802
vt 1.757400 -78.242599
vt 2.347200 -78.760399
vt 3.000000 -79.195999
vt 3.703800 -79.543404
vt 4.447200 -79.795403
vt 5.217000 -79.948402
vt 6.000000 -80.000000
vt 6.783000 -79.948402
vt 7.552800 -79.795403
vt 8.296200 -79.543404
vt 9.000000 -79.195999
vt 9.652800 -78.760399
vt 10.242600 -78.242599
vt 10.760400 -77.652802
vt 11.196000 -77.000000
vt 11.543400 -76.296204
vt 11.795400 -75.552803
vt 11.948400 -74.782997
vt 12.000000 -74.000000
vt 11.948400 -73.217003
vt 11.795400 -72.447197
vt 11.543400 -71.703796
vt 11.196000 -71.000000
vt 10.760400 -70.347198
vt 10.242600 -69.757401
vt 9.652800 -69.239601
vt 9.000000 -68.804001
vt 8.296200 -68.456596
vt 7.552800 -68.204597
vt 6.783000 -68.051598
vt -88.051598 -74.834587
vt -88.000000 -74.000000
vt -84.000000 -74.000000
vt -84.051598 -74.834587
vt -88.204597 -75.757401
vt -84.204597 -75.757401
vt -88.456596 -76.752808
vt -84.456596 -76.752808
vt -88.804001 -77.804001
vt -84.804001 -77.804001
vt -89.239601 -78.892403
vt -85.239601 -78.892403
vt -89.757401 -80.000000
vt -85.757401 -80.000000
vt -90.347198 -81.107597
vt -86.347198 -81.107597
vt -91.000000 -82.195999
vt -87.000000 -82.195999
vt -91.703796 -83.247192
vt -87.703796 -83.247192
vt -92.447197 -84.242599
vt -88.447197 -84.242599
vt -93.217003 -85.165413
vt -89.217003 -85.165413
vt -94.000000 -86.000000
vt 4.000000 -86.000000
vt 0.051600 -86.731400
vt 4.051600 -86.731400
vt 0.204600 -87.348213
vt 4.204600 -87.348213
vt 0.456600 -87.839600
vt 4.456600 -87.839600
vt 0.804000 -88.195999
vt 4.804000 -88.195999
vt 1.239600 -88.413200
vt 5.239600 -88.413200
vt 1.757400 -88.485199
vt -94.242599 -88.485199
vt -98.760399 -88.413200
vt -94.760399 -88.413200
vt -99.195999 -88.195999
vt -95.195999 -88.195999
vt -99.543404 -87.839600
vt -95.543404 -87.839600
vt -99.795403 -87.348213
vt -95.795403 -87.348213
vt -99.948402 -86.731400
vt -95.948402 -86.731400
vt -100.000000 -86.000000
vt 10.000000 -86.000000
vt 6.783000 -85.165413
vt 10.783000 -85.165413
vt 7.552800 -84.242599
vt 11.552800 -84.242599
vt 8.296200 -83.247192
vt 12.296200 -83.247192
vt 9.000000 -82.195999
vt 13.000000 -82.195999
vt 9.652800 -81.107597
vt 13.652800 -81.107597
vt 10.242600 -80.000000
vt 14.242600 -80.000000
vt 10.760400 -78.892403
vt 14.760400 -78.892403
vt 11.196000 -77.804001
vt 15.196000 -77.804001
vt 11.543400 -76.752808
vt 15.543400 -76.752808
vt 11.795400 -75.757401
vt 15.795400 -75.757401
vt 11.948400 -74.834587
vt 15.948400 -74.834587
vt 16.000000 -74.000000
vt 11.948400 -73.268600
vt 15.948400 -73.268600
vt 11.795400 -72.651787
vt 15.795400 -72.651787
vt 11.543400 -72.160400
vt 15.543400 -72.160400
vt 11.196000 -71.804001
vt 15.196000 -71.804001
vt 10.760400 -71.586800
vt 14.760400 -71.586800
vt 10.242600 -71.514801
vt -85.757401 -71.514801
vt -89.239601 -71.586800
vt -85.239601 -71.586800
vt -88.804001 -71.804001
vt -84.804001 -71.804001
vt -88.456596 -72.160400
vt -84.456596 -72.160400
vt -88.204597 -72.651787
vt -84.204597 -72.651787
vt -88.051598 -73.268600
vt -84.051598 -73.268600
vt 6.000000 -94.000000
vt 6.000000 -88.000000
vt 5.217000 -88.051598
vt 4.447200 -88.204597
vt 3.703800 -88.456596
vt 3.000000 -88.804001
vt 2.347200 -89.239601
vt 1.757400 -89.757401
vt 1.239600 -90.347198
vt 0.804000 -91.000000
vt 0.456600 -91.703796
vt 0.204600 -92.447197
vt 0.051600 -93.217003
vt 0.000000 -94.000000
vt 0.051600 -94.782997
vt 0.204600 -95.552803
vt 0.456600 -96.296204
vt 0.804000 -97.000000
vt 1.239600 -97.652802
vt 1.757400 -98.242599
vt 2.347200 -98.760399
vt 3.000000 -99.195999
vt 3.703800 -99.543404
vt 4.447200 -99.795403
vt 5.217000 -99.948402
vt 6.000000 -100.000000
vt 6.783000 -99.948402
vt 7.552800 -99.795403
vt 8.296200 -99.543404
vt 9.000000 -99.195999
vt 9.652800 -98.760399
vt 10.242600 -98.242599
vt 10.760400 -97.652802
vt 11.196000 -97.000000
vt 11.543400 -96.296204
vt 11.795400 -95.552803
vt 11.948400 -94.782997
vt 12.000000 -94.000000
vt 11.948400 -93.217003
vt 11.795400 -92.447197
vt 11.543400 -91.703796
vt 11.196000 -91.000000
vt 10.760400 -90.347198
vt 10.242600 -89.757401
vt 9.652800 -89.239601
vt 9.000000 -88.804001
vt 8.296200 -88.456596
vt 7.552800 -88.204597
vt 6.783000 -88.051598
s 1
usemtl 30
f 3/1/1 2/2/2 1/3/3
f 1/3/3 4/4/4 3/1/1
f 4/4/4 1/3/3 5/5/5
f 5/5/5 6/6/6 4/4/4
f 6/6/6 5/5/5 7/7/7
f 7/7/7 8/8/8 6/6/6
f 8/8/8 7/7/7 9/9/9
f 9/9/9 10/10/10 8/8/8
f 10/10/10 9/9/9 11/11/11
f 11/11/11 12/12/12 10/10/10
f 12/12/12 11/11/11 13/13/13
f 13/13/13 14/14/14 12/12/12
f 14/14/14 13/13/13 15/15/15
f 15/15/15 16/16/16 14/14/14
f 16/16/16 15/15/15 17/17/17
f 17/17/17 18/18/18 16/16/16
f 18/18/18 17/17/17 19/19/19
f 19/19/19 20/20/20 18/18/18
f 20/20/20 19/19/19 21/21/21
f 21/21/21 22/22/22 20/20/20
f 22/22/22 21/21/21 23/23/23
f 23/23/23 24/24/24 22/22/22
f 24/24/24 23/23/23 25/25/25
f 25/25/25 26/26/26 24/24/24
f 26/26/26 25/25/25 27/27/27
f 27/27/27 28/28/28 26/26/26
f 28/28/28 27/27/27 29/29/29
f 29/29/29 30/30/30 28/28/28
f 30/30/30 29/29/29 31/31/31
f 31/31/31 32/32/32 30/30/30
f 32/32/32 31/31/31 33/33/33
f 33/33/33 34/34/34 32/32/32
f 34/34/34 33/33/33 35/35/35
f 35/35/35 36/36/36 34/34/34
f 36/36/36 35/35/35 37/37/37
f 37/37/37 38/38/38 36/36/36
f 38/38/38 37/37/37 39/39/39
f 39/39/39 40/40/40 38/38/38
f 40/40/40 39/39/39 41/41/41
f 41/41/41 42/42/42 40/40/40
f 42/42/42 41/41/41 43/43/43
f 43/43/43 44/44/44 42/42/42
f 44/44/44 43/43/43 45/45/45
f 45/45/45 46/46/46 44/44/44
f 46/46/46 45/45/45 47/47/47
f 47/47/47 48/48/48 46/46/46
f 48/48/48 47/47/47 49/49/49
f 49/49/49 50/50/50 48/48/48
f 50/50/50 49/49/49 51/51/51
f 51/51/51 52/52/52 50/50/50
f 52/52/52 51/51/51 53/53/53
f 53/53/53 54/54/54 52/52/52
f 54/54/54 53/53/53 55/55/55
f 55/55/55 56/56/56 54/54/54
f 56/56/56 55/55/55 57/57/57
f 57/57/57 58/58/58 56/56/56
f 58/58/58 57/57/57 59/59/59
f 59/59/59 60/60/60 58/58/58
f 60/60/60 59/59/59 61/61/61
f 61/61/61 62/62/62 60/60/60
f 62/62/62 61/61/61 63/63/63
f 63/63/63 64/64/64 62/62/62
f 64/64/64 63/63/63 65/65/65
f 65/65/65 66/66/66 64/64/64
f 66/66/66 65/65/65 67/67/67
f 67/67/67 68/68/68 66/66/66
f 68/68/68 67/67/67 69/69/69
f 69/69/69 70/70/70 68/68/68
f 70/70/70 69/69/69 71/71/71
f 71/71/71 72/72/72 70/70/70
f 72/72/72 71/71/71 73/73/73
f 73/73/73 74/74/74 72/72/72
f 74/74/74 73/73/73 75/75/75
f 75/75/75 76/76/76 74/74/74
f 76/76/76 75/75/75 77/77/77
f 77/77/77 78/78/78 76/76/76
f 78/78/78 77/77/77 79/79/79
f 79/79/79 80/80/80 78/78/78
f 80/80/80 79/79/79 81/81/81
f 81/81/81 82/82/82 80/80/80
f 82/82/82 81/81/81 83/83/83
f 83/83/83 84/84/84 82/82/82
f 84/84/84 83/83/83 85/85/85
f 85/85/85 86/86/86 84/84/84
f 86/86/86 85/85/85 87/87/87
f 87/87/87 88/88/88 86/86/86
f 88/88/88 87/87/87 89/89/89
f 89/89/89 90/90/90 88/88/88
f 90/90/90 89/89/89 91/91/91
f 91/91/91 92/92/92 90/90/90
f 92/92/92 91/91/91 93/93/93
f 93/93/93 94/94/94 92/92/92
f 94/94/94 93/93/93 95/95/95
f 95/95/95 96/96/96 94/94/94
f 96/96/96 95/95/95 2/2/2
f 2/2/2 3/1/1 96/96/96
f 97/97/97 98/98/49 99/99/50
f 99/99/50 100/100/98 97/97/97
f 101/101/53 97/97/97 100/100/98
f 100/100/98 102/102/99 101/101/53
f 103/103/55 101/101/53 102/102/99
f 102/102/99 104/104/56 103/103/55
f 105/105/57 103/103/55 104/104/56
f 104/104/56 106/106/58 105/105/57
f 107/107/59 105/105/57 106/106/58
f 106/106/58 108/108/60 107/107/59
f 109/109/61 107/107/59 108/108/60
f 108/108/60 110/110/100 109/109/61
f 111/111/101 109/109/61 110/110/100
f 110/110/100 112/112/64 111/111/101
f 113/113/65 111/111/101 112/112/64
f 112/112/64 114/114/66 113/113/65
f 115/115/67 113/113/65 114/114/66
f 114/114/66 116/116/68 115/115/67
f 117/117/102 115/115/67 116/116/68
f 116/116/68 118/118/70 117/117/102
f 119/119/103 117/117/102 118/118/70
f 118/118/70 120/120/72 119/119/103
f 121/121/104 119/119/103 120/120/72
f 120/120/72 122/122/105 121/121/104
f 123/123/106 121/121/104 122/122/105
f 122/122/105 124/124/76 123/123/106
f 125/125/77 123/123/106 124/124/76
f 124/124/76 126/126/78 125/125/77
f 127/127/79 125/125/77 126/126/78
f 126/126/78 128/128/107 127/127/79
f 129/129/81 127/127/79 128/128/107
f 128/128/107 130/130/82 129/129/81
f 131/131/83 129/129/81 130/130/82
f 130/130/82 132/132/84 131/131/83
f 133/133/108 131/131/83 132/132/84
f 132/132/84 134/134/109 133/133/108
f 135/135/87 133/133/108 134/134/109
f 134/134/109 136/136/88 135/135/87
f 137/137/110 135/135/87 136/136/88
f 136/136/88 138/138/90 137/137/110
f 139/139/91 137/137/110 138/138/90
f 138/138/90 140/140/92 139/139/91
f 141/141/111 139/139/91 140/140/92
f 140/140/92 142/142/94 141/141/111
f 143/143/112 141/141/111 142/142/94
f 142/142/94 144/144/96 143/143/112
f 145/145/2 143/143/112 144/144/96
f 144/144/96 146/146/1 145/145/2
f 147/147/3 145/145/2 146/146/1
f 146/146/1 148/148/4 147/147/3
f 149/149/113 147/147/3 148/148/4
f 148/148/4 150/150/6 149/149/113
f 151/151/7 149/149/113 150/150/6
f 150/150/6 152/152/8 151/151/7
f 153/153/9 151/151/7 152/152/8
f 152/152/8 154/154/114 153/153/9
f 155/155/11 153/153/9 154/154/114
f 154/154/114 156/156/115 155/155/11
f 157/157/13 155/155/11 156/156/115
f 156/156/115 158/158/116 157/157/13
f 159/159/15 157/157/13 158/158/116
f 158/158/116 160/160/16 159/159/15
f 161/161/117 159/159/15 160/160/16
f 160/160/16 162/162/18 161/161/117
f 163/163/19 161/161/117 162/162/18
f 162/162/18 164/164/20 163/163/19
f 165/165/118 163/163/19 164/164/20
f 164/164/20 166/166/22 165/165/118
f 167/167/119 165/165/118 166/166/22
f 166/166/22 168/168/120 167/167/119
f 169/169/121 167/167/119 168/168/120
f 168/168/120 170/170/122 169/169/121
f 171/171/123 169/169/121 170/170/122
f 170/170/122 172/172/28 171/171/123
f 173/173/124 171/171/123 172/172/28
f 172/172/28 174/174/30 173/173/124
f 175/175/31 173/173/124 174/174/30
f 174/174/30 176/176/32 175/175/31
f 177/177/33 175/175/31 176/176/32
f 176/176/32 178/178/125 177/177/33
f 179/179/35 177/177/33 178/178/125
f 178/178/125 180/180/36 179/179/35
f 181/181/126 179/179/35 180/180/36
f 180/180/36 182/182/127 181/181/126
f 183/183/128 181/181/126 182/182/127
f 182/182/127 184/184/40 183/183/128
f 185/185/129 183/183/128 184/184/40
f 184/184/40 186/186/42 185/185/129
f 187/187/43 185/185/129 186/186/42
f 186/186/42 188/188/44 187/187/43
f 189/189/45 187/187/43 188/188/44
f 188/188/44 190/190/46 189/189/45
f 191/191/130 189/189/45 190/190/46
f 190/190/46 192/192/131 191/191/130
f 98/98/49 191/191/130 192/192/131
f 192/192/131 99/99/50 98/98/49
f 193/193/132 194/194/132 195/195/132
f 195/195/132 196/196/132 193/193/132
f 194/194/132 197/197/132 198/198/132
f 198/198/132 195/195/132 194/194/132
f 197/197/132 199/199/132 200/200/132
f 200/200/132 198/198/132 197/197/132
f 199/199/132 201/201/132 202/202/132
f 202/202/132 200/200/132 199/199/132
f 201/201/132 203/203/132 204/204/132
f 204/204/132 202/202/132 201/201/132
f 203/203/132 205/205/132 206/206/132
f 206/206/132 204/204/132 203/203/132
f 205/205/132 207/207/132 208/208/132
f 208/208/132 206/206/132 205/205/132
f 207/207/132 209/209/132 210/210/132
f 210/210/132 208/208/132 207/207/132
f 209/209/132 211/211/132 212/212/132
f 212/212/132 210/210/132 209/209/132
f 211/211/132 213/213/132 214/214/132
f 214/214/132 212/212/132 211/211/132
f 213/213/132 215/215/132 216/216/132
f 216/216/132 214/214/132 213/213/132
f 215/215/132 217/217/132 218/218/132
f 218/218/132 216/216/132 215/215/132
f 217/217/132 219/219/132 220/220/132
f 220/220/132 218/218/132 217/217/132
f 219/219/132 221/221/132 222/222/132
f 222/222/132 220/220/132 219/219/132
f 221/221/132 223/223/132 224/224/132
f 224/224/132 222/222/132 221/221/132
f 223/223/132 225/225/132 226/226/132
f 226/226/132 224/224/132 223/223/132
f 225/225/132 227/227/132 228/228/132
f 228/228/132 226/226/132 225/225/132
f 227/227/132 229/229/132 230/230/132
f 230/230/132 228/228/132 227/227/132
f 229/229/132 231/231/132 232/232/132
f 232/232/132 230/230/132 229/229/132
f 231/231/132 233/233/132 234/234/132
f 234/234/132 232/232/132 231/231/132
f 233/233/132 235/235/132 236/236/132
f 236/236/132 234/234/132 233/233/132
f 235/235/132 237/237/132 238/238/132
f 238/238/132 236/236/132 235/235/132
f 237/237/132 239/239/132 240/240/132
f 240/240/132 238/238/132 237/237/132
f 239/239/132 241/241/132 242/242/132
f 242/242/132 240/240/132 239/239/132
f 241/241/132 243/243/132 244/244/132
f 244/244/132 242/242/132 241/241/132
f 243/243/132 245/245/132 246/246/132
f 246/246/132 244/244/132 243/243/132
f 245/245/132 247/247/132 248/248/132
f 248/248/132 246/246/132 245/245/132
f 247/247/132 249/249/132 250/250/132
f 250/250/132 248/248/132 247/247/132
f 249/249/132 251/251/132 252/252/132
f 252/252/132 250/250/132 249/249/132
f 251/251/132 253/253/132 254/254/132
f 254/254/132 252/252/132 251/251/132
f 253/253/132 255/255/132 256/256/132
f 256/256/132 254/254/132 253/253/132
f 255/255/132 257/257/132 258/258/132
f 258/258/132 256/256/132 255/255/132
f 257/257/132 259/259/132 260/260/132
f 260/260/132 258/258/132 257/257/132
f 259/259/132 261/261/132 262/262/132
f 262/262/132 260/260/132 259/259/132
f 261/261/132 263/263/132 264/264/132
f 264/264/132 262/262/132 261/261/132
f 263/263/132 265/265/132 266/266/132
f 266/266/132 264/264/132 263/263/132
f 265/265/132 267/267/132 268/268/132
f 268/268/132 266/266/132 265/265/132
f 267/267/132 269/269/132 270/270/132
f 270/270/132 268/268/132 267/267/132
f 269/269/132 271/271/132 272/272/132
f 272/272/132 270/270/132 269/269/132
f 271/271/132 273/273/132 274/274/132
f 274/274/132 272/272/132 271/271/132
f 273/273/132 275/275/132 276/276/132
f 276/276/132 274/274/132 273/273/132
f 275/275/132 277/277/132 278/278/132
f 278/278/132 276/276/132 275/275/132
f 277/277/132 279/279/132 280/280/132
f 280/280/132 278/278/132 277/277/132
f 279/279/132 281/281/132 282/282/132
f 282/282/132 280/280/132 279/279/132
f 281/281/132 283/283/132 284/284/132
f 284/284/132 282/282/132 281/281/132
f 283/283/132 285/285/132 286/286/132
f 286/286/132 284/284/132 283/283/132
f 285/285/132 287/287/132 288/288/132
f 288/288/132 286/286/132 285/285/132
f 287/287/132 193/193/132 196/196/132
f 196/196/132 288/288/132 287/287/132
f 291/289/133 290/290/134 289/291/3
f 289/291/3 292/292/4 291/289/133
f 292/292/4 289/291/3 293/293/113
f 293/293/113 294/294/6 292/292/4
f 294/294/6 293/293/113 295/295/7
f 295/295/7 296/296/8 294/294/6
f 296/296/8 295/295/7 297/297/9
f 297/297/9 298/298/135 296/296/8
f 298/298/135 297/297/9 299/299/11
f 299/299/11 300/300/12 298/298/135
f 300/300/12 299/299/11 301/301/13
f 301/301/13 302/302/116 300/300/12
f 302/302/116 301/301/13 303/303/15
f 303/303/15 304/304/16 302/302/116
f 304/304/16 303/303/15 305/305/17
f 305/305/17 306/306/18 304/304/16
f 306/306/18 305/305/17 307/307/19
f 307/307/19 308/308/20 306/306/18
f 308/308/20 307/307/19 309/309/21
f 309/309/21 310/310/136 308/308/20
f 310/310/136 309/309/21 311/311/23
f 311/311/23 312/312/24 310/310/136
f 312/312/24 311/311/23 313/313/25
f 313/313/25 314/314/26 312/312/24
f 314/314/26 313/313/25 315/315/27
f 315/315/27 316/316/137 314/314/26
f 316/316/137 315/315/27 317/317/124
f 317/317/124 318/318/138 316/316/137
f 318/318/138 317/317/124 319/319/31
f 319/319/31 320/320/32 318/318/138
f 320/320/32 319/319/31 321/321/33
f 321/321/33 322/322/125 320/320/32
f 322/322/125 321/321/33 323/323/35
f 323/323/35 324/324/36 322/322/125
f 324/324/36 323/323/35 325/325/126
f 325/325/126 326/326/127 324/324/36
f 326/326/127 325/325/126 327/327/128
f 327/327/128 328/328/40 326/326/127
f 328/328/40 327/327/128 329/329/129
f 329/329/129 330/330/42 328/328/40
f 330/330/42 329/329/129 331/331/43
f 331/331/43 332/332/44 330/330/42
f 332/332/44 331/331/43 333/333/45
f 333/333/45 334/334/46 332/332/44
f 334/334/46 333/333/45 335/335/47
f 335/335/47 336/336/48 334/334/46
f 336/336/48 335/335/47 337/337/139
f 337/337/139 338/338/140 336/336/48
f 338/338/140 337/337/139 339/339/51
f 339/339/51 340/340/98 338/338/140
f 340/340/98 339/339/51 341/341/53
f 341/341/53 342/342/99 340/340/98
f 342/342/99 341/341/53 343/343/55
f 343/343/55 344/344/141 342/342/99
f 344/344/141 343/343/55 345/345/57
f 345/345/57 346/346/142 344/344/141
f 346/346/142 345/345/57 347/347/59
f 347/347/59 348/348/143 346/346/142
f 348/348/143 347/347/59 349/349/144
f 349/349/144 350/350/62 348/348/143
f 350/350/62 349/349/144 351/351/63
f 351/351/63 352/352/64 350/350/62
f 352/352/64 351/351/63 353/353/65
f 353/353/65 354/354/66 352/352/64
f 354/354/66 353/353/65 355/355/145
f 355/355/145 356/356/146 354/354/66
f 356/356/146 355/355/145 357/357/69
f 357/357/69 358/358/70 356/356/146
f 358/358/70 357/357/69 359/359/71
f 359/359/71 360/360/72 358/358/70
f 360/360/72 359/359/71 361/361/73
f 361/361/73 362/362/74 360/360/72
f 362/362/74 361/361/73 363/363/75
f 363/363/75 364/364/76 362/362/74
f 364/364/76 363/363/75 365/365/77
f 365/365/77 366/366/78 364/364/76
f 366/366/78 365/365/77 367/367/79
f 367/367/79 368/368/107 366/366/78
f 368/368/107 367/367/79 369/369/81
f 369/369/81 370/370/82 368/368/107
f 370/370/82 369/369/81 371/371/83
f 371/371/83 372/372/84 370/370/82
f 372/372/84 371/371/83 373/373/85
f 373/373/85 374/374/86 372/372/84
f 374/374/86 373/373/85 375/375/87
f 375/375/87 376/376/88 374/374/86
f 376/376/88 375/375/87 377/377/147
f 377/377/147 378/378/90 376/376/88
f 378/378/90 377/377/147 379/379/91
f 379/379/91 380/380/92 378/378/90
f 380/380/92 379/379/91 381/381/111
f 381/381/111 382/382/94 380/380/92
f 382/382/94 381/381/111 383/383/95
f 383/383/95 384/384/96 382/382/94
f 384/384/96 383/383/95 290/290/134
f 290/290/134 291/289/133 384/384/96
f 385/385/51 386/386/139 387/387/140
f 387/387/140 388/388/98 385/385/51
f 389/389/53 385/385/51 388/388/98
f 388/388/98 390/390/99 389/389/53
f 391/391/55 389/389/53 390/390/99
f 390/390/99 392/392/56 391/391/55
f 393/393/57 391/391/55 392/392/56
f 392/392/56 394/394/142 393/393/57
f 395/395/59 393/393/57 394/394/142
f 394/394/142 396/396/60 395/395/59
f 397/397/61 395/395/59 396/396/60
f 396/396/60 398/398/100 397/397/61
f 399/399/101 397/397/61 398/398/100
f 398/398/100 400/400/64 399/399/101
f 401/401/65 399/399/101 400/400/64
f 400/400/64 402/402/66 401/401/65
f 403/403/67 401/401/65 402/402/66
f 402/402/66 404/404/68 403/403/67
f 405/405/102 403/403/67 404/404/68
f 404/404/68 406/406/70 405/405/102
f 407/407/103 405/405/102 406/406/70
f 406/406/70 408/408/148 407/407/103
f 409/409/104 407/407/103 408/408/148
f 408/408/148 410/410/105 409/409/104
f 411/411/106 409/409/104 410/410/105
f 410/410/105 412/412/149 411/411/106
f 413/413/77 411/411/106 412/412/149
f 412/412/149 414/414/78 413/413/77
f 415/415/79 413/413/77 414/414/78
f 414/414/78 416/416/107 415/415/79
f 417/417/81 415/415/79 416/416/107
f 416/416/107 418/418/150 417/417/81
f 419/419/83 417/417/81 418/418/150
f 418/418/150 420/420/84 419/419/83
f 421/421/85 419/419/83 420/420/84
f 420/420/84 422/422/109 421/421/85
f 423/423/87 421/421/85 422/422/109
f 422/422/109 424/424/88 423/423/87
f 425/425/110 423/423/87 424/424/88
f 424/424/88 426/426/90 425/425/110
f 427/427/91 425/425/110 426/426/90
f 426/426/90 428/428/92 427/427/91
f 429/429/93 427/427/91 428/428/92
f 428/428/92 430/430/94 429/429/93
f 431/431/112 429/429/93 430/430/94
f 430/430/94 432/432/96 431/431/112
f 433/433/134 431/431/112 432/432/96
f 432/432/96 434/434/133 433/433/134
f 435/435/151 433/433/134 434/434/133
f 434/434/133 436/436/4 435/435/151
f 437/437/113 435/435/151 436/436/4
f 436/436/4 438/438/6 437/437/113
f 439/439/7 437/437/113 438/438/6
f 438/438/6 440/440/152 439/439/7
f 441/441/9 439/439/7 440/440/152
f 440/440/152 442/442/135 441/441/9
f 443/443/11 441/441/9 442/442/135
f 442/442/135 444/444/115 443/443/11
f 445/445/13 443/443/11 444/444/115
f 444/444/115 446/446/116 445/445/13
f 447/447/15 445/445/13 446/446/116
f 446/446/116 448/448/16 447/447/15
f 449/449/117 447/447/15 448/448/16
f 448/448/16 450/450/18 449/449/117
f 451/451/19 449/449/117 450/450/18
f 450/450/18 452/452/20 451/451/19
f 453/453/118 451/451/19 452/452/20
f 452/452/20 454/454/22 453/453/118
f 455/455/119 453/453/118 454/454/22
f 454/454/22 456/456/120 455/455/119
f 457/457/121 455/455/119 456/456/120
f 456/456/120 458/458/122 457/457/121
f 459/459/123 457/457/121 458/458/122
f 458/458/122 460/460/137 459/459/123
f 461/461/124 459/459/123 460/460/137
f 460/460/137 462/462/30 461/461/124
f 463/463/31 461/461/124 462/462/30
f 462/462/30 464/464/32 463/463/31
f 465/465/33 463/463/31 464/464/32
f 464/464/32 466/466/125 465/465/33
f 467/467/35 465/465/33 466/466/125
f 466/466/125 468/468/36 467/467/35
f 469/469/126 467/467/35 468/468/36
f 468/468/36 470/470/127 469/469/126
f 471/471/39 469/469/126 470/470/127
f 470/470/127 472/472/40 471/471/39
f 473/473/129 471/471/39 472/472/40
f 472/472/40 474/474/42 473/473/129
f 475/475/43 473/473/129 474/474/42
f 474/474/42 476/476/44 475/475/43
f 477/477/45 475/475/43 476/476/44
f 476/476/44 478/478/46 477/477/45
f 479/479/47 477/477/45 478/478/46
f 478/478/46 480/480/48 479/479/47
f 386/386/139 479/479/47 480/480/48
f 480/480/48 387/387/140 386/386/139
f 481/481/132 482/482/132 483/483/132
f 483/483/132 484/484/132 481/481/132
f 482/482/132 485/485/132 486/486/132
f 486/486/132 483/483/132 482/482/132
f 485/485/132 487/487/132 488/488/132
f 488/488/132 486/486/132 485/485/132
f 487/487/132 489/489/132 490/490/132
f 490/490/132 488/488/132 487/487/132
f 489/489/132 491/491/132 492/492/132
f 492/492/132 490/490/132 489/489/132
f 491/491/132 493/493/132 494/494/132
f 494/494/132 492/492/132 491/491/132
f 493/493/132 495/495/132 496/496/132
f 496/496/132 494/494/132 493/493/132
f 495/495/132 497/497/132 498/498/132
f 498/498/132 496/496/132 495/495/132
f 497/497/132 499/499/132 500/500/132
f 500/500/132 498/498/132 497/497/132
f 499/499/132 501/501/132 502/502/132
f 502/502/132 500/500/132 499/499/132
f 501/501/132 503/503/132 504/504/132
f 504/504/132 502/502/132 501/501/132
f 503/503/132 505/505/132 506/506/132
f 506/506/132 504/504/132 503/503/132
f 505/505/132 507/507/132 508/508/132
f 508/508/132 506/506/132 505/505/132
f 507/507/132 509/509/132 510/510/132
f 510/510/132 508/508/132 507/507/132
f 509/509/132 511/511/132 512/512/132
f 512/512/132 510/510/132 509/509/132
f 511/511/132 513/513/132 514/514/132
f 514/514/132 512/512/132 511/511/132
f 513/513/132 515/515/132 516/516/132
f 516/516/132 514/514/132 513/513/132
f 515/515/132 517/517/132 518/518/132
f 518/518/132 516/516/132 515/515/132
f 517/517/132 519/519/132 520/520/132
f 520/520/132 518/518/132 517/517/132
f 519/519/132 521/521/132 522/522/132
f 522/522/132 520/520/132 519/519/132
f 521/521/132 523/523/132 524/524/132
f 524/524/132 522/522/132 521/521/132
f 523/523/132 525/525/132 526/526/132
f 526/526/132 524/524/132 523/523/132
f 525/525/132 527/527/132 528/528/132
f 528/528/132 526/526/132 525/525/132
f 527/527/132 529/529/132 530/530/132
f 530/530/132 528/528/132 527/527/132
f 529/529/132 531/531/132 532/532/132
f 532/532/132 530/530/132 529/529/132
f 531/531/132 533/533/132 534/534/132
f 534/534/132 532/532/132 531/531/132
f 533/533/132 535/535/132 536/536/132
f 536/536/132 534/534/132 533/533/132
f 535/535/132 537/537/132 538/154/132
f 538/154/132 536/536/132 535/535/132
f 537/537/132 539/538/132 540/539/132
f 540/539/132 538/154/132 537/537/132
f 539/538/132 541/540/132 542/541/132
f 542/541/132 540/539/132 539/538/132
f 541/540/132 543/542/132 544/543/132
f 544/543/132 542/541/132 541/540/132
f 543/542/132 545/544/132 546/545/132
f 546/545/132 544/543/132 543/542/132
f 545/544/132 547/546/132 548/547/132
f 548/547/132 546/545/132 545/544/132
f 547/546/132 549/548/132 550/549/132
f 550/549/132 548/547/132 547/546/132
f 549/548/132 551/550/132 552/551/132
f 552/551/132 550/549/132 549/548/132
f 551/550/132 553/552/132 554/553/132
f 554/553/132 552/551/132 551/550/132
f 553/552/132 555/554/132 556/555/132
f 556/555/132 554/553/132 553/552/132
f 555/554/132 557/556/132 558/557/132
f 558/557/132 556/555/132 555/554/132
f 557/556/132 559/558/132 560/559/132
f 560/559/132 558/557/132 557/556/132
f 559/558/132 561/560/132 562/561/132
f 562/561/132 560/559/132 559/558/132
f 561/560/132 563/562/132 564/563/132
f 564/563/132 562/561/132 561/560/132
f 563/562/132 565/564/132 566/565/132
f 566/565/132 564/563/132 563/562/132
f 565/564/132 567/566/132 568/567/132
f 568/567/132 566/565/132 565/564/132
f 567/566/132 569/568/132 570/569/132
f 570/569/132 568/567/132 567/566/132
f 569/568/132 571/570/132 572/571/132
f 572/571/132 570/569/132 569/568/132
f 571/570/132 573/572/132 574/573/132
f 574/573/132 572/571/132 571/570/132
f 573/572/132 575/574/132 576/575/132
f 576/575/132 574/573/132 573/572/132
f 575/574/132 481/481/132 484/484/132
f 484/484/132 576/575/132 575/574/132
f 579/576/1 578/577/2 577/578/3
f 577/578/3 580/579/4 579/576/1
f 580/579/4 577/578/3 581/580/5
f 581/580/5 582/581/6 580/579/4
f 582/581/6 581/580/5 583/582/7
f 583/582/7 584/583/8 582/581/6
f 584/583/8 583/582/7 585/584/9
f 585/584/9 586/585/10 584/583/8
f 586/585/10 585/584/9 587/586/11
f 587/586/11 588/587/12 586/585/10
f 588/587/12 587/586/11 589/588/13
f 589/588/13 590/589/14 588/587/12
f 590/589/14 589/588/13 591/590/15
f 591/590/15 592/591/16 590/589/14
f 592/591/16 591/590/15 593/592/117
f 593/592/117 594/593/18 592/591/16
f 594/593/18 593/592/117 595/594/153
f 595/594/153 596/595/20 594/593/18
f 596/595/20 595/594/153 597/596/21
f 597/596/21 598/597/22 596/595/20
f 598/597/22 597/596/21 599/598/23
f 599/598/23 600/599/120 598/597/22
f 600/599/120 599/598/23 601/600/121
f 601/600/121 602/601/26 600/599/120
f 602/601/26 601/600/121 603/602/27
f 603/602/27 604/603/137 602/601/26
f 604/603/137 603/602/27 605/604/124
f 605/604/124 606/605/30 604/603/137
f 606/605/30 605/604/124 607/606/31
f 607/606/31 608/607/32 606/605/30
f 608/607/32 607/606/31 609/608/33
f 609/608/33 610/609/154 608/607/32
f 610/609/154 609/608/33 611/610/35
f 611/610/35 612/611/36 610/609/154
f 612/611/36 611/610/35 613/612/126
f 613/612/126 614/613/127 612/611/36
f 614/613/127 613/612/126 615/614/39
f 615/614/39 616/615/40 614/613/127
f 616/615/40 615/614/39 617/616/41
f 617/616/41 618/617/42 616/615/40
f 618/617/42 617/616/41 619/618/43
f 619/618/43 620/619/44 618/617/42
f 620/619/44 619/618/43 621/620/45
f 621/620/45 622/621/46 620/619/44
f 622/621/46 621/620/45 623/622/47
f 623/622/47 624/623/48 622/621/46
f 624/623/48 623/622/47 625/624/139
f 625/624/139 626/625/140 624/623/48
f 626/625/140 625/624/139 627/626/51
f 627/626/51 628/627/98 626/625/140
f 628/627/98 627/626/51 629/628/53
f 629/628/53 630/629/99 628/627/98
f 630/629/99 629/628/53 631/630/55
f 631/630/55 632/631/141 630/629/99
f 632/631/141 631/630/55 633/632/57
f 633/632/57 634/633/58 632/631/141
f 634/633/58 633/632/57 635/634/59
f 635/634/59 636/635/143 634/633/58
f 636/635/143 635/634/59 637/636/144
f 637/636/144 638/637/100 636/635/143
f 638/637/100 637/636/144 639/638/101
f 639/638/101 640/639/64 638/637/100
f 640/639/64 639/638/101 641/640/155
f 641/640/155 642/641/66 640/639/64
f 642/641/66 641/640/155 643/642/145
f 643/642/145 644/643/68 642/641/66
f 644/643/68 643/642/145 645/644/69
f 645/644/69 646/645/70 644/643/68
f 646/645/70 645/644/69 647/646/71
f 647/646/71 648/647/72 646/645/70
f 648/647/72 647/646/71 649/648/73
f 649/648/73 650/649/74 648/647/72
f 650/649/74 649/648/73 651/650/75
f 651/650/75 652/651/76 650/649/74
f 652/651/76 651/650/75 653/652/156
f 653/652/156 654/653/78 652/651/76
f 654/653/78 653/652/156 655/654/79
f 655/654/79 656/655/107 654/653/78
f 656/655/107 655/654/79 657/656/81
f 657/656/81 658/657/150 656/655/107
f 658/657/150 657/656/81 659/658/83
f 659/658/83 660/659/84 658/657/150
f 660/659/84 659/658/83 661/660/85
f 661/660/85 662/661/109 660/659/84
f 662/661/109 661/660/85 663/662/87
f 663/662/87 664/663/88 662/661/109
f 664/663/88 663/662/87 665/664/89
f 665/664/89 666/665/90 664/663/88
f 666/665/90 665/664/89 667/666/91
f 667/666/91 668/667/92 666/665/90
f 668/667/92 667/666/91 669/668/93
f 669/668/93 670/669/94 668/667/92
f 670/669/94 669/668/93 671/670/95
f 671/670/95 672/671/96 670/669/94
f 672/671/96 671/670/95 578/577/2
f 578/577/2 579/576/1 672/671/96
f 673/672/51 674/673/49 675/674/50
f 675/674/50 676/675/98 673/672/51
f 677/676/53 673/672/51 676/675/98
f 676/675/98 678/677/99 677/676/53
f 679/678/55 677/676/53 678/677/99
f 678/677/99 680/679/56 679/678/55
f 681/680/57 679/678/55 680/679/56
f 680/679/56 682/681/142 681/680/57
f 683/682/59 681/680/57 682/681/142
f 682/681/142 684/683/60 683/682/59
f 685/684/144 683/682/59 684/683/60
f 684/683/60 686/685/62 685/684/144
f 687/686/101 685/684/144 686/685/62
f 686/685/62 688/687/64 687/686/101
f 689/688/155 687/686/101 688/687/64
f 688/687/64 690/689/66 689/688/155
f 691/690/145 689/688/155 690/689/66
f 690/689/66 692/691/68 691/690/145
f 693/692/102 691/690/145 692/691/68
f 692/691/68 694/693/70 693/692/102
f 695/694/103 693/692/102 694/693/70
f 694/693/70 696/695/148 695/694/103
f 697/696/104 695/694/103 696/695/148
f 696/695/148 698/697/105 697/696/104
f 699/698/106 697/696/104 698/697/105
f 698/697/105 700/699/76 699/698/106
f 701/700/77 699/698/106 700/699/76
f 700/699/76 702/701/78 701/700/77
f 703/702/79 701/700/77 702/701/78
f 702/701/78 704/703/107 703/702/79
f 705/704/81 703/702/79 704/703/107
f 704/703/107 706/705/150 705/704/81
f 707/706/83 705/704/81 706/705/150
f 706/705/150 708/707/84 707/706/83
f 709/708/85 707/706/83 708/707/84
f 708/707/84 710/709/109 709/708/85
f 711/710/87 709/708/85 710/709/109
f 710/709/109 712/711/88 711/710/87
f 713/712/89 711/710/87 712/711/88
f 712/711/88 714/713/90 713/712/89
f 715/714/157 713/712/89 714/713/90
f 714/713/90 716/715/92 715/714/157
f 717/716/93 715/714/157 716/715/92
f 716/715/92 718/717/94 717/716/93
f 719/718/112 717/716/93 718/717/94
f 718/717/94 720/719/96 719/718/112
f 721/720/134 719/718/112 720/719/96
f 720/719/96 722/721/133 721/720/134
f 723/722/151 721/720/134 722/721/133
f 722/721/133 724/723/158 723/722/151
f 725/724/113 723/722/151 724/723/158
f 724/723/158 726/725/6 725/724/113
f 727/726/7 725/724/113 726/725/6
f 726/725/6 728/727/8 727/726/7
f 729/728/9 727/726/7 728/727/8
f 728/727/8 730/729/114 729/728/9
f 731/730/11 729/728/9 730/729/114
f 730/729/114 732/731/115 731/730/11
f 733/732/159 731/730/11 732/731/115
f 732/731/115 734/733/14 733/732/159
f 735/734/15 733/732/159 734/733/14
f 734/733/14 736/735/16 735/734/15
f 737/736/117 735/734/15 736/735/16
f 736/735/16 738/737/18 737/736/117
f 739/738/19 737/736/117 738/737/18
f 738/737/18 740/739/20 739/738/19
f 741/740/118 739/738/19 740/739/20
f 740/739/20 742/741/22 741/740/118
f 743/742/119 741/740/118 742/741/22
f 742/741/22 744/743/120 743/742/119
f 745/744/121 743/742/119 744/743/120
f 744/743/120 746/745/122 745/744/121
f 747/746/123 745/744/121 746/745/122
f 746/745/122 748/747/28 747/746/123
f 749/748/124 747/746/123 748/747/28
f 748/747/28 750/749/30 749/748/124
f 751/750/31 749/748/124 750/749/30
f 750/749/30 752/751/32 751/750/31
f 753/752/33 751/750/31 752/751/32
f 752/751/32 754/753/125 753/752/33
f 755/754/35 753/752/33 754/753/125
f 754/753/125 756/755/36 755/754/35
f 757/756/126 755/754/35 756/755/36
f 756/755/36 758/757/127 757/756/126
f 759/758/39 757/756/126 758/757/127
f 758/757/127 760/759/40 759/758/39
f 761/760/41 759/758/39 760/759/40
f 760/759/40 762/761/42 761/760/41
f 763/762/160 761/760/41 762/761/42
f 762/761/42 764/763/44 763/762/160
f 765/764/45 763/762/160 764/763/44
f 764/763/44 766/765/46 765/764/45
f 767/766/130 765/764/45 766/765/46
f 766/765/46 768/767/48 767/766/130
f 674/673/49 767/766/130 768/767/48
f 768/767/48 675/674/50 674/673/49
f 769/768/132 770/769/132 771/770/132
f 771/770/132 772/146/132 769/768/132
f 770/769/132 773/771/132 774/772/132
f 774/772/132 771/770/132 770/769/132
f 773/771/132 775/773/132 776/774/132
f 776/774/132 774/772/132 773/771/132
f 775/773/132 777/775/132 778/776/132
f 778/776/132 776/774/132 775/773/132
f 777/775/132 779/777/132 780/778/132
f 780/778/132 778/776/132 777/775/132
f 779/777/132 781/779/132 782/780/132
f 782/780/132 780/778/132 779/777/132
f 781/779/132 783/781/132 784/782/132
f 784/782/132 782/780/132 781/779/132
f 783/781/132 785/783/132 786/784/132
f 786/784/132 784/782/132 783/781/132
f 785/783/132 787/785/132 788/786/132
f 788/786/132 786/784/132 785/783/132
f 787/785/132 789/787/132 790/788/132
f 790/788/132 788/786/132 787/785/132
f 789/787/132 791/789/132 792/790/132
f 792/790/132 790/788/132 789/787/132
f 791/789/132 793/791/132 794/792/132
f 794/792/132 792/790/132 791/789/132
f 793/791/132 795/793/132 796/794/132
f 796/794/132 794/792/132 793/791/132
f 795/793/132 797/795/132 798/796/132
f 798/796/132 796/794/132 795/793/132
f 797/795/132 799/797/132 800/798/132
f 800/798/132 798/796/132 797/795/132
f 799/797/132 801/799/132 802/800/132
f 802/800/132 800/798/132 799/797/132
f 801/799/132 803/801/132 804/802/132
f 804/802/132 802/800/132 801/799/132
f 803/801/132 805/803/132 806/804/132
f 806/804/132 804/802/132 803/801/132
f 805/803/132 807/805/132 808/806/132
f 808/806/132 806/804/132 805/803/132
f 807/805/132 809/807/132 810/808/132
f 810/808/132 808/806/132 807/805/132
f 809/807/132 811/809/132 812/810/132
f 812/810/132 810/808/132 809/807/132
f 811/809/132 813/811/132 814/812/132
f 814/812/132 812/810/132 811/809/132
f 813/811/132 815/813/132 816/814/132
f 816/814/132 814/812/132 813/811/132
f 815/813/132 817/815/132 818/816/132
f 818/816/132 816/814/132 815/813/132
f 817/815/132 819/817/132 820/818/132
f 820/818/132 818/816/132 817/815/132
f 819/817/132 821/819/132 822/820/132
f 822/820/132 820/818/132 819/817/132
f 821/819/132 823/821/132 824/822/132
f 824/822/132 822/820/132 821/819/132
f 823/821/132 825/823/132 826/442/132
f 826/442/132 824/822/132 823/821/132
f 825/823/132 827/824/132 828/825/132
f 828/825/132 826/442/132 825/823/132
f 827/824/132 829/826/132 830/827/132
f 830/827/132 828/825/132 827/824/132
f 829/826/132 831/828/132 832/829/132
f 832/829/132 830/827/132 829/826/132
f 831/828/132 833/830/132 834/831/132
f 834/831/132 832/829/132 831/828/132
f 833/830/132 835/832/132 836/833/132
f 836/833/132 834/831/132 833/830/132
f 835/832/132 837/834/132 838/835/132
f 838/835/132 836/833/132 835/832/132
f 837/834/132 839/836/132 840/837/132
f 840/837/132 838/835/132 837/834/132
f 839/836/132 841/838/132 842/839/132
f 842/839/132 840/837/132 839/836/132
f 841/838/132 843/840/132 844/841/132
f 844/841/132 842/839/132 841/838/132
f 843/840/132 845/842/132 846/843/132
f 846/843/132 844/841/132 843/840/132
f 845/842/132 847/844/132 848/845/132
f 848/845/132 846/843/132 845/842/132
f 847/844/132 849/846/132 850/847/132
f 850/847/132 848/845/132 847/844/132
f 849/846/132 851/848/132 852/849/132
f 852/849/132 850/847/132 849/846/132
f 851/848/132 853/850/132 854/851/132
f 854/851/132 852/849/132 851/848/132
f 853/850/132 855/852/132 856/853/132
f 856/853/132 854/851/132 853/850/132
f 855/852/132 857/854/132 858/855/132
f 858/855/132 856/853/132 855/852/132
f 857/854/132 859/856/132 860/857/132
f 860/857/132 858/855/132 857/854/132
f 859/856/132 861/858/132 862/859/132
f 862/859/132 860/857/132 859/856/132
f 861/858/132 863/860/132 864/861/132
f 864/861/132 862/859/132 861/858/132
f 863/860/132 769/768/132 772/146/132
f 772/146/132 864/861/132 863/860/132
f 867/862/133 866/863/134 865/864/151
f 865/864/151 868/865/4 867/862/133
f 868/865/4 865/864/151 869/866/113
f 869/866/113 870/867/6 868/865/4
f 870/867/6 869/866/113 871/868/7
f 871/868/7 872/869/8 870/867/6
f 872/869/8 871/868/7 873/870/9
f 873/870/9 874/871/10 872/869/8
f 874/871/10 873/870/9 875/872/11
f 875/872/11 876/873/115 874/871/10
f 876/873/115 875/872/11 877/874/159
f 877/874/159 878/875/14 876/873/115
f 878/875/14 877/874/159 879/876/15
f 879/876/15 880/877/16 878/875/14
f 880/877/16 879/876/15 881/878/17
f 881/878/17 882/879/18 880/877/16
f 882/879/18 881/878/17 883/880/19
f 883/880/19 884/881/161 882/879/18
f 884/881/161 883/880/19 885/882/21
f 885/882/21 886/883/136 884/881/161
f 886/883/136 885/882/21 887/884/23
f 887/884/23 888/885/24 886/883/136
f 888/885/24 887/884/23 889/886/121
f 889/886/121 890/887/26 888/885/24
f 890/887/26 889/886/121 891/888/27
f 891/888/27 892/889/28 890/887/26
f 892/889/28 891/888/27 893/890/124
f 893/890/124 894/891/30 892/889/28
f 894/891/30 893/890/124 895/892/31
f 895/892/31 896/893/162 894/891/30
f 896/893/162 895/892/31 897/894/33
f 897/894/33 898/895/34 896/893/162
f 898/895/34 897/894/33 899/896/35
f 899/896/35 900/897/36 898/895/34
f 900/897/36 899/896/35 901/898/126
f 901/898/126 902/899/127 900/897/36
f 902/899/127 901/898/126 903/897/128
f 903/897/128 904/900/40 902/899/127
f 904/900/40 903/897/128 905/895/41
f 905/895/41 906/901/42 904/900/40
f 906/901/42 905/895/41 907/893/43
f 907/893/43 908/902/44 906/901/42
f 908/902/44 907/893/43 909/891/163
f 909/891/163 910/903/46 908/902/44
f 910/903/46 909/891/163 911/889/47
f 911/889/47 912/904/131 910/903/46
f 912/904/131 911/889/47 913/887/139
f 913/887/139 914/905/140 912/904/131
f 914/905/140 913/887/139 915/885/97
f 915/885/97 916/906/52 914/905/140
f 916/906/52 915/885/97 917/883/164
f 917/883/164 918/907/99 916/906/52
f 918/907/99 917/883/164 919/881/55
f 919/881/55 920/908/56 918/907/99
f 920/908/56 919/881/55 921/879/57
f 921/879/57 922/909/58 920/908/56
f 922/909/58 921/879/57 923/877/59
f 923/877/59 924/910/60 922/909/58
f 924/910/60 923/877/59 925/875/144
f 925/875/144 926/911/100 924/910/60
f 926/911/100 925/875/144 927/873/101
f 927/873/101 928/912/64 926/911/100
f 928/912/64 927/873/101 929/871/165
f 929/871/165 930/913/66 928/912/64
f 930/913/66 929/871/165 931/869/67
f 931/869/67 932/914/146 930/913/66
f 932/914/146 931/869/67 933/867/69
f 933/867/69 934/915/70 932/914/146
f 934/915/70 933/867/69 935/865/71
f 935/865/71 936/916/148 934/915/70
f 936/916/148 935/865/71 937/862/73
f 937/862/73 938/863/74 936/916/148
f 938/863/74 937/862/73 939/917/75
f 939/917/75 940/918/76 938/863/74
f 940/918/76 939/917/75 941/919/77
f 941/919/77 942/920/78 940/918/76
f 942/920/78 941/919/77 943/921/79
f 943/921/79 944/922/107 942/920/78
f 944/922/107 943/921/79 945/923/81
f 945/923/81 946/924/166 944/922/107
f 946/924/166 945/923/81 947/925/83
f 947/925/83 948/926/84 946/924/166
f 948/926/84 947/925/83 949/927/85
f 949/927/85 950/928/86 948/926/84
f 950/928/86 949/927/85 951/926/87
f 951/926/87 952/929/88 950/928/86
f 952/929/88 951/926/87 953/924/110
f 953/924/110 954/930/90 952/929/88
f 954/930/90 953/924/110 955/922/91
f 955/922/91 956/931/92 954/930/90
f 956/931/92 955/922/91 957/920/93
f 957/920/93 958/932/94 956/931/92
f 958/932/94 957/920/93 959/918/95
f 959/918/95 960/933/167 958/932/94
f 960/933/167 959/918/95 866/863/134
f 866/863/134 867/862/133 960/933/167
f 961/934/51 962/935/139 963/936/140
f 963/936/140 964/937/98 961/934/51
f 965/938/53 961/934/51 964/937/98
f 964/937/98 966/939/99 965/938/53
f 967/940/55 965/938/53 966/939/99
f 966/939/99 968/941/141 967/940/55
f 969/942/57 967/940/55 968/941/141
f 968/941/141 970/943/58 969/942/57
f 971/944/59 969/942/57 970/943/58
f 970/943/58 972/945/60 971/944/59
f 973/946/61 971/944/59 972/945/60
f 972/945/60 974/947/62 973/946/61
f 975/948/101 973/946/61 974/947/62
f 974/947/62 976/949/64 975/948/101
f 977/950/165 975/948/101 976/949/64
f 976/949/64 978/951/66 977/950/165
f 979/952/67 977/950/165 978/951/66
f 978/951/66 980/953/68 979/952/67
f 981/954/102 979/952/67 980/953/68
f 980/953/68 982/955/70 981/954/102
f 983/956/103 981/954/102 982/955/70
f 982/955/70 984/957/148 983/956/103
f 985/958/104 983/956/103 984/957/148
f 984/957/148 986/959/105 985/958/104
f 987/960/106 985/958/104 986/959/105
f 986/959/105 988/961/76 987/960/106
f 989/962/77 987/960/106 988/961/76
f 988/961/76 990/963/78 989/962/77
f 991/964/79 989/962/77 990/963/78
f 990/963/78 992/965/107 991/964/79
f 993/966/81 991/964/79 992/965/107
f 992/965/107 994/967/150 993/966/81
f 995/968/83 993/966/81 994/967/150
f 994/967/150 996/969/84 995/968/83
f 997/970/85 995/968/83 996/969/84
f 996/969/84 998/971/86 997/970/85
f 999/969/87 997/970/85 998/971/86
f 998/971/86 1000/972/88 999/969/87
f 1001/967/89 999/969/87 1000/972/88
f 1000/972/88 1002/973/90 1001/967/89
f 1003/965/157 1001/967/89 1002/973/90
f 1002/973/90 1004/974/92 1003/965/157
f 1005/963/93 1003/965/157 1004/974/92
f 1004/974/92 1006/975/94 1005/963/93
f 1007/961/112 1005/963/93 1006/975/94
f 1006/975/94 1008/976/96 1007/961/112
f 1009/959/134 1007/961/112 1008/976/96
f 1008/976/96 1010/958/133 1009/959/134
f 1011/977/3 1009/959/134 1010/958/133
f 1010/958/133 1012/956/4 1011/977/3
f 1013/978/113 1011/977/3 1012/956/4
f 1012/956/4 1014/954/6 1013/978/113
f 1015/979/7 1013/978/113 1014/954/6
f 1014/954/6 1016/952/8 1015/979/7
f 1017/980/9 1015/979/7 1016/952/8
f 1016/952/8 1018/950/114 1017/980/9
f 1019/981/11 1017/980/9 1018/950/114
f 1018/950/114 1020/948/115 1019/981/11
f 1021/982/13 1019/981/11 1020/948/115
f 1020/948/115 1022/946/14 1021/982/13
f 1023/983/15 1021/982/13 1022/946/14
f 1022/946/14 1024/944/16 1023/983/15
f 1025/984/117 1023/983/15 1024/944/16
f 1024/944/16 1026/942/18 1025/984/117
f 1027/985/153 1025/984/117 1026/942/18
f 1026/942/18 1028/940/20 1027/985/153
f 1029/986/118 1027/985/153 1028/940/20
f 1028/940/20 1030/938/22 1029/986/118
f 1031/987/119 1029/986/118 1030/938/22
f 1030/938/22 1032/934/120 1031/987/119
f 1033/988/121 1031/987/119 1032/934/120
f 1032/934/120 1034/935/122 1033/988/121
f 1035/989/123 1033/988/121 1034/935/122
f 1034/935/122 1036/990/137 1035/989/123
f 1037/991/124 1035/989/123 1036/990/137
f 1036/990/137 1038/992/30 1037/991/124
f 1039/993/168 1037/991/124 1038/992/30
f 1038/992/30 1040/994/162 1039/993/168
f 1041/995/33 1039/993/168 1040/994/162
f 1040/994/162 1042/996/154 1041/995/33
f 1043/997/35 1041/995/33 1042/996/154
f 1042/996/154 1044/998/36 1043/997/35
f 1045/999/37 1043/997/35 1044/998/36
f 1044/998/36 1046/1000/38 1045/999/37
f 1047/998/128 1045/999/37 1046/1000/38
f 1046/1000/38 1048/1001/40 1047/998/128
f 1049/996/41 1047/998/128 1048/1001/40
f 1048/1001/40 1050/1002/42 1049/996/41
f 1051/994/43 1049/996/41 1050/1002/42
f 1050/1002/42 1052/1003/44 1051/994/43
f 1053/992/45 1051/994/43 1052/1003/44
f 1052/1003/44 1054/1004/46 1053/992/45
f 1055/990/130 1053/992/45 1054/1004/46
f 1054/1004/46 1056/1005/48 1055/990/130
f 962/935/139 1055/990/130 1056/1005/48
f 1056/1005/48 963/936/140 962/935/139
f 1057/1006/132 1058/1007/132 1059/1008/132
f 1059/1008/132 1060/434/132 1057/1006/132
f 1058/1007/132 1061/1009/132 1062/1010/132
f 1062/1010/132 1059/1008/132 1058/1007/132
f 1061/1009/132 1063/1011/132 1064/1012/132
f 1064/1012/132 1062/1010/132 1061/1009/132
f 1063/1011/132 1065/1013/132 1066/1014/132
f 1066/1014/132 1064/1012/132 1063/1011/132
f 1065/1013/132 1067/1015/132 1068/1016/132
f 1068/1016/132 1066/1014/132 1065/1013/132
f 1067/1015/132 1069/1017/132 1070/1018/132
f 1070/1018/132 1068/1016/132 1067/1015/132
f 1069/1017/132 1071/1019/132 1072/1020/132
f 1072/1020/132 1070/1018/132 1069/1017/132
f 1071/1019/132 1073/1021/132 1074/1022/132
f 1074/1022/132 1072/1020/132 1071/1019/132
f 1073/1021/132 1075/1023/132 1076/1024/132
f 1076/1024/132 1074/1022/132 1073/1021/132
f 1075/1023/132 1077/1025/132 1078/1026/132
f 1078/1026/132 1076/1024/132 1075/1023/132
f 1077/1025/132 1079/1027/132 1080/1028/132
f 1080/1028/132 1078/1026/132 1077/1025/132
f 1079/1027/132 1081/1029/132 1082/1030/132
f 1082/1030/132 1080/1028/132 1079/1027/132
f 1081/1029/132 1083/1031/132 1084/1032/132
f 1084/1032/132 1082/1030/132 1081/1029/132
f 1083/1031/132 1085/1033/132 1086/1034/132
f 1086/1034/132 1084/1032/132 1083/1031/132
f 1085/1033/132 1087/1035/132 1088/1036/132
f 1088/1036/132 1086/1034/132 1085/1033/132
f 1087/1035/132 1089/1037/132 1090/1038/132
f 1090/1038/132 1088/1036/132 1087/1035/132
f 1089/1037/132 1091/1039/132 1092/1040/132
f 1092/1040/132 1090/1038/132 1089/1037/132
f 1091/1039/132 1093/1041/132 1094/1042/132
f 1094/1042/132 1092/1040/132 1091/1039/132
f 1093/1041/132 1095/1043/132 1096/1044/132
f 1096/1044/132 1094/1042/132 1093/1041/132
f 1095/1043/132 1097/1045/132 1098/1046/132
f 1098/1046/132 1096/1044/132 1095/1043/132
f 1097/1045/132 1099/1047/132 1100/1048/132
f 1100/1048/132 1098/1046/132 1097/1045/132
f 1099/1047/132 1101/1049/132 1102/1050/132
f 1102/1050/132 1100/1048/132 1099/1047/132
f 1101/1049/132 1103/1051/132 1104/1052/132
f 1104/1052/132 1102/1050/132 1101/1049/132
f 1103/1051/132 1105/1053/132 1106/1054/132
f 1106/1054/132 1104/1052/132 1103/1051/132
f 1105/1053/132 1107/1055/132 1108/1056/132
f 1108/1056/132 1106/1054/132 1105/1053/132
f 1107/1055/132 1109/1057/132 1110/1058/132
f 1110/1058/132 1108/1056/132 1107/1055/132
f 1109/1057/132 1111/1059/132 1112/1060/132
f 1112/1060/132 1110/1058/132 1109/1057/132
f 1111/1059/132 1113/1061/132 1114/729/132
f 1114/729/132 1112/1060/132 1111/1059/132
f 1113/1061/132 1115/1062/132 1116/1063/132
f 1116/1063/132 1114/729/132 1113/1061/132
f 1115/1062/132 1117/1064/132 1118/1065/132
f 1118/1065/132 1116/1063/132 1115/1062/132
f 1117/1064/132 1119/1066/132 1120/1067/132
f 1120/1067/132 1118/1065/132 1117/1064/132
f 1119/1066/132 1121/1068/132 1122/1069/132
f 1122/1069/132 1120/1067/132 1119/1066/132
f 1121/1068/132 1123/1070/132 1124/1071/132
f 1124/1071/132 1122/1069/132 1121/1068/132
f 1123/1070/132 1125/1072/132 1126/1073/132
f 1126/1073/132 1124/1071/132 1123/1070/132
f 1125/1072/132 1127/1074/132 1128/1075/132
f 1128/1075/132 1126/1073/132 1125/1072/132
f 1127/1074/132 1129/1076/132 1130/1077/132
f 1130/1077/132 1128/1075/132 1127/1074/132
f 1129/1076/132 1131/1078/132 1132/1079/132
f 1132/1079/132 1130/1077/132 1129/1076/132
f 1131/1078/132 1133/1080/132 1134/1081/132
f 1134/1081/132 1132/1079/132 1131/1078/132
f 1133/1080/132 1135/1082/132 1136/1083/132
f 1136/1083/132 1134/1081/132 1133/1080/132
f 1135/1082/132 1137/1084/132 1138/1085/132
f 1138/1085/132 1136/1083/132 1135/1082/132
f 1137/1084/132 1139/1086/132 1140/1087/132
f 1140/1087/132 1138/1085/132 1137/1084/132
f 1139/1086/132 1141/1088/132 1142/1089/132
f 1142/1089/132 1140/1087/132 1139/1086/132
f 1141/1088/132 1143/1090/132 1144/1091/132
f 1144/1091/132 1142/1089/132 1141/1088/132
f 1143/1090/132 1145/1092/132 1146/1093/132
f 1146/1093/132 1144/1091/132 1143/1090/132
f 1145/1092/132 1147/1094/132 1148/1095/132
f 1148/1095/132 1146/1093/132 1145/1092/132
f 1147/1094/132 1149/1096/132 1150/1097/132
f 1150/1097/132 1148/1095/132 1147/1094/132
f 1149/1096/132 1151/1098/132 1152/1099/132
f 1152/1099/132 1150/1097/132 1149/1096/132
f 1151/1098/132 1057/1006/132 1060/434/132
f 1060/434/132 1152/1099/132 1151/1098/132
f 1155/1100/133 1154/1101/134 1153/1102/151
f 1153/1102/151 1156/1103/4 1155/1100/133
f 1156/1103/4 1153/1102/151 1157/1104/5
f 1157/1104/5 1158/1105/6 1156/1103/4
f 1158/1105/6 1157/1104/5 1159/1106/7
f 1159/1106/7 1160/1107/8 1158/1105/6
f 1160/1107/8 1159/1106/7 1161/1108/9
f 1161/1108/9 1162/1109/10 1160/1107/8
f 1162/1109/10 1161/1108/9 1163/1110/11
f 1163/1110/11 1164/1111/115 1162/1109/10
f 1164/1111/115 1163/1110/11 1165/1112/13
f 1165/1112/13 1166/1113/14 1164/1111/115
f 1166/1113/14 1165/1112/13 1167/1114/15
f 1167/1114/15 1168/1115/16 1166/1113/14
f 1168/1115/16 1167/1114/15 1169/1116/117
f 1169/1116/117 1170/1117/18 1168/1115/16
f 1170/1117/18 1169/1116/117 1171/1118/153
f 1171/1118/153 1172/1119/20 1170/1117/18
f 1172/1119/20 1171/1118/153 1173/1120/21
f 1173/1120/21 1174/1121/22 1172/1119/20
f 1174/1121/22 1173/1120/21 1175/1122/23
f 1175/1122/23 1176/1123/24 1174/1121/22
f 1176/1123/24 1175/1122/23 1177/1124/25
f 1177/1124/25 1178/1125/26 1176/1123/24
f 1178/1125/26 1177/1124/25 1179/1126/27
f 1179/1126/27 1180/1127/28 1178/1125/26
f 1180/1127/28 1179/1126/27 1181/1128/124
f 1181/1128/124 1182/1129/138 1180/1127/28
f 1182/1129/138 1181/1128/124 1183/1130/31
f 1183/1130/31 1184/1131/32 1182/1129/138
f 1184/1131/32 1183/1130/31 1185/1132/33
f 1185/1132/33 1186/1133/125 1184/1131/32
f 1186/1133/125 1185/1132/33 1187/1134/35
f 1187/1134/35 1188/1135/36 1186/1133/125
f 1188/1135/36 1187/1134/35 1189/1136/37
f 1189/1136/37 1190/1137/127 1188/1135/36
f 1190/1137/127 1189/1136/37 1191/1134/128
f 1191/1134/128 1192/1135/40 1190/1137/127
f 1192/1135/40 1191/1134/128 1193/1132/129
f 1193/1132/129 1194/1133/42 1192/1135/40
f 1194/1133/42 1193/1132/129 1195/1130/43
f 1195/1130/43 1196/1131/44 1194/1133/42
f 1196/1131/44 1195/1130/43 1197/1128/45
f 1197/1128/45 1198/1129/46 1196/1131/44
f 1198/1129/46 1197/1128/45 1199/1126/130
f 1199/1126/130 1200/1127/48 1198/1129/46
f 1200/1127/48 1199/1126/130 1201/1124/49
f 1201/1124/49 1202/1125/50 1200/1127/48
f 1202/1125/50 1201/1124/49 1203/1122/51
f 1203/1122/51 1204/1123/52 1202/1125/50
f 1204/1123/52 1203/1122/51 1205/1120/53
f 1205/1120/53 1206/1121/99 1204/1123/52
f 1206/1121/99 1205/1120/53 1207/1118/55
f 1207/1118/55 1208/1119/141 1206/1121/99
f 1208/1119/141 1207/1118/55 1209/1116/57
f 1209/1116/57 1210/1117/169 1208/1119/141
f 1210/1117/169 1209/1116/57 1211/1114/59
f 1211/1114/59 1212/1115/60 1210/1117/169
f 1212/1115/60 1211/1114/59 1213/1112/144
f 1213/1112/144 1214/1113/100 1212/1115/60
f 1214/1113/100 1213/1112/144 1215/1110/101
f 1215/1110/101 1216/1111/64 1214/1113/100
f 1216/1111/64 1215/1110/101 1217/1108/155
f 1217/1108/155 1218/1109/66 1216/1111/64
f 1218/1109/66 1217/1108/155 1219/1106/145
f 1219/1106/145 1220/1107/68 1218/1109/66
f 1220/1107/68 1219/1106/145 1221/1104/102
f 1221/1104/102 1222/1105/70 1220/1107/68
f 1222/1105/70 1221/1104/102 1223/1102/71
f 1223/1102/71 1224/1103/72 1222/1105/70
f 1224/1103/72 1223/1102/71 1225/1138/73
f 1225/1138/73 1226/1139/74 1224/1103/72
f 1226/1139/74 1225/1138/73 1227/1140/75
f 1227/1140/75 1228/1141/76 1226/1139/74
f 1228/1141/76 1227/1140/75 1229/1142/156
f 1229/1142/156 1230/1143/78 1228/1141/76
f 1230/1143/78 1229/1142/156 1231/1144/79
f 1231/1144/79 1232/1145/80 1230/1143/78
f 1232/1145/80 1231/1144/79 1233/1146/81
f 1233/1146/81 1234/1147/166 1232/1145/80
f 1234/1147/166 1233/1146/81 1235/1148/83
f 1235/1148/83 1236/1149/84 1234/1147/166
f 1236/1149/84 1235/1148/83 1237/1150/108
f 1237/1150/108 1238/1151/109 1236/1149/84
f 1238/1151/109 1237/1150/108 1239/1148/87
f 1239/1148/87 1240/1149/88 1238/1151/109
f 1240/1149/88 1239/1148/87 1241/1146/110
f 1241/1146/110 1242/1147/90 1240/1149/88
f 1242/1147/90 1241/1146/110 1243/1144/91
f 1243/1144/91 1244/1145/92 1242/1147/90
f 1244/1145/92 1243/1144/91 1245/1142/93
f 1245/1142/93 1246/1143/94 1244/1145/92
f 1246/1143/94 1245/1142/93 1247/1140/95
f 1247/1140/95 1248/1141/96 1246/1143/94
f 1248/1141/96 1247/1140/95 1154/1101/134
f 1154/1101/134 1155/1100/133 1248/1141/96
f 1249/1152/51 1250/1153/139 1251/1154/140
f 1251/1154/140 1252/1155/52 1249/1152/51
f 1253/1156/53 1249/1152/51 1252/1155/52
f 1252/1155/52 1254/1157/99 1253/1156/53
f 1255/1158/55 1253/1156/53 1254/1157/99
f 1254/1157/99 1256/1159/56 1255/1158/55
f 1257/1160/57 1255/1158/55 1256/1159/56
f 1256/1159/56 1258/1161/142 1257/1160/57
f 1259/1162/59 1257/1160/57 1258/1161/142
f 1258/1161/142 1260/1163/60 1259/1162/59
f 1261/1164/61 1259/1162/59 1260/1163/60
f 1260/1163/60 1262/1165/62 1261/1164/61
f 1263/1166/101 1261/1164/61 1262/1165/62
f 1262/1165/62 1264/1167/64 1263/1166/101
f 1265/1168/165 1263/1166/101 1264/1167/64
f 1264/1167/64 1266/1169/66 1265/1168/165
f 1267/1170/67 1265/1168/165 1266/1169/66
f 1266/1169/66 1268/1171/68 1267/1170/67
f 1269/1172/102 1267/1170/67 1268/1171/68
f 1268/1171/68 1270/1173/70 1269/1172/102
f 1271/1174/103 1269/1172/102 1270/1173/70
f 1270/1173/70 1272/1175/148 1271/1174/103
f 1273/1176/104 1271/1174/103 1272/1175/148
f 1272/1175/148 1274/1177/105 1273/1176/104
f 1275/1178/106 1273/1176/104 1274/1177/105
f 1274/1177/105 1276/1179/149 1275/1178/106
f 1277/1180/77 1275/1178/106 1276/1179/149
f 1276/1179/149 1278/1181/78 1277/1180/77
f 1279/1182/79 1277/1180/77 1278/1181/78
f 1278/1181/78 1280/1183/107 1279/1182/79
f 1281/1184/81 1279/1182/79 1280/1183/107
f 1280/1183/107 1282/1185/82 1281/1184/81
f 1283/1186/83 1281/1184/81 1282/1185/82
f 1282/1185/82 1284/1187/84 1283/1186/83
f 1285/1188/85 1283/1186/83 1284/1187/84
f 1284/1187/84 1286/1189/86 1285/1188/85
f 1287/1186/87 1285/1188/85 1286/1189/86
f 1286/1189/86 1288/1187/88 1287/1186/87
f 1289/1184/110 1287/1186/87 1288/1187/88
f 1288/1187/88 1290/1185/90 1289/1184/110
f 1291/1182/91 1289/1184/110 1290/1185/90
f 1290/1185/90 1292/1183/92 1291/1182/91
f 1293/1180/93 1291/1182/91 1292/1183/92
f 1292/1183/92 1294/1181/94 1293/1180/93
f 1295/1178/112 1293/1180/93 1294/1181/94
f 1294/1181/94 1296/1179/96 1295/1178/112
f 1297/1190/134 1295/1178/112 1296/1179/96
f 1296/1179/96 1298/1191/133 1297/1190/134
f 1299/1174/3 1297/1190/134 1298/1191/133
f 1298/1191/133 1300/1175/4 1299/1174/3
f 1301/1172/5 1299/1174/3 1300/1175/4
f 1300/1175/4 1302/1173/6 1301/1172/5
f 1303/1170/7 1301/1172/5 1302/1173/6
f 1302/1173/6 1304/1171/8 1303/1170/7
f 1305/1168/9 1303/1170/7 1304/1171/8
f 1304/1171/8 1306/1169/10 1305/1168/9
f 1307/1166/11 1305/1168/9 1306/1169/10
f 1306/1169/10 1308/1167/115 1307/1166/11
f 1309/1164/13 1307/1166/11 1308/1167/115
f 1308/1167/115 1310/1165/116 1309/1164/13
f 1311/1162/15 1309/1164/13 1310/1165/116
f 1310/1165/116 1312/1163/16 1311/1162/15
f 1313/1160/117 1311/1162/15 1312/1163/16
f 1312/1163/16 1314/1161/18 1313/1160/117
f 1315/1158/19 1313/1160/117 1314/1161/18
f 1314/1161/18 1316/1159/20 1315/1158/19
f 1317/1156/118 1315/1158/19 1316/1159/20
f 1316/1159/20 1318/1157/22 1317/1156/118
f 1319/1152/119 1317/1156/118 1318/1157/22
f 1318/1157/22 1320/1155/120 1319/1152/119
f 1321/1153/121 1319/1152/119 1320/1155/120
f 1320/1155/120 1322/1154/122 1321/1153/121
f 1323/1192/123 1321/1153/121 1322/1154/122
f 1322/1154/122 1324/1193/28 1323/1192/123
f 1325/1194/124 1323/1192/123 1324/1193/28
f 1324/1193/28 1326/1195/30 1325/1194/124
f 1327/1196/31 1325/1194/124 1326/1195/30
f 1326/1195/30 1328/1197/32 1327/1196/31
f 1329/1198/33 1327/1196/31 1328/1197/32
f 1328/1197/32 1330/1199/125 1329/1198/33
f 1331/1200/35 1329/1198/33 1330/1199/125
f 1330/1199/125 1332/1201/36 1331/1200/35
f 1333/1202/37 1331/1200/35 1332/1201/36
f 1332/1201/36 1334/1203/38 1333/1202/37
f 1335/1200/128 1333/1202/37 1334/1203/38
f 1334/1203/38 1336/1201/40 1335/1200/128
f 1337/1198/41 1335/1200/128 1336/1201/40
f 1336/1201/40 1338/1199/42 1337/1198/41
f 1339/1196/43 1337/1198/41 1338/1199/42
f 1338/1199/42 1340/1197/44 1339/1196/43
f 1341/1194/45 1339/1196/43 1340/1197/44
f 1340/1197/44 1342/1195/46 1341/1194/45
f 1343/1192/130 1341/1194/45 1342/1195/46
f 1342/1195/46 1344/1193/48 1343/1192/130
f 1250/1153/139 1343/1192/130 1344/1193/48
f 1344/1193/48 1251/1154/140 1250/1153/139
f 1345/1204/132 1346/1205/132 1347/1206/132
f 1347/1206/132 1348/721/132 1345/1204/132
f 1346/1205/132 1349/1207/132 1350/1208/132
f 1350/1208/132 1347/1206/132 1346/1205/132
f 1349/1207/132 1351/1209/132 1352/1210/132
f 1352/1210/132 1350/1208/132 1349/1207/132
f 1351/1209/132 1353/1211/132 1354/1212/132
f 1354/1212/132 1352/1210/132 1351/1209/132
f 1353/1211/132 1355/1213/132 1356/1214/132
f 1356/1214/132 1354/1212/132 1353/1211/132
f 1355/1213/132 1357/1215/132 1358/1216/132
f 1358/1216/132 1356/1214/132 1355/1213/132
f 1357/1215/132 1359/1217/132 1360/1218/132
f 1360/1218/132 1358/1216/132 1357/1215/132
f 1359/1217/132 1361/1219/132 1362/1220/132
f 1362/1220/132 1360/1218/132 1359/1217/132
f 1361/1219/132 1363/1221/132 1364/1222/132
f 1364/1222/132 1362/1220/132 1361/1219/132
f 1363/1221/132 1365/1223/132 1366/1224/132
f 1366/1224/132 1364/1222/132 1363/1221/132
f 1365/1223/132 1367/1225/132 1368/1226/132
f 1368/1226/132 1366/1224/132 1365/1223/132
f 1367/1225/132 1369/1227/132 1370/1228/132
f 1370/1228/132 1368/1226/132 1367/1225/132
f 1369/1227/132 1371/1229/132 1372/1230/132
f 1372/1230/132 1370/1228/132 1369/1227/132
f 1371/1229/132 1373/1231/132 1374/1232/132
f 1374/1232/132 1372/1230/132 1371/1229/132
f 1373/1231/132 1375/1233/132 1376/1234/132
f 1376/1234/132 1374/1232/132 1373/1231/132
f 1375/1233/132 1377/1235/132 1378/1236/132
f 1378/1236/132 1376/1234/132 1375/1233/132
f 1377/1235/132 1379/1237/132 1380/1238/132
f 1380/1238/132 1378/1236/132 1377/1235/132
f 1379/1237/132 1381/1239/132 1382/1240/132
f 1382/1240/132 1380/1238/132 1379/1237/132
f 1381/1239/132 1383/1241/132 1384/1242/132
f 1384/1242/132 1382/1240/132 1381/1239/132
f 1383/1241/132 1385/1243/132 1386/1244/132
f 1386/1244/132 1384/1242/132 1383/1241/132
f 1385/1243/132 1387/1245/132 1388/1246/132
f 1388/1246/132 1386/1244/132 1385/1243/132
f 1387/1245/132 1389/1247/132 1390/1248/132
f 1390/1248/132 1388/1246/132 1387/1245/132
f 1389/1247/132 1391/1249/132 1392/1250/132
f 1392/1250/132 1390/1248/132 1389/1247/132
f 1391/1249/132 1393/1251/132 1394/1252/132
f 1394/1252/132 1392/1250/132 1391/1249/132
f 1393/1251/132 1395/1253/132 1396/1254/132
f 1396/1254/132 1394/1252/132 1393/1251/132
f 1395/1253/132 1397/1255/132 1398/1256/132
f 1398/1256/132 1396/1254/132 1395/1253/132
f 1397/1255/132 1399/1257/132 1400/1258/132
f 1400/1258/132 1398/1256/132 1397/1255/132
f 1399/1257/132 1401/1259/132 1402/950/132
f 1402/950/132 1400/1258/132 1399/1257/132
f 1401/1259/132 1403/1260/132 1404/1261/132
f 1404/1261/132 1402/950/132 1401/1259/132
f 1403/1260/132 1405/1262/132 1406/1263/132
f 1406/1263/132 1404/1261/132 1403/1260/132
f 1405/1262/132 1407/1264/132 1408/1265/132
f 1408/1265/132 1406/1263/132 1405/1262/132
f 1407/1264/132 1409/1266/132 1410/1267/132
f 1410/1267/132 1408/1265/132 1407/1264/132
f 1409/1266/132 1411/1268/132 1412/1269/132
f 1412/1269/132 1410/1267/132 1409/1266/132
f 1411/1268/132 1413/1270/132 1414/1271/132
f 1414/1271/132 1412/1269/132 1411/1268/132
f 1413/1270/132 1415/1272/132 1416/1273/132
f 1416/1273/132 1414/1271/132 1413/1270/132
f 1415/1272/132 1417/1274/132 1418/1275/132
f 1418/1275/132 1416/1273/132 1415/1272/132
f 1417/1274/132 1419/1276/132 1420/1277/132
f 1420/1277/132 1418/1275/132 1417/1274/132
f 1419/1276/132 1421/1278/132 1422/1279/132
f 1422/1279/132 1420/1277/132 1419/1276/132
f 1421/1278/132 1423/1280/132 1424/1281/132
f 1424/1281/132 1422/1279/132 1421/1278/132
f 1423/1280/132 1425/1282/132 1426/1283/132
f 1426/1283/132 1424/1281/132 1423/1280/132
f 1425/1282/132 1427/1284/132 1428/1285/132
f 1428/1285/132 1426/1283/132 1425/1282/132
f 1427/1284/132 1429/1286/132 1430/1287/132
f 1430/1287/132 1428/1285/132 1427/1284/132
f 1429/1286/132 1431/1288/132 1432/1289/132
f 1432/1289/132 1430/1287/132 1429/1286/132
f 1431/1288/132 1433/1290/132 1434/1291/132
f 1434/1291/132 1432/1289/132 1431/1288/132
f 1433/1290/132 1435/1292/132 1436/1293/132
f 1436/1293/132 1434/1291/132 1433/1290/132
f 1435/1292/132 1437/1294/132 1438/1295/132
f 1438/1295/132 1436/1293/132 1435/1292/132
f 1437/1294/132 1439/1296/132 1440/1297/132
f 1440/1297/132 1438/1295/132 1437/1294/132
f 1439/1296/132 1345/1204/132 1348/721/132
f 1348/721/132 1440/1297/132 1439/1296/132
f 1443/1298/133 1442/1299/134 1441/1300/151
f 1441/1300/151 1444/1301/4 1443/1298/133
f 1444/1301/4 1441/1300/151 1445/1302/113
f 1445/1302/113 1446/1303/6 1444/1301/4
f 1446/1303/6 1445/1302/113 1447/1304/7
f 1447/1304/7 1448/1305/8 1446/1303/6
f 1448/1305/8 1447/1304/7 1449/1306/9
f 1449/1306/9 1450/1307/10 1448/1305/8
f 1450/1307/10 1449/1306/9 1451/1308/11
f 1451/1308/11 1452/1309/115 1450/1307/10
f 1452/1309/115 1451/1308/11 1453/1310/13
f 1453/1310/13 1454/1311/14 1452/1309/115
f 1454/1311/14 1453/1310/13 1455/1312/15
f 1455/1312/15 1456/1313/16 1454/1311/14
f 1456/1313/16 1455/1312/15 1457/1314/117
f 1457/1314/117 1458/1315/18 1456/1313/16
f 1458/1315/18 1457/1314/117 1459/1316/19
f 1459/1316/19 1460/1317/20 1458/1315/18
f 1460/1317/20 1459/1316/19 1461/1318/21
f 1461/1318/21 1462/1319/136 1460/1317/20
f 1462/1319/136 1461/1318/21 1463/1320/23
f 1463/1320/23 1464/1321/24 1462/1319/136
f 1464/1321/24 1463/1320/23 1465/1322/25
f 1465/1322/25 1466/1323/26 1464/1321/24
f 1466/1323/26 1465/1322/25 1467/1324/27
f 1467/1324/27 1468/1325/28 1466/1323/26
f 1468/1325/28 1467/1324/27 1469/1326/124
f 1469/1326/124 1470/1327/138 1468/1325/28
f 1470/1327/138 1469/1326/124 1471/1328/31
f 1471/1328/31 1472/1329/162 1470/1327/138
f 1472/1329/162 1471/1328/31 1473/1330/33
f 1473/1330/33 1474/1331/34 1472/1329/162
f 1474/1331/34 1473/1330/33 1475/1332/35
f 1475/1332/35 1476/1333/36 1474/1331/34
f 1476/1333/36 1475/1332/35 1477/1334/37
f 1477/1334/37 1478/1335/38 1476/1333/36
f 1478/1335/38 1477/1334/37 1479/1336/128
f 1479/1336/128 1480/1337/40 1478/1335/38
f 1480/1337/40 1479/1336/128 1481/1338/129
f 1481/1338/129 1482/1339/42 1480/1337/40
f 1482/1339/42 1481/1338/129 1483/1340/43
f 1483/1340/43 1484/1328/44 1482/1339/42
f 1484/1328/44 1483/1340/43 1485/1341/45
f 1485/1341/45 1486/1342/46 1484/1328/44
f 1486/1342/46 1485/1341/45 1487/1343/47
f 1487/1343/47 1488/1324/48 1486/1342/46
f 1488/1324/48 1487/1343/47 1489/1344/49
f 1489/1344/49 1490/1322/50 1488/1324/48
f 1490/1322/50 1489/1344/49 1491/1345/51
f 1491/1345/51 1492/1320/52 1490/1322/50
f 1492/1320/52 1491/1345/51 1493/1346/53
f 1493/1346/53 1494/1347/99 1492/1320/52
f 1494/1347/99 1493/1346/53 1495/1348/55
f 1495/1348/55 1496/1316/141 1494/1347/99
f 1496/1316/141 1495/1348/55 1497/1349/57
f 1497/1349/57 1498/1350/142 1496/1316/141
f 1498/1350/142 1497/1349/57 1499/1351/59
f 1499/1351/59 1500/1352/60 1498/1350/142
f 1500/1352/60 1499/1351/59 1501/1353/144
f 1501/1353/144 1502/1354/100 1500/1352/60
f 1502/1354/100 1501/1353/144 1503/1355/101
f 1503/1355/101 1504/1356/64 1502/1354/100
f 1504/1356/64 1503/1355/101 1505/1357/155
f 1505/1357/155 1506/1306/66 1504/1356/64
f 1506/1306/66 1505/1357/155 1507/1358/67
f 1507/1358/67 1508/1304/68 1506/1306/66
f 1508/1304/68 1507/1358/67 1509/1359/69
f 1509/1359/69 1510/1360/70 1508/1304/68
f 1510/1360/70 1509/1359/69 1511/1361/71
f 1511/1361/71 1512/1362/148 1510/1360/70
f 1512/1362/148 1511/1361/71 1513/1363/73
f 1513/1363/73 1514/1364/74 1512/1362/148
f 1514/1364/74 1513/1363/73 1515/1365/75
f 1515/1365/75 1516/1366/76 1514/1364/74
f 1516/1366/76 1515/1365/75 1517/1367/77
f 1517/1367/77 1518/1368/170 1516/1366/76
f 1518/1368/170 1517/1367/77 1519/1369/79
f 1519/1369/79 1520/1370/80 1518/1368/170
f 1520/1370/80 1519/1369/79 1521/1371/81
f 1521/1371/81 1522/1372/166 1520/1370/80
f 1522/1372/166 1521/1371/81 1523/1373/83
f 1523/1373/83 1524/1374/84 1522/1372/166
f 1524/1374/84 1523/1373/83 1525/1375/85
f 1525/1375/85 1526/1375/86 1524/1374/84
f 1526/1375/86 1525/1375/85 1527/1376/87
f 1527/1376/87 1528/1373/88 1526/1375/86
f 1528/1373/88 1527/1376/87 1529/1377/89
f 1529/1377/89 1530/1371/90 1528/1373/88
f 1530/1371/90 1529/1377/89 1531/1378/91
f 1531/1378/91 1532/1369/92 1530/1371/90
f 1532/1369/92 1531/1378/91 1533/1379/93
f 1533/1379/93 1534/1367/94 1532/1369/92
f 1534/1367/94 1533/1379/93 1535/1380/112
f 1535/1380/112 1536/1365/96 1534/1367/94
f 1536/1365/96 1535/1380/112 1442/1299/134
f 1442/1299/134 1443/1298/133 1536/1365/96
f 1537/1381/97 1538/1382/139 1539/1383/140
f 1539/1383/140 1540/1384/98 1537/1381/97
f 1541/1385/53 1537/1381/97 1540/1384/98
f 1540/1384/98 1542/1386/99 1541/1385/53
f 1543/1387/55 1541/1385/53 1542/1386/99
f 1542/1386/99 1544/1388/141 1543/1387/55
f 1545/1389/57 1543/1387/55 1544/1388/141
f 1544/1388/141 1546/1390/142 1545/1389/57
f 1547/1391/59 1545/1389/57 1546/1390/142
f 1546/1390/142 1548/1392/60 1547/1391/59
f 1549/1393/61 1547/1391/59 1548/1392/60
f 1548/1392/60 1550/1394/62 1549/1393/61
f 1551/1395/101 1549/1393/61 1550/1394/62
f 1550/1394/62 1552/1396/64 1551/1395/101
f 1553/1397/165 1551/1395/101 1552/1396/64
f 1552/1396/64 1554/1398/66 1553/1397/165
f 1555/1399/145 1553/1397/165 1554/1398/66
f 1554/1398/66 1556/1400/68 1555/1399/145
f 1557/1401/102 1555/1399/145 1556/1400/68
f 1556/1400/68 1558/1402/70 1557/1401/102
f 1559/1403/103 1557/1401/102 1558/1402/70
f 1558/1402/70 1560/1404/148 1559/1403/103
f 1561/1405/104 1559/1403/103 1560/1404/148
f 1560/1404/148 1562/1406/105 1561/1405/104
f 1563/1407/106 1561/1405/104 1562/1406/105
f 1562/1406/105 1564/1408/149 1563/1407/106
f 1565/1409/77 1563/1407/106 1564/1408/149
f 1564/1408/149 1566/1410/78 1565/1409/77
f 1567/1411/79 1565/1409/77 1566/1410/78
f 1566/1410/78 1568/1412/107 1567/1411/79
f 1569/1413/81 1567/1411/79 1568/1412/107
f 1568/1412/107 1570/1414/82 1569/1413/81
f 1571/1415/83 1569/1413/81 1570/1414/82
f 1570/1414/82 1572/1416/84 1571/1415/83
f 1573/1417/85 1571/1415/83 1572/1416/84
f 1572/1416/84 1574/1418/86 1573/1417/85
f 1575/1419/87 1573/1417/85 1574/1418/86
f 1574/1418/86 1576/1415/88 1575/1419/87
f 1577/1420/110 1575/1419/87 1576/1415/88
f 1576/1415/88 1578/1421/90 1577/1420/110
f 1579/1422/91 1577/1420/110 1578/1421/90
f 1578/1421/90 1580/1423/92 1579/1422/91
f 1581/1424/93 1579/1422/91 1580/1423/92
f 1580/1423/92 1582/1409/94 1581/1424/93
f 1583/1425/112 1581/1424/93 1582/1409/94
f 1582/1409/94 1584/1407/96 1583/1425/112
f 1585/1426/134 1583/1425/112 1584/1407/96
f 1584/1407/96 1586/1427/133 1585/1426/134
f 1587/1428/3 1585/1426/134 1586/1427/133
f 1586/1427/133 1588/1429/4 1587/1428/3
f 1589/1402/113 1587/1428/3 1588/1429/4
f 1588/1429/4 1590/1430/6 1589/1402/113
f 1591/1400/7 1589/1402/113 1590/1430/6
f 1590/1430/6 1592/1431/8 1591/1400/7
f 1593/1398/9 1591/1400/7 1592/1431/8
f 1592/1431/8 1594/1432/10 1593/1398/9
f 1595/1396/11 1593/1398/9 1594/1432/10
f 1594/1432/10 1596/1433/115 1595/1396/11
f 1597/1394/13 1595/1396/11 1596/1433/115
f 1596/1433/115 1598/1434/14 1597/1394/13
f 1599/1392/15 1597/1394/13 1598/1434/14
f 1598/1434/14 1600/1435/16 1599/1392/15
f 1601/1390/17 1599/1392/15 1600/1435/16
f 1600/1435/16 1602/1436/18 1601/1390/17
f 1603/1388/19 1601/1390/17 1602/1436/18
f 1602/1436/18 1604/1437/20 1603/1388/19
f 1605/1386/118 1603/1388/19 1604/1437/20
f 1604/1437/20 1606/1438/22 1605/1386/118
f 1607/1384/119 1605/1386/118 1606/1438/22
f 1606/1438/22 1608/1439/120 1607/1384/119
f 1609/1383/121 1607/1384/119 1608/1439/120
f 1608/1439/120 1610/1440/122 1609/1383/121
f 1611/1441/123 1609/1383/121 1610/1440/122
f 1610/1440/122 1612/1442/137 1611/1441/123
f 1613/1443/124 1611/1441/123 1612/1442/137
f 1612/1442/137 1614/1444/30 1613/1443/124
f 1615/1445/31 1613/1443/124 1614/1444/30
f 1614/1444/30 1616/1446/32 1615/1445/31
f 1617/1447/33 1615/1445/31 1616/1446/32
f 1616/1446/32 1618/1448/154 1617/1447/33
f 1619/1449/35 1617/1447/33 1618/1448/154
f 1618/1448/154 1620/1450/36 1619/1449/35
f 1621/1451/37 1619/1449/35 1620/1450/36
f 1620/1450/36 1622/1451/38 1621/1451/37
f 1623/1452/128 1621/1451/37 1622/1451/38
f 1622/1451/38 1624/1449/40 1623/1452/128
f 1625/1453/41 1623/1452/128 1624/1449/40
f 1624/1449/40 1626/1447/42 1625/1453/41
f 1627/1454/43 1625/1453/41 1626/1447/42
f 1626/1447/42 1628/1445/44 1627/1454/43
f 1629/1455/45 1627/1454/43 1628/1445/44
f 1628/1445/44 1630/1443/46 1629/1455/45
f 1631/1456/130 1629/1455/45 1630/1443/46
f 1630/1443/46 1632/1441/48 1631/1456/130
f 1538/1382/139 1631/1456/130 1632/1441/48
f 1632/1441/48 1539/1383/140 1538/1382/139
f 1633/1457/132 1634/1458/132 1635/1459/132
f 1635/1459/132 1636/958/132 1633/1457/132
f 1634/1458/132 1637/1460/132 1638/1461/132
f 1638/1461/132 1635/1459/132 1634/1458/132
f 1637/1460/132 1639/1462/132 1640/1463/132
f 1640/1463/132 1638/1461/132 1637/1460/132
f 1639/1462/132 1641/1464/132 1642/1465/132
f 1642/1465/132 1640/1463/132 1639/1462/132
f 1641/1464/132 1643/1466/132 1644/1467/132
f 1644/1467/132 1642/1465/132 1641/1464/132
f 1643/1466/132 1645/1468/132 1646/1469/132
f 1646/1469/132 1644/1467/132 1643/1466/132
f 1645/1468/132 1647/1470/132 1648/1471/132
f 1648/1471/132 1646/1469/132 1645/1468/132
f 1647/1470/132 1649/1472/132 1650/1473/132
f 1650/1473/132 1648/1471/132 1647/1470/132
f 1649/1472/132 1651/1474/132 1652/1475/132
f 1652/1475/132 1650/1473/132 1649/1472/132
f 1651/1474/132 1653/1476/132 1654/1477/132
f 1654/1477/132 1652/1475/132 1651/1474/132
f 1653/1476/132 1655/1478/132 1656/1479/132
f 1656/1479/132 1654/1477/132 1653/1476/132
f 1655/1478/132 1657/1480/132 1658/1481/132
f 1658/1481/132 1656/1479/132 1655/1478/132
f 1657/1480/132 1659/1482/132 1660/1483/132
f 1660/1483/132 1658/1481/132 1657/1480/132
f 1659/1482/132 1661/1484/132 1662/1485/132
f 1662/1485/132 1660/1483/132 1659/1482/132
f 1661/1484/132 1663/1486/132 1664/1487/132
f 1664/1487/132 1662/1485/132 1661/1484/132
f 1663/1486/132 1665/1488/132 1666/1489/132
f 1666/1489/132 1664/1487/132 1663/1486/132
f 1665/1488/132 1667/1490/132 1668/1491/132
f 1668/1491/132 1666/1489/132 1665/1488/132
f 1667/1490/132 1669/1492/132 1670/1493/132
f 1670/1493/132 1668/1491/132 1667/1490/132
f 1669/1492/132 1671/1494/132 1672/1495/132
f 1672/1495/132 1670/1493/132 1669/1492/132
f 1671/1494/132 1673/1496/132 1674/1497/132
f 1674/1497/132 1672/1495/132 1671/1494/132
f 1673/1496/132 1675/1498/132 1676/1499/132
f 1676/1499/132 1674/1497/132 1673/1496/132
f 1675/1498/132 1677/1500/132 1678/1501/132
f 1678/1501/132 1676/1499/132 1675/1498/132
f 1677/1500/132 1679/1502/132 1680/1503/132
f 1680/1503/132 1678/1501/132 1677/1500/132
f 1679/1502/132 1681/1504/132 1682/1505/132
f 1682/1505/132 1680/1503/132 1679/1502/132
f 1681/1504/132 1683/1506/132 1684/1507/132
f 1684/1507/132 1682/1505/132 1681/1504/132
f 1683/1506/132 1685/1508/132 1686/1509/132
f 1686/1509/132 1684/1507/132 1683/1506/132
f 1685/1508/132 1687/1510/132 1688/1511/132
f 1688/1511/132 1686/1509/132 1685/1508/132
f 1687/1510/132 1689/1512/132 1690/1513/132
f 1690/1513/132 1688/1511/132 1687/1510/132
f 1689/1512/132 1691/1514/132 1692/1515/132
f 1692/1515/132 1690/1513/132 1689/1512/132
f 1691/1514/132 1693/1516/132 1694/1517/132
f 1694/1517/132 1692/1515/132 1691/1514/132
f 1693/1516/132 1695/1518/132 1696/1519/132
f 1696/1519/132 1694/1517/132 1693/1516/132
f 1695/1518/132 1697/1520/132 1698/1521/132
f 1698/1521/132 1696/1519/132 1695/1518/132
f 1697/1520/132 1699/1522/132 1700/1523/132
f 1700/1523/132 1698/1521/132 1697/1520/132
f 1699/1522/132 1701/1524/132 1702/1525/132
f 1702/1525/132 1700/1523/132 1699/1522/132
f 1701/1524/132 1703/1526/132 1704/1527/132
f 1704/1527/132 1702/1525/132 1701/1524/132
f 1703/1526/132 1705/1528/132 1706/1529/132
f 1706/1529/132 1704/1527/132 1703/1526/132
f 1705/1528/132 1707/1530/132 1708/1531/132
f 1708/1531/132 1706/1529/132 1705/1528/132
f 1707/1530/132 1709/1532/132 1710/1533/132
f 1710/1533/132 1708/1531/132 1707/1530/132
f 1709/1532/132 1711/1534/132 1712/1535/132
f 1712/1535/132 1710/1533/132 1709/1532/132
f 1711/1534/132 1713/1536/132 1714/1537/132
f 1714/1537/132 1712/1535/132 1711/1534/132
f 1713/1536/132 1715/1538/132 1716/1539/132
f 1716/1539/132 1714/1537/132 1713/1536/132
f 1715/1538/132 1717/1540/132 1718/1541/132
f 1718/1541/132 1716/1539/132 1715/1538/132
f 1717/1540/132 1719/1542/132 1720/1543/132
f 1720/1543/132 1718/1541/132 1717/1540/132
f 1719/1542/132 1721/1544/132 1722/1545/132
f 1722/1545/132 1720/1543/132 1719/1542/132
f 1721/1544/132 1723/1546/132 1724/1547/132
f 1724/1547/132 1722/1545/132 1721/1544/132
f 1723/1546/132 1725/1548/132 1726/1549/132
f 1726/1549/132 1724/1547/132 1723/1546/132
f 1725/1548/132 1727/1550/132 1728/1551/132
f 1728/1551/132 1726/1549/132 1725/1548/132
f 1727/1550/132 1633/1457/132 1636/958/132
f 1636/958/132 1728/1551/132 1727/1550/132
f 1731/1552/1 1730/1553/2 1729/1554/151
f 1729/1554/151 1732/1555/158 1731/1552/1
f 1732/1555/158 1729/1554/151 1733/1556/113
f 1733/1556/113 1734/1557/6 1732/1555/158
f 1734/1557/6 1733/1556/113 1735/1558/7
f 1735/1558/7 1736/1559/8 1734/1557/6
f 1736/1559/8 1735/1558/7 1737/1560/9
f 1737/1560/9 1738/1561/114 1736/1559/8
f 1738/1561/114 1737/1560/9 1739/1562/11
f 1739/1562/11 1740/1563/115 1738/1561/114
f 1740/1563/115 1739/1562/11 1741/1564/13
f 1741/1564/13 1742/1565/116 1740/1563/115
f 1742/1565/116 1741/1564/13 1743/1566/15
f 1743/1566/15 1744/1567/16 1742/1565/116
f 1744/1567/16 1743/1566/15 1745/1568/171
f 1745/1568/171 1746/1569/18 1744/1567/16
f 1746/1569/18 1745/1568/171 1747/1570/153
f 1747/1570/153 1748/1571/20 1746/1569/18
f 1748/1571/20 1747/1570/153 1749/1572/118
f 1749/1572/118 1750/1573/22 1748/1571/20
f 1750/1573/22 1749/1572/118 1751/1574/23
f 1751/1574/23 1752/1575/24 1750/1573/22
f 1752/1575/24 1751/1574/23 1753/1576/25
f 1753/1576/25 1754/1577/26 1752/1575/24
f 1754/1577/26 1753/1576/25 1755/1578/27
f 1755/1578/27 1756/1579/28 1754/1577/26
f 1756/1579/28 1755/1578/27 1757/1580/124
f 1757/1580/124 1758/1581/138 1756/1579/28
f 1758/1581/138 1757/1580/124 1759/1582/31
f 1759/1582/31 1760/1583/32 1758/1581/138
f 1760/1583/32 1759/1582/31 1761/1584/33
f 1761/1584/33 1762/1585/125 1760/1583/32
f 1762/1585/125 1761/1584/33 1763/1586/35
f 1763/1586/35 1764/1587/36 1762/1585/125
f 1764/1587/36 1763/1586/35 1765/1588/37
f 1765/1588/37 1766/1589/38 1764/1587/36
f 1766/1589/38 1765/1588/37 1767/1590/128
f 1767/1590/128 1768/1591/40 1766/1589/38
f 1768/1591/40 1767/1590/128 1769/1592/129
f 1769/1592/129 1770/1593/42 1768/1591/40
f 1770/1593/42 1769/1592/129 1771/1594/160
f 1771/1594/160 1772/1595/44 1770/1593/42
f 1772/1595/44 1771/1594/160 1773/1596/163
f 1773/1596/163 1774/1597/172 1772/1595/44
f 1774/1597/172 1773/1596/163 1775/1598/47
f 1775/1598/47 1776/1599/131 1774/1597/172
f 1776/1599/131 1775/1598/47 1777/1600/49
f 1777/1600/49 1778/1601/50 1776/1599/131
f 1778/1601/50 1777/1600/49 1779/1602/97
f 1779/1602/97 1780/1603/52 1778/1601/50
f 1780/1603/52 1779/1602/97 1781/1604/164
f 1781/1604/164 1782/1605/99 1780/1603/52
f 1782/1605/99 1781/1604/164 1783/1606/55
f 1783/1606/55 1784/1607/141 1782/1605/99
f 1784/1607/141 1783/1606/55 1785/1608/57
f 1785/1608/57 1786/1609/142 1784/1607/141
f 1786/1609/142 1785/1608/57 1787/1610/59
f 1787/1610/59 1788/1611/60 1786/1609/142
f 1788/1611/60 1787/1610/59 1789/1612/61
f 1789/1612/61 1790/1613/100 1788/1611/60
f 1790/1613/100 1789/1612/61 1791/1614/101
f 1791/1614/101 1792/1615/64 1790/1613/100
f 1792/1615/64 1791/1614/101 1793/1616/155
f 1793/1616/155 1794/1617/66 1792/1615/64
f 1794/1617/66 1793/1616/155 1795/1618/67
f 1795/1618/67 1796/1619/68 1794/1617/66
f 1796/1619/68 1795/1618/67 1797/1620/102
f 1797/1620/102 1798/1621/70 1796/1619/68
f 1798/1621/70 1797/1620/102 1799/1622/71
f 1799/1622/71 1800/1623/72 1798/1621/70
f 1800/1623/72 1799/1622/71 1801/1624/73
f 1801/1624/73 1802/1625/74 1800/1623/72
f 1802/1625/74 1801/1624/73 1803/1626/75
f 1803/1626/75 1804/1627/76 1802/1625/74
f 1804/1627/76 1803/1626/75 1805/1628/77
f 1805/1628/77 1806/1629/170 1804/1627/76
f 1806/1629/170 1805/1628/77 1807/1630/79
f 1807/1630/79 1808/1631/107 1806/1629/170
f 1808/1631/107 1807/1630/79 1809/1632/81
f 1809/1632/81 1810/1633/82 1808/1631/107
f 1810/1633/82 1809/1632/81 1811/1634/83
f 1811/1634/83 1812/1635/84 1810/1633/82
f 1812/1635/84 1811/1634/83 1813/1636/85
f 1813/1636/85 1814/1637/86 1812/1635/84
f 1814/1637/86 1813/1636/85 1815/1638/87
f 1815/1638/87 1816/1639/88 1814/1637/86
f 1816/1639/88 1815/1638/87 1817/1640/110
f 1817/1640/110 1818/1641/90 1816/1639/88
f 1818/1641/90 1817/1640/110 1819/1642/91
f 1819/1642/91 1820/1643/92 1818/1641/90
f 1820/1643/92 1819/1642/91 1821/1644/93
f 1821/1644/93 1822/1645/94 1820/1643/92
f 1822/1645/94 1821/1644/93 1823/1646/95
f 1823/1646/95 1824/1647/96 1822/1645/94
f 1824/1647/96 1823/1646/95 1730/1553/2
f 1730/1553/2 1731/1552/1 1824/1647/96
f 1825/1648/97 1826/1649/139 1827/1650/140
f 1827/1650/140 1828/1651/98 1825/1648/97
f 1829/1652/53 1825/1648/97 1828/1651/98
f 1828/1651/98 1830/1653/99 1829/1652/53
f 1831/1654/55 1829/1652/53 1830/1653/99
f 1830/1653/99 1832/1655/141 1831/1654/55
f 1833/1656/57 1831/1654/55 1832/1655/141
f 1832/1655/141 1834/1657/58 1833/1656/57
f 1835/1658/59 1833/1656/57 1834/1657/58
f 1834/1657/58 1836/1659/60 1835/1658/59
f 1837/1660/61 1835/1658/59 1836/1659/60
f 1836/1659/60 1838/1661/62 1837/1660/61
f 1839/1662/101 1837/1660/61 1838/1661/62
f 1838/1661/62 1840/1663/64 1839/1662/101
f 1841/1664/165 1839/1662/101 1840/1663/64
f 1840/1663/64 1842/1665/66 1841/1664/165
f 1843/1666/145 1841/1664/165 1842/1665/66
f 1842/1665/66 1844/1667/68 1843/1666/145
f 1845/1668/102 1843/1666/145 1844/1667/68
f 1844/1667/68 1846/1669/70 1845/1668/102
f 1847/1670/103 1845/1668/102 1846/1669/70
f 1846/1669/70 1848/1671/148 1847/1670/103
f 1849/1672/104 1847/1670/103 1848/1671/148
f 1848/1671/148 1850/1673/105 1849/1672/104
f 1851/1674/106 1849/1672/104 1850/1673/105
f 1850/1673/105 1852/1675/149 1851/1674/106
f 1853/1676/77 1851/1674/106 1852/1675/149
f 1852/1675/149 1854/1677/78 1853/1676/77
f 1855/1678/79 1853/1676/77 1854/1677/78
f 1854/1677/78 1856/1679/107 1855/1678/79
f 1857/1680/81 1855/1678/79 1856/1679/107
f 1856/1679/107 1858/1681/150 1857/1680/81
f 1859/1682/83 1857/1680/81 1858/1681/150
f 1858/1681/150 1860/1683/84 1859/1682/83
f 1861/1684/85 1859/1682/83 1860/1683/84
f 1860/1683/84 1862/1685/86 1861/1684/85
f 1863/1686/87 1861/1684/85 1862/1685/86
f 1862/1685/86 1864/1687/88 1863/1686/87
f 1865/1688/110 1863/1686/87 1864/1687/88
f 1864/1687/88 1866/1689/90 1865/1688/110
f 1867/1690/91 1865/1688/110 1866/1689/90
f 1866/1689/90 1868/1691/92 1867/1690/91
f 1869/1692/93 1867/1690/91 1868/1691/92
f 1868/1691/92 1870/1693/94 1869/1692/93
f 1871/1694/112 1869/1692/93 1870/1693/94
f 1870/1693/94 1872/1695/96 1871/1694/112
f 1873/1696/134 1871/1694/112 1872/1695/96
f 1872/1695/96 1874/1697/133 1873/1696/134
f 1875/1698/3 1873/1696/134 1874/1697/133
f 1874/1697/133 1876/1699/158 1875/1698/3
f 1877/1700/113 1875/1698/3 1876/1699/158
f 1876/1699/158 1878/1701/6 1877/1700/113
f 1879/1702/7 1877/1700/113 1878/1701/6
f 1878/1701/6 1880/1703/8 1879/1702/7
f 1881/1704/9 1879/1702/7 1880/1703/8
f 1880/1703/8 1882/1705/10 1881/1704/9
f 1883/1706/11 1881/1704/9 1882/1705/10
f 1882/1705/10 1884/1707/115 1883/1706/11
f 1885/1708/13 1883/1706/11 1884/1707/115
f 1884/1707/115 1886/1709/116 1885/1708/13
f 1887/1710/15 1885/1708/13 1886/1709/116
f 1886/1709/116 1888/1711/16 1887/1710/15
f 1889/1712/117 1887/1710/15 1888/1711/16
f 1888/1711/16 1890/1713/18 1889/1712/117
f 1891/1714/19 1889/1712/117 1890/1713/18
f 1890/1713/18 1892/1715/20 1891/1714/19
f 1893/1716/118 1891/1714/19 1892/1715/20
f 1892/1715/20 1894/1717/22 1893/1716/118
f 1895/1718/23 1893/1716/118 1894/1717/22
f 1894/1717/22 1896/1719/120 1895/1718/23
f 1897/1720/121 1895/1718/23 1896/1719/120
f 1896/1719/120 1898/1721/122 1897/1720/121
f 1899/1722/123 1897/1720/121 1898/1721/122
f 1898/1721/122 1900/1723/137 1899/1722/123
f 1901/1724/124 1899/1722/123 1900/1723/137
f 1900/1723/137 1902/1725/30 1901/1724/124
f 1903/1726/31 1901/1724/124 1902/1725/30
f 1902/1725/30 1904/1727/32 1903/1726/31
f 1905/1728/33 1903/1726/31 1904/1727/32
f 1904/1727/32 1906/1729/125 1905/1728/33
f 1907/1730/35 1905/1728/33 1906/1729/125
f 1906/1729/125 1908/1731/36 1907/1730/35
f 1909/1732/37 1907/1730/35 1908/1731/36
f 1908/1731/36 1910/1733/127 1909/1732/37
f 1911/1734/128 1909/1732/37 1910/1733/127
f 1910/1733/127 1912/1735/40 1911/1734/128
f 1913/1736/41 1911/1734/128 1912/1735/40
f 1912/1735/40 1914/1737/42 1913/1736/41
f 1915/1738/160 1913/1736/41 1914/1737/42
f 1914/1737/42 1916/1739/44 1915/1738/160
f 1917/1740/45 1915/1738/160 1916/1739/44
f 1916/1739/44 1918/1741/46 1917/1740/45
f 1919/1742/130 1917/1740/45 1918/1741/46
f 1918/1741/46 1920/1743/48 1919/1742/130
f 1826/1649/139 1919/1742/130 1920/1743/48
f 1920/1743/48 1827/1650/140 1826/1649/139
f 1921/1744/132 1922/1745/132 1923/1746/132
f 1923/1746/132 1924/1191/132 1921/1744/132
f 1922/1745/132 1925/1747/132 1926/1748/132
f 1926/1748/132 1923/1746/132 1922/1745/132
f 1925/1747/132 1927/1749/132 1928/1750/132
f 1928/1750/132 1926/1748/132 1925/1747/132
f 1927/1749/132 1929/1751/132 1930/1752/132
f 1930/1752/132 1928/1750/132 1927/1749/132
f 1929/1751/132 1931/1753/132 1932/1754/132
f 1932/1754/132 1930/1752/132 1929/1751/132
f 1931/1753/132 1933/1755/132 1934/1756/132
f 1934/1756/132 1932/1754/132 1931/1753/132
f 1933/1755/132 1935/1757/132 1936/1758/132
f 1936/1758/132 1934/1756/132 1933/1755/132
f 1935/1757/132 1937/1759/132 1938/1760/132
f 1938/1760/132 1936/1758/132 1935/1757/132
f 1937/1759/132 1939/1761/132 1940/1762/132
f 1940/1762/132 1938/1760/132 1937/1759/132
f 1939/1761/132 1941/1763/132 1942/1764/132
f 1942/1764/132 1940/1762/132 1939/1761/132
f 1941/1763/132 1943/1765/132 1944/1766/132
f 1944/1766/132 1942/1764/132 1941/1763/132
f 1943/1765/132 1945/1767/132 1946/1768/132
f 1946/1768/132 1944/1766/132 1943/1765/132
f 1945/1767/132 1947/1769/132 1948/1770/132
f 1948/1770/132 1946/1768/132 1945/1767/132
f 1947/1769/132 1949/1771/132 1950/1772/132
f 1950/1772/132 1948/1770/132 1947/1769/132
f 1949/1771/132 1951/1773/132 1952/1774/132
f 1952/1774/132 1950/1772/132 1949/1771/132
f 1951/1773/132 1953/1775/132 1954/1776/132
f 1954/1776/132 1952/1774/132 1951/1773/132
f 1953/1775/132 1955/1777/132 1956/1778/132
f 1956/1778/132 1954/1776/132 1953/1775/132
f 1955/1777/132 1957/1779/132 1958/1780/132
f 1958/1780/132 1956/1778/132 1955/1777/132
f 1957/1779/132 1959/1781/132 1960/1782/132
f 1960/1782/132 1958/1780/132 1957/1779/132
f 1959/1781/132 1961/1783/132 1962/1784/132
f 1962/1784/132 1960/1782/132 1959/1781/132
f 1961/1783/132 1963/1785/132 1964/1786/132
f 1964/1786/132 1962/1784/132 1961/1783/132
f 1963/1785/132 1965/1787/132 1966/1788/132
f 1966/1788/132 1964/1786/132 1963/1785/132
f 1965/1787/132 1967/1789/132 1968/1790/132
f 1968/1790/132 1966/1788/132 1965/1787/132
f 1967/1789/132 1969/1791/132 1970/1792/132
f 1970/1792/132 1968/1790/132 1967/1789/132
f 1969/1791/132 1971/1793/132 1972/1794/132
f 1972/1794/132 1970/1792/132 1969/1791/132
f 1971/1793/132 1973/1795/132 1974/1796/132
f 1974/1796/132 1972/1794/132 1971/1793/132
f 1973/1795/132 1975/1797/132 1976/1798/132
f 1976/1798/132 1974/1796/132 1973/1795/132
f 1975/1797/132 1977/1799/132 1978/1432/132
f 1978/1432/132 1976/1798/132 1975/1797/132
f 1977/1799/132 1979/1800/132 1980/1801/132
f 1980/1801/132 1978/1432/132 1977/1799/132
f 1979/1800/132 1981/1802/132 1982/1803/132
f 1982/1803/132 1980/1801/132 1979/1800/132
f 1981/1802/132 1983/1804/132 1984/1805/132
f 1984/1805/132 1982/1803/132 1981/1802/132
f 1983/1804/132 1985/1806/132 1986/1807/132
f 1986/1807/132 1984/1805/132 1983/1804/132
f 1985/1806/132 1987/1808/132 1988/1809/132
f 1988/1809/132 1986/1807/132 1985/1806/132
f 1987/1808/132 1989/1810/132 1990/1811/132
f 1990/1811/132 1988/1809/132 1987/1808/132
f 1989/1810/132 1991/1812/132 1992/1813/132
f 1992/1813/132 1990/1811/132 1989/1810/132
f 1991/1812/132 1993/1814/132 1994/1815/132
f 1994/1815/132 1992/1813/132 1991/1812/132
f 1993/1814/132 1995/1816/132 1996/1817/132
f 1996/1817/132 1994/1815/132 1993/1814/132
f 1995/1816/132 1997/1818/132 1998/1819/132
f 1998/1819/132 1996/1817/132 1995/1816/132
f 1997/1818/132 1999/1820/132 2000/1821/132
f 2000/1821/132 1998/1819/132 1997/1818/132
f 1999/1820/132 2001/1822/132 2002/1823/132
f 2002/1823/132 2000/1821/132 1999/1820/132
f 2001/1822/132 2003/1824/132 2004/1825/132
f 2004/1825/132 2002/1823/132 2001/1822/132
f 2003/1824/132 2005/1826/132 2006/1827/132
f 2006/1827/132 2004/1825/132 2003/1824/132
f 2005/1826/132 2007/1828/132 2008/1829/132
f 2008/1829/132 2006/1827/132 2005/1826/132
f 2007/1828/132 2009/1830/132 2010/1831/132
f 2010/1831/132 2008/1829/132 2007/1828/132
f 2009/1830/132 2011/1832/132 2012/1833/132
f 2012/1833/132 2010/1831/132 2009/1830/132
f 2011/1832/132 2013/1834/132 2014/1835/132
f 2014/1835/132 2012/1833/132 2011/1832/132
f 2013/1834/132 2015/1836/132 2016/1837/132
f 2016/1837/132 2014/1835/132 2013/1834/132
f 2015/1836/132 1921/1744/132 1924/1191/132
f 1924/1191/132 2016/1837/132 2015/1836/132
f 2019/1838/1 2018/1839/2 2017/1840/151
f 2017/1840/151 2020/1841/158 2019/1838/1
f 2020/1841/158 2017/1840/151 2021/1842/113
f 2021/1842/113 2022/1843/6 2020/1841/158
f 2022/1843/6 2021/1842/113 2023/1844/7
f 2023/1844/7 2024/1845/152 2022/1843/6
f 2024/1845/152 2023/1844/7 2025/1846/9
f 2025/1846/9 2026/1847/114 2024/1845/152
f 2026/1847/114 2025/1846/9 2027/1848/11
f 2027/1848/11 2028/1849/115 2026/1847/114
f 2028/1849/115 2027/1848/11 2029/1850/13
f 2029/1850/13 2030/1851/116 2028/1849/115
f 2030/1851/116 2029/1850/13 2031/1852/15
f 2031/1852/15 2032/1853/16 2030/1851/116
f 2032/1853/16 2031/1852/15 2033/1854/171
f 2033/1854/171 2034/1855/18 2032/1853/16
f 2034/1855/18 2033/1854/171 2035/1856/153
f 2035/1856/153 2036/1857/20 2034/1855/18
f 2036/1857/20 2035/1856/153 2037/1858/21
f 2037/1858/21 2038/1859/22 2036/1857/20
f 2038/1859/22 2037/1858/21 2039/1860/23
f 2039/1860/23 2040/1861/24 2038/1859/22
f 2040/1861/24 2039/1860/23 2041/1862/25
f 2041/1862/25 2042/1863/26 2040/1861/24
f 2042/1863/26 2041/1862/25 2043/1864/27
f 2043/1864/27 2044/1865/28 2042/1863/26
f 2044/1865/28 2043/1864/27 2045/1866/29
f 2045/1866/29 2046/1867/138 2044/1865/28
f 2046/1867/138 2045/1866/29 2047/1868/31
f 2047/1868/31 2048/1869/32 2046/1867/138
f 2048/1869/32 2047/1868/31 2049/1870/33
f 2049/1870/33 2050/1871/125 2048/1869/32
f 2050/1871/125 2049/1870/33 2051/1872/35
f 2051/1872/35 2052/1873/36 2050/1871/125
f 2052/1873/36 2051/1872/35 2053/1874/37
f 2053/1874/37 2054/1875/38 2052/1873/36
f 2054/1875/38 2053/1874/37 2055/1876/128
f 2055/1876/128 2056/1877/40 2054/1875/38
f 2056/1877/40 2055/1876/128 2057/1878/173
f 2057/1878/173 2058/1879/42 2056/1877/40
f 2058/1879/42 2057/1878/173 2059/1880/43
f 2059/1880/43 2060/1881/44 2058/1879/42
f 2060/1881/44 2059/1880/43 2061/1882/163
f 2061/1882/163 2062/1883/172 2060/1881/44
f 2062/1883/172 2061/1882/163 2063/1884/47
f 2063/1884/47 2064/1885/131 2062/1883/172
f 2064/1885/131 2063/1884/47 2065/1886/49
f 2065/1886/49 2066/1887/50 2064/1885/131
f 2066/1887/50 2065/1886/49 2067/1888/97
f 2067/1888/97 2068/1889/52 2066/1887/50
f 2068/1889/52 2067/1888/97 2069/1890/164
f 2069/1890/164 2070/1891/54 2068/1889/52
f 2070/1891/54 2069/1890/164 2071/1892/55
f 2071/1892/55 2072/1893/141 2070/1891/54
f 2072/1893/141 2071/1892/55 2073/1894/57
f 2073/1894/57 2074/1895/142 2072/1893/141
f 2074/1895/142 2073/1894/57 2075/1896/59
f 2075/1896/59 2076/1897/60 2074/1895/142
f 2076/1897/60 2075/1896/59 2077/1898/61
f 2077/1898/61 2078/1899/62 2076/1897/60
f 2078/1899/62 2077/1898/61 2079/1900/101
f 2079/1900/101 2080/1901/64 2078/1899/62
f 2080/1901/64 2079/1900/101 2081/1902/155
f 2081/1902/155 2082/1903/66 2080/1901/64
f 2082/1903/66 2081/1902/155 2083/1904/67
f 2083/1904/67 2084/1905/68 2082/1903/66
f 2084/1905/68 2083/1904/67 2085/1906/102
f 2085/1906/102 2086/1907/70 2084/1905/68
f 2086/1907/70 2085/1906/102 2087/1908/71
f 2087/1908/71 2088/1909/72 2086/1907/70
f 2088/1909/72 2087/1908/71 2089/1910/73
f 2089/1910/73 2090/1911/74 2088/1909/72
f 2090/1911/74 2089/1910/73 2091/1912/75
f 2091/1912/75 2092/1913/76 2090/1911/74
f 2092/1913/76 2091/1912/75 2093/1914/77
f 2093/1914/77 2094/1915/170 2092/1913/76
f 2094/1915/170 2093/1914/77 2095/1916/79
f 2095/1916/79 2096/1917/107 2094/1915/170
f 2096/1917/107 2095/1916/79 2097/1918/81
f 2097/1918/81 2098/1919/150 2096/1917/107
f 2098/1919/150 2097/1918/81 2099/1920/83
f 2099/1920/83 2100/1921/174 2098/1919/150
f 2100/1921/174 2099/1920/83 2101/1922/108
f 2101/1922/108 2102/1923/109 2100/1921/174
f 2102/1923/109 2101/1922/108 2103/1924/87
f 2103/1924/87 2104/1925/88 2102/1923/109
f 2104/1925/88 2103/1924/87 2105/1926/147
f 2105/1926/147 2106/1927/90 2104/1925/88
f 2106/1927/90 2105/1926/147 2107/1928/157
f 2107/1928/157 2108/1929/92 2106/1927/90
f 2108/1929/92 2107/1928/157 2109/1930/93
f 2109/1930/93 2110/1931/94 2108/1929/92
f 2110/1931/94 2109/1930/93 2111/1932/95
f 2111/1932/95 2112/1933/96 2110/1931/94
f 2112/1933/96 2111/1932/95 2018/1839/2
f 2018/1839/2 2019/1838/1 2112/1933/96
f 2113/1934/97 2114/1935/139 2115/1936/140
f 2115/1936/140 2116/1937/98 2113/1934/97
f 2117/1938/53 2113/1934/97 2116/1937/98
f 2116/1937/98 2118/1939/99 2117/1938/53
f 2119/1940/55 2117/1938/53 2118/1939/99
f 2118/1939/99 2120/1941/141 2119/1940/55
f 2121/1942/57 2119/1940/55 2120/1941/141
f 2120/1941/141 2122/1943/58 2121/1942/57
f 2123/1944/59 2121/1942/57 2122/1943/58
f 2122/1943/58 2124/1945/60 2123/1944/59
f 2125/1946/61 2123/1944/59 2124/1945/60
f 2124/1945/60 2126/1947/62 2125/1946/61
f 2127/1948/101 2125/1946/61 2126/1947/62
f 2126/1947/62 2128/1949/64 2127/1948/101
f 2129/1950/165 2127/1948/101 2128/1949/64
f 2128/1949/64 2130/1951/66 2129/1950/165
f 2131/1952/145 2129/1950/165 2130/1951/66
f 2130/1951/66 2132/1953/68 2131/1952/145
f 2133/1954/102 2131/1952/145 2132/1953/68
f 2132/1953/68 2134/1955/70 2133/1954/102
f 2135/1956/71 2133/1954/102 2134/1955/70
f 2134/1955/70 2136/1957/148 2135/1956/71
f 2137/1958/104 2135/1956/71 2136/1957/148
f 2136/1957/148 2138/1959/105 2137/1958/104
f 2139/1960/106 2137/1958/104 2138/1959/105
f 2138/1959/105 2140/1961/149 2139/1960/106
f 2141/1962/77 2139/1960/106 2140/1961/149
f 2140/1961/149 2142/1963/78 2141/1962/77
f 2143/1964/79 2141/1962/77 2142/1963/78
f 2142/1963/78 2144/1965/107 2143/1964/79
f 2145/1966/81 2143/1964/79 2144/1965/107
f 2144/1965/107 2146/1967/150 2145/1966/81
f 2147/1968/83 2145/1966/81 2146/1967/150
f 2146/1967/150 2148/1969/84 2147/1968/83
f 2149/1970/85 2147/1968/83 2148/1969/84
f 2148/1969/84 2150/1971/86 2149/1970/85
f 2151/1972/87 2149/1970/85 2150/1971/86
f 2150/1971/86 2152/1973/88 2151/1972/87
f 2153/1974/110 2151/1972/87 2152/1973/88
f 2152/1973/88 2154/1975/90 2153/1974/110
f 2155/1976/91 2153/1974/110 2154/1975/90
f 2154/1975/90 2156/1977/92 2155/1976/91
f 2157/1978/93 2155/1976/91 2156/1977/92
f 2156/1977/92 2158/1979/94 2157/1978/93
f 2159/1980/112 2157/1978/93 2158/1979/94
f 2158/1979/94 2160/1981/96 2159/1980/112
f 2161/1982/134 2159/1980/112 2160/1981/96
f 2160/1981/96 2162/1983/133 2161/1982/134
f 2163/1984/3 2161/1982/134 2162/1983/133
f 2162/1983/133 2164/1985/158 2163/1984/3
f 2165/1986/113 2163/1984/3 2164/1985/158
f 2164/1985/158 2166/1987/6 2165/1986/113
f 2167/1988/7 2165/1986/113 2166/1987/6
f 2166/1987/6 2168/1989/152 2167/1988/7
f 2169/1990/9 2167/1988/7 2168/1989/152
f 2168/1989/152 2170/1991/10 2169/1990/9
f 2171/1992/11 2169/1990/9 2170/1991/10
f 2170/1991/10 2172/1993/115 2171/1992/11
f 2173/1994/13 2171/1992/11 2172/1993/115
f 2172/1993/115 2174/1995/116 2173/1994/13
f 2175/1996/15 2173/1994/13 2174/1995/116
f 2174/1995/116 2176/1997/16 2175/1996/15
f 2177/1998/17 2175/1996/15 2176/1997/16
f 2176/1997/16 2178/1999/18 2177/1998/17
f 2179/2000/19 2177/1998/17 2178/1999/18
f 2178/1999/18 2180/2001/20 2179/2000/19
f 2181/2002/118 2179/2000/19 2180/2001/20
f 2180/2001/20 2182/2003/22 2181/2002/118
f 2183/2004/119 2181/2002/118 2182/2003/22
f 2182/2003/22 2184/2005/120 2183/2004/119
f 2185/2006/121 2183/2004/119 2184/2005/120
f 2184/2005/120 2186/2007/122 2185/2006/121
f 2187/2008/123 2185/2006/121 2186/2007/122
f 2186/2007/122 2188/2009/137 2187/2008/123
f 2189/2010/124 2187/2008/123 2188/2009/137
f 2188/2009/137 2190/2011/30 2189/2010/124
f 2191/2012/31 2189/2010/124 2190/2011/30
f 2190/2011/30 2192/2013/32 2191/2012/31
f 2193/2014/33 2191/2012/31 2192/2013/32
f 2192/2013/32 2194/2015/125 2193/2014/33
f 2195/2016/35 2193/2014/33 2194/2015/125
f 2194/2015/125 2196/2017/36 2195/2016/35
f 2197/2018/37 2195/2016/35 2196/2017/36
f 2196/2017/36 2198/2019/38 2197/2018/37
f 2199/2020/128 2197/2018/37 2198/2019/38
f 2198/2019/38 2200/2021/40 2199/2020/128
f 2201/2022/41 2199/2020/128 2200/2021/40
f 2200/2021/40 2202/2023/42 2201/2022/41
f 2203/2024/43 2201/2022/41 2202/2023/42
f 2202/2023/42 2204/2025/44 2203/2024/43
f 2205/2026/45 2203/2024/43 2204/2025/44
f 2204/2025/44 2206/2027/46 2205/2026/45
f 2207/2028/130 2205/2026/45 2206/2027/46
f 2206/2027/46 2208/2029/48 2207/2028/130
f 2114/1935/139 2207/2028/130 2208/2029/48
f 2208/2029/48 2115/1936/140 2114/1935/139
f 2209/2030/132 2210/2031/132 2211/2032/132
f 2211/2032/132 2212/1427/132 2209/2030/132
f 2210/2031/132 2213/2033/132 2214/2034/132
f 2214/2034/132 2211/2032/132 2210/2031/132
f 2213/2033/132 2215/2035/132 2216/2036/132
f 2216/2036/132 2214/2034/132 2213/2033/132
f 2215/2035/132 2217/2037/132 2218/2038/132
f 2218/2038/132 2216/2036/132 2215/2035/132
f 2217/2037/132 2219/2039/132 2220/2040/132
f 2220/2040/132 2218/2038/132 2217/2037/132
f 2219/2039/132 2221/2041/132 2222/2042/132
f 2222/2042/132 2220/2040/132 2219/2039/132
f 2221/2041/132 2223/2043/132 2224/2044/132
f 2224/2044/132 2222/2042/132 2221/2041/132
f 2223/2043/132 2225/2045/132 2226/2046/132
f 2226/2046/132 2224/2044/132 2223/2043/132
f 2225/2045/132 2227/2047/132 2228/2048/132
f 2228/2048/132 2226/2046/132 2225/2045/132
f 2227/2047/132 2229/2049/132 2230/2050/132
f 2230/2050/132 2228/2048/132 2227/2047/132
f 2229/2049/132 2231/2051/132 2232/2052/132
f 2232/2052/132 2230/2050/132 2229/2049/132
f 2231/2051/132 2233/2053/132 2234/2054/132
f 2234/2054/132 2232/2052/132 2231/2051/132
f 2233/2053/132 2235/2055/132 2236/2056/132
f 2236/2056/132 2234/2054/132 2233/2053/132
f 2235/2055/132 2237/2057/132 2238/2058/132
f 2238/2058/132 2236/2056/132 2235/2055/132
f 2237/2057/132 2239/2059/132 2240/2060/132
f 2240/2060/132 2238/2058/132 2237/2057/132
f 2239/2059/132 2241/2061/132 2242/2062/132
f 2242/2062/132 2240/2060/132 2239/2059/132
f 2241/2061/132 2243/2063/132 2244/2064/132
f 2244/2064/132 2242/2062/132 2241/2061/132
f 2243/2063/132 2245/2065/132 2246/2066/132
f 2246/2066/132 2244/2064/132 2243/2063/132
f 2245/2065/132 2247/2067/132 2248/2068/132
f 2248/2068/132 2246/2066/132 2245/2065/132
f 2247/2067/132 2249/2069/132 2250/2070/132
f 2250/2070/132 2248/2068/132 2247/2067/132
f 2249/2069/132 2251/2071/132 2252/2072/132
f 2252/2072/132 2250/2070/132 2249/2069/132
f 2251/2071/132 2253/2073/132 2254/2074/132
f 2254/2074/132 2252/2072/132 2251/2071/132
f 2253/2073/132 2255/2075/132 2256/2076/132
f 2256/2076/132 2254/2074/132 2253/2073/132
f 2255/2075/132 2257/2077/132 2258/2078/132
f 2258/2078/132 2256/2076/132 2255/2075/132
f 2257/2077/132 2259/2079/132 2260/2080/132
f 2260/2080/132 2258/2078/132 2257/2077/132
f 2259/2079/132 2261/2081/132 2262/2082/132
f 2262/2082/132 2260/2080/132 2259/2079/132
f 2261/2081/132 2263/2083/132 2264/2084/132
f 2264/2084/132 2262/2082/132 2261/2081/132
f 2263/2083/132 2265/2085/132 2266/1705/132
f 2266/1705/132 2264/2084/132 2263/2083/132
f 2265/2085/132 2267/2086/132 2268/2087/132
f 2268/2087/132 2266/1705/132 2265/2085/132
f 2267/2086/132 2269/2088/132 2270/2089/132
f 2270/2089/132 2268/2087/132 2267/2086/132
f 2269/2088/132 2271/2090/132 2272/2091/132
f 2272/2091/132 2270/2089/132 2269/2088/132
f 2271/2090/132 2273/2092/132 2274/2093/132
f 2274/2093/132 2272/2091/132 2271/2090/132
f 2273/2092/132 2275/2094/132 2276/2095/132
f 2276/2095/132 2274/2093/132 2273/2092/132
f 2275/2094/132 2277/2096/132 2278/2097/132
f 2278/2097/132 2276/2095/132 2275/2094/132
f 2277/2096/132 2279/2098/132 2280/2099/132
f 2280/2099/132 2278/2097/132 2277/2096/132
f 2279/2098/132 2281/2100/132 2282/2101/132
f 2282/2101/132 2280/2099/132 2279/2098/132
f 2281/2100/132 2283/2102/132 2284/2103/132
f 2284/2103/132 2282/2101/132 2281/2100/132
f 2283/2102/132 2285/2104/132 2286/2105/132
f 2286/2105/132 2284/2103/132 2283/2102/132
f 2285/2104/132 2287/2106/132 2288/2107/132
f 2288/2107/132 2286/2105/132 2285/2104/132
f 2287/2106/132 2289/2108/132 2290/2109/132
f 2290/2109/132 2288/2107/132 2287/2106/132
f 2289/2108/132 2291/2110/132 2292/2111/132
f 2292/2111/132 2290/2109/132 2289/2108/132
f 2291/2110/132 2293/2112/132 2294/2113/132
f 2294/2113/132 2292/2111/132 2291/2110/132
f 2293/2112/132 2295/2114/132 2296/2115/132
f 2296/2115/132 2294/2113/132 2293/2112/132
f 2295/2114/132 2297/2116/132 2298/2117/132
f 2298/2117/132 2296/2115/132 2295/2114/132
f 2297/2116/132 2299/2118/132 2300/2119/132
f 2300/2119/132 2298/2117/132 2297/2116/132
f 2299/2118/132 2301/2120/132 2302/2121/132
f 2302/2121/132 2300/2119/132 2299/2118/132
f 2301/2120/132 2303/2122/132 2304/2123/132
f 2304/2123/132 2302/2121/132 2301/2120/132
f 2303/2122/132 2209/2030/132 2212/1427/132
f 2212/1427/132 2304/2123/132 2303/2122/132
f 2307/2124/1 2306/2125/2 2305/2126/3
f 2305/2126/3 2308/2127/4 2307/2124/1
f 2308/2127/4 2305/2126/3 2309/2128/113
f 2309/2128/113 2310/2129/6 2308/2127/4
f 2310/2129/6 2309/2128/113 2311/2130/7
f 2311/2130/7 2312/2131/8 2310/2129/6
f 2312/2131/8 2311/2130/7 2313/2132/9
f 2313/2132/9 2314/2133/10 2312/2131/8
f 2314/2133/10 2313/2132/9 2315/2134/11
f 2315/2134/11 2316/2135/115 2314/2133/10
f 2316/2135/115 2315/2134/11 2317/2136/13
f 2317/2136/13 2318/2137/116 2316/2135/115
f 2318/2137/116 2317/2136/13 2319/2138/15
f 2319/2138/15 2320/2139/16 2318/2137/116
f 2320/2139/16 2319/2138/15 2321/2140/117
f 2321/2140/117 2322/2141/18 2320/2139/16
f 2322/2141/18 2321/2140/117 2323/2142/153
f 2323/2142/153 2324/2143/20 2322/2141/18
f 2324/2143/20 2323/2142/153 2325/2144/118
f 2325/2144/118 2326/2145/22 2324/2143/20
f 2326/2145/22 2325/2144/118 2327/2146/23
f 2327/2146/23 2328/2147/24 2326/2145/22
f 2328/2147/24 2327/2146/23 2329/2148/121
f 2329/2148/121 2330/2149/26 2328/2147/24
f 2330/2149/26 2329/2148/121 2331/2150/27
f 2331/2150/27 2332/2151/28 2330/2149/26
f 2332/2151/28 2331/2150/27 2333/2152/124
f 2333/2152/124 2334/2153/30 2332/2151/28
f 2334/2153/30 2333/2152/124 2335/2154/31
f 2335/2154/31 2336/2155/32 2334/2153/30
f 2336/2155/32 2335/2154/31 2337/2156/33
f 2337/2156/33 2338/2157/125 2336/2155/32
f 2338/2157/125 2337/2156/33 2339/2158/35
f 2339/2158/35 2340/2159/36 2338/2157/125
f 2340/2159/36 2339/2158/35 2341/2160/37
f 2341/2160/37 2342/2161/127 2340/2159/36
f 2342/2161/127 2341/2160/37 2343/2162/128
f 2343/2162/128 2344/2163/40 2342/2161/127
f 2344/2163/40 2343/2162/128 2345/2164/173
f 2345/2164/173 2346/2165/42 2344/2163/40
f 2346/2165/42 2345/2164/173 2347/2166/160
f 2347/2166/160 2348/2167/44 2346/2165/42
f 2348/2167/44 2347/2166/160 2349/2168/163
f 2349/2168/163 2350/2169/172 2348/2167/44
f 2350/2169/172 2349/2168/163 2351/2170/130
f 2351/2170/130 2352/2171/48 2350/2169/172
f 2352/2171/48 2351/2170/130 2353/2172/49
f 2353/2172/49 2354/2173/50 2352/2171/48
f 2354/2173/50 2353/2172/49 2355/2174/97
f 2355/2174/97 2356/2175/52 2354/2173/50
f 2356/2175/52 2355/2174/97 2357/2176/164
f 2357/2176/164 2358/2177/99 2356/2175/52
f 2358/2177/99 2357/2176/164 2359/2178/55
f 2359/2178/55 2360/2179/141 2358/2177/99
f 2360/2179/141 2359/2178/55 2361/2180/57
f 2361/2180/57 2362/2181/58 2360/2179/141
f 2362/2181/58 2361/2180/57 2363/2182/59
f 2363/2182/59 2364/2183/60 2362/2181/58
f 2364/2183/60 2363/2182/59 2365/2184/61
f 2365/2184/61 2366/2185/62 2364/2183/60
f 2366/2185/62 2365/2184/61 2367/2186/101
f 2367/2186/101 2368/2187/64 2366/2185/62
f 2368/2187/64 2367/2186/101 2369/2188/165
f 2369/2188/165 2370/2189/66 2368/2187/64
f 2370/2189/66 2369/2188/165 2371/2190/67
f 2371/2190/67 2372/2191/68 2370/2189/66
f 2372/2191/68 2371/2190/67 2373/2192/102
f 2373/2192/102 2374/2193/70 2372/2191/68
f 2374/2193/70 2373/2192/102 2375/2194/71
f 2375/2194/71 2376/2195/72 2374/2193/70
f 2376/2195/72 2375/2194/71 2377/2196/73
f 2377/2196/73 2378/2197/74 2376/2195/72
f 2378/2197/74 2377/2196/73 2379/2198/75
f 2379/2198/75 2380/2199/76 2378/2197/74
f 2380/2199/76 2379/2198/75 2381/2200/77
f 2381/2200/77 2382/2201/170 2380/2199/76
f 2382/2201/170 2381/2200/77 2383/2202/79
f 2383/2202/79 2384/2203/80 2382/2201/170
f 2384/2203/80 2383/2202/79 2385/2204/81
f 2385/2204/81 2386/2205/150 2384/2203/80
f 2386/2205/150 2385/2204/81 2387/2206/83
f 2387/2206/83 2388/2207/174 2386/2205/150
f 2388/2207/174 2387/2206/83 2389/2208/108
f 2389/2208/108 2390/2209/86 2388/2207/174
f 2390/2209/86 2389/2208/108 2391/2210/87
f 2391/2210/87 2392/2211/88 2390/2209/86
f 2392/2211/88 2391/2210/87 2393/2212/147
f 2393/2212/147 2394/2213/90 2392/2211/88
f 2394/2213/90 2393/2212/147 2395/2214/91
f 2395/2214/91 2396/2215/92 2394/2213/90
f 2396/2215/92 2395/2214/91 2397/2216/93
f 2397/2216/93 2398/2217/94 2396/2215/92
f 2398/2217/94 2397/2216/93 2399/2218/95
f 2399/2218/95 2400/2219/96 2398/2217/94
f 2400/2219/96 2399/2218/95 2306/2125/2
f 2306/2125/2 2307/2124/1 2400/2219/96
f 2401/2220/51 2402/2221/139 2403/2222/140
f 2403/2222/140 2404/2223/98 2401/2220/51
f 2405/2224/53 2401/2220/51 2404/2223/98
f 2404/2223/98 2406/2225/99 2405/2224/53
f 2407/2226/55 2405/2224/53 2406/2225/99
f 2406/2225/99 2408/2227/56 2407/2226/55
f 2409/2228/57 2407/2226/55 2408/2227/56
f 2408/2227/56 2410/2229/58 2409/2228/57
f 2411/2230/59 2409/2228/57 2410/2229/58
f 2410/2229/58 2412/2231/60 2411/2230/59
f 2413/2232/61 2411/2230/59 2412/2231/60
f 2412/2231/60 2414/2233/62 2413/2232/61
f 2415/2234/101 2413/2232/61 2414/2233/62
f 2414/2233/62 2416/2235/64 2415/2234/101
f 2417/2236/165 2415/2234/101 2416/2235/64
f 2416/2235/64 2418/2237/66 2417/2236/165
f 2419/2238/67 2417/2236/165 2418/2237/66
f 2418/2237/66 2420/2239/68 2419/2238/67
f 2421/2240/102 2419/2238/67 2420/2239/68
f 2420/2239/68 2422/2241/70 2421/2240/102
f 2423/2242/71 2421/2240/102 2422/2241/70
f 2422/2241/70 2424/2243/148 2423/2242/71
f 2425/2244/104 2423/2242/71 2424/2243/148
f 2424/2243/148 2426/2245/105 2425/2244/104
f 2427/2246/106 2425/2244/104 2426/2245/105
f 2426/2245/105 2428/2247/76 2427/2246/106
f 2429/2248/77 2427/2246/106 2428/2247/76
f 2428/2247/76 2430/2249/78 2429/2248/77
f 2431/2250/79 2429/2248/77 2430/2249/78
f 2430/2249/78 2432/2251/107 2431/2250/79
f 2433/2252/81 2431/2250/79 2432/2251/107
f 2432/2251/107 2434/2253/150 2433/2252/81
f 2435/2254/83 2433/2252/81 2434/2253/150
f 2434/2253/150 2436/2255/84 2435/2254/83
f 2437/2256/85 2435/2254/83 2436/2255/84
f 2436/2255/84 2438/2257/86 2437/2256/85
f 2439/2258/87 2437/2256/85 2438/2257/86
f 2438/2257/86 2440/2259/88 2439/2258/87
f 2441/2260/110 2439/2258/87 2440/2259/88
f 2440/2259/88 2442/2261/90 2441/2260/110
f 2443/2262/91 2441/2260/110 2442/2261/90
f 2442/2261/90 2444/2263/92 2443/2262/91
f 2445/2264/93 2443/2262/91 2444/2263/92
f 2444/2263/92 2446/2265/94 2445/2264/93
f 2447/2266/112 2445/2264/93 2446/2265/94
f 2446/2265/94 2448/2267/96 2447/2266/112
f 2449/2268/134 2447/2266/112 2448/2267/96
f 2448/2267/96 2450/2269/133 2449/2268/134
f 2451/2270/3 2449/2268/134 2450/2269/133
f 2450/2269/133 2452/2271/158 2451/2270/3
f 2453/2272/113 2451/2270/3 2452/2271/158
f 2452/2271/158 2454/2273/6 2453/2272/113
f 2455/2274/7 2453/2272/113 2454/2273/6
f 2454/2273/6 2456/2275/152 2455/2274/7
f 2457/2276/9 2455/2274/7 2456/2275/152
f 2456/2275/152 2458/2277/10 2457/2276/9
f 2459/2278/11 2457/2276/9 2458/2277/10
f 2458/2277/10 2460/2279/115 2459/2278/11
f 2461/2280/13 2459/2278/11 2460/2279/115
f 2460/2279/115 2462/2281/116 2461/2280/13
f 2463/2282/15 2461/2280/13 2462/2281/116
f 2462/2281/116 2464/2283/16 2463/2282/15
f 2465/2284/117 2463/2282/15 2464/2283/16
f 2464/2283/16 2466/2285/18 2465/2284/117
f 2467/2286/153 2465/2284/117 2466/2285/18
f 2466/2285/18 2468/2287/20 2467/2286/153
f 2469/2288/118 2467/2286/153 2468/2287/20
f 2468/2287/20 2470/2289/22 2469/2288/118
f 2471/2290/119 2469/2288/118 2470/2289/22
f 2470/2289/22 2472/2291/120 2471/2290/119
f 2473/2292/121 2471/2290/119 2472/2291/120
f 2472/2291/120 2474/2293/122 2473/2292/121
f 2475/2294/123 2473/2292/121 2474/2293/122
f 2474/2293/122 2476/2295/137 2475/2294/123
f 2477/2296/124 2475/2294/123 2476/2295/137
f 2476/2295/137 2478/2297/30 2477/2296/124
f 2479/2298/31 2477/2296/124 2478/2297/30
f 2478/2297/30 2480/2299/162 2479/2298/31
f 2481/2300/33 2479/2298/31 2480/2299/162
f 2480/2299/162 2482/2301/125 2481/2300/33
f 2483/2302/35 2481/2300/33 2482/2301/125
f 2482/2301/125 2484/2303/36 2483/2302/35
f 2485/2304/37 2483/2302/35 2484/2303/36
f 2484/2303/36 2486/2305/38 2485/2304/37
f 2487/2306/128 2485/2304/37 2486/2305/38
f 2486/2305/38 2488/2307/40 2487/2306/128
f 2489/2308/41 2487/2306/128 2488/2307/40
f 2488/2307/40 2490/2309/42 2489/2308/41
f 2491/2310/160 2489/2308/41 2490/2309/42
f 2490/2309/42 2492/2311/44 2491/2310/160
f 2493/2312/45 2491/2310/160 2492/2311/44
f 2492/2311/44 2494/2313/46 2493/2312/45
f 2495/2314/130 2493/2312/45 2494/2313/46
f 2494/2313/46 2496/2315/48 2495/2314/130
f 2402/2221/139 2495/2314/130 2496/2315/48
f 2496/2315/48 2403/2222/140 2402/2221/139
f 2497/2316/132 2498/2317/132 2499/2318/132
f 2499/2318/132 2500/1697/132 2497/2316/132
f 2498/2317/132 2501/2319/132 2502/2320/132
f 2502/2320/132 2499/2318/132 2498/2317/132
f 2501/2319/132 2503/2321/132 2504/2322/132
f 2504/2322/132 2502/2320/132 2501/2319/132
f 2503/2321/132 2505/2323/132 2506/2324/132
f 2506/2324/132 2504/2322/132 2503/2321/132
f 2505/2323/132 2507/2325/132 2508/2326/132
f 2508/2326/132 2506/2324/132 2505/2323/132
f 2507/2325/132 2509/2327/132 2510/2328/132
f 2510/2328/132 2508/2326/132 2507/2325/132
f 2509/2327/132 2511/2329/132 2512/2330/132
f 2512/2330/132 2510/2328/132 2509/2327/132
f 2511/2329/132 2513/2331/132 2514/2332/132
f 2514/2332/132 2512/2330/132 2511/2329/132
f 2513/2331/132 2515/2333/132 2516/2334/132
f 2516/2334/132 2514/2332/132 2513/2331/132
f 2515/2333/132 2517/2335/132 2518/2336/132
f 2518/2336/132 2516/2334/132 2515/2333/132
f 2517/2335/132 2519/2337/132 2520/2338/132
f 2520/2338/132 2518/2336/132 2517/2335/132
f 2519/2337/132 2521/2339/132 2522/2340/132
f 2522/2340/132 2520/2338/132 2519/2337/132
f 2521/2339/132 2523/2341/132 2524/2342/132
f 2524/2342/132 2522/2340/132 2521/2339/132
f 2523/2341/132 2525/2343/132 2526/2344/132
f 2526/2344/132 2524/2342/132 2523/2341/132
f 2525/2343/132 2527/2345/132 2528/2346/132
f 2528/2346/132 2526/2344/132 2525/2343/132
f 2527/2345/132 2529/2347/132 2530/2348/132
f 2530/2348/132 2528/2346/132 2527/2345/132
f 2529/2347/132 2531/2349/132 2532/2350/132
f 2532/2350/132 2530/2348/132 2529/2347/132
f 2531/2349/132 2533/2351/132 2534/2352/132
f 2534/2352/132 2532/2350/132 2531/2349/132
f 2533/2351/132 2535/2353/132 2536/2354/132
f 2536/2354/132 2534/2352/132 2533/2351/132
f 2535/2353/132 2537/2355/132 2538/2356/132
f 2538/2356/132 2536/2354/132 2535/2353/132
f 2537/2355/132 2539/2357/132 2540/2358/132
f 2540/2358/132 2538/2356/132 2537/2355/132
f 2539/2357/132 2541/2359/132 2542/2360/132
f 2542/2360/132 2540/2358/132 2539/2357/132
f 2541/2359/132 2543/2361/132 2544/2362/132
f 2544/2362/132 2542/2360/132 2541/2359/132
f 2543/2361/132 2545/2363/132 2546/2364/132
f 2546/2364/132 2544/2362/132 2543/2361/132
f 2545/2363/132 2547/2365/132 2548/2366/132
f 2548/2366/132 2546/2364/132 2545/2363/132
f 2547/2365/132 2549/2367/132 2550/2368/132
f 2550/2368/132 2548/2366/132 2547/2365/132
f 2549/2367/132 2551/2369/132 2552/2370/132
f 2552/2370/132 2550/2368/132 2549/2367/132
f 2551/2369/132 2553/2371/132 2554/1991/132
f 2554/1991/132 2552/2370/132 2551/2369/132
f 2553/2371/132 2555/2372/132 2556/2373/132
f 2556/2373/132 2554/1991/132 2553/2371/132
f 2555/2372/132 2557/2374/132 2558/2375/132
f 2558/2375/132 2556/2373/132 2555/2372/132
f 2557/2374/132 2559/2376/132 2560/2377/132
f 2560/2377/132 2558/2375/132 2557/2374/132
f 2559/2376/132 2561/2378/132 2562/2379/132
f 2562/2379/132 2560/2377/132 2559/2376/132
f 2561/2378/132 2563/2380/132 2564/2381/132
f 2564/2381/132 2562/2379/132 2561/2378/132
f 2563/2380/132 2565/2382/132 2566/2383/132
f 2566/2383/132 2564/2381/132 2563/2380/132
f 2565/2382/132 2567/2384/132 2568/2385/132
f 2568/2385/132 2566/2383/132 2565/2382/132
f 2567/2384/132 2569/2386/132 2570/2387/132
f 2570/2387/132 2568/2385/132 2567/2384/132
f 2569/2386/132 2571/2388/132 2572/2389/132
f 2572/2389/132 2570/2387/132 2569/2386/132
f 2571/2388/132 2573/2390/132 2574/2391/132
f 2574/2391/132 2572/2389/132 2571/2388/132
f 2573/2390/132 2575/2392/132 2576/2393/132
f 2576/2393/132 2574/2391/132 2573/2390/132
f 2575/2392/132 2577/2394/132 2578/2395/132
f 2578/2395/132 2576/2393/132 2575/2392/132
f 2577/2394/132 2579/2396/132 2580/2397/132
f 2580/2397/132 2578/2395/132 2577/2394/132
f 2579/2396/132 2581/2398/132 2582/2399/132
f 2582/2399/132 2580/2397/132 2579/2396/132
f 2581/2398/132 2583/2400/132 2584/2401/132
f 2584/2401/132 2582/2399/132 2581/2398/132
f 2583/2400/132 2585/2402/132 2586/2403/132
f 2586/2403/132 2584/2401/132 2583/2400/132
f 2585/2402/132 2587/2404/132 2588/2405/132
f 2588/2405/132 2586/2403/132 2585/2402/132
f 2587/2404/132 2589/2406/132 2590/2407/132
f 2590/2407/132 2588/2405/132 2587/2404/132
f 2589/2406/132 2591/2408/132 2592/2409/132
f 2592/2409/132 2590/2407/132 2589/2406/132
f 2591/2408/132 2497/2316/132 2500/1697/132
f 2500/1697/132 2592/2409/132 2591/2408/132
f 2595/2410/132 2594/2411/132 2593/2412/132
f 2593/2412/132 2596/2413/132 2595/2410/132
f 2599/2414/175 2598/2415/175 2597/2416/175
f 2597/2416/175 2600/2417/175 2599/2414/175
f 2603/2418/176 2602/2419/176 2601/2420/176
f 2601/2420/176 2604/2421/176 2603/2418/176
f 2607/2422/177 2606/2423/177 2605/2424/177
f 2605/2424/177 2608/2425/177 2607/2422/177
f 2611/2426/178 2610/2427/178 2609/2428/178
f 2609/2428/178 2612/2429/178 2611/2426/178
f 2615/2430/132 2614/2431/132 2613/2432/132
f 2613/2432/132 2616/2433/132 2615/2430/132
f 2619/2434/132 2618/2435/132 2617/2436/132
f 2617/2436/132 2620/2437/132 2619/2434/132
f 2618/2435/132 2615/2430/132 2616/2433/132
f 2616/2433/132 2617/2436/132 2618/2435/132
f 2614/2431/132 2619/2434/132 2620/2437/132
f 2620/2437/132 2613/2432/132 2614/2431/132
f 2621/2438/179 2622/2411/179 2623/2439/179
f 2623/2439/179 2624/2440/179 2621/2438/179
f 2625/2441/177 2626/2442/177 2627/2443/177
f 2627/2443/177 2628/2444/177 2625/2441/177
f 2629/2445/178 2630/2446/178 2631/2447/178
f 2631/2447/178 2632/2448/178 2629/2445/178
f 2633/2424/175 2634/2449/175 2635/2450/175
f 2635/2450/175 2636/2451/175 2633/2424/175
f 2637/2452/176 2638/2453/176 2639/2454/176
f 2639/2454/176 2640/2429/176 2637/2452/176
f 2641/2455/51 2642/2456/49 2643/2457/50
f 2643/2457/50 2644/2458/52 2641/2455/51
f 2645/2459/53 2641/2455/51 2644/2458/52
f 2644/2458/52 2646/2460/54 2645/2459/53
f 2647/2461/55 2645/2459/53 2646/2460/54
f 2646/2460/54 2648/2462/141 2647/2461/55
f 2649/2463/57 2647/2461/55 2648/2462/141
f 2648/2462/141 2650/2464/142 2649/2463/57
f 2651/2465/59 2649/2463/57 2650/2464/142
f 2650/2464/142 2652/2466/143 2651/2465/59
f 2653/2467/144 2651/2465/59 2652/2466/143
f 2652/2466/143 2654/2468/100 2653/2467/144
f 2655/2469/63 2653/2467/144 2654/2468/100
f 2654/2468/100 2656/2470/64 2655/2469/63
f 2657/2471/65 2655/2469/63 2656/2470/64
f 2656/2470/64 2658/2472/66 2657/2471/65
f 2659/2473/67 2657/2471/65 2658/2472/66
f 2658/2472/66 2660/2474/68 2659/2473/67
f 2661/2475/102 2659/2473/67 2660/2474/68
f 2660/2474/68 2662/2476/180 2661/2475/102
f 2663/2477/71 2661/2475/102 2662/2476/180
f 2662/2476/180 2664/2478/72 2663/2477/71
f 2665/2479/73 2663/2477/71 2664/2478/72
f 2664/2478/72 2666/2480/74 2665/2479/73
f 2667/2481/75 2665/2479/73 2666/2480/74
f 2666/2480/74 2668/2482/76 2667/2481/75
f 2669/2483/156 2667/2481/75 2668/2482/76
f 2668/2482/76 2670/2484/78 2669/2483/156
f 2671/2485/79 2669/2483/156 2670/2484/78
f 2670/2484/78 2672/2486/107 2671/2485/79
f 2673/2487/81 2671/2485/79 2672/2486/107
f 2672/2486/107 2674/2488/82 2673/2487/81
f 2675/2489/83 2673/2487/81 2674/2488/82
f 2674/2488/82 2676/2490/174 2675/2489/83
f 2677/2491/108 2675/2489/83 2676/2490/174
f 2676/2490/174 2678/2492/109 2677/2491/108
f 2679/2493/181 2677/2491/108 2678/2492/109
f 2678/2492/109 2680/2494/88 2679/2493/181
f 2681/2495/89 2679/2493/181 2680/2494/88
f 2680/2494/88 2682/2496/90 2681/2495/89
f 2683/2497/91 2681/2495/89 2682/2496/90
f 2682/2496/90 2684/2498/92 2683/2497/91
f 2685/2499/111 2683/2497/91 2684/2498/92
f 2684/2498/92 2686/2500/94 2685/2499/111
f 2687/2501/95 2685/2499/111 2686/2500/94
f 2686/2500/94 2688/2502/96 2687/2501/95
f 2689/2503/2 2687/2501/95 2688/2502/96
f 2688/2502/96 2690/2504/1 2689/2503/2
f 2691/2505/3 2689/2503/2 2690/2504/1
f 2690/2504/1 2692/2506/4 2691/2505/3
f 2693/2507/5 2691/2505/3 2692/2506/4
f 2692/2506/4 2694/2508/182 2693/2507/5
f 2695/2509/7 2693/2507/5 2694/2508/182
f 2694/2508/182 2696/2510/8 2695/2509/7
f 2697/2511/9 2695/2509/7 2696/2510/8
f 2696/2510/8 2698/2512/114 2697/2511/9
f 2699/2513/11 2697/2511/9 2698/2512/114
f 2698/2512/114 2700/2514/12 2699/2513/11
f 2701/2515/159 2699/2513/11 2700/2514/12
f 2700/2514/12 2702/2516/14 2701/2515/159
f 2703/2517/183 2701/2515/159 2702/2516/14
f 2702/2516/14 2704/2518/16 2703/2517/183
f 2705/2519/17 2703/2517/183 2704/2518/16
f 2704/2518/16 2706/2520/18 2705/2519/17
f 2707/2521/153 2705/2519/17 2706/2520/18
f 2706/2520/18 2708/2522/20 2707/2521/153
f 2709/2523/118 2707/2521/153 2708/2522/20
f 2708/2522/20 2710/2524/136 2709/2523/118
f 2711/2525/23 2709/2523/118 2710/2524/136
f 2710/2524/136 2712/2526/24 2711/2525/23
f 2713/2527/25 2711/2525/23 2712/2526/24
f 2712/2526/24 2714/2528/26 2713/2527/25
f 2715/2529/27 2713/2527/25 2714/2528/26
f 2714/2528/26 2716/2530/28 2715/2529/27
f 2717/2531/29 2715/2529/27 2716/2530/28
f 2716/2530/28 2718/2532/138 2717/2531/29
f 2719/2533/31 2717/2531/29 2718/2532/138
f 2718/2532/138 2720/2534/32 2719/2533/31
f 2721/2535/33 2719/2533/31 2720/2534/32
f 2720/2534/32 2722/2536/154 2721/2535/33
f 2723/2537/35 2721/2535/33 2722/2536/154
f 2722/2536/154 2724/2538/184 2723/2537/35
f 2725/2539/126 2723/2537/35 2724/2538/184
f 2724/2538/184 2726/2540/38 2725/2539/126
f 2727/2541/39 2725/2539/126 2726/2540/38
f 2726/2540/38 2728/2542/40 2727/2541/39
f 2729/2543/129 2727/2541/39 2728/2542/40
f 2728/2542/40 2730/2544/42 2729/2543/129
f 2731/2545/43 2729/2543/129 2730/2544/42
f 2730/2544/42 2732/2546/44 2731/2545/43
f 2733/2547/163 2731/2545/43 2732/2546/44
f 2732/2546/44 2734/2548/172 2733/2547/163
f 2735/2549/47 2733/2547/163 2734/2548/172
f 2734/2548/172 2736/2550/48 2735/2549/47
f 2642/2456/49 2735/2549/47 2736/2550/48
f 2736/2550/48 2643/2457/50 2642/2456/49
f 2739/2551/179 2738/2552/179 2737/2553/179
f 2739/2551/179 2737/2553/179 2740/2554/179
f 2739/2551/179 2740/2554/179 2741/2555/179
f 2739/2551/179 2741/2555/179 2742/2556/179
f 2739/2551/179 2742/2556/179 2743/2557/179
f 2739/2551/179 2743/2557/179 2744/2558/179
f 2739/2551/179 2744/2558/179 2745/2559/179
f 2739/2551/179 2745/2559/179 2746/2560/179
f 2739/2551/179 2746/2560/179 2747/2561/179
f 2739/2551/179 2747/2561/179 2748/2562/179
f 2739/2551/179 2748/2562/179 2749/2563/179
f 2739/2551/179 2749/2563/179 2750/2564/179
f 2739/2551/179 2750/2564/179 2751/2565/179
f 2739/2551/179 2751/2565/179 2752/2566/179
f 2739/2551/179 2752/2566/179 2753/2567/179
f 2739/2551/179 2753/2567/179 2754/2568/179
f 2739/2551/179 2754/2568/179 2755/2569/179
f 2739/2551/179 2755/2569/179 2756/2570/179
f 2739/2551/179 2756/2570/179 2757/2571/179
f 2739/2551/179 2757/2571/179 2758/2572/179
f 2739/2551/179 2758/2572/179 2759/2573/179
f 2739/2551/179 2759/2573/179 2760/2574/179
f 2739/2551/179 2760/2574/179 2761/2575/179
f 2739/2551/179 2761/2575/179 2762/2576/179
f 2739/2551/179 2762/2576/179 2763/2577/179
f 2739/2551/179 2763/2577/179 2764/2578/179
f 2739/2551/179 2764/2578/179 2765/2579/179
f 2739/2551/179 2765/2579/179 2766/2580/179
f 2739/2551/179 2766/2580/179 2767/2581/179
f 2739/2551/179 2767/2581/179 2768/2582/179
f 2739/2551/179 2768/2582/179 2769/2583/179
f 2739/2551/179 2769/2583/179 2770/2584/179
f 2739/2551/179 2770/2584/179 2771/2585/179
f 2739/2551/179 2771/2585/179 2772/2586/179
f 2739/2551/179 2772/2586/179 2773/2587/179
f 2739/2551/179 2773/2587/179 2774/2527/179
f 2739/2551/179 2774/2527/179 2775/2588/179
f 2739/2551/179 2775/2588/179 2776/2589/179
f 2739/2551/179 2776/2589/179 2777/2590/179
f 2739/2551/179 2777/2590/179 2778/2591/179
f 2739/2551/179 2778/2591/179 2779/2592/179
f 2739/2551/179 2779/2592/179 2780/2593/179
f 2739/2551/179 2780/2593/179 2781/2594/179
f 2739/2551/179 2781/2594/179 2782/2595/179
f 2739/2551/179 2782/2595/179 2783/2596/179
f 2739/2551/179 2783/2596/179 2784/2597/179
f 2739/2551/179 2784/2597/179 2785/2598/179
f 2739/2551/179 2785/2598/179 2738/2552/179
f 2786/2599/51 2787/2600/49 2788/2601/50
f 2788/2601/50 2789/2602/52 2786/2599/51
f 2790/2603/164 2786/2599/51 2789/2602/52
f 2789/2602/52 2791/2604/54 2790/2603/164
f 2792/2605/55 2790/2603/164 2791/2604/54
f 2791/2604/54 2793/2606/141 2792/2605/55
f 2794/2607/57 2792/2605/55 2793/2606/141
f 2793/2606/141 2795/2608/142 2794/2607/57
f 2796/2609/59 2794/2607/57 2795/2608/142
f 2795/2608/142 2797/2610/143 2796/2609/59
f 2798/2611/144 2796/2609/59 2797/2610/143
f 2797/2610/143 2799/2612/100 2798/2611/144
f 2800/2613/63 2798/2611/144 2799/2612/100
f 2799/2612/100 2801/2614/64 2800/2613/63
f 2802/2615/65 2800/2613/63 2801/2614/64
f 2801/2614/64 2803/2616/66 2802/2615/65
f 2804/2617/67 2802/2615/65 2803/2616/66
f 2803/2616/66 2805/2618/68 2804/2617/67
f 2806/2619/102 2804/2617/67 2805/2618/68
f 2805/2618/68 2807/2620/180 2806/2619/102
f 2808/2621/71 2806/2619/102 2807/2620/180
f 2807/2620/180 2809/2622/72 2808/2621/71
f 2810/2623/73 2808/2621/71 2809/2622/72
f 2809/2622/72 2811/2624/74 2810/2623/73
f 2812/2625/75 2810/2623/73 2811/2624/74
f 2811/2624/74 2813/2626/76 2812/2625/75
f 2814/2627/156 2812/2625/75 2813/2626/76
f 2813/2626/76 2815/2628/170 2814/2627/156
f 2816/2629/79 2814/2627/156 2815/2628/170
f 2815/2628/170 2817/2630/107 2816/2629/79
f 2818/2631/81 2816/2629/79 2817/2630/107
f 2817/2630/107 2819/2632/82 2818/2631/81
f 2820/2633/83 2818/2631/81 2819/2632/82
f 2819/2632/82 2821/2634/174 2820/2633/83
f 2822/2635/108 2820/2633/83 2821/2634/174
f 2821/2634/174 2823/2636/109 2822/2635/108
f 2824/2637/181 2822/2635/108 2823/2636/109
f 2823/2636/109 2825/2638/88 2824/2637/181
f 2826/2639/89 2824/2637/181 2825/2638/88
f 2825/2638/88 2827/2640/90 2826/2639/89
f 2828/2641/91 2826/2639/89 2827/2640/90
f 2827/2640/90 2829/2642/92 2828/2641/91
f 2830/2643/111 2828/2641/91 2829/2642/92
f 2829/2642/92 2831/2644/185 2830/2643/111
f 2832/2645/95 2830/2643/111 2831/2644/185
f 2831/2644/185 2833/2646/96 2832/2645/95
f 2834/2647/2 2832/2645/95 2833/2646/96
f 2833/2646/96 2835/2648/1 2834/2647/2
f 2836/2649/3 2834/2647/2 2835/2648/1
f 2835/2648/1 2837/2650/4 2836/2649/3
f 2838/2651/5 2836/2649/3 2837/2650/4
f 2837/2650/4 2839/2652/182 2838/2651/5
f 2840/2653/7 2838/2651/5 2839/2652/182
f 2839/2652/182 2841/2654/8 2840/2653/7
f 2842/2655/9 2840/2653/7 2841/2654/8
f 2841/2654/8 2843/2656/114 2842/2655/9
f 2844/2657/11 2842/2655/9 2843/2656/114
f 2843/2656/114 2845/2658/12 2844/2657/11
f 2846/2659/159 2844/2657/11 2845/2658/12
f 2845/2658/12 2847/2660/14 2846/2659/159
f 2848/2661/183 2846/2659/159 2847/2660/14
f 2847/2660/14 2849/2662/16 2848/2661/183
f 2850/2663/17 2848/2661/183 2849/2662/16
f 2849/2662/16 2851/2664/18 2850/2663/17
f 2852/2665/153 2850/2663/17 2851/2664/18
f 2851/2664/18 2853/2666/20 2852/2665/153
f 2854/2667/118 2852/2665/153 2853/2666/20
f 2853/2666/20 2855/2668/136 2854/2667/118
f 2856/2669/23 2854/2667/118 2855/2668/136
f 2855/2668/136 2857/2670/24 2856/2669/23
f 2858/2671/25 2856/2669/23 2857/2670/24
f 2857/2670/24 2859/2672/26 2858/2671/25
f 2860/2673/27 2858/2671/25 2859/2672/26
f 2859/2672/26 2861/2674/28 2860/2673/27
f 2862/2675/29 2860/2673/27 2861/2674/28
f 2861/2674/28 2863/2676/30 2862/2675/29
f 2864/2677/31 2862/2675/29 2863/2676/30
f 2863/2676/30 2865/2678/32 2864/2677/31
f 2866/2679/33 2864/2677/31 2865/2678/32
f 2865/2678/32 2867/2680/154 2866/2679/33
f 2868/2681/35 2866/2679/33 2867/2680/154
f 2867/2680/154 2869/2682/184 2868/2681/35
f 2870/2683/126 2868/2681/35 2869/2682/184
f 2869/2682/184 2871/2684/127 2870/2683/126
f 2872/2685/39 2870/2683/126 2871/2684/127
f 2871/2684/127 2873/2686/40 2872/2685/39
f 2874/2687/129 2872/2685/39 2873/2686/40
f 2873/2686/40 2875/2688/42 2874/2687/129
f 2876/2689/43 2874/2687/129 2875/2688/42
f 2875/2688/42 2877/2690/44 2876/2689/43
f 2878/2691/163 2876/2689/43 2877/2690/44
f 2877/2690/44 2879/2692/172 2878/2691/163
f 2880/2693/47 2878/2691/163 2879/2692/172
f 2879/2692/172 2881/2694/48 2880/2693/47
f 2787/2600/49 2880/2693/47 2881/2694/48
f 2881/2694/48 2788/2601/50 2787/2600/49
f 2884/2695/179 2883/2696/179 2882/2697/179
f 2884/2695/179 2882/2697/179 2885/2698/179
f 2884/2695/179 2885/2698/179 2886/2699/179
f 2884/2695/179 2886/2699/179 2887/2700/179
f 2884/2695/179 2887/2700/179 2888/2701/179
f 2884/2695/179 2888/2701/179 2889/2702/179
f 2884/2695/179 2889/2702/179 2890/2703/179
f 2884/2695/179 2890/2703/179 2891/2704/179
f 2884/2695/179 2891/2704/179 2892/2705/179
f 2884/2695/179 2892/2705/179 2893/2706/179
f 2884/2695/179 2893/2706/179 2894/2707/179
f 2884/2695/179 2894/2707/179 2895/2708/179
f 2884/2695/179 2895/2708/179 2896/2709/179
f 2884/2695/179 2896/2709/179 2897/2710/179
f 2884/2695/179 2897/2710/179 2898/2711/179
f 2884/2695/179 2898/2711/179 2899/2712/179
f 2884/2695/179 2899/2712/179 2900/2713/179
f 2884/2695/179 2900/2713/179 2901/2714/179
f 2884/2695/179 2901/2714/179 2902/2715/179
f 2884/2695/179 2902/2715/179 2903/2716/179
f 2884/2695/179 2903/2716/179 2904/2717/179
f 2884/2695/179 2904/2717/179 2905/2718/179
f 2884/2695/179 2905/2718/179 2906/2719/179
f 2884/2695/179 2906/2719/179 2907/2720/179
f 2884/2695/179 2907/2720/179 2908/2721/179
f 2884/2695/179 2908/2721/179 2909/2722/179
f 2884/2695/179 2909/2722/179 2910/2723/179
f 2884/2695/179 2910/2723/179 2911/2724/179
f 2884/2695/179 2911/2724/179 2912/2725/179
f 2884/2695/179 2912/2725/179 2913/2726/179
f 2884/2695/179 2913/2726/179 2914/2727/179
f 2884/2695/179 2914/2727/179 2915/2728/179
f 2884/2695/179 2915/2728/179 2916/2729/179
f 2884/2695/179 2916/2729/179 2917/2730/179
f 2884/2695/179 2917/2730/179 2918/2731/179
f 2884/2695/179 2918/2731/179 2919/2671/179
f 2884/2695/179 2919/2671/179 2920/2732/179
f 2884/2695/179 2920/2732/179 2921/2733/179
f 2884/2695/179 2921/2733/179 2922/2734/179
f 2884/2695/179 2922/2734/179 2923/2735/179
f 2884/2695/179 2923/2735/179 2924/2736/179
f 2884/2695/179 2924/2736/179 2925/2737/179
f 2884/2695/179 2925/2737/179 2926/2738/179
f 2884/2695/179 2926/2738/179 2927/2739/179
f 2884/2695/179 2927/2739/179 2928/2740/179
f 2884/2695/179 2928/2740/179 2929/2741/179
f 2884/2695/179 2929/2741/179 2930/2742/179
f 2884/2695/179 2930/2742/179 2883/2696/179
f 2931/2743/51 2932/2744/49 2933/2745/50
f 2933/2745/50 2934/2746/52 2931/2743/51
f 2935/2747/53 2931/2743/51 2934/2746/52
f 2934/2746/52 2936/2748/54 2935/2747/53
f 2937/2749/55 2935/2747/53 2936/2748/54
f 2936/2748/54 2938/2750/141 2937/2749/55
f 2939/2751/57 2937/2749/55 2938/2750/141
f 2938/2750/141 2940/2752/142 2939/2751/57
f 2941/2753/59 2939/2751/57 2940/2752/142
f 2940/2752/142 2942/2754/143 2941/2753/59
f 2943/2755/144 2941/2753/59 2942/2754/143
f 2942/2754/143 2944/2756/100 2943/2755/144
f 2945/2757/63 2943/2755/144 2944/2756/100
f 2944/2756/100 2946/2758/64 2945/2757/63
f 2947/2759/65 2945/2757/63 2946/2758/64
f 2946/2758/64 2948/2760/66 2947/2759/65
f 2949/2761/67 2947/2759/65 2948/2760/66
f 2948/2760/66 2950/2762/68 2949/2761/67
f 2951/2763/102 2949/2761/67 2950/2762/68
f 2950/2762/68 2952/2764/180 2951/2763/102
f 2953/2765/71 2951/2763/102 2952/2764/180
f 2952/2764/180 2954/2766/72 2953/2765/71
f 2955/2767/73 2953/2765/71 2954/2766/72
f 2954/2766/72 2956/2768/74 2955/2767/73
f 2957/2769/75 2955/2767/73 2956/2768/74
f 2956/2768/74 2958/2770/76 2957/2769/75
f 2959/2771/156 2957/2769/75 2958/2770/76
f 2958/2770/76 2960/2772/78 2959/2771/156
f 2961/2773/79 2959/2771/156 2960/2772/78
f 2960/2772/78 2962/2774/107 2961/2773/79
f 2963/2775/81 2961/2773/79 2962/2774/107
f 2962/2774/107 2964/2776/82 2963/2775/81
f 2965/2777/83 2963/2775/81 2964/2776/82
f 2964/2776/82 2966/2778/174 2965/2777/83
f 2967/2779/108 2965/2777/83 2966/2778/174
f 2966/2778/174 2968/2780/109 2967/2779/108
f 2969/2781/181 2967/2779/108 2968/2780/109
f 2968/2780/109 2970/2782/88 2969/2781/181
f 2971/2783/89 2969/2781/181 2970/2782/88
f 2970/2782/88 2972/2784/90 2971/2783/89
f 2973/2785/91 2971/2783/89 2972/2784/90
f 2972/2784/90 2974/2786/92 2973/2785/91
f 2975/2787/111 2973/2785/91 2974/2786/92
f 2974/2786/92 2976/2788/185 2975/2787/111
f 2977/2789/95 2975/2787/111 2976/2788/185
f 2976/2788/185 2978/2790/96 2977/2789/95
f 2979/2791/2 2977/2789/95 2978/2790/96
f 2978/2790/96 2980/2792/1 2979/2791/2
f 2981/2793/3 2979/2791/2 2980/2792/1
f 2980/2792/1 2982/2794/4 2981/2793/3
f 2983/2795/5 2981/2793/3 2982/2794/4
f 2982/2794/4 2984/2796/6 2983/2795/5
f 2985/2797/7 2983/2795/5 2984/2796/6
f 2984/2796/6 2986/2798/8 2985/2797/7
f 2987/2799/9 2985/2797/7 2986/2798/8
f 2986/2798/8 2988/2800/114 2987/2799/9
f 2989/2801/11 2987/2799/9 2988/2800/114
f 2988/2800/114 2990/2802/12 2989/2801/11
f 2991/2803/159 2989/2801/11 2990/2802/12
f 2990/2802/12 2992/2804/14 2991/2803/159
f 2993/2805/183 2991/2803/159 2992/2804/14
f 2992/2804/14 2994/2806/16 2993/2805/183
f 2995/2807/17 2993/2805/183 2994/2806/16
f 2994/2806/16 2996/2808/18 2995/2807/17
f 2997/2809/153 2995/2807/17 2996/2808/18
f 2996/2808/18 2998/2810/20 2997/2809/153
f 2999/2811/118 2997/2809/153 2998/2810/20
f 2998/2810/20 3000/2812/22 2999/2811/118
f 3001/2813/23 2999/2811/118 3000/2812/22
f 3000/2812/22 3002/2814/120 3001/2813/23
f 3003/2815/25 3001/2813/23 3002/2814/120
f 3002/2814/120 3004/2816/26 3003/2815/25
f 3005/2817/123 3003/2815/25 3004/2816/26
f 3004/2816/26 3006/2818/28 3005/2817/123
f 3007/2819/29 3005/2817/123 3006/2818/28
f 3006/2818/28 3008/2820/138 3007/2819/29
f 3009/2821/31 3007/2819/29 3008/2820/138
f 3008/2820/138 3010/2822/32 3009/2821/31
f 3011/2823/33 3009/2821/31 3010/2822/32
f 3010/2822/32 3012/2824/154 3011/2823/33
f 3013/2825/35 3011/2823/33 3012/2824/154
f 3012/2824/154 3014/2826/184 3013/2825/35
f 3015/2827/126 3013/2825/35 3014/2826/184
f 3014/2826/184 3016/2828/127 3015/2827/126
f 3017/2829/39 3015/2827/126 3016/2828/127
f 3016/2828/127 3018/2830/40 3017/2829/39
f 3019/2831/129 3017/2829/39 3018/2830/40
f 3018/2830/40 3020/2832/42 3019/2831/129
f 3021/2833/43 3019/2831/129 3020/2832/42
f 3020/2832/42 3022/2834/44 3021/2833/43
f 3023/2835/163 3021/2833/43 3022/2834/44
f 3022/2834/44 3024/2836/172 3023/2835/163
f 3025/2837/47 3023/2835/163 3024/2836/172
f 3024/2836/172 3026/2838/48 3025/2837/47
f 2932/2744/49 3025/2837/47 3026/2838/48
f 3026/2838/48 2933/2745/50 2932/2744/49
f 3029/2839/179 3028/2840/179 3027/2841/179
f 3029/2839/179 3027/2841/179 3030/2842/179
f 3029/2839/179 3030/2842/179 3031/2843/179
f 3029/2839/179 3031/2843/179 3032/2844/179
f 3029/2839/179 3032/2844/179 3033/2845/179
f 3029/2839/179 3033/2845/179 3034/2846/179
f 3029/2839/179 3034/2846/179 3035/2847/179
f 3029/2839/179 3035/2847/179 3036/2848/179
f 3029/2839/179 3036/2848/179 3037/2849/179
f 3029/2839/179 3037/2849/179 3038/2850/179
f 3029/2839/179 3038/2850/179 3039/2851/179
f 3029/2839/179 3039/2851/179 3040/2852/179
f 3029/2839/179 3040/2852/179 3041/2853/179
f 3029/2839/179 3041/2853/179 3042/2854/179
f 3029/2839/179 3042/2854/179 3043/2855/179
f 3029/2839/179 3043/2855/179 3044/2856/179
f 3029/2839/179 3044/2856/179 3045/2857/179
f 3029/2839/179 3045/2857/179 3046/2858/179
f 3029/2839/179 3046/2858/179 3047/2859/179
f 3029/2839/179 3047/2859/179 3048/2860/179
f 3029/2839/179 3048/2860/179 3049/2861/179
f 3029/2839/179 3049/2861/179 3050/2862/179
f 3029/2839/179 3050/2862/179 3051/2863/179
f 3029/2839/179 3051/2863/179 3052/2864/179
f 3029/2839/179 3052/2864/179 3053/2865/179
f 3029/2839/179 3053/2865/179 3054/2866/179
f 3029/2839/179 3054/2866/179 3055/2867/179
f 3029/2839/179 3055/2867/179 3056/2868/179
f 3029/2839/179 3056/2868/179 3057/2869/179
f 3029/2839/179 3057/2869/179 3058/2870/179
f 3029/2839/179 3058/2870/179 3059/2871/179
f 3029/2839/179 3059/2871/179 3060/2872/179
f 3029/2839/179 3060/2872/179 3061/2873/179
f 3029/2839/179 3061/2873/179 3062/2874/179
f 3029/2839/179 3062/2874/179 3063/2875/179
f 3029/2839/179 3063/2875/179 3064/2815/179
f 3029/2839/179 3064/2815/179 3065/2876/179
f 3029/2839/179 3065/2876/179 3066/2877/179
f 3029/2839/179 3066/2877/179 3067/2878/179
f 3029/2839/179 3067/2878/179 3068/2879/179
f 3029/2839/179 3068/2879/179 3069/2880/179
f 3029/2839/179 3069/2880/179 3070/2881/179
f 3029/2839/179 3070/2881/179 3071/2882/179
f 3029/2839/179 3071/2882/179 3072/2883/179
f 3029/2839/179 3072/2883/179 3073/2884/179
f 3029/2839/179 3073/2884/179 3074/2885/179
f 3029/2839/179 3074/2885/179 3075/2886/179
f 3029/2839/179 3075/2886/179 3028/2840/179
f 3076/2887/51 3077/2888/49 3078/2889/50
f 3078/2889/50 3079/2890/52 3076/2887/51
f 3080/2891/53 3076/2887/51 3079/2890/52
f 3079/2890/52 3081/2892/54 3080/2891/53
f 3082/2893/55 3080/2891/53 3081/2892/54
f 3081/2892/54 3083/2894/141 3082/2893/55
f 3084/2895/57 3082/2893/55 3083/2894/141
f 3083/2894/141 3085/2896/142 3084/2895/57
f 3086/2897/59 3084/2895/57 3085/2896/142
f 3085/2896/142 3087/2898/143 3086/2897/59
f 3088/2899/144 3086/2897/59 3087/2898/143
f 3087/2898/143 3089/2900/100 3088/2899/144
f 3090/2901/63 3088/2899/144 3089/2900/100
f 3089/2900/100 3091/2902/64 3090/2901/63
f 3092/2903/65 3090/2901/63 3091/2902/64
f 3091/2902/64 3093/2904/66 3092/2903/65
f 3094/2905/67 3092/2903/65 3093/2904/66
f 3093/2904/66 3095/2906/68 3094/2905/67
f 3096/2907/69 3094/2905/67 3095/2906/68
f 3095/2906/68 3097/2908/180 3096/2907/69
f 3098/2909/71 3096/2907/69 3097/2908/180
f 3097/2908/180 3099/2910/72 3098/2909/71
f 3100/2911/73 3098/2909/71 3099/2910/72
f 3099/2910/72 3101/2912/74 3100/2911/73
f 3102/2913/75 3100/2911/73 3101/2912/74
f 3101/2912/74 3103/2914/76 3102/2913/75
f 3104/2915/156 3102/2913/75 3103/2914/76
f 3103/2914/76 3105/2916/170 3104/2915/156
f 3106/2917/79 3104/2915/156 3105/2916/170
f 3105/2916/170 3107/2918/107 3106/2917/79
f 3108/2919/81 3106/2917/79 3107/2918/107
f 3107/2918/107 3109/2920/82 3108/2919/81
f 3110/2921/83 3108/2919/81 3109/2920/82
f 3109/2920/82 3111/2922/174 3110/2921/83
f 3112/2923/108 3110/2921/83 3111/2922/174
f 3111/2922/174 3113/2924/109 3112/2923/108
f 3114/2925/181 3112/2923/108 3113/2924/109
f 3113/2924/109 3115/2926/88 3114/2925/181
f 3116/2927/89 3114/2925/181 3115/2926/88
f 3115/2926/88 3117/2928/90 3116/2927/89
f 3118/2929/91 3116/2927/89 3117/2928/90
f 3117/2928/90 3119/2930/92 3118/2929/91
f 3120/2931/93 3118/2929/91 3119/2930/92
f 3119/2930/92 3121/2932/185 3120/2931/93
f 3122/2933/95 3120/2931/93 3121/2932/185
f 3121/2932/185 3123/2934/96 3122/2933/95
f 3124/2935/2 3122/2933/95 3123/2934/96
f 3123/2934/96 3125/2936/1 3124/2935/2
f 3126/2937/3 3124/2935/2 3125/2936/1
f 3125/2936/1 3127/2938/4 3126/2937/3
f 3128/2939/5 3126/2937/3 3127/2938/4
f 3127/2938/4 3129/2940/182 3128/2939/5
f 3130/2941/7 3128/2939/5 3129/2940/182
f 3129/2940/182 3131/2942/8 3130/2941/7
f 3132/2943/9 3130/2941/7 3131/2942/8
f 3131/2942/8 3133/2944/114 3132/2943/9
f 3134/2945/11 3132/2943/9 3133/2944/114
f 3133/2944/114 3135/2946/12 3134/2945/11
f 3136/2947/159 3134/2945/11 3135/2946/12
f 3135/2946/12 3137/2948/14 3136/2947/159
f 3138/2949/183 3136/2947/159 3137/2948/14
f 3137/2948/14 3139/2950/16 3138/2949/183
f 3140/2951/17 3138/2949/183 3139/2950/16
f 3139/2950/16 3141/2952/18 3140/2951/17
f 3142/2953/153 3140/2951/17 3141/2952/18
f 3141/2952/18 3143/2954/20 3142/2953/153
f 3144/2955/21 3142/2953/153 3143/2954/20
f 3143/2954/20 3145/2956/136 3144/2955/21
f 3146/2957/23 3144/2955/21 3145/2956/136
f 3145/2956/136 3147/2958/120 3146/2957/23
f 3148/2959/25 3146/2957/23 3147/2958/120
f 3147/2958/120 3149/2960/26 3148/2959/25
f 3150/2961/27 3148/2959/25 3149/2960/26
f 3149/2960/26 3151/2962/28 3150/2961/27
f 3152/2963/29 3150/2961/27 3151/2962/28
f 3151/2962/28 3153/2964/138 3152/2963/29
f 3154/2965/31 3152/2963/29 3153/2964/138
f 3153/2964/138 3155/2966/32 3154/2965/31
f 3156/2967/33 3154/2965/31 3155/2966/32
f 3155/2966/32 3157/2968/154 3156/2967/33
f 3158/2969/35 3156/2967/33 3157/2968/154
f 3157/2968/154 3159/2970/184 3158/2969/35
f 3160/2971/126 3158/2969/35 3159/2970/184
f 3159/2970/184 3161/2972/127 3160/2971/126
f 3162/2973/39 3160/2971/126 3161/2972/127
f 3161/2972/127 3163/2974/40 3162/2973/39
f 3164/2975/129 3162/2973/39 3163/2974/40
f 3163/2974/40 3165/2976/42 3164/2975/129
f 3166/2977/43 3164/2975/129 3165/2976/42
f 3165/2976/42 3167/2978/44 3166/2977/43
f 3168/2979/163 3166/2977/43 3167/2978/44
f 3167/2978/44 3169/2980/172 3168/2979/163
f 3170/2981/47 3168/2979/163 3169/2980/172
f 3169/2980/172 3171/2982/48 3170/2981/47
f 3077/2888/49 3170/2981/47 3171/2982/48
f 3171/2982/48 3078/2889/50 3077/2888/49
f 3174/2983/179 3173/2984/179 3172/2985/179
f 3174/2983/179 3172/2985/179 3175/2986/179
f 3174/2983/179 3175/2986/179 3176/2987/179
f 3174/2983/179 3176/2987/179 3177/2988/179
f 3174/2983/179 3177/2988/179 3178/2989/179
f 3174/2983/179 3178/2989/179 3179/2990/179
f 3174/2983/179 3179/2990/179 3180/2991/179
f 3174/2983/179 3180/2991/179 3181/2992/179
f 3174/2983/179 3181/2992/179 3182/2993/179
f 3174/2983/179 3182/2993/179 3183/2994/179
f 3174/2983/179 3183/2994/179 3184/2995/179
f 3174/2983/179 3184/2995/179 3185/2996/179
f 3174/2983/179 3185/2996/179 3186/2997/179
f 3174/2983/179 3186/2997/179 3187/2998/179
f 3174/2983/179 3187/2998/179 3188/2999/179
f 3174/2983/179 3188/2999/179 3189/3000/179
f 3174/2983/179 3189/3000/179 3190/3001/179
f 3174/2983/179 3190/3001/179 3191/3002/179
f 3174/2983/179 3191/3002/179 3192/3003/179
f 3174/2983/179 3192/3003/179 3193/3004/179
f 3174/2983/179 3193/3004/179 3194/3005/179
f 3174/2983/179 3194/3005/179 3195/3006/179
f 3174/2983/179 3195/3006/179 3196/3007/179
f 3174/2983/179 3196/3007/179 3197/3008/179
f 3174/2983/179 3197/3008/179 3198/3009/179
f 3174/2983/179 3198/3009/179 3199/3010/179
f 3174/2983/179 3199/3010/179 3200/3011/179
f 3174/2983/179 3200/3011/179 3201/3012/179
f 3174/2983/179 3201/3012/179 3202/3013/179
f 3174/2983/179 3202/3013/179 3203/3014/179
f 3174/2983/179 3203/3014/179 3204/3015/179
f 3174/2983/179 3204/3015/179 3205/3016/179
f 3174/2983/179 3205/3016/179 3206/3017/179
f 3174/2983/179 3206/3017/179 3207/3018/179
f 3174/2983/179 3207/3018/179 3208/3019/179
f 3174/2983/179 3208/3019/179 3209/2959/179
f 3174/2983/179 3209/2959/179 3210/3020/179
f 3174/2983/179 3210/3020/179 3211/3021/179
f 3174/2983/179 3211/3021/179 3212/3022/179
f 3174/2983/179 3212/3022/179 3213/3023/179
f 3174/2983/179 3213/3023/179 3214/3024/179
f 3174/2983/179 3214/3024/179 3215/3025/179
f 3174/2983/179 3215/3025/179 3216/3026/179
f 3174/2983/179 3216/3026/179 3217/3027/179
f 3174/2983/179 3217/3027/179 3218/3028/179
f 3174/2983/179 3218/3028/179 3219/3029/179
f 3174/2983/179 3219/3029/179 3220/3030/179
f 3174/2983/179 3220/3030/179 3173/2984/179
f 3221/3031/51 3222/3032/49 3223/3033/50
f 3223/3033/50 3224/3034/52 3221/3031/51
f 3225/3035/53 3221/3031/51 3224/3034/52
f 3224/3034/52 3226/3036/99 3225/3035/53
f 3227/3037/55 3225/3035/53 3226/3036/99
f 3226/3036/99 3228/3038/141 3227/3037/55
f 3229/3039/57 3227/3037/55 3228/3038/141
f 3228/3038/141 3230/3040/142 3229/3039/57
f 3231/3041/59 3229/3039/57 3230/3040/142
f 3230/3040/142 3232/3042/143 3231/3041/59
f 3233/3043/144 3231/3041/59 3232/3042/143
f 3232/3042/143 3234/3044/100 3233/3043/144
f 3235/3045/63 3233/3043/144 3234/3044/100
f 3234/3044/100 3236/3046/64 3235/3045/63
f 3237/3047/65 3235/3045/63 3236/3046/64
f 3236/3046/64 3238/3048/66 3237/3047/65
f 3239/3049/67 3237/3047/65 3238/3048/66
f 3238/3048/66 3240/3050/68 3239/3049/67
f 3241/3051/69 3239/3049/67 3240/3050/68
f 3240/3050/68 3242/3052/180 3241/3051/69
f 3243/3053/71 3241/3051/69 3242/3052/180
f 3242/3052/180 3244/3054/72 3243/3053/71
f 3245/3055/73 3243/3053/71 3244/3054/72
f 3244/3054/72 3246/3056/74 3245/3055/73
f 3247/3057/75 3245/3055/73 3246/3056/74
f 3246/3056/74 3248/3058/76 3247/3057/75
f 3249/3059/156 3247/3057/75 3248/3058/76
f 3248/3058/76 3250/3060/170 3249/3059/156
f 3251/3061/79 3249/3059/156 3250/3060/170
f 3250/3060/170 3252/3062/107 3251/3061/79
f 3253/3063/81 3251/3061/79 3252/3062/107
f 3252/3062/107 3254/3064/82 3253/3063/81
f 3255/3065/83 3253/3063/81 3254/3064/82
f 3254/3064/82 3256/3066/174 3255/3065/83
f 3257/3067/108 3255/3065/83 3256/3066/174
f 3256/3066/174 3258/3068/109 3257/3067/108
f 3259/3069/181 3257/3067/108 3258/3068/109
f 3258/3068/109 3260/3070/88 3259/3069/181
f 3261/3071/89 3259/3069/181 3260/3070/88
f 3260/3070/88 3262/3072/90 3261/3071/89
f 3263/3073/91 3261/3071/89 3262/3072/90
f 3262/3072/90 3264/3074/92 3263/3073/91
f 3265/3075/111 3263/3073/91 3264/3074/92
f 3264/3074/92 3266/3076/185 3265/3075/111
f 3267/3077/95 3265/3075/111 3266/3076/185
f 3266/3076/185 3268/3078/96 3267/3077/95
f 3269/3079/2 3267/3077/95 3268/3078/96
f 3268/3078/96 3270/3080/1 3269/3079/2
f 3271/3081/151 3269/3079/2 3270/3080/1
f 3270/3080/1 3272/3082/4 3271/3081/151
f 3273/3083/5 3271/3081/151 3272/3082/4
f 3272/3082/4 3274/3084/182 3273/3083/5
f 3275/3085/7 3273/3083/5 3274/3084/182
f 3274/3084/182 3276/3086/8 3275/3085/7
f 3277/3087/9 3275/3085/7 3276/3086/8
f 3276/3086/8 3278/3088/114 3277/3087/9
f 3279/3089/11 3277/3087/9 3278/3088/114
f 3278/3088/114 3280/3090/12 3279/3089/11
f 3281/3091/159 3279/3089/11 3280/3090/12
f 3280/3090/12 3282/3092/14 3281/3091/159
f 3283/3093/183 3281/3091/159 3282/3092/14
f 3282/3092/14 3284/3094/16 3283/3093/183
f 3285/3095/17 3283/3093/183 3284/3094/16
f 3284/3094/16 3286/3096/18 3285/3095/17
f 3287/3097/153 3285/3095/17 3286/3096/18
f 3286/3096/18 3288/3098/20 3287/3097/153
f 3289/3099/21 3287/3097/153 3288/3098/20
f 3288/3098/20 3290/3100/136 3289/3099/21
f 3291/3101/23 3289/3099/21 3290/3100/136
f 3290/3100/136 3292/3102/120 3291/3101/23
f 3293/3103/25 3291/3101/23 3292/3102/120
f 3292/3102/120 3294/3104/26 3293/3103/25
f 3295/3105/27 3293/3103/25 3294/3104/26
f 3294/3104/26 3296/3106/28 3295/3105/27
f 3297/3107/29 3295/3105/27 3296/3106/28
f 3296/3106/28 3298/3108/30 3297/3107/29
f 3299/3109/31 3297/3107/29 3298/3108/30
f 3298/3108/30 3300/3110/32 3299/3109/31
f 3301/3111/33 3299/3109/31 3300/3110/32
f 3300/3110/32 3302/3112/154 3301/3111/33
f 3303/3113/35 3301/3111/33 3302/3112/154
f 3302/3112/154 3304/3114/36 3303/3113/35
f 3305/3115/126 3303/3113/35 3304/3114/36
f 3304/3114/36 3306/3116/127 3305/3115/126
f 3307/3117/39 3305/3115/126 3306/3116/127
f 3306/3116/127 3308/3118/40 3307/3117/39
f 3309/3119/129 3307/3117/39 3308/3118/40
f 3308/3118/40 3310/3120/42 3309/3119/129
f 3311/3121/43 3309/3119/129 3310/3120/42
f 3310/3120/42 3312/3122/44 3311/3121/43
f 3313/3123/45 3311/3121/43 3312/3122/44
f 3312/3122/44 3314/3124/172 3313/3123/45
f 3315/3125/47 3313/3123/45 3314/3124/172
f 3314/3124/172 3316/3126/48 3315/3125/47
f 3222/3032/49 3315/3125/47 3316/3126/48
f 3316/3126/48 3223/3033/50 3222/3032/49
f 3319/3127/179 3318/3128/179 3317/3129/179
f 3319/3127/179 3317/3129/179 3320/3130/179
f 3319/3127/179 3320/3130/179 3321/3131/179
f 3319/3127/179 3321/3131/179 3322/3132/179
f 3319/3127/179 3322/3132/179 3323/3133/179
f 3319/3127/179 3323/3133/179 3324/3134/179
f 3319/3127/179 3324/3134/179 3325/3135/179
f 3319/3127/179 3325/3135/179 3326/3136/179
f 3319/3127/179 3326/3136/179 3327/3137/179
f 3319/3127/179 3327/3137/179 3328/3138/179
f 3319/3127/179 3328/3138/179 3329/3139/179
f 3319/3127/179 3329/3139/179 3330/3140/179
f 3319/3127/179 3330/3140/179 3331/3141/179
f 3319/3127/179 3331/3141/179 3332/3142/179
f 3319/3127/179 3332/3142/179 3333/3143/179
f 3319/3127/179 3333/3143/179 3334/3144/179
f 3319/3127/179 3334/3144/179 3335/3145/179
f 3319/3127/179 3335/3145/179 3336/3146/179
f 3319/3127/179 3336/3146/179 3337/3147/179
f 3319/3127/179 3337/3147/179 3338/3148/179
f 3319/3127/179 3338/3148/179 3339/3149/179
f 3319/3127/179 3339/3149/179 3340/3150/179
f 3319/3127/179 3340/3150/179 3341/3151/179
f 3319/3127/179 3341/3151/179 3342/3152/179
f 3319/3127/179 3342/3152/179 3343/3153/179
f 3319/3127/179 3343/3153/179 3344/3154/179
f 3319/3127/179 3344/3154/179 3345/3155/179
f 3319/3127/179 3345/3155/179 3346/3156/179
f 3319/3127/179 3346/3156/179 3347/3157/179
f 3319/3127/179 3347/3157/179 3348/3158/179
f 3319/3127/179 3348/3158/179 3349/3159/179
f 3319/3127/179 3349/3159/179 3350/3160/179
f 3319/3127/179 3350/3160/179 3351/3161/179
f 3319/3127/179 3351/3161/179 3352/3162/179
f 3319/3127/179 3352/3162/179 3353/3163/179
f 3319/3127/179 3353/3163/179 3354/3103/179
f 3319/3127/179 3354/3103/179 3355/3164/179
f 3319/3127/179 3355/3164/179 3356/3165/179
f 3319/3127/179 3356/3165/179 3357/3166/179
f 3319/3127/179 3357/3166/179 3358/3167/179
f 3319/3127/179 3358/3167/179 3359/3168/179
f 3319/3127/179 3359/3168/179 3360/3169/179
f 3319/3127/179 3360/3169/179 3361/3170/179
f 3319/3127/179 3361/3170/179 3362/3171/179
f 3319/3127/179 3362/3171/179 3363/3172/179
f 3319/3127/179 3363/3172/179 3364/3173/179
f 3319/3127/179 3364/3173/179 3365/3174/179
f 3319/3127/179 3365/3174/179 3318/3128/179
f 3366/3175/97 3367/3176/49 3368/3177/50
f 3368/3177/50 3369/3178/52 3366/3175/97
f 3370/3179/164 3366/3175/97 3369/3178/52
f 3369/3178/52 3371/3180/54 3370/3179/164
f 3372/3181/55 3370/3179/164 3371/3180/54
f 3371/3180/54 3373/3182/141 3372/3181/55
f 3374/3183/57 3372/3181/55 3373/3182/141
f 3373/3182/141 3375/3184/142 3374/3183/57
f 3376/3185/59 3374/3183/57 3375/3184/142
f 3375/3184/142 3377/3186/143 3376/3185/59
f 3378/3187/144 3376/3185/59 3377/3186/143
f 3377/3186/143 3379/3188/100 3378/3187/144
f 3380/3189/63 3378/3187/144 3379/3188/100
f 3379/3188/100 3381/3190/64 3380/3189/63
f 3382/3191/65 3380/3189/63 3381/3190/64
f 3381/3190/64 3383/3192/66 3382/3191/65
f 3384/3193/67 3382/3191/65 3383/3192/66
f 3383/3192/66 3385/3194/68 3384/3193/67
f 3386/3195/69 3384/3193/67 3385/3194/68
f 3385/3194/68 3387/3196/180 3386/3195/69
f 3388/3197/71 3386/3195/69 3387/3196/180
f 3387/3196/180 3389/3198/72 3388/3197/71
f 3390/3199/73 3388/3197/71 3389/3198/72
f 3389/3198/72 3391/3200/74 3390/3199/73
f 3392/3201/75 3390/3199/73 3391/3200/74
f 3391/3200/74 3393/3202/76 3392/3201/75
f 3394/3203/156 3392/3201/75 3393/3202/76
f 3393/3202/76 3395/3204/78 3394/3203/156
f 3396/3205/79 3394/3203/156 3395/3204/78
f 3395/3204/78 3397/3206/107 3396/3205/79
f 3398/3207/81 3396/3205/79 3397/3206/107
f 3397/3206/107 3399/3208/82 3398/3207/81
f 3400/3209/83 3398/3207/81 3399/3208/82
f 3399/3208/82 3401/3210/84 3400/3209/83
f 3402/3211/108 3400/3209/83 3401/3210/84
f 3401/3210/84 3403/3212/109 3402/3211/108
f 3404/3209/181 3402/3211/108 3403/3212/109
f 3403/3212/109 3405/3210/88 3404/3209/181
f 3406/3207/89 3404/3209/181 3405/3210/88
f 3405/3210/88 3407/3208/90 3406/3207/89
f 3408/3205/91 3406/3207/89 3407/3208/90
f 3407/3208/90 3409/3206/92 3408/3205/91
f 3410/3203/111 3408/3205/91 3409/3206/92
f 3409/3206/92 3411/3204/94 3410/3203/111
f 3412/3201/95 3410/3203/111 3411/3204/94
f 3411/3204/94 3413/3202/96 3412/3201/95
f 3414/3213/2 3412/3201/95 3413/3202/96
f 3413/3202/96 3415/3214/1 3414/3213/2
f 3416/3197/3 3414/3213/2 3415/3214/1
f 3415/3214/1 3417/3198/4 3416/3197/3
f 3418/3195/5 3416/3197/3 3417/3198/4
f 3417/3198/4 3419/3196/6 3418/3195/5
f 3420/3193/7 3418/3195/5 3419/3196/6
f 3419/3196/6 3421/3194/8 3420/3193/7
f 3422/3191/9 3420/3193/7 3421/3194/8
f 3421/3194/8 3423/3192/135 3422/3191/9
f 3424/3189/11 3422/3191/9 3423/3192/135
f 3423/3192/135 3425/3190/12 3424/3189/11
f 3426/3187/159 3424/3189/11 3425/3190/12
f 3425/3190/12 3427/3188/14 3426/3187/159
f 3428/3185/183 3426/3187/159 3427/3188/14
f 3427/3188/14 3429/3186/16 3428/3185/183
f 3430/3183/17 3428/3185/183 3429/3186/16
f 3429/3186/16 3431/3184/18 3430/3183/17
f 3432/3181/153 3430/3183/17 3431/3184/18
f 3431/3184/18 3433/3182/20 3432/3181/153
f 3434/3179/21 3432/3181/153 3433/3182/20
f 3433/3182/20 3435/3180/136 3434/3179/21
f 3436/3175/23 3434/3179/21 3435/3180/136
f 3435/3180/136 3437/3178/120 3436/3175/23
f 3438/3176/25 3436/3175/23 3437/3178/120
f 3437/3178/120 3439/3177/26 3438/3176/25
f 3440/3215/27 3438/3176/25 3439/3177/26
f 3439/3177/26 3441/3216/28 3440/3215/27
f 3442/3217/29 3440/3215/27 3441/3216/28
f 3441/3216/28 3443/3218/138 3442/3217/29
f 3444/3219/31 3442/3217/29 3443/3218/138
f 3443/3218/138 3445/3220/32 3444/3219/31
f 3446/3221/33 3444/3219/31 3445/3220/32
f 3445/3220/32 3447/3222/154 3446/3221/33
f 3448/3223/35 3446/3221/33 3447/3222/154
f 3447/3222/154 3449/3224/184 3448/3223/35
f 3450/3225/37 3448/3223/35 3449/3224/184
f 3449/3224/184 3451/3226/127 3450/3225/37
f 3452/3223/128 3450/3225/37 3451/3226/127
f 3451/3226/127 3453/3224/40 3452/3223/128
f 3454/3221/129 3452/3223/128 3453/3224/40
f 3453/3224/40 3455/3222/42 3454/3221/129
f 3456/3219/43 3454/3221/129 3455/3222/42
f 3455/3222/42 3457/3220/44 3456/3219/43
f 3458/3217/45 3456/3219/43 3457/3220/44
f 3457/3220/44 3459/3218/46 3458/3217/45
f 3460/3215/47 3458/3217/45 3459/3218/46
f 3459/3218/46 3461/3216/48 3460/3215/47
f 3367/3176/49 3460/3215/47 3461/3216/48
f 3461/3216/48 3368/3177/50 3367/3176/49
f 3464/3227/179 3463/3228/179 3462/3229/179
f 3464/3227/179 3462/3229/179 3465/3230/179
f 3464/3227/179 3465/3230/179 3466/3231/179
f 3464/3227/179 3466/3231/179 3467/3232/179
f 3464/3227/179 3467/3232/179 3468/3233/179
f 3464/3227/179 3468/3233/179 3469/3234/179
f 3464/3227/179 3469/3234/179 3470/3235/179
f 3464/3227/179 3470/3235/179 3471/3236/179
f 3464/3227/179 3471/3236/179 3472/3237/179
f 3464/3227/179 3472/3237/179 3473/3238/179
f 3464/3227/179 3473/3238/179 3474/3239/179
f 3464/3227/179 3474/3239/179 3475/3240/179
f 3464/3227/179 3475/3240/179 3476/3241/179
f 3464/3227/179 3476/3241/179 3477/3242/179
f 3464/3227/179 3477/3242/179 3478/3243/179
f 3464/3227/179 3478/3243/179 3479/3244/179
f 3464/3227/179 3479/3244/179 3480/3245/179
f 3464/3227/179 3480/3245/179 3481/3246/179
f 3464/3227/179 3481/3246/179 3482/3247/179
f 3464/3227/179 3482/3247/179 3483/3248/179
f 3464/3227/179 3483/3248/179 3484/3249/179
f 3464/3227/179 3484/3249/179 3485/3250/179
f 3464/3227/179 3485/3250/179 3486/3251/179
f 3464/3227/179 3486/3251/179 3487/3252/179
f 3464/3227/179 3487/3252/179 3488/3253/179
f 3464/3227/179 3488/3253/179 3489/3254/179
f 3464/3227/179 3489/3254/179 3490/3255/179
f 3464/3227/179 3490/3255/179 3491/3256/179
f 3464/3227/179 3491/3256/179 3492/3257/179
f 3464/3227/179 3492/3257/179 3493/3258/179
f 3464/3227/179 3493/3258/179 3494/3259/179
f 3464/3227/179 3494/3259/179 3495/3260/179
f 3464/3227/179 3495/3260/179 3496/3261/179
f 3464/3227/179 3496/3261/179 3497/3262/179
f 3464/3227/179 3497/3262/179 3498/3263/179
f 3464/3227/179 3498/3263/179 3499/3176/179
f 3464/3227/179 3499/3176/179 3500/3264/179
f 3464/3227/179 3500/3264/179 3501/3265/179
f 3464/3227/179 3501/3265/179 3502/3266/179
f 3464/3227/179 3502/3266/179 3503/3267/179
f 3464/3227/179 3503/3267/179 3504/3268/179
f 3464/3227/179 3504/3268/179 3505/3269/179
f 3464/3227/179 3505/3269/179 3506/3270/179
f 3464/3227/179 3506/3270/179 3507/3271/179
f 3464/3227/179 3507/3271/179 3508/3272/179
f 3464/3227/179 3508/3272/179 3509/3273/179
f 3464/3227/179 3509/3273/179 3510/3274/179
f 3464/3227/179 3510/3274/179 3463/3228/179
f 3511/3275/51 3512/3276/49 3513/3277/50
f 3513/3277/50 3514/3278/52 3511/3275/51
f 3515/3279/53 3511/3275/51 3514/3278/52
f 3514/3278/52 3516/3280/54 3515/3279/53
f 3517/3281/55 3515/3279/53 3516/3280/54
f 3516/3280/54 3518/3282/141 3517/3281/55
f 3519/3283/57 3517/3281/55 3518/3282/141
f 3518/3282/141 3520/3284/142 3519/3283/57
f 3521/3285/59 3519/3283/57 3520/3284/142
f 3520/3284/142 3522/3286/143 3521/3285/59
f 3523/3287/144 3521/3285/59 3522/3286/143
f 3522/3286/143 3524/3288/100 3523/3287/144
f 3525/3289/63 3523/3287/144 3524/3288/100
f 3524/3288/100 3526/3290/64 3525/3289/63
f 3527/3291/65 3525/3289/63 3526/3290/64
f 3526/3290/64 3528/3292/66 3527/3291/65
f 3529/3293/67 3527/3291/65 3528/3292/66
f 3528/3292/66 3530/3294/68 3529/3293/67
f 3531/3295/102 3529/3293/67 3530/3294/68
f 3530/3294/68 3532/3296/180 3531/3295/102
f 3533/3297/71 3531/3295/102 3532/3296/180
f 3532/3296/180 3534/3298/148 3533/3297/71
f 3535/3299/73 3533/3297/71 3534/3298/148
f 3534/3298/148 3536/3300/74 3535/3299/73
f 3537/3301/106 3535/3299/73 3536/3300/74
f 3536/3300/74 3538/3302/76 3537/3301/106
f 3539/3303/156 3537/3301/106 3538/3302/76
f 3538/3302/76 3540/3304/78 3539/3303/156
f 3541/3305/79 3539/3303/156 3540/3304/78
f 3540/3304/78 3542/3306/107 3541/3305/79
f 3543/3307/81 3541/3305/79 3542/3306/107
f 3542/3306/107 3544/3308/82 3543/3307/81
f 3545/3309/83 3543/3307/81 3544/3308/82
f 3544/3308/82 3546/3310/84 3545/3309/83
f 3547/3311/108 3545/3309/83 3546/3310/84
f 3546/3310/84 3548/3312/109 3547/3311/108
f 3549/3313/181 3547/3311/108 3548/3312/109
f 3548/3312/109 3550/3314/88 3549/3313/181
f 3551/3315/89 3549/3313/181 3550/3314/88
f 3550/3314/88 3552/3316/90 3551/3315/89
f 3553/3317/91 3551/3315/89 3552/3316/90
f 3552/3316/90 3554/3318/92 3553/3317/91
f 3555/3319/111 3553/3317/91 3554/3318/92
f 3554/3318/92 3556/3320/94 3555/3319/111
f 3557/3321/95 3555/3319/111 3556/3320/94
f 3556/3320/94 3558/3322/96 3557/3321/95
f 3559/3323/2 3557/3321/95 3558/3322/96
f 3558/3322/96 3560/3324/1 3559/3323/2
f 3561/3325/3 3559/3323/2 3560/3324/1
f 3560/3324/1 3562/3326/4 3561/3325/3
f 3563/3327/5 3561/3325/3 3562/3326/4
f 3562/3326/4 3564/3328/6 3563/3327/5
f 3565/3329/7 3563/3327/5 3564/3328/6
f 3564/3328/6 3566/3330/8 3565/3329/7
f 3567/3331/9 3565/3329/7 3566/3330/8
f 3566/3330/8 3568/3332/135 3567/3331/9
f 3569/3333/11 3567/3331/9 3568/3332/135
f 3568/3332/135 3570/3334/12 3569/3333/11
f 3571/3335/159 3569/3333/11 3570/3334/12
f 3570/3334/12 3572/3336/14 3571/3335/159
f 3573/3337/183 3571/3335/159 3572/3336/14
f 3572/3336/14 3574/3338/16 3573/3337/183
f 3575/3339/17 3573/3337/183 3574/3338/16
f 3574/3338/16 3576/3340/18 3575/3339/17
f 3577/3341/153 3575/3339/17 3576/3340/18
f 3576/3340/18 3578/3342/20 3577/3341/153
f 3579/3343/21 3577/3341/153 3578/3342/20
f 3578/3342/20 3580/3344/136 3579/3343/21
f 3581/3345/23 3579/3343/21 3580/3344/136
f 3580/3344/136 3582/3346/24 3581/3345/23
f 3583/3347/25 3581/3345/23 3582/3346/24
f 3582/3346/24 3584/3348/26 3583/3347/25
f 3585/3349/27 3583/3347/25 3584/3348/26
f 3584/3348/26 3586/3350/28 3585/3349/27
f 3587/3351/124 3585/3349/27 3586/3350/28
f 3586/3350/28 3588/3352/138 3587/3351/124
f 3589/3353/31 3587/3351/124 3588/3352/138
f 3588/3352/138 3590/3354/32 3589/3353/31
f 3591/3355/33 3589/3353/31 3590/3354/32
f 3590/3354/32 3592/3356/154 3591/3355/33
f 3593/3357/35 3591/3355/33 3592/3356/154
f 3592/3356/154 3594/3358/36 3593/3357/35
f 3595/3359/126 3593/3357/35 3594/3358/36
f 3594/3358/36 3596/3360/127 3595/3359/126
f 3597/3361/39 3595/3359/126 3596/3360/127
f 3596/3360/127 3598/3362/40 3597/3361/39
f 3599/3363/129 3597/3361/39 3598/3362/40
f 3598/3362/40 3600/3364/42 3599/3363/129
f 3601/3365/43 3599/3363/129 3600/3364/42
f 3600/3364/42 3602/3366/44 3601/3365/43
f 3603/3367/45 3601/3365/43 3602/3366/44
f 3602/3366/44 3604/3368/172 3603/3367/45
f 3605/3369/47 3603/3367/45 3604/3368/172
f 3604/3368/172 3606/3370/48 3605/3369/47
f 3512/3276/49 3605/3369/47 3606/3370/48
f 3606/3370/48 3513/3277/50 3512/3276/49
f 3609/3371/179 3608/3372/179 3607/3373/179
f 3609/3371/179 3607/3373/179 3610/3374/179
f 3609/3371/179 3610/3374/179 3611/3375/179
f 3609/3371/179 3611/3375/179 3612/3376/179
f 3609/3371/179 3612/3376/179 3613/3377/179
f 3609/3371/179 3613/3377/179 3614/3378/179
f 3609/3371/179 3614/3378/179 3615/3379/179
f 3609/3371/179 3615/3379/179 3616/3380/179
f 3609/3371/179 3616/3380/179 3617/3381/179
f 3609/3371/179 3617/3381/179 3618/3382/179
f 3609/3371/179 3618/3382/179 3619/3383/179
f 3609/3371/179 3619/3383/179 3620/3384/179
f 3609/3371/179 3620/3384/179 3621/3385/179
f 3609/3371/179 3621/3385/179 3622/3386/179
f 3609/3371/179 3622/3386/179 3623/3387/179
f 3609/3371/179 3623/3387/179 3624/3388/179
f 3609/3371/179 3624/3388/179 3625/3389/179
f 3609/3371/179 3625/3389/179 3626/3390/179
f 3609/3371/179 3626/3390/179 3627/3391/179
f 3609/3371/179 3627/3391/179 3628/3392/179
f 3609/3371/179 3628/3392/179 3629/3393/179
f 3609/3371/179 3629/3393/179 3630/3394/179
f 3609/3371/179 3630/3394/179 3631/3395/179
f 3609/3371/179 3631/3395/179 3632/3396/179
f 3609/3371/179 3632/3396/179 3633/3397/179
f 3609/3371/179 3633/3397/179 3634/3398/179
f 3609/3371/179 3634/3398/179 3635/3399/179
f 3609/3371/179 3635/3399/179 3636/3400/179
f 3609/3371/179 3636/3400/179 3637/3401/179
f 3609/3371/179 3637/3401/179 3638/3402/179
f 3609/3371/179 3638/3402/179 3639/3403/179
f 3609/3371/179 3639/3403/179 3640/3404/179
f 3609/3371/179 3640/3404/179 3641/3405/179
f 3609/3371/179 3641/3405/179 3642/3406/179
f 3609/3371/179 3642/3406/179 3643/3407/179
f 3609/3371/179 3643/3407/179 3644/3347/179
f 3609/3371/179 3644/3347/179 3645/3408/179
f 3609/3371/179 3645/3408/179 3646/3409/179
f 3609/3371/179 3646/3409/179 3647/3410/179
f 3609/3371/179 3647/3410/179 3648/3411/179
f 3609/3371/179 3648/3411/179 3649/3412/179
f 3609/3371/179 3649/3412/179 3650/3413/179
f 3609/3371/179 3650/3413/179 3651/3414/179
f 3609/3371/179 3651/3414/179 3652/3415/179
f 3609/3371/179 3652/3415/179 3653/3416/179
f 3609/3371/179 3653/3416/179 3654/3417/179
f 3609/3371/179 3654/3417/179 3655/3418/179
f 3609/3371/179 3655/3418/179 3608/3372/179
f 3656/3419/97 3657/3420/49 3658/3421/50
f 3658/3421/50 3659/3422/52 3656/3419/97
f 3660/3423/164 3656/3419/97 3659/3422/52
f 3659/3422/52 3661/3424/54 3660/3423/164
f 3662/3425/55 3660/3423/164 3661/3424/54
f 3661/3424/54 3663/3426/141 3662/3425/55
f 3664/3427/57 3662/3425/55 3663/3426/141
f 3663/3426/141 3665/3428/142 3664/3427/57
f 3666/3429/59 3664/3427/57 3665/3428/142
f 3665/3428/142 3667/3430/143 3666/3429/59
f 3668/3431/144 3666/3429/59 3667/3430/143
f 3667/3430/143 3669/3432/100 3668/3431/144
f 3670/3433/63 3668/3431/144 3669/3432/100
f 3669/3432/100 3671/3434/64 3670/3433/63
f 3672/3435/65 3670/3433/63 3671/3434/64
f 3671/3434/64 3673/3436/66 3672/3435/65
f 3674/3437/67 3672/3435/65 3673/3436/66
f 3673/3436/66 3675/3438/68 3674/3437/67
f 3676/3439/102 3674/3437/67 3675/3438/68
f 3675/3438/68 3677/3440/180 3676/3439/102
f 3678/3441/71 3676/3439/102 3677/3440/180
f 3677/3440/180 3679/3442/148 3678/3441/71
f 3680/3443/73 3678/3441/71 3679/3442/148
f 3679/3442/148 3681/3444/74 3680/3443/73
f 3682/3445/75 3680/3443/73 3681/3444/74
f 3681/3444/74 3683/3446/76 3682/3445/75
f 3684/3447/156 3682/3445/75 3683/3446/76
f 3683/3446/76 3685/3448/78 3684/3447/156
f 3686/3449/79 3684/3447/156 3685/3448/78
f 3685/3448/78 3687/3450/107 3686/3449/79
f 3688/3451/81 3686/3449/79 3687/3450/107
f 3687/3450/107 3689/3452/82 3688/3451/81
f 3690/3453/83 3688/3451/81 3689/3452/82
f 3689/3452/82 3691/3454/174 3690/3453/83
f 3692/3455/108 3690/3453/83 3691/3454/174
f 3691/3454/174 3693/3456/109 3692/3455/108
f 3694/3457/181 3692/3455/108 3693/3456/109
f 3693/3456/109 3695/3458/88 3694/3457/181
f 3696/3459/89 3694/3457/181 3695/3458/88
f 3695/3458/88 3697/3460/90 3696/3459/89
f 3698/3461/91 3696/3459/89 3697/3460/90
f 3697/3460/90 3699/3462/92 3698/3461/91
f 3700/3463/93 3698/3461/91 3699/3462/92
f 3699/3462/92 3701/3464/185 3700/3463/93
f 3702/3465/95 3700/3463/93 3701/3464/185
f 3701/3464/185 3703/3466/96 3702/3465/95
f 3704/3467/2 3702/3465/95 3703/3466/96
f 3703/3466/96 3705/3468/1 3704/3467/2
f 3706/3469/151 3704/3467/2 3705/3468/1
f 3705/3468/1 3707/3470/4 3706/3469/151
f 3708/3471/5 3706/3469/151 3707/3470/4
f 3707/3470/4 3709/3472/182 3708/3471/5
f 3710/3473/7 3708/3471/5 3709/3472/182
f 3709/3472/182 3711/3474/8 3710/3473/7
f 3712/3475/9 3710/3473/7 3711/3474/8
f 3711/3474/8 3713/3476/114 3712/3475/9
f 3714/3477/11 3712/3475/9 3713/3476/114
f 3713/3476/114 3715/3478/12 3714/3477/11
f 3716/3479/159 3714/3477/11 3715/3478/12
f 3715/3478/12 3717/3480/14 3716/3479/159
f 3718/3481/183 3716/3479/159 3717/3480/14
f 3717/3480/14 3719/3482/16 3718/3481/183
f 3720/3483/17 3718/3481/183 3719/3482/16
f 3719/3482/16 3721/3484/18 3720/3483/17
f 3722/3485/153 3720/3483/17 3721/3484/18
f 3721/3484/18 3723/3486/20 3722/3485/153
f 3724/3487/21 3722/3485/153 3723/3486/20
f 3723/3486/20 3725/3488/136 3724/3487/21
f 3726/3489/23 3724/3487/21 3725/3488/136
f 3725/3488/136 3727/3490/120 3726/3489/23
f 3728/3491/25 3726/3489/23 3727/3490/120
f 3727/3490/120 3729/3492/26 3728/3491/25
f 3730/3493/27 3728/3491/25 3729/3492/26
f 3729/3492/26 3731/3494/28 3730/3493/27
f 3732/3495/124 3730/3493/27 3731/3494/28
f 3731/3494/28 3733/3496/138 3732/3495/124
f 3734/3497/31 3732/3495/124 3733/3496/138
f 3733/3496/138 3735/3498/32 3734/3497/31
f 3736/3499/33 3734/3497/31 3735/3498/32
f 3735/3498/32 3737/3500/154 3736/3499/33
f 3738/3501/35 3736/3499/33 3737/3500/154
f 3737/3500/154 3739/3502/184 3738/3501/35
f 3740/3503/126 3738/3501/35 3739/3502/184
f 3739/3502/184 3741/3504/127 3740/3503/126
f 3742/3505/39 3740/3503/126 3741/3504/127
f 3741/3504/127 3743/3506/40 3742/3505/39
f 3744/3507/129 3742/3505/39 3743/3506/40
f 3743/3506/40 3745/3508/42 3744/3507/129
f 3746/3509/43 3744/3507/129 3745/3508/42
f 3745/3508/42 3747/3510/44 3746/3509/43
f 3748/3511/45 3746/3509/43 3747/3510/44
f 3747/3510/44 3749/3512/172 3748/3511/45
f 3750/3513/47 3748/3511/45 3749/3512/172
f 3749/3512/172 3751/3514/48 3750/3513/47
f 3657/3420/49 3750/3513/47 3751/3514/48
f 3751/3514/48 3658/3421/50 3657/3420/49
f 3754/3515/179 3753/3516/179 3752/3517/179
f 3754/3515/179 3752/3517/179 3755/3518/179
f 3754/3515/179 3755/3518/179 3756/3519/179
f 3754/3515/179 3756/3519/179 3757/3520/179
f 3754/3515/179 3757/3520/179 3758/3521/179
f 3754/3515/179 3758/3521/179 3759/3522/179
f 3754/3515/179 3759/3522/179 3760/3523/179
f 3754/3515/179 3760/3523/179 3761/3524/179
f 3754/3515/179 3761/3524/179 3762/3525/179
f 3754/3515/179 3762/3525/179 3763/3526/179
f 3754/3515/179 3763/3526/179 3764/3527/179
f 3754/3515/179 3764/3527/179 3765/3528/179
f 3754/3515/179 3765/3528/179 3766/3529/179
f 3754/3515/179 3766/3529/179 3767/3530/179
f 3754/3515/179 3767/3530/179 3768/3531/179
f 3754/3515/179 3768/3531/179 3769/3532/179
f 3754/3515/179 3769/3532/179 3770/3533/179
f 3754/3515/179 3770/3533/179 3771/3534/179
f 3754/3515/179 3771/3534/179 3772/3535/179
f 3754/3515/179 3772/3535/179 3773/3536/179
f 3754/3515/179 3773/3536/179 3774/3537/179
f 3754/3515/179 3774/3537/179 3775/3538/179
f 3754/3515/179 3775/3538/179 3776/3539/179
f 3754/3515/179 3776/3539/179 3777/3540/179
f 3754/3515/179 3777/3540/179 3778/3541/179
f 3754/3515/179 3778/3541/179 3779/3542/179
f 3754/3515/179 3779/3542/179 3780/3543/179
f 3754/3515/179 3780/3543/179 3781/3544/179
f 3754/3515/179 3781/3544/179 3782/3545/179
f 3754/3515/179 3782/3545/179 3783/3546/179
f 3754/3515/179 3783/3546/179 3784/3547/179
f 3754/3515/179 3784/3547/179 3785/3548/179
f 3754/3515/179 3785/3548/179 3786/3549/179
f 3754/3515/179 3786/3549/179 3787/3550/179
f 3754/3515/179 3787/3550/179 3788/3551/179
f 3754/3515/179 3788/3551/179 3789/3491/179
f 3754/3515/179 3789/3491/179 3790/3552/179
f 3754/3515/179 3790/3552/179 3791/3553/179
f 3754/3515/179 3791/3553/179 3792/3554/179
f 3754/3515/179 3792/3554/179 3793/3555/179
f 3754/3515/179 3793/3555/179 3794/3556/179
f 3754/3515/179 3794/3556/179 3795/3557/179
f 3754/3515/179 3795/3557/179 3796/3558/179
f 3754/3515/179 3796/3558/179 3797/3559/179
f 3754/3515/179 3797/3559/179 3798/3560/179
f 3754/3515/179 3798/3560/179 3799/3561/179
f 3754/3515/179 3799/3561/179 3800/3562/179
f 3754/3515/179 3800/3562/179 3753/3516/179
f 3801/3563/97 3802/3564/49 3803/3565/50
f 3803/3565/50 3804/3566/52 3801/3563/97
f 3805/3567/164 3801/3563/97 3804/3566/52
f 3804/3566/52 3806/3568/54 3805/3567/164
f 3807/3569/55 3805/3567/164 3806/3568/54
f 3806/3568/54 3808/3570/141 3807/3569/55
f 3809/3571/57 3807/3569/55 3808/3570/141
f 3808/3570/141 3810/3572/142 3809/3571/57
f 3811/3573/59 3809/3571/57 3810/3572/142
f 3810/3572/142 3812/3574/60 3811/3573/59
f 3813/3575/144 3811/3573/59 3812/3574/60
f 3812/3574/60 3814/3576/100 3813/3575/144
f 3815/3577/63 3813/3575/144 3814/3576/100
f 3814/3576/100 3816/3578/64 3815/3577/63
f 3817/3579/65 3815/3577/63 3816/3578/64
f 3816/3578/64 3818/3580/66 3817/3579/65
f 3819/3581/67 3817/3579/65 3818/3580/66
f 3818/3580/66 3820/3582/68 3819/3581/67
f 3821/3583/102 3819/3581/67 3820/3582/68
f 3820/3582/68 3822/3584/180 3821/3583/102
f 3823/3585/71 3821/3583/102 3822/3584/180
f 3822/3584/180 3824/3586/72 3823/3585/71
f 3825/3587/73 3823/3585/71 3824/3586/72
f 3824/3586/72 3826/3588/74 3825/3587/73
f 3827/3589/75 3825/3587/73 3826/3588/74
f 3826/3588/74 3828/3590/76 3827/3589/75
f 3829/3591/156 3827/3589/75 3828/3590/76
f 3828/3590/76 3830/3592/170 3829/3591/156
f 3831/3593/79 3829/3591/156 3830/3592/170
f 3830/3592/170 3832/3594/107 3831/3593/79
f 3833/3595/81 3831/3593/79 3832/3594/107
f 3832/3594/107 3834/3596/82 3833/3595/81
f 3835/3597/83 3833/3595/81 3834/3596/82
f 3834/3596/82 3836/3598/174 3835/3597/83
f 3837/3599/108 3835/3597/83 3836/3598/174
f 3836/3598/174 3838/3600/109 3837/3599/108
f 3839/3601/181 3837/3599/108 3838/3600/109
f 3838/3600/109 3840/3602/88 3839/3601/181
f 3841/3603/89 3839/3601/181 3840/3602/88
f 3840/3602/88 3842/3604/90 3841/3603/89
f 3843/3605/91 3841/3603/89 3842/3604/90
f 3842/3604/90 3844/3606/92 3843/3605/91
f 3845/3607/111 3843/3605/91 3844/3606/92
f 3844/3606/92 3846/3608/185 3845/3607/111
f 3847/3609/95 3845/3607/111 3846/3608/185
f 3846/3608/185 3848/3610/96 3847/3609/95
f 3849/3611/2 3847/3609/95 3848/3610/96
f 3848/3610/96 3850/3612/1 3849/3611/2
f 3851/3613/3 3849/3611/2 3850/3612/1
f 3850/3612/1 3852/3614/4 3851/3613/3
f 3853/3615/5 3851/3613/3 3852/3614/4
f 3852/3614/4 3854/3616/182 3853/3615/5
f 3855/3617/7 3853/3615/5 3854/3616/182
f 3854/3616/182 3856/3618/8 3855/3617/7
f 3857/3619/9 3855/3617/7 3856/3618/8
f 3856/3618/8 3858/3620/114 3857/3619/9
f 3859/3621/11 3857/3619/9 3858/3620/114
f 3858/3620/114 3860/3622/12 3859/3621/11
f 3861/3623/159 3859/3621/11 3860/3622/12
f 3860/3622/12 3862/3624/14 3861/3623/159
f 3863/3625/183 3861/3623/159 3862/3624/14
f 3862/3624/14 3864/3626/16 3863/3625/183
f 3865/3627/17 3863/3625/183 3864/3626/16
f 3864/3626/16 3866/3628/18 3865/3627/17
f 3867/3629/153 3865/3627/17 3866/3628/18
f 3866/3628/18 3868/3630/20 3867/3629/153
f 3869/3631/118 3867/3629/153 3868/3630/20
f 3868/3630/20 3870/3632/136 3869/3631/118
f 3871/3633/23 3869/3631/118 3870/3632/136
f 3870/3632/136 3872/3634/24 3871/3633/23
f 3873/3635/25 3871/3633/23 3872/3634/24
f 3872/3634/24 3874/3636/26 3873/3635/25
f 3875/3637/27 3873/3635/25 3874/3636/26
f 3874/3636/26 3876/3638/28 3875/3637/27
f 3877/3639/29 3875/3637/27 3876/3638/28
f 3876/3638/28 3878/3640/138 3877/3639/29
f 3879/3641/31 3877/3639/29 3878/3640/138
f 3878/3640/138 3880/3642/32 3879/3641/31
f 3881/3643/33 3879/3641/31 3880/3642/32
f 3880/3642/32 3882/3644/154 3881/3643/33
f 3883/3645/35 3881/3643/33 3882/3644/154
f 3882/3644/154 3884/3646/36 3883/3645/35
f 3885/3647/126 3883/3645/35 3884/3646/36
f 3884/3646/36 3886/3648/127 3885/3647/126
f 3887/3649/39 3885/3647/126 3886/3648/127
f 3886/3648/127 3888/3650/40 3887/3649/39
f 3889/3651/129 3887/3649/39 3888/3650/40
f 3888/3650/40 3890/3652/42 3889/3651/129
f 3891/3653/43 3889/3651/129 3890/3652/42
f 3890/3652/42 3892/3654/44 3891/3653/43
f 3893/3655/163 3891/3653/43 3892/3654/44
f 3892/3654/44 3894/3656/172 3893/3655/163
f 3895/3657/47 3893/3655/163 3894/3656/172
f 3894/3656/172 3896/3658/48 3895/3657/47
f 3802/3564/49 3895/3657/47 3896/3658/48
f 3896/3658/48 3803/3565/50 3802/3564/49
f 3899/3659/179 3898/3660/179 3897/3661/179
f 3899/3659/179 3897/3661/179 3900/3662/179
f 3899/3659/179 3900/3662/179 3901/3663/179
f 3899/3659/179 3901/3663/179 3902/3664/179
f 3899/3659/179 3902/3664/179 3903/3665/179
f 3899/3659/179 3903/3665/179 3904/3666/179
f 3899/3659/179 3904/3666/179 3905/3667/179
f 3899/3659/179 3905/3667/179 3906/3668/179
f 3899/3659/179 3906/3668/179 3907/3669/179
f 3899/3659/179 3907/3669/179 3908/3670/179
f 3899/3659/179 3908/3670/179 3909/3671/179
f 3899/3659/179 3909/3671/179 3910/3672/179
f 3899/3659/179 3910/3672/179 3911/3673/179
f 3899/3659/179 3911/3673/179 3912/3674/179
f 3899/3659/179 3912/3674/179 3913/3675/179
f 3899/3659/179 3913/3675/179 3914/3676/179
f 3899/3659/179 3914/3676/179 3915/3677/179
f 3899/3659/179 3915/3677/179 3916/3678/179
f 3899/3659/179 3916/3678/179 3917/3679/179
f 3899/3659/179 3917/3679/179 3918/3680/179
f 3899/3659/179 3918/3680/179 3919/3681/179
f 3899/3659/179 3919/3681/179 3920/3682/179
f 3899/3659/179 3920/3682/179 3921/3683/179
f 3899/3659/179 3921/3683/179 3922/3684/179
f 3899/3659/179 3922/3684/179 3923/3685/179
f 3899/3659/179 3923/3685/179 3924/3686/179
f 3899/3659/179 3924/3686/179 3925/3687/179
f 3899/3659/179 3925/3687/179 3926/3688/179
f 3899/3659/179 3926/3688/179 3927/3689/179
f 3899/3659/179 3927/3689/179 3928/3690/179
f 3899/3659/179 3928/3690/179 3929/3691/179
f 3899/3659/179 3929/3691/179 3930/3692/179
f 3899/3659/179 3930/3692/179 3931/3693/179
f 3899/3659/179 3931/3693/179 3932/3694/179
f 3899/3659/179 3932/3694/179 3933/3695/179
f 3899/3659/179 3933/3695/179 3934/3635/179
f 3899/3659/179 3934/3635/179 3935/3696/179
f 3899/3659/179 3935/3696/179 3936/3697/179
f 3899/3659/179 3936/3697/179 3937/3698/179
f 3899/3659/179 3937/3698/179 3938/3699/179
f 3899/3659/179 3938/3699/179 3939/3700/179
f 3899/3659/179 3939/3700/179 3940/3701/179
f 3899/3659/179 3940/3701/179 3941/3702/179
f 3899/3659/179 3941/3702/179 3942/3703/179
f 3899/3659/179 3942/3703/179 3943/3704/179
f 3899/3659/179 3943/3704/179 3944/3705/179
f 3899/3659/179 3944/3705/179 3945/3706/179
f 3899/3659/179 3945/3706/179 3898/3660/179
f 3946/3707/51 3947/3708/49 3948/3709/50
f 3948/3709/50 3949/3710/52 3946/3707/51
f 3950/3711/164 3946/3707/51 3949/3710/52
f 3949/3710/52 3951/3712/54 3950/3711/164
f 3952/3713/55 3950/3711/164 3951/3712/54
f 3951/3712/54 3953/3714/141 3952/3713/55
f 3954/3715/57 3952/3713/55 3953/3714/141
f 3953/3714/141 3955/3716/142 3954/3715/57
f 3956/3717/59 3954/3715/57 3955/3716/142
f 3955/3716/142 3957/3718/143 3956/3717/59
f 3958/3719/144 3956/3717/59 3957/3718/143
f 3957/3718/143 3959/3720/100 3958/3719/144
f 3960/3721/63 3958/3719/144 3959/3720/100
f 3959/3720/100 3961/3722/64 3960/3721/63
f 3962/3723/65 3960/3721/63 3961/3722/64
f 3961/3722/64 3963/3724/66 3962/3723/65
f 3964/3725/67 3962/3723/65 3963/3724/66
f 3963/3724/66 3965/3726/68 3964/3725/67
f 3966/3727/102 3964/3725/67 3965/3726/68
f 3965/3726/68 3967/3728/70 3966/3727/102
f 3968/3729/71 3966/3727/102 3967/3728/70
f 3967/3728/70 3969/3730/72 3968/3729/71
f 3970/3731/73 3968/3729/71 3969/3730/72
f 3969/3730/72 3971/3732/74 3970/3731/73
f 3972/3733/106 3970/3731/73 3971/3732/74
f 3971/3732/74 3973/3734/76 3972/3733/106
f 3974/3735/156 3972/3733/106 3973/3734/76
f 3973/3734/76 3975/3736/170 3974/3735/156
f 3976/3737/79 3974/3735/156 3975/3736/170
f 3975/3736/170 3977/3738/107 3976/3737/79
f 3978/3739/81 3976/3737/79 3977/3738/107
f 3977/3738/107 3979/3740/82 3978/3739/81
f 3980/3741/83 3978/3739/81 3979/3740/82
f 3979/3740/82 3981/3742/174 3980/3741/83
f 3982/3743/108 3980/3741/83 3981/3742/174
f 3981/3742/174 3983/3744/109 3982/3743/108
f 3984/3745/181 3982/3743/108 3983/3744/109
f 3983/3744/109 3985/3746/88 3984/3745/181
f 3986/3747/89 3984/3745/181 3985/3746/88
f 3985/3746/88 3987/3748/90 3986/3747/89
f 3988/3749/91 3986/3747/89 3987/3748/90
f 3987/3748/90 3989/3750/92 3988/3749/91
f 3990/3751/111 3988/3749/91 3989/3750/92
f 3989/3750/92 3991/3752/185 3990/3751/111
f 3992/3753/95 3990/3751/111 3991/3752/185
f 3991/3752/185 3993/3754/96 3992/3753/95
f 3994/3755/2 3992/3753/95 3993/3754/96
f 3993/3754/96 3995/3756/1 3994/3755/2
f 3996/3757/3 3994/3755/2 3995/3756/1
f 3995/3756/1 3997/3758/4 3996/3757/3
f 3998/3759/5 3996/3757/3 3997/3758/4
f 3997/3758/4 3999/3760/182 3998/3759/5
f 4000/3761/7 3998/3759/5 3999/3760/182
f 3999/3760/182 4001/3762/8 4000/3761/7
f 4002/3763/9 4000/3761/7 4001/3762/8
f 4001/3762/8 4003/3764/114 4002/3763/9
f 4004/3765/11 4002/3763/9 4003/3764/114
f 4003/3764/114 4005/3766/12 4004/3765/11
f 4006/3767/159 4004/3765/11 4005/3766/12
f 4005/3766/12 4007/3768/14 4006/3767/159
f 4008/3769/183 4006/3767/159 4007/3768/14
f 4007/3768/14 4009/3770/16 4008/3769/183
f 4010/3771/17 4008/3769/183 4009/3770/16
f 4009/3770/16 4011/3772/18 4010/3771/17
f 4012/3773/153 4010/3771/17 4011/3772/18
f 4011/3772/18 4013/3774/20 4012/3773/153
f 4014/3775/118 4012/3773/153 4013/3774/20
f 4013/3774/20 4015/3776/136 4014/3775/118
f 4016/3777/23 4014/3775/118 4015/3776/136
f 4015/3776/136 4017/3778/120 4016/3777/23
f 4018/3779/25 4016/3777/23 4017/3778/120
f 4017/3778/120 4019/3780/26 4018/3779/25
f 4020/3781/27 4018/3779/25 4019/3780/26
f 4019/3780/26 4021/3782/28 4020/3781/27
f 4022/3783/29 4020/3781/27 4021/3782/28
f 4021/3782/28 4023/3784/138 4022/3783/29
f 4024/3785/31 4022/3783/29 4023/3784/138
f 4023/3784/138 4025/3786/32 4024/3785/31
f 4026/3787/33 4024/3785/31 4025/3786/32
f 4025/3786/32 4027/3788/154 4026/3787/33
f 4028/3789/35 4026/3787/33 4027/3788/154
f 4027/3788/154 4029/3790/36 4028/3789/35
f 4030/3791/126 4028/3789/35 4029/3790/36
f 4029/3790/36 4031/3792/127 4030/3791/126
f 4032/3793/39 4030/3791/126 4031/3792/127
f 4031/3792/127 4033/3794/40 4032/3793/39
f 4034/3795/129 4032/3793/39 4033/3794/40
f 4033/3794/40 4035/3796/42 4034/3795/129
f 4036/3797/43 4034/3795/129 4035/3796/42
f 4035/3796/42 4037/3798/44 4036/3797/43
f 4038/3799/163 4036/3797/43 4037/3798/44
f 4037/3798/44 4039/3800/172 4038/3799/163
f 4040/3801/47 4038/3799/163 4039/3800/172
f 4039/3800/172 4041/3802/48 4040/3801/47
f 3947/3708/49 4040/3801/47 4041/3802/48
f 4041/3802/48 3948/3709/50 3947/3708/49
f 4044/3803/179 4043/3804/179 4042/3805/179
f 4044/3803/179 4042/3805/179 4045/3806/179
f 4044/3803/179 4045/3806/179 4046/3807/179
f 4044/3803/179 4046/3807/179 4047/3808/179
f 4044/3803/179 4047/3808/179 4048/3809/179
f 4044/3803/179 4048/3809/179 4049/3810/179
f 4044/3803/179 4049/3810/179 4050/3811/179
f 4044/3803/179 4050/3811/179 4051/3812/179
f 4044/3803/179 4051/3812/179 4052/3813/179
f 4044/3803/179 4052/3813/179 4053/3814/179
f 4044/3803/179 4053/3814/179 4054/3815/179
f 4044/3803/179 4054/3815/179 4055/3816/179
f 4044/3803/179 4055/3816/179 4056/3817/179
f 4044/3803/179 4056/3817/179 4057/3818/179
f 4044/3803/179 4057/3818/179 4058/3819/179
f 4044/3803/179 4058/3819/179 4059/3820/179
f 4044/3803/179 4059/3820/179 4060/3821/179
f 4044/3803/179 4060/3821/179 4061/3822/179
f 4044/3803/179 4061/3822/179 4062/3823/179
f 4044/3803/179 4062/3823/179 4063/3824/179
f 4044/3803/179 4063/3824/179 4064/3825/179
f 4044/3803/179 4064/3825/179 4065/3826/179
f 4044/3803/179 4065/3826/179 4066/3827/179
f 4044/3803/179 4066/3827/179 4067/3828/179
f 4044/3803/179 4067/3828/179 4068/3829/179
f 4044/3803/179 4068/3829/179 4069/3830/179
f 4044/3803/179 4069/3830/179 4070/3831/179
f 4044/3803/179 4070/3831/179 4071/3832/179
f 4044/3803/179 4071/3832/179 4072/3833/179
f 4044/3803/179 4072/3833/179 4073/3834/179
f 4044/3803/179 4073/3834/179 4074/3835/179
f 4044/3803/179 4074/3835/179 4075/3836/179
f 4044/3803/179 4075/3836/179 4076/3837/179
f 4044/3803/179 4076/3837/179 4077/3838/179
f 4044/3803/179 4077/3838/179 4078/3839/179
f 4044/3803/179 4078/3839/179 4079/3779/179
f 4044/3803/179 4079/3779/179 4080/3840/179
f 4044/3803/179 4080/3840/179 4081/3841/179
f 4044/3803/179 4081/3841/179 4082/3842/179
f 4044/3803/179 4082/3842/179 4083/3843/179
f 4044/3803/179 4083/3843/179 4084/3844/179
f 4044/3803/179 4084/3844/179 4085/3845/179
f 4044/3803/179 4085/3845/179 4086/3846/179
f 4044/3803/179 4086/3846/179 4087/3847/179
f 4044/3803/179 4087/3847/179 4088/3848/179
f 4044/3803/179 4088/3848/179 4089/3849/179
f 4044/3803/179 4089/3849/179 4090/3850/179
f 4044/3803/179 4090/3850/179 4043/3804/179
f 4091/3851/51 4092/3852/49 4093/3853/50
f 4093/3853/50 4094/3854/52 4091/3851/51
f 4095/3855/164 4091/3851/51 4094/3854/52
f 4094/3854/52 4096/3856/54 4095/3855/164
f 4097/3857/55 4095/3855/164 4096/3856/54
f 4096/3856/54 4098/3858/141 4097/3857/55
f 4099/3859/57 4097/3857/55 4098/3858/141
f 4098/3858/141 4100/3860/142 4099/3859/57
f 4101/3861/59 4099/3859/57 4100/3860/142
f 4100/3860/142 4102/3862/143 4101/3861/59
f 4103/3863/144 4101/3861/59 4102/3862/143
f 4102/3862/143 4104/3864/100 4103/3863/144
f 4105/3865/63 4103/3863/144 4104/3864/100
f 4104/3864/100 4106/3866/64 4105/3865/63
f 4107/3867/65 4105/3865/63 4106/3866/64
f 4106/3866/64 4108/3868/66 4107/3867/65
f 4109/3869/67 4107/3867/65 4108/3868/66
f 4108/3868/66 4110/3870/68 4109/3869/67
f 4111/3871/102 4109/3869/67 4110/3870/68
f 4110/3870/68 4112/3872/70 4111/3871/102
f 4113/3873/71 4111/3871/102 4112/3872/70
f 4112/3872/70 4114/3874/72 4113/3873/71
f 4115/3875/73 4113/3873/71 4114/3874/72
f 4114/3874/72 4116/3876/74 4115/3875/73
f 4117/3877/75 4115/3875/73 4116/3876/74
f 4116/3876/74 4118/3878/76 4117/3877/75
f 4119/3879/156 4117/3877/75 4118/3878/76
f 4118/3878/76 4120/3880/170 4119/3879/156
f 4121/3881/79 4119/3879/156 4120/3880/170
f 4120/3880/170 4122/3882/107 4121/3881/79
f 4123/3883/81 4121/3881/79 4122/3882/107
f 4122/3882/107 4124/3884/82 4123/3883/81
f 4125/3885/83 4123/3883/81 4124/3884/82
f 4124/3884/82 4126/3886/174 4125/3885/83
f 4127/3887/108 4125/3885/83 4126/3886/174
f 4126/3886/174 4128/3888/109 4127/3887/108
f 4129/3889/181 4127/3887/108 4128/3888/109
f 4128/3888/109 4130/3890/88 4129/3889/181
f 4131/3891/89 4129/3889/181 4130/3890/88
f 4130/3890/88 4132/3892/90 4131/3891/89
f 4133/3893/91 4131/3891/89 4132/3892/90
f 4132/3892/90 4134/3894/92 4133/3893/91
f 4135/3895/111 4133/3893/91 4134/3894/92
f 4134/3894/92 4136/3896/185 4135/3895/111
f 4137/3897/95 4135/3895/111 4136/3896/185
f 4136/3896/185 4138/3898/96 4137/3897/95
f 4139/3899/2 4137/3897/95 4138/3898/96
f 4138/3898/96 4140/3900/1 4139/3899/2
f 4141/3901/3 4139/3899/2 4140/3900/1
f 4140/3900/1 4142/3902/4 4141/3901/3
f 4143/3903/5 4141/3901/3 4142/3902/4
f 4142/3902/4 4144/3904/6 4143/3903/5
f 4145/3905/7 4143/3903/5 4144/3904/6
f 4144/3904/6 4146/3906/8 4145/3905/7
f 4147/3907/9 4145/3905/7 4146/3906/8
f 4146/3906/8 4148/3908/114 4147/3907/9
f 4149/3909/11 4147/3907/9 4148/3908/114
f 4148/3908/114 4150/3910/115 4149/3909/11
f 4151/3911/159 4149/3909/11 4150/3910/115
f 4150/3910/115 4152/3912/14 4151/3911/159
f 4153/3913/183 4151/3911/159 4152/3912/14
f 4152/3912/14 4154/3914/16 4153/3913/183
f 4155/3915/17 4153/3913/183 4154/3914/16
f 4154/3914/16 4156/3916/18 4155/3915/17
f 4157/3917/153 4155/3915/17 4156/3916/18
f 4156/3916/18 4158/3918/20 4157/3917/153
f 4159/3919/118 4157/3917/153 4158/3918/20
f 4158/3918/20 4160/3920/136 4159/3919/118
f 4161/3921/23 4159/3919/118 4160/3920/136
f 4160/3920/136 4162/3922/120 4161/3921/23
f 4163/3923/25 4161/3921/23 4162/3922/120
f 4162/3922/120 4164/3924/26 4163/3923/25
f 4165/3925/123 4163/3923/25 4164/3924/26
f 4164/3924/26 4166/3926/28 4165/3925/123
f 4167/3927/29 4165/3925/123 4166/3926/28
f 4166/3926/28 4168/3928/30 4167/3927/29
f 4169/3929/31 4167/3927/29 4168/3928/30
f 4168/3928/30 4170/3930/32 4169/3929/31
f 4171/3931/33 4169/3929/31 4170/3930/32
f 4170/3930/32 4172/3932/154 4171/3931/33
f 4173/3933/35 4171/3931/33 4172/3932/154
f 4172/3932/154 4174/3934/184 4173/3933/35
f 4175/3935/126 4173/3933/35 4174/3934/184
f 4174/3934/184 4176/3936/127 4175/3935/126
f 4177/3937/39 4175/3935/126 4176/3936/127
f 4176/3936/127 4178/3938/40 4177/3937/39
f 4179/3939/129 4177/3937/39 4178/3938/40
f 4178/3938/40 4180/3940/42 4179/3939/129
f 4181/3941/43 4179/3939/129 4180/3940/42
f 4180/3940/42 4182/3942/44 4181/3941/43
f 4183/3943/45 4181/3941/43 4182/3942/44
f 4182/3942/44 4184/3944/46 4183/3943/45
f 4185/3945/47 4183/3943/45 4184/3944/46
f 4184/3944/46 4186/3946/48 4185/3945/47
f 4092/3852/49 4185/3945/47 4186/3946/48
f 4186/3946/48 4093/3853/50 4092/3852/49
f 4189/3947/179 4188/3948/179 4187/3949/179
f 4189/3947/179 4187/3949/179 4190/3950/179
f 4189/3947/179 4190/3950/179 4191/3951/179
f 4189/3947/179 4191/3951/179 4192/3952/179
f 4189/3947/179 4192/3952/179 4193/3953/179
f 4189/3947/179 4193/3953/179 4194/3954/179
f 4189/3947/179 4194/3954/179 4195/3955/179
f 4189/3947/179 4195/3955/179 4196/3956/179
f 4189/3947/179 4196/3956/179 4197/3957/179
f 4189/3947/179 4197/3957/179 4198/3958/179
f 4189/3947/179 4198/3958/179 4199/3959/179
f 4189/3947/179 4199/3959/179 4200/3960/179
f 4189/3947/179 4200/3960/179 4201/3961/179
f 4189/3947/179 4201/3961/179 4202/3962/179
f 4189/3947/179 4202/3962/179 4203/3963/179
f 4189/3947/179 4203/3963/179 4204/3964/179
f 4189/3947/179 4204/3964/179 4205/3965/179
f 4189/3947/179 4205/3965/179 4206/3966/179
f 4189/3947/179 4206/3966/179 4207/3967/179
f 4189/3947/179 4207/3967/179 4208/3968/179
f 4189/3947/179 4208/3968/179 4209/3969/179
f 4189/3947/179 4209/3969/179 4210/3970/179
f 4189/3947/179 4210/3970/179 4211/3971/179
f 4189/3947/179 4211/3971/179 4212/3972/179
f 4189/3947/179 4212/3972/179 4213/3973/179
f 4189/3947/179 4213/3973/179 4214/3974/179
f 4189/3947/179 4214/3974/179 4215/3975/179
f 4189/3947/179 4215/3975/179 4216/3976/179
f 4189/3947/179 4216/3976/179 4217/3977/179
f 4189/3947/179 4217/3977/179 4218/3978/179
f 4189/3947/179 4218/3978/179 4219/3979/179
f 4189/3947/179 4219/3979/179 4220/3980/179
f 4189/3947/179 4220/3980/179 4221/3981/179
f 4189/3947/179 4221/3981/179 4222/3982/179
f 4189/3947/179 4222/3982/179 4223/3983/179
f 4189/3947/179 4223/3983/179 4224/3984/179
f 4189/3947/179 4224/3984/179 4225/3985/179
f 4189/3947/179 4225/3985/179 4226/3986/179
f 4189/3947/179 4226/3986/179 4227/3987/179
f 4189/3947/179 4227/3987/179 4228/3988/179
f 4189/3947/179 4228/3988/179 4229/3989/179
f 4189/3947/179 4229/3989/179 4230/3990/179
f 4189/3947/179 4230/3990/179 4231/3991/179
f 4189/3947/179 4231/3991/179 4232/3992/179
f 4189/3947/179 4232/3992/179 4233/3993/179
f 4189/3947/179 4233/3993/179 4234/3994/179
f 4189/3947/179 4234/3994/179 4235/3995/179
f 4189/3947/179 4235/3995/179 4188/3948/179
f 4236/3996/51 4237/3997/49 4238/3998/50
f 4238/3998/50 4239/3999/52 4236/3996/51
f 4240/4000/53 4236/3996/51 4239/3999/52
f 4239/3999/52 4241/4001/54 4240/4000/53
f 4242/4002/55 4240/4000/53 4241/4001/54
f 4241/4001/54 4243/4003/141 4242/4002/55
f 4244/4004/57 4242/4002/55 4243/4003/141
f 4243/4003/141 4245/4005/142 4244/4004/57
f 4246/4006/59 4244/4004/57 4245/4005/142
f 4245/4005/142 4247/4007/143 4246/4006/59
f 4248/4008/144 4246/4006/59 4247/4007/143
f 4247/4007/143 4249/4009/100 4248/4008/144
f 4250/4010/63 4248/4008/144 4249/4009/100
f 4249/4009/100 4251/4011/64 4250/4010/63
f 4252/4012/65 4250/4010/63 4251/4011/64
f 4251/4011/64 4253/4013/66 4252/4012/65
f 4254/4014/67 4252/4012/65 4253/4013/66
f 4253/4013/66 4255/4015/68 4254/4014/67
f 4256/4016/102 4254/4014/67 4255/4015/68
f 4255/4015/68 4257/4017/180 4256/4016/102
f 4258/4018/71 4256/4016/102 4257/4017/180
f 4257/4017/180 4259/4019/72 4258/4018/71
f 4260/4020/73 4258/4018/71 4259/4019/72
f 4259/4019/72 4261/4021/74 4260/4020/73
f 4262/4022/75 4260/4020/73 4261/4021/74
f 4261/4021/74 4263/4023/76 4262/4022/75
f 4264/4024/156 4262/4022/75 4263/4023/76
f 4263/4023/76 4265/4025/78 4264/4024/156
f 4266/4026/79 4264/4024/156 4265/4025/78
f 4265/4025/78 4267/4027/107 4266/4026/79
f 4268/4028/81 4266/4026/79 4267/4027/107
f 4267/4027/107 4269/4029/82 4268/4028/81
f 4270/4030/83 4268/4028/81 4269/4029/82
f 4269/4029/82 4271/4031/174 4270/4030/83
f 4272/4032/108 4270/4030/83 4271/4031/174
f 4271/4031/174 4273/4033/109 4272/4032/108
f 4274/4034/181 4272/4032/108 4273/4033/109
f 4273/4033/109 4275/4035/88 4274/4034/181
f 4276/4036/89 4274/4034/181 4275/4035/88
f 4275/4035/88 4277/4037/90 4276/4036/89
f 4278/4038/91 4276/4036/89 4277/4037/90
f 4277/4037/90 4279/4039/92 4278/4038/91
f 4280/4040/93 4278/4038/91 4279/4039/92
f 4279/4039/92 4281/4041/94 4280/4040/93
f 4282/4042/95 4280/4040/93 4281/4041/94
f 4281/4041/94 4283/4043/96 4282/4042/95
f 4284/4044/2 4282/4042/95 4283/4043/96
f 4283/4043/96 4285/4045/1 4284/4044/2
f 4286/4046/3 4284/4044/2 4285/4045/1
f 4285/4045/1 4287/4047/4 4286/4046/3
f 4288/4048/5 4286/4046/3 4287/4047/4
f 4287/4047/4 4289/4049/182 4288/4048/5
f 4290/4050/7 4288/4048/5 4289/4049/182
f 4289/4049/182 4291/4051/8 4290/4050/7
f 4292/4052/9 4290/4050/7 4291/4051/8
f 4291/4051/8 4293/4053/114 4292/4052/9
f 4294/4054/11 4292/4052/9 4293/4053/114
f 4293/4053/114 4295/4055/115 4294/4054/11
f 4296/4056/13 4294/4054/11 4295/4055/115
f 4295/4055/115 4297/4057/14 4296/4056/13
f 4298/4058/183 4296/4056/13 4297/4057/14
f 4297/4057/14 4299/4059/16 4298/4058/183
f 4300/4060/17 4298/4058/183 4299/4059/16
f 4299/4059/16 4301/4061/18 4300/4060/17
f 4302/4062/153 4300/4060/17 4301/4061/18
f 4301/4061/18 4303/4063/20 4302/4062/153
f 4304/4064/118 4302/4062/153 4303/4063/20
f 4303/4063/20 4305/4065/136 4304/4064/118
f 4306/4066/23 4304/4064/118 4305/4065/136
f 4305/4065/136 4307/4067/24 4306/4066/23
f 4308/3984/25 4306/4066/23 4307/4067/24
f 4307/4067/24 4309/4068/26 4308/3984/25
f 4310/4069/27 4308/3984/25 4309/4068/26
f 4309/4068/26 4311/4070/28 4310/4069/27
f 4312/4071/29 4310/4069/27 4311/4070/28
f 4311/4070/28 4313/4072/138 4312/4071/29
f 4314/4073/31 4312/4071/29 4313/4072/138
f 4313/4072/138 4315/4074/32 4314/4073/31
f 4316/4075/33 4314/4073/31 4315/4074/32
f 4315/4074/32 4317/4076/154 4316/4075/33
f 4318/4077/35 4316/4075/33 4317/4076/154
f 4317/4076/154 4319/4078/184 4318/4077/35
f 4320/4079/126 4318/4077/35 4319/4078/184
f 4319/4078/184 4321/4080/127 4320/4079/126
f 4322/4081/39 4320/4079/126 4321/4080/127
f 4321/4080/127 4323/4082/40 4322/4081/39
f 4324/4083/129 4322/4081/39 4323/4082/40
f 4323/4082/40 4325/4084/42 4324/4083/129
f 4326/4085/43 4324/4083/129 4325/4084/42
f 4325/4084/42 4327/4086/44 4326/4085/43
f 4328/4087/45 4326/4085/43 4327/4086/44
f 4327/4086/44 4329/4088/46 4328/4087/45
f 4330/4089/47 4328/4087/45 4329/4088/46
f 4329/4088/46 4331/4090/48 4330/4089/47
f 4237/3997/49 4330/4089/47 4331/4090/48
f 4331/4090/48 4238/3998/50 4237/3997/49
f 4334/4091/179 4333/4092/179 4332/4093/179
f 4334/4091/179 4332/4093/179 4335/4094/179
f 4334/4091/179 4335/4094/179 4336/4095/179
f 4334/4091/179 4336/4095/179 4337/4096/179
f 4334/4091/179 4337/4096/179 4338/4097/179
f 4334/4091/179 4338/4097/179 4339/4098/179
f 4334/4091/179 4339/4098/179 4340/4099/179
f 4334/4091/179 4340/4099/179 4341/4100/179
f 4334/4091/179 4341/4100/179 4342/4101/179
f 4334/4091/179 4342/4101/179 4343/4102/179
f 4334/4091/179 4343/4102/179 4344/4103/179
f 4334/4091/179 4344/4103/179 4345/4104/179
f 4334/4091/179 4345/4104/179 4346/4105/179
f 4334/4091/179 4346/4105/179 4347/4106/179
f 4334/4091/179 4347/4106/179 4348/4107/179
f 4334/4091/179 4348/4107/179 4349/4108/179
f 4334/4091/179 4349/4108/179 4350/4109/179
f 4334/4091/179 4350/4109/179 4351/4110/179
f 4334/4091/179 4351/4110/179 4352/4111/179
f 4334/4091/179 4352/4111/179 4353/4112/179
f 4334/4091/179 4353/4112/179 4354/4113/179
f 4334/4091/179 4354/4113/179 4355/4114/179
f 4334/4091/179 4355/4114/179 4356/4115/179
f 4334/4091/179 4356/4115/179 4357/4116/179
f 4334/4091/179 4357/4116/179 4358/4117/179
f 4334/4091/179 4358/4117/179 4359/4118/179
f 4334/4091/179 4359/4118/179 4360/4119/179
f 4334/4091/179 4360/4119/179 4361/4120/179
f 4334/4091/179 4361/4120/179 4362/4121/179
f 4334/4091/179 4362/4121/179 4363/4122/179
f 4334/4091/179 4363/4122/179 4364/4123/179
f 4334/4091/179 4364/4123/179 4365/4124/179
f 4334/4091/179 4365/4124/179 4366/4125/179
f 4334/4091/179 4366/4125/179 4367/4126/179
f 4334/4091/179 4367/4126/179 4368/4127/179
f 4334/4091/179 4368/4127/179 4369/4128/179
f 4334/4091/179 4369/4128/179 4370/4129/179
f 4334/4091/179 4370/4129/179 4371/4130/179
f 4334/4091/179 4371/4130/179 4372/4131/179
f 4334/4091/179 4372/4131/179 4373/4132/179
f 4334/4091/179 4373/4132/179 4374/4133/179
f 4334/4091/179 4374/4133/179 4375/4134/179
f 4334/4091/179 4375/4134/179 4376/4135/179
f 4334/4091/179 4376/4135/179 4377/4136/179
f 4334/4091/179 4377/4136/179 4378/4137/179
f 4334/4091/179 4378/4137/179 4379/4138/179
f 4334/4091/179 4379/4138/179 4380/4139/179
f 4334/4091/179 4380/4139/179 4333/4092/179
f 4381/4140/51 4382/4141/49 4383/4142/50
f 4383/4142/50 4384/4143/52 4381/4140/51
f 4385/4144/53 4381/4140/51 4384/4143/52
f 4384/4143/52 4386/4145/54 4385/4144/53
f 4387/4146/55 4385/4144/53 4386/4145/54
f 4386/4145/54 4388/4147/141 4387/4146/55
f 4389/4148/57 4387/4146/55 4388/4147/141
f 4388/4147/141 4390/4149/142 4389/4148/57
f 4391/4150/59 4389/4148/57 4390/4149/142
f 4390/4149/142 4392/4151/143 4391/4150/59
f 4393/4152/144 4391/4150/59 4392/4151/143
f 4392/4151/143 4394/4153/100 4393/4152/144
f 4395/4154/63 4393/4152/144 4394/4153/100
f 4394/4153/100 4396/4155/64 4395/4154/63
f 4397/4156/65 4395/4154/63 4396/4155/64
f 4396/4155/64 4398/4157/66 4397/4156/65
f 4399/4158/67 4397/4156/65 4398/4157/66
f 4398/4157/66 4400/4159/68 4399/4158/67
f 4401/4160/69 4399/4158/67 4400/4159/68
f 4400/4159/68 4402/4161/180 4401/4160/69
f 4403/4162/71 4401/4160/69 4402/4161/180
f 4402/4161/180 4404/4163/148 4403/4162/71
f 4405/4164/73 4403/4162/71 4404/4163/148
f 4404/4163/148 4406/4165/74 4405/4164/73
f 4407/4166/75 4405/4164/73 4406/4165/74
f 4406/4165/74 4408/4167/76 4407/4166/75
f 4409/4168/156 4407/4166/75 4408/4167/76
f 4408/4167/76 4410/4169/78 4409/4168/156
f 4411/4170/79 4409/4168/156 4410/4169/78
f 4410/4169/78 4412/4171/107 4411/4170/79
f 4413/4172/81 4411/4170/79 4412/4171/107
f 4412/4171/107 4414/4173/82 4413/4172/81
f 4415/4174/83 4413/4172/81 4414/4173/82
f 4414/4173/82 4416/4175/174 4415/4174/83
f 4417/4176/108 4415/4174/83 4416/4175/174
f 4416/4175/174 4418/4177/109 4417/4176/108
f 4419/4178/181 4417/4176/108 4418/4177/109
f 4418/4177/109 4420/4179/88 4419/4178/181
f 4421/4180/89 4419/4178/181 4420/4179/88
f 4420/4179/88 4422/4181/90 4421/4180/89
f 4423/4182/91 4421/4180/89 4422/4181/90
f 4422/4181/90 4424/4183/92 4423/4182/91
f 4425/4184/93 4423/4182/91 4424/4183/92
f 4424/4183/92 4426/4185/185 4425/4184/93
f 4427/4186/95 4425/4184/93 4426/4185/185
f 4426/4185/185 4428/4187/96 4427/4186/95
f 4429/4188/2 4427/4186/95 4428/4187/96
f 4428/4187/96 4430/4189/1 4429/4188/2
f 4431/4190/3 4429/4188/2 4430/4189/1
f 4430/4189/1 4432/4191/4 4431/4190/3
f 4433/4192/5 4431/4190/3 4432/4191/4
f 4432/4191/4 4434/4193/182 4433/4192/5
f 4435/4194/7 4433/4192/5 4434/4193/182
f 4434/4193/182 4436/4195/8 4435/4194/7
f 4437/4196/9 4435/4194/7 4436/4195/8
f 4436/4195/8 4438/4197/114 4437/4196/9
f 4439/4198/11 4437/4196/9 4438/4197/114
f 4438/4197/114 4440/4199/12 4439/4198/11
f 4441/4200/13 4439/4198/11 4440/4199/12
f 4440/4199/12 4442/4201/14 4441/4200/13
f 4443/4202/183 4441/4200/13 4442/4201/14
f 4442/4201/14 4444/4203/16 4443/4202/183
f 4445/4204/17 4443/4202/183 4444/4203/16
f 4444/4203/16 4446/4205/18 4445/4204/17
f 4447/4206/153 4445/4204/17 4446/4205/18
f 4446/4205/18 4448/4207/20 4447/4206/153
f 4449/4208/118 4447/4206/153 4448/4207/20
f 4448/4207/20 4450/4209/136 4449/4208/118
f 4451/4210/23 4449/4208/118 4450/4209/136
f 4450/4209/136 4452/4211/24 4451/4210/23
f 4453/4128/25 4451/4210/23 4452/4211/24
f 4452/4211/24 4454/4212/26 4453/4128/25
f 4455/4213/123 4453/4128/25 4454/4212/26
f 4454/4212/26 4456/4214/28 4455/4213/123
f 4457/4215/29 4455/4213/123 4456/4214/28
f 4456/4214/28 4458/4216/138 4457/4215/29
f 4459/4217/31 4457/4215/29 4458/4216/138
f 4458/4216/138 4460/4218/32 4459/4217/31
f 4461/4219/33 4459/4217/31 4460/4218/32
f 4460/4218/32 4462/4220/154 4461/4219/33
f 4463/4221/35 4461/4219/33 4462/4220/154
f 4462/4220/154 4464/4222/184 4463/4221/35
f 4465/4223/37 4463/4221/35 4464/4222/184
f 4464/4222/184 4466/4224/127 4465/4223/37
f 4467/4225/39 4465/4223/37 4466/4224/127
f 4466/4224/127 4468/4226/40 4467/4225/39
f 4469/4227/129 4467/4225/39 4468/4226/40
f 4468/4226/40 4470/4228/42 4469/4227/129
f 4471/4229/43 4469/4227/129 4470/4228/42
f 4470/4228/42 4472/4230/44 4471/4229/43
f 4473/4231/45 4471/4229/43 4472/4230/44
f 4472/4230/44 4474/4232/46 4473/4231/45
f 4475/4233/47 4473/4231/45 4474/4232/46
f 4474/4232/46 4476/4234/48 4475/4233/47
f 4382/4141/49 4475/4233/47 4476/4234/48
f 4476/4234/48 4383/4142/50 4382/4141/49
f 4479/4235/179 4478/4236/179 4477/4237/179
f 4479/4235/179 4477/4237/179 4480/4238/179
f 4479/4235/179 4480/4238/179 4481/4239/179
f 4479/4235/179 4481/4239/179 4482/4240/179
f 4479/4235/179 4482/4240/179 4483/4241/179
f 4479/4235/179 4483/4241/179 4484/4242/179
f 4479/4235/179 4484/4242/179 4485/4243/179
f 4479/4235/179 4485/4243/179 4486/4244/179
f 4479/4235/179 4486/4244/179 4487/4245/179
f 4479/4235/179 4487/4245/179 4488/4246/179
f 4479/4235/179 4488/4246/179 4489/4247/179
f 4479/4235/179 4489/4247/179 4490/4248/179
f 4479/4235/179 4490/4248/179 4491/4249/179
f 4479/4235/179 4491/4249/179 4492/4250/179
f 4479/4235/179 4492/4250/179 4493/4251/179
f 4479/4235/179 4493/4251/179 4494/4252/179
f 4479/4235/179 4494/4252/179 4495/4253/179
f 4479/4235/179 4495/4253/179 4496/4254/179
f 4479/4235/179 4496/4254/179 4497/4255/179
f 4479/4235/179 4497/4255/179 4498/4256/179
f 4479/4235/179 4498/4256/179 4499/4257/179
f 4479/4235/179 4499/4257/179 4500/4258/179
f 4479/4235/179 4500/4258/179 4501/4259/179
f 4479/4235/179 4501/4259/179 4502/4260/179
f 4479/4235/179 4502/4260/179 4503/4261/179
f 4479/4235/179 4503/4261/179 4504/4262/179
f 4479/4235/179 4504/4262/179 4505/4263/179
f 4479/4235/179 4505/4263/179 4506/4264/179
f 4479/4235/179 4506/4264/179 4507/4265/179
f 4479/4235/179 4507/4265/179 4508/4266/179
f 4479/4235/179 4508/4266/179 4509/4267/179
f 4479/4235/179 4509/4267/179 4510/4268/179
f 4479/4235/179 4510/4268/179 4511/4269/179
f 4479/4235/179 4511/4269/179 4512/4270/179
f 4479/4235/179 4512/4270/179 4513/4271/179
f 4479/4235/179 4513/4271/179 4514/4272/179
f 4479/4235/179 4514/4272/179 4515/4273/179
f 4479/4235/179 4515/4273/179 4516/4274/179
f 4479/4235/179 4516/4274/179 4517/4275/179
f 4479/4235/179 4517/4275/179 4518/4276/179
f 4479/4235/179 4518/4276/179 4519/4277/179
f 4479/4235/179 4519/4277/179 4520/4278/179
f 4479/4235/179 4520/4278/179 4521/4279/179
f 4479/4235/179 4521/4279/179 4522/4280/179
f 4479/4235/179 4522/4280/179 4523/4281/179
f 4479/4235/179 4523/4281/179 4524/4282/179
f 4479/4235/179 4524/4282/179 4525/4283/179
f 4479/4235/179 4525/4283/179 4478/4236/179
f 4526/4284/51 4527/4285/49 4528/4286/50
f 4528/4286/50 4529/4287/52 4526/4284/51
f 4530/4288/164 4526/4284/51 4529/4287/52
f 4529/4287/52 4531/4289/54 4530/4288/164
f 4532/4290/55 4530/4288/164 4531/4289/54
f 4531/4289/54 4533/4291/141 4532/4290/55
f 4534/4292/57 4532/4290/55 4533/4291/141
f 4533/4291/141 4535/4293/142 4534/4292/57
f 4536/4294/59 4534/4292/57 4535/4293/142
f 4535/4293/142 4537/4295/143 4536/4294/59
f 4538/4296/144 4536/4294/59 4537/4295/143
f 4537/4295/143 4539/4297/100 4538/4296/144
f 4540/4298/63 4538/4296/144 4539/4297/100
f 4539/4297/100 4541/4299/64 4540/4298/63
f 4542/4300/65 4540/4298/63 4541/4299/64
f 4541/4299/64 4543/4301/66 4542/4300/65
f 4544/4302/67 4542/4300/65 4543/4301/66
f 4543/4301/66 4545/4303/68 4544/4302/67
f 4546/4304/102 4544/4302/67 4545/4303/68
f 4545/4303/68 4547/4305/180 4546/4304/102
f 4548/4306/71 4546/4304/102 4547/4305/180
f 4547/4305/180 4549/4307/148 4548/4306/71
f 4550/4308/73 4548/4306/71 4549/4307/148
f 4549/4307/148 4551/4309/74 4550/4308/73
f 4552/4310/106 4550/4308/73 4551/4309/74
f 4551/4309/74 4553/4311/76 4552/4310/106
f 4554/4312/156 4552/4310/106 4553/4311/76
f 4553/4311/76 4555/4313/78 4554/4312/156
f 4556/4314/79 4554/4312/156 4555/4313/78
f 4555/4313/78 4557/4315/107 4556/4314/79
f 4558/4316/81 4556/4314/79 4557/4315/107
f 4557/4315/107 4559/4317/82 4558/4316/81
f 4560/4318/83 4558/4316/81 4559/4317/82
f 4559/4317/82 4561/4319/174 4560/4318/83
f 4562/4320/108 4560/4318/83 4561/4319/174
f 4561/4319/174 4563/4321/109 4562/4320/108
f 4564/4322/181 4562/4320/108 4563/4321/109
f 4563/4321/109 4565/4323/88 4564/4322/181
f 4566/4324/89 4564/4322/181 4565/4323/88
f 4565/4323/88 4567/4325/90 4566/4324/89
f 4568/4326/91 4566/4324/89 4567/4325/90
f 4567/4325/90 4569/4327/92 4568/4326/91
f 4570/4328/93 4568/4326/91 4569/4327/92
f 4569/4327/92 4571/4329/185 4570/4328/93
f 4572/4330/95 4570/4328/93 4571/4329/185
f 4571/4329/185 4573/4331/96 4572/4330/95
f 4574/4332/2 4572/4330/95 4573/4331/96
f 4573/4331/96 4575/4333/1 4574/4332/2
f 4576/4334/3 4574/4332/2 4575/4333/1
f 4575/4333/1 4577/4335/4 4576/4334/3
f 4578/4336/5 4576/4334/3 4577/4335/4
f 4577/4335/4 4579/4337/182 4578/4336/5
f 4580/4338/7 4578/4336/5 4579/4337/182
f 4579/4337/182 4581/4339/8 4580/4338/7
f 4582/4340/9 4580/4338/7 4581/4339/8
f 4581/4339/8 4583/4341/114 4582/4340/9
f 4584/4342/11 4582/4340/9 4583/4341/114
f 4583/4341/114 4585/4343/12 4584/4342/11
f 4586/4344/159 4584/4342/11 4585/4343/12
f 4585/4343/12 4587/4345/14 4586/4344/159
f 4588/4346/183 4586/4344/159 4587/4345/14
f 4587/4345/14 4589/4347/16 4588/4346/183
f 4590/4348/17 4588/4346/183 4589/4347/16
f 4589/4347/16 4591/4349/18 4590/4348/17
f 4592/4350/153 4590/4348/17 4591/4349/18
f 4591/4349/18 4593/4351/20 4592/4350/153
f 4594/4352/118 4592/4350/153 4593/4351/20
f 4593/4351/20 4595/4353/136 4594/4352/118
f 4596/4354/23 4594/4352/118 4595/4353/136
f 4595/4353/136 4597/4355/24 4596/4354/23
f 4598/4272/25 4596/4354/23 4597/4355/24
f 4597/4355/24 4599/4356/26 4598/4272/25
f 4600/4357/27 4598/4272/25 4599/4356/26
f 4599/4356/26 4601/4358/28 4600/4357/27
f 4602/4359/29 4600/4357/27 4601/4358/28
f 4601/4358/28 4603/4360/30 4602/4359/29
f 4604/4361/31 4602/4359/29 4603/4360/30
f 4603/4360/30 4605/4362/32 4604/4361/31
f 4606/4363/33 4604/4361/31 4605/4362/32
f 4605/4362/32 4607/4364/154 4606/4363/33
f 4608/4365/35 4606/4363/33 4607/4364/154
f 4607/4364/154 4609/4366/184 4608/4365/35
f 4610/4367/126 4608/4365/35 4609/4366/184
f 4609/4366/184 4611/4368/127 4610/4367/126
f 4612/4369/39 4610/4367/126 4611/4368/127
f 4611/4368/127 4613/4370/40 4612/4369/39
f 4614/4371/129 4612/4369/39 4613/4370/40
f 4613/4370/40 4615/4372/42 4614/4371/129
f 4616/4373/43 4614/4371/129 4615/4372/42
f 4615/4372/42 4617/4374/44 4616/4373/43
f 4618/4375/163 4616/4373/43 4617/4374/44
f 4617/4374/44 4619/4376/172 4618/4375/163
f 4620/4377/47 4618/4375/163 4619/4376/172
f 4619/4376/172 4621/4378/48 4620/4377/47
f 4527/4285/49 4620/4377/47 4621/4378/48
f 4621/4378/48 4528/4286/50 4527/4285/49
f 4624/4379/179 4623/4380/179 4622/4381/179
f 4624/4379/179 4622/4381/179 4625/4382/179
f 4624/4379/179 4625/4382/179 4626/4383/179
f 4624/4379/179 4626/4383/179 4627/4384/179
f 4624/4379/179 4627/4384/179 4628/4385/179
f 4624/4379/179 4628/4385/179 4629/4386/179
f 4624/4379/179 4629/4386/179 4630/4387/179
f 4624/4379/179 4630/4387/179 4631/4388/179
f 4624/4379/179 4631/4388/179 4632/4389/179
f 4624/4379/179 4632/4389/179 4633/4390/179
f 4624/4379/179 4633/4390/179 4634/4391/179
f 4624/4379/179 4634/4391/179 4635/4392/179
f 4624/4379/179 4635/4392/179 4636/4393/179
f 4624/4379/179 4636/4393/179 4637/4394/179
f 4624/4379/179 4637/4394/179 4638/4395/179
f 4624/4379/179 4638/4395/179 4639/4396/179
f 4624/4379/179 4639/4396/179 4640/4397/179
f 4624/4379/179 4640/4397/179 4641/4398/179
f 4624/4379/179 4641/4398/179 4642/4399/179
f 4624/4379/179 4642/4399/179 4643/4400/179
f 4624/4379/179 4643/4400/179 4644/4401/179
f 4624/4379/179 4644/4401/179 4645/4402/179
f 4624/4379/179 4645/4402/179 4646/4403/179
f 4624/4379/179 4646/4403/179 4647/4404/179
f 4624/4379/179 4647/4404/179 4648/4405/179
f 4624/4379/179 4648/4405/179 4649/4406/179
f 4624/4379/179 4649/4406/179 4650/4407/179
f 4624/4379/179 4650/4407/179 4651/4408/179
f 4624/4379/179 4651/4408/179 4652/4409/179
f 4624/4379/179 4652/4409/179 4653/4410/179
f 4624/4379/179 4653/4410/179 4654/4411/179
f 4624/4379/179 4654/4411/179 4655/4412/179
f 4624/4379/179 4655/4412/179 4656/4413/179
f 4624/4379/179 4656/4413/179 4657/4414/179
f 4624/4379/179 4657/4414/179 4658/4415/179
f 4624/4379/179 4658/4415/179 4659/4416/179
f 4624/4379/179 4659/4416/179 4660/4417/179
f 4624/4379/179 4660/4417/179 4661/4418/179
f 4624/4379/179 4661/4418/179 4662/4419/179
f 4624/4379/179 4662/4419/179 4663/4420/179
f 4624/4379/179 4663/4420/179 4664/4421/179
f 4624/4379/179 4664/4421/179 4665/4422/179
f 4624/4379/179 4665/4422/179 4666/4423/179
f 4624/4379/179 4666/4423/179 4667/4424/179
f 4624/4379/179 4667/4424/179 4668/4425/179
f 4624/4379/179 4668/4425/179 4669/4426/179
f 4624/4379/179 4669/4426/179 4670/4427/179
f 4624/4379/179 4670/4427/179 4623/4380/179
f 4671/4428/51 4672/4416/49 4673/4429/50
f 4673/4429/50 4674/4430/52 4671/4428/51
f 4675/4431/164 4671/4428/51 4674/4430/52
f 4674/4430/52 4676/4432/54 4675/4431/164
f 4677/4433/55 4675/4431/164 4676/4432/54
f 4676/4432/54 4678/4434/141 4677/4433/55
f 4679/4435/57 4677/4433/55 4678/4434/141
f 4678/4434/141 4680/4436/142 4679/4435/57
f 4681/4437/59 4679/4435/57 4680/4436/142
f 4680/4436/142 4682/4438/143 4681/4437/59
f 4683/4439/144 4681/4437/59 4682/4438/143
f 4682/4438/143 4684/4440/100 4683/4439/144
f 4685/4441/63 4683/4439/144 4684/4440/100
f 4684/4440/100 4686/4442/64 4685/4441/63
f 4687/4443/65 4685/4441/63 4686/4442/64
f 4686/4442/64 4688/4444/66 4687/4443/65
f 4689/4445/67 4687/4443/65 4688/4444/66
f 4688/4444/66 4690/4446/68 4689/4445/67
f 4691/4447/69 4689/4445/67 4690/4446/68
f 4690/4446/68 4692/4448/180 4691/4447/69
f 4693/4449/71 4691/4447/69 4692/4448/180
f 4692/4448/180 4694/4450/148 4693/4449/71
f 4695/4451/73 4693/4449/71 4694/4450/148
f 4694/4450/148 4696/4452/74 4695/4451/73
f 4697/4453/106 4695/4451/73 4696/4452/74
f 4696/4452/74 4698/4454/76 4697/4453/106
f 4699/4455/77 4697/4453/106 4698/4454/76
f 4698/4454/76 4700/4456/170 4699/4455/77
f 4701/4457/79 4699/4455/77 4700/4456/170
f 4700/4456/170 4702/4458/107 4701/4457/79
f 4703/4459/81 4701/4457/79 4702/4458/107
f 4702/4458/107 4704/4460/82 4703/4459/81
f 4705/4461/83 4703/4459/81 4704/4460/82
f 4704/4460/82 4706/4462/174 4705/4461/83
f 4707/4463/108 4705/4461/83 4706/4462/174
f 4706/4462/174 4708/4464/109 4707/4463/108
f 4709/4461/181 4707/4463/108 4708/4464/109
f 4708/4464/109 4710/4462/88 4709/4461/181
f 4711/4459/89 4709/4461/181 4710/4462/88
f 4710/4462/88 4712/4460/90 4711/4459/89
f 4713/4457/91 4711/4459/89 4712/4460/90
f 4712/4460/90 4714/4458/92 4713/4457/91
f 4715/4455/93 4713/4457/91 4714/4458/92
f 4714/4458/92 4716/4456/185 4715/4455/93
f 4717/4453/95 4715/4455/93 4716/4456/185
f 4716/4456/185 4718/4454/96 4717/4453/95
f 4719/4465/2 4717/4453/95 4718/4454/96
f 4718/4454/96 4720/4466/1 4719/4465/2
f 4721/4449/3 4719/4465/2 4720/4466/1
f 4720/4466/1 4722/4450/4 4721/4449/3
f 4723/4447/5 4721/4449/3 4722/4450/4
f 4722/4450/4 4724/4448/182 4723/4447/5
f 4725/4445/7 4723/4447/5 4724/4448/182
f 4724/4448/182 4726/4446/8 4725/4445/7
f 4727/4443/9 4725/4445/7 4726/4446/8
f 4726/4446/8 4728/4444/114 4727/4443/9
f 4729/4441/11 4727/4443/9 4728/4444/114
f 4728/4444/114 4730/4442/12 4729/4441/11
f 4731/4439/159 4729/4441/11 4730/4442/12
f 4730/4442/12 4732/4440/14 4731/4439/159
f 4733/4437/183 4731/4439/159 4732/4440/14
f 4732/4440/14 4734/4438/16 4733/4437/183
f 4735/4435/17 4733/4437/183 4734/4438/16
f 4734/4438/16 4736/4436/18 4735/4435/17
f 4737/4433/153 4735/4435/17 4736/4436/18
f 4736/4436/18 4738/4434/20 4737/4433/153
f 4739/4431/21 4737/4433/153 4738/4434/20
f 4738/4434/20 4740/4432/136 4739/4431/21
f 4741/4428/23 4739/4431/21 4740/4432/136
f 4740/4432/136 4742/4430/24 4741/4428/23
f 4743/4416/25 4741/4428/23 4742/4430/24
f 4742/4430/24 4744/4429/26 4743/4416/25
f 4745/4467/27 4743/4416/25 4744/4429/26
f 4744/4429/26 4746/4468/28 4745/4467/27
f 4747/4469/124 4745/4467/27 4746/4468/28
f 4746/4468/28 4748/4470/138 4747/4469/124
f 4749/4471/31 4747/4469/124 4748/4470/138
f 4748/4470/138 4750/4472/32 4749/4471/31
f 4751/4473/33 4749/4471/31 4750/4472/32
f 4750/4472/32 4752/4474/154 4751/4473/33
f 4753/4475/35 4751/4473/33 4752/4474/154
f 4752/4474/154 4754/4476/184 4753/4475/35
f 4755/4477/126 4753/4475/35 4754/4476/184
f 4754/4476/184 4756/4478/127 4755/4477/126
f 4757/4475/39 4755/4477/126 4756/4478/127
f 4756/4478/127 4758/4476/40 4757/4475/39
f 4759/4473/129 4757/4475/39 4758/4476/40
f 4758/4476/40 4760/4474/42 4759/4473/129
f 4761/4471/43 4759/4473/129 4760/4474/42
f 4760/4474/42 4762/4472/44 4761/4471/43
f 4763/4469/45 4761/4471/43 4762/4472/44
f 4762/4472/44 4764/4470/172 4763/4469/45
f 4765/4467/47 4763/4469/45 4764/4470/172
f 4764/4470/172 4766/4468/48 4765/4467/47
f 4672/4416/49 4765/4467/47 4766/4468/48
f 4766/4468/48 4673/4429/50 4672/4416/49
f 4769/4479/179 4768/4480/179 4767/4481/179
f 4769/4479/179 4767/4481/179 4770/4482/179
f 4769/4479/179 4770/4482/179 4771/4483/179
f 4769/4479/179 4771/4483/179 4772/4484/179
f 4769/4479/179 4772/4484/179 4773/4485/179
f 4769/4479/179 4773/4485/179 4774/4486/179
f 4769/4479/179 4774/4486/179 4775/4487/179
f 4769/4479/179 4775/4487/179 4776/4488/179
f 4769/4479/179 4776/4488/179 4777/4489/179
f 4769/4479/179 4777/4489/179 4778/4490/179
f 4769/4479/179 4778/4490/179 4779/4491/179
f 4769/4479/179 4779/4491/179 4780/4492/179
f 4769/4479/179 4780/4492/179 4781/4493/179
f 4769/4479/179 4781/4493/179 4782/4494/179
f 4769/4479/179 4782/4494/179 4783/4495/179
f 4769/4479/179 4783/4495/179 4784/4496/179
f 4769/4479/179 4784/4496/179 4785/4497/179
f 4769/4479/179 4785/4497/179 4786/4498/179
f 4769/4479/179 4786/4498/179 4787/4499/179
f 4769/4479/179 4787/4499/179 4788/4500/179
f 4769/4479/179 4788/4500/179 4789/4501/179
f 4769/4479/179 4789/4501/179 4790/4502/179
f 4769/4479/179 4790/4502/179 4791/4503/179
f 4769/4479/179 4791/4503/179 4792/4504/179
f 4769/4479/179 4792/4504/179 4793/4505/179
f 4769/4479/179 4793/4505/179 4794/4506/179
f 4769/4479/179 4794/4506/179 4795/4507/179
f 4769/4479/179 4795/4507/179 4796/4508/179
f 4769/4479/179 4796/4508/179 4797/4509/179
f 4769/4479/179 4797/4509/179 4798/4510/179
f 4769/4479/179 4798/4510/179 4799/4511/179
f 4769/4479/179 4799/4511/179 4800/4512/179
f 4769/4479/179 4800/4512/179 4801/4513/179
f 4769/4479/179 4801/4513/179 4802/4514/179
f 4769/4479/179 4802/4514/179 4803/4515/179
f 4769/4479/179 4803/4515/179 4804/3032/179
f 4769/4479/179 4804/3032/179 4805/4516/179
f 4769/4479/179 4805/4516/179 4806/4517/179
f 4769/4479/179 4806/4517/179 4807/4518/179
f 4769/4479/179 4807/4518/179 4808/4519/179
f 4769/4479/179 4808/4519/179 4809/4520/179
f 4769/4479/179 4809/4520/179 4810/4521/179
f 4769/4479/179 4810/4521/179 4811/4522/179
f 4769/4479/179 4811/4522/179 4812/4523/179
f 4769/4479/179 4812/4523/179 4813/4524/179
f 4769/4479/179 4813/4524/179 4814/4525/179
f 4769/4479/179 4814/4525/179 4815/4526/179
f 4769/4479/179 4815/4526/179 4768/4480/179
f 4816/3101/97 4817/3103/49 4818/3104/50
f 4818/3104/50 4819/3102/52 4816/3101/97
f 4820/3099/164 4816/3101/97 4819/3102/52
f 4819/3102/52 4821/3100/99 4820/3099/164
f 4822/3097/55 4820/3099/164 4821/3100/99
f 4821/3100/99 4823/3098/141 4822/3097/55
f 4824/3095/57 4822/3097/55 4823/3098/141
f 4823/3098/141 4825/3096/142 4824/3095/57
f 4826/3093/59 4824/3095/57 4825/3096/142
f 4825/3096/142 4827/3094/143 4826/3093/59
f 4828/3091/144 4826/3093/59 4827/3094/143
f 4827/3094/143 4829/3092/100 4828/3091/144
f 4830/3089/101 4828/3091/144 4829/3092/100
f 4829/3092/100 4831/3090/64 4830/3089/101
f 4832/3087/65 4830/3089/101 4831/3090/64
f 4831/3090/64 4833/3088/66 4832/3087/65
f 4834/3085/67 4832/3087/65 4833/3088/66
f 4833/3088/66 4835/3086/68 4834/3085/67
f 4836/3083/69 4834/3085/67 4835/3086/68
f 4835/3086/68 4837/3084/180 4836/3083/69
f 4838/3081/71 4836/3083/69 4837/3084/180
f 4837/3084/180 4839/3082/148 4838/3081/71
f 4840/4527/73 4838/3081/71 4839/3082/148
f 4839/3082/148 4841/4528/74 4840/4527/73
f 4842/3077/75 4840/4527/73 4841/4528/74
f 4841/4528/74 4843/3078/76 4842/3077/75
f 4844/3075/156 4842/3077/75 4843/3078/76
f 4843/3078/76 4845/3076/170 4844/3075/156
f 4846/3073/79 4844/3075/156 4845/3076/170
f 4845/3076/170 4847/3074/107 4846/3073/79
f 4848/3071/81 4846/3073/79 4847/3074/107
f 4847/3074/107 4849/3072/82 4848/3071/81
f 4850/3069/83 4848/3071/81 4849/3072/82
f 4849/3072/82 4851/3070/174 4850/3069/83
f 4852/4529/108 4850/3069/83 4851/3070/174
f 4851/3070/174 4853/4530/109 4852/4529/108
f 4854/3065/181 4852/4529/108 4853/4530/109
f 4853/4530/109 4855/3066/88 4854/3065/181
f 4856/3063/89 4854/3065/181 4855/3066/88
f 4855/3066/88 4857/3064/90 4856/3063/89
f 4858/3061/91 4856/3063/89 4857/3064/90
f 4857/3064/90 4859/3062/92 4858/3061/91
f 4860/3059/93 4858/3061/91 4859/3062/92
f 4859/3062/92 4861/3060/94 4860/3059/93
f 4862/3057/95 4860/3059/93 4861/3060/94
f 4861/3060/94 4863/3058/96 4862/3057/95
f 4864/4531/2 4862/3057/95 4863/3058/96
f 4863/3058/96 4865/4532/1 4864/4531/2
f 4866/3053/151 4864/4531/2 4865/4532/1
f 4865/4532/1 4867/3054/4 4866/3053/151
f 4868/3051/5 4866/3053/151 4867/3054/4
f 4867/3054/4 4869/3052/182 4868/3051/5
f 4870/3049/7 4868/3051/5 4869/3052/182
f 4869/3052/182 4871/3050/8 4870/3049/7
f 4872/3047/9 4870/3049/7 4871/3050/8
f 4871/3050/8 4873/3048/114 4872/3047/9
f 4874/3045/11 4872/3047/9 4873/3048/114
f 4873/3048/114 4875/3046/12 4874/3045/11
f 4876/3043/159 4874/3045/11 4875/3046/12
f 4875/3046/12 4877/3044/14 4876/3043/159
f 4878/3041/183 4876/3043/159 4877/3044/14
f 4877/3044/14 4879/3042/16 4878/3041/183
f 4880/3039/17 4878/3041/183 4879/3042/16
f 4879/3042/16 4881/3040/18 4880/3039/17
f 4882/3037/153 4880/3039/17 4881/3040/18
f 4881/3040/18 4883/3038/20 4882/3037/153
f 4884/3035/21 4882/3037/153 4883/3038/20
f 4883/3038/20 4885/3036/136 4884/3035/21
f 4886/3031/23 4884/3035/21 4885/3036/136
f 4885/3036/136 4887/3034/24 4886/3031/23
f 4888/3032/25 4886/3031/23 4887/3034/24
f 4887/3034/24 4889/3033/26 4888/3032/25
f 4890/3125/27 4888/3032/25 4889/3033/26
f 4889/3033/26 4891/3126/28 4890/3125/27
f 4892/3123/124 4890/3125/27 4891/3126/28
f 4891/3126/28 4893/3124/30 4892/3123/124
f 4894/3121/31 4892/3123/124 4893/3124/30
f 4893/3124/30 4895/3122/32 4894/3121/31
f 4896/3119/33 4894/3121/31 4895/3122/32
f 4895/3122/32 4897/3120/154 4896/3119/33
f 4898/3117/35 4896/3119/33 4897/3120/154
f 4897/3120/154 4899/3118/184 4898/3117/35
f 4900/4533/126 4898/3117/35 4899/3118/184
f 4899/3118/184 4901/4534/127 4900/4533/126
f 4902/3113/39 4900/4533/126 4901/4534/127
f 4901/4534/127 4903/3114/40 4902/3113/39
f 4904/3111/129 4902/3113/39 4903/3114/40
f 4903/3114/40 4905/3112/42 4904/3111/129
f 4906/3109/160 4904/3111/129 4905/3112/42
f 4905/3112/42 4907/3110/44 4906/3109/160
f 4908/3107/45 4906/3109/160 4907/3110/44
f 4907/3110/44 4909/3108/172 4908/3107/45
f 4910/3105/47 4908/3107/45 4909/3108/172
f 4909/3108/172 4911/3106/131 4910/3105/47
f 4817/3103/49 4910/3105/47 4911/3106/131
f 4911/3106/131 4818/3104/50 4817/3103/49
f 4914/4535/179 4913/4536/179 4912/4537/179
f 4914/4535/179 4912/4537/179 4915/4538/179
f 4914/4535/179 4915/4538/179 4916/4539/179
f 4914/4535/179 4916/4539/179 4917/4540/179
f 4914/4535/179 4917/4540/179 4918/4541/179
f 4914/4535/179 4918/4541/179 4919/4542/179
f 4914/4535/179 4919/4542/179 4920/4543/179
f 4914/4535/179 4920/4543/179 4921/4544/179
f 4914/4535/179 4921/4544/179 4922/4545/179
f 4914/4535/179 4922/4545/179 4923/4546/179
f 4914/4535/179 4923/4546/179 4924/4547/179
f 4914/4535/179 4924/4547/179 4925/4548/179
f 4914/4535/179 4925/4548/179 4926/4549/179
f 4914/4535/179 4926/4549/179 4927/4550/179
f 4914/4535/179 4927/4550/179 4928/4551/179
f 4914/4535/179 4928/4551/179 4929/4552/179
f 4914/4535/179 4929/4552/179 4930/4553/179
f 4914/4535/179 4930/4553/179 4931/4554/179
f 4914/4535/179 4931/4554/179 4932/4555/179
f 4914/4535/179 4932/4555/179 4933/4556/179
f 4914/4535/179 4933/4556/179 4934/4557/179
f 4914/4535/179 4934/4557/179 4935/4558/179
f 4914/4535/179 4935/4558/179 4936/4559/179
f 4914/4535/179 4936/4559/179 4937/4560/179
f 4914/4535/179 4937/4560/179 4938/4561/179
f 4914/4535/179 4938/4561/179 4939/4562/179
f 4914/4535/179 4939/4562/179 4940/4563/179
f 4914/4535/179 4940/4563/179 4941/4564/179
f 4914/4535/179 4941/4564/179 4942/4565/179
f 4914/4535/179 4942/4565/179 4943/4566/179
f 4914/4535/179 4943/4566/179 4944/4567/179
f 4914/4535/179 4944/4567/179 4945/4568/179
f 4914/4535/179 4945/4568/179 4946/4569/179
f 4914/4535/179 4946/4569/179 4947/4570/179
f 4914/4535/179 4947/4570/179 4948/4571/179
f 4914/4535/179 4948/4571/179 4949/4572/179
f 4914/4535/179 4949/4572/179 4950/4573/179
f 4914/4535/179 4950/4573/179 4951/4574/179
f 4914/4535/179 4951/4574/179 4952/4575/179
f 4914/4535/179 4952/4575/179 4953/4576/179
f 4914/4535/179 4953/4576/179 4954/4577/179
f 4914/4535/179 4954/4577/179 4955/4578/179
f 4914/4535/179 4955/4578/179 4956/4579/179
f 4914/4535/179 4956/4579/179 4957/4580/179
f 4914/4535/179 4957/4580/179 4958/4581/179
f 4914/4535/179 4958/4581/179 4959/4582/179
f 4914/4535/179 4959/4582/179 4960/4583/179
f 4914/4535/179 4960/4583/179 4913/4536/179
f 4961/4584/51 4962/4585/49 4963/4586/50
f 4963/4586/50 4964/4587/52 4961/4584/51
f 4965/4588/164 4961/4584/51 4964/4587/52
f 4964/4587/52 4966/4589/99 4965/4588/164
f 4967/4590/55 4965/4588/164 4966/4589/99
f 4966/4589/99 4968/4591/141 4967/4590/55
f 4969/4592/57 4967/4590/55 4968/4591/141
f 4968/4591/141 4970/4593/169 4969/4592/57
f 4971/4594/59 4969/4592/57 4970/4593/169
f 4970/4593/169 4972/4595/60 4971/4594/59
f 4973/4596/144 4971/4594/59 4972/4595/60
f 4972/4595/60 4974/4597/100 4973/4596/144
f 4975/4598/63 4973/4596/144 4974/4597/100
f 4974/4597/100 4976/4599/64 4975/4598/63
f 4977/4600/65 4975/4598/63 4976/4599/64
f 4976/4599/64 4978/4601/66 4977/4600/65
f 4979/4602/67 4977/4600/65 4978/4601/66
f 4978/4601/66 4980/4603/68 4979/4602/67
f 4981/4604/69 4979/4602/67 4980/4603/68
f 4980/4603/68 4982/4605/70 4981/4604/69
f 4983/4606/71 4981/4604/69 4982/4605/70
f 4982/4605/70 4984/4607/148 4983/4606/71
f 4985/4608/73 4983/4606/71 4984/4607/148
f 4984/4607/148 4986/4609/74 4985/4608/73
f 4987/4610/75 4985/4608/73 4986/4609/74
f 4986/4609/74 4988/4611/76 4987/4610/75
f 4989/4612/156 4987/4610/75 4988/4611/76
f 4988/4611/76 4990/4613/170 4989/4612/156
f 4991/4614/79 4989/4612/156 4990/4613/170
f 4990/4613/170 4992/4615/107 4991/4614/79
f 4993/4616/81 4991/4614/79 4992/4615/107
f 4992/4615/107 4994/4617/82 4993/4616/81
f 4995/4618/83 4993/4616/81 4994/4617/82
f 4994/4617/82 4996/4619/174 4995/4618/83
f 4997/4620/108 4995/4618/83 4996/4619/174
f 4996/4619/174 4998/4621/109 4997/4620/108
f 4999/4622/181 4997/4620/108 4998/4621/109
f 4998/4621/109 5000/4623/88 4999/4622/181
f 5001/4624/89 4999/4622/181 5000/4623/88
f 5000/4623/88 5002/4625/90 5001/4624/89
f 5003/4626/91 5001/4624/89 5002/4625/90
f 5002/4625/90 5004/4627/92 5003/4626/91
f 5005/4628/93 5003/4626/91 5004/4627/92
f 5004/4627/92 5006/4629/94 5005/4628/93
f 5007/4630/95 5005/4628/93 5006/4629/94
f 5006/4629/94 5008/4631/96 5007/4630/95
f 5009/4632/2 5007/4630/95 5008/4631/96
f 5008/4631/96 5010/4633/1 5009/4632/2
f 5011/4634/151 5009/4632/2 5010/4633/1
f 5010/4633/1 5012/4635/4 5011/4634/151
f 5013/4636/5 5011/4634/151 5012/4635/4
f 5012/4635/4 5014/4637/182 5013/4636/5
f 5015/4638/7 5013/4636/5 5014/4637/182
f 5014/4637/182 5016/4639/8 5015/4638/7
f 5017/4640/9 5015/4638/7 5016/4639/8
f 5016/4639/8 5018/4641/114 5017/4640/9
f 5019/4642/11 5017/4640/9 5018/4641/114
f 5018/4641/114 5020/4643/115 5019/4642/11
f 5021/4644/159 5019/4642/11 5020/4643/115
f 5020/4643/115 5022/4645/14 5021/4644/159
f 5023/4646/183 5021/4644/159 5022/4645/14
f 5022/4645/14 5024/4647/16 5023/4646/183
f 5025/4648/17 5023/4646/183 5024/4647/16
f 5024/4647/16 5026/4649/18 5025/4648/17
f 5027/4650/153 5025/4648/17 5026/4649/18
f 5026/4649/18 5028/4651/20 5027/4650/153
f 5029/4652/118 5027/4650/153 5028/4651/20
f 5028/4651/20 5030/4653/136 5029/4652/118
f 5031/4654/23 5029/4652/118 5030/4653/136
f 5030/4653/136 5032/4655/24 5031/4654/23
f 5033/4572/25 5031/4654/23 5032/4655/24
f 5032/4655/24 5034/4656/26 5033/4572/25
f 5035/4657/27 5033/4572/25 5034/4656/26
f 5034/4656/26 5036/4658/28 5035/4657/27
f 5037/4659/124 5035/4657/27 5036/4658/28
f 5036/4658/28 5038/4660/30 5037/4659/124
f 5039/4661/31 5037/4659/124 5038/4660/30
f 5038/4660/30 5040/4662/32 5039/4661/31
f 5041/4663/33 5039/4661/31 5040/4662/32
f 5040/4662/32 5042/4664/154 5041/4663/33
f 5043/4665/35 5041/4663/33 5042/4664/154
f 5042/4664/154 5044/4666/36 5043/4665/35
f 5045/4667/126 5043/4665/35 5044/4666/36
f 5044/4666/36 5046/4668/127 5045/4667/126
f 5047/4669/128 5045/4667/126 5046/4668/127
f 5046/4668/127 5048/4670/40 5047/4669/128
f 5049/4671/129 5047/4669/128 5048/4670/40
f 5048/4670/40 5050/4672/42 5049/4671/129
f 5051/4673/43 5049/4671/129 5050/4672/42
f 5050/4672/42 5052/4674/44 5051/4673/43
f 5053/4675/45 5051/4673/43 5052/4674/44
f 5052/4674/44 5054/4676/46 5053/4675/45
f 5055/4677/47 5053/4675/45 5054/4676/46
f 5054/4676/46 5056/4678/48 5055/4677/47
f 4962/4585/49 5055/4677/47 5056/4678/48
f 5056/4678/48 4963/4586/50 4962/4585/49
f 5059/4679/179 5058/4680/179 5057/4681/179
f 5059/4679/179 5057/4681/179 5060/4682/179
f 5059/4679/179 5060/4682/179 5061/4683/179
f 5059/4679/179 5061/4683/179 5062/4684/179
f 5059/4679/179 5062/4684/179 5063/4685/179
f 5059/4679/179 5063/4685/179 5064/4686/179
f 5059/4679/179 5064/4686/179 5065/4687/179
f 5059/4679/179 5065/4687/179 5066/4688/179
f 5059/4679/179 5066/4688/179 5067/4689/179
f 5059/4679/179 5067/4689/179 5068/4690/179
f 5059/4679/179 5068/4690/179 5069/4691/179
f 5059/4679/179 5069/4691/179 5070/4692/179
f 5059/4679/179 5070/4692/179 5071/4693/179
f 5059/4679/179 5071/4693/179 5072/4694/179
f 5059/4679/179 5072/4694/179 5073/4695/179
f 5059/4679/179 5073/4695/179 5074/4696/179
f 5059/4679/179 5074/4696/179 5075/4697/179
f 5059/4679/179 5075/4697/179 5076/4698/179
f 5059/4679/179 5076/4698/179 5077/4699/179
f 5059/4679/179 5077/4699/179 5078/4700/179
f 5059/4679/179 5078/4700/179 5079/4701/179
f 5059/4679/179 5079/4701/179 5080/4702/179
f 5059/4679/179 5080/4702/179 5081/4703/179
f 5059/4679/179 5081/4703/179 5082/4704/179
f 5059/4679/179 5082/4704/179 5083/4705/179
f 5059/4679/179 5083/4705/179 5084/4706/179
f 5059/4679/179 5084/4706/179 5085/4707/179
f 5059/4679/179 5085/4707/179 5086/4708/179
f 5059/4679/179 5086/4708/179 5087/4709/179
f 5059/4679/179 5087/4709/179 5088/4710/179
f 5059/4679/179 5088/4710/179 5089/4711/179
f 5059/4679/179 5089/4711/179 5090/4712/179
f 5059/4679/179 5090/4712/179 5091/4713/179
f 5059/4679/179 5091/4713/179 5092/4714/179
f 5059/4679/179 5092/4714/179 5093/4715/179
f 5059/4679/179 5093/4715/179 5094/4716/179
f 5059/4679/179 5094/4716/179 5095/4717/179
f 5059/4679/179 5095/4717/179 5096/4718/179
f 5059/4679/179 5096/4718/179 5097/4719/179
f 5059/4679/179 5097/4719/179 5098/4720/179
f 5059/4679/179 5098/4720/179 5099/4721/179
f 5059/4679/179 5099/4721/179 5100/4722/179
f 5059/4679/179 5100/4722/179 5101/4723/179
f 5059/4679/179 5101/4723/179 5102/4724/179
f 5059/4679/179 5102/4724/179 5103/4725/179
f 5059/4679/179 5103/4725/179 5104/4726/179
f 5059/4679/179 5104/4726/179 5105/4727/179
f 5059/4679/179 5105/4727/179 5058/4680/179
f 5106/4728/51 5107/4729/49 5108/4730/50
f 5108/4730/50 5109/4731/52 5106/4728/51
f 5110/4732/164 5106/4728/51 5109/4731/52
f 5109/4731/52 5111/4733/99 5110/4732/164
f 5112/4734/55 5110/4732/164 5111/4733/99
f 5111/4733/99 5113/4735/141 5112/4734/55
f 5114/4736/57 5112/4734/55 5113/4735/141
f 5113/4735/141 5115/4737/142 5114/4736/57
f 5116/4738/59 5114/4736/57 5115/4737/142
f 5115/4737/142 5117/4739/143 5116/4738/59
f 5118/4740/144 5116/4738/59 5117/4739/143
f 5117/4739/143 5119/4741/100 5118/4740/144
f 5120/4742/63 5118/4740/144 5119/4741/100
f 5119/4741/100 5121/4743/64 5120/4742/63
f 5122/4744/65 5120/4742/63 5121/4743/64
f 5121/4743/64 5123/4745/66 5122/4744/65
f 5124/4746/67 5122/4744/65 5123/4745/66
f 5123/4745/66 5125/4747/68 5124/4746/67
f 5126/4748/69 5124/4746/67 5125/4747/68
f 5125/4747/68 5127/4749/180 5126/4748/69
f 5128/4750/71 5126/4748/69 5127/4749/180
f 5127/4749/180 5129/4751/148 5128/4750/71
f 5130/4752/73 5128/4750/71 5129/4751/148
f 5129/4751/148 5131/4753/74 5130/4752/73
f 5132/4754/75 5130/4752/73 5131/4753/74
f 5131/4753/74 5133/4755/76 5132/4754/75
f 5134/4756/156 5132/4754/75 5133/4755/76
f 5133/4755/76 5135/4757/78 5134/4756/156
f 5136/4758/79 5134/4756/156 5135/4757/78
f 5135/4757/78 5137/4759/107 5136/4758/79
f 5138/4760/81 5136/4758/79 5137/4759/107
f 5137/4759/107 5139/4761/82 5138/4760/81
f 5140/4762/83 5138/4760/81 5139/4761/82
f 5139/4761/82 5141/4763/84 5140/4762/83
f 5142/4764/108 5140/4762/83 5141/4763/84
f 5141/4763/84 5143/4765/109 5142/4764/108
f 5144/4766/87 5142/4764/108 5143/4765/109
f 5143/4765/109 5145/4767/88 5144/4766/87
f 5146/4768/89 5144/4766/87 5145/4767/88
f 5145/4767/88 5147/4769/90 5146/4768/89
f 5148/4770/91 5146/4768/89 5147/4769/90
f 5147/4769/90 5149/4771/92 5148/4770/91
f 5150/4772/93 5148/4770/91 5149/4771/92
f 5149/4771/92 5151/4773/185 5150/4772/93
f 5152/4774/95 5150/4772/93 5151/4773/185
f 5151/4773/185 5153/4775/96 5152/4774/95
f 5154/4776/2 5152/4774/95 5153/4775/96
f 5153/4775/96 5155/4777/1 5154/4776/2
f 5156/4778/3 5154/4776/2 5155/4777/1
f 5155/4777/1 5157/4779/4 5156/4778/3
f 5158/4780/5 5156/4778/3 5157/4779/4
f 5157/4779/4 5159/4781/182 5158/4780/5
f 5160/4782/7 5158/4780/5 5159/4781/182
f 5159/4781/182 5161/4783/8 5160/4782/7
f 5162/4784/9 5160/4782/7 5161/4783/8
f 5161/4783/8 5163/4785/114 5162/4784/9
f 5164/4786/11 5162/4784/9 5163/4785/114
f 5163/4785/114 5165/4787/12 5164/4786/11
f 5166/4788/159 5164/4786/11 5165/4787/12
f 5165/4787/12 5167/4789/14 5166/4788/159
f 5168/4790/183 5166/4788/159 5167/4789/14
f 5167/4789/14 5169/4791/16 5168/4790/183
f 5170/4792/17 5168/4790/183 5169/4791/16
f 5169/4791/16 5171/4793/18 5170/4792/17
f 5172/4794/153 5170/4792/17 5171/4793/18
f 5171/4793/18 5173/4795/20 5172/4794/153
f 5174/4796/21 5172/4794/153 5173/4795/20
f 5173/4795/20 5175/4797/136 5174/4796/21
f 5176/4798/23 5174/4796/21 5175/4797/136
f 5175/4797/136 5177/4799/24 5176/4798/23
f 5178/4716/25 5176/4798/23 5177/4799/24
f 5177/4799/24 5179/4800/26 5178/4716/25
f 5180/4801/27 5178/4716/25 5179/4800/26
f 5179/4800/26 5181/4802/28 5180/4801/27
f 5182/4803/29 5180/4801/27 5181/4802/28
f 5181/4802/28 5183/4804/30 5182/4803/29
f 5184/4805/31 5182/4803/29 5183/4804/30
f 5183/4804/30 5185/4806/32 5184/4805/31
f 5186/4807/33 5184/4805/31 5185/4806/32
f 5185/4806/32 5187/4808/154 5186/4807/33
f 5188/4809/35 5186/4807/33 5187/4808/154
f 5187/4808/154 5189/4810/184 5188/4809/35
f 5190/4811/126 5188/4809/35 5189/4810/184
f 5189/4810/184 5191/4812/127 5190/4811/126
f 5192/4813/39 5190/4811/126 5191/4812/127
f 5191/4812/127 5193/4814/40 5192/4813/39
f 5194/4815/129 5192/4813/39 5193/4814/40
f 5193/4814/40 5195/4816/42 5194/4815/129
f 5196/4817/43 5194/4815/129 5195/4816/42
f 5195/4816/42 5197/4818/44 5196/4817/43
f 5198/4819/45 5196/4817/43 5197/4818/44
f 5197/4818/44 5199/4820/172 5198/4819/45
f 5200/4821/47 5198/4819/45 5199/4820/172
f 5199/4820/172 5201/4822/48 5200/4821/47
f 5107/4729/49 5200/4821/47 5201/4822/48
f 5201/4822/48 5108/4730/50 5107/4729/49
f 5204/4823/179 5203/4824/179 5202/4825/179
f 5204/4823/179 5202/4825/179 5205/4826/179
f 5204/4823/179 5205/4826/179 5206/4827/179
f 5204/4823/179 5206/4827/179 5207/4828/179
f 5204/4823/179 5207/4828/179 5208/4829/179
f 5204/4823/179 5208/4829/179 5209/4830/179
f 5204/4823/179 5209/4830/179 5210/4831/179
f 5204/4823/179 5210/4831/179 5211/4832/179
f 5204/4823/179 5211/4832/179 5212/4833/179
f 5204/4823/179 5212/4833/179 5213/4834/179
f 5204/4823/179 5213/4834/179 5214/4835/179
f 5204/4823/179 5214/4835/179 5215/4836/179
f 5204/4823/179 5215/4836/179 5216/4837/179
f 5204/4823/179 5216/4837/179 5217/4838/179
f 5204/4823/179 5217/4838/179 5218/4839/179
f 5204/4823/179 5218/4839/179 5219/4840/179
f 5204/4823/179 5219/4840/179 5220/4841/179
f 5204/4823/179 5220/4841/179 5221/4842/179
f 5204/4823/179 5221/4842/179 5222/4843/179
f 5204/4823/179 5222/4843/179 5223/4844/179
f 5204/4823/179 5223/4844/179 5224/4845/179
f 5204/4823/179 5224/4845/179 5225/4846/179
f 5204/4823/179 5225/4846/179 5226/4847/179
f 5204/4823/179 5226/4847/179 5227/4848/179
f 5204/4823/179 5227/4848/179 5228/4849/179
f 5204/4823/179 5228/4849/179 5229/4850/179
f 5204/4823/179 5229/4850/179 5230/4851/179
f 5204/4823/179 5230/4851/179 5231/4852/179
f 5204/4823/179 5231/4852/179 5232/4853/179
f 5204/4823/179 5232/4853/179 5233/4854/179
f 5204/4823/179 5233/4854/179 5234/4855/179
f 5204/4823/179 5234/4855/179 5235/4856/179
f 5204/4823/179 5235/4856/179 5236/4857/179
f 5204/4823/179 5236/4857/179 5237/4858/179
f 5204/4823/179 5237/4858/179 5238/4859/179
f 5204/4823/179 5238/4859/179 5239/4860/179
f 5204/4823/179 5239/4860/179 5240/4861/179
f 5204/4823/179 5240/4861/179 5241/4862/179
f 5204/4823/179 5241/4862/179 5242/4863/179
f 5204/4823/179 5242/4863/179 5243/4864/179
f 5204/4823/179 5243/4864/179 5244/4865/179
f 5204/4823/179 5244/4865/179 5245/4866/179
f 5204/4823/179 5245/4866/179 5246/4867/179
f 5204/4823/179 5246/4867/179 5247/4868/179
f 5204/4823/179 5247/4868/179 5248/4869/179
f 5204/4823/179 5248/4869/179 5249/4870/179
f 5204/4823/179 5249/4870/179 5250/4871/179
f 5204/4823/179 5250/4871/179 5203/4824/179
f 5251/4872/51 5252/4873/49 5253/4874/50
f 5253/4874/50 5254/4875/52 5251/4872/51
f 5255/4876/164 5251/4872/51 5254/4875/52
f 5254/4875/52 5256/4877/54 5255/4876/164
f 5257/4878/55 5255/4876/164 5256/4877/54
f 5256/4877/54 5258/4879/141 5257/4878/55
f 5259/4880/57 5257/4878/55 5258/4879/141
f 5258/4879/141 5260/4881/142 5259/4880/57
f 5261/4882/59 5259/4880/57 5260/4881/142
f 5260/4881/142 5262/4883/143 5261/4882/59
f 5263/4884/144 5261/4882/59 5262/4883/143
f 5262/4883/143 5264/4885/100 5263/4884/144
f 5265/4886/63 5263/4884/144 5264/4885/100
f 5264/4885/100 5266/4887/64 5265/4886/63
f 5267/4888/65 5265/4886/63 5266/4887/64
f 5266/4887/64 5268/4889/66 5267/4888/65
f 5269/4890/67 5267/4888/65 5268/4889/66
f 5268/4889/66 5270/4891/68 5269/4890/67
f 5271/4892/102 5269/4890/67 5270/4891/68
f 5270/4891/68 5272/4893/70 5271/4892/102
f 5273/4894/71 5271/4892/102 5272/4893/70
f 5272/4893/70 5274/4895/148 5273/4894/71
f 5275/4896/73 5273/4894/71 5274/4895/148
f 5274/4895/148 5276/4897/74 5275/4896/73
f 5277/4898/75 5275/4896/73 5276/4897/74
f 5276/4897/74 5278/4899/76 5277/4898/75
f 5279/4900/156 5277/4898/75 5278/4899/76
f 5278/4899/76 5280/4901/78 5279/4900/156
f 5281/4902/79 5279/4900/156 5280/4901/78
f 5280/4901/78 5282/4903/107 5281/4902/79
f 5283/4904/81 5281/4902/79 5282/4903/107
f 5282/4903/107 5284/4905/82 5283/4904/81
f 5285/4906/83 5283/4904/81 5284/4905/82
f 5284/4905/82 5286/4907/174 5285/4906/83
f 5287/4908/108 5285/4906/83 5286/4907/174
f 5286/4907/174 5288/4909/109 5287/4908/108
f 5289/4910/181 5287/4908/108 5288/4909/109
f 5288/4909/109 5290/4911/88 5289/4910/181
f 5291/4912/89 5289/4910/181 5290/4911/88
f 5290/4911/88 5292/4913/90 5291/4912/89
f 5293/4914/91 5291/4912/89 5292/4913/90
f 5292/4913/90 5294/4915/92 5293/4914/91
f 5295/4916/111 5293/4914/91 5294/4915/92
f 5294/4915/92 5296/4917/185 5295/4916/111
f 5297/4918/95 5295/4916/111 5296/4917/185
f 5296/4917/185 5298/4919/96 5297/4918/95
f 5299/4920/2 5297/4918/95 5298/4919/96
f 5298/4919/96 5300/4921/1 5299/4920/2
f 5301/4922/3 5299/4920/2 5300/4921/1
f 5300/4921/1 5302/4923/4 5301/4922/3
f 5303/4924/5 5301/4922/3 5302/4923/4
f 5302/4923/4 5304/4925/182 5303/4924/5
f 5305/4926/7 5303/4924/5 5304/4925/182
f 5304/4925/182 5306/4927/8 5305/4926/7
f 5307/4928/9 5305/4926/7 5306/4927/8
f 5306/4927/8 5308/4929/114 5307/4928/9
f 5309/4930/11 5307/4928/9 5308/4929/114
f 5308/4929/114 5310/4931/12 5309/4930/11
f 5311/4932/159 5309/4930/11 5310/4931/12
f 5310/4931/12 5312/4933/14 5311/4932/159
f 5313/4934/183 5311/4932/159 5312/4933/14
f 5312/4933/14 5314/4935/16 5313/4934/183
f 5315/4936/17 5313/4934/183 5314/4935/16
f 5314/4935/16 5316/4937/18 5315/4936/17
f 5317/4938/153 5315/4936/17 5316/4937/18
f 5316/4937/18 5318/4939/20 5317/4938/153
f 5319/4940/118 5317/4938/153 5318/4939/20
f 5318/4939/20 5320/4941/22 5319/4940/118
f 5321/4942/23 5319/4940/118 5320/4941/22
f 5320/4941/22 5322/4943/24 5321/4942/23
f 5323/4860/25 5321/4942/23 5322/4943/24
f 5322/4943/24 5324/4944/26 5323/4860/25
f 5325/4945/27 5323/4860/25 5324/4944/26
f 5324/4944/26 5326/4946/28 5325/4945/27
f 5327/4947/29 5325/4945/27 5326/4946/28
f 5326/4946/28 5328/4948/30 5327/4947/29
f 5329/4949/31 5327/4947/29 5328/4948/30
f 5328/4948/30 5330/4950/32 5329/4949/31
f 5331/4951/33 5329/4949/31 5330/4950/32
f 5330/4950/32 5332/4952/154 5331/4951/33
f 5333/4953/35 5331/4951/33 5332/4952/154
f 5332/4952/154 5334/4954/184 5333/4953/35
f 5335/4955/126 5333/4953/35 5334/4954/184
f 5334/4954/184 5336/4956/127 5335/4955/126
f 5337/4957/39 5335/4955/126 5336/4956/127
f 5336/4956/127 5338/4958/40 5337/4957/39
f 5339/4959/129 5337/4957/39 5338/4958/40
f 5338/4958/40 5340/4960/42 5339/4959/129
f 5341/4961/43 5339/4959/129 5340/4960/42
f 5340/4960/42 5342/4962/44 5341/4961/43
f 5343/4963/163 5341/4961/43 5342/4962/44
f 5342/4962/44 5344/4964/172 5343/4963/163
f 5345/4965/47 5343/4963/163 5344/4964/172
f 5344/4964/172 5346/4966/48 5345/4965/47
f 5252/4873/49 5345/4965/47 5346/4966/48
f 5346/4966/48 5253/4874/50 5252/4873/49
f 5349/4967/179 5348/4968/179 5347/4969/179
f 5349/4967/179 5347/4969/179 5350/4970/179
f 5349/4967/179 5350/4970/179 5351/4971/179
f 5349/4967/179 5351/4971/179 5352/4972/179
f 5349/4967/179 5352/4972/179 5353/4973/179
f 5349/4967/179 5353/4973/179 5354/4974/179
f 5349/4967/179 5354/4974/179 5355/4975/179
f 5349/4967/179 5355/4975/179 5356/4976/179
f 5349/4967/179 5356/4976/179 5357/4977/179
f 5349/4967/179 5357/4977/179 5358/4978/179
f 5349/4967/179 5358/4978/179 5359/4979/179
f 5349/4967/179 5359/4979/179 5360/4980/179
f 5349/4967/179 5360/4980/179 5361/4981/179
f 5349/4967/179 5361/4981/179 5362/4982/179
f 5349/4967/179 5362/4982/179 5363/4983/179
f 5349/4967/179 5363/4983/179 5364/4984/179
f 5349/4967/179 5364/4984/179 5365/4985/179
f 5349/4967/179 5365/4985/179 5366/4986/179
f 5349/4967/179 5366/4986/179 5367/4987/179
f 5349/4967/179 5367/4987/179 5368/4988/179
f 5349/4967/179 5368/4988/179 5369/4989/179
f 5349/4967/179 5369/4989/179 5370/4990/179
f 5349/4967/179 5370/4990/179 5371/4991/179
f 5349/4967/179 5371/4991/179 5372/4992/179
f 5349/4967/179 5372/4992/179 5373/4993/179
f 5349/4967/179 5373/4993/179 5374/4994/179
f 5349/4967/179 5374/4994/179 5375/4995/179
f 5349/4967/179 5375/4995/179 5376/4996/179
f 5349/4967/179 5376/4996/179 5377/4997/179
f 5349/4967/179 5377/4997/179 5378/4998/179
f 5349/4967/179 5378/4998/179 5379/4999/179
f 5349/4967/179 5379/4999/179 5380/5000/179
f 5349/4967/179 5380/5000/179 5381/5001/179
f 5349/4967/179 5381/5001/179 5382/5002/179
f 5349/4967/179 5382/5002/179 5383/5003/179
f 5349/4967/179 5383/5003/179 5384/5004/179
f 5349/4967/179 5384/5004/179 5385/5005/179
f 5349/4967/179 5385/5005/179 5386/5006/179
f 5349/4967/179 5386/5006/179 5387/5007/179
f 5349/4967/179 5387/5007/179 5388/5008/179
f 5349/4967/179 5388/5008/179 5389/5009/179
f 5349/4967/179 5389/5009/179 5390/5010/179
f 5349/4967/179 5390/5010/179 5391/5011/179
f 5349/4967/179 5391/5011/179 5392/5012/179
f 5349/4967/179 5392/5012/179 5393/5013/179
f 5349/4967/179 5393/5013/179 5394/5014/179
f 5349/4967/179 5394/5014/179 5395/5015/179
f 5349/4967/179 5395/5015/179 5348/4968/179
f 5396/5016/51 5397/5017/49 5398/5018/50
f 5398/5018/50 5399/5019/52 5396/5016/51
f 5400/5020/164 5396/5016/51 5399/5019/52
f 5399/5019/52 5401/5021/54 5400/5020/164
f 5402/5022/55 5400/5020/164 5401/5021/54
f 5401/5021/54 5403/5023/141 5402/5022/55
f 5404/5024/57 5402/5022/55 5403/5023/141
f 5403/5023/141 5405/5025/142 5404/5024/57
f 5406/5026/59 5404/5024/57 5405/5025/142
f 5405/5025/142 5407/5027/143 5406/5026/59
f 5408/5028/144 5406/5026/59 5407/5027/143
f 5407/5027/143 5409/5029/100 5408/5028/144
f 5410/5030/63 5408/5028/144 5409/5029/100
f 5409/5029/100 5411/5031/64 5410/5030/63
f 5412/5032/65 5410/5030/63 5411/5031/64
f 5411/5031/64 5413/5033/66 5412/5032/65
f 5414/5034/67 5412/5032/65 5413/5033/66
f 5413/5033/66 5415/5035/68 5414/5034/67
f 5416/5036/102 5414/5034/67 5415/5035/68
f 5415/5035/68 5417/5037/180 5416/5036/102
f 5418/5038/71 5416/5036/102 5417/5037/180
f 5417/5037/180 5419/5039/148 5418/5038/71
f 5420/5040/73 5418/5038/71 5419/5039/148
f 5419/5039/148 5421/5041/74 5420/5040/73
f 5422/5042/75 5420/5040/73 5421/5041/74
f 5421/5041/74 5423/5043/76 5422/5042/75
f 5424/5044/156 5422/5042/75 5423/5043/76
f 5423/5043/76 5425/5045/170 5424/5044/156
f 5426/5046/79 5424/5044/156 5425/5045/170
f 5425/5045/170 5427/5047/107 5426/5046/79
f 5428/5048/81 5426/5046/79 5427/5047/107
f 5427/5047/107 5429/5049/82 5428/5048/81
f 5430/5050/83 5428/5048/81 5429/5049/82
f 5429/5049/82 5431/5051/84 5430/5050/83
f 5432/5052/108 5430/5050/83 5431/5051/84
f 5431/5051/84 5433/5053/109 5432/5052/108
f 5434/5054/181 5432/5052/108 5433/5053/109
f 5433/5053/109 5435/5055/88 5434/5054/181
f 5436/5056/89 5434/5054/181 5435/5055/88
f 5435/5055/88 5437/5057/90 5436/5056/89
f 5438/5058/91 5436/5056/89 5437/5057/90
f 5437/5057/90 5439/5059/92 5438/5058/91
f 5440/5060/111 5438/5058/91 5439/5059/92
f 5439/5059/92 5441/5061/185 5440/5060/111
f 5442/5062/95 5440/5060/111 5441/5061/185
f 5441/5061/185 5443/5063/96 5442/5062/95
f 5444/5064/2 5442/5062/95 5443/5063/96
f 5443/5063/96 5445/5065/1 5444/5064/2
f 5446/5066/3 5444/5064/2 5445/5065/1
f 5445/5065/1 5447/5067/4 5446/5066/3
f 5448/5068/5 5446/5066/3 5447/5067/4
f 5447/5067/4 5449/5069/182 5448/5068/5
f 5450/5070/7 5448/5068/5 5449/5069/182
f 5449/5069/182 5451/5071/8 5450/5070/7
f 5452/5072/9 5450/5070/7 5451/5071/8
f 5451/5071/8 5453/5073/114 5452/5072/9
f 5454/5074/11 5452/5072/9 5453/5073/114
f 5453/5073/114 5455/5075/115 5454/5074/11
f 5456/5076/159 5454/5074/11 5455/5075/115
f 5455/5075/115 5457/5077/14 5456/5076/159
f 5458/5078/183 5456/5076/159 5457/5077/14
f 5457/5077/14 5459/5079/16 5458/5078/183
f 5460/5080/17 5458/5078/183 5459/5079/16
f 5459/5079/16 5461/5081/18 5460/5080/17
f 5462/5082/153 5460/5080/17 5461/5081/18
f 5461/5081/18 5463/5083/20 5462/5082/153
f 5464/5084/118 5462/5082/153 5463/5083/20
f 5463/5083/20 5465/5085/22 5464/5084/118
f 5466/5086/23 5464/5084/118 5465/5085/22
f 5465/5085/22 5467/5087/120 5466/5086/23
f 5468/5004/25 5466/5086/23 5467/5087/120
f 5467/5087/120 5469/5088/26 5468/5004/25
f 5470/5089/123 5468/5004/25 5469/5088/26
f 5469/5088/26 5471/5090/28 5470/5089/123
f 5472/5091/29 5470/5089/123 5471/5090/28
f 5471/5090/28 5473/5092/138 5472/5091/29
f 5474/5093/31 5472/5091/29 5473/5092/138
f 5473/5092/138 5475/5094/32 5474/5093/31
f 5476/5095/33 5474/5093/31 5475/5094/32
f 5475/5094/32 5477/5096/154 5476/5095/33
f 5478/5097/35 5476/5095/33 5477/5096/154
f 5477/5096/154 5479/5098/184 5478/5097/35
f 5480/5099/126 5478/5097/35 5479/5098/184
f 5479/5098/184 5481/5100/127 5480/5099/126
f 5482/5101/39 5480/5099/126 5481/5100/127
f 5481/5100/127 5483/5102/40 5482/5101/39
f 5484/5103/129 5482/5101/39 5483/5102/40
f 5483/5102/40 5485/5104/42 5484/5103/129
f 5486/5105/43 5484/5103/129 5485/5104/42
f 5485/5104/42 5487/5106/44 5486/5105/43
f 5488/5107/163 5486/5105/43 5487/5106/44
f 5487/5106/44 5489/5108/172 5488/5107/163
f 5490/5109/47 5488/5107/163 5489/5108/172
f 5489/5108/172 5491/5110/48 5490/5109/47
f 5397/5017/49 5490/5109/47 5491/5110/48
f 5491/5110/48 5398/5018/50 5397/5017/49
f 5494/5111/179 5493/5112/179 5492/5113/179
f 5494/5111/179 5492/5113/179 5495/5114/179
f 5494/5111/179 5495/5114/179 5496/5115/179
f 5494/5111/179 5496/5115/179 5497/5116/179
f 5494/5111/179 5497/5116/179 5498/5117/179
f 5494/5111/179 5498/5117/179 5499/5118/179
f 5494/5111/179 5499/5118/179 5500/5119/179
f 5494/5111/179 5500/5119/179 5501/5120/179
f 5494/5111/179 5501/5120/179 5502/5121/179
f 5494/5111/179 5502/5121/179 5503/5122/179
f 5494/5111/179 5503/5122/179 5504/5123/179
f 5494/5111/179 5504/5123/179 5505/5124/179
f 5494/5111/179 5505/5124/179 5506/5125/179
f 5494/5111/179 5506/5125/179 5507/5126/179
f 5494/5111/179 5507/5126/179 5508/5127/179
f 5494/5111/179 5508/5127/179 5509/5128/179
f 5494/5111/179 5509/5128/179 5510/5129/179
f 5494/5111/179 5510/5129/179 5511/5130/179
f 5494/5111/179 5511/5130/179 5512/5131/179
f 5494/5111/179 5512/5131/179 5513/5132/179
f 5494/5111/179 5513/5132/179 5514/5133/179
f 5494/5111/179 5514/5133/179 5515/5134/179
f 5494/5111/179 5515/5134/179 5516/5135/179
f 5494/5111/179 5516/5135/179 5517/5136/179
f 5494/5111/179 5517/5136/179 5518/5137/179
f 5494/5111/179 5518/5137/179 5519/5138/179
f 5494/5111/179 5519/5138/179 5520/5139/179
f 5494/5111/179 5520/5139/179 5521/5140/179
f 5494/5111/179 5521/5140/179 5522/5141/179
f 5494/5111/179 5522/5141/179 5523/5142/179
f 5494/5111/179 5523/5142/179 5524/5143/179
f 5494/5111/179 5524/5143/179 5525/5144/179
f 5494/5111/179 5525/5144/179 5526/5145/179
f 5494/5111/179 5526/5145/179 5527/5146/179
f 5494/5111/179 5527/5146/179 5528/5147/179
f 5494/5111/179 5528/5147/179 5529/5148/179
f 5494/5111/179 5529/5148/179 5530/5149/179
f 5494/5111/179 5530/5149/179 5531/5150/179
f 5494/5111/179 5531/5150/179 5532/5151/179
f 5494/5111/179 5532/5151/179 5533/5152/179
f 5494/5111/179 5533/5152/179 5534/5153/179
f 5494/5111/179 5534/5153/179 5535/5154/179
f 5494/5111/179 5535/5154/179 5536/5155/179
f 5494/5111/179 5536/5155/179 5537/5156/179
f 5494/5111/179 5537/5156/179 5538/5157/179
f 5494/5111/179 5538/5157/179 5539/5158/179
f 5494/5111/179 5539/5158/179 5540/5159/179
f 5494/5111/179 5540/5159/179 5493/5112/179
