# Blender 4.5.2 LTS
# www.blender.org
mtllib arm_left_lavender.mtl
o arm_left_lavender
v 6.731796 1.885690 1.067700
v 6.770572 2.126360 0.972888
v -0.131730 3.285620 1.092693
v -0.170506 3.044940 1.187505
v 6.695919 1.659080 1.193424
v -0.206383 2.818340 1.313229
v 6.663561 1.450450 1.347975
v -0.238741 2.609700 1.467780
v 6.635316 1.263580 1.528887
v -0.266986 2.422830 1.648692
v 6.611607 1.101350 1.732728
v -0.290695 2.260600 1.852534
v 6.592914 0.966930 1.956392
v -0.309388 2.126190 2.076197
v 6.579471 0.862160 2.195732
v -0.322831 2.021410 2.315538
v 6.571601 0.789340 2.446868
v -0.330701 1.948600 2.566674
v 6.569346 0.749200 2.705384
v -0.332956 1.908460 2.825189
v 6.572824 0.742880 2.966935
v -0.329478 1.902130 3.086740
v 6.581926 0.770200 3.226964
v -0.320376 1.929460 3.346769
v 6.596487 0.830640 3.481034
v -0.305815 1.989890 3.600840
v 6.616308 0.923460 3.724771
v -0.285994 2.082720 3.844576
v 6.641007 1.046820 3.954157
v -0.261295 2.206070 4.073962
v 6.670173 1.198660 4.165237
v -0.232129 2.357910 4.285042
v 6.703331 1.376560 4.354175
v -0.198970 2.535820 4.473980
v 6.739866 1.577150 4.518069
v -0.162436 2.736410 4.637875
v 6.779207 1.797380 4.653705
v -0.123095 2.956630 4.773510
v 6.820637 2.033150 4.759243
v -0.081665 3.192400 4.879049
v 6.863473 2.280640 4.832343
v -0.038829 3.439900 4.952148
v 6.906972 2.535510 4.872297
v 0.004670 3.694770 4.992102
v 6.950396 2.793470 4.877960
v 0.048093 3.952730 4.997765
v 6.992990 3.050030 4.849509
v 0.090689 4.209280 4.969314
v 7.034032 3.300800 4.787502
v 0.131730 4.460060 4.907307
v 7.072808 3.541470 4.692690
v 0.170506 4.700730 4.812495
v 7.108685 3.768080 4.566966
v 0.206383 4.927340 4.686771
v 7.141043 3.976710 4.412415
v 0.238741 5.135970 4.532220
v 7.169288 4.163580 4.231503
v 0.266986 5.322840 4.351309
v 7.192997 4.325820 4.027662
v 0.290695 5.485070 4.147467
v 7.211690 4.460230 3.803998
v 0.309388 5.619490 3.923803
v 7.225133 4.565010 3.564658
v 0.322831 5.724260 3.684463
v 7.233003 4.637820 3.313522
v 0.330701 5.797070 3.433327
v 7.235258 4.677960 3.055006
v 0.332956 5.837210 3.174811
v 7.231781 4.684290 2.793455
v 0.329478 5.843540 2.913260
v 7.222678 4.656960 2.533427
v 0.320376 5.816220 2.653232
v 7.208117 4.596520 2.279356
v 0.305815 5.755780 2.399161
v 7.188296 4.503700 2.035619
v 0.285994 5.662950 2.155425
v 7.163597 4.380340 1.806233
v 0.261295 5.539600 1.926039
v 7.134431 4.228500 1.595153
v 0.232129 5.387760 1.714958
v 7.101273 4.050600 1.406215
v 0.198970 5.209850 1.526020
v 7.064738 3.850010 1.242321
v 0.162436 5.009260 1.362126
v 7.025397 3.629790 1.106685
v 0.123095 4.789040 1.226490
v 6.983967 3.394020 1.001147
v 0.081665 4.553270 1.120952
v 6.941131 3.146520 0.928047
v 0.038829 4.305770 1.047853
v 6.897632 2.891650 0.888093
v -0.004670 4.050910 1.007898
v 6.854208 2.633690 0.882430
v -0.048093 3.792950 1.002235
v 6.811614 2.377140 0.910881
v -0.090689 3.536390 1.030686
v 6.770572 2.126360 0.972888
v 6.731796 1.885690 1.067700
v 6.561289 1.057790 -0.744795
v 6.638841 1.539140 -0.934419
v 6.695919 1.659080 1.193424
v 6.489536 0.604580 -0.493347
v 6.663561 1.450450 1.347975
v 6.424820 0.187310 -0.184245
v 6.635316 1.263580 1.528887
v 6.368330 -0.186425 0.177578
v 6.611607 1.101350 1.732728
v 6.320912 -0.510889 0.585262
v 6.592914 0.966930 1.956392
v 6.283525 -0.779721 1.032588
v 6.579471 0.862160 2.195732
v 6.256640 -0.989269 1.511269
v 6.571601 0.789340 2.446868
v 6.240901 -1.134893 2.013542
v 6.569346 0.749200 2.705384
v 6.236391 -1.215177 2.530573
v 6.572824 0.742880 2.966935
v 6.243345 -1.227831 3.053674
v 6.581926 0.770200 3.226964
v 6.261551 -1.173181 3.573732
v 6.596487 0.830640 3.481034
v 6.290672 -1.052303 4.081873
v 6.616308 0.923460 3.724771
v 6.330314 -0.866652 4.569346
v 6.641007 1.046820 3.954157
v 6.379713 -0.619942 5.028118
v 6.670173 1.198660 4.165237
v 6.438044 -0.316261 5.450278
v 6.703331 1.376560 4.354175
v 6.504361 0.039550 5.828156
v 6.739866 1.577150 4.518069
v 6.577430 0.440730 6.155944
v 6.779207 1.797380 4.653705
v 6.656112 0.881170 6.427216
v 6.820637 2.033150 4.759243
v 6.738972 1.352710 6.638292
v 6.863473 2.280640 4.832343
v 6.824644 1.847700 6.784490
v 6.906972 2.535510 4.872297
v 6.911643 2.357440 6.864399
v 6.950396 2.793470 4.877960
v 6.998489 2.873360 6.875725
v 6.992990 3.050030 4.849509
v 7.083679 3.386470 6.818823
v 7.034032 3.300800 4.787502
v 7.165763 3.888020 6.694809
v 7.072808 3.541470 4.692690
v 7.243315 4.369370 6.505185
v 7.108685 3.768080 4.566966
v 7.315069 4.822580 6.253736
v 7.141043 3.976710 4.412415
v 7.379784 5.239850 5.944635
v 7.169288 4.163580 4.231503
v 7.436274 5.613590 5.582812
v 7.192997 4.325820 4.027662
v 7.483692 5.938050 5.175128
v 7.211690 4.460230 3.803998
v 7.521079 6.206881 4.727802
v 7.225133 4.565010 3.564658
v 7.547964 6.416430 4.249121
v 7.233003 4.637820 3.313522
v 7.563704 6.562059 3.746849
v 7.235258 4.677960 3.055006
v 7.568213 6.642340 3.229817
v 7.231781 4.684290 2.793455
v 7.561259 6.654989 2.706716
v 7.222678 4.656960 2.533427
v 7.543054 6.600340 2.186658
v 7.208117 4.596520 2.279356
v 7.513932 6.479460 1.678517
v 7.188296 4.503700 2.035619
v 7.474290 6.293810 1.191044
v 7.163597 4.380340 1.806233
v 7.424891 6.047100 0.732272
v 7.134431 4.228500 1.595153
v 7.366560 5.743420 0.310111
v 7.101273 4.050600 1.406215
v 7.300243 5.387620 -0.067766
v 7.064738 3.850010 1.242321
v 7.227174 4.986430 -0.395554
v 7.025397 3.629790 1.106685
v 7.148492 4.545990 -0.666825
v 6.983967 3.394020 1.001147
v 7.065632 4.074450 -0.877902
v 6.941131 3.146520 0.928047
v 6.979960 3.579460 -1.024100
v 6.897632 2.891650 0.888093
v 6.892962 3.069720 -1.104010
v 6.854208 2.633690 0.882430
v 6.806115 2.553800 -1.115336
v 6.811614 2.377140 0.910881
v 6.720925 2.040690 -1.058433
v 1.545820 1.471890 -1.565466
v 1.642760 2.073570 -1.802498
v -0.329326 2.404790 -1.768268
v -0.426266 1.803100 -1.531237
v 1.456128 0.905370 -1.251157
v -0.515958 1.236580 -1.216927
v 1.375234 0.383790 -0.864780
v -0.596853 0.715000 -0.830550
v 1.304621 -0.083387 -0.412501
v -0.667465 0.247830 -0.378271
v 1.245349 -0.488967 0.097104
v -0.726737 -0.157751 0.131334
v 1.198616 -0.825006 0.656262
v -0.773471 -0.493791 0.690492
v 1.165009 -1.086943 1.254613
v -0.807077 -0.755727 1.288843
v 1.145334 -1.268972 1.882453
v -0.826752 -0.937757 1.916683
v 1.139697 -1.369327 2.528743
v -0.832389 -1.038111 2.562973
v 1.148390 -1.385144 3.182619
v -0.823696 -1.053928 3.216849
v 1.171147 -1.316831 3.832691
v -0.800939 -0.985615 3.866921
v 1.207549 -1.165734 4.467868
v -0.764537 -0.834518 4.502098
v 1.257101 -0.933670 5.077209
v -0.714985 -0.602454 5.111439
v 1.318849 -0.625282 5.650674
v -0.653237 -0.294066 5.684905
v 1.391763 -0.245683 6.178374
v -0.580323 0.085530 6.212605
v 1.474660 0.199080 6.650722
v -0.497426 0.530290 6.684951
v 1.565996 0.700550 7.060456
v -0.406090 1.031770 7.094686
v 1.664348 1.251110 7.399546
v -0.307738 1.582320 7.433776
v 1.767923 1.840530 7.663391
v -0.204163 2.171750 7.697621
v 1.875014 2.459270 7.846139
v -0.097072 2.790490 7.880369
v 1.983762 3.096450 7.946026
v 0.011676 3.427660 7.980256
v 2.092320 3.741350 7.960183
v 0.120234 4.072560 7.994413
v 2.198808 4.382730 7.889055
v 0.226722 4.713950 7.923284
v 2.301412 5.009670 7.734038
v 0.329326 5.340880 7.768268
v 2.398352 5.611350 7.497007
v 0.426266 5.942570 7.531237
v 2.488045 6.177870 7.182696
v 0.515958 6.509090 7.216927
v 2.568939 6.699459 6.796320
v 0.596853 7.030670 6.830550
v 2.639551 7.166630 6.344041
v 0.667465 7.497841 6.378271
v 2.698824 7.572210 5.834436
v 0.726737 7.903419 5.868667
v 2.745557 7.908251 5.275279
v 0.773471 8.239460 5.309508
v 2.779164 8.170179 4.676927
v 0.807077 8.501400 4.711157
v 2.798838 8.352209 4.049087
v 0.826752 8.683430 4.083317
v 2.804475 8.452570 3.402797
v 0.832389 8.783779 3.437027
v 2.795782 8.468390 2.748921
v 0.823696 8.799601 2.783151
v 2.773026 8.400070 2.098849
v 0.800939 8.731291 2.133079
v 2.736624 8.248970 1.463672
v 0.764537 8.580191 1.497902
v 2.687071 8.016911 0.854331
v 0.714985 8.348129 0.888561
v 2.625323 7.708521 0.280866
v 0.653237 8.039740 0.315096
v 2.552409 7.328920 -0.246834
v 0.580323 7.660139 -0.212605
v 2.469512 6.884159 -0.719181
v 0.497426 7.215380 -0.684951
v 2.378176 6.382690 -1.128916
v 0.406090 6.713900 -1.094687
v 2.279824 5.832130 -1.468006
v 0.307738 6.163349 -1.433775
v 2.176249 5.242710 -1.731851
v 0.204163 5.573920 -1.697621
v 2.069159 4.623970 -1.914599
v 0.097072 4.955180 -1.880369
v 1.960410 3.986790 -2.014485
v -0.011676 4.318010 -1.980256
v 1.851853 3.341900 -2.028643
v -0.120234 3.673110 -1.994413
v 1.745365 2.700510 -1.957514
v -0.226722 3.031720 -1.923284
v 1.983806 3.096770 7.945399
v 3.463942 2.803240 8.417994
v 3.813410 4.908060 8.185192
v 4.943007 2.554830 8.392323
v 5.292474 4.659650 8.159520
v 5.927979 2.434340 7.876938
v 6.245585 4.347240 7.665578
v 6.911639 2.357370 6.864841
v 7.165763 3.888020 6.694809
v 1.664305 1.250780 7.400173
v 3.112644 0.773680 7.817188
v 4.591709 0.525260 7.791515
v 5.608478 0.588350 7.331713
v 6.656147 0.881430 6.426714
v 1.391807 -0.245358 6.177747
v 2.812875 -0.872356 6.473970
v 4.291939 -1.120769 6.448298
v 5.335979 -0.907790 6.109287
v 6.437996 -0.316579 5.450589
v 2.610160 -1.884881 4.592405
v 4.089225 -2.133293 4.566733
v 5.151722 -1.828166 4.399408
v 6.290672 -1.052303 4.081873
v 1.139807 -1.368709 2.529069
v 2.535582 -2.108453 2.459089
v 4.014647 -2.356865 2.433417
v 5.083980 -2.031141 2.460609
v 6.236317 -1.215612 2.530503
v 1.198506 -0.825624 0.655935
v 2.600344 -1.510020 0.399671
v 4.079409 -1.758431 0.373998
v 5.142679 -1.488056 0.587475
v 6.283613 -0.779227 1.032849
v 1.375343 0.384400 -0.864453
v 2.794620 -0.180419 -1.273033
v 4.273685 -0.428830 -1.298705
v 5.319516 -0.278028 -0.932913
v 6.424763 0.187010 -0.184566
v 3.088892 1.678360 -2.304997
v 4.567957 1.429940 -2.330669
v 5.586933 1.411140 -1.870958
v 6.638841 1.539140 -0.934419
v 1.960367 3.986470 -2.013858
v 3.438360 3.783170 -2.537799
v 4.917425 3.534760 -2.563472
v 5.904540 3.324040 -2.082318
v 6.892966 3.069790 -1.104451
v 2.279868 5.832460 -1.468634
v 3.789658 5.812740 -1.936994
v 5.268723 5.564330 -1.962666
v 6.224041 5.170030 -1.537093
v 7.148458 4.545730 -0.666324
v 2.552366 7.328600 -0.246207
v 4.089427 7.458771 -0.593776
v 5.568492 7.210360 -0.619448
v 6.496538 6.666170 -0.314667
v 7.366608 5.743740 0.309801
v 4.292142 8.471300 1.287790
v 5.771207 8.222891 1.262117
v 6.680796 7.586540 1.395212
v 7.513932 6.479460 1.678517
v 2.804366 8.451950 3.402471
v 4.366720 8.694870 3.421106
v 5.845785 8.446461 3.395433
v 6.748538 7.789520 3.334011
v 7.568287 6.642771 3.229887
v 2.745666 7.908859 5.275604
v 4.301958 8.096439 5.480524
v 5.781023 7.848021 5.454852
v 6.689839 7.246429 5.207145
v 7.520991 6.206390 4.727541
v 2.568830 6.698839 6.795993
v 4.107682 6.766840 7.153228
v 5.586747 6.518419 7.127554
v 6.513002 6.036409 6.727533
v 7.379841 5.240150 5.944956
v -0.929481 -1.945042 5.744871
v -0.993898 -2.246725 4.952728
v 0.000000 3.872840 3.000000
v -0.849208 -1.544137 6.490376
v -0.754420 -1.050656 7.176386
v -0.646654 -0.472472 7.790436
v -0.527917 0.179450 8.323092
v -0.400059 0.895170 8.763908
v -0.265412 1.661420 9.106907
v -0.126194 2.465791 9.344481
v 0.015179 3.294111 9.474332
v 0.156304 4.132481 9.492737
v 0.294738 4.966281 9.400270
v 0.428124 5.781300 9.198750
v 0.554146 6.563490 8.890608
v 0.670746 7.299959 8.482004
v 0.775908 7.978020 7.979713
v 0.867704 8.585350 7.391753
v 0.944759 9.112600 6.729265
v 1.005512 9.549450 6.002360
v 1.049201 9.889971 5.224504
v 1.074778 10.126610 4.408311
v 1.082106 10.257071 3.568136
v 1.070805 10.277630 2.718096
v 1.041221 10.188820 1.873002
v 0.993898 9.992399 1.047272
v -0.320376 1.929460 3.346769
v -0.305815 1.989890 3.600840
v -0.329478 1.902130 3.086740
v -0.332956 1.908460 2.825189
v -0.330701 1.948600 2.566674
v -0.322831 2.021410 2.315538
v -0.309388 2.126190 2.076197
v -0.290695 2.260600 1.852534
v -0.266986 2.422830 1.648692
v -0.238741 2.609700 1.467780
v -0.206383 2.818340 1.313229
v -0.170506 3.044940 1.187505
v -0.131730 3.285620 1.092693
v -0.090689 3.536390 1.030686
v -0.048093 3.792950 1.002235
v -0.004670 4.050910 1.007898
v 0.038829 4.305770 1.047853
v 0.081665 4.553270 1.120952
v 0.123095 4.789040 1.226490
v 0.162436 5.009260 1.362126
v 0.198970 5.209850 1.526020
v 0.232129 5.387760 1.714959
v 0.261295 5.539600 1.926039
v 0.285994 5.662950 2.155425
v 0.305815 5.755780 2.399161
v -1.158561 -2.980749 2.568594
v -0.832280 -1.037493 2.563299
v -0.764537 -0.834518 4.502098
v -0.984477 -1.685026 0.060447
v -0.773580 -0.494409 0.690165
v -0.853913 -0.713235 -1.820662
v -0.596743 0.715620 -0.830223
v -0.590349 1.248489 -5.617996
v -0.329326 2.404790 -1.768268
v -0.011719 4.317690 -1.979628
v 0.400046 6.850410 -2.763721
v 0.307781 6.163670 -1.434403
v 0.754403 8.796160 -1.175756
v 0.580279 7.659809 -0.211977
v 0.764537 8.580191 1.497902
v -3.090230 1.474519 -4.503353
v -3.119499 1.186039 -4.654418
v -5.584607 1.600060 -4.611630
v -3.103471 1.765199 -4.354105
v -3.159089 2.053109 -4.209232
v -3.256454 2.333189 -4.071301
v -3.393343 2.600789 -3.942555
v -3.568066 2.851139 -3.825349
v -3.777010 3.080259 -3.721487
v -4.017137 3.283819 -3.632995
v -4.283902 3.458799 -3.561116
v -4.573085 3.601799 -3.507314
v -4.879497 3.710589 -3.472378
v -5.197867 3.783399 -3.456863
v -5.522890 3.818649 -3.461210
v -5.849025 3.816089 -3.485167
v -6.170695 3.775689 -3.528366
v -6.482244 3.697839 -3.590208
v -6.778525 3.584369 -3.669389
v -7.054221 3.436649 -3.764839
v -7.304976 3.257759 -3.874660
v -7.526021 3.050269 -3.997193
v -7.714115 2.818129 -4.130169
v -7.865567 2.565009 -4.271448
v -7.978045 2.295439 -4.418514
v -8.049715 2.014079 -4.568843
v -8.078984 1.725589 -4.719908
v -8.065743 1.434909 -4.869155
v -8.010125 1.147009 -5.014029
v -7.912760 0.866929 -5.151960
v -7.775871 0.599319 -5.280704
v -7.601148 0.348969 -5.397912
v -7.392204 0.119849 -5.501774
v -7.152078 -0.083705 -5.590265
v -6.885313 -0.258685 -5.662145
v -6.596129 -0.401682 -5.715947
v -6.289718 -0.510476 -5.750883
v -5.971347 -0.583283 -5.766398
v -5.646324 -0.618535 -5.762051
v -5.320189 -0.615979 -5.738093
v -4.998519 -0.575576 -5.694895
v -4.686970 -0.497725 -5.633053
v -4.390689 -0.384260 -5.553872
v -4.114993 -0.236536 -5.458422
v -3.864238 -0.057644 -5.348600
v -3.643193 0.149849 -5.226068
v -3.455099 0.381979 -5.093092
v -3.303648 0.635109 -4.951812
v -3.191169 0.904669 -4.804747
v -2.167007 8.346128 -17.804811
v -2.196277 8.057638 -17.955872
v -3.119499 1.186039 -4.654418
v -3.090230 1.474519 -4.503353
v -2.180249 8.636808 -17.655561
v -3.103471 1.765199 -4.354105
v -2.235866 8.924707 -17.510681
v -3.159089 2.053109 -4.209232
v -2.333231 9.204788 -17.372751
v -3.256454 2.333189 -4.071301
v -2.470121 9.472387 -17.244013
v -3.393343 2.600789 -3.942555
v -2.644844 9.722748 -17.126802
v -3.568066 2.851139 -3.825349
v -2.853788 9.951868 -17.022942
v -3.777010 3.080259 -3.721487
v -3.093914 10.155418 -16.934452
v -4.017137 3.283819 -3.632995
v -3.360679 10.330399 -16.862572
v -4.283902 3.458799 -3.561116
v -3.649863 10.473398 -16.808771
v -4.573085 3.601799 -3.507314
v -3.956275 10.582188 -16.773832
v -4.879497 3.710589 -3.472378
v -4.274645 10.654999 -16.758312
v -5.197867 3.783399 -3.456863
v -4.599668 10.690248 -16.762661
v -5.522890 3.818649 -3.461210
v -4.925803 10.687698 -16.786621
v -5.849025 3.816089 -3.485167
v -5.247473 10.647287 -16.829823
v -6.170695 3.775689 -3.528366
v -5.559022 10.569439 -16.891663
v -6.482244 3.697839 -3.590208
v -5.855303 10.455978 -16.970842
v -6.778525 3.584369 -3.669389
v -6.130999 10.308249 -17.066292
v -7.054221 3.436649 -3.764839
v -6.381754 10.129358 -17.176111
v -7.304976 3.257759 -3.874660
v -6.602798 9.921867 -17.298641
v -7.526021 3.050269 -3.997193
v -6.790893 9.689737 -17.431622
v -7.714115 2.818129 -4.130169
v -6.942344 9.436607 -17.572903
v -7.865567 2.565009 -4.271448
v -7.054823 9.167048 -17.719973
v -7.978045 2.295439 -4.418514
v -7.126493 8.885677 -17.870293
v -8.049715 2.014079 -4.568843
v -7.155762 8.597189 -18.021362
v -8.078984 1.725589 -4.719908
v -7.142521 8.306519 -18.170612
v -8.065743 1.434909 -4.869155
v -7.086903 8.018608 -18.315481
v -8.010126 1.147009 -5.014029
v -6.989538 7.738527 -18.453411
v -7.912760 0.866929 -5.151960
v -6.852649 7.470928 -18.582163
v -7.775871 0.599319 -5.280704
v -6.677926 7.220577 -18.699362
v -7.601148 0.348969 -5.397912
v -6.468982 6.991459 -18.803223
v -7.392204 0.119849 -5.501774
v -6.228855 6.787899 -18.891722
v -7.152078 -0.083705 -5.590265
v -5.962090 6.612919 -18.963602
v -6.885313 -0.258685 -5.662145
v -5.672906 6.469917 -19.017403
v -6.596129 -0.401682 -5.715947
v -5.366495 6.361128 -19.052341
v -6.289718 -0.510476 -5.750883
v -5.048124 6.288319 -19.067852
v -5.971347 -0.583283 -5.766398
v -4.723102 6.253069 -19.063501
v -5.646324 -0.618535 -5.762051
v -4.396967 6.255629 -19.039553
v -5.320189 -0.615979 -5.738093
v -4.075297 6.296028 -18.996351
v -4.998519 -0.575576 -5.694895
v -3.763747 6.373878 -18.934502
v -4.686970 -0.497725 -5.633053
v -3.467467 6.487339 -18.855322
v -4.390689 -0.384260 -5.553872
v -3.191771 6.635069 -18.759872
v -4.114993 -0.236536 -5.458422
v -2.941015 6.813957 -18.650051
v -3.864238 -0.057644 -5.348600
v -2.719971 7.021448 -18.527521
v -3.643193 0.149849 -5.226068
v -2.531877 7.253588 -18.394543
v -3.455099 0.381979 -5.093092
v -2.380425 7.506708 -18.253262
v -3.303648 0.635109 -4.951812
v -2.267946 7.776278 -18.106201
v -3.191169 0.904669 -4.804747
v -2.196176 8.058187 -17.955421
v -2.166906 8.346687 -17.804352
v 0.327472 8.221159 -17.696072
v 0.268932 7.644169 -17.998213
v -2.180146 8.637367 -17.655102
v 0.300991 8.802519 -17.397572
v -2.235763 8.925278 -17.510231
v 0.189758 9.378338 -17.107822
v -2.333128 9.205359 -17.372292
v -0.004971 9.938509 -16.831951
v -2.470016 9.472967 -17.243542
v -0.278749 10.473719 -16.574461
v -2.644738 9.723328 -17.126343
v -0.628192 10.974438 -16.340042
v -2.853682 9.952448 -17.022472
v -1.046080 11.432678 -16.132313
v -3.093808 10.156008 -16.933983
v -1.526332 11.839798 -15.955332
v -3.360573 10.330988 -16.862103
v -2.059861 12.189758 -15.811562
v -3.649756 10.473988 -16.808292
v -2.638228 12.475758 -15.703962
v -3.956167 10.582779 -16.773361
v -3.251050 12.693348 -15.634092
v -4.274538 10.655588 -16.757841
v -3.887792 12.838959 -15.603062
v -4.599561 10.690838 -16.762192
v -4.537837 12.909468 -15.611752
v -4.925696 10.688278 -16.786152
v -5.190108 12.904358 -15.659672
v -5.247366 10.647879 -16.829351
v -5.833448 12.823547 -15.746073
v -5.558916 10.570028 -16.891191
v -6.456548 12.667837 -15.869751
v -5.855197 10.456558 -16.970371
v -7.049110 12.440899 -16.028122
v -6.130894 10.308828 -17.065823
v -7.600503 12.145449 -16.219023
v -6.381649 10.129938 -17.175652
v -8.102015 11.787659 -16.438671
v -6.602695 9.922438 -17.298182
v -8.544105 11.372667 -16.683731
v -6.790790 9.690298 -17.431162
v -8.920295 10.908398 -16.949692
v -6.942242 9.437168 -17.572441
v -9.223200 10.402128 -17.232262
v -7.054722 9.167599 -17.719511
v -9.448159 9.862988 -17.526392
v -7.126392 8.886229 -17.869843
v -9.591500 9.300247 -17.827051
v -7.155663 8.597738 -18.020912
v -9.650041 8.723269 -18.129192
v -7.142422 8.307058 -18.170162
v -9.623560 8.141897 -18.427692
v -7.086805 8.019148 -18.315031
v -9.512326 7.566078 -18.717442
v -6.989440 7.739069 -18.452972
v -9.317597 7.005919 -18.993313
v -6.852552 7.471458 -18.581722
v -9.043819 6.470697 -19.250801
v -6.677830 7.221098 -18.698933
v -8.694376 5.969988 -19.485222
v -6.468886 6.991978 -18.802792
v -8.276488 5.511738 -19.692951
v -6.228760 6.788418 -18.891281
v -7.796237 5.104629 -19.869932
v -5.961996 6.613438 -18.963161
v -7.262707 4.754658 -20.013693
v -5.672812 6.470438 -19.016962
v -6.684340 4.468668 -20.121302
v -5.366401 6.361639 -19.051903
v -6.071518 4.251078 -20.191172
v -5.048030 6.288837 -19.067421
v -5.434777 4.105458 -20.222202
v -4.723008 6.253588 -19.063072
v -4.784731 4.034958 -20.213512
v -4.396873 6.256138 -19.039112
v -4.132461 4.040068 -20.165592
v -4.075202 6.296549 -18.995913
v -3.489120 4.120878 -20.079203
v -3.763652 6.374397 -18.934072
v -2.866021 4.276588 -19.955511
v -3.467371 6.487867 -18.854893
v -2.273458 4.503518 -19.797142
v -3.191675 6.635597 -18.759441
v -1.722065 4.798978 -19.606241
v -2.940919 6.814487 -18.649612
v -1.220553 5.156768 -19.386591
v -2.719874 7.021988 -18.527082
v -0.778464 5.571758 -19.141521
v -2.531779 7.254118 -18.394102
v -0.402273 6.036028 -18.875572
v -2.380326 7.507257 -18.252821
v -0.099368 6.542297 -18.593002
v -2.267847 7.776817 -18.105751
v 0.125591 7.081429 -18.298872
v -2.086383 5.975110 8.526296
v -1.547603 8.156481 7.358200
v -4.056108 8.085140 5.857835
v -0.772754 9.686449 5.527086
v -3.078742 9.696859 4.386028
v 0.119469 10.330799 3.310397
v -1.881956 10.462811 2.705422
v 0.993898 9.992399 1.047272
v -0.648850 10.268299 1.075785
v -4.666755 5.875310 6.900190
v -1.716949 -0.976268 6.918437
v -3.718374 -0.844254 6.313462
v -2.636646 -1.970821 4.981241
v -0.993898 -2.246725 4.952728
v -4.816669 3.402260 7.352122
v -2.308165 3.473610 8.852488
v -4.484267 1.042860 7.147486
v -2.178279 1.032450 8.288544
v -5.114194 8.526819 -6.468435
v -4.462254 8.471390 -6.496397
v -1.300790 10.323730 1.103747
v -5.772085 8.477011 -6.407660
v -1.958681 10.273920 1.164521
v -6.424683 8.322590 -6.315044
v -2.611279 10.119490 1.257138
v -7.060544 8.065390 -6.191943
v -3.247140 9.862301 1.380239
v -7.669109 7.711201 -6.040865
v -3.855704 9.508110 1.531319
v -8.239522 7.264481 -5.863933
v -4.426118 9.061390 1.708251
v -8.762700 6.734390 -5.664594
v -4.949296 8.531290 1.907590
v -9.228770 6.128700 -5.445924
v -5.415365 7.925600 2.126259
v -9.630815 5.458809 -5.211914
v -5.817410 7.255720 2.360269
v -9.961027 4.735379 -4.966377
v -6.147623 6.532290 2.605806
v -10.214260 3.971349 -4.713660
v -6.400860 5.768260 2.858523
v -10.386370 3.179869 -4.458093
v -6.572964 4.976780 3.114090
v -10.473670 2.374149 -4.203998
v -6.660267 4.171050 3.368185
v -10.475470 1.567889 -3.955646
v -6.662064 3.364800 3.616538
v -10.391540 0.774899 -3.717297
v -6.578139 2.571810 3.854887
v -10.222670 0.009139 -3.493197
v -6.409264 1.806040 4.078986
v -9.972871 -0.716788 -3.286952
v -6.159466 1.080120 4.285230
v -9.645093 -1.389801 -3.102385
v -5.831689 0.407100 4.469798
v -9.246226 -1.999315 -2.942276
v -5.432822 -0.202410 4.629906
v -8.781976 -2.533688 -2.809818
v -4.968572 -0.736781 4.762364
v -8.261209 -2.985138 -2.706793
v -4.447804 -1.188232 4.865389
v -7.692098 -3.344755 -2.635383
v -3.878694 -1.547848 4.936800
v -7.084896 -3.607040 -2.596568
v -3.271492 -1.810134 4.975616
v -6.450050 -3.767728 -2.590941
v -0.276241 3.727659 -8.997781
v -0.334793 3.150609 -9.299951
v 0.268932 7.644169 -17.998213
v 0.327484 8.221218 -17.696041
v -0.302711 4.309089 -8.699251
v 0.301014 8.802649 -17.397501
v -0.413933 4.884969 -8.409471
v 0.189792 9.378529 -17.107721
v -0.608652 5.445189 -8.133571
v -0.004927 9.938747 -16.831821
v -0.882420 5.980459 -7.876051
v -0.278695 10.474028 -16.574303
v -1.231855 6.481220 -7.641611
v -0.628130 10.974777 -16.339863
v -1.649736 6.939510 -7.433861
v -1.046011 11.433067 -16.132101
v -2.129981 7.346661 -7.256851
v -1.526256 11.840229 -15.955101
v -2.663505 7.696659 -7.113070
v -2.059780 12.190218 -15.811321
v -3.241868 7.982670 -7.005461
v -2.638143 12.476238 -15.703712
v -3.854689 8.200279 -6.935577
v -3.250964 12.693838 -15.633831
v -4.491429 8.345890 -6.904545
v -3.887704 12.839458 -15.602793
v -5.141475 8.416401 -6.913242
v -4.537750 12.909958 -15.611492
v -5.793748 8.411270 -6.961164
v -5.190023 12.904829 -15.659412
v -6.437092 8.330441 -7.047571
v -5.833367 12.823997 -15.745821
v -7.060197 8.174700 -7.171281
v -6.456472 12.668268 -15.869522
v -7.652766 7.947729 -7.329661
v -7.049041 12.441298 -16.027912
v -8.204166 7.652241 -7.520591
v -7.600441 12.145798 -16.218842
v -8.705687 7.294390 -7.740261
v -8.101962 11.787958 -16.438513
v -9.147786 6.879351 -7.985351
v -8.544061 11.372917 -16.683601
v -9.523987 6.415020 -8.251341
v -8.920261 10.908579 -16.949593
v -9.826902 5.908699 -8.533941
v -9.223177 10.402258 -17.232191
v -10.051870 5.369489 -8.828111
v -9.448148 9.863058 -17.526361
v -10.195220 4.806689 -9.128801
v -9.591500 9.300247 -17.827051
v -10.253780 4.229639 -9.430971
v -9.650052 8.723207 -18.129221
v -10.227310 3.648209 -9.729511
v -9.623583 8.141768 -18.427761
v -10.116090 3.072330 -10.019291
v -9.512360 7.565899 -18.717543
v -9.921366 2.512109 -10.295191
v -9.317641 7.005669 -18.993443
v -9.647597 1.976839 -10.552711
v -9.043873 6.470398 -19.250961
v -9.298162 1.476079 -10.787151
v -8.694438 5.969638 -19.485401
v -8.880282 1.017789 -10.994901
v -8.276558 5.511348 -19.693161
v -8.400037 0.610639 -11.171911
v -7.796312 5.104198 -19.870161
v -7.866513 0.260639 -11.315691
v -7.262788 4.754209 -20.013943
v -7.288150 -0.025377 -11.423301
v -6.684425 4.468188 -20.121552
v -6.675330 -0.242979 -11.493181
v -6.071605 4.250588 -20.191431
v -6.038589 -0.388597 -11.524211
v -5.434864 4.104968 -20.222462
v -5.388543 -0.459098 -11.515521
v -4.784818 4.034468 -20.213772
v -4.736270 -0.453970 -11.467601
v -4.132545 4.039588 -20.165852
v -4.092926 -0.373140 -11.381191
v -3.489201 4.120428 -20.079441
v -3.469821 -0.217405 -11.257481
v -2.866096 4.276158 -19.955732
v -2.877252 0.009569 -11.099101
v -2.273527 4.503128 -19.797352
v -2.325852 0.305059 -10.908171
v -1.722127 4.798628 -19.606422
v -1.824331 0.662899 -10.688501
v -1.220606 5.156468 -19.386751
v -1.382232 1.077939 -10.443411
v -0.778507 5.571508 -19.141651
v -1.006032 1.542279 -10.177421
v -0.402307 6.035837 -18.875671
v -0.703116 2.048599 -9.894821
v -0.099391 6.542168 -18.593071
v -0.478146 2.587799 -9.600651
v 0.125579 7.081367 -18.298903
v -5.141700 8.415979 -6.913469
v -5.143909 8.399549 -6.881651
v -5.802718 8.345369 -6.834760
v -6.437128 8.329760 -7.047921
v -6.456766 8.183590 -6.764978
v -7.094836 7.917009 -6.673505
v -7.706012 7.550190 -6.561907
v -8.204272 7.651831 -7.520801
v -8.279837 7.089399 -6.432093
v -8.705553 7.293810 -7.740551
v -8.806490 6.542530 -6.286285
v -9.276962 5.918939 -6.126977
v -9.523941 6.414690 -8.251511
v -9.683205 5.229289 -5.956897
v -10.018260 4.485379 -5.778952
v -10.276410 3.699949 -5.596187
v -10.453220 2.886429 -5.411732
v -10.545670 2.058739 -5.228741
v -10.552190 1.231049 -5.050344
v -10.115930 3.072619 -10.019131
v -10.472650 0.417509 -4.879592
v -10.308430 -0.367954 -4.719415
v -9.647271 1.977339 -10.552431
v -10.062320 -1.111898 -4.572546
v -9.298124 1.476489 -10.786941
v -9.738546 -1.801602 -4.441497
v -9.342643 -2.425258 -4.328516
v -8.881385 -2.972198 -4.235534
v -7.866314 0.261289 -11.315341
v -8.362662 -3.433064 -4.164137
v -7.795353 -3.799968 -4.115554
v -6.675385 -0.242542 -11.492961
v -7.189164 -4.066635 -4.090614
v -6.554466 -4.228500 -4.089743
v -5.904420 -4.299006 -4.081048
v -5.388434 -0.458486 -11.515191
v -5.252150 -4.293895 -4.033135
v -4.608811 -4.213090 -3.946738
v -4.092825 -0.372570 -11.380881
v -3.985713 -4.057393 -3.823057
v -3.393151 -3.830465 -3.664697
v -2.841760 -3.535021 -3.473797
v -2.340250 -3.177241 -3.254158
v -1.824265 0.663279 -10.688301
v -1.898163 -2.762269 -3.009096
v -1.521975 -2.298007 -2.743145
v -1.219073 -1.791759 -2.460591
v -0.994117 -1.252636 -2.166463
v -0.850779 -0.689912 -1.865808
v -5.907073 -4.318747 -4.042838
v -5.262667 -4.372168 -3.881622
v -4.632280 -4.387768 -3.608613
v -4.027038 -4.364972 -3.227671
v -3.456865 -4.304688 -2.746736
v -2.841761 -3.535021 -3.473797
v -2.932089 -4.207335 -2.172390
v -2.460894 -4.075191 -1.515985
v -2.052360 -3.909956 -0.787505
v -1.712346 -3.714939 -0.000371
v -1.447653 -3.493088 0.832695
v -1.262264 -3.248462 1.696882
v -1.159171 -2.985284 2.577373
v -3.856886 8.183920 -6.903912
v -3.250583 7.917810 -6.879901
v -2.682953 7.551901 -6.832875
v -2.164226 7.091780 -6.763467
v -1.702533 6.546530 -6.673162
v -1.306708 5.924089 -6.563159
v -0.982394 5.236349 -6.435664
v -0.736430 4.494129 -6.292590
v -0.571688 3.710789 -6.136595
v -0.492129 2.899239 -5.970183
v -0.498447 2.073759 -5.796322
v -6.451035 -3.767562 -2.590926
v -6.554575 -4.229117 -4.090068
v -4.632840 -4.387963 -3.609745
v -2.932441 -4.206182 -2.174601
v -1.712475 -3.712160 -0.005471
v -1.158561 -2.980749 2.568594
v -4.463239 8.471560 -6.496381
v -2.683389 7.552380 -6.833347
v 0.993898 9.992399 1.047272
v 0.754402 8.796160 -1.175756
v -1.307271 5.923769 -6.563294
v 1.041224 10.188841 1.873050
v 0.119469 10.330799 3.310397
v 1.070812 10.277679 2.718081
v 1.082016 10.256580 3.567717
v 1.074778 10.126610 4.408312
v 1.049201 9.889971 5.224504
v 1.005479 9.549271 6.002263
v 0.944759 9.112600 6.729265
v 0.867704 8.585350 7.391752
v 0.775801 7.977400 7.979546
v 0.670749 7.299980 8.482053
v 0.554153 6.563540 8.890593
v 0.428124 5.781300 9.198750
v 0.294730 4.966241 9.400286
v 0.156307 4.132491 9.492785
v 0.015240 3.294521 9.473833
v -0.126194 2.465791 9.344481
v -0.265412 1.661420 9.106907
v -0.400046 0.895270 8.763720
v -0.527917 0.179450 8.323092
v -0.646654 -0.472471 7.790436
v -0.754402 -1.050488 7.175756
v -0.849216 -1.544185 6.490390
v -0.929477 -1.945027 5.744919
v -6.554466 -4.228499 -4.089743
v -5.904422 -4.299013 -4.081050
v -5.262672 -4.372201 -3.881588
v -4.632283 -4.387788 -3.608579
v -4.027038 -4.364973 -3.227688
v -3.456874 -4.304742 -2.746737
v -2.460889 -4.075161 -1.516005
v -2.052370 -3.910017 -0.787538
v -1.447659 -3.493122 0.832721
v -1.262257 -3.248428 1.696918
v 2.552366 7.328600 -0.246207
v 2.625323 7.708521 0.280866
v 2.687071 8.016911 0.854331
v 2.736624 8.248970 1.463672
v 2.773026 8.400070 2.098849
v 2.795782 8.468390 2.748921
v 2.804366 8.451950 3.402471
v 2.804475 8.452570 3.402797
v 2.798838 8.352209 4.049087
v 2.779164 8.170179 4.676927
v 2.745557 7.908251 5.275279
v 2.698824 7.572210 5.834436
v 2.639551 7.166630 6.344041
v 2.568939 6.699459 6.796320
v 2.568830 6.698839 6.795993
v 2.488045 6.177870 7.182696
v 2.398352 5.611350 7.497007
v 2.301412 5.009670 7.734038
v 2.198808 4.382730 7.889054
v 2.092320 3.741350 7.960183
v 1.983806 3.096770 7.945399
v 1.983762 3.096450 7.946026
v 1.875014 2.459270 7.846139
v 1.767923 1.840530 7.663391
v 1.664348 1.251110 7.399546
v 1.565996 0.700550 7.060456
v 1.474660 0.199080 6.650722
v 1.391807 -0.245358 6.177747
v 1.318849 -0.625282 5.650674
v 1.257101 -0.933670 5.077209
v 1.207549 -1.165734 4.467868
v 1.171147 -1.316831 3.832691
v 1.148390 -1.385144 3.182619
v 1.139807 -1.368709 2.529069
v 1.139697 -1.369327 2.528743
v 1.145334 -1.268972 1.882453
v 1.165009 -1.086943 1.254613
v 1.198616 -0.825007 0.656261
v 1.245349 -0.488967 0.097104
v 1.304621 -0.083387 -0.412501
v 1.375234 0.383790 -0.864780
v 1.375343 0.384400 -0.864453
v 1.456128 0.905370 -1.251157
v 1.545820 1.471890 -1.565466
v 1.642760 2.073570 -1.802498
v 1.745365 2.700510 -1.957514
v 1.851853 3.341900 -2.028643
v 1.960367 3.986470 -2.013858
v 1.960410 3.986790 -2.014485
v 2.069159 4.623970 -1.914599
v 2.176249 5.242710 -1.731851
v 2.279824 5.832130 -1.468007
v 2.378176 6.382690 -1.128916
v 2.469512 6.884159 -0.719181
v 2.552409 7.328920 -0.246834
v -4.448244 -1.187819 4.865293
v -4.484267 1.042860 7.147486
v -5.832159 0.407330 4.469761
v -6.578701 2.571470 3.855029
v -6.662064 3.364800 3.616537
v -6.577562 2.572240 3.854712
v -4.666755 5.875310 6.900190
v -4.056108 8.085140 5.857835
v -6.147622 6.532280 2.605805
v -5.817000 7.255119 2.360425
v -5.817833 7.256229 2.360141
v -4.426634 9.061331 1.708304
v -1.881956 10.462811 2.705422
v -2.611825 10.119249 1.257252
v -0.572131 3.711139 -6.136273
v -0.736430 4.494129 -6.292590
v -0.982386 5.236399 -6.435659
v -1.306697 5.924150 -6.563136
v -1.702534 6.546539 -6.673204
v -2.164218 7.091820 -6.763481
v -2.682953 7.551910 -6.832919
v -2.683389 7.552380 -6.833347
v -4.462253 8.471390 -6.496398
v -3.856895 8.183870 -6.903937
v -4.491539 8.345280 -6.904871
v -4.491429 8.345890 -6.904544
v -5.143802 8.399269 -6.881583
v -5.114193 8.526819 -6.468436
v -5.802647 8.345221 -6.834747
v -6.424675 8.322630 -6.315061
v -6.456825 8.183741 -6.765018
v -7.094859 7.916880 -6.673498
v -7.706156 7.550501 -6.561996
v -8.239513 7.264530 -5.863949
v -8.279809 7.089359 -6.432093
v -9.630805 5.458859 -5.211931
v -9.683282 5.229439 -5.956944
v -9.961025 4.735379 -4.966379
v -10.475470 1.567889 -3.955648
v -10.391550 0.774859 -3.717284
v -10.472780 0.417389 -4.879544
v -10.062590 -1.112099 -4.572456
v -9.645100 -1.389849 -3.102372
v -9.738505 -1.801565 -4.441498
v -9.342878 -2.425507 -4.328421
v -8.881362 -2.972063 -4.235539
v -8.362766 -3.433186 -4.164095
v -8.261215 -2.985187 -2.706780
v -7.795237 -3.799848 -4.115571
v -7.084895 -3.607041 -2.596569
v -7.188989 -4.066373 -4.090694
vn 0.0822 0.3945 0.9152
vn 0.0625 0.2729 0.9600
vn 0.0692 0.3142 0.9468
vn 0.0884 0.4334 0.8968
vn 0.1003 0.5088 0.8550
vn 0.1060 0.5451 0.8317
vn 0.1168 0.6147 0.7800
vn 0.1219 0.6480 0.7518
vn 0.1313 0.7103 0.6916
vn 0.1356 0.7392 0.6596
vn 0.1435 0.7933 0.5916
vn 0.1471 0.8184 0.5556
vn 0.1533 0.8632 0.4810
vn 0.1560 0.8831 0.4426
vn 0.1605 0.9180 0.3628
vn 0.1623 0.9329 0.3214
vn 0.1649 0.9573 0.2376
vn 0.1657 0.9666 0.1953
vn 0.1665 0.9800 0.1092
vn 0.1664 0.9839 0.0655
vn 0.1652 0.9860 -0.0218
vn 0.1642 0.9843 -0.0654
vn 0.1612 0.9752 -0.1518
vn 0.1592 0.9679 -0.1946
vn 0.1543 0.9477 -0.2794
vn 0.1514 0.9348 -0.3213
vn 0.1448 0.9038 -0.4026
vn 0.1411 0.8858 -0.4421
vn 0.1329 0.8448 -0.5183
vn 0.1284 0.8219 -0.5550
vn 0.1187 0.7711 -0.6255
vn 0.1134 0.7434 -0.6592
vn 0.1024 0.6842 -0.7221
vn 0.0966 0.6528 -0.7514
vn 0.0844 0.5858 -0.8060
vn 0.0780 0.5503 -0.8313
vn 0.0649 0.4769 -0.8765
vn 0.0582 0.4391 -0.8966
vn 0.0444 0.3604 -0.9317
vn 0.0373 0.3197 -0.9468
vn 0.0230 0.2372 -0.9712
vn 0.0158 0.1954 -0.9806
vn 0.0013 0.1105 -0.9939
vn -0.0060 0.0674 -0.9977
vn -0.0205 -0.0188 -0.9996
vn -0.0277 -0.0617 -0.9977
vn -0.0418 -0.1469 -0.9883
vn -0.0488 -0.1892 -0.9807
vn -0.0625 -0.2729 -0.9600
vn -0.0692 -0.3142 -0.9468
vn -0.0821 -0.3945 -0.9152
vn -0.0884 -0.4335 -0.8968
vn -0.1003 -0.5088 -0.8550
vn -0.1060 -0.5451 -0.8317
vn -0.1168 -0.6147 -0.7800
vn -0.1219 -0.6480 -0.7518
vn -0.1313 -0.7103 -0.6916
vn -0.1356 -0.7392 -0.6596
vn -0.1435 -0.7933 -0.5916
vn -0.1471 -0.8184 -0.5555
vn -0.1533 -0.8632 -0.4810
vn -0.1560 -0.8831 -0.4426
vn -0.1605 -0.9180 -0.3628
vn -0.1623 -0.9329 -0.3214
vn -0.1649 -0.9573 -0.2376
vn -0.1657 -0.9666 -0.1953
vn -0.1665 -0.9800 -0.1092
vn -0.1664 -0.9839 -0.0654
vn -0.1652 -0.9860 0.0218
vn -0.1642 -0.9843 0.0654
vn -0.1611 -0.9752 0.1518
vn -0.1592 -0.9679 0.1946
vn -0.1543 -0.9477 0.2794
vn -0.1514 -0.9348 0.3213
vn -0.1448 -0.9038 0.4026
vn -0.1411 -0.8858 0.4420
vn -0.1329 -0.8448 0.5183
vn -0.1284 -0.8219 0.5550
vn -0.1187 -0.7711 0.6255
vn -0.1134 -0.7434 0.6592
vn -0.1024 -0.6842 0.7221
vn -0.0966 -0.6528 0.7514
vn -0.0844 -0.5858 0.8060
vn -0.0780 -0.5503 0.8313
vn -0.0649 -0.4769 0.8766
vn -0.0582 -0.4391 0.8965
vn -0.0444 -0.3605 0.9317
vn -0.0373 -0.3197 0.9468
vn -0.0230 -0.2371 0.9712
vn -0.0158 -0.1954 0.9806
vn -0.0013 -0.1105 0.9939
vn 0.0060 -0.0674 0.9977
vn 0.0205 0.0188 0.9996
vn 0.0277 0.0617 0.9977
vn 0.0418 0.1469 0.9883
vn 0.0488 0.1892 0.9807
vn 0.9860 -0.1656 -0.0171
vn -0.2926 -0.2873 -0.9121
vn -0.0884 -0.4334 -0.8968
vn -0.1003 -0.5087 -0.8551
vn -0.1168 -0.6148 -0.7800
vn -0.1356 -0.7392 -0.6597
vn -0.1560 -0.8830 -0.4426
vn -0.1605 -0.9179 -0.3628
vn -0.1657 -0.9666 -0.1954
vn -0.1664 -0.9839 -0.0655
vn -0.1652 -0.9860 0.0219
vn -0.3683 -0.8670 0.3356
vn -0.1187 -0.7712 0.6255
vn -0.1134 -0.7434 0.6591
vn -0.0582 -0.4391 0.8966
vn -0.0158 -0.1955 0.9806
vn -0.0013 -0.1106 0.9939
vn 0.0205 0.0187 0.9996
vn -0.1518 0.3619 0.9198
vn 0.0821 0.3945 0.9152
vn 0.1003 0.5087 0.8551
vn 0.1168 0.6147 0.7801
vn 0.1313 0.7102 0.6916
vn 0.1356 0.7393 0.6596
vn 0.1471 0.8184 0.5555
vn 0.1560 0.8830 0.4426
vn 0.1664 0.9839 0.0654
vn 0.1652 0.9860 -0.0219
vn 0.1611 0.9752 -0.1518
vn -0.0760 0.9417 -0.3279
vn 0.1411 0.8858 -0.4420
vn 0.1187 0.7712 -0.6255
vn 0.1134 0.7434 -0.6591
vn 0.0649 0.4769 -0.8766
vn 0.0444 0.3605 -0.9317
vn 0.0158 0.1955 -0.9806
vn -0.0205 -0.0187 -0.9996
vn -0.2979 0.0337 0.9540
vn -0.1568 -0.0580 0.9859
vn -0.0942 0.3194 0.9429
vn 0.1897 -0.1346 0.9726
vn 0.2522 0.2415 0.9371
vn 0.5855 -0.1778 0.7910
vn 0.6368 0.1303 0.7599
vn 0.6888 -0.2327 0.6866
vn 0.7343 0.0395 0.6776
vn -0.3588 -0.3231 0.8757
vn -0.2198 -0.4227 0.8792
vn 0.1270 -0.4949 0.8596
vn 0.5344 -0.4742 0.6997
vn 0.6445 -0.4876 0.5889
vn -0.4130 -0.6226 0.6646
vn -0.2739 -0.7187 0.6391
vn 0.0742 -0.7849 0.6152
vn 0.4907 -0.7131 0.5008
vn 0.6076 -0.6859 0.4004
vn -0.3103 -0.9014 0.3021
vn 0.0389 -0.9602 0.2766
vn 0.4615 -0.8585 0.2238
vn 0.5845 -0.7977 0.1485
vn -0.4686 -0.8833 -0.0107
vn -0.3239 -0.9427 -0.0804
vn 0.0266 -0.9942 -0.1046
vn 0.4509 -0.8882 -0.0885
vn 0.5784 -0.8057 -0.1275
vn -0.4615 -0.8051 -0.3726
vn -0.3124 -0.8364 -0.4505
vn 0.0390 -0.8817 -0.4702
vn 0.4612 -0.7974 -0.3892
vn 0.5905 -0.7086 -0.3862
vn -0.4318 -0.5961 -0.6770
vn -0.2779 -0.5987 -0.7512
vn 0.0746 -0.6397 -0.7650
vn 0.4899 -0.6004 -0.6320
vn 0.6179 -0.5222 -0.5878
vn -0.2251 -0.2657 -0.9374
vn 0.1277 -0.3053 -0.9436
vn 0.5333 -0.3269 -0.7802
vn 0.6579 -0.2733 -0.7018
vn -0.3246 0.0709 -0.9432
vn -0.1625 0.1116 -0.9804
vn 0.1903 0.0708 -0.9792
vn 0.5844 -0.0187 -0.8113
vn 0.7035 -0.0011 -0.7107
vn -0.2630 0.4275 -0.8649
vn -0.0993 0.4763 -0.8736
vn 0.2526 0.4311 -0.8662
vn 0.6360 0.2776 -0.7201
vn 0.7482 0.2537 -0.6130
vn -0.2092 0.7271 -0.6538
vn -0.0456 0.7723 -0.6336
vn 0.3057 0.7211 -0.6217
vn 0.6795 0.5165 -0.5211
vn 0.7844 0.4522 -0.4246
vn -0.0761 0.9417 -0.3279
vn -0.0090 0.9550 -0.2966
vn 0.3410 0.8964 -0.2832
vn 0.7087 0.6620 -0.2442
vn 0.8076 0.5638 -0.1727
vn -0.1538 0.9879 0.0215
vn 0.0046 0.9963 0.0860
vn 0.3534 0.9303 0.0980
vn 0.7190 0.6917 0.0682
vn 0.8138 0.5719 0.1033
vn -0.1604 0.9096 0.3834
vn -0.0067 0.8900 0.4560
vn 0.3406 0.8179 0.4637
vn 0.7092 0.6008 0.3689
vn 0.8022 0.4747 0.3620
vn -0.1903 0.7005 0.6877
vn -0.0416 0.6523 0.7568
vn 0.3052 0.5759 0.7584
vn 0.6802 0.4039 0.6117
vn 0.7740 0.2884 0.5637
vn 0.9876 -0.1560 -0.0192
vn 0.9761 -0.0015 -0.2173
vn 0.0615 0.4581 -0.8868
vn 0.0616 0.4581 -0.8868
vn -0.9970 0.0694 -0.0334
vn -0.9824 0.1847 0.0272
vn -0.9892 0.1464 0.0070
vn -0.9981 0.0308 -0.0534
vn -0.9946 -0.0465 -0.0931
vn -0.9900 -0.0851 -0.1127
vn -0.9751 -0.1620 -0.1514
vn -0.9648 -0.2002 -0.1704
vn -0.9389 -0.2749 -0.2072
vn -0.9233 -0.3113 -0.2249
vn -0.8868 -0.3827 -0.2592
vn -0.8658 -0.4176 -0.2758
vn -0.8192 -0.4844 -0.3071
vn -0.7937 -0.5162 -0.3218
vn -0.7380 -0.5773 -0.3495
vn -0.7076 -0.6065 -0.3625
vn -0.6436 -0.6609 -0.3861
vn -0.6099 -0.6860 -0.3967
vn -0.5388 -0.7326 -0.4159
vn -0.5014 -0.7540 -0.4243
vn -0.4241 -0.7922 -0.4387
vn -0.3844 -0.8090 -0.4446
vn -0.3029 -0.8380 -0.4539
vn -0.2613 -0.8501 -0.4573
vn -0.1763 -0.8695 -0.4614
vn -0.1330 -0.8768 -0.4622
vn -0.0462 -0.8862 -0.4610
vn -0.0029 -0.8884 -0.4591
vn 0.0839 -0.8877 -0.4528
vn 0.1271 -0.8848 -0.4483
vn 0.2130 -0.8740 -0.4367
vn 0.2556 -0.8661 -0.4297
vn 0.3387 -0.8453 -0.4132
vn 0.3790 -0.8326 -0.4038
vn 0.4581 -0.8023 -0.3827
vn 0.4967 -0.7847 -0.3709
vn 0.5703 -0.7453 -0.3454
vn 0.6052 -0.7236 -0.3318
vn 0.6720 -0.6759 -0.3025
vn 0.7039 -0.6498 -0.2868
vn 0.7629 -0.5944 -0.2541
vn 0.7901 -0.5653 -0.2372
vn 0.8402 -0.5034 -0.2017
vn 0.8630 -0.4707 -0.1833
vn 0.9035 -0.4031 -0.1455
vn 0.9211 -0.3682 -0.1263
vn 0.9510 -0.2965 -0.0872
vn 0.9633 -0.2599 -0.0674
vn 0.9824 -0.1847 -0.0273
vn 0.9892 -0.1464 -0.0070
vn 0.9970 -0.0694 0.0334
vn 0.9981 -0.0308 0.0534
vn 0.9946 0.0465 0.0931
vn 0.9900 0.0851 0.1127
vn 0.9751 0.1620 0.1514
vn 0.9648 0.2003 0.1704
vn 0.9389 0.2749 0.2072
vn 0.9233 0.3113 0.2249
vn 0.8868 0.3826 0.2592
vn 0.8657 0.4176 0.2758
vn 0.8192 0.4844 0.3071
vn 0.7937 0.5162 0.3218
vn 0.7379 0.5773 0.3495
vn 0.7076 0.6065 0.3624
vn 0.6436 0.6609 0.3861
vn 0.6099 0.6860 0.3967
vn 0.5388 0.7326 0.4159
vn 0.5014 0.7540 0.4243
vn 0.4241 0.7922 0.4387
vn 0.3844 0.8090 0.4446
vn 0.3030 0.8380 0.4539
vn 0.2613 0.8501 0.4573
vn 0.1763 0.8695 0.4614
vn 0.1330 0.8768 0.4622
vn 0.0462 0.8862 0.4610
vn 0.0028 0.8884 0.4591
vn -0.0839 0.8877 0.4528
vn -0.1271 0.8848 0.4483
vn -0.2130 0.8740 0.4367
vn -0.2557 0.8660 0.4297
vn -0.3386 0.8453 0.4132
vn -0.3790 0.8326 0.4038
vn -0.4581 0.8023 0.3827
vn -0.4967 0.7847 0.3709
vn -0.5703 0.7453 0.3455
vn -0.6052 0.7236 0.3318
vn -0.6721 0.6759 0.3025
vn -0.7039 0.6498 0.2868
vn -0.7629 0.5945 0.2542
vn -0.7901 0.5653 0.2372
vn -0.8402 0.5034 0.2018
vn -0.8630 0.4707 0.1833
vn -0.9035 0.4031 0.1455
vn -0.9211 0.3682 0.1263
vn -0.9510 0.2966 0.0872
vn -0.9633 0.2599 0.0674
vn -0.4054 0.3444 0.8468
vn -0.2851 0.6772 0.6783
vn -0.4383 0.5764 0.6897
vn -0.1340 0.8986 0.4178
vn -0.4832 0.8078 0.3376
vn 0.0368 0.9949 0.0941
vn -0.0502 0.9870 0.1524
vn 0.2495 0.9058 -0.3425
vn 0.1174 0.9668 -0.2271
vn -0.5115 0.3355 0.7911
vn -0.2586 -0.7211 0.6427
vn -0.4101 -0.6412 0.6486
vn -0.1782 -0.9083 0.3785
vn -0.1606 -0.9309 0.3281
vn -0.7509 0.0227 0.6601
vn -0.4010 -0.0387 0.9152
vn -0.4514 -0.2800 0.8473
vn -0.3457 -0.4031 0.8474
vn 0.0940 0.9616 -0.2580
vn 0.0160 0.9710 -0.2385
vn -0.0339 0.9796 -0.1983
vn -0.1440 0.9756 -0.1659
vn -0.1910 0.9729 -0.1305
vn -0.2907 0.9535 -0.0798
vn -0.3309 0.9420 -0.0569
vn -0.4223 0.9063 -0.0169
vn -0.4556 0.8899 0.0222
vn -0.5328 0.8448 0.0495
vn -0.5427 0.8355 0.0863
vn -0.6197 0.7743 0.1284
vn -0.6404 0.7545 0.1434
vn -0.7002 0.6954 0.1615
vn -0.7115 0.6731 0.2017
vn -0.7614 0.6141 0.2077
vn -0.7561 0.6067 0.2454
vn -0.7990 0.5345 0.2755
vn -0.8123 0.5067 0.2888
vn -0.8356 0.4509 0.3138
vn -0.8457 0.4229 0.3255
vn -0.8780 0.3602 0.3153
vn -0.8629 0.3574 0.3573
vn -0.8989 0.2723 0.3433
vn -0.8866 0.2548 0.3860
vn -0.9118 0.1817 0.3684
vn -0.8950 0.1662 0.4139
vn -0.8980 0.1009 0.4283
vn -0.8975 0.0697 0.4355
vn -0.8937 0.0058 0.4487
vn -0.8902 -0.0271 0.4548
vn -0.8980 -0.1103 0.4260
vn -0.8730 -0.1233 0.4718
vn -0.8722 -0.2165 0.4386
vn -0.8473 -0.2132 0.4865
vn -0.8177 -0.3096 0.4853
vn -0.8000 -0.3514 0.4863
vn -0.7761 -0.4427 0.4491
vn -0.7432 -0.4591 0.4866
vn -0.6998 -0.5598 0.4437
vn -0.6698 -0.5638 0.4833
vn -0.5962 -0.6602 0.4569
vn -0.5567 -0.7005 0.4466
vn -0.4802 -0.7797 0.4019
vn -0.4347 -0.8003 0.4131
vn -0.3370 -0.8638 0.3747
vn -0.2877 -0.8827 0.3715
vn -0.2340 -0.9129 0.3345
vn 0.9970 -0.0699 0.0331
vn 0.9824 -0.1848 -0.0273
vn 0.9946 0.0459 0.0928
vn 0.9752 0.1615 0.1511
vn 0.9648 0.2002 0.1704
vn 0.9391 0.2743 0.2069
vn 0.9233 0.3112 0.2249
vn 0.8871 0.3821 0.2590
vn 0.8658 0.4176 0.2758
vn 0.8195 0.4840 0.3069
vn 0.7938 0.5162 0.3218
vn 0.7383 0.5769 0.3493
vn 0.7077 0.6065 0.3624
vn 0.6439 0.6606 0.3860
vn 0.5392 0.7324 0.4158
vn 0.4244 0.7921 0.4387
vn 0.3031 0.8379 0.4539
vn 0.0029 0.8884 0.4591
vn -0.0840 0.8877 0.4527
vn -0.2131 0.8740 0.4367
vn -0.2557 0.8660 0.4296
vn -0.3390 0.8451 0.4134
vn -0.3791 0.8326 0.4038
vn -0.4585 0.8021 0.3826
vn -0.4968 0.7847 0.3709
vn -0.5703 0.7453 0.3454
vn -0.7633 0.5941 0.2539
vn -0.7901 0.5652 0.2372
vn -0.8402 0.5034 0.2017
vn -0.8631 0.4707 0.1833
vn -0.9037 0.4027 0.1453
vn -0.9512 0.2961 0.0869
vn -0.9633 0.2598 0.0674
vn -0.9825 0.1842 0.0269
vn -0.9971 0.0690 -0.0336
vn -0.9945 -0.0470 -0.0933
vn -0.9387 -0.2752 -0.2073
vn -0.9233 -0.3112 -0.2249
vn -0.8868 -0.3826 -0.2592
vn -0.7938 -0.5162 -0.3217
vn -0.7378 -0.5775 -0.3495
vn -0.7077 -0.6065 -0.3624
vn -0.6434 -0.6611 -0.3861
vn -0.5389 -0.7326 -0.4159
vn -0.4242 -0.7922 -0.4387
vn -0.1647 -0.8716 -0.4617
vn -0.0028 -0.8884 -0.4591
vn 0.1039 -0.8866 -0.4508
vn 0.2131 -0.8740 -0.4367
vn 0.2557 -0.8660 -0.4297
vn 0.3572 -0.8397 -0.4090
vn 0.3791 -0.8326 -0.4038
vn 0.4761 -0.7944 -0.3773
vn 0.4968 -0.7847 -0.3709
vn 0.5866 -0.7354 -0.3392
vn 0.6721 -0.6759 -0.3025
vn 0.7756 -0.5811 -0.2464
vn 0.7901 -0.5652 -0.2372
vn 0.8510 -0.4884 -0.1932
vn 0.8631 -0.4707 -0.1833
vn 0.9119 -0.3871 -0.1367
vn 0.9569 -0.2797 -0.0781
vn 0.9633 -0.2598 -0.0674
vn 0.0245 0.8876 0.4600
vn -0.0186 0.8877 0.4601
vn 0.1762 0.8695 0.4614
vn -0.0840 0.8877 0.4528
vn -0.1401 0.8829 0.4483
vn -0.2227 0.8721 0.4358
vn -0.2638 0.8642 0.4285
vn -0.3851 0.8302 0.4031
vn -0.5014 0.7822 0.3699
vn -0.5742 0.7429 0.3442
vn -0.6088 0.7213 0.3304
vn -0.6750 0.6735 0.3011
vn -0.7453 0.6475 0.1588
vn -0.8185 0.5569 0.1412
vn -0.8418 0.5011 0.2005
vn -0.8644 0.4687 0.1821
vn -0.9293 0.3597 0.0840
vn -0.9658 0.2546 0.0486
vn -0.9893 0.1458 0.0102
vn -0.9989 0.0348 -0.0300
vn -0.9944 -0.0778 -0.0712
vn -0.9748 -0.1633 -0.1520
vn -0.9645 -0.2012 -0.1709
vn -0.9387 -0.2753 -0.2073
vn -0.9405 -0.3031 -0.1537
vn -0.8862 -0.3837 -0.2597
vn -0.8653 -0.4183 -0.2761
vn -0.8190 -0.4847 -0.3072
vn -0.7931 -0.5170 -0.3220
vn -0.7073 -0.6069 -0.3625
vn -0.6094 -0.6864 -0.3969
vn -0.5384 -0.7329 -0.4160
vn -0.5015 -0.7540 -0.4243
vn -0.3842 -0.8091 -0.4446
vn -0.3028 -0.8380 -0.4539
vn -0.2614 -0.8501 -0.4573
vn -0.1544 -0.8734 -0.4618
vn -0.0453 -0.8863 -0.4610
vn 0.0851 -0.8876 -0.4526
vn 0.2161 -0.8735 -0.4362
vn 0.2557 -0.8661 -0.4296
vn 0.3425 -0.8442 -0.4123
vn 0.4635 -0.8000 -0.3811
vn 0.6793 -0.6702 -0.2991
vn 0.7701 -0.5870 -0.2498
vn 0.8472 -0.4937 -0.1962
vn 0.9096 -0.3915 -0.1391
vn 0.9558 -0.2830 -0.0799
vn 0.9737 -0.2227 -0.0475
vn -0.0245 -0.8875 -0.4602
vn 0.0983 -0.8869 -0.4514
vn 0.2227 -0.8724 -0.4352
vn 0.3455 -0.8433 -0.4117
vn 0.4633 -0.8001 -0.3812
vn 0.6086 -0.7214 -0.3304
vn 0.5741 -0.7430 -0.3440
vn 0.6750 -0.6736 -0.3011
vn 0.7651 -0.5922 -0.2528
vn 0.8418 -0.5012 -0.2005
vn 0.9046 -0.4011 -0.1444
vn 0.9517 -0.2947 -0.0862
vn 0.2822 0.8442 0.4557
vn 0.4449 0.8589 0.2539
vn 0.5100 0.7493 0.4225
vn 0.6157 0.6818 0.3950
vn 0.7118 0.6027 0.3608
vn 0.7966 0.5128 0.3202
vn 0.8678 0.4144 0.2743
vn 0.9246 0.3084 0.2235
vn 0.9908 0.1316 -0.0309
vn 0.9953 0.0328 -0.0907
vn 0.9969 -0.0621 -0.0493
vn -0.1561 -0.9409 0.3005
vn -0.1529 -0.9415 0.3004
vn -0.1538 -0.9412 0.3008
vn -0.1544 -0.9411 0.3008
vn -0.1535 -0.9413 0.3005
vn 0.2681 0.8880 -0.3735
vn 0.3922 0.8110 -0.4341
vn 0.3923 0.8110 -0.4341
vn 0.4781 0.7509 -0.4556
vn 0.6962 0.5206 -0.4943
vn 0.9761 -0.0015 -0.2174
vn 0.8741 0.2015 -0.4419
vn -0.1028 0.9813 -0.1628
vn 0.2496 0.9057 -0.3426
vn -0.1907 0.9574 -0.2168
vn 0.0305 0.9987 -0.0406
vn -0.1027 0.9813 -0.1628
vn 0.0530 0.9946 0.0888
vn -0.0576 0.9684 0.2425
vn -0.0488 0.9398 0.3383
vn -0.0531 0.8887 0.4554
vn -0.1370 0.8008 0.5831
vn -0.1409 0.7424 0.6550
vn -0.1483 0.6528 0.7428
vn -0.2155 0.5223 0.8251
vn -0.2189 0.4448 0.8684
vn -0.2203 0.3288 0.9184
vn -0.2740 0.1744 0.9458
vn -0.2724 0.0877 0.9582
vn -0.2611 -0.0416 0.9644
vn -0.3050 -0.2001 0.9311
vn -0.2961 -0.2854 0.9115
vn -0.2647 -0.4138 0.8710
vn -0.3093 -0.5530 0.7737
vn -0.2981 -0.6212 0.7248
vn -0.2277 -0.7336 0.6403
vn -0.2622 -0.8035 0.5344
vn -0.3955 -0.8208 0.4122
vn -0.2120 -0.9383 0.2732
vn -0.1076 -0.9940 -0.0186
vn -0.1389 -0.9716 0.1915
vn -0.1528 -0.9414 0.3005
vn -0.1575 -0.9391 0.3053
vn -0.1525 -0.9421 0.2988
vn -0.1576 -0.9391 0.3054
vn -0.1537 -0.9412 0.3009
vn -0.1676 -0.9370 0.3064
vn -0.1797 -0.9325 0.3132
vn -0.2003 -0.9306 0.3065
vn -0.2154 -0.9263 0.3093
vn -0.6306 -0.6213 0.4652
vn -0.7987 -0.3234 0.5074
vn -0.8320 -0.2722 0.4834
vn -0.7987 -0.3233 0.5074
vn -0.7509 0.0227 0.6600
vn -0.2906 -0.9088 0.2994
vn -0.8855 -0.0612 0.4607
vn -0.8911 0.1161 0.4387
vn -0.8961 0.0374 0.4423
vn -0.8805 0.2548 0.3996
vn -0.8071 0.5057 0.3048
vn -0.8365 0.4385 0.3286
vn -0.8243 0.4793 0.3013
vn -0.7841 0.5628 0.2616
vn -0.4833 0.8078 0.3376
vn -0.6703 0.7233 0.1658
vn -0.4575 0.8872 0.0601
vn -0.3795 0.9248 -0.0281
vn -0.3433 -0.8908 0.2978
vn 0.9195 0.1181 -0.3750
vn 0.9017 0.1640 -0.3999
vn 0.8604 0.2602 -0.4383
vn 0.7960 0.3632 -0.4843
vn 0.7322 0.4500 -0.5113
vn 0.6543 0.5568 -0.5116
vn 0.6096 0.6111 -0.5048
vn 0.4807 0.7936 0.3731
vn 0.4449 0.8589 0.2538
vn 0.4449 0.8589 0.2537
vn 0.3238 0.9298 -0.1750
vn 0.2354 0.9238 -0.3021
vn 0.0674 0.9523 -0.2976
vn -0.0170 0.9558 -0.2936
vn -0.0170 0.9558 -0.2935
vn -0.0160 0.9557 -0.2939
vn 0.2681 0.8881 -0.3735
vn -0.1440 0.9756 -0.1660
vn -0.2069 0.9389 -0.2750
vn -0.3091 0.9148 -0.2602
vn -0.3581 0.8991 -0.2519
vn -0.4914 0.8415 -0.2245
vn -0.6072 0.7704 -0.1944
vn -0.6738 0.7182 -0.1736
vn -0.7042 0.6910 -0.1633
vn -0.8854 0.4582 -0.0787
vn -0.9013 0.4278 -0.0682
vn -0.9291 0.3669 -0.0475
vn -0.9972 -0.0117 0.0735
vn -0.9884 -0.1115 0.1034
vn -0.9828 -0.1455 0.1135
vn -0.9405 -0.3031 -0.1536
vn -0.9190 -0.3542 0.1731
vn -0.8843 -0.4254 0.1925
vn -0.8642 -0.4608 0.2020
vn -0.7906 -0.5677 0.2297
vn -0.6968 -0.6705 0.2547
vn -0.5809 -0.7658 0.2759
vn -0.6221 -0.7351 0.2693
vn -0.4802 -0.7797 0.4018
vn -0.4442 -0.8472 0.2914
vt 1.721800 -7.261000
vt -5.000000 -7.000000
vt 2.000000 0.000000
vt 1.721800 -0.261000
vt 1.414200 -7.517600
vt 1.414200 -0.517600
vt 1.082400 -7.765400
vt 1.082400 -0.765400
vt 0.732000 -8.000000
vt 0.732000 -1.000000
vt 0.369200 -8.217600
vt 0.369200 -1.217600
vt 0.000000 -8.414200
vt 0.000000 -1.414200
vt -0.369200 -8.586800
vt -0.369200 -1.586800
vt -0.732000 -8.732000
vt -0.732000 -1.732000
vt -1.082400 -8.847800
vt -1.082400 -1.847800
vt -1.414200 -8.931800
vt -1.414200 -1.931800
vt -1.721800 -8.982800
vt -1.721800 -1.982800
vt -2.000000 -9.000000
vt -2.000000 -2.000000
vt -2.243800 -8.982800
vt -2.243800 -1.982800
vt -2.449400 -8.931800
vt -2.449400 -1.931800
vt -2.613200 -8.847800
vt -2.613200 -1.847800
vt -2.732000 -8.732000
vt -2.732000 -1.732000
vt -2.804400 -8.586800
vt -2.804400 -1.586800
vt -2.828400 -8.414200
vt -1.414200 -1.414200
vt -8.586800 -8.217600
vt -1.586800 -1.217600
vt -8.732000 -8.000000
vt -1.732000 -1.000000
vt -8.847800 -7.765400
vt -1.847800 -0.765400
vt -8.931800 -7.517600
vt -1.931800 -0.517600
vt -8.982800 -7.261000
vt -1.982800 -0.261000
vt -9.000000 -7.000000
vt -2.000000 0.000000
vt -1.721800 -6.739000
vt -1.721800 0.261000
vt -1.414200 -6.482400
vt -1.414200 0.517600
vt -1.082400 -6.234600
vt -1.082400 0.765400
vt -0.732000 -6.000000
vt -0.732000 1.000000
vt -0.369200 -5.782400
vt -0.369200 1.217600
vt 0.000000 -5.585800
vt 0.000000 1.414200
vt 0.369200 -5.413200
vt 0.369200 1.586800
vt 0.732000 -5.268000
vt 0.732000 1.732000
vt 1.082400 -5.152200
vt 1.082400 1.847800
vt 1.414200 -5.068200
vt 1.414200 1.931800
vt 1.721800 -5.017200
vt 1.721800 1.982800
vt 2.000000 -5.000000
vt 0.000000 2.000000
vt -6.739000 -5.017200
vt 0.261000 1.982800
vt -6.482400 -5.068200
vt 0.517600 1.931800
vt -6.234600 -5.152200
vt 0.765400 1.847800
vt -6.000000 -5.268000
vt 1.000000 1.732000
vt -5.782400 -5.413200
vt 1.217600 1.586800
vt -5.585800 -5.585800
vt 1.414200 1.414200
vt -5.413200 -5.782400
vt 1.586800 1.217600
vt -5.268000 -6.000000
vt 1.732000 1.000000
vt -5.152200 -6.234600
vt 1.847800 0.765400
vt -5.068200 -6.482400
vt 1.931800 0.517600
vt -5.017200 -6.739000
vt 1.982800 0.261000
vt -5.017200 -7.261000
vt -3.034400 -7.522000
vt -3.000000 -7.000000
vt -5.068200 -7.517600
vt -3.136400 -8.035200
vt -5.152200 -7.765400
vt -3.304400 -8.530800
vt -5.268000 -8.000000
vt -3.536000 -9.000000
vt -5.413200 -8.217600
vt -3.826400 -9.435200
vt -5.585800 -8.414200
vt -4.171600 -9.828400
vt -5.782400 -8.586800
vt -4.564800 -10.173600
vt -6.000000 -8.732000
vt -5.000000 -10.464000
vt -6.234600 -8.847800
vt -5.469200 -10.695600
vt -6.482400 -8.931800
vt -5.964800 -10.863600
vt -6.739000 -8.982800
vt -6.478000 -10.965600
vt -7.000000 -9.000000
vt -7.000000 -11.000000
vt -7.261000 -8.982800
vt -7.522000 -10.965600
vt -7.517600 -8.931800
vt -8.035200 -10.863600
vt -7.765400 -8.847800
vt -8.530800 -10.695600
vt -8.000000 -8.732000
vt -9.000000 -10.464000
vt -8.217600 -8.586800
vt -9.435200 -10.173600
vt -8.414200 -8.414200
vt -9.828400 -9.828400
vt -10.173600 -9.435200
vt -10.464000 -9.000000
vt -10.695600 -8.530800
vt -10.863600 -8.035200
vt -10.965600 -7.522000
vt -11.000000 -7.000000
vt -8.982800 -6.739000
vt -10.965600 -6.478000
vt -8.931800 -6.482400
vt -10.863600 -5.964800
vt -8.847800 -6.234600
vt -10.695600 -5.469200
vt -8.732000 -6.000000
vt -10.464000 -5.000000
vt -8.586800 -5.782400
vt -10.173600 -4.564800
vt -8.414200 -5.585800
vt -9.828400 -4.171600
vt -8.217600 -5.413200
vt -9.435200 -3.826400
vt -8.000000 -5.268000
vt -9.000000 -3.536000
vt -7.765400 -5.152200
vt -8.530800 -3.304400
vt -7.517600 -5.068200
vt -8.035200 -3.136400
vt -7.261000 -5.017200
vt -7.522000 -3.034400
vt -7.000000 -5.000000
vt -7.000000 -3.000000
vt -6.478000 -3.034400
vt -5.964800 -3.136400
vt -5.469200 -3.304400
vt -5.000000 -3.536000
vt -4.564800 -3.826400
vt -4.171600 -4.171600
vt -3.826400 -4.564800
vt -3.536000 -5.000000
vt -3.304400 -5.469200
vt -3.136400 -5.964800
vt -3.034400 -6.478000
vt 5.000000 0.000000
vt 5.000000 -2.000000
vt 4.304500 -2.652500
vt 4.304500 -0.652500
vt 3.535500 -3.294000
vt 3.535500 -1.294000
vt 2.706000 -3.913500
vt 2.706000 -1.913500
vt 1.830000 -4.500000
vt 1.830000 -2.500000
vt 0.923000 -5.044000
vt 0.923000 -3.044000
vt 0.000000 -5.535500
vt 0.000000 -3.535500
vt -0.923000 -5.967000
vt -0.923000 -3.967000
vt -1.830000 -6.330000
vt -1.830000 -4.330000
vt -2.706000 -6.619500
vt -2.706000 -4.619500
vt -3.535500 -6.829500
vt -3.535500 -4.829500
vt -4.304500 -6.957000
vt -4.304500 -4.957000
vt -2.000000 -7.000000
vt 0.000000 -5.000000
vt -2.652500 -6.957000
vt -0.652500 -4.957000
vt -3.294000 -6.829500
vt -1.294000 -4.829500
vt -3.913500 -6.619500
vt -1.913500 -4.619500
vt -4.500000 -6.330000
vt -2.500000 -4.330000
vt -5.044000 -5.967000
vt -3.044000 -3.967000
vt -5.535500 -5.535500
vt -3.535500 -3.535500
vt -5.967000 -5.044000
vt -3.967000 -3.044000
vt -6.330000 -4.500000
vt -4.330000 -2.500000
vt -6.619500 -3.913500
vt -4.619500 -1.913500
vt -6.829500 -3.294000
vt -4.829500 -1.294000
vt -6.957000 -2.652500
vt -4.957000 -0.652500
vt -7.000000 -2.000000
vt -5.000000 0.000000
vt -4.304500 -1.347500
vt -4.304500 0.652500
vt -3.535500 -0.706000
vt -3.535500 1.294000
vt -2.706000 -0.086500
vt -2.706000 1.913500
vt -1.830000 0.500000
vt -1.830000 2.500000
vt -0.923000 1.044000
vt -0.923000 3.044000
vt 0.000000 1.535500
vt 0.000000 3.535500
vt 0.923000 1.967000
vt 0.923000 3.967000
vt 1.830000 2.330000
vt 1.830000 4.330000
vt 2.706000 2.619500
vt 2.706000 4.619500
vt 3.535500 2.829500
vt 3.535500 4.829500
vt 4.304500 2.957000
vt 4.304500 4.957000
vt 5.000000 3.000000
vt 5.000000 5.000000
vt 5.609500 2.957000
vt 5.609500 4.957000
vt 6.123500 2.829500
vt 6.123500 4.829500
vt 6.533000 2.619500
vt 6.533000 4.619500
vt 6.830000 2.330000
vt 6.830000 4.330000
vt 7.011000 1.967000
vt 7.011000 3.967000
vt 7.071000 1.535500
vt 3.535500 3.535500
vt 1.967000 1.044000
vt 3.967000 3.044000
vt 2.330000 0.500000
vt 4.330000 2.500000
vt 2.619500 -0.086500
vt 4.619500 1.913500
vt 2.829500 -0.706000
vt 4.829500 1.294000
vt 2.957000 -1.347500
vt 4.957000 0.652500
vt -6.619000 -3.913000
vt -8.580999 -5.605000
vt -9.000000 -3.500000
vt -10.081000 -7.105000
vt -5.500000 -5.000000
vt -6.532000 -7.913000
vt -5.000000 -6.000000
vt -5.227000 -8.531000
vt -4.000000 -7.000000
vt -5.536000 -5.536000
vt -7.389000 -7.389000
vt -8.889000 -8.889000
vt -9.536000 -9.536000
vt -9.828000 -9.828000
vt -3.913000 -6.619000
vt -5.605000 -8.580999
vt -7.105000 -10.081000
vt -6.532000 -10.619000
vt -8.531000 -10.696000
vt -3.500000 -9.000000
vt -5.500000 -10.500000
vt -5.000000 -11.000000
vt -4.000000 -11.000000
vt -0.087000 -6.619000
vt -2.976000 -8.580999
vt -2.976000 -10.081000
vt -2.706000 -10.619000
vt -5.469000 -10.696000
vt 0.000000 -5.536000
vt 0.000000 -7.389000
vt 0.000000 -8.889000
vt -2.464000 -9.536000
vt -4.172000 -9.828000
vt 2.706000 -3.913000
vt 2.976000 -5.605000
vt 2.976000 -7.105000
vt -1.381000 -7.913000
vt -3.304000 -8.531000
vt 5.500000 -3.500000
vt 0.500000 -5.000000
vt -1.000000 -6.000000
vt 6.532000 -0.087000
vt 1.581000 -1.395000
vt 0.081000 -2.895000
vt -1.381000 -4.087000
vt -3.304000 -5.469000
vt 1.536000 1.536000
vt 0.389000 0.389000
vt 7.778000 -1.111000
vt 7.072000 -2.464000
vt 5.656000 -4.172000
vt 6.532000 2.619000
vt 7.186000 1.581000
vt 7.186000 0.081000
vt 6.532000 -1.381000
vt 5.227000 -3.304000
vt 5.500000 2.000000
vt 5.500000 0.500000
vt 5.000000 -1.000000
vt 4.000000 -3.000000
vt 2.706000 2.619000
vt 2.976000 1.581000
vt 2.976000 0.081000
vt 2.706000 -1.381000
vt 2.165000 -3.304000
vt 0.000000 1.536000
vt 0.000000 0.389000
vt 0.000000 -1.111000
vt 0.000000 -2.464000
vt 0.000000 -4.172000
vt -2.706000 -0.087000
vt -2.976000 -1.395000
vt -2.976000 -2.895000
vt -2.706000 -4.087000
vt -2.165000 -5.469000
vt -0.848250 -6.444100
vt 0.000000 -6.500000
vt 0.000000 0.000000
vt -1.682200 -6.278350
vt -2.487550 -6.005350
vt -3.250000 -5.629000
vt -3.957200 -5.157100
vt -4.596150 -4.596150
vt -5.157100 -3.957200
vt -5.629000 -3.250000
vt -6.005350 -2.487550
vt -6.278350 -1.682200
vt -6.444100 -0.848250
vt -6.500000 0.000000
vt -6.444100 0.848250
vt -6.278350 1.682200
vt -6.005350 2.487550
vt -5.629000 3.250000
vt -5.157100 3.957200
vt -4.596150 4.596150
vt -3.957200 5.157100
vt -3.250000 5.629000
vt -2.487550 6.005350
vt -1.682200 6.278350
vt -0.848250 6.444100
vt 0.000000 6.500000
vt 0.000000 -2.000000
vt 0.261000 -1.982800
vt 0.517600 -1.931800
vt 0.765400 -1.847800
vt 1.000000 -1.732000
vt 1.217600 -1.586800
vt 1.414200 -1.414200
vt 1.586800 -1.217600
vt 1.732000 -1.000000
vt 1.847800 -0.765400
vt 1.931800 -0.517600
vt 1.982800 -0.261000
vt 2.500000 -6.500000
vt 1.913000 -4.619000
vt 4.500000 -4.500000
vt 3.536000 -3.536000
vt 6.000000 -3.000000
vt 4.619000 -1.913000
vt 9.056000 0.028000
vt 4.619000 1.913000
vt 9.192000 4.596000
vt 3.536000 3.536000
vt 2.487000 6.005000
vt 1.913000 4.619000
vt 0.000000 5.000000
vt 7.587000 2.045194
vt 10.794000 1.793000
vt 7.587000 4.293000
vt 7.586999 2.335749
vt 10.307720 2.659776
vt 7.587000 3.011885
vt 10.234280 3.385718
vt 10.276260 3.775240
vt 7.587000 4.173549
vt 7.586999 4.573889
vt 10.704010 4.969493
vt 10.939510 5.353489
vt 11.215180 5.719317
vt 11.526230 6.060770
vt 11.867680 6.371818
vt 12.233510 6.647489
vt 12.617510 6.882993
vt 7.586999 7.073889
vt 7.587000 7.217548
vt 13.811760 7.310740
vt 14.201280 7.352718
vt 7.587000 7.341885
vt 14.927220 7.279275
vt 7.586999 7.165249
vt 7.587000 7.002194
vt 15.794000 6.793000
vt 16.003189 6.540806
vt 7.586999 6.250251
vt 7.587000 5.926224
vt 16.342880 5.574115
vt 16.353720 5.200282
vt 16.311741 4.810760
vt 16.218550 4.412451
vt 16.074890 4.012111
vt 15.883990 3.616507
vt 15.648490 3.232511
vt 15.372820 2.866683
vt 15.061770 2.525230
vt 14.720320 2.214183
vt 14.354490 1.938511
vt 13.970490 1.703007
vt 13.574890 1.512111
vt 13.174550 1.368451
vt 12.776240 1.275260
vt 12.386720 1.233282
vt 12.012890 1.244115
vt 7.587000 1.306725
vt 7.586999 1.420751
vt 11.046190 1.583806
vt 21.191410 12.651790
vt 21.400600 12.399600
vt 10.584810 2.045194
vt 21.028351 12.942350
vt 10.421750 2.335749
vt 20.914330 13.266370
vt 10.307720 2.659775
vt 20.851721 13.618490
vt 10.245120 3.011885
vt 20.840879 13.992320
vt 20.882860 14.381840
vt 20.976049 14.780150
vt 10.369450 4.173549
vt 28.800200 15.180490
vt 28.800200 15.576090
vt 7.587000 4.969493
vt 28.800200 15.960090
vt 7.587000 5.353489
vt 28.800200 16.325920
vt 7.587000 5.719317
vt 28.800200 16.667370
vt 7.587000 6.060770
vt 28.800200 16.978420
vt 7.587000 6.371818
vt 28.800200 17.254089
vt 7.587000 6.647489
vt 28.800200 17.489590
vt 7.587000 6.882993
vt 28.800200 17.680490
vt 24.020050 17.824150
vt 13.413450 7.217548
vt 24.418360 17.917339
vt 24.807880 17.959320
vt 25.181709 17.948490
vt 14.575120 7.341885
vt 25.533819 17.885880
vt 14.927220 7.279276
vt 25.857849 17.771851
vt 15.251250 7.165249
vt 26.148411 17.608789
vt 15.541810 7.002194
vt 26.400600 17.399599
vt 7.587000 6.793000
vt 28.800200 17.147409
vt 7.586999 6.540806
vt 28.800200 16.856850
vt 28.800200 16.532829
vt 7.587000 5.926225
vt 28.800200 16.180710
vt 7.587000 5.574115
vt 28.800200 15.806880
vt 7.587000 5.200282
vt 28.800200 15.417360
vt 7.587000 4.810760
vt 28.800200 15.019050
vt 7.587000 4.412451
vt 28.800200 14.618710
vt 7.586999 4.012111
vt 28.800200 14.223110
vt 7.586999 3.616507
vt 28.800200 13.839110
vt 7.586999 3.232511
vt 28.800200 13.473280
vt 7.587000 2.866683
vt 28.800200 13.131830
vt 7.586999 2.525230
vt 28.800200 12.820780
vt 7.587000 2.214183
vt 28.800200 12.545110
vt 7.586999 1.938511
vt 28.800200 12.309610
vt 7.586999 1.703007
vt 28.800200 12.118710
vt 7.586999 1.512111
vt 23.781151 11.975050
vt 23.382839 11.881860
vt 22.993320 11.839880
vt 22.619480 11.850710
vt 22.267380 11.913320
vt 11.660780 1.306724
vt 21.943350 12.027350
vt 11.336750 1.420751
vt 21.652790 12.190410
vt 21.400000 12.400000
vt 21.190800 12.652200
vt 18.481609 10.404400
vt 18.900000 9.900000
vt 28.799999 12.942760
vt 28.799999 10.985510
vt 20.913710 13.266790
vt 28.799999 11.633570
vt 28.799999 13.618900
vt 17.802200 12.337800
vt 20.840260 13.992740
vt 28.799999 13.085470
vt 20.882240 14.382260
vt 17.864479 13.864520
vt 20.975430 14.780570
vt 18.050850 14.661150
vt 21.119089 15.180910
vt 18.338169 15.461830
vt 21.309980 15.576520
vt 18.719959 16.253040
vt 21.545481 15.960520
vt 19.190960 17.021040
vt 28.799999 16.326349
vt 28.799999 17.752689
vt 28.799999 16.667801
vt 28.799999 18.435600
vt 28.799999 16.978849
vt 28.799999 19.057690
vt 22.839479 17.254520
vt 28.799999 19.609039
vt 23.223480 17.490021
vt 22.546961 20.080040
vt 23.619089 17.680910
vt 23.338169 20.461830
vt 24.019430 17.824570
vt 24.138849 20.749149
vt 24.417740 17.917761
vt 24.935480 20.935520
vt 28.799999 17.959740
vt 28.799999 21.019470
vt 25.181101 17.948900
vt 26.462200 20.997801
vt 28.799999 17.886290
vt 28.799999 20.872570
vt 25.857241 17.772249
vt 28.799999 20.644510
vt 26.147800 17.609200
vt 28.395599 20.318399
vt 26.400000 17.400000
vt 28.900000 19.900000
vt 26.609200 17.147800
vt 29.318390 19.395599
vt 28.799999 16.857241
vt 28.799999 18.814489
vt 26.886290 16.533211
vt 28.799999 18.166430
vt 28.799999 16.181101
vt 29.997801 17.462200
vt 26.959740 15.807260
vt 28.799999 16.714531
vt 26.917761 15.417740
vt 29.935520 15.935480
vt 28.799999 15.019430
vt 28.799999 15.138850
vt 26.680910 14.619090
vt 28.799999 14.338170
vt 26.490021 14.223480
vt 29.080040 13.546960
vt 26.254520 13.839480
vt 28.609039 12.778960
vt 28.799999 13.473650
vt 28.799999 12.047310
vt 28.799999 13.132200
vt 28.799999 11.364400
vt 28.799999 12.821150
vt 28.799999 10.742310
vt 24.960520 12.545480
vt 26.021030 10.190960
vt 24.576521 12.309980
vt 25.253040 9.719959
vt 28.799999 12.119090
vt 28.799999 9.338170
vt 23.780569 11.975430
vt 28.799999 9.050855
vt 23.382259 11.882240
vt 22.864519 8.864477
vt 28.799999 11.840260
vt 28.799999 8.780526
vt 22.618900 11.851100
vt 21.337799 8.802199
vt 28.799999 11.913710
vt 28.799999 8.927425
vt 21.942760 12.027740
vt 28.799999 9.155486
vt 21.652201 12.190800
vt 19.404400 9.481604
vt -3.250000 2.500000
vt -3.002000 4.797000
vt 1.051000 7.233000
vt 0.530000 6.364000
vt 1.195000 8.619999
vt 3.805000 6.961999
vt 4.474999 8.947000
vt 6.500000 6.500000
vt 6.500000 8.166000
vt 1.000000 5.000000
vt -1.243000 -5.048000
vt 1.412000 -3.063000
vt 1.666000 -4.834000
vt 1.051000 2.259000
vt -3.002000 -0.177000
vt 1.195000 -0.572000
vt -2.298000 -2.828000
vt 14.500000 11.499000
vt 14.444100 12.095600
vt 6.444100 8.762600
vt 14.278350 12.571350
vt 6.278349 9.238350
vt 14.005350 12.917850
vt 6.005350 9.584850
vt 13.629000 13.128000
vt 5.629000 9.795000
vt 13.157100 13.200100
vt 5.157099 9.867100
vt 16.534500 13.130650
vt 5.201499 9.797649
vt 16.966000 12.923200
vt 5.632999 9.590200
vt 17.329000 12.579000
vt 5.995999 9.246000
vt 17.618500 12.106050
vt 6.285499 8.773050
vt 17.828501 11.510700
vt 6.495499 8.177700
vt 17.955999 10.804250
vt 6.622999 7.471250
vt 17.999001 9.999002
vt 6.665999 6.666000
vt 17.955999 9.107751
vt 6.622999 5.774750
vt 17.828501 8.146301
vt 6.495499 4.813300
vt 17.618500 7.130952
vt 6.285499 3.797950
vt 17.329000 6.079001
vt 5.995999 2.746000
vt 16.966000 5.008801
vt 5.632999 1.675800
vt 16.534500 3.938351
vt 5.201499 0.605350
vt 16.042999 2.885901
vt 4.710000 -0.447100
vt 15.499000 1.870001
vt 4.165999 -1.463000
vt 14.912500 0.907151
vt 3.579499 -2.425850
vt 14.293000 0.014651
vt 2.960000 -3.318350
vt 13.651500 -0.792599
vt 2.318500 -4.125600
vt 12.999000 -1.500999
vt 14.928000 3.468449
vt 11.964000 2.964001
vt 28.799999 9.900000
vt 28.799999 10.404450
vt 14.928000 4.049617
vt 28.799999 10.985620
vt 14.928000 4.697728
vt 28.799999 11.633730
vt 14.928000 5.402001
vt 28.799999 12.338000
vt 14.928000 6.149717
vt 28.799999 13.085720
vt 14.928000 6.928806
vt 28.799999 13.864810
vt 14.928000 7.725463
vt 28.799999 14.661460
vt 14.928000 8.526176
vt 28.799999 15.462180
vt 14.928000 9.317411
vt 28.799999 16.253410
vt 14.928000 10.085420
vt 28.799999 17.021420
vt 14.928000 10.817090
vt 28.799999 17.753090
vt 14.928000 11.500000
vt 28.799999 18.436001
vt 14.928000 12.122090
vt 28.799999 19.058090
vt 14.928000 12.673420
vt 28.799999 19.609421
vt 14.928000 13.144410
vt 28.799999 20.080410
vt 14.928000 13.526180
vt 28.799999 20.462179
vt 17.202539 13.813460
vt 24.138540 20.749460
vt 17.999201 13.999810
vt 24.935190 20.935801
vt 18.778280 14.083720
vt 25.714279 21.019720
vt 19.525999 14.062000
vt 26.462000 20.997999
vt 20.230270 13.936730
vt 27.166269 20.872730
vt 20.878380 13.708620
vt 27.814381 20.644621
vt 21.459551 13.382450
vt 28.395550 20.318451
vt 21.964001 12.964000
vt 22.382450 12.459550
vt 29.318451 19.395550
vt 22.708620 11.878380
vt 29.644621 18.814381
vt 22.936729 11.230270
vt 29.872730 18.166269
vt 23.062000 10.526000
vt 29.997999 17.462000
vt 23.083719 9.778284
vt 30.019720 16.714279
vt 22.999809 8.999195
vt 29.935801 15.935190
vt 22.813459 8.202538
vt 29.749460 15.138540
vt 14.928000 7.401825
vt 28.799999 14.337820
vt 14.928000 6.610590
vt 28.799999 13.546590
vt 14.928000 5.842578
vt 28.799999 12.778580
vt 14.928000 5.110910
vt 28.799999 12.046910
vt 14.928000 4.428000
vt 28.799999 11.364000
vt 14.928000 3.805910
vt 28.799999 10.741910
vt 14.928000 3.254578
vt 28.799999 10.190580
vt 14.928000 2.783590
vt 28.799999 9.719589
vt 14.928000 2.401825
vt 28.799999 9.337824
vt 16.725460 2.114539
vt 23.661461 9.050537
vt 15.928810 1.928196
vt 22.864811 8.864195
vt 15.149720 1.844284
vt 22.085720 8.780283
vt 14.402000 1.866001
vt 21.337999 8.802000
vt 13.697730 1.991273
vt 20.633730 8.927272
vt 13.049620 2.219384
vt 19.985620 9.155382
vt 12.468450 2.545553
vt 19.404449 9.481552
vt 14.928000 12.121890
vt 14.877250 12.096510
vt 14.726010 12.572130
vt 14.928000 13.143790
vt 14.476760 12.918170
vt 14.133800 13.128730
vt 16.590401 13.200210
vt 17.999559 13.999510
vt 17.131420 13.131370
vt 18.778490 14.083040
vt 17.618860 12.923410
vt 18.044380 12.579880
vt 20.230419 13.936370
vt 18.400690 12.106650
vt 18.681709 11.511820
vt 18.882629 10.805580
vt 19.000000 10.000000
vt 19.031820 9.108870
vt 18.977539 8.147434
vt 22.936371 11.230420
vt 18.838100 7.132145
vt 18.615879 6.080376
vt 23.083040 9.778490
vt 18.314671 5.010123
vt 22.999510 8.999557
vt 17.939650 3.939692
vt 17.497210 2.887407
vt 3.866203 1.871269
vt 14.928000 6.611040
vt 3.523240 0.908660
vt 3.273991 0.016058
vt 14.928000 5.111377
vt 3.122715 -0.791266
vt 3.072001 -1.499501
vt 3.072001 -2.121596
vt 14.928000 3.806405
vt 3.072001 -2.672941
vt 3.072001 -3.143950
vt 14.928000 2.784052
vt 3.072001 -3.525744
vt 10.797070 -3.813067
vt 10.000450 -3.999453
vt 9.221412 -4.083413
vt 15.149410 1.844588
vt 8.473749 -4.061751
vt 7.769535 -3.936537
vt 7.121486 -3.708489
vt 6.540382 -3.382384
vt 6.035999 -2.964001
vt 3.011061 -2.152065
vt 2.830368 -2.793756
vt 2.532757 -3.413570
vt 2.122477 -4.000505
vt 10.065080 -4.545049
vt 10.000450 -3.999452
vt 8.962708 -5.037196
vt 7.835391 -5.469434
vt 6.702250 -5.833250
vt 5.582442 -6.123630
vt 4.495416 -6.334559
vt 3.459744 -6.463021
vt 2.493000 -6.507000
vt 14.877500 10.791840
vt 14.727760 9.985304
vt 14.481140 9.093981
vt 14.141150 8.132751
vt 13.714840 7.118885
vt 13.208090 6.068851
vt 12.630870 5.001153
vt 11.992000 3.934000
vt 11.303210 2.885334
vt 10.575670 1.873453
vt 9.822295 0.915596
vt 13.000000 -1.500000
vt 3.072000 -1.500000
vt 2.534000 -3.413000
vt 8.965000 -5.035000
vt 5.587000 -6.119000
vt 14.500000 11.500000
vt 14.482000 9.094999
vt 8.492000 6.005000
vt 13.208000 6.069000
vt 5.595800 6.444100
vt 4.596200 6.278400
vt 3.518000 6.005000
vt 2.379000 5.629000
vt 1.199900 5.157100
vt 0.000000 4.596000
vt -1.199900 3.957200
vt -2.379000 3.250000
vt -3.518000 2.487000
vt -6.278400 1.682200
vt -6.444100 0.848300
vt -6.444100 -0.848300
vt -6.278400 -1.682200
vt -6.005000 -2.487000
vt -4.596000 -4.596000
vt -2.487000 -6.005000
vt -1.682200 -6.278400
vt -0.848300 -6.444100
vt 14.571500 -1.499500
vt 3.072000 -2.121600
vt 2.830300 -2.793800
vt 12.119300 -3.413600
vt 2.122500 -4.000500
vt 10.065100 -4.545100
vt 7.835400 -5.469400
vt 6.702300 -5.833300
vt 4.495400 -6.334600
vt 3.459700 -6.463000
vt -0.087000 2.619000
vt -0.706000 2.829500
vt -1.347500 2.957000
vt -2.000000 3.000000
vt -2.652500 2.957000
vt -3.294000 2.829500
vt -3.913000 2.619000
vt -3.913500 2.619500
vt -4.500000 2.330000
vt -5.044000 1.967000
vt -5.535500 1.535500
vt -5.967000 1.044000
vt -6.330000 0.500000
vt -6.619500 -0.086500
vt -6.619000 -0.087000
vt -6.829500 -0.706000
vt -6.957000 -1.347500
vt -1.347500 -6.957000
vt -0.706000 -6.829500
vt -0.086500 -6.619500
vt 0.500000 -6.330000
vt 1.044000 -5.967000
vt 1.535500 -5.535500
vt 1.967000 -5.044000
vt 2.330000 -4.500000
vt 2.619500 -3.913500
vt 2.619000 -3.913000
vt 2.829500 -3.294000
vt 2.957000 -2.652500
vt 3.000000 -2.000000
vt 2.619000 -0.087000
vt 1.535500 1.535500
vt 1.044000 1.967000
vt 0.500000 2.330000
vt -0.086500 2.619500
vt 3.580000 -2.425000
vt 5.202000 0.606000
vt 15.219100 -0.791100
vt 6.286000 3.798000
vt 6.495500 4.813300
vt 6.285000 3.798000
vt 6.495500 8.177700
vt 6.285000 8.771999
vt 6.286000 8.774000
vt 5.202000 9.797999
vt 6.005000 9.584999
vt 13.651500 -0.792600
vt 11.303000 2.886000
vt 12.630900 5.001200
vt 13.208100 6.068900
vt 13.714900 7.118900
vt 14.141200 8.132799
vt 14.481200 9.094000
vt 14.877500 10.791800
vt 14.928000 11.499500
vt 14.877000 12.096100
vt 14.725900 12.571900
vt 14.005400 12.917900
vt 14.476900 12.918400
vt 14.133700 13.128600
vt 16.590599 13.200700
vt 16.534500 13.130700
vt 17.131399 13.131300
vt 17.618500 12.106100
vt 18.400801 12.106900
vt 17.828501 8.146299
vt 17.618500 7.130900
vt 18.838200 7.132100
vt 18.314899 5.010100
vt 16.534500 3.938300
vt 17.939600 3.939700
vt 17.497400 2.887300
vt 16.994900 1.871400
vt 16.441500 0.908600
vt 14.912500 0.907100
vt 15.846000 0.016100
s 1
usemtl 31
f 1/1/1 2/2/2 3/3/3
f 3/3/3 4/4/4 1/1/1
f 5/5/5 1/1/1 4/4/4
f 4/4/4 6/6/6 5/5/5
f 7/7/7 5/5/5 6/6/6
f 6/6/6 8/8/8 7/7/7
f 9/9/9 7/7/7 8/8/8
f 8/8/8 10/10/10 9/9/9
f 11/11/11 9/9/9 10/10/10
f 10/10/10 12/12/12 11/11/11
f 13/13/13 11/11/11 12/12/12
f 12/12/12 14/14/14 13/13/13
f 15/15/15 13/13/13 14/14/14
f 14/14/14 16/16/16 15/15/15
f 17/17/17 15/15/15 16/16/16
f 16/16/16 18/18/18 17/17/17
f 19/19/19 17/17/17 18/18/18
f 18/18/18 20/20/20 19/19/19
f 21/21/21 19/19/19 20/20/20
f 20/20/20 22/22/22 21/21/21
f 23/23/23 21/21/21 22/22/22
f 22/22/22 24/24/24 23/23/23
f 25/25/25 23/23/23 24/24/24
f 24/24/24 26/26/26 25/25/25
f 27/27/27 25/25/25 26/26/26
f 26/26/26 28/28/28 27/27/27
f 29/29/29 27/27/27 28/28/28
f 28/28/28 30/30/30 29/29/29
f 31/31/31 29/29/29 30/30/30
f 30/30/30 32/32/32 31/31/31
f 33/33/33 31/31/31 32/32/32
f 32/32/32 34/34/34 33/33/33
f 35/35/35 33/33/33 34/34/34
f 34/34/34 36/36/36 35/35/35
f 37/37/37 35/35/35 36/36/36
f 36/36/36 38/38/38 37/37/37
f 39/39/39 37/37/37 38/38/38
f 38/38/38 40/40/40 39/39/39
f 41/41/41 39/39/39 40/40/40
f 40/40/40 42/42/42 41/41/41
f 43/43/43 41/41/41 42/42/42
f 42/42/42 44/44/44 43/43/43
f 45/45/45 43/43/43 44/44/44
f 44/44/44 46/46/46 45/45/45
f 47/47/47 45/45/45 46/46/46
f 46/46/46 48/48/48 47/47/47
f 49/49/49 47/47/47 48/48/48
f 48/48/48 50/50/50 49/49/49
f 51/51/51 49/49/49 50/50/50
f 50/50/50 52/52/52 51/51/51
f 53/53/53 51/51/51 52/52/52
f 52/52/52 54/54/54 53/53/53
f 55/55/55 53/53/53 54/54/54
f 54/54/54 56/56/56 55/55/55
f 57/57/57 55/55/55 56/56/56
f 56/56/56 58/58/58 57/57/57
f 59/59/59 57/57/57 58/58/58
f 58/58/58 60/60/60 59/59/59
f 61/61/61 59/59/59 60/60/60
f 60/60/60 62/62/62 61/61/61
f 63/63/63 61/61/61 62/62/62
f 62/62/62 64/64/64 63/63/63
f 65/65/65 63/63/63 64/64/64
f 64/64/64 66/66/66 65/65/65
f 67/67/67 65/65/65 66/66/66
f 66/66/66 68/68/68 67/67/67
f 69/69/69 67/67/67 68/68/68
f 68/68/68 70/70/70 69/69/69
f 71/71/71 69/69/69 70/70/70
f 70/70/70 72/72/72 71/71/71
f 73/73/73 71/71/71 72/72/72
f 72/72/72 74/74/74 73/73/73
f 75/75/75 73/73/73 74/74/74
f 74/74/74 76/76/76 75/75/75
f 77/77/77 75/75/75 76/76/76
f 76/76/76 78/78/78 77/77/77
f 79/79/79 77/77/77 78/78/78
f 78/78/78 80/80/80 79/79/79
f 81/81/81 79/79/79 80/80/80
f 80/80/80 82/82/82 81/81/81
f 83/83/83 81/81/81 82/82/82
f 82/82/82 84/84/84 83/83/83
f 85/85/85 83/83/83 84/84/84
f 84/84/84 86/86/86 85/85/85
f 87/87/87 85/85/85 86/86/86
f 86/86/86 88/88/88 87/87/87
f 89/89/89 87/87/87 88/88/88
f 88/88/88 90/90/90 89/89/89
f 91/91/91 89/89/89 90/90/90
f 90/90/90 92/92/92 91/91/91
f 93/93/93 91/91/91 92/92/92
f 92/92/92 94/94/94 93/93/93
f 95/95/95 93/93/93 94/94/94
f 94/94/94 96/96/96 95/95/95
f 2/2/2 95/95/95 96/96/96
f 96/96/96 3/3/3 2/2/2
f 97/2/97 98/97/97 99/98/97
f 99/98/97 100/99/97 97/2/97
f 98/97/97 101/100/97 102/101/97
f 102/101/97 99/98/97 98/97/97
f 101/100/97 103/102/97 104/103/97
f 104/103/97 102/101/97 101/100/97
f 103/102/97 105/104/97 106/105/97
f 106/105/97 104/103/97 103/102/97
f 105/104/97 107/106/97 108/107/97
f 108/107/97 106/105/97 105/104/97
f 107/106/97 109/108/97 110/109/97
f 110/109/97 108/107/97 107/106/97
f 109/108/97 111/110/97 112/111/97
f 112/111/97 110/109/97 109/108/97
f 111/110/97 113/112/97 114/113/97
f 114/113/97 112/111/97 111/110/97
f 113/112/97 115/114/97 116/115/97
f 116/115/97 114/113/97 113/112/97
f 115/114/97 117/116/97 118/117/97
f 118/117/97 116/115/97 115/114/97
f 117/116/97 119/118/97 120/119/97
f 120/119/97 118/117/97 117/116/97
f 119/118/97 121/120/97 122/121/97
f 122/121/97 120/119/97 119/118/97
f 121/120/97 123/122/97 124/123/97
f 124/123/97 122/121/97 121/120/97
f 123/122/97 125/124/97 126/125/97
f 126/125/97 124/123/97 123/122/97
f 125/124/97 127/126/97 128/127/97
f 128/127/97 126/125/97 125/124/97
f 127/126/97 129/128/97 130/129/97
f 130/129/97 128/127/97 127/126/97
f 129/128/97 131/130/97 132/131/97
f 132/131/97 130/129/97 129/128/97
f 131/130/97 133/132/97 134/133/97
f 134/133/97 132/131/97 131/130/97
f 133/132/97 135/39/97 136/134/97
f 136/134/97 134/133/97 133/132/97
f 135/39/97 137/41/97 138/135/97
f 138/135/97 136/134/97 135/39/97
f 137/41/97 139/43/97 140/136/97
f 140/136/97 138/135/97 137/41/97
f 139/43/97 141/45/97 142/137/97
f 142/137/97 140/136/97 139/43/97
f 141/45/97 143/47/97 144/138/97
f 144/138/97 142/137/97 141/45/97
f 143/47/97 145/49/97 146/139/97
f 146/139/97 144/138/97 143/47/97
f 145/49/97 147/140/97 148/141/97
f 148/141/97 146/139/97 145/49/97
f 147/140/97 149/142/97 150/143/97
f 150/143/97 148/141/97 147/140/97
f 149/142/97 151/144/97 152/145/97
f 152/145/97 150/143/97 149/142/97
f 151/144/97 153/146/97 154/147/97
f 154/147/97 152/145/97 151/144/97
f 153/146/97 155/148/97 156/149/97
f 156/149/97 154/147/97 153/146/97
f 155/148/97 157/150/97 158/151/97
f 158/151/97 156/149/97 155/148/97
f 157/150/97 159/152/97 160/153/97
f 160/153/97 158/151/97 157/150/97
f 159/152/97 161/154/97 162/155/97
f 162/155/97 160/153/97 159/152/97
f 161/154/97 163/156/97 164/157/97
f 164/157/97 162/155/97 161/154/97
f 163/156/97 165/158/97 166/159/97
f 166/159/97 164/157/97 163/156/97
f 165/158/97 167/160/97 168/161/97
f 168/161/97 166/159/97 165/158/97
f 167/160/97 169/162/97 170/163/97
f 170/163/97 168/161/97 167/160/97
f 169/162/97 171/75/97 172/164/97
f 172/164/97 170/163/97 169/162/97
f 171/75/97 173/77/97 174/165/97
f 174/165/97 172/164/97 171/75/97
f 173/77/97 175/79/97 176/166/97
f 176/166/97 174/165/97 173/77/97
f 175/79/97 177/81/97 178/167/97
f 178/167/97 176/166/97 175/79/97
f 177/81/97 179/83/97 180/168/97
f 180/168/97 178/167/97 177/81/97
f 179/83/97 181/85/97 182/169/97
f 182/169/97 180/168/97 179/83/97
f 181/85/97 183/87/97 184/170/97
f 184/170/97 182/169/97 181/85/97
f 183/87/97 185/89/97 186/171/97
f 186/171/97 184/170/97 183/87/97
f 185/89/97 187/91/97 188/172/97
f 188/172/97 186/171/97 185/89/97
f 187/91/97 189/93/97 190/173/97
f 190/173/97 188/172/97 187/91/97
f 189/93/97 191/95/97 192/174/97
f 192/174/97 190/173/97 189/93/97
f 191/95/97 97/2/97 100/99/97
f 100/99/97 192/174/97 191/95/97
f 195/175/50 194/176/98 193/177/51
f 193/177/51 196/178/99 195/175/50
f 196/178/99 193/177/51 197/179/100
f 197/179/100 198/180/54 196/178/99
f 198/180/54 197/179/100 199/181/101
f 199/181/101 200/182/56 198/180/54
f 200/182/56 199/181/101 201/183/57
f 201/183/57 202/184/102 200/182/56
f 202/184/102 201/183/57 203/185/59
f 203/185/59 204/186/60 202/184/102
f 204/186/60 203/185/59 205/187/61
f 205/187/61 206/188/103 204/186/60
f 206/188/103 205/187/61 207/189/104
f 207/189/104 208/190/64 206/188/103
f 208/190/64 207/189/104 209/191/65
f 209/191/65 210/192/105 208/190/64
f 210/192/105 209/191/65 211/193/67
f 211/193/67 212/194/106 210/192/105
f 212/194/106 211/193/67 213/195/107
f 213/195/107 214/196/70 212/194/106
f 214/196/70 213/195/107 215/197/71
f 215/197/71 216/198/72 214/196/70
f 216/198/72 215/197/71 217/199/108
f 217/199/108 218/200/74 216/198/72
f 218/200/74 217/199/108 219/201/75
f 219/201/75 220/202/76 218/200/74
f 220/202/76 219/201/75 221/203/77
f 221/203/77 222/204/78 220/202/76
f 222/204/78 221/203/77 223/205/109
f 223/205/109 224/206/110 222/204/78
f 224/206/110 223/205/109 225/207/81
f 225/207/81 226/208/82 224/206/110
f 226/208/82 225/207/81 227/209/83
f 227/209/83 228/210/84 226/208/82
f 228/210/84 227/209/83 229/211/85
f 229/211/85 230/212/111 228/210/84
f 230/212/111 229/211/85 231/213/87
f 231/213/87 232/214/88 230/212/111
f 232/214/88 231/213/87 233/215/89
f 233/215/89 234/216/112 232/214/88
f 234/216/112 233/215/89 235/217/113
f 235/217/113 236/218/92 234/216/112
f 236/218/92 235/217/113 237/219/114
f 237/219/114 238/220/94 236/218/92
f 238/220/94 237/219/114 239/221/95
f 239/221/95 240/222/96 238/220/94
f 240/222/96 239/221/95 241/223/115
f 241/223/115 242/224/3 240/222/96
f 242/224/3 241/223/115 243/225/116
f 243/225/116 244/226/4 242/224/3
f 244/226/4 243/225/116 245/227/117
f 245/227/117 246/228/6 244/226/4
f 246/228/6 245/227/117 247/229/118
f 247/229/118 248/230/8 246/228/6
f 248/230/8 247/229/118 249/231/119
f 249/231/119 250/232/120 248/230/8
f 250/232/120 249/231/119 251/233/11
f 251/233/11 252/234/121 250/232/120
f 252/234/121 251/233/11 253/235/13
f 253/235/13 254/236/122 252/234/121
f 254/236/122 253/235/13 255/237/15
f 255/237/15 256/238/16 254/236/122
f 256/238/16 255/237/15 257/239/17
f 257/239/17 258/240/18 256/238/16
f 258/240/18 257/239/17 259/241/19
f 259/241/19 260/242/123 258/240/18
f 260/242/123 259/241/19 261/243/124
f 261/243/124 262/244/22 260/242/123
f 262/244/22 261/243/124 263/245/125
f 263/245/125 264/246/24 262/244/22
f 264/246/24 263/245/125 265/247/126
f 265/247/126 266/248/26 264/246/24
f 266/248/26 265/247/126 267/249/27
f 267/249/27 268/250/127 266/248/26
f 268/250/127 267/249/27 269/251/29
f 269/251/29 270/252/30 268/250/127
f 270/252/30 269/251/29 271/253/128
f 271/253/128 272/254/129 270/252/30
f 272/254/129 271/253/128 273/255/33
f 273/255/33 274/256/34 272/254/129
f 274/256/34 273/255/33 275/257/35
f 275/257/35 276/258/36 274/256/34
f 276/258/36 275/257/35 277/259/130
f 277/259/130 278/260/38 276/258/36
f 278/260/38 277/259/130 279/261/131
f 279/261/131 280/262/40 278/260/38
f 280/262/40 279/261/131 281/263/41
f 281/263/41 282/264/132 280/262/40
f 282/264/132 281/263/41 283/265/43
f 283/265/43 284/266/44 282/264/132
f 284/266/44 283/265/43 285/267/133
f 285/267/133 286/268/46 284/266/44
f 286/268/46 285/267/133 287/269/47
f 287/269/47 288/270/48 286/268/46
f 288/270/48 287/269/47 194/176/98
f 194/176/98 195/175/50 288/270/48
f 289/271/134 290/272/135 291/273/136
f 291/273/136 241/223/115 289/271/134
f 290/272/135 292/274/137 293/275/138
f 293/275/138 291/273/136 290/272/135
f 292/274/137 294/276/139 295/277/140
f 295/277/140 293/275/138 292/274/137
f 294/276/139 296/278/141 297/279/142
f 297/279/142 295/277/140 294/276/139
f 298/280/143 299/281/144 290/272/135
f 290/272/135 289/271/134 298/280/143
f 299/281/144 300/282/145 292/274/137
f 292/274/137 290/272/135 299/281/144
f 300/282/145 301/283/146 294/276/139
f 294/276/139 292/274/137 300/282/145
f 301/283/146 302/284/147 296/278/141
f 296/278/141 294/276/139 301/283/146
f 303/285/148 304/286/149 299/281/144
f 299/281/144 298/280/143 303/285/148
f 304/286/149 305/287/150 300/282/145
f 300/282/145 299/281/144 304/286/149
f 305/287/150 306/288/151 301/283/146
f 301/283/146 300/282/145 305/287/150
f 306/288/151 307/289/152 302/284/147
f 302/284/147 301/283/146 306/288/151
f 217/199/108 308/290/153 304/286/149
f 304/286/149 303/285/148 217/199/108
f 308/290/153 309/291/154 305/287/150
f 305/287/150 304/286/149 308/290/153
f 309/291/154 310/292/155 306/288/151
f 306/288/151 305/287/150 309/291/154
f 310/292/155 311/293/156 307/289/152
f 307/289/152 306/288/151 310/292/155
f 312/294/157 313/295/158 308/290/153
f 308/290/153 217/199/108 312/294/157
f 313/295/158 314/296/159 309/291/154
f 309/291/154 308/290/153 313/295/158
f 314/296/159 315/297/160 310/292/155
f 310/292/155 309/291/154 314/296/159
f 315/297/160 316/298/161 311/293/156
f 311/293/156 310/292/155 315/297/160
f 317/299/162 318/300/163 313/295/158
f 313/295/158 312/294/157 317/299/162
f 318/300/163 319/301/164 314/296/159
f 314/296/159 313/295/158 318/300/163
f 319/301/164 320/302/165 315/297/160
f 315/297/160 314/296/159 319/301/164
f 320/302/165 321/303/166 316/298/161
f 316/298/161 315/297/160 320/302/165
f 322/304/167 323/305/168 318/300/163
f 318/300/163 317/299/162 322/304/167
f 323/305/168 324/306/169 319/301/164
f 319/301/164 318/300/163 323/305/168
f 324/306/169 325/307/170 320/302/165
f 320/302/165 319/301/164 324/306/169
f 325/307/170 326/308/171 321/303/166
f 321/303/166 320/302/165 325/307/170
f 194/176/98 327/309/172 323/305/168
f 323/305/168 322/304/167 194/176/98
f 327/309/172 328/310/173 324/306/169
f 324/306/169 323/305/168 327/309/172
f 328/310/173 329/311/174 325/307/170
f 325/307/170 324/306/169 328/310/173
f 329/311/174 330/99/175 326/308/171
f 326/308/171 325/307/170 329/311/174
f 331/312/176 332/313/177 327/309/172
f 327/309/172 194/176/98 331/312/176
f 332/313/177 333/314/178 328/310/173
f 328/310/173 327/309/172 332/313/177
f 333/314/178 334/315/179 329/311/174
f 329/311/174 328/310/173 333/314/178
f 334/315/179 335/316/180 330/99/175
f 330/99/175 329/311/174 334/315/179
f 336/317/181 337/318/182 332/313/177
f 332/313/177 331/312/176 336/317/181
f 337/318/182 338/319/183 333/314/178
f 333/314/178 332/313/177 337/318/182
f 338/319/183 339/320/184 334/315/179
f 334/315/179 333/314/178 338/319/183
f 339/320/184 340/321/185 335/316/180
f 335/316/180 334/315/179 339/320/184
f 341/322/186 342/323/187 337/318/182
f 337/318/182 336/317/181 341/322/186
f 342/323/187 343/324/188 338/319/183
f 338/319/183 337/318/182 342/323/187
f 343/324/188 344/325/189 339/320/184
f 339/320/184 338/319/183 343/324/188
f 344/325/189 345/326/190 340/321/185
f 340/321/185 339/320/184 344/325/189
f 265/247/191 346/327/192 342/323/187
f 342/323/187 341/322/186 265/247/191
f 346/327/192 347/328/193 343/324/188
f 343/324/188 342/323/187 346/327/192
f 347/328/193 348/329/194 344/325/189
f 344/325/189 343/324/188 347/328/193
f 348/329/194 349/330/195 345/326/190
f 345/326/190 344/325/189 348/329/194
f 350/331/196 351/332/197 346/327/192
f 346/327/192 265/247/191 350/331/196
f 351/332/197 352/333/198 347/328/193
f 347/328/193 346/327/192 351/332/197
f 352/333/198 353/334/199 348/329/194
f 348/329/194 347/328/193 352/333/198
f 353/334/199 354/335/200 349/330/195
f 349/330/195 348/329/194 353/334/199
f 355/336/201 356/337/202 351/332/197
f 351/332/197 350/331/196 355/336/201
f 356/337/202 357/338/203 352/333/198
f 352/333/198 351/332/197 356/337/202
f 357/338/203 358/339/204 353/334/199
f 353/334/199 352/333/198 357/338/203
f 358/339/204 359/340/205 354/335/200
f 354/335/200 353/334/199 358/339/204
f 360/341/206 361/342/207 356/337/202
f 356/337/202 355/336/201 360/341/206
f 361/342/207 362/343/208 357/338/203
f 357/338/203 356/337/202 361/342/207
f 362/343/208 363/344/209 358/339/204
f 358/339/204 357/338/203 362/343/208
f 363/344/209 364/345/210 359/340/205
f 359/340/205 358/339/204 363/344/209
f 241/223/115 291/273/136 361/342/207
f 361/342/207 360/341/206 241/223/115
f 291/273/136 293/275/138 362/343/208
f 362/343/208 361/342/207 291/273/136
f 293/275/138 295/277/140 363/344/209
f 363/344/209 362/343/208 293/275/138
f 295/277/140 297/279/142 364/345/210
f 364/345/210 363/344/209 295/277/140
f 365/346/97 366/347/97 367/348/97
f 368/349/97 365/346/97 367/348/97
f 369/350/97 368/349/97 367/348/97
f 370/351/97 369/350/97 367/348/97
f 371/352/97 370/351/97 367/348/97
f 372/353/97 371/352/97 367/348/97
f 373/354/97 372/353/97 367/348/97
f 374/355/97 373/354/97 367/348/97
f 375/356/97 374/355/97 367/348/97
f 376/357/97 375/356/97 367/348/97
f 377/358/97 376/357/97 367/348/97
f 378/359/97 377/358/97 367/348/97
f 379/360/97 378/359/97 367/348/97
f 380/361/97 379/360/97 367/348/97
f 381/362/97 380/361/97 367/348/97
f 382/363/97 381/362/97 367/348/97
f 383/364/97 382/363/97 367/348/97
f 384/365/97 383/364/97 367/348/97
f 385/366/97 384/365/97 367/348/97
f 386/367/97 385/366/97 367/348/97
f 387/368/97 386/367/97 367/348/97
f 388/369/97 387/368/97 367/348/97
f 389/370/97 388/369/97 367/348/97
f 390/371/97 389/370/97 367/348/97
f 367/348/97 392/372/97 391/373/97
f 367/348/97 391/373/97 393/374/97
f 367/348/97 393/374/97 394/375/97
f 367/348/97 394/375/97 395/376/97
f 367/348/97 395/376/97 396/377/97
f 367/348/97 396/377/97 397/378/97
f 367/348/97 397/378/97 398/379/97
f 367/348/97 398/379/97 399/380/97
f 367/348/97 399/380/97 400/381/97
f 367/348/97 400/381/97 401/382/97
f 367/348/97 401/382/97 402/383/97
f 367/348/97 402/383/97 403/3/97
f 367/348/97 403/3/97 404/96/97
f 367/348/97 404/96/97 405/94/97
f 367/348/97 405/94/97 406/92/97
f 367/348/97 406/92/97 407/90/97
f 367/348/97 407/90/97 408/88/97
f 367/348/97 408/88/97 409/86/97
f 367/348/97 409/86/97 410/84/97
f 367/348/97 410/84/97 411/82/97
f 367/348/97 411/82/97 412/80/97
f 367/348/97 412/80/97 413/78/97
f 367/348/97 413/78/97 414/76/97
f 367/348/97 414/76/97 415/74/97
f 416/384/97 417/385/97 418/200/97
f 418/200/97 366/347/97 416/384/97
f 419/386/97 420/387/97 417/385/97
f 417/385/97 416/384/97 419/386/97
f 421/388/97 422/389/97 420/387/97
f 420/387/97 419/386/97 421/388/97
f 423/390/211 424/175/97 422/389/97
f 422/389/97 421/388/97 423/390/211
f 425/391/97 424/175/97 423/390/211
f 426/392/212 427/393/97 425/391/97
f 425/391/97 423/390/211 426/392/212
f 428/394/97 429/395/97 427/393/97
f 427/393/97 426/392/212 428/394/97
f 390/371/97 430/396/97 429/395/97
f 429/395/97 428/394/97 390/371/97
f 431/397/213 432/398/213 433/399/213
f 434/400/213 431/397/213 433/399/213
f 435/401/213 434/400/213 433/399/213
f 436/402/213 435/401/213 433/399/213
f 437/403/213 436/402/213 433/399/213
f 438/404/213 437/403/213 433/399/213
f 439/405/214 438/404/213 433/399/213
f 440/406/214 439/405/214 433/399/213
f 441/407/214 440/406/214 433/399/213
f 442/408/213 441/407/214 433/399/213
f 443/409/213 442/408/213 433/399/213
f 444/410/213 443/409/213 433/399/213
f 445/411/213 444/410/213 433/399/213
f 446/412/213 445/411/213 433/399/213
f 447/413/214 446/412/213 433/399/213
f 448/414/213 447/413/214 433/399/213
f 449/415/213 448/414/213 433/399/213
f 450/416/214 449/415/213 433/399/213
f 451/417/213 450/416/214 433/399/213
f 452/418/213 451/417/213 433/399/213
f 453/419/213 452/418/213 433/399/213
f 454/420/213 453/419/213 433/399/213
f 455/421/213 454/420/213 433/399/213
f 456/422/213 455/421/213 433/399/213
f 457/423/213 456/422/213 433/399/213
f 458/424/213 457/423/213 433/399/213
f 459/425/213 458/424/213 433/399/213
f 460/426/214 459/425/213 433/399/213
f 461/427/213 460/426/214 433/399/213
f 462/428/213 461/427/213 433/399/213
f 463/429/213 462/428/213 433/399/213
f 464/430/213 463/429/213 433/399/213
f 465/431/213 464/430/213 433/399/213
f 466/432/214 465/431/213 433/399/213
f 467/433/214 466/432/214 433/399/213
f 468/434/213 467/433/214 433/399/213
f 469/435/213 468/434/213 433/399/213
f 470/436/213 469/435/213 433/399/213
f 471/437/214 470/436/213 433/399/213
f 472/438/213 471/437/214 433/399/213
f 473/439/213 472/438/213 433/399/213
f 474/440/214 473/439/213 433/399/213
f 475/441/213 474/440/214 433/399/213
f 476/442/213 475/441/213 433/399/213
f 477/443/213 476/442/213 433/399/213
f 478/444/213 477/443/213 433/399/213
f 479/445/213 478/444/213 433/399/213
f 432/398/213 479/445/213 433/399/213
f 480/446/215 481/447/216 482/398/217
f 482/398/217 483/448/218 480/446/215
f 484/449/219 480/446/215 483/448/218
f 483/448/218 485/450/220 484/449/219
f 486/451/221 484/449/219 485/450/220
f 485/450/220 487/452/222 486/451/221
f 488/453/223 486/451/221 487/452/222
f 487/452/222 489/454/224 488/453/223
f 490/455/225 488/453/223 489/454/224
f 489/454/224 491/403/226 490/455/225
f 492/456/227 490/455/225 491/403/226
f 491/403/226 493/404/228 492/456/227
f 494/457/229 492/456/227 493/404/228
f 493/404/228 495/458/230 494/457/229
f 496/459/231 494/457/229 495/458/230
f 495/458/230 497/406/232 496/459/231
f 498/460/233 496/459/231 497/406/232
f 497/406/232 499/461/234 498/460/233
f 500/462/235 498/460/233 499/461/234
f 499/461/234 501/463/236 500/462/235
f 502/464/237 500/462/235 501/463/236
f 501/463/236 503/465/238 502/464/237
f 504/466/239 502/464/237 503/465/238
f 503/465/238 505/467/240 504/466/239
f 506/468/241 504/466/239 505/467/240
f 505/467/240 507/469/242 506/468/241
f 508/470/243 506/468/241 507/469/242
f 507/469/242 509/471/244 508/470/243
f 510/472/245 508/470/243 509/471/244
f 509/471/244 511/473/246 510/472/245
f 512/474/247 510/472/245 511/473/246
f 511/473/246 513/414/248 512/474/247
f 514/475/249 512/474/247 513/414/248
f 513/414/248 515/476/250 514/475/249
f 516/477/251 514/475/249 515/476/250
f 515/476/250 517/416/252 516/477/251
f 518/478/253 516/477/251 517/416/252
f 517/416/252 519/417/254 518/478/253
f 520/479/255 518/478/253 519/417/254
f 519/417/254 521/480/256 520/479/255
f 522/481/257 520/479/255 521/480/256
f 521/480/256 523/482/258 522/481/257
f 524/483/259 522/481/257 523/482/258
f 523/482/258 525/484/260 524/483/259
f 526/485/261 524/483/259 525/484/260
f 525/484/260 527/486/262 526/485/261
f 528/487/263 526/485/261 527/486/262
f 527/486/262 529/488/264 528/487/263
f 530/489/265 528/487/263 529/488/264
f 529/488/264 531/490/266 530/489/265
f 532/491/267 530/489/265 531/490/266
f 531/490/266 533/424/268 532/491/267
f 534/492/269 532/491/267 533/424/268
f 533/424/268 535/493/270 534/492/269
f 536/494/271 534/492/269 535/493/270
f 535/493/270 537/495/272 536/494/271
f 538/496/273 536/494/271 537/495/272
f 537/495/272 539/497/274 538/496/273
f 540/498/275 538/496/273 539/497/274
f 539/497/274 541/499/276 540/498/275
f 542/500/277 540/498/275 541/499/276
f 541/499/276 543/501/278 542/500/277
f 544/502/279 542/500/277 543/501/278
f 543/501/278 545/503/280 544/502/279
f 546/504/281 544/502/279 545/503/280
f 545/503/280 547/505/282 546/504/281
f 548/506/283 546/504/281 547/505/282
f 547/505/282 549/507/284 548/506/283
f 550/508/285 548/506/283 549/507/284
f 549/507/284 551/509/286 550/508/285
f 552/510/287 550/508/285 551/509/286
f 551/509/286 553/511/288 552/510/287
f 554/512/289 552/510/287 553/511/288
f 553/511/288 555/513/290 554/512/289
f 556/514/291 554/512/289 555/513/290
f 555/513/290 557/515/292 556/514/291
f 558/516/293 556/514/291 557/515/292
f 557/515/292 559/517/294 558/516/293
f 560/518/295 558/516/293 559/517/294
f 559/517/294 561/519/296 560/518/295
f 562/520/297 560/518/295 561/519/296
f 561/519/296 563/439/298 562/520/297
f 564/521/299 562/520/297 563/439/298
f 563/439/298 565/440/300 564/521/299
f 566/522/301 564/521/299 565/440/300
f 565/440/300 567/441/302 566/522/301
f 568/523/303 566/522/301 567/441/302
f 567/441/302 569/442/304 568/523/303
f 570/524/305 568/523/303 569/442/304
f 569/442/304 571/525/306 570/524/305
f 572/526/307 570/524/305 571/525/306
f 571/525/306 573/527/308 572/526/307
f 574/528/309 572/526/307 573/527/308
f 573/527/308 575/445/310 574/528/309
f 481/447/216 574/528/309 575/445/310
f 575/445/310 482/398/217 481/447/216
f 576/529/213 577/530/213 578/531/213
f 578/531/213 579/532/213 576/529/213
f 577/530/213 580/533/214 581/534/213
f 581/534/213 578/531/213 577/530/213
f 580/533/214 582/535/213 583/536/213
f 583/536/213 581/534/213 580/533/214
f 582/535/213 584/537/213 585/538/213
f 585/538/213 583/536/213 582/535/213
f 584/537/213 586/539/214 587/540/213
f 587/540/213 585/538/213 584/537/213
f 586/539/214 588/541/214 589/542/213
f 589/542/213 587/540/213 586/539/214
f 588/541/214 590/543/214 591/544/213
f 591/544/213 589/542/213 588/541/214
f 590/543/214 592/545/214 593/546/213
f 593/546/213 591/544/213 590/543/214
f 592/545/214 594/547/213 595/548/214
f 595/548/214 593/546/213 592/545/214
f 594/547/213 596/549/213 597/550/214
f 597/550/214 595/548/214 594/547/213
f 596/549/213 598/551/214 599/552/213
f 599/552/213 597/550/214 596/549/213
f 598/551/214 600/553/213 601/554/213
f 601/554/213 599/552/213 598/551/214
f 600/553/213 602/555/214 603/556/214
f 603/556/214 601/554/213 600/553/213
f 602/555/214 604/557/214 605/558/214
f 605/558/214 603/556/214 602/555/214
f 604/557/214 606/559/214 607/560/213
f 607/560/213 605/558/214 604/557/214
f 606/559/214 608/561/213 609/562/213
f 609/562/213 607/560/213 606/559/214
f 608/561/213 610/563/213 611/564/214
f 611/564/214 609/562/213 608/561/213
f 610/563/213 612/565/214 613/566/213
f 613/566/213 611/564/214 610/563/213
f 612/565/214 614/567/214 615/568/213
f 615/568/213 613/566/213 612/565/214
f 614/567/214 616/569/213 617/570/213
f 617/570/213 615/568/213 614/567/214
f 616/569/213 618/571/213 619/572/214
f 619/572/214 617/570/213 616/569/213
f 618/571/213 620/573/213 621/574/213
f 621/574/213 619/572/214 618/571/213
f 620/573/213 622/575/213 623/576/213
f 623/576/213 621/574/213 620/573/213
f 622/575/213 624/577/213 625/578/213
f 625/578/213 623/576/213 622/575/213
f 624/577/213 626/579/213 627/580/213
f 627/580/213 625/578/213 624/577/213
f 626/579/213 628/581/213 629/582/213
f 629/582/213 627/580/213 626/579/213
f 628/581/213 630/583/213 631/584/213
f 631/584/213 629/582/213 628/581/213
f 630/583/213 632/585/213 633/586/213
f 633/586/213 631/584/213 630/583/213
f 632/585/213 634/587/213 635/588/213
f 635/588/213 633/586/213 632/585/213
f 634/587/213 636/589/213 637/590/213
f 637/590/213 635/588/213 634/587/213
f 636/589/213 638/591/214 639/592/213
f 639/592/213 637/590/213 636/589/213
f 638/591/214 640/593/214 641/594/214
f 641/594/214 639/592/213 638/591/214
f 640/593/214 642/595/213 643/596/213
f 643/596/213 641/594/214 640/593/214
f 642/595/213 644/597/213 645/598/213
f 645/598/213 643/596/213 642/595/213
f 644/597/213 646/599/213 647/600/214
f 647/600/214 645/598/213 644/597/213
f 646/599/213 648/601/213 649/602/213
f 649/602/213 647/600/214 646/599/213
f 648/601/213 650/603/214 651/604/214
f 651/604/214 649/602/213 648/601/213
f 650/603/214 652/605/213 653/606/213
f 653/606/213 651/604/214 650/603/214
f 652/605/213 654/607/213 655/608/213
f 655/608/213 653/606/213 652/605/213
f 654/607/213 656/609/213 657/610/214
f 657/610/214 655/608/213 654/607/213
f 656/609/213 658/611/213 659/612/213
f 659/612/213 657/610/214 656/609/213
f 658/611/213 660/613/214 661/614/214
f 661/614/214 659/612/213 658/611/213
f 660/613/214 662/615/213 663/616/214
f 663/616/214 661/614/214 660/613/214
f 662/615/213 664/617/213 665/618/213
f 665/618/213 663/616/214 662/615/213
f 664/617/213 666/619/214 667/620/213
f 667/620/213 665/618/213 664/617/213
f 666/619/214 668/621/213 669/622/213
f 669/622/213 667/620/213 666/619/214
f 668/621/213 670/623/213 671/624/213
f 671/624/213 669/622/213 668/621/213
f 670/623/213 576/529/213 579/532/213
f 579/532/213 671/624/213 670/623/213
f 672/625/311 673/626/312 674/627/313
f 673/626/312 675/628/314 676/629/315
f 675/628/314 677/630/316 678/631/317
f 677/630/316 679/632/318 680/633/319
f 674/627/313 681/634/320 672/625/311
f 676/629/315 674/627/313 673/626/312
f 678/631/317 676/629/315 675/628/314
f 680/633/319 678/631/317 677/630/316
f 682/635/321 683/636/322 684/637/323
f 684/637/323 685/347/324 682/635/321
f 686/638/325 687/639/326 672/625/311
f 688/640/327 689/641/328 687/639/326
f 683/636/322 682/635/321 689/641/328
f 672/625/311 681/634/320 686/638/325
f 687/639/326 686/638/325 688/640/327
f 689/641/328 688/640/327 683/636/322
f 680/633/319 691/642/329 690/643/330
f 690/643/330 692/644/331 680/633/319
f 692/644/331 690/643/330 693/645/332
f 693/645/332 694/646/333 692/644/331
f 694/646/333 693/645/332 695/647/334
f 695/647/334 696/648/335 694/646/333
f 696/648/335 695/647/334 697/649/336
f 697/649/336 698/650/337 696/648/335
f 698/650/337 697/649/336 699/651/338
f 699/651/338 700/652/339 698/650/337
f 700/652/339 699/651/338 701/653/340
f 701/653/340 702/654/341 700/652/339
f 702/654/341 701/653/340 703/655/342
f 703/655/342 704/656/343 702/654/341
f 704/656/343 703/655/342 705/657/344
f 705/657/344 706/658/345 704/656/343
f 706/658/345 705/657/344 707/659/346
f 707/659/346 708/660/347 706/658/345
f 708/660/347 707/659/346 709/661/348
f 709/661/348 710/662/349 708/660/347
f 710/662/349 709/661/348 711/663/350
f 711/663/350 712/664/351 710/662/349
f 712/664/351 711/663/350 713/665/352
f 713/665/352 714/666/353 712/664/351
f 714/666/353 713/665/352 715/667/354
f 715/667/354 716/668/355 714/666/353
f 716/668/355 715/667/354 717/669/356
f 717/669/356 718/670/357 716/668/355
f 718/670/357 717/669/356 719/671/358
f 719/671/358 720/672/359 718/670/357
f 720/672/359 719/671/358 721/673/360
f 721/673/360 722/674/361 720/672/359
f 722/674/361 721/673/360 723/675/362
f 723/675/362 724/676/363 722/674/361
f 724/676/363 723/675/362 725/677/364
f 725/677/364 726/678/365 724/676/363
f 726/678/365 725/677/364 727/679/366
f 727/679/366 728/680/367 726/678/365
f 728/680/367 727/679/366 729/681/368
f 729/681/368 730/682/369 728/680/367
f 730/682/369 729/681/368 731/683/370
f 731/683/370 732/684/371 730/682/369
f 732/684/371 731/683/370 733/685/372
f 733/685/372 734/686/373 732/684/371
f 734/686/373 733/685/372 735/687/374
f 735/687/374 736/688/375 734/686/373
f 736/688/375 735/687/374 737/689/376
f 737/689/376 684/637/323 736/688/375
f 738/690/377 739/691/378 740/692/264
f 740/692/264 741/693/266 738/690/377
f 742/694/379 738/690/377 741/693/266
f 741/693/266 743/695/268 742/694/379
f 744/696/380 742/694/379 743/695/268
f 743/695/268 745/697/381 744/696/380
f 746/698/382 744/696/380 745/697/381
f 745/697/381 747/699/383 746/698/382
f 748/700/384 746/698/382 747/699/383
f 747/699/383 749/701/385 748/700/384
f 750/702/386 748/700/384 749/701/385
f 749/701/385 751/703/387 750/702/386
f 752/704/388 750/702/386 751/703/387
f 751/703/387 753/705/389 752/704/388
f 754/706/390 752/704/388 753/705/389
f 753/705/389 755/707/280 754/706/390
f 756/708/391 754/706/390 755/707/280
f 755/707/280 757/709/282 756/708/391
f 758/710/392 756/708/391 757/709/282
f 757/709/282 759/711/284 758/710/392
f 760/712/393 758/710/392 759/711/284
f 759/711/284 761/713/286 760/712/393
f 762/714/287 760/712/393 761/713/286
f 761/713/286 763/715/288 762/714/287
f 764/716/289 762/714/287 763/715/288
f 763/715/288 765/717/394 764/716/289
f 766/718/395 764/716/289 765/717/394
f 765/717/394 767/719/292 766/718/395
f 768/720/396 766/718/395 767/719/292
f 767/719/292 769/721/397 768/720/396
f 770/722/398 768/720/396 769/721/397
f 769/721/397 771/723/399 770/722/398
f 772/724/400 770/722/398 771/723/399
f 771/723/399 773/725/401 772/724/400
f 774/726/402 772/724/400 773/725/401
f 773/725/401 775/727/300 774/726/402
f 776/728/301 774/726/402 775/727/300
f 775/727/300 777/729/302 776/728/301
f 778/730/403 776/728/301 777/729/302
f 777/729/302 779/731/404 778/730/403
f 780/732/405 778/730/403 779/731/404
f 779/731/404 781/733/406 780/732/405
f 782/734/407 780/732/405 781/733/406
f 781/733/406 783/735/308 782/734/407
f 784/736/408 782/734/407 783/735/308
f 783/735/308 785/737/409 784/736/408
f 786/738/410 784/736/408 785/737/409
f 785/737/409 787/578/217 786/738/410
f 788/739/411 786/738/410 787/578/217
f 787/578/217 789/740/218 788/739/411
f 790/741/412 788/739/411 789/740/218
f 789/740/218 791/742/220 790/741/412
f 792/743/221 790/741/412 791/742/220
f 791/742/220 793/744/222 792/743/221
f 794/745/413 792/743/221 793/744/222
f 793/744/222 795/746/414 794/745/413
f 796/747/415 794/745/413 795/746/414
f 795/746/414 797/748/226 796/747/415
f 798/749/227 796/747/415 797/748/226
f 797/748/226 799/750/416 798/749/227
f 800/751/417 798/749/227 799/750/416
f 799/750/416 801/752/418 800/751/417
f 802/753/419 800/751/417 801/752/418
f 801/752/418 803/754/232 802/753/419
f 804/755/420 802/753/419 803/754/232
f 803/754/232 805/756/234 804/755/420
f 806/757/421 804/755/420 805/756/234
f 805/756/234 807/758/236 806/757/421
f 808/759/237 806/757/421 807/758/236
f 807/758/236 809/760/238 808/759/237
f 810/761/422 808/759/237 809/760/238
f 809/760/238 811/762/240 810/761/422
f 812/763/241 810/761/422 811/762/240
f 811/762/240 813/764/423 812/763/241
f 814/765/424 812/763/241 813/764/423
f 813/764/423 815/766/244 814/765/424
f 816/767/425 814/765/424 815/766/244
f 815/766/244 817/768/426 816/767/425
f 818/769/427 816/767/425 817/768/426
f 817/768/426 819/770/428 818/769/427
f 820/771/429 818/769/427 819/770/428
f 819/770/428 821/772/430 820/771/429
f 822/773/431 820/771/429 821/772/430
f 821/772/430 823/774/252 822/773/431
f 824/775/432 822/773/431 823/774/252
f 823/774/252 825/776/254 824/775/432
f 826/777/433 824/775/432 825/776/254
f 825/776/254 827/778/434 826/777/433
f 828/779/435 826/777/433 827/778/434
f 827/778/434 829/780/436 828/779/435
f 830/781/437 828/779/435 829/780/436
f 829/780/436 831/782/260 830/781/437
f 832/783/438 830/781/437 831/782/260
f 831/782/260 833/784/439 832/783/438
f 739/691/378 832/783/438 833/784/439
f 833/784/439 740/692/264 739/691/378
f 834/785/440 835/786/441 762/714/442
f 766/718/443 836/787/444 835/786/441
f 835/786/441 834/785/440 766/718/443
f 837/788/445 838/789/446 836/787/444
f 836/787/444 766/718/443 837/788/445
f 770/722/398 839/790/447 838/789/446
f 838/789/446 837/788/445 770/722/398
f 772/724/400 840/791/448 839/790/447
f 839/790/447 770/722/398 772/724/400
f 841/792/449 842/793/450 840/791/448
f 840/791/448 772/724/400 841/792/449
f 843/794/451 844/795/452 842/793/450
f 842/793/450 841/792/449 843/794/451
f 778/730/403 845/796/453 844/795/452
f 844/795/452 843/794/451 778/730/403
f 846/797/454 847/798/455 845/796/453
f 845/796/453 778/730/403 846/797/454
f 782/734/407 848/799/456 847/798/455
f 847/798/455 846/797/454 782/734/407
f 784/736/408 849/800/457 848/799/456
f 848/799/456 782/734/407 784/736/408
f 786/738/410 850/801/458 849/800/457
f 849/800/457 784/736/408 786/738/410
f 788/739/411 851/802/459 850/801/458
f 850/801/458 786/738/410 788/739/411
f 790/741/412 852/803/460 851/802/459
f 851/802/459 788/739/411 790/741/412
f 853/804/461 854/805/462 852/803/460
f 852/803/460 790/741/412 853/804/461
f 794/745/463 855/806/464 854/805/462
f 854/805/462 853/804/461 794/745/463
f 856/807/465 857/808/466 855/806/464
f 855/806/464 794/745/463 856/807/465
f 858/809/467 859/810/468 857/808/466
f 857/808/466 856/807/465 858/809/467
f 800/751/417 860/811/469 859/810/468
f 859/810/468 858/809/467 800/751/417
f 802/753/419 861/812/470 860/811/469
f 860/811/469 800/751/417 802/753/419
f 862/813/471 863/814/472 861/812/470
f 861/812/470 802/753/419 862/813/471
f 806/757/421 864/815/473 863/814/472
f 863/814/472 862/813/471 806/757/421
f 865/816/474 866/817/475 864/815/473
f 864/815/473 806/757/421 865/816/474
f 810/761/422 867/818/476 866/817/475
f 866/817/475 865/816/474 810/761/422
f 868/819/477 867/818/476 810/761/422
f 810/761/422 869/820/423 868/819/477
f 870/821/478 868/819/477 869/820/423
f 869/820/423 814/765/424 870/821/478
f 871/822/479 870/821/478 814/765/424
f 814/765/424 872/823/480 871/822/479
f 873/824/481 871/822/479 872/823/480
f 872/823/480 818/769/427 873/824/481
f 874/825/482 873/824/481 818/769/427
f 818/769/427 820/771/429 874/825/482
f 875/826/251 874/825/482 820/771/429
f 820/771/429 822/773/431 875/826/251
f 876/827/483 875/826/251 822/773/431
f 822/773/431 877/828/254 876/827/483
f 878/829/484 876/827/483 877/828/254
f 877/828/254 826/777/433 878/829/484
f 879/830/485 878/829/484 826/777/433
f 826/777/433 828/779/435 879/830/485
f 880/831/486 879/830/485 828/779/435
f 828/779/435 830/781/437 880/831/486
f 881/832/487 880/831/486 830/781/437
f 830/781/437 832/783/438 881/832/487
f 882/833/488 881/832/487 832/783/438
f 832/783/438 739/691/378 882/833/488
f 868/819/477 883/834/489 867/818/476
f 868/819/477 870/821/478 884/835/490
f 884/835/490 883/834/489 868/819/477
f 870/821/478 871/822/479 885/836/491
f 885/836/491 884/835/490 870/821/478
f 871/822/479 873/824/481 886/837/492
f 886/837/492 885/836/491 871/822/479
f 873/824/481 874/825/482 887/838/493
f 887/838/493 886/837/492 873/824/481
f 874/825/482 888/839/494 889/840/495
f 889/840/495 887/838/493 874/825/482
f 888/839/494 876/827/483 890/841/496
f 890/841/496 889/840/495 888/839/494
f 876/827/483 878/829/484 891/842/497
f 891/842/497 890/841/496 876/827/483
f 878/829/484 879/830/485 892/843/498
f 892/843/498 891/842/497 878/829/484
f 879/830/485 880/831/486 893/844/499
f 893/844/499 892/843/498 879/830/485
f 880/831/486 881/832/487 894/845/500
f 894/845/500 893/844/499 880/831/486
f 881/832/487 882/833/488 895/846/488
f 895/846/488 894/845/500 881/832/487
f 762/714/287 896/847/501 760/712/393
f 897/848/502 758/710/392 760/712/393
f 760/712/393 896/847/501 897/848/502
f 898/849/503 756/708/391 758/710/392
f 758/710/392 897/848/502 898/849/503
f 899/850/504 754/706/390 756/708/391
f 756/708/391 898/849/503 899/850/504
f 900/851/505 752/704/388 754/706/390
f 754/706/390 899/850/504 900/851/505
f 901/852/506 750/702/386 752/704/388
f 752/704/388 900/851/505 901/852/506
f 902/853/507 748/700/384 750/702/386
f 750/702/386 901/852/506 902/853/507
f 903/854/508 746/698/382 748/700/384
f 748/700/384 902/853/507 903/854/508
f 904/855/509 744/696/380 746/698/382
f 746/698/382 903/854/508 904/855/509
f 905/856/510 742/694/379 744/696/380
f 744/696/380 904/855/509 905/856/510
f 906/857/511 738/690/377 742/694/379
f 742/694/379 905/856/510 906/857/511
f 423/390/211 739/691/378 738/690/377
f 738/690/377 906/857/511 423/390/211
f 907/858/512 908/859/513 909/860/513
f 909/860/513 910/861/514 907/858/512
f 907/858/512 910/861/514 911/862/515
f 911/862/515 912/384/516 907/858/512
f 907/858/512 912/384/516 685/347/324
f 685/347/324 684/637/323 907/858/512
f 913/863/517 680/633/319 679/632/318
f 679/632/318 914/864/518 913/863/517
f 914/864/519 915/632/520 916/865/521
f 426/392/522 917/866/523 916/865/521
f 918/867/524 679/632/525 919/630/526
f 920/868/527 918/867/528 677/630/316
f 921/869/529 920/868/527 677/630/316
f 922/870/530 921/869/529 677/630/316
f 922/870/530 677/630/316 675/628/314
f 923/871/531 922/870/530 675/628/314
f 924/872/532 923/871/531 675/628/314
f 925/873/533 924/872/532 675/628/314
f 925/873/533 675/628/314 673/626/312
f 926/874/534 925/873/533 673/626/312
f 927/875/535 926/874/534 673/626/312
f 928/876/536 927/875/535 673/626/312
f 928/876/536 673/626/312 672/625/311
f 929/877/537 928/876/536 672/625/311
f 930/359/538 929/877/537 672/625/311
f 931/878/539 930/359/538 672/625/311
f 931/878/539 672/625/311 687/639/326
f 932/879/540 931/878/539 687/639/326
f 933/880/541 932/879/540 687/639/326
f 934/355/542 933/880/541 687/639/326
f 934/355/542 687/639/326 689/641/328
f 935/354/543 934/355/542 689/641/328
f 936/881/544 935/354/543 689/641/328
f 937/352/545 936/881/544 689/641/328
f 937/352/545 689/641/328 682/635/321
f 938/351/546 937/352/545 682/635/321
f 939/882/547 938/351/546 682/635/321
f 940/883/548 939/882/547 682/635/321
f 941/884/549 940/883/548 682/635/321
f 685/347/324 941/884/549 682/635/321
f 942/885/550 943/886/551 944/887/552
f 944/887/552 909/860/553 942/885/550
f 945/888/554 946/889/555 947/890/556
f 947/890/556 910/861/557 945/888/554
f 910/861/514 948/891/558 949/892/559
f 949/892/559 911/862/515 910/861/514
f 911/862/515 950/893/560 951/894/561
f 951/894/561 912/384/516 911/862/515
f 952/895/97 953/896/97 954/897/97
f 954/897/97 955/898/97 952/895/97
f 955/898/97 956/899/97 957/900/97
f 957/900/97 958/901/97 955/898/97
f 959/902/97 960/903/97 961/904/97
f 961/904/97 962/905/97 959/902/97
f 962/905/97 963/906/97 964/907/97
f 964/907/97 965/908/97 962/905/97
f 966/909/97 967/910/97 968/911/97
f 968/911/97 969/223/97 966/909/97
f 969/223/97 970/221/97 971/219/97
f 971/219/97 972/271/97 969/223/97
f 973/217/97 974/215/97 975/213/97
f 975/213/97 976/211/97 973/217/97
f 976/211/97 977/209/97 978/207/97
f 978/207/97 979/285/97 976/211/97
f 979/285/97 980/203/97 981/201/97
f 981/201/97 982/199/97 979/285/97
f 982/199/97 983/912/97 984/913/97
f 984/913/97 985/294/97 982/199/97
f 986/914/97 987/915/97 988/916/97
f 988/916/97 989/917/97 986/914/97
f 989/917/97 990/918/97 991/919/97
f 991/919/97 992/920/97 989/917/97
f 993/921/97 994/922/97 995/923/97
f 995/923/97 996/924/97 993/921/97
f 996/924/97 997/269/97 998/267/97
f 998/267/97 999/925/97 996/924/97
f 1000/265/97 1001/263/97 1002/261/97
f 1002/261/97 1003/926/97 1000/265/97
f 1003/926/97 1004/927/97 1005/928/97
f 1005/928/97 1006/929/97 1003/926/97
f 736/688/375 684/637/323 683/636/322
f 734/686/373 736/688/375 683/636/322
f 732/684/371 734/686/373 683/636/322
f 730/682/369 1007/930/562 683/636/322
f 730/682/369 683/636/322 1008/640/563
f 1008/640/563 728/680/367 730/682/369
f 1008/640/563 726/678/365 728/680/367
f 724/676/363 1009/931/564 1008/640/565
f 1008/640/565 686/638/566 724/676/363
f 722/674/361 724/676/363 686/638/566
f 1057/932/567 942/885/550 907/858/512
f 1010/933/568 722/674/361 686/638/566
f 1011/934/569 1012/935/570 686/638/566
f 686/638/566 1013/634/571 1011/934/569
f 716/668/355 1011/934/569 1013/634/571
f 714/666/353 716/668/355 1013/634/571
f 712/664/351 714/666/353 1013/634/571
f 1013/634/571 1014/627/572 712/664/351
f 1015/936/573 712/664/351 1014/627/572
f 1016/937/574 1015/936/573 1014/627/572
f 706/658/345 1017/938/575 1014/627/572
f 1014/627/572 676/629/576 706/658/345
f 704/656/343 706/658/345 676/629/576
f 1018/939/577 704/656/343 676/629/576
f 700/652/339 702/654/341 676/629/315
f 676/629/315 1019/631/578 700/652/339
f 698/650/337 700/652/339 1019/631/578
f 1020/940/579 698/650/337 1019/631/578
f 694/646/333 696/648/335 678/631/317
f 692/644/331 694/646/333 678/631/317
f 680/633/319 692/644/331 678/631/317
f 423/390/211 906/857/511 426/392/212
f 907/858/512 1056/941/580 1057/932/567
f 906/857/511 905/856/510 426/392/212
f 905/856/510 904/855/509 426/392/212
f 1021/942/581 1022/854/582 426/392/522
f 1022/854/582 1023/943/583 426/392/522
f 1023/943/583 1024/944/584 426/392/522
f 1024/944/584 1025/945/585 916/865/521
f 1025/945/585 1026/946/586 916/865/521
f 1026/946/586 1027/947/587 916/865/521
f 1028/864/588 897/848/589 1029/642/588
f 897/848/590 1030/948/591 691/642/329
f 1030/948/591 1031/949/592 691/642/329
f 691/642/329 1032/714/593 1033/950/594
f 1033/950/595 1034/643/596 913/863/597
f 1034/643/596 1033/950/595 693/645/598
f 693/645/598 1033/950/595 1035/951/599
f 1036/952/600 693/645/598 1035/951/599
f 1035/951/599 1037/953/601 1036/952/600
f 1036/952/600 1037/953/601 697/649/336
f 697/649/336 1037/953/601 1038/954/602
f 1038/954/602 1039/955/603 699/651/338
f 699/651/338 697/649/336 1038/954/602
f 1040/956/604 699/651/338 1039/955/603
f 1039/955/603 1041/957/605 1040/956/604
f 703/655/342 1040/956/604 1041/957/605
f 1041/957/605 844/795/452 703/655/342
f 705/657/344 703/655/342 844/795/452
f 844/795/452 845/796/453 705/657/344
f 1042/958/606 705/657/344 845/796/453
f 845/796/453 1043/959/607 1042/958/606
f 1044/661/608 1042/958/606 1043/959/607
f 1043/959/607 848/799/456 1044/661/608
f 1044/661/608 848/799/456 711/663/350
f 711/663/350 848/799/456 849/800/457
f 849/800/457 850/801/458 713/665/352
f 713/665/352 711/663/350 849/800/457
f 850/801/458 715/667/354 713/665/352
f 850/801/458 851/802/459 715/667/354
f 1045/960/609 715/667/354 851/802/459
f 851/802/459 852/803/460 1045/960/609
f 1046/961/610 1045/960/609 852/803/460
f 852/803/460 1047/962/611 1046/961/610
f 1047/962/611 855/806/612 721/673/360
f 721/673/360 1046/961/610 1047/962/611
f 855/806/612 1048/963/613 723/675/362
f 723/675/362 721/673/360 855/806/612
f 1048/963/613 1049/964/614 723/675/362
f 1048/963/613 1050/965/615 1049/964/614
f 727/679/366 1049/964/614 1050/965/615
f 1050/965/615 1051/966/616 727/679/366
f 729/681/368 727/679/366 1051/966/616
f 1051/966/616 1052/967/617 729/681/368
f 1052/967/617 1053/968/618 1054/969/619
f 1054/969/619 729/681/368 1052/967/617
f 733/685/620 1054/969/619 1053/968/618
f 1053/968/618 1055/970/621 733/685/620
f 1056/941/580 733/685/620 1055/970/621
f 1055/970/621 1057/932/567 1056/941/580
