# Blender 4.5.2 LTS
# www.blender.org
mtllib brick_modified1*4_with_channel_medium_lavender.mtl
o brick_modified1*4_with_channel_medium_lavender
v 14.000000 0.522050 -16.034401
v 14.000000 0.000050 -16.000000
v 14.000000 0.000060 -20.000000
v 14.000000 1.035250 -16.136400
v 14.000000 1.530850 -16.304399
v 14.000000 2.000050 -16.535997
v 14.000000 2.435250 -16.826399
v 14.000000 2.828450 -17.171598
v 14.000000 3.173650 -17.564798
v 14.000000 3.464060 -17.999996
v 14.000000 3.695650 -18.469196
v 14.000000 3.863660 -18.964798
v 14.000000 3.965660 -19.477997
v 14.000000 4.000060 -19.999996
v 14.000000 3.965660 -20.521996
v 14.000000 3.863660 -21.035196
v 14.000000 3.695660 -21.530798
v 14.000000 3.464060 -21.999996
v 14.000000 3.173660 -22.435196
v 14.000000 2.828460 -22.828398
v 14.000000 2.435260 -23.173597
v 14.000000 2.000060 -23.464001
v 14.000000 1.530860 -23.695601
v 14.000000 1.035260 -23.863600
v 14.000000 0.522060 -23.965599
v 14.000000 0.000060 -24.000000
v 14.000000 -0.521939 -23.965601
v 14.000000 -1.035139 -23.863602
v 14.000000 -1.530739 -23.695602
v 14.000000 -1.999939 -23.464005
v 14.000000 -2.435141 -23.173603
v 14.000000 -2.828340 -22.828403
v 14.000000 -3.173541 -22.435204
v 14.000000 -3.463941 -22.000004
v 14.000000 -3.695541 -21.530804
v 14.000000 -3.863542 -21.035204
v 14.000000 -3.965542 -20.522003
v 14.000000 -3.999943 -20.000004
v 14.000000 -3.965543 -19.478004
v 14.000000 -3.863544 -18.964804
v 14.000000 -3.695544 -18.469204
v 14.000000 -3.463945 -18.000004
v 14.000000 -3.173545 -17.564804
v 14.000000 -2.828346 -17.171604
v 14.000000 -2.435145 -16.826403
v 14.000000 -1.999947 -16.536001
v 14.000000 -1.530746 -16.304401
v 14.000000 -1.035147 -16.136402
v 14.000000 -0.521947 -16.034401
v 10.000000 0.522050 -16.034401
v 10.000000 0.000050 -16.000000
v 14.000000 0.000050 -16.000000
v 14.000000 0.522050 -16.034401
v 10.000000 1.035250 -16.136400
v 14.000000 1.035250 -16.136400
v 10.000000 1.530850 -16.304399
v 14.000000 1.530850 -16.304399
v 10.000000 2.000050 -16.535997
v 14.000000 2.000050 -16.535997
v 10.000000 2.435250 -16.826399
v 14.000000 2.435250 -16.826399
v 10.000000 2.828450 -17.171598
v 14.000000 2.828450 -17.171598
v 10.000000 3.173650 -17.564798
v 14.000000 3.173650 -17.564798
v 10.000000 3.464060 -17.999996
v 14.000000 3.464060 -17.999996
v 10.000000 3.695660 -18.469196
v 14.000000 3.695660 -18.469196
v 10.000000 3.863660 -18.964798
v 14.000000 3.863660 -18.964798
v 10.000000 3.965660 -19.477997
v 14.000000 3.965660 -19.477997
v 10.000000 4.000060 -19.999996
v 14.000000 4.000060 -19.999996
v 10.000000 3.965660 -20.521996
v 14.000000 3.965660 -20.521996
v 10.000000 3.863660 -21.035196
v 14.000000 3.863660 -21.035196
v 10.000000 3.695660 -21.530798
v 14.000000 3.695660 -21.530798
v 10.000000 3.464060 -21.999996
v 14.000000 3.464060 -21.999996
v 10.000000 3.173660 -22.435196
v 14.000000 3.173660 -22.435196
v 10.000000 2.828460 -22.828398
v 14.000000 2.828460 -22.828398
v 10.000000 2.435260 -23.173597
v 14.000000 2.435260 -23.173597
v 10.000000 2.000060 -23.464001
v 14.000000 2.000060 -23.464001
v 10.000000 1.530860 -23.695601
v 14.000000 1.530860 -23.695601
v 10.000000 1.035260 -23.863600
v 14.000000 1.035260 -23.863600
v 10.000000 0.522060 -23.965599
v 14.000000 0.522060 -23.965599
v 10.000000 0.000060 -24.000000
v 14.000000 0.000060 -24.000000
v 10.000000 -0.521939 -23.965601
v 14.000000 -0.521939 -23.965601
v 10.000000 -1.035139 -23.863602
v 14.000000 -1.035139 -23.863602
v 10.000000 -1.530739 -23.695602
v 14.000000 -1.530739 -23.695602
v 10.000000 -1.999939 -23.464005
v 14.000000 -1.999939 -23.464005
v 10.000000 -2.435141 -23.173603
v 14.000000 -2.435141 -23.173603
v 10.000000 -2.828340 -22.828403
v 14.000000 -2.828340 -22.828403
v 10.000000 -3.173541 -22.435204
v 14.000000 -3.173541 -22.435204
v 10.000000 -3.463941 -22.000004
v 14.000000 -3.463941 -22.000004
v 10.000000 -3.695541 -21.530804
v 14.000000 -3.695541 -21.530804
v 10.000000 -3.863542 -21.035204
v 14.000000 -3.863542 -21.035204
v 10.000000 -3.965542 -20.522003
v 14.000000 -3.965542 -20.522003
v 10.000000 -3.999943 -20.000004
v 14.000000 -3.999943 -20.000004
v 10.000000 -3.965543 -19.478004
v 14.000000 -3.965543 -19.478004
v 10.000000 -3.863544 -18.964804
v 14.000000 -3.863544 -18.964804
v 10.000000 -3.695545 -18.469204
v 14.000000 -3.695545 -18.469204
v 10.000000 -3.463945 -18.000004
v 14.000000 -3.463945 -18.000004
v 10.000000 -3.173545 -17.564804
v 14.000000 -3.173545 -17.564804
v 10.000000 -2.828346 -17.171604
v 14.000000 -2.828346 -17.171604
v 10.000000 -2.435145 -16.826403
v 14.000000 -2.435145 -16.826403
v 10.000000 -1.999947 -16.536001
v 14.000000 -1.999947 -16.536001
v 10.000000 -1.530746 -16.304401
v 14.000000 -1.530746 -16.304401
v 10.000000 -1.035147 -16.136402
v 14.000000 -1.035147 -16.136402
v 10.000000 -0.521947 -16.034401
v 14.000000 -0.521947 -16.034401
v 14.000000 0.522032 3.965599
v 14.000000 0.000031 4.000000
v 14.000000 0.000042 0.000000
v 14.000000 1.035232 3.863600
v 14.000000 1.530832 3.695601
v 14.000000 2.000031 3.464001
v 14.000000 2.435232 3.173599
v 14.000000 2.828432 2.828398
v 14.000000 3.173632 2.435198
v 14.000000 3.464032 1.999998
v 14.000000 3.695632 1.530798
v 14.000000 3.863642 1.035198
v 14.000000 3.965642 0.522009
v 14.000000 4.000042 -0.000002
v 14.000000 3.965642 -0.522001
v 14.000000 3.863642 -1.035202
v 14.000000 3.695641 -1.530802
v 14.000000 3.464041 -2.000002
v 14.000000 3.173641 -2.435202
v 14.000000 2.828441 -2.828402
v 14.000000 2.435241 -3.173599
v 14.000000 2.000041 -3.464001
v 14.000000 1.530841 -3.695601
v 14.000000 1.035241 -3.863600
v 14.000000 0.522041 -3.965599
v 14.000000 0.000041 -4.000001
v 14.000000 -0.521958 -3.965599
v 14.000000 -1.035159 -3.863600
v 14.000000 -1.530759 -3.695601
v 14.000000 -1.999959 -3.464001
v 14.000000 -2.435160 -3.173599
v 14.000000 -2.828360 -2.828400
v 14.000000 -3.173560 -2.435200
v 14.000000 -3.463961 -2.000000
v 14.000000 -3.695560 -1.530800
v 14.000000 -3.863562 -1.035200
v 14.000000 -3.965561 -0.522011
v 14.000000 -3.999963 0.000000
v 14.000000 -3.965562 0.521999
v 14.000000 -3.863564 1.035200
v 14.000000 -3.695564 1.530800
v 14.000000 -3.463964 2.000000
v 14.000000 -3.173564 2.435200
v 14.000000 -2.828365 2.828400
v 14.000000 -2.435165 3.173599
v 14.000000 -1.999966 3.464001
v 14.000000 -1.530766 3.695601
v 14.000000 -1.035166 3.863600
v 14.000000 -0.521966 3.965599
v 10.000000 0.522032 3.965599
v 10.000000 0.000031 4.000000
v 14.000000 0.000031 4.000000
v 14.000000 0.522032 3.965599
v 10.000000 1.035232 3.863600
v 14.000000 1.035232 3.863600
v 10.000000 1.530832 3.695601
v 14.000000 1.530832 3.695601
v 10.000000 2.000031 3.464001
v 14.000000 2.000031 3.464001
v 10.000000 2.435232 3.173599
v 14.000000 2.435232 3.173599
v 10.000000 2.828432 2.828398
v 14.000000 2.828432 2.828398
v 10.000000 3.173632 2.435198
v 14.000000 3.173632 2.435198
v 10.000000 3.464032 1.999998
v 14.000000 3.464032 1.999998
v 10.000000 3.695632 1.530798
v 14.000000 3.695632 1.530798
v 10.000000 3.863642 1.035198
v 14.000000 3.863642 1.035198
v 10.000000 3.965642 0.522009
v 14.000000 3.965642 0.522009
v 10.000000 4.000042 -0.000002
v 14.000000 4.000042 -0.000002
v 10.000000 3.965642 -0.522001
v 14.000000 3.965642 -0.522001
v 10.000000 3.863642 -1.035202
v 14.000000 3.863642 -1.035202
v 10.000000 3.695641 -1.530802
v 14.000000 3.695641 -1.530802
v 10.000000 3.464041 -2.000002
v 14.000000 3.464041 -2.000002
v 10.000000 3.173641 -2.435202
v 14.000000 3.173641 -2.435202
v 10.000000 2.828441 -2.828402
v 14.000000 2.828441 -2.828402
v 10.000000 2.435241 -3.173599
v 14.000000 2.435241 -3.173599
v 10.000000 2.000041 -3.464001
v 14.000000 2.000041 -3.464001
v 10.000000 1.530841 -3.695601
v 14.000000 1.530841 -3.695601
v 10.000000 1.035241 -3.863600
v 14.000000 1.035241 -3.863600
v 10.000000 0.522041 -3.965599
v 14.000000 0.522041 -3.965599
v 10.000000 0.000041 -4.000001
v 14.000000 0.000041 -4.000001
v 10.000000 -0.521958 -3.965599
v 14.000000 -0.521958 -3.965599
v 10.000000 -1.035159 -3.863600
v 14.000000 -1.035159 -3.863600
v 10.000000 -1.530759 -3.695601
v 14.000000 -1.530759 -3.695601
v 10.000000 -1.999959 -3.464001
v 14.000000 -1.999959 -3.464001
v 10.000000 -2.435160 -3.173599
v 14.000000 -2.435160 -3.173599
v 10.000000 -2.828360 -2.828400
v 14.000000 -2.828360 -2.828400
v 10.000000 -3.173560 -2.435200
v 14.000000 -3.173560 -2.435200
v 10.000000 -3.463961 -2.000000
v 14.000000 -3.463961 -2.000000
v 10.000000 -3.695560 -1.530800
v 14.000000 -3.695560 -1.530800
v 10.000000 -3.863562 -1.035200
v 14.000000 -3.863562 -1.035200
v 10.000000 -3.965561 -0.522011
v 14.000000 -3.965561 -0.522011
v 10.000000 -3.999963 0.000000
v 14.000000 -3.999963 0.000000
v 10.000000 -3.965562 0.521999
v 14.000000 -3.965562 0.521999
v 10.000000 -3.863564 1.035200
v 14.000000 -3.863564 1.035200
v 10.000000 -3.695564 1.530800
v 14.000000 -3.695564 1.530800
v 10.000000 -3.463964 2.000000
v 14.000000 -3.463964 2.000000
v 10.000000 -3.173564 2.435200
v 14.000000 -3.173564 2.435200
v 10.000000 -2.828365 2.828400
v 14.000000 -2.828365 2.828400
v 10.000000 -2.435165 3.173599
v 14.000000 -2.435165 3.173599
v 10.000000 -1.999966 3.464001
v 14.000000 -1.999966 3.464001
v 10.000000 -1.530766 3.695601
v 14.000000 -1.530766 3.695601
v 10.000000 -1.035166 3.863600
v 14.000000 -1.035166 3.863600
v 10.000000 -0.521966 3.965599
v 14.000000 -0.521966 3.965599
v 14.000000 0.522013 23.965599
v 14.000000 0.000012 24.000000
v 14.000000 0.000023 20.000000
v 14.000000 1.035213 23.863602
v 14.000000 1.530813 23.695599
v 14.000000 2.000012 23.464001
v 14.000000 2.435213 23.173599
v 14.000000 2.828413 22.828400
v 14.000000 3.173613 22.435200
v 14.000000 3.464013 22.000000
v 14.000000 3.695613 21.530800
v 14.000000 3.863613 21.035210
v 14.000000 3.965623 20.521999
v 14.000000 4.000023 20.000000
v 14.000000 3.965623 19.478001
v 14.000000 3.863623 18.964809
v 14.000000 3.695622 18.469200
v 14.000000 3.464023 18.000000
v 14.000000 3.173623 17.564800
v 14.000000 2.828423 17.171600
v 14.000000 2.435223 16.826401
v 14.000000 2.000023 16.535999
v 14.000000 1.530823 16.304401
v 14.000000 1.035223 16.136398
v 14.000000 0.522023 16.034401
v 14.000000 0.000023 16.000000
v 14.000000 -0.521977 16.034401
v 14.000000 -1.035177 16.136398
v 14.000000 -1.530778 16.304401
v 14.000000 -1.999978 16.535999
v 14.000000 -2.435178 16.826401
v 14.000000 -2.828379 17.171600
v 14.000000 -3.173579 17.564800
v 14.000000 -3.463980 18.000000
v 14.000000 -3.695580 18.469200
v 14.000000 -3.863581 18.964790
v 14.000000 -3.965581 19.478001
v 14.000000 -3.999982 20.000000
v 14.000000 -3.965582 20.521999
v 14.000000 -3.863582 21.035191
v 14.000000 -3.695583 21.530800
v 14.000000 -3.463984 22.000000
v 14.000000 -3.173584 22.435200
v 14.000000 -2.828383 22.828400
v 14.000000 -2.435184 23.173599
v 14.000000 -1.999986 23.464001
v 14.000000 -1.530786 23.695599
v 14.000000 -1.035186 23.863602
v 14.000000 -0.521986 23.965599
v 10.000000 0.522013 23.965599
v 10.000000 0.000012 24.000000
v 14.000000 0.000012 24.000000
v 14.000000 0.522013 23.965599
v 10.000000 1.035213 23.863602
v 14.000000 1.035213 23.863602
v 10.000000 1.530813 23.695599
v 14.000000 1.530813 23.695599
v 10.000000 2.000012 23.464001
v 14.000000 2.000012 23.464001
v 10.000000 2.435213 23.173599
v 14.000000 2.435213 23.173599
v 10.000000 2.828413 22.828400
v 14.000000 2.828413 22.828400
v 10.000000 3.173613 22.435200
v 14.000000 3.173613 22.435200
v 10.000000 3.464013 22.000000
v 14.000000 3.464013 22.000000
v 10.000000 3.695613 21.530800
v 14.000000 3.695613 21.530800
v 10.000000 3.863613 21.035210
v 14.000000 3.863613 21.035210
v 10.000000 3.965623 20.521999
v 14.000000 3.965623 20.521999
v 10.000000 4.000023 20.000000
v 14.000000 4.000023 20.000000
v 10.000000 3.965623 19.478001
v 14.000000 3.965623 19.478001
v 10.000000 3.863623 18.964809
v 14.000000 3.863623 18.964809
v 10.000000 3.695622 18.469200
v 14.000000 3.695622 18.469200
v 10.000000 3.464023 18.000000
v 14.000000 3.464023 18.000000
v 10.000000 3.173623 17.564800
v 14.000000 3.173623 17.564800
v 10.000000 2.828423 17.171600
v 14.000000 2.828423 17.171600
v 10.000000 2.435223 16.826401
v 14.000000 2.435223 16.826401
v 10.000000 2.000023 16.535999
v 14.000000 2.000023 16.535999
v 10.000000 1.530823 16.304401
v 14.000000 1.530823 16.304401
v 10.000000 1.035223 16.136398
v 14.000000 1.035223 16.136398
v 10.000000 0.522023 16.034401
v 14.000000 0.522023 16.034401
v 10.000000 0.000023 16.000000
v 14.000000 0.000023 16.000000
v 10.000000 -0.521977 16.034401
v 14.000000 -0.521977 16.034401
v 10.000000 -1.035177 16.136398
v 14.000000 -1.035177 16.136398
v 10.000000 -1.530778 16.304401
v 14.000000 -1.530778 16.304401
v 10.000000 -1.999978 16.535999
v 14.000000 -1.999978 16.535999
v 10.000000 -2.435178 16.826401
v 14.000000 -2.435178 16.826401
v 10.000000 -2.828379 17.171600
v 14.000000 -2.828379 17.171600
v 10.000000 -3.173579 17.564800
v 14.000000 -3.173579 17.564800
v 10.000000 -3.463980 18.000000
v 14.000000 -3.463980 18.000000
v 10.000000 -3.695580 18.469200
v 14.000000 -3.695580 18.469200
v 10.000000 -3.863581 18.964790
v 14.000000 -3.863581 18.964790
v 10.000000 -3.965581 19.478001
v 14.000000 -3.965581 19.478001
v 10.000000 -3.999982 20.000000
v 14.000000 -3.999982 20.000000
v 10.000000 -3.965582 20.521999
v 14.000000 -3.965582 20.521999
v 10.000000 -3.863582 21.035191
v 14.000000 -3.863582 21.035191
v 10.000000 -3.695583 21.530800
v 14.000000 -3.695583 21.530800
v 10.000000 -3.463984 22.000000
v 14.000000 -3.463984 22.000000
v 10.000000 -3.173584 22.435200
v 14.000000 -3.173584 22.435200
v 10.000000 -2.828383 22.828400
v 14.000000 -2.828383 22.828400
v 10.000000 -2.435184 23.173599
v 14.000000 -2.435184 23.173599
v 10.000000 -1.999986 23.464001
v 14.000000 -1.999986 23.464001
v 10.000000 -1.530786 23.695599
v 14.000000 -1.530786 23.695599
v 10.000000 -1.035186 23.863602
v 14.000000 -1.035186 23.863602
v 10.000000 -0.521986 23.965599
v 14.000000 -0.521986 23.965599
v 10.000000 -5.999928 -36.000008
v 10.000000 -5.999997 35.999989
v 10.000000 6.000004 36.000011
v 10.000000 6.000069 -35.999992
v 10.000000 6.000004 36.000011
v 14.000000 6.000004 36.000011
v 14.000000 6.000069 -35.999992
v 10.000000 6.000069 -35.999992
v 10.000000 6.000069 -35.999992
v 14.000000 6.000069 -35.999992
v 14.000000 -5.999928 -36.000008
v 10.000000 -5.999928 -36.000008
v 10.000000 -5.999928 -36.000008
v 14.000000 -5.999928 -36.000008
v 14.000000 -5.999997 35.999989
v 10.000000 -5.999997 35.999989
v 10.000000 -5.999997 35.999989
v 14.000000 -5.999997 35.999989
v 14.000000 6.000004 36.000011
v 10.000000 6.000004 36.000011
v 14.000000 10.000078 -39.999992
v 14.000000 6.000069 -35.999992
v 14.000000 6.000004 36.000011
v 14.000000 9.999994 40.000011
v 14.000000 -9.999924 -40.000008
v 14.000000 -5.999928 -36.000008
v 14.000000 -10.000001 39.999989
v 14.000000 -5.999997 35.999989
v -2.000000 2.000023 19.000000
v -2.000000 2.000012 21.000000
v 6.000000 2.000012 21.000000
v 6.000000 2.000023 19.000000
v -2.000000 2.000012 21.000000
v -2.000000 6.000023 21.000011
v 6.000000 6.000023 21.000011
v 6.000000 2.000012 21.000000
v 6.000000 2.000023 19.000000
v 6.000000 6.000023 19.000011
v -2.000000 6.000023 19.000011
v -2.000000 2.000023 19.000000
v -2.000000 2.000042 -1.000000
v -2.000000 2.000042 1.000000
v 6.000000 2.000042 1.000000
v 6.000000 2.000042 -1.000000
v -2.000000 2.000042 1.000000
v -2.000000 6.000032 1.000008
v 6.000000 6.000032 1.000008
v 6.000000 2.000042 1.000000
v 6.000000 2.000042 -1.000000
v 6.000000 6.000042 -0.999992
v -2.000000 6.000042 -0.999992
v -2.000000 2.000042 -1.000000
v -2.000000 2.000060 -20.999998
v -2.000000 2.000060 -18.999998
v 6.000000 2.000060 -18.999998
v 6.000000 2.000060 -20.999998
v -2.000000 2.000060 -18.999998
v -2.000000 6.000059 -18.999996
v 6.000000 6.000059 -18.999996
v 6.000000 2.000060 -18.999998
v 6.000000 2.000060 -20.999998
v 6.000000 6.000059 -20.999994
v -2.000000 6.000059 -20.999994
v -2.000000 2.000060 -20.999998
v -2.000000 6.000004 36.000011
v -2.000000 6.000069 -35.999992
v 6.000000 6.000069 -35.999992
v 6.000000 6.000004 36.000011
v -2.000000 6.000004 36.000011
v -2.000000 0.000003 36.000000
v -2.000000 0.000069 -36.000000
v -2.000000 6.000069 -35.999992
v -2.000000 6.000069 -35.999992
v -2.000000 0.000069 -36.000000
v 6.000000 0.000069 -36.000000
v 6.000000 6.000069 -35.999992
v 6.000000 6.000069 -35.999992
v 6.000000 0.000069 -36.000000
v 6.000000 0.000003 36.000000
v 6.000000 6.000004 36.000011
v 6.000000 6.000004 36.000011
v 6.000000 0.000003 36.000000
v -2.000000 0.000003 36.000000
v -2.000000 6.000004 36.000011
v 6.000000 -9.999924 -40.000008
v 6.000000 0.000078 -40.000000
v 6.000000 -0.000001 40.000000
v 6.000000 -10.000001 39.999989
v -2.000000 0.000078 -40.000000
v -2.000000 -9.999924 -40.000008
v -2.000000 -10.000001 39.999989
v -2.000000 -0.000001 40.000000
v -10.000000 9.999994 40.000011
v -10.000000 10.000078 -39.999992
v 14.000000 10.000078 -39.999992
v 14.000000 9.999994 40.000011
v -2.000000 -0.000001 40.000000
v 6.000000 -0.000001 40.000000
v 6.000000 0.000003 36.000000
v -2.000000 0.000003 36.000000
v -2.000000 0.000069 -36.000000
v 6.000000 0.000069 -36.000000
v 6.000000 0.000078 -40.000000
v -2.000000 0.000078 -40.000000
v -2.000000 -9.999924 -40.000008
v -10.000000 -9.999924 -40.000008
v -10.000000 -10.000001 39.999989
v -2.000000 -10.000001 39.999989
v 6.000000 -10.000001 39.999989
v 14.000000 -10.000001 39.999989
v 14.000000 -9.999924 -40.000008
v 6.000000 -9.999924 -40.000008
v 14.000000 -10.000001 39.999989
v 6.000000 -10.000001 39.999989
v 6.000000 -0.000001 40.000000
v 14.000000 9.999994 40.000011
v -2.000000 -0.000001 40.000000
v -10.000000 9.999994 40.000011
v -2.000000 -10.000001 39.999989
v -10.000000 -10.000001 39.999989
v 14.000000 10.000078 -39.999992
v 6.000000 0.000078 -40.000000
v 6.000000 -9.999924 -40.000008
v 14.000000 -9.999924 -40.000008
v -10.000000 10.000078 -39.999992
v -2.000000 0.000078 -40.000000
v -10.000000 -9.999924 -40.000008
v -2.000000 -9.999924 -40.000008
v -10.000000 9.999994 40.000011
v -10.000000 8.000004 38.000011
v -10.000000 8.000078 -37.999992
v -10.000000 10.000078 -39.999992
v -10.000000 -7.999926 -38.000008
v -10.000000 -9.999924 -40.000008
v -10.000000 -7.999999 37.999989
v -10.000000 -10.000001 39.999989
v -6.000000 -7.999926 -38.000008
v -6.000000 -7.999999 37.999989
v -6.000000 8.000004 38.000011
v -6.000000 8.000078 -37.999992
v -6.000000 8.000004 38.000011
v -10.000000 8.000004 38.000011
v -10.000000 8.000078 -37.999992
v -6.000000 8.000078 -37.999992
v -6.000000 8.000078 -37.999992
v -10.000000 8.000078 -37.999992
v -10.000000 -7.999926 -38.000008
v -6.000000 -7.999926 -38.000008
v -6.000000 -7.999926 -38.000008
v -10.000000 -7.999926 -38.000008
v -10.000000 -7.999999 37.999989
v -6.000000 -7.999999 37.999989
v -6.000000 -7.999999 37.999989
v -10.000000 -7.999999 37.999989
v -10.000000 8.000004 38.000011
v -6.000000 8.000004 38.000011
v -6.000000 0.522060 -26.034401
v -6.000000 0.000060 -26.000000
v -14.000000 0.000060 -26.000000
v -14.000000 0.522060 -26.034401
v -6.000000 1.035260 -26.136400
v -14.000000 1.035260 -26.136400
v -6.000000 1.530860 -26.304399
v -14.000000 1.530860 -26.304399
v -6.000000 2.000059 -26.535997
v -14.000000 2.000059 -26.535997
v -6.000000 2.435259 -26.826399
v -14.000000 2.435259 -26.826399
v -6.000000 2.828459 -27.171598
v -14.000000 2.828459 -27.171598
v -6.000000 3.173669 -27.564798
v -14.000000 3.173669 -27.564798
v -6.000000 3.464069 -27.999996
v -14.000000 3.464069 -27.999996
v -6.000000 3.695669 -28.469196
v -14.000000 3.695669 -28.469196
v -6.000000 3.863669 -28.964798
v -14.000000 3.863669 -28.964798
v -6.000000 3.965669 -29.477997
v -14.000000 3.965669 -29.477997
v -6.000000 4.000069 -29.999996
v -14.000000 4.000069 -29.999996
v -6.000000 3.965669 -30.522001
v -14.000000 3.965669 -30.522001
v -6.000000 3.863669 -31.035202
v -14.000000 3.863669 -31.035202
v -6.000000 3.695669 -31.530800
v -14.000000 3.695669 -31.530800
v -6.000000 3.464069 -32.000000
v -14.000000 3.464069 -32.000000
v -6.000000 3.173669 -32.435200
v -14.000000 3.173669 -32.435200
v -6.000000 2.828469 -32.828400
v -14.000000 2.828469 -32.828400
v -6.000000 2.435269 -33.173599
v -14.000000 2.435269 -33.173599
v -6.000000 2.000069 -33.464001
v -14.000000 2.000069 -33.464001
v -6.000000 1.530869 -33.695602
v -14.000000 1.530869 -33.695602
v -6.000000 1.035269 -33.863602
v -14.000000 1.035269 -33.863602
v -6.000000 0.522069 -33.965599
v -14.000000 0.522069 -33.965599
v -6.000000 0.000069 -34.000000
v -14.000000 0.000069 -34.000000
v -6.000000 -0.521930 -33.965599
v -14.000000 -0.521930 -33.965599
v -6.000000 -1.035130 -33.863602
v -14.000000 -1.035130 -33.863602
v -6.000000 -1.530729 -33.695602
v -14.000000 -1.530729 -33.695602
v -6.000000 -1.999929 -33.464001
v -14.000000 -1.999929 -33.464001
v -6.000000 -2.435130 -33.173599
v -14.000000 -2.435130 -33.173599
v -6.000000 -2.828331 -32.828400
v -14.000000 -2.828331 -32.828400
v -6.000000 -3.173531 -32.435200
v -14.000000 -3.173531 -32.435200
v -6.000000 -3.463932 -32.000000
v -14.000000 -3.463932 -32.000000
v -6.000000 -3.695532 -31.530800
v -14.000000 -3.695532 -31.530800
v -6.000000 -3.863533 -31.035200
v -14.000000 -3.863533 -31.035200
v -6.000000 -3.965533 -30.521999
v -14.000000 -3.965533 -30.521999
v -6.000000 -3.999933 -30.000000
v -14.000000 -3.999933 -30.000000
v -6.000000 -3.965534 -29.478004
v -14.000000 -3.965534 -29.478004
v -6.000000 -3.863533 -28.964804
v -14.000000 -3.863533 -28.964804
v -6.000000 -3.695535 -28.469204
v -14.000000 -3.695535 -28.469204
v -6.000000 -3.463934 -28.000004
v -14.000000 -3.463934 -28.000004
v -6.000000 -3.173535 -27.564804
v -14.000000 -3.173535 -27.564804
v -6.000000 -2.828335 -27.171604
v -14.000000 -2.828335 -27.171604
v -6.000000 -2.435136 -26.826405
v -14.000000 -2.435136 -26.826405
v -6.000000 -1.999937 -26.536001
v -14.000000 -1.999937 -26.536001
v -6.000000 -1.530736 -26.304401
v -14.000000 -1.530736 -26.304401
v -6.000000 -1.035136 -26.136402
v -14.000000 -1.035136 -26.136402
v -6.000000 -0.521936 -26.034401
v -14.000000 -0.521936 -26.034401
v -6.000000 0.783060 -24.051600
v -6.000000 0.000060 -24.000000
v -14.000000 0.000060 -24.000000
v -14.000000 0.783060 -24.051600
v -6.000000 1.552860 -24.204599
v -14.000000 1.552860 -24.204599
v -6.000000 2.296260 -24.456598
v -14.000000 2.296260 -24.456598
v -6.000000 3.000060 -24.803999
v -14.000000 3.000060 -24.803999
v -6.000000 3.652860 -25.239597
v -14.000000 3.652860 -25.239597
v -6.000000 4.242660 -25.757397
v -14.000000 4.242660 -25.757397
v -6.000000 4.760459 -26.347197
v -14.000000 4.760459 -26.347197
v -6.000000 5.196059 -26.999996
v -14.000000 5.196059 -26.999996
v -6.000000 5.543459 -27.703794
v -14.000000 5.543459 -27.703794
v -6.000000 5.795469 -28.447197
v -14.000000 5.795469 -28.447197
v -6.000000 5.948469 -29.216995
v -14.000000 5.948469 -29.216995
v -6.000000 6.000071 -29.999994
v -14.000000 6.000071 -29.999994
v -6.000000 5.948469 -30.783001
v -14.000000 5.948469 -30.783001
v -6.000000 5.795469 -31.552792
v -14.000000 5.795469 -31.552792
v -6.000000 5.543469 -32.296192
v -14.000000 5.543469 -32.296192
v -6.000000 5.196069 -32.999992
v -14.000000 5.196069 -32.999992
v -6.000000 4.760469 -33.652802
v -14.000000 4.760469 -33.652802
v -6.000000 4.242669 -34.242592
v -14.000000 4.242669 -34.242592
v -6.000000 3.652869 -34.760399
v -14.000000 3.652869 -34.760399
v -6.000000 3.000069 -35.195999
v -14.000000 3.000069 -35.195999
v -6.000000 2.296269 -35.543400
v -14.000000 2.296269 -35.543400
v -6.000000 1.552869 -35.795403
v -14.000000 1.552869 -35.795403
v -6.000000 0.783069 -35.948402
v -14.000000 0.783069 -35.948402
v -6.000000 0.000069 -36.000000
v -14.000000 0.000069 -36.000000
v -6.000000 -0.782928 -35.948402
v -14.000000 -0.782928 -35.948402
v -6.000000 -1.552728 -35.795403
v -14.000000 -1.552728 -35.795403
v -6.000000 -2.296128 -35.543400
v -14.000000 -2.296128 -35.543400
v -6.000000 -2.999928 -35.195999
v -14.000000 -2.999928 -35.195999
v -6.000000 -3.652729 -34.760399
v -14.000000 -3.652729 -34.760399
v -6.000000 -4.242529 -34.242599
v -14.000000 -4.242529 -34.242599
v -6.000000 -4.760330 -33.652809
v -14.000000 -4.760330 -33.652809
v -6.000000 -5.195931 -33.000008
v -14.000000 -5.195931 -33.000008
v -6.000000 -5.543331 -32.296211
v -14.000000 -5.543331 -32.296211
v -6.000000 -5.795332 -31.552799
v -14.000000 -5.795332 -31.552799
v -6.000000 -5.948333 -30.783009
v -14.000000 -5.948333 -30.783009
v -6.000000 -5.999933 -30.000010
v -14.000000 -5.999933 -30.000010
v -6.000000 -5.948333 -29.217005
v -14.000000 -5.948333 -29.217005
v -6.000000 -5.795334 -28.447205
v -14.000000 -5.795334 -28.447205
v -6.000000 -5.543335 -27.703806
v -14.000000 -5.543335 -27.703806
v -6.000000 -5.195937 -27.000006
v -14.000000 -5.195937 -27.000006
v -6.000000 -4.760336 -26.347206
v -14.000000 -4.760336 -26.347206
v -6.000000 -4.242537 -25.757404
v -14.000000 -4.242537 -25.757404
v -6.000000 -3.652739 -25.239605
v -14.000000 -3.652739 -25.239605
v -6.000000 -2.999938 -24.804005
v -14.000000 -2.999938 -24.804005
v -6.000000 -2.296138 -24.456604
v -14.000000 -2.296138 -24.456604
v -6.000000 -1.552738 -24.204601
v -14.000000 -1.552738 -24.204601
v -6.000000 -0.782939 -24.051601
v -14.000000 -0.782939 -24.051601
v -14.000000 0.000060 -26.000000
v -14.000000 0.522060 -26.034401
v -14.000000 0.783060 -24.051600
v -14.000000 0.000060 -24.000000
v -14.000000 1.035260 -26.136400
v -14.000000 1.552860 -24.204599
v -14.000000 1.530860 -26.304399
v -14.000000 2.296260 -24.456598
v -14.000000 2.000059 -26.535997
v -14.000000 3.000060 -24.803999
v -14.000000 2.435259 -26.826399
v -14.000000 3.652860 -25.239597
v -14.000000 2.828459 -27.171598
v -14.000000 4.242660 -25.757397
v -14.000000 3.173669 -27.564798
v -14.000000 4.760459 -26.347197
v -14.000000 3.464069 -27.999996
v -14.000000 5.196059 -26.999996
v -14.000000 3.695669 -28.469196
v -14.000000 5.543459 -27.703794
v -14.000000 3.863669 -28.964798
v -14.000000 5.795469 -28.447197
v -14.000000 3.965669 -29.477997
v -14.000000 5.948469 -29.216995
v -14.000000 4.000069 -29.999996
v -14.000000 6.000071 -29.999994
v -14.000000 3.965669 -30.522001
v -14.000000 5.948469 -30.783001
v -14.000000 3.863669 -31.035202
v -14.000000 5.795469 -31.552792
v -14.000000 3.695669 -31.530800
v -14.000000 5.543469 -32.296192
v -14.000000 3.464069 -32.000000
v -14.000000 5.196069 -32.999992
v -14.000000 3.173669 -32.435200
v -14.000000 4.760469 -33.652802
v -14.000000 2.828469 -32.828400
v -14.000000 4.242669 -34.242592
v -14.000000 2.435269 -33.173599
v -14.000000 3.652869 -34.760399
v -14.000000 2.000069 -33.464001
v -14.000000 3.000069 -35.195999
v -14.000000 1.530869 -33.695602
v -14.000000 2.296269 -35.543400
v -14.000000 1.035269 -33.863602
v -14.000000 1.552869 -35.795403
v -14.000000 0.522069 -33.965599
v -14.000000 0.783069 -35.948402
v -14.000000 0.000069 -34.000000
v -14.000000 0.000069 -36.000000
v -14.000000 -0.521930 -33.965599
v -14.000000 -0.782928 -35.948402
v -14.000000 -1.035130 -33.863602
v -14.000000 -1.552728 -35.795403
v -14.000000 -1.530729 -33.695602
v -14.000000 -2.296128 -35.543400
v -14.000000 -1.999929 -33.464001
v -14.000000 -2.999928 -35.195999
v -14.000000 -2.435130 -33.173599
v -14.000000 -3.652729 -34.760399
v -14.000000 -2.828331 -32.828400
v -14.000000 -4.242529 -34.242599
v -14.000000 -3.173531 -32.435200
v -14.000000 -4.760330 -33.652809
v -14.000000 -3.463932 -32.000000
v -14.000000 -5.195931 -33.000008
v -14.000000 -3.695532 -31.530800
v -14.000000 -5.543331 -32.296211
v -14.000000 -3.863533 -31.035200
v -14.000000 -5.795332 -31.552799
v -14.000000 -3.965533 -30.521999
v -14.000000 -5.948333 -30.783009
v -14.000000 -3.999933 -30.000000
v -14.000000 -5.999933 -30.000010
v -14.000000 -3.965534 -29.478004
v -14.000000 -5.948333 -29.217005
v -14.000000 -3.863533 -28.964804
v -14.000000 -5.795334 -28.447205
v -14.000000 -3.695535 -28.469204
v -14.000000 -5.543335 -27.703806
v -14.000000 -3.463934 -28.000004
v -14.000000 -5.195937 -27.000006
v -14.000000 -3.173535 -27.564804
v -14.000000 -4.760336 -26.347206
v -14.000000 -2.828335 -27.171604
v -14.000000 -4.242537 -25.757404
v -14.000000 -2.435136 -26.826405
v -14.000000 -3.652739 -25.239605
v -14.000000 -1.999937 -26.536001
v -14.000000 -2.999938 -24.804005
v -14.000000 -1.530736 -26.304401
v -14.000000 -2.296138 -24.456604
v -14.000000 -1.035136 -26.136402
v -14.000000 -1.552738 -24.204601
v -14.000000 -0.521936 -26.034401
v -14.000000 -0.782939 -24.051601
v -6.000000 0.522041 -6.034401
v -6.000000 0.000041 -6.000001
v -14.000000 0.000041 -6.000001
v -14.000000 0.522041 -6.034401
v -6.000000 1.035241 -6.136401
v -14.000000 1.035241 -6.136401
v -6.000000 1.530841 -6.304401
v -14.000000 1.530841 -6.304401
v -6.000000 2.000041 -6.536001
v -14.000000 2.000041 -6.536001
v -6.000000 2.435241 -6.826401
v -14.000000 2.435241 -6.826401
v -6.000000 2.828441 -7.171601
v -14.000000 2.828441 -7.171601
v -6.000000 3.173641 -7.564801
v -14.000000 3.173641 -7.564801
v -6.000000 3.464041 -8.000001
v -14.000000 3.464041 -8.000001
v -6.000000 3.695651 -8.469201
v -14.000000 3.695651 -8.469201
v -6.000000 3.863651 -8.964801
v -14.000000 3.863651 -8.964801
v -6.000000 3.965651 -9.478001
v -14.000000 3.965651 -9.478001
v -6.000000 4.000051 -10.000001
v -14.000000 4.000051 -10.000001
v -6.000000 3.965651 -10.521996
v -14.000000 3.965651 -10.521996
v -6.000000 3.863651 -11.035197
v -14.000000 3.863651 -11.035197
v -6.000000 3.695651 -11.530797
v -14.000000 3.695651 -11.530797
v -6.000000 3.464051 -11.999997
v -14.000000 3.464051 -11.999997
v -6.000000 3.173651 -12.435197
v -14.000000 3.173651 -12.435197
v -6.000000 2.828451 -12.828398
v -14.000000 2.828451 -12.828398
v -6.000000 2.435251 -13.173599
v -14.000000 2.435251 -13.173599
v -6.000000 2.000051 -13.463999
v -14.000000 2.000051 -13.463999
v -6.000000 1.530850 -13.695601
v -14.000000 1.530850 -13.695601
v -6.000000 1.035250 -13.863600
v -14.000000 1.035250 -13.863600
v -6.000000 0.522050 -13.965601
v -14.000000 0.522050 -13.965601
v -6.000000 0.000050 -14.000001
v -14.000000 0.000050 -14.000001
v -6.000000 -0.521949 -13.965601
v -14.000000 -0.521949 -13.965601
v -6.000000 -1.035150 -13.863602
v -14.000000 -1.035150 -13.863602
v -6.000000 -1.530749 -13.695602
v -14.000000 -1.530749 -13.695602
v -6.000000 -1.999949 -13.464003
v -14.000000 -1.999949 -13.464003
v -6.000000 -2.435150 -13.173603
v -14.000000 -2.435150 -13.173603
v -6.000000 -2.828350 -12.828403
v -14.000000 -2.828350 -12.828403
v -6.000000 -3.173551 -12.435204
v -14.000000 -3.173551 -12.435204
v -6.000000 -3.463951 -12.000004
v -14.000000 -3.463951 -12.000004
v -6.000000 -3.695551 -11.530804
v -14.000000 -3.695551 -11.530804
v -6.000000 -3.863552 -11.035204
v -14.000000 -3.863552 -11.035204
v -6.000000 -3.965552 -10.522004
v -14.000000 -3.965552 -10.522004
v -6.000000 -3.999952 -10.000004
v -14.000000 -3.999952 -10.000004
v -6.000000 -3.965553 -9.478000
v -14.000000 -3.965553 -9.478000
v -6.000000 -3.863553 -8.964800
v -14.000000 -3.863553 -8.964800
v -6.000000 -3.695554 -8.469200
v -14.000000 -3.695554 -8.469200
v -6.000000 -3.463954 -8.000001
v -14.000000 -3.463954 -8.000001
v -6.000000 -3.173555 -7.564801
v -14.000000 -3.173555 -7.564801
v -6.000000 -2.828355 -7.171601
v -14.000000 -2.828355 -7.171601
v -6.000000 -2.435156 -6.826401
v -14.000000 -2.435156 -6.826401
v -6.000000 -1.999956 -6.536001
v -14.000000 -1.999956 -6.536001
v -6.000000 -1.530756 -6.304401
v -14.000000 -1.530756 -6.304401
v -6.000000 -1.035156 -6.136401
v -14.000000 -1.035156 -6.136401
v -6.000000 -0.521956 -6.034401
v -14.000000 -0.521956 -6.034401
v -6.000000 0.783041 -4.051601
v -6.000000 0.000041 -4.000001
v -14.000000 0.000041 -4.000001
v -14.000000 0.783041 -4.051601
v -6.000000 1.552841 -4.204601
v -14.000000 1.552841 -4.204601
v -6.000000 2.296241 -4.456601
v -14.000000 2.296241 -4.456601
v -6.000000 3.000041 -4.804001
v -14.000000 3.000041 -4.804001
v -6.000000 3.652841 -5.239601
v -14.000000 3.652841 -5.239601
v -6.000000 4.242640 -5.757401
v -14.000000 4.242640 -5.757401
v -6.000000 4.760441 -6.347191
v -14.000000 4.760441 -6.347191
v -6.000000 5.196041 -6.999991
v -14.000000 5.196041 -6.999991
v -6.000000 5.543441 -7.703791
v -14.000000 5.543441 -7.703791
v -6.000000 5.795451 -8.447191
v -14.000000 5.795451 -8.447191
v -6.000000 5.948451 -9.216991
v -14.000000 5.948451 -9.216991
v -6.000000 6.000050 -9.999991
v -14.000000 6.000050 -9.999991
v -6.000000 5.948451 -10.782995
v -14.000000 5.948451 -10.782995
v -6.000000 5.795451 -11.552795
v -14.000000 5.795451 -11.552795
v -6.000000 5.543451 -12.296195
v -14.000000 5.543451 -12.296195
v -6.000000 5.196051 -12.999996
v -14.000000 5.196051 -12.999996
v -6.000000 4.760451 -13.652796
v -14.000000 4.760451 -13.652796
v -6.000000 4.242650 -14.242596
v -14.000000 4.242650 -14.242596
v -6.000000 3.652850 -14.760397
v -14.000000 3.652850 -14.760397
v -6.000000 3.000050 -15.195998
v -14.000000 3.000050 -15.195998
v -6.000000 2.296250 -15.543398
v -14.000000 2.296250 -15.543398
v -6.000000 1.552850 -15.795401
v -14.000000 1.552850 -15.795401
v -6.000000 0.783050 -15.948400
v -14.000000 0.783050 -15.948400
v -6.000000 0.000050 -16.000000
v -14.000000 0.000050 -16.000000
v -6.000000 -0.782948 -15.948401
v -14.000000 -0.782948 -15.948401
v -6.000000 -1.552748 -15.795403
v -14.000000 -1.552748 -15.795403
v -6.000000 -2.296147 -15.543403
v -14.000000 -2.296147 -15.543403
v -6.000000 -2.999948 -15.196003
v -14.000000 -2.999948 -15.196003
v -6.000000 -3.652749 -14.760405
v -14.000000 -3.652749 -14.760405
v -6.000000 -4.242548 -14.242604
v -14.000000 -4.242548 -14.242604
v -6.000000 -4.760348 -13.652804
v -14.000000 -4.760348 -13.652804
v -6.000000 -5.195951 -13.000006
v -14.000000 -5.195951 -13.000006
v -6.000000 -5.543351 -12.296206
v -14.000000 -5.543351 -12.296206
v -6.000000 -5.795352 -11.552806
v -14.000000 -5.795352 -11.552806
v -6.000000 -5.948351 -10.783006
v -14.000000 -5.948351 -10.783006
v -6.000000 -5.999952 -10.000007
v -14.000000 -5.999952 -10.000007
v -6.000000 -5.948353 -9.217010
v -14.000000 -5.948353 -9.217010
v -6.000000 -5.795354 -8.447210
v -14.000000 -5.795354 -8.447210
v -6.000000 -5.543354 -7.703810
v -14.000000 -5.543354 -7.703810
v -6.000000 -5.195956 -7.000010
v -14.000000 -5.195956 -7.000010
v -6.000000 -4.760356 -6.347210
v -14.000000 -4.760356 -6.347210
v -6.000000 -4.242557 -5.757400
v -14.000000 -4.242557 -5.757400
v -6.000000 -3.652758 -5.239601
v -14.000000 -3.652758 -5.239601
v -6.000000 -2.999958 -4.804001
v -14.000000 -2.999958 -4.804001
v -6.000000 -2.296158 -4.456601
v -14.000000 -2.296158 -4.456601
v -6.000000 -1.552758 -4.204601
v -14.000000 -1.552758 -4.204601
v -6.000000 -0.782959 -4.051601
v -14.000000 -0.782959 -4.051601
v -14.000000 0.000041 -6.000001
v -14.000000 0.522041 -6.034401
v -14.000000 0.783041 -4.051601
v -14.000000 0.000041 -4.000001
v -14.000000 1.035241 -6.136401
v -14.000000 1.552841 -4.204601
v -14.000000 1.530841 -6.304401
v -14.000000 2.296241 -4.456601
v -14.000000 2.000041 -6.536001
v -14.000000 3.000041 -4.804001
v -14.000000 2.435241 -6.826401
v -14.000000 3.652841 -5.239601
v -14.000000 2.828441 -7.171601
v -14.000000 4.242640 -5.757401
v -14.000000 3.173641 -7.564801
v -14.000000 4.760441 -6.347191
v -14.000000 3.464041 -8.000001
v -14.000000 5.196041 -6.999991
v -14.000000 3.695651 -8.469201
v -14.000000 5.543441 -7.703791
v -14.000000 3.863651 -8.964801
v -14.000000 5.795451 -8.447191
v -14.000000 3.965651 -9.478001
v -14.000000 5.948451 -9.216991
v -14.000000 4.000051 -10.000001
v -14.000000 6.000050 -9.999991
v -14.000000 3.965651 -10.521996
v -14.000000 5.948451 -10.782995
v -14.000000 3.863651 -11.035197
v -14.000000 5.795451 -11.552795
v -14.000000 3.695651 -11.530797
v -14.000000 5.543451 -12.296195
v -14.000000 3.464051 -11.999997
v -14.000000 5.196051 -12.999996
v -14.000000 3.173651 -12.435197
v -14.000000 4.760451 -13.652796
v -14.000000 2.828451 -12.828398
v -14.000000 4.242650 -14.242596
v -14.000000 2.435251 -13.173599
v -14.000000 3.652850 -14.760397
v -14.000000 2.000051 -13.463999
v -14.000000 3.000050 -15.195998
v -14.000000 1.530850 -13.695601
v -14.000000 2.296250 -15.543398
v -14.000000 1.035250 -13.863600
v -14.000000 1.552850 -15.795401
v -14.000000 0.522050 -13.965601
v -14.000000 0.783050 -15.948400
v -14.000000 0.000050 -14.000001
v -14.000000 0.000050 -16.000000
v -14.000000 -0.521949 -13.965601
v -14.000000 -0.782948 -15.948401
v -14.000000 -1.035150 -13.863602
v -14.000000 -1.552748 -15.795403
v -14.000000 -1.530749 -13.695602
v -14.000000 -2.296147 -15.543403
v -14.000000 -1.999949 -13.464003
v -14.000000 -2.999948 -15.196003
v -14.000000 -2.435150 -13.173603
v -14.000000 -3.652749 -14.760405
v -14.000000 -2.828350 -12.828403
v -14.000000 -4.242548 -14.242604
v -14.000000 -3.173551 -12.435204
v -14.000000 -4.760348 -13.652804
v -14.000000 -3.463951 -12.000004
v -14.000000 -5.195951 -13.000006
v -14.000000 -3.695551 -11.530804
v -14.000000 -5.543351 -12.296206
v -14.000000 -3.863552 -11.035204
v -14.000000 -5.795352 -11.552806
v -14.000000 -3.965552 -10.522004
v -14.000000 -5.948351 -10.783006
v -14.000000 -3.999952 -10.000004
v -14.000000 -5.999952 -10.000007
v -14.000000 -3.965553 -9.478000
v -14.000000 -5.948353 -9.217010
v -14.000000 -3.863553 -8.964800
v -14.000000 -5.795354 -8.447210
v -14.000000 -3.695554 -8.469200
v -14.000000 -5.543354 -7.703810
v -14.000000 -3.463954 -8.000001
v -14.000000 -5.195956 -7.000010
v -14.000000 -3.173555 -7.564801
v -14.000000 -4.760356 -6.347210
v -14.000000 -2.828355 -7.171601
v -14.000000 -4.242557 -5.757400
v -14.000000 -2.435156 -6.826401
v -14.000000 -3.652758 -5.239601
v -14.000000 -1.999956 -6.536001
v -14.000000 -2.999958 -4.804001
v -14.000000 -1.530756 -6.304401
v -14.000000 -2.296158 -4.456601
v -14.000000 -1.035156 -6.136401
v -14.000000 -1.552758 -4.204601
v -14.000000 -0.521956 -6.034401
v -14.000000 -0.782959 -4.051601
v -6.000000 0.522023 13.965599
v -6.000000 0.000023 14.000000
v -14.000000 0.000023 14.000000
v -14.000000 0.522023 13.965599
v -6.000000 1.035223 13.863602
v -14.000000 1.035223 13.863602
v -6.000000 1.530823 13.695599
v -14.000000 1.530823 13.695599
v -6.000000 2.000023 13.464001
v -14.000000 2.000023 13.464001
v -6.000000 2.435223 13.173599
v -14.000000 2.435223 13.173599
v -6.000000 2.828423 12.828400
v -14.000000 2.828423 12.828400
v -6.000000 3.173623 12.435200
v -14.000000 3.173623 12.435200
v -6.000000 3.464023 11.999998
v -14.000000 3.464023 11.999998
v -6.000000 3.695621 11.530798
v -14.000000 3.695621 11.530798
v -6.000000 3.863622 11.035198
v -14.000000 3.863622 11.035198
v -6.000000 3.965631 10.522009
v -14.000000 3.965631 10.522009
v -6.000000 4.000031 9.999998
v -14.000000 4.000031 9.999998
v -6.000000 3.965631 9.477999
v -14.000000 3.965631 9.477999
v -6.000000 3.863632 8.964798
v -14.000000 3.863632 8.964798
v -6.000000 3.695632 8.469198
v -14.000000 3.695632 8.469198
v -6.000000 3.464032 7.999998
v -14.000000 3.464032 7.999998
v -6.000000 3.173632 7.564798
v -14.000000 3.173632 7.564798
v -6.000000 2.828432 7.171598
v -14.000000 2.828432 7.171598
v -6.000000 2.435232 6.826401
v -14.000000 2.435232 6.826401
v -6.000000 2.000031 6.535999
v -14.000000 2.000031 6.535999
v -6.000000 1.530832 6.304399
v -14.000000 1.530832 6.304399
v -6.000000 1.035232 6.136400
v -14.000000 1.035232 6.136400
v -6.000000 0.522032 6.034401
v -14.000000 0.522032 6.034401
v -6.000000 0.000031 6.000000
v -14.000000 0.000031 6.000000
v -6.000000 -0.521968 6.034401
v -14.000000 -0.521968 6.034401
v -6.000000 -1.035169 6.136400
v -14.000000 -1.035169 6.136400
v -6.000000 -1.530768 6.304399
v -14.000000 -1.530768 6.304399
v -6.000000 -1.999969 6.535999
v -14.000000 -1.999969 6.535999
v -6.000000 -2.435169 6.826401
v -14.000000 -2.435169 6.826401
v -6.000000 -2.828369 7.171600
v -14.000000 -2.828369 7.171600
v -6.000000 -3.173570 7.564800
v -14.000000 -3.173570 7.564800
v -6.000000 -3.463970 8.000000
v -14.000000 -3.463970 8.000000
v -6.000000 -3.695570 8.469200
v -14.000000 -3.695570 8.469200
v -6.000000 -3.863571 8.964800
v -14.000000 -3.863571 8.964800
v -6.000000 -3.965571 9.477989
v -14.000000 -3.965571 9.477989
v -6.000000 -3.999971 10.000000
v -14.000000 -3.999971 10.000000
v -6.000000 -3.965573 10.521999
v -14.000000 -3.965573 10.521999
v -6.000000 -3.863573 11.035200
v -14.000000 -3.863573 11.035200
v -6.000000 -3.695574 11.530800
v -14.000000 -3.695574 11.530800
v -6.000000 -3.463974 12.000000
v -14.000000 -3.463974 12.000000
v -6.000000 -3.173574 12.435200
v -14.000000 -3.173574 12.435200
v -6.000000 -2.828374 12.828400
v -14.000000 -2.828374 12.828400
v -6.000000 -2.435174 13.173599
v -14.000000 -2.435174 13.173599
v -6.000000 -1.999975 13.464001
v -14.000000 -1.999975 13.464001
v -6.000000 -1.530775 13.695599
v -14.000000 -1.530775 13.695599
v -6.000000 -1.035175 13.863602
v -14.000000 -1.035175 13.863602
v -6.000000 -0.521976 13.965599
v -14.000000 -0.521976 13.965599
v -6.000000 0.783023 15.948399
v -6.000000 0.000023 16.000000
v -14.000000 0.000023 16.000000
v -14.000000 0.783023 15.948399
v -6.000000 1.552823 15.795399
v -14.000000 1.552823 15.795399
v -6.000000 2.296223 15.543400
v -14.000000 2.296223 15.543400
v -6.000000 3.000023 15.195999
v -14.000000 3.000023 15.195999
v -6.000000 3.652822 14.760399
v -14.000000 3.652822 14.760399
v -6.000000 4.242623 14.242599
v -14.000000 4.242623 14.242599
v -6.000000 4.760423 13.652809
v -14.000000 4.760423 13.652809
v -6.000000 5.196023 13.000000
v -14.000000 5.196023 13.000000
v -6.000000 5.543423 12.296211
v -14.000000 5.543423 12.296211
v -6.000000 5.795422 11.552809
v -14.000000 5.795422 11.552809
v -6.000000 5.948432 10.783009
v -14.000000 5.948432 10.783009
v -6.000000 6.000032 10.000008
v -14.000000 6.000032 10.000008
v -6.000000 5.948432 9.217009
v -14.000000 5.948432 9.217009
v -6.000000 5.795432 8.447208
v -14.000000 5.795432 8.447208
v -6.000000 5.543432 7.703808
v -14.000000 5.543432 7.703808
v -6.000000 5.196032 7.000008
v -14.000000 5.196032 7.000008
v -6.000000 4.760432 6.347198
v -14.000000 4.760432 6.347198
v -6.000000 4.242632 5.757399
v -14.000000 4.242632 5.757399
v -6.000000 3.652832 5.239597
v -14.000000 3.652832 5.239597
v -6.000000 3.000031 4.803999
v -14.000000 3.000031 4.803999
v -6.000000 2.296232 4.456600
v -14.000000 2.296232 4.456600
v -6.000000 1.552832 4.204599
v -14.000000 1.552832 4.204599
v -6.000000 0.783031 4.051600
v -14.000000 0.783031 4.051600
v -6.000000 0.000031 4.000000
v -14.000000 0.000031 4.000000
v -6.000000 -0.782966 4.051600
v -14.000000 -0.782966 4.051600
v -6.000000 -1.552766 4.204599
v -14.000000 -1.552766 4.204599
v -6.000000 -2.296166 4.456600
v -14.000000 -2.296166 4.456600
v -6.000000 -2.999967 4.804001
v -14.000000 -2.999967 4.804001
v -6.000000 -3.652767 5.239599
v -14.000000 -3.652767 5.239599
v -6.000000 -4.242568 5.757389
v -14.000000 -4.242568 5.757389
v -6.000000 -4.760368 6.347191
v -14.000000 -4.760368 6.347191
v -6.000000 -5.195969 6.999990
v -14.000000 -5.195969 6.999990
v -6.000000 -5.543370 7.703791
v -14.000000 -5.543370 7.703791
v -6.000000 -5.795370 8.447189
v -14.000000 -5.795370 8.447189
v -6.000000 -5.948370 9.216990
v -14.000000 -5.948370 9.216990
v -6.000000 -5.999971 9.999990
v -14.000000 -5.999971 9.999990
v -6.000000 -5.948373 10.782990
v -14.000000 -5.948373 10.782990
v -6.000000 -5.795373 11.552790
v -14.000000 -5.795373 11.552790
v -6.000000 -5.543374 12.296188
v -14.000000 -5.543374 12.296188
v -6.000000 -5.195975 13.000000
v -14.000000 -5.195975 13.000000
v -6.000000 -4.760375 13.652790
v -14.000000 -4.760375 13.652790
v -6.000000 -4.242577 14.242599
v -14.000000 -4.242577 14.242599
v -6.000000 -3.652776 14.760399
v -14.000000 -3.652776 14.760399
v -6.000000 -2.999976 15.195999
v -14.000000 -2.999976 15.195999
v -6.000000 -2.296177 15.543400
v -14.000000 -2.296177 15.543400
v -6.000000 -1.552777 15.795399
v -14.000000 -1.552777 15.795399
v -6.000000 -0.782977 15.948399
v -14.000000 -0.782977 15.948399
v -14.000000 0.000023 14.000000
v -14.000000 0.522023 13.965599
v -14.000000 0.783023 15.948399
v -14.000000 0.000023 16.000000
v -14.000000 1.035223 13.863602
v -14.000000 1.552823 15.795399
v -14.000000 1.530823 13.695599
v -14.000000 2.296223 15.543400
v -14.000000 2.000023 13.464001
v -14.000000 3.000023 15.195999
v -14.000000 2.435223 13.173599
v -14.000000 3.652822 14.760399
v -14.000000 2.828423 12.828400
v -14.000000 4.242623 14.242599
v -14.000000 3.173623 12.435200
v -14.000000 4.760423 13.652809
v -14.000000 3.464023 11.999998
v -14.000000 5.196023 13.000000
v -14.000000 3.695621 11.530798
v -14.000000 5.543423 12.296211
v -14.000000 3.863622 11.035198
v -14.000000 5.795422 11.552809
v -14.000000 3.965631 10.522009
v -14.000000 5.948432 10.783009
v -14.000000 4.000031 9.999998
v -14.000000 6.000032 10.000008
v -14.000000 3.965631 9.477999
v -14.000000 5.948432 9.217009
v -14.000000 3.863632 8.964798
v -14.000000 5.795432 8.447208
v -14.000000 3.695632 8.469198
v -14.000000 5.543432 7.703808
v -14.000000 3.464032 7.999998
v -14.000000 5.196032 7.000008
v -14.000000 3.173632 7.564798
v -14.000000 4.760432 6.347198
v -14.000000 2.828432 7.171598
v -14.000000 4.242632 5.757399
v -14.000000 2.435232 6.826401
v -14.000000 3.652832 5.239597
v -14.000000 2.000031 6.535999
v -14.000000 3.000031 4.803999
v -14.000000 1.530832 6.304399
v -14.000000 2.296232 4.456600
v -14.000000 1.035232 6.136400
v -14.000000 1.552832 4.204599
v -14.000000 0.522032 6.034401
v -14.000000 0.783031 4.051600
v -14.000000 0.000031 6.000000
v -14.000000 0.000031 4.000000
v -14.000000 -0.521968 6.034401
v -14.000000 -0.782966 4.051600
v -14.000000 -1.035169 6.136400
v -14.000000 -1.552766 4.204599
v -14.000000 -1.530768 6.304399
v -14.000000 -2.296166 4.456600
v -14.000000 -1.999969 6.535999
v -14.000000 -2.999967 4.804001
v -14.000000 -2.435169 6.826401
v -14.000000 -3.652767 5.239599
v -14.000000 -2.828369 7.171600
v -14.000000 -4.242568 5.757389
v -14.000000 -3.173570 7.564800
v -14.000000 -4.760368 6.347191
v -14.000000 -3.463970 8.000000
v -14.000000 -5.195969 6.999990
v -14.000000 -3.695570 8.469200
v -14.000000 -5.543370 7.703791
v -14.000000 -3.863571 8.964800
v -14.000000 -5.795370 8.447189
v -14.000000 -3.965571 9.477989
v -14.000000 -5.948370 9.216990
v -14.000000 -3.999971 10.000000
v -14.000000 -5.999971 9.999990
v -14.000000 -3.965573 10.521999
v -14.000000 -5.948373 10.782990
v -14.000000 -3.863573 11.035200
v -14.000000 -5.795373 11.552790
v -14.000000 -3.695574 11.530800
v -14.000000 -5.543374 12.296188
v -14.000000 -3.463974 12.000000
v -14.000000 -5.195975 13.000000
v -14.000000 -3.173574 12.435200
v -14.000000 -4.760375 13.652790
v -14.000000 -2.828374 12.828400
v -14.000000 -4.242577 14.242599
v -14.000000 -2.435174 13.173599
v -14.000000 -3.652776 14.760399
v -14.000000 -1.999975 13.464001
v -14.000000 -2.999976 15.195999
v -14.000000 -1.530775 13.695599
v -14.000000 -2.296177 15.543400
v -14.000000 -1.035175 13.863602
v -14.000000 -1.552777 15.795399
v -14.000000 -0.521976 13.965599
v -14.000000 -0.782977 15.948399
v -6.000000 0.522004 33.965599
v -6.000000 0.000004 34.000000
v -14.000000 0.000004 34.000000
v -14.000000 0.522004 33.965599
v -6.000000 1.035204 33.863602
v -14.000000 1.035204 33.863602
v -6.000000 1.530804 33.695599
v -14.000000 1.530804 33.695599
v -6.000000 2.000004 33.464001
v -14.000000 2.000004 33.464001
v -6.000000 2.435204 33.173599
v -14.000000 2.435204 33.173599
v -6.000000 2.828403 32.828400
v -14.000000 2.828403 32.828400
v -6.000000 3.173604 32.435200
v -14.000000 3.173604 32.435200
v -6.000000 3.464004 32.000000
v -14.000000 3.464004 32.000000
v -6.000000 3.695603 31.530800
v -14.000000 3.695603 31.530800
v -6.000000 3.863604 31.035210
v -14.000000 3.863604 31.035210
v -6.000000 3.965604 30.521999
v -14.000000 3.965604 30.521999
v -6.000000 4.000004 30.000000
v -14.000000 4.000004 30.000000
v -6.000000 3.965613 29.478001
v -14.000000 3.965613 29.478001
v -6.000000 3.863614 28.964809
v -14.000000 3.863614 28.964809
v -6.000000 3.695614 28.469200
v -14.000000 3.695614 28.469200
v -6.000000 3.464014 28.000000
v -14.000000 3.464014 28.000000
v -6.000000 3.173614 27.564800
v -14.000000 3.173614 27.564800
v -6.000000 2.828414 27.171600
v -14.000000 2.828414 27.171600
v -6.000000 2.435214 26.826401
v -14.000000 2.435214 26.826401
v -6.000000 2.000013 26.535999
v -14.000000 2.000013 26.535999
v -6.000000 1.530814 26.304401
v -14.000000 1.530814 26.304401
v -6.000000 1.035213 26.136398
v -14.000000 1.035213 26.136398
v -6.000000 0.522014 26.034401
v -14.000000 0.522014 26.034401
v -6.000000 0.000013 26.000000
v -14.000000 0.000013 26.000000
v -6.000000 -0.521987 26.034401
v -14.000000 -0.521987 26.034401
v -6.000000 -1.035187 26.136398
v -14.000000 -1.035187 26.136398
v -6.000000 -1.530787 26.304401
v -14.000000 -1.530787 26.304401
v -6.000000 -1.999988 26.535999
v -14.000000 -1.999988 26.535999
v -6.000000 -2.435189 26.826401
v -14.000000 -2.435189 26.826401
v -6.000000 -2.828389 27.171600
v -14.000000 -2.828389 27.171600
v -6.000000 -3.173589 27.564800
v -14.000000 -3.173589 27.564800
v -6.000000 -3.463989 28.000000
v -14.000000 -3.463989 28.000000
v -6.000000 -3.695589 28.469200
v -14.000000 -3.695589 28.469200
v -6.000000 -3.863590 28.964790
v -14.000000 -3.863590 28.964790
v -6.000000 -3.965590 29.478001
v -14.000000 -3.965590 29.478001
v -6.000000 -3.999991 30.000000
v -14.000000 -3.999991 30.000000
v -6.000000 -3.965592 30.521999
v -14.000000 -3.965592 30.521999
v -6.000000 -3.863592 31.035191
v -14.000000 -3.863592 31.035191
v -6.000000 -3.695593 31.530800
v -14.000000 -3.695593 31.530800
v -6.000000 -3.463993 32.000000
v -14.000000 -3.463993 32.000000
v -6.000000 -3.173593 32.435200
v -14.000000 -3.173593 32.435200
v -6.000000 -2.828394 32.828400
v -14.000000 -2.828394 32.828400
v -6.000000 -2.435194 33.173599
v -14.000000 -2.435194 33.173599
v -6.000000 -1.999995 33.464001
v -14.000000 -1.999995 33.464001
v -6.000000 -1.530795 33.695599
v -14.000000 -1.530795 33.695599
v -6.000000 -1.035195 33.863602
v -14.000000 -1.035195 33.863602
v -6.000000 -0.521996 33.965599
v -14.000000 -0.521996 33.965599
v -6.000000 0.783004 35.948399
v -6.000000 0.000003 36.000000
v -14.000000 0.000003 36.000000
v -14.000000 0.783004 35.948399
v -6.000000 1.552804 35.795399
v -14.000000 1.552804 35.795399
v -6.000000 2.296204 35.543400
v -14.000000 2.296204 35.543400
v -6.000000 3.000004 35.195999
v -14.000000 3.000004 35.195999
v -6.000000 3.652803 34.760399
v -14.000000 3.652803 34.760399
v -6.000000 4.242604 34.242599
v -14.000000 4.242604 34.242599
v -6.000000 4.760404 33.652809
v -14.000000 4.760404 33.652809
v -6.000000 5.196004 33.000000
v -14.000000 5.196004 33.000000
v -6.000000 5.543404 32.296211
v -14.000000 5.543404 32.296211
v -6.000000 5.795403 31.552811
v -14.000000 5.795403 31.552811
v -6.000000 5.948403 30.783009
v -14.000000 5.948403 30.783009
v -6.000000 6.000013 30.000011
v -14.000000 6.000013 30.000011
v -6.000000 5.948414 29.217010
v -14.000000 5.948414 29.217010
v -6.000000 5.795414 28.447208
v -14.000000 5.795414 28.447208
v -6.000000 5.543414 27.703812
v -14.000000 5.543414 27.703812
v -6.000000 5.196013 27.000000
v -14.000000 5.196013 27.000000
v -6.000000 4.760414 26.347210
v -14.000000 4.760414 26.347210
v -6.000000 4.242614 25.757401
v -14.000000 4.242614 25.757401
v -6.000000 3.652814 25.239601
v -14.000000 3.652814 25.239601
v -6.000000 3.000013 24.804001
v -14.000000 3.000013 24.804001
v -6.000000 2.296214 24.456600
v -14.000000 2.296214 24.456600
v -6.000000 1.552813 24.204601
v -14.000000 1.552813 24.204601
v -6.000000 0.783012 24.051601
v -14.000000 0.783012 24.051601
v -6.000000 0.000012 24.000000
v -14.000000 0.000012 24.000000
v -6.000000 -0.782986 24.051601
v -14.000000 -0.782986 24.051601
v -6.000000 -1.552786 24.204601
v -14.000000 -1.552786 24.204601
v -6.000000 -2.296185 24.456600
v -14.000000 -2.296185 24.456600
v -6.000000 -2.999987 24.804001
v -14.000000 -2.999987 24.804001
v -6.000000 -3.652787 25.239601
v -14.000000 -3.652787 25.239601
v -6.000000 -4.242587 25.757401
v -14.000000 -4.242587 25.757401
v -6.000000 -4.760388 26.347191
v -14.000000 -4.760388 26.347191
v -6.000000 -5.195989 27.000000
v -14.000000 -5.195989 27.000000
v -6.000000 -5.543388 27.703789
v -14.000000 -5.543388 27.703789
v -6.000000 -5.795389 28.447189
v -14.000000 -5.795389 28.447189
v -6.000000 -5.948390 29.216991
v -14.000000 -5.948390 29.216991
v -6.000000 -5.999991 29.999989
v -14.000000 -5.999991 29.999989
v -6.000000 -5.948392 30.782990
v -14.000000 -5.948392 30.782990
v -6.000000 -5.795393 31.552792
v -14.000000 -5.795393 31.552792
v -6.000000 -5.543393 32.296188
v -14.000000 -5.543393 32.296188
v -6.000000 -5.195994 33.000000
v -14.000000 -5.195994 33.000000
v -6.000000 -4.760394 33.652802
v -14.000000 -4.760394 33.652802
v -6.000000 -4.242595 34.242599
v -14.000000 -4.242595 34.242599
v -6.000000 -3.652796 34.760399
v -14.000000 -3.652796 34.760399
v -6.000000 -2.999996 35.195999
v -14.000000 -2.999996 35.195999
v -6.000000 -2.296197 35.543400
v -14.000000 -2.296197 35.543400
v -6.000000 -1.552797 35.795399
v -14.000000 -1.552797 35.795399
v -6.000000 -0.782997 35.948399
v -14.000000 -0.782997 35.948399
v -14.000000 0.000004 34.000000
v -14.000000 0.522004 33.965599
v -14.000000 0.783004 35.948399
v -14.000000 0.000003 36.000000
v -14.000000 1.035204 33.863602
v -14.000000 1.552804 35.795399
v -14.000000 1.530804 33.695599
v -14.000000 2.296204 35.543400
v -14.000000 2.000004 33.464001
v -14.000000 3.000004 35.195999
v -14.000000 2.435204 33.173599
v -14.000000 3.652803 34.760399
v -14.000000 2.828403 32.828400
v -14.000000 4.242604 34.242599
v -14.000000 3.173604 32.435200
v -14.000000 4.760404 33.652809
v -14.000000 3.464004 32.000000
v -14.000000 5.196004 33.000000
v -14.000000 3.695603 31.530800
v -14.000000 5.543404 32.296211
v -14.000000 3.863604 31.035210
v -14.000000 5.795403 31.552811
v -14.000000 3.965604 30.521999
v -14.000000 5.948403 30.783009
v -14.000000 4.000004 30.000000
v -14.000000 6.000013 30.000011
v -14.000000 3.965613 29.478001
v -14.000000 5.948414 29.217010
v -14.000000 3.863614 28.964809
v -14.000000 5.795414 28.447208
v -14.000000 3.695614 28.469200
v -14.000000 5.543414 27.703812
v -14.000000 3.464014 28.000000
v -14.000000 5.196013 27.000000
v -14.000000 3.173614 27.564800
v -14.000000 4.760414 26.347210
v -14.000000 2.828414 27.171600
v -14.000000 4.242614 25.757401
v -14.000000 2.435214 26.826401
v -14.000000 3.652814 25.239601
v -14.000000 2.000013 26.535999
v -14.000000 3.000013 24.804001
v -14.000000 1.530814 26.304401
v -14.000000 2.296214 24.456600
v -14.000000 1.035213 26.136398
v -14.000000 1.552813 24.204601
v -14.000000 0.522014 26.034401
v -14.000000 0.783012 24.051601
v -14.000000 0.000013 26.000000
v -14.000000 0.000012 24.000000
v -14.000000 -0.521987 26.034401
v -14.000000 -0.782986 24.051601
v -14.000000 -1.035187 26.136398
v -14.000000 -1.552786 24.204601
v -14.000000 -1.530787 26.304401
v -14.000000 -2.296185 24.456600
v -14.000000 -1.999988 26.535999
v -14.000000 -2.999987 24.804001
v -14.000000 -2.435189 26.826401
v -14.000000 -3.652787 25.239601
v -14.000000 -2.828389 27.171600
v -14.000000 -4.242587 25.757401
v -14.000000 -3.173589 27.564800
v -14.000000 -4.760388 26.347191
v -14.000000 -3.463989 28.000000
v -14.000000 -5.195989 27.000000
v -14.000000 -3.695589 28.469200
v -14.000000 -5.543388 27.703789
v -14.000000 -3.863590 28.964790
v -14.000000 -5.795389 28.447189
v -14.000000 -3.965590 29.478001
v -14.000000 -5.948390 29.216991
v -14.000000 -3.999991 30.000000
v -14.000000 -5.999991 29.999989
v -14.000000 -3.965592 30.521999
v -14.000000 -5.948392 30.782990
v -14.000000 -3.863592 31.035191
v -14.000000 -5.795393 31.552792
v -14.000000 -3.695593 31.530800
v -14.000000 -5.543393 32.296188
v -14.000000 -3.463993 32.000000
v -14.000000 -5.195994 33.000000
v -14.000000 -3.173593 32.435200
v -14.000000 -4.760394 33.652802
v -14.000000 -2.828394 32.828400
v -14.000000 -4.242595 34.242599
v -14.000000 -2.435194 33.173599
v -14.000000 -3.652796 34.760399
v -14.000000 -1.999995 33.464001
v -14.000000 -2.999996 35.195999
v -14.000000 -1.530795 33.695599
v -14.000000 -2.296197 35.543400
v -14.000000 -1.035195 33.863602
v -14.000000 -1.552797 35.795399
v -14.000000 -0.521996 33.965599
v -14.000000 -0.782997 35.948399
vn 1.0000 -0.0000 -0.0000
vn -0.0000 0.1090 0.9940
vn -0.0000 -0.0220 0.9998
vn -0.0000 0.0220 0.9998
vn -0.0000 0.1522 0.9884
vn -0.0000 0.2374 0.9714
vn -0.0000 0.2795 0.9601
vn -0.0000 0.3623 0.9321
vn -0.0000 0.4028 0.9153
vn -0.0000 0.4810 0.8767
vn -0.0000 0.5185 0.8551
vn -0.0000 0.5911 0.8066
vn -0.0000 0.6260 0.7798
vn -0.0000 0.6916 0.7223
vn -0.0000 0.7223 0.6916
vn -0.0000 0.7798 0.6260
vn -0.0000 0.8066 0.5911
vn -0.0000 0.8551 0.5185
vn -0.0000 0.8767 0.4810
vn -0.0000 0.9153 0.4028
vn -0.0000 0.9321 0.3623
vn -0.0000 0.9601 0.2795
vn -0.0000 0.9714 0.2374
vn -0.0000 0.9884 0.1522
vn -0.0000 0.9940 0.1090
vn -0.0000 0.9998 0.0220
vn -0.0000 0.9998 -0.0220
vn -0.0000 0.9940 -0.1090
vn -0.0000 0.9884 -0.1522
vn -0.0000 0.9714 -0.2374
vn -0.0000 0.9601 -0.2795
vn -0.0000 0.9321 -0.3623
vn -0.0000 0.9153 -0.4028
vn -0.0000 0.8767 -0.4810
vn -0.0000 0.8551 -0.5185
vn -0.0000 0.8066 -0.5911
vn -0.0000 0.7798 -0.6260
vn -0.0000 0.7223 -0.6916
vn -0.0000 0.6916 -0.7223
vn -0.0000 0.6261 -0.7798
vn -0.0000 0.5911 -0.8066
vn -0.0000 0.5185 -0.8551
vn -0.0000 0.4810 -0.8767
vn -0.0000 0.4028 -0.9153
vn -0.0000 0.3623 -0.9321
vn -0.0000 0.2795 -0.9601
vn -0.0000 0.2374 -0.9714
vn -0.0000 0.1522 -0.9884
vn -0.0000 0.1090 -0.9940
vn -0.0000 0.0220 -0.9998
vn -0.0000 -0.0220 -0.9998
vn -0.0000 -0.1090 -0.9940
vn -0.0000 -0.1522 -0.9884
vn -0.0000 -0.2374 -0.9714
vn -0.0000 -0.2795 -0.9601
vn -0.0000 -0.3623 -0.9321
vn -0.0000 -0.4028 -0.9153
vn -0.0000 -0.4810 -0.8767
vn -0.0000 -0.5185 -0.8551
vn -0.0000 -0.5911 -0.8066
vn -0.0000 -0.6260 -0.7798
vn -0.0000 -0.6916 -0.7223
vn -0.0000 -0.7223 -0.6916
vn -0.0000 -0.7798 -0.6261
vn -0.0000 -0.8066 -0.5911
vn -0.0000 -0.8551 -0.5185
vn -0.0000 -0.8767 -0.4810
vn -0.0000 -0.9153 -0.4029
vn -0.0000 -0.9321 -0.3623
vn -0.0000 -0.9601 -0.2795
vn -0.0000 -0.9714 -0.2374
vn -0.0000 -0.9884 -0.1522
vn -0.0000 -0.9940 -0.1090
vn -0.0000 -0.9998 -0.0220
vn -0.0000 -0.9998 0.0220
vn -0.0000 -0.9940 0.1090
vn -0.0000 -0.9884 0.1522
vn -0.0000 -0.9714 0.2374
vn -0.0000 -0.9601 0.2795
vn -0.0000 -0.9321 0.3623
vn -0.0000 -0.9153 0.4028
vn -0.0000 -0.8767 0.4810
vn -0.0000 -0.8551 0.5185
vn -0.0000 -0.8066 0.5911
vn -0.0000 -0.7798 0.6261
vn -0.0000 -0.7223 0.6916
vn -0.0000 -0.6916 0.7223
vn -0.0000 -0.6261 0.7798
vn -0.0000 -0.5911 0.8066
vn -0.0000 -0.5185 0.8551
vn -0.0000 -0.4810 0.8767
vn -0.0000 -0.4028 0.9153
vn -0.0000 -0.3623 0.9321
vn -0.0000 -0.2795 0.9601
vn -0.0000 -0.2374 0.9714
vn -0.0000 -0.1522 0.9884
vn -0.0000 -0.1090 0.9940
vn -0.0000 0.9153 0.4029
vn -0.0000 0.9321 0.3622
vn -0.0000 0.9601 0.2796
vn -0.0000 0.9153 -0.4029
vn -0.0000 0.7798 -0.6261
vn -0.0000 0.6260 -0.7798
vn -0.0000 -0.7798 -0.6260
vn -0.0000 -0.6260 0.7798
vn -0.0000 0.4029 0.9153
vn -0.0000 0.7798 0.6261
vn -0.0000 0.4029 -0.9153
vn -0.0000 -0.4029 -0.9153
vn -0.0000 -0.7798 0.6260
vn -0.0000 -0.4029 0.9153
vn -0.0000 -1.0000 -0.0000
vn -0.0000 -0.0000 1.0000
vn -0.0000 1.0000 -0.0000
vn -0.0000 -0.0000 -1.0000
vn -1.0000 -0.0000 -0.0000
vn -0.0000 -0.0219 -0.9998
vn -0.0000 -0.6261 -0.7798
vn -0.0000 -0.6916 -0.7222
vn -0.0000 -0.8550 -0.5185
vn -0.0000 -0.9153 -0.4028
vn -0.0000 -0.9714 -0.2375
vn -0.0000 -0.9940 -0.1091
vn -0.0000 -0.9714 0.2375
vn -0.0000 -0.9601 0.2796
vn -0.0000 -0.8550 0.5185
vn -0.0000 -0.2375 0.9714
vn -0.0000 -0.0219 0.9998
vn -0.0000 0.0219 0.9998
vn -0.0000 0.2796 0.9601
vn -0.0000 0.6261 0.7798
vn -0.0000 0.9714 0.2375
vn -0.0000 0.9940 0.1091
vn -0.0000 0.9998 0.0219
vn -0.0000 0.9998 -0.0219
vn -0.0000 0.9714 -0.2375
vn -0.0000 0.5185 -0.8550
vn -0.0000 0.2375 -0.9714
vn -0.0000 0.6916 0.7222
vn -0.0000 0.7222 0.6916
vn -0.0000 0.7222 -0.6916
vn -0.0000 0.6916 -0.7222
vn -0.0000 0.0219 -0.9998
vn -0.0000 -0.3622 -0.9321
vn -0.0000 -0.7222 -0.6916
vn -0.0000 -0.9998 -0.0219
vn -0.0000 -0.9998 0.0219
vn -0.0000 -0.7222 0.6916
vn -0.0000 -0.6916 0.7222
vn -0.0000 -0.2375 -0.9714
vn -0.0000 -0.2796 -0.9601
vn -0.0000 -0.8550 -0.5186
vn -0.0000 -0.3622 0.9321
vn -0.0000 -0.2796 0.9601
vn -0.0000 -0.1091 0.9940
vn -0.0000 0.2375 0.9714
vn -0.0000 0.8550 0.5185
vn -0.0000 0.3622 0.9321
vn -0.0000 0.9321 -0.3622
vn -0.0000 -0.9321 0.3622
vn -0.0000 -0.5185 0.8550
vn -0.0000 0.5185 0.8550
vn -0.0000 0.1091 -0.9940
vn -0.0000 -0.9601 -0.2796
vn -0.0000 -0.9940 0.1091
vn -0.0000 0.8550 -0.5185
vn -0.0000 0.8550 0.5186
vt 23.478001 7.965599
vt 24.000000 8.000000
vt 24.000000 4.000000
vt 22.964800 7.863600
vt 22.469200 7.695601
vt 22.000000 7.464001
vt 21.564800 7.173599
vt 21.171600 6.828400
vt 20.826401 6.435200
vt 20.535999 6.000000
vt 20.304399 5.530800
vt 20.136400 5.035200
vt 20.034401 4.521999
vt 20.000000 4.000000
vt 20.034401 3.478001
vt 20.136400 2.964800
vt 20.304399 2.469200
vt 20.535999 2.000000
vt 20.826401 1.564800
vt 21.171600 1.171600
vt 21.564800 0.826401
vt 22.000000 0.535999
vt 22.469200 0.304399
vt 22.964800 0.136400
vt 23.478001 0.034401
vt 24.000000 0.000000
vt 24.521999 0.034401
vt 25.035200 0.136400
vt 25.530800 0.304399
vt 26.000000 0.535999
vt 26.435200 0.826401
vt 26.828400 1.171600
vt 27.173599 1.564800
vt 27.464001 2.000000
vt 27.695601 2.469200
vt 27.863600 2.964800
vt 27.965599 3.478001
vt 28.000000 4.000000
vt 27.965599 4.521999
vt 27.863600 5.035200
vt 27.695601 5.530800
vt 27.464001 6.000000
vt 27.173599 6.435200
vt 26.828400 6.828400
vt 26.435200 7.173599
vt 26.000000 7.464001
vt 25.530800 7.695601
vt 25.035200 7.863600
vt 24.521999 7.965599
vt 3.965599 -16.556400
vt 4.000000 -16.000000
vt 8.000000 -16.000000
vt 7.965599 -16.556400
vt 3.863600 -17.171600
vt 7.863600 -17.171600
vt 3.695601 -17.835199
vt 7.695601 -17.835199
vt 3.464001 -18.535999
vt 7.464001 -18.535999
vt 3.173599 -19.261600
vt 7.173599 -19.261600
vt 2.828400 -20.000000
vt 6.828400 -20.000000
vt 2.435200 -20.738400
vt 6.435200 -20.738400
vt 2.000000 -21.464001
vt 6.000000 -21.464001
vt 1.530800 -22.164801
vt 5.530800 -22.164801
vt 1.035200 -22.828400
vt 5.035200 -22.828400
vt 0.521999 -23.443600
vt 4.521999 -23.443600
vt 0.000000 -24.000000
vt 20.000000 -24.000000
vt 16.034401 -24.487600
vt 20.034401 -24.487600
vt 16.136400 -24.898800
vt 20.136400 -24.898800
vt 16.304399 -25.226400
vt 20.304399 -25.226400
vt 16.535999 -25.464001
vt 20.535999 -25.464001
vt 16.826401 -25.608801
vt 20.826401 -25.608801
vt 17.171600 -25.656799
vt 1.171600 -25.656799
vt -3.173599 -25.608801
vt 0.826401 -25.608801
vt -3.464001 -25.464001
vt 0.535999 -25.464001
vt -3.695601 -25.226400
vt 0.304399 -25.226400
vt -3.863600 -24.898800
vt 0.136400 -24.898800
vt -3.965599 -24.487600
vt 0.034401 -24.487600
vt -4.000000 -24.000000
vt 24.000000 -24.000000
vt 20.521999 -23.443600
vt 24.521999 -23.443600
vt 21.035200 -22.828400
vt 25.035200 -22.828400
vt 21.530800 -22.164801
vt 25.530800 -22.164801
vt 22.000000 -21.464001
vt 26.000000 -21.464001
vt 22.435200 -20.738400
vt 26.435200 -20.738400
vt 22.828400 -20.000000
vt 26.828400 -20.000000
vt 23.173599 -19.261600
vt 27.173599 -19.261600
vt 23.464001 -18.535999
vt 27.464001 -18.535999
vt 23.695601 -17.835199
vt 27.695601 -17.835199
vt 23.863600 -17.171600
vt 27.863600 -17.171600
vt 23.965599 -16.556400
vt 27.965599 -16.556400
vt 24.000000 -16.000000
vt 28.000000 -16.000000
vt 23.965599 -15.512400
vt 27.965599 -15.512400
vt 23.863600 -15.101200
vt 27.863600 -15.101200
vt 23.695601 -14.773600
vt 27.695601 -14.773600
vt 23.464001 -14.536000
vt 27.464001 -14.536000
vt 23.173599 -14.391200
vt 27.173599 -14.391200
vt 22.828400 -14.343200
vt 6.828400 -14.343200
vt 3.173599 -14.391200
vt 7.173599 -14.391200
vt 3.464001 -14.536000
vt 7.464001 -14.536000
vt 3.695601 -14.773600
vt 7.695601 -14.773600
vt 3.863600 -15.101200
vt 7.863600 -15.101200
vt 3.965599 -15.512400
vt 7.965599 -15.512400
vt 23.478001 27.965599
vt 24.000000 28.000000
vt 24.000000 24.000000
vt 22.964800 27.863600
vt 22.469200 27.695601
vt 22.000000 27.464001
vt 21.564800 27.173599
vt 21.171600 26.828400
vt 20.826401 26.435200
vt 20.535999 26.000000
vt 20.304399 25.530800
vt 20.136400 25.035200
vt 20.034401 24.521999
vt 20.000000 24.000000
vt 20.034401 23.478001
vt 20.136400 22.964800
vt 20.304399 22.469200
vt 20.535999 22.000000
vt 20.826401 21.564800
vt 21.171600 21.171600
vt 21.564800 20.826401
vt 22.000000 20.535999
vt 22.469200 20.304399
vt 22.964800 20.136400
vt 23.478001 20.034401
vt 24.000000 20.000000
vt 24.521999 20.034401
vt 25.035200 20.136400
vt 25.530800 20.304399
vt 26.000000 20.535999
vt 26.435200 20.826401
vt 26.828400 21.171600
vt 27.173599 21.564800
vt 27.464001 22.000000
vt 27.695601 22.469200
vt 27.863600 22.964800
vt 27.965599 23.478001
vt 28.000000 24.000000
vt 27.965599 24.521999
vt 27.863600 25.035200
vt 27.695601 25.530800
vt 27.464001 26.000000
vt 27.173599 26.435200
vt 26.828400 26.828400
vt 26.435200 27.173599
vt 26.000000 27.464001
vt 25.530800 27.695601
vt 25.035200 27.863600
vt 24.521999 27.965599
vt 23.965599 3.443600
vt 27.965599 3.443600
vt 23.863600 2.828400
vt 27.863600 2.828400
vt 23.695601 2.164800
vt 27.695601 2.164800
vt 23.464001 1.464000
vt 27.464001 1.464000
vt 23.173599 0.738400
vt 27.173599 0.738400
vt 22.828400 0.000000
vt 26.828400 0.000000
vt 22.435200 -0.738400
vt 26.435200 -0.738400
vt 22.000000 -1.464000
vt 26.000000 -1.464000
vt 21.530800 -2.164800
vt 25.530800 -2.164800
vt 21.035200 -2.828400
vt 25.035200 -2.828400
vt 20.521999 -3.443600
vt 24.521999 -3.443600
vt 20.000000 -4.000000
vt 16.034401 -4.487600
vt 20.034401 -4.487600
vt 16.136400 -4.898800
vt 20.136400 -4.898800
vt 16.304399 -5.226400
vt 20.304399 -5.226400
vt 16.535999 -5.464000
vt 20.535999 -5.464000
vt 16.826401 -5.608800
vt 20.826401 -5.608800
vt 17.171600 -5.656800
vt 21.171600 -5.656800
vt 16.000000 -4.000000
vt 24.000000 -4.000000
vt 23.965599 4.487600
vt 27.965599 4.487600
vt 23.863600 4.898800
vt 27.863600 4.898800
vt 23.695601 5.226400
vt 27.695601 5.226400
vt 23.464001 5.464000
vt 27.464001 5.464000
vt 23.173599 5.608800
vt 27.173599 5.608800
vt 22.828400 5.656800
vt 26.828400 5.656800
vt 23.478001 47.965599
vt 24.000000 48.000000
vt 24.000000 44.000000
vt 22.964800 47.863602
vt 22.469200 47.695599
vt 22.000000 47.464001
vt 21.564800 47.173599
vt 21.171600 46.828400
vt 20.826401 46.435200
vt 20.535999 46.000000
vt 20.304399 45.530800
vt 20.136400 45.035198
vt 20.034401 44.521999
vt 20.000000 44.000000
vt 20.034401 43.478001
vt 20.136400 42.964802
vt 20.304399 42.469200
vt 20.535999 42.000000
vt 20.826401 41.564800
vt 21.171600 41.171600
vt 21.564800 40.826401
vt 22.000000 40.535999
vt 22.469200 40.304401
vt 22.964800 40.136398
vt 23.478001 40.034401
vt 24.000000 40.000000
vt 24.521999 40.034401
vt 25.035200 40.136398
vt 25.530800 40.304401
vt 26.000000 40.535999
vt 26.435200 40.826401
vt 26.828400 41.171600
vt 27.173599 41.564800
vt 27.464001 42.000000
vt 27.695601 42.469200
vt 27.863600 42.964802
vt 27.965599 43.478001
vt 28.000000 44.000000
vt 27.965599 44.521999
vt 27.863600 45.035198
vt 27.695601 45.530800
vt 27.464001 46.000000
vt 27.173599 46.435200
vt 26.828400 46.828400
vt 26.435200 47.173599
vt 26.000000 47.464001
vt 25.530800 47.695599
vt 25.035200 47.863602
vt 24.521999 47.965599
vt 43.965599 23.443600
vt 44.000000 24.000000
vt 48.000000 24.000000
vt 47.965599 23.443600
vt 43.863602 22.828400
vt 47.863602 22.828400
vt 43.695599 22.164801
vt 47.695599 22.164801
vt 43.464001 21.464001
vt 47.464001 21.464001
vt 43.173599 20.738400
vt 47.173599 20.738400
vt 42.828400 20.000000
vt 46.828400 20.000000
vt 42.435200 19.261600
vt 46.435200 19.261600
vt 42.000000 18.535999
vt 46.000000 18.535999
vt 41.530800 17.835199
vt 45.530800 17.835199
vt 41.035198 17.171600
vt 45.035198 17.171600
vt 40.521999 16.556400
vt 44.521999 16.556400
vt 40.000000 16.000000
vt 20.000000 16.000000
vt 16.034401 15.512400
vt 20.034401 15.512400
vt 16.136400 15.101200
vt 20.136400 15.101200
vt 16.304399 14.773600
vt 20.304399 14.773600
vt 16.535999 14.536000
vt 20.535999 14.536000
vt 16.826401 14.391200
vt 20.826401 14.391200
vt 17.171600 14.343200
vt 41.171600 14.343200
vt 36.826401 14.391200
vt 40.826401 14.391200
vt 36.535999 14.536000
vt 40.535999 14.536000
vt 36.304401 14.773600
vt 40.304401 14.773600
vt 36.136398 15.101200
vt 40.136398 15.101200
vt 36.034401 15.512400
vt 40.034401 15.512400
vt 36.000000 16.000000
vt 24.000000 16.000000
vt 20.521999 16.556400
vt 24.521999 16.556400
vt 21.035200 17.171600
vt 25.035200 17.171600
vt 21.530800 17.835199
vt 25.530800 17.835199
vt 22.000000 18.535999
vt 26.000000 18.535999
vt 22.435200 19.261600
vt 26.435200 19.261600
vt 22.828400 20.000000
vt 26.828400 20.000000
vt 23.173599 20.738400
vt 27.173599 20.738400
vt 23.464001 21.464001
vt 27.464001 21.464001
vt 23.695601 22.164801
vt 27.695601 22.164801
vt 23.863600 22.828400
vt 27.863600 22.828400
vt 23.965599 23.443600
vt 27.965599 23.443600
vt 23.965599 24.487600
vt 27.965599 24.487600
vt 23.863600 24.898800
vt 27.863600 24.898800
vt 23.695601 25.226400
vt 27.695601 25.226400
vt 23.464001 25.464001
vt 27.464001 25.464001
vt 23.173599 25.608801
vt 27.173599 25.608801
vt 22.828400 25.656799
vt 46.828400 25.656799
vt 43.173599 25.608801
vt 47.173599 25.608801
vt 43.464001 25.464001
vt 47.464001 25.464001
vt 43.695599 25.226400
vt 47.695599 25.226400
vt 43.863602 24.898800
vt 47.863602 24.898800
vt 43.965599 24.487600
vt 47.965599 24.487600
vt 14.000000 56.000000
vt 26.000000 56.000000
vt 26.000000 -16.000000
vt 14.000000 -16.000000
vt 18.000000 -42.000000
vt 18.000000 30.000000
vt 14.000000 30.000000
vt 14.000000 -42.000000
vt -12.000000 -30.000000
vt -12.000000 -42.000000
vt -16.000000 -42.000000
vt -16.000000 -30.000000
vt 30.000000 42.000000
vt 30.000000 -30.000000
vt 26.000000 -30.000000
vt 26.000000 42.000000
vt 60.000000 30.000000
vt 60.000000 42.000000
vt 56.000000 42.000000
vt 56.000000 30.000000
vt 18.000000 60.000000
vt 18.000000 -12.000000
vt 14.000000 64.000000
vt 30.000000 -12.000000
vt 34.000000 -16.000000
vt 30.000000 60.000000
vt 34.000000 64.000000
vt 14.000000 19.000000
vt 6.000000 19.000000
vt 6.000000 17.000000
vt 14.000000 17.000000
vt 37.000000 15.000000
vt 29.000000 15.000000
vt 29.000000 19.000000
vt 37.000000 19.000000
vt 27.000000 13.000000
vt 35.000000 13.000000
vt 35.000000 17.000000
vt 27.000000 17.000000
vt 14.000000 -1.000000
vt 6.000000 -1.000000
vt 6.000000 -3.000000
vt 14.000000 -3.000000
vt 17.000000 -5.000000
vt 9.000000 -5.000000
vt 9.000000 -1.000000
vt 17.000000 -1.000000
vt 7.000000 -7.000000
vt 15.000000 -7.000000
vt 15.000000 -3.000000
vt 7.000000 -3.000000
vt 14.000000 -21.000000
vt 6.000000 -21.000000
vt 6.000000 -23.000000
vt 14.000000 -23.000000
vt -3.000000 -25.000000
vt -11.000000 -25.000000
vt -11.000000 -21.000000
vt -3.000000 -21.000000
vt -13.000000 -27.000000
vt -5.000000 -27.000000
vt -5.000000 -23.000000
vt -13.000000 -23.000000
vt 2.000000 30.000000
vt 2.000000 -42.000000
vt 10.000000 -42.000000
vt 10.000000 30.000000
vt 2.000000 44.000000
vt 8.000000 44.000000
vt 8.000000 -28.000000
vt 2.000000 -28.000000
vt -28.000000 -42.000000
vt -28.000000 -36.000000
vt -20.000000 -36.000000
vt -20.000000 -42.000000
vt 10.000000 -20.000000
vt 16.000000 -20.000000
vt 16.000000 52.000000
vt 10.000000 52.000000
vt 52.000000 30.000000
vt 52.000000 36.000000
vt 44.000000 36.000000
vt 44.000000 30.000000
vt 16.000000 -24.000000
vt 26.000000 -24.000000
vt 16.000000 56.000000
vt 18.000000 -32.000000
vt 8.000000 -32.000000
vt 8.000000 48.000000
vt 18.000000 48.000000
vt 14.000000 -50.000000
vt -10.000000 -50.000000
vt -10.000000 30.000000
vt 16.000000 36.000000
vt 16.000000 40.000000
vt 8.000000 40.000000
vt 8.000000 36.000000
vt 16.000000 -40.000000
vt 16.000000 -36.000000
vt 8.000000 -36.000000
vt 8.000000 -40.000000
vt 10.000000 50.000000
vt 10.000000 -30.000000
vt 18.000000 -30.000000
vt 18.000000 50.000000
vt 34.000000 -30.000000
vt 34.000000 50.000000
vt 26.000000 50.000000
vt 56.000000 40.000000
vt 56.000000 50.000000
vt 64.000000 50.000000
vt 64.000000 30.000000
vt 48.000000 40.000000
vt 40.000000 30.000000
vt 48.000000 50.000000
vt 40.000000 50.000000
vt -24.000000 -30.000000
vt -24.000000 -40.000000
vt -16.000000 -50.000000
vt -32.000000 -40.000000
vt -40.000000 -50.000000
vt -32.000000 -30.000000
vt -40.000000 -30.000000
vt -8.000000 -38.000000
vt -8.000000 38.000000
vt -10.000000 40.000000
vt -10.000000 -40.000000
vt 8.000000 -38.000000
vt 10.000000 -40.000000
vt 8.000000 38.000000
vt 10.000000 40.000000
vt 12.000000 -34.000000
vt 12.000000 42.000000
vt -4.000000 42.000000
vt -4.000000 -34.000000
vt -4.000000 30.000000
vt -8.000000 30.000000
vt -8.000000 -46.000000
vt -4.000000 -46.000000
vt -34.000000 -46.000000
vt -38.000000 -46.000000
vt -38.000000 -30.000000
vt -34.000000 -30.000000
vt 12.000000 -30.000000
vt 8.000000 -30.000000
vt 8.000000 46.000000
vt 12.000000 46.000000
vt 42.000000 46.000000
vt 38.000000 46.000000
vt 38.000000 30.000000
vt 42.000000 30.000000
vt 3.478000 -26.556400
vt -22.000000 -26.000000
vt -4.000000 -26.000000
vt -4.522000 -26.556400
vt 2.964800 -27.171600
vt -5.035200 -27.171600
vt 2.469200 -27.835199
vt -5.530800 -27.835199
vt 2.000000 -28.535999
vt -6.000000 -28.535999
vt 1.564800 -29.261600
vt -6.435200 -29.261600
vt 1.171600 -30.000000
vt -6.828400 -30.000000
vt 0.826400 -30.738400
vt -7.173600 -30.738400
vt 0.536000 -31.464001
vt -7.464000 -31.464001
vt 0.304400 -32.164799
vt -7.695600 -32.164799
vt 0.136400 -32.828400
vt -7.863600 -32.828400
vt 0.034400 -33.443600
vt -7.965600 -33.443600
vt 0.000000 -34.000000
vt -8.000000 -34.000000
vt 0.034400 -34.487598
vt -7.965600 -34.487598
vt 0.136400 -34.898800
vt -7.863600 -34.898800
vt 0.304400 -35.226398
vt -7.695600 -35.226398
vt 0.536000 -35.464001
vt -7.464000 -35.464001
vt 0.826400 -35.608799
vt -7.173600 -35.608799
vt 1.171600 -35.656799
vt -36.828400 -35.656799
vt -29.173599 -35.608799
vt -37.173599 -35.608799
vt -29.464001 -35.464001
vt -37.464001 -35.464001
vt -29.695601 -35.226398
vt -37.695599 -35.226398
vt -29.863600 -34.898800
vt -37.863602 -34.898800
vt -29.965599 -34.487598
vt -37.965599 -34.487598
vt -30.000000 -34.000000
vt -38.000000 -34.000000
vt -29.965599 -33.443600
vt -37.965599 -33.443600
vt -29.863600 -32.828400
vt -37.863602 -32.828400
vt -29.695601 -32.164799
vt -37.695599 -32.164799
vt -29.464001 -31.464001
vt -37.464001 -31.464001
vt -29.173599 -30.738400
vt -37.173599 -30.738400
vt -28.828400 -30.000000
vt -36.828400 -30.000000
vt -28.435200 -29.261600
vt -36.435200 -29.261600
vt -28.000000 -28.535999
vt -36.000000 -28.535999
vt -27.530800 -27.835199
vt -35.530800 -27.835199
vt -27.035200 -27.171600
vt -35.035198 -27.171600
vt -26.521999 -26.556400
vt -34.521999 -26.556400
vt -26.000000 -26.000000
vt 0.000000 -26.000000
vt 7.965600 -25.512400
vt -0.034400 -25.512400
vt 7.863600 -25.101200
vt -0.136400 -25.101200
vt 7.695600 -24.773600
vt -0.304400 -24.773600
vt 7.464000 -24.535999
vt -0.536000 -24.535999
vt 7.173600 -24.391199
vt -0.826400 -24.391199
vt 6.828400 -24.343201
vt -31.171600 -24.343201
vt -22.826401 -24.391199
vt -30.826401 -24.391199
vt -22.535999 -24.535999
vt -30.535999 -24.535999
vt -22.304399 -24.773600
vt -30.304399 -24.773600
vt -22.136400 -25.101200
vt -30.136400 -25.101200
vt -22.034401 -25.512400
vt -30.034401 -25.512400
vt -28.000000 -24.000000
vt -20.000000 -24.000000
vt -20.051600 -24.834600
vt -28.051600 -24.834600
vt -20.204599 -25.757401
vt -28.204599 -25.757401
vt -20.456600 -26.752800
vt -28.456600 -26.752800
vt -20.804001 -27.804001
vt -28.804001 -27.804001
vt -21.239599 -28.892401
vt -29.239599 -28.892401
vt -21.757401 -30.000000
vt -29.757401 -30.000000
vt -22.347200 -31.107599
vt -30.347200 -31.107599
vt -23.000000 -32.195999
vt -31.000000 -32.195999
vt -23.703800 -33.247200
vt -31.703800 -33.247200
vt -24.447201 -34.242599
vt -32.447201 -34.242599
vt -25.216999 -35.165401
vt -33.216999 -35.165401
vt -26.000000 -36.000000
vt -10.000000 -36.000000
vt -1.948400 -36.731400
vt -9.948400 -36.731400
vt -1.795400 -37.348202
vt -9.795401 -37.348202
vt -1.543400 -37.839600
vt -9.543400 -37.839600
vt -1.196000 -38.195999
vt -9.196000 -38.195999
vt -0.760400 -38.413200
vt -8.760400 -38.413200
vt -0.242600 -38.485199
vt -38.242599 -38.485199
vt -30.760401 -38.413200
vt -38.760399 -38.413200
vt -31.195999 -38.195999
vt -39.195999 -38.195999
vt -31.543400 -37.839600
vt -39.543400 -37.839600
vt -31.795401 -37.348202
vt -39.795399 -37.348202
vt -31.948400 -36.731400
vt -39.948399 -36.731400
vt -32.000000 -36.000000
vt -4.000000 -36.000000
vt 4.783000 -35.165401
vt -3.217000 -35.165401
vt 5.552800 -34.242599
vt -2.447200 -34.242599
vt 6.296200 -33.247200
vt -1.703800 -33.247200
vt 7.000000 -32.195999
vt -1.000000 -32.195999
vt 7.652800 -31.107599
vt -0.347200 -31.107599
vt 8.242599 -30.000000
vt 0.242600 -30.000000
vt 8.760400 -28.892401
vt 0.760400 -28.892401
vt 9.196000 -27.804001
vt 1.196000 -27.804001
vt 9.543400 -26.752800
vt 1.543400 -26.752800
vt 9.795401 -25.757401
vt 1.795400 -25.757401
vt 9.948400 -24.834600
vt 1.948400 -24.834600
vt 10.000000 -24.000000
vt 2.000000 -24.000000
vt 9.948400 -23.268600
vt 1.948400 -23.268600
vt 9.795401 -22.651800
vt 1.795400 -22.651800
vt 9.543400 -22.160400
vt 1.543400 -22.160400
vt 9.196000 -21.804001
vt 1.196000 -21.804001
vt 8.760400 -21.586800
vt 0.760400 -21.586800
vt 8.242599 -21.514799
vt -29.757401 -21.514799
vt -21.239599 -21.586800
vt -29.239599 -21.586800
vt -20.804001 -21.804001
vt -28.804001 -21.804001
vt -20.456600 -22.160400
vt -28.456600 -22.160400
vt -20.204599 -22.651800
vt -28.204599 -22.651800
vt -20.051600 -23.268600
vt -28.051600 -23.268600
vt -4.783000 -28.051600
vt -4.522000 -30.034401
vt -4.000000 -30.000000
vt -4.000000 -28.000000
vt -5.552800 -28.204599
vt -5.035200 -30.136400
vt -6.296200 -28.456600
vt -5.530800 -30.304399
vt -7.000000 -28.804001
vt -6.000000 -30.535999
vt -7.652800 -29.239599
vt -6.435200 -30.826401
vt -8.242599 -29.757401
vt -6.828400 -31.171600
vt -8.760400 -30.347200
vt -7.173600 -31.564800
vt -9.196000 -31.000000
vt -7.464000 -32.000000
vt -9.543400 -31.703800
vt -7.695600 -32.469200
vt -9.795401 -32.447201
vt -7.863600 -32.964802
vt -9.948400 -33.216999
vt -7.965600 -33.478001
vt -10.000000 -34.000000
vt -9.948400 -34.783001
vt -7.965600 -34.521999
vt -9.795401 -35.552799
vt -7.863600 -35.035198
vt -9.543400 -36.296200
vt -7.695600 -35.530800
vt -9.196000 -37.000000
vt -7.464000 -36.000000
vt -8.760400 -37.652802
vt -7.173600 -36.435200
vt -8.242599 -38.242599
vt -6.828400 -36.828400
vt -7.652800 -38.760399
vt -6.435200 -37.173599
vt -7.000000 -39.195999
vt -6.000000 -37.464001
vt -6.296200 -39.543400
vt -5.530800 -37.695599
vt -5.552800 -39.795399
vt -5.035200 -37.863602
vt -4.783000 -39.948399
vt -4.522000 -37.965599
vt -4.000000 -40.000000
vt -4.000000 -38.000000
vt -3.217000 -39.948399
vt -3.478000 -37.965599
vt -2.447200 -39.795399
vt -2.964800 -37.863602
vt -1.703800 -39.543400
vt -2.469200 -37.695599
vt -1.000000 -39.195999
vt -2.000000 -37.464001
vt -0.347200 -38.760399
vt -1.564800 -37.173599
vt 0.242600 -38.242599
vt -1.171600 -36.828400
vt 0.760400 -37.652802
vt -0.826400 -36.435200
vt 1.196000 -37.000000
vt -0.536000 -36.000000
vt 1.543400 -36.296200
vt -0.304400 -35.530800
vt 1.795400 -35.552799
vt -0.136400 -35.035198
vt 1.948400 -34.783001
vt -0.034400 -34.521999
vt 2.000000 -34.000000
vt 1.948400 -33.216999
vt -0.034400 -33.478001
vt 1.795400 -32.447201
vt -0.136400 -32.964802
vt 1.543400 -31.703800
vt -0.304400 -32.469200
vt 1.196000 -31.000000
vt -0.536000 -32.000000
vt 0.760400 -30.347200
vt -0.826400 -31.564800
vt 0.242600 -29.757401
vt -1.171600 -31.171600
vt -0.347200 -29.239599
vt -1.564800 -30.826401
vt -1.000000 -28.804001
vt -2.000000 -30.535999
vt -1.703800 -28.456600
vt -2.469200 -30.304399
vt -2.447200 -28.204599
vt -2.964800 -30.136400
vt -3.217000 -28.051600
vt -3.478000 -30.034401
vt 3.478000 -6.556400
vt -2.000000 -6.000000
vt -4.000000 -6.000000
vt -4.522000 -6.556400
vt 2.964800 -7.171600
vt -5.035200 -7.171600
vt 2.469200 -7.835200
vt -5.530800 -7.835200
vt 2.000000 -8.536000
vt -6.000000 -8.536000
vt 1.564800 -9.261600
vt -6.435200 -9.261600
vt 1.171600 -10.000000
vt -6.828400 -10.000000
vt 0.826400 -10.738400
vt -7.173600 -10.738400
vt 0.536000 -11.464000
vt -7.464000 -11.464000
vt 0.304400 -12.164800
vt -7.695600 -12.164800
vt 0.136400 -12.828400
vt -7.863600 -12.828400
vt 0.034400 -13.443600
vt -7.965600 -13.443600
vt 0.000000 -14.000000
vt -8.000000 -14.000000
vt 0.034400 -14.487600
vt -7.965600 -14.487600
vt 0.136400 -14.898800
vt -7.863600 -14.898800
vt 0.304400 -15.226400
vt -7.695600 -15.226400
vt 0.536000 -15.464000
vt -7.464000 -15.464000
vt 0.826400 -15.608800
vt -7.173600 -15.608800
vt 1.171600 -15.656800
vt -16.828400 -15.656800
vt -9.173600 -15.608800
vt -17.173599 -15.608800
vt -9.464000 -15.464000
vt -17.464001 -15.464000
vt -9.695601 -15.226400
vt -17.695601 -15.226400
vt -9.863600 -14.898800
vt -17.863600 -14.898800
vt -9.965600 -14.487600
vt -17.965599 -14.487600
vt -10.000000 -14.000000
vt -18.000000 -14.000000
vt -9.965600 -13.443600
vt -17.965599 -13.443600
vt -9.863600 -12.828400
vt -17.863600 -12.828400
vt -9.695601 -12.164800
vt -17.695601 -12.164800
vt -9.464000 -11.464000
vt -17.464001 -11.464000
vt -9.173600 -10.738400
vt -17.173599 -10.738400
vt -8.828400 -10.000000
vt -16.828400 -10.000000
vt -8.435200 -9.261600
vt -16.435200 -9.261600
vt -8.000000 -8.536000
vt -16.000000 -8.536000
vt -7.530800 -7.835200
vt -15.530800 -7.835200
vt -7.035200 -7.171600
vt -15.035200 -7.171600
vt -6.522000 -6.556400
vt -14.522000 -6.556400
vt -6.000000 -6.000000
vt 0.000000 -6.000000
vt 7.965600 -5.512400
vt -0.034400 -5.512400
vt 7.863600 -5.101200
vt -0.136400 -5.101200
vt 7.695600 -4.773600
vt -0.304400 -4.773600
vt 7.464000 -4.536000
vt -0.536000 -4.536000
vt 7.173600 -4.391200
vt -0.826400 -4.391200
vt 6.828400 -4.343201
vt -11.171600 -4.343201
vt -2.826400 -4.391200
vt -10.826400 -4.391200
vt -2.536000 -4.536000
vt -10.536000 -4.536000
vt -2.304400 -4.773600
vt -10.304400 -4.773600
vt -2.136400 -5.101200
vt -10.136400 -5.101200
vt -2.034400 -5.512400
vt -10.034400 -5.512400
vt -8.000000 -4.000000
vt 0.000000 -4.000000
vt -0.051600 -4.834600
vt -8.051600 -4.834600
vt -0.204600 -5.757400
vt -8.204599 -5.757400
vt -0.456600 -6.752800
vt -8.456600 -6.752800
vt -0.804000 -7.804000
vt -8.804000 -7.804000
vt -1.239600 -8.892401
vt -9.239600 -8.892401
vt -1.757400 -10.000000
vt -9.757401 -10.000000
vt -2.347200 -11.107600
vt -10.347200 -11.107600
vt -3.000000 -12.196000
vt -11.000000 -12.196000
vt -3.703800 -13.247200
vt -11.703800 -13.247200
vt -4.447200 -14.242600
vt -12.447200 -14.242600
vt -5.217000 -15.165400
vt -13.217000 -15.165400
vt -6.000000 -16.000000
vt -10.000000 -16.000000
vt -1.948400 -16.731400
vt -9.948400 -16.731400
vt -1.795400 -17.348200
vt -9.795401 -17.348200
vt -1.543400 -17.839600
vt -9.543400 -17.839600
vt -1.196000 -18.195999
vt -9.196000 -18.195999
vt -0.760400 -18.413200
vt -8.760400 -18.413200
vt -0.242600 -18.485201
vt -18.242599 -18.485201
vt -10.760400 -18.413200
vt -18.760401 -18.413200
vt -11.196000 -18.195999
vt -19.195999 -18.195999
vt -11.543400 -17.839600
vt -19.543400 -17.839600
vt -11.795400 -17.348200
vt -19.795401 -17.348200
vt -11.948400 -16.731400
vt -19.948400 -16.731400
vt -12.000000 -16.000000
vt -4.000000 -16.000000
vt 4.783000 -15.165400
vt -3.217000 -15.165400
vt 5.552800 -14.242600
vt -2.447200 -14.242600
vt 6.296200 -13.247200
vt -1.703800 -13.247200
vt 7.000000 -12.196000
vt -1.000000 -12.196000
vt 7.652800 -11.107600
vt -0.347200 -11.107600
vt 8.242599 -10.000000
vt 0.242600 -10.000000
vt 8.760400 -8.892400
vt 0.760400 -8.892400
vt 9.196000 -7.804000
vt 1.196000 -7.804000
vt 9.543400 -6.752800
vt 1.543400 -6.752800
vt 9.795401 -5.757400
vt 1.795400 -5.757400
vt 9.948400 -4.834600
vt 1.948400 -4.834600
vt 10.000000 -4.000000
vt 2.000000 -4.000000
vt 9.948400 -3.268600
vt 1.948400 -3.268600
vt 9.795401 -2.651800
vt 1.795400 -2.651800
vt 9.543400 -2.160400
vt 1.543400 -2.160400
vt 9.196000 -1.804000
vt 1.196000 -1.804000
vt 8.760400 -1.586800
vt 0.760400 -1.586800
vt 8.242599 -1.514800
vt -9.757401 -1.514800
vt -1.239600 -1.586800
vt -9.239600 -1.586800
vt -0.804000 -1.804000
vt -8.804000 -1.804000
vt -0.456600 -2.160400
vt -8.456600 -2.160400
vt -0.204600 -2.651800
vt -8.204599 -2.651800
vt -0.051600 -3.268600
vt -8.051600 -3.268600
vt -4.783000 -8.051600
vt -4.522000 -10.034400
vt -4.000000 -10.000000
vt -4.000000 -8.000000
vt -5.552800 -8.204599
vt -5.035200 -10.136400
vt -6.296200 -8.456600
vt -5.530800 -10.304400
vt -7.000000 -8.804000
vt -6.000000 -10.536000
vt -7.652800 -9.239600
vt -6.435200 -10.826400
vt -8.242599 -9.757401
vt -6.828400 -11.171600
vt -8.760400 -10.347200
vt -7.173600 -11.564800
vt -9.196000 -11.000000
vt -7.464000 -12.000000
vt -9.543400 -11.703800
vt -7.695600 -12.469200
vt -9.795401 -12.447200
vt -7.863600 -12.964800
vt -9.948400 -13.217000
vt -7.965600 -13.478000
vt -9.948400 -14.783000
vt -7.965600 -14.522000
vt -9.795401 -15.552800
vt -7.863600 -15.035200
vt -9.543400 -16.296200
vt -7.695600 -15.530800
vt -9.196000 -17.000000
vt -7.464000 -16.000000
vt -8.760400 -17.652800
vt -7.173600 -16.435200
vt -8.242599 -18.242599
vt -6.828400 -16.828400
vt -7.652800 -18.760401
vt -6.435200 -17.173599
vt -7.000000 -19.195999
vt -6.000000 -17.464001
vt -6.296200 -19.543400
vt -5.530800 -17.695601
vt -5.552800 -19.795401
vt -5.035200 -17.863600
vt -4.783000 -19.948400
vt -4.522000 -17.965599
vt -4.000000 -20.000000
vt -4.000000 -18.000000
vt -3.217000 -19.948400
vt -3.478000 -17.965599
vt -2.447200 -19.795401
vt -2.964800 -17.863600
vt -1.703800 -19.543400
vt -2.469200 -17.695601
vt -1.000000 -19.195999
vt -2.000000 -17.464001
vt -0.347200 -18.760401
vt -1.564800 -17.173599
vt 0.242600 -18.242599
vt -1.171600 -16.828400
vt 0.760400 -17.652800
vt -0.826400 -16.435200
vt 1.196000 -17.000000
vt -0.536000 -16.000000
vt 1.543400 -16.296200
vt -0.304400 -15.530800
vt 1.795400 -15.552800
vt -0.136400 -15.035200
vt 1.948400 -14.783000
vt -0.034400 -14.522000
vt 2.000000 -14.000000
vt 1.948400 -13.217000
vt -0.034400 -13.478000
vt 1.795400 -12.447200
vt -0.136400 -12.964800
vt 1.543400 -11.703800
vt -0.304400 -12.469200
vt 1.196000 -11.000000
vt -0.536000 -12.000000
vt 0.760400 -10.347200
vt -0.826400 -11.564800
vt 0.242600 -9.757401
vt -1.171600 -11.171600
vt -0.347200 -9.239600
vt -1.564800 -10.826400
vt -1.000000 -8.804000
vt -2.000000 -10.536000
vt -1.703800 -8.456600
vt -2.469200 -10.304400
vt -2.447200 -8.204599
vt -2.964800 -10.136400
vt -3.217000 -8.051600
vt -3.478000 -10.034400
vt 3.478000 13.443600
vt 18.000000 14.000000
vt -4.000000 14.000000
vt -4.522000 13.443600
vt 2.964800 12.828400
vt -5.035200 12.828400
vt 2.469200 12.164800
vt -5.530800 12.164800
vt 2.000000 11.464000
vt -6.000000 11.464000
vt 1.564800 10.738400
vt -6.435200 10.738400
vt 1.171600 10.000000
vt -6.828400 10.000000
vt 0.826400 9.261600
vt -7.173600 9.261600
vt 0.536000 8.536000
vt -7.464000 8.536000
vt 0.304400 7.835200
vt -7.695600 7.835200
vt 0.136400 7.171600
vt -7.863600 7.171600
vt 0.034400 6.556400
vt -7.965600 6.556400
vt 0.000000 6.000000
vt -8.000000 6.000000
vt 0.034400 5.512400
vt -7.965600 5.512400
vt 0.136400 5.101200
vt -7.863600 5.101200
vt 0.304400 4.773600
vt -7.695600 4.773600
vt 0.536000 4.536000
vt -7.464000 4.536000
vt 0.826400 4.391200
vt -7.173600 4.391200
vt 1.171600 4.343201
vt 3.171600 4.343201
vt 10.826400 4.391200
vt 2.826400 4.391200
vt 10.536000 4.536000
vt 2.536000 4.536000
vt 10.304400 4.773600
vt 2.304400 4.773600
vt 10.136400 5.101200
vt 2.136400 5.101200
vt 10.034400 5.512400
vt 2.034400 5.512400
vt 10.000000 6.000000
vt 2.000000 6.000000
vt 10.034400 6.556400
vt 2.034400 6.556400
vt 10.136400 7.171600
vt 2.136400 7.171600
vt 10.304400 7.835200
vt 2.304400 7.835200
vt 10.536000 8.536000
vt 2.536000 8.536000
vt 10.826400 9.261600
vt 2.826400 9.261600
vt 11.171600 10.000000
vt 3.171600 10.000000
vt 11.564800 10.738400
vt 3.564800 10.738400
vt 12.000000 11.464000
vt 4.000000 11.464000
vt 12.469200 12.164800
vt 4.469200 12.164800
vt 12.964800 12.828400
vt 4.964800 12.828400
vt 13.478000 13.443600
vt 5.478000 13.443600
vt 14.000000 14.000000
vt 0.000000 14.000000
vt 7.965600 14.487600
vt -0.034400 14.487600
vt 7.863600 14.898800
vt -0.136400 14.898800
vt 7.695600 15.226400
vt -0.304400 15.226400
vt 7.464000 15.464000
vt -0.536000 15.464000
vt 7.173600 15.608800
vt -0.826400 15.608800
vt 6.828400 15.656800
vt 8.828400 15.656800
vt 17.173599 15.608800
vt 9.173600 15.608800
vt 17.464001 15.464000
vt 9.464000 15.464000
vt 17.695601 15.226400
vt 9.695601 15.226400
vt 17.863600 14.898800
vt 9.863600 14.898800
vt 17.965599 14.487600
vt 9.965600 14.487600
vt 12.000000 16.000000
vt 19.948400 15.165400
vt 11.948400 15.165400
vt 19.795401 14.242600
vt 11.795400 14.242600
vt 19.543400 13.247200
vt 11.543400 13.247200
vt 19.195999 12.196000
vt 11.196000 12.196000
vt 18.760401 11.107600
vt 10.760400 11.107600
vt 18.242599 10.000000
vt 10.242600 10.000000
vt 17.652800 8.892400
vt 9.652800 8.892400
vt 17.000000 7.804000
vt 9.000000 7.804000
vt 16.296200 6.752800
vt 8.296200 6.752800
vt 15.552800 5.757400
vt 7.552800 5.757400
vt 14.783000 4.834600
vt 6.783000 4.834600
vt 14.000000 4.000000
vt -10.000000 4.000000
vt -1.948400 3.268600
vt -9.948400 3.268600
vt -1.795400 2.651800
vt -9.795401 2.651800
vt -1.543400 2.160400
vt -9.543400 2.160400
vt -1.196000 1.804000
vt -9.196000 1.804000
vt -0.760400 1.586800
vt -8.760400 1.586800
vt -0.242600 1.514800
vt 1.757400 1.514800
vt 9.239600 1.586800
vt 1.239600 1.586800
vt 8.804000 1.804000
vt 0.804000 1.804000
vt 8.456600 2.160400
vt 0.456600 2.160400
vt 8.204599 2.651800
vt 0.204600 2.651800
vt 8.051600 3.268600
vt 0.051600 3.268600
vt 8.000000 4.000000
vt -4.000000 4.000000
vt 4.783000 4.834600
vt -3.217000 4.834600
vt 5.552800 5.757400
vt -2.447200 5.757400
vt 6.296200 6.752800
vt -1.703800 6.752800
vt 7.000000 7.804000
vt -1.000000 7.804000
vt 7.652800 8.892401
vt -0.347200 8.892401
vt 8.242599 10.000000
vt 0.242600 10.000000
vt 8.760400 11.107600
vt 0.760400 11.107600
vt 9.196000 12.196000
vt 1.196000 12.196000
vt 9.543400 13.247200
vt 1.543400 13.247200
vt 9.795401 14.242600
vt 1.795400 14.242600
vt 9.948400 15.165400
vt 1.948400 15.165400
vt 10.000000 16.000000
vt 2.000000 16.000000
vt 9.948400 16.731400
vt 1.948400 16.731400
vt 9.795401 17.348200
vt 1.795400 17.348200
vt 9.543400 17.839600
vt 1.543400 17.839600
vt 9.196000 18.195999
vt 1.196000 18.195999
vt 8.760400 18.413200
vt 0.760400 18.413200
vt 8.242599 18.485201
vt 10.242600 18.485201
vt 18.760401 18.413200
vt 10.760400 18.413200
vt 19.195999 18.195999
vt 11.196000 18.195999
vt 19.543400 17.839600
vt 11.543400 17.839600
vt 19.795401 17.348200
vt 11.795400 17.348200
vt 19.948400 16.731400
vt 11.948400 16.731400
vt -4.783000 11.948400
vt -4.522000 9.965600
vt -4.000000 10.000000
vt -4.000000 12.000000
vt -5.552800 11.795400
vt -5.035200 9.863600
vt -6.296200 11.543400
vt -5.530800 9.695601
vt -7.000000 11.196000
vt -6.000000 9.464000
vt -7.652800 10.760400
vt -6.435200 9.173600
vt -8.242599 10.242600
vt -6.828400 8.828400
vt -8.760400 9.652800
vt -7.173600 8.435200
vt -9.196000 9.000000
vt -7.464000 8.000000
vt -9.543400 8.296200
vt -7.695600 7.530800
vt -9.795401 7.552800
vt -7.863600 7.035200
vt -9.948400 6.783000
vt -7.965600 6.522000
vt -10.000000 6.000000
vt -9.948400 5.217000
vt -7.965600 5.478000
vt -9.795401 4.447200
vt -7.863600 4.964800
vt -9.543400 3.703800
vt -7.695600 4.469200
vt -9.196000 3.000000
vt -7.464000 4.000000
vt -8.760400 2.347200
vt -7.173600 3.564800
vt -8.242599 1.757400
vt -6.828400 3.171600
vt -7.652800 1.239600
vt -6.435200 2.826400
vt -7.000000 0.804000
vt -6.000000 2.536000
vt -6.296200 0.456600
vt -5.530800 2.304400
vt -5.552800 0.204600
vt -5.035200 2.136400
vt -4.783000 0.051600
vt -4.522000 2.034400
vt -4.000000 0.000000
vt -4.000000 2.000000
vt -3.217000 0.051600
vt -3.478000 2.034400
vt -2.447200 0.204600
vt -2.964800 2.136400
vt -1.703800 0.456600
vt -2.469200 2.304400
vt -1.000000 0.804000
vt -2.000000 2.536000
vt -0.347200 1.239600
vt -1.564800 2.826400
vt 0.242600 1.757400
vt -1.171600 3.171600
vt 0.760400 2.347200
vt -0.826400 3.564800
vt 1.196000 3.000000
vt -0.536000 4.000000
vt 1.543400 3.703800
vt -0.304400 4.469200
vt 1.795400 4.447200
vt -0.136400 4.964800
vt 1.948400 5.217000
vt -0.034400 5.478000
vt 1.948400 6.783000
vt -0.034400 6.522000
vt 1.795400 7.552800
vt -0.136400 7.035200
vt 1.543400 8.296200
vt -0.304400 7.530800
vt 1.196000 9.000000
vt -0.536000 8.000000
vt 0.760400 9.652800
vt -0.826400 8.435200
vt 0.242600 10.242600
vt -1.171600 8.828400
vt -0.347200 10.760400
vt -1.564800 9.173600
vt -1.000000 11.196000
vt -2.000000 9.464000
vt -1.703800 11.543400
vt -2.469200 9.695601
vt -2.447200 11.795400
vt -2.964800 9.863600
vt -3.217000 11.948400
vt -3.478000 9.965600
vt 3.478000 33.443600
vt 38.000000 34.000000
vt -4.000000 34.000000
vt -4.522000 33.443600
vt 2.964800 32.828400
vt -5.035200 32.828400
vt 2.469200 32.164799
vt -5.530800 32.164799
vt 2.000000 31.464001
vt -6.000000 31.464001
vt 1.564800 30.738400
vt -6.435200 30.738400
vt 1.171600 30.000000
vt -6.828400 30.000000
vt 0.826400 29.261600
vt -7.173600 29.261600
vt 0.536000 28.535999
vt -7.464000 28.535999
vt 0.304400 27.835199
vt -7.695600 27.835199
vt 0.136400 27.171600
vt -7.863600 27.171600
vt 0.034400 26.556400
vt -7.965600 26.556400
vt 0.000000 26.000000
vt -8.000000 26.000000
vt 0.034400 25.512400
vt -7.965600 25.512400
vt 0.136400 25.101200
vt -7.863600 25.101200
vt 0.304400 24.773600
vt -7.695600 24.773600
vt 0.536000 24.535999
vt -7.464000 24.535999
vt 0.826400 24.391199
vt -7.173600 24.391199
vt 1.171600 24.343201
vt 23.171600 24.343201
vt 30.826401 24.391199
vt 22.826401 24.391199
vt 30.535999 24.535999
vt 22.535999 24.535999
vt 30.304399 24.773600
vt 22.304399 24.773600
vt 30.136400 25.101200
vt 22.136400 25.101200
vt 30.034401 25.512400
vt 22.034401 25.512400
vt 30.000000 26.000000
vt 22.000000 26.000000
vt 30.034401 26.556400
vt 22.034401 26.556400
vt 30.136400 27.171600
vt 22.136400 27.171600
vt 30.304399 27.835199
vt 22.304399 27.835199
vt 30.535999 28.535999
vt 22.535999 28.535999
vt 30.826401 29.261600
vt 22.826401 29.261600
vt 31.171600 30.000000
vt 23.171600 30.000000
vt 31.564800 30.738400
vt 23.564800 30.738400
vt 32.000000 31.464001
vt 24.000000 31.464001
vt 32.469200 32.164799
vt 24.469200 32.164799
vt 32.964802 32.828400
vt 24.964800 32.828400
vt 33.478001 33.443600
vt 25.478001 33.443600
vt 34.000000 34.000000
vt 0.000000 34.000000
vt 7.965600 34.487598
vt -0.034400 34.487598
vt 7.863600 34.898800
vt -0.136400 34.898800
vt 7.695600 35.226398
vt -0.304400 35.226398
vt 7.464000 35.464001
vt -0.536000 35.464001
vt 7.173600 35.608799
vt -0.826400 35.608799
vt 6.828400 35.656799
vt 28.828400 35.656799
vt 37.173599 35.608799
vt 29.173599 35.608799
vt 37.464001 35.464001
vt 29.464001 35.464001
vt 37.695599 35.226398
vt 29.695601 35.226398
vt 37.863602 34.898800
vt 29.863600 34.898800
vt 37.965599 34.487598
vt 29.965599 34.487598
vt 32.000000 36.000000
vt 40.000000 36.000000
vt 39.948399 35.165401
vt 31.948400 35.165401
vt 39.795399 34.242599
vt 31.795401 34.242599
vt 39.543400 33.247200
vt 31.543400 33.247200
vt 39.195999 32.195999
vt 31.195999 32.195999
vt 38.760399 31.107599
vt 30.760401 31.107599
vt 38.242599 30.000000
vt 30.242599 30.000000
vt 37.652802 28.892401
vt 29.652800 28.892401
vt 37.000000 27.804001
vt 29.000000 27.804001
vt 36.296200 26.752800
vt 28.296200 26.752800
vt 35.552799 25.757401
vt 27.552799 25.757401
vt 34.783001 24.834600
vt 26.783001 24.834600
vt 34.000000 24.000000
vt -10.000000 24.000000
vt -1.948400 23.268600
vt -9.948400 23.268600
vt -1.795400 22.651800
vt -9.795401 22.651800
vt -1.543400 22.160400
vt -9.543400 22.160400
vt -1.196000 21.804001
vt -9.196000 21.804001
vt -0.760400 21.586800
vt -8.760400 21.586800
vt -0.242600 21.514799
vt 21.757401 21.514799
vt 29.239599 21.586800
vt 21.239599 21.586800
vt 28.804001 21.804001
vt 20.804001 21.804001
vt 28.456600 22.160400
vt 20.456600 22.160400
vt 28.204599 22.651800
vt 20.204599 22.651800
vt 28.051600 23.268600
vt 20.051600 23.268600
vt -4.000000 24.000000
vt 4.783000 24.834600
vt -3.217000 24.834600
vt 5.552800 25.757401
vt -2.447200 25.757401
vt 6.296200 26.752800
vt -1.703800 26.752800
vt 7.000000 27.804001
vt -1.000000 27.804001
vt 7.652800 28.892401
vt -0.347200 28.892401
vt 8.242599 30.000000
vt 0.242600 30.000000
vt 8.760400 31.107599
vt 0.760400 31.107599
vt 9.196000 32.195999
vt 1.196000 32.195999
vt 9.543400 33.247200
vt 1.543400 33.247200
vt 9.795401 34.242599
vt 1.795400 34.242599
vt 9.948400 35.165401
vt 1.948400 35.165401
vt 10.000000 36.000000
vt 2.000000 36.000000
vt 9.948400 36.731400
vt 1.948400 36.731400
vt 9.795401 37.348202
vt 1.795400 37.348202
vt 9.543400 37.839600
vt 1.543400 37.839600
vt 9.196000 38.195999
vt 1.196000 38.195999
vt 8.760400 38.413200
vt 0.760400 38.413200
vt 8.242599 38.485199
vt 30.242599 38.485199
vt 38.760399 38.413200
vt 30.760401 38.413200
vt 39.195999 38.195999
vt 31.195999 38.195999
vt 39.543400 37.839600
vt 31.543400 37.839600
vt 39.795399 37.348202
vt 31.795401 37.348202
vt 39.948399 36.731400
vt 31.948400 36.731400
vt -4.783000 31.948400
vt -4.522000 29.965599
vt -4.000000 32.000000
vt -5.552800 31.795401
vt -5.035200 29.863600
vt -6.296200 31.543400
vt -5.530800 29.695601
vt -7.000000 31.195999
vt -6.000000 29.464001
vt -7.652800 30.760401
vt -6.435200 29.173599
vt -8.242599 30.242599
vt -6.828400 28.828400
vt -8.760400 29.652800
vt -7.173600 28.435200
vt -9.196000 29.000000
vt -7.464000 28.000000
vt -9.543400 28.296200
vt -7.695600 27.530800
vt -9.795401 27.552799
vt -7.863600 27.035200
vt -9.948400 26.783001
vt -7.965600 26.521999
vt -10.000000 26.000000
vt -9.948400 25.216999
vt -7.965600 25.478001
vt -9.795401 24.447201
vt -7.863600 24.964800
vt -9.543400 23.703800
vt -7.695600 24.469200
vt -9.196000 23.000000
vt -7.464000 24.000000
vt -8.760400 22.347200
vt -7.173600 23.564800
vt -8.242599 21.757401
vt -6.828400 23.171600
vt -7.652800 21.239599
vt -6.435200 22.826401
vt -7.000000 20.804001
vt -6.000000 22.535999
vt -6.296200 20.456600
vt -5.530800 22.304399
vt -5.552800 20.204599
vt -5.035200 22.136400
vt -4.783000 20.051600
vt -4.522000 22.034401
vt -4.000000 20.000000
vt -4.000000 22.000000
vt -3.217000 20.051600
vt -3.478000 22.034401
vt -2.447200 20.204599
vt -2.964800 22.136400
vt -1.703800 20.456600
vt -2.469200 22.304399
vt -1.000000 20.804001
vt -2.000000 22.535999
vt -0.347200 21.239599
vt -1.564800 22.826401
vt 0.242600 21.757401
vt -1.171600 23.171600
vt 0.760400 22.347200
vt -0.826400 23.564800
vt 1.196000 23.000000
vt -0.536000 24.000000
vt 1.543400 23.703800
vt -0.304400 24.469200
vt 1.795400 24.447201
vt -0.136400 24.964800
vt 1.948400 25.216999
vt -0.034400 25.478001
vt 2.000000 26.000000
vt 1.948400 26.783001
vt -0.034400 26.521999
vt 1.795400 27.552799
vt -0.136400 27.035200
vt 1.543400 28.296200
vt -0.304400 27.530800
vt 1.196000 29.000000
vt -0.536000 28.000000
vt 0.760400 29.652800
vt -0.826400 28.435200
vt 0.242600 30.242599
vt -1.171600 28.828400
vt -0.347200 30.760401
vt -1.564800 29.173599
vt -1.000000 31.195999
vt -2.000000 29.464001
vt -1.703800 31.543400
vt -2.469200 29.695601
vt -2.447200 31.795401
vt -2.964800 29.863600
vt -3.217000 31.948400
vt -3.478000 29.965599
s 1
usemtl 30.004
f 1/1/1 2/2/1 3/3/1
f 4/4/1 1/1/1 3/3/1
f 5/5/1 4/4/1 3/3/1
f 6/6/1 5/5/1 3/3/1
f 7/7/1 6/6/1 3/3/1
f 8/8/1 7/7/1 3/3/1
f 9/9/1 8/8/1 3/3/1
f 10/10/1 9/9/1 3/3/1
f 11/11/1 10/10/1 3/3/1
f 12/12/1 11/11/1 3/3/1
f 13/13/1 12/12/1 3/3/1
f 14/14/1 13/13/1 3/3/1
f 15/15/1 14/14/1 3/3/1
f 16/16/1 15/15/1 3/3/1
f 17/17/1 16/16/1 3/3/1
f 18/18/1 17/17/1 3/3/1
f 19/19/1 18/18/1 3/3/1
f 20/20/1 19/19/1 3/3/1
f 21/21/1 20/20/1 3/3/1
f 22/22/1 21/21/1 3/3/1
f 23/23/1 22/22/1 3/3/1
f 24/24/1 23/23/1 3/3/1
f 25/25/1 24/24/1 3/3/1
f 26/26/1 25/25/1 3/3/1
f 27/27/1 26/26/1 3/3/1
f 28/28/1 27/27/1 3/3/1
f 29/29/1 28/28/1 3/3/1
f 30/30/1 29/29/1 3/3/1
f 31/31/1 30/30/1 3/3/1
f 32/32/1 31/31/1 3/3/1
f 33/33/1 32/32/1 3/3/1
f 34/34/1 33/33/1 3/3/1
f 35/35/1 34/34/1 3/3/1
f 36/36/1 35/35/1 3/3/1
f 37/37/1 36/36/1 3/3/1
f 38/38/1 37/37/1 3/3/1
f 39/39/1 38/38/1 3/3/1
f 40/40/1 39/39/1 3/3/1
f 41/41/1 40/40/1 3/3/1
f 42/42/1 41/41/1 3/3/1
f 43/43/1 42/42/1 3/3/1
f 44/44/1 43/43/1 3/3/1
f 45/45/1 44/44/1 3/3/1
f 46/46/1 45/45/1 3/3/1
f 47/47/1 46/46/1 3/3/1
f 48/48/1 47/47/1 3/3/1
f 49/49/1 48/48/1 3/3/1
f 2/2/1 49/49/1 3/3/1
f 50/50/2 51/51/3 52/52/4
f 52/52/4 53/53/5 50/50/2
f 54/54/6 50/50/2 53/53/5
f 53/53/5 55/55/7 54/54/6
f 56/56/8 54/54/6 55/55/7
f 55/55/7 57/57/9 56/56/8
f 58/58/10 56/56/8 57/57/9
f 57/57/9 59/59/11 58/58/10
f 60/60/12 58/58/10 59/59/11
f 59/59/11 61/61/13 60/60/12
f 62/62/14 60/60/12 61/61/13
f 61/61/13 63/63/15 62/62/14
f 64/64/16 62/62/14 63/63/15
f 63/63/15 65/65/17 64/64/16
f 66/66/18 64/64/16 65/65/17
f 65/65/17 67/67/19 66/66/18
f 68/68/20 66/66/18 67/67/19
f 67/67/19 69/69/21 68/68/20
f 70/70/22 68/68/20 69/69/21
f 69/69/21 71/71/23 70/70/22
f 72/72/24 70/70/22 71/71/23
f 71/71/23 73/73/25 72/72/24
f 74/74/26 72/72/24 73/73/25
f 73/73/25 75/75/27 74/74/26
f 76/76/28 74/74/26 75/75/27
f 75/75/27 77/77/29 76/76/28
f 78/78/30 76/76/28 77/77/29
f 77/77/29 79/79/31 78/78/30
f 80/80/32 78/78/30 79/79/31
f 79/79/31 81/81/33 80/80/32
f 82/82/34 80/80/32 81/81/33
f 81/81/33 83/83/35 82/82/34
f 84/84/36 82/82/34 83/83/35
f 83/83/35 85/85/37 84/84/36
f 86/86/38 84/84/36 85/85/37
f 85/85/37 87/87/39 86/86/38
f 88/88/40 86/86/38 87/87/39
f 87/87/39 89/89/41 88/88/40
f 90/90/42 88/88/40 89/89/41
f 89/89/41 91/91/43 90/90/42
f 92/92/44 90/90/42 91/91/43
f 91/91/43 93/93/45 92/92/44
f 94/94/46 92/92/44 93/93/45
f 93/93/45 95/95/47 94/94/46
f 96/96/48 94/94/46 95/95/47
f 95/95/47 97/97/49 96/96/48
f 98/98/50 96/96/48 97/97/49
f 97/97/49 99/99/51 98/98/50
f 100/100/52 98/98/50 99/99/51
f 99/99/51 101/101/53 100/100/52
f 102/102/54 100/100/52 101/101/53
f 101/101/53 103/103/55 102/102/54
f 104/104/56 102/102/54 103/103/55
f 103/103/55 105/105/57 104/104/56
f 106/106/58 104/104/56 105/105/57
f 105/105/57 107/107/59 106/106/58
f 108/108/60 106/106/58 107/107/59
f 107/107/59 109/109/61 108/108/60
f 110/110/62 108/108/60 109/109/61
f 109/109/61 111/111/63 110/110/62
f 112/112/64 110/110/62 111/111/63
f 111/111/63 113/113/65 112/112/64
f 114/114/66 112/112/64 113/113/65
f 113/113/65 115/115/67 114/114/66
f 116/116/68 114/114/66 115/115/67
f 115/115/67 117/117/69 116/116/68
f 118/118/70 116/116/68 117/117/69
f 117/117/69 119/119/71 118/118/70
f 120/120/72 118/118/70 119/119/71
f 119/119/71 121/121/73 120/120/72
f 122/122/74 120/120/72 121/121/73
f 121/121/73 123/123/75 122/122/74
f 124/124/76 122/122/74 123/123/75
f 123/123/75 125/125/77 124/124/76
f 126/126/78 124/124/76 125/125/77
f 125/125/77 127/127/79 126/126/78
f 128/128/80 126/126/78 127/127/79
f 127/127/79 129/129/81 128/128/80
f 130/130/82 128/128/80 129/129/81
f 129/129/81 131/131/83 130/130/82
f 132/132/84 130/130/82 131/131/83
f 131/131/83 133/133/85 132/132/84
f 134/134/86 132/132/84 133/133/85
f 133/133/85 135/135/87 134/134/86
f 136/136/88 134/134/86 135/135/87
f 135/135/87 137/137/89 136/136/88
f 138/138/90 136/136/88 137/137/89
f 137/137/89 139/139/91 138/138/90
f 140/140/92 138/138/90 139/139/91
f 139/139/91 141/141/93 140/140/92
f 142/142/94 140/140/92 141/141/93
f 141/141/93 143/143/95 142/142/94
f 144/144/96 142/142/94 143/143/95
f 143/143/95 145/145/97 144/144/96
f 51/51/3 144/144/96 145/145/97
f 145/145/97 52/52/4 51/51/3
f 146/146/1 147/147/1 148/148/1
f 149/149/1 146/146/1 148/148/1
f 150/150/1 149/149/1 148/148/1
f 151/151/1 150/150/1 148/148/1
f 152/152/1 151/151/1 148/148/1
f 153/153/1 152/152/1 148/148/1
f 154/154/1 153/153/1 148/148/1
f 155/155/1 154/154/1 148/148/1
f 156/156/1 155/155/1 148/148/1
f 157/157/1 156/156/1 148/148/1
f 158/158/1 157/157/1 148/148/1
f 159/159/1 158/158/1 148/148/1
f 160/160/1 159/159/1 148/148/1
f 161/161/1 160/160/1 148/148/1
f 162/162/1 161/161/1 148/148/1
f 163/163/1 162/162/1 148/148/1
f 164/164/1 163/163/1 148/148/1
f 165/165/1 164/164/1 148/148/1
f 166/166/1 165/165/1 148/148/1
f 167/167/1 166/166/1 148/148/1
f 168/168/1 167/167/1 148/148/1
f 169/169/1 168/168/1 148/148/1
f 170/170/1 169/169/1 148/148/1
f 171/171/1 170/170/1 148/148/1
f 172/172/1 171/171/1 148/148/1
f 173/173/1 172/172/1 148/148/1
f 174/174/1 173/173/1 148/148/1
f 175/175/1 174/174/1 148/148/1
f 176/176/1 175/175/1 148/148/1
f 177/177/1 176/176/1 148/148/1
f 178/178/1 177/177/1 148/148/1
f 179/179/1 178/178/1 148/148/1
f 180/180/1 179/179/1 148/148/1
f 181/181/1 180/180/1 148/148/1
f 182/182/1 181/181/1 148/148/1
f 183/183/1 182/182/1 148/148/1
f 184/184/1 183/183/1 148/148/1
f 185/185/1 184/184/1 148/148/1
f 186/186/1 185/185/1 148/148/1
f 187/187/1 186/186/1 148/148/1
f 188/188/1 187/187/1 148/148/1
f 189/189/1 188/188/1 148/148/1
f 190/190/1 189/189/1 148/148/1
f 191/191/1 190/190/1 148/148/1
f 192/192/1 191/191/1 148/148/1
f 193/193/1 192/192/1 148/148/1
f 194/194/1 193/193/1 148/148/1
f 147/147/1 194/194/1 148/148/1
f 195/195/2 196/3/3 197/38/4
f 197/38/4 198/196/5 195/195/2
f 199/197/6 195/195/2 198/196/5
f 198/196/5 200/198/7 199/197/6
f 201/199/8 199/197/6 200/198/7
f 200/198/7 202/200/9 201/199/8
f 203/201/10 201/199/8 202/200/9
f 202/200/9 204/202/11 203/201/10
f 205/203/12 203/201/10 204/202/11
f 204/202/11 206/204/13 205/203/12
f 207/205/14 205/203/12 206/204/13
f 206/204/13 208/206/15 207/205/14
f 209/207/16 207/205/14 208/206/15
f 208/206/15 210/208/17 209/207/16
f 211/209/18 209/207/16 210/208/17
f 210/208/17 212/210/19 211/209/18
f 213/211/98 211/209/18 212/210/19
f 212/210/19 214/212/99 213/211/98
f 215/213/100 213/211/98 214/212/99
f 214/212/99 216/214/23 215/213/100
f 217/215/24 215/213/100 216/214/23
f 216/214/23 218/216/25 217/215/24
f 219/217/26 217/215/24 218/216/25
f 218/216/25 220/217/27 219/217/26
f 221/218/28 219/217/26 220/217/27
f 220/217/27 222/219/29 221/218/28
f 223/220/30 221/218/28 222/219/29
f 222/219/29 224/221/31 223/220/30
f 225/222/32 223/220/30 224/221/31
f 224/221/31 226/223/101 225/222/32
f 227/224/34 225/222/32 226/223/101
f 226/223/101 228/225/35 227/224/34
f 229/226/36 227/224/34 228/225/35
f 228/225/35 230/227/102 229/226/36
f 231/228/38 229/226/36 230/227/102
f 230/227/102 232/229/39 231/228/38
f 233/226/103 231/228/38 232/229/39
f 232/229/39 234/227/41 233/226/103
f 235/224/42 233/226/103 234/227/41
f 234/227/41 236/225/43 235/224/42
f 237/222/44 235/224/42 236/225/43
f 236/225/43 238/223/45 237/222/44
f 239/220/46 237/222/44 238/223/45
f 238/223/45 240/221/47 239/220/46
f 241/218/48 239/220/46 240/221/47
f 240/221/47 242/219/49 241/218/48
f 243/230/50 241/218/48 242/219/49
f 242/219/49 244/231/51 243/230/50
f 245/215/52 243/230/50 244/231/51
f 244/231/51 246/216/53 245/215/52
f 247/213/54 245/215/52 246/216/53
f 246/216/53 248/214/55 247/213/54
f 249/211/56 247/213/54 248/214/55
f 248/214/55 250/212/57 249/211/56
f 251/209/58 249/211/56 250/212/57
f 250/212/57 252/210/59 251/209/58
f 253/207/60 251/209/58 252/210/59
f 252/210/59 254/208/61 253/207/60
f 255/205/62 253/207/60 254/208/61
f 254/208/61 256/206/63 255/205/62
f 257/203/104 255/205/62 256/206/63
f 256/206/63 258/204/65 257/203/104
f 259/201/66 257/203/104 258/204/65
f 258/204/65 260/202/67 259/201/66
f 261/199/68 259/201/66 260/202/67
f 260/202/67 262/200/69 261/199/68
f 263/197/70 261/199/68 262/200/69
f 262/200/69 264/198/71 263/197/70
f 265/195/72 263/197/70 264/198/71
f 264/198/71 266/196/73 265/195/72
f 267/3/74 265/195/72 266/196/73
f 266/196/73 268/38/75 267/3/74
f 269/232/76 267/3/74 268/38/75
f 268/38/75 270/233/77 269/232/76
f 271/234/78 269/232/76 270/233/77
f 270/233/77 272/235/79 271/234/78
f 273/236/80 271/234/78 272/235/79
f 272/235/79 274/237/81 273/236/80
f 275/238/82 273/236/80 274/237/81
f 274/237/81 276/239/83 275/238/82
f 277/240/84 275/238/82 276/239/83
f 276/239/83 278/241/85 277/240/84
f 279/242/86 277/240/84 278/241/85
f 278/241/85 280/243/87 279/242/86
f 281/240/105 279/242/86 280/243/87
f 280/243/87 282/241/89 281/240/105
f 283/238/90 281/240/105 282/241/89
f 282/241/89 284/239/91 283/238/90
f 285/236/92 283/238/90 284/239/91
f 284/239/91 286/237/93 285/236/92
f 287/234/94 285/236/92 286/237/93
f 286/237/93 288/235/95 287/234/94
f 289/232/96 287/234/94 288/235/95
f 288/235/95 290/233/97 289/232/96
f 196/3/3 289/232/96 290/233/97
f 290/233/97 197/38/4 196/3/3
f 291/244/1 292/245/1 293/246/1
f 294/247/1 291/244/1 293/246/1
f 295/248/1 294/247/1 293/246/1
f 296/249/1 295/248/1 293/246/1
f 297/250/1 296/249/1 293/246/1
f 298/251/1 297/250/1 293/246/1
f 299/252/1 298/251/1 293/246/1
f 300/253/1 299/252/1 293/246/1
f 301/254/1 300/253/1 293/246/1
f 302/255/1 301/254/1 293/246/1
f 303/256/1 302/255/1 293/246/1
f 304/257/1 303/256/1 293/246/1
f 305/258/1 304/257/1 293/246/1
f 306/259/1 305/258/1 293/246/1
f 307/260/1 306/259/1 293/246/1
f 308/261/1 307/260/1 293/246/1
f 309/262/1 308/261/1 293/246/1
f 310/263/1 309/262/1 293/246/1
f 311/264/1 310/263/1 293/246/1
f 312/265/1 311/264/1 293/246/1
f 313/266/1 312/265/1 293/246/1
f 314/267/1 313/266/1 293/246/1
f 315/268/1 314/267/1 293/246/1
f 316/269/1 315/268/1 293/246/1
f 317/270/1 316/269/1 293/246/1
f 318/271/1 317/270/1 293/246/1
f 319/272/1 318/271/1 293/246/1
f 320/273/1 319/272/1 293/246/1
f 321/274/1 320/273/1 293/246/1
f 322/275/1 321/274/1 293/246/1
f 323/276/1 322/275/1 293/246/1
f 324/277/1 323/276/1 293/246/1
f 325/278/1 324/277/1 293/246/1
f 326/279/1 325/278/1 293/246/1
f 327/280/1 326/279/1 293/246/1
f 328/281/1 327/280/1 293/246/1
f 329/282/1 328/281/1 293/246/1
f 330/283/1 329/282/1 293/246/1
f 331/284/1 330/283/1 293/246/1
f 332/285/1 331/284/1 293/246/1
f 333/286/1 332/285/1 293/246/1
f 334/287/1 333/286/1 293/246/1
f 335/288/1 334/287/1 293/246/1
f 336/289/1 335/288/1 293/246/1
f 337/290/1 336/289/1 293/246/1
f 338/291/1 337/290/1 293/246/1
f 339/292/1 338/291/1 293/246/1
f 292/245/1 339/292/1 293/246/1
f 340/293/2 341/294/3 342/295/4
f 342/295/4 343/296/5 340/293/2
f 344/297/6 340/293/2 343/296/5
f 343/296/5 345/298/7 344/297/6
f 346/299/8 344/297/6 345/298/7
f 345/298/7 347/300/106 346/299/8
f 348/301/10 346/299/8 347/300/106
f 347/300/106 349/302/11 348/301/10
f 350/303/12 348/301/10 349/302/11
f 349/302/11 351/304/13 350/303/12
f 352/305/14 350/303/12 351/304/13
f 351/304/13 353/306/15 352/305/14
f 354/307/107 352/305/14 353/306/15
f 353/306/15 355/308/17 354/307/107
f 356/309/18 354/307/107 355/308/17
f 355/308/17 357/310/19 356/309/18
f 358/311/98 356/309/18 357/310/19
f 357/310/19 359/312/21 358/311/98
f 360/313/100 358/311/98 359/312/21
f 359/312/21 361/314/23 360/313/100
f 362/315/24 360/313/100 361/314/23
f 361/314/23 363/316/25 362/315/24
f 364/317/26 362/315/24 363/316/25
f 363/316/25 365/318/27 364/317/26
f 366/319/28 364/317/26 365/318/27
f 365/318/27 367/320/29 366/319/28
f 368/321/30 366/319/28 367/320/29
f 367/320/29 369/322/31 368/321/30
f 370/323/32 368/321/30 369/322/31
f 369/322/31 371/324/33 370/323/32
f 372/325/34 370/323/32 371/324/33
f 371/324/33 373/326/35 372/325/34
f 374/327/36 372/325/34 373/326/35
f 373/326/35 375/328/37 374/327/36
f 376/329/38 374/327/36 375/328/37
f 375/328/37 377/330/39 376/329/38
f 378/331/40 376/329/38 377/330/39
f 377/330/39 379/332/41 378/331/40
f 380/333/42 378/331/40 379/332/41
f 379/332/41 381/334/43 380/333/42
f 382/335/108 380/333/42 381/334/43
f 381/334/43 383/336/45 382/335/108
f 384/337/46 382/335/108 383/336/45
f 383/336/45 385/338/47 384/337/46
f 386/339/48 384/337/46 385/338/47
f 385/338/47 387/340/49 386/339/48
f 388/341/50 386/339/48 387/340/49
f 387/340/49 389/342/51 388/341/50
f 390/343/52 388/341/50 389/342/51
f 389/342/51 391/344/53 390/343/52
f 392/345/54 390/343/52 391/344/53
f 391/344/53 393/346/55 392/345/54
f 394/347/56 392/345/54 393/346/55
f 393/346/55 395/348/109 394/347/56
f 396/349/58 394/347/56 395/348/109
f 395/348/109 397/350/59 396/349/58
f 398/351/60 396/349/58 397/350/59
f 397/350/59 399/352/61 398/351/60
f 400/353/62 398/351/60 399/352/61
f 399/352/61 401/354/63 400/353/62
f 402/355/64 400/353/62 401/354/63
f 401/354/63 403/356/65 402/355/64
f 404/357/66 402/355/64 403/356/65
f 403/356/65 405/358/67 404/357/66
f 406/359/68 404/357/66 405/358/67
f 405/358/67 407/360/69 406/359/68
f 408/361/70 406/359/68 407/360/69
f 407/360/69 409/362/71 408/361/70
f 410/363/72 408/361/70 409/362/71
f 409/362/71 411/364/73 410/363/72
f 412/148/74 410/363/72 411/364/73
f 411/364/73 413/183/75 412/148/74
f 414/365/76 412/148/74 413/183/75
f 413/183/75 415/366/77 414/365/76
f 416/367/78 414/365/76 415/366/77
f 415/366/77 417/368/79 416/367/78
f 418/369/80 416/367/78 417/368/79
f 417/368/79 419/370/81 418/369/80
f 420/371/82 418/369/80 419/370/81
f 419/370/81 421/372/83 420/371/82
f 422/373/84 420/371/82 421/372/83
f 421/372/83 423/374/110 422/373/84
f 424/375/86 422/373/84 423/374/110
f 423/374/110 425/376/87 424/375/86
f 426/377/88 424/375/86 425/376/87
f 425/376/87 427/378/89 426/377/88
f 428/379/90 426/377/88 427/378/89
f 427/378/89 429/380/91 428/379/90
f 430/381/111 428/379/90 429/380/91
f 429/380/91 431/382/93 430/381/111
f 432/383/94 430/381/111 431/382/93
f 431/382/93 433/384/95 432/383/94
f 434/385/96 432/383/94 433/384/95
f 433/384/95 435/386/97 434/385/96
f 341/294/3 434/385/96 435/386/97
f 435/386/97 342/295/4 341/294/3
f 438/387/1 437/388/1 436/389/1
f 436/389/1 439/390/1 438/387/1
f 442/391/112 441/392/112 440/393/112
f 440/393/112 443/394/112 442/391/112
f 446/395/113 445/396/113 444/397/113
f 444/397/113 447/398/113 446/395/113
f 450/399/114 449/400/114 448/401/114
f 448/401/114 451/402/114 450/399/114
f 454/403/115 453/404/115 452/405/115
f 452/405/115 455/406/115 454/403/115
f 458/407/1 457/408/1 456/390/1
f 456/390/1 459/409/1 458/407/1
f 457/408/1 461/410/1 460/411/1
f 460/411/1 456/390/1 457/408/1
f 461/410/1 463/412/1 462/413/1
f 462/413/1 460/411/1 461/410/1
f 463/412/1 458/407/1 459/409/1
f 459/409/1 462/413/1 463/412/1
f 466/414/112 465/415/112 464/416/112
f 464/416/112 467/417/112 466/414/112
f 470/418/113 469/419/113 468/420/113
f 468/420/113 471/421/113 470/418/113
f 474/422/115 473/423/115 472/424/115
f 472/424/115 475/425/115 474/422/115
f 478/426/112 477/427/112 476/428/112
f 476/428/112 479/429/112 478/426/112
f 482/430/113 481/431/113 480/432/113
f 480/432/113 483/433/113 482/430/113
f 486/434/115 485/435/115 484/436/115
f 484/436/115 487/437/115 486/434/115
f 490/438/112 489/439/112 488/440/112
f 488/440/112 491/441/112 490/438/112
f 494/442/113 493/443/113 492/444/113
f 492/444/113 495/445/113 494/442/113
f 498/446/115 497/447/115 496/448/115
f 496/448/115 499/449/115 498/446/115
f 500/450/112 501/451/112 502/452/112
f 502/452/112 503/453/112 500/450/112
f 504/454/1 505/455/1 506/456/1
f 506/456/1 507/457/1 504/454/1
f 508/458/113 509/459/113 510/460/113
f 510/460/113 511/461/113 508/458/113
f 512/462/116 513/463/116 514/464/116
f 514/464/116 515/465/116 512/462/116
f 516/466/115 517/467/115 518/468/115
f 518/468/115 519/469/115 516/466/115
f 513/463/116 521/470/116 520/471/116
f 523/388/116 522/472/116 514/464/116
f 520/471/116 523/388/116 514/464/116
f 514/464/116 513/463/116 520/471/116
f 525/473/1 524/474/1 506/456/1
f 505/455/1 527/475/1 526/476/1
f 526/476/1 525/473/1 506/456/1
f 506/456/1 505/455/1 526/476/1
f 530/477/114 529/478/114 528/479/114
f 528/479/114 531/393/114 530/477/114
f 534/480/112 533/481/112 532/482/112
f 532/482/112 535/483/112 534/480/112
f 538/484/112 537/485/112 536/486/112
f 536/486/112 539/487/112 538/484/112
f 542/488/112 541/489/112 540/490/112
f 540/490/112 543/491/112 542/488/112
f 546/492/112 545/493/112 544/494/112
f 544/494/112 547/401/112 546/492/112
f 550/495/113 549/496/113 548/497/113
f 548/497/113 551/498/113 550/495/113
f 552/499/113 550/495/113 551/498/113
f 551/498/113 553/500/113 552/499/113
f 554/501/113 552/499/113 553/500/113
f 553/500/113 555/502/113 554/501/113
f 558/503/115 557/504/115 556/505/115
f 556/505/115 559/398/115 558/503/115
f 557/504/115 561/506/115 560/507/115
f 560/507/115 556/505/115 557/504/115
f 561/506/115 563/508/115 562/509/115
f 562/509/115 560/507/115 561/506/115
f 566/510/116 565/511/116 564/512/116
f 564/512/116 567/513/116 566/510/116
f 568/514/116 566/510/116 567/513/116
f 567/513/116 569/515/116 568/514/116
f 570/516/116 568/514/116 569/515/116
f 569/515/116 571/517/116 570/516/116
f 565/511/116 570/516/116 571/517/116
f 571/517/116 564/512/116 565/511/116
f 572/518/116 573/519/116 574/520/116
f 574/520/116 575/521/116 572/518/116
f 576/522/112 577/523/112 578/524/112
f 578/524/112 579/525/112 576/522/112
f 580/526/113 581/527/113 582/528/113
f 582/528/113 583/529/113 580/526/113
f 584/530/114 585/531/114 586/532/114
f 586/532/114 587/533/114 584/530/114
f 588/534/115 589/535/115 590/536/115
f 590/536/115 591/537/115 588/534/115
f 592/538/52 593/539/50 594/540/117
f 594/540/117 595/541/53 592/538/52
f 596/542/54 592/538/52 595/541/53
f 595/541/53 597/543/55 596/542/54
f 598/544/56 596/542/54 597/543/55
f 597/543/55 599/545/57 598/544/56
f 600/546/58 598/544/56 599/545/57
f 599/545/57 601/547/59 600/546/58
f 602/548/60 600/546/58 601/547/59
f 601/547/59 603/549/118 602/548/60
f 604/550/119 602/548/60 603/549/118
f 603/549/118 605/551/63 604/550/119
f 606/552/64 604/550/119 605/551/63
f 605/551/63 607/553/65 606/552/64
f 608/554/120 606/552/64 607/553/65
f 607/553/65 609/555/67 608/554/120
f 610/556/121 608/554/120 609/555/67
f 609/555/67 611/557/69 610/556/121
f 612/558/70 610/556/121 611/557/69
f 611/557/69 613/559/122 612/558/70
f 614/560/72 612/558/70 613/559/122
f 613/559/122 615/561/123 614/560/72
f 616/562/74 614/560/72 615/561/123
f 615/561/123 617/563/75 616/562/74
f 618/564/76 616/562/74 617/563/75
f 617/563/75 619/565/77 618/564/76
f 620/566/124 618/564/76 619/565/77
f 619/565/77 621/567/125 620/566/124
f 622/568/80 620/566/124 621/567/125
f 621/567/125 623/569/81 622/568/80
f 624/570/82 622/568/80 623/569/81
f 623/569/81 625/571/126 624/570/82
f 626/572/84 624/570/82 625/571/126
f 625/571/126 627/573/85 626/572/84
f 628/574/86 626/572/84 627/573/85
f 627/573/85 629/575/87 628/574/86
f 630/576/88 628/574/86 629/575/87
f 629/575/87 631/577/89 630/576/88
f 632/578/90 630/576/88 631/577/89
f 631/577/89 633/579/91 632/578/90
f 634/580/92 632/578/90 633/579/91
f 633/579/91 635/581/93 634/580/92
f 636/582/94 634/580/92 635/581/93
f 635/581/93 637/583/127 636/582/94
f 638/584/96 636/582/94 637/583/127
f 637/583/127 639/585/97 638/584/96
f 640/586/128 638/584/96 639/585/97
f 639/585/97 641/587/129 640/586/128
f 642/588/2 640/586/128 641/587/129
f 641/587/129 643/589/5 642/588/2
f 644/590/6 642/588/2 643/589/5
f 643/589/5 645/591/130 644/590/6
f 646/592/8 644/590/6 645/591/130
f 645/591/130 647/593/9 646/592/8
f 648/594/10 646/592/8 647/593/9
f 647/593/9 649/595/11 648/594/10
f 650/596/12 648/594/10 649/595/11
f 649/595/11 651/597/131 650/596/12
f 652/598/14 650/596/12 651/597/131
f 651/597/131 653/599/15 652/598/14
f 654/600/107 652/598/14 653/599/15
f 653/599/15 655/601/17 654/600/107
f 656/602/18 654/600/107 655/601/17
f 655/601/17 657/603/19 656/602/18
f 658/604/20 656/602/18 657/603/19
f 657/603/19 659/605/21 658/604/20
f 660/606/100 658/604/20 659/605/21
f 659/605/21 661/607/132 660/606/100
f 662/608/24 660/606/100 661/607/132
f 661/607/132 663/609/133 662/608/24
f 664/610/134 662/608/24 663/609/133
f 663/609/133 665/611/135 664/610/134
f 666/612/28 664/610/134 665/611/135
f 665/611/135 667/613/29 666/612/28
f 668/614/136 666/612/28 667/613/29
f 667/613/29 669/615/31 668/614/136
f 670/616/32 668/614/136 669/615/31
f 669/615/31 671/617/33 670/616/32
f 672/618/34 670/616/32 671/617/33
f 671/617/33 673/619/35 672/618/34
f 674/620/36 672/618/34 673/619/35
f 673/619/35 675/621/102 674/620/36
f 676/622/38 674/620/36 675/621/102
f 675/621/102 677/623/39 676/622/38
f 678/624/40 676/622/38 677/623/39
f 677/623/39 679/625/41 678/624/40
f 680/626/137 678/624/40 679/625/41
f 679/625/41 681/627/43 680/626/137
f 682/628/44 680/626/137 681/627/43
f 681/627/43 683/629/45 682/628/44
f 684/630/46 682/628/44 683/629/45
f 683/629/45 685/631/138 684/630/46
f 686/632/48 684/630/46 685/631/138
f 685/631/138 687/633/49 686/632/48
f 593/539/50 686/632/48 687/633/49
f 687/633/49 594/540/117 593/539/50
f 690/634/129 689/635/128 688/636/2
f 688/636/2 691/637/5 690/634/129
f 691/637/5 688/636/2 692/638/6
f 692/638/6 693/639/7 691/637/5
f 693/639/7 692/638/6 694/640/8
f 694/640/8 695/641/9 693/639/7
f 695/641/9 694/640/8 696/642/10
f 696/642/10 697/643/11 695/641/9
f 697/643/11 696/642/10 698/644/12
f 698/644/12 699/645/131 697/643/11
f 699/645/131 698/644/12 700/646/139
f 700/646/139 701/647/140 699/645/131
f 701/647/140 700/646/139 702/648/107
f 702/648/107 703/649/17 701/647/140
f 703/649/17 702/648/107 704/650/18
f 704/650/18 705/651/19 703/649/17
f 705/651/19 704/650/18 706/652/20
f 706/652/20 707/653/21 705/651/19
f 707/653/21 706/652/20 708/654/22
f 708/654/22 709/655/23 707/653/21
f 709/655/23 708/654/22 710/656/24
f 710/656/24 711/657/25 709/655/23
f 711/657/25 710/656/24 712/658/134
f 712/658/134 713/659/135 711/657/25
f 713/659/135 712/658/134 714/660/28
f 714/660/28 715/661/29 713/659/135
f 715/661/29 714/660/28 716/662/30
f 716/662/30 717/663/31 715/661/29
f 717/663/31 716/662/30 718/664/32
f 718/664/32 719/665/33 717/663/31
f 719/665/33 718/664/32 720/666/34
f 720/666/34 721/667/35 719/665/33
f 721/667/35 720/666/34 722/668/36
f 722/668/36 723/669/102 721/667/35
f 723/669/102 722/668/36 724/670/141
f 724/670/141 725/671/142 723/669/102
f 725/671/142 724/670/141 726/672/40
f 726/672/40 727/673/41 725/671/142
f 727/673/41 726/672/40 728/674/42
f 728/674/42 729/675/43 727/673/41
f 729/675/43 728/674/42 730/676/44
f 730/676/44 731/677/45 729/675/43
f 731/677/45 730/676/44 732/678/46
f 732/678/46 733/679/47 731/677/45
f 733/679/47 732/678/46 734/680/48
f 734/680/48 735/681/49 733/679/47
f 735/681/49 734/680/48 736/682/143
f 736/682/143 737/683/117 735/681/49
f 737/683/117 736/682/143 738/684/52
f 738/684/52 739/685/53 737/683/117
f 739/685/53 738/684/52 740/686/54
f 740/686/54 741/687/55 739/685/53
f 741/687/55 740/686/54 742/688/144
f 742/688/144 743/689/57 741/687/55
f 743/689/57 742/688/144 744/690/58
f 744/690/58 745/691/59 743/689/57
f 745/691/59 744/690/58 746/692/60
f 746/692/60 747/693/118 745/691/59
f 747/693/118 746/692/60 748/694/62
f 748/694/62 749/695/145 747/693/118
f 749/695/145 748/694/62 750/696/64
f 750/696/64 751/697/65 749/695/145
f 751/697/65 750/696/64 752/698/66
f 752/698/66 753/699/67 751/697/65
f 753/699/67 752/698/66 754/700/121
f 754/700/121 755/701/69 753/699/67
f 755/701/69 754/700/121 756/702/70
f 756/702/70 757/703/71 755/701/69
f 757/703/71 756/702/70 758/704/72
f 758/704/72 759/705/73 757/703/71
f 759/705/73 758/704/72 760/706/146
f 760/706/146 761/707/147 759/705/73
f 761/707/147 760/706/146 762/708/76
f 762/708/76 763/709/77 761/707/147
f 763/709/77 762/708/76 764/710/78
f 764/710/78 765/711/79 763/709/77
f 765/711/79 764/710/78 766/712/80
f 766/712/80 767/713/81 765/711/79
f 767/713/81 766/712/80 768/714/82
f 768/714/82 769/715/83 767/713/81
f 769/715/83 768/714/82 770/716/84
f 770/716/84 771/717/85 769/715/83
f 771/717/85 770/716/84 772/718/148
f 772/718/148 773/719/149 771/717/85
f 773/719/149 772/718/148 774/720/88
f 774/720/88 775/721/89 773/719/149
f 775/721/89 774/720/88 776/722/90
f 776/722/90 777/723/91 775/721/89
f 777/723/91 776/722/90 778/724/92
f 778/724/92 779/725/93 777/723/91
f 779/725/93 778/724/92 780/726/94
f 780/726/94 781/727/95 779/725/93
f 781/727/95 780/726/94 782/728/96
f 782/728/96 783/729/97 781/727/95
f 783/729/97 782/728/96 689/635/128
f 689/635/128 690/634/129 783/729/97
f 786/730/116 785/731/116 784/732/116
f 784/732/116 787/733/116 786/730/116
f 789/734/116 788/735/116 785/731/116
f 785/731/116 786/730/116 789/734/116
f 791/736/116 790/737/116 788/735/116
f 788/735/116 789/734/116 791/736/116
f 793/738/116 792/739/116 790/737/116
f 790/737/116 791/736/116 793/738/116
f 795/740/116 794/741/116 792/739/116
f 792/739/116 793/738/116 795/740/116
f 797/742/116 796/743/116 794/741/116
f 794/741/116 795/740/116 797/742/116
f 799/744/116 798/745/116 796/743/116
f 796/743/116 797/742/116 799/744/116
f 801/746/116 800/747/116 798/745/116
f 798/745/116 799/744/116 801/746/116
f 803/748/116 802/749/116 800/747/116
f 800/747/116 801/746/116 803/748/116
f 805/750/116 804/751/116 802/749/116
f 802/749/116 803/748/116 805/750/116
f 807/752/116 806/753/116 804/751/116
f 804/751/116 805/750/116 807/752/116
f 809/754/116 808/563/116 806/753/116
f 806/753/116 807/752/116 809/754/116
f 811/755/116 810/756/116 808/563/116
f 808/563/116 809/754/116 811/755/116
f 813/757/116 812/758/116 810/756/116
f 810/756/116 811/755/116 813/757/116
f 815/759/116 814/760/116 812/758/116
f 812/758/116 813/757/116 815/759/116
f 817/761/116 816/762/116 814/760/116
f 814/760/116 815/759/116 817/761/116
f 819/763/116 818/764/116 816/762/116
f 816/762/116 817/761/116 819/763/116
f 821/765/116 820/766/116 818/764/116
f 818/764/116 819/763/116 821/765/116
f 823/767/116 822/768/116 820/766/116
f 820/766/116 821/765/116 823/767/116
f 825/769/116 824/770/116 822/768/116
f 822/768/116 823/767/116 825/769/116
f 827/771/116 826/772/116 824/770/116
f 824/770/116 825/769/116 827/771/116
f 829/773/116 828/774/116 826/772/116
f 826/772/116 827/771/116 829/773/116
f 831/775/116 830/776/116 828/774/116
f 828/774/116 829/773/116 831/775/116
f 833/777/116 832/778/116 830/776/116
f 830/776/116 831/775/116 833/777/116
f 835/779/116 834/780/116 832/778/116
f 832/778/116 833/777/116 835/779/116
f 837/781/116 836/782/116 834/780/116
f 834/780/116 835/779/116 837/781/116
f 839/783/116 838/784/116 836/782/116
f 836/782/116 837/781/116 839/783/116
f 841/785/116 840/786/116 838/784/116
f 838/784/116 839/783/116 841/785/116
f 843/787/116 842/788/116 840/786/116
f 840/786/116 841/785/116 843/787/116
f 845/789/116 844/790/116 842/788/116
f 842/788/116 843/787/116 845/789/116
f 847/791/116 846/792/116 844/790/116
f 844/790/116 845/789/116 847/791/116
f 849/793/116 848/794/116 846/792/116
f 846/792/116 847/791/116 849/793/116
f 851/795/116 850/796/116 848/794/116
f 848/794/116 849/793/116 851/795/116
f 853/797/116 852/798/116 850/796/116
f 850/796/116 851/795/116 853/797/116
f 855/799/116 854/800/116 852/798/116
f 852/798/116 853/797/116 855/799/116
f 857/801/116 856/562/116 854/800/116
f 854/800/116 855/799/116 857/801/116
f 859/802/116 858/803/116 856/562/116
f 856/562/116 857/801/116 859/802/116
f 861/804/116 860/805/116 858/803/116
f 858/803/116 859/802/116 861/804/116
f 863/806/116 862/807/116 860/805/116
f 860/805/116 861/804/116 863/806/116
f 865/808/116 864/809/116 862/807/116
f 862/807/116 863/806/116 865/808/116
f 867/810/116 866/811/116 864/809/116
f 864/809/116 865/808/116 867/810/116
f 869/812/116 868/813/116 866/811/116
f 866/811/116 867/810/116 869/812/116
f 871/814/116 870/815/116 868/813/116
f 868/813/116 869/812/116 871/814/116
f 873/816/116 872/817/116 870/815/116
f 870/815/116 871/814/116 873/816/116
f 875/818/116 874/819/116 872/817/116
f 872/817/116 873/816/116 875/818/116
f 877/820/116 876/821/116 874/819/116
f 874/819/116 875/818/116 877/820/116
f 879/822/116 878/823/116 876/821/116
f 876/821/116 877/820/116 879/822/116
f 787/733/116 784/732/116 878/823/116
f 878/823/116 879/822/116 787/733/116
f 880/824/52 881/825/143 882/826/117
f 882/826/117 883/827/53 880/824/52
f 884/828/150 880/824/52 883/827/53
f 883/827/53 885/829/151 884/828/150
f 886/830/56 884/828/150 885/829/151
f 885/829/151 887/831/57 886/830/56
f 888/832/58 886/830/56 887/831/57
f 887/831/57 889/833/59 888/832/58
f 890/834/60 888/832/58 889/833/59
f 889/833/59 891/835/118 890/834/60
f 892/836/62 890/834/60 891/835/118
f 891/835/118 893/837/63 892/836/62
f 894/838/64 892/836/62 893/837/63
f 893/837/63 895/839/65 894/838/64
f 896/840/152 894/838/64 895/839/65
f 895/839/65 897/841/67 896/840/152
f 898/842/68 896/840/152 897/841/67
f 897/841/67 899/843/69 898/842/68
f 900/844/70 898/842/68 899/843/69
f 899/843/69 901/845/122 900/844/70
f 902/846/72 900/844/70 901/845/122
f 901/845/122 903/847/123 902/846/72
f 904/848/146 902/846/72 903/847/123
f 903/847/123 905/849/147 904/848/146
f 906/850/76 904/848/146 905/849/147
f 905/849/147 907/851/77 906/850/76
f 908/852/124 906/850/76 907/851/77
f 907/851/77 909/853/79 908/852/124
f 910/854/80 908/852/124 909/853/79
f 909/853/79 911/855/81 910/854/80
f 912/856/82 910/854/80 911/855/81
f 911/855/81 913/857/83 912/856/82
f 914/858/84 912/856/82 913/857/83
f 913/857/83 915/859/85 914/858/84
f 916/860/86 914/858/84 915/859/85
f 915/859/85 917/861/87 916/860/86
f 918/862/88 916/860/86 917/861/87
f 917/861/87 919/863/89 918/862/88
f 920/864/90 918/862/88 919/863/89
f 919/863/89 921/865/91 920/864/90
f 922/866/92 920/864/90 921/865/91
f 921/865/91 923/867/153 922/866/92
f 924/868/154 922/866/92 923/867/153
f 923/867/153 925/869/127 924/868/154
f 926/870/96 924/868/154 925/869/127
f 925/869/127 927/871/155 926/870/96
f 928/872/128 926/870/96 927/871/155
f 927/871/155 929/873/129 928/872/128
f 930/874/2 928/872/128 929/873/129
f 929/873/129 931/875/5 930/874/2
f 932/876/156 930/874/2 931/875/5
f 931/875/5 933/877/7 932/876/156
f 934/878/8 932/876/156 933/877/7
f 933/877/7 935/879/9 934/878/8
f 936/880/10 934/878/8 935/879/9
f 935/879/9 937/881/11 936/880/10
f 938/882/12 936/880/10 937/881/11
f 937/881/11 939/883/131 938/882/12
f 940/884/14 938/882/12 939/883/131
f 939/883/131 941/885/15 940/884/14
f 942/886/107 940/884/14 941/885/15
f 941/885/15 943/887/17 942/886/107
f 944/888/157 942/886/107 943/887/17
f 943/887/17 945/889/19 944/888/157
f 946/890/20 944/888/157 945/889/19
f 945/889/19 947/891/21 946/890/20
f 948/892/100 946/890/20 947/891/21
f 947/891/21 949/893/132 948/892/100
f 950/894/24 948/892/100 949/893/132
f 949/893/132 951/895/133 950/894/24
f 952/896/26 950/894/24 951/895/133
f 951/895/133 953/897/135 952/896/26
f 954/898/28 952/896/26 953/897/135
f 953/897/135 955/899/29 954/898/28
f 956/900/136 954/898/28 955/899/29
f 955/899/29 957/901/31 956/900/136
f 958/902/32 956/900/136 957/901/31
f 957/901/31 959/903/33 958/902/32
f 960/904/34 958/902/32 959/903/33
f 959/903/33 961/905/35 960/904/34
f 962/906/36 960/904/34 961/905/35
f 961/905/35 963/907/102 962/906/36
f 964/908/38 962/906/36 963/907/102
f 963/907/102 965/909/39 964/908/38
f 966/910/40 964/908/38 965/909/39
f 965/909/39 967/911/41 966/910/40
f 968/912/42 966/910/40 967/911/41
f 967/911/41 969/913/43 968/912/42
f 970/914/44 968/912/42 969/913/43
f 969/913/43 971/915/45 970/914/44
f 972/916/46 970/914/44 971/915/45
f 971/915/45 973/917/138 972/916/46
f 974/918/48 972/916/46 973/917/138
f 973/917/138 975/919/49 974/918/48
f 881/825/143 974/918/48 975/919/49
f 975/919/49 882/826/117 881/825/143
f 978/920/129 977/921/128 976/922/2
f 976/922/2 979/923/5 978/920/129
f 979/923/5 976/922/2 980/924/6
f 980/924/6 981/925/7 979/923/5
f 981/925/7 980/924/6 982/926/158
f 982/926/158 983/927/9 981/925/7
f 983/927/9 982/926/158 984/928/10
f 984/928/10 985/929/11 983/927/9
f 985/929/11 984/928/10 986/930/12
f 986/930/12 987/931/131 985/929/11
f 987/931/131 986/930/12 988/932/139
f 988/932/139 989/933/140 987/931/131
f 989/933/140 988/932/139 990/934/107
f 990/934/107 991/935/17 989/933/140
f 991/935/17 990/934/107 992/936/18
f 992/936/18 993/937/19 991/935/17
f 993/937/19 992/936/18 994/938/20
f 994/938/20 995/939/21 993/937/19
f 995/939/21 994/938/20 996/940/22
f 996/940/22 997/941/23 995/939/21
f 997/941/23 996/940/22 998/942/24
f 998/942/24 999/943/25 997/941/23
f 999/943/25 998/942/24 1000/944/134
f 1000/944/134 1001/945/135 999/943/25
f 1001/945/135 1000/944/134 1002/946/28
f 1002/946/28 1003/947/29 1001/945/135
f 1003/947/29 1002/946/28 1004/948/30
f 1004/948/30 1005/949/31 1003/947/29
f 1005/949/31 1004/948/30 1006/950/159
f 1006/950/159 1007/951/33 1005/949/31
f 1007/951/33 1006/950/159 1008/952/34
f 1008/952/34 1009/953/35 1007/951/33
f 1009/953/35 1008/952/34 1010/954/36
f 1010/954/36 1011/955/102 1009/953/35
f 1011/955/102 1010/954/36 1012/956/141
f 1012/956/141 1013/957/142 1011/955/102
f 1013/957/142 1012/956/141 1014/958/40
f 1014/958/40 1015/959/41 1013/957/142
f 1015/959/41 1014/958/40 1016/960/42
f 1016/960/42 1017/961/43 1015/959/41
f 1017/961/43 1016/960/42 1018/962/44
f 1018/962/44 1019/963/45 1017/961/43
f 1019/963/45 1018/962/44 1020/964/46
f 1020/964/46 1021/965/47 1019/963/45
f 1021/965/47 1020/964/46 1022/966/48
f 1022/966/48 1023/967/49 1021/965/47
f 1023/967/49 1022/966/48 1024/968/143
f 1024/968/143 1025/969/117 1023/967/49
f 1025/969/117 1024/968/143 1026/970/52
f 1026/970/52 1027/971/53 1025/969/117
f 1027/971/53 1026/970/52 1028/972/54
f 1028/972/54 1029/973/55 1027/971/53
f 1029/973/55 1028/972/54 1030/974/144
f 1030/974/144 1031/975/57 1029/973/55
f 1031/975/57 1030/974/144 1032/976/58
f 1032/976/58 1033/977/59 1031/975/57
f 1033/977/59 1032/976/58 1034/978/60
f 1034/978/60 1035/979/118 1033/977/59
f 1035/979/118 1034/978/60 1036/980/119
f 1036/980/119 1037/981/145 1035/979/118
f 1037/981/145 1036/980/119 1038/982/64
f 1038/982/64 1039/983/65 1037/981/145
f 1039/983/65 1038/982/64 1040/984/66
f 1040/984/66 1041/985/67 1039/983/65
f 1041/985/67 1040/984/66 1042/986/121
f 1042/986/121 1043/987/69 1041/985/67
f 1043/987/69 1042/986/121 1044/988/70
f 1044/988/70 1045/989/71 1043/987/69
f 1045/989/71 1044/988/70 1046/990/72
f 1046/990/72 1047/991/73 1045/989/71
f 1047/991/73 1046/990/72 1048/992/146
f 1048/992/146 1049/993/147 1047/991/73
f 1049/993/147 1048/992/146 1050/994/76
f 1050/994/76 1051/995/77 1049/993/147
f 1051/995/77 1050/994/76 1052/996/78
f 1052/996/78 1053/997/79 1051/995/77
f 1053/997/79 1052/996/78 1054/998/160
f 1054/998/160 1055/999/81 1053/997/79
f 1055/999/81 1054/998/160 1056/1000/82
f 1056/1000/82 1057/1001/83 1055/999/81
f 1057/1001/83 1056/1000/82 1058/1002/84
f 1058/1002/84 1059/1003/85 1057/1001/83
f 1059/1003/85 1058/1002/84 1060/1004/86
f 1060/1004/86 1061/1005/149 1059/1003/85
f 1061/1005/149 1060/1004/86 1062/1006/88
f 1062/1006/88 1063/1007/89 1061/1005/149
f 1063/1007/89 1062/1006/88 1064/1008/90
f 1064/1008/90 1065/1009/91 1063/1007/89
f 1065/1009/91 1064/1008/90 1066/1010/92
f 1066/1010/92 1067/1011/153 1065/1009/91
f 1067/1011/153 1066/1010/92 1068/1012/94
f 1068/1012/94 1069/1013/95 1067/1011/153
f 1069/1013/95 1068/1012/94 1070/1014/96
f 1070/1014/96 1071/1015/97 1069/1013/95
f 1071/1015/97 1070/1014/96 977/921/128
f 977/921/128 978/920/129 1071/1015/97
f 1074/1016/116 1073/1017/116 1072/1018/116
f 1072/1018/116 1075/1019/116 1074/1016/116
f 1077/1020/116 1076/1021/116 1073/1017/116
f 1073/1017/116 1074/1016/116 1077/1020/116
f 1079/1022/116 1078/1023/116 1076/1021/116
f 1076/1021/116 1077/1020/116 1079/1022/116
f 1081/1024/116 1080/1025/116 1078/1023/116
f 1078/1023/116 1079/1022/116 1081/1024/116
f 1083/1026/116 1082/1027/116 1080/1025/116
f 1080/1025/116 1081/1024/116 1083/1026/116
f 1085/1028/116 1084/1029/116 1082/1027/116
f 1082/1027/116 1083/1026/116 1085/1028/116
f 1087/1030/116 1086/1031/116 1084/1029/116
f 1084/1029/116 1085/1028/116 1087/1030/116
f 1089/1032/116 1088/1033/116 1086/1031/116
f 1086/1031/116 1087/1030/116 1089/1032/116
f 1091/1034/116 1090/1035/116 1088/1033/116
f 1088/1033/116 1089/1032/116 1091/1034/116
f 1093/1036/116 1092/1037/116 1090/1035/116
f 1090/1035/116 1091/1034/116 1093/1036/116
f 1095/1038/116 1094/1039/116 1092/1037/116
f 1092/1037/116 1093/1036/116 1095/1038/116
f 1097/872/116 1096/849/116 1094/1039/116
f 1094/1039/116 1095/1038/116 1097/872/116
f 1099/1040/116 1098/1041/116 1096/849/116
f 1096/849/116 1097/872/116 1099/1040/116
f 1101/1042/116 1100/1043/116 1098/1041/116
f 1098/1041/116 1099/1040/116 1101/1042/116
f 1103/1044/116 1102/1045/116 1100/1043/116
f 1100/1043/116 1101/1042/116 1103/1044/116
f 1105/1046/116 1104/1047/116 1102/1045/116
f 1102/1045/116 1103/1044/116 1105/1046/116
f 1107/1048/116 1106/1049/116 1104/1047/116
f 1104/1047/116 1105/1046/116 1107/1048/116
f 1109/1050/116 1108/1051/116 1106/1049/116
f 1106/1049/116 1107/1048/116 1109/1050/116
f 1111/1052/116 1110/1053/116 1108/1051/116
f 1108/1051/116 1109/1050/116 1111/1052/116
f 1113/1054/116 1112/1055/116 1110/1053/116
f 1110/1053/116 1111/1052/116 1113/1054/116
f 1115/1056/116 1114/1057/116 1112/1055/116
f 1112/1055/116 1113/1054/116 1115/1056/116
f 1117/1058/116 1116/1059/116 1114/1057/116
f 1114/1057/116 1115/1056/116 1117/1058/116
f 1119/1060/116 1118/1061/116 1116/1059/116
f 1116/1059/116 1117/1058/116 1119/1060/116
f 1121/1062/116 1120/1063/116 1118/1061/116
f 1118/1061/116 1119/1060/116 1121/1062/116
f 1123/1064/116 1122/1065/116 1120/1063/116
f 1120/1063/116 1121/1062/116 1123/1064/116
f 1125/1066/116 1124/1067/116 1122/1065/116
f 1122/1065/116 1123/1064/116 1125/1066/116
f 1127/1068/116 1126/1069/116 1124/1067/116
f 1124/1067/116 1125/1066/116 1127/1068/116
f 1129/1070/116 1128/1071/116 1126/1069/116
f 1126/1069/116 1127/1068/116 1129/1070/116
f 1131/1072/116 1130/1073/116 1128/1071/116
f 1128/1071/116 1129/1070/116 1131/1072/116
f 1133/1074/116 1132/1075/116 1130/1073/116
f 1130/1073/116 1131/1072/116 1133/1074/116
f 1135/1076/116 1134/1077/116 1132/1075/116
f 1132/1075/116 1133/1074/116 1135/1076/116
f 1137/1078/116 1136/1079/116 1134/1077/116
f 1134/1077/116 1135/1076/116 1137/1078/116
f 1139/1080/116 1138/1081/116 1136/1079/116
f 1136/1079/116 1137/1078/116 1139/1080/116
f 1141/1082/116 1140/1083/116 1138/1081/116
f 1138/1081/116 1139/1080/116 1141/1082/116
f 1143/1084/116 1142/1085/116 1140/1083/116
f 1140/1083/116 1141/1082/116 1143/1084/116
f 1145/1086/116 1144/848/116 1142/1085/116
f 1142/1085/116 1143/1084/116 1145/1086/116
f 1147/1087/116 1146/1088/116 1144/848/116
f 1144/848/116 1145/1086/116 1147/1087/116
f 1149/1089/116 1148/1090/116 1146/1088/116
f 1146/1088/116 1147/1087/116 1149/1089/116
f 1151/1091/116 1150/1092/116 1148/1090/116
f 1148/1090/116 1149/1089/116 1151/1091/116
f 1153/1093/116 1152/1094/116 1150/1092/116
f 1150/1092/116 1151/1091/116 1153/1093/116
f 1155/1095/116 1154/1096/116 1152/1094/116
f 1152/1094/116 1153/1093/116 1155/1095/116
f 1157/1097/116 1156/1098/116 1154/1096/116
f 1154/1096/116 1155/1095/116 1157/1097/116
f 1159/1099/116 1158/1100/116 1156/1098/116
f 1156/1098/116 1157/1097/116 1159/1099/116
f 1161/1101/116 1160/1102/116 1158/1100/116
f 1158/1100/116 1159/1099/116 1161/1101/116
f 1163/1103/116 1162/1104/116 1160/1102/116
f 1160/1102/116 1161/1101/116 1163/1103/116
f 1165/1105/116 1164/1106/116 1162/1104/116
f 1162/1104/116 1163/1103/116 1165/1105/116
f 1167/1107/116 1166/1108/116 1164/1106/116
f 1164/1106/116 1165/1105/116 1167/1107/116
f 1075/1019/116 1072/1018/116 1166/1108/116
f 1166/1108/116 1167/1107/116 1075/1019/116
f 1168/1109/52 1169/1110/143 1170/1111/117
f 1170/1111/117 1171/1112/53 1168/1109/52
f 1172/1113/54 1168/1109/52 1171/1112/53
f 1171/1112/53 1173/1114/55 1172/1113/54
f 1174/1115/56 1172/1113/54 1173/1114/55
f 1173/1114/55 1175/1116/57 1174/1115/56
f 1176/1117/58 1174/1115/56 1175/1116/57
f 1175/1116/57 1177/1118/59 1176/1117/58
f 1178/1119/60 1176/1117/58 1177/1118/59
f 1177/1118/59 1179/1120/118 1178/1119/60
f 1180/1121/62 1178/1119/60 1179/1120/118
f 1179/1120/118 1181/1122/63 1180/1121/62
f 1182/1123/64 1180/1121/62 1181/1122/63
f 1181/1122/63 1183/1124/65 1182/1123/64
f 1184/1125/66 1182/1123/64 1183/1124/65
f 1183/1124/65 1185/1126/67 1184/1125/66
f 1186/1127/121 1184/1125/66 1185/1126/67
f 1185/1126/67 1187/1128/69 1186/1127/121
f 1188/1129/70 1186/1127/121 1187/1128/69
f 1187/1128/69 1189/1130/71 1188/1129/70
f 1190/1131/72 1188/1129/70 1189/1130/71
f 1189/1130/71 1191/1132/73 1190/1131/72
f 1192/1133/74 1190/1131/72 1191/1132/73
f 1191/1132/73 1193/1134/75 1192/1133/74
f 1194/1135/76 1192/1133/74 1193/1134/75
f 1193/1134/75 1195/1136/77 1194/1135/76
f 1196/1137/124 1194/1135/76 1195/1136/77
f 1195/1136/77 1197/1138/79 1196/1137/124
f 1198/1139/80 1196/1137/124 1197/1138/79
f 1197/1138/79 1199/1140/81 1198/1139/80
f 1200/1141/82 1198/1139/80 1199/1140/81
f 1199/1140/81 1201/1142/126 1200/1141/82
f 1202/1143/84 1200/1141/82 1201/1142/126
f 1201/1142/126 1203/1144/85 1202/1143/84
f 1204/1145/86 1202/1143/84 1203/1144/85
f 1203/1144/85 1205/1146/87 1204/1145/86
f 1206/1147/88 1204/1145/86 1205/1146/87
f 1205/1146/87 1207/1148/89 1206/1147/88
f 1208/1149/161 1206/1147/88 1207/1148/89
f 1207/1148/89 1209/1150/91 1208/1149/161
f 1210/1151/92 1208/1149/161 1209/1150/91
f 1209/1150/91 1211/1152/93 1210/1151/92
f 1212/1153/94 1210/1151/92 1211/1152/93
f 1211/1152/93 1213/1154/127 1212/1153/94
f 1214/1155/96 1212/1153/94 1213/1154/127
f 1213/1154/127 1215/1156/155 1214/1155/96
f 1216/1157/128 1214/1155/96 1215/1156/155
f 1215/1156/155 1217/1158/129 1216/1157/128
f 1218/1159/2 1216/1157/128 1217/1158/129
f 1217/1158/129 1219/1160/5 1218/1159/2
f 1220/1161/156 1218/1159/2 1219/1160/5
f 1219/1160/5 1221/1162/7 1220/1161/156
f 1222/1163/8 1220/1161/156 1221/1162/7
f 1221/1162/7 1223/1164/9 1222/1163/8
f 1224/1165/10 1222/1163/8 1223/1164/9
f 1223/1164/9 1225/1166/162 1224/1165/10
f 1226/1167/12 1224/1165/10 1225/1166/162
f 1225/1166/162 1227/1168/131 1226/1167/12
f 1228/1169/14 1226/1167/12 1227/1168/131
f 1227/1168/131 1229/1170/15 1228/1169/14
f 1230/1171/107 1228/1169/14 1229/1170/15
f 1229/1170/15 1231/1172/17 1230/1171/107
f 1232/1173/18 1230/1171/107 1231/1172/17
f 1231/1172/17 1233/1174/19 1232/1173/18
f 1234/1175/20 1232/1173/18 1233/1174/19
f 1233/1174/19 1235/1176/21 1234/1175/20
f 1236/1177/100 1234/1175/20 1235/1176/21
f 1235/1176/21 1237/1178/132 1236/1177/100
f 1238/1179/24 1236/1177/100 1237/1178/132
f 1237/1178/132 1239/1180/25 1238/1179/24
f 1240/1181/26 1238/1179/24 1239/1180/25
f 1239/1180/25 1241/1182/135 1240/1181/26
f 1242/1183/28 1240/1181/26 1241/1182/135
f 1241/1182/135 1243/1184/29 1242/1183/28
f 1244/1185/136 1242/1183/28 1243/1184/29
f 1243/1184/29 1245/1186/31 1244/1185/136
f 1246/1187/32 1244/1185/136 1245/1186/31
f 1245/1186/31 1247/1188/33 1246/1187/32
f 1248/1189/34 1246/1187/32 1247/1188/33
f 1247/1188/33 1249/1190/35 1248/1189/34
f 1250/1191/36 1248/1189/34 1249/1190/35
f 1249/1190/35 1251/1192/102 1250/1191/36
f 1252/1193/38 1250/1191/36 1251/1192/102
f 1251/1192/102 1253/1194/39 1252/1193/38
f 1254/1195/40 1252/1193/38 1253/1194/39
f 1253/1194/39 1255/1196/41 1254/1195/40
f 1256/1197/42 1254/1195/40 1255/1196/41
f 1255/1196/41 1257/1198/43 1256/1197/42
f 1258/1199/44 1256/1197/42 1257/1198/43
f 1257/1198/43 1259/1200/45 1258/1199/44
f 1260/1201/46 1258/1199/44 1259/1200/45
f 1259/1200/45 1261/1202/47 1260/1201/46
f 1262/1203/48 1260/1201/46 1261/1202/47
f 1261/1202/47 1263/1204/163 1262/1203/48
f 1169/1110/143 1262/1203/48 1263/1204/163
f 1263/1204/163 1170/1111/117 1169/1110/143
f 1266/1205/129 1265/318/128 1264/1206/2
f 1264/1206/2 1267/1207/5 1266/1205/129
f 1267/1207/5 1264/1206/2 1268/1208/6
f 1268/1208/6 1269/1209/7 1267/1207/5
f 1269/1209/7 1268/1208/6 1270/1210/158
f 1270/1210/158 1271/1211/9 1269/1209/7
f 1271/1211/9 1270/1210/158 1272/1212/10
f 1272/1212/10 1273/1213/11 1271/1211/9
f 1273/1213/11 1272/1212/10 1274/1214/12
f 1274/1214/12 1275/1215/131 1273/1213/11
f 1275/1215/131 1274/1214/12 1276/1216/14
f 1276/1216/14 1277/1217/140 1275/1215/131
f 1277/1217/140 1276/1216/14 1278/1218/107
f 1278/1218/107 1279/1219/17 1277/1217/140
f 1279/1219/17 1278/1218/107 1280/1220/18
f 1280/1220/18 1281/1221/19 1279/1219/17
f 1281/1221/19 1280/1220/18 1282/1222/20
f 1282/1222/20 1283/1223/21 1281/1221/19
f 1283/1223/21 1282/1222/20 1284/1224/22
f 1284/1224/22 1285/1225/23 1283/1223/21
f 1285/1225/23 1284/1224/22 1286/1226/24
f 1286/1226/24 1287/1227/25 1285/1225/23
f 1287/1227/25 1286/1226/24 1288/1228/134
f 1288/1228/134 1289/1229/135 1287/1227/25
f 1289/1229/135 1288/1228/134 1290/1230/28
f 1290/1230/28 1291/1231/29 1289/1229/135
f 1291/1231/29 1290/1230/28 1292/1232/30
f 1292/1232/30 1293/1233/31 1291/1231/29
f 1293/1233/31 1292/1232/30 1294/1234/159
f 1294/1234/159 1295/1235/33 1293/1233/31
f 1295/1235/33 1294/1234/159 1296/1236/34
f 1296/1236/34 1297/1237/35 1295/1235/33
f 1297/1237/35 1296/1236/34 1298/1238/36
f 1298/1238/36 1299/1239/102 1297/1237/35
f 1299/1239/102 1298/1238/36 1300/1240/141
f 1300/1240/141 1301/1241/142 1299/1239/102
f 1301/1241/142 1300/1240/141 1302/1242/40
f 1302/1242/40 1303/1243/41 1301/1241/142
f 1303/1243/41 1302/1242/40 1304/1244/42
f 1304/1244/42 1305/1245/43 1303/1243/41
f 1305/1245/43 1304/1244/42 1306/1246/44
f 1306/1246/44 1307/1247/45 1305/1245/43
f 1307/1247/45 1306/1246/44 1308/1248/46
f 1308/1248/46 1309/1249/47 1307/1247/45
f 1309/1249/47 1308/1248/46 1310/1250/48
f 1310/1250/48 1311/1251/49 1309/1249/47
f 1311/1251/49 1310/1250/48 1312/1252/143
f 1312/1252/143 1313/1253/117 1311/1251/49
f 1313/1253/117 1312/1252/143 1314/1254/52
f 1314/1254/52 1315/1255/53 1313/1253/117
f 1315/1255/53 1314/1254/52 1316/1256/54
f 1316/1256/54 1317/1257/55 1315/1255/53
f 1317/1257/55 1316/1256/54 1318/1258/56
f 1318/1258/56 1319/1259/57 1317/1257/55
f 1319/1259/57 1318/1258/56 1320/1260/58
f 1320/1260/58 1321/1261/59 1319/1259/57
f 1321/1261/59 1320/1260/58 1322/1262/60
f 1322/1262/60 1323/1263/118 1321/1261/59
f 1323/1263/118 1322/1262/60 1324/1264/62
f 1324/1264/62 1325/1265/145 1323/1263/118
f 1325/1265/145 1324/1264/62 1326/1266/64
f 1326/1266/64 1327/1267/65 1325/1265/145
f 1327/1267/65 1326/1266/64 1328/1268/66
f 1328/1268/66 1329/1269/67 1327/1267/65
f 1329/1269/67 1328/1268/66 1330/1270/121
f 1330/1270/121 1331/1271/69 1329/1269/67
f 1331/1271/69 1330/1270/121 1332/1272/70
f 1332/1272/70 1333/1273/71 1331/1271/69
f 1333/1273/71 1332/1272/70 1334/1274/72
f 1334/1274/72 1335/1275/73 1333/1273/71
f 1335/1275/73 1334/1274/72 1336/1276/146
f 1336/1276/146 1337/1277/147 1335/1275/73
f 1337/1277/147 1336/1276/146 1338/1278/76
f 1338/1278/76 1339/1279/77 1337/1277/147
f 1339/1279/77 1338/1278/76 1340/1280/78
f 1340/1280/78 1341/1281/79 1339/1279/77
f 1341/1281/79 1340/1280/78 1342/1282/160
f 1342/1282/160 1343/1283/81 1341/1281/79
f 1343/1283/81 1342/1282/160 1344/1284/82
f 1344/1284/82 1345/1285/83 1343/1283/81
f 1345/1285/83 1344/1284/82 1346/1286/84
f 1346/1286/84 1347/1287/85 1345/1285/83
f 1347/1287/85 1346/1286/84 1348/1288/86
f 1348/1288/86 1349/1289/149 1347/1287/85
f 1349/1289/149 1348/1288/86 1350/1290/88
f 1350/1290/88 1351/1291/89 1349/1289/149
f 1351/1291/89 1350/1290/88 1352/1292/90
f 1352/1292/90 1353/1293/91 1351/1291/89
f 1353/1293/91 1352/1292/90 1354/1294/92
f 1354/1294/92 1355/1295/93 1353/1293/91
f 1355/1295/93 1354/1294/92 1356/1296/94
f 1356/1296/94 1357/1297/95 1355/1295/93
f 1357/1297/95 1356/1296/94 1358/1298/96
f 1358/1298/96 1359/1299/97 1357/1297/95
f 1359/1299/97 1358/1298/96 1265/318/128
f 1265/318/128 1266/1205/129 1359/1299/97
f 1362/1300/116 1361/1301/116 1360/1302/116
f 1360/1302/116 1363/1303/116 1362/1300/116
f 1365/1304/116 1364/1305/116 1361/1301/116
f 1361/1301/116 1362/1300/116 1365/1304/116
f 1367/1306/116 1366/1307/116 1364/1305/116
f 1364/1305/116 1365/1304/116 1367/1306/116
f 1369/1308/116 1368/1309/116 1366/1307/116
f 1366/1307/116 1367/1306/116 1369/1308/116
f 1371/1310/116 1370/1311/116 1368/1309/116
f 1368/1309/116 1369/1308/116 1371/1310/116
f 1373/1312/116 1372/1313/116 1370/1311/116
f 1370/1311/116 1371/1310/116 1373/1312/116
f 1375/1314/116 1374/1315/116 1372/1313/116
f 1372/1313/116 1373/1312/116 1375/1314/116
f 1377/1316/116 1376/1317/116 1374/1315/116
f 1374/1315/116 1375/1314/116 1377/1316/116
f 1379/1318/116 1378/1319/116 1376/1317/116
f 1376/1317/116 1377/1316/116 1379/1318/116
f 1381/1320/116 1380/1321/116 1378/1319/116
f 1378/1319/116 1379/1318/116 1381/1320/116
f 1383/1322/116 1382/1323/116 1380/1321/116
f 1380/1321/116 1381/1320/116 1383/1322/116
f 1385/1324/116 1384/1134/116 1382/1323/116
f 1382/1323/116 1383/1322/116 1385/1324/116
f 1387/1325/116 1386/1326/116 1384/1134/116
f 1384/1134/116 1385/1324/116 1387/1325/116
f 1389/1327/116 1388/1328/116 1386/1326/116
f 1386/1326/116 1387/1325/116 1389/1327/116
f 1391/1329/116 1390/1330/116 1388/1328/116
f 1388/1328/116 1389/1327/116 1391/1329/116
f 1393/1331/116 1392/1332/116 1390/1330/116
f 1390/1330/116 1391/1329/116 1393/1331/116
f 1395/1333/116 1394/1334/116 1392/1332/116
f 1392/1332/116 1393/1331/116 1395/1333/116
f 1397/1335/116 1396/1336/116 1394/1334/116
f 1394/1334/116 1395/1333/116 1397/1335/116
f 1399/1337/116 1398/1338/116 1396/1336/116
f 1396/1336/116 1397/1335/116 1399/1337/116
f 1401/1339/116 1400/1340/116 1398/1338/116
f 1398/1338/116 1399/1337/116 1401/1339/116
f 1403/1341/116 1402/1342/116 1400/1340/116
f 1400/1340/116 1401/1339/116 1403/1341/116
f 1405/1343/116 1404/1344/116 1402/1342/116
f 1402/1342/116 1403/1341/116 1405/1343/116
f 1407/1345/116 1406/1346/116 1404/1344/116
f 1404/1344/116 1405/1343/116 1407/1345/116
f 1409/1347/116 1408/1348/116 1406/1346/116
f 1406/1346/116 1407/1345/116 1409/1347/116
f 1411/1349/116 1410/1350/116 1408/1348/116
f 1408/1348/116 1409/1347/116 1411/1349/116
f 1413/1351/116 1412/1352/116 1410/1350/116
f 1410/1350/116 1411/1349/116 1413/1351/116
f 1415/1353/116 1414/1354/116 1412/1352/116
f 1412/1352/116 1413/1351/116 1415/1353/116
f 1417/1355/116 1416/1356/116 1414/1354/116
f 1414/1354/116 1415/1353/116 1417/1355/116
f 1419/1357/116 1418/1358/116 1416/1356/116
f 1416/1356/116 1417/1355/116 1419/1357/116
f 1421/1359/116 1420/1360/116 1418/1358/116
f 1418/1358/116 1419/1357/116 1421/1359/116
f 1423/1361/116 1422/1362/116 1420/1360/116
f 1420/1360/116 1421/1359/116 1423/1361/116
f 1425/1363/116 1424/1364/116 1422/1362/116
f 1422/1362/116 1423/1361/116 1425/1363/116
f 1427/1365/116 1426/1366/116 1424/1364/116
f 1424/1364/116 1425/1363/116 1427/1365/116
f 1429/1367/116 1428/1368/116 1426/1366/116
f 1426/1366/116 1427/1365/116 1429/1367/116
f 1431/1369/116 1430/1370/116 1428/1368/116
f 1428/1368/116 1429/1367/116 1431/1369/116
f 1433/1158/116 1432/1133/116 1430/1370/116
f 1430/1370/116 1431/1369/116 1433/1158/116
f 1435/1371/116 1434/1372/116 1432/1133/116
f 1432/1133/116 1433/1158/116 1435/1371/116
f 1437/1373/116 1436/1374/116 1434/1372/116
f 1434/1372/116 1435/1371/116 1437/1373/116
f 1439/1375/116 1438/1376/116 1436/1374/116
f 1436/1374/116 1437/1373/116 1439/1375/116
f 1441/1377/116 1440/1378/116 1438/1376/116
f 1438/1376/116 1439/1375/116 1441/1377/116
f 1443/1379/116 1442/1380/116 1440/1378/116
f 1440/1378/116 1441/1377/116 1443/1379/116
f 1445/1381/116 1444/1382/116 1442/1380/116
f 1442/1380/116 1443/1379/116 1445/1381/116
f 1447/1383/116 1446/1384/116 1444/1382/116
f 1444/1382/116 1445/1381/116 1447/1383/116
f 1449/1385/116 1448/1386/116 1446/1384/116
f 1446/1384/116 1447/1383/116 1449/1385/116
f 1451/1387/116 1450/1388/116 1448/1386/116
f 1448/1386/116 1449/1385/116 1451/1387/116
f 1453/1389/116 1452/1390/116 1450/1388/116
f 1450/1388/116 1451/1387/116 1453/1389/116
f 1455/1391/116 1454/1392/116 1452/1390/116
f 1452/1390/116 1453/1389/116 1455/1391/116
f 1363/1303/116 1360/1302/116 1454/1392/116
f 1454/1392/116 1455/1391/116 1363/1303/116
f 1456/1393/52 1457/1394/143 1458/1395/117
f 1458/1395/117 1459/1396/53 1456/1393/52
f 1460/1397/54 1456/1393/52 1459/1396/53
f 1459/1396/53 1461/1398/151 1460/1397/54
f 1462/1399/56 1460/1397/54 1461/1398/151
f 1461/1398/151 1463/1400/57 1462/1399/56
f 1464/1401/58 1462/1399/56 1463/1400/57
f 1463/1400/57 1465/1402/59 1464/1401/58
f 1466/1403/60 1464/1401/58 1465/1402/59
f 1465/1402/59 1467/1404/118 1466/1403/60
f 1468/1405/62 1466/1403/60 1467/1404/118
f 1467/1404/118 1469/1406/63 1468/1405/62
f 1470/1407/64 1468/1405/62 1469/1406/63
f 1469/1406/63 1471/1408/65 1470/1407/64
f 1472/1409/66 1470/1407/64 1471/1408/65
f 1471/1408/65 1473/1410/67 1472/1409/66
f 1474/1411/121 1472/1409/66 1473/1410/67
f 1473/1410/67 1475/1412/69 1474/1411/121
f 1476/1413/164 1474/1411/121 1475/1412/69
f 1475/1412/69 1477/1414/122 1476/1413/164
f 1478/1415/72 1476/1413/164 1477/1414/122
f 1477/1414/122 1479/1416/123 1478/1415/72
f 1480/1417/74 1478/1415/72 1479/1416/123
f 1479/1416/123 1481/1418/147 1480/1417/74
f 1482/1419/165 1480/1417/74 1481/1418/147
f 1481/1418/147 1483/1420/77 1482/1419/165
f 1484/1421/124 1482/1419/165 1483/1420/77
f 1483/1420/77 1485/1422/79 1484/1421/124
f 1486/1423/80 1484/1421/124 1485/1422/79
f 1485/1422/79 1487/1424/81 1486/1423/80
f 1488/1425/82 1486/1423/80 1487/1424/81
f 1487/1424/81 1489/1426/83 1488/1425/82
f 1490/1427/84 1488/1425/82 1489/1426/83
f 1489/1426/83 1491/1428/85 1490/1427/84
f 1492/1429/86 1490/1427/84 1491/1428/85
f 1491/1428/85 1493/1430/87 1492/1429/86
f 1494/1431/88 1492/1429/86 1493/1430/87
f 1493/1430/87 1495/1432/89 1494/1431/88
f 1496/1433/90 1494/1431/88 1495/1432/89
f 1495/1432/89 1497/1434/91 1496/1433/90
f 1498/1435/92 1496/1433/90 1497/1434/91
f 1497/1434/91 1499/1436/93 1498/1435/92
f 1500/1437/154 1498/1435/92 1499/1436/93
f 1499/1436/93 1501/1438/127 1500/1437/154
f 1502/1439/96 1500/1437/154 1501/1438/127
f 1501/1438/127 1503/1440/97 1502/1439/96
f 1504/1441/128 1502/1439/96 1503/1440/97
f 1503/1440/97 1505/1442/129 1504/1441/128
f 1506/1443/2 1504/1441/128 1505/1442/129
f 1505/1442/129 1507/1444/5 1506/1443/2
f 1508/1445/6 1506/1443/2 1507/1444/5
f 1507/1444/5 1509/1446/130 1508/1445/6
f 1510/1447/158 1508/1445/6 1509/1446/130
f 1509/1446/130 1511/1448/9 1510/1447/158
f 1512/1449/10 1510/1447/158 1511/1448/9
f 1511/1448/9 1513/1450/11 1512/1449/10
f 1514/1451/12 1512/1449/10 1513/1450/11
f 1513/1450/11 1515/1452/131 1514/1451/12
f 1516/1453/14 1514/1451/12 1515/1452/131
f 1515/1452/131 1517/1454/140 1516/1453/14
f 1518/1455/107 1516/1453/14 1517/1454/140
f 1517/1454/140 1519/1456/17 1518/1455/107
f 1520/1457/18 1518/1455/107 1519/1456/17
f 1519/1456/17 1521/1458/19 1520/1457/18
f 1522/1459/20 1520/1457/18 1521/1458/19
f 1521/1458/19 1523/1460/21 1522/1459/20
f 1524/1461/100 1522/1459/20 1523/1460/21
f 1523/1460/21 1525/1462/132 1524/1461/100
f 1526/1463/24 1524/1461/100 1525/1462/132
f 1525/1462/132 1527/1464/133 1526/1463/24
f 1528/1465/26 1526/1463/24 1527/1464/133
f 1527/1464/133 1529/1466/135 1528/1465/26
f 1530/1467/28 1528/1465/26 1529/1466/135
f 1529/1466/135 1531/1468/29 1530/1467/28
f 1532/1469/136 1530/1467/28 1531/1468/29
f 1531/1468/29 1533/1470/31 1532/1469/136
f 1534/1471/32 1532/1469/136 1533/1470/31
f 1533/1470/31 1535/1472/33 1534/1471/32
f 1536/1473/34 1534/1471/32 1535/1472/33
f 1535/1472/33 1537/1474/166 1536/1473/34
f 1538/1475/36 1536/1473/34 1537/1474/166
f 1537/1474/166 1539/1476/102 1538/1475/36
f 1540/1477/38 1538/1475/36 1539/1476/102
f 1539/1476/102 1541/1478/39 1540/1477/38
f 1542/1479/40 1540/1477/38 1541/1478/39
f 1541/1478/39 1543/1480/41 1542/1479/40
f 1544/1481/42 1542/1479/40 1543/1480/41
f 1543/1480/41 1545/1482/43 1544/1481/42
f 1546/1483/44 1544/1481/42 1545/1482/43
f 1545/1482/43 1547/1484/45 1546/1483/44
f 1548/1485/46 1546/1483/44 1547/1484/45
f 1547/1484/45 1549/1486/47 1548/1485/46
f 1550/1487/48 1548/1485/46 1549/1486/47
f 1549/1486/47 1551/1488/49 1550/1487/48
f 1457/1394/143 1550/1487/48 1551/1488/49
f 1551/1488/49 1458/1395/117 1457/1394/143
f 1554/1489/129 1553/1490/128 1552/1491/2
f 1552/1491/2 1555/1492/5 1554/1489/129
f 1555/1492/5 1552/1491/2 1556/1493/6
f 1556/1493/6 1557/1494/7 1555/1492/5
f 1557/1494/7 1556/1493/6 1558/1495/8
f 1558/1495/8 1559/1496/9 1557/1494/7
f 1559/1496/9 1558/1495/8 1560/1497/10
f 1560/1497/10 1561/1498/11 1559/1496/9
f 1561/1498/11 1560/1497/10 1562/1499/12
f 1562/1499/12 1563/1500/131 1561/1498/11
f 1563/1500/131 1562/1499/12 1564/1501/14
f 1564/1501/14 1565/1502/140 1563/1500/131
f 1565/1502/140 1564/1501/14 1566/1503/107
f 1566/1503/107 1567/1504/17 1565/1502/140
f 1567/1504/17 1566/1503/107 1568/1505/167
f 1568/1505/167 1569/1506/19 1567/1504/17
f 1569/1506/19 1568/1505/167 1570/1507/20
f 1570/1507/20 1571/1508/21 1569/1506/19
f 1571/1508/21 1570/1507/20 1572/1509/22
f 1572/1509/22 1573/1510/23 1571/1508/21
f 1573/1510/23 1572/1509/22 1574/1511/24
f 1574/1511/24 1575/1512/25 1573/1510/23
f 1575/1512/25 1574/1511/24 1576/1513/26
f 1576/1513/26 1577/1514/135 1575/1512/25
f 1577/1514/135 1576/1513/26 1578/1515/28
f 1578/1515/28 1579/1516/29 1577/1514/135
f 1579/1516/29 1578/1515/28 1580/1517/30
f 1580/1517/30 1581/1518/31 1579/1516/29
f 1581/1518/31 1580/1517/30 1582/1519/32
f 1582/1519/32 1583/1520/33 1581/1518/31
f 1583/1520/33 1582/1519/32 1584/1521/34
f 1584/1521/34 1585/1522/35 1583/1520/33
f 1585/1522/35 1584/1521/34 1586/1523/36
f 1586/1523/36 1587/1524/102 1585/1522/35
f 1587/1524/102 1586/1523/36 1588/1525/38
f 1588/1525/38 1589/1526/142 1587/1524/102
f 1589/1526/142 1588/1525/38 1590/1527/40
f 1590/1527/40 1591/1528/41 1589/1526/142
f 1591/1528/41 1590/1527/40 1592/1529/42
f 1592/1529/42 1593/1530/43 1591/1528/41
f 1593/1530/43 1592/1529/42 1594/1531/44
f 1594/1531/44 1595/1532/45 1593/1530/43
f 1595/1532/45 1594/1531/44 1596/1533/46
f 1596/1533/46 1597/1534/47 1595/1532/45
f 1597/1534/47 1596/1533/46 1598/1535/48
f 1598/1535/48 1599/1536/49 1597/1534/47
f 1599/1536/49 1598/1535/48 1600/183/143
f 1600/183/143 1601/1537/117 1599/1536/49
f 1601/1537/117 1600/183/143 1602/1538/52
f 1602/1538/52 1603/1539/53 1601/1537/117
f 1603/1539/53 1602/1538/52 1604/1540/54
f 1604/1540/54 1605/1541/55 1603/1539/53
f 1605/1541/55 1604/1540/54 1606/1542/144
f 1606/1542/144 1607/1543/57 1605/1541/55
f 1607/1543/57 1606/1542/144 1608/1544/58
f 1608/1544/58 1609/1545/59 1607/1543/57
f 1609/1545/59 1608/1544/58 1610/1546/60
f 1610/1546/60 1611/1547/118 1609/1545/59
f 1611/1547/118 1610/1546/60 1612/1548/62
f 1612/1548/62 1613/1549/145 1611/1547/118
f 1613/1549/145 1612/1548/62 1614/1550/104
f 1614/1550/104 1615/1551/65 1613/1549/145
f 1615/1551/65 1614/1550/104 1616/1552/66
f 1616/1552/66 1617/1553/67 1615/1551/65
f 1617/1553/67 1616/1552/66 1618/1554/121
f 1618/1554/121 1619/1555/69 1617/1553/67
f 1619/1555/69 1618/1554/121 1620/1556/70
f 1620/1556/70 1621/1557/71 1619/1555/69
f 1621/1557/71 1620/1556/70 1622/1558/72
f 1622/1558/72 1623/1559/73 1621/1557/71
f 1623/1559/73 1622/1558/72 1624/1560/146
f 1624/1560/146 1625/1561/147 1623/1559/73
f 1625/1561/147 1624/1560/146 1626/1562/76
f 1626/1562/76 1627/1563/77 1625/1561/147
f 1627/1563/77 1626/1562/76 1628/1564/78
f 1628/1564/78 1629/1565/79 1627/1563/77
f 1629/1565/79 1628/1564/78 1630/1566/80
f 1630/1566/80 1631/1567/81 1629/1565/79
f 1631/1567/81 1630/1566/80 1632/1568/82
f 1632/1568/82 1633/1569/83 1631/1567/81
f 1633/1569/83 1632/1568/82 1634/1570/84
f 1634/1570/84 1635/1571/85 1633/1569/83
f 1635/1571/85 1634/1570/84 1636/1572/148
f 1636/1572/148 1637/1573/149 1635/1571/85
f 1637/1573/149 1636/1572/148 1638/1574/88
f 1638/1574/88 1639/1575/89 1637/1573/149
f 1639/1575/89 1638/1574/88 1640/1576/90
f 1640/1576/90 1641/1577/91 1639/1575/89
f 1641/1577/91 1640/1576/90 1642/1578/92
f 1642/1578/92 1643/1579/153 1641/1577/91
f 1643/1579/153 1642/1578/92 1644/1580/94
f 1644/1580/94 1645/1581/95 1643/1579/153
f 1645/1581/95 1644/1580/94 1646/1582/96
f 1646/1582/96 1647/1583/97 1645/1581/95
f 1647/1583/97 1646/1582/96 1553/1490/128
f 1553/1490/128 1554/1489/129 1647/1583/97
f 1650/1584/116 1649/1585/116 1648/522/116
f 1648/522/116 1651/1586/116 1650/1584/116
f 1653/1587/116 1652/1588/116 1649/1585/116
f 1649/1585/116 1650/1584/116 1653/1587/116
f 1655/1589/116 1654/1590/116 1652/1588/116
f 1652/1588/116 1653/1587/116 1655/1589/116
f 1657/1591/116 1656/1592/116 1654/1590/116
f 1654/1590/116 1655/1589/116 1657/1591/116
f 1659/1593/116 1658/1594/116 1656/1592/116
f 1656/1592/116 1657/1591/116 1659/1593/116
f 1661/1595/116 1660/1596/116 1658/1594/116
f 1658/1594/116 1659/1593/116 1661/1595/116
f 1663/1597/116 1662/1598/116 1660/1596/116
f 1660/1596/116 1661/1595/116 1663/1597/116
f 1665/1599/116 1664/1600/116 1662/1598/116
f 1662/1598/116 1663/1597/116 1665/1599/116
f 1667/1601/116 1666/1602/116 1664/1600/116
f 1664/1600/116 1665/1599/116 1667/1601/116
f 1669/1603/116 1668/1604/116 1666/1602/116
f 1666/1602/116 1667/1601/116 1669/1603/116
f 1671/1605/116 1670/1606/116 1668/1604/116
f 1668/1604/116 1669/1603/116 1671/1605/116
f 1673/1607/116 1672/1418/116 1670/1606/116
f 1670/1606/116 1671/1605/116 1673/1607/116
f 1675/1608/116 1674/1609/116 1672/1418/116
f 1672/1418/116 1673/1607/116 1675/1608/116
f 1677/1610/116 1676/1611/116 1674/1609/116
f 1674/1609/116 1675/1608/116 1677/1610/116
f 1679/1612/116 1678/1613/116 1676/1611/116
f 1676/1611/116 1677/1610/116 1679/1612/116
f 1681/1614/116 1680/1615/116 1678/1613/116
f 1678/1613/116 1679/1612/116 1681/1614/116
f 1683/1616/116 1682/1617/116 1680/1615/116
f 1680/1615/116 1681/1614/116 1683/1616/116
f 1685/1618/116 1684/1619/116 1682/1617/116
f 1682/1617/116 1683/1616/116 1685/1618/116
f 1687/1620/116 1686/1621/116 1684/1619/116
f 1684/1619/116 1685/1618/116 1687/1620/116
f 1689/1622/116 1688/1623/116 1686/1621/116
f 1686/1621/116 1687/1620/116 1689/1622/116
f 1691/1624/116 1690/1625/116 1688/1623/116
f 1688/1623/116 1689/1622/116 1691/1624/116
f 1693/1626/116 1692/1627/116 1690/1625/116
f 1690/1625/116 1691/1624/116 1693/1626/116
f 1695/1628/116 1694/1629/116 1692/1627/116
f 1692/1627/116 1693/1626/116 1695/1628/116
f 1697/1630/116 1696/1631/116 1694/1629/116
f 1694/1629/116 1695/1628/116 1697/1630/116
f 1699/1632/116 1698/1633/116 1696/1631/116
f 1696/1631/116 1697/1630/116 1699/1632/116
f 1701/1634/116 1700/1635/116 1698/1633/116
f 1698/1633/116 1699/1632/116 1701/1634/116
f 1703/1636/116 1702/1637/116 1700/1635/116
f 1700/1635/116 1701/1634/116 1703/1636/116
f 1705/1638/116 1704/1639/116 1702/1637/116
f 1702/1637/116 1703/1636/116 1705/1638/116
f 1707/1640/116 1706/1641/116 1704/1639/116
f 1704/1639/116 1705/1638/116 1707/1640/116
f 1709/1642/116 1708/1643/116 1706/1641/116
f 1706/1641/116 1707/1640/116 1709/1642/116
f 1711/1644/116 1710/1645/116 1708/1643/116
f 1708/1643/116 1709/1642/116 1711/1644/116
f 1713/1646/116 1712/1647/116 1710/1645/116
f 1710/1645/116 1711/1644/116 1713/1646/116
f 1715/1648/116 1714/1649/116 1712/1647/116
f 1712/1647/116 1713/1646/116 1715/1648/116
f 1717/1650/116 1716/1651/116 1714/1649/116
f 1714/1649/116 1715/1648/116 1717/1650/116
f 1719/1652/116 1718/1653/116 1716/1651/116
f 1716/1651/116 1717/1650/116 1719/1652/116
f 1721/1654/116 1720/1417/116 1718/1653/116
f 1718/1653/116 1719/1652/116 1721/1654/116
f 1723/1655/116 1722/1656/116 1720/1417/116
f 1720/1417/116 1721/1654/116 1723/1655/116
f 1725/1657/116 1724/1658/116 1722/1656/116
f 1722/1656/116 1723/1655/116 1725/1657/116
f 1727/1659/116 1726/1660/116 1724/1658/116
f 1724/1658/116 1725/1657/116 1727/1659/116
f 1729/1661/116 1728/1662/116 1726/1660/116
f 1726/1660/116 1727/1659/116 1729/1661/116
f 1731/1663/116 1730/1664/116 1728/1662/116
f 1728/1662/116 1729/1661/116 1731/1663/116
f 1733/1665/116 1732/1666/116 1730/1664/116
f 1730/1664/116 1731/1663/116 1733/1665/116
f 1735/1667/116 1734/1668/116 1732/1666/116
f 1732/1666/116 1733/1665/116 1735/1667/116
f 1737/1669/116 1736/1670/116 1734/1668/116
f 1734/1668/116 1735/1667/116 1737/1669/116
f 1739/1671/116 1738/1672/116 1736/1670/116
f 1736/1670/116 1737/1669/116 1739/1671/116
f 1741/1673/116 1740/1674/116 1738/1672/116
f 1738/1672/116 1739/1671/116 1741/1673/116
f 1743/1675/116 1742/1676/116 1740/1674/116
f 1740/1674/116 1741/1673/116 1743/1675/116
f 1651/1586/116 1648/522/116 1742/1676/116
f 1742/1676/116 1743/1675/116 1651/1586/116
