mtllib brick2*10.mtl
v 23.99992 185.9484 39.21693
v 23.99992 186 39.99992
v 43.99993 186.0001 39.9999
v 43.99992 185.9485 39.2169
v 23.99992 185.7954 38.44712
v 43.99992 185.7955 38.44711
v 23.99992 185.5434 37.70372
v 43.99992 185.5434 37.7037
v 23.99992 185.196 36.99992
v 43.99992 185.196 36.9999
v 23.99992 184.7604 36.34713
v 43.99992 184.7605 36.34711
v 23.99992 184.2426 35.75732
v 43.99992 184.2426 35.75731
v 23.99992 183.6528 35.23952
v 43.99992 183.6528 35.23951
v 23.99992 183 34.80393
v 43.99992 183 34.80391
v 23.99992 182.2962 34.45653
v 43.99992 182.2962 34.45651
v 23.99992 181.5528 34.20453
v 43.99992 181.5529 34.20451
v 23.99992 180.783 34.05153
v 43.99992 180.7831 34.05151
v 23.99992 180 33.99993
v 43.99992 180 33.99991
v 23.99992 179.217 34.05153
v 43.99993 179.2171 34.05151
v 23.99992 178.4472 34.20453
v 43.99993 178.4473 34.20451
v 23.99993 177.7038 34.45653
v 43.99993 177.7038 34.45651
v 23.99993 177 34.80393
v 43.99993 177 34.80391
v 23.99993 176.3472 35.23953
v 43.99993 176.3472 35.23951
v 23.99993 175.7574 35.75733
v 43.99993 175.7574 35.75731
v 23.99993 175.2396 36.34713
v 43.99993 175.2397 36.34711
v 23.99993 174.804 36.99994
v 43.99993 174.804 36.99992
v 23.99993 174.4566 37.70374
v 43.99994 174.4566 37.70372
v 23.99993 174.2046 38.44714
v 43.99994 174.2047 38.44712
v 23.99993 174.0516 39.21693
v 43.99994 174.0517 39.21692
v 23.99994 174 39.99994
v 43.99994 174 39.99992
v 23.99994 174.0516 40.78294
v 43.99994 174.0517 40.78292
v 23.99994 174.2046 41.55273
v 43.99994 174.2047 41.55272
v 23.99994 174.4566 42.29613
v 43.99994 174.4567 42.29612
v 23.99994 174.804 42.99994
v 43.99994 174.8041 42.99992
v 23.99994 175.2396 43.65274
v 43.99994 175.2397 43.65272
v 23.99994 175.7574 44.24253
v 43.99994 175.7575 44.24252
v 23.99994 176.3472 44.76033
v 43.99994 176.3473 44.76031
v 23.99994 177 45.19593
v 43.99994 177.0001 45.19592
v 23.99994 177.7038 45.54333
v 43.99994 177.7039 45.54331
v 23.99994 178.4472 45.79533
v 43.99994 178.4473 45.79531
v 23.99994 179.217 45.94833
v 43.99994 179.2171 45.94831
v 23.99994 180 45.99993
v 43.99994 180.0001 45.99991
v 23.99994 180.783 45.94833
v 43.99994 180.7831 45.94831
v 23.99993 181.5528 45.79533
v 43.99994 181.5529 45.79531
v 23.99993 182.2962 45.54333
v 43.99994 182.2963 45.54331
v 23.99993 183 45.19593
v 43.99994 183.0001 45.19591
v 23.99993 183.6528 44.76033
v 43.99993 183.6529 44.76031
v 23.99993 184.2426 44.24253
v 43.99993 184.2427 44.24251
v 23.99993 184.7604 43.65273
v 43.99993 184.7605 43.65271
v 23.99993 185.196 42.99993
v 43.99993 185.1961 42.99991
v 23.99993 185.5434 42.29613
v 43.99993 185.5435 42.2961
v 23.99993 185.7954 41.55273
v 43.99993 185.7955 41.5527
v 23.99992 185.9484 40.78292
v 43.99993 185.9485 40.78291
v 23.99992 187.9312 38.95592
v 23.99992 188 39.99992
v 43.99992 188.0001 39.9999
v 43.99992 187.9312 38.9559
v 23.99992 187.7272 37.92952
v 43.99992 187.7272 37.9295
v 23.99992 187.3912 36.93832
v 43.99992 187.3913 36.9383
v 23.99992 186.928 35.99992
v 43.99992 186.9281 35.9999
v 23.99992 186.3472 35.12952
v 43.99992 186.3472 35.12951
v 23.99992 185.6568 34.34312
v 43.99992 185.6568 34.34311
v 23.99992 184.8704 33.65273
v 43.99992 184.8705 33.65271
v 23.99992 184 33.07193
v 43.99992 184 33.07191
v 23.99992 183.0616 32.60873
v 43.99992 183.0616 32.60871
v 23.99992 182.0704 32.27273
v 43.99992 182.0704 32.27271
v 23.99992 181.044 32.06873
v 43.99992 181.0441 32.06871
v 23.99992 180 31.99993
v 43.99992 180 31.99991
v 23.99992 178.956 32.06873
v 43.99992 178.9561 32.06871
v 23.99992 177.9296 32.27273
v 43.99992 177.9297 32.27271
v 23.99992 176.9384 32.60873
v 43.99993 176.9384 32.60871
v 23.99993 176 33.07193
v 43.99993 176 33.07191
v 23.99993 175.1296 33.65273
v 43.99993 175.1297 33.65271
v 23.99993 174.3432 34.34314
v 43.99993 174.3432 34.34311
v 23.99993 173.6528 35.12954
v 43.99993 173.6528 35.12952
v 23.99993 173.072 35.99994
v 43.99994 173.0721 35.99992
v 23.99993 172.6088 36.93834
v 43.99994 172.6089 36.93832
v 23.99993 172.2728 37.92954
v 43.99994 172.2728 37.92952
v 23.99994 172.0688 38.95594
v 43.99994 172.0688 38.95592
v 23.99994 172 39.99994
v 43.99994 172 39.99992
v 23.99994 172.0688 41.04394
v 43.99994 172.0689 41.04392
v 23.99994 172.2728 42.07034
v 43.99994 172.2729 42.07032
v 23.99994 172.6088 43.06154
v 43.99994 172.6089 43.06152
v 23.99994 173.072 43.99994
v 43.99994 173.0721 43.99992
v 23.99994 173.6528 44.87034
v 43.99994 173.6529 44.87032
v 23.99994 174.3432 45.65674
v 43.99994 174.3433 45.65672
v 23.99994 175.1296 46.34714
v 43.99994 175.1297 46.34712
v 23.99994 176 46.92794
v 43.99994 176.0001 46.92792
v 23.99994 176.9384 47.39114
v 43.99994 176.9385 47.39112
v 23.99994 177.9296 47.72713
v 43.99994 177.9297 47.72712
v 23.99994 178.956 47.93113
v 43.99994 178.9561 47.93111
v 23.99994 180 47.99993
v 43.99994 180.0001 47.99991
v 23.99994 181.044 47.93113
v 43.99994 181.0441 47.93111
v 23.99994 182.0704 47.72713
v 43.99994 182.0704 47.72711
v 23.99993 183.0616 47.39113
v 43.99994 183.0617 47.39111
v 23.99993 184 46.92793
v 43.99994 184.0001 46.92791
v 23.99993 184.8704 46.34713
v 43.99994 184.8705 46.34711
v 23.99993 185.6568 45.65673
v 43.99993 185.6569 45.65671
v 23.99993 186.3472 44.87033
v 43.99993 186.3473 44.8703
v 23.99993 186.928 43.99992
v 43.99993 186.9281 43.9999
v 23.99993 187.3912 43.06152
v 43.99993 187.3913 43.0615
v 23.99992 187.7272 42.07032
v 43.99993 187.7273 42.0703
v 23.99992 187.9312 41.04392
v 43.99992 187.9313 41.0439
v 43.99993 186.0001 39.9999
v 43.99992 185.9485 39.2169
v 43.99992 187.9312 38.9559
v 43.99992 188.0001 39.9999
v 43.99992 185.7955 38.44711
v 43.99992 187.7272 37.9295
v 43.99992 185.5434 37.7037
v 43.99992 187.3913 36.9383
v 43.99992 185.196 36.9999
v 43.99992 186.9281 35.9999
v 43.99992 184.7605 36.34711
v 43.99992 186.3472 35.12951
v 43.99992 184.2426 35.75731
v 43.99992 185.6568 34.34311
v 43.99992 183.6528 35.23951
v 43.99992 184.8705 33.65271
v 43.99992 183 34.80391
v 43.99992 184 33.07191
v 43.99992 182.2962 34.45651
v 43.99992 183.0616 32.60871
v 43.99992 181.5529 34.20451
v 43.99992 182.0704 32.27271
v 43.99992 180.7831 34.05151
v 43.99992 181.0441 32.06871
v 43.99992 180 33.99991
v 43.99992 180 31.99991
v 43.99993 179.2171 34.05151
v 43.99992 178.9561 32.06871
v 43.99993 178.4473 34.20451
v 43.99992 177.9297 32.27271
v 43.99993 177.7038 34.45651
v 43.99993 176.9384 32.60871
v 43.99993 177 34.80391
v 43.99993 176 33.07191
v 43.99993 176.3472 35.23951
v 43.99993 175.1297 33.65271
v 43.99993 175.7574 35.75731
v 43.99993 174.3432 34.34311
v 43.99993 175.2397 36.34711
v 43.99993 173.6528 35.12952
v 43.99993 174.804 36.99992
v 43.99994 173.0721 35.99992
v 43.99994 174.4566 37.70372
v 43.99994 172.6089 36.93832
v 43.99994 174.2047 38.44712
v 43.99994 172.2728 37.92952
v 43.99994 174.0517 39.21692
v 43.99994 172.0688 38.95592
v 43.99994 174 39.99992
v 43.99994 172 39.99992
v 43.99994 174.0517 40.78292
v 43.99994 172.0689 41.04392
v 43.99994 174.2047 41.55272
v 43.99994 172.2729 42.07032
v 43.99994 174.4567 42.29612
v 43.99994 172.6089 43.06152
v 43.99994 174.8041 42.99992
v 43.99994 173.0721 43.99992
v 43.99994 175.2397 43.65272
v 43.99994 173.6529 44.87032
v 43.99994 175.7575 44.24252
v 43.99994 174.3433 45.65672
v 43.99994 176.3473 44.76031
v 43.99994 175.1297 46.34712
v 43.99994 177.0001 45.19592
v 43.99994 176.0001 46.92792
v 43.99994 177.7039 45.54331
v 43.99994 176.9385 47.39112
v 43.99994 178.4473 45.79531
v 43.99994 177.9297 47.72712
v 43.99994 179.2171 45.94831
v 43.99994 178.9561 47.93111
v 43.99994 180.0001 45.99991
v 43.99994 180.0001 47.99991
v 43.99994 180.7831 45.94831
v 43.99994 181.0441 47.93111
v 43.99994 181.5529 45.79531
v 43.99994 182.0704 47.72711
v 43.99994 182.2963 45.54331
v 43.99994 183.0617 47.39111
v 43.99994 183.0001 45.19591
v 43.99994 184.0001 46.92791
v 43.99993 183.6529 44.76031
v 43.99994 184.8705 46.34711
v 43.99993 184.2427 44.24251
v 43.99993 185.6569 45.65671
v 43.99993 184.7605 43.65271
v 43.99993 186.3473 44.8703
v 43.99993 185.1961 42.99991
v 43.99993 186.9281 43.9999
v 43.99993 185.5435 42.2961
v 43.99993 187.3913 43.0615
v 43.99993 185.7955 41.5527
v 43.99993 187.7273 42.0703
v 43.99993 185.9485 40.78291
v 43.99992 187.9313 41.0439
v 23.99994 165.9484 39.21694
v 23.99994 166 39.99994
v 43.99994 166 39.99992
v 43.99994 165.9485 39.21692
v 23.99994 165.7954 38.44714
v 43.99994 165.7955 38.44712
v 23.99994 165.5434 37.70374
v 43.99994 165.5434 37.70372
v 23.99994 165.196 36.99994
v 43.99994 165.196 36.99992
v 23.99994 164.7604 36.34715
v 43.99994 164.7605 36.34712
v 23.99994 164.2426 35.75734
v 43.99994 164.2426 35.75732
v 23.99994 163.6528 35.23954
v 43.99994 163.6528 35.23952
v 23.99994 163 34.80394
v 43.99994 163 34.80392
v 23.99994 162.2962 34.45655
v 43.99994 162.2962 34.45652
v 23.99994 161.5528 34.20454
v 43.99994 161.5528 34.20452
v 23.99994 160.783 34.05155
v 43.99994 160.7831 34.05153
v 23.99994 160 33.99995
v 43.99994 160 33.99993
v 23.99994 159.217 34.05155
v 43.99994 159.217 34.05153
v 23.99994 158.4472 34.20455
v 43.99995 158.4473 34.20453
v 23.99994 157.7038 34.45655
v 43.99995 157.7038 34.45653
v 23.99994 157 34.80395
v 43.99995 157 34.80393
v 23.99994 156.3472 35.23955
v 43.99995 156.3472 35.23953
v 23.99995 155.7574 35.75735
v 43.99995 155.7574 35.75733
v 23.99995 155.2396 36.34715
v 43.99995 155.2397 36.34713
v 23.99995 154.804 36.99995
v 43.99995 154.804 36.99993
v 23.99995 154.4566 37.70375
v 43.99995 154.4566 37.70373
v 23.99995 154.2046 38.44715
v 43.99995 154.2047 38.44713
v 23.99995 154.0516 39.21695
v 43.99995 154.0517 39.21693
v 23.99995 154 39.99995
v 43.99995 154 39.99994
v 23.99995 154.0516 40.78296
v 43.99995 154.0517 40.78294
v 23.99995 154.2046 41.55275
v 43.99995 154.2047 41.55273
v 23.99995 154.4566 42.29615
v 43.99996 154.4566 42.29613
v 23.99995 154.804 42.99995
v 43.99996 154.804 42.99994
v 23.99995 155.2396 43.65276
v 43.99996 155.2397 43.65273
v 23.99995 155.7574 44.24255
v 43.99996 155.7575 44.24253
v 23.99995 156.3472 44.76035
v 43.99996 156.3473 44.76033
v 23.99995 157 45.19595
v 43.99996 157.0001 45.19593
v 23.99995 157.7038 45.54335
v 43.99996 157.7039 45.54333
v 23.99995 158.4472 45.79535
v 43.99996 158.4473 45.79533
v 23.99995 159.217 45.94835
v 43.99995 159.2171 45.94833
v 23.99995 160 45.99995
v 43.99995 160.0001 45.99993
v 23.99995 160.783 45.94835
v 43.99995 160.7831 45.94833
v 23.99995 161.5528 45.79535
v 43.99995 161.5529 45.79533
v 23.99995 162.2962 45.54335
v 43.99995 162.2962 45.54333
v 23.99995 163 45.19595
v 43.99995 163.0001 45.19593
v 23.99995 163.6528 44.76035
v 43.99995 163.6529 44.76033
v 23.99995 164.2426 44.24255
v 43.99995 164.2427 44.24253
v 23.99995 164.7604 43.65274
v 43.99995 164.7605 43.65273
v 23.99994 165.196 42.99995
v 43.99995 165.1961 42.99992
v 23.99994 165.5434 42.29614
v 43.99995 165.5435 42.29612
v 23.99994 165.7954 41.55274
v 43.99995 165.7955 41.55272
v 23.99994 165.9484 40.78294
v 43.99994 165.9485 40.78292
v 23.99994 167.9312 38.95594
v 23.99994 168 39.99994
v 43.99994 168 39.99992
v 43.99994 167.9312 38.95592
v 23.99994 167.7272 37.92954
v 43.99994 167.7272 37.92952
v 23.99994 167.3912 36.93834
v 43.99994 167.3913 36.93832
v 23.99994 166.928 35.99994
v 43.99994 166.9281 35.99992
v 23.99994 166.3472 35.12954
v 43.99994 166.3472 35.12952
v 23.99994 165.6568 34.34314
v 43.99994 165.6568 34.34312
v 23.99994 164.8704 33.65274
v 43.99994 164.8705 33.65272
v 23.99994 164 33.07195
v 43.99994 164 33.07192
v 23.99994 163.0616 32.60875
v 43.99994 163.0616 32.60872
v 23.99994 162.0704 32.27274
v 43.99994 162.0704 32.27272
v 23.99994 161.044 32.06874
v 43.99994 161.044 32.06873
v 23.99994 160 31.99995
v 43.99994 160 31.99993
v 23.99994 158.956 32.06875
v 43.99994 158.956 32.06873
v 23.99994 157.9296 32.27275
v 43.99994 157.9296 32.27273
v 23.99994 156.9384 32.60875
v 43.99994 156.9384 32.60873
v 23.99994 156 33.07195
v 43.99995 156 33.07193
v 23.99994 155.1296 33.65275
v 43.99995 155.1296 33.65273
v 23.99995 154.3432 34.34315
v 43.99995 154.3432 34.34313
v 23.99995 153.6528 35.12955
v 43.99995 153.6528 35.12953
v 23.99995 153.072 35.99995
v 43.99995 153.0721 35.99994
v 23.99995 152.6088 36.93835
v 43.99995 152.6088 36.93834
v 23.99995 152.2728 37.92955
v 43.99995 152.2728 37.92953
v 23.99995 152.0688 38.95596
v 43.99995 152.0688 38.95594
v 23.99995 152 39.99996
v 43.99996 152 39.99994
v 23.99995 152.0688 41.04396
v 43.99996 152.0688 41.04394
v 23.99996 152.2728 42.07036
v 43.99996 152.2729 42.07034
v 23.99996 152.6088 43.06156
v 43.99996 152.6089 43.06153
v 23.99996 153.072 43.99996
v 43.99996 153.0721 43.99994
v 23.99996 153.6528 44.87036
v 43.99996 153.6529 44.87033
v 23.99996 154.3432 45.65675
v 43.99996 154.3433 45.65673
v 23.99996 155.1296 46.34716
v 43.99996 155.1297 46.34713
v 23.99996 156 46.92796
v 43.99996 156.0001 46.92793
v 23.99996 156.9384 47.39116
v 43.99996 156.9385 47.39113
v 23.99996 157.9296 47.72715
v 43.99996 157.9297 47.72713
v 23.99996 158.956 47.93115
v 43.99996 158.9561 47.93113
v 23.99995 160 47.99995
v 43.99996 160.0001 47.99993
v 23.99995 161.044 47.93115
v 43.99996 161.0441 47.93113
v 23.99995 162.0704 47.72715
v 43.99995 162.0705 47.72713
v 23.99995 163.0616 47.39115
v 43.99995 163.0617 47.39113
v 23.99995 164 46.92795
v 43.99995 164.0001 46.92793
v 23.99995 164.8704 46.34715
v 43.99995 164.8705 46.34713
v 23.99995 165.6568 45.65675
v 43.99995 165.6569 45.65672
v 23.99995 166.3472 44.87035
v 43.99995 166.3473 44.87032
v 23.99994 166.928 43.99994
v 43.99995 166.9281 43.99992
v 23.99994 167.3912 43.06154
v 43.99995 167.3913 43.06152
v 23.99994 167.7272 42.07034
v 43.99994 167.7273 42.07032
v 23.99994 167.9312 41.04394
v 43.99994 167.9312 41.04392
v 43.99994 166 39.99992
v 43.99994 165.9485 39.21692
v 43.99994 167.9312 38.95592
v 43.99994 168 39.99992
v 43.99994 165.7955 38.44712
v 43.99994 167.7272 37.92952
v 43.99994 165.5434 37.70372
v 43.99994 167.3913 36.93832
v 43.99994 165.196 36.99992
v 43.99994 166.9281 35.99992
v 43.99994 164.7605 36.34712
v 43.99994 166.3472 35.12952
v 43.99994 164.2426 35.75732
v 43.99994 165.6568 34.34312
v 43.99994 163.6528 35.23952
v 43.99994 164.8705 33.65272
v 43.99994 163 34.80392
v 43.99994 164 33.07192
v 43.99994 162.2962 34.45652
v 43.99994 163.0616 32.60872
v 43.99994 161.5528 34.20452
v 43.99994 162.0704 32.27272
v 43.99994 160.7831 34.05153
v 43.99994 161.044 32.06873
v 43.99994 160 33.99993
v 43.99994 160 31.99993
v 43.99994 159.217 34.05153
v 43.99994 158.956 32.06873
v 43.99995 158.4473 34.20453
v 43.99994 157.9296 32.27273
v 43.99995 157.7038 34.45653
v 43.99994 156.9384 32.60873
v 43.99995 157 34.80393
v 43.99995 156 33.07193
v 43.99995 156.3472 35.23953
v 43.99995 155.1296 33.65273
v 43.99995 155.7574 35.75733
v 43.99995 154.3432 34.34313
v 43.99995 155.2397 36.34713
v 43.99995 153.6528 35.12953
v 43.99995 154.804 36.99993
v 43.99995 153.0721 35.99994
v 43.99995 154.4566 37.70373
v 43.99995 152.6088 36.93834
v 43.99995 154.2047 38.44713
v 43.99995 152.2728 37.92953
v 43.99995 154.0517 39.21693
v 43.99995 152.0688 38.95594
v 43.99995 154 39.99994
v 43.99996 152 39.99994
v 43.99995 154.0517 40.78294
v 43.99996 152.0688 41.04394
v 43.99995 154.2047 41.55273
v 43.99996 152.2729 42.07034
v 43.99996 154.4566 42.29613
v 43.99996 152.6089 43.06153
v 43.99996 154.804 42.99994
v 43.99996 153.0721 43.99994
v 43.99996 155.2397 43.65273
v 43.99996 153.6529 44.87033
v 43.99996 155.7575 44.24253
v 43.99996 154.3433 45.65673
v 43.99996 156.3473 44.76033
v 43.99996 155.1297 46.34713
v 43.99996 157.0001 45.19593
v 43.99996 156.0001 46.92793
v 43.99996 157.7039 45.54333
v 43.99996 156.9385 47.39113
v 43.99996 158.4473 45.79533
v 43.99996 157.9297 47.72713
v 43.99995 159.2171 45.94833
v 43.99996 158.9561 47.93113
v 43.99995 160.0001 45.99993
v 43.99996 160.0001 47.99993
v 43.99995 160.7831 45.94833
v 43.99996 161.0441 47.93113
v 43.99995 161.5529 45.79533
v 43.99995 162.0705 47.72713
v 43.99995 162.2962 45.54333
v 43.99995 163.0617 47.39113
v 43.99995 163.0001 45.19593
v 43.99995 164.0001 46.92793
v 43.99995 163.6529 44.76033
v 43.99995 164.8705 46.34713
v 43.99995 164.2427 44.24253
v 43.99995 165.6569 45.65672
v 43.99995 164.7605 43.65273
v 43.99995 166.3473 44.87032
v 43.99995 165.1961 42.99992
v 43.99995 166.9281 43.99992
v 43.99995 165.5435 42.29612
v 43.99995 167.3913 43.06152
v 43.99995 165.7955 41.55272
v 43.99994 167.7273 42.07032
v 43.99994 165.9485 40.78292
v 43.99994 167.9312 41.04392
v 23.99996 145.9484 39.21696
v 23.99996 146 39.99996
v 43.99996 146 39.99994
v 43.99996 145.9484 39.21694
v 23.99996 145.7954 38.44716
v 43.99996 145.7954 38.44714
v 23.99996 145.5434 37.70376
v 43.99996 145.5434 37.70374
v 23.99996 145.196 36.99996
v 43.99996 145.196 36.99994
v 23.99996 144.7604 36.34716
v 43.99996 144.7605 36.34714
v 23.99996 144.2426 35.75736
v 43.99996 144.2426 35.75734
v 23.99996 143.6528 35.23956
v 43.99996 143.6528 35.23954
v 23.99996 143 34.80396
v 43.99996 143 34.80394
v 23.99996 142.2962 34.45656
v 43.99996 142.2962 34.45654
v 23.99996 141.5528 34.20456
v 43.99996 141.5528 34.20454
v 23.99996 140.783 34.05156
v 43.99996 140.7831 34.05154
v 23.99996 140 33.99997
v 43.99996 140 33.99995
v 23.99996 139.217 34.05157
v 43.99996 139.217 34.05155
v 23.99996 138.4472 34.20457
v 43.99996 138.4473 34.20455
v 23.99996 137.7038 34.45657
v 43.99996 137.7038 34.45655
v 23.99996 137 34.80397
v 43.99997 137 34.80395
v 23.99996 136.3472 35.23957
v 43.99997 136.3472 35.23955
v 23.99996 135.7574 35.75737
v 43.99997 135.7574 35.75735
v 23.99997 135.2396 36.34717
v 43.99997 135.2396 36.34715
v 23.99997 134.804 36.99997
v 43.99997 134.804 36.99995
v 23.99997 134.4566 37.70377
v 43.99997 134.4566 37.70375
v 23.99997 134.2046 38.44717
v 43.99997 134.2047 38.44715
v 23.99997 134.0516 39.21697
v 43.99997 134.0517 39.21695
v 23.99997 134 39.99997
v 43.99997 134 39.99995
v 23.99997 134.0516 40.78297
v 43.99997 134.0517 40.78295
v 23.99997 134.2046 41.55277
v 43.99997 134.2047 41.55275
v 23.99997 134.4566 42.29617
v 43.99997 134.4566 42.29615
v 23.99997 134.804 42.99997
v 43.99997 134.804 42.99995
v 23.99997 135.2396 43.65277
v 43.99997 135.2397 43.65275
v 23.99997 135.7574 44.24257
v 43.99997 135.7574 44.24255
v 23.99997 136.3472 44.76037
v 43.99997 136.3472 44.76035
v 23.99997 137 45.19597
v 43.99997 137 45.19595
v 23.99997 137.7038 45.54337
v 43.99997 137.7039 45.54335
v 23.99997 138.4472 45.79537
v 43.99997 138.4473 45.79535
v 23.99997 139.217 45.94837
v 43.99997 139.2171 45.94835
v 23.99997 140 45.99997
v 43.99997 140.0001 45.99995
v 23.99997 140.783 45.94837
v 43.99997 140.7831 45.94835
v 23.99997 141.5528 45.79537
v 43.99997 141.5529 45.79535
v 23.99997 142.2962 45.54337
v 43.99997 142.2962 45.54335
v 23.99997 143 45.19596
v 43.99997 143.0001 45.19595
v 23.99997 143.6528 44.76036
v 43.99997 143.6529 44.76035
v 23.99997 144.2426 44.24257
v 43.99997 144.2426 44.24255
v 23.99996 144.7604 43.65276
v 43.99997 144.7605 43.65274
v 23.99996 145.196 42.99996
v 43.99997 145.196 42.99994
v 23.99996 145.5434 42.29616
v 43.99997 145.5435 42.29614
v 23.99996 145.7954 41.55276
v 43.99996 145.7955 41.55274
v 23.99996 145.9484 40.78296
v 43.99996 145.9485 40.78294
v 23.99996 147.9312 38.95596
v 23.99996 148 39.99996
v 43.99996 148 39.99994
v 43.99996 147.9312 38.95594
v 23.99996 147.7272 37.92956
v 43.99996 147.7272 37.92954
v 23.99995 147.3912 36.93836
v 43.99996 147.3913 36.93834
v 23.99995 146.928 35.99996
v 43.99996 146.9281 35.99994
v 23.99995 146.3472 35.12956
v 43.99996 146.3472 35.12954
v 23.99995 145.6568 34.34316
v 43.99996 145.6568 34.34314
v 23.99995 144.8704 33.65276
v 43.99996 144.8704 33.65274
v 23.99995 144 33.07196
v 43.99996 144 33.07194
v 23.99995 143.0616 32.60876
v 43.99996 143.0616 32.60874
v 23.99995 142.0704 32.27276
v 43.99996 142.0704 32.27274
v 23.99996 141.044 32.06876
v 43.99996 141.044 32.06874
v 23.99996 140 31.99997
v 43.99996 140 31.99994
v 23.99996 138.956 32.06877
v 43.99996 138.956 32.06874
v 23.99996 137.9296 32.27277
v 43.99996 137.9296 32.27275
v 23.99996 136.9384 32.60877
v 43.99996 136.9384 32.60875
v 23.99996 136 33.07197
v 43.99996 136 33.07195
v 23.99996 135.1296 33.65277
v 43.99997 135.1296 33.65275
v 23.99996 134.3432 34.34317
v 43.99997 134.3432 34.34315
v 23.99997 133.6528 35.12957
v 43.99997 133.6528 35.12955
v 23.99997 133.072 35.99997
v 43.99997 133.072 35.99995
v 23.99997 132.6088 36.93837
v 43.99997 132.6088 36.93835
v 23.99997 132.2728 37.92957
v 43.99997 132.2728 37.92955
v 23.99997 132.0688 38.95597
v 43.99997 132.0688 38.95596
v 23.99997 132 39.99997
v 43.99997 132 39.99995
v 23.99997 132.0688 41.04398
v 43.99998 132.0688 41.04395
v 23.99997 132.2728 42.07037
v 43.99998 132.2729 42.07035
v 23.99998 132.6088 43.06157
v 43.99998 132.6089 43.06155
v 23.99998 133.072 43.99997
v 43.99998 133.0721 43.99995
v 23.99998 133.6528 44.87037
v 43.99998 133.6528 44.87035
v 23.99998 134.3432 45.65677
v 43.99998 134.3432 45.65675
v 23.99998 135.1296 46.34717
v 43.99998 135.1297 46.34715
v 23.99998 136 46.92797
v 43.99998 136.0001 46.92795
v 23.99998 136.9384 47.39117
v 43.99998 136.9385 47.39115
v 23.99998 137.9296 47.72717
v 43.99998 137.9297 47.72715
v 23.99997 138.956 47.93117
v 43.99998 138.9561 47.93115
v 23.99997 140 47.99997
v 43.99997 140.0001 47.99995
v 23.99997 141.044 47.93117
v 43.99997 141.0441 47.93115
v 23.99997 142.0704 47.72717
v 43.99997 142.0704 47.72715
v 23.99997 143.0616 47.39117
v 43.99997 143.0617 47.39115
v 23.99997 144 46.92796
v 43.99997 144.0001 46.92794
v 23.99997 144.8704 46.34716
v 43.99997 144.8705 46.34715
v 23.99997 145.6568 45.65676
v 43.99997 145.6569 45.65674
v 23.99996 146.3472 44.87036
v 43.99997 146.3473 44.87034
v 23.99996 146.928 43.99996
v 43.99997 146.9281 43.99994
v 23.99996 147.3912 43.06156
v 43.99996 147.3913 43.06154
v 23.99996 147.7272 42.07036
v 43.99996 147.7272 42.07034
v 23.99996 147.9312 41.04396
v 43.99996 147.9312 41.04394
v 43.99996 146 39.99994
v 43.99996 145.9484 39.21694
v 43.99996 147.9312 38.95594
v 43.99996 148 39.99994
v 43.99996 145.7954 38.44714
v 43.99996 147.7272 37.92954
v 43.99996 145.5434 37.70374
v 43.99996 147.3913 36.93834
v 43.99996 145.196 36.99994
v 43.99996 146.9281 35.99994
v 43.99996 144.7605 36.34714
v 43.99996 146.3472 35.12954
v 43.99996 144.2426 35.75734
v 43.99996 145.6568 34.34314
v 43.99996 143.6528 35.23954
v 43.99996 144.8704 33.65274
v 43.99996 143 34.80394
v 43.99996 144 33.07194
v 43.99996 142.2962 34.45654
v 43.99996 143.0616 32.60874
v 43.99996 141.5528 34.20454
v 43.99996 142.0704 32.27274
v 43.99996 140.7831 34.05154
v 43.99996 141.044 32.06874
v 43.99996 140 33.99995
v 43.99996 140 31.99994
v 43.99996 139.217 34.05155
v 43.99996 138.956 32.06874
v 43.99996 138.4473 34.20455
v 43.99996 137.9296 32.27275
v 43.99996 137.7038 34.45655
v 43.99996 136.9384 32.60875
v 43.99997 137 34.80395
v 43.99996 136 33.07195
v 43.99997 136.3472 35.23955
v 43.99997 135.1296 33.65275
v 43.99997 135.7574 35.75735
v 43.99997 134.3432 34.34315
v 43.99997 135.2396 36.34715
v 43.99997 133.6528 35.12955
v 43.99997 134.804 36.99995
v 43.99997 133.072 35.99995
v 43.99997 134.4566 37.70375
v 43.99997 132.6088 36.93835
v 43.99997 134.2047 38.44715
v 43.99997 132.2728 37.92955
v 43.99997 134.0517 39.21695
v 43.99997 132.0688 38.95596
v 43.99997 134 39.99995
v 43.99997 132 39.99995
v 43.99997 134.0517 40.78295
v 43.99998 132.0688 41.04395
v 43.99997 134.2047 41.55275
v 43.99998 132.2729 42.07035
v 43.99997 134.4566 42.29615
v 43.99998 132.6089 43.06155
v 43.99997 134.804 42.99995
v 43.99998 133.0721 43.99995
v 43.99997 135.2397 43.65275
v 43.99998 133.6528 44.87035
v 43.99997 135.7574 44.24255
v 43.99998 134.3432 45.65675
v 43.99997 136.3472 44.76035
v 43.99998 135.1297 46.34715
v 43.99997 137 45.19595
v 43.99998 136.0001 46.92795
v 43.99997 137.7039 45.54335
v 43.99998 136.9385 47.39115
v 43.99997 138.4473 45.79535
v 43.99998 137.9297 47.72715
v 43.99997 139.2171 45.94835
v 43.99998 138.9561 47.93115
v 43.99997 140.0001 45.99995
v 43.99997 140.0001 47.99995
v 43.99997 140.7831 45.94835
v 43.99997 141.0441 47.93115
v 43.99997 141.5529 45.79535
v 43.99997 142.0704 47.72715
v 43.99997 142.2962 45.54335
v 43.99997 143.0617 47.39115
v 43.99997 143.0001 45.19595
v 43.99997 144.0001 46.92794
v 43.99997 143.6529 44.76035
v 43.99997 144.8705 46.34715
v 43.99997 144.2426 44.24255
v 43.99997 145.6569 45.65674
v 43.99997 144.7605 43.65274
v 43.99997 146.3473 44.87034
v 43.99997 145.196 42.99994
v 43.99997 146.9281 43.99994
v 43.99997 145.5435 42.29614
v 43.99996 147.3913 43.06154
v 43.99996 145.7955 41.55274
v 43.99996 147.7272 42.07034
v 43.99996 145.9485 40.78294
v 43.99996 147.9312 41.04394
v 23.99998 125.9484 39.21698
v 23.99998 126 39.99998
v 43.99998 126 39.99996
v 43.99998 125.9484 39.21696
v 23.99998 125.7954 38.44718
v 43.99998 125.7954 38.44716
v 23.99998 125.5434 37.70378
v 43.99998 125.5434 37.70376
v 23.99998 125.196 36.99998
v 43.99998 125.196 36.99996
v 23.99998 124.7604 36.34718
v 43.99998 124.7604 36.34716
v 23.99998 124.2426 35.75738
v 43.99998 124.2426 35.75736
v 23.99998 123.6528 35.23958
v 43.99998 123.6528 35.23956
v 23.99998 123 34.80398
v 43.99998 123 34.80396
v 23.99998 122.2962 34.45658
v 43.99998 122.2962 34.45656
v 23.99998 121.5528 34.20458
v 43.99998 121.5528 34.20456
v 23.99998 120.783 34.05158
v 43.99998 120.783 34.05156
v 23.99998 120 33.99998
v 43.99998 120 33.99997
v 23.99998 119.217 34.05159
v 43.99998 119.217 34.05156
v 23.99998 118.4472 34.20459
v 43.99998 118.4472 34.20457
v 23.99998 117.7038 34.45658
v 43.99998 117.7038 34.45657
v 23.99998 117 34.80399
v 43.99998 117 34.80397
v 23.99998 116.3472 35.23959
v 43.99998 116.3472 35.23957
v 23.99998 115.7574 35.75739
v 43.99998 115.7574 35.75737
v 23.99998 115.2396 36.34719
v 43.99998 115.2396 36.34717
v 23.99998 114.804 36.99999
v 43.99998 114.804 36.99997
v 23.99998 114.4566 37.70379
v 43.99999 114.4566 37.70377
v 23.99999 114.2046 38.44719
v 43.99999 114.2046 38.44717
v 23.99999 114.0516 39.21699
v 43.99999 114.0516 39.21697
v 23.99999 114 39.99999
v 43.99999 114 39.99997
v 23.99999 114.0516 40.78299
v 43.99999 114.0516 40.78297
v 23.99999 114.2046 41.55279
v 43.99999 114.2046 41.55277
v 23.99999 114.4566 42.29619
v 43.99999 114.4566 42.29617
v 23.99999 114.804 42.99999
v 43.99999 114.804 42.99997
v 23.99999 115.2396 43.65279
v 43.99999 115.2396 43.65277
v 23.99999 115.7574 44.24259
v 43.99999 115.7575 44.24257
v 23.99999 116.3472 44.76039
v 43.99999 116.3473 44.76037
v 23.99999 117 45.19599
v 43.99999 117.0001 45.19597
v 23.99999 117.7038 45.54339
v 43.99999 117.7038 45.54337
v 23.99999 118.4472 45.79539
v 43.99999 118.4473 45.79537
v 23.99999 119.217 45.94839
v 43.99999 119.217 45.94837
v 23.99999 120 45.99999
v 43.99999 120.0001 45.99997
v 23.99999 120.783 45.94839
v 43.99999 120.7831 45.94836
v 23.99999 121.5528 45.79539
v 43.99999 121.5528 45.79536
v 23.99999 122.2962 45.54338
v 43.99999 122.2962 45.54337
v 23.99998 123 45.19598
v 43.99999 123.0001 45.19596
v 23.99998 123.6528 44.76038
v 43.99998 123.6528 44.76036
v 23.99998 124.2426 44.24258
v 43.99998 124.2427 44.24256
v 23.99998 124.7604 43.65278
v 43.99998 124.7605 43.65276
v 23.99998 125.196 42.99998
v 43.99998 125.1961 42.99996
v 23.99998 125.5434 42.29618
v 43.99998 125.5434 42.29616
v 23.99998 125.7954 41.55278
v 43.99998 125.7954 41.55276
v 23.99998 125.9484 40.78298
v 43.99998 125.9484 40.78296
v 23.99998 127.9312 38.95598
v 23.99998 128 39.99998
v 43.99998 128 39.99996
v 43.99998 127.9312 38.95596
v 23.99997 127.7272 37.92958
v 43.99998 127.7272 37.92956
v 23.99997 127.3912 36.93838
v 43.99998 127.3912 36.93836
v 23.99997 126.928 35.99998
v 43.99997 126.928 35.99996
v 23.99997 126.3472 35.12958
v 43.99997 126.3472 35.12956
v 23.99997 125.6568 34.34318
v 43.99997 125.6568 34.34316
v 23.99997 124.8704 33.65278
v 43.99997 124.8704 33.65276
v 23.99997 124 33.07198
v 43.99997 124 33.07196
v 23.99997 123.0616 32.60878
v 43.99997 123.0616 32.60876
v 23.99997 122.0704 32.27278
v 43.99998 122.0704 32.27276
v 23.99997 121.044 32.06878
v 43.99998 121.044 32.06876
v 23.99998 120 31.99998
v 43.99998 120 31.99996
v 23.99998 118.956 32.06878
v 43.99998 118.956 32.06876
v 23.99998 117.9296 32.27279
v 43.99998 117.9296 32.27277
v 23.99998 116.9384 32.60879
v 43.99998 116.9384 32.60876
v 23.99998 116 33.07199
v 43.99998 116 33.07197
v 23.99998 115.1296 33.65279
v 43.99998 115.1296 33.65277
v 23.99998 114.3432 34.34319
v 43.99998 114.3432 34.34317
v 23.99998 113.6528 35.12959
v 43.99998 113.6528 35.12957
v 23.99998 113.072 35.99999
v 43.99999 113.072 35.99997
v 23.99999 112.6088 36.93839
v 43.99999 112.6088 36.93837
v 23.99999 112.2728 37.92959
v 43.99999 112.2728 37.92957
v 23.99999 112.0688 38.95599
v 43.99999 112.0688 38.95597
v 23.99999 112 39.99999
v 43.99999 112 39.99997
v 23.99999 112.0688 41.04399
v 43.99999 112.0688 41.04397
v 23.99999 112.2728 42.07039
v 43.99999 112.2729 42.07037
v 23.99999 112.6088 43.06159
v 44 112.6088 43.06157
v 23.99999 113.072 43.99999
v 44 113.0721 43.99997
v 23.99999 113.6528 44.87039
v 44 113.6528 44.87037
v 23.99999 114.3432 45.65679
v 44 114.3433 45.65677
v 23.99999 115.1296 46.34719
v 44 115.1297 46.34717
v 23.99999 116 46.92799
v 44 116.0001 46.92797
v 23.99999 116.9384 47.39119
v 44 116.9385 47.39117
v 23.99999 117.9296 47.72719
v 44 117.9296 47.72717
v 23.99999 118.956 47.93119
v 43.99999 118.9561 47.93117
v 23.99999 120 47.99999
v 43.99999 120.0001 47.99997
v 23.99999 121.044 47.93119
v 43.99999 121.0441 47.93117
v 23.99999 122.0704 47.72718
v 43.99999 122.0705 47.72717
v 23.99999 123.0616 47.39119
v 43.99999 123.0617 47.39116
v 23.99999 124 46.92798
v 43.99999 124.0001 46.92796
v 23.99998 124.8704 46.34718
v 43.99999 124.8705 46.34716
v 23.99998 125.6568 45.65678
v 43.99998 125.6569 45.65676
v 23.99998 126.3472 44.87038
v 43.99998 126.3473 44.87036
v 23.99998 126.928 43.99998
v 43.99998 126.928 43.99996
v 23.99998 127.3912 43.06158
v 43.99998 127.3913 43.06156
v 23.99998 127.7272 42.07038
v 43.99998 127.7272 42.07036
v 23.99998 127.9312 41.04398
v 43.99998 127.9313 41.04396
v 43.99998 126 39.99996
v 43.99998 125.9484 39.21696
v 43.99998 127.9312 38.95596
v 43.99998 128 39.99996
v 43.99998 125.7954 38.44716
v 43.99998 127.7272 37.92956
v 43.99998 125.5434 37.70376
v 43.99998 127.3912 36.93836
v 43.99998 125.196 36.99996
v 43.99997 126.928 35.99996
v 43.99998 124.7604 36.34716
v 43.99997 126.3472 35.12956
v 43.99998 124.2426 35.75736
v 43.99997 125.6568 34.34316
v 43.99998 123.6528 35.23956
v 43.99997 124.8704 33.65276
v 43.99998 123 34.80396
v 43.99997 124 33.07196
v 43.99998 122.2962 34.45656
v 43.99997 123.0616 32.60876
v 43.99998 121.5528 34.20456
v 43.99998 122.0704 32.27276
v 43.99998 120.783 34.05156
v 43.99998 121.044 32.06876
v 43.99998 120 33.99997
v 43.99998 120 31.99996
v 43.99998 119.217 34.05156
v 43.99998 118.956 32.06876
v 43.99998 118.4472 34.20457
v 43.99998 117.9296 32.27277
v 43.99998 117.7038 34.45657
v 43.99998 116.9384 32.60876
v 43.99998 117 34.80397
v 43.99998 116 33.07197
v 43.99998 116.3472 35.23957
v 43.99998 115.1296 33.65277
v 43.99998 115.7574 35.75737
v 43.99998 114.3432 34.34317
v 43.99998 115.2396 36.34717
v 43.99998 113.6528 35.12957
v 43.99998 114.804 36.99997
v 43.99999 113.072 35.99997
v 43.99999 114.4566 37.70377
v 43.99999 112.6088 36.93837
v 43.99999 114.2046 38.44717
v 43.99999 112.2728 37.92957
v 43.99999 114.0516 39.21697
v 43.99999 112.0688 38.95597
v 43.99999 114 39.99997
v 43.99999 112 39.99997
v 43.99999 114.0516 40.78297
v 43.99999 112.0688 41.04397
v 43.99999 114.2046 41.55277
v 43.99999 112.2729 42.07037
v 43.99999 114.4566 42.29617
v 44 112.6088 43.06157
v 43.99999 114.804 42.99997
v 44 113.0721 43.99997
v 43.99999 115.2396 43.65277
v 44 113.6528 44.87037
v 43.99999 115.7575 44.24257
v 44 114.3433 45.65677
v 43.99999 116.3473 44.76037
v 44 115.1297 46.34717
v 43.99999 117.0001 45.19597
v 44 116.0001 46.92797
v 43.99999 117.7038 45.54337
v 44 116.9385 47.39117
v 43.99999 118.4473 45.79537
v 44 117.9296 47.72717
v 43.99999 119.217 45.94837
v 43.99999 118.9561 47.93117
v 43.99999 120.0001 45.99997
v 43.99999 120.0001 47.99997
v 43.99999 120.7831 45.94836
v 43.99999 121.0441 47.93117
v 43.99999 121.5528 45.79536
v 43.99999 122.0705 47.72717
v 43.99999 122.2962 45.54337
v 43.99999 123.0617 47.39116
v 43.99999 123.0001 45.19596
v 43.99999 124.0001 46.92796
v 43.99998 123.6528 44.76036
v 43.99999 124.8705 46.34716
v 43.99998 124.2427 44.24256
v 43.99998 125.6569 45.65676
v 43.99998 124.7605 43.65276
v 43.99998 126.3473 44.87036
v 43.99998 125.1961 42.99996
v 43.99998 126.928 43.99996
v 43.99998 125.5434 42.29616
v 43.99998 127.3913 43.06156
v 43.99998 125.7954 41.55276
v 43.99998 127.7272 42.07036
v 43.99998 125.9484 40.78296
v 43.99998 127.9313 41.04396
v 23.99999 105.9484 39.217
v 23.99999 106 40
v 44 106 39.99998
v 44 105.9484 39.21698
v 23.99999 105.7954 38.4472
v 44 105.7954 38.44718
v 23.99999 105.5434 37.7038
v 44 105.5434 37.70378
v 23.99999 105.196 37
v 44 105.196 36.99998
v 23.99999 104.7604 36.3472
v 44 104.7604 36.34718
v 23.99999 104.2426 35.7574
v 44 104.2426 35.75738
v 23.99999 103.6528 35.2396
v 44 103.6528 35.23958
v 23.99999 103 34.804
v 44 103 34.80398
v 23.99999 102.2962 34.4566
v 44 102.2962 34.45658
v 23.99999 101.5528 34.2046
v 44 101.5528 34.20458
v 23.99999 100.783 34.0516
v 44 100.783 34.05158
v 23.99999 100 34
v 44 100 33.99998
v 23.99999 99.21702 34.0516
v 44 99.21704 34.05158
v 24 98.44721 34.20461
v 44 98.44724 34.20458
v 24 97.70381 34.4566
v 44 97.70384 34.45658
v 24 97.00002 34.804
v 44 97.00004 34.80399
v 24 96.34721 35.2396
v 44 96.34724 35.23959
v 24 95.75742 35.75741
v 44 95.75744 35.75739
v 24 95.23962 36.34721
v 44 95.23964 36.34719
v 24 94.80402 37.00001
v 44 94.80404 36.99999
v 24 94.45662 37.70381
v 44 94.45664 37.70379
v 24 94.20462 38.44721
v 44.00001 94.20464 38.44719
v 24.00001 94.05162 39.21701
v 44.00001 94.05164 39.21699
v 24.00001 94.00002 40.00001
v 44.00001 94.00005 39.99999
v 24.00001 94.05162 40.78301
v 44.00001 94.05164 40.78299
v 24.00001 94.20462 41.55281
v 44.00001 94.20464 41.55279
v 24.00001 94.45662 42.29621
v 44.00001 94.45664 42.29619
v 24.00001 94.80402 43.00001
v 44.00001 94.80405 42.99999
v 24.00001 95.23962 43.65281
v 44.00001 95.23965 43.65279
v 24.00001 95.75742 44.24261
v 44.00001 95.75745 44.24259
v 24.00001 96.34722 44.76041
v 44.00001 96.34724 44.76039
v 24.00001 97.00002 45.19601
v 44.00001 97.00005 45.19599
v 24.00001 97.70383 45.54341
v 44.00001 97.70385 45.54339
v 24.00001 98.44723 45.79541
v 44.00001 98.44725 45.79539
v 24.00001 99.21703 45.94841
v 44.00001 99.21705 45.94839
v 24.00001 100 46
v 44.00001 100 45.99998
v 24.00001 100.783 45.94841
v 44.00001 100.7831 45.94838
v 24.00001 101.5528 45.7954
v 44.00001 101.5528 45.79538
v 24 102.2962 45.5434
v 44.00001 102.2962 45.54338
v 24 103 45.196
v 44 103 45.19598
v 24 103.6528 44.7604
v 44 103.6528 44.76038
v 24 104.2426 44.2426
v 44 104.2426 44.24258
v 24 104.7604 43.6528
v 44 104.7604 43.65278
v 24 105.196 43
v 44 105.196 42.99998
v 24 105.5434 42.2962
v 44 105.5434 42.29618
v 24 105.7954 41.5528
v 44 105.7954 41.55278
v 24 105.9484 40.783
v 44 105.9484 40.78298
v 23.99999 107.9312 38.956
v 23.99999 108 40
v 44 108 39.99998
v 44 107.9312 38.95597
v 23.99999 107.7272 37.9296
v 43.99999 107.7272 37.92958
v 23.99999 107.3912 36.9384
v 43.99999 107.3912 36.93838
v 23.99999 106.928 36
v 43.99999 106.928 35.99998
v 23.99999 106.3472 35.1296
v 43.99999 106.3472 35.12958
v 23.99999 105.6568 34.3432
v 43.99999 105.6568 34.34318
v 23.99999 104.8704 33.6528
v 43.99999 104.8704 33.65278
v 23.99999 104 33.072
v 43.99999 104 33.07198
v 23.99999 103.0616 32.6088
v 43.99999 103.0616 32.60878
v 23.99999 102.0704 32.2728
v 43.99999 102.0704 32.27278
v 23.99999 101.044 32.0688
v 43.99999 101.044 32.06878
v 23.99999 100 32
v 44 100 31.99998
v 23.99999 98.95601 32.0688
v 44 98.95604 32.06878
v 23.99999 97.92961 32.2728
v 44 97.92963 32.27279
v 24 96.93842 32.6088
v 44 96.93844 32.60878
v 24 96.00002 33.07201
v 44 96.00004 33.07199
v 24 95.12962 33.65281
v 44 95.12964 33.65279
v 24 94.34322 34.34321
v 44 94.34324 34.34319
v 24 93.65282 35.12961
v 44 93.65284 35.12959
v 24 93.07201 36.00001
v 44 93.07204 35.99999
v 24 92.60882 36.93841
v 44.00001 92.60884 36.93839
v 24.00001 92.27282 37.92961
v 44.00001 92.27284 37.92959
v 24.00001 92.06882 38.95601
v 44.00001 92.06884 38.95599
v 24.00001 92.00002 40.00001
v 44.00001 92.00005 39.99999
v 24.00001 92.06882 41.04401
v 44.00001 92.06885 41.04399
v 24.00001 92.27282 42.07041
v 44.00001 92.27284 42.07039
v 24.00001 92.60883 43.06161
v 44.00001 92.60885 43.06159
v 24.00001 93.07202 44.00001
v 44.00001 93.07204 43.99999
v 24.00001 93.65282 44.87041
v 44.00002 93.65285 44.87039
v 24.00001 94.34322 45.65681
v 44.00002 94.34325 45.65679
v 24.00001 95.12962 46.34721
v 44.00002 95.12965 46.34719
v 24.00001 96.00002 46.92801
v 44.00002 96.00005 46.92799
v 24.00001 96.93842 47.39121
v 44.00001 96.93845 47.39119
v 24.00001 97.92963 47.72721
v 44.00001 97.92965 47.72719
v 24.00001 98.95602 47.93121
v 44.00001 98.95605 47.93119
v 24.00001 100 48
v 44.00001 100.0001 47.99998
v 24.00001 101.044 47.93121
v 44.00001 101.0441 47.93118
v 24.00001 102.0704 47.7272
v 44.00001 102.0704 47.72718
v 24.00001 103.0616 47.3912
v 44.00001 103.0617 47.39118
v 24 104 46.928
v 44.00001 104.0001 46.92798
v 24 104.8704 46.3472
v 44 104.8705 46.34718
v 24 105.6568 45.6568
v 44 105.6569 45.65678
v 24 106.3472 44.8704
v 44 106.3473 44.87038
v 24 106.928 44
v 44 106.928 43.99998
v 24 107.3912 43.0616
v 44 107.3913 43.06158
v 24 107.7272 42.0704
v 44 107.7272 42.07038
v 23.99999 107.9312 41.04399
v 44 107.9312 41.04398
v 44 106 39.99998
v 44 105.9484 39.21698
v 44 107.9312 38.95597
v 44 108 39.99998
v 44 105.7954 38.44718
v 43.99999 107.7272 37.92958
v 44 105.5434 37.70378
v 43.99999 107.3912 36.93838
v 44 105.196 36.99998
v 43.99999 106.928 35.99998
v 44 104.7604 36.34718
v 43.99999 106.3472 35.12958
v 44 104.2426 35.75738
v 43.99999 105.6568 34.34318
v 44 103.6528 35.23958
v 43.99999 104.8704 33.65278
v 44 103 34.80398
v 43.99999 104 33.07198
v 44 102.2962 34.45658
v 43.99999 103.0616 32.60878
v 44 101.5528 34.20458
v 43.99999 102.0704 32.27278
v 44 100.783 34.05158
v 43.99999 101.044 32.06878
v 44 100 33.99998
v 44 100 31.99998
v 44 99.21704 34.05158
v 44 98.95604 32.06878
v 44 98.44724 34.20458
v 44 97.92963 32.27279
v 44 97.70384 34.45658
v 44 96.93844 32.60878
v 44 97.00004 34.80399
v 44 96.00004 33.07199
v 44 96.34724 35.23959
v 44 95.12964 33.65279
v 44 95.75744 35.75739
v 44 94.34324 34.34319
v 44 95.23964 36.34719
v 44 93.65284 35.12959
v 44 94.80404 36.99999
v 44 93.07204 35.99999
v 44 94.45664 37.70379
v 44.00001 92.60884 36.93839
v 44.00001 94.20464 38.44719
v 44.00001 92.27284 37.92959
v 44.00001 94.05164 39.21699
v 44.00001 92.06884 38.95599
v 44.00001 94.00005 39.99999
v 44.00001 92.00005 39.99999
v 44.00001 94.05164 40.78299
v 44.00001 92.06885 41.04399
v 44.00001 94.20464 41.55279
v 44.00001 92.27284 42.07039
v 44.00001 94.45664 42.29619
v 44.00001 92.60885 43.06159
v 44.00001 94.80405 42.99999
v 44.00001 93.07204 43.99999
v 44.00001 95.23965 43.65279
v 44.00002 93.65285 44.87039
v 44.00001 95.75745 44.24259
v 44.00002 94.34325 45.65679
v 44.00001 96.34724 44.76039
v 44.00002 95.12965 46.34719
v 44.00001 97.00005 45.19599
v 44.00002 96.00005 46.92799
v 44.00001 97.70385 45.54339
v 44.00001 96.93845 47.39119
v 44.00001 98.44725 45.79539
v 44.00001 97.92965 47.72719
v 44.00001 99.21705 45.94839
v 44.00001 98.95605 47.93119
v 44.00001 100 45.99998
v 44.00001 100.0001 47.99998
v 44.00001 100.7831 45.94838
v 44.00001 101.0441 47.93118
v 44.00001 101.5528 45.79538
v 44.00001 102.0704 47.72718
v 44.00001 102.2962 45.54338
v 44.00001 103.0617 47.39118
v 44 103 45.19598
v 44.00001 104.0001 46.92798
v 44 103.6528 44.76038
v 44 104.8705 46.34718
v 44 104.2426 44.24258
v 44 105.6569 45.65678
v 44 104.7604 43.65278
v 44 106.3473 44.87038
v 44 105.196 42.99998
v 44 106.928 43.99998
v 44 105.5434 42.29618
v 44 107.3913 43.06158
v 44 105.7954 41.55278
v 44 107.7272 42.07038
v 44 105.9484 40.78298
v 44 107.9312 41.04398
v 24.00001 85.94842 39.21702
v 24.00001 86.00002 40.00002
v 44.00002 86.00005 40
v 44.00002 85.94844 39.217
v 24.00001 85.79542 38.44722
v 44.00002 85.79544 38.4472
v 24.00001 85.54342 37.70382
v 44.00002 85.54344 37.7038
v 24.00001 85.19601 37.00002
v 44.00001 85.19604 37
v 24.00001 84.76041 36.34722
v 44.00001 84.76044 36.3472
v 24.00001 84.24261 35.75742
v 44.00001 84.24264 35.7574
v 24.00001 83.65282 35.23962
v 44.00001 83.65284 35.2396
v 24.00001 83.00002 34.80402
v 44.00001 83.00004 34.804
v 24.00001 82.29621 34.45662
v 44.00001 82.29623 34.4566
v 24.00001 81.55281 34.20462
v 44.00002 81.55283 34.2046
v 24.00001 80.78301 34.05162
v 44.00002 80.78304 34.0516
v 24.00001 80.00002 34.00002
v 44.00002 80.00004 34
v 24.00001 79.21701 34.05162
v 44.00002 79.21703 34.0516
v 24.00001 78.44721 34.20462
v 44.00002 78.44724 34.2046
v 24.00002 77.70381 34.45662
v 44.00002 77.70383 34.4566
v 24.00002 77.00002 34.80402
v 44.00002 77.00004 34.804
v 24.00002 76.34721 35.23962
v 44.00002 76.34724 35.2396
v 24.00002 75.75742 35.75742
v 44.00002 75.75744 35.7574
v 24.00002 75.23962 36.34723
v 44.00002 75.23964 36.34721
v 24.00002 74.80402 37.00003
v 44.00002 74.80404 37.00001
v 24.00002 74.45661 37.70383
v 44.00002 74.45664 37.70381
v 24.00002 74.20461 38.44723
v 44.00002 74.20464 38.44721
v 24.00002 74.05161 39.21703
v 44.00003 74.05164 39.21701
v 24.00002 74.00002 40.00003
v 44.00003 74.00004 40.00001
v 24.00002 74.05162 40.78303
v 44.00003 74.05164 40.78301
v 24.00002 74.20462 41.55283
v 44.00003 74.20464 41.55281
v 24.00002 74.45662 42.29623
v 44.00003 74.45664 42.29621
v 24.00003 74.80402 43.00003
v 44.00003 74.80405 43.00001
v 24.00003 75.23962 43.65283
v 44.00003 75.23965 43.65281
v 24.00003 75.75742 44.24263
v 44.00003 75.75745 44.24261
v 24.00003 76.34722 44.76043
v 44.00003 76.34724 44.76041
v 24.00003 77.00002 45.19603
v 44.00003 77.00005 45.19601
v 24.00003 77.70382 45.54343
v 44.00003 77.70385 45.5434
v 24.00002 78.44722 45.79543
v 44.00003 78.44725 45.79541
v 24.00002 79.21703 45.94843
v 44.00003 79.21705 45.9484
v 24.00002 80.00002 46.00002
v 44.00003 80.00005 46
v 24.00002 80.78303 45.94842
v 44.00003 80.78305 45.9484
v 24.00002 81.55283 45.79542
v 44.00003 81.55285 45.7954
v 24.00002 82.29623 45.54342
v 44.00002 82.29625 45.5434
v 24.00002 83.00002 45.19602
v 44.00002 83.00005 45.196
v 24.00002 83.65282 44.76042
v 44.00002 83.65285 44.7604
v 24.00002 84.24262 44.24262
v 44.00002 84.24265 44.2426
v 24.00002 84.76042 43.65282
v 44.00002 84.76044 43.6528
v 24.00002 85.19602 43.00002
v 44.00002 85.19604 43
v 24.00002 85.54342 42.29622
v 44.00002 85.54344 42.2962
v 24.00002 85.79542 41.55282
v 44.00002 85.79544 41.5528
v 24.00001 85.94842 40.78302
v 44.00002 85.94844 40.783
v 24.00001 87.93122 38.95601
v 24.00001 88.00002 40.00002
v 44.00002 88.00005 40
v 44.00001 87.93124 38.95599
v 24.00001 87.72722 37.92962
v 44.00001 87.72724 37.9296
v 24.00001 87.39121 36.93842
v 44.00001 87.39124 36.93839
v 24.00001 86.92802 36.00002
v 44.00001 86.92804 36
v 24.00001 86.34721 35.12962
v 44.00001 86.34724 35.1296
v 24.00001 85.65681 34.34322
v 44.00001 85.65684 34.3432
v 24.00001 84.87041 33.65282
v 44.00001 84.87044 33.6528
v 24.00001 84.00002 33.07202
v 44.00001 84.00004 33.07199
v 24.00001 83.06161 32.60882
v 44.00001 83.06164 32.6088
v 24.00001 82.07041 32.27282
v 44.00001 82.07043 32.2728
v 24.00001 81.04401 32.06882
v 44.00001 81.04404 32.0688
v 24.00001 80.00001 32.00002
v 44.00001 80.00003 32
v 24.00001 78.95601 32.06882
v 44.00002 78.95603 32.0688
v 24.00001 77.92961 32.27282
v 44.00002 77.92963 32.2728
v 24.00001 76.93841 32.60882
v 44.00002 76.93844 32.6088
v 24.00002 76.00001 33.07203
v 44.00002 76.00004 33.072
v 24.00002 75.12961 33.65282
v 44.00002 75.12964 33.65281
v 24.00002 74.34322 34.34323
v 44.00002 74.34324 34.3432
v 24.00002 73.65281 35.12963
v 44.00002 73.65284 35.12961
v 24.00002 73.07201 36.00003
v 44.00002 73.07204 36.00001
v 24.00002 72.60881 36.93843
v 44.00002 72.60883 36.93841
v 24.00002 72.27281 37.92963
v 44.00003 72.27284 37.92961
v 24.00002 72.06882 38.95603
v 44.00003 72.06884 38.95601
v 24.00002 72.00002 40.00003
v 44.00003 72.00004 40.00001
v 24.00003 72.06882 41.04403
v 44.00003 72.06884 41.04401
v 24.00003 72.27282 42.07043
v 44.00003 72.27284 42.07041
v 24.00003 72.60882 43.06163
v 44.00003 72.60884 43.06161
v 24.00003 73.07202 44.00003
v 44.00003 73.07204 44.00001
v 24.00003 73.65282 44.87043
v 44.00003 73.65285 44.87041
v 24.00003 74.34322 45.65683
v 44.00003 74.34325 45.65681
v 24.00003 75.12962 46.34723
v 44.00003 75.12965 46.34721
v 24.00003 76.00002 46.92803
v 44.00003 76.00005 46.92801
v 24.00003 76.93842 47.39123
v 44.00003 76.93845 47.3912
v 24.00003 77.92963 47.72723
v 44.00003 77.92965 47.72721
v 24.00003 78.95602 47.93122
v 44.00003 78.95605 47.93121
v 24.00003 80.00002 48.00002
v 44.00003 80.00005 48
v 24.00002 81.04403 47.93122
v 44.00003 81.04405 47.9312
v 24.00002 82.07043 47.72722
v 44.00003 82.07045 47.7272
v 24.00002 83.06162 47.39122
v 44.00003 83.06165 47.3912
v 24.00002 84.00002 46.92802
v 44.00002 84.00005 46.928
v 24.00002 84.87042 46.34722
v 44.00002 84.87045 46.3472
v 24.00002 85.65682 45.65682
v 44.00002 85.65685 45.6568
v 24.00002 86.34722 44.87042
v 44.00002 86.34724 44.8704
v 24.00002 86.92802 44.00002
v 44.00002 86.92805 44
v 24.00002 87.39122 43.06161
v 44.00002 87.39124 43.0616
v 24.00001 87.72722 42.07042
v 44.00002 87.72724 42.0704
v 24.00001 87.93122 41.04401
v 44.00002 87.93124 41.04399
v 44.00002 86.00005 40
v 44.00002 85.94844 39.217
v 44.00001 87.93124 38.95599
v 44.00002 88.00005 40
v 44.00002 85.79544 38.4472
v 44.00001 87.72724 37.9296
v 44.00002 85.54344 37.7038
v 44.00001 87.39124 36.93839
v 44.00001 85.19604 37
v 44.00001 86.92804 36
v 44.00001 84.76044 36.3472
v 44.00001 86.34724 35.1296
v 44.00001 84.24264 35.7574
v 44.00001 85.65684 34.3432
v 44.00001 83.65284 35.2396
v 44.00001 84.87044 33.6528
v 44.00001 83.00004 34.804
v 44.00001 84.00004 33.07199
v 44.00001 82.29623 34.4566
v 44.00001 83.06164 32.6088
v 44.00002 81.55283 34.2046
v 44.00001 82.07043 32.2728
v 44.00002 80.78304 34.0516
v 44.00001 81.04404 32.0688
v 44.00002 80.00004 34
v 44.00001 80.00003 32
v 44.00002 79.21703 34.0516
v 44.00002 78.95603 32.0688
v 44.00002 78.44724 34.2046
v 44.00002 77.92963 32.2728
v 44.00002 77.70383 34.4566
v 44.00002 76.93844 32.6088
v 44.00002 77.00004 34.804
v 44.00002 76.00004 33.072
v 44.00002 76.34724 35.2396
v 44.00002 75.12964 33.65281
v 44.00002 75.75744 35.7574
v 44.00002 74.34324 34.3432
v 44.00002 75.23964 36.34721
v 44.00002 73.65284 35.12961
v 44.00002 74.80404 37.00001
v 44.00002 73.07204 36.00001
v 44.00002 74.45664 37.70381
v 44.00002 72.60883 36.93841
v 44.00002 74.20464 38.44721
v 44.00003 72.27284 37.92961
v 44.00003 74.05164 39.21701
v 44.00003 72.06884 38.95601
v 44.00003 74.00004 40.00001
v 44.00003 72.00004 40.00001
v 44.00003 74.05164 40.78301
v 44.00003 72.06884 41.04401
v 44.00003 74.20464 41.55281
v 44.00003 72.27284 42.07041
v 44.00003 74.45664 42.29621
v 44.00003 72.60884 43.06161
v 44.00003 74.80405 43.00001
v 44.00003 73.07204 44.00001
v 44.00003 75.23965 43.65281
v 44.00003 73.65285 44.87041
v 44.00003 75.75745 44.24261
v 44.00003 74.34325 45.65681
v 44.00003 76.34724 44.76041
v 44.00003 75.12965 46.34721
v 44.00003 77.00005 45.19601
v 44.00003 76.00005 46.92801
v 44.00003 77.70385 45.5434
v 44.00003 76.93845 47.3912
v 44.00003 78.44725 45.79541
v 44.00003 77.92965 47.72721
v 44.00003 79.21705 45.9484
v 44.00003 78.95605 47.93121
v 44.00003 80.00005 46
v 44.00003 80.00005 48
v 44.00003 80.78305 45.9484
v 44.00003 81.04405 47.9312
v 44.00003 81.55285 45.7954
v 44.00003 82.07045 47.7272
v 44.00002 82.29625 45.5434
v 44.00003 83.06165 47.3912
v 44.00002 83.00005 45.196
v 44.00002 84.00005 46.928
v 44.00002 83.65285 44.7604
v 44.00002 84.87045 46.3472
v 44.00002 84.24265 44.2426
v 44.00002 85.65685 45.6568
v 44.00002 84.76044 43.6528
v 44.00002 86.34724 44.8704
v 44.00002 85.19604 43
v 44.00002 86.92805 44
v 44.00002 85.54344 42.2962
v 44.00002 87.39124 43.0616
v 44.00002 85.79544 41.5528
v 44.00002 87.72724 42.0704
v 44.00002 85.94844 40.783
v 44.00002 87.93124 41.04399
v 24.00003 65.94841 39.21703
v 24.00003 66.00002 40.00003
v 44.00003 66.00004 40.00002
v 44.00003 65.94844 39.21701
v 24.00003 65.79541 38.44724
v 44.00003 65.79544 38.44722
v 24.00003 65.54341 37.70383
v 44.00003 65.54343 37.70382
v 24.00003 65.19601 37.00003
v 44.00003 65.19604 37.00002
v 24.00003 64.76041 36.34724
v 44.00003 64.76044 36.34721
v 24.00003 64.24261 35.75743
v 44.00003 64.24264 35.75742
v 24.00003 63.65281 35.23964
v 44.00003 63.65284 35.23962
v 24.00003 63.00001 34.80404
v 44.00003 63.00003 34.80402
v 24.00003 62.29621 34.45664
v 44.00003 62.29623 34.45662
v 24.00003 61.55281 34.20464
v 44.00003 61.55283 34.20462
v 24.00003 60.78301 34.05164
v 44.00003 60.78304 34.05162
v 24.00003 60.00001 34.00004
v 44.00003 60.00003 34.00002
v 24.00003 59.21701 34.05164
v 44.00003 59.21703 34.05162
v 24.00003 58.44721 34.20464
v 44.00003 58.44724 34.20462
v 24.00003 57.70381 34.45664
v 44.00003 57.70383 34.45662
v 24.00003 57.00001 34.80404
v 44.00003 57.00003 34.80402
v 24.00003 56.34721 35.23964
v 44.00004 56.34723 35.23962
v 24.00004 55.75741 35.75744
v 44.00004 55.75743 35.75742
v 24.00004 55.23961 36.34724
v 44.00004 55.23964 36.34723
v 24.00004 54.80401 37.00005
v 44.00004 54.80404 37.00002
v 24.00004 54.45661 37.70385
v 44.00004 54.45664 37.70382
v 24.00004 54.20461 38.44725
v 44.00004 54.20464 38.44722
v 24.00004 54.05162 39.21704
v 44.00004 54.05164 39.21703
v 24.00004 54.00002 40.00005
v 44.00005 54.00004 40.00003
v 24.00004 54.05162 40.78305
v 44.00005 54.05164 40.78302
v 24.00004 54.20462 41.55285
v 44.00005 54.20464 41.55283
v 24.00004 54.45662 42.29625
v 44.00005 54.45664 42.29623
v 24.00004 54.80402 43.00005
v 44.00005 54.80404 43.00003
v 24.00004 55.23962 43.65285
v 44.00005 55.23964 43.65282
v 24.00004 55.75742 44.24265
v 44.00005 55.75744 44.24263
v 24.00004 56.34722 44.76044
v 44.00005 56.34724 44.76043
v 24.00004 57.00002 45.19604
v 44.00005 57.00004 45.19603
v 24.00004 57.70382 45.54344
v 44.00005 57.70385 45.54342
v 24.00004 58.44722 45.79544
v 44.00005 58.44725 45.79542
v 24.00004 59.21702 45.94844
v 44.00005 59.21704 45.94842
v 24.00004 60.00002 46.00004
v 44.00005 60.00005 46.00002
v 24.00004 60.78302 45.94844
v 44.00005 60.78305 45.94842
v 24.00004 61.55282 45.79544
v 44.00004 61.55285 45.79542
v 24.00004 62.29622 45.54344
v 44.00004 62.29625 45.54342
v 24.00004 63.00002 45.19604
v 44.00004 63.00005 45.19602
v 24.00004 63.65282 44.76044
v 44.00004 63.65285 44.76042
v 24.00004 64.24262 44.24264
v 44.00004 64.24265 44.24262
v 24.00004 64.76042 43.65284
v 44.00004 64.76044 43.65282
v 24.00003 65.19601 43.00003
v 44.00004 65.19604 43.00002
v 24.00003 65.54342 42.29623
v 44.00003 65.54344 42.29622
v 24.00003 65.79542 41.55283
v 44.00003 65.79544 41.55281
v 24.00003 65.94842 40.78304
v 44.00003 65.94844 40.78302
v 24.00003 67.93121 38.95603
v 24.00003 68.00002 40.00003
v 44.00003 68.00004 40.00001
v 44.00003 67.93124 38.95601
v 24.00003 67.72721 37.92963
v 44.00003 67.72723 37.92961
v 24.00003 67.39121 36.93843
v 44.00003 67.39124 36.93841
v 24.00003 66.92802 36.00003
v 44.00003 66.92804 36.00001
v 24.00002 66.34721 35.12963
v 44.00003 66.34724 35.12961
v 24.00002 65.65681 34.34324
v 44.00003 65.65684 34.34321
v 24.00002 64.87041 33.65284
v 44.00003 64.87043 33.65281
v 24.00002 64.00001 33.07204
v 44.00003 64.00003 33.07201
v 24.00003 63.06161 32.60884
v 44.00003 63.06163 32.60881
v 24.00003 62.07041 32.27283
v 44.00003 62.07043 32.27282
v 24.00003 61.04401 32.06884
v 44.00003 61.04403 32.06882
v 24.00003 60.00001 32.00004
v 44.00003 60.00003 32.00002
v 24.00003 58.95601 32.06884
v 44.00003 58.95603 32.06882
v 24.00003 57.92961 32.27284
v 44.00003 57.92963 32.27282
v 24.00003 56.93841 32.60884
v 44.00003 56.93843 32.60882
v 24.00003 56.00001 33.07204
v 44.00003 56.00003 33.07202
v 24.00003 55.12961 33.65284
v 44.00004 55.12963 33.65282
v 24.00004 54.34321 34.34324
v 44.00004 54.34324 34.34322
v 24.00004 53.65281 35.12965
v 44.00004 53.65284 35.12962
v 24.00004 53.07201 36.00005
v 44.00004 53.07203 36.00003
v 24.00004 52.60881 36.93845
v 44.00004 52.60883 36.93843
v 24.00004 52.27281 37.92965
v 44.00004 52.27284 37.92963
v 24.00004 52.06882 38.95605
v 44.00005 52.06884 38.95603
v 24.00004 52.00002 40.00005
v 44.00005 52.00004 40.00003
v 24.00004 52.06882 41.04405
v 44.00005 52.06884 41.04403
v 24.00005 52.27282 42.07045
v 44.00005 52.27284 42.07043
v 24.00005 52.60882 43.06165
v 44.00005 52.60884 43.06163
v 24.00005 53.07202 44.00005
v 44.00005 53.07204 44.00003
v 24.00005 53.65282 44.87045
v 44.00005 53.65284 44.87043
v 24.00005 54.34322 45.65685
v 44.00005 54.34324 45.65683
v 24.00005 55.12962 46.34724
v 44.00005 55.12965 46.34723
v 24.00005 56.00002 46.92805
v 44.00005 56.00005 46.92802
v 24.00005 56.93842 47.39124
v 44.00005 56.93845 47.39122
v 24.00005 57.92962 47.72725
v 44.00005 57.92965 47.72722
v 24.00005 58.95602 47.93124
v 44.00005 58.95605 47.93122
v 24.00004 60.00002 48.00004
v 44.00005 60.00005 48.00002
v 24.00004 61.04402 47.93124
v 44.00005 61.04404 47.93122
v 24.00004 62.07042 47.72724
v 44.00005 62.07045 47.72722
v 24.00004 63.06162 47.39124
v 44.00004 63.06165 47.39122
v 24.00004 64.00002 46.92804
v 44.00004 64.00005 46.92802
v 24.00004 64.87042 46.34724
v 44.00004 64.87045 46.34722
v 24.00004 65.65682 45.65684
v 44.00004 65.65685 45.65681
v 24.00004 66.34722 44.87043
v 44.00004 66.34724 44.87041
v 24.00003 66.92802 44.00003
v 44.00004 66.92805 44.00002
v 24.00003 67.39122 43.06163
v 44.00003 67.39124 43.06161
v 24.00003 67.72722 42.07043
v 44.00003 67.72724 42.07041
v 24.00003 67.93121 41.04403
v 44.00003 67.93124 41.04401
v 44.00003 66.00004 40.00002
v 44.00003 65.94844 39.21701
v 44.00003 67.93124 38.95601
v 44.00003 68.00004 40.00001
v 44.00003 65.79544 38.44722
v 44.00003 67.72723 37.92961
v 44.00003 65.54343 37.70382
v 44.00003 67.39124 36.93841
v 44.00003 65.19604 37.00002
v 44.00003 66.92804 36.00001
v 44.00003 64.76044 36.34721
v 44.00003 66.34724 35.12961
v 44.00003 64.24264 35.75742
v 44.00003 65.65684 34.34321
v 44.00003 63.65284 35.23962
v 44.00003 64.87043 33.65281
v 44.00003 63.00003 34.80402
v 44.00003 64.00003 33.07201
v 44.00003 62.29623 34.45662
v 44.00003 63.06163 32.60881
v 44.00003 61.55283 34.20462
v 44.00003 62.07043 32.27282
v 44.00003 60.78304 34.05162
v 44.00003 61.04403 32.06882
v 44.00003 60.00003 34.00002
v 44.00003 60.00003 32.00002
v 44.00003 59.21703 34.05162
v 44.00003 58.95603 32.06882
v 44.00003 58.44724 34.20462
v 44.00003 57.92963 32.27282
v 44.00003 57.70383 34.45662
v 44.00003 56.93843 32.60882
v 44.00003 57.00003 34.80402
v 44.00003 56.00003 33.07202
v 44.00004 56.34723 35.23962
v 44.00004 55.12963 33.65282
v 44.00004 55.75743 35.75742
v 44.00004 54.34324 34.34322
v 44.00004 55.23964 36.34723
v 44.00004 53.65284 35.12962
v 44.00004 54.80404 37.00002
v 44.00004 53.07203 36.00003
v 44.00004 54.45664 37.70382
v 44.00004 52.60883 36.93843
v 44.00004 54.20464 38.44722
v 44.00004 52.27284 37.92963
v 44.00004 54.05164 39.21703
v 44.00005 52.06884 38.95603
v 44.00005 54.00004 40.00003
v 44.00005 52.00004 40.00003
v 44.00005 54.05164 40.78302
v 44.00005 52.06884 41.04403
v 44.00005 54.20464 41.55283
v 44.00005 52.27284 42.07043
v 44.00005 54.45664 42.29623
v 44.00005 52.60884 43.06163
v 44.00005 54.80404 43.00003
v 44.00005 53.07204 44.00003
v 44.00005 55.23964 43.65282
v 44.00005 53.65284 44.87043
v 44.00005 55.75744 44.24263
v 44.00005 54.34324 45.65683
v 44.00005 56.34724 44.76043
v 44.00005 55.12965 46.34723
v 44.00005 57.00004 45.19603
v 44.00005 56.00005 46.92802
v 44.00005 57.70385 45.54342
v 44.00005 56.93845 47.39122
v 44.00005 58.44725 45.79542
v 44.00005 57.92965 47.72722
v 44.00005 59.21704 45.94842
v 44.00005 58.95605 47.93122
v 44.00005 60.00005 46.00002
v 44.00005 60.00005 48.00002
v 44.00005 60.78305 45.94842
v 44.00005 61.04404 47.93122
v 44.00004 61.55285 45.79542
v 44.00005 62.07045 47.72722
v 44.00004 62.29625 45.54342
v 44.00004 63.06165 47.39122
v 44.00004 63.00005 45.19602
v 44.00004 64.00005 46.92802
v 44.00004 63.65285 44.76042
v 44.00004 64.87045 46.34722
v 44.00004 64.24265 44.24262
v 44.00004 65.65685 45.65681
v 44.00004 64.76044 43.65282
v 44.00004 66.34724 44.87041
v 44.00004 65.19604 43.00002
v 44.00004 66.92805 44.00002
v 44.00003 65.54344 42.29622
v 44.00003 67.39124 43.06161
v 44.00003 65.79544 41.55281
v 44.00003 67.72724 42.07041
v 44.00003 65.94844 40.78302
v 44.00003 67.93124 41.04401
v 24.00005 45.94841 39.21705
v 24.00005 46.00002 40.00005
v 44.00005 46.00004 40.00003
v 44.00005 45.94844 39.21703
v 24.00005 45.79541 38.44725
v 44.00005 45.79543 38.44723
v 24.00005 45.54341 37.70385
v 44.00005 45.54343 37.70383
v 24.00005 45.19601 37.00005
v 44.00005 45.19603 37.00003
v 24.00005 44.76041 36.34725
v 44.00005 44.76043 36.34723
v 24.00005 44.24261 35.75745
v 44.00005 44.24263 35.75743
v 24.00005 43.65281 35.23965
v 44.00005 43.65284 35.23964
v 24.00005 43.00001 34.80405
v 44.00005 43.00003 34.80404
v 24.00005 42.29621 34.45665
v 44.00005 42.29623 34.45663
v 24.00005 41.55281 34.20465
v 44.00005 41.55283 34.20464
v 24.00005 40.78301 34.05165
v 44.00005 40.78303 34.05164
v 24.00005 40.00001 34.00006
v 44.00005 40.00003 34.00004
v 24.00005 39.21701 34.05166
v 44.00005 39.21703 34.05164
v 24.00005 38.44721 34.20466
v 44.00005 38.44723 34.20464
v 24.00005 37.70381 34.45666
v 44.00005 37.70383 34.45664
v 24.00005 37.00001 34.80406
v 44.00005 37.00003 34.80404
v 24.00005 36.34721 35.23966
v 44.00005 36.34723 35.23964
v 24.00005 35.75741 35.75746
v 44.00006 35.75743 35.75744
v 24.00006 35.23961 36.34726
v 44.00006 35.23964 36.34724
v 24.00006 34.80401 37.00006
v 44.00006 34.80404 37.00004
v 24.00006 34.45662 37.70386
v 44.00006 34.45664 37.70384
v 24.00006 34.20461 38.44726
v 44.00006 34.20463 38.44724
v 24.00006 34.05161 39.21706
v 44.00006 34.05163 39.21704
v 24.00006 34.00001 40.00006
v 44.00006 34.00003 40.00004
v 24.00006 34.05161 40.78307
v 44.00006 34.05164 40.78304
v 24.00006 34.20461 41.55286
v 44.00006 34.20464 41.55285
v 24.00006 34.45662 42.29626
v 44.00006 34.45664 42.29625
v 24.00006 34.80402 43.00006
v 44.00006 34.80404 43.00004
v 24.00006 35.23962 43.65286
v 44.00006 35.23964 43.65284
v 24.00006 35.75742 44.24266
v 44.00006 35.75744 44.24264
v 24.00006 36.34721 44.76046
v 44.00006 36.34724 44.76044
v 24.00006 37.00002 45.19606
v 44.00006 37.00004 45.19604
v 24.00006 37.70382 45.54346
v 44.00006 37.70384 45.54344
v 24.00006 38.44722 45.79546
v 44.00006 38.44724 45.79544
v 24.00006 39.21702 45.94846
v 44.00006 39.21704 45.94844
v 24.00006 40.00002 46.00006
v 44.00006 40.00004 46.00004
v 24.00006 40.78302 45.94846
v 44.00006 40.78304 45.94844
v 24.00006 41.55282 45.79546
v 44.00006 41.55284 45.79544
v 24.00006 42.29622 45.54346
v 44.00006 42.29624 45.54344
v 24.00006 43.00002 45.19606
v 44.00006 43.00004 45.19604
v 24.00006 43.65282 44.76046
v 44.00006 43.65284 44.76044
v 24.00006 44.24262 44.24266
v 44.00006 44.24264 44.24263
v 24.00005 44.76041 43.65285
v 44.00006 44.76044 43.65284
v 24.00005 45.19601 43.00005
v 44.00005 45.19604 43.00003
v 24.00005 45.54342 42.29625
v 44.00005 45.54344 42.29623
v 24.00005 45.79541 41.55285
v 44.00005 45.79544 41.55283
v 24.00005 45.94841 40.78305
v 44.00005 45.94844 40.78303
v 24.00005 47.93121 38.95605
v 24.00005 48.00002 40.00005
v 44.00005 48.00004 40.00003
v 44.00005 47.93124 38.95603
v 24.00005 47.72721 37.92965
v 44.00005 47.72723 37.92963
v 24.00004 47.39121 36.93845
v 44.00005 47.39124 36.93843
v 24.00004 46.92801 36.00005
v 44.00005 46.92804 36.00003
v 24.00004 46.34721 35.12965
v 44.00005 46.34723 35.12963
v 24.00004 45.65681 34.34325
v 44.00005 45.65683 34.34323
v 24.00004 44.87041 33.65285
v 44.00005 44.87043 33.65283
v 24.00004 44.00001 33.07205
v 44.00005 44.00003 33.07203
v 24.00004 43.06161 32.60885
v 44.00005 43.06163 32.60883
v 24.00004 42.07041 32.27285
v 44.00005 42.07043 32.27283
v 24.00005 41.04401 32.06886
v 44.00005 41.04403 32.06884
v 24.00005 40 32.00006
v 44.00005 40.00003 32.00004
v 24.00005 38.95601 32.06886
v 44.00005 38.95603 32.06884
v 24.00005 37.9296 32.27286
v 44.00005 37.92963 32.27284
v 24.00005 36.93841 32.60886
v 44.00005 36.93843 32.60884
v 24.00005 36.00001 33.07206
v 44.00005 36.00003 33.07204
v 24.00005 35.12961 33.65286
v 44.00005 35.12963 33.65284
v 24.00005 34.34321 34.34326
v 44.00006 34.34323 34.34324
v 24.00006 33.65281 35.12966
v 44.00006 33.65283 35.12964
v 24.00006 33.07201 36.00006
v 44.00006 33.07203 36.00004
v 24.00006 32.60881 36.93847
v 44.00006 32.60884 36.93845
v 24.00006 32.27281 37.92966
v 44.00006 32.27283 37.92965
v 24.00006 32.06881 38.95607
v 44.00006 32.06884 38.95605
v 24.00006 32.00001 40.00006
v 44.00006 32.00003 40.00005
v 24.00006 32.06881 41.04407
v 44.00006 32.06884 41.04404
v 24.00006 32.27281 42.07047
v 44.00006 32.27283 42.07045
v 24.00006 32.60882 43.06166
v 44.00006 32.60884 43.06165
v 24.00006 33.07201 44.00006
v 44.00006 33.07204 44.00005
v 24.00006 33.65282 44.87046
v 44.00007 33.65284 44.87045
v 24.00006 34.34322 45.65686
v 44.00007 34.34324 45.65685
v 24.00006 35.12962 46.34726
v 44.00007 35.12964 46.34724
v 24.00006 36.00002 46.92806
v 44.00007 36.00004 46.92804
v 24.00006 36.93842 47.39126
v 44.00006 36.93844 47.39124
v 24.00006 37.92962 47.72726
v 44.00006 37.92964 47.72724
v 24.00006 38.95602 47.93126
v 44.00006 38.95604 47.93124
v 24.00006 40.00002 48.00006
v 44.00006 40.00005 48.00004
v 24.00006 41.04402 47.93126
v 44.00006 41.04404 47.93124
v 24.00006 42.07042 47.72726
v 44.00006 42.07045 47.72724
v 24.00006 43.06162 47.39126
v 44.00006 43.06164 47.39124
v 24.00006 44.00002 46.92805
v 44.00006 44.00004 46.92804
v 24.00006 44.87042 46.34726
v 44.00006 44.87044 46.34724
v 24.00006 45.65682 45.65685
v 44.00006 45.65684 45.65683
v 24.00005 46.34722 44.87045
v 44.00006 46.34724 44.87043
v 24.00005 46.92802 44.00005
v 44.00005 46.92804 44.00003
v 24.00005 47.39122 43.06165
v 44.00005 47.39124 43.06163
v 24.00005 47.72721 42.07045
v 44.00005 47.72724 42.07043
v 24.00005 47.93121 41.04405
v 44.00005 47.93124 41.04403
v 44.00005 46.00004 40.00003
v 44.00005 45.94844 39.21703
v 44.00005 47.93124 38.95603
v 44.00005 48.00004 40.00003
v 44.00005 45.79543 38.44723
v 44.00005 47.72723 37.92963
v 44.00005 45.54343 37.70383
v 44.00005 47.39124 36.93843
v 44.00005 45.19603 37.00003
v 44.00005 46.92804 36.00003
v 44.00005 44.76043 36.34723
v 44.00005 46.34723 35.12963
v 44.00005 44.24263 35.75743
v 44.00005 45.65683 34.34323
v 44.00005 43.65284 35.23964
v 44.00005 44.87043 33.65283
v 44.00005 43.00003 34.80404
v 44.00005 44.00003 33.07203
v 44.00005 42.29623 34.45663
v 44.00005 43.06163 32.60883
v 44.00005 41.55283 34.20464
v 44.00005 42.07043 32.27283
v 44.00005 40.78303 34.05164
v 44.00005 41.04403 32.06884
v 44.00005 40.00003 34.00004
v 44.00005 40.00003 32.00004
v 44.00005 39.21703 34.05164
v 44.00005 38.95603 32.06884
v 44.00005 38.44723 34.20464
v 44.00005 37.92963 32.27284
v 44.00005 37.70383 34.45664
v 44.00005 36.93843 32.60884
v 44.00005 37.00003 34.80404
v 44.00005 36.00003 33.07204
v 44.00005 36.34723 35.23964
v 44.00005 35.12963 33.65284
v 44.00006 35.75743 35.75744
v 44.00006 34.34323 34.34324
v 44.00006 35.23964 36.34724
v 44.00006 33.65283 35.12964
v 44.00006 34.80404 37.00004
v 44.00006 33.07203 36.00004
v 44.00006 34.45664 37.70384
v 44.00006 32.60884 36.93845
v 44.00006 34.20463 38.44724
v 44.00006 32.27283 37.92965
v 44.00006 34.05163 39.21704
v 44.00006 32.06884 38.95605
v 44.00006 34.00003 40.00004
v 44.00006 32.00003 40.00005
v 44.00006 34.05164 40.78304
v 44.00006 32.06884 41.04404
v 44.00006 34.20464 41.55285
v 44.00006 32.27283 42.07045
v 44.00006 34.45664 42.29625
v 44.00006 32.60884 43.06165
v 44.00006 34.80404 43.00004
v 44.00006 33.07204 44.00005
v 44.00006 35.23964 43.65284
v 44.00007 33.65284 44.87045
v 44.00006 35.75744 44.24264
v 44.00007 34.34324 45.65685
v 44.00006 36.34724 44.76044
v 44.00007 35.12964 46.34724
v 44.00006 37.00004 45.19604
v 44.00007 36.00004 46.92804
v 44.00006 37.70384 45.54344
v 44.00006 36.93844 47.39124
v 44.00006 38.44724 45.79544
v 44.00006 37.92964 47.72724
v 44.00006 39.21704 45.94844
v 44.00006 38.95604 47.93124
v 44.00006 40.00004 46.00004
v 44.00006 40.00005 48.00004
v 44.00006 40.78304 45.94844
v 44.00006 41.04404 47.93124
v 44.00006 41.55284 45.79544
v 44.00006 42.07045 47.72724
v 44.00006 42.29624 45.54344
v 44.00006 43.06164 47.39124
v 44.00006 43.00004 45.19604
v 44.00006 44.00004 46.92804
v 44.00006 43.65284 44.76044
v 44.00006 44.87044 46.34724
v 44.00006 44.24264 44.24263
v 44.00006 45.65684 45.65683
v 44.00006 44.76044 43.65284
v 44.00006 46.34724 44.87043
v 44.00005 45.19604 43.00003
v 44.00005 46.92804 44.00003
v 44.00005 45.54344 42.29623
v 44.00005 47.39124 43.06163
v 44.00005 45.79544 41.55283
v 44.00005 47.72724 42.07043
v 44.00005 45.94844 40.78303
v 44.00005 47.93124 41.04403
v 24.00007 25.94841 39.21707
v 24.00007 26.00001 40.00007
v 44.00007 26.00003 40.00005
v 44.00007 25.94844 39.21705
v 24.00006 25.79541 38.44727
v 44.00007 25.79544 38.44725
v 24.00006 25.54341 37.70387
v 44.00007 25.54343 37.70385
v 24.00006 25.19601 37.00007
v 44.00006 25.19603 37.00005
v 24.00006 24.76041 36.34727
v 44.00006 24.76043 36.34725
v 24.00006 24.24261 35.75747
v 44.00006 24.24263 35.75745
v 24.00006 23.65281 35.23967
v 44.00006 23.65283 35.23965
v 24.00006 23.00001 34.80407
v 44.00006 23.00003 34.80405
v 24.00006 22.29621 34.45667
v 44.00007 22.29623 34.45665
v 24.00006 21.55281 34.20467
v 44.00007 21.55283 34.20465
v 24.00006 20.783 34.05167
v 44.00007 20.78303 34.05165
v 24.00007 20.00001 34.00008
v 44.00007 20.00003 34.00005
v 24.00007 19.21701 34.05168
v 44.00007 19.21703 34.05165
v 24.00007 18.4472 34.20468
v 44.00007 18.44723 34.20465
v 24.00007 17.7038 34.45668
v 44.00007 17.70382 34.45666
v 24.00007 17.00001 34.80408
v 44.00007 17.00003 34.80406
v 24.00007 16.3472 35.23968
v 44.00007 16.34723 35.23966
v 24.00007 15.75741 35.75748
v 44.00007 15.75743 35.75746
v 24.00007 15.23961 36.34728
v 44.00008 15.23963 36.34726
v 24.00007 14.80401 37.00008
v 44.00008 14.80403 37.00006
v 24.00007 14.45661 37.70388
v 44.00008 14.45664 37.70386
v 24.00008 14.20461 38.44728
v 44.00008 14.20463 38.44726
v 24.00008 14.05161 39.21708
v 44.00008 14.05163 39.21706
v 24.00008 14.00001 40.00008
v 44.00008 14.00003 40.00006
v 24.00008 14.05161 40.78308
v 44.00008 14.05163 40.78306
v 24.00008 14.20461 41.55288
v 44.00008 14.20463 41.55286
v 24.00008 14.45662 42.29628
v 44.00008 14.45664 42.29626
v 24.00008 14.80401 43.00008
v 44.00008 14.80404 43.00006
v 24.00008 15.23961 43.65288
v 44.00008 15.23964 43.65286
v 24.00008 15.75741 44.24268
v 44.00008 15.75744 44.24266
v 24.00008 16.34721 44.76048
v 44.00008 16.34724 44.76046
v 24.00008 17.00002 45.19608
v 44.00008 17.00004 45.19606
v 24.00008 17.70381 45.54348
v 44.00008 17.70384 45.54346
v 24.00008 18.44721 45.79548
v 44.00008 18.44724 45.79546
v 24.00008 19.21702 45.94848
v 44.00008 19.21704 45.94846
v 24.00008 20.00002 46.00008
v 44.00008 20.00004 46.00006
v 24.00008 20.78301 45.94848
v 44.00008 20.78304 45.94846
v 24.00008 21.55282 45.79548
v 44.00008 21.55284 45.79546
v 24.00008 22.29622 45.54348
v 44.00008 22.29624 45.54346
v 24.00007 23.00002 45.19608
v 44.00008 23.00004 45.19606
v 24.00007 23.65282 44.76048
v 44.00008 23.65284 44.76046
v 24.00007 24.24261 44.24267
v 44.00008 24.24264 44.24265
v 24.00007 24.76041 43.65287
v 44.00007 24.76044 43.65285
v 24.00007 25.19601 43.00007
v 44.00007 25.19604 43.00005
v 24.00007 25.54341 42.29627
v 44.00007 25.54343 42.29625
v 24.00007 25.79542 41.55287
v 44.00007 25.79544 41.55285
v 24.00007 25.94841 40.78307
v 44.00007 25.94844 40.78305
v 24.00006 27.93121 38.95607
v 24.00006 28.00001 40.00007
v 44.00007 28.00004 40.00005
v 44.00006 27.93123 38.95605
v 24.00006 27.72721 37.92967
v 44.00006 27.72724 37.92965
v 24.00006 27.3912 36.93847
v 44.00006 27.39123 36.93845
v 24.00006 26.92801 36.00007
v 44.00006 26.92803 36.00005
v 24.00006 26.34721 35.12967
v 44.00006 26.34723 35.12965
v 24.00006 25.65681 34.34327
v 44.00006 25.65683 34.34325
v 24.00006 24.87041 33.65287
v 44.00006 24.87043 33.65285
v 24.00006 24 33.07207
v 44.00006 24.00003 33.07205
v 24.00006 23.0616 32.60887
v 44.00006 23.06163 32.60885
v 24.00006 22.0704 32.27287
v 44.00006 22.07042 32.27285
v 24.00006 21.044 32.06887
v 44.00006 21.04403 32.06886
v 24.00006 20 32.00008
v 44.00006 20.00003 32.00005
v 24.00006 18.95601 32.06887
v 44.00007 18.95603 32.06886
v 24.00007 17.92961 32.27288
v 44.00007 17.92963 32.27286
v 24.00007 16.9384 32.60888
v 44.00007 16.93843 32.60886
v 24.00007 16 33.07208
v 44.00007 16.00003 33.07206
v 24.00007 15.1296 33.65288
v 44.00007 15.12963 33.65286
v 24.00007 14.34321 34.34328
v 44.00007 14.34323 34.34326
v 24.00007 13.65281 35.12968
v 44.00008 13.65283 35.12966
v 24.00007 13.072 36.00008
v 44.00008 13.07203 36.00006
v 24.00008 12.60881 36.93848
v 44.00008 12.60883 36.93846
v 24.00008 12.2728 37.92968
v 44.00008 12.27283 37.92966
v 24.00008 12.06881 38.95609
v 44.00008 12.06883 38.95606
v 24.00008 12.00001 40.00008
v 44.00008 12.00003 40.00006
v 24.00008 12.06881 41.04408
v 44.00008 12.06884 41.04406
v 24.00008 12.27281 42.07048
v 44.00008 12.27283 42.07047
v 24.00008 12.60882 43.06168
v 44.00008 12.60884 43.06166
v 24.00008 13.07201 44.00008
v 44.00008 13.07204 44.00006
v 24.00008 13.65282 44.87048
v 44.00008 13.65284 44.87046
v 24.00008 14.34322 45.65688
v 44.00008 14.34324 45.65686
v 24.00008 15.12962 46.34728
v 44.00008 15.12964 46.34726
v 24.00008 16.00002 46.92808
v 44.00008 16.00004 46.92806
v 24.00008 16.93842 47.39128
v 44.00008 16.93844 47.39126
v 24.00008 17.92962 47.72728
v 44.00008 17.92965 47.72726
v 24.00008 18.95602 47.93128
v 44.00008 18.95604 47.93126
v 24.00008 20.00002 48.00008
v 44.00008 20.00004 48.00006
v 24.00008 21.04402 47.93128
v 44.00008 21.04404 47.93126
v 24.00008 22.07041 47.72728
v 44.00008 22.07044 47.72726
v 24.00008 23.06162 47.39128
v 44.00008 23.06164 47.39125
v 24.00008 24.00002 46.92807
v 44.00008 24.00004 46.92805
v 24.00007 24.87042 46.34727
v 44.00008 24.87044 46.34725
v 24.00007 25.65682 45.65687
v 44.00008 25.65684 45.65685
v 24.00007 26.34721 44.87047
v 44.00007 26.34724 44.87045
v 24.00007 26.92802 44.00007
v 44.00007 26.92804 44.00005
v 24.00007 27.39121 43.06167
v 44.00007 27.39124 43.06165
v 24.00007 27.72722 42.07047
v 44.00007 27.72724 42.07045
v 24.00007 27.93121 41.04407
v 44.00007 27.93123 41.04405
v 44.00007 26.00003 40.00005
v 44.00007 25.94844 39.21705
v 44.00006 27.93123 38.95605
v 44.00007 28.00004 40.00005
v 44.00007 25.79544 38.44725
v 44.00006 27.72724 37.92965
v 44.00007 25.54343 37.70385
v 44.00006 27.39123 36.93845
v 44.00006 25.19603 37.00005
v 44.00006 26.92803 36.00005
v 44.00006 24.76043 36.34725
v 44.00006 26.34723 35.12965
v 44.00006 24.24263 35.75745
v 44.00006 25.65683 34.34325
v 44.00006 23.65283 35.23965
v 44.00006 24.87043 33.65285
v 44.00006 23.00003 34.80405
v 44.00006 24.00003 33.07205
v 44.00007 22.29623 34.45665
v 44.00006 23.06163 32.60885
v 44.00007 21.55283 34.20465
v 44.00006 22.07042 32.27285
v 44.00007 20.78303 34.05165
v 44.00006 21.04403 32.06886
v 44.00007 20.00003 34.00005
v 44.00006 20.00003 32.00005
v 44.00007 19.21703 34.05165
v 44.00007 18.95603 32.06886
v 44.00007 18.44723 34.20465
v 44.00007 17.92963 32.27286
v 44.00007 17.70382 34.45666
v 44.00007 16.93843 32.60886
v 44.00007 17.00003 34.80406
v 44.00007 16.00003 33.07206
v 44.00007 16.34723 35.23966
v 44.00007 15.12963 33.65286
v 44.00007 15.75743 35.75746
v 44.00007 14.34323 34.34326
v 44.00008 15.23963 36.34726
v 44.00008 13.65283 35.12966
v 44.00008 14.80403 37.00006
v 44.00008 13.07203 36.00006
v 44.00008 14.45664 37.70386
v 44.00008 12.60883 36.93846
v 44.00008 14.20463 38.44726
v 44.00008 12.27283 37.92966
v 44.00008 14.05163 39.21706
v 44.00008 12.06883 38.95606
v 44.00008 14.00003 40.00006
v 44.00008 12.00003 40.00006
v 44.00008 14.05163 40.78306
v 44.00008 12.06884 41.04406
v 44.00008 14.20463 41.55286
v 44.00008 12.27283 42.07047
v 44.00008 14.45664 42.29626
v 44.00008 12.60884 43.06166
v 44.00008 14.80404 43.00006
v 44.00008 13.07204 44.00006
v 44.00008 15.23964 43.65286
v 44.00008 13.65284 44.87046
v 44.00008 15.75744 44.24266
v 44.00008 14.34324 45.65686
v 44.00008 16.34724 44.76046
v 44.00008 15.12964 46.34726
v 44.00008 17.00004 45.19606
v 44.00008 16.00004 46.92806
v 44.00008 17.70384 45.54346
v 44.00008 16.93844 47.39126
v 44.00008 18.44724 45.79546
v 44.00008 17.92965 47.72726
v 44.00008 19.21704 45.94846
v 44.00008 18.95604 47.93126
v 44.00008 20.00004 46.00006
v 44.00008 20.00004 48.00006
v 44.00008 20.78304 45.94846
v 44.00008 21.04404 47.93126
v 44.00008 21.55284 45.79546
v 44.00008 22.07044 47.72726
v 44.00008 22.29624 45.54346
v 44.00008 23.06164 47.39125
v 44.00008 23.00004 45.19606
v 44.00008 24.00004 46.92805
v 44.00008 23.65284 44.76046
v 44.00008 24.87044 46.34725
v 44.00008 24.24264 44.24265
v 44.00008 25.65684 45.65685
v 44.00007 24.76044 43.65285
v 44.00007 26.34724 44.87045
v 44.00007 25.19604 43.00005
v 44.00007 26.92804 44.00005
v 44.00007 25.54343 42.29625
v 44.00007 27.39124 43.06165
v 44.00007 25.79544 41.55285
v 44.00007 27.72724 42.07045
v 44.00007 25.94844 40.78305
v 44.00007 27.93123 41.04405
v 24.0001 4.000023 56.0001
v 23.99993 196 55.99992
v 23.9999 196 23.99991
v 24.00007 3.999994 24.00009
v 23.9999 196 23.99991
v 43.9999 196 23.99989
v 44.00007 4.000018 24.00007
v 24.00007 3.999994 24.00009
v 24.00007 3.999994 24.00009
v 44.00007 4.000018 24.00007
v 44.0001 4.000047 56.00008
v 24.0001 4.000023 56.0001
v 24.0001 4.000023 56.0001
v 44.0001 4.000047 56.00008
v 43.99993 196.0001 55.9999
v 23.99993 196 55.99992
v 23.99993 196 55.99992
v 43.99993 196.0001 55.9999
v 43.9999 196 23.99989
v 23.9999 196 23.99991
v 44.00007 1.369654E-05 20.00007
v 44.00007 4.000018 24.00007
v 43.9999 196 23.99989
v 43.99989 200 19.99989
v 43.99994 200.0001 59.9999
v 43.99993 196.0001 55.9999
v 44.0001 4.000047 56.00008
v 44.00011 5.019964E-05 60.00008
v 20.00011 2.158941E-05 60.0001
v 19.99993 200 59.99992
v 19.99989 200 19.99991
v 20.00007 -1.491369E-05 20.00009
v 19.99989 200 19.99991
v 43.99989 200 19.99989
v 44.00007 1.369654E-05 20.00007
v 20.00007 -1.491369E-05 20.00009
v 20.00007 -1.491369E-05 20.00009
v 44.00007 1.369654E-05 20.00007
v 44.00011 5.019964E-05 60.00008
v 20.00011 2.158941E-05 60.0001
v 20.00011 2.158941E-05 60.0001
v 44.00011 5.019964E-05 60.00008
v 43.99994 200.0001 59.9999
v 19.99993 200 59.99992
v 19.99993 200 59.99992
v 43.99994 200.0001 59.9999
v 43.99989 200 19.99989
v 19.99989 200 19.99991
v 15.9999 195.9484 29.21692
v 15.9999 196 29.99992
v 19.9999 196 29.99992
v 19.9999 195.9484 29.21692
v 15.9999 195.7954 28.44712
v 19.9999 195.7954 28.44712
v 15.9999 195.5434 27.70372
v 19.9999 195.5434 27.70372
v 15.9999 195.196 26.99992
v 19.9999 195.196 26.99992
v 15.9999 194.7604 26.34712
v 19.9999 194.7604 26.34712
v 15.9999 194.2426 25.75732
v 19.9999 194.2426 25.75732
v 15.9999 193.6528 25.23952
v 19.9999 193.6528 25.23952
v 15.9999 193 24.80392
v 19.9999 193 24.80392
v 15.9999 192.2962 24.45652
v 19.9999 192.2962 24.45652
v 15.9999 191.5528 24.20452
v 19.9999 191.5528 24.20452
v 15.9999 190.783 24.05153
v 19.9999 190.783 24.05152
v 15.9999 190 23.99993
v 19.9999 190 23.99992
v 15.9999 189.217 24.05153
v 19.9999 189.217 24.05152
v 15.9999 188.4472 24.20453
v 19.9999 188.4472 24.20452
v 15.99991 187.7038 24.45653
v 19.99991 187.7038 24.45652
v 15.99991 187 24.80393
v 19.99991 187 24.80392
v 15.99991 186.3472 25.23953
v 19.99991 186.3472 25.23952
v 15.99991 185.7574 25.75733
v 19.99991 185.7574 25.75733
v 15.99991 185.2396 26.34713
v 19.99991 185.2396 26.34713
v 15.99991 184.804 26.99993
v 19.99991 184.804 26.99993
v 15.99991 184.4566 27.70373
v 19.99991 184.4566 27.70373
v 15.99991 184.2046 28.44713
v 19.99991 184.2046 28.44713
v 15.99991 184.0516 29.21693
v 19.99991 184.0516 29.21693
v 15.99991 184 29.99993
v 19.99991 184 29.99993
v 15.99992 184.0516 30.78293
v 19.99992 184.0516 30.78293
v 15.99992 184.2046 31.55273
v 19.99992 184.2046 31.55273
v 15.99992 184.4566 32.29613
v 19.99992 184.4566 32.29613
v 15.99992 184.804 32.99993
v 19.99992 184.804 32.99993
v 15.99992 185.2396 33.65273
v 19.99992 185.2396 33.65273
v 15.99992 185.7574 34.24253
v 19.99992 185.7574 34.24253
v 15.99992 186.3472 34.76033
v 19.99992 186.3472 34.76033
v 15.99992 187 35.19593
v 19.99992 187 35.19593
v 15.99992 187.7038 35.54333
v 19.99992 187.7038 35.54333
v 15.99992 188.4472 35.79533
v 19.99992 188.4472 35.79533
v 15.99992 189.217 35.94833
v 19.99992 189.217 35.94833
v 15.99992 190 35.99993
v 19.99992 190 35.99992
v 15.99991 190.783 35.94833
v 19.99991 190.783 35.94832
v 15.99991 191.5528 35.79533
v 19.99991 191.5528 35.79532
v 15.99991 192.2962 35.54333
v 19.99991 192.2962 35.54332
v 15.99991 193 35.19593
v 19.99991 193 35.19592
v 15.99991 193.6528 34.76033
v 19.99991 193.6528 34.76032
v 15.99991 194.2426 34.24252
v 19.99991 194.2426 34.24252
v 15.99991 194.7604 33.65273
v 19.99991 194.7604 33.65272
v 15.99991 195.196 32.99992
v 19.99991 195.196 32.99992
v 15.99991 195.5434 32.29612
v 19.99991 195.5434 32.29612
v 15.99991 195.7954 31.55272
v 19.99991 195.7954 31.55272
v 15.9999 195.9484 30.78292
v 19.9999 195.9484 30.78292
v 15.9999 195.9484 29.21692
v 15.9999 196 29.99992
v 15.99991 190 29.99993
v 15.9999 195.7954 28.44712
v 15.9999 195.5434 27.70372
v 15.9999 195.196 26.99992
v 15.9999 194.7604 26.34712
v 15.9999 194.2426 25.75732
v 15.9999 193.6528 25.23952
v 15.9999 193 24.80392
v 15.9999 192.2962 24.45652
v 15.9999 191.5528 24.20452
v 15.9999 190.783 24.05153
v 15.9999 190 23.99993
v 15.9999 189.217 24.05153
v 15.9999 188.4472 24.20453
v 15.99991 187.7038 24.45653
v 15.99991 187 24.80393
v 15.99991 186.3472 25.23953
v 15.99991 185.7574 25.75733
v 15.99991 185.2396 26.34713
v 15.99991 184.804 26.99993
v 15.99991 184.4566 27.70373
v 15.99991 184.2046 28.44713
v 15.99991 184.0516 29.21693
v 15.99991 184 29.99993
v 15.99992 184.0516 30.78293
v 15.99992 184.2046 31.55273
v 15.99992 184.4566 32.29613
v 15.99992 184.804 32.99993
v 15.99992 185.2396 33.65273
v 15.99992 185.7574 34.24253
v 15.99992 186.3472 34.76033
v 15.99992 187 35.19593
v 15.99992 187.7038 35.54333
v 15.99992 188.4472 35.79533
v 15.99992 189.217 35.94833
v 15.99992 190 35.99993
v 15.99991 190.783 35.94833
v 15.99991 191.5528 35.79533
v 15.99991 192.2962 35.54333
v 15.99991 193 35.19593
v 15.99991 193.6528 34.76033
v 15.99991 194.2426 34.24252
v 15.99991 194.7604 33.65273
v 15.99991 195.196 32.99992
v 15.99991 195.5434 32.29612
v 15.99991 195.7954 31.55272
v 15.9999 195.9484 30.78292
v 15.99992 175.9484 29.21694
v 15.99992 176 29.99994
v 19.99992 176 29.99994
v 19.99992 175.9484 29.21694
v 15.99992 175.7954 28.44714
v 19.99992 175.7954 28.44714
v 15.99992 175.5434 27.70374
v 19.99992 175.5434 27.70374
v 15.99992 175.196 26.99994
v 19.99992 175.196 26.99994
v 15.99992 174.7604 26.34714
v 19.99992 174.7604 26.34714
v 15.99992 174.2426 25.75734
v 19.99992 174.2426 25.75734
v 15.99992 173.6528 25.23954
v 19.99992 173.6528 25.23954
v 15.99992 173 24.80394
v 19.99992 173 24.80394
v 15.99992 172.2962 24.45654
v 19.99992 172.2962 24.45654
v 15.99992 171.5528 24.20454
v 19.99992 171.5528 24.20454
v 15.99992 170.783 24.05154
v 19.99992 170.783 24.05154
v 15.99992 170 23.99994
v 19.99992 170 23.99994
v 15.99992 169.217 24.05154
v 19.99992 169.217 24.05154
v 15.99992 168.4472 24.20454
v 19.99992 168.4472 24.20454
v 15.99992 167.7038 24.45655
v 19.99992 167.7038 24.45654
v 15.99992 167 24.80395
v 19.99993 167 24.80394
v 15.99993 166.3472 25.23955
v 19.99993 166.3472 25.23954
v 15.99993 165.7574 25.75735
v 19.99993 165.7574 25.75735
v 15.99993 165.2396 26.34715
v 19.99993 165.2396 26.34715
v 15.99993 164.804 26.99995
v 19.99993 164.804 26.99994
v 15.99993 164.4566 27.70375
v 19.99993 164.4566 27.70375
v 15.99993 164.2046 28.44715
v 19.99993 164.2046 28.44715
v 15.99993 164.0516 29.21695
v 19.99993 164.0516 29.21695
v 15.99993 164 29.99995
v 19.99993 164 29.99995
v 15.99993 164.0516 30.78295
v 19.99993 164.0516 30.78295
v 15.99993 164.2046 31.55275
v 19.99993 164.2046 31.55275
v 15.99993 164.4566 32.29615
v 19.99994 164.4566 32.29615
v 15.99993 164.804 32.99995
v 19.99994 164.804 32.99995
v 15.99994 165.2396 33.65275
v 19.99994 165.2396 33.65275
v 15.99994 165.7574 34.24255
v 19.99994 165.7574 34.24255
v 15.99994 166.3472 34.76035
v 19.99994 166.3472 34.76035
v 15.99994 167 35.19595
v 19.99994 167 35.19595
v 15.99993 167.7038 35.54335
v 19.99994 167.7038 35.54335
v 15.99993 168.4472 35.79535
v 19.99994 168.4472 35.79535
v 15.99993 169.217 35.94835
v 19.99993 169.217 35.94835
v 15.99993 170 35.99995
v 19.99993 170 35.99994
v 15.99993 170.783 35.94835
v 19.99993 170.783 35.94834
v 15.99993 171.5528 35.79535
v 19.99993 171.5528 35.79534
v 15.99993 172.2962 35.54334
v 19.99993 172.2962 35.54334
v 15.99993 173 35.19595
v 19.99993 173 35.19594
v 15.99993 173.6528 34.76034
v 19.99993 173.6528 34.76034
v 15.99993 174.2426 34.24254
v 19.99993 174.2426 34.24254
v 15.99993 174.7604 33.65274
v 19.99993 174.7604 33.65274
v 15.99993 175.196 32.99994
v 19.99993 175.196 32.99994
v 15.99992 175.5434 32.29614
v 19.99993 175.5434 32.29613
v 15.99992 175.7954 31.55274
v 19.99992 175.7954 31.55274
v 15.99992 175.9484 30.78294
v 19.99992 175.9484 30.78294
v 15.99992 175.9484 29.21694
v 15.99992 176 29.99994
v 15.99993 170 29.99994
v 15.99992 175.7954 28.44714
v 15.99992 175.5434 27.70374
v 15.99992 175.196 26.99994
v 15.99992 174.7604 26.34714
v 15.99992 174.2426 25.75734
v 15.99992 173.6528 25.23954
v 15.99992 173 24.80394
v 15.99992 172.2962 24.45654
v 15.99992 171.5528 24.20454
v 15.99992 170.783 24.05154
v 15.99992 170 23.99994
v 15.99992 169.217 24.05154
v 15.99992 168.4472 24.20454
v 15.99992 167.7038 24.45655
v 15.99992 167 24.80395
v 15.99993 166.3472 25.23955
v 15.99993 165.7574 25.75735
v 15.99993 165.2396 26.34715
v 15.99993 164.804 26.99995
v 15.99993 164.4566 27.70375
v 15.99993 164.2046 28.44715
v 15.99993 164.0516 29.21695
v 15.99993 164 29.99995
v 15.99993 164.0516 30.78295
v 15.99993 164.2046 31.55275
v 15.99993 164.4566 32.29615
v 15.99993 164.804 32.99995
v 15.99994 165.2396 33.65275
v 15.99994 165.7574 34.24255
v 15.99994 166.3472 34.76035
v 15.99994 167 35.19595
v 15.99993 167.7038 35.54335
v 15.99993 168.4472 35.79535
v 15.99993 169.217 35.94835
v 15.99993 170 35.99995
v 15.99993 170.783 35.94835
v 15.99993 171.5528 35.79535
v 15.99993 172.2962 35.54334
v 15.99993 173 35.19595
v 15.99993 173.6528 34.76034
v 15.99993 174.2426 34.24254
v 15.99993 174.7604 33.65274
v 15.99993 175.196 32.99994
v 15.99992 175.5434 32.29614
v 15.99992 175.7954 31.55274
v 15.99992 175.9484 30.78294
v 15.99994 155.9484 29.21696
v 15.99994 156 29.99996
v 19.99994 156 29.99995
v 19.99994 155.9484 29.21695
v 15.99994 155.7954 28.44716
v 19.99994 155.7954 28.44715
v 15.99994 155.5434 27.70376
v 19.99994 155.5434 27.70375
v 15.99994 155.196 26.99996
v 19.99994 155.196 26.99995
v 15.99994 154.7604 26.34716
v 19.99994 154.7604 26.34715
v 15.99994 154.2426 25.75736
v 19.99994 154.2426 25.75735
v 15.99994 153.6528 25.23956
v 19.99994 153.6528 25.23956
v 15.99994 153 24.80396
v 19.99994 153 24.80396
v 15.99994 152.2962 24.45656
v 19.99994 152.2962 24.45656
v 15.99994 151.5528 24.20456
v 19.99994 151.5528 24.20456
v 15.99994 150.783 24.05156
v 19.99994 150.783 24.05156
v 15.99994 150 23.99996
v 19.99994 150 23.99996
v 15.99994 149.217 24.05156
v 19.99994 149.217 24.05156
v 15.99994 148.4472 24.20456
v 19.99994 148.4472 24.20456
v 15.99994 147.7038 24.45656
v 19.99994 147.7038 24.45656
v 15.99994 147 24.80396
v 19.99994 147 24.80396
v 15.99994 146.3472 25.23957
v 19.99994 146.3472 25.23956
v 15.99994 145.7574 25.75737
v 19.99994 145.7574 25.75736
v 15.99995 145.2396 26.34717
v 19.99995 145.2396 26.34716
v 15.99995 144.804 26.99997
v 19.99995 144.804 26.99996
v 15.99995 144.4566 27.70377
v 19.99995 144.4566 27.70376
v 15.99995 144.2046 28.44717
v 19.99995 144.2046 28.44716
v 15.99995 144.0516 29.21697
v 19.99995 144.0516 29.21696
v 15.99995 144 29.99997
v 19.99995 144 29.99997
v 15.99995 144.0516 30.78297
v 19.99995 144.0516 30.78296
v 15.99995 144.2046 31.55277
v 19.99995 144.2046 31.55276
v 15.99995 144.4566 32.29617
v 19.99995 144.4566 32.29617
v 15.99995 144.804 32.99997
v 19.99995 144.804 32.99997
v 15.99995 145.2396 33.65277
v 19.99995 145.2396 33.65276
v 15.99995 145.7574 34.24257
v 19.99995 145.7574 34.24257
v 15.99995 146.3472 34.76037
v 19.99995 146.3472 34.76036
v 15.99995 147 35.19597
v 19.99995 147 35.19596
v 15.99995 147.7038 35.54337
v 19.99995 147.7038 35.54336
v 15.99995 148.4472 35.79537
v 19.99995 148.4472 35.79536
v 15.99995 149.217 35.94836
v 19.99995 149.217 35.94836
v 15.99995 150 35.99997
v 19.99995 150 35.99996
v 15.99995 150.783 35.94836
v 19.99995 150.783 35.94836
v 15.99995 151.5528 35.79536
v 19.99995 151.5528 35.79536
v 15.99995 152.2962 35.54336
v 19.99995 152.2962 35.54336
v 15.99995 153 35.19596
v 19.99995 153 35.19596
v 15.99995 153.6528 34.76036
v 19.99995 153.6528 34.76036
v 15.99995 154.2426 34.24256
v 19.99995 154.2426 34.24256
v 15.99994 154.7604 33.65276
v 19.99994 154.7604 33.65276
v 15.99994 155.196 32.99996
v 19.99994 155.196 32.99995
v 15.99994 155.5434 32.29616
v 19.99994 155.5434 32.29615
v 15.99994 155.7954 31.55276
v 19.99994 155.7954 31.55276
v 15.99994 155.9484 30.78296
v 19.99994 155.9484 30.78296
v 15.99994 155.9484 29.21696
v 15.99994 156 29.99996
v 15.99994 150 29.99996
v 15.99994 155.7954 28.44716
v 15.99994 155.5434 27.70376
v 15.99994 155.196 26.99996
v 15.99994 154.7604 26.34716
v 15.99994 154.2426 25.75736
v 15.99994 153.6528 25.23956
v 15.99994 153 24.80396
v 15.99994 152.2962 24.45656
v 15.99994 151.5528 24.20456
v 15.99994 150.783 24.05156
v 15.99994 150 23.99996
v 15.99994 149.217 24.05156
v 15.99994 148.4472 24.20456
v 15.99994 147.7038 24.45656
v 15.99994 147 24.80396
v 15.99994 146.3472 25.23957
v 15.99994 145.7574 25.75737
v 15.99995 145.2396 26.34717
v 15.99995 144.804 26.99997
v 15.99995 144.4566 27.70377
v 15.99995 144.2046 28.44717
v 15.99995 144.0516 29.21697
v 15.99995 144 29.99997
v 15.99995 144.0516 30.78297
v 15.99995 144.2046 31.55277
v 15.99995 144.4566 32.29617
v 15.99995 144.804 32.99997
v 15.99995 145.2396 33.65277
v 15.99995 145.7574 34.24257
v 15.99995 146.3472 34.76037
v 15.99995 147 35.19597
v 15.99995 147.7038 35.54337
v 15.99995 148.4472 35.79537
v 15.99995 149.217 35.94836
v 15.99995 150 35.99997
v 15.99995 150.783 35.94836
v 15.99995 151.5528 35.79536
v 15.99995 152.2962 35.54336
v 15.99995 153 35.19596
v 15.99995 153.6528 34.76036
v 15.99995 154.2426 34.24256
v 15.99994 154.7604 33.65276
v 15.99994 155.196 32.99996
v 15.99994 155.5434 32.29616
v 15.99994 155.7954 31.55276
v 15.99994 155.9484 30.78296
v 15.99996 135.9484 29.21698
v 15.99996 136 29.99998
v 19.99996 136 29.99997
v 19.99996 135.9484 29.21697
v 15.99996 135.7954 28.44718
v 19.99996 135.7954 28.44717
v 15.99996 135.5434 27.70378
v 19.99996 135.5434 27.70377
v 15.99996 135.196 26.99998
v 19.99996 135.196 26.99997
v 15.99996 134.7604 26.34718
v 19.99996 134.7604 26.34717
v 15.99995 134.2426 25.75738
v 19.99995 134.2426 25.75737
v 15.99995 133.6528 25.23958
v 19.99995 133.6528 25.23957
v 15.99996 133 24.80398
v 19.99996 133 24.80397
v 15.99996 132.2962 24.45658
v 19.99996 132.2962 24.45658
v 15.99996 131.5528 24.20458
v 19.99996 131.5528 24.20457
v 15.99996 130.783 24.05158
v 19.99996 130.783 24.05157
v 15.99996 130 23.99998
v 19.99996 130 23.99998
v 15.99996 129.217 24.05158
v 19.99996 129.217 24.05158
v 15.99996 128.4472 24.20458
v 19.99996 128.4472 24.20458
v 15.99996 127.7038 24.45658
v 19.99996 127.7038 24.45658
v 15.99996 127 24.80398
v 19.99996 127 24.80398
v 15.99996 126.3472 25.23958
v 19.99996 126.3472 25.23958
v 15.99996 125.7574 25.75739
v 19.99996 125.7574 25.75738
v 15.99996 125.2396 26.34719
v 19.99996 125.2396 26.34718
v 15.99996 124.804 26.99999
v 19.99997 124.804 26.99998
v 15.99997 124.4566 27.70379
v 19.99997 124.4566 27.70378
v 15.99997 124.2046 28.44719
v 19.99997 124.2046 28.44718
v 15.99997 124.0516 29.21699
v 19.99997 124.0516 29.21698
v 15.99997 124 29.99999
v 19.99997 124 29.99998
v 15.99997 124.0516 30.78299
v 19.99997 124.0516 30.78298
v 15.99997 124.2046 31.55279
v 19.99997 124.2046 31.55278
v 15.99997 124.4566 32.29619
v 19.99997 124.4566 32.29618
v 15.99997 124.804 32.99999
v 19.99997 124.804 32.99998
v 15.99997 125.2396 33.65279
v 19.99997 125.2396 33.65278
v 15.99997 125.7574 34.24259
v 19.99997 125.7574 34.24258
v 15.99997 126.3472 34.76039
v 19.99997 126.3472 34.76038
v 15.99997 127 35.19599
v 19.99997 127 35.19598
v 15.99997 127.7038 35.54338
v 19.99997 127.7038 35.54338
v 15.99997 128.4472 35.79538
v 19.99997 128.4472 35.79538
v 15.99997 129.217 35.94838
v 19.99997 129.217 35.94838
v 15.99997 130 35.99998
v 19.99997 130 35.99998
v 15.99997 130.783 35.94838
v 19.99997 130.783 35.94838
v 15.99997 131.5528 35.79538
v 19.99997 131.5528 35.79538
v 15.99997 132.2962 35.54338
v 19.99997 132.2962 35.54338
v 15.99997 133 35.19598
v 19.99997 133 35.19598
v 15.99996 133.6528 34.76038
v 19.99996 133.6528 34.76038
v 15.99996 134.2426 34.24258
v 19.99996 134.2426 34.24258
v 15.99996 134.7604 33.65278
v 19.99996 134.7604 33.65277
v 15.99996 135.196 32.99998
v 19.99996 135.196 32.99997
v 15.99996 135.5434 32.29618
v 19.99996 135.5434 32.29617
v 15.99996 135.7954 31.55278
v 19.99996 135.7954 31.55277
v 15.99996 135.9484 30.78298
v 19.99996 135.9484 30.78297
v 15.99996 135.9484 29.21698
v 15.99996 136 29.99998
v 15.99996 130 29.99998
v 15.99996 135.7954 28.44718
v 15.99996 135.5434 27.70378
v 15.99996 135.196 26.99998
v 15.99996 134.7604 26.34718
v 15.99995 134.2426 25.75738
v 15.99995 133.6528 25.23958
v 15.99996 133 24.80398
v 15.99996 132.2962 24.45658
v 15.99996 131.5528 24.20458
v 15.99996 130.783 24.05158
v 15.99996 130 23.99998
v 15.99996 129.217 24.05158
v 15.99996 128.4472 24.20458
v 15.99996 127.7038 24.45658
v 15.99996 127 24.80398
v 15.99996 126.3472 25.23958
v 15.99996 125.7574 25.75739
v 15.99996 125.2396 26.34719
v 15.99996 124.804 26.99999
v 15.99997 124.4566 27.70379
v 15.99997 124.2046 28.44719
v 15.99997 124.0516 29.21699
v 15.99997 124 29.99999
v 15.99997 124.0516 30.78299
v 15.99997 124.2046 31.55279
v 15.99997 124.4566 32.29619
v 15.99997 124.804 32.99999
v 15.99997 125.2396 33.65279
v 15.99997 125.7574 34.24259
v 15.99997 126.3472 34.76039
v 15.99997 127 35.19599
v 15.99997 127.7038 35.54338
v 15.99997 128.4472 35.79538
v 15.99997 129.217 35.94838
v 15.99997 130 35.99998
v 15.99997 130.783 35.94838
v 15.99997 131.5528 35.79538
v 15.99997 132.2962 35.54338
v 15.99997 133 35.19598
v 15.99996 133.6528 34.76038
v 15.99996 134.2426 34.24258
v 15.99996 134.7604 33.65278
v 15.99996 135.196 32.99998
v 15.99996 135.5434 32.29618
v 15.99996 135.7954 31.55278
v 15.99996 135.9484 30.78298
v 15.99997 115.9484 29.217
v 15.99998 116 29.99999
v 19.99998 116 29.99999
v 19.99998 115.9484 29.21699
v 15.99997 115.7954 28.4472
v 19.99998 115.7954 28.44719
v 15.99997 115.5434 27.70379
v 19.99997 115.5434 27.70379
v 15.99997 115.196 26.99999
v 19.99997 115.196 26.99999
v 15.99997 114.7604 26.34719
v 19.99997 114.7604 26.34719
v 15.99997 114.2426 25.7574
v 19.99997 114.2426 25.75739
v 15.99997 113.6528 25.2396
v 19.99997 113.6528 25.23959
v 15.99997 113 24.804
v 19.99997 113 24.80399
v 15.99997 112.2962 24.4566
v 19.99997 112.2962 24.45659
v 15.99997 111.5528 24.2046
v 19.99997 111.5528 24.20459
v 15.99997 110.783 24.0516
v 19.99998 110.783 24.05159
v 15.99997 110 24
v 19.99998 110 23.99999
v 15.99998 109.217 24.0516
v 19.99998 109.217 24.0516
v 15.99998 108.4472 24.2046
v 19.99998 108.4472 24.2046
v 15.99998 107.7038 24.4566
v 19.99998 107.7038 24.4566
v 15.99998 107 24.804
v 19.99998 107 24.804
v 15.99998 106.3472 25.2396
v 19.99998 106.3472 25.2396
v 15.99998 105.7574 25.7574
v 19.99998 105.7574 25.7574
v 15.99998 105.2396 26.3472
v 19.99998 105.2396 26.3472
v 15.99998 104.804 27
v 19.99998 104.804 27
v 15.99998 104.4566 27.7038
v 19.99998 104.4566 27.7038
v 15.99998 104.2046 28.4472
v 19.99998 104.2046 28.4472
v 15.99998 104.0516 29.217
v 19.99998 104.0516 29.217
v 15.99999 104 30.00001
v 19.99999 104 30
v 15.99999 104.0516 30.78301
v 19.99999 104.0516 30.783
v 15.99999 104.2046 31.55281
v 19.99999 104.2046 31.5528
v 15.99999 104.4566 32.29621
v 19.99999 104.4566 32.2962
v 15.99999 104.804 33
v 19.99999 104.804 33
v 15.99999 105.2396 33.65281
v 19.99999 105.2396 33.6528
v 15.99999 105.7574 34.2426
v 19.99999 105.7574 34.2426
v 15.99999 106.3472 34.7604
v 19.99999 106.3472 34.7604
v 15.99999 107 35.196
v 19.99999 107 35.196
v 15.99999 107.7038 35.5434
v 19.99999 107.7038 35.5434
v 15.99999 108.4472 35.7954
v 19.99999 108.4472 35.7954
v 15.99999 109.217 35.9484
v 19.99999 109.217 35.9484
v 15.99999 110 36
v 19.99999 110 36
v 15.99999 110.783 35.9484
v 19.99999 110.783 35.9484
v 15.99998 111.5528 35.7954
v 19.99998 111.5528 35.79539
v 15.99998 112.2962 35.5434
v 19.99998 112.2962 35.5434
v 15.99998 113 35.196
v 19.99998 113 35.196
v 15.99998 113.6528 34.7604
v 19.99998 113.6528 34.7604
v 15.99998 114.2426 34.2426
v 19.99998 114.2426 34.24259
v 15.99998 114.7604 33.6528
v 19.99998 114.7604 33.65279
v 15.99998 115.196 33
v 19.99998 115.196 32.99999
v 15.99998 115.5434 32.2962
v 19.99998 115.5434 32.29619
v 15.99998 115.7954 31.5528
v 19.99998 115.7954 31.55279
v 15.99998 115.9484 30.783
v 19.99998 115.9484 30.78299
v 15.99997 115.9484 29.217
v 15.99998 116 29.99999
v 15.99998 110 30
v 15.99997 115.7954 28.4472
v 15.99997 115.5434 27.70379
v 15.99997 115.196 26.99999
v 15.99997 114.7604 26.34719
v 15.99997 114.2426 25.7574
v 15.99997 113.6528 25.2396
v 15.99997 113 24.804
v 15.99997 112.2962 24.4566
v 15.99997 111.5528 24.2046
v 15.99997 110.783 24.0516
v 15.99997 110 24
v 15.99998 109.217 24.0516
v 15.99998 108.4472 24.2046
v 15.99998 107.7038 24.4566
v 15.99998 107 24.804
v 15.99998 106.3472 25.2396
v 15.99998 105.7574 25.7574
v 15.99998 105.2396 26.3472
v 15.99998 104.804 27
v 15.99998 104.4566 27.7038
v 15.99998 104.2046 28.4472
v 15.99998 104.0516 29.217
v 15.99999 104 30.00001
v 15.99999 104.0516 30.78301
v 15.99999 104.2046 31.55281
v 15.99999 104.4566 32.29621
v 15.99999 104.804 33
v 15.99999 105.2396 33.65281
v 15.99999 105.7574 34.2426
v 15.99999 106.3472 34.7604
v 15.99999 107 35.196
v 15.99999 107.7038 35.5434
v 15.99999 108.4472 35.7954
v 15.99999 109.217 35.9484
v 15.99999 110 36
v 15.99999 110.783 35.9484
v 15.99998 111.5528 35.7954
v 15.99998 112.2962 35.5434
v 15.99998 113 35.196
v 15.99998 113.6528 34.7604
v 15.99998 114.2426 34.2426
v 15.99998 114.7604 33.6528
v 15.99998 115.196 33
v 15.99998 115.5434 32.2962
v 15.99998 115.7954 31.5528
v 15.99998 115.9484 30.783
v 15.99999 95.9484 29.21701
v 15.99999 96 30.00001
v 19.99999 96.00001 30.00001
v 19.99999 95.9484 29.21701
v 15.99999 95.7954 28.44721
v 19.99999 95.7954 28.44721
v 15.99999 95.5434 27.70381
v 19.99999 95.5434 27.70381
v 15.99999 95.196 27.00001
v 19.99999 95.196 27.00001
v 15.99999 94.7604 26.34721
v 19.99999 94.7604 26.34721
v 15.99999 94.2426 25.75741
v 19.99999 94.2426 25.75741
v 15.99999 93.65279 25.23961
v 19.99999 93.6528 25.23961
v 15.99999 92.99999 24.80401
v 19.99999 93 24.80401
v 15.99999 92.2962 24.45662
v 19.99999 92.2962 24.45661
v 15.99999 91.5528 24.20461
v 19.99999 91.5528 24.20461
v 15.99999 90.783 24.05162
v 19.99999 90.783 24.05161
v 15.99999 89.99999 24.00002
v 19.99999 90 24.00001
v 15.99999 89.217 24.05162
v 19.99999 89.217 24.05161
v 15.99999 88.4472 24.20462
v 19.99999 88.4472 24.20461
v 16 87.7038 24.45662
v 20 87.7038 24.45662
v 16 86.99999 24.80402
v 20 87 24.80402
v 16 86.3472 25.23962
v 20 86.3472 25.23962
v 16 85.75739 25.75742
v 20 85.7574 25.75742
v 16 85.23959 26.34722
v 20 85.2396 26.34722
v 16 84.80399 27.00002
v 20 84.804 27.00002
v 16 84.4566 27.70382
v 20 84.4566 27.70382
v 16 84.2046 28.44722
v 20 84.20461 28.44722
v 16 84.0516 29.21702
v 20 84.05161 29.21702
v 16 84 30.00002
v 20 84.00001 30.00002
v 16 84.0516 30.78302
v 20.00001 84.05161 30.78302
v 16.00001 84.2046 31.55282
v 20.00001 84.20461 31.55282
v 16.00001 84.4566 32.29622
v 20.00001 84.4566 32.29622
v 16.00001 84.804 33.00002
v 20.00001 84.80401 33.00002
v 16.00001 85.2396 33.65282
v 20.00001 85.23961 33.65282
v 16.00001 85.7574 34.24262
v 20.00001 85.75741 34.24262
v 16.00001 86.34721 34.76042
v 20.00001 86.34721 34.76042
v 16.00001 87.00001 35.19602
v 20.00001 87.00001 35.19602
v 16.00001 87.7038 35.54342
v 20.00001 87.70381 35.54342
v 16.00001 88.4472 35.79542
v 20.00001 88.44721 35.79542
v 16.00001 89.217 35.94842
v 20.00001 89.21701 35.94842
v 16 90.00001 36.00002
v 20.00001 90.00001 36.00002
v 16 90.783 35.94842
v 20 90.78301 35.94841
v 16 91.5528 35.79542
v 20 91.55281 35.79541
v 16 92.2962 35.54342
v 20 92.29621 35.54342
v 16 93.00001 35.19602
v 20 93.00001 35.19601
v 16 93.6528 34.76041
v 20 93.65281 34.76041
v 16 94.24261 34.24261
v 20 94.24261 34.24261
v 16 94.76041 33.65282
v 20 94.76041 33.65281
v 16 95.19601 33.00002
v 20 95.19601 33.00001
v 16 95.5434 32.29622
v 20 95.54341 32.29621
v 16 95.7954 31.55281
v 20 95.79541 31.55281
v 15.99999 95.9484 30.78301
v 19.99999 95.94841 30.78301
v 15.99999 95.9484 29.21701
v 15.99999 96 30.00001
v 16 90 30.00002
v 15.99999 95.7954 28.44721
v 15.99999 95.5434 27.70381
v 15.99999 95.196 27.00001
v 15.99999 94.7604 26.34721
v 15.99999 94.2426 25.75741
v 15.99999 93.65279 25.23961
v 15.99999 92.99999 24.80401
v 15.99999 92.2962 24.45662
v 15.99999 91.5528 24.20461
v 15.99999 90.783 24.05162
v 15.99999 89.99999 24.00002
v 15.99999 89.217 24.05162
v 15.99999 88.4472 24.20462
v 16 87.7038 24.45662
v 16 86.99999 24.80402
v 16 86.3472 25.23962
v 16 85.75739 25.75742
v 16 85.23959 26.34722
v 16 84.80399 27.00002
v 16 84.4566 27.70382
v 16 84.2046 28.44722
v 16 84.0516 29.21702
v 16 84 30.00002
v 16 84.0516 30.78302
v 16.00001 84.2046 31.55282
v 16.00001 84.4566 32.29622
v 16.00001 84.804 33.00002
v 16.00001 85.2396 33.65282
v 16.00001 85.7574 34.24262
v 16.00001 86.34721 34.76042
v 16.00001 87.00001 35.19602
v 16.00001 87.7038 35.54342
v 16.00001 88.4472 35.79542
v 16.00001 89.217 35.94842
v 16 90.00001 36.00002
v 16 90.783 35.94842
v 16 91.5528 35.79542
v 16 92.2962 35.54342
v 16 93.00001 35.19602
v 16 93.6528 34.76041
v 16 94.24261 34.24261
v 16 94.76041 33.65282
v 16 95.19601 33.00002
v 16 95.5434 32.29622
v 16 95.7954 31.55281
v 15.99999 95.9484 30.78301
v 16.00001 75.94839 29.21703
v 16.00001 76 30.00003
v 20.00001 76 30.00003
v 20.00001 75.9484 29.21703
v 16.00001 75.79539 28.44723
v 20.00001 75.7954 28.44723
v 16.00001 75.5434 27.70383
v 20.00001 75.5434 27.70383
v 16.00001 75.19599 27.00003
v 20.00001 75.196 27.00003
v 16.00001 74.76039 26.34723
v 20.00001 74.7604 26.34723
v 16.00001 74.24259 25.75743
v 20.00001 74.2426 25.75743
v 16.00001 73.65279 25.23963
v 20.00001 73.6528 25.23963
v 16.00001 72.99999 24.80403
v 20.00001 73 24.80403
v 16.00001 72.2962 24.45663
v 20.00001 72.2962 24.45663
v 16.00001 71.5528 24.20463
v 20.00001 71.5528 24.20463
v 16.00001 70.783 24.05163
v 20.00001 70.783 24.05163
v 16.00001 69.99999 24.00003
v 20.00001 70 24.00003
v 16.00001 69.21699 24.05164
v 20.00001 69.217 24.05163
v 16.00001 68.44719 24.20464
v 20.00001 68.4472 24.20463
v 16.00001 67.7038 24.45664
v 20.00001 67.7038 24.45663
v 16.00001 66.99999 24.80404
v 20.00002 67 24.80403
v 16.00002 66.34719 25.23964
v 20.00002 66.3472 25.23964
v 16.00002 65.75739 25.75744
v 20.00002 65.7574 25.75744
v 16.00002 65.23959 26.34724
v 20.00002 65.2396 26.34724
v 16.00002 64.80399 27.00004
v 20.00002 64.804 27.00004
v 16.00002 64.4566 27.70384
v 20.00002 64.4566 27.70384
v 16.00002 64.2046 28.44724
v 20.00002 64.20461 28.44724
v 16.00002 64.0516 29.21704
v 20.00002 64.05161 29.21704
v 16.00002 64 30.00004
v 20.00002 64 30.00004
v 16.00002 64.0516 30.78304
v 20.00002 64.05161 30.78304
v 16.00002 64.2046 31.55284
v 20.00002 64.20461 31.55284
v 16.00002 64.4566 32.29624
v 20.00002 64.4566 32.29624
v 16.00002 64.804 33.00004
v 20.00002 64.80401 33.00004
v 16.00002 65.2396 33.65284
v 20.00002 65.23961 33.65284
v 16.00002 65.7574 34.24264
v 20.00002 65.75741 34.24264
v 16.00002 66.3472 34.76044
v 20.00002 66.34721 34.76044
v 16.00002 67 35.19604
v 20.00002 67.00001 35.19604
v 16.00002 67.7038 35.54344
v 20.00002 67.7038 35.54343
v 16.00002 68.4472 35.79544
v 20.00002 68.44721 35.79544
v 16.00002 69.217 35.94844
v 20.00002 69.21701 35.94843
v 16.00002 70 36.00004
v 20.00002 70.00001 36.00003
v 16.00002 70.783 35.94844
v 20.00002 70.78301 35.94843
v 16.00002 71.5528 35.79544
v 20.00002 71.55281 35.79543
v 16.00002 72.2962 35.54343
v 20.00002 72.29621 35.54343
v 16.00002 73 35.19603
v 20.00002 73.00001 35.19603
v 16.00002 73.6528 34.76043
v 20.00002 73.65281 34.76043
v 16.00002 74.2426 34.24263
v 20.00002 74.24261 34.24263
v 16.00002 74.7604 33.65283
v 20.00002 74.76041 33.65283
v 16.00002 75.196 33.00003
v 20.00002 75.19601 33.00003
v 16.00001 75.5434 32.29623
v 20.00001 75.5434 32.29623
v 16.00001 75.7954 31.55283
v 20.00001 75.7954 31.55283
v 16.00001 75.9484 30.78303
v 20.00001 75.9484 30.78303
v 16.00001 75.94839 29.21703
v 16.00001 76 30.00003
v 16.00002 70 30.00004
v 16.00001 75.79539 28.44723
v 16.00001 75.5434 27.70383
v 16.00001 75.19599 27.00003
v 16.00001 74.76039 26.34723
v 16.00001 74.24259 25.75743
v 16.00001 73.65279 25.23963
v 16.00001 72.99999 24.80403
v 16.00001 72.2962 24.45663
v 16.00001 71.5528 24.20463
v 16.00001 70.783 24.05163
v 16.00001 69.99999 24.00003
v 16.00001 69.21699 24.05164
v 16.00001 68.44719 24.20464
v 16.00001 67.7038 24.45664
v 16.00001 66.99999 24.80404
v 16.00002 66.34719 25.23964
v 16.00002 65.75739 25.75744
v 16.00002 65.23959 26.34724
v 16.00002 64.80399 27.00004
v 16.00002 64.4566 27.70384
v 16.00002 64.2046 28.44724
v 16.00002 64.0516 29.21704
v 16.00002 64 30.00004
v 16.00002 64.0516 30.78304
v 16.00002 64.2046 31.55284
v 16.00002 64.4566 32.29624
v 16.00002 64.804 33.00004
v 16.00002 65.2396 33.65284
v 16.00002 65.7574 34.24264
v 16.00002 66.3472 34.76044
v 16.00002 67 35.19604
v 16.00002 67.7038 35.54344
v 16.00002 68.4472 35.79544
v 16.00002 69.217 35.94844
v 16.00002 70 36.00004
v 16.00002 70.783 35.94844
v 16.00002 71.5528 35.79544
v 16.00002 72.2962 35.54343
v 16.00002 73 35.19603
v 16.00002 73.6528 34.76043
v 16.00002 74.2426 34.24263
v 16.00002 74.7604 33.65283
v 16.00002 75.196 33.00003
v 16.00001 75.5434 32.29623
v 16.00001 75.7954 31.55283
v 16.00001 75.9484 30.78303
v 16.00003 55.94839 29.21705
v 16.00003 56 30.00005
v 20.00003 56 30.00005
v 20.00003 55.9484 29.21704
v 16.00003 55.79539 28.44725
v 20.00003 55.7954 28.44724
v 16.00003 55.54339 27.70385
v 20.00003 55.5434 27.70385
v 16.00003 55.19599 27.00005
v 20.00003 55.196 27.00005
v 16.00003 54.76039 26.34725
v 20.00003 54.7604 26.34725
v 16.00003 54.24259 25.75745
v 20.00003 54.2426 25.75745
v 16.00003 53.65279 25.23965
v 20.00003 53.6528 25.23965
v 16.00003 52.99999 24.80405
v 20.00003 53 24.80405
v 16.00003 52.29619 24.45665
v 20.00003 52.2962 24.45665
v 16.00003 51.55279 24.20465
v 20.00003 51.5528 24.20465
v 16.00003 50.78299 24.05165
v 20.00003 50.783 24.05165
v 16.00003 49.99999 24.00005
v 20.00003 50 24.00005
v 16.00003 49.21699 24.05165
v 20.00003 49.217 24.05165
v 16.00003 48.44719 24.20465
v 20.00003 48.4472 24.20465
v 16.00003 47.70379 24.45666
v 20.00003 47.7038 24.45665
v 16.00003 46.99999 24.80406
v 20.00003 47 24.80405
v 16.00003 46.34719 25.23966
v 20.00003 46.34719 25.23965
v 16.00003 45.75739 25.75746
v 20.00003 45.7574 25.75745
v 16.00003 45.23959 26.34726
v 20.00004 45.2396 26.34725
v 16.00004 44.80399 27.00006
v 20.00004 44.804 27.00006
v 16.00004 44.45659 27.70386
v 20.00004 44.4566 27.70386
v 16.00004 44.20459 28.44726
v 20.00004 44.2046 28.44726
v 16.00004 44.05159 29.21706
v 20.00004 44.0516 29.21706
v 16.00004 44 30.00006
v 20.00004 44 30.00006
v 16.00004 44.0516 30.78306
v 20.00004 44.0516 30.78306
v 16.00004 44.2046 31.55286
v 20.00004 44.2046 31.55286
v 16.00004 44.4566 32.29626
v 20.00004 44.4566 32.29626
v 16.00004 44.804 33.00006
v 20.00004 44.804 33.00006
v 16.00004 45.2396 33.65286
v 20.00004 45.2396 33.65285
v 16.00004 45.7574 34.24266
v 20.00004 45.7574 34.24266
v 16.00004 46.3472 34.76046
v 20.00004 46.3472 34.76046
v 16.00004 47 35.19606
v 20.00004 47 35.19606
v 16.00004 47.7038 35.54346
v 20.00004 47.7038 35.54345
v 16.00004 48.4472 35.79546
v 20.00004 48.4472 35.79545
v 16.00004 49.217 35.94846
v 20.00004 49.217 35.94845
v 16.00004 50 36.00006
v 20.00004 50 36.00005
v 16.00004 50.783 35.94846
v 20.00004 50.783 35.94845
v 16.00004 51.5528 35.79546
v 20.00004 51.5528 35.79545
v 16.00004 52.2962 35.54345
v 20.00004 52.2962 35.54345
v 16.00004 53 35.19605
v 20.00004 53 35.19605
v 16.00004 53.6528 34.76045
v 20.00004 53.65281 34.76045
v 16.00003 54.2426 34.24265
v 20.00003 54.2426 34.24265
v 16.00003 54.7604 33.65285
v 20.00003 54.7604 33.65285
v 16.00003 55.196 33.00005
v 20.00003 55.196 33.00005
v 16.00003 55.5434 32.29625
v 20.00003 55.5434 32.29625
v 16.00003 55.79539 31.55285
v 20.00003 55.7954 31.55285
v 16.00003 55.94839 30.78305
v 20.00003 55.9484 30.78304
v 16.00003 55.94839 29.21705
v 16.00003 56 30.00005
v 16.00003 50 30.00006
v 16.00003 55.79539 28.44725
v 16.00003 55.54339 27.70385
v 16.00003 55.19599 27.00005
v 16.00003 54.76039 26.34725
v 16.00003 54.24259 25.75745
v 16.00003 53.65279 25.23965
v 16.00003 52.99999 24.80405
v 16.00003 52.29619 24.45665
v 16.00003 51.55279 24.20465
v 16.00003 50.78299 24.05165
v 16.00003 49.99999 24.00005
v 16.00003 49.21699 24.05165
v 16.00003 48.44719 24.20465
v 16.00003 47.70379 24.45666
v 16.00003 46.99999 24.80406
v 16.00003 46.34719 25.23966
v 16.00003 45.75739 25.75746
v 16.00003 45.23959 26.34726
v 16.00004 44.80399 27.00006
v 16.00004 44.45659 27.70386
v 16.00004 44.20459 28.44726
v 16.00004 44.05159 29.21706
v 16.00004 44 30.00006
v 16.00004 44.0516 30.78306
v 16.00004 44.2046 31.55286
v 16.00004 44.4566 32.29626
v 16.00004 44.804 33.00006
v 16.00004 45.2396 33.65286
v 16.00004 45.7574 34.24266
v 16.00004 46.3472 34.76046
v 16.00004 47 35.19606
v 16.00004 47.7038 35.54346
v 16.00004 48.4472 35.79546
v 16.00004 49.217 35.94846
v 16.00004 50 36.00006
v 16.00004 50.783 35.94846
v 16.00004 51.5528 35.79546
v 16.00004 52.2962 35.54345
v 16.00004 53 35.19605
v 16.00004 53.6528 34.76045
v 16.00003 54.2426 34.24265
v 16.00003 54.7604 33.65285
v 16.00003 55.196 33.00005
v 16.00003 55.5434 32.29625
v 16.00003 55.79539 31.55285
v 16.00003 55.94839 30.78305
v 16.00005 35.94839 29.21707
v 16.00005 35.99999 30.00007
v 20.00005 36 30.00006
v 20.00005 35.9484 29.21706
v 16.00005 35.79539 28.44727
v 20.00005 35.7954 28.44726
v 16.00005 35.54339 27.70387
v 20.00005 35.54339 27.70386
v 16.00004 35.19599 27.00007
v 20.00005 35.196 27.00006
v 16.00004 34.76039 26.34727
v 20.00004 34.7604 26.34727
v 16.00004 34.24259 25.75747
v 20.00004 34.2426 25.75747
v 16.00004 33.65279 25.23967
v 20.00004 33.65279 25.23966
v 16.00004 32.99999 24.80407
v 20.00004 32.99999 24.80407
v 16.00004 32.29619 24.45667
v 20.00005 32.2962 24.45667
v 16.00005 31.55279 24.20467
v 20.00005 31.5528 24.20467
v 16.00005 30.78299 24.05167
v 20.00005 30.78299 24.05167
v 16.00005 29.99999 24.00007
v 20.00005 29.99999 24.00007
v 16.00005 29.21699 24.05167
v 20.00005 29.217 24.05167
v 16.00005 28.44718 24.20467
v 20.00005 28.44719 24.20467
v 16.00005 27.70378 24.45667
v 20.00005 27.70379 24.45667
v 16.00005 26.99999 24.80408
v 20.00005 26.99999 24.80407
v 16.00005 26.34719 25.23968
v 20.00005 26.34719 25.23967
v 16.00005 25.75739 25.75748
v 20.00005 25.75739 25.75747
v 16.00005 25.23959 26.34728
v 20.00005 25.2396 26.34727
v 16.00005 24.80399 27.00008
v 20.00005 24.804 27.00007
v 16.00006 24.45659 27.70388
v 20.00006 24.4566 27.70387
v 16.00006 24.20459 28.44728
v 20.00006 24.20459 28.44727
v 16.00006 24.05159 29.21708
v 20.00006 24.05159 29.21707
v 16.00006 23.99999 30.00008
v 20.00006 24 30.00007
v 16.00006 24.05159 30.78308
v 20.00006 24.0516 30.78308
v 16.00006 24.20459 31.55288
v 20.00006 24.2046 31.55288
v 16.00006 24.4566 32.29628
v 20.00006 24.4566 32.29628
v 16.00006 24.804 33.00008
v 20.00006 24.804 33.00008
v 16.00006 25.2396 33.65288
v 20.00006 25.2396 33.65287
v 16.00006 25.7574 34.24268
v 20.00006 25.7574 34.24268
v 16.00006 26.34719 34.76048
v 20.00006 26.3472 34.76048
v 16.00006 27 35.19608
v 20.00006 27 35.19607
v 16.00006 27.70379 35.54348
v 20.00006 27.7038 35.54347
v 16.00006 28.4472 35.79548
v 20.00006 28.4472 35.79547
v 16.00006 29.217 35.94847
v 20.00006 29.21701 35.94847
v 16.00006 30 36.00008
v 20.00006 30 36.00007
v 16.00006 30.783 35.94847
v 20.00006 30.783 35.94847
v 16.00006 31.5528 35.79548
v 20.00006 31.55281 35.79547
v 16.00006 32.2962 35.54347
v 20.00006 32.29621 35.54347
v 16.00006 33 35.19607
v 20.00006 33 35.19607
v 16.00005 33.6528 34.76047
v 20.00005 33.65281 34.76047
v 16.00005 34.2426 34.24267
v 20.00005 34.2426 34.24266
v 16.00005 34.7604 33.65287
v 20.00005 34.7604 33.65287
v 16.00005 35.196 33.00007
v 20.00005 35.196 33.00006
v 16.00005 35.54339 32.29627
v 20.00005 35.5434 32.29626
v 16.00005 35.7954 31.55287
v 20.00005 35.7954 31.55286
v 16.00005 35.9484 30.78307
v 20.00005 35.9484 30.78306
v 16.00005 35.94839 29.21707
v 16.00005 35.99999 30.00007
v 16.00005 29.99999 30.00007
v 16.00005 35.79539 28.44727
v 16.00005 35.54339 27.70387
v 16.00004 35.19599 27.00007
v 16.00004 34.76039 26.34727
v 16.00004 34.24259 25.75747
v 16.00004 33.65279 25.23967
v 16.00004 32.99999 24.80407
v 16.00004 32.29619 24.45667
v 16.00005 31.55279 24.20467
v 16.00005 30.78299 24.05167
v 16.00005 29.99999 24.00007
v 16.00005 29.21699 24.05167
v 16.00005 28.44718 24.20467
v 16.00005 27.70378 24.45667
v 16.00005 26.99999 24.80408
v 16.00005 26.34719 25.23968
v 16.00005 25.75739 25.75748
v 16.00005 25.23959 26.34728
v 16.00005 24.80399 27.00008
v 16.00006 24.45659 27.70388
v 16.00006 24.20459 28.44728
v 16.00006 24.05159 29.21708
v 16.00006 23.99999 30.00008
v 16.00006 24.05159 30.78308
v 16.00006 24.20459 31.55288
v 16.00006 24.4566 32.29628
v 16.00006 24.804 33.00008
v 16.00006 25.2396 33.65288
v 16.00006 25.7574 34.24268
v 16.00006 26.34719 34.76048
v 16.00006 27 35.19608
v 16.00006 27.70379 35.54348
v 16.00006 28.4472 35.79548
v 16.00006 29.217 35.94847
v 16.00006 30 36.00008
v 16.00006 30.783 35.94847
v 16.00006 31.5528 35.79548
v 16.00006 32.2962 35.54347
v 16.00006 33 35.19607
v 16.00005 33.6528 34.76047
v 16.00005 34.2426 34.24267
v 16.00005 34.7604 33.65287
v 16.00005 35.196 33.00007
v 16.00005 35.54339 32.29627
v 16.00005 35.7954 31.55287
v 16.00005 35.9484 30.78307
v 16.00006 15.94839 29.21708
v 16.00006 15.99999 30.00009
v 20.00006 16 30.00008
v 20.00006 15.9484 29.21708
v 16.00006 15.79539 28.44728
v 20.00006 15.7954 28.44728
v 16.00006 15.54339 27.70389
v 20.00006 15.54339 27.70388
v 16.00006 15.19599 27.00009
v 20.00006 15.19599 27.00008
v 16.00006 14.76039 26.34729
v 20.00006 14.76039 26.34728
v 16.00006 14.24259 25.75749
v 20.00006 14.24259 25.75748
v 16.00006 13.65279 25.23969
v 20.00006 13.65279 25.23968
v 16.00006 12.99999 24.80409
v 20.00006 12.99999 24.80408
v 16.00006 12.29619 24.45669
v 20.00006 12.29619 24.45668
v 16.00006 11.55279 24.20469
v 20.00006 11.55279 24.20468
v 16.00006 10.78298 24.05169
v 20.00006 10.78299 24.05169
v 16.00006 9.999985 24.00009
v 20.00006 9.99999 24.00009
v 16.00006 9.216988 24.05169
v 20.00006 9.216992 24.05169
v 16.00006 8.447182 24.20469
v 20.00007 8.447186 24.20469
v 16.00007 7.703782 24.45669
v 20.00007 7.703786 24.45669
v 16.00007 6.999986 24.80409
v 20.00007 6.99999 24.80409
v 16.00007 6.347184 25.23969
v 20.00007 6.347189 25.23969
v 16.00007 5.757387 25.75749
v 20.00007 5.757391 25.75749
v 16.00007 5.239588 26.3473
v 20.00007 5.239593 26.34729
v 16.00007 4.803988 27.0001
v 20.00007 4.803993 27.00009
v 16.00007 4.456592 27.7039
v 20.00007 4.456597 27.70389
v 16.00007 4.204586 28.4473
v 20.00007 4.204591 28.44729
v 16.00007 4.051587 29.2171
v 20.00007 4.051591 29.21709
v 16.00008 3.99999 30.0001
v 20.00008 3.999995 30.00009
v 16.00008 4.051588 30.7831
v 20.00008 4.051593 30.78309
v 16.00008 4.204589 31.5529
v 20.00008 4.204594 31.55289
v 16.00008 4.456596 32.2963
v 20.00008 4.456601 32.29629
v 16.00008 4.803994 33.0001
v 20.00008 4.803998 33.00009
v 16.00008 5.239594 33.6529
v 20.00008 5.239599 33.65289
v 16.00008 5.757394 34.24269
v 20.00008 5.757399 34.24269
v 16.00008 6.347193 34.76049
v 20.00008 6.347198 34.76049
v 16.00008 6.999995 35.19609
v 20.00008 7 35.19609
v 16.00008 7.703792 35.5435
v 20.00008 7.703796 35.54349
v 16.00008 8.447193 35.79549
v 20.00008 8.447198 35.79549
v 16.00008 9.216999 35.94849
v 20.00008 9.217004 35.94849
v 16.00008 9.999996 36.00009
v 20.00008 10 36.00009
v 16.00007 10.78299 35.94849
v 20.00008 10.783 35.94849
v 16.00007 11.5528 35.79549
v 20.00007 11.5528 35.79549
v 16.00007 12.2962 35.54349
v 20.00007 12.2962 35.54349
v 16.00007 13 35.19609
v 20.00007 13 35.19609
v 16.00007 13.6528 34.76049
v 20.00007 13.6528 34.76049
v 16.00007 14.24259 34.24269
v 20.00007 14.2426 34.24268
v 16.00007 14.76039 33.65289
v 20.00007 14.7604 33.65289
v 16.00007 15.19599 33.00009
v 20.00007 15.196 33.00008
v 16.00007 15.54339 32.29629
v 20.00007 15.54339 32.29628
v 16.00007 15.79539 31.55289
v 20.00007 15.7954 31.55288
v 16.00006 15.94839 30.78309
v 20.00007 15.9484 30.78308
v 16.00006 15.94839 29.21708
v 16.00006 15.99999 30.00009
v 16.00007 9.99999 30.00009
v 16.00006 15.79539 28.44728
v 16.00006 15.54339 27.70389
v 16.00006 15.19599 27.00009
v 16.00006 14.76039 26.34729
v 16.00006 14.24259 25.75749
v 16.00006 13.65279 25.23969
v 16.00006 12.99999 24.80409
v 16.00006 12.29619 24.45669
v 16.00006 11.55279 24.20469
v 16.00006 10.78298 24.05169
v 16.00006 9.999985 24.00009
v 16.00006 9.216988 24.05169
v 16.00006 8.447182 24.20469
v 16.00007 7.703782 24.45669
v 16.00007 6.999986 24.80409
v 16.00007 6.347184 25.23969
v 16.00007 5.757387 25.75749
v 16.00007 5.239588 26.3473
v 16.00007 4.803988 27.0001
v 16.00007 4.456592 27.7039
v 16.00007 4.204586 28.4473
v 16.00007 4.051587 29.2171
v 16.00008 3.99999 30.0001
v 16.00008 4.051588 30.7831
v 16.00008 4.204589 31.5529
v 16.00008 4.456596 32.2963
v 16.00008 4.803994 33.0001
v 16.00008 5.239594 33.6529
v 16.00008 5.757394 34.24269
v 16.00008 6.347193 34.76049
v 16.00008 6.999995 35.19609
v 16.00008 7.703792 35.5435
v 16.00008 8.447193 35.79549
v 16.00008 9.216999 35.94849
v 16.00008 9.999996 36.00009
v 16.00007 10.78299 35.94849
v 16.00007 11.5528 35.79549
v 16.00007 12.2962 35.54349
v 16.00007 13 35.19609
v 16.00007 13.6528 34.76049
v 16.00007 14.24259 34.24269
v 16.00007 14.76039 33.65289
v 16.00007 15.19599 33.00009
v 16.00007 15.54339 32.29629
v 16.00007 15.79539 31.55289
v 16.00006 15.94839 30.78309
v 15.99992 195.9484 49.21693
v 15.99992 196 49.99993
v 19.99992 196 49.99992
v 19.99992 195.9484 49.21692
v 15.99992 195.7954 48.44712
v 19.99992 195.7954 48.44712
v 15.99992 195.5434 47.70373
v 19.99992 195.5434 47.70372
v 15.99992 195.196 46.99993
v 19.99992 195.196 46.99992
v 15.99992 194.7604 46.34713
v 19.99992 194.7604 46.34712
v 15.99992 194.2426 45.75733
v 19.99992 194.2426 45.75732
v 15.99992 193.6528 45.23953
v 19.99992 193.6528 45.23952
v 15.99992 193 44.80393
v 19.99992 193 44.80392
v 15.99992 192.2962 44.45653
v 19.99992 192.2962 44.45652
v 15.99992 191.5528 44.20453
v 19.99992 191.5528 44.20452
v 15.99992 190.783 44.05153
v 19.99992 190.783 44.05153
v 15.99992 190 43.99993
v 19.99992 190 43.99993
v 15.99992 189.217 44.05153
v 19.99992 189.217 44.05153
v 15.99992 188.4472 44.20453
v 19.99993 188.4472 44.20453
v 15.99993 187.7038 44.45653
v 19.99993 187.7038 44.45653
v 15.99993 187 44.80393
v 19.99993 187 44.80393
v 15.99993 186.3472 45.23953
v 19.99993 186.3472 45.23953
v 15.99993 185.7574 45.75734
v 19.99993 185.7574 45.75733
v 15.99993 185.2396 46.34713
v 19.99993 185.2396 46.34713
v 15.99993 184.804 46.99994
v 19.99993 184.804 46.99993
v 15.99993 184.4566 47.70374
v 19.99993 184.4566 47.70373
v 15.99993 184.2046 48.44714
v 19.99993 184.2046 48.44713
v 15.99993 184.0516 49.21694
v 19.99993 184.0516 49.21693
v 15.99993 184 49.99994
v 19.99994 184 49.99994
v 15.99994 184.0516 50.78294
v 19.99994 184.0516 50.78293
v 15.99994 184.2046 51.55274
v 19.99994 184.2046 51.55273
v 15.99994 184.4566 52.29614
v 19.99994 184.4566 52.29613
v 15.99994 184.804 52.99994
v 19.99994 184.804 52.99994
v 15.99994 185.2396 53.65274
v 19.99994 185.2396 53.65273
v 15.99994 185.7574 54.24253
v 19.99994 185.7574 54.24253
v 15.99994 186.3472 54.76034
v 19.99994 186.3472 54.76033
v 15.99994 187 55.19593
v 19.99994 187 55.19593
v 15.99994 187.7038 55.54333
v 19.99994 187.7038 55.54333
v 15.99994 188.4472 55.79533
v 19.99994 188.4472 55.79533
v 15.99994 189.217 55.94833
v 19.99994 189.217 55.94833
v 15.99994 190 55.99994
v 19.99994 190 55.99993
v 15.99993 190.783 55.94833
v 19.99994 190.783 55.94833
v 15.99993 191.5528 55.79533
v 19.99993 191.5528 55.79533
v 15.99993 192.2962 55.54333
v 19.99993 192.2962 55.54333
v 15.99993 193 55.19593
v 19.99993 193 55.19593
v 15.99993 193.6528 54.76033
v 19.99993 193.6528 54.76033
v 15.99993 194.2426 54.24253
v 19.99993 194.2426 54.24252
v 15.99993 194.7604 53.65273
v 19.99993 194.7604 53.65273
v 15.99993 195.196 52.99993
v 19.99993 195.196 52.99992
v 15.99993 195.5434 52.29613
v 19.99993 195.5434 52.29612
v 15.99993 195.7954 51.55273
v 19.99993 195.7954 51.55272
v 15.99992 195.9484 50.78293
v 19.99993 195.9484 50.78292
v 15.99992 195.9484 49.21693
v 15.99992 196 49.99993
v 15.99993 190 49.99993
v 15.99992 195.7954 48.44712
v 15.99992 195.5434 47.70373
v 15.99992 195.196 46.99993
v 15.99992 194.7604 46.34713
v 15.99992 194.2426 45.75733
v 15.99992 193.6528 45.23953
v 15.99992 193 44.80393
v 15.99992 192.2962 44.45653
v 15.99992 191.5528 44.20453
v 15.99992 190.783 44.05153
v 15.99992 190 43.99993
v 15.99992 189.217 44.05153
v 15.99992 188.4472 44.20453
v 15.99993 187.7038 44.45653
v 15.99993 187 44.80393
v 15.99993 186.3472 45.23953
v 15.99993 185.7574 45.75734
v 15.99993 185.2396 46.34713
v 15.99993 184.804 46.99994
v 15.99993 184.4566 47.70374
v 15.99993 184.2046 48.44714
v 15.99993 184.0516 49.21694
v 15.99993 184 49.99994
v 15.99994 184.0516 50.78294
v 15.99994 184.2046 51.55274
v 15.99994 184.4566 52.29614
v 15.99994 184.804 52.99994
v 15.99994 185.2396 53.65274
v 15.99994 185.7574 54.24253
v 15.99994 186.3472 54.76034
v 15.99994 187 55.19593
v 15.99994 187.7038 55.54333
v 15.99994 188.4472 55.79533
v 15.99994 189.217 55.94833
v 15.99994 190 55.99994
v 15.99993 190.783 55.94833
v 15.99993 191.5528 55.79533
v 15.99993 192.2962 55.54333
v 15.99993 193 55.19593
v 15.99993 193.6528 54.76033
v 15.99993 194.2426 54.24253
v 15.99993 194.7604 53.65273
v 15.99993 195.196 52.99993
v 15.99993 195.5434 52.29613
v 15.99993 195.7954 51.55273
v 15.99992 195.9484 50.78293
v 15.99994 175.9484 49.21695
v 15.99994 176 49.99994
v 19.99994 176 49.99994
v 19.99994 175.9484 49.21694
v 15.99994 175.7954 48.44714
v 19.99994 175.7954 48.44714
v 15.99994 175.5434 47.70374
v 19.99994 175.5434 47.70374
v 15.99994 175.196 46.99994
v 19.99994 175.196 46.99994
v 15.99994 174.7604 46.34715
v 19.99994 174.7604 46.34714
v 15.99994 174.2426 45.75735
v 19.99994 174.2426 45.75734
v 15.99994 173.6528 45.23955
v 19.99994 173.6528 45.23954
v 15.99994 173 44.80395
v 19.99994 173 44.80394
v 15.99994 172.2962 44.45655
v 19.99994 172.2962 44.45654
v 15.99994 171.5528 44.20455
v 19.99994 171.5528 44.20454
v 15.99994 170.783 44.05155
v 19.99994 170.783 44.05154
v 15.99994 170 43.99995
v 19.99994 170 43.99995
v 15.99994 169.217 44.05155
v 19.99994 169.217 44.05154
v 15.99994 168.4472 44.20455
v 19.99994 168.4472 44.20455
v 15.99994 167.7038 44.45655
v 19.99994 167.7038 44.45655
v 15.99994 167 44.80395
v 19.99994 167 44.80395
v 15.99995 166.3472 45.23955
v 19.99995 166.3472 45.23955
v 15.99995 165.7574 45.75735
v 19.99995 165.7574 45.75735
v 15.99995 165.2396 46.34715
v 19.99995 165.2396 46.34715
v 15.99995 164.804 46.99995
v 19.99995 164.804 46.99995
v 15.99995 164.4566 47.70375
v 19.99995 164.4566 47.70375
v 15.99995 164.2046 48.44715
v 19.99995 164.2046 48.44715
v 15.99995 164.0516 49.21696
v 19.99995 164.0516 49.21695
v 15.99995 164 49.99995
v 19.99995 164 49.99995
v 15.99995 164.0516 50.78296
v 19.99995 164.0516 50.78295
v 15.99995 164.2046 51.55276
v 19.99995 164.2046 51.55275
v 15.99995 164.4566 52.29615
v 19.99995 164.4566 52.29615
v 15.99995 164.804 52.99995
v 19.99995 164.804 52.99995
v 15.99996 165.2396 53.65276
v 19.99996 165.2396 53.65275
v 15.99996 165.7574 54.24255
v 19.99996 165.7574 54.24255
v 15.99996 166.3472 54.76035
v 19.99996 166.3472 54.76035
v 15.99996 167 55.19595
v 19.99996 167 55.19595
v 15.99995 167.7038 55.54335
v 19.99995 167.7038 55.54335
v 15.99995 168.4472 55.79535
v 19.99995 168.4472 55.79535
v 15.99995 169.217 55.94835
v 19.99995 169.217 55.94835
v 15.99995 170 55.99995
v 19.99995 170 55.99995
v 15.99995 170.783 55.94835
v 19.99995 170.783 55.94835
v 15.99995 171.5528 55.79535
v 19.99995 171.5528 55.79535
v 15.99995 172.2962 55.54335
v 19.99995 172.2962 55.54335
v 15.99995 173 55.19595
v 19.99995 173 55.19595
v 15.99995 173.6528 54.76035
v 19.99995 173.6528 54.76035
v 15.99995 174.2426 54.24255
v 19.99995 174.2426 54.24254
v 15.99995 174.7604 53.65275
v 19.99995 174.7604 53.65274
v 15.99995 175.196 52.99995
v 19.99995 175.196 52.99994
v 15.99994 175.5434 52.29615
v 19.99994 175.5434 52.29614
v 15.99994 175.7954 51.55275
v 19.99994 175.7954 51.55274
v 15.99994 175.9484 50.78294
v 19.99994 175.9484 50.78294
v 15.99994 175.9484 49.21695
v 15.99994 176 49.99994
v 15.99995 170 49.99995
v 15.99994 175.7954 48.44714
v 15.99994 175.5434 47.70374
v 15.99994 175.196 46.99994
v 15.99994 174.7604 46.34715
v 15.99994 174.2426 45.75735
v 15.99994 173.6528 45.23955
v 15.99994 173 44.80395
v 15.99994 172.2962 44.45655
v 15.99994 171.5528 44.20455
v 15.99994 170.783 44.05155
v 15.99994 170 43.99995
v 15.99994 169.217 44.05155
v 15.99994 168.4472 44.20455
v 15.99994 167.7038 44.45655
v 15.99994 167 44.80395
v 15.99995 166.3472 45.23955
v 15.99995 165.7574 45.75735
v 15.99995 165.2396 46.34715
v 15.99995 164.804 46.99995
v 15.99995 164.4566 47.70375
v 15.99995 164.2046 48.44715
v 15.99995 164.0516 49.21696
v 15.99995 164 49.99995
v 15.99995 164.0516 50.78296
v 15.99995 164.2046 51.55276
v 15.99995 164.4566 52.29615
v 15.99995 164.804 52.99995
v 15.99996 165.2396 53.65276
v 15.99996 165.7574 54.24255
v 15.99996 166.3472 54.76035
v 15.99996 167 55.19595
v 15.99995 167.7038 55.54335
v 15.99995 168.4472 55.79535
v 15.99995 169.217 55.94835
v 15.99995 170 55.99995
v 15.99995 170.783 55.94835
v 15.99995 171.5528 55.79535
v 15.99995 172.2962 55.54335
v 15.99995 173 55.19595
v 15.99995 173.6528 54.76035
v 15.99995 174.2426 54.24255
v 15.99995 174.7604 53.65275
v 15.99995 175.196 52.99995
v 15.99994 175.5434 52.29615
v 15.99994 175.7954 51.55275
v 15.99994 175.9484 50.78294
v 15.99996 155.9484 49.21696
v 15.99996 156 49.99996
v 19.99996 156 49.99996
v 19.99996 155.9484 49.21696
v 15.99996 155.7954 48.44716
v 19.99996 155.7954 48.44716
v 15.99996 155.5434 47.70376
v 19.99996 155.5434 47.70376
v 15.99996 155.196 46.99996
v 19.99996 155.196 46.99996
v 15.99996 154.7604 46.34716
v 19.99996 154.7604 46.34716
v 15.99996 154.2426 45.75736
v 19.99996 154.2426 45.75736
v 15.99996 153.6528 45.23956
v 19.99996 153.6528 45.23956
v 15.99996 153 44.80396
v 19.99996 153 44.80396
v 15.99996 152.2962 44.45657
v 19.99996 152.2962 44.45656
v 15.99996 151.5528 44.20457
v 19.99996 151.5528 44.20456
v 15.99996 150.783 44.05157
v 19.99996 150.783 44.05156
v 15.99996 150 43.99997
v 19.99996 150 43.99996
v 15.99996 149.217 44.05157
v 19.99996 149.217 44.05156
v 15.99996 148.4472 44.20457
v 19.99996 148.4472 44.20456
v 15.99996 147.7038 44.45657
v 19.99996 147.7038 44.45657
v 15.99996 147 44.80397
v 19.99996 147 44.80397
v 15.99996 146.3472 45.23957
v 19.99996 146.3472 45.23957
v 15.99996 145.7574 45.75737
v 19.99997 145.7574 45.75737
v 15.99997 145.2396 46.34717
v 19.99997 145.2396 46.34717
v 15.99997 144.804 46.99997
v 19.99997 144.804 46.99997
v 15.99997 144.4566 47.70377
v 19.99997 144.4566 47.70377
v 15.99997 144.2046 48.44717
v 19.99997 144.2046 48.44717
v 15.99997 144.0516 49.21697
v 19.99997 144.0516 49.21697
v 15.99997 144 49.99997
v 19.99997 144 49.99997
v 15.99997 144.0516 50.78297
v 19.99997 144.0516 50.78297
v 15.99997 144.2046 51.55277
v 19.99997 144.2046 51.55277
v 15.99997 144.4566 52.29617
v 19.99997 144.4566 52.29617
v 15.99997 144.804 52.99997
v 19.99997 144.804 52.99997
v 15.99997 145.2396 53.65277
v 19.99997 145.2396 53.65277
v 15.99997 145.7574 54.24257
v 19.99997 145.7574 54.24257
v 15.99997 146.3472 54.76037
v 19.99997 146.3472 54.76037
v 15.99997 147 55.19597
v 19.99997 147 55.19597
v 15.99997 147.7038 55.54337
v 19.99997 147.7038 55.54337
v 15.99997 148.4472 55.79537
v 19.99997 148.4472 55.79537
v 15.99997 149.217 55.94837
v 19.99997 149.217 55.94837
v 15.99997 150 55.99997
v 19.99997 150 55.99997
v 15.99997 150.783 55.94837
v 19.99997 150.783 55.94836
v 15.99997 151.5528 55.79537
v 19.99997 151.5528 55.79536
v 15.99997 152.2962 55.54337
v 19.99997 152.2962 55.54336
v 15.99997 153 55.19597
v 19.99997 153 55.19596
v 15.99997 153.6528 54.76036
v 19.99997 153.6528 54.76036
v 15.99997 154.2426 54.24257
v 19.99997 154.2426 54.24256
v 15.99996 154.7604 53.65276
v 19.99996 154.7604 53.65276
v 15.99996 155.196 52.99997
v 19.99996 155.196 52.99996
v 15.99996 155.5434 52.29617
v 19.99996 155.5434 52.29616
v 15.99996 155.7954 51.55276
v 19.99996 155.7954 51.55276
v 15.99996 155.9484 50.78296
v 19.99996 155.9484 50.78296
v 15.99996 155.9484 49.21696
v 15.99996 156 49.99996
v 15.99996 150 49.99997
v 15.99996 155.7954 48.44716
v 15.99996 155.5434 47.70376
v 15.99996 155.196 46.99996
v 15.99996 154.7604 46.34716
v 15.99996 154.2426 45.75736
v 15.99996 153.6528 45.23956
v 15.99996 153 44.80396
v 15.99996 152.2962 44.45657
v 15.99996 151.5528 44.20457
v 15.99996 150.783 44.05157
v 15.99996 150 43.99997
v 15.99996 149.217 44.05157
v 15.99996 148.4472 44.20457
v 15.99996 147.7038 44.45657
v 15.99996 147 44.80397
v 15.99996 146.3472 45.23957
v 15.99996 145.7574 45.75737
v 15.99997 145.2396 46.34717
v 15.99997 144.804 46.99997
v 15.99997 144.4566 47.70377
v 15.99997 144.2046 48.44717
v 15.99997 144.0516 49.21697
v 15.99997 144 49.99997
v 15.99997 144.0516 50.78297
v 15.99997 144.2046 51.55277
v 15.99997 144.4566 52.29617
v 15.99997 144.804 52.99997
v 15.99997 145.2396 53.65277
v 15.99997 145.7574 54.24257
v 15.99997 146.3472 54.76037
v 15.99997 147 55.19597
v 15.99997 147.7038 55.54337
v 15.99997 148.4472 55.79537
v 15.99997 149.217 55.94837
v 15.99997 150 55.99997
v 15.99997 150.783 55.94837
v 15.99997 151.5528 55.79537
v 15.99997 152.2962 55.54337
v 15.99997 153 55.19597
v 15.99997 153.6528 54.76036
v 15.99997 154.2426 54.24257
v 15.99996 154.7604 53.65276
v 15.99996 155.196 52.99997
v 15.99996 155.5434 52.29617
v 15.99996 155.7954 51.55276
v 15.99996 155.9484 50.78296
v 15.99998 135.9484 49.21698
v 15.99998 136 49.99998
v 19.99998 136 49.99998
v 19.99998 135.9484 49.21698
v 15.99998 135.7954 48.44718
v 19.99998 135.7954 48.44718
v 15.99998 135.5434 47.70378
v 19.99998 135.5434 47.70378
v 15.99998 135.196 46.99998
v 19.99998 135.196 46.99998
v 15.99998 134.7604 46.34718
v 19.99998 134.7604 46.34718
v 15.99997 134.2426 45.75738
v 19.99998 134.2426 45.75738
v 15.99997 133.6528 45.23958
v 19.99998 133.6528 45.23958
v 15.99998 133 44.80398
v 19.99998 133 44.80398
v 15.99998 132.2962 44.45658
v 19.99998 132.2962 44.45658
v 15.99998 131.5528 44.20458
v 19.99998 131.5528 44.20458
v 15.99998 130.783 44.05159
v 19.99998 130.783 44.05158
v 15.99998 130 43.99998
v 19.99998 130 43.99998
v 15.99998 129.217 44.05159
v 19.99998 129.217 44.05158
v 15.99998 128.4472 44.20459
v 19.99998 128.4472 44.20458
v 15.99998 127.7038 44.45659
v 19.99998 127.7038 44.45658
v 15.99998 127 44.80399
v 19.99998 127 44.80399
v 15.99998 126.3472 45.23959
v 19.99998 126.3472 45.23959
v 15.99998 125.7574 45.75739
v 19.99998 125.7574 45.75739
v 15.99998 125.2396 46.34719
v 19.99998 125.2396 46.34719
v 15.99998 124.804 46.99999
v 19.99998 124.804 46.99999
v 15.99999 124.4566 47.70379
v 19.99999 124.4566 47.70379
v 15.99999 124.2046 48.44719
v 19.99999 124.2046 48.44719
v 15.99999 124.0516 49.21699
v 19.99999 124.0516 49.21699
v 15.99999 124 49.99999
v 19.99999 124 49.99999
v 15.99999 124.0516 50.78299
v 19.99999 124.0516 50.78299
v 15.99999 124.2046 51.55279
v 19.99999 124.2046 51.55279
v 15.99999 124.4566 52.29619
v 19.99999 124.4566 52.29619
v 15.99999 124.804 52.99999
v 19.99999 124.804 52.99999
v 15.99999 125.2396 53.65279
v 19.99999 125.2396 53.65279
v 15.99999 125.7574 54.24259
v 19.99999 125.7574 54.24259
v 15.99999 126.3472 54.76039
v 19.99999 126.3472 54.76039
v 15.99999 127 55.19599
v 19.99999 127 55.19599
v 15.99999 127.7038 55.54339
v 19.99999 127.7038 55.54338
v 15.99999 128.4472 55.79539
v 19.99999 128.4472 55.79539
v 15.99999 129.217 55.94839
v 19.99999 129.217 55.94839
v 15.99999 130 55.99999
v 19.99999 130 55.99998
v 15.99999 130.783 55.94839
v 19.99999 130.783 55.94838
v 15.99999 131.5528 55.79539
v 19.99999 131.5528 55.79538
v 15.99999 132.2962 55.54338
v 19.99999 132.2962 55.54338
v 15.99998 133 55.19598
v 19.99998 133 55.19598
v 15.99998 133.6528 54.76038
v 19.99998 133.6528 54.76038
v 15.99998 134.2426 54.24258
v 19.99998 134.2426 54.24258
v 15.99998 134.7604 53.65278
v 19.99998 134.7604 53.65278
v 15.99998 135.196 52.99998
v 19.99998 135.196 52.99998
v 15.99998 135.5434 52.29618
v 19.99998 135.5434 52.29618
v 15.99998 135.7954 51.55278
v 19.99998 135.7954 51.55278
v 15.99998 135.9484 50.78298
v 19.99998 135.9484 50.78298
v 15.99998 135.9484 49.21698
v 15.99998 136 49.99998
v 15.99998 130 49.99998
v 15.99998 135.7954 48.44718
v 15.99998 135.5434 47.70378
v 15.99998 135.196 46.99998
v 15.99998 134.7604 46.34718
v 15.99997 134.2426 45.75738
v 15.99997 133.6528 45.23958
v 15.99998 133 44.80398
v 15.99998 132.2962 44.45658
v 15.99998 131.5528 44.20458
v 15.99998 130.783 44.05159
v 15.99998 130 43.99998
v 15.99998 129.217 44.05159
v 15.99998 128.4472 44.20459
v 15.99998 127.7038 44.45659
v 15.99998 127 44.80399
v 15.99998 126.3472 45.23959
v 15.99998 125.7574 45.75739
v 15.99998 125.2396 46.34719
v 15.99998 124.804 46.99999
v 15.99999 124.4566 47.70379
v 15.99999 124.2046 48.44719
v 15.99999 124.0516 49.21699
v 15.99999 124 49.99999
v 15.99999 124.0516 50.78299
v 15.99999 124.2046 51.55279
v 15.99999 124.4566 52.29619
v 15.99999 124.804 52.99999
v 15.99999 125.2396 53.65279
v 15.99999 125.7574 54.24259
v 15.99999 126.3472 54.76039
v 15.99999 127 55.19599
v 15.99999 127.7038 55.54339
v 15.99999 128.4472 55.79539
v 15.99999 129.217 55.94839
v 15.99999 130 55.99999
v 15.99999 130.783 55.94839
v 15.99999 131.5528 55.79539
v 15.99999 132.2962 55.54338
v 15.99998 133 55.19598
v 15.99998 133.6528 54.76038
v 15.99998 134.2426 54.24258
v 15.99998 134.7604 53.65278
v 15.99998 135.196 52.99998
v 15.99998 135.5434 52.29618
v 15.99998 135.7954 51.55278
v 15.99998 135.9484 50.78298
v 15.99999 115.9484 49.217
v 16 116 50
v 20 116 50
v 19.99999 115.9484 49.217
v 15.99999 115.7954 48.4472
v 19.99999 115.7954 48.44719
v 15.99999 115.5434 47.7038
v 19.99999 115.5434 47.7038
v 15.99999 115.196 47
v 19.99999 115.196 47
v 15.99999 114.7604 46.3472
v 19.99999 114.7604 46.34719
v 15.99999 114.2426 45.7574
v 19.99999 114.2426 45.7574
v 15.99999 113.6528 45.2396
v 19.99999 113.6528 45.2396
v 15.99999 113 44.804
v 19.99999 113 44.804
v 15.99999 112.2962 44.4566
v 19.99999 112.2962 44.4566
v 15.99999 111.5528 44.2046
v 19.99999 111.5528 44.2046
v 15.99999 110.783 44.0516
v 19.99999 110.783 44.0516
v 15.99999 110 44
v 19.99999 110 44
v 16 109.217 44.05161
v 20 109.217 44.0516
v 16 108.4472 44.20461
v 20 108.4472 44.2046
v 16 107.7038 44.4566
v 20 107.7038 44.4566
v 16 107 44.804
v 20 107 44.804
v 16 106.3472 45.23961
v 20 106.3472 45.2396
v 16 105.7574 45.75741
v 20 105.7574 45.7574
v 16 105.2396 46.34721
v 20 105.2396 46.34721
v 16 104.804 47.00001
v 20 104.804 47
v 16 104.4566 47.70381
v 20 104.4566 47.7038
v 16 104.2046 48.44721
v 20 104.2046 48.4472
v 16.00001 104.0516 49.21701
v 20.00001 104.0516 49.21701
v 16.00001 104 50.00001
v 20.00001 104 50.00001
v 16.00001 104.0516 50.78301
v 20.00001 104.0516 50.783
v 16.00001 104.2046 51.55281
v 20.00001 104.2046 51.55281
v 16.00001 104.4566 52.29621
v 20.00001 104.4566 52.29621
v 16.00001 104.804 53.00001
v 20.00001 104.804 53.00001
v 16.00001 105.2396 53.65281
v 20.00001 105.2396 53.65281
v 16.00001 105.7574 54.24261
v 20.00001 105.7574 54.24261
v 16.00001 106.3472 54.76041
v 20.00001 106.3472 54.76041
v 16.00001 107 55.19601
v 20.00001 107 55.19601
v 16.00001 107.7038 55.54341
v 20.00001 107.7038 55.5434
v 16.00001 108.4472 55.79541
v 20.00001 108.4472 55.7954
v 16.00001 109.217 55.94841
v 20.00001 109.217 55.9484
v 16.00001 110 56.00001
v 20.00001 110 56
v 16.00001 110.783 55.94841
v 20.00001 110.783 55.9484
v 16.00001 111.5528 55.79541
v 20.00001 111.5528 55.7954
v 16 112.2962 55.5434
v 20 112.2962 55.5434
v 16 113 55.196
v 20 113 55.196
v 16 113.6528 54.7604
v 20 113.6528 54.7604
v 16 114.2426 54.2426
v 20 114.2426 54.2426
v 16 114.7604 53.6528
v 20 114.7604 53.6528
v 16 115.196 53
v 20 115.196 53
v 16 115.5434 52.2962
v 20 115.5434 52.2962
v 16 115.7954 51.5528
v 20 115.7954 51.5528
v 16 115.9484 50.783
v 20 115.9484 50.783
v 15.99999 115.9484 49.217
v 16 116 50
v 16 110 50
v 15.99999 115.7954 48.4472
v 15.99999 115.5434 47.7038
v 15.99999 115.196 47
v 15.99999 114.7604 46.3472
v 15.99999 114.2426 45.7574
v 15.99999 113.6528 45.2396
v 15.99999 113 44.804
v 15.99999 112.2962 44.4566
v 15.99999 111.5528 44.2046
v 15.99999 110.783 44.0516
v 15.99999 110 44
v 16 109.217 44.05161
v 16 108.4472 44.20461
v 16 107.7038 44.4566
v 16 107 44.804
v 16 106.3472 45.23961
v 16 105.7574 45.75741
v 16 105.2396 46.34721
v 16 104.804 47.00001
v 16 104.4566 47.70381
v 16 104.2046 48.44721
v 16.00001 104.0516 49.21701
v 16.00001 104 50.00001
v 16.00001 104.0516 50.78301
v 16.00001 104.2046 51.55281
v 16.00001 104.4566 52.29621
v 16.00001 104.804 53.00001
v 16.00001 105.2396 53.65281
v 16.00001 105.7574 54.24261
v 16.00001 106.3472 54.76041
v 16.00001 107 55.19601
v 16.00001 107.7038 55.54341
v 16.00001 108.4472 55.79541
v 16.00001 109.217 55.94841
v 16.00001 110 56.00001
v 16.00001 110.783 55.94841
v 16.00001 111.5528 55.79541
v 16 112.2962 55.5434
v 16 113 55.196
v 16 113.6528 54.7604
v 16 114.2426 54.2426
v 16 114.7604 53.6528
v 16 115.196 53
v 16 115.5434 52.2962
v 16 115.7954 51.5528
v 16 115.9484 50.783
v 16.00001 95.94842 49.21702
v 16.00001 96.00002 50.00002
v 20.00001 96.00002 50.00002
v 20.00001 95.94843 49.21701
v 16.00001 95.79542 48.44722
v 20.00001 95.79543 48.44721
v 16.00001 95.54342 47.70382
v 20.00001 95.54342 47.70382
v 16.00001 95.19601 47.00002
v 20.00001 95.19602 47.00002
v 16.00001 94.76041 46.34722
v 20.00001 94.76042 46.34721
v 16.00001 94.24261 45.75742
v 20.00001 94.24262 45.75742
v 16.00001 93.65282 45.23962
v 20.00001 93.65282 45.23962
v 16.00001 93.00002 44.80402
v 20.00001 93.00002 44.80402
v 16.00001 92.29621 44.45662
v 20.00001 92.29622 44.45662
v 16.00001 91.55281 44.20462
v 20.00001 91.55282 44.20462
v 16.00001 90.78301 44.05162
v 20.00001 90.78302 44.05162
v 16.00001 90.00002 44.00002
v 20.00001 90.00002 44.00002
v 16.00001 89.21701 44.05162
v 20.00001 89.21702 44.05162
v 16.00001 88.44721 44.20462
v 20.00002 88.44722 44.20462
v 16.00002 87.70381 44.45662
v 20.00002 87.70382 44.45662
v 16.00002 87.00002 44.80402
v 20.00002 87.00002 44.80402
v 16.00002 86.34721 45.23962
v 20.00002 86.34722 45.23962
v 16.00002 85.75742 45.75743
v 20.00002 85.75742 45.75742
v 16.00002 85.23962 46.34723
v 20.00002 85.23962 46.34722
v 16.00002 84.80402 47.00003
v 20.00002 84.80402 47.00002
v 16.00002 84.45662 47.70383
v 20.00002 84.45662 47.70382
v 16.00002 84.20461 48.44723
v 20.00002 84.20462 48.44722
v 16.00002 84.05161 49.21703
v 20.00002 84.05162 49.21703
v 16.00002 84.00002 50.00003
v 20.00002 84.00002 50.00002
v 16.00002 84.05162 50.78303
v 20.00002 84.05162 50.78302
v 16.00002 84.20462 51.55283
v 20.00002 84.20462 51.55283
v 16.00002 84.45662 52.29623
v 20.00003 84.45663 52.29622
v 16.00003 84.80402 53.00003
v 20.00003 84.80402 53.00002
v 16.00003 85.23962 53.65283
v 20.00003 85.23962 53.65282
v 16.00003 85.75742 54.24263
v 20.00003 85.75742 54.24262
v 16.00003 86.34722 54.76043
v 20.00003 86.34723 54.76042
v 16.00003 87.00002 55.19603
v 20.00003 87.00003 55.19602
v 16.00003 87.70383 55.54343
v 20.00003 87.70383 55.54342
v 16.00002 88.44722 55.79543
v 20.00003 88.44723 55.79542
v 16.00002 89.21703 55.94843
v 20.00002 89.21703 55.94842
v 16.00002 90.00002 56.00002
v 20.00002 90.00003 56.00002
v 16.00002 90.78303 55.94843
v 20.00002 90.78303 55.94842
v 16.00002 91.55283 55.79543
v 20.00002 91.55283 55.79542
v 16.00002 92.29623 55.54342
v 20.00002 92.29623 55.54342
v 16.00002 93.00002 55.19602
v 20.00002 93.00003 55.19602
v 16.00002 93.65282 54.76042
v 20.00002 93.65282 54.76042
v 16.00002 94.24262 54.24262
v 20.00002 94.24263 54.24261
v 16.00002 94.76042 53.65282
v 20.00002 94.76043 53.65282
v 16.00002 95.19602 53.00002
v 20.00002 95.19603 53.00002
v 16.00002 95.54342 52.29622
v 20.00002 95.54343 52.29622
v 16.00002 95.79542 51.55282
v 20.00002 95.79543 51.55281
v 16.00001 95.94842 50.78302
v 20.00002 95.94843 50.78301
v 16.00001 95.94842 49.21702
v 16.00001 96.00002 50.00002
v 16.00002 90.00002 50.00002
v 16.00001 95.79542 48.44722
v 16.00001 95.54342 47.70382
v 16.00001 95.19601 47.00002
v 16.00001 94.76041 46.34722
v 16.00001 94.24261 45.75742
v 16.00001 93.65282 45.23962
v 16.00001 93.00002 44.80402
v 16.00001 92.29621 44.45662
v 16.00001 91.55281 44.20462
v 16.00001 90.78301 44.05162
v 16.00001 90.00002 44.00002
v 16.00001 89.21701 44.05162
v 16.00001 88.44721 44.20462
v 16.00002 87.70381 44.45662
v 16.00002 87.00002 44.80402
v 16.00002 86.34721 45.23962
v 16.00002 85.75742 45.75743
v 16.00002 85.23962 46.34723
v 16.00002 84.80402 47.00003
v 16.00002 84.45662 47.70383
v 16.00002 84.20461 48.44723
v 16.00002 84.05161 49.21703
v 16.00002 84.00002 50.00003
v 16.00002 84.05162 50.78303
v 16.00002 84.20462 51.55283
v 16.00002 84.45662 52.29623
v 16.00003 84.80402 53.00003
v 16.00003 85.23962 53.65283
v 16.00003 85.75742 54.24263
v 16.00003 86.34722 54.76043
v 16.00003 87.00002 55.19603
v 16.00003 87.70383 55.54343
v 16.00002 88.44722 55.79543
v 16.00002 89.21703 55.94843
v 16.00002 90.00002 56.00002
v 16.00002 90.78303 55.94843
v 16.00002 91.55283 55.79543
v 16.00002 92.29623 55.54342
v 16.00002 93.00002 55.19602
v 16.00002 93.65282 54.76042
v 16.00002 94.24262 54.24262
v 16.00002 94.76042 53.65282
v 16.00002 95.19602 53.00002
v 16.00002 95.54342 52.29622
v 16.00002 95.79542 51.55282
v 16.00001 95.94842 50.78302
v 16.00003 75.94842 49.21704
v 16.00003 76.00002 50.00003
v 20.00003 76.00002 50.00003
v 20.00003 75.94842 49.21703
v 16.00003 75.79542 48.44724
v 20.00003 75.79542 48.44723
v 16.00003 75.54341 47.70383
v 20.00003 75.54342 47.70383
v 16.00003 75.19601 47.00003
v 20.00003 75.19601 47.00003
v 16.00003 74.76041 46.34724
v 20.00003 74.76041 46.34723
v 16.00003 74.24261 45.75743
v 20.00003 74.24261 45.75743
v 16.00003 73.65281 45.23964
v 20.00003 73.65282 45.23963
v 16.00003 73.00002 44.80404
v 20.00003 73.00002 44.80404
v 16.00003 72.29621 44.45664
v 20.00003 72.29622 44.45663
v 16.00003 71.55281 44.20464
v 20.00003 71.55282 44.20464
v 16.00003 70.78301 44.05164
v 20.00003 70.78302 44.05164
v 16.00003 70.00001 44.00004
v 20.00003 70.00002 44.00003
v 16.00003 69.21701 44.05164
v 20.00003 69.21702 44.05164
v 16.00003 68.44721 44.20464
v 20.00003 68.44722 44.20464
v 16.00003 67.70381 44.45664
v 20.00003 67.70382 44.45664
v 16.00003 67.00001 44.80404
v 20.00003 67.00002 44.80404
v 16.00003 66.34721 45.23964
v 20.00004 66.34721 45.23964
v 16.00004 65.75742 45.75744
v 20.00004 65.75742 45.75744
v 16.00004 65.23962 46.34724
v 20.00004 65.23962 46.34724
v 16.00004 64.80402 47.00005
v 20.00004 64.80402 47.00004
v 16.00004 64.45661 47.70385
v 20.00004 64.45662 47.70384
v 16.00004 64.20461 48.44725
v 20.00004 64.20462 48.44724
v 16.00004 64.05161 49.21704
v 20.00004 64.05162 49.21704
v 16.00004 64.00002 50.00005
v 20.00004 64.00002 50.00004
v 16.00004 64.05162 50.78305
v 20.00004 64.05162 50.78304
v 16.00004 64.20462 51.55285
v 20.00004 64.20462 51.55285
v 16.00004 64.45662 52.29625
v 20.00004 64.45662 52.29624
v 16.00004 64.80402 53.00005
v 20.00004 64.80402 53.00004
v 16.00004 65.23962 53.65285
v 20.00004 65.23962 53.65284
v 16.00004 65.75742 54.24265
v 20.00005 65.75742 54.24264
v 16.00004 66.34722 54.76044
v 20.00005 66.34722 54.76044
v 16.00004 67.00002 55.19604
v 20.00004 67.00002 55.19604
v 16.00004 67.70382 55.54345
v 20.00004 67.70383 55.54344
v 16.00004 68.44722 55.79544
v 20.00004 68.44723 55.79544
v 16.00004 69.21702 55.94844
v 20.00004 69.21703 55.94844
v 16.00004 70.00002 56.00004
v 20.00004 70.00002 56.00004
v 16.00004 70.78302 55.94844
v 20.00004 70.78303 55.94844
v 16.00004 71.55282 55.79544
v 20.00004 71.55283 55.79544
v 16.00004 72.29622 55.54344
v 20.00004 72.29623 55.54344
v 16.00004 73.00002 55.19604
v 20.00004 73.00002 55.19604
v 16.00004 73.65282 54.76044
v 20.00004 73.65282 54.76043
v 16.00004 74.24262 54.24264
v 20.00004 74.24262 54.24263
v 16.00004 74.76042 53.65284
v 20.00004 74.76042 53.65283
v 16.00003 75.19602 53.00004
v 20.00003 75.19602 53.00003
v 16.00003 75.54342 52.29624
v 20.00003 75.54343 52.29623
v 16.00003 75.79542 51.55284
v 20.00003 75.79543 51.55283
v 16.00003 75.94842 50.78304
v 20.00003 75.94843 50.78303
v 16.00003 75.94842 49.21704
v 16.00003 76.00002 50.00003
v 16.00004 70.00002 50.00004
v 16.00003 75.79542 48.44724
v 16.00003 75.54341 47.70383
v 16.00003 75.19601 47.00003
v 16.00003 74.76041 46.34724
v 16.00003 74.24261 45.75743
v 16.00003 73.65281 45.23964
v 16.00003 73.00002 44.80404
v 16.00003 72.29621 44.45664
v 16.00003 71.55281 44.20464
v 16.00003 70.78301 44.05164
v 16.00003 70.00001 44.00004
v 16.00003 69.21701 44.05164
v 16.00003 68.44721 44.20464
v 16.00003 67.70381 44.45664
v 16.00003 67.00001 44.80404
v 16.00003 66.34721 45.23964
v 16.00004 65.75742 45.75744
v 16.00004 65.23962 46.34724
v 16.00004 64.80402 47.00005
v 16.00004 64.45661 47.70385
v 16.00004 64.20461 48.44725
v 16.00004 64.05161 49.21704
v 16.00004 64.00002 50.00005
v 16.00004 64.05162 50.78305
v 16.00004 64.20462 51.55285
v 16.00004 64.45662 52.29625
v 16.00004 64.80402 53.00005
v 16.00004 65.23962 53.65285
v 16.00004 65.75742 54.24265
v 16.00004 66.34722 54.76044
v 16.00004 67.00002 55.19604
v 16.00004 67.70382 55.54345
v 16.00004 68.44722 55.79544
v 16.00004 69.21702 55.94844
v 16.00004 70.00002 56.00004
v 16.00004 70.78302 55.94844
v 16.00004 71.55282 55.79544
v 16.00004 72.29622 55.54344
v 16.00004 73.00002 55.19604
v 16.00004 73.65282 54.76044
v 16.00004 74.24262 54.24264
v 16.00004 74.76042 53.65284
v 16.00003 75.19602 53.00004
v 16.00003 75.54342 52.29624
v 16.00003 75.79542 51.55284
v 16.00003 75.94842 50.78304
v 16.00005 55.94841 49.21705
v 16.00005 56.00002 50.00005
v 20.00005 56.00002 50.00005
v 20.00005 55.94842 49.21705
v 16.00005 55.79541 48.44725
v 20.00005 55.79542 48.44725
v 16.00005 55.54341 47.70385
v 20.00005 55.54342 47.70385
v 16.00005 55.19601 47.00005
v 20.00005 55.19601 47.00005
v 16.00005 54.76041 46.34726
v 20.00005 54.76041 46.34725
v 16.00005 54.24261 45.75745
v 20.00005 54.24261 45.75745
v 16.00005 53.65281 45.23965
v 20.00005 53.65282 45.23965
v 16.00005 53.00001 44.80405
v 20.00005 53.00002 44.80405
v 16.00005 52.29621 44.45666
v 20.00005 52.29622 44.45665
v 16.00005 51.55281 44.20466
v 20.00005 51.55281 44.20465
v 16.00005 50.78301 44.05166
v 20.00005 50.78301 44.05165
v 16.00005 50.00001 44.00006
v 20.00005 50.00001 44.00005
v 16.00005 49.21701 44.05166
v 20.00005 49.21701 44.05165
v 16.00005 48.44721 44.20466
v 20.00005 48.44721 44.20465
v 16.00005 47.70381 44.45666
v 20.00005 47.70381 44.45666
v 16.00005 47.00001 44.80406
v 20.00005 47.00001 44.80406
v 16.00005 46.34721 45.23966
v 20.00005 46.34721 45.23966
v 16.00005 45.75741 45.75746
v 20.00005 45.75742 45.75746
v 16.00006 45.23961 46.34726
v 20.00006 45.23962 46.34726
v 16.00006 44.80401 47.00006
v 20.00006 44.80402 47.00006
v 16.00006 44.45661 47.70387
v 20.00006 44.45662 47.70386
v 16.00006 44.20461 48.44727
v 20.00006 44.20462 48.44726
v 16.00006 44.05161 49.21706
v 20.00006 44.05162 49.21706
v 16.00006 44.00001 50.00006
v 20.00006 44.00002 50.00006
v 16.00006 44.05162 50.78307
v 20.00006 44.05162 50.78306
v 16.00006 44.20462 51.55286
v 20.00006 44.20462 51.55286
v 16.00006 44.45662 52.29626
v 20.00006 44.45662 52.29626
v 16.00006 44.80402 53.00006
v 20.00006 44.80402 53.00006
v 16.00006 45.23962 53.65287
v 20.00006 45.23962 53.65286
v 16.00006 45.75742 54.24266
v 20.00006 45.75742 54.24266
v 16.00006 46.34722 54.76046
v 20.00006 46.34722 54.76046
v 16.00006 47.00002 55.19606
v 20.00006 47.00002 55.19606
v 16.00006 47.70382 55.54346
v 20.00006 47.70382 55.54346
v 16.00006 48.44722 55.79546
v 20.00006 48.44722 55.79546
v 16.00006 49.21702 55.94846
v 20.00006 49.21702 55.94846
v 16.00006 50.00002 56.00006
v 20.00006 50.00002 56.00006
v 16.00006 50.78302 55.94846
v 20.00006 50.78302 55.94846
v 16.00006 51.55282 55.79546
v 20.00006 51.55282 55.79546
v 16.00006 52.29622 55.54346
v 20.00006 52.29622 55.54345
v 16.00006 53.00002 55.19606
v 20.00006 53.00002 55.19605
v 16.00006 53.65282 54.76046
v 20.00006 53.65282 54.76045
v 16.00006 54.24262 54.24266
v 20.00006 54.24262 54.24265
v 16.00005 54.76042 53.65285
v 20.00005 54.76042 53.65285
v 16.00005 55.19601 53.00006
v 20.00005 55.19602 53.00005
v 16.00005 55.54342 52.29625
v 20.00005 55.54342 52.29625
v 16.00005 55.79541 51.55286
v 20.00005 55.79542 51.55285
v 16.00005 55.94841 50.78305
v 20.00005 55.94842 50.78305
v 16.00005 55.94841 49.21705
v 16.00005 56.00002 50.00005
v 16.00005 50.00002 50.00006
v 16.00005 55.79541 48.44725
v 16.00005 55.54341 47.70385
v 16.00005 55.19601 47.00005
v 16.00005 54.76041 46.34726
v 16.00005 54.24261 45.75745
v 16.00005 53.65281 45.23965
v 16.00005 53.00001 44.80405
v 16.00005 52.29621 44.45666
v 16.00005 51.55281 44.20466
v 16.00005 50.78301 44.05166
v 16.00005 50.00001 44.00006
v 16.00005 49.21701 44.05166
v 16.00005 48.44721 44.20466
v 16.00005 47.70381 44.45666
v 16.00005 47.00001 44.80406
v 16.00005 46.34721 45.23966
v 16.00005 45.75741 45.75746
v 16.00006 45.23961 46.34726
v 16.00006 44.80401 47.00006
v 16.00006 44.45661 47.70387
v 16.00006 44.20461 48.44727
v 16.00006 44.05161 49.21706
v 16.00006 44.00001 50.00006
v 16.00006 44.05162 50.78307
v 16.00006 44.20462 51.55286
v 16.00006 44.45662 52.29626
v 16.00006 44.80402 53.00006
v 16.00006 45.23962 53.65287
v 16.00006 45.75742 54.24266
v 16.00006 46.34722 54.76046
v 16.00006 47.00002 55.19606
v 16.00006 47.70382 55.54346
v 16.00006 48.44722 55.79546
v 16.00006 49.21702 55.94846
v 16.00006 50.00002 56.00006
v 16.00006 50.78302 55.94846
v 16.00006 51.55282 55.79546
v 16.00006 52.29622 55.54346
v 16.00006 53.00002 55.19606
v 16.00006 53.65282 54.76046
v 16.00006 54.24262 54.24266
v 16.00005 54.76042 53.65285
v 16.00005 55.19601 53.00006
v 16.00005 55.54342 52.29625
v 16.00005 55.79541 51.55286
v 16.00005 55.94841 50.78305
v 16.00007 35.94841 49.21707
v 16.00007 36.00001 50.00007
v 20.00007 36.00002 50.00007
v 20.00007 35.94842 49.21707
v 16.00006 35.79541 48.44727
v 20.00007 35.79542 48.44727
v 16.00006 35.54341 47.70387
v 20.00006 35.54341 47.70387
v 16.00006 35.19601 47.00007
v 20.00006 35.19601 47.00007
v 16.00006 34.76041 46.34727
v 20.00006 34.76041 46.34727
v 16.00006 34.24261 45.75747
v 20.00006 34.24261 45.75747
v 16.00006 33.65281 45.23967
v 20.00006 33.65281 45.23967
v 16.00006 33.00001 44.80407
v 20.00006 33.00001 44.80407
v 16.00006 32.29621 44.45668
v 20.00006 32.29622 44.45667
v 16.00006 31.55281 44.20467
v 20.00006 31.55281 44.20467
v 16.00006 30.783 44.05167
v 20.00007 30.78301 44.05167
v 16.00007 30.00001 44.00008
v 20.00007 30.00001 44.00007
v 16.00007 29.21701 44.05168
v 20.00007 29.21701 44.05167
v 16.00007 28.4472 44.20468
v 20.00007 28.44721 44.20467
v 16.00007 27.7038 44.45668
v 20.00007 27.70381 44.45668
v 16.00007 27.00001 44.80408
v 20.00007 27.00001 44.80408
v 16.00007 26.3472 45.23968
v 20.00007 26.34721 45.23968
v 16.00007 25.75741 45.75748
v 20.00007 25.75741 45.75748
v 16.00007 25.23961 46.34728
v 20.00007 25.23961 46.34728
v 16.00007 24.80401 47.00008
v 20.00007 24.80401 47.00008
v 16.00007 24.45661 47.70388
v 20.00007 24.45662 47.70388
v 16.00008 24.20461 48.44728
v 20.00008 24.20461 48.44728
v 16.00008 24.05161 49.21708
v 20.00008 24.05161 49.21708
v 16.00008 24.00001 50.00008
v 20.00008 24.00002 50.00008
v 16.00008 24.05161 50.78308
v 20.00008 24.05161 50.78308
v 16.00008 24.20461 51.55288
v 20.00008 24.20461 51.55288
v 16.00008 24.45662 52.29628
v 20.00008 24.45662 52.29628
v 16.00008 24.80401 53.00008
v 20.00008 24.80402 53.00008
v 16.00008 25.23961 53.65288
v 20.00008 25.23962 53.65288
v 16.00008 25.75742 54.24268
v 20.00008 25.75742 54.24268
v 16.00008 26.34721 54.76048
v 20.00008 26.34722 54.76048
v 16.00008 27.00002 55.19608
v 20.00008 27.00002 55.19608
v 16.00008 27.70381 55.54348
v 20.00008 27.70382 55.54348
v 16.00008 28.44721 55.79548
v 20.00008 28.44722 55.79548
v 16.00008 29.21702 55.94848
v 20.00008 29.21702 55.94847
v 16.00008 30.00002 56.00008
v 20.00008 30.00002 56.00008
v 16.00008 30.78301 55.94848
v 20.00008 30.78302 55.94847
v 16.00008 31.55282 55.79548
v 20.00008 31.55282 55.79548
v 16.00008 32.29622 55.54348
v 20.00008 32.29623 55.54347
v 16.00007 33.00002 55.19608
v 20.00007 33.00002 55.19607
v 16.00007 33.65282 54.76048
v 20.00007 33.65282 54.76047
v 16.00007 34.24261 54.24268
v 20.00007 34.24262 54.24267
v 16.00007 34.76041 53.65287
v 20.00007 34.76042 53.65287
v 16.00007 35.19601 53.00007
v 20.00007 35.19602 53.00007
v 16.00007 35.54341 52.29627
v 20.00007 35.54342 52.29627
v 16.00007 35.79542 51.55287
v 20.00007 35.79542 51.55287
v 16.00007 35.94841 50.78307
v 20.00007 35.94842 50.78307
v 16.00007 35.94841 49.21707
v 16.00007 36.00001 50.00007
v 16.00007 30.00001 50.00008
v 16.00006 35.79541 48.44727
v 16.00006 35.54341 47.70387
v 16.00006 35.19601 47.00007
v 16.00006 34.76041 46.34727
v 16.00006 34.24261 45.75747
v 16.00006 33.65281 45.23967
v 16.00006 33.00001 44.80407
v 16.00006 32.29621 44.45668
v 16.00006 31.55281 44.20467
v 16.00006 30.783 44.05167
v 16.00007 30.00001 44.00008
v 16.00007 29.21701 44.05168
v 16.00007 28.4472 44.20468
v 16.00007 27.7038 44.45668
v 16.00007 27.00001 44.80408
v 16.00007 26.3472 45.23968
v 16.00007 25.75741 45.75748
v 16.00007 25.23961 46.34728
v 16.00007 24.80401 47.00008
v 16.00007 24.45661 47.70388
v 16.00008 24.20461 48.44728
v 16.00008 24.05161 49.21708
v 16.00008 24.00001 50.00008
v 16.00008 24.05161 50.78308
v 16.00008 24.20461 51.55288
v 16.00008 24.45662 52.29628
v 16.00008 24.80401 53.00008
v 16.00008 25.23961 53.65288
v 16.00008 25.75742 54.24268
v 16.00008 26.34721 54.76048
v 16.00008 27.00002 55.19608
v 16.00008 27.70381 55.54348
v 16.00008 28.44721 55.79548
v 16.00008 29.21702 55.94848
v 16.00008 30.00002 56.00008
v 16.00008 30.78301 55.94848
v 16.00008 31.55282 55.79548
v 16.00008 32.29622 55.54348
v 16.00007 33.00002 55.19608
v 16.00007 33.65282 54.76048
v 16.00007 34.24261 54.24268
v 16.00007 34.76041 53.65287
v 16.00007 35.19601 53.00007
v 16.00007 35.54341 52.29627
v 16.00007 35.79542 51.55287
v 16.00007 35.94841 50.78307
v 16.00008 15.94841 49.21709
v 16.00008 16.00001 50.00009
v 20.00009 16.00002 50.00009
v 20.00008 15.94842 49.21709
v 16.00008 15.79541 48.44729
v 20.00008 15.79542 48.44728
v 16.00008 15.5434 47.70389
v 20.00008 15.54341 47.70389
v 16.00008 15.19601 47.00009
v 20.00008 15.19601 47.00009
v 16.00008 14.7604 46.34729
v 20.00008 14.76041 46.34729
v 16.00008 14.24261 45.75749
v 20.00008 14.24261 45.75749
v 16.00008 13.65281 45.23969
v 20.00008 13.65281 45.23969
v 16.00008 13 44.80409
v 20.00008 13.00001 44.80409
v 16.00008 12.29621 44.45669
v 20.00008 12.29621 44.45669
v 16.00008 11.55281 44.20469
v 20.00008 11.55281 44.20469
v 16.00008 10.783 44.05169
v 20.00008 10.78301 44.05169
v 16.00008 10 44.0001
v 20.00008 10.00001 44.00009
v 16.00008 9.217007 44.0517
v 20.00009 9.217011 44.05169
v 16.00009 8.447201 44.2047
v 20.00009 8.447206 44.20469
v 16.00009 7.7038 44.4567
v 20.00009 7.703804 44.45669
v 16.00009 7.000004 44.8041
v 20.00009 7.000009 44.80409
v 16.00009 6.347203 45.2397
v 20.00009 6.347208 45.23969
v 16.00009 5.757405 45.7575
v 20.00009 5.75741 45.7575
v 16.00009 5.239606 46.3473
v 20.00009 5.239611 46.34729
v 16.00009 4.804007 47.0001
v 20.00009 4.804011 47.0001
v 16.00009 4.45661 47.7039
v 20.00009 4.456615 47.7039
v 16.00009 4.204604 48.4473
v 20.00009 4.204609 48.4473
v 16.0001 4.051605 49.2171
v 20.0001 4.05161 49.2171
v 16.0001 4.000008 50.0001
v 20.0001 4.000013 50.0001
v 16.0001 4.051607 50.7831
v 20.0001 4.051611 50.7831
v 16.0001 4.204607 51.5529
v 20.0001 4.204612 51.5529
v 16.0001 4.456614 52.2963
v 20.0001 4.456619 52.2963
v 16.0001 4.804012 53.0001
v 20.0001 4.804017 53.0001
v 16.0001 5.239613 53.6529
v 20.0001 5.239617 53.6529
v 16.0001 5.757413 54.2427
v 20.0001 5.757418 54.24269
v 16.0001 6.347211 54.7605
v 20.0001 6.347216 54.7605
v 16.0001 7.000013 55.1961
v 20.0001 7.000018 55.19609
v 16.0001 7.70381 55.5435
v 20.0001 7.703815 55.5435
v 16.0001 8.447211 55.7955
v 20.0001 8.447216 55.79549
v 16.0001 9.217017 55.9485
v 20.0001 9.217022 55.94849
v 16.0001 10.00001 56.0001
v 20.0001 10.00002 56.0001
v 16.0001 10.78301 55.9485
v 20.0001 10.78302 55.94849
v 16.00009 11.55282 55.7955
v 20.0001 11.55282 55.79549
v 16.00009 12.29622 55.5435
v 20.00009 12.29622 55.54349
v 16.00009 13.00001 55.19609
v 20.00009 13.00002 55.19609
v 16.00009 13.65281 54.76049
v 20.00009 13.65282 54.76049
v 16.00009 14.24261 54.24269
v 20.00009 14.24262 54.24269
v 16.00009 14.76041 53.65289
v 20.00009 14.76042 53.65289
v 16.00009 15.19601 53.00009
v 20.00009 15.19602 53.00009
v 16.00009 15.54341 52.29629
v 20.00009 15.54341 52.29629
v 16.00009 15.79541 51.55289
v 20.00009 15.79542 51.55289
v 16.00009 15.94841 50.78309
v 20.00009 15.94842 50.78309
v 16.00008 15.94841 49.21709
v 16.00008 16.00001 50.00009
v 16.00009 10.00001 50.0001
v 16.00008 15.79541 48.44729
v 16.00008 15.5434 47.70389
v 16.00008 15.19601 47.00009
v 16.00008 14.7604 46.34729
v 16.00008 14.24261 45.75749
v 16.00008 13.65281 45.23969
v 16.00008 13 44.80409
v 16.00008 12.29621 44.45669
v 16.00008 11.55281 44.20469
v 16.00008 10.783 44.05169
v 16.00008 10 44.0001
v 16.00008 9.217007 44.0517
v 16.00009 8.447201 44.2047
v 16.00009 7.7038 44.4567
v 16.00009 7.000004 44.8041
v 16.00009 6.347203 45.2397
v 16.00009 5.757405 45.7575
v 16.00009 5.239606 46.3473
v 16.00009 4.804007 47.0001
v 16.00009 4.45661 47.7039
v 16.00009 4.204604 48.4473
v 16.0001 4.051605 49.2171
v 16.0001 4.000008 50.0001
v 16.0001 4.051607 50.7831
v 16.0001 4.204607 51.5529
v 16.0001 4.456614 52.2963
v 16.0001 4.804012 53.0001
v 16.0001 5.239613 53.6529
v 16.0001 5.757413 54.2427
v 16.0001 6.347211 54.7605
v 16.0001 7.000013 55.1961
v 16.0001 7.70381 55.5435
v 16.0001 8.447211 55.7955
v 16.0001 9.217017 55.9485
v 16.0001 10.00001 56.0001
v 16.0001 10.78301 55.9485
v 16.00009 11.55282 55.7955
v 16.00009 12.29622 55.5435
v 16.00009 13.00001 55.19609
v 16.00009 13.65281 54.76049
v 16.00009 14.24261 54.24269
v 16.00009 14.76041 53.65289
v 16.00009 15.19601 53.00009
v 16.00009 15.54341 52.29629
v 16.00009 15.79541 51.55289
v 16.00009 15.94841 50.78309
vn 9.97768E-07 -0.9940387 0.109029
vn 8.718935E-07 -0.9997589 -0.02195957
vn 9.158145E-07 -0.9997589 0.02196139
vn 1.035829E-06 -0.9883541 0.1521721
vn 1.105933E-06 -0.9714049 0.2374298
vn 1.13797E-06 -0.9601327 0.2795452
vn 1.195605E-06 -0.9320749 0.362266
vn 1.221172E-06 -0.9152583 0.402868
vn 1.264847E-06 -0.8767229 0.4809962
vn 1.283019E-06 -0.8550504 0.518545
vn 1.312255E-06 -0.8065994 0.5910989
vn 1.323234E-06 -0.7797713 0.6260648
vn 1.337373E-06 -0.7222592 0.6916227
vn 1.340618E-06 -0.6916228 0.7222591
vn 1.339517E-06 -0.626064 0.7797719
vn 1.335083E-06 -0.5910972 0.8066006
vn 1.318666E-06 -0.5185444 0.8550508
vn 1.306768E-06 -0.4809974 0.8767222
vn 1.27545E-06 -0.4028671 0.9152587
vn 1.255964E-06 -0.3622611 0.9320768
vn 1.210062E-06 -0.2795378 0.9601349
vn 1.183681E-06 -0.2374243 0.9714064
vn 1.124406E-06 -0.1521707 0.9883544
vn 1.091519E-06 -0.1090292 0.9940388
vn 1.019394E-06 -0.02196066 0.9997591
vn 9.80124E-07 0.02196248 0.9997591
vn 8.965583E-07 0.109031 0.9940385
vn 8.523024E-07 0.1521725 0.9883542
vn 7.591316E-07 0.2374261 0.9714059
vn 7.102077E-07 0.2795395 0.9601344
vn 6.081892E-07 0.3622628 0.9320762
vn 5.550664E-07 0.4028688 0.9152579
vn 4.46676E-07 0.480999 0.8767213
vn 3.91435E-07 0.518546 0.8550498
vn 2.781174E-07 0.5910987 0.8065995
vn 2.20026E-07 0.6260654 0.7797708
vn 1.038991E-07 0.6916241 0.7222579
vn 4.587159E-08 0.7222605 0.6916214
vn -7.110611E-08 0.7797724 0.6260634
vn -1.300583E-07 0.8066005 0.5910974
vn -2.459307E-07 0.8550514 0.5185435
vn -3.028562E-07 0.8767238 0.4809946
vn -4.154377E-07 0.915259 0.4028663
vn -4.710749E-07 0.9320756 0.3622643
vn -5.788812E-07 0.9601331 0.2795435
vn -6.310748E-07 0.9714053 0.237428
vn -7.314862E-07 0.9883544 0.1521703
vn -7.797117E-07 0.9940389 0.1090272
vn -8.718935E-07 0.9997589 0.02195957
vn -9.158145E-07 0.9997589 -0.02196139
vn -9.97768E-07 0.9940387 -0.109029
vn -1.035829E-06 0.9883541 -0.1521721
vn -1.105933E-06 0.9714049 -0.2374298
vn -1.13797E-06 0.9601327 -0.2795452
vn -1.195605E-06 0.9320749 -0.362266
vn -1.221172E-06 0.9152583 -0.402868
vn -1.264847E-06 0.8767229 -0.4809962
vn -1.283019E-06 0.8550504 -0.518545
vn -1.312255E-06 0.8065994 -0.5910989
vn -1.323234E-06 0.7797713 -0.6260648
vn -1.337373E-06 0.7222592 -0.6916227
vn -1.340618E-06 0.6916228 -0.7222591
vn -1.339517E-06 0.626064 -0.7797719
vn -1.335083E-06 0.5910972 -0.8066006
vn -1.318666E-06 0.5185444 -0.8550508
vn -1.306768E-06 0.4809974 -0.8767222
vn -1.27545E-06 0.4028671 -0.9152587
vn -1.255964E-06 0.3622611 -0.9320768
vn -1.210062E-06 0.2795378 -0.9601349
vn -1.183681E-06 0.2374243 -0.9714064
vn -1.124406E-06 0.1521707 -0.9883544
vn -1.091519E-06 0.1090292 -0.9940388
vn -1.019394E-06 0.02196066 -0.9997591
vn -9.80124E-07 -0.02196248 -0.9997591
vn -8.965583E-07 -0.109031 -0.9940385
vn -8.523024E-07 -0.1521725 -0.9883542
vn -7.591316E-07 -0.2374261 -0.9714059
vn -7.102077E-07 -0.2795395 -0.9601344
vn -6.081892E-07 -0.3622628 -0.9320762
vn -5.550664E-07 -0.4028688 -0.9152579
vn -4.46676E-07 -0.480999 -0.8767213
vn -3.91435E-07 -0.518546 -0.8550498
vn -2.781174E-07 -0.5910987 -0.8065995
vn -2.20026E-07 -0.6260654 -0.7797708
vn -1.038991E-07 -0.6916241 -0.7222579
vn -4.587159E-08 -0.7222605 -0.6916214
vn 7.110611E-08 -0.7797724 -0.6260634
vn 1.300583E-07 -0.8066005 -0.5910974
vn 2.459307E-07 -0.8550514 -0.5185435
vn 3.028562E-07 -0.8767238 -0.4809946
vn 4.154377E-07 -0.915259 -0.4028663
vn 4.710749E-07 -0.9320756 -0.3622643
vn 5.788812E-07 -0.9601331 -0.2795435
vn 6.310748E-07 -0.9714053 -0.237428
vn 7.314862E-07 -0.9883544 -0.1521703
vn 7.797117E-07 -0.9940389 -0.1090272
vn -9.977693E-07 0.9940385 -0.1090306
vn -8.718919E-07 0.9997588 0.02196119
vn -9.15816E-07 0.9997588 -0.02196301
vn -1.035827E-06 0.9883544 -0.1521706
vn -1.10593E-06 0.9714057 -0.237426
vn -1.137968E-06 0.9601335 -0.2795423
vn -1.195604E-06 0.9320754 -0.3622646
vn -1.221172E-06 0.9152586 -0.4028673
vn -1.264847E-06 0.8767225 -0.4809968
vn -1.28302E-06 0.8550497 -0.5185462
vn -1.312255E-06 0.8065985 -0.5910999
vn -1.323235E-06 0.7797708 -0.6260653
vn -1.337373E-06 0.7222589 -0.6916231
vn -1.340618E-06 0.6916221 -0.7222598
vn -1.339517E-06 0.6260637 -0.7797722
vn -1.335083E-06 0.5910975 -0.8066003
vn -1.318666E-06 0.5185444 -0.855051
vn -1.306767E-06 0.4809965 -0.8767227
vn -1.27545E-06 0.4028658 -0.9152593
vn -1.255963E-06 0.3622599 -0.9320773
vn -1.210062E-06 0.279538 -0.9601347
vn -1.183682E-06 0.2374256 -0.9714061
vn -1.124407E-06 0.1521717 -0.9883543
vn -1.091519E-06 0.1090294 -0.9940388
vn -1.019394E-06 0.02196061 -0.9997591
vn -9.801241E-07 -0.02196243 -0.9997591
vn -8.96558E-07 -0.1090312 -0.9940385
vn -8.523014E-07 -0.1521735 -0.988354
vn -7.591302E-07 -0.2374273 -0.9714056
vn -7.102074E-07 -0.2795397 -0.9601343
vn -6.081908E-07 -0.3622616 -0.9320766
vn -5.550683E-07 -0.4028674 -0.9152585
vn -4.466773E-07 -0.4809981 -0.8767218
vn -3.914351E-07 -0.518546 -0.85505
vn -2.781169E-07 -0.591099 -0.8065993
vn -2.200265E-07 -0.6260651 -0.7797711
vn -1.039003E-07 -0.6916234 -0.7222585
vn -4.587221E-08 -0.7222602 -0.6916218
vn 7.110521E-08 -0.7797719 -0.6260639
vn 1.300564E-07 -0.8065996 -0.5910984
vn 2.459288E-07 -0.8550506 -0.5185447
vn 3.028553E-07 -0.8767233 -0.4809951
vn 4.154386E-07 -0.9152592 -0.4028656
vn 4.710768E-07 -0.9320761 -0.3622629
vn 5.78885E-07 -0.960134 -0.2795405
vn 6.310794E-07 -0.9714062 -0.2374242
vn 7.31488E-07 -0.9883546 -0.1521688
vn 7.797099E-07 -0.9940387 -0.1090288
vn 8.718919E-07 -0.9997588 -0.02196119
vn 9.15816E-07 -0.9997588 0.02196301
vn 9.977693E-07 -0.9940385 0.1090306
vn 1.035827E-06 -0.9883544 0.1521706
vn 1.10593E-06 -0.9714057 0.237426
vn 1.137968E-06 -0.9601335 0.2795423
vn 1.195604E-06 -0.9320754 0.3622646
vn 1.221172E-06 -0.9152586 0.4028673
vn 1.264847E-06 -0.8767225 0.4809968
vn 1.28302E-06 -0.8550497 0.5185462
vn 1.312255E-06 -0.8065985 0.5910999
vn 1.323235E-06 -0.7797708 0.6260653
vn 1.337373E-06 -0.7222589 0.6916231
vn 1.340618E-06 -0.6916221 0.7222598
vn 1.339517E-06 -0.6260637 0.7797722
vn 1.335083E-06 -0.5910975 0.8066003
vn 1.318666E-06 -0.5185444 0.855051
vn 1.306767E-06 -0.4809965 0.8767227
vn 1.27545E-06 -0.4028658 0.9152593
vn 1.255963E-06 -0.3622599 0.9320773
vn 1.210062E-06 -0.279538 0.9601347
vn 1.183682E-06 -0.2374256 0.9714061
vn 1.124407E-06 -0.1521717 0.9883543
vn 1.091519E-06 -0.1090294 0.9940388
vn 1.019394E-06 -0.02196061 0.9997591
vn 9.801241E-07 0.02196243 0.9997591
vn 8.96558E-07 0.1090312 0.9940385
vn 8.523014E-07 0.1521735 0.988354
vn 7.591302E-07 0.2374273 0.9714056
vn 7.102074E-07 0.2795397 0.9601343
vn 6.081908E-07 0.3622616 0.9320766
vn 5.550683E-07 0.4028674 0.9152585
vn 4.466773E-07 0.4809981 0.8767218
vn 3.914351E-07 0.518546 0.85505
vn 2.781169E-07 0.591099 0.8065993
vn 2.200265E-07 0.6260651 0.7797711
vn 1.039003E-07 0.6916234 0.7222585
vn 4.587221E-08 0.7222602 0.6916218
vn -7.110521E-08 0.7797719 0.6260639
vn -1.300564E-07 0.8065996 0.5910984
vn -2.459288E-07 0.8550506 0.5185447
vn -3.028553E-07 0.8767233 0.4809951
vn -4.154386E-07 0.9152592 0.4028656
vn -4.710768E-07 0.9320761 0.3622629
vn -5.78885E-07 0.960134 0.2795405
vn -6.310794E-07 0.9714062 0.2374242
vn -7.31488E-07 0.9883546 0.1521688
vn -7.797099E-07 0.9940387 0.1090288
vn 1 1.192093E-06 -1.000001E-06
vn 1 1.192093E-06 -1.000001E-06
vn 1 1.192093E-06 -1.000001E-06
vn 1 1.192093E-06 -1.000001E-06
vn 1 1.192093E-06 -1.000001E-06
vn 1 1.192093E-06 -1.000001E-06
vn 1 1.192093E-06 -1.000001E-06
vn 1 1.192093E-06 -1.000001E-06
vn 1 1.192093E-06 -1.000001E-06
vn 1 1.192093E-06 -1.000001E-06
vn 1 1.192093E-06 -1.000001E-06
vn 1 1.192093E-06 -1.000001E-06
vn 1 1.192093E-06 -1.000001E-06
vn 1 1.192093E-06 -1.000001E-06
vn 1 1.192093E-06 -1.000001E-06
vn 1 1.192093E-06 -1.000001E-06
vn 1 1.192093E-06 -1.000001E-06
vn 1 1.192093E-06 -1.000001E-06
vn 1 1.192093E-06 -1.000001E-06
vn 1 1.192093E-06 -1.000001E-06
vn 1 1.192093E-06 -1.000001E-06
vn 1 1.192093E-06 -1.000001E-06
vn 1 1.192093E-06 -1.000001E-06
vn 1 1.192093E-06 -1.000001E-06
vn 1 1.192093E-06 -1.000001E-06
vn 1 1.192093E-06 -1.000001E-06
vn 1 1.192093E-06 -1.000001E-06
vn 1 1.192093E-06 -1.000001E-06
vn 1 1.192093E-06 -1.000001E-06
vn 1 1.192093E-06 -1.000001E-06
vn 1 1.192093E-06 -1.000001E-06
vn 1 1.192093E-06 -1.000001E-06
vn 1 1.192093E-06 -1.000001E-06
vn 1 1.192093E-06 -1.000001E-06
vn 1 1.192093E-06 -1.000001E-06
vn 1 1.192093E-06 -1.000001E-06
vn 1 1.192093E-06 -1.000001E-06
vn 1 1.192093E-06 -1.000001E-06
vn 1 1.192093E-06 -1.000001E-06
vn 1 1.192093E-06 -1.000001E-06
vn 1 1.192093E-06 -1.000001E-06
vn 1 1.192093E-06 -1.000001E-06
vn 1 1.192093E-06 -1.000001E-06
vn 1 1.192093E-06 -1.000001E-06
vn 1 1.192093E-06 -1.000001E-06
vn 1 1.192093E-06 -1.000001E-06
vn 1 1.192093E-06 -1.000001E-06
vn 1 1.192093E-06 -1.000001E-06
vn 1 1.192093E-06 -1.000001E-06
vn 1 1.192093E-06 -1.000001E-06
vn 1 1.192093E-06 -1.000001E-06
vn 1 1.192093E-06 -1.000001E-06
vn 1 1.192093E-06 -1.000001E-06
vn 1 1.192093E-06 -1.000001E-06
vn 1 1.192093E-06 -1.000001E-06
vn 1 1.192093E-06 -1.000001E-06
vn 1 1.192093E-06 -1.000001E-06
vn 1 1.192093E-06 -1.000001E-06
vn 1 1.192093E-06 -1.000001E-06
vn 1 1.192093E-06 -1.000001E-06
vn 1 1.192093E-06 -1.000001E-06
vn 1 1.192093E-06 -1.000001E-06
vn 1 1.192093E-06 -1.000001E-06
vn 1 1.192093E-06 -1.000001E-06
vn 1 1.192093E-06 -1.000001E-06
vn 1 1.192093E-06 -1.000001E-06
vn 1 1.192093E-06 -1.000001E-06
vn 1 1.192093E-06 -1.000001E-06
vn 1 1.192093E-06 -1.000001E-06
vn 1 1.192093E-06 -1.000001E-06
vn 1 1.192093E-06 -1.000001E-06
vn 1 1.192093E-06 -1.000001E-06
vn 1 1.192093E-06 -1.000001E-06
vn 1 1.192093E-06 -1.000001E-06
vn 1 1.192093E-06 -1.000001E-06
vn 1 1.192093E-06 -1.000001E-06
vn 1 1.192093E-06 -1.000001E-06
vn 1 1.192093E-06 -1.000001E-06
vn 1 1.192093E-06 -1.000001E-06
vn 1 1.192093E-06 -1.000001E-06
vn 1 1.192093E-06 -1.000001E-06
vn 1 1.192093E-06 -1.000001E-06
vn 1 1.192093E-06 -1.000001E-06
vn 1 1.192093E-06 -1.000001E-06
vn 1 1.192093E-06 -1.000001E-06
vn 1 1.192093E-06 -1.000001E-06
vn 1 1.192093E-06 -1.000001E-06
vn 1 1.192093E-06 -1.000001E-06
vn 1 1.192093E-06 -1.000001E-06
vn 1 1.192093E-06 -1.000001E-06
vn 1 1.192093E-06 -1.000001E-06
vn 1 1.192093E-06 -1.000001E-06
vn 1 1.192093E-06 -1.000001E-06
vn 1 1.192093E-06 -1.000001E-06
vn 1 1.192093E-06 -1.000001E-06
vn 1 1.192093E-06 -1.000001E-06
vn 9.97768E-07 -0.9940387 0.109029
vn 8.718935E-07 -0.9997589 -0.02195957
vn 9.158145E-07 -0.9997589 0.02196139
vn 1.035829E-06 -0.9883541 0.1521721
vn 1.105933E-06 -0.9714049 0.2374298
vn 1.13797E-06 -0.9601327 0.2795452
vn 1.195605E-06 -0.9320749 0.362266
vn 1.221172E-06 -0.9152583 0.402868
vn 1.264847E-06 -0.8767229 0.4809962
vn 1.283019E-06 -0.8550504 0.518545
vn 1.312255E-06 -0.8065994 0.5910989
vn 1.323234E-06 -0.7797713 0.6260648
vn 1.337373E-06 -0.7222592 0.6916227
vn 1.340618E-06 -0.6916228 0.7222591
vn 1.339517E-06 -0.626064 0.7797719
vn 1.335083E-06 -0.5910972 0.8066006
vn 1.318666E-06 -0.5185438 0.8550513
vn 1.306767E-06 -0.480996 0.8767231
vn 1.27545E-06 -0.4028659 0.9152592
vn 1.255964E-06 -0.3622606 0.9320771
vn 1.210062E-06 -0.2795387 0.9601347
vn 1.183682E-06 -0.2374258 0.971406
vn 1.124407E-06 -0.1521715 0.9883543
vn 1.091519E-06 -0.1090292 0.9940388
vn 1.019394E-06 -0.02196055 0.999759
vn 9.80124E-07 0.02196237 0.999759
vn 8.965583E-07 0.109031 0.9940385
vn 8.523016E-07 0.1521733 0.9883541
vn 7.591299E-07 0.2374276 0.9714055
vn 7.102068E-07 0.2795404 0.9601343
vn 6.081899E-07 0.3622623 0.9320764
vn 5.550681E-07 0.4028676 0.9152585
vn 4.466781E-07 0.4809977 0.8767222
vn 3.914361E-07 0.5185453 0.8550504
vn 2.781174E-07 0.5910987 0.8065995
vn 2.20026E-07 0.6260654 0.7797708
vn 1.038991E-07 0.6916241 0.7222579
vn 4.587159E-08 0.7222605 0.6916214
vn -7.110611E-08 0.7797724 0.6260634
vn -1.300583E-07 0.8066005 0.5910974
vn -2.459288E-07 0.8550507 0.5185447
vn -3.028525E-07 0.8767224 0.4809971
vn -4.154377E-07 0.915259 0.4028663
vn -4.710806E-07 0.9320772 0.3622601
vn -5.788888E-07 0.9601349 0.2795375
vn -6.310785E-07 0.9714061 0.237425
vn -7.314845E-07 0.9883542 0.1521719
vn -7.797082E-07 0.9940386 0.1090304
vn -8.718919E-07 0.9997589 0.02196119
vn -9.158161E-07 0.9997589 -0.02196302
vn -9.977708E-07 0.9940383 -0.1090322
vn -1.03583E-06 0.9883539 -0.1521737
vn -1.10593E-06 0.9714056 -0.2374267
vn -1.137966E-06 0.9601344 -0.2795393
vn -1.195603E-06 0.9320766 -0.3622618
vn -1.221172E-06 0.9152583 -0.402868
vn -1.264848E-06 0.8767215 -0.4809987
vn -1.28302E-06 0.8550497 -0.5185462
vn -1.312255E-06 0.8065994 -0.5910989
vn -1.323234E-06 0.7797713 -0.6260648
vn -1.337373E-06 0.7222592 -0.6916227
vn -1.340618E-06 0.6916228 -0.7222591
vn -1.339517E-06 0.626064 -0.7797719
vn -1.335083E-06 0.5910972 -0.8066006
vn -1.318666E-06 0.5185438 -0.8550513
vn -1.306767E-06 0.480996 -0.8767231
vn -1.27545E-06 0.4028659 -0.9152592
vn -1.255964E-06 0.3622606 -0.9320771
vn -1.210062E-06 0.2795387 -0.9601347
vn -1.183682E-06 0.2374258 -0.971406
vn -1.124407E-06 0.1521715 -0.9883543
vn -1.091519E-06 0.1090292 -0.9940388
vn -1.019394E-06 0.02196055 -0.999759
vn -9.80124E-07 -0.02196237 -0.999759
vn -8.965583E-07 -0.109031 -0.9940385
vn -8.523016E-07 -0.1521733 -0.9883541
vn -7.591299E-07 -0.2374276 -0.9714055
vn -7.102068E-07 -0.2795404 -0.9601343
vn -6.081899E-07 -0.3622623 -0.9320764
vn -5.550681E-07 -0.4028676 -0.9152585
vn -4.466781E-07 -0.4809977 -0.8767222
vn -3.914361E-07 -0.5185453 -0.8550504
vn -2.781174E-07 -0.5910987 -0.8065995
vn -2.20026E-07 -0.6260654 -0.7797708
vn -1.038991E-07 -0.6916241 -0.7222579
vn -4.587159E-08 -0.7222605 -0.6916214
vn 7.110611E-08 -0.7797724 -0.6260634
vn 1.300583E-07 -0.8066005 -0.5910974
vn 2.459307E-07 -0.8550514 -0.5185435
vn 3.028562E-07 -0.8767238 -0.4809946
vn 4.154377E-07 -0.915259 -0.4028663
vn 4.710749E-07 -0.9320756 -0.3622643
vn 5.788812E-07 -0.9601331 -0.2795435
vn 6.310748E-07 -0.9714053 -0.237428
vn 7.314862E-07 -0.9883544 -0.1521703
vn 7.797117E-07 -0.9940389 -0.1090272
vn -9.977693E-07 0.9940385 -0.1090306
vn -8.718919E-07 0.9997588 0.02196119
vn -9.15816E-07 0.9997588 -0.02196301
vn -1.035827E-06 0.9883544 -0.1521706
vn -1.10593E-06 0.9714057 -0.237426
vn -1.137968E-06 0.9601335 -0.2795423
vn -1.195604E-06 0.9320754 -0.3622646
vn -1.221172E-06 0.9152586 -0.4028673
vn -1.264847E-06 0.8767225 -0.4809968
vn -1.28302E-06 0.8550497 -0.5185462
vn -1.312255E-06 0.8065985 -0.5910999
vn -1.323235E-06 0.7797708 -0.6260653
vn -1.337373E-06 0.7222589 -0.6916231
vn -1.340618E-06 0.6916221 -0.7222598
vn -1.339517E-06 0.6260637 -0.7797722
vn -1.335083E-06 0.5910975 -0.8066003
vn -1.318666E-06 0.5185444 -0.855051
vn -1.306767E-06 0.4809965 -0.8767227
vn -1.27545E-06 0.4028662 -0.9152591
vn -1.255964E-06 0.3622608 -0.9320771
vn -1.210062E-06 0.2795383 -0.9601348
vn -1.183681E-06 0.2374253 -0.971406
vn -1.124407E-06 0.1521713 -0.9883543
vn -1.091519E-06 0.1090293 -0.9940388
vn -1.019394E-06 0.02196061 -0.9997591
vn -9.801241E-07 -0.02196243 -0.9997591
vn -8.965582E-07 -0.1090311 -0.9940386
vn -8.523017E-07 -0.1521731 -0.988354
vn -7.591304E-07 -0.237427 -0.9714056
vn -7.102071E-07 -0.2795401 -0.9601343
vn -6.081897E-07 -0.3622625 -0.9320764
vn -5.550676E-07 -0.4028679 -0.9152583
vn -4.466773E-07 -0.4809981 -0.8767218
vn -3.914351E-07 -0.518546 -0.85505
vn -2.781169E-07 -0.591099 -0.8065993
vn -2.200265E-07 -0.6260651 -0.7797711
vn -1.039003E-07 -0.6916234 -0.7222585
vn -4.587221E-08 -0.7222602 -0.6916218
vn 7.110521E-08 -0.7797719 -0.6260639
vn 1.300564E-07 -0.8065996 -0.5910984
vn 2.459274E-07 -0.8550501 -0.5185456
vn 3.028526E-07 -0.8767225 -0.4809971
vn 4.154386E-07 -0.9152592 -0.4028656
vn 4.71081E-07 -0.9320773 -0.3622597
vn 5.788892E-07 -0.960135 -0.2795372
vn 6.310794E-07 -0.9714062 -0.2374242
vn 7.314853E-07 -0.9883543 -0.1521711
vn 7.797086E-07 -0.9940386 -0.10903
vn 8.718919E-07 -0.9997588 -0.02196119
vn 9.15816E-07 -0.9997588 0.02196301
vn 9.977705E-07 -0.9940383 0.1090318
vn 1.035829E-06 -0.988354 0.1521729
vn 1.10593E-06 -0.9714057 0.237426
vn 1.137965E-06 -0.9601345 0.2795389
vn 1.195602E-06 -0.9320766 0.3622614
vn 1.221172E-06 -0.9152586 0.4028673
vn 1.264848E-06 -0.8767215 0.4809987
vn 1.28302E-06 -0.8550492 0.5185472
vn 1.312255E-06 -0.8065985 0.5910999
vn 1.323235E-06 -0.7797708 0.6260653
vn 1.337373E-06 -0.7222589 0.6916231
vn 1.340618E-06 -0.6916221 0.7222598
vn 1.339517E-06 -0.6260637 0.7797722
vn 1.335083E-06 -0.5910975 0.8066003
vn 1.318666E-06 -0.5185444 0.855051
vn 1.306767E-06 -0.4809965 0.8767227
vn 1.27545E-06 -0.4028662 0.9152591
vn 1.255964E-06 -0.3622608 0.9320771
vn 1.210062E-06 -0.2795383 0.9601348
vn 1.183681E-06 -0.2374253 0.971406
vn 1.124407E-06 -0.1521713 0.9883543
vn 1.091519E-06 -0.1090293 0.9940388
vn 1.019394E-06 -0.02196061 0.9997591
vn 9.801241E-07 0.02196243 0.9997591
vn 8.965582E-07 0.1090311 0.9940386
vn 8.523017E-07 0.1521731 0.988354
vn 7.591304E-07 0.237427 0.9714056
vn 7.102071E-07 0.2795401 0.9601343
vn 6.081897E-07 0.3622625 0.9320764
vn 5.550676E-07 0.4028679 0.9152583
vn 4.466773E-07 0.4809981 0.8767218
vn 3.914351E-07 0.518546 0.85505
vn 2.781169E-07 0.591099 0.8065993
vn 2.200265E-07 0.6260651 0.7797711
vn 1.039003E-07 0.6916234 0.7222585
vn 4.587221E-08 0.7222602 0.6916218
vn -7.110521E-08 0.7797719 0.6260639
vn -1.300564E-07 0.8065996 0.5910984
vn -2.459288E-07 0.8550506 0.5185447
vn -3.028553E-07 0.8767233 0.4809951
vn -4.154386E-07 0.9152592 0.4028656
vn -4.710768E-07 0.9320761 0.3622629
vn -5.78885E-07 0.960134 0.2795405
vn -6.310794E-07 0.9714062 0.2374242
vn -7.31488E-07 0.9883546 0.1521688
vn -7.797099E-07 0.9940387 0.1090288
vn 1 1.192093E-06 -1.000001E-06
vn 1 1.192093E-06 -1.000001E-06
vn 1 1.192093E-06 -1.000001E-06
vn 1 1.192093E-06 -1.000001E-06
vn 1 1.192093E-06 -1.000001E-06
vn 1 1.192093E-06 -1.000001E-06
vn 1 1.192093E-06 -1.000001E-06
vn 1 1.192093E-06 -1.000001E-06
vn 1 1.192093E-06 -1.000001E-06
vn 1 1.192093E-06 -1.000001E-06
vn 1 1.192093E-06 -1.000001E-06
vn 1 1.192093E-06 -1.000001E-06
vn 1 1.192093E-06 -1.000001E-06
vn 1 1.192093E-06 -1.000001E-06
vn 1 1.192093E-06 -1.000001E-06
vn 1 1.192093E-06 -1.000001E-06
vn 1 1.192093E-06 -1.000001E-06
vn 1 1.192093E-06 -1.000001E-06
vn 1 1.192093E-06 -1.000001E-06
vn 1 1.192093E-06 -1.000001E-06
vn 1 1.192093E-06 -1.000001E-06
vn 1 1.192093E-06 -1.000001E-06
vn 1 1.192093E-06 -1.000001E-06
vn 1 1.192093E-06 -1.000001E-06
vn 1 1.192093E-06 -1.000001E-06
vn 1 1.192093E-06 -1.000001E-06
vn 1 1.192093E-06 -1.000001E-06
vn 1 1.192093E-06 -1.000001E-06
vn 1 1.192093E-06 -1.000001E-06
vn 1 1.192093E-06 -1.000001E-06
vn 1 1.192093E-06 -1.000001E-06
vn 1 1.192093E-06 -1.000001E-06
vn 1 1.192093E-06 -1.000001E-06
vn 1 1.192093E-06 -1.000001E-06
vn 1 1.192093E-06 -1.000001E-06
vn 1 1.192093E-06 -1.000001E-06
vn 1 1.192093E-06 -1.000001E-06
vn 1 1.192093E-06 -1.000001E-06
vn 1 1.192093E-06 -1.000001E-06
vn 1 1.192093E-06 -1.000001E-06
vn 1 1.192093E-06 -1.000001E-06
vn 1 1.192093E-06 -1.000001E-06
vn 1 1.192093E-06 -1.000001E-06
vn 1 1.192093E-06 -1.000001E-06
vn 1 1.192093E-06 -1.000001E-06
vn 1 1.192093E-06 -1.000001E-06
vn 1 1.192093E-06 -1.000001E-06
vn 1 1.192093E-06 -1.000001E-06
vn 1 1.192093E-06 -1.000001E-06
vn 1 1.192093E-06 -1.000001E-06
vn 1 1.192093E-06 -1.000001E-06
vn 1 1.192093E-06 -1.000001E-06
vn 1 1.192093E-06 -1.000001E-06
vn 1 1.192093E-06 -1.000001E-06
vn 1 1.192093E-06 -1.000001E-06
vn 1 1.192093E-06 -1.000001E-06
vn 1 1.192093E-06 -1.000001E-06
vn 1 1.192093E-06 -1.000001E-06
vn 1 1.192093E-06 -1.000001E-06
vn 1 1.192093E-06 -1.000001E-06
vn 1 1.192093E-06 -1.000001E-06
vn 1 1.192093E-06 -1.000001E-06
vn 1 1.192093E-06 -1.000001E-06
vn 1 1.192093E-06 -1.000001E-06
vn 1 1.192093E-06 -1.000001E-06
vn 1 1.192093E-06 -1.000001E-06
vn 1 1.192093E-06 -1.000001E-06
vn 1 1.192093E-06 -1.000001E-06
vn 1 1.192093E-06 -1.000001E-06
vn 1 1.192093E-06 -1.000001E-06
vn 1 1.192093E-06 -1.000001E-06
vn 1 1.192093E-06 -1.000001E-06
vn 1 1.192093E-06 -1.000001E-06
vn 1 1.192093E-06 -1.000001E-06
vn 1 1.192093E-06 -1.000001E-06
vn 1 1.192093E-06 -1.000001E-06
vn 1 1.192093E-06 -1.000001E-06
vn 1 1.192093E-06 -1.000001E-06
vn 1 1.192093E-06 -1.000001E-06
vn 1 1.192093E-06 -1.000001E-06
vn 1 1.192093E-06 -1.000001E-06
vn 1 1.192093E-06 -1.000001E-06
vn 1 1.192093E-06 -1.000001E-06
vn 1 1.192093E-06 -1.000001E-06
vn 1 1.192093E-06 -1.000001E-06
vn 1 1.192093E-06 -1.000001E-06
vn 1 1.192093E-06 -1.000001E-06
vn 1 1.192093E-06 -1.000001E-06
vn 1 1.192093E-06 -1.000001E-06
vn 1 1.192093E-06 -1.000001E-06
vn 1 1.192093E-06 -1.000001E-06
vn 1 1.192093E-06 -1.000001E-06
vn 1 1.192093E-06 -1.000001E-06
vn 1 1.192093E-06 -1.000001E-06
vn 1 1.192093E-06 -1.000001E-06
vn 1 1.192093E-06 -1.000001E-06
vn 9.977708E-07 -0.9940383 0.1090322
vn 8.718919E-07 -0.9997589 -0.02196119
vn 9.158161E-07 -0.9997589 0.02196302
vn 1.03583E-06 -0.9883539 0.1521737
vn 1.10593E-06 -0.9714056 0.2374267
vn 1.137966E-06 -0.9601344 0.2795393
vn 1.195603E-06 -0.9320766 0.3622618
vn 1.221172E-06 -0.9152583 0.402868
vn 1.264848E-06 -0.8767215 0.4809987
vn 1.28302E-06 -0.8550497 0.5185462
vn 1.312255E-06 -0.8065994 0.5910989
vn 1.323234E-06 -0.7797713 0.6260648
vn 1.337373E-06 -0.7222592 0.6916227
vn 1.340618E-06 -0.6916228 0.7222591
vn 1.339517E-06 -0.626064 0.7797719
vn 1.335083E-06 -0.5910972 0.8066006
vn 1.318666E-06 -0.5185438 0.8550513
vn 1.306767E-06 -0.480996 0.8767231
vn 1.27545E-06 -0.4028659 0.9152592
vn 1.255964E-06 -0.3622606 0.9320771
vn 1.210062E-06 -0.2795387 0.9601347
vn 1.183682E-06 -0.2374258 0.971406
vn 1.124407E-06 -0.1521715 0.9883543
vn 1.091519E-06 -0.1090292 0.9940388
vn 1.019394E-06 -0.02196055 0.999759
vn 9.80124E-07 0.02196237 0.999759
vn 8.965583E-07 0.109031 0.9940385
vn 8.523016E-07 0.1521733 0.9883541
vn 7.591299E-07 0.2374276 0.9714055
vn 7.102068E-07 0.2795404 0.9601343
vn 6.081899E-07 0.3622623 0.9320764
vn 5.550681E-07 0.4028676 0.9152585
vn 4.466781E-07 0.4809977 0.8767222
vn 3.914361E-07 0.5185453 0.8550504
vn 2.781174E-07 0.5910987 0.8065995
vn 2.20026E-07 0.6260654 0.7797708
vn 1.038991E-07 0.6916241 0.7222579
vn 4.587159E-08 0.7222605 0.6916214
vn -7.110611E-08 0.7797724 0.6260634
vn -1.300583E-07 0.8066005 0.5910974
vn -2.459288E-07 0.8550507 0.5185447
vn -3.028525E-07 0.8767224 0.4809971
vn -4.154377E-07 0.915259 0.4028663
vn -4.710806E-07 0.9320772 0.3622601
vn -5.788888E-07 0.9601349 0.2795375
vn -6.310785E-07 0.9714061 0.237425
vn -7.314845E-07 0.9883542 0.1521719
vn -7.797082E-07 0.9940386 0.1090304
vn -8.718919E-07 0.9997589 0.02196119
vn -9.158161E-07 0.9997589 -0.02196302
vn -9.977708E-07 0.9940383 -0.1090322
vn -1.03583E-06 0.9883539 -0.1521737
vn -1.10593E-06 0.9714056 -0.2374267
vn -1.137966E-06 0.9601344 -0.2795393
vn -1.195603E-06 0.9320766 -0.3622618
vn -1.221172E-06 0.9152583 -0.402868
vn -1.264848E-06 0.8767215 -0.4809987
vn -1.28302E-06 0.8550497 -0.5185462
vn -1.312255E-06 0.8065994 -0.5910989
vn -1.323234E-06 0.7797713 -0.6260648
vn -1.337373E-06 0.7222592 -0.6916227
vn -1.340618E-06 0.6916228 -0.7222591
vn -1.339517E-06 0.626064 -0.7797719
vn -1.335083E-06 0.5910972 -0.8066006
vn -1.318666E-06 0.5185438 -0.8550513
vn -1.306767E-06 0.480996 -0.8767231
vn -1.27545E-06 0.4028659 -0.9152592
vn -1.255964E-06 0.3622606 -0.9320771
vn -1.210062E-06 0.2795387 -0.9601347
vn -1.183682E-06 0.2374258 -0.971406
vn -1.124407E-06 0.1521715 -0.9883543
vn -1.091519E-06 0.1090292 -0.9940388
vn -1.019394E-06 0.02196055 -0.999759
vn -9.80124E-07 -0.02196237 -0.999759
vn -8.965583E-07 -0.109031 -0.9940385
vn -8.523016E-07 -0.1521733 -0.9883541
vn -7.591299E-07 -0.2374276 -0.9714055
vn -7.102068E-07 -0.2795404 -0.9601343
vn -6.081899E-07 -0.3622623 -0.9320764
vn -5.550681E-07 -0.4028676 -0.9152585
vn -4.466781E-07 -0.4809977 -0.8767222
vn -3.914361E-07 -0.5185453 -0.8550504
vn -2.781174E-07 -0.5910987 -0.8065995
vn -2.20026E-07 -0.6260654 -0.7797708
vn -1.038991E-07 -0.6916241 -0.7222579
vn -4.587159E-08 -0.7222605 -0.6916214
vn 7.110611E-08 -0.7797724 -0.6260634
vn 1.300583E-07 -0.8066005 -0.5910974
vn 2.459288E-07 -0.8550507 -0.5185447
vn 3.028525E-07 -0.8767224 -0.4809971
vn 4.154377E-07 -0.915259 -0.4028663
vn 4.710806E-07 -0.9320772 -0.3622601
vn 5.788888E-07 -0.9601349 -0.2795375
vn 6.310785E-07 -0.9714061 -0.237425
vn 7.314845E-07 -0.9883542 -0.1521719
vn 7.797082E-07 -0.9940386 -0.1090304
vn -9.977705E-07 0.9940383 -0.1090318
vn -8.718919E-07 0.9997588 0.02196119
vn -9.15816E-07 0.9997588 -0.02196301
vn -1.035829E-06 0.988354 -0.1521729
vn -1.10593E-06 0.9714057 -0.237426
vn -1.137965E-06 0.9601345 -0.2795389
vn -1.195602E-06 0.9320766 -0.3622614
vn -1.221172E-06 0.9152586 -0.4028673
vn -1.264848E-06 0.8767215 -0.4809987
vn -1.28302E-06 0.8550492 -0.5185472
vn -1.312255E-06 0.8065985 -0.5910999
vn -1.323235E-06 0.7797708 -0.6260653
vn -1.337373E-06 0.7222589 -0.6916231
vn -1.340618E-06 0.6916221 -0.7222598
vn -1.339517E-06 0.6260637 -0.7797722
vn -1.335083E-06 0.5910975 -0.8066003
vn -1.318666E-06 0.5185444 -0.855051
vn -1.306767E-06 0.4809965 -0.8767227
vn -1.27545E-06 0.4028662 -0.9152591
vn -1.255964E-06 0.3622608 -0.9320771
vn -1.210062E-06 0.2795383 -0.9601348
vn -1.183681E-06 0.2374253 -0.971406
vn -1.124407E-06 0.1521713 -0.9883543
vn -1.091519E-06 0.1090293 -0.9940388
vn -1.019394E-06 0.02196061 -0.9997591
vn -9.801241E-07 -0.02196243 -0.9997591
vn -8.965582E-07 -0.1090311 -0.9940386
vn -8.523017E-07 -0.1521731 -0.988354
vn -7.591304E-07 -0.237427 -0.9714056
vn -7.102071E-07 -0.2795401 -0.9601343
vn -6.081897E-07 -0.3622625 -0.9320764
vn -5.550676E-07 -0.4028679 -0.9152583
vn -4.466773E-07 -0.4809981 -0.8767218
vn -3.914351E-07 -0.518546 -0.85505
vn -2.781169E-07 -0.591099 -0.8065993
vn -2.200265E-07 -0.6260651 -0.7797711
vn -1.039003E-07 -0.6916234 -0.7222585
vn -4.587221E-08 -0.7222602 -0.6916218
vn 7.110521E-08 -0.7797719 -0.6260639
vn 1.300564E-07 -0.8065996 -0.5910984
vn 2.459274E-07 -0.8550501 -0.5185456
vn 3.028526E-07 -0.8767225 -0.4809971
vn 4.154386E-07 -0.9152592 -0.4028656
vn 4.71081E-07 -0.9320773 -0.3622597
vn 5.788892E-07 -0.960135 -0.2795372
vn 6.310794E-07 -0.9714062 -0.2374242
vn 7.314853E-07 -0.9883543 -0.1521711
vn 7.797086E-07 -0.9940386 -0.10903
vn 8.718919E-07 -0.9997588 -0.02196119
vn 9.15816E-07 -0.9997588 0.02196301
vn 9.977705E-07 -0.9940383 0.1090318
vn 1.035829E-06 -0.988354 0.1521729
vn 1.10593E-06 -0.9714057 0.237426
vn 1.137965E-06 -0.9601345 0.2795389
vn 1.195602E-06 -0.9320766 0.3622614
vn 1.221172E-06 -0.9152586 0.4028673
vn 1.264848E-06 -0.8767215 0.4809987
vn 1.28302E-06 -0.8550492 0.5185472
vn 1.312255E-06 -0.8065985 0.5910999
vn 1.323235E-06 -0.7797708 0.6260653
vn 1.337373E-06 -0.7222589 0.6916231
vn 1.340618E-06 -0.6916221 0.7222598
vn 1.339517E-06 -0.6260637 0.7797722
vn 1.335083E-06 -0.5910975 0.8066003
vn 1.318666E-06 -0.5185444 0.855051
vn 1.306767E-06 -0.4809965 0.8767227
vn 1.27545E-06 -0.4028662 0.9152591
vn 1.255964E-06 -0.3622608 0.9320771
vn 1.210062E-06 -0.2795383 0.9601348
vn 1.183681E-06 -0.2374253 0.971406
vn 1.124407E-06 -0.1521713 0.9883543
vn 1.091519E-06 -0.1090293 0.9940388
vn 1.019394E-06 -0.02196061 0.9997591
vn 9.801241E-07 0.02196243 0.9997591
vn 8.965582E-07 0.1090311 0.9940386
vn 8.523017E-07 0.1521731 0.988354
vn 7.591304E-07 0.237427 0.9714056
vn 7.102071E-07 0.2795401 0.9601343
vn 6.081897E-07 0.3622625 0.9320764
vn 5.550676E-07 0.4028679 0.9152583
vn 4.466773E-07 0.4809981 0.8767218
vn 3.914351E-07 0.518546 0.85505
vn 2.781169E-07 0.591099 0.8065993
vn 2.200265E-07 0.6260651 0.7797711
vn 1.039003E-07 0.6916234 0.7222585
vn 4.587221E-08 0.7222602 0.6916218
vn -7.110521E-08 0.7797719 0.6260639
vn -1.300564E-07 0.8065996 0.5910984
vn -2.459274E-07 0.8550501 0.5185456
vn -3.028526E-07 0.8767225 0.4809971
vn -4.154386E-07 0.9152592 0.4028656
vn -4.71081E-07 0.9320773 0.3622597
vn -5.788892E-07 0.960135 0.2795372
vn -6.310794E-07 0.9714062 0.2374242
vn -7.314853E-07 0.9883543 0.1521711
vn -7.797086E-07 0.9940386 0.10903
vn 1 1.192093E-06 -1.000001E-06
vn 1 1.192093E-06 -1.000001E-06
vn 1 1.192093E-06 -1.000001E-06
vn 1 1.192093E-06 -1.000001E-06
vn 1 1.192093E-06 -1.000001E-06
vn 1 1.192093E-06 -1.000001E-06
vn 1 1.192093E-06 -1.000001E-06
vn 1 1.192093E-06 -1.000001E-06
vn 1 1.192093E-06 -1.000001E-06
vn 1 1.192093E-06 -1.000001E-06
vn 1 1.192093E-06 -1.000001E-06
vn 1 1.192093E-06 -1.000001E-06
vn 1 1.192093E-06 -1.000001E-06
vn 1 1.192093E-06 -1.000001E-06
vn 1 1.192093E-06 -1.000001E-06
vn 1 1.192093E-06 -1.000001E-06
vn 1 1.192093E-06 -1.000001E-06
vn 1 1.192093E-06 -1.000001E-06
vn 1 1.192093E-06 -1.000001E-06
vn 1 1.192093E-06 -1.000001E-06
vn 1 1.192093E-06 -1.000001E-06
vn 1 1.192093E-06 -1.000001E-06
vn 1 1.192093E-06 -1.000001E-06
vn 1 1.192093E-06 -1.000001E-06
vn 1 1.192093E-06 -1.000001E-06
vn 1 1.192093E-06 -1.000001E-06
vn 1 1.192093E-06 -1.000001E-06
vn 1 1.192093E-06 -1.000001E-06
vn 1 1.192093E-06 -1.000001E-06
vn 1 1.192093E-06 -1.000001E-06
vn 1 1.192093E-06 -1.000001E-06
vn 1 1.192093E-06 -1.000001E-06
vn 1 1.192093E-06 -1.000001E-06
vn 1 1.192093E-06 -1.000001E-06
vn 1 1.192093E-06 -1.000001E-06
vn 1 1.192093E-06 -1.000001E-06
vn 1 1.192093E-06 -1.000001E-06
vn 1 1.192093E-06 -1.000001E-06
vn 1 1.192093E-06 -1.000001E-06
vn 1 1.192093E-06 -1.000001E-06
vn 1 1.192093E-06 -1.000001E-06
vn 1 1.192093E-06 -1.000001E-06
vn 1 1.192093E-06 -1.000001E-06
vn 1 1.192093E-06 -1.000001E-06
vn 1 1.192093E-06 -1.000001E-06
vn 1 1.192093E-06 -1.000001E-06
vn 1 1.192093E-06 -1.000001E-06
vn 1 1.192093E-06 -1.000001E-06
vn 1 1.192093E-06 -1.000001E-06
vn 1 1.192093E-06 -1.000001E-06
vn 1 1.192093E-06 -1.000001E-06
vn 1 1.192093E-06 -1.000001E-06
vn 1 1.192093E-06 -1.000001E-06
vn 1 1.192093E-06 -1.000001E-06
vn 1 1.192093E-06 -1.000001E-06
vn 1 1.192093E-06 -1.000001E-06
vn 1 1.192093E-06 -1.000001E-06
vn 1 1.192093E-06 -1.000001E-06
vn 1 1.192093E-06 -1.000001E-06
vn 1 1.192093E-06 -1.000001E-06
vn 1 1.192093E-06 -1.000001E-06
vn 1 1.192093E-06 -1.000001E-06
vn 1 1.192093E-06 -1.000001E-06
vn 1 1.192093E-06 -1.000001E-06
vn 1 1.192093E-06 -1.000001E-06
vn 1 1.192093E-06 -1.000001E-06
vn 1 1.192093E-06 -1.000001E-06
vn 1 1.192093E-06 -1.000001E-06
vn 1 1.192093E-06 -1.000001E-06
vn 1 1.192093E-06 -1.000001E-06
vn 1 1.192093E-06 -1.000001E-06
vn 1 1.192093E-06 -1.000001E-06
vn 1 1.192093E-06 -1.000001E-06
vn 1 1.192093E-06 -1.000001E-06
vn 1 1.192093E-06 -1.000001E-06
vn 1 1.192093E-06 -1.000001E-06
vn 1 1.192093E-06 -1.000001E-06
vn 1 1.192093E-06 -1.000001E-06
vn 1 1.192093E-06 -1.000001E-06
vn 1 1.192093E-06 -1.000001E-06
vn 1 1.192093E-06 -1.000001E-06
vn 1 1.192093E-06 -1.000001E-06
vn 1 1.192093E-06 -1.000001E-06
vn 1 1.192093E-06 -1.000001E-06
vn 1 1.192093E-06 -1.000001E-06
vn 1 1.192093E-06 -1.000001E-06
vn 1 1.192093E-06 -1.000001E-06
vn 1 1.192093E-06 -1.000001E-06
vn 1 1.192093E-06 -1.000001E-06
vn 1 1.192093E-06 -1.000001E-06
vn 1 1.192093E-06 -1.000001E-06
vn 1 1.192093E-06 -1.000001E-06
vn 1 1.192093E-06 -1.000001E-06
vn 1 1.192093E-06 -1.000001E-06
vn 1 1.192093E-06 -1.000001E-06
vn 1 1.192093E-06 -1.000001E-06
vn 9.977695E-07 -0.9940385 0.1090306
vn 8.718927E-07 -0.9997589 -0.02196038
vn 9.158153E-07 -0.9997589 0.0219622
vn 1.035829E-06 -0.9883541 0.1521729
vn 1.105931E-06 -0.9714053 0.2374275
vn 1.137967E-06 -0.960134 0.2795407
vn 1.195603E-06 -0.9320759 0.3622632
vn 1.221173E-06 -0.915258 0.4028686
vn 1.264848E-06 -0.8767215 0.4809987
vn 1.28302E-06 -0.8550497 0.5185462
vn 1.312255E-06 -0.8065994 0.5910989
vn 1.323234E-06 -0.7797713 0.6260648
vn 1.337373E-06 -0.7222588 0.6916231
vn 1.340618E-06 -0.691622 0.7222598
vn 1.339517E-06 -0.6260636 0.7797723
vn 1.335083E-06 -0.5910976 0.8066002
vn 1.318666E-06 -0.5185444 0.8550508
vn 1.306767E-06 -0.4809964 0.8767228
vn 1.27545E-06 -0.4028659 0.9152592
vn 1.255964E-06 -0.3622606 0.9320771
vn 1.210062E-06 -0.2795387 0.9601347
vn 1.183682E-06 -0.2374258 0.971406
vn 1.124407E-06 -0.1521715 0.9883543
vn 1.091519E-06 -0.1090292 0.9940388
vn 1.019394E-06 -0.02196055 0.999759
vn 9.80124E-07 0.02196237 0.999759
vn 8.965583E-07 0.109031 0.9940385
vn 8.523016E-07 0.1521733 0.9883541
vn 7.591299E-07 0.2374276 0.9714055
vn 7.102068E-07 0.2795404 0.9601343
vn 6.081899E-07 0.3622623 0.9320764
vn 5.550681E-07 0.4028676 0.9152585
vn 4.466775E-07 0.480998 0.8767219
vn 3.91435E-07 0.518546 0.8550498
vn 2.781167E-07 0.5910991 0.8065991
vn 2.200267E-07 0.6260651 0.7797711
vn 1.039009E-07 0.6916231 0.7222588
vn 4.587317E-08 0.7222596 0.6916223
vn -7.110526E-08 0.779772 0.6260639
vn -1.300579E-07 0.8066003 0.5910977
vn -2.459293E-07 0.8550509 0.5185444
vn -3.028534E-07 0.8767227 0.4809965
vn -4.154377E-07 0.915259 0.4028663
vn -4.710791E-07 0.9320768 0.3622611
vn -5.78887E-07 0.9601345 0.279539
vn -6.310775E-07 0.9714058 0.2374257
vn -7.314853E-07 0.9883543 0.1521711
vn -7.7971E-07 0.9940388 0.1090288
vn -8.718927E-07 0.9997589 0.02196038
vn -9.158153E-07 0.9997589 -0.0219622
vn -9.977695E-07 0.9940385 -0.1090306
vn -1.035829E-06 0.9883541 -0.1521729
vn -1.105931E-06 0.9714053 -0.2374275
vn -1.137967E-06 0.960134 -0.2795407
vn -1.195603E-06 0.9320761 -0.3622628
vn -1.221172E-06 0.9152583 -0.402868
vn -1.264848E-06 0.8767218 -0.4809981
vn -1.28302E-06 0.85505 -0.518546
vn -1.312255E-06 0.8065993 -0.5910991
vn -1.323235E-06 0.7797709 -0.6260653
vn -1.337373E-06 0.7222584 -0.6916236
vn -1.340618E-06 0.6916218 -0.7222601
vn -1.339517E-06 0.6260636 -0.7797723
vn -1.335083E-06 0.5910976 -0.8066002
vn -1.318666E-06 0.5185444 -0.8550508
vn -1.306767E-06 0.4809964 -0.8767228
vn -1.27545E-06 0.4028659 -0.9152592
vn -1.255964E-06 0.3622606 -0.9320771
vn -1.210062E-06 0.2795387 -0.9601347
vn -1.183682E-06 0.2374258 -0.971406
vn -1.124407E-06 0.1521715 -0.9883543
vn -1.091519E-06 0.1090292 -0.9940388
vn -1.019394E-06 0.02196055 -0.999759
vn -9.80124E-07 -0.02196237 -0.999759
vn -8.965583E-07 -0.109031 -0.9940385
vn -8.523016E-07 -0.1521733 -0.9883541
vn -7.591299E-07 -0.2374276 -0.9714055
vn -7.102068E-07 -0.2795404 -0.9601343
vn -6.081899E-07 -0.3622623 -0.9320764
vn -5.550681E-07 -0.4028676 -0.9152585
vn -4.466775E-07 -0.480998 -0.8767219
vn -3.91435E-07 -0.518546 -0.8550498
vn -2.781167E-07 -0.5910991 -0.8065991
vn -2.200267E-07 -0.6260651 -0.7797711
vn -1.039005E-07 -0.6916233 -0.7222586
vn -4.587232E-08 -0.7222601 -0.6916218
vn 7.110611E-08 -0.7797724 -0.6260634
vn 1.300583E-07 -0.8066005 -0.5910974
vn 2.459288E-07 -0.8550507 -0.5185447
vn 3.028525E-07 -0.8767224 -0.4809971
vn 4.154368E-07 -0.9152587 -0.402867
vn 4.710787E-07 -0.9320766 -0.3622615
vn 5.78887E-07 -0.9601345 -0.279539
vn 6.310775E-07 -0.9714058 -0.2374257
vn 7.314853E-07 -0.9883543 -0.1521711
vn 7.7971E-07 -0.9940388 -0.1090288
vn -9.977699E-07 0.9940385 -0.1090312
vn -8.718926E-07 0.999759 0.02196058
vn -9.158156E-07 0.999759 -0.02196241
vn -1.03583E-06 0.9883539 -0.1521735
vn -1.10593E-06 0.9714054 -0.2374271
vn -1.137966E-06 0.9601344 -0.2795395
vn -1.195603E-06 0.9320764 -0.362262
vn -1.221172E-06 0.915258 -0.4028682
vn -1.264848E-06 0.8767215 -0.4809987
vn -1.28302E-06 0.85505 -0.5185458
vn -1.312255E-06 0.8065995 -0.5910988
vn -1.323235E-06 0.7797708 -0.6260653
vn -1.337373E-06 0.7222582 -0.6916237
vn -1.340618E-06 0.6916218 -0.72226
vn -1.339517E-06 0.6260637 -0.7797722
vn -1.335083E-06 0.5910975 -0.8066003
vn -1.318666E-06 0.5185444 -0.855051
vn -1.306767E-06 0.4809965 -0.8767227
vn -1.27545E-06 0.4028662 -0.9152591
vn -1.255964E-06 0.3622608 -0.9320771
vn -1.210062E-06 0.2795385 -0.9601347
vn -1.183682E-06 0.2374256 -0.9714061
vn -1.124407E-06 0.1521714 -0.9883543
vn -1.091519E-06 0.1090292 -0.9940388
vn -1.019394E-06 0.02196057 -0.9997591
vn -9.801241E-07 -0.02196239 -0.9997591
vn -8.965583E-07 -0.109031 -0.9940386
vn -8.523016E-07 -0.1521732 -0.9883541
vn -7.591302E-07 -0.2374273 -0.9714056
vn -7.10207E-07 -0.2795402 -0.9601343
vn -6.081897E-07 -0.3622625 -0.9320764
vn -5.550676E-07 -0.4028679 -0.9152583
vn -4.466773E-07 -0.4809981 -0.8767218
vn -3.914351E-07 -0.518546 -0.85505
vn -2.781169E-07 -0.591099 -0.8065993
vn -2.200265E-07 -0.6260651 -0.7797711
vn -1.039009E-07 -0.6916231 -0.7222587
vn -4.587345E-08 -0.7222595 -0.6916224
vn 7.110521E-08 -0.7797719 -0.6260639
vn 1.300584E-07 -0.8066005 -0.5910973
vn 2.459299E-07 -0.8550512 -0.5185441
vn 3.028532E-07 -0.8767226 -0.4809966
vn 4.154376E-07 -0.9152589 -0.4028664
vn 4.710799E-07 -0.9320769 -0.3622606
vn 5.788878E-07 -0.9601346 -0.2795382
vn 6.310777E-07 -0.9714059 -0.2374256
vn 7.314846E-07 -0.9883541 -0.1521717
vn 7.797093E-07 -0.9940387 -0.1090294
vn 8.718926E-07 -0.999759 -0.02196058
vn 9.158156E-07 -0.999759 0.02196241
vn 9.977699E-07 -0.9940385 0.1090312
vn 1.03583E-06 -0.9883539 0.1521735
vn 1.105931E-06 -0.9714054 0.2374274
vn 1.137966E-06 -0.9601341 0.27954
vn 1.195603E-06 -0.9320763 0.3622622
vn 1.221172E-06 -0.9152582 0.402868
vn 1.264848E-06 -0.8767217 0.4809982
vn 1.28302E-06 -0.8550502 0.5185456
vn 1.312255E-06 -0.8065995 0.5910988
vn 1.323235E-06 -0.7797708 0.6260653
vn 1.337373E-06 -0.7222582 0.6916237
vn 1.340618E-06 -0.6916218 0.72226
vn 1.339517E-06 -0.6260637 0.7797722
vn 1.335083E-06 -0.5910975 0.8066003
vn 1.318666E-06 -0.5185444 0.855051
vn 1.306767E-06 -0.4809965 0.8767227
vn 1.27545E-06 -0.4028662 0.9152591
vn 1.255964E-06 -0.3622608 0.9320771
vn 1.210062E-06 -0.2795385 0.9601347
vn 1.183682E-06 -0.2374256 0.9714061
vn 1.124407E-06 -0.1521714 0.9883543
vn 1.091519E-06 -0.1090292 0.9940388
vn 1.019394E-06 -0.02196057 0.9997591
vn 9.801241E-07 0.02196239 0.9997591
vn 8.965583E-07 0.109031 0.9940386
vn 8.523016E-07 0.1521732 0.9883541
vn 7.591302E-07 0.2374273 0.9714056
vn 7.10207E-07 0.2795402 0.9601343
vn 6.081897E-07 0.3622625 0.9320764
vn 5.550676E-07 0.4028679 0.9152583
vn 4.466773E-07 0.4809981 0.8767218
vn 3.914351E-07 0.518546 0.85505
vn 2.781169E-07 0.591099 0.8065993
vn 2.200265E-07 0.6260651 0.7797711
vn 1.039009E-07 0.6916231 0.7222587
vn 4.587345E-08 0.7222595 0.6916224
vn -7.110521E-08 0.7797719 0.6260639
vn -1.300584E-07 0.8066005 0.5910973
vn -2.459295E-07 0.8550509 0.5185443
vn -3.028526E-07 0.8767225 0.4809971
vn -4.154373E-07 0.9152588 0.4028666
vn -4.710803E-07 0.9320771 0.3622603
vn -5.788885E-07 0.9601348 0.2795377
vn -6.31078E-07 0.9714059 0.2374253
vn -7.314846E-07 0.9883541 0.1521717
vn -7.797093E-07 0.9940387 0.1090294
vn 1 1.192093E-06 -1.000001E-06
vn 1 1.192093E-06 -1.000001E-06
vn 1 1.192093E-06 -1.000001E-06
vn 1 1.192093E-06 -1.000001E-06
vn 1 1.192093E-06 -1.000001E-06
vn 1 1.192093E-06 -1.000001E-06
vn 1 1.192093E-06 -1.000001E-06
vn 1 1.192093E-06 -1.000001E-06
vn 1 1.192093E-06 -1.000001E-06
vn 1 1.192093E-06 -1.000001E-06
vn 1 1.192093E-06 -1.000001E-06
vn 1 1.192093E-06 -1.000001E-06
vn 1 1.192093E-06 -1.000001E-06
vn 1 1.192093E-06 -1.000001E-06
vn 1 1.192093E-06 -1.000001E-06
vn 1 1.192093E-06 -1.000001E-06
vn 1 1.192093E-06 -1.000001E-06
vn 1 1.192093E-06 -1.000001E-06
vn 1 1.192093E-06 -1.000001E-06
vn 1 1.192093E-06 -1.000001E-06
vn 1 1.192093E-06 -1.000001E-06
vn 1 1.192093E-06 -1.000001E-06
vn 1 1.192093E-06 -1.000001E-06
vn 1 1.192093E-06 -1.000001E-06
vn 1 1.192093E-06 -1.000001E-06
vn 1 1.192093E-06 -1.000001E-06
vn 1 1.192093E-06 -1.000001E-06
vn 1 1.192093E-06 -1.000001E-06
vn 1 1.192093E-06 -1.000001E-06
vn 1 1.192093E-06 -1.000001E-06
vn 1 1.192093E-06 -1.000001E-06
vn 1 1.192093E-06 -1.000001E-06
vn 1 1.192093E-06 -1.000001E-06
vn 1 1.192093E-06 -1.000001E-06
vn 1 1.192093E-06 -1.000001E-06
vn 1 1.192093E-06 -1.000001E-06
vn 1 1.192093E-06 -1.000001E-06
vn 1 1.192093E-06 -1.000001E-06
vn 1 1.192093E-06 -1.000001E-06
vn 1 1.192093E-06 -1.000001E-06
vn 1 1.192093E-06 -1.000001E-06
vn 1 1.192093E-06 -1.000001E-06
vn 1 1.192093E-06 -1.000001E-06
vn 1 1.192093E-06 -1.000001E-06
vn 1 1.192093E-06 -1.000001E-06
vn 1 1.192093E-06 -1.000001E-06
vn 1 1.192093E-06 -1.000001E-06
vn 1 1.192093E-06 -1.000001E-06
vn 1 1.192093E-06 -1.000001E-06
vn 1 1.192093E-06 -1.000001E-06
vn 1 1.192093E-06 -1.000001E-06
vn 1 1.192093E-06 -1.000001E-06
vn 1 1.192093E-06 -1.000001E-06
vn 1 1.192093E-06 -1.000001E-06
vn 1 1.192093E-06 -1.000001E-06
vn 1 1.192093E-06 -1.000001E-06
vn 1 1.192093E-06 -1.000001E-06
vn 1 1.192093E-06 -1.000001E-06
vn 1 1.192093E-06 -1.000001E-06
vn 1 1.192093E-06 -1.000001E-06
vn 1 1.192093E-06 -1.000001E-06
vn 1 1.192093E-06 -1.000001E-06
vn 1 1.192093E-06 -1.000001E-06
vn 1 1.192093E-06 -1.000001E-06
vn 1 1.192093E-06 -1.000001E-06
vn 1 1.192093E-06 -1.000001E-06
vn 1 1.192093E-06 -1.000001E-06
vn 1 1.192093E-06 -1.000001E-06
vn 1 1.192093E-06 -1.000001E-06
vn 1 1.192093E-06 -1.000001E-06
vn 1 1.192093E-06 -1.000001E-06
vn 1 1.192093E-06 -1.000001E-06
vn 1 1.192093E-06 -1.000001E-06
vn 1 1.192093E-06 -1.000001E-06
vn 1 1.192093E-06 -1.000001E-06
vn 1 1.192093E-06 -1.000001E-06
vn 1 1.192093E-06 -1.000001E-06
vn 1 1.192093E-06 -1.000001E-06
vn 1 1.192093E-06 -1.000001E-06
vn 1 1.192093E-06 -1.000001E-06
vn 1 1.192093E-06 -1.000001E-06
vn 1 1.192093E-06 -1.000001E-06
vn 1 1.192093E-06 -1.000001E-06
vn 1 1.192093E-06 -1.000001E-06
vn 1 1.192093E-06 -1.000001E-06
vn 1 1.192093E-06 -1.000001E-06
vn 1 1.192093E-06 -1.000001E-06
vn 1 1.192093E-06 -1.000001E-06
vn 1 1.192093E-06 -1.000001E-06
vn 1 1.192093E-06 -1.000001E-06
vn 1 1.192093E-06 -1.000001E-06
vn 1 1.192093E-06 -1.000001E-06
vn 1 1.192093E-06 -1.000001E-06
vn 1 1.192093E-06 -1.000001E-06
vn 1 1.192093E-06 -1.000001E-06
vn 1 1.192093E-06 -1.000001E-06
vn 9.977697E-07 -0.9940384 0.109031
vn 8.718925E-07 -0.9997589 -0.02196058
vn 9.158155E-07 -0.9997589 0.02196241
vn 1.03583E-06 -0.988354 0.1521731
vn 1.105931E-06 -0.9714054 0.2374273
vn 1.137966E-06 -0.9601341 0.2795404
vn 1.195603E-06 -0.9320763 0.3622625
vn 1.221172E-06 -0.9152583 0.4028678
vn 1.264848E-06 -0.8767218 0.4809981
vn 1.28302E-06 -0.85505 0.518546
vn 1.312255E-06 -0.8065993 0.591099
vn 1.323234E-06 -0.779771 0.626065
vn 1.337373E-06 -0.7222586 0.6916233
vn 1.340618E-06 -0.6916219 0.7222599
vn 1.339517E-06 -0.6260635 0.7797723
vn 1.335083E-06 -0.5910974 0.8066005
vn 1.318666E-06 -0.5185444 0.855051
vn 1.306767E-06 -0.4809964 0.8767228
vn 1.27545E-06 -0.4028661 0.9152591
vn 1.255964E-06 -0.3622608 0.9320771
vn 1.210062E-06 -0.2795386 0.9601347
vn 1.183682E-06 -0.2374255 0.971406
vn 1.124407E-06 -0.1521713 0.9883543
vn 1.091519E-06 -0.1090292 0.9940388
vn 1.019394E-06 -0.02196058 0.999759
vn 9.80124E-07 0.0219624 0.999759
vn 8.965582E-07 0.109031 0.9940385
vn 8.523018E-07 0.1521731 0.9883541
vn 7.591302E-07 0.2374273 0.9714056
vn 7.102068E-07 0.2795403 0.9601342
vn 6.081897E-07 0.3622625 0.9320764
vn 5.550678E-07 0.4028677 0.9152583
vn 4.466775E-07 0.480998 0.8767219
vn 3.914352E-07 0.5185459 0.85505
vn 2.781171E-07 0.5910989 0.8065994
vn 2.200268E-07 0.626065 0.7797711
vn 1.039007E-07 0.6916232 0.7222587
vn 4.587272E-08 0.7222599 0.691622
vn -7.110566E-08 0.7797722 0.6260636
vn -1.300581E-07 0.8066004 0.5910975
vn -2.459293E-07 0.8550509 0.5185444
vn -3.028534E-07 0.8767227 0.4809965
vn -4.154379E-07 0.915259 0.4028661
vn -4.710797E-07 0.9320769 0.3622608
vn -5.788874E-07 0.9601346 0.2795386
vn -6.310778E-07 0.9714059 0.2374255
vn -7.31485E-07 0.9883542 0.1521713
vn -7.797095E-07 0.9940386 0.1090292
vn -8.718925E-07 0.9997589 0.02196058
vn -9.158155E-07 0.9997589 -0.02196241
vn -9.977697E-07 0.9940384 -0.109031
vn -1.03583E-06 0.988354 -0.1521731
vn -1.105931E-06 0.9714054 -0.2374273
vn -1.137966E-06 0.9601341 -0.2795404
vn -1.195603E-06 0.9320763 -0.3622625
vn -1.221172E-06 0.9152583 -0.4028678
vn -1.264848E-06 0.8767218 -0.4809981
vn -1.28302E-06 0.85505 -0.518546
vn -1.312255E-06 0.8065993 -0.591099
vn -1.323234E-06 0.779771 -0.626065
vn -1.337373E-06 0.7222586 -0.6916233
vn -1.340618E-06 0.6916219 -0.7222599
vn -1.339517E-06 0.6260635 -0.7797723
vn -1.335083E-06 0.5910974 -0.8066005
vn -1.318666E-06 0.5185444 -0.855051
vn -1.306767E-06 0.4809964 -0.8767228
vn -1.27545E-06 0.4028661 -0.9152591
vn -1.255964E-06 0.3622608 -0.9320771
vn -1.210062E-06 0.2795386 -0.9601347
vn -1.183682E-06 0.2374255 -0.971406
vn -1.124407E-06 0.1521713 -0.9883543
vn -1.091519E-06 0.1090292 -0.9940388
vn -1.019394E-06 0.02196058 -0.999759
vn -9.80124E-07 -0.0219624 -0.999759
vn -8.965582E-07 -0.109031 -0.9940385
vn -8.523018E-07 -0.1521731 -0.9883541
vn -7.591302E-07 -0.2374273 -0.9714056
vn -7.102068E-07 -0.2795403 -0.9601342
vn -6.081897E-07 -0.3622625 -0.9320764
vn -5.550678E-07 -0.4028677 -0.9152583
vn -4.466775E-07 -0.480998 -0.8767219
vn -3.914352E-07 -0.5185459 -0.85505
vn -2.781171E-07 -0.5910989 -0.8065994
vn -2.200268E-07 -0.626065 -0.7797711
vn -1.039007E-07 -0.6916232 -0.7222587
vn -4.587272E-08 -0.7222599 -0.691622
vn 7.110566E-08 -0.7797722 -0.6260636
vn 1.300581E-07 -0.8066004 -0.5910975
vn 2.459293E-07 -0.8550509 -0.5185444
vn 3.028534E-07 -0.8767227 -0.4809965
vn 4.154379E-07 -0.915259 -0.4028661
vn 4.710797E-07 -0.9320769 -0.3622608
vn 5.788874E-07 -0.9601346 -0.2795386
vn 6.310778E-07 -0.9714059 -0.2374255
vn 7.31485E-07 -0.9883542 -0.1521713
vn 7.797095E-07 -0.9940386 -0.1090292
vn -9.977698E-07 0.9940385 -0.1090311
vn -8.718926E-07 0.999759 0.02196058
vn -9.158156E-07 0.999759 -0.02196241
vn -1.03583E-06 0.988354 -0.1521732
vn -1.105931E-06 0.9714054 -0.2374272
vn -1.137966E-06 0.9601341 -0.2795402
vn -1.195603E-06 0.9320763 -0.3622624
vn -1.221172E-06 0.9152583 -0.4028679
vn -1.264848E-06 0.8767217 -0.4809982
vn -1.28302E-06 0.8550499 -0.5185459
vn -1.312255E-06 0.8065993 -0.591099
vn -1.323235E-06 0.779771 -0.6260651
vn -1.337373E-06 0.7222586 -0.6916234
vn -1.340618E-06 0.691622 -0.7222599
vn -1.339517E-06 0.6260636 -0.7797722
vn -1.335083E-06 0.5910974 -0.8066004
vn -1.318666E-06 0.5185443 -0.8550509
vn -1.306767E-06 0.4809965 -0.8767228
vn -1.27545E-06 0.4028662 -0.9152591
vn -1.255964E-06 0.3622607 -0.9320771
vn -1.210062E-06 0.2795384 -0.9601347
vn -1.183682E-06 0.2374254 -0.971406
vn -1.124407E-06 0.1521714 -0.9883544
vn -1.091519E-06 0.1090292 -0.9940388
vn -1.019394E-06 0.02196058 -0.9997591
vn -9.801241E-07 -0.0219624 -0.9997591
vn -8.965583E-07 -0.1090311 -0.9940386
vn -8.523018E-07 -0.1521732 -0.9883541
vn -7.591302E-07 -0.2374272 -0.9714055
vn -7.10207E-07 -0.2795401 -0.9601342
vn -6.081899E-07 -0.3622624 -0.9320764
vn -5.550677E-07 -0.4028679 -0.9152583
vn -4.466773E-07 -0.4809981 -0.8767218
vn -3.914352E-07 -0.5185458 -0.85505
vn -2.781171E-07 -0.5910989 -0.8065994
vn -2.200266E-07 -0.6260651 -0.7797711
vn -1.039006E-07 -0.6916233 -0.7222586
vn -4.587283E-08 -0.7222598 -0.6916221
vn 7.110549E-08 -0.7797721 -0.6260638
vn 1.30058E-07 -0.8066003 -0.5910975
vn 2.459294E-07 -0.8550509 -0.5185443
vn 3.028532E-07 -0.8767226 -0.4809966
vn 4.154377E-07 -0.9152589 -0.4028662
vn 4.710797E-07 -0.9320769 -0.3622607
vn 5.788876E-07 -0.9601346 -0.2795384
vn 6.310778E-07 -0.9714059 -0.2374255
vn 7.31485E-07 -0.9883543 -0.1521714
vn 7.797095E-07 -0.9940387 -0.1090293
vn 8.718926E-07 -0.999759 -0.02196058
vn 9.158156E-07 -0.999759 0.02196241
vn 9.977698E-07 -0.9940385 0.1090311
vn 1.03583E-06 -0.988354 0.1521732
vn 1.105931E-06 -0.9714054 0.2374272
vn 1.137966E-06 -0.9601341 0.2795402
vn 1.195603E-06 -0.9320763 0.3622624
vn 1.221172E-06 -0.9152583 0.4028679
vn 1.264848E-06 -0.8767217 0.4809982
vn 1.28302E-06 -0.8550499 0.5185459
vn 1.312255E-06 -0.8065993 0.591099
vn 1.323235E-06 -0.779771 0.6260651
vn 1.337373E-06 -0.7222586 0.6916234
vn 1.340618E-06 -0.691622 0.7222599
vn 1.339517E-06 -0.6260636 0.7797722
vn 1.335083E-06 -0.5910974 0.8066004
vn 1.318666E-06 -0.5185443 0.8550509
vn 1.306767E-06 -0.4809965 0.8767228
vn 1.27545E-06 -0.4028662 0.9152591
vn 1.255964E-06 -0.3622607 0.9320771
vn 1.210062E-06 -0.2795384 0.9601347
vn 1.183682E-06 -0.2374254 0.971406
vn 1.124407E-06 -0.1521714 0.9883544
vn 1.091519E-06 -0.1090292 0.9940388
vn 1.019394E-06 -0.02196058 0.9997591
vn 9.801241E-07 0.0219624 0.9997591
vn 8.965583E-07 0.1090311 0.9940386
vn 8.523018E-07 0.1521732 0.9883541
vn 7.591302E-07 0.2374272 0.9714055
vn 7.10207E-07 0.2795401 0.9601342
vn 6.081899E-07 0.3622624 0.9320764
vn 5.550677E-07 0.4028679 0.9152583
vn 4.466773E-07 0.4809981 0.8767218
vn 3.914352E-07 0.5185458 0.85505
vn 2.781171E-07 0.5910989 0.8065994
vn 2.200266E-07 0.6260651 0.7797711
vn 1.039006E-07 0.6916233 0.7222586
vn 4.587283E-08 0.7222598 0.6916221
vn -7.110549E-08 0.7797721 0.6260638
vn -1.30058E-07 0.8066003 0.5910975
vn -2.459294E-07 0.8550509 0.5185443
vn -3.028532E-07 0.8767226 0.4809966
vn -4.154377E-07 0.9152589 0.4028662
vn -4.710797E-07 0.9320769 0.3622607
vn -5.788876E-07 0.9601346 0.2795384
vn -6.310778E-07 0.9714059 0.2374255
vn -7.31485E-07 0.9883543 0.1521714
vn -7.797095E-07 0.9940387 0.1090293
vn 1 1.192093E-06 -1.000001E-06
vn 1 1.192093E-06 -1.000001E-06
vn 1 1.192093E-06 -1.000001E-06
vn 1 1.192093E-06 -1.000001E-06
vn 1 1.192093E-06 -1.000001E-06
vn 1 1.192093E-06 -1.000001E-06
vn 1 1.192093E-06 -1.000001E-06
vn 1 1.192093E-06 -1.000001E-06
vn 1 1.192093E-06 -1.000001E-06
vn 1 1.192093E-06 -1.000001E-06
vn 1 1.192093E-06 -1.000001E-06
vn 1 1.192093E-06 -1.000001E-06
vn 1 1.192093E-06 -1.000001E-06
vn 1 1.192093E-06 -1.000001E-06
vn 1 1.192093E-06 -1.000001E-06
vn 1 1.192093E-06 -1.000001E-06
vn 1 1.192093E-06 -1.000001E-06
vn 1 1.192093E-06 -1.000001E-06
vn 1 1.192093E-06 -1.000001E-06
vn 1 1.192093E-06 -1.000001E-06
vn 1 1.192093E-06 -1.000001E-06
vn 1 1.192093E-06 -1.000001E-06
vn 1 1.192093E-06 -1.000001E-06
vn 1 1.192093E-06 -1.000001E-06
vn 1 1.192093E-06 -1.000001E-06
vn 1 1.192093E-06 -1.000001E-06
vn 1 1.192093E-06 -1.000001E-06
vn 1 1.192093E-06 -1.000001E-06
vn 1 1.192093E-06 -1.000001E-06
vn 1 1.192093E-06 -1.000001E-06
vn 1 1.192093E-06 -1.000001E-06
vn 1 1.192093E-06 -1.000001E-06
vn 1 1.192093E-06 -1.000001E-06
vn 1 1.192093E-06 -1.000001E-06
vn 1 1.192093E-06 -1.000001E-06
vn 1 1.192093E-06 -1.000001E-06
vn 1 1.192093E-06 -1.000001E-06
vn 1 1.192093E-06 -1.000001E-06
vn 1 1.192093E-06 -1.000001E-06
vn 1 1.192093E-06 -1.000001E-06
vn 1 1.192093E-06 -1.000001E-06
vn 1 1.192093E-06 -1.000001E-06
vn 1 1.192093E-06 -1.000001E-06
vn 1 1.192093E-06 -1.000001E-06
vn 1 1.192093E-06 -1.000001E-06
vn 1 1.192093E-06 -1.000001E-06
vn 1 1.192093E-06 -1.000001E-06
vn 1 1.192093E-06 -1.000001E-06
vn 1 1.192093E-06 -1.000001E-06
vn 1 1.192093E-06 -1.000001E-06
vn 1 1.192093E-06 -1.000001E-06
vn 1 1.192093E-06 -1.000001E-06
vn 1 1.192093E-06 -1.000001E-06
vn 1 1.192093E-06 -1.000001E-06
vn 1 1.192093E-06 -1.000001E-06
vn 1 1.192093E-06 -1.000001E-06
vn 1 1.192093E-06 -1.000001E-06
vn 1 1.192093E-06 -1.000001E-06
vn 1 1.192093E-06 -1.000001E-06
vn 1 1.192093E-06 -1.000001E-06
vn 1 1.192093E-06 -1.000001E-06
vn 1 1.192093E-06 -1.000001E-06
vn 1 1.192093E-06 -1.000001E-06
vn 1 1.192093E-06 -1.000001E-06
vn 1 1.192093E-06 -1.000001E-06
vn 1 1.192093E-06 -1.000001E-06
vn 1 1.192093E-06 -1.000001E-06
vn 1 1.192093E-06 -1.000001E-06
vn 1 1.192093E-06 -1.000001E-06
vn 1 1.192093E-06 -1.000001E-06
vn 1 1.192093E-06 -1.000001E-06
vn 1 1.192093E-06 -1.000001E-06
vn 1 1.192093E-06 -1.000001E-06
vn 1 1.192093E-06 -1.000001E-06
vn 1 1.192093E-06 -1.000001E-06
vn 1 1.192093E-06 -1.000001E-06
vn 1 1.192093E-06 -1.000001E-06
vn 1 1.192093E-06 -1.000001E-06
vn 1 1.192093E-06 -1.000001E-06
vn 1 1.192093E-06 -1.000001E-06
vn 1 1.192093E-06 -1.000001E-06
vn 1 1.192093E-06 -1.000001E-06
vn 1 1.192093E-06 -1.000001E-06
vn 1 1.192093E-06 -1.000001E-06
vn 1 1.192093E-06 -1.000001E-06
vn 1 1.192093E-06 -1.000001E-06
vn 1 1.192093E-06 -1.000001E-06
vn 1 1.192093E-06 -1.000001E-06
vn 1 1.192093E-06 -1.000001E-06
vn 1 1.192093E-06 -1.000001E-06
vn 1 1.192093E-06 -1.000001E-06
vn 1 1.192093E-06 -1.000001E-06
vn 1 1.192093E-06 -1.000001E-06
vn 1 1.192093E-06 -1.000001E-06
vn 1 1.192093E-06 -1.000001E-06
vn 1 1.192093E-06 -1.000001E-06
vn 9.977695E-07 -0.9940385 0.1090306
vn 8.718927E-07 -0.9997589 -0.02196038
vn 9.158153E-07 -0.9997589 0.0219622
vn 1.035829E-06 -0.9883541 0.1521729
vn 1.105931E-06 -0.9714053 0.2374275
vn 1.137967E-06 -0.960134 0.2795407
vn 1.195603E-06 -0.9320761 0.3622628
vn 1.221172E-06 -0.9152583 0.402868
vn 1.264848E-06 -0.8767218 0.4809981
vn 1.28302E-06 -0.85505 0.518546
vn 1.312255E-06 -0.8065993 0.5910991
vn 1.323235E-06 -0.7797709 0.6260653
vn 1.337373E-06 -0.7222584 0.6916236
vn 1.340618E-06 -0.6916218 0.7222601
vn 1.339517E-06 -0.6260636 0.7797723
vn 1.335083E-06 -0.5910976 0.8066002
vn 1.318666E-06 -0.5185444 0.8550508
vn 1.306767E-06 -0.4809964 0.8767228
vn 1.27545E-06 -0.4028659 0.9152592
vn 1.255964E-06 -0.3622606 0.9320771
vn 1.210062E-06 -0.2795387 0.9601347
vn 1.183682E-06 -0.2374258 0.971406
vn 1.124407E-06 -0.1521715 0.9883543
vn 1.091519E-06 -0.1090292 0.9940388
vn 1.019394E-06 -0.02196055 0.999759
vn 9.80124E-07 0.02196237 0.999759
vn 8.965583E-07 0.109031 0.9940385
vn 8.523016E-07 0.1521733 0.9883541
vn 7.591299E-07 0.2374276 0.9714055
vn 7.102068E-07 0.2795404 0.9601343
vn 6.081899E-07 0.3622623 0.9320764
vn 5.550681E-07 0.4028676 0.9152585
vn 4.466775E-07 0.480998 0.8767219
vn 3.91435E-07 0.518546 0.8550498
vn 2.781167E-07 0.5910991 0.8065991
vn 2.200267E-07 0.6260651 0.7797711
vn 1.039005E-07 0.6916233 0.7222586
vn 4.587232E-08 0.7222601 0.6916218
vn -7.110611E-08 0.7797724 0.6260634
vn -1.300583E-07 0.8066005 0.5910974
vn -2.459288E-07 0.8550507 0.5185447
vn -3.028525E-07 0.8767224 0.4809971
vn -4.154368E-07 0.9152587 0.402867
vn -4.710787E-07 0.9320766 0.3622615
vn -5.78887E-07 0.9601345 0.279539
vn -6.310775E-07 0.9714058 0.2374257
vn -7.314853E-07 0.9883543 0.1521711
vn -7.7971E-07 0.9940388 0.1090288
vn -8.718927E-07 0.9997589 0.02196038
vn -9.158153E-07 0.9997589 -0.0219622
vn -9.977695E-07 0.9940385 -0.1090306
vn -1.035829E-06 0.9883541 -0.1521729
vn -1.105931E-06 0.9714053 -0.2374275
vn -1.137967E-06 0.960134 -0.2795407
vn -1.195603E-06 0.9320759 -0.3622632
vn -1.221173E-06 0.915258 -0.4028686
vn -1.264848E-06 0.8767215 -0.4809987
vn -1.28302E-06 0.8550497 -0.5185462
vn -1.312255E-06 0.8065994 -0.5910989
vn -1.323234E-06 0.7797713 -0.6260648
vn -1.337373E-06 0.7222588 -0.6916231
vn -1.340618E-06 0.691622 -0.7222598
vn -1.339517E-06 0.6260636 -0.7797723
vn -1.335083E-06 0.5910976 -0.8066002
vn -1.318666E-06 0.5185444 -0.8550508
vn -1.306767E-06 0.4809964 -0.8767228
vn -1.27545E-06 0.4028659 -0.9152592
vn -1.255964E-06 0.3622606 -0.9320771
vn -1.210062E-06 0.2795387 -0.9601347
vn -1.183682E-06 0.2374258 -0.971406
vn -1.124407E-06 0.1521715 -0.9883543
vn -1.091519E-06 0.1090292 -0.9940388
vn -1.019394E-06 0.02196055 -0.999759
vn -9.80124E-07 -0.02196237 -0.999759
vn -8.965583E-07 -0.109031 -0.9940385
vn -8.523016E-07 -0.1521733 -0.9883541
vn -7.591299E-07 -0.2374276 -0.9714055
vn -7.102068E-07 -0.2795404 -0.9601343
vn -6.081899E-07 -0.3622623 -0.9320764
vn -5.550681E-07 -0.4028676 -0.9152585
vn -4.466775E-07 -0.480998 -0.8767219
vn -3.91435E-07 -0.518546 -0.8550498
vn -2.781167E-07 -0.5910991 -0.8065991
vn -2.200267E-07 -0.6260651 -0.7797711
vn -1.039009E-07 -0.6916231 -0.7222588
vn -4.587317E-08 -0.7222596 -0.6916223
vn 7.110526E-08 -0.779772 -0.6260639
vn 1.300579E-07 -0.8066003 -0.5910977
vn 2.459293E-07 -0.8550509 -0.5185444
vn 3.028534E-07 -0.8767227 -0.4809965
vn 4.154377E-07 -0.915259 -0.4028663
vn 4.710791E-07 -0.9320768 -0.3622611
vn 5.78887E-07 -0.9601345 -0.279539
vn 6.310775E-07 -0.9714058 -0.2374257
vn 7.314853E-07 -0.9883543 -0.1521711
vn 7.7971E-07 -0.9940388 -0.1090288
vn -9.977699E-07 0.9940385 -0.1090312
vn -8.718926E-07 0.999759 0.02196058
vn -9.158156E-07 0.999759 -0.02196241
vn -1.03583E-06 0.9883539 -0.1521735
vn -1.105931E-06 0.9714054 -0.2374274
vn -1.137966E-06 0.9601341 -0.27954
vn -1.195603E-06 0.9320763 -0.3622622
vn -1.221172E-06 0.9152582 -0.402868
vn -1.264848E-06 0.8767217 -0.4809982
vn -1.28302E-06 0.8550502 -0.5185456
vn -1.312255E-06 0.8065995 -0.5910988
vn -1.323235E-06 0.7797708 -0.6260653
vn -1.337373E-06 0.7222582 -0.6916237
vn -1.340618E-06 0.6916218 -0.72226
vn -1.339517E-06 0.6260637 -0.7797722
vn -1.335083E-06 0.5910975 -0.8066003
vn -1.318666E-06 0.5185444 -0.855051
vn -1.306767E-06 0.4809965 -0.8767227
vn -1.27545E-06 0.4028662 -0.9152591
vn -1.255964E-06 0.3622608 -0.9320771
vn -1.210062E-06 0.2795385 -0.9601347
vn -1.183682E-06 0.2374256 -0.9714061
vn -1.124407E-06 0.1521714 -0.9883543
vn -1.091519E-06 0.1090292 -0.9940388
vn -1.019394E-06 0.02196057 -0.9997591
vn -9.801241E-07 -0.02196239 -0.9997591
vn -8.965583E-07 -0.109031 -0.9940386
vn -8.523016E-07 -0.1521732 -0.9883541
vn -7.591302E-07 -0.2374273 -0.9714056
vn -7.10207E-07 -0.2795402 -0.9601343
vn -6.081897E-07 -0.3622625 -0.9320764
vn -5.550676E-07 -0.4028679 -0.9152583
vn -4.466773E-07 -0.4809981 -0.8767218
vn -3.914351E-07 -0.518546 -0.85505
vn -2.781169E-07 -0.591099 -0.8065993
vn -2.200265E-07 -0.6260651 -0.7797711
vn -1.039009E-07 -0.6916231 -0.7222587
vn -4.587345E-08 -0.7222595 -0.6916224
vn 7.110521E-08 -0.7797719 -0.6260639
vn 1.300584E-07 -0.8066005 -0.5910973
vn 2.459295E-07 -0.8550509 -0.5185443
vn 3.028526E-07 -0.8767225 -0.4809971
vn 4.154373E-07 -0.9152588 -0.4028666
vn 4.710803E-07 -0.9320771 -0.3622603
vn 5.788885E-07 -0.9601348 -0.2795377
vn 6.31078E-07 -0.9714059 -0.2374253
vn 7.314846E-07 -0.9883541 -0.1521717
vn 7.797093E-07 -0.9940387 -0.1090294
vn 8.718926E-07 -0.999759 -0.02196058
vn 9.158156E-07 -0.999759 0.02196241
vn 9.977699E-07 -0.9940385 0.1090312
vn 1.03583E-06 -0.9883539 0.1521735
vn 1.10593E-06 -0.9714054 0.2374271
vn 1.137966E-06 -0.9601344 0.2795395
vn 1.195603E-06 -0.9320764 0.362262
vn 1.221172E-06 -0.915258 0.4028682
vn 1.264848E-06 -0.8767215 0.4809987
vn 1.28302E-06 -0.85505 0.5185458
vn 1.312255E-06 -0.8065995 0.5910988
vn 1.323235E-06 -0.7797708 0.6260653
vn 1.337373E-06 -0.7222582 0.6916237
vn 1.340618E-06 -0.6916218 0.72226
vn 1.339517E-06 -0.6260637 0.7797722
vn 1.335083E-06 -0.5910975 0.8066003
vn 1.318666E-06 -0.5185444 0.855051
vn 1.306767E-06 -0.4809965 0.8767227
vn 1.27545E-06 -0.4028662 0.9152591
vn 1.255964E-06 -0.3622608 0.9320771
vn 1.210062E-06 -0.2795385 0.9601347
vn 1.183682E-06 -0.2374256 0.9714061
vn 1.124407E-06 -0.1521714 0.9883543
vn 1.091519E-06 -0.1090292 0.9940388
vn 1.019394E-06 -0.02196057 0.9997591
vn 9.801241E-07 0.02196239 0.9997591
vn 8.965583E-07 0.109031 0.9940386
vn 8.523016E-07 0.1521732 0.9883541
vn 7.591302E-07 0.2374273 0.9714056
vn 7.10207E-07 0.2795402 0.9601343
vn 6.081897E-07 0.3622625 0.9320764
vn 5.550676E-07 0.4028679 0.9152583
vn 4.466773E-07 0.4809981 0.8767218
vn 3.914351E-07 0.518546 0.85505
vn 2.781169E-07 0.591099 0.8065993
vn 2.200265E-07 0.6260651 0.7797711
vn 1.039009E-07 0.6916231 0.7222587
vn 4.587345E-08 0.7222595 0.6916224
vn -7.110521E-08 0.7797719 0.6260639
vn -1.300584E-07 0.8066005 0.5910973
vn -2.459299E-07 0.8550512 0.5185441
vn -3.028532E-07 0.8767226 0.4809966
vn -4.154376E-07 0.9152589 0.4028664
vn -4.710799E-07 0.9320769 0.3622606
vn -5.788878E-07 0.9601346 0.2795382
vn -6.310777E-07 0.9714059 0.2374256
vn -7.314846E-07 0.9883541 0.1521717
vn -7.797093E-07 0.9940387 0.1090294
vn 1 1.192093E-06 -1.000001E-06
vn 1 1.192093E-06 -1.000001E-06
vn 1 1.192093E-06 -1.000001E-06
vn 1 1.192093E-06 -1.000001E-06
vn 1 1.192093E-06 -1.000001E-06
vn 1 1.192093E-06 -1.000001E-06
vn 1 1.192093E-06 -1.000001E-06
vn 1 1.192093E-06 -1.000001E-06
vn 1 1.192093E-06 -1.000001E-06
vn 1 1.192093E-06 -1.000001E-06
vn 1 1.192093E-06 -1.000001E-06
vn 1 1.192093E-06 -1.000001E-06
vn 1 1.192093E-06 -1.000001E-06
vn 1 1.192093E-06 -1.000001E-06
vn 1 1.192093E-06 -1.000001E-06
vn 1 1.192093E-06 -1.000001E-06
vn 1 1.192093E-06 -1.000001E-06
vn 1 1.192093E-06 -1.000001E-06
vn 1 1.192093E-06 -1.000001E-06
vn 1 1.192093E-06 -1.000001E-06
vn 1 1.192093E-06 -1.000001E-06
vn 1 1.192093E-06 -1.000001E-06
vn 1 1.192093E-06 -1.000001E-06
vn 1 1.192093E-06 -1.000001E-06
vn 1 1.192093E-06 -1.000001E-06
vn 1 1.192093E-06 -1.000001E-06
vn 1 1.192093E-06 -1.000001E-06
vn 1 1.192093E-06 -1.000001E-06
vn 1 1.192093E-06 -1.000001E-06
vn 1 1.192093E-06 -1.000001E-06
vn 1 1.192093E-06 -1.000001E-06
vn 1 1.192093E-06 -1.000001E-06
vn 1 1.192093E-06 -1.000001E-06
vn 1 1.192093E-06 -1.000001E-06
vn 1 1.192093E-06 -1.000001E-06
vn 1 1.192093E-06 -1.000001E-06
vn 1 1.192093E-06 -1.000001E-06
vn 1 1.192093E-06 -1.000001E-06
vn 1 1.192093E-06 -1.000001E-06
vn 1 1.192093E-06 -1.000001E-06
vn 1 1.192093E-06 -1.000001E-06
vn 1 1.192093E-06 -1.000001E-06
vn 1 1.192093E-06 -1.000001E-06
vn 1 1.192093E-06 -1.000001E-06
vn 1 1.192093E-06 -1.000001E-06
vn 1 1.192093E-06 -1.000001E-06
vn 1 1.192093E-06 -1.000001E-06
vn 1 1.192093E-06 -1.000001E-06
vn 1 1.192093E-06 -1.000001E-06
vn 1 1.192093E-06 -1.000001E-06
vn 1 1.192093E-06 -1.000001E-06
vn 1 1.192093E-06 -1.000001E-06
vn 1 1.192093E-06 -1.000001E-06
vn 1 1.192093E-06 -1.000001E-06
vn 1 1.192093E-06 -1.000001E-06
vn 1 1.192093E-06 -1.000001E-06
vn 1 1.192093E-06 -1.000001E-06
vn 1 1.192093E-06 -1.000001E-06
vn 1 1.192093E-06 -1.000001E-06
vn 1 1.192093E-06 -1.000001E-06
vn 1 1.192093E-06 -1.000001E-06
vn 1 1.192093E-06 -1.000001E-06
vn 1 1.192093E-06 -1.000001E-06
vn 1 1.192093E-06 -1.000001E-06
vn 1 1.192093E-06 -1.000001E-06
vn 1 1.192093E-06 -1.000001E-06
vn 1 1.192093E-06 -1.000001E-06
vn 1 1.192093E-06 -1.000001E-06
vn 1 1.192093E-06 -1.000001E-06
vn 1 1.192093E-06 -1.000001E-06
vn 1 1.192093E-06 -1.000001E-06
vn 1 1.192093E-06 -1.000001E-06
vn 1 1.192093E-06 -1.000001E-06
vn 1 1.192093E-06 -1.000001E-06
vn 1 1.192093E-06 -1.000001E-06
vn 1 1.192093E-06 -1.000001E-06
vn 1 1.192093E-06 -1.000001E-06
vn 1 1.192093E-06 -1.000001E-06
vn 1 1.192093E-06 -1.000001E-06
vn 1 1.192093E-06 -1.000001E-06
vn 1 1.192093E-06 -1.000001E-06
vn 1 1.192093E-06 -1.000001E-06
vn 1 1.192093E-06 -1.000001E-06
vn 1 1.192093E-06 -1.000001E-06
vn 1 1.192093E-06 -1.000001E-06
vn 1 1.192093E-06 -1.000001E-06
vn 1 1.192093E-06 -1.000001E-06
vn 1 1.192093E-06 -1.000001E-06
vn 1 1.192093E-06 -1.000001E-06
vn 1 1.192093E-06 -1.000001E-06
vn 1 1.192093E-06 -1.000001E-06
vn 1 1.192093E-06 -1.000001E-06
vn 1 1.192093E-06 -1.000001E-06
vn 1 1.192093E-06 -1.000001E-06
vn 1 1.192093E-06 -1.000001E-06
vn 1 1.192093E-06 -1.000001E-06
vn 9.977708E-07 -0.9940383 0.1090322
vn 8.718919E-07 -0.9997589 -0.02196119
vn 9.158161E-07 -0.9997589 0.02196302
vn 1.03583E-06 -0.9883539 0.1521737
vn 1.10593E-06 -0.9714056 0.2374267
vn 1.137966E-06 -0.9601344 0.2795393
vn 1.195603E-06 -0.9320766 0.3622618
vn 1.221172E-06 -0.9152583 0.402868
vn 1.264848E-06 -0.8767215 0.4809987
vn 1.28302E-06 -0.8550497 0.5185462
vn 1.312255E-06 -0.8065994 0.5910989
vn 1.323234E-06 -0.7797713 0.6260648
vn 1.337373E-06 -0.7222592 0.6916227
vn 1.340618E-06 -0.6916228 0.7222591
vn 1.339517E-06 -0.626064 0.7797719
vn 1.335083E-06 -0.5910972 0.8066006
vn 1.318666E-06 -0.5185438 0.8550513
vn 1.306767E-06 -0.480996 0.8767231
vn 1.27545E-06 -0.4028659 0.9152592
vn 1.255964E-06 -0.3622606 0.9320771
vn 1.210062E-06 -0.2795387 0.9601347
vn 1.183682E-06 -0.2374258 0.971406
vn 1.124407E-06 -0.1521715 0.9883543
vn 1.091519E-06 -0.1090292 0.9940388
vn 1.019394E-06 -0.02196055 0.999759
vn 9.80124E-07 0.02196237 0.999759
vn 8.965583E-07 0.109031 0.9940385
vn 8.523016E-07 0.1521733 0.9883541
vn 7.591299E-07 0.2374276 0.9714055
vn 7.102068E-07 0.2795404 0.9601343
vn 6.081899E-07 0.3622623 0.9320764
vn 5.550681E-07 0.4028676 0.9152585
vn 4.466781E-07 0.4809977 0.8767222
vn 3.914361E-07 0.5185453 0.8550504
vn 2.781174E-07 0.5910987 0.8065995
vn 2.20026E-07 0.6260654 0.7797708
vn 1.038991E-07 0.6916241 0.7222579
vn 4.587159E-08 0.7222605 0.6916214
vn -7.110611E-08 0.7797724 0.6260634
vn -1.300583E-07 0.8066005 0.5910974
vn -2.459288E-07 0.8550507 0.5185447
vn -3.028525E-07 0.8767224 0.4809971
vn -4.154377E-07 0.915259 0.4028663
vn -4.710806E-07 0.9320772 0.3622601
vn -5.788888E-07 0.9601349 0.2795375
vn -6.310785E-07 0.9714061 0.237425
vn -7.314845E-07 0.9883542 0.1521719
vn -7.797082E-07 0.9940386 0.1090304
vn -8.718919E-07 0.9997589 0.02196119
vn -9.158161E-07 0.9997589 -0.02196302
vn -9.977708E-07 0.9940383 -0.1090322
vn -1.03583E-06 0.9883539 -0.1521737
vn -1.10593E-06 0.9714056 -0.2374267
vn -1.137966E-06 0.9601344 -0.2795393
vn -1.195603E-06 0.9320766 -0.3622618
vn -1.221172E-06 0.9152583 -0.402868
vn -1.264848E-06 0.8767215 -0.4809987
vn -1.28302E-06 0.8550497 -0.5185462
vn -1.312255E-06 0.8065994 -0.5910989
vn -1.323234E-06 0.7797713 -0.6260648
vn -1.337373E-06 0.7222592 -0.6916227
vn -1.340618E-06 0.6916228 -0.7222591
vn -1.339517E-06 0.626064 -0.7797719
vn -1.335083E-06 0.5910972 -0.8066006
vn -1.318666E-06 0.5185438 -0.8550513
vn -1.306767E-06 0.480996 -0.8767231
vn -1.27545E-06 0.4028659 -0.9152592
vn -1.255964E-06 0.3622606 -0.9320771
vn -1.210062E-06 0.2795387 -0.9601347
vn -1.183682E-06 0.2374258 -0.971406
vn -1.124407E-06 0.1521715 -0.9883543
vn -1.091519E-06 0.1090292 -0.9940388
vn -1.019394E-06 0.02196055 -0.999759
vn -9.80124E-07 -0.02196237 -0.999759
vn -8.965583E-07 -0.109031 -0.9940385
vn -8.523016E-07 -0.1521733 -0.9883541
vn -7.591299E-07 -0.2374276 -0.9714055
vn -7.102068E-07 -0.2795404 -0.9601343
vn -6.081899E-07 -0.3622623 -0.9320764
vn -5.550681E-07 -0.4028676 -0.9152585
vn -4.466781E-07 -0.4809977 -0.8767222
vn -3.914361E-07 -0.5185453 -0.8550504
vn -2.781174E-07 -0.5910987 -0.8065995
vn -2.20026E-07 -0.6260654 -0.7797708
vn -1.038991E-07 -0.6916241 -0.7222579
vn -4.587159E-08 -0.7222605 -0.6916214
vn 7.110611E-08 -0.7797724 -0.6260634
vn 1.300583E-07 -0.8066005 -0.5910974
vn 2.459288E-07 -0.8550507 -0.5185447
vn 3.028525E-07 -0.8767224 -0.4809971
vn 4.154377E-07 -0.915259 -0.4028663
vn 4.710806E-07 -0.9320772 -0.3622601
vn 5.788888E-07 -0.9601349 -0.2795375
vn 6.310785E-07 -0.9714061 -0.237425
vn 7.314845E-07 -0.9883542 -0.1521719
vn 7.797082E-07 -0.9940386 -0.1090304
vn -9.977705E-07 0.9940383 -0.1090318
vn -8.718919E-07 0.9997588 0.02196119
vn -9.15816E-07 0.9997588 -0.02196301
vn -1.035829E-06 0.988354 -0.1521729
vn -1.10593E-06 0.9714057 -0.237426
vn -1.137965E-06 0.9601345 -0.2795389
vn -1.195602E-06 0.9320766 -0.3622614
vn -1.221172E-06 0.9152586 -0.4028673
vn -1.264848E-06 0.8767215 -0.4809987
vn -1.28302E-06 0.8550492 -0.5185472
vn -1.312255E-06 0.8065985 -0.5910999
vn -1.323235E-06 0.7797708 -0.6260653
vn -1.337373E-06 0.7222589 -0.6916231
vn -1.340618E-06 0.6916221 -0.7222598
vn -1.339517E-06 0.6260637 -0.7797722
vn -1.335083E-06 0.5910975 -0.8066003
vn -1.318666E-06 0.5185444 -0.855051
vn -1.306767E-06 0.4809965 -0.8767227
vn -1.27545E-06 0.4028662 -0.9152591
vn -1.255964E-06 0.3622608 -0.9320771
vn -1.210062E-06 0.2795383 -0.9601348
vn -1.183681E-06 0.2374253 -0.971406
vn -1.124407E-06 0.1521713 -0.9883543
vn -1.091519E-06 0.1090293 -0.9940388
vn -1.019394E-06 0.02196061 -0.9997591
vn -9.801241E-07 -0.02196243 -0.9997591
vn -8.965582E-07 -0.1090311 -0.9940386
vn -8.523017E-07 -0.1521731 -0.988354
vn -7.591304E-07 -0.237427 -0.9714056
vn -7.102071E-07 -0.2795401 -0.9601343
vn -6.081897E-07 -0.3622625 -0.9320764
vn -5.550676E-07 -0.4028679 -0.9152583
vn -4.466773E-07 -0.4809981 -0.8767218
vn -3.914351E-07 -0.518546 -0.85505
vn -2.781169E-07 -0.591099 -0.8065993
vn -2.200265E-07 -0.6260651 -0.7797711
vn -1.039003E-07 -0.6916234 -0.7222585
vn -4.587221E-08 -0.7222602 -0.6916218
vn 7.110521E-08 -0.7797719 -0.6260639
vn 1.300564E-07 -0.8065996 -0.5910984
vn 2.459274E-07 -0.8550501 -0.5185456
vn 3.028526E-07 -0.8767225 -0.4809971
vn 4.154386E-07 -0.9152592 -0.4028656
vn 4.71081E-07 -0.9320773 -0.3622597
vn 5.788892E-07 -0.960135 -0.2795372
vn 6.310794E-07 -0.9714062 -0.2374242
vn 7.314853E-07 -0.9883543 -0.1521711
vn 7.797086E-07 -0.9940386 -0.10903
vn 8.718919E-07 -0.9997588 -0.02196119
vn 9.15816E-07 -0.9997588 0.02196301
vn 9.977705E-07 -0.9940383 0.1090318
vn 1.035829E-06 -0.988354 0.1521729
vn 1.10593E-06 -0.9714057 0.237426
vn 1.137965E-06 -0.9601345 0.2795389
vn 1.195602E-06 -0.9320766 0.3622614
vn 1.221172E-06 -0.9152586 0.4028673
vn 1.264848E-06 -0.8767215 0.4809987
vn 1.28302E-06 -0.8550492 0.5185472
vn 1.312255E-06 -0.8065985 0.5910999
vn 1.323235E-06 -0.7797708 0.6260653
vn 1.337373E-06 -0.7222589 0.6916231
vn 1.340618E-06 -0.6916221 0.7222598
vn 1.339517E-06 -0.6260637 0.7797722
vn 1.335083E-06 -0.5910975 0.8066003
vn 1.318666E-06 -0.5185444 0.855051
vn 1.306767E-06 -0.4809965 0.8767227
vn 1.27545E-06 -0.4028662 0.9152591
vn 1.255964E-06 -0.3622608 0.9320771
vn 1.210062E-06 -0.2795383 0.9601348
vn 1.183681E-06 -0.2374253 0.971406
vn 1.124407E-06 -0.1521713 0.9883543
vn 1.091519E-06 -0.1090293 0.9940388
vn 1.019394E-06 -0.02196061 0.9997591
vn 9.801241E-07 0.02196243 0.9997591
vn 8.965582E-07 0.1090311 0.9940386
vn 8.523017E-07 0.1521731 0.988354
vn 7.591304E-07 0.237427 0.9714056
vn 7.102071E-07 0.2795401 0.9601343
vn 6.081897E-07 0.3622625 0.9320764
vn 5.550676E-07 0.4028679 0.9152583
vn 4.466773E-07 0.4809981 0.8767218
vn 3.914351E-07 0.518546 0.85505
vn 2.781169E-07 0.591099 0.8065993
vn 2.200265E-07 0.6260651 0.7797711
vn 1.039003E-07 0.6916234 0.7222585
vn 4.587221E-08 0.7222602 0.6916218
vn -7.110521E-08 0.7797719 0.6260639
vn -1.300564E-07 0.8065996 0.5910984
vn -2.459274E-07 0.8550501 0.5185456
vn -3.028526E-07 0.8767225 0.4809971
vn -4.154386E-07 0.9152592 0.4028656
vn -4.71081E-07 0.9320773 0.3622597
vn -5.788892E-07 0.960135 0.2795372
vn -6.310794E-07 0.9714062 0.2374242
vn -7.314853E-07 0.9883543 0.1521711
vn -7.797086E-07 0.9940386 0.10903
vn 1 1.192093E-06 -1.000001E-06
vn 1 1.192093E-06 -1.000001E-06
vn 1 1.192093E-06 -1.000001E-06
vn 1 1.192093E-06 -1.000001E-06
vn 1 1.192093E-06 -1.000001E-06
vn 1 1.192093E-06 -1.000001E-06
vn 1 1.192093E-06 -1.000001E-06
vn 1 1.192093E-06 -1.000001E-06
vn 1 1.192093E-06 -1.000001E-06
vn 1 1.192093E-06 -1.000001E-06
vn 1 1.192093E-06 -1.000001E-06
vn 1 1.192093E-06 -1.000001E-06
vn 1 1.192093E-06 -1.000001E-06
vn 1 1.192093E-06 -1.000001E-06
vn 1 1.192093E-06 -1.000001E-06
vn 1 1.192093E-06 -1.000001E-06
vn 1 1.192093E-06 -1.000001E-06
vn 1 1.192093E-06 -1.000001E-06
vn 1 1.192093E-06 -1.000001E-06
vn 1 1.192093E-06 -1.000001E-06
vn 1 1.192093E-06 -1.000001E-06
vn 1 1.192093E-06 -1.000001E-06
vn 1 1.192093E-06 -1.000001E-06
vn 1 1.192093E-06 -1.000001E-06
vn 1 1.192093E-06 -1.000001E-06
vn 1 1.192093E-06 -1.000001E-06
vn 1 1.192093E-06 -1.000001E-06
vn 1 1.192093E-06 -1.000001E-06
vn 1 1.192093E-06 -1.000001E-06
vn 1 1.192093E-06 -1.000001E-06
vn 1 1.192093E-06 -1.000001E-06
vn 1 1.192093E-06 -1.000001E-06
vn 1 1.192093E-06 -1.000001E-06
vn 1 1.192093E-06 -1.000001E-06
vn 1 1.192093E-06 -1.000001E-06
vn 1 1.192093E-06 -1.000001E-06
vn 1 1.192093E-06 -1.000001E-06
vn 1 1.192093E-06 -1.000001E-06
vn 1 1.192093E-06 -1.000001E-06
vn 1 1.192093E-06 -1.000001E-06
vn 1 1.192093E-06 -1.000001E-06
vn 1 1.192093E-06 -1.000001E-06
vn 1 1.192093E-06 -1.000001E-06
vn 1 1.192093E-06 -1.000001E-06
vn 1 1.192093E-06 -1.000001E-06
vn 1 1.192093E-06 -1.000001E-06
vn 1 1.192093E-06 -1.000001E-06
vn 1 1.192093E-06 -1.000001E-06
vn 1 1.192093E-06 -1.000001E-06
vn 1 1.192093E-06 -1.000001E-06
vn 1 1.192093E-06 -1.000001E-06
vn 1 1.192093E-06 -1.000001E-06
vn 1 1.192093E-06 -1.000001E-06
vn 1 1.192093E-06 -1.000001E-06
vn 1 1.192093E-06 -1.000001E-06
vn 1 1.192093E-06 -1.000001E-06
vn 1 1.192093E-06 -1.000001E-06
vn 1 1.192093E-06 -1.000001E-06
vn 1 1.192093E-06 -1.000001E-06
vn 1 1.192093E-06 -1.000001E-06
vn 1 1.192093E-06 -1.000001E-06
vn 1 1.192093E-06 -1.000001E-06
vn 1 1.192093E-06 -1.000001E-06
vn 1 1.192093E-06 -1.000001E-06
vn 1 1.192093E-06 -1.000001E-06
vn 1 1.192093E-06 -1.000001E-06
vn 1 1.192093E-06 -1.000001E-06
vn 1 1.192093E-06 -1.000001E-06
vn 1 1.192093E-06 -1.000001E-06
vn 1 1.192093E-06 -1.000001E-06
vn 1 1.192093E-06 -1.000001E-06
vn 1 1.192093E-06 -1.000001E-06
vn 1 1.192093E-06 -1.000001E-06
vn 1 1.192093E-06 -1.000001E-06
vn 1 1.192093E-06 -1.000001E-06
vn 1 1.192093E-06 -1.000001E-06
vn 1 1.192093E-06 -1.000001E-06
vn 1 1.192093E-06 -1.000001E-06
vn 1 1.192093E-06 -1.000001E-06
vn 1 1.192093E-06 -1.000001E-06
vn 1 1.192093E-06 -1.000001E-06
vn 1 1.192093E-06 -1.000001E-06
vn 1 1.192093E-06 -1.000001E-06
vn 1 1.192093E-06 -1.000001E-06
vn 1 1.192093E-06 -1.000001E-06
vn 1 1.192093E-06 -1.000001E-06
vn 1 1.192093E-06 -1.000001E-06
vn 1 1.192093E-06 -1.000001E-06
vn 1 1.192093E-06 -1.000001E-06
vn 1 1.192093E-06 -1.000001E-06
vn 1 1.192093E-06 -1.000001E-06
vn 1 1.192093E-06 -1.000001E-06
vn 1 1.192093E-06 -1.000001E-06
vn 1 1.192093E-06 -1.000001E-06
vn 1 1.192093E-06 -1.000001E-06
vn 1 1.192093E-06 -1.000001E-06
vn 9.977708E-07 -0.9940383 0.1090322
vn 8.718919E-07 -0.9997589 -0.02196119
vn 9.158161E-07 -0.9997589 0.02196302
vn 1.03583E-06 -0.9883539 0.1521737
vn 1.10593E-06 -0.9714056 0.2374267
vn 1.137966E-06 -0.9601344 0.2795393
vn 1.195603E-06 -0.9320766 0.3622618
vn 1.221172E-06 -0.9152583 0.402868
vn 1.264848E-06 -0.8767215 0.4809987
vn 1.28302E-06 -0.8550497 0.5185462
vn 1.312255E-06 -0.8065994 0.5910989
vn 1.323234E-06 -0.7797713 0.6260648
vn 1.337373E-06 -0.7222592 0.6916227
vn 1.340618E-06 -0.6916228 0.7222591
vn 1.339517E-06 -0.626064 0.7797719
vn 1.335083E-06 -0.5910972 0.8066006
vn 1.318666E-06 -0.5185438 0.8550513
vn 1.306767E-06 -0.480996 0.8767231
vn 1.27545E-06 -0.4028659 0.9152592
vn 1.255964E-06 -0.3622606 0.9320771
vn 1.210062E-06 -0.2795387 0.9601347
vn 1.183682E-06 -0.2374258 0.971406
vn 1.124407E-06 -0.1521715 0.9883543
vn 1.091519E-06 -0.1090292 0.9940388
vn 1.019394E-06 -0.02196055 0.999759
vn 9.80124E-07 0.02196237 0.999759
vn 8.965583E-07 0.109031 0.9940385
vn 8.523016E-07 0.1521733 0.9883541
vn 7.591299E-07 0.2374276 0.9714055
vn 7.102068E-07 0.2795404 0.9601343
vn 6.081899E-07 0.3622623 0.9320764
vn 5.550681E-07 0.4028676 0.9152585
vn 4.466781E-07 0.4809977 0.8767222
vn 3.914361E-07 0.5185453 0.8550504
vn 2.781174E-07 0.5910987 0.8065995
vn 2.20026E-07 0.6260654 0.7797708
vn 1.038991E-07 0.6916241 0.7222579
vn 4.587159E-08 0.7222605 0.6916214
vn -7.110611E-08 0.7797724 0.6260634
vn -1.300583E-07 0.8066005 0.5910974
vn -2.459307E-07 0.8550514 0.5185435
vn -3.028562E-07 0.8767238 0.4809946
vn -4.154377E-07 0.915259 0.4028663
vn -4.710749E-07 0.9320756 0.3622643
vn -5.788812E-07 0.9601331 0.2795435
vn -6.310748E-07 0.9714053 0.237428
vn -7.314862E-07 0.9883544 0.1521703
vn -7.797117E-07 0.9940389 0.1090272
vn -8.718935E-07 0.9997589 0.02195957
vn -9.158145E-07 0.9997589 -0.02196139
vn -9.97768E-07 0.9940387 -0.109029
vn -1.035829E-06 0.9883541 -0.1521721
vn -1.105933E-06 0.9714049 -0.2374298
vn -1.13797E-06 0.9601327 -0.2795452
vn -1.195605E-06 0.9320749 -0.362266
vn -1.221172E-06 0.9152583 -0.402868
vn -1.264847E-06 0.8767229 -0.4809962
vn -1.283019E-06 0.8550504 -0.518545
vn -1.312255E-06 0.8065994 -0.5910989
vn -1.323234E-06 0.7797713 -0.6260648
vn -1.337373E-06 0.7222592 -0.6916227
vn -1.340618E-06 0.6916228 -0.7222591
vn -1.339517E-06 0.626064 -0.7797719
vn -1.335083E-06 0.5910972 -0.8066006
vn -1.318666E-06 0.5185438 -0.8550513
vn -1.306767E-06 0.480996 -0.8767231
vn -1.27545E-06 0.4028659 -0.9152592
vn -1.255964E-06 0.3622606 -0.9320771
vn -1.210062E-06 0.2795387 -0.9601347
vn -1.183682E-06 0.2374258 -0.971406
vn -1.124407E-06 0.1521715 -0.9883543
vn -1.091519E-06 0.1090292 -0.9940388
vn -1.019394E-06 0.02196055 -0.999759
vn -9.80124E-07 -0.02196237 -0.999759
vn -8.965583E-07 -0.109031 -0.9940385
vn -8.523016E-07 -0.1521733 -0.9883541
vn -7.591299E-07 -0.2374276 -0.9714055
vn -7.102068E-07 -0.2795404 -0.9601343
vn -6.081899E-07 -0.3622623 -0.9320764
vn -5.550681E-07 -0.4028676 -0.9152585
vn -4.466781E-07 -0.4809977 -0.8767222
vn -3.914361E-07 -0.5185453 -0.8550504
vn -2.781174E-07 -0.5910987 -0.8065995
vn -2.20026E-07 -0.6260654 -0.7797708
vn -1.038991E-07 -0.6916241 -0.7222579
vn -4.587159E-08 -0.7222605 -0.6916214
vn 7.110611E-08 -0.7797724 -0.6260634
vn 1.300583E-07 -0.8066005 -0.5910974
vn 2.459288E-07 -0.8550507 -0.5185447
vn 3.028525E-07 -0.8767224 -0.4809971
vn 4.154377E-07 -0.915259 -0.4028663
vn 4.710806E-07 -0.9320772 -0.3622601
vn 5.788888E-07 -0.9601349 -0.2795375
vn 6.310785E-07 -0.9714061 -0.237425
vn 7.314845E-07 -0.9883542 -0.1521719
vn 7.797082E-07 -0.9940386 -0.1090304
vn -9.977705E-07 0.9940383 -0.1090318
vn -8.718919E-07 0.9997588 0.02196119
vn -9.15816E-07 0.9997588 -0.02196301
vn -1.035829E-06 0.988354 -0.1521729
vn -1.10593E-06 0.9714057 -0.237426
vn -1.137965E-06 0.9601345 -0.2795389
vn -1.195602E-06 0.9320766 -0.3622614
vn -1.221172E-06 0.9152586 -0.4028673
vn -1.264848E-06 0.8767215 -0.4809987
vn -1.28302E-06 0.8550492 -0.5185472
vn -1.312255E-06 0.8065985 -0.5910999
vn -1.323235E-06 0.7797708 -0.6260653
vn -1.337373E-06 0.7222589 -0.6916231
vn -1.340618E-06 0.6916221 -0.7222598
vn -1.339517E-06 0.6260637 -0.7797722
vn -1.335083E-06 0.5910975 -0.8066003
vn -1.318666E-06 0.5185444 -0.855051
vn -1.306767E-06 0.4809965 -0.8767227
vn -1.27545E-06 0.4028662 -0.9152591
vn -1.255964E-06 0.3622608 -0.9320771
vn -1.210062E-06 0.2795383 -0.9601348
vn -1.183681E-06 0.2374253 -0.971406
vn -1.124407E-06 0.1521713 -0.9883543
vn -1.091519E-06 0.1090293 -0.9940388
vn -1.019394E-06 0.02196061 -0.9997591
vn -9.801241E-07 -0.02196243 -0.9997591
vn -8.965582E-07 -0.1090311 -0.9940386
vn -8.523017E-07 -0.1521731 -0.988354
vn -7.591304E-07 -0.237427 -0.9714056
vn -7.102071E-07 -0.2795401 -0.9601343
vn -6.081897E-07 -0.3622625 -0.9320764
vn -5.550676E-07 -0.4028679 -0.9152583
vn -4.466773E-07 -0.4809981 -0.8767218
vn -3.914351E-07 -0.518546 -0.85505
vn -2.781169E-07 -0.591099 -0.8065993
vn -2.200265E-07 -0.6260651 -0.7797711
vn -1.039003E-07 -0.6916234 -0.7222585
vn -4.587221E-08 -0.7222602 -0.6916218
vn 7.110521E-08 -0.7797719 -0.6260639
vn 1.300564E-07 -0.8065996 -0.5910984
vn 2.459288E-07 -0.8550506 -0.5185447
vn 3.028553E-07 -0.8767233 -0.4809951
vn 4.154386E-07 -0.9152592 -0.4028656
vn 4.710768E-07 -0.9320761 -0.3622629
vn 5.78885E-07 -0.960134 -0.2795405
vn 6.310794E-07 -0.9714062 -0.2374242
vn 7.31488E-07 -0.9883546 -0.1521688
vn 7.797099E-07 -0.9940387 -0.1090288
vn 8.718919E-07 -0.9997588 -0.02196119
vn 9.15816E-07 -0.9997588 0.02196301
vn 9.977693E-07 -0.9940385 0.1090306
vn 1.035827E-06 -0.9883544 0.1521706
vn 1.10593E-06 -0.9714057 0.237426
vn 1.137968E-06 -0.9601335 0.2795423
vn 1.195604E-06 -0.9320754 0.3622646
vn 1.221172E-06 -0.9152586 0.4028673
vn 1.264847E-06 -0.8767225 0.4809968
vn 1.28302E-06 -0.8550497 0.5185462
vn 1.312255E-06 -0.8065985 0.5910999
vn 1.323235E-06 -0.7797708 0.6260653
vn 1.337373E-06 -0.7222589 0.6916231
vn 1.340618E-06 -0.6916221 0.7222598
vn 1.339517E-06 -0.6260637 0.7797722
vn 1.335083E-06 -0.5910975 0.8066003
vn 1.318666E-06 -0.5185444 0.855051
vn 1.306767E-06 -0.4809965 0.8767227
vn 1.27545E-06 -0.4028662 0.9152591
vn 1.255964E-06 -0.3622608 0.9320771
vn 1.210062E-06 -0.2795383 0.9601348
vn 1.183681E-06 -0.2374253 0.971406
vn 1.124407E-06 -0.1521713 0.9883543
vn 1.091519E-06 -0.1090293 0.9940388
vn 1.019394E-06 -0.02196061 0.9997591
vn 9.801241E-07 0.02196243 0.9997591
vn 8.965582E-07 0.1090311 0.9940386
vn 8.523017E-07 0.1521731 0.988354
vn 7.591304E-07 0.237427 0.9714056
vn 7.102071E-07 0.2795401 0.9601343
vn 6.081897E-07 0.3622625 0.9320764
vn 5.550676E-07 0.4028679 0.9152583
vn 4.466773E-07 0.4809981 0.8767218
vn 3.914351E-07 0.518546 0.85505
vn 2.781169E-07 0.591099 0.8065993
vn 2.200265E-07 0.6260651 0.7797711
vn 1.039003E-07 0.6916234 0.7222585
vn 4.587221E-08 0.7222602 0.6916218
vn -7.110521E-08 0.7797719 0.6260639
vn -1.300564E-07 0.8065996 0.5910984
vn -2.459274E-07 0.8550501 0.5185456
vn -3.028526E-07 0.8767225 0.4809971
vn -4.154386E-07 0.9152592 0.4028656
vn -4.71081E-07 0.9320773 0.3622597
vn -5.788892E-07 0.960135 0.2795372
vn -6.310794E-07 0.9714062 0.2374242
vn -7.314853E-07 0.9883543 0.1521711
vn -7.797086E-07 0.9940386 0.10903
vn 1 1.192093E-06 -1.000001E-06
vn 1 1.192093E-06 -1.000001E-06
vn 1 1.192093E-06 -1.000001E-06
vn 1 1.192093E-06 -1.000001E-06
vn 1 1.192093E-06 -1.000001E-06
vn 1 1.192093E-06 -1.000001E-06
vn 1 1.192093E-06 -1.000001E-06
vn 1 1.192093E-06 -1.000001E-06
vn 1 1.192093E-06 -1.000001E-06
vn 1 1.192093E-06 -1.000001E-06
vn 1 1.192093E-06 -1.000001E-06
vn 1 1.192093E-06 -1.000001E-06
vn 1 1.192093E-06 -1.000001E-06
vn 1 1.192093E-06 -1.000001E-06
vn 1 1.192093E-06 -1.000001E-06
vn 1 1.192093E-06 -1.000001E-06
vn 1 1.192093E-06 -1.000001E-06
vn 1 1.192093E-06 -1.000001E-06
vn 1 1.192093E-06 -1.000001E-06
vn 1 1.192093E-06 -1.000001E-06
vn 1 1.192093E-06 -1.000001E-06
vn 1 1.192093E-06 -1.000001E-06
vn 1 1.192093E-06 -1.000001E-06
vn 1 1.192093E-06 -1.000001E-06
vn 1 1.192093E-06 -1.000001E-06
vn 1 1.192093E-06 -1.000001E-06
vn 1 1.192093E-06 -1.000001E-06
vn 1 1.192093E-06 -1.000001E-06
vn 1 1.192093E-06 -1.000001E-06
vn 1 1.192093E-06 -1.000001E-06
vn 1 1.192093E-06 -1.000001E-06
vn 1 1.192093E-06 -1.000001E-06
vn 1 1.192093E-06 -1.000001E-06
vn 1 1.192093E-06 -1.000001E-06
vn 1 1.192093E-06 -1.000001E-06
vn 1 1.192093E-06 -1.000001E-06
vn 1 1.192093E-06 -1.000001E-06
vn 1 1.192093E-06 -1.000001E-06
vn 1 1.192093E-06 -1.000001E-06
vn 1 1.192093E-06 -1.000001E-06
vn 1 1.192093E-06 -1.000001E-06
vn 1 1.192093E-06 -1.000001E-06
vn 1 1.192093E-06 -1.000001E-06
vn 1 1.192093E-06 -1.000001E-06
vn 1 1.192093E-06 -1.000001E-06
vn 1 1.192093E-06 -1.000001E-06
vn 1 1.192093E-06 -1.000001E-06
vn 1 1.192093E-06 -1.000001E-06
vn 1 1.192093E-06 -1.000001E-06
vn 1 1.192093E-06 -1.000001E-06
vn 1 1.192093E-06 -1.000001E-06
vn 1 1.192093E-06 -1.000001E-06
vn 1 1.192093E-06 -1.000001E-06
vn 1 1.192093E-06 -1.000001E-06
vn 1 1.192093E-06 -1.000001E-06
vn 1 1.192093E-06 -1.000001E-06
vn 1 1.192093E-06 -1.000001E-06
vn 1 1.192093E-06 -1.000001E-06
vn 1 1.192093E-06 -1.000001E-06
vn 1 1.192093E-06 -1.000001E-06
vn 1 1.192093E-06 -1.000001E-06
vn 1 1.192093E-06 -1.000001E-06
vn 1 1.192093E-06 -1.000001E-06
vn 1 1.192093E-06 -1.000001E-06
vn 1 1.192093E-06 -1.000001E-06
vn 1 1.192093E-06 -1.000001E-06
vn 1 1.192093E-06 -1.000001E-06
vn 1 1.192093E-06 -1.000001E-06
vn 1 1.192093E-06 -1.000001E-06
vn 1 1.192093E-06 -1.000001E-06
vn 1 1.192093E-06 -1.000001E-06
vn 1 1.192093E-06 -1.000001E-06
vn 1 1.192093E-06 -1.000001E-06
vn 1 1.192093E-06 -1.000001E-06
vn 1 1.192093E-06 -1.000001E-06
vn 1 1.192093E-06 -1.000001E-06
vn 1 1.192093E-06 -1.000001E-06
vn 1 1.192093E-06 -1.000001E-06
vn 1 1.192093E-06 -1.000001E-06
vn 1 1.192093E-06 -1.000001E-06
vn 1 1.192093E-06 -1.000001E-06
vn 1 1.192093E-06 -1.000001E-06
vn 1 1.192093E-06 -1.000001E-06
vn 1 1.192093E-06 -1.000001E-06
vn 1 1.192093E-06 -1.000001E-06
vn 1 1.192093E-06 -1.000001E-06
vn 1 1.192093E-06 -1.000001E-06
vn 1 1.192093E-06 -1.000001E-06
vn 1 1.192093E-06 -1.000001E-06
vn 1 1.192093E-06 -1.000001E-06
vn 1 1.192093E-06 -1.000001E-06
vn 1 1.192093E-06 -1.000001E-06
vn 1 1.192093E-06 -1.000001E-06
vn 1 1.192093E-06 -1.000001E-06
vn 1 1.192093E-06 -1.000001E-06
vn 1 1.192093E-06 -1.000001E-06
vn 9.97768E-07 -0.9940387 0.109029
vn 8.718935E-07 -0.9997589 -0.02195957
vn 9.158145E-07 -0.9997589 0.02196139
vn 1.035829E-06 -0.9883541 0.1521721
vn 1.105933E-06 -0.9714049 0.2374298
vn 1.13797E-06 -0.9601327 0.2795452
vn 1.195605E-06 -0.9320749 0.362266
vn 1.221172E-06 -0.9152583 0.402868
vn 1.264847E-06 -0.8767229 0.4809962
vn 1.283019E-06 -0.8550504 0.518545
vn 1.312255E-06 -0.8065994 0.5910989
vn 1.323234E-06 -0.7797713 0.6260648
vn 1.337373E-06 -0.7222592 0.6916227
vn 1.340618E-06 -0.6916228 0.7222591
vn 1.339517E-06 -0.626064 0.7797719
vn 1.335083E-06 -0.5910972 0.8066006
vn 1.318666E-06 -0.5185444 0.8550508
vn 1.306768E-06 -0.4809974 0.8767222
vn 1.27545E-06 -0.4028671 0.9152587
vn 1.255964E-06 -0.3622611 0.9320768
vn 1.210062E-06 -0.2795378 0.9601349
vn 1.183681E-06 -0.2374243 0.9714064
vn 1.124406E-06 -0.1521707 0.9883544
vn 1.091519E-06 -0.1090292 0.9940388
vn 1.019394E-06 -0.02196066 0.9997591
vn 9.80124E-07 0.02196248 0.9997591
vn 8.965583E-07 0.109031 0.9940385
vn 8.523024E-07 0.1521725 0.9883542
vn 7.591316E-07 0.2374261 0.9714059
vn 7.102077E-07 0.2795395 0.9601344
vn 6.081892E-07 0.3622628 0.9320762
vn 5.550664E-07 0.4028688 0.9152579
vn 4.46676E-07 0.480999 0.8767213
vn 3.91435E-07 0.518546 0.8550498
vn 2.781174E-07 0.5910987 0.8065995
vn 2.20026E-07 0.6260654 0.7797708
vn 1.038991E-07 0.6916241 0.7222579
vn 4.587159E-08 0.7222605 0.6916214
vn -7.110611E-08 0.7797724 0.6260634
vn -1.300583E-07 0.8066005 0.5910974
vn -2.459307E-07 0.8550514 0.5185435
vn -3.028562E-07 0.8767238 0.4809946
vn -4.154377E-07 0.915259 0.4028663
vn -4.710749E-07 0.9320756 0.3622643
vn -5.788812E-07 0.9601331 0.2795435
vn -6.310748E-07 0.9714053 0.237428
vn -7.314862E-07 0.9883544 0.1521703
vn -7.797117E-07 0.9940389 0.1090272
vn -8.718935E-07 0.9997589 0.02195957
vn -9.158145E-07 0.9997589 -0.02196139
vn -9.97768E-07 0.9940387 -0.109029
vn -1.035829E-06 0.9883541 -0.1521721
vn -1.105933E-06 0.9714049 -0.2374298
vn -1.13797E-06 0.9601327 -0.2795452
vn -1.195605E-06 0.9320749 -0.362266
vn -1.221172E-06 0.9152583 -0.402868
vn -1.264847E-06 0.8767229 -0.4809962
vn -1.283019E-06 0.8550504 -0.518545
vn -1.312255E-06 0.8065994 -0.5910989
vn -1.323234E-06 0.7797713 -0.6260648
vn -1.337373E-06 0.7222592 -0.6916227
vn -1.340618E-06 0.6916228 -0.7222591
vn -1.339517E-06 0.626064 -0.7797719
vn -1.335083E-06 0.5910972 -0.8066006
vn -1.318666E-06 0.5185444 -0.8550508
vn -1.306768E-06 0.4809974 -0.8767222
vn -1.27545E-06 0.4028671 -0.9152587
vn -1.255964E-06 0.3622611 -0.9320768
vn -1.210062E-06 0.2795378 -0.9601349
vn -1.183681E-06 0.2374243 -0.9714064
vn -1.124406E-06 0.1521707 -0.9883544
vn -1.091519E-06 0.1090292 -0.9940388
vn -1.019394E-06 0.02196066 -0.9997591
vn -9.80124E-07 -0.02196248 -0.9997591
vn -8.965583E-07 -0.109031 -0.9940385
vn -8.523024E-07 -0.1521725 -0.9883542
vn -7.591316E-07 -0.2374261 -0.9714059
vn -7.102077E-07 -0.2795395 -0.9601344
vn -6.081892E-07 -0.3622628 -0.9320762
vn -5.550664E-07 -0.4028688 -0.9152579
vn -4.46676E-07 -0.480999 -0.8767213
vn -3.91435E-07 -0.518546 -0.8550498
vn -2.781174E-07 -0.5910987 -0.8065995
vn -2.20026E-07 -0.6260654 -0.7797708
vn -1.038991E-07 -0.6916241 -0.7222579
vn -4.587159E-08 -0.7222605 -0.6916214
vn 7.110611E-08 -0.7797724 -0.6260634
vn 1.300583E-07 -0.8066005 -0.5910974
vn 2.459307E-07 -0.8550514 -0.5185435
vn 3.028562E-07 -0.8767238 -0.4809946
vn 4.154377E-07 -0.915259 -0.4028663
vn 4.710749E-07 -0.9320756 -0.3622643
vn 5.788812E-07 -0.9601331 -0.2795435
vn 6.310748E-07 -0.9714053 -0.237428
vn 7.314862E-07 -0.9883544 -0.1521703
vn 7.797117E-07 -0.9940389 -0.1090272
vn -9.977693E-07 0.9940385 -0.1090306
vn -8.718919E-07 0.9997588 0.02196119
vn -9.15816E-07 0.9997588 -0.02196301
vn -1.035827E-06 0.9883544 -0.1521706
vn -1.10593E-06 0.9714057 -0.237426
vn -1.137968E-06 0.9601335 -0.2795423
vn -1.195604E-06 0.9320754 -0.3622646
vn -1.221172E-06 0.9152586 -0.4028673
vn -1.264847E-06 0.8767225 -0.4809968
vn -1.28302E-06 0.8550497 -0.5185462
vn -1.312255E-06 0.8065985 -0.5910999
vn -1.323235E-06 0.7797708 -0.6260653
vn -1.337373E-06 0.7222589 -0.6916231
vn -1.340618E-06 0.6916221 -0.7222598
vn -1.339517E-06 0.6260637 -0.7797722
vn -1.335083E-06 0.5910975 -0.8066003
vn -1.318666E-06 0.5185444 -0.855051
vn -1.306767E-06 0.4809965 -0.8767227
vn -1.27545E-06 0.4028658 -0.9152593
vn -1.255963E-06 0.3622599 -0.9320773
vn -1.210062E-06 0.279538 -0.9601347
vn -1.183682E-06 0.2374256 -0.9714061
vn -1.124407E-06 0.1521717 -0.9883543
vn -1.091519E-06 0.1090294 -0.9940388
vn -1.019394E-06 0.02196061 -0.9997591
vn -9.801241E-07 -0.02196243 -0.9997591
vn -8.96558E-07 -0.1090312 -0.9940385
vn -8.523014E-07 -0.1521735 -0.988354
vn -7.591302E-07 -0.2374273 -0.9714056
vn -7.102074E-07 -0.2795397 -0.9601343
vn -6.081908E-07 -0.3622616 -0.9320766
vn -5.550683E-07 -0.4028674 -0.9152585
vn -4.466773E-07 -0.4809981 -0.8767218
vn -3.914351E-07 -0.518546 -0.85505
vn -2.781169E-07 -0.591099 -0.8065993
vn -2.200265E-07 -0.6260651 -0.7797711
vn -1.039003E-07 -0.6916234 -0.7222585
vn -4.587221E-08 -0.7222602 -0.6916218
vn 7.110521E-08 -0.7797719 -0.6260639
vn 1.300564E-07 -0.8065996 -0.5910984
vn 2.459288E-07 -0.8550506 -0.5185447
vn 3.028553E-07 -0.8767233 -0.4809951
vn 4.154386E-07 -0.9152592 -0.4028656
vn 4.710768E-07 -0.9320761 -0.3622629
vn 5.78885E-07 -0.960134 -0.2795405
vn 6.310794E-07 -0.9714062 -0.2374242
vn 7.31488E-07 -0.9883546 -0.1521688
vn 7.797099E-07 -0.9940387 -0.1090288
vn 8.718919E-07 -0.9997588 -0.02196119
vn 9.15816E-07 -0.9997588 0.02196301
vn 9.977693E-07 -0.9940385 0.1090306
vn 1.035827E-06 -0.9883544 0.1521706
vn 1.10593E-06 -0.9714057 0.237426
vn 1.137968E-06 -0.9601335 0.2795423
vn 1.195604E-06 -0.9320754 0.3622646
vn 1.221172E-06 -0.9152586 0.4028673
vn 1.264847E-06 -0.8767225 0.4809968
vn 1.28302E-06 -0.8550497 0.5185462
vn 1.312255E-06 -0.8065985 0.5910999
vn 1.323235E-06 -0.7797708 0.6260653
vn 1.337373E-06 -0.7222589 0.6916231
vn 1.340618E-06 -0.6916221 0.7222598
vn 1.339517E-06 -0.6260637 0.7797722
vn 1.335083E-06 -0.5910975 0.8066003
vn 1.318666E-06 -0.5185444 0.855051
vn 1.306767E-06 -0.4809965 0.8767227
vn 1.27545E-06 -0.4028658 0.9152593
vn 1.255963E-06 -0.3622599 0.9320773
vn 1.210062E-06 -0.279538 0.9601347
vn 1.183682E-06 -0.2374256 0.9714061
vn 1.124407E-06 -0.1521717 0.9883543
vn 1.091519E-06 -0.1090294 0.9940388
vn 1.019394E-06 -0.02196061 0.9997591
vn 9.801241E-07 0.02196243 0.9997591
vn 8.96558E-07 0.1090312 0.9940385
vn 8.523014E-07 0.1521735 0.988354
vn 7.591302E-07 0.2374273 0.9714056
vn 7.102074E-07 0.2795397 0.9601343
vn 6.081908E-07 0.3622616 0.9320766
vn 5.550683E-07 0.4028674 0.9152585
vn 4.466773E-07 0.4809981 0.8767218
vn 3.914351E-07 0.518546 0.85505
vn 2.781169E-07 0.591099 0.8065993
vn 2.200265E-07 0.6260651 0.7797711
vn 1.039003E-07 0.6916234 0.7222585
vn 4.587221E-08 0.7222602 0.6916218
vn -7.110521E-08 0.7797719 0.6260639
vn -1.300564E-07 0.8065996 0.5910984
vn -2.459288E-07 0.8550506 0.5185447
vn -3.028553E-07 0.8767233 0.4809951
vn -4.154386E-07 0.9152592 0.4028656
vn -4.710768E-07 0.9320761 0.3622629
vn -5.78885E-07 0.960134 0.2795405
vn -6.310794E-07 0.9714062 0.2374242
vn -7.31488E-07 0.9883546 0.1521688
vn -7.797099E-07 0.9940387 0.1090288
vn 1 1.192093E-06 -1.000001E-06
vn 1 1.192093E-06 -1.000001E-06
vn 1 1.192093E-06 -1.000001E-06
vn 1 1.192093E-06 -1.000001E-06
vn 1 1.192093E-06 -1.000001E-06
vn 1 1.192093E-06 -1.000001E-06
vn 1 1.192093E-06 -1.000001E-06
vn 1 1.192093E-06 -1.000001E-06
vn 1 1.192093E-06 -1.000001E-06
vn 1 1.192093E-06 -1.000001E-06
vn 1 1.192093E-06 -1.000001E-06
vn 1 1.192093E-06 -1.000001E-06
vn 1 1.192093E-06 -1.000001E-06
vn 1 1.192093E-06 -1.000001E-06
vn 1 1.192093E-06 -1.000001E-06
vn 1 1.192093E-06 -1.000001E-06
vn 1 1.192093E-06 -1.000001E-06
vn 1 1.192093E-06 -1.000001E-06
vn 1 1.192093E-06 -1.000001E-06
vn 1 1.192093E-06 -1.000001E-06
vn 1 1.192093E-06 -1.000001E-06
vn 1 1.192093E-06 -1.000001E-06
vn 1 1.192093E-06 -1.000001E-06
vn 1 1.192093E-06 -1.000001E-06
vn 1 1.192093E-06 -1.000001E-06
vn 1 1.192093E-06 -1.000001E-06
vn 1 1.192093E-06 -1.000001E-06
vn 1 1.192093E-06 -1.000001E-06
vn 1 1.192093E-06 -1.000001E-06
vn 1 1.192093E-06 -1.000001E-06
vn 1 1.192093E-06 -1.000001E-06
vn 1 1.192093E-06 -1.000001E-06
vn 1 1.192093E-06 -1.000001E-06
vn 1 1.192093E-06 -1.000001E-06
vn 1 1.192093E-06 -1.000001E-06
vn 1 1.192093E-06 -1.000001E-06
vn 1 1.192093E-06 -1.000001E-06
vn 1 1.192093E-06 -1.000001E-06
vn 1 1.192093E-06 -1.000001E-06
vn 1 1.192093E-06 -1.000001E-06
vn 1 1.192093E-06 -1.000001E-06
vn 1 1.192093E-06 -1.000001E-06
vn 1 1.192093E-06 -1.000001E-06
vn 1 1.192093E-06 -1.000001E-06
vn 1 1.192093E-06 -1.000001E-06
vn 1 1.192093E-06 -1.000001E-06
vn 1 1.192093E-06 -1.000001E-06
vn 1 1.192093E-06 -1.000001E-06
vn 1 1.192093E-06 -1.000001E-06
vn 1 1.192093E-06 -1.000001E-06
vn 1 1.192093E-06 -1.000001E-06
vn 1 1.192093E-06 -1.000001E-06
vn 1 1.192093E-06 -1.000001E-06
vn 1 1.192093E-06 -1.000001E-06
vn 1 1.192093E-06 -1.000001E-06
vn 1 1.192093E-06 -1.000001E-06
vn 1 1.192093E-06 -1.000001E-06
vn 1 1.192093E-06 -1.000001E-06
vn 1 1.192093E-06 -1.000001E-06
vn 1 1.192093E-06 -1.000001E-06
vn 1 1.192093E-06 -1.000001E-06
vn 1 1.192093E-06 -1.000001E-06
vn 1 1.192093E-06 -1.000001E-06
vn 1 1.192093E-06 -1.000001E-06
vn 1 1.192093E-06 -1.000001E-06
vn 1 1.192093E-06 -1.000001E-06
vn 1 1.192093E-06 -1.000001E-06
vn 1 1.192093E-06 -1.000001E-06
vn 1 1.192093E-06 -1.000001E-06
vn 1 1.192093E-06 -1.000001E-06
vn 1 1.192093E-06 -1.000001E-06
vn 1 1.192093E-06 -1.000001E-06
vn 1 1.192093E-06 -1.000001E-06
vn 1 1.192093E-06 -1.000001E-06
vn 1 1.192093E-06 -1.000001E-06
vn 1 1.192093E-06 -1.000001E-06
vn 1 1.192093E-06 -1.000001E-06
vn 1 1.192093E-06 -1.000001E-06
vn 1 1.192093E-06 -1.000001E-06
vn 1 1.192093E-06 -1.000001E-06
vn 1 1.192093E-06 -1.000001E-06
vn 1 1.192093E-06 -1.000001E-06
vn 1 1.192093E-06 -1.000001E-06
vn 1 1.192093E-06 -1.000001E-06
vn 1 1.192093E-06 -1.000001E-06
vn 1 1.192093E-06 -1.000001E-06
vn 1 1.192093E-06 -1.000001E-06
vn 1 1.192093E-06 -1.000001E-06
vn 1 1.192093E-06 -1.000001E-06
vn 1 1.192093E-06 -1.000001E-06
vn 1 1.192093E-06 -1.000001E-06
vn 1 1.192093E-06 -1.000001E-06
vn 1 1.192093E-06 -1.000001E-06
vn 1 1.192093E-06 -1.000001E-06
vn 1 1.192093E-06 -1.000001E-06
vn 1 1.192093E-06 -1.000001E-06
vn 1 1.192093E-06 -1.000001E-06
vn 1 1.192093E-06 -1.000001E-06
vn 1 1.192093E-06 -1.000001E-06
vn 1 1.192093E-06 -1.000001E-06
vn 1E-06 9.125774E-07 1
vn 1E-06 9.125774E-07 1
vn 1E-06 9.125774E-07 1
vn 1E-06 9.125774E-07 1
vn -8.940697E-07 1 -9.125764E-07
vn -8.940697E-07 1 -9.125764E-07
vn -8.940697E-07 1 -9.125764E-07
vn -8.940697E-07 1 -9.125764E-07
vn -1E-06 -9.125774E-07 -1
vn -1E-06 -9.125774E-07 -1
vn -1E-06 -9.125774E-07 -1
vn -1E-06 -9.125774E-07 -1
vn 8.940697E-07 -1 9.125764E-07
vn 8.940697E-07 -1 9.125764E-07
vn 8.940697E-07 -1 9.125764E-07
vn 8.940697E-07 -1 9.125764E-07
vn 1 1.192093E-06 -1.000001E-06
vn 1 1.192093E-06 -1.000001E-06
vn 1 1.192093E-06 -1.000001E-06
vn 1 1.192093E-06 -1.000001E-06
vn 1 1.192093E-06 -1.000001E-06
vn 1 1.192093E-06 -1.000001E-06
vn 1 1.192093E-06 -1.000001E-06
vn 1 1.192093E-06 -1.000001E-06
vn -1 -1.192093E-06 1.000001E-06
vn -1 -1.192093E-06 1.000001E-06
vn -1 -1.192093E-06 1.000001E-06
vn -1 -1.192093E-06 1.000001E-06
vn -1E-06 -9.125774E-07 -1
vn -1E-06 -9.125774E-07 -1
vn -1E-06 -9.125774E-07 -1
vn -1E-06 -9.125774E-07 -1
vn 8.940697E-07 -1 9.125764E-07
vn 8.940697E-07 -1 9.125764E-07
vn 8.940697E-07 -1 9.125764E-07
vn 8.940697E-07 -1 9.125764E-07
vn 1E-06 9.125774E-07 1
vn 1E-06 9.125774E-07 1
vn 1E-06 9.125774E-07 1
vn 1E-06 9.125774E-07 1
vn -8.940697E-07 1 -9.125764E-07
vn -8.940697E-07 1 -9.125764E-07
vn -8.940697E-07 1 -9.125764E-07
vn -8.940697E-07 1 -9.125764E-07
vn -9.977679E-07 0.9940386 -0.109029
vn -8.718936E-07 0.999759 0.02195957
vn -9.158146E-07 0.999759 -0.02196139
vn -1.035829E-06 0.9883541 -0.1521721
vn -1.105933E-06 0.9714049 -0.2374298
vn -1.13797E-06 0.9601327 -0.2795453
vn -1.195605E-06 0.9320748 -0.3622661
vn -1.221172E-06 0.9152583 -0.4028679
vn -1.264847E-06 0.8767229 -0.4809962
vn -1.28302E-06 0.8550504 -0.5185452
vn -1.312255E-06 0.8065993 -0.591099
vn -1.323235E-06 0.7797712 -0.6260649
vn -1.337373E-06 0.7222593 -0.6916226
vn -1.340618E-06 0.691623 -0.7222589
vn -1.339517E-06 0.6260642 -0.7797717
vn -1.335083E-06 0.5910974 -0.8066005
vn -1.318666E-06 0.5185445 -0.8550509
vn -1.306768E-06 0.4809974 -0.8767223
vn -1.27545E-06 0.4028673 -0.9152586
vn -1.255964E-06 0.3622615 -0.9320768
vn -1.210062E-06 0.2795382 -0.9601347
vn -1.183681E-06 0.2374245 -0.9714063
vn -1.124406E-06 0.1521705 -0.9883544
vn -1.091519E-06 0.1090288 -0.9940388
vn -1.019394E-06 0.02196046 -0.999759
vn -9.801241E-07 -0.02196228 -0.999759
vn -8.965586E-07 -0.1090306 -0.9940385
vn -8.523025E-07 -0.1521723 -0.9883542
vn -7.591314E-07 -0.2374263 -0.9714058
vn -7.102072E-07 -0.2795399 -0.9601343
vn -6.081888E-07 -0.3622632 -0.9320761
vn -5.550663E-07 -0.402869 -0.9152579
vn -4.466761E-07 -0.4809991 -0.8767214
vn -3.91435E-07 -0.518546 -0.85505
vn -2.781172E-07 -0.5910988 -0.8065994
vn -2.200255E-07 -0.6260657 -0.7797706
vn -1.038986E-07 -0.6916243 -0.7222576
vn -4.587136E-08 -0.7222605 -0.6916212
vn 7.110594E-08 -0.7797723 -0.6260635
vn 1.30058E-07 -0.8066003 -0.5910975
vn 2.459305E-07 -0.8550514 -0.5185437
vn 3.028562E-07 -0.8767238 -0.4809946
vn 4.154377E-07 -0.915259 -0.4028663
vn 4.710747E-07 -0.9320755 -0.3622644
vn 5.788812E-07 -0.9601331 -0.2795435
vn 6.310748E-07 -0.9714053 -0.237428
vn 7.314862E-07 -0.9883544 -0.1521703
vn 7.797117E-07 -0.9940389 -0.1090272
vn 8.718936E-07 -0.999759 -0.02195957
vn 9.158146E-07 -0.999759 0.02196139
vn 9.977679E-07 -0.9940386 0.109029
vn 1.035829E-06 -0.9883541 0.1521721
vn 1.105933E-06 -0.9714049 0.2374298
vn 1.13797E-06 -0.9601327 0.2795453
vn 1.195605E-06 -0.9320748 0.3622661
vn 1.221172E-06 -0.9152583 0.4028679
vn 1.264847E-06 -0.8767229 0.4809961
vn 1.28302E-06 -0.8550506 0.5185451
vn 1.312255E-06 -0.8065994 0.5910988
vn 1.323234E-06 -0.7797713 0.6260648
vn 1.337373E-06 -0.7222592 0.6916227
vn 1.340618E-06 -0.6916228 0.722259
vn 1.339517E-06 -0.626064 0.7797719
vn 1.335083E-06 -0.5910972 0.8066005
vn 1.318666E-06 -0.5185445 0.8550509
vn 1.306768E-06 -0.4809974 0.8767223
vn 1.27545E-06 -0.4028671 0.9152587
vn 1.255964E-06 -0.3622611 0.9320769
vn 1.210062E-06 -0.2795378 0.9601349
vn 1.183681E-06 -0.2374243 0.9714063
vn 1.124406E-06 -0.1521707 0.9883544
vn 1.091519E-06 -0.1090292 0.9940388
vn 1.019394E-06 -0.02196066 0.999759
vn 9.801239E-07 0.02196248 0.999759
vn 8.965583E-07 0.109031 0.9940385
vn 8.523024E-07 0.1521725 0.9883542
vn 7.591315E-07 0.237426 0.9714058
vn 7.102078E-07 0.2795396 0.9601344
vn 6.081892E-07 0.3622628 0.9320762
vn 5.550664E-07 0.4028688 0.9152579
vn 4.466761E-07 0.4809991 0.8767214
vn 3.91435E-07 0.518546 0.85505
vn 2.781174E-07 0.5910987 0.8065994
vn 2.20026E-07 0.6260654 0.7797708
vn 1.03899E-07 0.6916241 0.7222578
vn 4.587153E-08 0.7222605 0.6916214
vn -7.110611E-08 0.7797724 0.6260634
vn -1.300583E-07 0.8066005 0.5910974
vn -2.459307E-07 0.8550515 0.5185435
vn -3.028564E-07 0.8767238 0.4809945
vn -4.154377E-07 0.915259 0.4028663
vn -4.710747E-07 0.9320755 0.3622644
vn -5.788812E-07 0.9601331 0.2795435
vn -6.310748E-07 0.9714053 0.237428
vn -7.314862E-07 0.9883544 0.1521703
vn -7.797117E-07 0.9940389 0.1090272
vn -1 -1.192093E-06 1.000001E-06
vn -1 -1.192093E-06 1.000001E-06
vn -1 -1.192093E-06 1.000001E-06
vn -1 -1.192093E-06 1.000001E-06
vn -1 -1.192093E-06 1.000001E-06
vn -1 -1.192093E-06 1.000001E-06
vn -1 -1.192093E-06 1.000001E-06
vn -1 -1.192093E-06 1.000001E-06
vn -1 -1.192093E-06 1.000001E-06
vn -1 -1.192093E-06 1.000001E-06
vn -1 -1.192093E-06 1.000001E-06
vn -1 -1.192093E-06 1.000001E-06
vn -1 -1.192093E-06 1.000001E-06
vn -1 -1.192093E-06 1.000001E-06
vn -1 -1.192093E-06 1.000001E-06
vn -1 -1.192093E-06 1.000001E-06
vn -1 -1.192093E-06 1.000001E-06
vn -1 -1.192093E-06 1.000001E-06
vn -1 -1.192093E-06 1.000001E-06
vn -1 -1.192093E-06 1.000001E-06
vn -1 -1.192093E-06 1.000001E-06
vn -1 -1.192093E-06 1.000001E-06
vn -1 -1.192093E-06 1.000001E-06
vn -1 -1.192093E-06 1.000001E-06
vn -1 -1.192093E-06 1.000001E-06
vn -1 -1.192093E-06 1.000001E-06
vn -1 -1.192093E-06 1.000001E-06
vn -1 -1.192093E-06 1.000001E-06
vn -1 -1.192093E-06 1.000001E-06
vn -1 -1.192093E-06 1.000001E-06
vn -1 -1.192093E-06 1.000001E-06
vn -1 -1.192093E-06 1.000001E-06
vn -1 -1.192093E-06 1.000001E-06
vn -1 -1.192093E-06 1.000001E-06
vn -1 -1.192093E-06 1.000001E-06
vn -1 -1.192093E-06 1.000001E-06
vn -1 -1.192093E-06 1.000001E-06
vn -1 -1.192093E-06 1.000001E-06
vn -1 -1.192093E-06 1.000001E-06
vn -1 -1.192093E-06 1.000001E-06
vn -1 -1.192093E-06 1.000001E-06
vn -1 -1.192093E-06 1.000001E-06
vn -1 -1.192093E-06 1.000001E-06
vn -1 -1.192093E-06 1.000001E-06
vn -1 -1.192093E-06 1.000001E-06
vn -1 -1.192093E-06 1.000001E-06
vn -1 -1.192093E-06 1.000001E-06
vn -1 -1.192093E-06 1.000001E-06
vn -1 -1.192093E-06 1.000001E-06
vn -9.977679E-07 0.9940386 -0.109029
vn -8.718936E-07 0.999759 0.02195957
vn -9.158146E-07 0.999759 -0.02196139
vn -1.035829E-06 0.9883541 -0.1521721
vn -1.105933E-06 0.9714049 -0.2374298
vn -1.13797E-06 0.9601327 -0.2795453
vn -1.195605E-06 0.9320748 -0.3622661
vn -1.221172E-06 0.9152583 -0.4028679
vn -1.264847E-06 0.8767229 -0.4809962
vn -1.28302E-06 0.8550504 -0.5185452
vn -1.312255E-06 0.8065993 -0.591099
vn -1.323235E-06 0.7797712 -0.6260649
vn -1.337373E-06 0.7222593 -0.6916226
vn -1.340618E-06 0.691623 -0.7222589
vn -1.339517E-06 0.6260642 -0.7797717
vn -1.335083E-06 0.5910974 -0.8066005
vn -1.318666E-06 0.5185445 -0.8550509
vn -1.306768E-06 0.4809974 -0.8767223
vn -1.27545E-06 0.4028673 -0.9152586
vn -1.255964E-06 0.3622615 -0.9320768
vn -1.210062E-06 0.2795382 -0.9601347
vn -1.183681E-06 0.2374245 -0.9714063
vn -1.124406E-06 0.1521705 -0.9883544
vn -1.091519E-06 0.1090288 -0.9940388
vn -1.019394E-06 0.02196046 -0.999759
vn -9.801241E-07 -0.02196228 -0.999759
vn -8.965586E-07 -0.1090306 -0.9940385
vn -8.523025E-07 -0.1521723 -0.9883542
vn -7.591314E-07 -0.2374263 -0.9714058
vn -7.102072E-07 -0.2795399 -0.9601343
vn -6.081888E-07 -0.3622632 -0.9320761
vn -5.550663E-07 -0.402869 -0.9152579
vn -4.466761E-07 -0.4809991 -0.8767214
vn -3.91435E-07 -0.518546 -0.85505
vn -2.781172E-07 -0.5910988 -0.8065994
vn -2.200255E-07 -0.6260657 -0.7797706
vn -1.038986E-07 -0.6916243 -0.7222576
vn -4.587136E-08 -0.7222605 -0.6916212
vn 7.110594E-08 -0.7797723 -0.6260635
vn 1.30058E-07 -0.8066003 -0.5910975
vn 2.459305E-07 -0.8550514 -0.5185437
vn 3.028562E-07 -0.8767238 -0.4809946
vn 4.154377E-07 -0.915259 -0.4028663
vn 4.710747E-07 -0.9320755 -0.3622644
vn 5.788812E-07 -0.9601331 -0.2795435
vn 6.310748E-07 -0.9714053 -0.237428
vn 7.314862E-07 -0.9883544 -0.1521703
vn 7.797117E-07 -0.9940389 -0.1090272
vn 8.718936E-07 -0.999759 -0.02195957
vn 9.158146E-07 -0.999759 0.02196139
vn 9.977679E-07 -0.9940386 0.109029
vn 1.035829E-06 -0.9883541 0.1521721
vn 1.105933E-06 -0.9714049 0.2374298
vn 1.13797E-06 -0.9601327 0.2795453
vn 1.195605E-06 -0.9320748 0.3622661
vn 1.221172E-06 -0.9152583 0.4028679
vn 1.264847E-06 -0.8767229 0.4809961
vn 1.28302E-06 -0.8550506 0.5185451
vn 1.312255E-06 -0.8065994 0.5910988
vn 1.323234E-06 -0.7797713 0.6260648
vn 1.337373E-06 -0.7222592 0.6916227
vn 1.340618E-06 -0.6916228 0.722259
vn 1.339517E-06 -0.626064 0.7797719
vn 1.335083E-06 -0.5910972 0.8066005
vn 1.318666E-06 -0.5185445 0.8550509
vn 1.306768E-06 -0.4809974 0.8767223
vn 1.27545E-06 -0.4028671 0.9152587
vn 1.255964E-06 -0.3622611 0.9320769
vn 1.210062E-06 -0.2795378 0.9601349
vn 1.183681E-06 -0.2374243 0.9714063
vn 1.124406E-06 -0.1521707 0.9883544
vn 1.091519E-06 -0.1090292 0.9940388
vn 1.019394E-06 -0.02196066 0.999759
vn 9.801239E-07 0.02196248 0.999759
vn 8.965583E-07 0.109031 0.9940385
vn 8.523024E-07 0.1521725 0.9883542
vn 7.591315E-07 0.237426 0.9714058
vn 7.102078E-07 0.2795396 0.9601344
vn 6.081892E-07 0.3622628 0.9320762
vn 5.550664E-07 0.4028688 0.9152579
vn 4.466761E-07 0.4809991 0.8767214
vn 3.91435E-07 0.518546 0.85505
vn 2.781174E-07 0.5910987 0.8065994
vn 2.20026E-07 0.6260654 0.7797708
vn 1.03899E-07 0.6916241 0.7222578
vn 4.587153E-08 0.7222605 0.6916214
vn -7.110611E-08 0.7797724 0.6260634
vn -1.300583E-07 0.8066005 0.5910974
vn -2.459307E-07 0.8550515 0.5185435
vn -3.028564E-07 0.8767238 0.4809945
vn -4.154377E-07 0.915259 0.4028663
vn -4.710747E-07 0.9320755 0.3622644
vn -5.788812E-07 0.9601331 0.2795435
vn -6.310748E-07 0.9714053 0.237428
vn -7.314862E-07 0.9883544 0.1521703
vn -7.797117E-07 0.9940389 0.1090272
vn -1 -1.192093E-06 1.000001E-06
vn -1 -1.192093E-06 1.000001E-06
vn -1 -1.192093E-06 1.000001E-06
vn -1 -1.192093E-06 1.000001E-06
vn -1 -1.192093E-06 1.000001E-06
vn -1 -1.192093E-06 1.000001E-06
vn -1 -1.192093E-06 1.000001E-06
vn -1 -1.192093E-06 1.000001E-06
vn -1 -1.192093E-06 1.000001E-06
vn -1 -1.192093E-06 1.000001E-06
vn -1 -1.192093E-06 1.000001E-06
vn -1 -1.192093E-06 1.000001E-06
vn -1 -1.192093E-06 1.000001E-06
vn -1 -1.192093E-06 1.000001E-06
vn -1 -1.192093E-06 1.000001E-06
vn -1 -1.192093E-06 1.000001E-06
vn -1 -1.192093E-06 1.000001E-06
vn -1 -1.192093E-06 1.000001E-06
vn -1 -1.192093E-06 1.000001E-06
vn -1 -1.192093E-06 1.000001E-06
vn -1 -1.192093E-06 1.000001E-06
vn -1 -1.192093E-06 1.000001E-06
vn -1 -1.192093E-06 1.000001E-06
vn -1 -1.192093E-06 1.000001E-06
vn -1 -1.192093E-06 1.000001E-06
vn -1 -1.192093E-06 1.000001E-06
vn -1 -1.192093E-06 1.000001E-06
vn -1 -1.192093E-06 1.000001E-06
vn -1 -1.192093E-06 1.000001E-06
vn -1 -1.192093E-06 1.000001E-06
vn -1 -1.192093E-06 1.000001E-06
vn -1 -1.192093E-06 1.000001E-06
vn -1 -1.192093E-06 1.000001E-06
vn -1 -1.192093E-06 1.000001E-06
vn -1 -1.192093E-06 1.000001E-06
vn -1 -1.192093E-06 1.000001E-06
vn -1 -1.192093E-06 1.000001E-06
vn -1 -1.192093E-06 1.000001E-06
vn -1 -1.192093E-06 1.000001E-06
vn -1 -1.192093E-06 1.000001E-06
vn -1 -1.192093E-06 1.000001E-06
vn -1 -1.192093E-06 1.000001E-06
vn -1 -1.192093E-06 1.000001E-06
vn -1 -1.192093E-06 1.000001E-06
vn -1 -1.192093E-06 1.000001E-06
vn -1 -1.192093E-06 1.000001E-06
vn -1 -1.192093E-06 1.000001E-06
vn -1 -1.192093E-06 1.000001E-06
vn -1 -1.192093E-06 1.000001E-06
vn -9.977707E-07 0.9940382 -0.1090322
vn -8.718919E-07 0.9997589 0.02196119
vn -9.158161E-07 0.9997589 -0.02196302
vn -1.03583E-06 0.9883539 -0.1521737
vn -1.10593E-06 0.9714055 -0.2374267
vn -1.137966E-06 0.9601344 -0.2795393
vn -1.195603E-06 0.9320765 -0.3622619
vn -1.221172E-06 0.9152583 -0.4028679
vn -1.264848E-06 0.8767214 -0.4809986
vn -1.28302E-06 0.8550497 -0.5185464
vn -1.312255E-06 0.8065993 -0.591099
vn -1.323235E-06 0.7797712 -0.6260649
vn -1.337373E-06 0.7222593 -0.6916226
vn -1.340618E-06 0.691623 -0.7222589
vn -1.339517E-06 0.6260642 -0.7797717
vn -1.335083E-06 0.5910974 -0.8066005
vn -1.318666E-06 0.5185438 -0.8550513
vn -1.306767E-06 0.480996 -0.876723
vn -1.27545E-06 0.4028661 -0.9152592
vn -1.255964E-06 0.362261 -0.932077
vn -1.210063E-06 0.279539 -0.9601346
vn -1.183682E-06 0.237426 -0.9714059
vn -1.124407E-06 0.1521713 -0.9883544
vn -1.091519E-06 0.1090288 -0.9940388
vn -1.019394E-06 0.02196035 -0.9997591
vn -9.801242E-07 -0.02196217 -0.9997591
vn -8.965586E-07 -0.1090306 -0.9940385
vn -8.523019E-07 -0.1521731 -0.9883542
vn -7.591296E-07 -0.2374277 -0.9714054
vn -7.102063E-07 -0.2795408 -0.9601341
vn -6.081895E-07 -0.3622627 -0.9320763
vn -5.550679E-07 -0.4028678 -0.9152585
vn -4.46678E-07 -0.4809976 -0.8767221
vn -3.914361E-07 -0.5185453 -0.8550504
vn -2.781172E-07 -0.5910988 -0.8065994
vn -2.200255E-07 -0.6260657 -0.7797706
vn -1.038986E-07 -0.6916243 -0.7222576
vn -4.587136E-08 -0.7222605 -0.6916212
vn 7.110594E-08 -0.7797723 -0.6260635
vn 1.30058E-07 -0.8066003 -0.5910975
vn 2.459287E-07 -0.8550507 -0.5185449
vn 3.028524E-07 -0.8767223 -0.480997
vn 4.154377E-07 -0.915259 -0.4028663
vn 4.710804E-07 -0.9320771 -0.3622602
vn 5.788887E-07 -0.9601349 -0.2795376
vn 6.310785E-07 -0.971406 -0.2374249
vn 7.314844E-07 -0.9883541 -0.1521719
vn 7.797081E-07 -0.9940385 -0.1090304
vn 8.718919E-07 -0.9997589 -0.02196119
vn 9.158161E-07 -0.9997589 0.02196302
vn 9.977707E-07 -0.9940382 0.1090322
vn 1.03583E-06 -0.9883539 0.1521737
vn 1.10593E-06 -0.9714055 0.2374267
vn 1.137966E-06 -0.9601344 0.2795393
vn 1.195603E-06 -0.9320765 0.3622619
vn 1.221172E-06 -0.9152583 0.4028679
vn 1.264848E-06 -0.8767216 0.4809986
vn 1.28302E-06 -0.8550498 0.5185462
vn 1.312255E-06 -0.8065994 0.5910988
vn 1.323234E-06 -0.7797713 0.6260648
vn 1.337373E-06 -0.7222592 0.6916227
vn 1.340618E-06 -0.6916228 0.722259
vn 1.339517E-06 -0.626064 0.7797719
vn 1.335083E-06 -0.5910972 0.8066005
vn 1.318666E-06 -0.5185438 0.8550513
vn 1.306767E-06 -0.480996 0.876723
vn 1.27545E-06 -0.4028659 0.9152592
vn 1.255964E-06 -0.3622606 0.9320771
vn 1.210062E-06 -0.2795387 0.9601347
vn 1.183682E-06 -0.2374258 0.971406
vn 1.124407E-06 -0.1521715 0.9883543
vn 1.091519E-06 -0.1090292 0.9940388
vn 1.019394E-06 -0.02196055 0.9997591
vn 9.801241E-07 0.02196238 0.9997591
vn 8.965583E-07 0.109031 0.9940385
vn 8.523016E-07 0.1521733 0.988354
vn 7.591299E-07 0.2374275 0.9714055
vn 7.102068E-07 0.2795404 0.9601343
vn 6.081899E-07 0.3622623 0.9320764
vn 5.550681E-07 0.4028676 0.9152585
vn 4.46678E-07 0.4809976 0.8767221
vn 3.914361E-07 0.5185453 0.8550504
vn 2.781174E-07 0.5910987 0.8065994
vn 2.20026E-07 0.6260654 0.7797708
vn 1.03899E-07 0.6916241 0.7222578
vn 4.587153E-08 0.7222605 0.6916214
vn -7.110611E-08 0.7797724 0.6260634
vn -1.300583E-07 0.8066005 0.5910974
vn -2.459289E-07 0.8550507 0.5185447
vn -3.028526E-07 0.8767225 0.480997
vn -4.154377E-07 0.915259 0.4028663
vn -4.710804E-07 0.9320771 0.3622602
vn -5.788887E-07 0.9601349 0.2795376
vn -6.310785E-07 0.971406 0.2374249
vn -7.314844E-07 0.9883541 0.1521719
vn -7.797081E-07 0.9940385 0.1090304
vn -1 -1.192093E-06 1.000001E-06
vn -1 -1.192093E-06 1.000001E-06
vn -1 -1.192093E-06 1.000001E-06
vn -1 -1.192093E-06 1.000001E-06
vn -1 -1.192093E-06 1.000001E-06
vn -1 -1.192093E-06 1.000001E-06
vn -1 -1.192093E-06 1.000001E-06
vn -1 -1.192093E-06 1.000001E-06
vn -1 -1.192093E-06 1.000001E-06
vn -1 -1.192093E-06 1.000001E-06
vn -1 -1.192093E-06 1.000001E-06
vn -1 -1.192093E-06 1.000001E-06
vn -1 -1.192093E-06 1.000001E-06
vn -1 -1.192093E-06 1.000001E-06
vn -1 -1.192093E-06 1.000001E-06
vn -1 -1.192093E-06 1.000001E-06
vn -1 -1.192093E-06 1.000001E-06
vn -1 -1.192093E-06 1.000001E-06
vn -1 -1.192093E-06 1.000001E-06
vn -1 -1.192093E-06 1.000001E-06
vn -1 -1.192093E-06 1.000001E-06
vn -1 -1.192093E-06 1.000001E-06
vn -1 -1.192093E-06 1.000001E-06
vn -1 -1.192093E-06 1.000001E-06
vn -1 -1.192093E-06 1.000001E-06
vn -1 -1.192093E-06 1.000001E-06
vn -1 -1.192093E-06 1.000001E-06
vn -1 -1.192093E-06 1.000001E-06
vn -1 -1.192093E-06 1.000001E-06
vn -1 -1.192093E-06 1.000001E-06
vn -1 -1.192093E-06 1.000001E-06
vn -1 -1.192093E-06 1.000001E-06
vn -1 -1.192093E-06 1.000001E-06
vn -1 -1.192093E-06 1.000001E-06
vn -1 -1.192093E-06 1.000001E-06
vn -1 -1.192093E-06 1.000001E-06
vn -1 -1.192093E-06 1.000001E-06
vn -1 -1.192093E-06 1.000001E-06
vn -1 -1.192093E-06 1.000001E-06
vn -1 -1.192093E-06 1.000001E-06
vn -1 -1.192093E-06 1.000001E-06
vn -1 -1.192093E-06 1.000001E-06
vn -1 -1.192093E-06 1.000001E-06
vn -1 -1.192093E-06 1.000001E-06
vn -1 -1.192093E-06 1.000001E-06
vn -1 -1.192093E-06 1.000001E-06
vn -1 -1.192093E-06 1.000001E-06
vn -1 -1.192093E-06 1.000001E-06
vn -1 -1.192093E-06 1.000001E-06
vn -9.977707E-07 0.9940382 -0.1090322
vn -8.718919E-07 0.9997589 0.02196119
vn -9.158161E-07 0.9997589 -0.02196302
vn -1.03583E-06 0.9883539 -0.1521737
vn -1.10593E-06 0.9714055 -0.2374267
vn -1.137966E-06 0.9601344 -0.2795393
vn -1.195603E-06 0.9320765 -0.3622619
vn -1.221172E-06 0.9152583 -0.4028679
vn -1.264848E-06 0.8767214 -0.4809986
vn -1.28302E-06 0.8550497 -0.5185464
vn -1.312255E-06 0.8065993 -0.591099
vn -1.323235E-06 0.7797712 -0.6260649
vn -1.337373E-06 0.7222593 -0.6916226
vn -1.340618E-06 0.691623 -0.7222589
vn -1.339517E-06 0.6260642 -0.7797717
vn -1.335083E-06 0.5910974 -0.8066005
vn -1.318666E-06 0.5185438 -0.8550513
vn -1.306767E-06 0.480996 -0.876723
vn -1.27545E-06 0.4028661 -0.9152592
vn -1.255964E-06 0.362261 -0.932077
vn -1.210063E-06 0.279539 -0.9601346
vn -1.183682E-06 0.237426 -0.9714059
vn -1.124407E-06 0.1521713 -0.9883544
vn -1.091519E-06 0.1090288 -0.9940388
vn -1.019394E-06 0.02196035 -0.9997591
vn -9.801242E-07 -0.02196217 -0.9997591
vn -8.965586E-07 -0.1090306 -0.9940385
vn -8.523019E-07 -0.1521731 -0.9883542
vn -7.591296E-07 -0.2374277 -0.9714054
vn -7.102063E-07 -0.2795408 -0.9601341
vn -6.081895E-07 -0.3622627 -0.9320763
vn -5.550679E-07 -0.4028678 -0.9152585
vn -4.466775E-07 -0.480998 -0.8767219
vn -3.91435E-07 -0.518546 -0.85505
vn -2.781166E-07 -0.5910993 -0.8065991
vn -2.200263E-07 -0.6260653 -0.7797709
vn -1.039001E-07 -0.6916234 -0.7222583
vn -4.587215E-08 -0.7222602 -0.6916217
vn 7.110594E-08 -0.7797723 -0.6260635
vn 1.30058E-07 -0.8066003 -0.5910975
vn 2.459287E-07 -0.8550507 -0.5185449
vn 3.028524E-07 -0.8767223 -0.480997
vn 4.154368E-07 -0.9152587 -0.402867
vn 4.710785E-07 -0.9320765 -0.3622616
vn 5.788868E-07 -0.9601344 -0.2795391
vn 6.310776E-07 -0.9714059 -0.2374257
vn 7.314853E-07 -0.9883543 -0.1521711
vn 7.797099E-07 -0.9940386 -0.1090288
vn 8.718927E-07 -0.9997589 -0.02196038
vn 9.158153E-07 -0.9997589 0.0219622
vn 9.977693E-07 -0.9940384 0.1090306
vn 1.035829E-06 -0.988354 0.1521729
vn 1.105931E-06 -0.9714054 0.2374275
vn 1.137967E-06 -0.960134 0.2795408
vn 1.195603E-06 -0.9320759 0.3622633
vn 1.221173E-06 -0.915258 0.4028686
vn 1.264848E-06 -0.8767216 0.4809986
vn 1.28302E-06 -0.8550498 0.5185462
vn 1.312255E-06 -0.8065994 0.5910988
vn 1.323234E-06 -0.7797713 0.6260648
vn 1.337373E-06 -0.7222588 0.6916231
vn 1.340618E-06 -0.691622 0.7222599
vn 1.339517E-06 -0.6260636 0.7797723
vn 1.335083E-06 -0.5910976 0.8066003
vn 1.318666E-06 -0.5185445 0.8550509
vn 1.306767E-06 -0.4809964 0.8767228
vn 1.27545E-06 -0.4028659 0.9152592
vn 1.255964E-06 -0.3622606 0.9320771
vn 1.210062E-06 -0.2795387 0.9601347
vn 1.183682E-06 -0.2374258 0.971406
vn 1.124407E-06 -0.1521715 0.9883543
vn 1.091519E-06 -0.1090292 0.9940388
vn 1.019394E-06 -0.02196055 0.9997591
vn 9.801241E-07 0.02196238 0.9997591
vn 8.965583E-07 0.109031 0.9940385
vn 8.523016E-07 0.1521733 0.988354
vn 7.591299E-07 0.2374275 0.9714055
vn 7.102068E-07 0.2795404 0.9601343
vn 6.081899E-07 0.3622623 0.9320764
vn 5.550681E-07 0.4028676 0.9152585
vn 4.46678E-07 0.4809976 0.8767221
vn 3.914361E-07 0.5185453 0.8550504
vn 2.781174E-07 0.5910987 0.8065994
vn 2.20026E-07 0.6260654 0.7797708
vn 1.03899E-07 0.6916241 0.7222578
vn 4.587153E-08 0.7222605 0.6916214
vn -7.110611E-08 0.7797724 0.6260634
vn -1.300583E-07 0.8066005 0.5910974
vn -2.459289E-07 0.8550507 0.5185447
vn -3.028526E-07 0.8767225 0.480997
vn -4.154377E-07 0.915259 0.4028663
vn -4.710804E-07 0.9320771 0.3622602
vn -5.788887E-07 0.9601349 0.2795376
vn -6.310785E-07 0.971406 0.2374249
vn -7.314844E-07 0.9883541 0.1521719
vn -7.797081E-07 0.9940385 0.1090304
vn -1 -1.192093E-06 1.000001E-06
vn -1 -1.192093E-06 1.000001E-06
vn -1 -1.192093E-06 1.000001E-06
vn -1 -1.192093E-06 1.000001E-06
vn -1 -1.192093E-06 1.000001E-06
vn -1 -1.192093E-06 1.000001E-06
vn -1 -1.192093E-06 1.000001E-06
vn -1 -1.192093E-06 1.000001E-06
vn -1 -1.192093E-06 1.000001E-06
vn -1 -1.192093E-06 1.000001E-06
vn -1 -1.192093E-06 1.000001E-06
vn -1 -1.192093E-06 1.000001E-06
vn -1 -1.192093E-06 1.000001E-06
vn -1 -1.192093E-06 1.000001E-06
vn -1 -1.192093E-06 1.000001E-06
vn -1 -1.192093E-06 1.000001E-06
vn -1 -1.192093E-06 1.000001E-06
vn -1 -1.192093E-06 1.000001E-06
vn -1 -1.192093E-06 1.000001E-06
vn -1 -1.192093E-06 1.000001E-06
vn -1 -1.192093E-06 1.000001E-06
vn -1 -1.192093E-06 1.000001E-06
vn -1 -1.192093E-06 1.000001E-06
vn -1 -1.192093E-06 1.000001E-06
vn -1 -1.192093E-06 1.000001E-06
vn -1 -1.192093E-06 1.000001E-06
vn -1 -1.192093E-06 1.000001E-06
vn -1 -1.192093E-06 1.000001E-06
vn -1 -1.192093E-06 1.000001E-06
vn -1 -1.192093E-06 1.000001E-06
vn -1 -1.192093E-06 1.000001E-06
vn -1 -1.192093E-06 1.000001E-06
vn -1 -1.192093E-06 1.000001E-06
vn -1 -1.192093E-06 1.000001E-06
vn -1 -1.192093E-06 1.000001E-06
vn -1 -1.192093E-06 1.000001E-06
vn -1 -1.192093E-06 1.000001E-06
vn -1 -1.192093E-06 1.000001E-06
vn -1 -1.192093E-06 1.000001E-06
vn -1 -1.192093E-06 1.000001E-06
vn -1 -1.192093E-06 1.000001E-06
vn -1 -1.192093E-06 1.000001E-06
vn -1 -1.192093E-06 1.000001E-06
vn -1 -1.192093E-06 1.000001E-06
vn -1 -1.192093E-06 1.000001E-06
vn -1 -1.192093E-06 1.000001E-06
vn -1 -1.192093E-06 1.000001E-06
vn -1 -1.192093E-06 1.000001E-06
vn -1 -1.192093E-06 1.000001E-06
vn -9.977693E-07 0.9940384 -0.1090306
vn -8.718927E-07 0.9997589 0.02196038
vn -9.158153E-07 0.9997589 -0.0219622
vn -1.035829E-06 0.988354 -0.1521729
vn -1.105931E-06 0.9714054 -0.2374275
vn -1.137967E-06 0.960134 -0.2795408
vn -1.195603E-06 0.9320761 -0.362263
vn -1.221172E-06 0.9152583 -0.4028679
vn -1.264848E-06 0.8767218 -0.480998
vn -1.28302E-06 0.8550499 -0.5185461
vn -1.312255E-06 0.8065991 -0.5910993
vn -1.323235E-06 0.7797708 -0.6260653
vn -1.337373E-06 0.7222585 -0.6916234
vn -1.340618E-06 0.691622 -0.7222598
vn -1.339517E-06 0.6260638 -0.779772
vn -1.335083E-06 0.5910978 -0.8066002
vn -1.318666E-06 0.5185445 -0.8550509
vn -1.306767E-06 0.4809964 -0.8767228
vn -1.27545E-06 0.4028662 -0.9152591
vn -1.255964E-06 0.3622612 -0.9320769
vn -1.210063E-06 0.279539 -0.9601346
vn -1.183682E-06 0.2374257 -0.971406
vn -1.124407E-06 0.1521711 -0.9883544
vn -1.091519E-06 0.1090288 -0.9940388
vn -1.019394E-06 0.02196038 -0.999759
vn -9.801242E-07 -0.0219622 -0.999759
vn -8.965586E-07 -0.1090306 -0.9940385
vn -8.52302E-07 -0.1521729 -0.9883541
vn -7.5913E-07 -0.2374275 -0.9714056
vn -7.102063E-07 -0.2795408 -0.9601341
vn -6.081892E-07 -0.3622629 -0.9320762
vn -5.550676E-07 -0.4028679 -0.9152583
vn -4.466777E-07 -0.4809979 -0.876722
vn -3.914352E-07 -0.5185459 -0.85505
vn -2.781169E-07 -0.591099 -0.8065992
vn -2.200264E-07 -0.6260651 -0.7797709
vn -1.039003E-07 -0.6916234 -0.7222585
vn -4.587254E-08 -0.7222599 -0.6916219
vn 7.110554E-08 -0.7797722 -0.6260638
vn 1.300578E-07 -0.8066002 -0.5910977
vn 2.459291E-07 -0.8550509 -0.5185446
vn 3.028534E-07 -0.8767227 -0.4809964
vn 4.15438E-07 -0.9152591 -0.4028661
vn 4.710795E-07 -0.9320768 -0.3622609
vn 5.788873E-07 -0.9601346 -0.2795387
vn 6.310778E-07 -0.9714059 -0.2374255
vn 7.314851E-07 -0.9883542 -0.1521713
vn 7.797095E-07 -0.9940386 -0.1090292
vn 8.718925E-07 -0.9997589 -0.02196058
vn 9.158155E-07 -0.9997589 0.02196241
vn 9.977697E-07 -0.9940384 0.109031
vn 1.03583E-06 -0.988354 0.1521731
vn 1.105931E-06 -0.9714054 0.2374273
vn 1.137967E-06 -0.9601341 0.2795405
vn 1.195603E-06 -0.9320762 0.3622626
vn 1.221172E-06 -0.9152584 0.4028678
vn 1.264848E-06 -0.8767219 0.480998
vn 1.28302E-06 -0.8550499 0.5185459
vn 1.312255E-06 -0.8065993 0.591099
vn 1.323235E-06 -0.7797711 0.626065
vn 1.337373E-06 -0.7222586 0.6916233
vn 1.340618E-06 -0.6916219 0.7222599
vn 1.339517E-06 -0.6260635 0.7797723
vn 1.335083E-06 -0.5910974 0.8066005
vn 1.318666E-06 -0.5185443 0.8550509
vn 1.306767E-06 -0.4809963 0.8767229
vn 1.27545E-06 -0.4028661 0.9152592
vn 1.255964E-06 -0.3622608 0.9320769
vn 1.210062E-06 -0.2795387 0.9601347
vn 1.183682E-06 -0.2374255 0.971406
vn 1.124407E-06 -0.1521713 0.9883543
vn 1.091519E-06 -0.1090292 0.9940388
vn 1.019394E-06 -0.02196058 0.999759
vn 9.80124E-07 0.0219624 0.999759
vn 8.965583E-07 0.109031 0.9940385
vn 8.523018E-07 0.1521731 0.9883541
vn 7.591302E-07 0.2374273 0.9714056
vn 7.102068E-07 0.2795404 0.9601343
vn 6.081896E-07 0.3622625 0.9320763
vn 5.550679E-07 0.4028678 0.9152585
vn 4.466775E-07 0.480998 0.8767219
vn 3.91435E-07 0.518546 0.85505
vn 2.781168E-07 0.5910991 0.8065992
vn 2.200267E-07 0.6260651 0.7797711
vn 1.039009E-07 0.6916231 0.7222587
vn 4.587312E-08 0.7222597 0.6916223
vn -7.110527E-08 0.7797719 0.6260638
vn -1.300578E-07 0.8066002 0.5910976
vn -2.459293E-07 0.8550509 0.5185444
vn -3.028536E-07 0.8767228 0.4809964
vn -4.154377E-07 0.915259 0.4028663
vn -4.71079E-07 0.9320768 0.3622613
vn -5.788868E-07 0.9601344 0.2795391
vn -6.310776E-07 0.9714059 0.2374257
vn -7.314853E-07 0.9883543 0.1521711
vn -7.797099E-07 0.9940386 0.1090288
vn -1 -1.192093E-06 1.000001E-06
vn -1 -1.192093E-06 1.000001E-06
vn -1 -1.192093E-06 1.000001E-06
vn -1 -1.192093E-06 1.000001E-06
vn -1 -1.192093E-06 1.000001E-06
vn -1 -1.192093E-06 1.000001E-06
vn -1 -1.192093E-06 1.000001E-06
vn -1 -1.192093E-06 1.000001E-06
vn -1 -1.192093E-06 1.000001E-06
vn -1 -1.192093E-06 1.000001E-06
vn -1 -1.192093E-06 1.000001E-06
vn -1 -1.192093E-06 1.000001E-06
vn -1 -1.192093E-06 1.000001E-06
vn -1 -1.192093E-06 1.000001E-06
vn -1 -1.192093E-06 1.000001E-06
vn -1 -1.192093E-06 1.000001E-06
vn -1 -1.192093E-06 1.000001E-06
vn -1 -1.192093E-06 1.000001E-06
vn -1 -1.192093E-06 1.000001E-06
vn -1 -1.192093E-06 1.000001E-06
vn -1 -1.192093E-06 1.000001E-06
vn -1 -1.192093E-06 1.000001E-06
vn -1 -1.192093E-06 1.000001E-06
vn -1 -1.192093E-06 1.000001E-06
vn -1 -1.192093E-06 1.000001E-06
vn -1 -1.192093E-06 1.000001E-06
vn -1 -1.192093E-06 1.000001E-06
vn -1 -1.192093E-06 1.000001E-06
vn -1 -1.192093E-06 1.000001E-06
vn -1 -1.192093E-06 1.000001E-06
vn -1 -1.192093E-06 1.000001E-06
vn -1 -1.192093E-06 1.000001E-06
vn -1 -1.192093E-06 1.000001E-06
vn -1 -1.192093E-06 1.000001E-06
vn -1 -1.192093E-06 1.000001E-06
vn -1 -1.192093E-06 1.000001E-06
vn -1 -1.192093E-06 1.000001E-06
vn -1 -1.192093E-06 1.000001E-06
vn -1 -1.192093E-06 1.000001E-06
vn -1 -1.192093E-06 1.000001E-06
vn -1 -1.192093E-06 1.000001E-06
vn -1 -1.192093E-06 1.000001E-06
vn -1 -1.192093E-06 1.000001E-06
vn -1 -1.192093E-06 1.000001E-06
vn -1 -1.192093E-06 1.000001E-06
vn -1 -1.192093E-06 1.000001E-06
vn -1 -1.192093E-06 1.000001E-06
vn -1 -1.192093E-06 1.000001E-06
vn -1 -1.192093E-06 1.000001E-06
vn -9.977697E-07 0.9940384 -0.109031
vn -8.718925E-07 0.9997589 0.02196058
vn -9.158155E-07 0.9997589 -0.02196241
vn -1.03583E-06 0.988354 -0.1521731
vn -1.105931E-06 0.9714054 -0.2374273
vn -1.137967E-06 0.9601341 -0.2795405
vn -1.195603E-06 0.9320762 -0.3622626
vn -1.221172E-06 0.9152584 -0.4028678
vn -1.264848E-06 0.8767218 -0.480998
vn -1.28302E-06 0.8550499 -0.5185461
vn -1.312255E-06 0.8065991 -0.5910991
vn -1.323235E-06 0.779771 -0.6260651
vn -1.337373E-06 0.7222587 -0.6916232
vn -1.340618E-06 0.6916221 -0.7222598
vn -1.339517E-06 0.6260637 -0.779772
vn -1.335083E-06 0.5910975 -0.8066003
vn -1.318666E-06 0.5185443 -0.8550509
vn -1.306767E-06 0.4809963 -0.8767229
vn -1.27545E-06 0.4028662 -0.9152591
vn -1.255964E-06 0.3622612 -0.9320769
vn -1.210063E-06 0.279539 -0.9601346
vn -1.183682E-06 0.2374257 -0.971406
vn -1.124407E-06 0.1521711 -0.9883544
vn -1.091519E-06 0.1090288 -0.9940388
vn -1.019394E-06 0.02196038 -0.999759
vn -9.801242E-07 -0.0219622 -0.999759
vn -8.965586E-07 -0.1090306 -0.9940385
vn -8.52302E-07 -0.1521729 -0.9883541
vn -7.5913E-07 -0.2374275 -0.9714056
vn -7.102063E-07 -0.2795408 -0.9601341
vn -6.081892E-07 -0.3622629 -0.9320762
vn -5.550676E-07 -0.4028679 -0.9152583
vn -4.466775E-07 -0.480998 -0.8767219
vn -3.91435E-07 -0.518546 -0.85505
vn -2.781166E-07 -0.5910993 -0.8065991
vn -2.200263E-07 -0.6260653 -0.7797709
vn -1.039005E-07 -0.6916233 -0.7222586
vn -4.587288E-08 -0.7222598 -0.6916221
vn 7.110515E-08 -0.7797719 -0.6260639
vn 1.300575E-07 -0.8066002 -0.5910978
vn 2.459291E-07 -0.8550509 -0.5185446
vn 3.028534E-07 -0.8767227 -0.4809964
vn 4.154377E-07 -0.915259 -0.4028663
vn 4.71079E-07 -0.9320768 -0.3622613
vn 5.788868E-07 -0.9601344 -0.2795391
vn 6.310776E-07 -0.9714059 -0.2374257
vn 7.314853E-07 -0.9883543 -0.1521711
vn 7.797099E-07 -0.9940386 -0.1090288
vn 8.718927E-07 -0.9997589 -0.02196038
vn 9.158153E-07 -0.9997589 0.0219622
vn 9.977693E-07 -0.9940384 0.1090306
vn 1.035829E-06 -0.988354 0.1521729
vn 1.105931E-06 -0.9714054 0.2374275
vn 1.137967E-06 -0.960134 0.2795408
vn 1.195603E-06 -0.9320761 0.362263
vn 1.221172E-06 -0.9152583 0.4028679
vn 1.264848E-06 -0.8767219 0.480998
vn 1.28302E-06 -0.8550499 0.5185459
vn 1.312255E-06 -0.8065991 0.5910991
vn 1.323234E-06 -0.7797708 0.6260652
vn 1.337373E-06 -0.7222584 0.6916236
vn 1.340618E-06 -0.6916218 0.72226
vn 1.339517E-06 -0.6260636 0.7797723
vn 1.335083E-06 -0.5910976 0.8066003
vn 1.318666E-06 -0.5185445 0.8550509
vn 1.306767E-06 -0.4809964 0.8767228
vn 1.27545E-06 -0.4028661 0.9152592
vn 1.255964E-06 -0.3622608 0.9320769
vn 1.210062E-06 -0.2795387 0.9601347
vn 1.183682E-06 -0.2374255 0.971406
vn 1.124407E-06 -0.1521713 0.9883543
vn 1.091519E-06 -0.1090292 0.9940388
vn 1.019394E-06 -0.02196058 0.999759
vn 9.80124E-07 0.0219624 0.999759
vn 8.965583E-07 0.109031 0.9940385
vn 8.523018E-07 0.1521731 0.9883541
vn 7.591302E-07 0.2374273 0.9714056
vn 7.102068E-07 0.2795404 0.9601343
vn 6.081896E-07 0.3622625 0.9320763
vn 5.550679E-07 0.4028678 0.9152585
vn 4.466777E-07 0.4809979 0.876722
vn 3.914352E-07 0.5185459 0.85505
vn 2.781171E-07 0.5910989 0.8065994
vn 2.200268E-07 0.626065 0.7797712
vn 1.039007E-07 0.6916232 0.7222587
vn 4.587272E-08 0.7222599 0.691622
vn -7.110572E-08 0.7797722 0.6260636
vn -1.300581E-07 0.8066004 0.5910975
vn -2.459293E-07 0.8550509 0.5185444
vn -3.028536E-07 0.8767228 0.4809964
vn -4.15438E-07 0.9152591 0.4028661
vn -4.710795E-07 0.9320768 0.3622609
vn -5.788873E-07 0.9601346 0.2795387
vn -6.310778E-07 0.9714059 0.2374255
vn -7.314851E-07 0.9883542 0.1521713
vn -7.797095E-07 0.9940386 0.1090292
vn -1 -1.192093E-06 1.000001E-06
vn -1 -1.192093E-06 1.000001E-06
vn -1 -1.192093E-06 1.000001E-06
vn -1 -1.192093E-06 1.000001E-06
vn -1 -1.192093E-06 1.000001E-06
vn -1 -1.192093E-06 1.000001E-06
vn -1 -1.192093E-06 1.000001E-06
vn -1 -1.192093E-06 1.000001E-06
vn -1 -1.192093E-06 1.000001E-06
vn -1 -1.192093E-06 1.000001E-06
vn -1 -1.192093E-06 1.000001E-06
vn -1 -1.192093E-06 1.000001E-06
vn -1 -1.192093E-06 1.000001E-06
vn -1 -1.192093E-06 1.000001E-06
vn -1 -1.192093E-06 1.000001E-06
vn -1 -1.192093E-06 1.000001E-06
vn -1 -1.192093E-06 1.000001E-06
vn -1 -1.192093E-06 1.000001E-06
vn -1 -1.192093E-06 1.000001E-06
vn -1 -1.192093E-06 1.000001E-06
vn -1 -1.192093E-06 1.000001E-06
vn -1 -1.192093E-06 1.000001E-06
vn -1 -1.192093E-06 1.000001E-06
vn -1 -1.192093E-06 1.000001E-06
vn -1 -1.192093E-06 1.000001E-06
vn -1 -1.192093E-06 1.000001E-06
vn -1 -1.192093E-06 1.000001E-06
vn -1 -1.192093E-06 1.000001E-06
vn -1 -1.192093E-06 1.000001E-06
vn -1 -1.192093E-06 1.000001E-06
vn -1 -1.192093E-06 1.000001E-06
vn -1 -1.192093E-06 1.000001E-06
vn -1 -1.192093E-06 1.000001E-06
vn -1 -1.192093E-06 1.000001E-06
vn -1 -1.192093E-06 1.000001E-06
vn -1 -1.192093E-06 1.000001E-06
vn -1 -1.192093E-06 1.000001E-06
vn -1 -1.192093E-06 1.000001E-06
vn -1 -1.192093E-06 1.000001E-06
vn -1 -1.192093E-06 1.000001E-06
vn -1 -1.192093E-06 1.000001E-06
vn -1 -1.192093E-06 1.000001E-06
vn -1 -1.192093E-06 1.000001E-06
vn -1 -1.192093E-06 1.000001E-06
vn -1 -1.192093E-06 1.000001E-06
vn -1 -1.192093E-06 1.000001E-06
vn -1 -1.192093E-06 1.000001E-06
vn -1 -1.192093E-06 1.000001E-06
vn -1 -1.192093E-06 1.000001E-06
vn -9.977693E-07 0.9940384 -0.1090306
vn -8.718927E-07 0.9997589 0.02196038
vn -9.158153E-07 0.9997589 -0.0219622
vn -1.035829E-06 0.988354 -0.1521729
vn -1.105931E-06 0.9714054 -0.2374275
vn -1.137967E-06 0.960134 -0.2795408
vn -1.195603E-06 0.9320759 -0.3622633
vn -1.221173E-06 0.915258 -0.4028686
vn -1.264848E-06 0.8767214 -0.4809986
vn -1.28302E-06 0.8550497 -0.5185464
vn -1.312255E-06 0.8065993 -0.591099
vn -1.323235E-06 0.7797712 -0.6260649
vn -1.337373E-06 0.7222589 -0.691623
vn -1.340618E-06 0.6916221 -0.7222596
vn -1.339517E-06 0.6260638 -0.779772
vn -1.335083E-06 0.5910978 -0.8066002
vn -1.318666E-06 0.5185445 -0.8550509
vn -1.306767E-06 0.4809964 -0.8767228
vn -1.27545E-06 0.4028661 -0.9152592
vn -1.255964E-06 0.362261 -0.932077
vn -1.210063E-06 0.279539 -0.9601346
vn -1.183682E-06 0.237426 -0.9714059
vn -1.124407E-06 0.1521713 -0.9883544
vn -1.091519E-06 0.1090288 -0.9940388
vn -1.019394E-06 0.02196035 -0.9997591
vn -9.801242E-07 -0.02196217 -0.9997591
vn -8.965586E-07 -0.1090306 -0.9940385
vn -8.523019E-07 -0.1521731 -0.9883542
vn -7.591296E-07 -0.2374277 -0.9714054
vn -7.102063E-07 -0.2795408 -0.9601341
vn -6.081895E-07 -0.3622627 -0.9320763
vn -5.550679E-07 -0.4028678 -0.9152585
vn -4.46678E-07 -0.4809976 -0.8767221
vn -3.914361E-07 -0.5185453 -0.8550504
vn -2.781172E-07 -0.5910988 -0.8065994
vn -2.200255E-07 -0.6260657 -0.7797706
vn -1.038986E-07 -0.6916243 -0.7222576
vn -4.587136E-08 -0.7222605 -0.6916212
vn 7.110594E-08 -0.7797723 -0.6260635
vn 1.30058E-07 -0.8066003 -0.5910975
vn 2.459287E-07 -0.8550507 -0.5185449
vn 3.028524E-07 -0.8767223 -0.480997
vn 4.154377E-07 -0.915259 -0.4028663
vn 4.710804E-07 -0.9320771 -0.3622602
vn 5.788887E-07 -0.9601349 -0.2795376
vn 6.310785E-07 -0.971406 -0.2374249
vn 7.314844E-07 -0.9883541 -0.1521719
vn 7.797081E-07 -0.9940385 -0.1090304
vn 8.718919E-07 -0.9997589 -0.02196119
vn 9.158161E-07 -0.9997589 0.02196302
vn 9.977707E-07 -0.9940382 0.1090322
vn 1.03583E-06 -0.9883539 0.1521737
vn 1.10593E-06 -0.9714055 0.2374267
vn 1.137966E-06 -0.9601344 0.2795393
vn 1.195603E-06 -0.9320765 0.3622619
vn 1.221172E-06 -0.9152583 0.4028679
vn 1.264848E-06 -0.8767216 0.4809986
vn 1.28302E-06 -0.8550498 0.5185462
vn 1.312255E-06 -0.8065994 0.5910988
vn 1.323234E-06 -0.7797713 0.6260648
vn 1.337373E-06 -0.7222592 0.6916227
vn 1.340618E-06 -0.6916228 0.722259
vn 1.339517E-06 -0.626064 0.7797719
vn 1.335083E-06 -0.5910972 0.8066005
vn 1.318666E-06 -0.5185438 0.8550513
vn 1.306767E-06 -0.480996 0.876723
vn 1.27545E-06 -0.4028659 0.9152592
vn 1.255964E-06 -0.3622606 0.9320771
vn 1.210062E-06 -0.2795387 0.9601347
vn 1.183682E-06 -0.2374258 0.971406
vn 1.124407E-06 -0.1521715 0.9883543
vn 1.091519E-06 -0.1090292 0.9940388
vn 1.019394E-06 -0.02196055 0.9997591
vn 9.801241E-07 0.02196238 0.9997591
vn 8.965583E-07 0.109031 0.9940385
vn 8.523016E-07 0.1521733 0.988354
vn 7.591299E-07 0.2374275 0.9714055
vn 7.102068E-07 0.2795404 0.9601343
vn 6.081899E-07 0.3622623 0.9320764
vn 5.550681E-07 0.4028676 0.9152585
vn 4.466775E-07 0.480998 0.8767219
vn 3.91435E-07 0.518546 0.85505
vn 2.781168E-07 0.5910991 0.8065992
vn 2.200267E-07 0.6260651 0.7797711
vn 1.039005E-07 0.6916233 0.7222586
vn 4.587232E-08 0.7222601 0.6916218
vn -7.110611E-08 0.7797724 0.6260634
vn -1.300583E-07 0.8066005 0.5910974
vn -2.459289E-07 0.8550507 0.5185447
vn -3.028526E-07 0.8767225 0.480997
vn -4.154368E-07 0.9152587 0.402867
vn -4.710785E-07 0.9320765 0.3622616
vn -5.788868E-07 0.9601344 0.2795391
vn -6.310776E-07 0.9714059 0.2374257
vn -7.314853E-07 0.9883543 0.1521711
vn -7.797099E-07 0.9940386 0.1090288
vn -1 -1.192093E-06 1.000001E-06
vn -1 -1.192093E-06 1.000001E-06
vn -1 -1.192093E-06 1.000001E-06
vn -1 -1.192093E-06 1.000001E-06
vn -1 -1.192093E-06 1.000001E-06
vn -1 -1.192093E-06 1.000001E-06
vn -1 -1.192093E-06 1.000001E-06
vn -1 -1.192093E-06 1.000001E-06
vn -1 -1.192093E-06 1.000001E-06
vn -1 -1.192093E-06 1.000001E-06
vn -1 -1.192093E-06 1.000001E-06
vn -1 -1.192093E-06 1.000001E-06
vn -1 -1.192093E-06 1.000001E-06
vn -1 -1.192093E-06 1.000001E-06
vn -1 -1.192093E-06 1.000001E-06
vn -1 -1.192093E-06 1.000001E-06
vn -1 -1.192093E-06 1.000001E-06
vn -1 -1.192093E-06 1.000001E-06
vn -1 -1.192093E-06 1.000001E-06
vn -1 -1.192093E-06 1.000001E-06
vn -1 -1.192093E-06 1.000001E-06
vn -1 -1.192093E-06 1.000001E-06
vn -1 -1.192093E-06 1.000001E-06
vn -1 -1.192093E-06 1.000001E-06
vn -1 -1.192093E-06 1.000001E-06
vn -1 -1.192093E-06 1.000001E-06
vn -1 -1.192093E-06 1.000001E-06
vn -1 -1.192093E-06 1.000001E-06
vn -1 -1.192093E-06 1.000001E-06
vn -1 -1.192093E-06 1.000001E-06
vn -1 -1.192093E-06 1.000001E-06
vn -1 -1.192093E-06 1.000001E-06
vn -1 -1.192093E-06 1.000001E-06
vn -1 -1.192093E-06 1.000001E-06
vn -1 -1.192093E-06 1.000001E-06
vn -1 -1.192093E-06 1.000001E-06
vn -1 -1.192093E-06 1.000001E-06
vn -1 -1.192093E-06 1.000001E-06
vn -1 -1.192093E-06 1.000001E-06
vn -1 -1.192093E-06 1.000001E-06
vn -1 -1.192093E-06 1.000001E-06
vn -1 -1.192093E-06 1.000001E-06
vn -1 -1.192093E-06 1.000001E-06
vn -1 -1.192093E-06 1.000001E-06
vn -1 -1.192093E-06 1.000001E-06
vn -1 -1.192093E-06 1.000001E-06
vn -1 -1.192093E-06 1.000001E-06
vn -1 -1.192093E-06 1.000001E-06
vn -1 -1.192093E-06 1.000001E-06
vn -9.977707E-07 0.9940382 -0.1090322
vn -8.718919E-07 0.9997589 0.02196119
vn -9.158161E-07 0.9997589 -0.02196302
vn -1.03583E-06 0.9883539 -0.1521737
vn -1.10593E-06 0.9714055 -0.2374267
vn -1.137966E-06 0.9601344 -0.2795393
vn -1.195603E-06 0.9320765 -0.3622619
vn -1.221172E-06 0.9152583 -0.4028679
vn -1.264848E-06 0.8767214 -0.4809986
vn -1.28302E-06 0.8550497 -0.5185464
vn -1.312255E-06 0.8065993 -0.591099
vn -1.323235E-06 0.7797712 -0.6260649
vn -1.337373E-06 0.7222593 -0.6916226
vn -1.340618E-06 0.691623 -0.7222589
vn -1.339517E-06 0.6260642 -0.7797717
vn -1.335083E-06 0.5910974 -0.8066005
vn -1.318666E-06 0.5185438 -0.8550513
vn -1.306767E-06 0.480996 -0.876723
vn -1.27545E-06 0.4028661 -0.9152592
vn -1.255964E-06 0.362261 -0.932077
vn -1.210063E-06 0.279539 -0.9601346
vn -1.183682E-06 0.237426 -0.9714059
vn -1.124407E-06 0.1521713 -0.9883544
vn -1.091519E-06 0.1090288 -0.9940388
vn -1.019394E-06 0.02196035 -0.9997591
vn -9.801242E-07 -0.02196217 -0.9997591
vn -8.965586E-07 -0.1090306 -0.9940385
vn -8.523019E-07 -0.1521731 -0.9883542
vn -7.591296E-07 -0.2374277 -0.9714054
vn -7.102063E-07 -0.2795408 -0.9601341
vn -6.081895E-07 -0.3622627 -0.9320763
vn -5.550679E-07 -0.4028678 -0.9152585
vn -4.46678E-07 -0.4809976 -0.8767221
vn -3.914361E-07 -0.5185453 -0.8550504
vn -2.781172E-07 -0.5910988 -0.8065994
vn -2.200255E-07 -0.6260657 -0.7797706
vn -1.038986E-07 -0.6916243 -0.7222576
vn -4.587136E-08 -0.7222605 -0.6916212
vn 7.110594E-08 -0.7797723 -0.6260635
vn 1.30058E-07 -0.8066003 -0.5910975
vn 2.459287E-07 -0.8550507 -0.5185449
vn 3.028524E-07 -0.8767223 -0.480997
vn 4.154377E-07 -0.915259 -0.4028663
vn 4.710804E-07 -0.9320771 -0.3622602
vn 5.788887E-07 -0.9601349 -0.2795376
vn 6.310785E-07 -0.971406 -0.2374249
vn 7.314844E-07 -0.9883541 -0.1521719
vn 7.797081E-07 -0.9940385 -0.1090304
vn 8.718919E-07 -0.9997589 -0.02196119
vn 9.158161E-07 -0.9997589 0.02196302
vn 9.977707E-07 -0.9940382 0.1090322
vn 1.03583E-06 -0.9883539 0.1521737
vn 1.10593E-06 -0.9714055 0.2374267
vn 1.137966E-06 -0.9601344 0.2795393
vn 1.195603E-06 -0.9320765 0.3622619
vn 1.221172E-06 -0.9152583 0.4028679
vn 1.264848E-06 -0.8767216 0.4809986
vn 1.28302E-06 -0.8550498 0.5185462
vn 1.312255E-06 -0.8065994 0.5910988
vn 1.323234E-06 -0.7797713 0.6260648
vn 1.337373E-06 -0.7222592 0.6916227
vn 1.340618E-06 -0.6916228 0.722259
vn 1.339517E-06 -0.626064 0.7797719
vn 1.335083E-06 -0.5910972 0.8066005
vn 1.318666E-06 -0.5185438 0.8550513
vn 1.306767E-06 -0.480996 0.876723
vn 1.27545E-06 -0.4028659 0.9152592
vn 1.255964E-06 -0.3622606 0.9320771
vn 1.210062E-06 -0.2795387 0.9601347
vn 1.183682E-06 -0.2374258 0.971406
vn 1.124407E-06 -0.1521715 0.9883543
vn 1.091519E-06 -0.1090292 0.9940388
vn 1.019394E-06 -0.02196055 0.9997591
vn 9.801241E-07 0.02196238 0.9997591
vn 8.965583E-07 0.109031 0.9940385
vn 8.523016E-07 0.1521733 0.988354
vn 7.591299E-07 0.2374275 0.9714055
vn 7.102068E-07 0.2795404 0.9601343
vn 6.081899E-07 0.3622623 0.9320764
vn 5.550681E-07 0.4028676 0.9152585
vn 4.46678E-07 0.4809976 0.8767221
vn 3.914361E-07 0.5185453 0.8550504
vn 2.781174E-07 0.5910987 0.8065994
vn 2.20026E-07 0.6260654 0.7797708
vn 1.03899E-07 0.6916241 0.7222578
vn 4.587153E-08 0.7222605 0.6916214
vn -7.110611E-08 0.7797724 0.6260634
vn -1.300583E-07 0.8066005 0.5910974
vn -2.459289E-07 0.8550507 0.5185447
vn -3.028526E-07 0.8767225 0.480997
vn -4.154377E-07 0.915259 0.4028663
vn -4.710804E-07 0.9320771 0.3622602
vn -5.788887E-07 0.9601349 0.2795376
vn -6.310785E-07 0.971406 0.2374249
vn -7.314844E-07 0.9883541 0.1521719
vn -7.797081E-07 0.9940385 0.1090304
vn -1 -1.192093E-06 1.000001E-06
vn -1 -1.192093E-06 1.000001E-06
vn -1 -1.192093E-06 1.000001E-06
vn -1 -1.192093E-06 1.000001E-06
vn -1 -1.192093E-06 1.000001E-06
vn -1 -1.192093E-06 1.000001E-06
vn -1 -1.192093E-06 1.000001E-06
vn -1 -1.192093E-06 1.000001E-06
vn -1 -1.192093E-06 1.000001E-06
vn -1 -1.192093E-06 1.000001E-06
vn -1 -1.192093E-06 1.000001E-06
vn -1 -1.192093E-06 1.000001E-06
vn -1 -1.192093E-06 1.000001E-06
vn -1 -1.192093E-06 1.000001E-06
vn -1 -1.192093E-06 1.000001E-06
vn -1 -1.192093E-06 1.000001E-06
vn -1 -1.192093E-06 1.000001E-06
vn -1 -1.192093E-06 1.000001E-06
vn -1 -1.192093E-06 1.000001E-06
vn -1 -1.192093E-06 1.000001E-06
vn -1 -1.192093E-06 1.000001E-06
vn -1 -1.192093E-06 1.000001E-06
vn -1 -1.192093E-06 1.000001E-06
vn -1 -1.192093E-06 1.000001E-06
vn -1 -1.192093E-06 1.000001E-06
vn -1 -1.192093E-06 1.000001E-06
vn -1 -1.192093E-06 1.000001E-06
vn -1 -1.192093E-06 1.000001E-06
vn -1 -1.192093E-06 1.000001E-06
vn -1 -1.192093E-06 1.000001E-06
vn -1 -1.192093E-06 1.000001E-06
vn -1 -1.192093E-06 1.000001E-06
vn -1 -1.192093E-06 1.000001E-06
vn -1 -1.192093E-06 1.000001E-06
vn -1 -1.192093E-06 1.000001E-06
vn -1 -1.192093E-06 1.000001E-06
vn -1 -1.192093E-06 1.000001E-06
vn -1 -1.192093E-06 1.000001E-06
vn -1 -1.192093E-06 1.000001E-06
vn -1 -1.192093E-06 1.000001E-06
vn -1 -1.192093E-06 1.000001E-06
vn -1 -1.192093E-06 1.000001E-06
vn -1 -1.192093E-06 1.000001E-06
vn -1 -1.192093E-06 1.000001E-06
vn -1 -1.192093E-06 1.000001E-06
vn -1 -1.192093E-06 1.000001E-06
vn -1 -1.192093E-06 1.000001E-06
vn -1 -1.192093E-06 1.000001E-06
vn -1 -1.192093E-06 1.000001E-06
vn -9.977679E-07 0.9940386 -0.109029
vn -8.718936E-07 0.999759 0.02195957
vn -9.158146E-07 0.999759 -0.02196139
vn -1.035829E-06 0.9883541 -0.1521721
vn -1.105933E-06 0.9714049 -0.2374298
vn -1.13797E-06 0.9601327 -0.2795453
vn -1.195605E-06 0.9320748 -0.3622661
vn -1.221172E-06 0.9152583 -0.4028679
vn -1.264847E-06 0.8767229 -0.4809962
vn -1.28302E-06 0.8550504 -0.5185452
vn -1.312255E-06 0.8065993 -0.591099
vn -1.323235E-06 0.7797712 -0.6260649
vn -1.337373E-06 0.7222593 -0.6916226
vn -1.340618E-06 0.691623 -0.7222589
vn -1.339517E-06 0.6260642 -0.7797717
vn -1.335083E-06 0.5910974 -0.8066005
vn -1.318666E-06 0.5185445 -0.8550509
vn -1.306768E-06 0.4809974 -0.8767223
vn -1.27545E-06 0.4028673 -0.9152586
vn -1.255964E-06 0.3622615 -0.9320768
vn -1.210062E-06 0.2795382 -0.9601347
vn -1.183681E-06 0.2374245 -0.9714063
vn -1.124406E-06 0.1521705 -0.9883544
vn -1.091519E-06 0.1090288 -0.9940388
vn -1.019394E-06 0.02196046 -0.999759
vn -9.801241E-07 -0.02196228 -0.999759
vn -8.965586E-07 -0.1090306 -0.9940385
vn -8.523025E-07 -0.1521723 -0.9883542
vn -7.591314E-07 -0.2374263 -0.9714058
vn -7.102072E-07 -0.2795399 -0.9601343
vn -6.081888E-07 -0.3622632 -0.9320761
vn -5.550663E-07 -0.402869 -0.9152579
vn -4.466761E-07 -0.4809991 -0.8767214
vn -3.91435E-07 -0.518546 -0.85505
vn -2.781172E-07 -0.5910988 -0.8065994
vn -2.200255E-07 -0.6260657 -0.7797706
vn -1.038986E-07 -0.6916243 -0.7222576
vn -4.587136E-08 -0.7222605 -0.6916212
vn 7.110594E-08 -0.7797723 -0.6260635
vn 1.30058E-07 -0.8066003 -0.5910975
vn 2.459305E-07 -0.8550514 -0.5185437
vn 3.028562E-07 -0.8767238 -0.4809946
vn 4.154377E-07 -0.915259 -0.4028663
vn 4.710747E-07 -0.9320755 -0.3622644
vn 5.788812E-07 -0.9601331 -0.2795435
vn 6.310748E-07 -0.9714053 -0.237428
vn 7.314862E-07 -0.9883544 -0.1521703
vn 7.797117E-07 -0.9940389 -0.1090272
vn 8.718936E-07 -0.999759 -0.02195957
vn 9.158146E-07 -0.999759 0.02196139
vn 9.977679E-07 -0.9940386 0.109029
vn 1.035829E-06 -0.9883541 0.1521721
vn 1.105933E-06 -0.9714049 0.2374298
vn 1.13797E-06 -0.9601327 0.2795453
vn 1.195605E-06 -0.9320748 0.3622661
vn 1.221172E-06 -0.9152583 0.4028679
vn 1.264847E-06 -0.8767229 0.4809961
vn 1.28302E-06 -0.8550506 0.5185451
vn 1.312255E-06 -0.8065994 0.5910988
vn 1.323234E-06 -0.7797713 0.6260648
vn 1.337373E-06 -0.7222592 0.6916227
vn 1.340618E-06 -0.6916228 0.722259
vn 1.339517E-06 -0.626064 0.7797719
vn 1.335083E-06 -0.5910972 0.8066005
vn 1.318666E-06 -0.5185445 0.8550509
vn 1.306768E-06 -0.4809974 0.8767223
vn 1.27545E-06 -0.4028671 0.9152587
vn 1.255964E-06 -0.3622611 0.9320769
vn 1.210062E-06 -0.2795378 0.9601349
vn 1.183681E-06 -0.2374243 0.9714063
vn 1.124406E-06 -0.1521707 0.9883544
vn 1.091519E-06 -0.1090292 0.9940388
vn 1.019394E-06 -0.02196066 0.999759
vn 9.801239E-07 0.02196248 0.999759
vn 8.965583E-07 0.109031 0.9940385
vn 8.523024E-07 0.1521725 0.9883542
vn 7.591315E-07 0.237426 0.9714058
vn 7.102078E-07 0.2795396 0.9601344
vn 6.081892E-07 0.3622628 0.9320762
vn 5.550664E-07 0.4028688 0.9152579
vn 4.466761E-07 0.4809991 0.8767214
vn 3.91435E-07 0.518546 0.85505
vn 2.781174E-07 0.5910987 0.8065994
vn 2.20026E-07 0.6260654 0.7797708
vn 1.03899E-07 0.6916241 0.7222578
vn 4.587153E-08 0.7222605 0.6916214
vn -7.110611E-08 0.7797724 0.6260634
vn -1.300583E-07 0.8066005 0.5910974
vn -2.459307E-07 0.8550515 0.5185435
vn -3.028564E-07 0.8767238 0.4809945
vn -4.154377E-07 0.915259 0.4028663
vn -4.710747E-07 0.9320755 0.3622644
vn -5.788812E-07 0.9601331 0.2795435
vn -6.310748E-07 0.9714053 0.237428
vn -7.314862E-07 0.9883544 0.1521703
vn -7.797117E-07 0.9940389 0.1090272
vn -1 -1.192093E-06 1.000001E-06
vn -1 -1.192093E-06 1.000001E-06
vn -1 -1.192093E-06 1.000001E-06
vn -1 -1.192093E-06 1.000001E-06
vn -1 -1.192093E-06 1.000001E-06
vn -1 -1.192093E-06 1.000001E-06
vn -1 -1.192093E-06 1.000001E-06
vn -1 -1.192093E-06 1.000001E-06
vn -1 -1.192093E-06 1.000001E-06
vn -1 -1.192093E-06 1.000001E-06
vn -1 -1.192093E-06 1.000001E-06
vn -1 -1.192093E-06 1.000001E-06
vn -1 -1.192093E-06 1.000001E-06
vn -1 -1.192093E-06 1.000001E-06
vn -1 -1.192093E-06 1.000001E-06
vn -1 -1.192093E-06 1.000001E-06
vn -1 -1.192093E-06 1.000001E-06
vn -1 -1.192093E-06 1.000001E-06
vn -1 -1.192093E-06 1.000001E-06
vn -1 -1.192093E-06 1.000001E-06
vn -1 -1.192093E-06 1.000001E-06
vn -1 -1.192093E-06 1.000001E-06
vn -1 -1.192093E-06 1.000001E-06
vn -1 -1.192093E-06 1.000001E-06
vn -1 -1.192093E-06 1.000001E-06
vn -1 -1.192093E-06 1.000001E-06
vn -1 -1.192093E-06 1.000001E-06
vn -1 -1.192093E-06 1.000001E-06
vn -1 -1.192093E-06 1.000001E-06
vn -1 -1.192093E-06 1.000001E-06
vn -1 -1.192093E-06 1.000001E-06
vn -1 -1.192093E-06 1.000001E-06
vn -1 -1.192093E-06 1.000001E-06
vn -1 -1.192093E-06 1.000001E-06
vn -1 -1.192093E-06 1.000001E-06
vn -1 -1.192093E-06 1.000001E-06
vn -1 -1.192093E-06 1.000001E-06
vn -1 -1.192093E-06 1.000001E-06
vn -1 -1.192093E-06 1.000001E-06
vn -1 -1.192093E-06 1.000001E-06
vn -1 -1.192093E-06 1.000001E-06
vn -1 -1.192093E-06 1.000001E-06
vn -1 -1.192093E-06 1.000001E-06
vn -1 -1.192093E-06 1.000001E-06
vn -1 -1.192093E-06 1.000001E-06
vn -1 -1.192093E-06 1.000001E-06
vn -1 -1.192093E-06 1.000001E-06
vn -1 -1.192093E-06 1.000001E-06
vn -1 -1.192093E-06 1.000001E-06
vn -9.977679E-07 0.9940386 -0.109029
vn -8.718936E-07 0.999759 0.02195957
vn -9.158146E-07 0.999759 -0.02196139
vn -1.035829E-06 0.9883541 -0.1521721
vn -1.105933E-06 0.9714049 -0.2374298
vn -1.13797E-06 0.9601327 -0.2795453
vn -1.195605E-06 0.9320748 -0.3622661
vn -1.221172E-06 0.9152583 -0.4028679
vn -1.264847E-06 0.8767229 -0.4809962
vn -1.28302E-06 0.8550504 -0.5185452
vn -1.312255E-06 0.8065993 -0.591099
vn -1.323235E-06 0.7797712 -0.6260649
vn -1.337373E-06 0.7222593 -0.6916226
vn -1.340618E-06 0.691623 -0.7222589
vn -1.339517E-06 0.6260642 -0.7797717
vn -1.335083E-06 0.5910974 -0.8066005
vn -1.318666E-06 0.5185445 -0.8550509
vn -1.306768E-06 0.4809974 -0.8767223
vn -1.27545E-06 0.4028673 -0.9152586
vn -1.255964E-06 0.3622615 -0.9320768
vn -1.210062E-06 0.2795382 -0.9601347
vn -1.183681E-06 0.2374245 -0.9714063
vn -1.124406E-06 0.1521705 -0.9883544
vn -1.091519E-06 0.1090288 -0.9940388
vn -1.019394E-06 0.02196046 -0.999759
vn -9.801241E-07 -0.02196228 -0.999759
vn -8.965586E-07 -0.1090306 -0.9940385
vn -8.523025E-07 -0.1521723 -0.9883542
vn -7.591314E-07 -0.2374263 -0.9714058
vn -7.102072E-07 -0.2795399 -0.9601343
vn -6.081888E-07 -0.3622632 -0.9320761
vn -5.550663E-07 -0.402869 -0.9152579
vn -4.466761E-07 -0.4809991 -0.8767214
vn -3.91435E-07 -0.518546 -0.85505
vn -2.781172E-07 -0.5910988 -0.8065994
vn -2.200255E-07 -0.6260657 -0.7797706
vn -1.038986E-07 -0.6916243 -0.7222576
vn -4.587136E-08 -0.7222605 -0.6916212
vn 7.110594E-08 -0.7797723 -0.6260635
vn 1.30058E-07 -0.8066003 -0.5910975
vn 2.459305E-07 -0.8550514 -0.5185437
vn 3.028562E-07 -0.8767238 -0.4809946
vn 4.154377E-07 -0.915259 -0.4028663
vn 4.710747E-07 -0.9320755 -0.3622644
vn 5.788812E-07 -0.9601331 -0.2795435
vn 6.310748E-07 -0.9714053 -0.237428
vn 7.314862E-07 -0.9883544 -0.1521703
vn 7.797117E-07 -0.9940389 -0.1090272
vn 8.718936E-07 -0.999759 -0.02195957
vn 9.158146E-07 -0.999759 0.02196139
vn 9.977679E-07 -0.9940386 0.109029
vn 1.035829E-06 -0.9883541 0.1521721
vn 1.105933E-06 -0.9714049 0.2374298
vn 1.13797E-06 -0.9601327 0.2795453
vn 1.195605E-06 -0.9320748 0.3622661
vn 1.221172E-06 -0.9152583 0.4028679
vn 1.264847E-06 -0.8767229 0.4809961
vn 1.28302E-06 -0.8550506 0.5185451
vn 1.312255E-06 -0.8065994 0.5910988
vn 1.323234E-06 -0.7797713 0.6260648
vn 1.337373E-06 -0.7222592 0.6916227
vn 1.340618E-06 -0.6916228 0.722259
vn 1.339517E-06 -0.626064 0.7797719
vn 1.335083E-06 -0.5910972 0.8066005
vn 1.318666E-06 -0.5185445 0.8550509
vn 1.306768E-06 -0.4809974 0.8767223
vn 1.27545E-06 -0.4028671 0.9152587
vn 1.255964E-06 -0.3622611 0.9320769
vn 1.210062E-06 -0.2795378 0.9601349
vn 1.183681E-06 -0.2374243 0.9714063
vn 1.124406E-06 -0.1521707 0.9883544
vn 1.091519E-06 -0.1090292 0.9940388
vn 1.019394E-06 -0.02196066 0.999759
vn 9.801239E-07 0.02196248 0.999759
vn 8.965583E-07 0.109031 0.9940385
vn 8.523024E-07 0.1521725 0.9883542
vn 7.591315E-07 0.237426 0.9714058
vn 7.102078E-07 0.2795396 0.9601344
vn 6.081892E-07 0.3622628 0.9320762
vn 5.550664E-07 0.4028688 0.9152579
vn 4.466761E-07 0.4809991 0.8767214
vn 3.91435E-07 0.518546 0.85505
vn 2.781174E-07 0.5910987 0.8065994
vn 2.20026E-07 0.6260654 0.7797708
vn 1.03899E-07 0.6916241 0.7222578
vn 4.587153E-08 0.7222605 0.6916214
vn -7.110611E-08 0.7797724 0.6260634
vn -1.300583E-07 0.8066005 0.5910974
vn -2.459307E-07 0.8550515 0.5185435
vn -3.028564E-07 0.8767238 0.4809945
vn -4.154377E-07 0.915259 0.4028663
vn -4.710747E-07 0.9320755 0.3622644
vn -5.788812E-07 0.9601331 0.2795435
vn -6.310748E-07 0.9714053 0.237428
vn -7.314862E-07 0.9883544 0.1521703
vn -7.797117E-07 0.9940389 0.1090272
vn -1 -1.192093E-06 1.000001E-06
vn -1 -1.192093E-06 1.000001E-06
vn -1 -1.192093E-06 1.000001E-06
vn -1 -1.192093E-06 1.000001E-06
vn -1 -1.192093E-06 1.000001E-06
vn -1 -1.192093E-06 1.000001E-06
vn -1 -1.192093E-06 1.000001E-06
vn -1 -1.192093E-06 1.000001E-06
vn -1 -1.192093E-06 1.000001E-06
vn -1 -1.192093E-06 1.000001E-06
vn -1 -1.192093E-06 1.000001E-06
vn -1 -1.192093E-06 1.000001E-06
vn -1 -1.192093E-06 1.000001E-06
vn -1 -1.192093E-06 1.000001E-06
vn -1 -1.192093E-06 1.000001E-06
vn -1 -1.192093E-06 1.000001E-06
vn -1 -1.192093E-06 1.000001E-06
vn -1 -1.192093E-06 1.000001E-06
vn -1 -1.192093E-06 1.000001E-06
vn -1 -1.192093E-06 1.000001E-06
vn -1 -1.192093E-06 1.000001E-06
vn -1 -1.192093E-06 1.000001E-06
vn -1 -1.192093E-06 1.000001E-06
vn -1 -1.192093E-06 1.000001E-06
vn -1 -1.192093E-06 1.000001E-06
vn -1 -1.192093E-06 1.000001E-06
vn -1 -1.192093E-06 1.000001E-06
vn -1 -1.192093E-06 1.000001E-06
vn -1 -1.192093E-06 1.000001E-06
vn -1 -1.192093E-06 1.000001E-06
vn -1 -1.192093E-06 1.000001E-06
vn -1 -1.192093E-06 1.000001E-06
vn -1 -1.192093E-06 1.000001E-06
vn -1 -1.192093E-06 1.000001E-06
vn -1 -1.192093E-06 1.000001E-06
vn -1 -1.192093E-06 1.000001E-06
vn -1 -1.192093E-06 1.000001E-06
vn -1 -1.192093E-06 1.000001E-06
vn -1 -1.192093E-06 1.000001E-06
vn -1 -1.192093E-06 1.000001E-06
vn -1 -1.192093E-06 1.000001E-06
vn -1 -1.192093E-06 1.000001E-06
vn -1 -1.192093E-06 1.000001E-06
vn -1 -1.192093E-06 1.000001E-06
vn -1 -1.192093E-06 1.000001E-06
vn -1 -1.192093E-06 1.000001E-06
vn -1 -1.192093E-06 1.000001E-06
vn -1 -1.192093E-06 1.000001E-06
vn -1 -1.192093E-06 1.000001E-06
vn -9.977679E-07 0.9940386 -0.109029
vn -8.718936E-07 0.999759 0.02195957
vn -9.158146E-07 0.999759 -0.02196139
vn -1.035829E-06 0.9883541 -0.1521721
vn -1.105933E-06 0.9714049 -0.2374298
vn -1.13797E-06 0.9601327 -0.2795453
vn -1.195605E-06 0.9320748 -0.3622661
vn -1.221172E-06 0.9152583 -0.4028679
vn -1.264847E-06 0.8767229 -0.4809961
vn -1.28302E-06 0.8550506 -0.5185451
vn -1.312255E-06 0.8065994 -0.5910988
vn -1.323234E-06 0.7797713 -0.6260648
vn -1.337373E-06 0.7222592 -0.6916227
vn -1.340618E-06 0.6916228 -0.722259
vn -1.339517E-06 0.626064 -0.7797719
vn -1.335083E-06 0.5910972 -0.8066005
vn -1.318666E-06 0.5185445 -0.8550509
vn -1.306768E-06 0.4809974 -0.8767223
vn -1.27545E-06 0.4028671 -0.9152587
vn -1.255964E-06 0.3622611 -0.9320769
vn -1.210062E-06 0.2795378 -0.9601349
vn -1.183681E-06 0.2374243 -0.9714063
vn -1.124406E-06 0.1521707 -0.9883544
vn -1.091519E-06 0.1090292 -0.9940388
vn -1.019394E-06 0.02196066 -0.999759
vn -9.801239E-07 -0.02196248 -0.999759
vn -8.965583E-07 -0.109031 -0.9940385
vn -8.523024E-07 -0.1521725 -0.9883542
vn -7.591315E-07 -0.237426 -0.9714058
vn -7.102078E-07 -0.2795396 -0.9601344
vn -6.081892E-07 -0.3622628 -0.9320762
vn -5.550664E-07 -0.4028688 -0.9152579
vn -4.466761E-07 -0.4809991 -0.8767214
vn -3.91435E-07 -0.518546 -0.85505
vn -2.781174E-07 -0.5910987 -0.8065994
vn -2.20026E-07 -0.6260654 -0.7797708
vn -1.03899E-07 -0.6916241 -0.7222578
vn -4.587153E-08 -0.7222605 -0.6916214
vn 7.110611E-08 -0.7797724 -0.6260634
vn 1.300583E-07 -0.8066005 -0.5910974
vn 2.459307E-07 -0.8550515 -0.5185435
vn 3.028564E-07 -0.8767238 -0.4809945
vn 4.154377E-07 -0.915259 -0.4028663
vn 4.710747E-07 -0.9320755 -0.3622644
vn 5.788812E-07 -0.9601331 -0.2795435
vn 6.310748E-07 -0.9714053 -0.237428
vn 7.314862E-07 -0.9883544 -0.1521703
vn 7.797117E-07 -0.9940389 -0.1090272
vn 8.718936E-07 -0.999759 -0.02195957
vn 9.158146E-07 -0.999759 0.02196139
vn 9.977679E-07 -0.9940386 0.109029
vn 1.035829E-06 -0.9883541 0.1521721
vn 1.105933E-06 -0.9714049 0.2374298
vn 1.13797E-06 -0.9601327 0.2795453
vn 1.195605E-06 -0.9320748 0.3622661
vn 1.221172E-06 -0.9152583 0.4028679
vn 1.264847E-06 -0.8767229 0.4809962
vn 1.28302E-06 -0.8550504 0.5185452
vn 1.312255E-06 -0.8065993 0.591099
vn 1.323235E-06 -0.7797712 0.6260649
vn 1.337373E-06 -0.7222593 0.6916226
vn 1.340618E-06 -0.691623 0.7222589
vn 1.339517E-06 -0.6260642 0.7797717
vn 1.335083E-06 -0.5910974 0.8066005
vn 1.318666E-06 -0.5185445 0.8550509
vn 1.306768E-06 -0.4809974 0.8767223
vn 1.27545E-06 -0.4028673 0.9152586
vn 1.255964E-06 -0.3622615 0.9320768
vn 1.210062E-06 -0.2795382 0.9601347
vn 1.183681E-06 -0.2374245 0.9714063
vn 1.124406E-06 -0.1521705 0.9883544
vn 1.091519E-06 -0.1090288 0.9940388
vn 1.019394E-06 -0.02196046 0.999759
vn 9.801241E-07 0.02196228 0.999759
vn 8.965586E-07 0.1090306 0.9940385
vn 8.523025E-07 0.1521723 0.9883542
vn 7.591314E-07 0.2374263 0.9714058
vn 7.102072E-07 0.2795399 0.9601343
vn 6.081888E-07 0.3622632 0.9320761
vn 5.550663E-07 0.402869 0.9152579
vn 4.466761E-07 0.4809991 0.8767214
vn 3.91435E-07 0.518546 0.85505
vn 2.781172E-07 0.5910988 0.8065994
vn 2.200255E-07 0.6260657 0.7797706
vn 1.038986E-07 0.6916243 0.7222576
vn 4.587136E-08 0.7222605 0.6916212
vn -7.110594E-08 0.7797723 0.6260635
vn -1.30058E-07 0.8066003 0.5910975
vn -2.459305E-07 0.8550514 0.5185437
vn -3.028562E-07 0.8767238 0.4809946
vn -4.154377E-07 0.915259 0.4028663
vn -4.710747E-07 0.9320755 0.3622644
vn -5.788812E-07 0.9601331 0.2795435
vn -6.310748E-07 0.9714053 0.237428
vn -7.314862E-07 0.9883544 0.1521703
vn -7.797117E-07 0.9940389 0.1090272
vn -1 -1.192093E-06 1.000001E-06
vn -1 -1.192093E-06 1.000001E-06
vn -1 -1.192093E-06 1.000001E-06
vn -1 -1.192093E-06 1.000001E-06
vn -1 -1.192093E-06 1.000001E-06
vn -1 -1.192093E-06 1.000001E-06
vn -1 -1.192093E-06 1.000001E-06
vn -1 -1.192093E-06 1.000001E-06
vn -1 -1.192093E-06 1.000001E-06
vn -1 -1.192093E-06 1.000001E-06
vn -1 -1.192093E-06 1.000001E-06
vn -1 -1.192093E-06 1.000001E-06
vn -1 -1.192093E-06 1.000001E-06
vn -1 -1.192093E-06 1.000001E-06
vn -1 -1.192093E-06 1.000001E-06
vn -1 -1.192093E-06 1.000001E-06
vn -1 -1.192093E-06 1.000001E-06
vn -1 -1.192093E-06 1.000001E-06
vn -1 -1.192093E-06 1.000001E-06
vn -1 -1.192093E-06 1.000001E-06
vn -1 -1.192093E-06 1.000001E-06
vn -1 -1.192093E-06 1.000001E-06
vn -1 -1.192093E-06 1.000001E-06
vn -1 -1.192093E-06 1.000001E-06
vn -1 -1.192093E-06 1.000001E-06
vn -1 -1.192093E-06 1.000001E-06
vn -1 -1.192093E-06 1.000001E-06
vn -1 -1.192093E-06 1.000001E-06
vn -1 -1.192093E-06 1.000001E-06
vn -1 -1.192093E-06 1.000001E-06
vn -1 -1.192093E-06 1.000001E-06
vn -1 -1.192093E-06 1.000001E-06
vn -1 -1.192093E-06 1.000001E-06
vn -1 -1.192093E-06 1.000001E-06
vn -1 -1.192093E-06 1.000001E-06
vn -1 -1.192093E-06 1.000001E-06
vn -1 -1.192093E-06 1.000001E-06
vn -1 -1.192093E-06 1.000001E-06
vn -1 -1.192093E-06 1.000001E-06
vn -1 -1.192093E-06 1.000001E-06
vn -1 -1.192093E-06 1.000001E-06
vn -1 -1.192093E-06 1.000001E-06
vn -1 -1.192093E-06 1.000001E-06
vn -1 -1.192093E-06 1.000001E-06
vn -1 -1.192093E-06 1.000001E-06
vn -1 -1.192093E-06 1.000001E-06
vn -1 -1.192093E-06 1.000001E-06
vn -1 -1.192093E-06 1.000001E-06
vn -1 -1.192093E-06 1.000001E-06
vn -9.977679E-07 0.9940386 -0.109029
vn -8.718936E-07 0.999759 0.02195957
vn -9.158146E-07 0.999759 -0.02196139
vn -1.035829E-06 0.9883541 -0.1521721
vn -1.105933E-06 0.9714049 -0.2374298
vn -1.13797E-06 0.9601327 -0.2795453
vn -1.195605E-06 0.9320748 -0.3622661
vn -1.221172E-06 0.9152583 -0.4028679
vn -1.264847E-06 0.8767229 -0.4809961
vn -1.28302E-06 0.8550506 -0.5185451
vn -1.312255E-06 0.8065994 -0.5910988
vn -1.323234E-06 0.7797713 -0.6260648
vn -1.337373E-06 0.7222592 -0.6916227
vn -1.340618E-06 0.6916228 -0.722259
vn -1.339517E-06 0.626064 -0.7797719
vn -1.335083E-06 0.5910972 -0.8066005
vn -1.318666E-06 0.5185445 -0.8550509
vn -1.306768E-06 0.4809974 -0.8767223
vn -1.27545E-06 0.4028671 -0.9152587
vn -1.255964E-06 0.3622611 -0.9320769
vn -1.210062E-06 0.2795378 -0.9601349
vn -1.183681E-06 0.2374243 -0.9714063
vn -1.124406E-06 0.1521707 -0.9883544
vn -1.091519E-06 0.1090292 -0.9940388
vn -1.019394E-06 0.02196066 -0.999759
vn -9.801239E-07 -0.02196248 -0.999759
vn -8.965583E-07 -0.109031 -0.9940385
vn -8.523024E-07 -0.1521725 -0.9883542
vn -7.591315E-07 -0.237426 -0.9714058
vn -7.102078E-07 -0.2795396 -0.9601344
vn -6.081892E-07 -0.3622628 -0.9320762
vn -5.550664E-07 -0.4028688 -0.9152579
vn -4.466761E-07 -0.4809991 -0.8767214
vn -3.91435E-07 -0.518546 -0.85505
vn -2.781174E-07 -0.5910987 -0.8065994
vn -2.20026E-07 -0.6260654 -0.7797708
vn -1.03899E-07 -0.6916241 -0.7222578
vn -4.587153E-08 -0.7222605 -0.6916214
vn 7.110611E-08 -0.7797724 -0.6260634
vn 1.300583E-07 -0.8066005 -0.5910974
vn 2.459307E-07 -0.8550515 -0.5185435
vn 3.028564E-07 -0.8767238 -0.4809945
vn 4.154377E-07 -0.915259 -0.4028663
vn 4.710747E-07 -0.9320755 -0.3622644
vn 5.788812E-07 -0.9601331 -0.2795435
vn 6.310748E-07 -0.9714053 -0.237428
vn 7.314862E-07 -0.9883544 -0.1521703
vn 7.797117E-07 -0.9940389 -0.1090272
vn 8.718936E-07 -0.999759 -0.02195957
vn 9.158146E-07 -0.999759 0.02196139
vn 9.977679E-07 -0.9940386 0.109029
vn 1.035829E-06 -0.9883541 0.1521721
vn 1.105933E-06 -0.9714049 0.2374298
vn 1.13797E-06 -0.9601327 0.2795453
vn 1.195605E-06 -0.9320748 0.3622661
vn 1.221172E-06 -0.9152583 0.4028679
vn 1.264847E-06 -0.8767229 0.4809962
vn 1.28302E-06 -0.8550504 0.5185452
vn 1.312255E-06 -0.8065993 0.591099
vn 1.323235E-06 -0.7797712 0.6260649
vn 1.337373E-06 -0.7222593 0.6916226
vn 1.340618E-06 -0.691623 0.7222589
vn 1.339517E-06 -0.6260642 0.7797717
vn 1.335083E-06 -0.5910974 0.8066005
vn 1.318666E-06 -0.5185445 0.8550509
vn 1.306768E-06 -0.4809974 0.8767223
vn 1.27545E-06 -0.4028673 0.9152586
vn 1.255964E-06 -0.3622615 0.9320768
vn 1.210062E-06 -0.2795382 0.9601347
vn 1.183681E-06 -0.2374245 0.9714063
vn 1.124406E-06 -0.1521705 0.9883544
vn 1.091519E-06 -0.1090288 0.9940388
vn 1.019394E-06 -0.02196046 0.999759
vn 9.801241E-07 0.02196228 0.999759
vn 8.965586E-07 0.1090306 0.9940385
vn 8.523025E-07 0.1521723 0.9883542
vn 7.591314E-07 0.2374263 0.9714058
vn 7.102072E-07 0.2795399 0.9601343
vn 6.081888E-07 0.3622632 0.9320761
vn 5.550663E-07 0.402869 0.9152579
vn 4.466761E-07 0.4809991 0.8767214
vn 3.91435E-07 0.518546 0.85505
vn 2.781172E-07 0.5910988 0.8065994
vn 2.200255E-07 0.6260657 0.7797706
vn 1.038986E-07 0.6916243 0.7222576
vn 4.587136E-08 0.7222605 0.6916212
vn -7.110594E-08 0.7797723 0.6260635
vn -1.30058E-07 0.8066003 0.5910975
vn -2.459305E-07 0.8550514 0.5185437
vn -3.028562E-07 0.8767238 0.4809946
vn -4.154377E-07 0.915259 0.4028663
vn -4.710747E-07 0.9320755 0.3622644
vn -5.788812E-07 0.9601331 0.2795435
vn -6.310748E-07 0.9714053 0.237428
vn -7.314862E-07 0.9883544 0.1521703
vn -7.797117E-07 0.9940389 0.1090272
vn -1 -1.192093E-06 1.000001E-06
vn -1 -1.192093E-06 1.000001E-06
vn -1 -1.192093E-06 1.000001E-06
vn -1 -1.192093E-06 1.000001E-06
vn -1 -1.192093E-06 1.000001E-06
vn -1 -1.192093E-06 1.000001E-06
vn -1 -1.192093E-06 1.000001E-06
vn -1 -1.192093E-06 1.000001E-06
vn -1 -1.192093E-06 1.000001E-06
vn -1 -1.192093E-06 1.000001E-06
vn -1 -1.192093E-06 1.000001E-06
vn -1 -1.192093E-06 1.000001E-06
vn -1 -1.192093E-06 1.000001E-06
vn -1 -1.192093E-06 1.000001E-06
vn -1 -1.192093E-06 1.000001E-06
vn -1 -1.192093E-06 1.000001E-06
vn -1 -1.192093E-06 1.000001E-06
vn -1 -1.192093E-06 1.000001E-06
vn -1 -1.192093E-06 1.000001E-06
vn -1 -1.192093E-06 1.000001E-06
vn -1 -1.192093E-06 1.000001E-06
vn -1 -1.192093E-06 1.000001E-06
vn -1 -1.192093E-06 1.000001E-06
vn -1 -1.192093E-06 1.000001E-06
vn -1 -1.192093E-06 1.000001E-06
vn -1 -1.192093E-06 1.000001E-06
vn -1 -1.192093E-06 1.000001E-06
vn -1 -1.192093E-06 1.000001E-06
vn -1 -1.192093E-06 1.000001E-06
vn -1 -1.192093E-06 1.000001E-06
vn -1 -1.192093E-06 1.000001E-06
vn -1 -1.192093E-06 1.000001E-06
vn -1 -1.192093E-06 1.000001E-06
vn -1 -1.192093E-06 1.000001E-06
vn -1 -1.192093E-06 1.000001E-06
vn -1 -1.192093E-06 1.000001E-06
vn -1 -1.192093E-06 1.000001E-06
vn -1 -1.192093E-06 1.000001E-06
vn -1 -1.192093E-06 1.000001E-06
vn -1 -1.192093E-06 1.000001E-06
vn -1 -1.192093E-06 1.000001E-06
vn -1 -1.192093E-06 1.000001E-06
vn -1 -1.192093E-06 1.000001E-06
vn -1 -1.192093E-06 1.000001E-06
vn -1 -1.192093E-06 1.000001E-06
vn -1 -1.192093E-06 1.000001E-06
vn -1 -1.192093E-06 1.000001E-06
vn -1 -1.192093E-06 1.000001E-06
vn -1 -1.192093E-06 1.000001E-06
vn -9.977707E-07 0.9940382 -0.1090322
vn -8.718919E-07 0.9997589 0.02196119
vn -9.158161E-07 0.9997589 -0.02196302
vn -1.03583E-06 0.9883539 -0.1521737
vn -1.10593E-06 0.9714055 -0.2374267
vn -1.137966E-06 0.9601344 -0.2795393
vn -1.195603E-06 0.9320765 -0.3622619
vn -1.221172E-06 0.9152583 -0.4028679
vn -1.264848E-06 0.8767216 -0.4809986
vn -1.28302E-06 0.8550498 -0.5185462
vn -1.312255E-06 0.8065994 -0.5910988
vn -1.323234E-06 0.7797713 -0.6260648
vn -1.337373E-06 0.7222592 -0.6916227
vn -1.340618E-06 0.6916228 -0.722259
vn -1.339517E-06 0.626064 -0.7797719
vn -1.335083E-06 0.5910972 -0.8066005
vn -1.318666E-06 0.5185438 -0.8550513
vn -1.306767E-06 0.480996 -0.876723
vn -1.27545E-06 0.4028659 -0.9152592
vn -1.255964E-06 0.3622606 -0.9320771
vn -1.210062E-06 0.2795387 -0.9601347
vn -1.183682E-06 0.2374258 -0.971406
vn -1.124407E-06 0.1521715 -0.9883543
vn -1.091519E-06 0.1090292 -0.9940388
vn -1.019394E-06 0.02196055 -0.9997591
vn -9.801241E-07 -0.02196238 -0.9997591
vn -8.965583E-07 -0.109031 -0.9940385
vn -8.523016E-07 -0.1521733 -0.988354
vn -7.591299E-07 -0.2374275 -0.9714055
vn -7.102068E-07 -0.2795404 -0.9601343
vn -6.081899E-07 -0.3622623 -0.9320764
vn -5.550681E-07 -0.4028676 -0.9152585
vn -4.46678E-07 -0.4809976 -0.8767221
vn -3.914361E-07 -0.5185453 -0.8550504
vn -2.781174E-07 -0.5910987 -0.8065994
vn -2.20026E-07 -0.6260654 -0.7797708
vn -1.03899E-07 -0.6916241 -0.7222578
vn -4.587153E-08 -0.7222605 -0.6916214
vn 7.110611E-08 -0.7797724 -0.6260634
vn 1.300583E-07 -0.8066005 -0.5910974
vn 2.459289E-07 -0.8550507 -0.5185447
vn 3.028526E-07 -0.8767225 -0.480997
vn 4.154377E-07 -0.915259 -0.4028663
vn 4.710804E-07 -0.9320771 -0.3622602
vn 5.788887E-07 -0.9601349 -0.2795376
vn 6.310785E-07 -0.971406 -0.2374249
vn 7.314844E-07 -0.9883541 -0.1521719
vn 7.797081E-07 -0.9940385 -0.1090304
vn 8.718919E-07 -0.9997589 -0.02196119
vn 9.158161E-07 -0.9997589 0.02196302
vn 9.977707E-07 -0.9940382 0.1090322
vn 1.03583E-06 -0.9883539 0.1521737
vn 1.10593E-06 -0.9714055 0.2374267
vn 1.137966E-06 -0.9601344 0.2795393
vn 1.195603E-06 -0.9320765 0.3622619
vn 1.221172E-06 -0.9152583 0.4028679
vn 1.264848E-06 -0.8767214 0.4809986
vn 1.28302E-06 -0.8550497 0.5185464
vn 1.312255E-06 -0.8065993 0.591099
vn 1.323235E-06 -0.7797712 0.6260649
vn 1.337373E-06 -0.7222593 0.6916226
vn 1.340618E-06 -0.691623 0.7222589
vn 1.339517E-06 -0.6260642 0.7797717
vn 1.335083E-06 -0.5910974 0.8066005
vn 1.318666E-06 -0.5185438 0.8550513
vn 1.306767E-06 -0.480996 0.876723
vn 1.27545E-06 -0.4028661 0.9152592
vn 1.255964E-06 -0.362261 0.932077
vn 1.210063E-06 -0.279539 0.9601346
vn 1.183682E-06 -0.237426 0.9714059
vn 1.124407E-06 -0.1521713 0.9883544
vn 1.091519E-06 -0.1090288 0.9940388
vn 1.019394E-06 -0.02196035 0.9997591
vn 9.801242E-07 0.02196217 0.9997591
vn 8.965586E-07 0.1090306 0.9940385
vn 8.523019E-07 0.1521731 0.9883542
vn 7.591296E-07 0.2374277 0.9714054
vn 7.102063E-07 0.2795408 0.9601341
vn 6.081895E-07 0.3622627 0.9320763
vn 5.550679E-07 0.4028678 0.9152585
vn 4.46678E-07 0.4809976 0.8767221
vn 3.914361E-07 0.5185453 0.8550504
vn 2.781172E-07 0.5910988 0.8065994
vn 2.200255E-07 0.6260657 0.7797706
vn 1.038986E-07 0.6916243 0.7222576
vn 4.587136E-08 0.7222605 0.6916212
vn -7.110594E-08 0.7797723 0.6260635
vn -1.30058E-07 0.8066003 0.5910975
vn -2.459287E-07 0.8550507 0.5185449
vn -3.028524E-07 0.8767223 0.480997
vn -4.154377E-07 0.915259 0.4028663
vn -4.710804E-07 0.9320771 0.3622602
vn -5.788887E-07 0.9601349 0.2795376
vn -6.310785E-07 0.971406 0.2374249
vn -7.314844E-07 0.9883541 0.1521719
vn -7.797081E-07 0.9940385 0.1090304
vn -1 -1.192093E-06 1.000001E-06
vn -1 -1.192093E-06 1.000001E-06
vn -1 -1.192093E-06 1.000001E-06
vn -1 -1.192093E-06 1.000001E-06
vn -1 -1.192093E-06 1.000001E-06
vn -1 -1.192093E-06 1.000001E-06
vn -1 -1.192093E-06 1.000001E-06
vn -1 -1.192093E-06 1.000001E-06
vn -1 -1.192093E-06 1.000001E-06
vn -1 -1.192093E-06 1.000001E-06
vn -1 -1.192093E-06 1.000001E-06
vn -1 -1.192093E-06 1.000001E-06
vn -1 -1.192093E-06 1.000001E-06
vn -1 -1.192093E-06 1.000001E-06
vn -1 -1.192093E-06 1.000001E-06
vn -1 -1.192093E-06 1.000001E-06
vn -1 -1.192093E-06 1.000001E-06
vn -1 -1.192093E-06 1.000001E-06
vn -1 -1.192093E-06 1.000001E-06
vn -1 -1.192093E-06 1.000001E-06
vn -1 -1.192093E-06 1.000001E-06
vn -1 -1.192093E-06 1.000001E-06
vn -1 -1.192093E-06 1.000001E-06
vn -1 -1.192093E-06 1.000001E-06
vn -1 -1.192093E-06 1.000001E-06
vn -1 -1.192093E-06 1.000001E-06
vn -1 -1.192093E-06 1.000001E-06
vn -1 -1.192093E-06 1.000001E-06
vn -1 -1.192093E-06 1.000001E-06
vn -1 -1.192093E-06 1.000001E-06
vn -1 -1.192093E-06 1.000001E-06
vn -1 -1.192093E-06 1.000001E-06
vn -1 -1.192093E-06 1.000001E-06
vn -1 -1.192093E-06 1.000001E-06
vn -1 -1.192093E-06 1.000001E-06
vn -1 -1.192093E-06 1.000001E-06
vn -1 -1.192093E-06 1.000001E-06
vn -1 -1.192093E-06 1.000001E-06
vn -1 -1.192093E-06 1.000001E-06
vn -1 -1.192093E-06 1.000001E-06
vn -1 -1.192093E-06 1.000001E-06
vn -1 -1.192093E-06 1.000001E-06
vn -1 -1.192093E-06 1.000001E-06
vn -1 -1.192093E-06 1.000001E-06
vn -1 -1.192093E-06 1.000001E-06
vn -1 -1.192093E-06 1.000001E-06
vn -1 -1.192093E-06 1.000001E-06
vn -1 -1.192093E-06 1.000001E-06
vn -1 -1.192093E-06 1.000001E-06
vn -9.977707E-07 0.9940382 -0.1090322
vn -8.718919E-07 0.9997589 0.02196119
vn -9.158161E-07 0.9997589 -0.02196302
vn -1.03583E-06 0.9883539 -0.1521737
vn -1.10593E-06 0.9714055 -0.2374267
vn -1.137966E-06 0.9601344 -0.2795393
vn -1.195603E-06 0.9320765 -0.3622619
vn -1.221172E-06 0.9152583 -0.4028679
vn -1.264848E-06 0.8767216 -0.4809986
vn -1.28302E-06 0.8550498 -0.5185462
vn -1.312255E-06 0.8065994 -0.5910988
vn -1.323234E-06 0.7797713 -0.6260648
vn -1.337373E-06 0.7222592 -0.6916227
vn -1.340618E-06 0.6916228 -0.722259
vn -1.339517E-06 0.626064 -0.7797719
vn -1.335083E-06 0.5910972 -0.8066005
vn -1.318666E-06 0.5185438 -0.8550513
vn -1.306767E-06 0.480996 -0.876723
vn -1.27545E-06 0.4028659 -0.9152592
vn -1.255964E-06 0.3622606 -0.9320771
vn -1.210062E-06 0.2795387 -0.9601347
vn -1.183682E-06 0.2374258 -0.971406
vn -1.124407E-06 0.1521715 -0.9883543
vn -1.091519E-06 0.1090292 -0.9940388
vn -1.019394E-06 0.02196055 -0.9997591
vn -9.801241E-07 -0.02196238 -0.9997591
vn -8.965583E-07 -0.109031 -0.9940385
vn -8.523016E-07 -0.1521733 -0.988354
vn -7.591299E-07 -0.2374275 -0.9714055
vn -7.102068E-07 -0.2795404 -0.9601343
vn -6.081899E-07 -0.3622623 -0.9320764
vn -5.550681E-07 -0.4028676 -0.9152585
vn -4.466775E-07 -0.480998 -0.8767219
vn -3.91435E-07 -0.518546 -0.85505
vn -2.781168E-07 -0.5910991 -0.8065992
vn -2.200267E-07 -0.6260651 -0.7797711
vn -1.039005E-07 -0.6916233 -0.7222586
vn -4.587232E-08 -0.7222601 -0.6916218
vn 7.110611E-08 -0.7797724 -0.6260634
vn 1.300583E-07 -0.8066005 -0.5910974
vn 2.459289E-07 -0.8550507 -0.5185447
vn 3.028526E-07 -0.8767225 -0.480997
vn 4.154368E-07 -0.9152587 -0.402867
vn 4.710785E-07 -0.9320765 -0.3622616
vn 5.788868E-07 -0.9601344 -0.2795391
vn 6.310776E-07 -0.9714059 -0.2374257
vn 7.314853E-07 -0.9883543 -0.1521711
vn 7.797099E-07 -0.9940386 -0.1090288
vn 8.718927E-07 -0.9997589 -0.02196038
vn 9.158153E-07 -0.9997589 0.0219622
vn 9.977693E-07 -0.9940384 0.1090306
vn 1.035829E-06 -0.988354 0.1521729
vn 1.105931E-06 -0.9714054 0.2374275
vn 1.137967E-06 -0.960134 0.2795408
vn 1.195603E-06 -0.9320759 0.3622633
vn 1.221173E-06 -0.915258 0.4028686
vn 1.264848E-06 -0.8767214 0.4809986
vn 1.28302E-06 -0.8550497 0.5185464
vn 1.312255E-06 -0.8065993 0.591099
vn 1.323235E-06 -0.7797712 0.6260649
vn 1.337373E-06 -0.7222589 0.691623
vn 1.340618E-06 -0.6916221 0.7222596
vn 1.339517E-06 -0.6260638 0.779772
vn 1.335083E-06 -0.5910978 0.8066002
vn 1.318666E-06 -0.5185445 0.8550509
vn 1.306767E-06 -0.4809964 0.8767228
vn 1.27545E-06 -0.4028661 0.9152592
vn 1.255964E-06 -0.362261 0.932077
vn 1.210063E-06 -0.279539 0.9601346
vn 1.183682E-06 -0.237426 0.9714059
vn 1.124407E-06 -0.1521713 0.9883544
vn 1.091519E-06 -0.1090288 0.9940388
vn 1.019394E-06 -0.02196035 0.9997591
vn 9.801242E-07 0.02196217 0.9997591
vn 8.965586E-07 0.1090306 0.9940385
vn 8.523019E-07 0.1521731 0.9883542
vn 7.591296E-07 0.2374277 0.9714054
vn 7.102063E-07 0.2795408 0.9601341
vn 6.081895E-07 0.3622627 0.9320763
vn 5.550679E-07 0.4028678 0.9152585
vn 4.46678E-07 0.4809976 0.8767221
vn 3.914361E-07 0.5185453 0.8550504
vn 2.781172E-07 0.5910988 0.8065994
vn 2.200255E-07 0.6260657 0.7797706
vn 1.038986E-07 0.6916243 0.7222576
vn 4.587136E-08 0.7222605 0.6916212
vn -7.110594E-08 0.7797723 0.6260635
vn -1.30058E-07 0.8066003 0.5910975
vn -2.459287E-07 0.8550507 0.5185449
vn -3.028524E-07 0.8767223 0.480997
vn -4.154377E-07 0.915259 0.4028663
vn -4.710804E-07 0.9320771 0.3622602
vn -5.788887E-07 0.9601349 0.2795376
vn -6.310785E-07 0.971406 0.2374249
vn -7.314844E-07 0.9883541 0.1521719
vn -7.797081E-07 0.9940385 0.1090304
vn -1 -1.192093E-06 1.000001E-06
vn -1 -1.192093E-06 1.000001E-06
vn -1 -1.192093E-06 1.000001E-06
vn -1 -1.192093E-06 1.000001E-06
vn -1 -1.192093E-06 1.000001E-06
vn -1 -1.192093E-06 1.000001E-06
vn -1 -1.192093E-06 1.000001E-06
vn -1 -1.192093E-06 1.000001E-06
vn -1 -1.192093E-06 1.000001E-06
vn -1 -1.192093E-06 1.000001E-06
vn -1 -1.192093E-06 1.000001E-06
vn -1 -1.192093E-06 1.000001E-06
vn -1 -1.192093E-06 1.000001E-06
vn -1 -1.192093E-06 1.000001E-06
vn -1 -1.192093E-06 1.000001E-06
vn -1 -1.192093E-06 1.000001E-06
vn -1 -1.192093E-06 1.000001E-06
vn -1 -1.192093E-06 1.000001E-06
vn -1 -1.192093E-06 1.000001E-06
vn -1 -1.192093E-06 1.000001E-06
vn -1 -1.192093E-06 1.000001E-06
vn -1 -1.192093E-06 1.000001E-06
vn -1 -1.192093E-06 1.000001E-06
vn -1 -1.192093E-06 1.000001E-06
vn -1 -1.192093E-06 1.000001E-06
vn -1 -1.192093E-06 1.000001E-06
vn -1 -1.192093E-06 1.000001E-06
vn -1 -1.192093E-06 1.000001E-06
vn -1 -1.192093E-06 1.000001E-06
vn -1 -1.192093E-06 1.000001E-06
vn -1 -1.192093E-06 1.000001E-06
vn -1 -1.192093E-06 1.000001E-06
vn -1 -1.192093E-06 1.000001E-06
vn -1 -1.192093E-06 1.000001E-06
vn -1 -1.192093E-06 1.000001E-06
vn -1 -1.192093E-06 1.000001E-06
vn -1 -1.192093E-06 1.000001E-06
vn -1 -1.192093E-06 1.000001E-06
vn -1 -1.192093E-06 1.000001E-06
vn -1 -1.192093E-06 1.000001E-06
vn -1 -1.192093E-06 1.000001E-06
vn -1 -1.192093E-06 1.000001E-06
vn -1 -1.192093E-06 1.000001E-06
vn -1 -1.192093E-06 1.000001E-06
vn -1 -1.192093E-06 1.000001E-06
vn -1 -1.192093E-06 1.000001E-06
vn -1 -1.192093E-06 1.000001E-06
vn -1 -1.192093E-06 1.000001E-06
vn -1 -1.192093E-06 1.000001E-06
vn -9.977693E-07 0.9940384 -0.1090306
vn -8.718927E-07 0.9997589 0.02196038
vn -9.158153E-07 0.9997589 -0.0219622
vn -1.035829E-06 0.988354 -0.1521729
vn -1.105931E-06 0.9714054 -0.2374275
vn -1.137967E-06 0.960134 -0.2795408
vn -1.195603E-06 0.9320761 -0.362263
vn -1.221172E-06 0.9152583 -0.4028679
vn -1.264848E-06 0.8767219 -0.480998
vn -1.28302E-06 0.8550499 -0.5185459
vn -1.312255E-06 0.8065991 -0.5910991
vn -1.323234E-06 0.7797708 -0.6260652
vn -1.337373E-06 0.7222584 -0.6916236
vn -1.340618E-06 0.6916218 -0.72226
vn -1.339517E-06 0.6260636 -0.7797723
vn -1.335083E-06 0.5910976 -0.8066003
vn -1.318666E-06 0.5185445 -0.8550509
vn -1.306767E-06 0.4809964 -0.8767228
vn -1.27545E-06 0.4028661 -0.9152592
vn -1.255964E-06 0.3622608 -0.9320769
vn -1.210062E-06 0.2795387 -0.9601347
vn -1.183682E-06 0.2374255 -0.971406
vn -1.124407E-06 0.1521713 -0.9883543
vn -1.091519E-06 0.1090292 -0.9940388
vn -1.019394E-06 0.02196058 -0.999759
vn -9.80124E-07 -0.0219624 -0.999759
vn -8.965583E-07 -0.109031 -0.9940385
vn -8.523018E-07 -0.1521731 -0.9883541
vn -7.591302E-07 -0.2374273 -0.9714056
vn -7.102068E-07 -0.2795404 -0.9601343
vn -6.081896E-07 -0.3622625 -0.9320763
vn -5.550679E-07 -0.4028678 -0.9152585
vn -4.466777E-07 -0.4809979 -0.876722
vn -3.914352E-07 -0.5185459 -0.85505
vn -2.781171E-07 -0.5910989 -0.8065994
vn -2.200268E-07 -0.626065 -0.7797712
vn -1.039007E-07 -0.6916232 -0.7222587
vn -4.587272E-08 -0.7222599 -0.691622
vn 7.110572E-08 -0.7797722 -0.6260636
vn 1.300581E-07 -0.8066004 -0.5910975
vn 2.459293E-07 -0.8550509 -0.5185444
vn 3.028536E-07 -0.8767228 -0.4809964
vn 4.15438E-07 -0.9152591 -0.4028661
vn 4.710795E-07 -0.9320768 -0.3622609
vn 5.788873E-07 -0.9601346 -0.2795387
vn 6.310778E-07 -0.9714059 -0.2374255
vn 7.314851E-07 -0.9883542 -0.1521713
vn 7.797095E-07 -0.9940386 -0.1090292
vn 8.718925E-07 -0.9997589 -0.02196058
vn 9.158155E-07 -0.9997589 0.02196241
vn 9.977697E-07 -0.9940384 0.109031
vn 1.03583E-06 -0.988354 0.1521731
vn 1.105931E-06 -0.9714054 0.2374273
vn 1.137967E-06 -0.9601341 0.2795405
vn 1.195603E-06 -0.9320762 0.3622626
vn 1.221172E-06 -0.9152584 0.4028678
vn 1.264848E-06 -0.8767218 0.480998
vn 1.28302E-06 -0.8550499 0.5185461
vn 1.312255E-06 -0.8065991 0.5910991
vn 1.323235E-06 -0.779771 0.6260651
vn 1.337373E-06 -0.7222587 0.6916232
vn 1.340618E-06 -0.6916221 0.7222598
vn 1.339517E-06 -0.6260637 0.779772
vn 1.335083E-06 -0.5910975 0.8066003
vn 1.318666E-06 -0.5185443 0.8550509
vn 1.306767E-06 -0.4809963 0.8767229
vn 1.27545E-06 -0.4028662 0.9152591
vn 1.255964E-06 -0.3622612 0.9320769
vn 1.210063E-06 -0.279539 0.9601346
vn 1.183682E-06 -0.2374257 0.971406
vn 1.124407E-06 -0.1521711 0.9883544
vn 1.091519E-06 -0.1090288 0.9940388
vn 1.019394E-06 -0.02196038 0.999759
vn 9.801242E-07 0.0219622 0.999759
vn 8.965586E-07 0.1090306 0.9940385
vn 8.52302E-07 0.1521729 0.9883541
vn 7.5913E-07 0.2374275 0.9714056
vn 7.102063E-07 0.2795408 0.9601341
vn 6.081892E-07 0.3622629 0.9320762
vn 5.550676E-07 0.4028679 0.9152583
vn 4.466775E-07 0.480998 0.8767219
vn 3.91435E-07 0.518546 0.85505
vn 2.781166E-07 0.5910993 0.8065991
vn 2.200263E-07 0.6260653 0.7797709
vn 1.039005E-07 0.6916233 0.7222586
vn 4.587288E-08 0.7222598 0.6916221
vn -7.110515E-08 0.7797719 0.6260639
vn -1.300575E-07 0.8066002 0.5910978
vn -2.459291E-07 0.8550509 0.5185446
vn -3.028534E-07 0.8767227 0.4809964
vn -4.154377E-07 0.915259 0.4028663
vn -4.71079E-07 0.9320768 0.3622613
vn -5.788868E-07 0.9601344 0.2795391
vn -6.310776E-07 0.9714059 0.2374257
vn -7.314853E-07 0.9883543 0.1521711
vn -7.797099E-07 0.9940386 0.1090288
vn -1 -1.192093E-06 1.000001E-06
vn -1 -1.192093E-06 1.000001E-06
vn -1 -1.192093E-06 1.000001E-06
vn -1 -1.192093E-06 1.000001E-06
vn -1 -1.192093E-06 1.000001E-06
vn -1 -1.192093E-06 1.000001E-06
vn -1 -1.192093E-06 1.000001E-06
vn -1 -1.192093E-06 1.000001E-06
vn -1 -1.192093E-06 1.000001E-06
vn -1 -1.192093E-06 1.000001E-06
vn -1 -1.192093E-06 1.000001E-06
vn -1 -1.192093E-06 1.000001E-06
vn -1 -1.192093E-06 1.000001E-06
vn -1 -1.192093E-06 1.000001E-06
vn -1 -1.192093E-06 1.000001E-06
vn -1 -1.192093E-06 1.000001E-06
vn -1 -1.192093E-06 1.000001E-06
vn -1 -1.192093E-06 1.000001E-06
vn -1 -1.192093E-06 1.000001E-06
vn -1 -1.192093E-06 1.000001E-06
vn -1 -1.192093E-06 1.000001E-06
vn -1 -1.192093E-06 1.000001E-06
vn -1 -1.192093E-06 1.000001E-06
vn -1 -1.192093E-06 1.000001E-06
vn -1 -1.192093E-06 1.000001E-06
vn -1 -1.192093E-06 1.000001E-06
vn -1 -1.192093E-06 1.000001E-06
vn -1 -1.192093E-06 1.000001E-06
vn -1 -1.192093E-06 1.000001E-06
vn -1 -1.192093E-06 1.000001E-06
vn -1 -1.192093E-06 1.000001E-06
vn -1 -1.192093E-06 1.000001E-06
vn -1 -1.192093E-06 1.000001E-06
vn -1 -1.192093E-06 1.000001E-06
vn -1 -1.192093E-06 1.000001E-06
vn -1 -1.192093E-06 1.000001E-06
vn -1 -1.192093E-06 1.000001E-06
vn -1 -1.192093E-06 1.000001E-06
vn -1 -1.192093E-06 1.000001E-06
vn -1 -1.192093E-06 1.000001E-06
vn -1 -1.192093E-06 1.000001E-06
vn -1 -1.192093E-06 1.000001E-06
vn -1 -1.192093E-06 1.000001E-06
vn -1 -1.192093E-06 1.000001E-06
vn -1 -1.192093E-06 1.000001E-06
vn -1 -1.192093E-06 1.000001E-06
vn -1 -1.192093E-06 1.000001E-06
vn -1 -1.192093E-06 1.000001E-06
vn -1 -1.192093E-06 1.000001E-06
vn -9.977697E-07 0.9940384 -0.109031
vn -8.718925E-07 0.9997589 0.02196058
vn -9.158155E-07 0.9997589 -0.02196241
vn -1.03583E-06 0.988354 -0.1521731
vn -1.105931E-06 0.9714054 -0.2374273
vn -1.137967E-06 0.9601341 -0.2795405
vn -1.195603E-06 0.9320762 -0.3622626
vn -1.221172E-06 0.9152584 -0.4028678
vn -1.264848E-06 0.8767219 -0.480998
vn -1.28302E-06 0.8550499 -0.5185459
vn -1.312255E-06 0.8065993 -0.591099
vn -1.323235E-06 0.7797711 -0.626065
vn -1.337373E-06 0.7222586 -0.6916233
vn -1.340618E-06 0.6916219 -0.7222599
vn -1.339517E-06 0.6260635 -0.7797723
vn -1.335083E-06 0.5910974 -0.8066005
vn -1.318666E-06 0.5185443 -0.8550509
vn -1.306767E-06 0.4809963 -0.8767229
vn -1.27545E-06 0.4028661 -0.9152592
vn -1.255964E-06 0.3622608 -0.9320769
vn -1.210062E-06 0.2795387 -0.9601347
vn -1.183682E-06 0.2374255 -0.971406
vn -1.124407E-06 0.1521713 -0.9883543
vn -1.091519E-06 0.1090292 -0.9940388
vn -1.019394E-06 0.02196058 -0.999759
vn -9.80124E-07 -0.0219624 -0.999759
vn -8.965583E-07 -0.109031 -0.9940385
vn -8.523018E-07 -0.1521731 -0.9883541
vn -7.591302E-07 -0.2374273 -0.9714056
vn -7.102068E-07 -0.2795404 -0.9601343
vn -6.081896E-07 -0.3622625 -0.9320763
vn -5.550679E-07 -0.4028678 -0.9152585
vn -4.466775E-07 -0.480998 -0.8767219
vn -3.91435E-07 -0.518546 -0.85505
vn -2.781168E-07 -0.5910991 -0.8065992
vn -2.200267E-07 -0.6260651 -0.7797711
vn -1.039009E-07 -0.6916231 -0.7222587
vn -4.587312E-08 -0.7222597 -0.6916223
vn 7.110527E-08 -0.7797719 -0.6260638
vn 1.300578E-07 -0.8066002 -0.5910976
vn 2.459293E-07 -0.8550509 -0.5185444
vn 3.028536E-07 -0.8767228 -0.4809964
vn 4.154377E-07 -0.915259 -0.4028663
vn 4.71079E-07 -0.9320768 -0.3622613
vn 5.788868E-07 -0.9601344 -0.2795391
vn 6.310776E-07 -0.9714059 -0.2374257
vn 7.314853E-07 -0.9883543 -0.1521711
vn 7.797099E-07 -0.9940386 -0.1090288
vn 8.718927E-07 -0.9997589 -0.02196038
vn 9.158153E-07 -0.9997589 0.0219622
vn 9.977693E-07 -0.9940384 0.1090306
vn 1.035829E-06 -0.988354 0.1521729
vn 1.105931E-06 -0.9714054 0.2374275
vn 1.137967E-06 -0.960134 0.2795408
vn 1.195603E-06 -0.9320761 0.362263
vn 1.221172E-06 -0.9152583 0.4028679
vn 1.264848E-06 -0.8767218 0.480998
vn 1.28302E-06 -0.8550499 0.5185461
vn 1.312255E-06 -0.8065991 0.5910993
vn 1.323235E-06 -0.7797708 0.6260653
vn 1.337373E-06 -0.7222585 0.6916234
vn 1.340618E-06 -0.691622 0.7222598
vn 1.339517E-06 -0.6260638 0.779772
vn 1.335083E-06 -0.5910978 0.8066002
vn 1.318666E-06 -0.5185445 0.8550509
vn 1.306767E-06 -0.4809964 0.8767228
vn 1.27545E-06 -0.4028662 0.9152591
vn 1.255964E-06 -0.3622612 0.9320769
vn 1.210063E-06 -0.279539 0.9601346
vn 1.183682E-06 -0.2374257 0.971406
vn 1.124407E-06 -0.1521711 0.9883544
vn 1.091519E-06 -0.1090288 0.9940388
vn 1.019394E-06 -0.02196038 0.999759
vn 9.801242E-07 0.0219622 0.999759
vn 8.965586E-07 0.1090306 0.9940385
vn 8.52302E-07 0.1521729 0.9883541
vn 7.5913E-07 0.2374275 0.9714056
vn 7.102063E-07 0.2795408 0.9601341
vn 6.081892E-07 0.3622629 0.9320762
vn 5.550676E-07 0.4028679 0.9152583
vn 4.466777E-07 0.4809979 0.876722
vn 3.914352E-07 0.5185459 0.85505
vn 2.781169E-07 0.591099 0.8065992
vn 2.200264E-07 0.6260651 0.7797709
vn 1.039003E-07 0.6916234 0.7222585
vn 4.587254E-08 0.7222599 0.6916219
vn -7.110554E-08 0.7797722 0.6260638
vn -1.300578E-07 0.8066002 0.5910977
vn -2.459291E-07 0.8550509 0.5185446
vn -3.028534E-07 0.8767227 0.4809964
vn -4.15438E-07 0.9152591 0.4028661
vn -4.710795E-07 0.9320768 0.3622609
vn -5.788873E-07 0.9601346 0.2795387
vn -6.310778E-07 0.9714059 0.2374255
vn -7.314851E-07 0.9883542 0.1521713
vn -7.797095E-07 0.9940386 0.1090292
vn -1 -1.192093E-06 1.000001E-06
vn -1 -1.192093E-06 1.000001E-06
vn -1 -1.192093E-06 1.000001E-06
vn -1 -1.192093E-06 1.000001E-06
vn -1 -1.192093E-06 1.000001E-06
vn -1 -1.192093E-06 1.000001E-06
vn -1 -1.192093E-06 1.000001E-06
vn -1 -1.192093E-06 1.000001E-06
vn -1 -1.192093E-06 1.000001E-06
vn -1 -1.192093E-06 1.000001E-06
vn -1 -1.192093E-06 1.000001E-06
vn -1 -1.192093E-06 1.000001E-06
vn -1 -1.192093E-06 1.000001E-06
vn -1 -1.192093E-06 1.000001E-06
vn -1 -1.192093E-06 1.000001E-06
vn -1 -1.192093E-06 1.000001E-06
vn -1 -1.192093E-06 1.000001E-06
vn -1 -1.192093E-06 1.000001E-06
vn -1 -1.192093E-06 1.000001E-06
vn -1 -1.192093E-06 1.000001E-06
vn -1 -1.192093E-06 1.000001E-06
vn -1 -1.192093E-06 1.000001E-06
vn -1 -1.192093E-06 1.000001E-06
vn -1 -1.192093E-06 1.000001E-06
vn -1 -1.192093E-06 1.000001E-06
vn -1 -1.192093E-06 1.000001E-06
vn -1 -1.192093E-06 1.000001E-06
vn -1 -1.192093E-06 1.000001E-06
vn -1 -1.192093E-06 1.000001E-06
vn -1 -1.192093E-06 1.000001E-06
vn -1 -1.192093E-06 1.000001E-06
vn -1 -1.192093E-06 1.000001E-06
vn -1 -1.192093E-06 1.000001E-06
vn -1 -1.192093E-06 1.000001E-06
vn -1 -1.192093E-06 1.000001E-06
vn -1 -1.192093E-06 1.000001E-06
vn -1 -1.192093E-06 1.000001E-06
vn -1 -1.192093E-06 1.000001E-06
vn -1 -1.192093E-06 1.000001E-06
vn -1 -1.192093E-06 1.000001E-06
vn -1 -1.192093E-06 1.000001E-06
vn -1 -1.192093E-06 1.000001E-06
vn -1 -1.192093E-06 1.000001E-06
vn -1 -1.192093E-06 1.000001E-06
vn -1 -1.192093E-06 1.000001E-06
vn -1 -1.192093E-06 1.000001E-06
vn -1 -1.192093E-06 1.000001E-06
vn -1 -1.192093E-06 1.000001E-06
vn -1 -1.192093E-06 1.000001E-06
vn -9.977693E-07 0.9940384 -0.1090306
vn -8.718927E-07 0.9997589 0.02196038
vn -9.158153E-07 0.9997589 -0.0219622
vn -1.035829E-06 0.988354 -0.1521729
vn -1.105931E-06 0.9714054 -0.2374275
vn -1.137967E-06 0.960134 -0.2795408
vn -1.195603E-06 0.9320759 -0.3622633
vn -1.221173E-06 0.915258 -0.4028686
vn -1.264848E-06 0.8767216 -0.4809986
vn -1.28302E-06 0.8550498 -0.5185462
vn -1.312255E-06 0.8065994 -0.5910988
vn -1.323234E-06 0.7797713 -0.6260648
vn -1.337373E-06 0.7222588 -0.6916231
vn -1.340618E-06 0.691622 -0.7222599
vn -1.339517E-06 0.6260636 -0.7797723
vn -1.335083E-06 0.5910976 -0.8066003
vn -1.318666E-06 0.5185445 -0.8550509
vn -1.306767E-06 0.4809964 -0.8767228
vn -1.27545E-06 0.4028659 -0.9152592
vn -1.255964E-06 0.3622606 -0.9320771
vn -1.210062E-06 0.2795387 -0.9601347
vn -1.183682E-06 0.2374258 -0.971406
vn -1.124407E-06 0.1521715 -0.9883543
vn -1.091519E-06 0.1090292 -0.9940388
vn -1.019394E-06 0.02196055 -0.9997591
vn -9.801241E-07 -0.02196238 -0.9997591
vn -8.965583E-07 -0.109031 -0.9940385
vn -8.523016E-07 -0.1521733 -0.988354
vn -7.591299E-07 -0.2374275 -0.9714055
vn -7.102068E-07 -0.2795404 -0.9601343
vn -6.081899E-07 -0.3622623 -0.9320764
vn -5.550681E-07 -0.4028676 -0.9152585
vn -4.46678E-07 -0.4809976 -0.8767221
vn -3.914361E-07 -0.5185453 -0.8550504
vn -2.781174E-07 -0.5910987 -0.8065994
vn -2.20026E-07 -0.6260654 -0.7797708
vn -1.03899E-07 -0.6916241 -0.7222578
vn -4.587153E-08 -0.7222605 -0.6916214
vn 7.110611E-08 -0.7797724 -0.6260634
vn 1.300583E-07 -0.8066005 -0.5910974
vn 2.459289E-07 -0.8550507 -0.5185447
vn 3.028526E-07 -0.8767225 -0.480997
vn 4.154377E-07 -0.915259 -0.4028663
vn 4.710804E-07 -0.9320771 -0.3622602
vn 5.788887E-07 -0.9601349 -0.2795376
vn 6.310785E-07 -0.971406 -0.2374249
vn 7.314844E-07 -0.9883541 -0.1521719
vn 7.797081E-07 -0.9940385 -0.1090304
vn 8.718919E-07 -0.9997589 -0.02196119
vn 9.158161E-07 -0.9997589 0.02196302
vn 9.977707E-07 -0.9940382 0.1090322
vn 1.03583E-06 -0.9883539 0.1521737
vn 1.10593E-06 -0.9714055 0.2374267
vn 1.137966E-06 -0.9601344 0.2795393
vn 1.195603E-06 -0.9320765 0.3622619
vn 1.221172E-06 -0.9152583 0.4028679
vn 1.264848E-06 -0.8767214 0.4809986
vn 1.28302E-06 -0.8550497 0.5185464
vn 1.312255E-06 -0.8065993 0.591099
vn 1.323235E-06 -0.7797712 0.6260649
vn 1.337373E-06 -0.7222593 0.6916226
vn 1.340618E-06 -0.691623 0.7222589
vn 1.339517E-06 -0.6260642 0.7797717
vn 1.335083E-06 -0.5910974 0.8066005
vn 1.318666E-06 -0.5185438 0.8550513
vn 1.306767E-06 -0.480996 0.876723
vn 1.27545E-06 -0.4028661 0.9152592
vn 1.255964E-06 -0.362261 0.932077
vn 1.210063E-06 -0.279539 0.9601346
vn 1.183682E-06 -0.237426 0.9714059
vn 1.124407E-06 -0.1521713 0.9883544
vn 1.091519E-06 -0.1090288 0.9940388
vn 1.019394E-06 -0.02196035 0.9997591
vn 9.801242E-07 0.02196217 0.9997591
vn 8.965586E-07 0.1090306 0.9940385
vn 8.523019E-07 0.1521731 0.9883542
vn 7.591296E-07 0.2374277 0.9714054
vn 7.102063E-07 0.2795408 0.9601341
vn 6.081895E-07 0.3622627 0.9320763
vn 5.550679E-07 0.4028678 0.9152585
vn 4.466775E-07 0.480998 0.8767219
vn 3.91435E-07 0.518546 0.85505
vn 2.781166E-07 0.5910993 0.8065991
vn 2.200263E-07 0.6260653 0.7797709
vn 1.039001E-07 0.6916234 0.7222583
vn 4.587215E-08 0.7222602 0.6916217
vn -7.110594E-08 0.7797723 0.6260635
vn -1.30058E-07 0.8066003 0.5910975
vn -2.459287E-07 0.8550507 0.5185449
vn -3.028524E-07 0.8767223 0.480997
vn -4.154368E-07 0.9152587 0.402867
vn -4.710785E-07 0.9320765 0.3622616
vn -5.788868E-07 0.9601344 0.2795391
vn -6.310776E-07 0.9714059 0.2374257
vn -7.314853E-07 0.9883543 0.1521711
vn -7.797099E-07 0.9940386 0.1090288
vn -1 -1.192093E-06 1.000001E-06
vn -1 -1.192093E-06 1.000001E-06
vn -1 -1.192093E-06 1.000001E-06
vn -1 -1.192093E-06 1.000001E-06
vn -1 -1.192093E-06 1.000001E-06
vn -1 -1.192093E-06 1.000001E-06
vn -1 -1.192093E-06 1.000001E-06
vn -1 -1.192093E-06 1.000001E-06
vn -1 -1.192093E-06 1.000001E-06
vn -1 -1.192093E-06 1.000001E-06
vn -1 -1.192093E-06 1.000001E-06
vn -1 -1.192093E-06 1.000001E-06
vn -1 -1.192093E-06 1.000001E-06
vn -1 -1.192093E-06 1.000001E-06
vn -1 -1.192093E-06 1.000001E-06
vn -1 -1.192093E-06 1.000001E-06
vn -1 -1.192093E-06 1.000001E-06
vn -1 -1.192093E-06 1.000001E-06
vn -1 -1.192093E-06 1.000001E-06
vn -1 -1.192093E-06 1.000001E-06
vn -1 -1.192093E-06 1.000001E-06
vn -1 -1.192093E-06 1.000001E-06
vn -1 -1.192093E-06 1.000001E-06
vn -1 -1.192093E-06 1.000001E-06
vn -1 -1.192093E-06 1.000001E-06
vn -1 -1.192093E-06 1.000001E-06
vn -1 -1.192093E-06 1.000001E-06
vn -1 -1.192093E-06 1.000001E-06
vn -1 -1.192093E-06 1.000001E-06
vn -1 -1.192093E-06 1.000001E-06
vn -1 -1.192093E-06 1.000001E-06
vn -1 -1.192093E-06 1.000001E-06
vn -1 -1.192093E-06 1.000001E-06
vn -1 -1.192093E-06 1.000001E-06
vn -1 -1.192093E-06 1.000001E-06
vn -1 -1.192093E-06 1.000001E-06
vn -1 -1.192093E-06 1.000001E-06
vn -1 -1.192093E-06 1.000001E-06
vn -1 -1.192093E-06 1.000001E-06
vn -1 -1.192093E-06 1.000001E-06
vn -1 -1.192093E-06 1.000001E-06
vn -1 -1.192093E-06 1.000001E-06
vn -1 -1.192093E-06 1.000001E-06
vn -1 -1.192093E-06 1.000001E-06
vn -1 -1.192093E-06 1.000001E-06
vn -1 -1.192093E-06 1.000001E-06
vn -1 -1.192093E-06 1.000001E-06
vn -1 -1.192093E-06 1.000001E-06
vn -1 -1.192093E-06 1.000001E-06
vn -9.977707E-07 0.9940382 -0.1090322
vn -8.718919E-07 0.9997589 0.02196119
vn -9.158161E-07 0.9997589 -0.02196302
vn -1.03583E-06 0.9883539 -0.1521737
vn -1.10593E-06 0.9714055 -0.2374267
vn -1.137966E-06 0.9601344 -0.2795393
vn -1.195603E-06 0.9320765 -0.3622619
vn -1.221172E-06 0.9152583 -0.4028679
vn -1.264848E-06 0.8767216 -0.4809986
vn -1.28302E-06 0.8550498 -0.5185462
vn -1.312255E-06 0.8065994 -0.5910988
vn -1.323234E-06 0.7797713 -0.6260648
vn -1.337373E-06 0.7222592 -0.6916227
vn -1.340618E-06 0.6916228 -0.722259
vn -1.339517E-06 0.626064 -0.7797719
vn -1.335083E-06 0.5910972 -0.8066005
vn -1.318666E-06 0.5185438 -0.8550513
vn -1.306767E-06 0.480996 -0.876723
vn -1.27545E-06 0.4028659 -0.9152592
vn -1.255964E-06 0.3622606 -0.9320771
vn -1.210062E-06 0.2795387 -0.9601347
vn -1.183682E-06 0.2374258 -0.971406
vn -1.124407E-06 0.1521715 -0.9883543
vn -1.091519E-06 0.1090292 -0.9940388
vn -1.019394E-06 0.02196055 -0.9997591
vn -9.801241E-07 -0.02196238 -0.9997591
vn -8.965583E-07 -0.109031 -0.9940385
vn -8.523016E-07 -0.1521733 -0.988354
vn -7.591299E-07 -0.2374275 -0.9714055
vn -7.102068E-07 -0.2795404 -0.9601343
vn -6.081899E-07 -0.3622623 -0.9320764
vn -5.550681E-07 -0.4028676 -0.9152585
vn -4.46678E-07 -0.4809976 -0.8767221
vn -3.914361E-07 -0.5185453 -0.8550504
vn -2.781174E-07 -0.5910987 -0.8065994
vn -2.20026E-07 -0.6260654 -0.7797708
vn -1.03899E-07 -0.6916241 -0.7222578
vn -4.587153E-08 -0.7222605 -0.6916214
vn 7.110611E-08 -0.7797724 -0.6260634
vn 1.300583E-07 -0.8066005 -0.5910974
vn 2.459289E-07 -0.8550507 -0.5185447
vn 3.028526E-07 -0.8767225 -0.480997
vn 4.154377E-07 -0.915259 -0.4028663
vn 4.710804E-07 -0.9320771 -0.3622602
vn 5.788887E-07 -0.9601349 -0.2795376
vn 6.310785E-07 -0.971406 -0.2374249
vn 7.314844E-07 -0.9883541 -0.1521719
vn 7.797081E-07 -0.9940385 -0.1090304
vn 8.718919E-07 -0.9997589 -0.02196119
vn 9.158161E-07 -0.9997589 0.02196302
vn 9.977707E-07 -0.9940382 0.1090322
vn 1.03583E-06 -0.9883539 0.1521737
vn 1.10593E-06 -0.9714055 0.2374267
vn 1.137966E-06 -0.9601344 0.2795393
vn 1.195603E-06 -0.9320765 0.3622619
vn 1.221172E-06 -0.9152583 0.4028679
vn 1.264848E-06 -0.8767214 0.4809986
vn 1.28302E-06 -0.8550497 0.5185464
vn 1.312255E-06 -0.8065993 0.591099
vn 1.323235E-06 -0.7797712 0.6260649
vn 1.337373E-06 -0.7222593 0.6916226
vn 1.340618E-06 -0.691623 0.7222589
vn 1.339517E-06 -0.6260642 0.7797717
vn 1.335083E-06 -0.5910974 0.8066005
vn 1.318666E-06 -0.5185438 0.8550513
vn 1.306767E-06 -0.480996 0.876723
vn 1.27545E-06 -0.4028661 0.9152592
vn 1.255964E-06 -0.362261 0.932077
vn 1.210063E-06 -0.279539 0.9601346
vn 1.183682E-06 -0.237426 0.9714059
vn 1.124407E-06 -0.1521713 0.9883544
vn 1.091519E-06 -0.1090288 0.9940388
vn 1.019394E-06 -0.02196035 0.9997591
vn 9.801242E-07 0.02196217 0.9997591
vn 8.965586E-07 0.1090306 0.9940385
vn 8.523019E-07 0.1521731 0.9883542
vn 7.591296E-07 0.2374277 0.9714054
vn 7.102063E-07 0.2795408 0.9601341
vn 6.081895E-07 0.3622627 0.9320763
vn 5.550679E-07 0.4028678 0.9152585
vn 4.46678E-07 0.4809976 0.8767221
vn 3.914361E-07 0.5185453 0.8550504
vn 2.781172E-07 0.5910988 0.8065994
vn 2.200255E-07 0.6260657 0.7797706
vn 1.038986E-07 0.6916243 0.7222576
vn 4.587136E-08 0.7222605 0.6916212
vn -7.110594E-08 0.7797723 0.6260635
vn -1.30058E-07 0.8066003 0.5910975
vn -2.459287E-07 0.8550507 0.5185449
vn -3.028524E-07 0.8767223 0.480997
vn -4.154377E-07 0.915259 0.4028663
vn -4.710804E-07 0.9320771 0.3622602
vn -5.788887E-07 0.9601349 0.2795376
vn -6.310785E-07 0.971406 0.2374249
vn -7.314844E-07 0.9883541 0.1521719
vn -7.797081E-07 0.9940385 0.1090304
vn -1 -1.192093E-06 1.000001E-06
vn -1 -1.192093E-06 1.000001E-06
vn -1 -1.192093E-06 1.000001E-06
vn -1 -1.192093E-06 1.000001E-06
vn -1 -1.192093E-06 1.000001E-06
vn -1 -1.192093E-06 1.000001E-06
vn -1 -1.192093E-06 1.000001E-06
vn -1 -1.192093E-06 1.000001E-06
vn -1 -1.192093E-06 1.000001E-06
vn -1 -1.192093E-06 1.000001E-06
vn -1 -1.192093E-06 1.000001E-06
vn -1 -1.192093E-06 1.000001E-06
vn -1 -1.192093E-06 1.000001E-06
vn -1 -1.192093E-06 1.000001E-06
vn -1 -1.192093E-06 1.000001E-06
vn -1 -1.192093E-06 1.000001E-06
vn -1 -1.192093E-06 1.000001E-06
vn -1 -1.192093E-06 1.000001E-06
vn -1 -1.192093E-06 1.000001E-06
vn -1 -1.192093E-06 1.000001E-06
vn -1 -1.192093E-06 1.000001E-06
vn -1 -1.192093E-06 1.000001E-06
vn -1 -1.192093E-06 1.000001E-06
vn -1 -1.192093E-06 1.000001E-06
vn -1 -1.192093E-06 1.000001E-06
vn -1 -1.192093E-06 1.000001E-06
vn -1 -1.192093E-06 1.000001E-06
vn -1 -1.192093E-06 1.000001E-06
vn -1 -1.192093E-06 1.000001E-06
vn -1 -1.192093E-06 1.000001E-06
vn -1 -1.192093E-06 1.000001E-06
vn -1 -1.192093E-06 1.000001E-06
vn -1 -1.192093E-06 1.000001E-06
vn -1 -1.192093E-06 1.000001E-06
vn -1 -1.192093E-06 1.000001E-06
vn -1 -1.192093E-06 1.000001E-06
vn -1 -1.192093E-06 1.000001E-06
vn -1 -1.192093E-06 1.000001E-06
vn -1 -1.192093E-06 1.000001E-06
vn -1 -1.192093E-06 1.000001E-06
vn -1 -1.192093E-06 1.000001E-06
vn -1 -1.192093E-06 1.000001E-06
vn -1 -1.192093E-06 1.000001E-06
vn -1 -1.192093E-06 1.000001E-06
vn -1 -1.192093E-06 1.000001E-06
vn -1 -1.192093E-06 1.000001E-06
vn -1 -1.192093E-06 1.000001E-06
vn -1 -1.192093E-06 1.000001E-06
vn -1 -1.192093E-06 1.000001E-06
vn -9.977679E-07 0.9940386 -0.109029
vn -8.718936E-07 0.999759 0.02195957
vn -9.158146E-07 0.999759 -0.02196139
vn -1.035829E-06 0.9883541 -0.1521721
vn -1.105933E-06 0.9714049 -0.2374298
vn -1.13797E-06 0.9601327 -0.2795453
vn -1.195605E-06 0.9320748 -0.3622661
vn -1.221172E-06 0.9152583 -0.4028679
vn -1.264847E-06 0.8767229 -0.4809961
vn -1.28302E-06 0.8550506 -0.5185451
vn -1.312255E-06 0.8065994 -0.5910988
vn -1.323234E-06 0.7797713 -0.6260648
vn -1.337373E-06 0.7222592 -0.6916227
vn -1.340618E-06 0.6916228 -0.722259
vn -1.339517E-06 0.626064 -0.7797719
vn -1.335083E-06 0.5910972 -0.8066005
vn -1.318666E-06 0.5185445 -0.8550509
vn -1.306768E-06 0.4809974 -0.8767223
vn -1.27545E-06 0.4028671 -0.9152587
vn -1.255964E-06 0.3622611 -0.9320769
vn -1.210062E-06 0.2795378 -0.9601349
vn -1.183681E-06 0.2374243 -0.9714063
vn -1.124406E-06 0.1521707 -0.9883544
vn -1.091519E-06 0.1090292 -0.9940388
vn -1.019394E-06 0.02196066 -0.999759
vn -9.801239E-07 -0.02196248 -0.999759
vn -8.965583E-07 -0.109031 -0.9940385
vn -8.523024E-07 -0.1521725 -0.9883542
vn -7.591315E-07 -0.237426 -0.9714058
vn -7.102078E-07 -0.2795396 -0.9601344
vn -6.081892E-07 -0.3622628 -0.9320762
vn -5.550664E-07 -0.4028688 -0.9152579
vn -4.466761E-07 -0.4809991 -0.8767214
vn -3.91435E-07 -0.518546 -0.85505
vn -2.781174E-07 -0.5910987 -0.8065994
vn -2.20026E-07 -0.6260654 -0.7797708
vn -1.03899E-07 -0.6916241 -0.7222578
vn -4.587153E-08 -0.7222605 -0.6916214
vn 7.110611E-08 -0.7797724 -0.6260634
vn 1.300583E-07 -0.8066005 -0.5910974
vn 2.459307E-07 -0.8550515 -0.5185435
vn 3.028564E-07 -0.8767238 -0.4809945
vn 4.154377E-07 -0.915259 -0.4028663
vn 4.710747E-07 -0.9320755 -0.3622644
vn 5.788812E-07 -0.9601331 -0.2795435
vn 6.310748E-07 -0.9714053 -0.237428
vn 7.314862E-07 -0.9883544 -0.1521703
vn 7.797117E-07 -0.9940389 -0.1090272
vn 8.718936E-07 -0.999759 -0.02195957
vn 9.158146E-07 -0.999759 0.02196139
vn 9.977679E-07 -0.9940386 0.109029
vn 1.035829E-06 -0.9883541 0.1521721
vn 1.105933E-06 -0.9714049 0.2374298
vn 1.13797E-06 -0.9601327 0.2795453
vn 1.195605E-06 -0.9320748 0.3622661
vn 1.221172E-06 -0.9152583 0.4028679
vn 1.264847E-06 -0.8767229 0.4809962
vn 1.28302E-06 -0.8550504 0.5185452
vn 1.312255E-06 -0.8065993 0.591099
vn 1.323235E-06 -0.7797712 0.6260649
vn 1.337373E-06 -0.7222593 0.6916226
vn 1.340618E-06 -0.691623 0.7222589
vn 1.339517E-06 -0.6260642 0.7797717
vn 1.335083E-06 -0.5910974 0.8066005
vn 1.318666E-06 -0.5185445 0.8550509
vn 1.306768E-06 -0.4809974 0.8767223
vn 1.27545E-06 -0.4028673 0.9152586
vn 1.255964E-06 -0.3622615 0.9320768
vn 1.210062E-06 -0.2795382 0.9601347
vn 1.183681E-06 -0.2374245 0.9714063
vn 1.124406E-06 -0.1521705 0.9883544
vn 1.091519E-06 -0.1090288 0.9940388
vn 1.019394E-06 -0.02196046 0.999759
vn 9.801241E-07 0.02196228 0.999759
vn 8.965586E-07 0.1090306 0.9940385
vn 8.523025E-07 0.1521723 0.9883542
vn 7.591314E-07 0.2374263 0.9714058
vn 7.102072E-07 0.2795399 0.9601343
vn 6.081888E-07 0.3622632 0.9320761
vn 5.550663E-07 0.402869 0.9152579
vn 4.466761E-07 0.4809991 0.8767214
vn 3.91435E-07 0.518546 0.85505
vn 2.781172E-07 0.5910988 0.8065994
vn 2.200255E-07 0.6260657 0.7797706
vn 1.038986E-07 0.6916243 0.7222576
vn 4.587136E-08 0.7222605 0.6916212
vn -7.110594E-08 0.7797723 0.6260635
vn -1.30058E-07 0.8066003 0.5910975
vn -2.459305E-07 0.8550514 0.5185437
vn -3.028562E-07 0.8767238 0.4809946
vn -4.154377E-07 0.915259 0.4028663
vn -4.710747E-07 0.9320755 0.3622644
vn -5.788812E-07 0.9601331 0.2795435
vn -6.310748E-07 0.9714053 0.237428
vn -7.314862E-07 0.9883544 0.1521703
vn -7.797117E-07 0.9940389 0.1090272
vn -1 -1.192093E-06 1.000001E-06
vn -1 -1.192093E-06 1.000001E-06
vn -1 -1.192093E-06 1.000001E-06
vn -1 -1.192093E-06 1.000001E-06
vn -1 -1.192093E-06 1.000001E-06
vn -1 -1.192093E-06 1.000001E-06
vn -1 -1.192093E-06 1.000001E-06
vn -1 -1.192093E-06 1.000001E-06
vn -1 -1.192093E-06 1.000001E-06
vn -1 -1.192093E-06 1.000001E-06
vn -1 -1.192093E-06 1.000001E-06
vn -1 -1.192093E-06 1.000001E-06
vn -1 -1.192093E-06 1.000001E-06
vn -1 -1.192093E-06 1.000001E-06
vn -1 -1.192093E-06 1.000001E-06
vn -1 -1.192093E-06 1.000001E-06
vn -1 -1.192093E-06 1.000001E-06
vn -1 -1.192093E-06 1.000001E-06
vn -1 -1.192093E-06 1.000001E-06
vn -1 -1.192093E-06 1.000001E-06
vn -1 -1.192093E-06 1.000001E-06
vn -1 -1.192093E-06 1.000001E-06
vn -1 -1.192093E-06 1.000001E-06
vn -1 -1.192093E-06 1.000001E-06
vn -1 -1.192093E-06 1.000001E-06
vn -1 -1.192093E-06 1.000001E-06
vn -1 -1.192093E-06 1.000001E-06
vn -1 -1.192093E-06 1.000001E-06
vn -1 -1.192093E-06 1.000001E-06
vn -1 -1.192093E-06 1.000001E-06
vn -1 -1.192093E-06 1.000001E-06
vn -1 -1.192093E-06 1.000001E-06
vn -1 -1.192093E-06 1.000001E-06
vn -1 -1.192093E-06 1.000001E-06
vn -1 -1.192093E-06 1.000001E-06
vn -1 -1.192093E-06 1.000001E-06
vn -1 -1.192093E-06 1.000001E-06
vn -1 -1.192093E-06 1.000001E-06
vn -1 -1.192093E-06 1.000001E-06
vn -1 -1.192093E-06 1.000001E-06
vn -1 -1.192093E-06 1.000001E-06
vn -1 -1.192093E-06 1.000001E-06
vn -1 -1.192093E-06 1.000001E-06
vn -1 -1.192093E-06 1.000001E-06
vn -1 -1.192093E-06 1.000001E-06
vn -1 -1.192093E-06 1.000001E-06
vn -1 -1.192093E-06 1.000001E-06
vn -1 -1.192093E-06 1.000001E-06
vn -1 -1.192093E-06 1.000001E-06
vn -9.977679E-07 0.9940386 -0.109029
vn -8.718936E-07 0.999759 0.02195957
vn -9.158146E-07 0.999759 -0.02196139
vn -1.035829E-06 0.9883541 -0.1521721
vn -1.105933E-06 0.9714049 -0.2374298
vn -1.13797E-06 0.9601327 -0.2795453
vn -1.195605E-06 0.9320748 -0.3622661
vn -1.221172E-06 0.9152583 -0.4028679
vn -1.264847E-06 0.8767229 -0.4809961
vn -1.28302E-06 0.8550506 -0.5185451
vn -1.312255E-06 0.8065994 -0.5910988
vn -1.323234E-06 0.7797713 -0.6260648
vn -1.337373E-06 0.7222592 -0.6916227
vn -1.340618E-06 0.6916228 -0.722259
vn -1.339517E-06 0.626064 -0.7797719
vn -1.335083E-06 0.5910972 -0.8066005
vn -1.318666E-06 0.5185445 -0.8550509
vn -1.306768E-06 0.4809974 -0.8767223
vn -1.27545E-06 0.4028671 -0.9152587
vn -1.255964E-06 0.3622611 -0.9320769
vn -1.210062E-06 0.2795378 -0.9601349
vn -1.183681E-06 0.2374243 -0.9714063
vn -1.124406E-06 0.1521707 -0.9883544
vn -1.091519E-06 0.1090292 -0.9940388
vn -1.019394E-06 0.02196066 -0.999759
vn -9.801239E-07 -0.02196248 -0.999759
vn -8.965583E-07 -0.109031 -0.9940385
vn -8.523024E-07 -0.1521725 -0.9883542
vn -7.591315E-07 -0.237426 -0.9714058
vn -7.102078E-07 -0.2795396 -0.9601344
vn -6.081892E-07 -0.3622628 -0.9320762
vn -5.550664E-07 -0.4028688 -0.9152579
vn -4.466761E-07 -0.4809991 -0.8767214
vn -3.91435E-07 -0.518546 -0.85505
vn -2.781174E-07 -0.5910987 -0.8065994
vn -2.20026E-07 -0.6260654 -0.7797708
vn -1.03899E-07 -0.6916241 -0.7222578
vn -4.587153E-08 -0.7222605 -0.6916214
vn 7.110611E-08 -0.7797724 -0.6260634
vn 1.300583E-07 -0.8066005 -0.5910974
vn 2.459307E-07 -0.8550515 -0.5185435
vn 3.028564E-07 -0.8767238 -0.4809945
vn 4.154377E-07 -0.915259 -0.4028663
vn 4.710747E-07 -0.9320755 -0.3622644
vn 5.788812E-07 -0.9601331 -0.2795435
vn 6.310748E-07 -0.9714053 -0.237428
vn 7.314862E-07 -0.9883544 -0.1521703
vn 7.797117E-07 -0.9940389 -0.1090272
vn 8.718936E-07 -0.999759 -0.02195957
vn 9.158146E-07 -0.999759 0.02196139
vn 9.977679E-07 -0.9940386 0.109029
vn 1.035829E-06 -0.9883541 0.1521721
vn 1.105933E-06 -0.9714049 0.2374298
vn 1.13797E-06 -0.9601327 0.2795453
vn 1.195605E-06 -0.9320748 0.3622661
vn 1.221172E-06 -0.9152583 0.4028679
vn 1.264847E-06 -0.8767229 0.4809962
vn 1.28302E-06 -0.8550504 0.5185452
vn 1.312255E-06 -0.8065993 0.591099
vn 1.323235E-06 -0.7797712 0.6260649
vn 1.337373E-06 -0.7222593 0.6916226
vn 1.340618E-06 -0.691623 0.7222589
vn 1.339517E-06 -0.6260642 0.7797717
vn 1.335083E-06 -0.5910974 0.8066005
vn 1.318666E-06 -0.5185445 0.8550509
vn 1.306768E-06 -0.4809974 0.8767223
vn 1.27545E-06 -0.4028673 0.9152586
vn 1.255964E-06 -0.3622615 0.9320768
vn 1.210062E-06 -0.2795382 0.9601347
vn 1.183681E-06 -0.2374245 0.9714063
vn 1.124406E-06 -0.1521705 0.9883544
vn 1.091519E-06 -0.1090288 0.9940388
vn 1.019394E-06 -0.02196046 0.999759
vn 9.801241E-07 0.02196228 0.999759
vn 8.965586E-07 0.1090306 0.9940385
vn 8.523025E-07 0.1521723 0.9883542
vn 7.591314E-07 0.2374263 0.9714058
vn 7.102072E-07 0.2795399 0.9601343
vn 6.081888E-07 0.3622632 0.9320761
vn 5.550663E-07 0.402869 0.9152579
vn 4.466761E-07 0.4809991 0.8767214
vn 3.91435E-07 0.518546 0.85505
vn 2.781172E-07 0.5910988 0.8065994
vn 2.200255E-07 0.6260657 0.7797706
vn 1.038986E-07 0.6916243 0.7222576
vn 4.587136E-08 0.7222605 0.6916212
vn -7.110594E-08 0.7797723 0.6260635
vn -1.30058E-07 0.8066003 0.5910975
vn -2.459305E-07 0.8550514 0.5185437
vn -3.028562E-07 0.8767238 0.4809946
vn -4.154377E-07 0.915259 0.4028663
vn -4.710747E-07 0.9320755 0.3622644
vn -5.788812E-07 0.9601331 0.2795435
vn -6.310748E-07 0.9714053 0.237428
vn -7.314862E-07 0.9883544 0.1521703
vn -7.797117E-07 0.9940389 0.1090272
vn -1 -1.192093E-06 1.000001E-06
vn -1 -1.192093E-06 1.000001E-06
vn -1 -1.192093E-06 1.000001E-06
vn -1 -1.192093E-06 1.000001E-06
vn -1 -1.192093E-06 1.000001E-06
vn -1 -1.192093E-06 1.000001E-06
vn -1 -1.192093E-06 1.000001E-06
vn -1 -1.192093E-06 1.000001E-06
vn -1 -1.192093E-06 1.000001E-06
vn -1 -1.192093E-06 1.000001E-06
vn -1 -1.192093E-06 1.000001E-06
vn -1 -1.192093E-06 1.000001E-06
vn -1 -1.192093E-06 1.000001E-06
vn -1 -1.192093E-06 1.000001E-06
vn -1 -1.192093E-06 1.000001E-06
vn -1 -1.192093E-06 1.000001E-06
vn -1 -1.192093E-06 1.000001E-06
vn -1 -1.192093E-06 1.000001E-06
vn -1 -1.192093E-06 1.000001E-06
vn -1 -1.192093E-06 1.000001E-06
vn -1 -1.192093E-06 1.000001E-06
vn -1 -1.192093E-06 1.000001E-06
vn -1 -1.192093E-06 1.000001E-06
vn -1 -1.192093E-06 1.000001E-06
vn -1 -1.192093E-06 1.000001E-06
vn -1 -1.192093E-06 1.000001E-06
vn -1 -1.192093E-06 1.000001E-06
vn -1 -1.192093E-06 1.000001E-06
vn -1 -1.192093E-06 1.000001E-06
vn -1 -1.192093E-06 1.000001E-06
vn -1 -1.192093E-06 1.000001E-06
vn -1 -1.192093E-06 1.000001E-06
vn -1 -1.192093E-06 1.000001E-06
vn -1 -1.192093E-06 1.000001E-06
vn -1 -1.192093E-06 1.000001E-06
vn -1 -1.192093E-06 1.000001E-06
vn -1 -1.192093E-06 1.000001E-06
vn -1 -1.192093E-06 1.000001E-06
vn -1 -1.192093E-06 1.000001E-06
vn -1 -1.192093E-06 1.000001E-06
vn -1 -1.192093E-06 1.000001E-06
vn -1 -1.192093E-06 1.000001E-06
vn -1 -1.192093E-06 1.000001E-06
vn -1 -1.192093E-06 1.000001E-06
vn -1 -1.192093E-06 1.000001E-06
vn -1 -1.192093E-06 1.000001E-06
vn -1 -1.192093E-06 1.000001E-06
vn -1 -1.192093E-06 1.000001E-06
vn -1 -1.192093E-06 1.000001E-06
vt 3.217 85.16541
vt 90 86
vt 24 86
vt 23.217 85.16541
vt 2.4472 84.2426
vt 22.4472 84.2426
vt 1.7038 83.24719
vt 21.7038 83.24719
vt 1 82.196
vt 21 82.196
vt 0.3471999 81.1076
vt 20.3472 81.1076
vt -0.2426 80
vt 19.7574 80
vt -0.7603998 78.8924
vt 19.2396 78.8924
vt -1.196 77.804
vt 18.804 77.804
vt -1.5434 76.75281
vt 18.4566 76.75281
vt -1.7954 75.7574
vt 18.2046 75.7574
vt -1.9484 74.83459
vt 18.0516 74.83459
vt -2 74
vt 18 74
vt -1.9484 73.2686
vt 18.0516 73.2686
vt -1.7954 72.65179
vt 18.2046 72.65179
vt -1.5434 72.1604
vt 18.4566 72.1604
vt -1.196 71.804
vt 18.804 71.804
vt -0.7603998 71.5868
vt 19.2396 71.5868
vt -0.2426 71.5148
vt 99.7574 71.5148
vt 79.2396 71.5868
vt 99.2396 71.5868
vt 78.804 71.804
vt 98.804 71.804
vt 78.4566 72.1604
vt 98.4566 72.1604
vt 78.2046 72.65179
vt 98.2046 72.65179
vt 78.0516 73.2686
vt 98.0516 73.2686
vt 78 74
vt 98 74
vt 78.0516 74.83459
vt 98.0516 74.83459
vt 78.2046 75.7574
vt 98.2046 75.7574
vt 78.4566 76.75281
vt 98.4566 76.75281
vt 78.804 77.804
vt 98.804 77.804
vt 79.2396 78.8924
vt 99.2396 78.8924
vt 79.7574 80
vt 99.7574 80
vt 80.3472 81.1076
vt 100.3472 81.1076
vt 81 82.196
vt 101 82.196
vt 81.7038 83.24719
vt 101.7038 83.24719
vt 82.4472 84.2426
vt 102.4472 84.2426
vt 83.217 85.16541
vt 103.217 85.16541
vt 84 86
vt 30 86
vt 9.9484 86.7314
vt 29.9484 86.7314
vt 9.795401 87.34821
vt 29.7954 87.34821
vt 9.5434 87.8396
vt 29.5434 87.8396
vt 9.196 88.196
vt 29.196 88.196
vt 8.7604 88.4132
vt 28.7604 88.4132
vt 8.242599 88.4852
vt 108.2426 88.4852
vt 88.7604 88.4132
vt 108.7604 88.4132
vt 89.196 88.196
vt 109.196 88.196
vt 89.5434 87.8396
vt 109.5434 87.8396
vt 89.7954 87.34821
vt 109.7954 87.34821
vt 89.9484 86.7314
vt 109.9484 86.7314
vt 91.9312 86.8872
vt 92 88
vt 112 88
vt 111.9312 86.8872
vt 91.7272 85.65681
vt 111.7272 85.65681
vt 91.3912 84.3296
vt 111.3912 84.3296
vt 90.928 82.928
vt 110.928 82.928
vt 90.3472 81.4768
vt 110.3472 81.4768
vt 89.6568 80
vt 109.6568 80
vt 88.8704 78.5232
vt 108.8704 78.5232
vt 88 77.072
vt 108 77.072
vt 87.0616 75.6704
vt 107.0616 75.6704
vt 86.0704 74.34319
vt 106.0704 74.34319
vt 85.044 73.1128
vt 105.044 73.1128
vt 84 72
vt 16 72
vt -3.9312 71.0248
vt 16.0688 71.0248
vt -3.7272 70.2024
vt 16.2728 70.2024
vt -3.3912 69.5472
vt 16.6088 69.5472
vt -2.928 69.072
vt 17.072 69.072
vt -2.3472 68.7824
vt 17.6528 68.7824
vt -1.6568 68.6864
vt 98.3432 68.6864
vt 77.6528 68.7824
vt 97.6528 68.7824
vt 77.072 69.072
vt 97.072 69.072
vt 76.6088 69.5472
vt 96.6088 69.5472
vt 76.2728 70.2024
vt 96.2728 70.2024
vt 76.0688 71.0248
vt 96.0688 71.0248
vt 76 72
vt 24 72
vt 5.044 73.1128
vt 25.044 73.1128
vt 6.0704 74.34319
vt 26.0704 74.34319
vt 7.0616 75.6704
vt 27.0616 75.6704
vt 8 77.072
vt 28 77.072
vt 8.870399 78.5232
vt 28.8704 78.5232
vt 9.656799 80
vt 29.6568 80
vt 10.3472 81.4768
vt 30.3472 81.4768
vt 10.928 82.928
vt 30.928 82.928
vt 11.3912 84.3296
vt 31.3912 84.3296
vt 11.7272 85.65681
vt 31.7272 85.65681
vt 11.9312 86.8872
vt 31.9312 86.8872
vt 12 88
vt 32 88
vt 11.9312 88.9752
vt 31.9312 88.9752
vt 11.7272 89.7976
vt 31.7272 89.7976
vt 11.3912 90.4528
vt 31.3912 90.4528
vt 10.928 90.928
vt 30.928 90.928
vt 10.3472 91.2176
vt 30.3472 91.2176
vt 9.656799 91.3136
vt 109.6568 91.3136
vt 90.3472 91.2176
vt 110.3472 91.2176
vt 90.928 90.928
vt 110.928 90.928
vt 91.3912 90.4528
vt 111.3912 90.4528
vt 91.7272 89.7976
vt 111.7272 89.7976
vt 91.9312 88.9752
vt 111.9312 88.9752
vt 24 110
vt 23.217 109.9484
vt 22.956 111.9312
vt 24 112
vt 22.4472 109.7954
vt 21.9296 111.7272
vt 21.7038 109.5434
vt 20.9384 111.3912
vt 21 109.196
vt 20 110.928
vt 20.3472 108.7604
vt 19.1296 110.3472
vt 19.7574 108.2426
vt 18.3432 109.6568
vt 19.2396 107.6528
vt 17.6528 108.8704
vt 18.804 107
vt 17.072 108
vt 18.4566 106.2962
vt 16.6088 107.0616
vt 18.2046 105.5528
vt 16.2728 106.0704
vt 18.0516 104.783
vt 16.0688 105.044
vt 18 104
vt 16 104
vt 18.0516 103.217
vt 16.0688 102.956
vt 18.2046 102.4472
vt 16.2728 101.9296
vt 18.4566 101.7038
vt 16.6088 100.9384
vt 18.804 101
vt 17.072 100
vt 19.2396 100.3472
vt 17.6528 99.1296
vt 19.7574 99.7574
vt 18.3432 98.3432
vt 20.3472 99.2396
vt 19.1296 97.6528
vt 21 98.804
vt 20 97.072
vt 21.7038 98.4566
vt 20.9384 96.6088
vt 22.4472 98.2046
vt 21.9296 96.2728
vt 23.217 98.0516
vt 22.956 96.0688
vt 24 98
vt 24 96
vt 24.783 98.0516
vt 25.044 96.0688
vt 25.5528 98.2046
vt 26.0704 96.2728
vt 26.2962 98.4566
vt 27.0616 96.6088
vt 27 98.804
vt 28 97.072
vt 27.6528 99.2396
vt 28.8704 97.6528
vt 28.2426 99.7574
vt 29.6568 98.3432
vt 28.7604 100.3472
vt 30.3472 99.1296
vt 29.196 101
vt 30.928 100
vt 29.5434 101.7038
vt 31.3912 100.9384
vt 29.7954 102.4472
vt 31.7272 101.9296
vt 29.9484 103.217
vt 31.9312 102.956
vt 30 104
vt 32 104
vt 29.9484 104.783
vt 31.9312 105.044
vt 29.7954 105.5528
vt 31.7272 106.0704
vt 29.5434 106.2962
vt 31.3912 107.0616
vt 29.196 107
vt 30.928 108
vt 28.7604 107.6528
vt 30.3472 108.8704
vt 28.2426 108.2426
vt 29.6568 109.6568
vt 27.6528 108.7604
vt 28.8704 110.3472
vt 27 109.196
vt 28 110.928
vt 26.2962 109.5434
vt 27.0616 111.3912
vt 25.5528 109.7954
vt 26.0704 111.7272
vt 24.783 109.9484
vt 25.044 111.9312
vt 3.217 65.16541
vt 70 66
vt 24 66
vt 23.217 65.16541
vt 2.4472 64.2426
vt 22.4472 64.2426
vt 1.7038 63.2472
vt 21.7038 63.2472
vt 1 62.196
vt 21 62.196
vt 0.3471999 61.1076
vt 20.3472 61.1076
vt -0.2426 60
vt 19.7574 60
vt -0.7603998 58.8924
vt 19.2396 58.8924
vt -1.196 57.804
vt 18.804 57.804
vt -1.5434 56.7528
vt 18.4566 56.7528
vt -1.7954 55.7574
vt 18.2046 55.7574
vt -1.9484 54.8346
vt 18.0516 54.8346
vt -2 54
vt 18 54
vt -1.9484 53.2686
vt 18.0516 53.2686
vt -1.7954 52.6518
vt 18.2046 52.6518
vt -1.5434 52.1604
vt 18.4566 52.1604
vt -1.196 51.804
vt 18.804 51.804
vt -0.7603998 51.5868
vt 19.2396 51.5868
vt -0.2426 51.5148
vt 79.7574 51.5148
vt 59.2396 51.5868
vt 79.2396 51.5868
vt 58.804 51.804
vt 78.804 51.804
vt 58.4566 52.1604
vt 78.4566 52.1604
vt 58.2046 52.6518
vt 78.20461 52.6518
vt 58.0516 53.2686
vt 78.05161 53.2686
vt 58 54
vt 78 54
vt 58.0516 54.8346
vt 78.05161 54.8346
vt 58.2046 55.7574
vt 78.20461 55.7574
vt 58.4566 56.7528
vt 78.4566 56.7528
vt 58.804 57.804
vt 78.804 57.804
vt 59.2396 58.8924
vt 79.2396 58.8924
vt 59.7574 60
vt 79.7574 60
vt 60.3472 61.1076
vt 80.3472 61.1076
vt 61 62.196
vt 81 62.196
vt 61.7038 63.2472
vt 81.7038 63.2472
vt 62.4472 64.2426
vt 82.4472 64.2426
vt 63.217 65.1654
vt 83.217 65.1654
vt 64 66
vt 30 66
vt 9.9484 66.7314
vt 29.9484 66.7314
vt 9.795401 67.3482
vt 29.7954 67.3482
vt 9.5434 67.8396
vt 29.5434 67.8396
vt 9.196 68.196
vt 29.196 68.196
vt 8.7604 68.4132
vt 28.7604 68.4132
vt 8.242599 68.4852
vt 88.2426 68.4852
vt 68.7604 68.4132
vt 88.7604 68.4132
vt 69.196 68.196
vt 89.196 68.196
vt 69.5434 67.8396
vt 89.5434 67.8396
vt 69.7954 67.34821
vt 89.7954 67.34821
vt 69.9484 66.7314
vt 89.9484 66.7314
vt 71.9312 66.8872
vt 72 68
vt 92 68
vt 91.9312 66.8872
vt 71.7272 65.65681
vt 91.7272 65.65681
vt 71.3912 64.3296
vt 91.3912 64.3296
vt 70.928 62.928
vt 90.928 62.928
vt 70.3472 61.4768
vt 90.3472 61.4768
vt 69.6568 60
vt 89.6568 60
vt 68.8704 58.5232
vt 88.8704 58.5232
vt 68 57.072
vt 88 57.072
vt 67.0616 55.6704
vt 87.0616 55.6704
vt 66.0704 54.3432
vt 86.0704 54.3432
vt 65.044 53.1128
vt 85.044 53.1128
vt 64 52
vt 16 52
vt -3.9312 51.0248
vt 16.0688 51.0248
vt -3.7272 50.2024
vt 16.2728 50.2024
vt -3.3912 49.5472
vt 16.6088 49.5472
vt -2.928 49.072
vt 17.072 49.072
vt -2.3472 48.7824
vt 17.6528 48.7824
vt -1.6568 48.6864
vt 78.3432 48.6864
vt 57.6528 48.7824
vt 77.6528 48.7824
vt 57.072 49.072
vt 77.072 49.072
vt 56.6088 49.5472
vt 76.6088 49.5472
vt 56.2728 50.2024
vt 76.2728 50.2024
vt 56.0688 51.0248
vt 76.0688 51.0248
vt 56 52
vt 24 52
vt 5.044 53.1128
vt 25.044 53.1128
vt 6.0704 54.3432
vt 26.0704 54.3432
vt 7.0616 55.6704
vt 27.0616 55.6704
vt 8 57.072
vt 28 57.072
vt 8.870399 58.5232
vt 28.8704 58.5232
vt 9.656799 60
vt 29.6568 60
vt 10.3472 61.4768
vt 30.3472 61.4768
vt 10.928 62.928
vt 30.928 62.928
vt 11.3912 64.3296
vt 31.3912 64.3296
vt 11.7272 65.6568
vt 31.7272 65.6568
vt 11.9312 66.8872
vt 31.9312 66.8872
vt 12 68
vt 32 68
vt 11.9312 68.9752
vt 31.9312 68.9752
vt 11.7272 69.7976
vt 31.7272 69.7976
vt 11.3912 70.4528
vt 31.3912 70.4528
vt 10.928 70.928
vt 30.928 70.928
vt 10.3472 71.2176
vt 30.3472 71.2176
vt 9.656799 71.3136
vt 89.6568 71.3136
vt 70.3472 71.2176
vt 90.3472 71.2176
vt 70.928 70.928
vt 90.928 70.928
vt 71.3912 70.4528
vt 91.3912 70.4528
vt 71.7272 69.7976
vt 91.7272 69.7976
vt 71.9312 68.9752
vt 91.9312 68.9752
vt 24 90
vt 23.217 89.9484
vt 22.956 91.9312
vt 24 92
vt 22.4472 89.7954
vt 21.9296 91.7272
vt 21.7038 89.5434
vt 20.9384 91.3912
vt 21 89.196
vt 20 90.928
vt 20.3472 88.7604
vt 19.1296 90.3472
vt 19.7574 88.2426
vt 18.3432 89.6568
vt 19.2396 87.6528
vt 17.6528 88.8704
vt 18.804 87
vt 17.072 88
vt 18.4566 86.2962
vt 16.6088 87.0616
vt 18.2046 85.5528
vt 16.2728 86.0704
vt 18.0516 84.783
vt 16.0688 85.044
vt 18 84
vt 16 84
vt 18.0516 83.217
vt 16.0688 82.956
vt 18.2046 82.4472
vt 16.2728 81.9296
vt 18.4566 81.7038
vt 16.6088 80.9384
vt 18.804 81
vt 17.072 80
vt 19.2396 80.3472
vt 17.6528 79.1296
vt 19.7574 79.7574
vt 18.3432 78.3432
vt 20.3472 79.2396
vt 19.1296 77.6528
vt 21 78.804
vt 20 77.072
vt 21.7038 78.4566
vt 20.9384 76.6088
vt 22.4472 78.20461
vt 21.9296 76.2728
vt 23.217 78.05161
vt 22.956 76.0688
vt 24 78
vt 24 76
vt 24.783 78.05161
vt 25.044 76.0688
vt 25.5528 78.20461
vt 26.0704 76.2728
vt 26.2962 78.4566
vt 27.0616 76.6088
vt 27 78.804
vt 28 77.072
vt 27.6528 79.2396
vt 28.8704 77.6528
vt 28.2426 79.7574
vt 29.6568 78.3432
vt 28.7604 80.3472
vt 30.3472 79.1296
vt 29.196 81
vt 30.928 80
vt 29.5434 81.7038
vt 31.3912 80.9384
vt 29.7954 82.4472
vt 31.7272 81.9296
vt 29.9484 83.217
vt 31.9312 82.956
vt 30 84
vt 32 84
vt 29.9484 84.783
vt 31.9312 85.044
vt 29.7954 85.5528
vt 31.7272 86.0704
vt 29.5434 86.2962
vt 31.3912 87.0616
vt 29.196 87
vt 30.928 88
vt 28.7604 87.6528
vt 30.3472 88.8704
vt 28.2426 88.2426
vt 29.6568 89.6568
vt 27.6528 88.7604
vt 28.8704 90.3472
vt 27 89.196
vt 28 90.928
vt 26.2962 89.5434
vt 27.0616 91.3912
vt 25.5528 89.7954
vt 26.0704 91.7272
vt 24.783 89.9484
vt 25.044 91.9312
vt 3.217 45.1654
vt 50 46
vt 24 46
vt 23.217 45.1654
vt 2.4472 44.2426
vt 22.4472 44.2426
vt 1.7038 43.2472
vt 21.7038 43.2472
vt 1 42.196
vt 21 42.196
vt 0.3471999 41.1076
vt 20.3472 41.1076
vt -0.2426 40
vt 19.7574 40
vt -0.7603998 38.8924
vt 19.2396 38.8924
vt -1.196 37.804
vt 18.804 37.804
vt -1.5434 36.7528
vt 18.4566 36.7528
vt -1.7954 35.7574
vt 18.2046 35.7574
vt -1.9484 34.8346
vt 18.0516 34.8346
vt -2 34
vt 18 34
vt -1.9484 33.2686
vt 18.0516 33.2686
vt -1.7954 32.6518
vt 18.2046 32.6518
vt -1.5434 32.1604
vt 18.4566 32.1604
vt -1.196 31.804
vt 18.804 31.804
vt -0.7603998 31.5868
vt 19.2396 31.5868
vt -0.2426 31.5148
vt 59.7574 31.5148
vt 39.2396 31.5868
vt 59.2396 31.5868
vt 38.804 31.804
vt 58.804 31.804
vt 38.4566 32.1604
vt 58.4566 32.1604
vt 38.2046 32.6518
vt 58.2046 32.6518
vt 38.0516 33.2686
vt 58.0516 33.2686
vt 38 34
vt 58 34
vt 38.0516 34.8346
vt 58.0516 34.8346
vt 38.2046 35.7574
vt 58.2046 35.7574
vt 38.4566 36.7528
vt 58.4566 36.7528
vt 38.804 37.804
vt 58.804 37.804
vt 39.2396 38.8924
vt 59.2396 38.8924
vt 39.7574 40
vt 59.7574 40
vt 40.3472 41.1076
vt 60.3472 41.1076
vt 41 42.196
vt 61 42.196
vt 41.7038 43.2472
vt 61.7038 43.2472
vt 42.4472 44.2426
vt 62.4472 44.2426
vt 43.217 45.1654
vt 63.217 45.1654
vt 44 46
vt 30 46
vt 9.9484 46.7314
vt 29.9484 46.7314
vt 9.795401 47.3482
vt 29.7954 47.3482
vt 9.5434 47.8396
vt 29.5434 47.8396
vt 9.196 48.196
vt 29.196 48.196
vt 8.7604 48.4132
vt 28.7604 48.4132
vt 8.242599 48.4852
vt 68.2426 48.4852
vt 48.7604 48.4132
vt 68.7604 48.4132
vt 49.196 48.196
vt 69.196 48.196
vt 49.5434 47.8396
vt 69.5434 47.8396
vt 49.7954 47.3482
vt 69.79539 47.3482
vt 49.9484 46.7314
vt 69.94839 46.7314
vt 51.9312 46.8872
vt 52 48
vt 72 48
vt 71.9312 46.8872
vt 51.7272 45.6568
vt 71.7272 45.6568
vt 51.3912 44.3296
vt 71.3912 44.3296
vt 50.928 42.928
vt 70.928 42.928
vt 50.3472 41.4768
vt 70.3472 41.4768
vt 49.6568 40
vt 69.6568 40
vt 48.8704 38.5232
vt 68.8704 38.5232
vt 48 37.072
vt 68 37.072
vt 47.0616 35.6704
vt 67.0616 35.6704
vt 46.0704 34.3432
vt 66.0704 34.3432
vt 45.044 33.1128
vt 65.044 33.1128
vt 44 32
vt 16 32
vt -3.9312 31.0248
vt 16.0688 31.0248
vt -3.7272 30.2024
vt 16.2728 30.2024
vt -3.3912 29.5472
vt 16.6088 29.5472
vt -2.928 29.072
vt 17.072 29.072
vt -2.3472 28.7824
vt 17.6528 28.7824
vt -1.6568 28.6864
vt 58.3432 28.6864
vt 37.6528 28.7824
vt 57.6528 28.7824
vt 37.072 29.072
vt 57.072 29.072
vt 36.6088 29.5472
vt 56.6088 29.5472
vt 36.2728 30.2024
vt 56.2728 30.2024
vt 36.0688 31.0248
vt 56.0688 31.0248
vt 36 32
vt 24 32
vt 5.044 33.1128
vt 25.044 33.1128
vt 6.0704 34.3432
vt 26.0704 34.3432
vt 7.0616 35.6704
vt 27.0616 35.6704
vt 8 37.072
vt 28 37.072
vt 8.870399 38.5232
vt 28.8704 38.5232
vt 9.656799 40
vt 29.6568 40
vt 10.3472 41.4768
vt 30.3472 41.4768
vt 10.928 42.928
vt 30.928 42.928
vt 11.3912 44.3296
vt 31.3912 44.3296
vt 11.7272 45.6568
vt 31.7272 45.6568
vt 11.9312 46.8872
vt 31.9312 46.8872
vt 12 48
vt 32 48
vt 11.9312 48.9752
vt 31.9312 48.9752
vt 11.7272 49.7976
vt 31.7272 49.7976
vt 11.3912 50.4528
vt 31.3912 50.4528
vt 10.928 50.928
vt 30.928 50.928
vt 10.3472 51.2176
vt 30.3472 51.2176
vt 9.656799 51.3136
vt 69.6568 51.3136
vt 50.3472 51.2176
vt 70.3472 51.2176
vt 50.928 50.928
vt 70.928 50.928
vt 51.3912 50.4528
vt 71.3912 50.4528
vt 51.7272 49.7976
vt 71.7272 49.7976
vt 51.9312 48.9752
vt 71.9312 48.9752
vt 24 70
vt 23.217 69.94839
vt 22.956 71.9312
vt 24 72
vt 22.4472 69.79539
vt 21.9296 71.7272
vt 21.7038 69.5434
vt 20.9384 71.3912
vt 21 69.196
vt 20 70.928
vt 20.3472 68.7604
vt 19.1296 70.3472
vt 19.7574 68.2426
vt 18.3432 69.6568
vt 19.2396 67.6528
vt 17.6528 68.8704
vt 18.804 67
vt 17.072 68
vt 18.4566 66.2962
vt 16.6088 67.0616
vt 18.2046 65.5528
vt 16.2728 66.0704
vt 18.0516 64.783
vt 16.0688 65.044
vt 18 64
vt 16 64
vt 18.0516 63.217
vt 16.0688 62.956
vt 18.2046 62.4472
vt 16.2728 61.9296
vt 18.4566 61.7038
vt 16.6088 60.9384
vt 18.804 61
vt 17.072 60
vt 19.2396 60.3472
vt 17.6528 59.1296
vt 19.7574 59.7574
vt 18.3432 58.3432
vt 20.3472 59.2396
vt 19.1296 57.6528
vt 21 58.804
vt 20 57.072
vt 21.7038 58.4566
vt 20.9384 56.6088
vt 22.4472 58.2046
vt 21.9296 56.2728
vt 23.217 58.0516
vt 22.956 56.0688
vt 24 58
vt 24 56
vt 24.783 58.0516
vt 25.044 56.0688
vt 25.5528 58.2046
vt 26.0704 56.2728
vt 26.2962 58.4566
vt 27.0616 56.6088
vt 27 58.804
vt 28 57.072
vt 27.6528 59.2396
vt 28.8704 57.6528
vt 28.2426 59.7574
vt 29.6568 58.3432
vt 28.7604 60.3472
vt 30.3472 59.1296
vt 29.196 61
vt 30.928 60
vt 29.5434 61.7038
vt 31.3912 60.9384
vt 29.7954 62.4472
vt 31.7272 61.9296
vt 29.9484 63.217
vt 31.9312 62.956
vt 30 64
vt 32 64
vt 29.9484 64.783
vt 31.9312 65.044
vt 29.7954 65.5528
vt 31.7272 66.0704
vt 29.5434 66.2962
vt 31.3912 67.0616
vt 29.196 67
vt 30.928 68
vt 28.7604 67.6528
vt 30.3472 68.8704
vt 28.2426 68.2426
vt 29.6568 69.6568
vt 27.6528 68.7604
vt 28.8704 70.3472
vt 27 69.196
vt 28 70.928
vt 26.2962 69.5434
vt 27.0616 71.3912
vt 25.5528 69.79539
vt 26.0704 71.7272
vt 24.783 69.94839
vt 25.044 71.9312
vt 3.217 25.1654
vt 30 26
vt 24 26
vt 23.217 25.1654
vt 2.4472 24.2426
vt 22.4472 24.2426
vt 1.7038 23.2472
vt 21.7038 23.2472
vt 1 22.196
vt 21 22.196
vt 0.3471999 21.1076
vt 20.3472 21.1076
vt -0.2426 20
vt 19.7574 20
vt -0.7603998 18.8924
vt 19.2396 18.8924
vt -1.196 17.804
vt 18.804 17.804
vt -1.5434 16.7528
vt 18.4566 16.7528
vt -1.7954 15.7574
vt 18.2046 15.7574
vt -1.9484 14.8346
vt 18.0516 14.8346
vt -2 14
vt 18 14
vt -1.9484 13.2686
vt 18.0516 13.2686
vt -1.7954 12.6518
vt 18.2046 12.6518
vt -1.5434 12.1604
vt 18.4566 12.1604
vt -1.196 11.804
vt 18.804 11.804
vt -0.7603998 11.5868
vt 19.2396 11.5868
vt -0.2426 11.5148
vt 39.7574 11.5148
vt 19.2396 11.5868
vt 39.2396 11.5868
vt 18.804 11.804
vt 38.804 11.804
vt 18.4566 12.1604
vt 38.4566 12.1604
vt 18.2046 12.6518
vt 38.2046 12.6518
vt 18.0516 13.2686
vt 38.0516 13.2686
vt 18 14
vt 38 14
vt 18.0516 14.8346
vt 38.0516 14.8346
vt 18.2046 15.7574
vt 38.2046 15.7574
vt 18.4566 16.7528
vt 38.4566 16.7528
vt 18.804 17.804
vt 38.804 17.804
vt 19.2396 18.8924
vt 39.2396 18.8924
vt 19.7574 20
vt 39.7574 20
vt 20.3472 21.1076
vt 40.3472 21.1076
vt 21 22.196
vt 41 22.196
vt 21.7038 23.2472
vt 41.7038 23.2472
vt 22.4472 24.2426
vt 42.4472 24.2426
vt 23.217 25.1654
vt 43.217 25.1654
vt 24 26
vt 30 26
vt 9.9484 26.7314
vt 29.9484 26.7314
vt 9.795401 27.3482
vt 29.7954 27.3482
vt 9.5434 27.8396
vt 29.5434 27.8396
vt 9.196 28.196
vt 29.196 28.196
vt 8.7604 28.4132
vt 28.7604 28.4132
vt 8.242599 28.4852
vt 48.2426 28.4852
vt 28.7604 28.4132
vt 48.7604 28.4132
vt 29.196 28.196
vt 49.196 28.196
vt 29.5434 27.8396
vt 49.5434 27.8396
vt 29.7954 27.3482
vt 49.7954 27.3482
vt 29.9484 26.7314
vt 49.9484 26.7314
vt 31.9312 26.8872
vt 32 28
vt 52 28
vt 51.9312 26.8872
vt 31.7272 25.6568
vt 51.7272 25.6568
vt 31.3912 24.3296
vt 51.3912 24.3296
vt 30.928 22.928
vt 50.928 22.928
vt 30.3472 21.4768
vt 50.3472 21.4768
vt 29.6568 20
vt 49.6568 20
vt 28.8704 18.5232
vt 48.8704 18.5232
vt 28 17.072
vt 48 17.072
vt 27.0616 15.6704
vt 47.0616 15.6704
vt 26.0704 14.3432
vt 46.0704 14.3432
vt 25.044 13.1128
vt 45.044 13.1128
vt 24 12
vt 16 12
vt -3.9312 11.0248
vt 16.0688 11.0248
vt -3.7272 10.2024
vt 16.2728 10.2024
vt -3.3912 9.5472
vt 16.6088 9.5472
vt -2.928 9.072001
vt 17.072 9.072001
vt -2.3472 8.7824
vt 17.6528 8.7824
vt -1.6568 8.686401
vt 38.3432 8.686401
vt 17.6528 8.7824
vt 37.6528 8.7824
vt 17.072 9.072001
vt 37.072 9.072001
vt 16.6088 9.5472
vt 36.6088 9.5472
vt 16.2728 10.2024
vt 36.2728 10.2024
vt 16.0688 11.0248
vt 36.0688 11.0248
vt 16 12
vt 24 12
vt 5.044 13.1128
vt 25.044 13.1128
vt 6.0704 14.3432
vt 26.0704 14.3432
vt 7.0616 15.6704
vt 27.0616 15.6704
vt 8 17.072
vt 28 17.072
vt 8.870399 18.5232
vt 28.8704 18.5232
vt 9.656799 20
vt 29.6568 20
vt 10.3472 21.4768
vt 30.3472 21.4768
vt 10.928 22.928
vt 30.928 22.928
vt 11.3912 24.3296
vt 31.3912 24.3296
vt 11.7272 25.6568
vt 31.7272 25.6568
vt 11.9312 26.8872
vt 31.9312 26.8872
vt 12 28
vt 32 28
vt 11.9312 28.9752
vt 31.9312 28.9752
vt 11.7272 29.7976
vt 31.7272 29.7976
vt 11.3912 30.4528
vt 31.3912 30.4528
vt 10.928 30.928
vt 30.928 30.928
vt 10.3472 31.2176
vt 30.3472 31.2176
vt 9.656799 31.3136
vt 49.6568 31.3136
vt 30.3472 31.2176
vt 50.3472 31.2176
vt 30.928 30.928
vt 50.928 30.928
vt 31.3912 30.4528
vt 51.3912 30.4528
vt 31.7272 29.7976
vt 51.7272 29.7976
vt 31.9312 28.9752
vt 51.9312 28.9752
vt 24 50
vt 23.217 49.9484
vt 22.956 51.9312
vt 24 52
vt 22.4472 49.7954
vt 21.9296 51.7272
vt 21.7038 49.5434
vt 20.9384 51.3912
vt 21 49.196
vt 20 50.928
vt 20.3472 48.7604
vt 19.1296 50.3472
vt 19.7574 48.2426
vt 18.3432 49.6568
vt 19.2396 47.6528
vt 17.6528 48.8704
vt 18.804 47
vt 17.072 48
vt 18.4566 46.2962
vt 16.6088 47.0616
vt 18.2046 45.5528
vt 16.2728 46.0704
vt 18.0516 44.783
vt 16.0688 45.044
vt 18 44
vt 16 44
vt 18.0516 43.217
vt 16.0688 42.956
vt 18.2046 42.4472
vt 16.2728 41.9296
vt 18.4566 41.7038
vt 16.6088 40.9384
vt 18.804 41
vt 17.072 40
vt 19.2396 40.3472
vt 17.6528 39.1296
vt 19.7574 39.7574
vt 18.3432 38.3432
vt 20.3472 39.2396
vt 19.1296 37.6528
vt 21 38.804
vt 20 37.072
vt 21.7038 38.4566
vt 20.9384 36.6088
vt 22.4472 38.2046
vt 21.9296 36.2728
vt 23.217 38.0516
vt 22.956 36.0688
vt 24 38
vt 24 36
vt 24.783 38.0516
vt 25.044 36.0688
vt 25.5528 38.2046
vt 26.0704 36.2728
vt 26.2962 38.4566
vt 27.0616 36.6088
vt 27 38.804
vt 28 37.072
vt 27.6528 39.2396
vt 28.8704 37.6528
vt 28.2426 39.7574
vt 29.6568 38.3432
vt 28.7604 40.3472
vt 30.3472 39.1296
vt 29.196 41
vt 30.928 40
vt 29.5434 41.7038
vt 31.3912 40.9384
vt 29.7954 42.4472
vt 31.7272 41.9296
vt 29.9484 43.217
vt 31.9312 42.956
vt 30 44
vt 32 44
vt 29.9484 44.783
vt 31.9312 45.044
vt 29.7954 45.5528
vt 31.7272 46.0704
vt 29.5434 46.2962
vt 31.3912 47.0616
vt 29.196 47
vt 30.928 48
vt 28.7604 47.6528
vt 30.3472 48.8704
vt 28.2426 48.2426
vt 29.6568 49.6568
vt 27.6528 48.7604
vt 28.8704 50.3472
vt 27 49.196
vt 28 50.928
vt 26.2962 49.5434
vt 27.0616 51.3912
vt 25.5528 49.7954
vt 26.0704 51.7272
vt 24.783 49.9484
vt 25.044 51.9312
vt 3.217 5.1654
vt 10 6
vt 24 6
vt 23.217 5.1654
vt 2.4472 4.2426
vt 22.4472 4.2426
vt 1.7038 3.2472
vt 21.7038 3.2472
vt 1 2.196
vt 21 2.196
vt 0.3471999 1.1076
vt 20.3472 1.1076
vt -0.2426 0
vt 19.7574 0
vt -0.7603998 -1.1076
vt 19.2396 -1.1076
vt -1.196 -2.196
vt 18.804 -2.196
vt -1.5434 -3.2472
vt 18.4566 -3.2472
vt -1.7954 -4.2426
vt 18.2046 -4.2426
vt -1.9484 -5.1654
vt 18.0516 -5.1654
vt -2 -6
vt 18 -6
vt -1.9484 -6.7314
vt 18.0516 -6.7314
vt -1.7954 -7.3482
vt 18.2046 -7.3482
vt -1.5434 -7.8396
vt 18.4566 -7.8396
vt -1.196 -8.196
vt 18.804 -8.196
vt -0.7603998 -8.4132
vt 19.2396 -8.4132
vt -0.2426 -8.4852
vt 19.7574 -8.4852
vt -0.7603998 -8.4132
vt 19.2396 -8.4132
vt -1.196 -8.196
vt 18.804 -8.196
vt -1.5434 -7.8396
vt 18.4566 -7.8396
vt -1.7954 -7.3482
vt 18.2046 -7.3482
vt -1.9484 -6.7314
vt 18.0516 -6.7314
vt -2 -6
vt 18 -6
vt -1.9484 -5.1654
vt 18.0516 -5.1654
vt -1.7954 -4.2426
vt 18.2046 -4.2426
vt -1.5434 -3.2472
vt 18.4566 -3.2472
vt -1.196 -2.196
vt 18.804 -2.196
vt -0.7603998 -1.1076
vt 19.2396 -1.1076
vt -0.2426 0
vt 19.7574 0
vt 0.3471999 1.1076
vt 20.3472 1.1076
vt 1 2.196
vt 21 2.196
vt 1.7038 3.2472
vt 21.7038 3.2472
vt 2.4472 4.2426
vt 22.4472 4.2426
vt 3.217 5.1654
vt 23.217 5.1654
vt 4 6
vt 30 6
vt 9.9484 6.7314
vt 29.9484 6.7314
vt 9.795401 7.3482
vt 29.7954 7.3482
vt 9.5434 7.8396
vt 29.5434 7.8396
vt 9.196 8.196
vt 29.196 8.196
vt 8.7604 8.4132
vt 28.7604 8.4132
vt 8.242599 8.4852
vt 28.2426 8.4852
vt 8.7604 8.4132
vt 28.7604 8.4132
vt 9.196 8.196
vt 29.196 8.196
vt 9.5434 7.8396
vt 29.5434 7.8396
vt 9.795401 7.3482
vt 29.7954 7.3482
vt 9.9484 6.7314
vt 29.9484 6.7314
vt 11.9312 6.8872
vt 12 8
vt 32 8
vt 31.9312 6.8872
vt 11.7272 5.6568
vt 31.7272 5.6568
vt 11.3912 4.3296
vt 31.3912 4.3296
vt 10.928 2.928
vt 30.928 2.928
vt 10.3472 1.4768
vt 30.3472 1.4768
vt 9.656799 0
vt 29.6568 0
vt 8.870399 -1.4768
vt 28.8704 -1.4768
vt 8 -2.928
vt 28 -2.928
vt 7.0616 -4.3296
vt 27.0616 -4.3296
vt 6.0704 -5.6568
vt 26.0704 -5.6568
vt 5.044 -6.8872
vt 25.044 -6.8872
vt 4 -8
vt 16 -8
vt -3.9312 -8.9752
vt 16.0688 -8.9752
vt -3.7272 -9.7976
vt 16.2728 -9.7976
vt -3.3912 -10.4528
vt 16.6088 -10.4528
vt -2.928 -10.928
vt 17.072 -10.928
vt -2.3472 -11.2176
vt 17.6528 -11.2176
vt -1.6568 -11.3136
vt 18.3432 -11.3136
vt -2.3472 -11.2176
vt 17.6528 -11.2176
vt -2.928 -10.928
vt 17.072 -10.928
vt -3.3912 -10.4528
vt 16.6088 -10.4528
vt -3.7272 -9.7976
vt 16.2728 -9.7976
vt -3.9312 -8.9752
vt 16.0688 -8.9752
vt -4 -8
vt 24 -8
vt 5.044 -6.8872
vt 25.044 -6.8872
vt 6.0704 -5.6568
vt 26.0704 -5.6568
vt 7.0616 -4.3296
vt 27.0616 -4.3296
vt 8 -2.928
vt 28 -2.928
vt 8.870399 -1.4768
vt 28.8704 -1.4768
vt 9.656799 0
vt 29.6568 0
vt 10.3472 1.4768
vt 30.3472 1.4768
vt 10.928 2.928
vt 30.928 2.928
vt 11.3912 4.3296
vt 31.3912 4.3296
vt 11.7272 5.6568
vt 31.7272 5.6568
vt 11.9312 6.8872
vt 31.9312 6.8872
vt 12 8
vt 32 8
vt 11.9312 8.9752
vt 31.9312 8.9752
vt 11.7272 9.7976
vt 31.7272 9.7976
vt 11.3912 10.4528
vt 31.3912 10.4528
vt 10.928 10.928
vt 30.928 10.928
vt 10.3472 11.2176
vt 30.3472 11.2176
vt 9.656799 11.3136
vt 29.6568 11.3136
vt 10.3472 11.2176
vt 30.3472 11.2176
vt 10.928 10.928
vt 30.928 10.928
vt 11.3912 10.4528
vt 31.3912 10.4528
vt 11.7272 9.7976
vt 31.7272 9.7976
vt 11.9312 8.9752
vt 31.9312 8.9752
vt 24 30
vt 23.217 29.9484
vt 22.956 31.9312
vt 24 32
vt 22.4472 29.7954
vt 21.9296 31.7272
vt 21.7038 29.5434
vt 20.9384 31.3912
vt 21 29.196
vt 20 30.928
vt 20.3472 28.7604
vt 19.1296 30.3472
vt 19.7574 28.2426
vt 18.3432 29.6568
vt 19.2396 27.6528
vt 17.6528 28.8704
vt 18.804 27
vt 17.072 28
vt 18.4566 26.2962
vt 16.6088 27.0616
vt 18.2046 25.5528
vt 16.2728 26.0704
vt 18.0516 24.783
vt 16.0688 25.044
vt 18 24
vt 16 24
vt 18.0516 23.217
vt 16.0688 22.956
vt 18.2046 22.4472
vt 16.2728 21.9296
vt 18.4566 21.7038
vt 16.6088 20.9384
vt 18.804 21
vt 17.072 20
vt 19.2396 20.3472
vt 17.6528 19.1296
vt 19.7574 19.7574
vt 18.3432 18.3432
vt 20.3472 19.2396
vt 19.1296 17.6528
vt 21 18.804
vt 20 17.072
vt 21.7038 18.4566
vt 20.9384 16.6088
vt 22.4472 18.2046
vt 21.9296 16.2728
vt 23.217 18.0516
vt 22.956 16.0688
vt 24 18
vt 24 16
vt 24.783 18.0516
vt 25.044 16.0688
vt 25.5528 18.2046
vt 26.0704 16.2728
vt 26.2962 18.4566
vt 27.0616 16.6088
vt 27 18.804
vt 28 17.072
vt 27.6528 19.2396
vt 28.8704 17.6528
vt 28.2426 19.7574
vt 29.6568 18.3432
vt 28.7604 20.3472
vt 30.3472 19.1296
vt 29.196 21
vt 30.928 20
vt 29.5434 21.7038
vt 31.3912 20.9384
vt 29.7954 22.4472
vt 31.7272 21.9296
vt 29.9484 23.217
vt 31.9312 22.956
vt 30 24
vt 32 24
vt 29.9484 24.783
vt 31.9312 25.044
vt 29.7954 25.5528
vt 31.7272 26.0704
vt 29.5434 26.2962
vt 31.3912 27.0616
vt 29.196 27
vt 30.928 28
vt 28.7604 27.6528
vt 30.3472 28.8704
vt 28.2426 28.2426
vt 29.6568 29.6568
vt 27.6528 28.7604
vt 28.8704 30.3472
vt 27 29.196
vt 28 30.928
vt 26.2962 29.5434
vt 27.0616 31.3912
vt 25.5528 29.7954
vt 26.0704 31.7272
vt 24.783 29.9484
vt 25.044 31.9312
vt 3.217 -14.8346
vt -10 -14
vt 24 -14
vt 23.217 -14.8346
vt 2.4472 -15.7574
vt 22.4472 -15.7574
vt 1.7038 -16.7528
vt 21.7038 -16.7528
vt 1 -17.804
vt 21 -17.804
vt 0.3471999 -18.8924
vt 20.3472 -18.8924
vt -0.2426 -20
vt 19.7574 -20
vt -0.7603998 -21.1076
vt 19.2396 -21.1076
vt -1.196 -22.196
vt 18.804 -22.196
vt -1.5434 -23.2472
vt 18.4566 -23.2472
vt -1.7954 -24.2426
vt 18.2046 -24.2426
vt -1.9484 -25.1654
vt 18.0516 -25.1654
vt -2 -26
vt 18 -26
vt -1.9484 -26.7314
vt 18.0516 -26.7314
vt -1.7954 -27.3482
vt 18.2046 -27.3482
vt -1.5434 -27.8396
vt 18.4566 -27.8396
vt -1.196 -28.196
vt 18.804 -28.196
vt -0.7603998 -28.4132
vt 19.2396 -28.4132
vt -0.2426 -28.4852
vt -0.2425995 -28.4852
vt -20.7604 -28.4132
vt -0.7603989 -28.4132
vt -21.196 -28.196
vt -1.195999 -28.196
vt -21.5434 -27.8396
vt -1.5434 -27.8396
vt -21.7954 -27.3482
vt -1.795401 -27.3482
vt -21.9484 -26.7314
vt -1.9484 -26.7314
vt -22 -26
vt -2 -26
vt -21.9484 -25.1654
vt -1.9484 -25.1654
vt -21.7954 -24.2426
vt -1.795401 -24.2426
vt -21.5434 -23.2472
vt -1.5434 -23.2472
vt -21.196 -22.196
vt -1.195999 -22.196
vt -20.7604 -21.1076
vt -0.7603989 -21.1076
vt -20.2426 -20
vt -0.2425995 -20
vt -19.6528 -18.8924
vt 0.3472004 -18.8924
vt -19 -17.804
vt 1 -17.804
vt -18.2962 -16.7528
vt 1.7038 -16.7528
vt -17.5528 -15.7574
vt 2.447201 -15.7574
vt -16.783 -14.8346
vt 3.216999 -14.8346
vt -16 -14
vt 30 -14
vt 9.9484 -13.2686
vt 29.9484 -13.2686
vt 9.795401 -12.6518
vt 29.7954 -12.6518
vt 9.5434 -12.1604
vt 29.5434 -12.1604
vt 9.196 -11.804
vt 29.196 -11.804
vt 8.7604 -11.5868
vt 28.7604 -11.5868
vt 8.242599 -11.5148
vt 8.242599 -11.5148
vt -11.2396 -11.5868
vt 8.7604 -11.5868
vt -10.804 -11.804
vt 9.196 -11.804
vt -10.4566 -12.1604
vt 9.5434 -12.1604
vt -10.2046 -12.6518
vt 9.795401 -12.6518
vt -10.0516 -13.2686
vt 9.9484 -13.2686
vt -8.0688 -13.1128
vt -8 -12
vt 12 -12
vt 11.9312 -13.1128
vt -8.2728 -14.3432
vt 11.7272 -14.3432
vt -8.6088 -15.6704
vt 11.3912 -15.6704
vt -9.072001 -17.072
vt 10.928 -17.072
vt -9.6528 -18.5232
vt 10.3472 -18.5232
vt -10.3432 -20
vt 9.656799 -20
vt -11.1296 -21.4768
vt 8.870399 -21.4768
vt -12 -22.928
vt 8 -22.928
vt -12.9384 -24.3296
vt 7.0616 -24.3296
vt -13.9296 -25.6568
vt 6.0704 -25.6568
vt -14.956 -26.8872
vt 5.044001 -26.8872
vt -16 -28
vt 16 -28
vt -3.9312 -28.9752
vt 16.0688 -28.9752
vt -3.7272 -29.7976
vt 16.2728 -29.7976
vt -3.3912 -30.4528
vt 16.6088 -30.4528
vt -2.928 -30.928
vt 17.072 -30.928
vt -2.3472 -31.2176
vt 17.6528 -31.2176
vt -1.6568 -31.3136
vt -1.656799 -31.3136
vt -22.3472 -31.2176
vt -2.3472 -31.2176
vt -22.928 -30.928
vt -2.927999 -30.928
vt -23.3912 -30.4528
vt -3.391201 -30.4528
vt -23.7272 -29.7976
vt -3.7272 -29.7976
vt -23.9312 -28.9752
vt -3.9312 -28.9752
vt -24 -28
vt 24 -28
vt 5.044 -26.8872
vt 25.044 -26.8872
vt 6.0704 -25.6568
vt 26.0704 -25.6568
vt 7.0616 -24.3296
vt 27.0616 -24.3296
vt 8 -22.928
vt 28 -22.928
vt 8.870399 -21.4768
vt 28.8704 -21.4768
vt 9.656799 -20
vt 29.6568 -20
vt 10.3472 -18.5232
vt 30.3472 -18.5232
vt 10.928 -17.072
vt 30.928 -17.072
vt 11.3912 -15.6704
vt 31.3912 -15.6704
vt 11.7272 -14.3432
vt 31.7272 -14.3432
vt 11.9312 -13.1128
vt 31.9312 -13.1128
vt 12 -12
vt 32 -12
vt 11.9312 -11.0248
vt 31.9312 -11.0248
vt 11.7272 -10.2024
vt 31.7272 -10.2024
vt 11.3912 -9.5472
vt 31.3912 -9.5472
vt 10.928 -9.072001
vt 30.928 -9.072001
vt 10.3472 -8.7824
vt 30.3472 -8.7824
vt 9.656799 -8.686401
vt 9.656799 -8.686401
vt -9.6528 -8.7824
vt 10.3472 -8.7824
vt -9.072001 -9.072001
vt 10.928 -9.072001
vt -8.6088 -9.5472
vt 11.3912 -9.5472
vt -8.2728 -10.2024
vt 11.7272 -10.2024
vt -8.0688 -11.0248
vt 11.9312 -11.0248
vt 24 10
vt 23.217 9.9484
vt 22.956 11.9312
vt 24 12
vt 22.4472 9.795401
vt 21.9296 11.7272
vt 21.7038 9.5434
vt 20.9384 11.3912
vt 21 9.196
vt 20 10.928
vt 20.3472 8.7604
vt 19.1296 10.3472
vt 19.7574 8.242599
vt 18.3432 9.656799
vt 19.2396 7.6528
vt 17.6528 8.870399
vt 18.804 7
vt 17.072 8
vt 18.4566 6.2962
vt 16.6088 7.0616
vt 18.2046 5.552799
vt 16.2728 6.0704
vt 18.0516 4.783001
vt 16.0688 5.044001
vt 18 4
vt 16 4
vt 18.0516 3.216999
vt 16.0688 2.955999
vt 18.2046 2.447201
vt 16.2728 1.9296
vt 18.4566 1.7038
vt 16.6088 0.9384003
vt 18.804 1
vt 17.072 0
vt 19.2396 0.3472004
vt 17.6528 -0.8703995
vt 19.7574 -0.2425995
vt 18.3432 -1.656799
vt 20.3472 -0.7603989
vt 19.1296 -2.3472
vt 21 -1.195999
vt 20 -2.927999
vt 21.7038 -1.5434
vt 20.9384 -3.391201
vt 22.4472 -1.795401
vt 21.9296 -3.7272
vt 23.217 -1.9484
vt 22.956 -3.9312
vt 24 -2
vt 24 -4
vt 24.783 -1.9484
vt 25.044 -3.9312
vt 25.5528 -1.795401
vt 26.0704 -3.7272
vt 26.2962 -1.5434
vt 27.0616 -3.391201
vt 27 -1.195999
vt 28 -2.927999
vt 27.6528 -0.7603989
vt 28.8704 -2.3472
vt 28.2426 -0.2425995
vt 29.6568 -1.656799
vt 28.7604 0.3472004
vt 30.3472 -0.8703995
vt 29.196 1
vt 30.928 0
vt 29.5434 1.7038
vt 31.3912 0.9384003
vt 29.7954 2.447201
vt 31.7272 1.9296
vt 29.9484 3.216999
vt 31.9312 2.955999
vt 30 4
vt 32 4
vt 29.9484 4.783001
vt 31.9312 5.044001
vt 29.7954 5.552799
vt 31.7272 6.0704
vt 29.5434 6.2962
vt 31.3912 7.0616
vt 29.196 7
vt 30.928 8
vt 28.7604 7.6528
vt 30.3472 8.870399
vt 28.2426 8.242599
vt 29.6568 9.656799
vt 27.6528 8.7604
vt 28.8704 10.3472
vt 27 9.196
vt 28 10.928
vt 26.2962 9.5434
vt 27.0616 11.3912
vt 25.5528 9.795401
vt 26.0704 11.7272
vt 24.783 9.9484
vt 25.044 11.9312
vt 3.217 -34.8346
vt -30 -34
vt 24 -34
vt 23.217 -34.8346
vt 2.4472 -35.7574
vt 22.4472 -35.7574
vt 1.7038 -36.7528
vt 21.7038 -36.7528
vt 1 -37.804
vt 21 -37.804
vt 0.3471999 -38.8924
vt 20.3472 -38.8924
vt -0.2426 -40
vt 19.7574 -40
vt -0.7603998 -41.1076
vt 19.2396 -41.1076
vt -1.196 -42.196
vt 18.804 -42.196
vt -1.5434 -43.2472
vt 18.4566 -43.2472
vt -1.7954 -44.2426
vt 18.2046 -44.2426
vt -1.9484 -45.1654
vt 18.0516 -45.1654
vt -2 -46
vt 18 -46
vt -1.9484 -46.7314
vt 18.0516 -46.7314
vt -1.7954 -47.3482
vt 18.2046 -47.3482
vt -1.5434 -47.8396
vt 18.4566 -47.8396
vt -1.196 -48.196
vt 18.804 -48.196
vt -0.7603998 -48.4132
vt 19.2396 -48.4132
vt -0.2426 -48.4852
vt -20.2426 -48.4852
vt -40.7604 -48.4132
vt -20.7604 -48.4132
vt -41.196 -48.196
vt -21.196 -48.196
vt -41.5434 -47.8396
vt -21.5434 -47.8396
vt -41.7954 -47.3482
vt -21.7954 -47.3482
vt -41.9484 -46.7314
vt -21.9484 -46.7314
vt -42 -46
vt -22 -46
vt -41.9484 -45.1654
vt -21.9484 -45.1654
vt -41.7954 -44.2426
vt -21.7954 -44.2426
vt -41.5434 -43.2472
vt -21.5434 -43.2472
vt -41.196 -42.196
vt -21.196 -42.196
vt -40.7604 -41.1076
vt -20.7604 -41.1076
vt -40.2426 -40
vt -20.2426 -40
vt -39.6528 -38.8924
vt -19.6528 -38.8924
vt -39 -37.804
vt -19 -37.804
vt -38.2962 -36.7528
vt -18.2962 -36.7528
vt -37.5528 -35.7574
vt -17.5528 -35.7574
vt -36.783 -34.8346
vt -16.783 -34.8346
vt -36 -34
vt 30 -34
vt 9.9484 -33.2686
vt 29.9484 -33.2686
vt 9.795401 -32.6518
vt 29.7954 -32.6518
vt 9.5434 -32.1604
vt 29.5434 -32.1604
vt 9.196 -31.804
vt 29.196 -31.804
vt 8.7604 -31.5868
vt 28.7604 -31.5868
vt 8.242599 -31.5148
vt -11.7574 -31.5148
vt -31.2396 -31.5868
vt -11.2396 -31.5868
vt -30.804 -31.804
vt -10.804 -31.804
vt -30.4566 -32.1604
vt -10.4566 -32.1604
vt -30.2046 -32.6518
vt -10.2046 -32.6518
vt -30.0516 -33.2686
vt -10.0516 -33.2686
vt -28.0688 -33.1128
vt -28 -32
vt -8 -32
vt -8.068802 -33.1128
vt -28.2728 -34.3432
vt -8.2728 -34.3432
vt -28.6088 -35.6704
vt -8.608799 -35.6704
vt -29.072 -37.072
vt -9.071999 -37.072
vt -29.6528 -38.5232
vt -9.652802 -38.5232
vt -30.3432 -40
vt -10.3432 -40
vt -31.1296 -41.4768
vt -11.1296 -41.4768
vt -32 -42.928
vt -12 -42.928
vt -32.9384 -44.3296
vt -12.9384 -44.3296
vt -33.9296 -45.6568
vt -13.9296 -45.6568
vt -34.956 -46.8872
vt -14.956 -46.8872
vt -36 -48
vt 16 -48
vt -3.9312 -48.9752
vt 16.0688 -48.9752
vt -3.7272 -49.7976
vt 16.2728 -49.7976
vt -3.3912 -50.4528
vt 16.6088 -50.4528
vt -2.928 -50.928
vt 17.072 -50.928
vt -2.3472 -51.2176
vt 17.6528 -51.2176
vt -1.6568 -51.3136
vt -21.6568 -51.3136
vt -42.3472 -51.2176
vt -22.3472 -51.2176
vt -42.928 -50.928
vt -22.928 -50.928
vt -43.3912 -50.4528
vt -23.3912 -50.4528
vt -43.7272 -49.7976
vt -23.7272 -49.7976
vt -43.9312 -48.9752
vt -23.9312 -48.9752
vt -44 -48
vt 24 -48
vt 5.044 -46.8872
vt 25.044 -46.8872
vt 6.0704 -45.6568
vt 26.0704 -45.6568
vt 7.0616 -44.3296
vt 27.0616 -44.3296
vt 8 -42.928
vt 28 -42.928
vt 8.870399 -41.4768
vt 28.8704 -41.4768
vt 9.656799 -40
vt 29.6568 -40
vt 10.3472 -38.5232
vt 30.3472 -38.5232
vt 10.928 -37.072
vt 30.928 -37.072
vt 11.3912 -35.6704
vt 31.3912 -35.6704
vt 11.7272 -34.3432
vt 31.7272 -34.3432
vt 11.9312 -33.1128
vt 31.9312 -33.1128
vt 12 -32
vt 32 -32
vt 11.9312 -31.0248
vt 31.9312 -31.0248
vt 11.7272 -30.2024
vt 31.7272 -30.2024
vt 11.3912 -29.5472
vt 31.3912 -29.5472
vt 10.928 -29.072
vt 30.928 -29.072
vt 10.3472 -28.7824
vt 30.3472 -28.7824
vt 9.656799 -28.6864
vt -10.3432 -28.6864
vt -29.6528 -28.7824
vt -9.652802 -28.7824
vt -29.072 -29.072
vt -9.071999 -29.072
vt -28.6088 -29.5472
vt -8.608799 -29.5472
vt -28.2728 -30.2024
vt -8.2728 -30.2024
vt -28.0688 -31.0248
vt -8.068802 -31.0248
vt 24 -10
vt 23.217 -10.0516
vt 22.956 -8.068802
vt 24 -8
vt 22.4472 -10.2046
vt 21.9296 -8.2728
vt 21.7038 -10.4566
vt 20.9384 -8.608799
vt 21 -10.804
vt 20 -9.071999
vt 20.3472 -11.2396
vt 19.1296 -9.652802
vt 19.7574 -11.7574
vt 18.3432 -10.3432
vt 19.2396 -12.3472
vt 17.6528 -11.1296
vt 18.804 -13
vt 17.072 -12
vt 18.4566 -13.7038
vt 16.6088 -12.9384
vt 18.2046 -14.4472
vt 16.2728 -13.9296
vt 18.0516 -15.217
vt 16.0688 -14.956
vt 18 -16
vt 16 -16
vt 18.0516 -16.783
vt 16.0688 -17.044
vt 18.2046 -17.5528
vt 16.2728 -18.0704
vt 18.4566 -18.2962
vt 16.6088 -19.0616
vt 18.804 -19
vt 17.072 -20
vt 19.2396 -19.6528
vt 17.6528 -20.8704
vt 19.7574 -20.2426
vt 18.3432 -21.6568
vt 20.3472 -20.7604
vt 19.1296 -22.3472
vt 21 -21.196
vt 20 -22.928
vt 21.7038 -21.5434
vt 20.9384 -23.3912
vt 22.4472 -21.7954
vt 21.9296 -23.7272
vt 23.217 -21.9484
vt 22.956 -23.9312
vt 24 -22
vt 24 -24
vt 24.783 -21.9484
vt 25.044 -23.9312
vt 25.5528 -21.7954
vt 26.0704 -23.7272
vt 26.2962 -21.5434
vt 27.0616 -23.3912
vt 27 -21.196
vt 28 -22.928
vt 27.6528 -20.7604
vt 28.8704 -22.3472
vt 28.2426 -20.2426
vt 29.6568 -21.6568
vt 28.7604 -19.6528
vt 30.3472 -20.8704
vt 29.196 -19
vt 30.928 -20
vt 29.5434 -18.2962
vt 31.3912 -19.0616
vt 29.7954 -17.5528
vt 31.7272 -18.0704
vt 29.9484 -16.783
vt 31.9312 -17.044
vt 30 -16
vt 32 -16
vt 29.9484 -15.217
vt 31.9312 -14.956
vt 29.7954 -14.4472
vt 31.7272 -13.9296
vt 29.5434 -13.7038
vt 31.3912 -12.9384
vt 29.196 -13
vt 30.928 -12
vt 28.7604 -12.3472
vt 30.3472 -11.1296
vt 28.2426 -11.7574
vt 29.6568 -10.3432
vt 27.6528 -11.2396
vt 28.8704 -9.652802
vt 27 -10.804
vt 28 -9.071999
vt 26.2962 -10.4566
vt 27.0616 -8.608799
vt 25.5528 -10.2046
vt 26.0704 -8.2728
vt 24.783 -10.0516
vt 25.044 -8.068802
vt 3.217 -54.8346
vt -50 -54
vt 24 -54
vt 23.217 -54.8346
vt 2.4472 -55.7574
vt 22.4472 -55.7574
vt 1.7038 -56.7528
vt 21.7038 -56.7528
vt 1 -57.804
vt 21 -57.804
vt 0.3471999 -58.8924
vt 20.3472 -58.8924
vt -0.2426 -60
vt 19.7574 -60
vt -0.7603998 -61.1076
vt 19.2396 -61.1076
vt -1.196 -62.196
vt 18.804 -62.196
vt -1.5434 -63.2472
vt 18.4566 -63.2472
vt -1.7954 -64.2426
vt 18.2046 -64.2426
vt -1.9484 -65.1654
vt 18.0516 -65.1654
vt -2 -66
vt 18 -66
vt -1.9484 -66.7314
vt 18.0516 -66.7314
vt -1.7954 -67.3482
vt 18.2046 -67.3482
vt -1.5434 -67.8396
vt 18.4566 -67.8396
vt -1.196 -68.196
vt 18.804 -68.196
vt -0.7603998 -68.4132
vt 19.2396 -68.4132
vt -0.2426 -68.4852
vt -40.2426 -68.4852
vt -60.7604 -68.4132
vt -40.7604 -68.4132
vt -61.196 -68.196
vt -41.196 -68.196
vt -61.5434 -67.8396
vt -41.5434 -67.8396
vt -61.7954 -67.34821
vt -41.7954 -67.34821
vt -61.9484 -66.7314
vt -41.9484 -66.7314
vt -62 -66
vt -42 -66
vt -61.9484 -65.16541
vt -41.9484 -65.16541
vt -61.7954 -64.2426
vt -41.7954 -64.2426
vt -61.5434 -63.2472
vt -41.5434 -63.2472
vt -61.196 -62.196
vt -41.196 -62.196
vt -60.7604 -61.1076
vt -40.7604 -61.1076
vt -60.2426 -60
vt -40.2426 -60
vt -59.6528 -58.8924
vt -39.6528 -58.8924
vt -59 -57.804
vt -39 -57.804
vt -58.2962 -56.7528
vt -38.2962 -56.7528
vt -57.5528 -55.7574
vt -37.5528 -55.7574
vt -56.783 -54.8346
vt -36.783 -54.8346
vt -56 -54
vt 30 -54
vt 9.9484 -53.2686
vt 29.9484 -53.2686
vt 9.795401 -52.6518
vt 29.7954 -52.6518
vt 9.5434 -52.1604
vt 29.5434 -52.1604
vt 9.196 -51.804
vt 29.196 -51.804
vt 8.7604 -51.5868
vt 28.7604 -51.5868
vt 8.242599 -51.5148
vt -31.7574 -51.5148
vt -51.2396 -51.5868
vt -31.2396 -51.5868
vt -50.804 -51.804
vt -30.804 -51.804
vt -50.4566 -52.1604
vt -30.4566 -52.1604
vt -50.2046 -52.6518
vt -30.2046 -52.6518
vt -50.0516 -53.2686
vt -30.0516 -53.2686
vt -48.0688 -53.1128
vt -48 -52
vt -28 -52
vt -28.0688 -53.1128
vt -48.2728 -54.3432
vt -28.2728 -54.3432
vt -48.6088 -55.6704
vt -28.6088 -55.6704
vt -49.072 -57.072
vt -29.072 -57.072
vt -49.6528 -58.5232
vt -29.6528 -58.5232
vt -50.3432 -60
vt -30.3432 -60
vt -51.1296 -61.4768
vt -31.1296 -61.4768
vt -52 -62.928
vt -32 -62.928
vt -52.9384 -64.3296
vt -32.9384 -64.3296
vt -53.9296 -65.6568
vt -33.9296 -65.6568
vt -54.956 -66.8872
vt -34.956 -66.8872
vt -56 -68
vt 16 -68
vt -3.9312 -68.9752
vt 16.0688 -68.9752
vt -3.7272 -69.7976
vt 16.2728 -69.7976
vt -3.3912 -70.4528
vt 16.6088 -70.4528
vt -2.928 -70.928
vt 17.072 -70.928
vt -2.3472 -71.2176
vt 17.6528 -71.2176
vt -1.6568 -71.3136
vt -41.6568 -71.3136
vt -62.3472 -71.2176
vt -42.3472 -71.2176
vt -62.928 -70.928
vt -42.928 -70.928
vt -63.3912 -70.4528
vt -43.3912 -70.4528
vt -63.7272 -69.7976
vt -43.7272 -69.7976
vt -63.9312 -68.9752
vt -43.9312 -68.9752
vt -64 -68
vt 24 -68
vt 5.044 -66.8872
vt 25.044 -66.8872
vt 6.0704 -65.65681
vt 26.0704 -65.65681
vt 7.0616 -64.3296
vt 27.0616 -64.3296
vt 8 -62.928
vt 28 -62.928
vt 8.870399 -61.4768
vt 28.8704 -61.4768
vt 9.656799 -60
vt 29.6568 -60
vt 10.3472 -58.5232
vt 30.3472 -58.5232
vt 10.928 -57.072
vt 30.928 -57.072
vt 11.3912 -55.6704
vt 31.3912 -55.6704
vt 11.7272 -54.3432
vt 31.7272 -54.3432
vt 11.9312 -53.1128
vt 31.9312 -53.1128
vt 12 -52
vt 32 -52
vt 11.9312 -51.0248
vt 31.9312 -51.0248
vt 11.7272 -50.2024
vt 31.7272 -50.2024
vt 11.3912 -49.5472
vt 31.3912 -49.5472
vt 10.928 -49.072
vt 30.928 -49.072
vt 10.3472 -48.7824
vt 30.3472 -48.7824
vt 9.656799 -48.6864
vt -30.3432 -48.6864
vt -49.6528 -48.7824
vt -29.6528 -48.7824
vt -49.072 -49.072
vt -29.072 -49.072
vt -48.6088 -49.5472
vt -28.6088 -49.5472
vt -48.2728 -50.2024
vt -28.2728 -50.2024
vt -48.0688 -51.0248
vt -28.0688 -51.0248
vt 24 -30
vt 23.217 -30.0516
vt 22.956 -28.0688
vt 24 -28
vt 22.4472 -30.2046
vt 21.9296 -28.2728
vt 21.7038 -30.4566
vt 20.9384 -28.6088
vt 21 -30.804
vt 20 -29.072
vt 20.3472 -31.2396
vt 19.1296 -29.6528
vt 19.7574 -31.7574
vt 18.3432 -30.3432
vt 19.2396 -32.3472
vt 17.6528 -31.1296
vt 18.804 -33
vt 17.072 -32
vt 18.4566 -33.7038
vt 16.6088 -32.9384
vt 18.2046 -34.4472
vt 16.2728 -33.9296
vt 18.0516 -35.217
vt 16.0688 -34.956
vt 18 -36
vt 16 -36
vt 18.0516 -36.783
vt 16.0688 -37.044
vt 18.2046 -37.5528
vt 16.2728 -38.0704
vt 18.4566 -38.2962
vt 16.6088 -39.0616
vt 18.804 -39
vt 17.072 -40
vt 19.2396 -39.6528
vt 17.6528 -40.8704
vt 19.7574 -40.2426
vt 18.3432 -41.6568
vt 20.3472 -40.7604
vt 19.1296 -42.3472
vt 21 -41.196
vt 20 -42.928
vt 21.7038 -41.5434
vt 20.9384 -43.3912
vt 22.4472 -41.7954
vt 21.9296 -43.7272
vt 23.217 -41.9484
vt 22.956 -43.9312
vt 24 -42
vt 24 -44
vt 24.783 -41.9484
vt 25.044 -43.9312
vt 25.5528 -41.7954
vt 26.0704 -43.7272
vt 26.2962 -41.5434
vt 27.0616 -43.3912
vt 27 -41.196
vt 28 -42.928
vt 27.6528 -40.7604
vt 28.8704 -42.3472
vt 28.2426 -40.2426
vt 29.6568 -41.6568
vt 28.7604 -39.6528
vt 30.3472 -40.8704
vt 29.196 -39
vt 30.928 -40
vt 29.5434 -38.2962
vt 31.3912 -39.0616
vt 29.7954 -37.5528
vt 31.7272 -38.0704
vt 29.9484 -36.783
vt 31.9312 -37.044
vt 30 -36
vt 32 -36
vt 29.9484 -35.217
vt 31.9312 -34.956
vt 29.7954 -34.4472
vt 31.7272 -33.9296
vt 29.5434 -33.7038
vt 31.3912 -32.9384
vt 29.196 -33
vt 30.928 -32
vt 28.7604 -32.3472
vt 30.3472 -31.1296
vt 28.2426 -31.7574
vt 29.6568 -30.3432
vt 27.6528 -31.2396
vt 28.8704 -29.6528
vt 27 -30.804
vt 28 -29.072
vt 26.2962 -30.4566
vt 27.0616 -28.6088
vt 25.5528 -30.2046
vt 26.0704 -28.2728
vt 24.783 -30.0516
vt 25.044 -28.0688
vt 3.217 -74.83459
vt -70 -74
vt 24 -74
vt 23.217 -74.83459
vt 2.4472 -75.7574
vt 22.4472 -75.7574
vt 1.7038 -76.75281
vt 21.7038 -76.75281
vt 1 -77.804
vt 21 -77.804
vt 0.3471999 -78.8924
vt 20.3472 -78.8924
vt -0.2426 -80
vt 19.7574 -80
vt -0.7603998 -81.1076
vt 19.2396 -81.1076
vt -1.196 -82.196
vt 18.804 -82.196
vt -1.5434 -83.24719
vt 18.4566 -83.24719
vt -1.7954 -84.2426
vt 18.2046 -84.2426
vt -1.9484 -85.16541
vt 18.0516 -85.16541
vt -2 -86
vt 18 -86
vt -1.9484 -86.7314
vt 18.0516 -86.7314
vt -1.7954 -87.34821
vt 18.2046 -87.34821
vt -1.5434 -87.8396
vt 18.4566 -87.8396
vt -1.196 -88.196
vt 18.804 -88.196
vt -0.7603998 -88.4132
vt 19.2396 -88.4132
vt -0.2426 -88.4852
vt -60.2426 -88.4852
vt -80.7604 -88.4132
vt -60.7604 -88.4132
vt -81.196 -88.196
vt -61.196 -88.196
vt -81.5434 -87.8396
vt -61.5434 -87.8396
vt -81.7954 -87.34821
vt -61.7954 -87.34821
vt -81.9484 -86.7314
vt -61.9484 -86.7314
vt -82 -86
vt -62 -86
vt -81.9484 -85.16541
vt -61.9484 -85.16541
vt -81.7954 -84.2426
vt -61.7954 -84.2426
vt -81.5434 -83.24719
vt -61.5434 -83.24719
vt -81.196 -82.196
vt -61.196 -82.196
vt -80.7604 -81.1076
vt -60.7604 -81.1076
vt -80.2426 -80
vt -60.2426 -80
vt -79.6528 -78.8924
vt -59.6528 -78.8924
vt -79 -77.804
vt -59 -77.804
vt -78.2962 -76.75281
vt -58.2962 -76.75281
vt -77.5528 -75.7574
vt -57.5528 -75.7574
vt -76.783 -74.83459
vt -56.783 -74.83459
vt -76 -74
vt 30 -74
vt 9.9484 -73.2686
vt 29.9484 -73.2686
vt 9.795401 -72.65179
vt 29.7954 -72.65179
vt 9.5434 -72.1604
vt 29.5434 -72.1604
vt 9.196 -71.804
vt 29.196 -71.804
vt 8.7604 -71.5868
vt 28.7604 -71.5868
vt 8.242599 -71.5148
vt -51.7574 -71.5148
vt -71.2396 -71.5868
vt -51.2396 -71.5868
vt -70.804 -71.804
vt -50.804 -71.804
vt -70.4566 -72.1604
vt -50.4566 -72.1604
vt -70.2046 -72.65179
vt -50.2046 -72.65179
vt -70.0516 -73.2686
vt -50.0516 -73.2686
vt -68.0688 -73.1128
vt -68 -72
vt -48 -72
vt -48.0688 -73.1128
vt -68.2728 -74.34319
vt -48.2728 -74.34319
vt -68.6088 -75.6704
vt -48.6088 -75.6704
vt -69.072 -77.072
vt -49.072 -77.072
vt -69.6528 -78.5232
vt -49.6528 -78.5232
vt -70.3432 -80
vt -50.3432 -80
vt -71.1296 -81.4768
vt -51.1296 -81.4768
vt -72 -82.928
vt -52 -82.928
vt -72.9384 -84.3296
vt -52.9384 -84.3296
vt -73.9296 -85.65681
vt -53.9296 -85.65681
vt -74.956 -86.8872
vt -54.956 -86.8872
vt -76 -88
vt 16 -88
vt -3.9312 -88.9752
vt 16.0688 -88.9752
vt -3.7272 -89.7976
vt 16.2728 -89.7976
vt -3.3912 -90.4528
vt 16.6088 -90.4528
vt -2.928 -90.928
vt 17.072 -90.928
vt -2.3472 -91.2176
vt 17.6528 -91.2176
vt -1.6568 -91.3136
vt -61.6568 -91.3136
vt -82.3472 -91.2176
vt -62.3472 -91.2176
vt -82.928 -90.928
vt -62.928 -90.928
vt -83.3912 -90.4528
vt -63.3912 -90.4528
vt -83.7272 -89.7976
vt -63.7272 -89.7976
vt -83.9312 -88.9752
vt -63.9312 -88.9752
vt -84 -88
vt 24 -88
vt 5.044 -86.8872
vt 25.044 -86.8872
vt 6.0704 -85.65681
vt 26.0704 -85.65681
vt 7.0616 -84.3296
vt 27.0616 -84.3296
vt 8 -82.928
vt 28 -82.928
vt 8.870399 -81.4768
vt 28.8704 -81.4768
vt 9.656799 -80
vt 29.6568 -80
vt 10.3472 -78.5232
vt 30.3472 -78.5232
vt 10.928 -77.072
vt 30.928 -77.072
vt 11.3912 -75.6704
vt 31.3912 -75.6704
vt 11.7272 -74.34319
vt 31.7272 -74.34319
vt 11.9312 -73.1128
vt 31.9312 -73.1128
vt 12 -72
vt 32 -72
vt 11.9312 -71.0248
vt 31.9312 -71.0248
vt 11.7272 -70.2024
vt 31.7272 -70.2024
vt 11.3912 -69.5472
vt 31.3912 -69.5472
vt 10.928 -69.072
vt 30.928 -69.072
vt 10.3472 -68.7824
vt 30.3472 -68.7824
vt 9.656799 -68.6864
vt -50.3432 -68.6864
vt -69.6528 -68.7824
vt -49.6528 -68.7824
vt -69.072 -69.072
vt -49.072 -69.072
vt -68.6088 -69.5472
vt -48.6088 -69.5472
vt -68.2728 -70.2024
vt -48.2728 -70.2024
vt -68.0688 -71.0248
vt -48.0688 -71.0248
vt 24 -50
vt 23.217 -50.0516
vt 22.956 -48.0688
vt 24 -48
vt 22.4472 -50.2046
vt 21.9296 -48.2728
vt 21.7038 -50.4566
vt 20.9384 -48.6088
vt 21 -50.804
vt 20 -49.072
vt 20.3472 -51.2396
vt 19.1296 -49.6528
vt 19.7574 -51.7574
vt 18.3432 -50.3432
vt 19.2396 -52.3472
vt 17.6528 -51.1296
vt 18.804 -53
vt 17.072 -52
vt 18.4566 -53.7038
vt 16.6088 -52.9384
vt 18.2046 -54.4472
vt 16.2728 -53.9296
vt 18.0516 -55.217
vt 16.0688 -54.956
vt 18 -56
vt 16 -56
vt 18.0516 -56.783
vt 16.0688 -57.044
vt 18.2046 -57.5528
vt 16.2728 -58.0704
vt 18.4566 -58.2962
vt 16.6088 -59.0616
vt 18.804 -59
vt 17.072 -60
vt 19.2396 -59.6528
vt 17.6528 -60.8704
vt 19.7574 -60.2426
vt 18.3432 -61.6568
vt 20.3472 -60.7604
vt 19.1296 -62.3472
vt 21 -61.196
vt 20 -62.928
vt 21.7038 -61.5434
vt 20.9384 -63.3912
vt 22.4472 -61.7954
vt 21.9296 -63.7272
vt 23.217 -61.9484
vt 22.956 -63.9312
vt 24 -62
vt 24 -64
vt 24.783 -61.9484
vt 25.044 -63.9312
vt 25.5528 -61.7954
vt 26.0704 -63.7272
vt 26.2962 -61.5434
vt 27.0616 -63.3912
vt 27 -61.196
vt 28 -62.928
vt 27.6528 -60.7604
vt 28.8704 -62.3472
vt 28.2426 -60.2426
vt 29.6568 -61.6568
vt 28.7604 -59.6528
vt 30.3472 -60.8704
vt 29.196 -59
vt 30.928 -60
vt 29.5434 -58.2962
vt 31.3912 -59.0616
vt 29.7954 -57.5528
vt 31.7272 -58.0704
vt 29.9484 -56.783
vt 31.9312 -57.044
vt 30 -56
vt 32 -56
vt 29.9484 -55.217
vt 31.9312 -54.956
vt 29.7954 -54.4472
vt 31.7272 -53.9296
vt 29.5434 -53.7038
vt 31.3912 -52.9384
vt 29.196 -53
vt 30.928 -52
vt 28.7604 -52.3472
vt 30.3472 -51.1296
vt 28.2426 -51.7574
vt 29.6568 -50.3432
vt 27.6528 -51.2396
vt 28.8704 -49.6528
vt 27 -50.804
vt 28 -49.072
vt 26.2962 -50.4566
vt 27.0616 -48.6088
vt 25.5528 -50.2046
vt 26.0704 -48.2728
vt 24.783 -50.0516
vt 25.044 -48.0688
vt 20 -92
vt 20 100
vt -12 100
vt -12 -92
vt -12 80
vt 8 80
vt 8 -112
vt -12 -112
vt -92 -112
vt -72 -112
vt -72 -80
vt -92 -80
vt 20 -80
vt 40 -80
vt 40 112
vt 20 112
vt 100 112
vt 120 112
vt 120 80
vt 100 80
vt 4 -76
vt 8 -72
vt 8 120
vt 4 124
vt 44 124
vt 40 120
vt 40 -72
vt 44 -76
vt 20 -100
vt 20 100
vt -20 100
vt -20 -100
vt -20 80
vt 4 80
vt 4 -120
vt -20 -120
vt -100 -120
vt -76 -120
vt -76 -80
vt -100 -80
vt 20 -80
vt 44 -80
vt 44 120
vt 20 120
vt 100 120
vt 124 120
vt 124 80
vt 100 80
vt 91.9484 85.16541
vt 92 86
vt 96 86
vt 95.9484 85.16541
vt 91.7954 84.2426
vt 95.7954 84.2426
vt 91.5434 83.24719
vt 95.5434 83.24719
vt 91.196 82.196
vt 95.196 82.196
vt 90.7604 81.1076
vt 94.7604 81.1076
vt 90.2426 80
vt 94.2426 80
vt 89.6528 78.8924
vt 93.6528 78.8924
vt 89 77.804
vt 93 77.804
vt 88.2962 76.75281
vt 92.2962 76.75281
vt 87.5528 75.7574
vt 91.5528 75.7574
vt 86.783 74.83459
vt 90.783 74.83459
vt 86 74
vt -16 74
vt -19.9484 73.2686
vt -15.9484 73.2686
vt -19.7954 72.65179
vt -15.7954 72.65179
vt -19.5434 72.1604
vt -15.5434 72.1604
vt -19.196 71.804
vt -15.196 71.804
vt -18.7604 71.5868
vt -14.7604 71.5868
vt -18.2426 71.5148
vt 85.7574 71.5148
vt 81.2396 71.5868
vt 85.2396 71.5868
vt 80.804 71.804
vt 84.804 71.804
vt 80.4566 72.1604
vt 84.4566 72.1604
vt 80.2046 72.65179
vt 84.2046 72.65179
vt 80.0516 73.2686
vt 84.0516 73.2686
vt 80 74
vt -10 74
vt -13.217 74.83459
vt -9.217 74.83459
vt -12.4472 75.7574
vt -8.4472 75.7574
vt -11.7038 76.75281
vt -7.7038 76.75281
vt -11 77.804
vt -7 77.804
vt -10.3472 78.8924
vt -6.3472 78.8924
vt -9.757401 80
vt -5.7574 80
vt -9.2396 81.1076
vt -5.2396 81.1076
vt -8.804 82.196
vt -4.804 82.196
vt -8.4566 83.24719
vt -4.4566 83.24719
vt -8.204599 84.2426
vt -4.2046 84.2426
vt -8.0516 85.16541
vt -4.0516 85.16541
vt -8 86
vt -4 86
vt -8.0516 86.7314
vt -4.0516 86.7314
vt -8.204599 87.34821
vt -4.2046 87.34821
vt -8.4566 87.8396
vt -4.4566 87.8396
vt -8.804 88.196
vt -4.804 88.196
vt -9.2396 88.4132
vt -5.2396 88.4132
vt -9.757401 88.4852
vt 94.2426 88.4852
vt 90.7604 88.4132
vt 94.7604 88.4132
vt 91.196 88.196
vt 95.196 88.196
vt 91.5434 87.8396
vt 95.5434 87.8396
vt 91.7954 87.34821
vt 95.7954 87.34821
vt 91.9484 86.7314
vt 95.9484 86.7314
vt -14.783 91.9484
vt -14 92
vt -14 86
vt -15.5528 91.7954
vt -16.2962 91.5434
vt -17 91.196
vt -17.6528 90.7604
vt -18.2426 90.2426
vt -18.7604 89.6528
vt -19.196 89
vt -19.5434 88.2962
vt -19.7954 87.5528
vt -19.9484 86.783
vt -20 86
vt -19.9484 85.217
vt -19.7954 84.4472
vt -19.5434 83.7038
vt -19.196 83
vt -18.7604 82.3472
vt -18.2426 81.7574
vt -17.6528 81.2396
vt -17 80.804
vt -16.2962 80.4566
vt -15.5528 80.2046
vt -14.783 80.0516
vt -14 80
vt -13.217 80.0516
vt -12.4472 80.2046
vt -11.7038 80.4566
vt -11 80.804
vt -10.3472 81.2396
vt -9.757401 81.7574
vt -9.2396 82.3472
vt -8.804 83
vt -8.4566 83.7038
vt -8.204599 84.4472
vt -8.0516 85.217
vt -8 86
vt -8.0516 86.783
vt -8.204599 87.5528
vt -8.4566 88.2962
vt -8.804 89
vt -9.2396 89.6528
vt -9.757401 90.2426
vt -10.3472 90.7604
vt -11 91.196
vt -11.7038 91.5434
vt -12.4472 91.7954
vt -13.217 91.9484
vt 71.9484 65.16541
vt 72 66
vt 76 66
vt 75.9484 65.16541
vt 71.7954 64.2426
vt 75.7954 64.2426
vt 71.5434 63.2472
vt 75.5434 63.2472
vt 71.196 62.196
vt 75.196 62.196
vt 70.7604 61.1076
vt 74.7604 61.1076
vt 70.2426 60
vt 74.2426 60
vt 69.6528 58.8924
vt 73.6528 58.8924
vt 69 57.804
vt 73 57.804
vt 68.2962 56.7528
vt 72.2962 56.7528
vt 67.5528 55.7574
vt 71.5528 55.7574
vt 66.783 54.83459
vt 70.783 54.83459
vt 66 54
vt -16 54
vt -19.9484 53.2686
vt -15.9484 53.2686
vt -19.7954 52.65179
vt -15.7954 52.65179
vt -19.5434 52.1604
vt -15.5434 52.1604
vt -19.196 51.804
vt -15.196 51.804
vt -18.7604 51.5868
vt -14.7604 51.5868
vt -18.2426 51.5148
vt 65.7574 51.5148
vt 61.2396 51.5868
vt 65.2396 51.5868
vt 60.804 51.804
vt 64.804 51.804
vt 60.4566 52.1604
vt 64.4566 52.1604
vt 60.2046 52.6518
vt 64.2046 52.6518
vt 60.0516 53.2686
vt 64.0516 53.2686
vt 60 54
vt -10 54
vt -13.217 54.8346
vt -9.217 54.8346
vt -12.4472 55.7574
vt -8.4472 55.7574
vt -11.7038 56.7528
vt -7.7038 56.7528
vt -11 57.804
vt -7 57.804
vt -10.3472 58.8924
vt -6.3472 58.8924
vt -9.757401 60
vt -5.7574 60
vt -9.2396 61.1076
vt -5.2396 61.1076
vt -8.804 62.196
vt -4.804 62.196
vt -8.4566 63.2472
vt -4.4566 63.2472
vt -8.204599 64.2426
vt -4.2046 64.2426
vt -8.0516 65.16541
vt -4.0516 65.16541
vt -8 66
vt -4 66
vt -8.0516 66.7314
vt -4.0516 66.7314
vt -8.204599 67.34821
vt -4.2046 67.34821
vt -8.4566 67.8396
vt -4.4566 67.8396
vt -8.804 68.196
vt -4.804 68.196
vt -9.2396 68.4132
vt -5.2396 68.4132
vt -9.757401 68.4852
vt 74.2426 68.4852
vt 70.7604 68.4132
vt 74.7604 68.4132
vt 71.196 68.196
vt 75.196 68.196
vt 71.5434 67.8396
vt 75.5434 67.8396
vt 71.7954 67.34821
vt 75.7954 67.34821
vt 71.9484 66.7314
vt 75.9484 66.7314
vt -14.783 71.9484
vt -14 72
vt -14 66
vt -15.5528 71.7954
vt -16.2962 71.5434
vt -17 71.196
vt -17.6528 70.7604
vt -18.2426 70.2426
vt -18.7604 69.6528
vt -19.196 69
vt -19.5434 68.2962
vt -19.7954 67.5528
vt -19.9484 66.783
vt -20 66
vt -19.9484 65.217
vt -19.7954 64.4472
vt -19.5434 63.7038
vt -19.196 63
vt -18.7604 62.3472
vt -18.2426 61.7574
vt -17.6528 61.2396
vt -17 60.804
vt -16.2962 60.4566
vt -15.5528 60.2046
vt -14.783 60.0516
vt -14 60
vt -13.217 60.0516
vt -12.4472 60.2046
vt -11.7038 60.4566
vt -11 60.804
vt -10.3472 61.2396
vt -9.757401 61.7574
vt -9.2396 62.3472
vt -8.804 63
vt -8.4566 63.7038
vt -8.204599 64.4472
vt -8.0516 65.217
vt -8 66
vt -8.0516 66.783
vt -8.204599 67.5528
vt -8.4566 68.2962
vt -8.804 69
vt -9.2396 69.6528
vt -9.757401 70.2426
vt -10.3472 70.7604
vt -11 71.196
vt -11.7038 71.5434
vt -12.4472 71.7954
vt -13.217 71.9484
vt 51.9484 45.1654
vt 52 46
vt 56 46
vt 55.9484 45.1654
vt 51.7954 44.2426
vt 55.7954 44.2426
vt 51.5434 43.2472
vt 55.5434 43.2472
vt 51.196 42.196
vt 55.196 42.196
vt 50.7604 41.1076
vt 54.7604 41.1076
vt 50.2426 40
vt 54.2426 40
vt 49.6528 38.8924
vt 53.6528 38.8924
vt 49 37.804
vt 53 37.804
vt 48.2962 36.7528
vt 52.2962 36.7528
vt 47.5528 35.7574
vt 51.5528 35.7574
vt 46.783 34.8346
vt 50.783 34.8346
vt 46 34
vt -16 34
vt -19.9484 33.2686
vt -15.9484 33.2686
vt -19.7954 32.6518
vt -15.7954 32.6518
vt -19.5434 32.1604
vt -15.5434 32.1604
vt -19.196 31.804
vt -15.196 31.804
vt -18.7604 31.5868
vt -14.7604 31.5868
vt -18.2426 31.5148
vt 45.7574 31.5148
vt 41.2396 31.5868
vt 45.2396 31.5868
vt 40.804 31.804
vt 44.804 31.804
vt 40.4566 32.1604
vt 44.4566 32.1604
vt 40.2046 32.6518
vt 44.2046 32.6518
vt 40.0516 33.2686
vt 44.0516 33.2686
vt 40 34
vt -10 34
vt -13.217 34.8346
vt -9.217 34.8346
vt -12.4472 35.7574
vt -8.4472 35.7574
vt -11.7038 36.7528
vt -7.7038 36.7528
vt -11 37.804
vt -7 37.804
vt -10.3472 38.8924
vt -6.3472 38.8924
vt -9.757401 40
vt -5.7574 40
vt -9.2396 41.1076
vt -5.2396 41.1076
vt -8.804 42.196
vt -4.804 42.196
vt -8.4566 43.2472
vt -4.4566 43.2472
vt -8.204599 44.2426
vt -4.2046 44.2426
vt -8.0516 45.1654
vt -4.0516 45.1654
vt -8 46
vt -4 46
vt -8.0516 46.7314
vt -4.0516 46.7314
vt -8.204599 47.3482
vt -4.2046 47.3482
vt -8.4566 47.8396
vt -4.4566 47.8396
vt -8.804 48.196
vt -4.804 48.196
vt -9.2396 48.4132
vt -5.2396 48.4132
vt -9.757401 48.4852
vt 54.2426 48.4852
vt 50.7604 48.4132
vt 54.7604 48.4132
vt 51.196 48.196
vt 55.196 48.196
vt 51.5434 47.8396
vt 55.5434 47.8396
vt 51.7954 47.3482
vt 55.7954 47.3482
vt 51.9484 46.7314
vt 55.9484 46.7314
vt -14.783 51.9484
vt -14 52
vt -14 46
vt -15.5528 51.7954
vt -16.2962 51.5434
vt -17 51.196
vt -17.6528 50.7604
vt -18.2426 50.2426
vt -18.7604 49.6528
vt -19.196 49
vt -19.5434 48.2962
vt -19.7954 47.5528
vt -19.9484 46.783
vt -20 46
vt -19.9484 45.217
vt -19.7954 44.4472
vt -19.5434 43.7038
vt -19.196 43
vt -18.7604 42.3472
vt -18.2426 41.7574
vt -17.6528 41.2396
vt -17 40.804
vt -16.2962 40.4566
vt -15.5528 40.2046
vt -14.783 40.0516
vt -14 40
vt -13.217 40.0516
vt -12.4472 40.2046
vt -11.7038 40.4566
vt -11 40.804
vt -10.3472 41.2396
vt -9.757401 41.7574
vt -9.2396 42.3472
vt -8.804 43
vt -8.4566 43.7038
vt -8.204599 44.4472
vt -8.0516 45.217
vt -8 46
vt -8.0516 46.783
vt -8.204599 47.5528
vt -8.4566 48.2962
vt -8.804 49
vt -9.2396 49.6528
vt -9.757401 50.2426
vt -10.3472 50.7604
vt -11 51.196
vt -11.7038 51.5434
vt -12.4472 51.7954
vt -13.217 51.9484
vt 31.9484 25.1654
vt 32 26
vt 36 26
vt 35.9484 25.1654
vt 31.7954 24.2426
vt 35.7954 24.2426
vt 31.5434 23.2472
vt 35.5434 23.2472
vt 31.196 22.196
vt 35.196 22.196
vt 30.7604 21.1076
vt 34.7604 21.1076
vt 30.2426 20
vt 34.2426 20
vt 29.6528 18.8924
vt 33.6528 18.8924
vt 29 17.804
vt 33 17.804
vt 28.2962 16.7528
vt 32.2962 16.7528
vt 27.5528 15.7574
vt 31.5528 15.7574
vt 26.783 14.8346
vt 30.783 14.8346
vt 26 14
vt -16 14
vt -19.9484 13.2686
vt -15.9484 13.2686
vt -19.7954 12.6518
vt -15.7954 12.6518
vt -19.5434 12.1604
vt -15.5434 12.1604
vt -19.196 11.804
vt -15.196 11.804
vt -18.7604 11.5868
vt -14.7604 11.5868
vt -18.2426 11.5148
vt 25.7574 11.5148
vt 21.2396 11.5868
vt 25.2396 11.5868
vt 20.804 11.804
vt 24.804 11.804
vt 20.4566 12.1604
vt 24.4566 12.1604
vt 20.2046 12.6518
vt 24.2046 12.6518
vt 20.0516 13.2686
vt 24.0516 13.2686
vt 20 14
vt -10 14
vt -13.217 14.8346
vt -9.217 14.8346
vt -12.4472 15.7574
vt -8.4472 15.7574
vt -11.7038 16.7528
vt -7.7038 16.7528
vt -11 17.804
vt -7 17.804
vt -10.3472 18.8924
vt -6.3472 18.8924
vt -9.757401 20
vt -5.7574 20
vt -9.2396 21.1076
vt -5.2396 21.1076
vt -8.804 22.196
vt -4.804 22.196
vt -8.4566 23.2472
vt -4.4566 23.2472
vt -8.204599 24.2426
vt -4.2046 24.2426
vt -8.0516 25.1654
vt -4.0516 25.1654
vt -8 26
vt -4 26
vt -8.0516 26.7314
vt -4.0516 26.7314
vt -8.204599 27.3482
vt -4.2046 27.3482
vt -8.4566 27.8396
vt -4.4566 27.8396
vt -8.804 28.196
vt -4.804 28.196
vt -9.2396 28.4132
vt -5.2396 28.4132
vt -9.757401 28.4852
vt 34.2426 28.4852
vt 30.7604 28.4132
vt 34.7604 28.4132
vt 31.196 28.196
vt 35.196 28.196
vt 31.5434 27.8396
vt 35.5434 27.8396
vt 31.7954 27.3482
vt 35.7954 27.3482
vt 31.9484 26.7314
vt 35.9484 26.7314
vt -14.783 31.9484
vt -14 32
vt -14 26
vt -15.5528 31.7954
vt -16.2962 31.5434
vt -17 31.196
vt -17.6528 30.7604
vt -18.2426 30.2426
vt -18.7604 29.6528
vt -19.196 29
vt -19.5434 28.2962
vt -19.7954 27.5528
vt -19.9484 26.783
vt -20 26
vt -19.9484 25.217
vt -19.7954 24.4472
vt -19.5434 23.7038
vt -19.196 23
vt -18.7604 22.3472
vt -18.2426 21.7574
vt -17.6528 21.2396
vt -17 20.804
vt -16.2962 20.4566
vt -15.5528 20.2046
vt -14.783 20.0516
vt -14 20
vt -13.217 20.0516
vt -12.4472 20.2046
vt -11.7038 20.4566
vt -11 20.804
vt -10.3472 21.2396
vt -9.757401 21.7574
vt -9.2396 22.3472
vt -8.804 23
vt -8.4566 23.7038
vt -8.204599 24.4472
vt -8.0516 25.217
vt -8 26
vt -8.0516 26.783
vt -8.204599 27.5528
vt -8.4566 28.2962
vt -8.804 29
vt -9.2396 29.6528
vt -9.757401 30.2426
vt -10.3472 30.7604
vt -11 31.196
vt -11.7038 31.5434
vt -12.4472 31.7954
vt -13.217 31.9484
vt 11.9484 5.165401
vt 12 6
vt 16 6
vt 15.9484 5.165401
vt 11.7954 4.2426
vt 15.7954 4.2426
vt 11.5434 3.2472
vt 15.5434 3.2472
vt 11.196 2.196
vt 15.196 2.196
vt 10.7604 1.1076
vt 14.7604 1.1076
vt 10.2426 0
vt 14.2426 0
vt 9.6528 -1.1076
vt 13.6528 -1.1076
vt 9 -2.196
vt 13 -2.196
vt 8.2962 -3.2472
vt 12.2962 -3.2472
vt 7.5528 -4.2426
vt 11.5528 -4.2426
vt 6.783 -5.165401
vt 10.783 -5.165401
vt 6 -6
vt -16 -6
vt -19.9484 -6.7314
vt -15.9484 -6.7314
vt -19.7954 -7.348201
vt -15.7954 -7.348201
vt -19.5434 -7.8396
vt -15.5434 -7.8396
vt -19.196 -8.196
vt -15.196 -8.196
vt -18.7604 -8.4132
vt -14.7604 -8.4132
vt -18.2426 -8.485199
vt 5.7574 -8.485199
vt 1.2396 -8.413199
vt 5.2396 -8.413199
vt 0.8039999 -8.196
vt 4.804 -8.196
vt 0.4566002 -7.8396
vt 4.4566 -7.8396
vt 0.2045999 -7.3482
vt 4.2046 -7.3482
vt 0.05159998 -6.7314
vt 4.0516 -6.7314
vt 0 -6
vt -10 -6
vt -13.217 -5.1654
vt -9.217 -5.1654
vt -12.4472 -4.2426
vt -8.4472 -4.2426
vt -11.7038 -3.2472
vt -7.7038 -3.2472
vt -11 -2.196
vt -7 -2.196
vt -10.3472 -1.1076
vt -6.3472 -1.1076
vt -9.757401 0
vt -5.7574 0
vt -9.2396 1.1076
vt -5.2396 1.1076
vt -8.804 2.196
vt -4.804 2.196
vt -8.4566 3.2472
vt -4.4566 3.2472
vt -8.204599 4.2426
vt -4.2046 4.2426
vt -8.0516 5.1654
vt -4.0516 5.1654
vt -8 6
vt -4 6
vt -8.0516 6.7314
vt -4.0516 6.7314
vt -8.204599 7.3482
vt -4.2046 7.3482
vt -8.4566 7.8396
vt -4.4566 7.8396
vt -8.804 8.196
vt -4.804 8.196
vt -9.2396 8.413199
vt -5.2396 8.413199
vt -9.757401 8.485199
vt 14.2426 8.485199
vt 10.7604 8.4132
vt 14.7604 8.4132
vt 11.196 8.196
vt 15.196 8.196
vt 11.5434 7.8396
vt 15.5434 7.8396
vt 11.7954 7.348201
vt 15.7954 7.348201
vt 11.9484 6.7314
vt 15.9484 6.7314
vt -14.783 11.9484
vt -14 12
vt -14 6
vt -15.5528 11.7954
vt -16.2962 11.5434
vt -17 11.196
vt -17.6528 10.7604
vt -18.2426 10.2426
vt -18.7604 9.6528
vt -19.196 9
vt -19.5434 8.2962
vt -19.7954 7.5528
vt -19.9484 6.783
vt -20 6
vt -19.9484 5.217
vt -19.7954 4.4472
vt -19.5434 3.7038
vt -19.196 3
vt -18.7604 2.3472
vt -18.2426 1.7574
vt -17.6528 1.2396
vt -17 0.8039999
vt -16.2962 0.4566002
vt -15.5528 0.2045999
vt -14.783 0.05159998
vt -14 0
vt -13.217 0.05159998
vt -12.4472 0.2045999
vt -11.7038 0.4566002
vt -11 0.8039999
vt -10.3472 1.2396
vt -9.757401 1.7574
vt -9.2396 2.3472
vt -8.804 3
vt -8.4566 3.7038
vt -8.204599 4.4472
vt -8.0516 5.217
vt -8 6
vt -8.0516 6.783
vt -8.204599 7.5528
vt -8.4566 8.2962
vt -8.804 9
vt -9.2396 9.6528
vt -9.757401 10.2426
vt -10.3472 10.7604
vt -11 11.196
vt -11.7038 11.5434
vt -12.4472 11.7954
vt -13.217 11.9484
vt -8.0516 -14.8346
vt -8 -14
vt -4 -14
vt -4.0516 -14.8346
vt -8.204599 -15.7574
vt -4.2046 -15.7574
vt -8.4566 -16.7528
vt -4.4566 -16.7528
vt -8.804 -17.804
vt -4.804 -17.804
vt -9.2396 -18.8924
vt -5.2396 -18.8924
vt -9.757401 -20
vt -5.7574 -20
vt -10.3472 -21.1076
vt -6.3472 -21.1076
vt -11 -22.196
vt -7 -22.196
vt -11.7038 -23.2472
vt -7.7038 -23.2472
vt -12.4472 -24.2426
vt -8.4472 -24.2426
vt -13.217 -25.1654
vt -9.217 -25.1654
vt -14 -26
vt -16 -26
vt -19.9484 -26.7314
vt -15.9484 -26.7314
vt -19.7954 -27.3482
vt -15.7954 -27.3482
vt -19.5434 -27.8396
vt -15.5434 -27.8396
vt -19.196 -28.196
vt -15.196 -28.196
vt -18.7604 -28.4132
vt -14.7604 -28.4132
vt -18.2426 -28.4852
vt -14.2426 -28.4852
vt -18.7604 -28.4132
vt -14.7604 -28.4132
vt -19.196 -28.196
vt -15.196 -28.196
vt -19.5434 -27.8396
vt -15.5434 -27.8396
vt -19.7954 -27.3482
vt -15.7954 -27.3482
vt -19.9484 -26.7314
vt -15.9484 -26.7314
vt -20 -26
vt -10 -26
vt -13.217 -25.1654
vt -9.217 -25.1654
vt -12.4472 -24.2426
vt -8.4472 -24.2426
vt -11.7038 -23.2472
vt -7.7038 -23.2472
vt -11 -22.196
vt -7 -22.196
vt -10.3472 -21.1076
vt -6.3472 -21.1076
vt -9.757401 -20
vt -5.7574 -20
vt -9.2396 -18.8924
vt -5.2396 -18.8924
vt -8.804 -17.804
vt -4.804 -17.804
vt -8.4566 -16.7528
vt -4.4566 -16.7528
vt -8.204599 -15.7574
vt -4.2046 -15.7574
vt -8.0516 -14.8346
vt -4.0516 -14.8346
vt -8 -14
vt -4 -14
vt -8.0516 -13.2686
vt -4.0516 -13.2686
vt -8.204599 -12.6518
vt -4.2046 -12.6518
vt -8.4566 -12.1604
vt -4.4566 -12.1604
vt -8.804 -11.804
vt -4.804 -11.804
vt -9.2396 -11.5868
vt -5.2396 -11.5868
vt -9.757401 -11.5148
vt -5.7574 -11.5148
vt -9.2396 -11.5868
vt -5.2396 -11.5868
vt -8.804 -11.804
vt -4.804 -11.804
vt -8.4566 -12.1604
vt -4.4566 -12.1604
vt -8.204599 -12.6518
vt -4.2046 -12.6518
vt -8.0516 -13.2686
vt -4.0516 -13.2686
vt -14.783 -8.0516
vt -14 -8
vt -14 -14
vt -15.5528 -8.204599
vt -16.2962 -8.4566
vt -17 -8.804
vt -17.6528 -9.2396
vt -18.2426 -9.757401
vt -18.7604 -10.3472
vt -19.196 -11
vt -19.5434 -11.7038
vt -19.7954 -12.4472
vt -19.9484 -13.217
vt -20 -14
vt -19.9484 -14.783
vt -19.7954 -15.5528
vt -19.5434 -16.2962
vt -19.196 -17
vt -18.7604 -17.6528
vt -18.2426 -18.2426
vt -17.6528 -18.7604
vt -17 -19.196
vt -16.2962 -19.5434
vt -15.5528 -19.7954
vt -14.783 -19.9484
vt -14 -20
vt -13.217 -19.9484
vt -12.4472 -19.7954
vt -11.7038 -19.5434
vt -11 -19.196
vt -10.3472 -18.7604
vt -9.757401 -18.2426
vt -9.2396 -17.6528
vt -8.804 -17
vt -8.4566 -16.2962
vt -8.204599 -15.5528
vt -8.0516 -14.783
vt -8 -14
vt -8.0516 -13.217
vt -8.204599 -12.4472
vt -8.4566 -11.7038
vt -8.804 -11
vt -9.2396 -10.3472
vt -9.757401 -9.757401
vt -10.3472 -9.2396
vt -11 -8.804
vt -11.7038 -8.4566
vt -12.4472 -8.204599
vt -13.217 -8.0516
vt -28.0516 -34.8346
vt -28 -34
vt -24 -34
vt -24.0516 -34.8346
vt -28.2046 -35.7574
vt -24.2046 -35.7574
vt -28.4566 -36.7528
vt -24.4566 -36.7528
vt -28.804 -37.804
vt -24.804 -37.804
vt -29.2396 -38.8924
vt -25.2396 -38.8924
vt -29.7574 -40
vt -25.7574 -40
vt -30.3472 -41.1076
vt -26.3472 -41.1076
vt -31 -42.196
vt -27 -42.196
vt -31.7038 -43.2472
vt -27.7038 -43.2472
vt -32.4472 -44.2426
vt -28.4472 -44.2426
vt -33.217 -45.1654
vt -29.217 -45.1654
vt -34 -46
vt -16 -46
vt -19.9484 -46.7314
vt -15.9484 -46.7314
vt -19.7954 -47.3482
vt -15.7954 -47.3482
vt -19.5434 -47.8396
vt -15.5434 -47.8396
vt -19.196 -48.196
vt -15.196 -48.196
vt -18.7604 -48.4132
vt -14.7604 -48.4132
vt -18.2426 -48.4852
vt -34.2426 -48.4852
vt -38.7604 -48.4132
vt -34.7604 -48.4132
vt -39.196 -48.196
vt -35.196 -48.196
vt -39.5434 -47.8396
vt -35.5434 -47.8396
vt -39.7954 -47.3482
vt -35.7954 -47.3482
vt -39.9484 -46.7314
vt -35.9484 -46.7314
vt -40 -46
vt -10 -46
vt -13.217 -45.1654
vt -9.217 -45.1654
vt -12.4472 -44.2426
vt -8.4472 -44.2426
vt -11.7038 -43.2472
vt -7.7038 -43.2472
vt -11 -42.196
vt -7 -42.196
vt -10.3472 -41.1076
vt -6.3472 -41.1076
vt -9.757401 -40
vt -5.7574 -40
vt -9.2396 -38.8924
vt -5.2396 -38.8924
vt -8.804 -37.804
vt -4.804 -37.804
vt -8.4566 -36.7528
vt -4.4566 -36.7528
vt -8.204599 -35.7574
vt -4.2046 -35.7574
vt -8.0516 -34.8346
vt -4.0516 -34.8346
vt -8 -34
vt -4 -34
vt -8.0516 -33.2686
vt -4.0516 -33.2686
vt -8.204599 -32.6518
vt -4.2046 -32.6518
vt -8.4566 -32.1604
vt -4.4566 -32.1604
vt -8.804 -31.804
vt -4.804 -31.804
vt -9.2396 -31.5868
vt -5.2396 -31.5868
vt -9.757401 -31.5148
vt -25.7574 -31.5148
vt -29.2396 -31.5868
vt -25.2396 -31.5868
vt -28.804 -31.804
vt -24.804 -31.804
vt -28.4566 -32.1604
vt -24.4566 -32.1604
vt -28.2046 -32.6518
vt -24.2046 -32.6518
vt -28.0516 -33.2686
vt -24.0516 -33.2686
vt -14.783 -28.0516
vt -14 -28
vt -14 -34
vt -15.5528 -28.2046
vt -16.2962 -28.4566
vt -17 -28.804
vt -17.6528 -29.2396
vt -18.2426 -29.7574
vt -18.7604 -30.3472
vt -19.196 -31
vt -19.5434 -31.7038
vt -19.7954 -32.4472
vt -19.9484 -33.217
vt -20 -34
vt -19.9484 -34.783
vt -19.7954 -35.5528
vt -19.5434 -36.2962
vt -19.196 -37
vt -18.7604 -37.6528
vt -18.2426 -38.2426
vt -17.6528 -38.7604
vt -17 -39.196
vt -16.2962 -39.5434
vt -15.5528 -39.7954
vt -14.783 -39.9484
vt -14 -40
vt -13.217 -39.9484
vt -12.4472 -39.7954
vt -11.7038 -39.5434
vt -11 -39.196
vt -10.3472 -38.7604
vt -9.757401 -38.2426
vt -9.2396 -37.6528
vt -8.804 -37
vt -8.4566 -36.2962
vt -8.204599 -35.5528
vt -8.0516 -34.783
vt -8 -34
vt -8.0516 -33.217
vt -8.204599 -32.4472
vt -8.4566 -31.7038
vt -8.804 -31
vt -9.2396 -30.3472
vt -9.757401 -29.7574
vt -10.3472 -29.2396
vt -11 -28.804
vt -11.7038 -28.4566
vt -12.4472 -28.2046
vt -13.217 -28.0516
vt -48.0516 -54.8346
vt -48 -54
vt -44 -54
vt -44.0516 -54.8346
vt -48.2046 -55.7574
vt -44.2046 -55.7574
vt -48.4566 -56.7528
vt -44.4566 -56.7528
vt -48.804 -57.804
vt -44.804 -57.804
vt -49.2396 -58.8924
vt -45.2396 -58.8924
vt -49.7574 -60
vt -45.7574 -60
vt -50.3472 -61.1076
vt -46.3472 -61.1076
vt -51 -62.196
vt -47 -62.196
vt -51.7038 -63.2472
vt -47.7038 -63.2472
vt -52.4472 -64.2426
vt -48.4472 -64.2426
vt -53.217 -65.1654
vt -49.217 -65.1654
vt -54 -66
vt -16 -66
vt -19.9484 -66.7314
vt -15.9484 -66.7314
vt -19.7954 -67.3482
vt -15.7954 -67.3482
vt -19.5434 -67.8396
vt -15.5434 -67.8396
vt -19.196 -68.196
vt -15.196 -68.196
vt -18.7604 -68.4132
vt -14.7604 -68.4132
vt -18.2426 -68.4852
vt -54.2426 -68.4852
vt -58.7604 -68.4132
vt -54.7604 -68.4132
vt -59.196 -68.196
vt -55.196 -68.196
vt -59.5434 -67.8396
vt -55.5434 -67.8396
vt -59.7954 -67.3482
vt -55.7954 -67.3482
vt -59.9484 -66.7314
vt -55.9484 -66.7314
vt -60 -66
vt -10 -66
vt -13.217 -65.1654
vt -9.217 -65.1654
vt -12.4472 -64.2426
vt -8.4472 -64.2426
vt -11.7038 -63.2472
vt -7.7038 -63.2472
vt -11 -62.196
vt -7 -62.196
vt -10.3472 -61.1076
vt -6.3472 -61.1076
vt -9.757401 -60
vt -5.7574 -60
vt -9.2396 -58.8924
vt -5.2396 -58.8924
vt -8.804 -57.804
vt -4.804 -57.804
vt -8.4566 -56.7528
vt -4.4566 -56.7528
vt -8.204599 -55.7574
vt -4.2046 -55.7574
vt -8.0516 -54.8346
vt -4.0516 -54.8346
vt -8 -54
vt -4 -54
vt -8.0516 -53.2686
vt -4.0516 -53.2686
vt -8.204599 -52.6518
vt -4.2046 -52.6518
vt -8.4566 -52.1604
vt -4.4566 -52.1604
vt -8.804 -51.804
vt -4.804 -51.804
vt -9.2396 -51.5868
vt -5.2396 -51.5868
vt -9.757401 -51.5148
vt -45.7574 -51.5148
vt -49.2396 -51.5868
vt -45.2396 -51.5868
vt -48.804 -51.804
vt -44.804 -51.804
vt -48.4566 -52.1604
vt -44.4566 -52.1604
vt -48.2046 -52.6518
vt -44.2046 -52.6518
vt -48.0516 -53.2686
vt -44.0516 -53.2686
vt -14.783 -48.0516
vt -14 -48
vt -14 -54
vt -15.5528 -48.2046
vt -16.2962 -48.4566
vt -17 -48.804
vt -17.6528 -49.2396
vt -18.2426 -49.7574
vt -18.7604 -50.3472
vt -19.196 -51
vt -19.5434 -51.7038
vt -19.7954 -52.4472
vt -19.9484 -53.217
vt -20 -54
vt -19.9484 -54.783
vt -19.7954 -55.5528
vt -19.5434 -56.2962
vt -19.196 -57
vt -18.7604 -57.6528
vt -18.2426 -58.2426
vt -17.6528 -58.7604
vt -17 -59.196
vt -16.2962 -59.5434
vt -15.5528 -59.7954
vt -14.783 -59.9484
vt -14 -60
vt -13.217 -59.9484
vt -12.4472 -59.7954
vt -11.7038 -59.5434
vt -11 -59.196
vt -10.3472 -58.7604
vt -9.757401 -58.2426
vt -9.2396 -57.6528
vt -8.804 -57
vt -8.4566 -56.2962
vt -8.204599 -55.5528
vt -8.0516 -54.783
vt -8 -54
vt -8.0516 -53.217
vt -8.204599 -52.4472
vt -8.4566 -51.7038
vt -8.804 -51
vt -9.2396 -50.3472
vt -9.757401 -49.7574
vt -10.3472 -49.2396
vt -11 -48.804
vt -11.7038 -48.4566
vt -12.4472 -48.2046
vt -13.217 -48.0516
vt -68.0516 -74.83459
vt -68 -74
vt -64 -74
vt -64.0516 -74.83459
vt -68.2046 -75.7574
vt -64.2046 -75.7574
vt -68.4566 -76.75281
vt -64.4566 -76.75281
vt -68.804 -77.804
vt -64.804 -77.804
vt -69.2396 -78.8924
vt -65.2396 -78.8924
vt -69.7574 -80
vt -65.7574 -80
vt -70.3472 -81.1076
vt -66.3472 -81.1076
vt -71 -82.196
vt -67 -82.196
vt -71.7038 -83.24719
vt -67.7038 -83.24719
vt -72.4472 -84.2426
vt -68.4472 -84.2426
vt -73.217 -85.16541
vt -69.217 -85.16541
vt -74 -86
vt -16 -86
vt -19.9484 -86.7314
vt -15.9484 -86.7314
vt -19.7954 -87.34821
vt -15.7954 -87.34821
vt -19.5434 -87.8396
vt -15.5434 -87.8396
vt -19.196 -88.196
vt -15.196 -88.196
vt -18.7604 -88.4132
vt -14.7604 -88.4132
vt -18.2426 -88.4852
vt -74.2426 -88.4852
vt -78.7604 -88.4132
vt -74.7604 -88.4132
vt -79.196 -88.196
vt -75.196 -88.196
vt -79.5434 -87.8396
vt -75.5434 -87.8396
vt -79.7954 -87.34821
vt -75.7954 -87.34821
vt -79.9484 -86.7314
vt -75.9484 -86.7314
vt -80 -86
vt -10 -86
vt -13.217 -85.16541
vt -9.217 -85.16541
vt -12.4472 -84.2426
vt -8.4472 -84.2426
vt -11.7038 -83.24719
vt -7.7038 -83.24719
vt -11 -82.196
vt -7 -82.196
vt -10.3472 -81.1076
vt -6.3472 -81.1076
vt -9.757401 -80
vt -5.7574 -80
vt -9.2396 -78.8924
vt -5.2396 -78.8924
vt -8.804 -77.804
vt -4.804 -77.804
vt -8.4566 -76.75281
vt -4.4566 -76.75281
vt -8.204599 -75.7574
vt -4.2046 -75.7574
vt -8.0516 -74.83459
vt -4.0516 -74.83459
vt -8 -74
vt -4 -74
vt -8.0516 -73.2686
vt -4.0516 -73.2686
vt -8.204599 -72.65179
vt -4.2046 -72.65179
vt -8.4566 -72.1604
vt -4.4566 -72.1604
vt -8.804 -71.804
vt -4.804 -71.804
vt -9.2396 -71.5868
vt -5.2396 -71.5868
vt -9.757401 -71.5148
vt -65.7574 -71.5148
vt -69.2396 -71.5868
vt -65.2396 -71.5868
vt -68.804 -71.804
vt -64.804 -71.804
vt -68.4566 -72.1604
vt -64.4566 -72.1604
vt -68.2046 -72.65179
vt -64.2046 -72.65179
vt -68.0516 -73.2686
vt -64.0516 -73.2686
vt -14.783 -68.0516
vt -14 -68
vt -14 -74
vt -15.5528 -68.2046
vt -16.2962 -68.4566
vt -17 -68.804
vt -17.6528 -69.2396
vt -18.2426 -69.7574
vt -18.7604 -70.3472
vt -19.196 -71
vt -19.5434 -71.7038
vt -19.7954 -72.4472
vt -19.9484 -73.217
vt -20 -74
vt -19.9484 -74.783
vt -19.7954 -75.5528
vt -19.5434 -76.2962
vt -19.196 -77
vt -18.7604 -77.6528
vt -18.2426 -78.2426
vt -17.6528 -78.7604
vt -17 -79.196
vt -16.2962 -79.5434
vt -15.5528 -79.7954
vt -14.783 -79.9484
vt -14 -80
vt -13.217 -79.9484
vt -12.4472 -79.7954
vt -11.7038 -79.5434
vt -11 -79.196
vt -10.3472 -78.7604
vt -9.757401 -78.2426
vt -9.2396 -77.6528
vt -8.804 -77
vt -8.4566 -76.2962
vt -8.204599 -75.5528
vt -8.0516 -74.783
vt -8 -74
vt -8.0516 -73.217
vt -8.204599 -72.4472
vt -8.4566 -71.7038
vt -8.804 -71
vt -9.2396 -70.3472
vt -9.757401 -69.7574
vt -10.3472 -69.2396
vt -11 -68.804
vt -11.7038 -68.4566
vt -12.4472 -68.2046
vt -13.217 -68.0516
vt -88.0516 -94.83459
vt -88 -94
vt -84 -94
vt -84.0516 -94.83459
vt -88.2046 -95.7574
vt -84.2046 -95.7574
vt -88.4566 -96.75281
vt -84.4566 -96.75281
vt -88.804 -97.804
vt -84.804 -97.804
vt -89.2396 -98.8924
vt -85.2396 -98.8924
vt -89.7574 -100
vt -85.7574 -100
vt -90.3472 -101.1076
vt -86.3472 -101.1076
vt -91 -102.196
vt -87 -102.196
vt -91.7038 -103.2472
vt -87.7038 -103.2472
vt -92.4472 -104.2426
vt -88.4472 -104.2426
vt -93.217 -105.1654
vt -89.217 -105.1654
vt -94 -106
vt -16 -106
vt -19.9484 -106.7314
vt -15.9484 -106.7314
vt -19.7954 -107.3482
vt -15.7954 -107.3482
vt -19.5434 -107.8396
vt -15.5434 -107.8396
vt -19.196 -108.196
vt -15.196 -108.196
vt -18.7604 -108.4132
vt -14.7604 -108.4132
vt -18.2426 -108.4852
vt -94.2426 -108.4852
vt -98.7604 -108.4132
vt -94.7604 -108.4132
vt -99.196 -108.196
vt -95.196 -108.196
vt -99.5434 -107.8396
vt -95.5434 -107.8396
vt -99.7954 -107.3482
vt -95.7954 -107.3482
vt -99.9484 -106.7314
vt -95.9484 -106.7314
vt -100 -106
vt -10 -106
vt -13.217 -105.1654
vt -9.217 -105.1654
vt -12.4472 -104.2426
vt -8.4472 -104.2426
vt -11.7038 -103.2472
vt -7.7038 -103.2472
vt -11 -102.196
vt -7 -102.196
vt -10.3472 -101.1076
vt -6.3472 -101.1076
vt -9.757401 -100
vt -5.7574 -100
vt -9.2396 -98.8924
vt -5.2396 -98.8924
vt -8.804 -97.804
vt -4.804 -97.804
vt -8.4566 -96.75281
vt -4.4566 -96.75281
vt -8.204599 -95.7574
vt -4.2046 -95.7574
vt -8.0516 -94.83459
vt -4.0516 -94.83459
vt -8 -94
vt -4 -94
vt -8.0516 -93.2686
vt -4.0516 -93.2686
vt -8.204599 -92.65179
vt -4.2046 -92.65179
vt -8.4566 -92.1604
vt -4.4566 -92.1604
vt -8.804 -91.804
vt -4.804 -91.804
vt -9.2396 -91.5868
vt -5.2396 -91.5868
vt -9.757401 -91.5148
vt -85.7574 -91.5148
vt -89.2396 -91.5868
vt -85.2396 -91.5868
vt -88.804 -91.804
vt -84.804 -91.804
vt -88.4566 -92.1604
vt -84.4566 -92.1604
vt -88.2046 -92.65179
vt -84.2046 -92.65179
vt -88.0516 -93.2686
vt -84.0516 -93.2686
vt -14.783 -88.0516
vt -14 -88
vt -14 -94
vt -15.5528 -88.2046
vt -16.2962 -88.4566
vt -17 -88.804
vt -17.6528 -89.2396
vt -18.2426 -89.7574
vt -18.7604 -90.3472
vt -19.196 -91
vt -19.5434 -91.7038
vt -19.7954 -92.4472
vt -19.9484 -93.217
vt -20 -94
vt -19.9484 -94.783
vt -19.7954 -95.5528
vt -19.5434 -96.2962
vt -19.196 -97
vt -18.7604 -97.6528
vt -18.2426 -98.2426
vt -17.6528 -98.7604
vt -17 -99.196
vt -16.2962 -99.5434
vt -15.5528 -99.7954
vt -14.783 -99.9484
vt -14 -100
vt -13.217 -99.9484
vt -12.4472 -99.7954
vt -11.7038 -99.5434
vt -11 -99.196
vt -10.3472 -98.7604
vt -9.757401 -98.2426
vt -9.2396 -97.6528
vt -8.804 -97
vt -8.4566 -96.2962
vt -8.204599 -95.5528
vt -8.0516 -94.783
vt -8 -94
vt -8.0516 -93.217
vt -8.204599 -92.4472
vt -8.4566 -91.7038
vt -8.804 -91
vt -9.2396 -90.3472
vt -9.757401 -89.7574
vt -10.3472 -89.2396
vt -11 -88.804
vt -11.7038 -88.4566
vt -12.4472 -88.2046
vt -13.217 -88.0516
vt 91.9484 105.1654
vt 92 106
vt 96 106
vt 95.9484 105.1654
vt 91.7954 104.2426
vt 95.7954 104.2426
vt 91.5434 103.2472
vt 95.5434 103.2472
vt 91.196 102.196
vt 95.196 102.196
vt 90.7604 101.1076
vt 94.7604 101.1076
vt 90.2426 100
vt 94.2426 100
vt 89.6528 98.8924
vt 93.6528 98.8924
vt 89 97.804
vt 93 97.804
vt 88.2962 96.75281
vt 92.2962 96.75281
vt 87.5528 95.7574
vt 91.5528 95.7574
vt 86.783 94.83459
vt 90.783 94.83459
vt 86 94
vt 4 94
vt 0.05159998 93.2686
vt 4.0516 93.2686
vt 0.2045999 92.65179
vt 4.2046 92.65179
vt 0.4566002 92.1604
vt 4.4566 92.1604
vt 0.8039999 91.804
vt 4.804 91.804
vt 1.2396 91.5868
vt 5.2396 91.5868
vt 1.7574 91.5148
vt 85.7574 91.5148
vt 81.2396 91.5868
vt 85.2396 91.5868
vt 80.804 91.804
vt 84.804 91.804
vt 80.4566 92.1604
vt 84.4566 92.1604
vt 80.2046 92.65179
vt 84.2046 92.65179
vt 80.0516 93.2686
vt 84.0516 93.2686
vt 80 94
vt 10 94
vt 6.783 94.83459
vt 10.783 94.83459
vt 7.5528 95.7574
vt 11.5528 95.7574
vt 8.2962 96.75281
vt 12.2962 96.75281
vt 9 97.804
vt 13 97.804
vt 9.6528 98.8924
vt 13.6528 98.8924
vt 10.2426 100
vt 14.2426 100
vt 10.7604 101.1076
vt 14.7604 101.1076
vt 11.196 102.196
vt 15.196 102.196
vt 11.5434 103.2472
vt 15.5434 103.2472
vt 11.7954 104.2426
vt 15.7954 104.2426
vt 11.9484 105.1654
vt 15.9484 105.1654
vt 12 106
vt 16 106
vt 11.9484 106.7314
vt 15.9484 106.7314
vt 11.7954 107.3482
vt 15.7954 107.3482
vt 11.5434 107.8396
vt 15.5434 107.8396
vt 11.196 108.196
vt 15.196 108.196
vt 10.7604 108.4132
vt 14.7604 108.4132
vt 10.2426 108.4852
vt 94.2426 108.4852
vt 90.7604 108.4132
vt 94.7604 108.4132
vt 91.196 108.196
vt 95.196 108.196
vt 91.5434 107.8396
vt 95.5434 107.8396
vt 91.7954 107.3482
vt 95.7954 107.3482
vt 91.9484 106.7314
vt 95.9484 106.7314
vt 5.217 91.9484
vt 6 92
vt 6 86
vt 4.4472 91.7954
vt 3.7038 91.5434
vt 3 91.196
vt 2.3472 90.7604
vt 1.7574 90.2426
vt 1.2396 89.6528
vt 0.8039999 89
vt 0.4566002 88.2962
vt 0.2045999 87.5528
vt 0.05159998 86.783
vt 0 86
vt 0.05159998 85.217
vt 0.2045999 84.4472
vt 0.4566002 83.7038
vt 0.8039999 83
vt 1.2396 82.3472
vt 1.7574 81.7574
vt 2.3472 81.2396
vt 3 80.804
vt 3.7038 80.4566
vt 4.4472 80.2046
vt 5.217 80.0516
vt 6 80
vt 6.783 80.0516
vt 7.5528 80.2046
vt 8.2962 80.4566
vt 9 80.804
vt 9.6528 81.2396
vt 10.2426 81.7574
vt 10.7604 82.3472
vt 11.196 83
vt 11.5434 83.7038
vt 11.7954 84.4472
vt 11.9484 85.217
vt 12 86
vt 11.9484 86.783
vt 11.7954 87.5528
vt 11.5434 88.2962
vt 11.196 89
vt 10.7604 89.6528
vt 10.2426 90.2426
vt 9.6528 90.7604
vt 9 91.196
vt 8.2962 91.5434
vt 7.5528 91.7954
vt 6.783 91.9484
vt 71.9484 85.16541
vt 72 86
vt 76 86
vt 75.9484 85.16541
vt 71.7954 84.2426
vt 75.7954 84.2426
vt 71.5434 83.24719
vt 75.5434 83.24719
vt 71.196 82.196
vt 75.196 82.196
vt 70.7604 81.1076
vt 74.7604 81.1076
vt 70.2426 80
vt 74.2426 80
vt 69.6528 78.8924
vt 73.6528 78.8924
vt 69 77.804
vt 73 77.804
vt 68.2962 76.75281
vt 72.2962 76.75281
vt 67.5528 75.7574
vt 71.5528 75.7574
vt 66.783 74.83459
vt 70.783 74.83459
vt 66 74
vt 4 74
vt 0.05159998 73.2686
vt 4.0516 73.2686
vt 0.2045999 72.65179
vt 4.2046 72.65179
vt 0.4566002 72.1604
vt 4.4566 72.1604
vt 0.8039999 71.804
vt 4.804 71.804
vt 1.2396 71.5868
vt 5.2396 71.5868
vt 1.7574 71.5148
vt 65.7574 71.5148
vt 61.2396 71.5868
vt 65.2396 71.5868
vt 60.804 71.804
vt 64.804 71.804
vt 60.4566 72.1604
vt 64.4566 72.1604
vt 60.2046 72.65179
vt 64.2046 72.65179
vt 60.0516 73.2686
vt 64.0516 73.2686
vt 60 74
vt 10 74
vt 6.783 74.83459
vt 10.783 74.83459
vt 7.5528 75.7574
vt 11.5528 75.7574
vt 8.2962 76.75281
vt 12.2962 76.75281
vt 9 77.804
vt 13 77.804
vt 9.6528 78.8924
vt 13.6528 78.8924
vt 10.2426 80
vt 14.2426 80
vt 10.7604 81.1076
vt 14.7604 81.1076
vt 11.196 82.196
vt 15.196 82.196
vt 11.5434 83.24719
vt 15.5434 83.24719
vt 11.7954 84.2426
vt 15.7954 84.2426
vt 11.9484 85.16541
vt 15.9484 85.16541
vt 12 86
vt 16 86
vt 11.9484 86.7314
vt 15.9484 86.7314
vt 11.7954 87.34821
vt 15.7954 87.34821
vt 11.5434 87.8396
vt 15.5434 87.8396
vt 11.196 88.196
vt 15.196 88.196
vt 10.7604 88.4132
vt 14.7604 88.4132
vt 10.2426 88.4852
vt 74.2426 88.4852
vt 70.7604 88.4132
vt 74.7604 88.4132
vt 71.196 88.196
vt 75.196 88.196
vt 71.5434 87.8396
vt 75.5434 87.8396
vt 71.7954 87.34821
vt 75.7954 87.34821
vt 71.9484 86.7314
vt 75.9484 86.7314
vt 5.217 71.9484
vt 6 72
vt 6 66
vt 4.4472 71.7954
vt 3.7038 71.5434
vt 3 71.196
vt 2.3472 70.7604
vt 1.7574 70.2426
vt 1.2396 69.6528
vt 0.8039999 69
vt 0.4566002 68.2962
vt 0.2045999 67.5528
vt 0.05159998 66.783
vt 0 66
vt 0.05159998 65.217
vt 0.2045999 64.4472
vt 0.4566002 63.7038
vt 0.8039999 63
vt 1.2396 62.3472
vt 1.7574 61.7574
vt 2.3472 61.2396
vt 3 60.804
vt 3.7038 60.4566
vt 4.4472 60.2046
vt 5.217 60.0516
vt 6 60
vt 6.783 60.0516
vt 7.5528 60.2046
vt 8.2962 60.4566
vt 9 60.804
vt 9.6528 61.2396
vt 10.2426 61.7574
vt 10.7604 62.3472
vt 11.196 63
vt 11.5434 63.7038
vt 11.7954 64.4472
vt 11.9484 65.217
vt 12 66
vt 11.9484 66.783
vt 11.7954 67.5528
vt 11.5434 68.2962
vt 11.196 69
vt 10.7604 69.6528
vt 10.2426 70.2426
vt 9.6528 70.7604
vt 9 71.196
vt 8.2962 71.5434
vt 7.5528 71.7954
vt 6.783 71.9484
vt 51.9484 65.1654
vt 52 66
vt 56 66
vt 55.9484 65.1654
vt 51.7954 64.2426
vt 55.7954 64.2426
vt 51.5434 63.2472
vt 55.5434 63.2472
vt 51.196 62.196
vt 55.196 62.196
vt 50.7604 61.1076
vt 54.7604 61.1076
vt 50.2426 60
vt 54.2426 60
vt 49.6528 58.8924
vt 53.6528 58.8924
vt 49 57.804
vt 53 57.804
vt 48.2962 56.7528
vt 52.2962 56.7528
vt 47.5528 55.7574
vt 51.5528 55.7574
vt 46.783 54.8346
vt 50.783 54.8346
vt 46 54
vt 4 54
vt 0.05159998 53.2686
vt 4.0516 53.2686
vt 0.2045999 52.6518
vt 4.2046 52.6518
vt 0.4566002 52.1604
vt 4.4566 52.1604
vt 0.8039999 51.804
vt 4.804 51.804
vt 1.2396 51.5868
vt 5.2396 51.5868
vt 1.7574 51.5148
vt 45.7574 51.5148
vt 41.2396 51.5868
vt 45.2396 51.5868
vt 40.804 51.804
vt 44.804 51.804
vt 40.4566 52.1604
vt 44.4566 52.1604
vt 40.2046 52.6518
vt 44.2046 52.6518
vt 40.0516 53.2686
vt 44.0516 53.2686
vt 40 54
vt 10 54
vt 6.783 54.8346
vt 10.783 54.8346
vt 7.5528 55.7574
vt 11.5528 55.7574
vt 8.2962 56.7528
vt 12.2962 56.7528
vt 9 57.804
vt 13 57.804
vt 9.6528 58.8924
vt 13.6528 58.8924
vt 10.2426 60
vt 14.2426 60
vt 10.7604 61.1076
vt 14.7604 61.1076
vt 11.196 62.196
vt 15.196 62.196
vt 11.5434 63.2472
vt 15.5434 63.2472
vt 11.7954 64.2426
vt 15.7954 64.2426
vt 11.9484 65.1654
vt 15.9484 65.1654
vt 12 66
vt 16 66
vt 11.9484 66.7314
vt 15.9484 66.7314
vt 11.7954 67.3482
vt 15.7954 67.3482
vt 11.5434 67.8396
vt 15.5434 67.8396
vt 11.196 68.196
vt 15.196 68.196
vt 10.7604 68.4132
vt 14.7604 68.4132
vt 10.2426 68.4852
vt 54.2426 68.4852
vt 50.7604 68.4132
vt 54.7604 68.4132
vt 51.196 68.196
vt 55.196 68.196
vt 51.5434 67.8396
vt 55.5434 67.8396
vt 51.7954 67.3482
vt 55.7954 67.3482
vt 51.9484 66.7314
vt 55.9484 66.7314
vt 5.217 51.9484
vt 6 52
vt 6 46
vt 4.4472 51.7954
vt 3.7038 51.5434
vt 3 51.196
vt 2.3472 50.7604
vt 1.7574 50.2426
vt 1.2396 49.6528
vt 0.8039999 49
vt 0.4566002 48.2962
vt 0.2045999 47.5528
vt 0.05159998 46.783
vt 0 46
vt 0.05159998 45.217
vt 0.2045999 44.4472
vt 0.4566002 43.7038
vt 0.8039999 43
vt 1.2396 42.3472
vt 1.7574 41.7574
vt 2.3472 41.2396
vt 3 40.804
vt 3.7038 40.4566
vt 4.4472 40.2046
vt 5.217 40.0516
vt 6 40
vt 6.783 40.0516
vt 7.5528 40.2046
vt 8.2962 40.4566
vt 9 40.804
vt 9.6528 41.2396
vt 10.2426 41.7574
vt 10.7604 42.3472
vt 11.196 43
vt 11.5434 43.7038
vt 11.7954 44.4472
vt 11.9484 45.217
vt 12 46
vt 11.9484 46.783
vt 11.7954 47.5528
vt 11.5434 48.2962
vt 11.196 49
vt 10.7604 49.6528
vt 10.2426 50.2426
vt 9.6528 50.7604
vt 9 51.196
vt 8.2962 51.5434
vt 7.5528 51.7954
vt 6.783 51.9484
vt 31.9484 45.1654
vt 32 46
vt 36 46
vt 35.9484 45.1654
vt 31.7954 44.2426
vt 35.7954 44.2426
vt 31.5434 43.2472
vt 35.5434 43.2472
vt 31.196 42.196
vt 35.196 42.196
vt 30.7604 41.1076
vt 34.7604 41.1076
vt 30.2426 40
vt 34.2426 40
vt 29.6528 38.8924
vt 33.6528 38.8924
vt 29 37.804
vt 33 37.804
vt 28.2962 36.7528
vt 32.2962 36.7528
vt 27.5528 35.7574
vt 31.5528 35.7574
vt 26.783 34.8346
vt 30.783 34.8346
vt 26 34
vt 4 34
vt 0.05159998 33.2686
vt 4.0516 33.2686
vt 0.2045999 32.6518
vt 4.2046 32.6518
vt 0.4566002 32.1604
vt 4.4566 32.1604
vt 0.8039999 31.804
vt 4.804 31.804
vt 1.2396 31.5868
vt 5.2396 31.5868
vt 1.7574 31.5148
vt 25.7574 31.5148
vt 21.2396 31.5868
vt 25.2396 31.5868
vt 20.804 31.804
vt 24.804 31.804
vt 20.4566 32.1604
vt 24.4566 32.1604
vt 20.2046 32.6518
vt 24.2046 32.6518
vt 20.0516 33.2686
vt 24.0516 33.2686
vt 20 34
vt 10 34
vt 6.783 34.8346
vt 10.783 34.8346
vt 7.5528 35.7574
vt 11.5528 35.7574
vt 8.2962 36.7528
vt 12.2962 36.7528
vt 9 37.804
vt 13 37.804
vt 9.6528 38.8924
vt 13.6528 38.8924
vt 10.2426 40
vt 14.2426 40
vt 10.7604 41.1076
vt 14.7604 41.1076
vt 11.196 42.196
vt 15.196 42.196
vt 11.5434 43.2472
vt 15.5434 43.2472
vt 11.7954 44.2426
vt 15.7954 44.2426
vt 11.9484 45.1654
vt 15.9484 45.1654
vt 12 46
vt 16 46
vt 11.9484 46.7314
vt 15.9484 46.7314
vt 11.7954 47.3482
vt 15.7954 47.3482
vt 11.5434 47.8396
vt 15.5434 47.8396
vt 11.196 48.196
vt 15.196 48.196
vt 10.7604 48.4132
vt 14.7604 48.4132
vt 10.2426 48.4852
vt 34.2426 48.4852
vt 30.7604 48.4132
vt 34.7604 48.4132
vt 31.196 48.196
vt 35.196 48.196
vt 31.5434 47.8396
vt 35.5434 47.8396
vt 31.7954 47.3482
vt 35.7954 47.3482
vt 31.9484 46.7314
vt 35.9484 46.7314
vt 5.217 31.9484
vt 6 32
vt 6 26
vt 4.4472 31.7954
vt 3.7038 31.5434
vt 3 31.196
vt 2.3472 30.7604
vt 1.7574 30.2426
vt 1.2396 29.6528
vt 0.8039999 29
vt 0.4566002 28.2962
vt 0.2045999 27.5528
vt 0.05159998 26.783
vt 0 26
vt 0.05159998 25.217
vt 0.2045999 24.4472
vt 0.4566002 23.7038
vt 0.8039999 23
vt 1.2396 22.3472
vt 1.7574 21.7574
vt 2.3472 21.2396
vt 3 20.804
vt 3.7038 20.4566
vt 4.4472 20.2046
vt 5.217 20.0516
vt 6 20
vt 6.783 20.0516
vt 7.5528 20.2046
vt 8.2962 20.4566
vt 9 20.804
vt 9.6528 21.2396
vt 10.2426 21.7574
vt 10.7604 22.3472
vt 11.196 23
vt 11.5434 23.7038
vt 11.7954 24.4472
vt 11.9484 25.217
vt 12 26
vt 11.9484 26.783
vt 11.7954 27.5528
vt 11.5434 28.2962
vt 11.196 29
vt 10.7604 29.6528
vt 10.2426 30.2426
vt 9.6528 30.7604
vt 9 31.196
vt 8.2962 31.5434
vt 7.5528 31.7954
vt 6.783 31.9484
vt 11.9484 25.1654
vt 12 26
vt 16 26
vt 15.9484 25.1654
vt 11.7954 24.2426
vt 15.7954 24.2426
vt 11.5434 23.2472
vt 15.5434 23.2472
vt 11.196 22.196
vt 15.196 22.196
vt 10.7604 21.1076
vt 14.7604 21.1076
vt 10.2426 20
vt 14.2426 20
vt 9.6528 18.8924
vt 13.6528 18.8924
vt 9 17.804
vt 13 17.804
vt 8.2962 16.7528
vt 12.2962 16.7528
vt 7.5528 15.7574
vt 11.5528 15.7574
vt 6.783 14.8346
vt 10.783 14.8346
vt 6 14
vt 4 14
vt 0.05159998 13.2686
vt 4.0516 13.2686
vt 0.2045999 12.6518
vt 4.2046 12.6518
vt 0.4566002 12.1604
vt 4.4566 12.1604
vt 0.8039999 11.804
vt 4.804 11.804
vt 1.2396 11.5868
vt 5.2396 11.5868
vt 1.7574 11.5148
vt 5.7574 11.5148
vt 1.2396 11.5868
vt 5.2396 11.5868
vt 0.8039999 11.804
vt 4.804 11.804
vt 0.4566002 12.1604
vt 4.4566 12.1604
vt 0.2045999 12.6518
vt 4.2046 12.6518
vt 0.05159998 13.2686
vt 4.0516 13.2686
vt 0 14
vt 10 14
vt 6.783 14.8346
vt 10.783 14.8346
vt 7.5528 15.7574
vt 11.5528 15.7574
vt 8.2962 16.7528
vt 12.2962 16.7528
vt 9 17.804
vt 13 17.804
vt 9.6528 18.8924
vt 13.6528 18.8924
vt 10.2426 20
vt 14.2426 20
vt 10.7604 21.1076
vt 14.7604 21.1076
vt 11.196 22.196
vt 15.196 22.196
vt 11.5434 23.2472
vt 15.5434 23.2472
vt 11.7954 24.2426
vt 15.7954 24.2426
vt 11.9484 25.1654
vt 15.9484 25.1654
vt 12 26
vt 16 26
vt 11.9484 26.7314
vt 15.9484 26.7314
vt 11.7954 27.3482
vt 15.7954 27.3482
vt 11.5434 27.8396
vt 15.5434 27.8396
vt 11.196 28.196
vt 15.196 28.196
vt 10.7604 28.4132
vt 14.7604 28.4132
vt 10.2426 28.4852
vt 14.2426 28.4852
vt 10.7604 28.4132
vt 14.7604 28.4132
vt 11.196 28.196
vt 15.196 28.196
vt 11.5434 27.8396
vt 15.5434 27.8396
vt 11.7954 27.3482
vt 15.7954 27.3482
vt 11.9484 26.7314
vt 15.9484 26.7314
vt 5.217 11.9484
vt 6 12
vt 6 6
vt 4.4472 11.7954
vt 3.7038 11.5434
vt 3 11.196
vt 2.3472 10.7604
vt 1.7574 10.2426
vt 1.2396 9.6528
vt 0.8039999 9
vt 0.4566002 8.2962
vt 0.2045999 7.5528
vt 0.05159998 6.783
vt 0 6
vt 0.05159998 5.217
vt 0.2045999 4.4472
vt 0.4566002 3.7038
vt 0.8039999 3
vt 1.2396 2.3472
vt 1.7574 1.7574
vt 2.3472 1.2396
vt 3 0.8039999
vt 3.7038 0.4566002
vt 4.4472 0.2045999
vt 5.217 0.05159998
vt 6 0
vt 6.783 0.05159998
vt 7.5528 0.2045999
vt 8.2962 0.4566002
vt 9 0.8039999
vt 9.6528 1.2396
vt 10.2426 1.7574
vt 10.7604 2.3472
vt 11.196 3
vt 11.5434 3.7038
vt 11.7954 4.4472
vt 11.9484 5.217
vt 12 6
vt 11.9484 6.783
vt 11.7954 7.5528
vt 11.5434 8.2962
vt 11.196 9
vt 10.7604 9.6528
vt 10.2426 10.2426
vt 9.6528 10.7604
vt 9 11.196
vt 8.2962 11.5434
vt 7.5528 11.7954
vt 6.783 11.9484
vt -8.0516 5.1654
vt -8 6
vt -4 6
vt -4.0516 5.1654
vt -8.204599 4.2426
vt -4.2046 4.2426
vt -8.4566 3.2472
vt -4.4566 3.2472
vt -8.804 2.196
vt -4.804 2.196
vt -9.2396 1.1076
vt -5.2396 1.1076
vt -9.757401 0
vt -5.7574 0
vt -10.3472 -1.1076
vt -6.3472 -1.1076
vt -11 -2.196
vt -7 -2.196
vt -11.7038 -3.2472
vt -7.7038 -3.2472
vt -12.4472 -4.2426
vt -8.4472 -4.2426
vt -13.217 -5.1654
vt -9.217 -5.1654
vt -14 -6
vt 4 -6
vt 0.05159998 -6.7314
vt 4.0516 -6.7314
vt 0.2045999 -7.3482
vt 4.2046 -7.3482
vt 0.4566002 -7.8396
vt 4.4566 -7.8396
vt 0.8039999 -8.196
vt 4.804 -8.196
vt 1.2396 -8.413199
vt 5.2396 -8.413199
vt 1.7574 -8.485199
vt -14.2426 -8.485199
vt -18.7604 -8.4132
vt -14.7604 -8.4132
vt -19.196 -8.196
vt -15.196 -8.196
vt -19.5434 -7.8396
vt -15.5434 -7.8396
vt -19.7954 -7.348201
vt -15.7954 -7.348201
vt -19.9484 -6.7314
vt -15.9484 -6.7314
vt -20 -6
vt 10 -6
vt 6.783 -5.165401
vt 10.783 -5.165401
vt 7.5528 -4.2426
vt 11.5528 -4.2426
vt 8.2962 -3.2472
vt 12.2962 -3.2472
vt 9 -2.196
vt 13 -2.196
vt 9.6528 -1.1076
vt 13.6528 -1.1076
vt 10.2426 0
vt 14.2426 0
vt 10.7604 1.1076
vt 14.7604 1.1076
vt 11.196 2.196
vt 15.196 2.196
vt 11.5434 3.2472
vt 15.5434 3.2472
vt 11.7954 4.2426
vt 15.7954 4.2426
vt 11.9484 5.165401
vt 15.9484 5.165401
vt 12 6
vt 16 6
vt 11.9484 6.7314
vt 15.9484 6.7314
vt 11.7954 7.348201
vt 15.7954 7.348201
vt 11.5434 7.8396
vt 15.5434 7.8396
vt 11.196 8.196
vt 15.196 8.196
vt 10.7604 8.4132
vt 14.7604 8.4132
vt 10.2426 8.485199
vt -5.7574 8.485199
vt -9.2396 8.413199
vt -5.2396 8.413199
vt -8.804 8.196
vt -4.804 8.196
vt -8.4566 7.8396
vt -4.4566 7.8396
vt -8.204599 7.3482
vt -4.2046 7.3482
vt -8.0516 6.7314
vt -4.0516 6.7314
vt 5.217 -8.0516
vt 6 -8
vt 6 -14
vt 4.4472 -8.204599
vt 3.7038 -8.4566
vt 3 -8.804
vt 2.3472 -9.2396
vt 1.7574 -9.757401
vt 1.2396 -10.3472
vt 0.8039999 -11
vt 0.4566002 -11.7038
vt 0.2045999 -12.4472
vt 0.05159998 -13.217
vt 0 -14
vt 0.05159998 -14.783
vt 0.2045999 -15.5528
vt 0.4566002 -16.2962
vt 0.8039999 -17
vt 1.2396 -17.6528
vt 1.7574 -18.2426
vt 2.3472 -18.7604
vt 3 -19.196
vt 3.7038 -19.5434
vt 4.4472 -19.7954
vt 5.217 -19.9484
vt 6 -20
vt 6.783 -19.9484
vt 7.5528 -19.7954
vt 8.2962 -19.5434
vt 9 -19.196
vt 9.6528 -18.7604
vt 10.2426 -18.2426
vt 10.7604 -17.6528
vt 11.196 -17
vt 11.5434 -16.2962
vt 11.7954 -15.5528
vt 11.9484 -14.783
vt 12 -14
vt 11.9484 -13.217
vt 11.7954 -12.4472
vt 11.5434 -11.7038
vt 11.196 -11
vt 10.7604 -10.3472
vt 10.2426 -9.757401
vt 9.6528 -9.2396
vt 9 -8.804
vt 8.2962 -8.4566
vt 7.5528 -8.204599
vt 6.783 -8.0516
vt -28.0516 -14.8346
vt -28 -14
vt -24 -14
vt -24.0516 -14.8346
vt -28.2046 -15.7574
vt -24.2046 -15.7574
vt -28.4566 -16.7528
vt -24.4566 -16.7528
vt -28.804 -17.804
vt -24.804 -17.804
vt -29.2396 -18.8924
vt -25.2396 -18.8924
vt -29.7574 -20
vt -25.7574 -20
vt -30.3472 -21.1076
vt -26.3472 -21.1076
vt -31 -22.196
vt -27 -22.196
vt -31.7038 -23.2472
vt -27.7038 -23.2472
vt -32.4472 -24.2426
vt -28.4472 -24.2426
vt -33.217 -25.1654
vt -29.217 -25.1654
vt -34 -26
vt 4 -26
vt 0.05159998 -26.7314
vt 4.0516 -26.7314
vt 0.2045999 -27.3482
vt 4.2046 -27.3482
vt 0.4566002 -27.8396
vt 4.4566 -27.8396
vt 0.8039999 -28.196
vt 4.804 -28.196
vt 1.2396 -28.4132
vt 5.2396 -28.4132
vt 1.7574 -28.4852
vt -34.2426 -28.4852
vt -38.7604 -28.4132
vt -34.7604 -28.4132
vt -39.196 -28.196
vt -35.196 -28.196
vt -39.5434 -27.8396
vt -35.5434 -27.8396
vt -39.7954 -27.3482
vt -35.7954 -27.3482
vt -39.9484 -26.7314
vt -35.9484 -26.7314
vt -40 -26
vt 10 -26
vt 6.783 -25.1654
vt 10.783 -25.1654
vt 7.5528 -24.2426
vt 11.5528 -24.2426
vt 8.2962 -23.2472
vt 12.2962 -23.2472
vt 9 -22.196
vt 13 -22.196
vt 9.6528 -21.1076
vt 13.6528 -21.1076
vt 10.2426 -20
vt 14.2426 -20
vt 10.7604 -18.8924
vt 14.7604 -18.8924
vt 11.196 -17.804
vt 15.196 -17.804
vt 11.5434 -16.7528
vt 15.5434 -16.7528
vt 11.7954 -15.7574
vt 15.7954 -15.7574
vt 11.9484 -14.8346
vt 15.9484 -14.8346
vt 12 -14
vt 16 -14
vt 11.9484 -13.2686
vt 15.9484 -13.2686
vt 11.7954 -12.6518
vt 15.7954 -12.6518
vt 11.5434 -12.1604
vt 15.5434 -12.1604
vt 11.196 -11.804
vt 15.196 -11.804
vt 10.7604 -11.5868
vt 14.7604 -11.5868
vt 10.2426 -11.5148
vt -25.7574 -11.5148
vt -29.2396 -11.5868
vt -25.2396 -11.5868
vt -28.804 -11.804
vt -24.804 -11.804
vt -28.4566 -12.1604
vt -24.4566 -12.1604
vt -28.2046 -12.6518
vt -24.2046 -12.6518
vt -28.0516 -13.2686
vt -24.0516 -13.2686
vt 5.217 -28.0516
vt 6 -28
vt 6 -34
vt 4.4472 -28.2046
vt 3.7038 -28.4566
vt 3 -28.804
vt 2.3472 -29.2396
vt 1.7574 -29.7574
vt 1.2396 -30.3472
vt 0.8039999 -31
vt 0.4566002 -31.7038
vt 0.2045999 -32.4472
vt 0.05159998 -33.217
vt 0 -34
vt 0.05159998 -34.783
vt 0.2045999 -35.5528
vt 0.4566002 -36.2962
vt 0.8039999 -37
vt 1.2396 -37.6528
vt 1.7574 -38.2426
vt 2.3472 -38.7604
vt 3 -39.196
vt 3.7038 -39.5434
vt 4.4472 -39.7954
vt 5.217 -39.9484
vt 6 -40
vt 6.783 -39.9484
vt 7.5528 -39.7954
vt 8.2962 -39.5434
vt 9 -39.196
vt 9.6528 -38.7604
vt 10.2426 -38.2426
vt 10.7604 -37.6528
vt 11.196 -37
vt 11.5434 -36.2962
vt 11.7954 -35.5528
vt 11.9484 -34.783
vt 12 -34
vt 11.9484 -33.217
vt 11.7954 -32.4472
vt 11.5434 -31.7038
vt 11.196 -31
vt 10.7604 -30.3472
vt 10.2426 -29.7574
vt 9.6528 -29.2396
vt 9 -28.804
vt 8.2962 -28.4566
vt 7.5528 -28.2046
vt 6.783 -28.0516
vt -48.0516 -34.8346
vt -48 -34
vt -44 -34
vt -44.0516 -34.8346
vt -48.2046 -35.7574
vt -44.2046 -35.7574
vt -48.4566 -36.7528
vt -44.4566 -36.7528
vt -48.804 -37.804
vt -44.804 -37.804
vt -49.2396 -38.8924
vt -45.2396 -38.8924
vt -49.7574 -40
vt -45.7574 -40
vt -50.3472 -41.1076
vt -46.3472 -41.1076
vt -51 -42.196
vt -47 -42.196
vt -51.7038 -43.2472
vt -47.7038 -43.2472
vt -52.4472 -44.2426
vt -48.4472 -44.2426
vt -53.217 -45.1654
vt -49.217 -45.1654
vt -54 -46
vt 4 -46
vt 0.05159998 -46.7314
vt 4.0516 -46.7314
vt 0.2045999 -47.3482
vt 4.2046 -47.3482
vt 0.4566002 -47.8396
vt 4.4566 -47.8396
vt 0.8039999 -48.196
vt 4.804 -48.196
vt 1.2396 -48.4132
vt 5.2396 -48.4132
vt 1.7574 -48.4852
vt -54.2426 -48.4852
vt -58.7604 -48.4132
vt -54.7604 -48.4132
vt -59.196 -48.196
vt -55.196 -48.196
vt -59.5434 -47.8396
vt -55.5434 -47.8396
vt -59.7954 -47.3482
vt -55.7954 -47.3482
vt -59.9484 -46.7314
vt -55.9484 -46.7314
vt -60 -46
vt 10 -46
vt 6.783 -45.1654
vt 10.783 -45.1654
vt 7.5528 -44.2426
vt 11.5528 -44.2426
vt 8.2962 -43.2472
vt 12.2962 -43.2472
vt 9 -42.196
vt 13 -42.196
vt 9.6528 -41.1076
vt 13.6528 -41.1076
vt 10.2426 -40
vt 14.2426 -40
vt 10.7604 -38.8924
vt 14.7604 -38.8924
vt 11.196 -37.804
vt 15.196 -37.804
vt 11.5434 -36.7528
vt 15.5434 -36.7528
vt 11.7954 -35.7574
vt 15.7954 -35.7574
vt 11.9484 -34.8346
vt 15.9484 -34.8346
vt 12 -34
vt 16 -34
vt 11.9484 -33.2686
vt 15.9484 -33.2686
vt 11.7954 -32.6518
vt 15.7954 -32.6518
vt 11.5434 -32.1604
vt 15.5434 -32.1604
vt 11.196 -31.804
vt 15.196 -31.804
vt 10.7604 -31.5868
vt 14.7604 -31.5868
vt 10.2426 -31.5148
vt -45.7574 -31.5148
vt -49.2396 -31.5868
vt -45.2396 -31.5868
vt -48.804 -31.804
vt -44.804 -31.804
vt -48.4566 -32.1604
vt -44.4566 -32.1604
vt -48.2046 -32.6518
vt -44.2046 -32.6518
vt -48.0516 -33.2686
vt -44.0516 -33.2686
vt 5.217 -48.0516
vt 6 -48
vt 6 -54
vt 4.4472 -48.2046
vt 3.7038 -48.4566
vt 3 -48.804
vt 2.3472 -49.2396
vt 1.7574 -49.7574
vt 1.2396 -50.3472
vt 0.8039999 -51
vt 0.4566002 -51.7038
vt 0.2045999 -52.4472
vt 0.05159998 -53.217
vt 0 -54
vt 0.05159998 -54.783
vt 0.2045999 -55.5528
vt 0.4566002 -56.2962
vt 0.8039999 -57
vt 1.2396 -57.6528
vt 1.7574 -58.2426
vt 2.3472 -58.7604
vt 3 -59.196
vt 3.7038 -59.5434
vt 4.4472 -59.7954
vt 5.217 -59.9484
vt 6 -60
vt 6.783 -59.9484
vt 7.5528 -59.7954
vt 8.2962 -59.5434
vt 9 -59.196
vt 9.6528 -58.7604
vt 10.2426 -58.2426
vt 10.7604 -57.6528
vt 11.196 -57
vt 11.5434 -56.2962
vt 11.7954 -55.5528
vt 11.9484 -54.783
vt 12 -54
vt 11.9484 -53.217
vt 11.7954 -52.4472
vt 11.5434 -51.7038
vt 11.196 -51
vt 10.7604 -50.3472
vt 10.2426 -49.7574
vt 9.6528 -49.2396
vt 9 -48.804
vt 8.2962 -48.4566
vt 7.5528 -48.2046
vt 6.783 -48.0516
vt -68.0516 -54.8346
vt -68 -54
vt -64 -54
vt -64.0516 -54.8346
vt -68.2046 -55.7574
vt -64.2046 -55.7574
vt -68.4566 -56.7528
vt -64.4566 -56.7528
vt -68.804 -57.804
vt -64.804 -57.804
vt -69.2396 -58.8924
vt -65.2396 -58.8924
vt -69.7574 -60
vt -65.7574 -60
vt -70.3472 -61.1076
vt -66.3472 -61.1076
vt -71 -62.196
vt -67 -62.196
vt -71.7038 -63.2472
vt -67.7038 -63.2472
vt -72.4472 -64.2426
vt -68.4472 -64.2426
vt -73.217 -65.16541
vt -69.217 -65.16541
vt -74 -66
vt 4 -66
vt 0.05159998 -66.7314
vt 4.0516 -66.7314
vt 0.2045999 -67.34821
vt 4.2046 -67.34821
vt 0.4566002 -67.8396
vt 4.4566 -67.8396
vt 0.8039999 -68.196
vt 4.804 -68.196
vt 1.2396 -68.4132
vt 5.2396 -68.4132
vt 1.7574 -68.4852
vt -74.2426 -68.4852
vt -78.7604 -68.4132
vt -74.7604 -68.4132
vt -79.196 -68.196
vt -75.196 -68.196
vt -79.5434 -67.8396
vt -75.5434 -67.8396
vt -79.7954 -67.34821
vt -75.7954 -67.34821
vt -79.9484 -66.7314
vt -75.9484 -66.7314
vt -80 -66
vt 10 -66
vt 6.783 -65.16541
vt 10.783 -65.16541
vt 7.5528 -64.2426
vt 11.5528 -64.2426
vt 8.2962 -63.2472
vt 12.2962 -63.2472
vt 9 -62.196
vt 13 -62.196
vt 9.6528 -61.1076
vt 13.6528 -61.1076
vt 10.2426 -60
vt 14.2426 -60
vt 10.7604 -58.8924
vt 14.7604 -58.8924
vt 11.196 -57.804
vt 15.196 -57.804
vt 11.5434 -56.7528
vt 15.5434 -56.7528
vt 11.7954 -55.7574
vt 15.7954 -55.7574
vt 11.9484 -54.83459
vt 15.9484 -54.83459
vt 12 -54
vt 16 -54
vt 11.9484 -53.2686
vt 15.9484 -53.2686
vt 11.7954 -52.65179
vt 15.7954 -52.65179
vt 11.5434 -52.1604
vt 15.5434 -52.1604
vt 11.196 -51.804
vt 15.196 -51.804
vt 10.7604 -51.5868
vt 14.7604 -51.5868
vt 10.2426 -51.5148
vt -65.7574 -51.5148
vt -69.2396 -51.5868
vt -65.2396 -51.5868
vt -68.804 -51.804
vt -64.804 -51.804
vt -68.4566 -52.1604
vt -64.4566 -52.1604
vt -68.2046 -52.6518
vt -64.2046 -52.6518
vt -68.0516 -53.2686
vt -64.0516 -53.2686
vt 5.217 -68.0516
vt 6 -68
vt 6 -74
vt 4.4472 -68.2046
vt 3.7038 -68.4566
vt 3 -68.804
vt 2.3472 -69.2396
vt 1.7574 -69.7574
vt 1.2396 -70.3472
vt 0.8039999 -71
vt 0.4566002 -71.7038
vt 0.2045999 -72.4472
vt 0.05159998 -73.217
vt 0 -74
vt 0.05159998 -74.783
vt 0.2045999 -75.5528
vt 0.4566002 -76.2962
vt 0.8039999 -77
vt 1.2396 -77.6528
vt 1.7574 -78.2426
vt 2.3472 -78.7604
vt 3 -79.196
vt 3.7038 -79.5434
vt 4.4472 -79.7954
vt 5.217 -79.9484
vt 6 -80
vt 6.783 -79.9484
vt 7.5528 -79.7954
vt 8.2962 -79.5434
vt 9 -79.196
vt 9.6528 -78.7604
vt 10.2426 -78.2426
vt 10.7604 -77.6528
vt 11.196 -77
vt 11.5434 -76.2962
vt 11.7954 -75.5528
vt 11.9484 -74.783
vt 12 -74
vt 11.9484 -73.217
vt 11.7954 -72.4472
vt 11.5434 -71.7038
vt 11.196 -71
vt 10.7604 -70.3472
vt 10.2426 -69.7574
vt 9.6528 -69.2396
vt 9 -68.804
vt 8.2962 -68.4566
vt 7.5528 -68.2046
vt 6.783 -68.0516
vt -88.0516 -74.83459
vt -88 -74
vt -84 -74
vt -84.0516 -74.83459
vt -88.2046 -75.7574
vt -84.2046 -75.7574
vt -88.4566 -76.75281
vt -84.4566 -76.75281
vt -88.804 -77.804
vt -84.804 -77.804
vt -89.2396 -78.8924
vt -85.2396 -78.8924
vt -89.7574 -80
vt -85.7574 -80
vt -90.3472 -81.1076
vt -86.3472 -81.1076
vt -91 -82.196
vt -87 -82.196
vt -91.7038 -83.24719
vt -87.7038 -83.24719
vt -92.4472 -84.2426
vt -88.4472 -84.2426
vt -93.217 -85.16541
vt -89.217 -85.16541
vt -94 -86
vt 4 -86
vt 0.05159998 -86.7314
vt 4.0516 -86.7314
vt 0.2045999 -87.34821
vt 4.2046 -87.34821
vt 0.4566002 -87.8396
vt 4.4566 -87.8396
vt 0.8039999 -88.196
vt 4.804 -88.196
vt 1.2396 -88.4132
vt 5.2396 -88.4132
vt 1.7574 -88.4852
vt -94.2426 -88.4852
vt -98.7604 -88.4132
vt -94.7604 -88.4132
vt -99.196 -88.196
vt -95.196 -88.196
vt -99.5434 -87.8396
vt -95.5434 -87.8396
vt -99.7954 -87.34821
vt -95.7954 -87.34821
vt -99.9484 -86.7314
vt -95.9484 -86.7314
vt -100 -86
vt 10 -86
vt 6.783 -85.16541
vt 10.783 -85.16541
vt 7.5528 -84.2426
vt 11.5528 -84.2426
vt 8.2962 -83.24719
vt 12.2962 -83.24719
vt 9 -82.196
vt 13 -82.196
vt 9.6528 -81.1076
vt 13.6528 -81.1076
vt 10.2426 -80
vt 14.2426 -80
vt 10.7604 -78.8924
vt 14.7604 -78.8924
vt 11.196 -77.804
vt 15.196 -77.804
vt 11.5434 -76.75281
vt 15.5434 -76.75281
vt 11.7954 -75.7574
vt 15.7954 -75.7574
vt 11.9484 -74.83459
vt 15.9484 -74.83459
vt 12 -74
vt 16 -74
vt 11.9484 -73.2686
vt 15.9484 -73.2686
vt 11.7954 -72.65179
vt 15.7954 -72.65179
vt 11.5434 -72.1604
vt 15.5434 -72.1604
vt 11.196 -71.804
vt 15.196 -71.804
vt 10.7604 -71.5868
vt 14.7604 -71.5868
vt 10.2426 -71.5148
vt -85.7574 -71.5148
vt -89.2396 -71.5868
vt -85.2396 -71.5868
vt -88.804 -71.804
vt -84.804 -71.804
vt -88.4566 -72.1604
vt -84.4566 -72.1604
vt -88.2046 -72.65179
vt -84.2046 -72.65179
vt -88.0516 -73.2686
vt -84.0516 -73.2686
vt 5.217 -88.0516
vt 6 -88
vt 6 -94
vt 4.4472 -88.2046
vt 3.7038 -88.4566
vt 3 -88.804
vt 2.3472 -89.2396
vt 1.7574 -89.7574
vt 1.2396 -90.3472
vt 0.8039999 -91
vt 0.4566002 -91.7038
vt 0.2045999 -92.4472
vt 0.05159998 -93.217
vt 0 -94
vt 0.05159998 -94.783
vt 0.2045999 -95.5528
vt 0.4566002 -96.2962
vt 0.8039999 -97
vt 1.2396 -97.6528
vt 1.7574 -98.2426
vt 2.3472 -98.7604
vt 3 -99.196
vt 3.7038 -99.5434
vt 4.4472 -99.7954
vt 5.217 -99.9484
vt 6 -100
vt 6.783 -99.9484
vt 7.5528 -99.7954
vt 8.2962 -99.5434
vt 9 -99.196
vt 9.6528 -98.7604
vt 10.2426 -98.2426
vt 10.7604 -97.6528
vt 11.196 -97
vt 11.5434 -96.2962
vt 11.7954 -95.5528
vt 11.9484 -94.783
vt 12 -94
vt 11.9484 -93.217
vt 11.7954 -92.4472
vt 11.5434 -91.7038
vt 11.196 -91
vt 10.7604 -90.3472
vt 10.2426 -89.7574
vt 9.6528 -89.2396
vt 9 -88.804
vt 8.2962 -88.4566
vt 7.5528 -88.2046
vt 6.783 -88.0516
usemtl 30
f 3/3/3 2/2/2 1/1/1
f 1/1/1 4/4/4 3/3/3
f 4/4/4 1/1/1 5/5/5
f 5/5/5 6/6/6 4/4/4
f 6/6/6 5/5/5 7/7/7
f 7/7/7 8/8/8 6/6/6
f 8/8/8 7/7/7 9/9/9
f 9/9/9 10/10/10 8/8/8
f 10/10/10 9/9/9 11/11/11
f 11/11/11 12/12/12 10/10/10
f 12/12/12 11/11/11 13/13/13
f 13/13/13 14/14/14 12/12/12
f 14/14/14 13/13/13 15/15/15
f 15/15/15 16/16/16 14/14/14
f 16/16/16 15/15/15 17/17/17
f 17/17/17 18/18/18 16/16/16
f 18/18/18 17/17/17 19/19/19
f 19/19/19 20/20/20 18/18/18
f 20/20/20 19/19/19 21/21/21
f 21/21/21 22/22/22 20/20/20
f 22/22/22 21/21/21 23/23/23
f 23/23/23 24/24/24 22/22/22
f 24/24/24 23/23/23 25/25/25
f 25/25/25 26/26/26 24/24/24
f 26/26/26 25/25/25 27/27/27
f 27/27/27 28/28/28 26/26/26
f 28/28/28 27/27/27 29/29/29
f 29/29/29 30/30/30 28/28/28
f 30/30/30 29/29/29 31/31/31
f 31/31/31 32/32/32 30/30/30
f 32/32/32 31/31/31 33/33/33
f 33/33/33 34/34/34 32/32/32
f 34/34/34 33/33/33 35/35/35
f 35/35/35 36/36/36 34/34/34
f 36/36/36 35/35/35 37/37/37
f 37/37/37 38/38/38 36/36/36
f 38/38/38 37/37/37 39/39/39
f 39/39/39 40/40/40 38/38/38
f 40/40/40 39/39/39 41/41/41
f 41/41/41 42/42/42 40/40/40
f 42/42/42 41/41/41 43/43/43
f 43/43/43 44/44/44 42/42/42
f 44/44/44 43/43/43 45/45/45
f 45/45/45 46/46/46 44/44/44
f 46/46/46 45/45/45 47/47/47
f 47/47/47 48/48/48 46/46/46
f 48/48/48 47/47/47 49/49/49
f 49/49/49 50/50/50 48/48/48
f 50/50/50 49/49/49 51/51/51
f 51/51/51 52/52/52 50/50/50
f 52/52/52 51/51/51 53/53/53
f 53/53/53 54/54/54 52/52/52
f 54/54/54 53/53/53 55/55/55
f 55/55/55 56/56/56 54/54/54
f 56/56/56 55/55/55 57/57/57
f 57/57/57 58/58/58 56/56/56
f 58/58/58 57/57/57 59/59/59
f 59/59/59 60/60/60 58/58/58
f 60/60/60 59/59/59 61/61/61
f 61/61/61 62/62/62 60/60/60
f 62/62/62 61/61/61 63/63/63
f 63/63/63 64/64/64 62/62/62
f 64/64/64 63/63/63 65/65/65
f 65/65/65 66/66/66 64/64/64
f 66/66/66 65/65/65 67/67/67
f 67/67/67 68/68/68 66/66/66
f 68/68/68 67/67/67 69/69/69
f 69/69/69 70/70/70 68/68/68
f 70/70/70 69/69/69 71/71/71
f 71/71/71 72/72/72 70/70/70
f 72/72/72 71/71/71 73/73/73
f 73/73/73 74/74/74 72/72/72
f 74/74/74 73/73/73 75/75/75
f 75/75/75 76/76/76 74/74/74
f 76/76/76 75/75/75 77/77/77
f 77/77/77 78/78/78 76/76/76
f 78/78/78 77/77/77 79/79/79
f 79/79/79 80/80/80 78/78/78
f 80/80/80 79/79/79 81/81/81
f 81/81/81 82/82/82 80/80/80
f 82/82/82 81/81/81 83/83/83
f 83/83/83 84/84/84 82/82/82
f 84/84/84 83/83/83 85/85/85
f 85/85/85 86/86/86 84/84/84
f 86/86/86 85/85/85 87/87/87
f 87/87/87 88/88/88 86/86/86
f 88/88/88 87/87/87 89/89/89
f 89/89/89 90/90/90 88/88/88
f 90/90/90 89/89/89 91/91/91
f 91/91/91 92/92/92 90/90/90
f 92/92/92 91/91/91 93/93/93
f 93/93/93 94/94/94 92/92/92
f 94/94/94 93/93/93 95/95/95
f 95/95/95 96/96/96 94/94/94
f 96/96/96 95/95/95 2/2/2
f 2/2/2 3/3/3 96/96/96
f 97/97/97 98/98/98 99/99/99
f 99/99/99 100/100/100 97/97/97
f 101/101/101 97/97/97 100/100/100
f 100/100/100 102/102/102 101/101/101
f 103/103/103 101/101/101 102/102/102
f 102/102/102 104/104/104 103/103/103
f 105/105/105 103/103/103 104/104/104
f 104/104/104 106/106/106 105/105/105
f 107/107/107 105/105/105 106/106/106
f 106/106/106 108/108/108 107/107/107
f 109/109/109 107/107/107 108/108/108
f 108/108/108 110/110/110 109/109/109
f 111/111/111 109/109/109 110/110/110
f 110/110/110 112/112/112 111/111/111
f 113/113/113 111/111/111 112/112/112
f 112/112/112 114/114/114 113/113/113
f 115/115/115 113/113/113 114/114/114
f 114/114/114 116/116/116 115/115/115
f 117/117/117 115/115/115 116/116/116
f 116/116/116 118/118/118 117/117/117
f 119/119/119 117/117/117 118/118/118
f 118/118/118 120/120/120 119/119/119
f 121/121/121 119/119/119 120/120/120
f 120/120/120 122/122/122 121/121/121
f 123/123/123 121/121/121 122/122/122
f 122/122/122 124/124/124 123/123/123
f 125/125/125 123/123/123 124/124/124
f 124/124/124 126/126/126 125/125/125
f 127/127/127 125/125/125 126/126/126
f 126/126/126 128/128/128 127/127/127
f 129/129/129 127/127/127 128/128/128
f 128/128/128 130/130/130 129/129/129
f 131/131/131 129/129/129 130/130/130
f 130/130/130 132/132/132 131/131/131
f 133/133/133 131/131/131 132/132/132
f 132/132/132 134/134/134 133/133/133
f 135/135/135 133/133/133 134/134/134
f 134/134/134 136/136/136 135/135/135
f 137/137/137 135/135/135 136/136/136
f 136/136/136 138/138/138 137/137/137
f 139/139/139 137/137/137 138/138/138
f 138/138/138 140/140/140 139/139/139
f 141/141/141 139/139/139 140/140/140
f 140/140/140 142/142/142 141/141/141
f 143/143/143 141/141/141 142/142/142
f 142/142/142 144/144/144 143/143/143
f 145/145/145 143/143/143 144/144/144
f 144/144/144 146/146/146 145/145/145
f 147/147/147 145/145/145 146/146/146
f 146/146/146 148/148/148 147/147/147
f 149/149/149 147/147/147 148/148/148
f 148/148/148 150/150/150 149/149/149
f 151/151/151 149/149/149 150/150/150
f 150/150/150 152/152/152 151/151/151
f 153/153/153 151/151/151 152/152/152
f 152/152/152 154/154/154 153/153/153
f 155/155/155 153/153/153 154/154/154
f 154/154/154 156/156/156 155/155/155
f 157/157/157 155/155/155 156/156/156
f 156/156/156 158/158/158 157/157/157
f 159/159/159 157/157/157 158/158/158
f 158/158/158 160/160/160 159/159/159
f 161/161/161 159/159/159 160/160/160
f 160/160/160 162/162/162 161/161/161
f 163/163/163 161/161/161 162/162/162
f 162/162/162 164/164/164 163/163/163
f 165/165/165 163/163/163 164/164/164
f 164/164/164 166/166/166 165/165/165
f 167/167/167 165/165/165 166/166/166
f 166/166/166 168/168/168 167/167/167
f 169/169/169 167/167/167 168/168/168
f 168/168/168 170/170/170 169/169/169
f 171/171/171 169/169/169 170/170/170
f 170/170/170 172/172/172 171/171/171
f 173/173/173 171/171/171 172/172/172
f 172/172/172 174/174/174 173/173/173
f 175/175/175 173/173/173 174/174/174
f 174/174/174 176/176/176 175/175/175
f 177/177/177 175/175/175 176/176/176
f 176/176/176 178/178/178 177/177/177
f 179/179/179 177/177/177 178/178/178
f 178/178/178 180/180/180 179/179/179
f 181/181/181 179/179/179 180/180/180
f 180/180/180 182/182/182 181/181/181
f 183/183/183 181/181/181 182/182/182
f 182/182/182 184/184/184 183/183/183
f 185/185/185 183/183/183 184/184/184
f 184/184/184 186/186/186 185/185/185
f 187/187/187 185/185/185 186/186/186
f 186/186/186 188/188/188 187/187/187
f 189/189/189 187/187/187 188/188/188
f 188/188/188 190/190/190 189/189/189
f 191/191/191 189/189/189 190/190/190
f 190/190/190 192/192/192 191/191/191
f 98/98/98 191/191/191 192/192/192
f 192/192/192 99/99/99 98/98/98
f 193/193/193 194/194/194 195/195/195
f 195/195/195 196/196/196 193/193/193
f 194/194/194 197/197/197 198/198/198
f 198/198/198 195/195/195 194/194/194
f 197/197/197 199/199/199 200/200/200
f 200/200/200 198/198/198 197/197/197
f 199/199/199 201/201/201 202/202/202
f 202/202/202 200/200/200 199/199/199
f 201/201/201 203/203/203 204/204/204
f 204/204/204 202/202/202 201/201/201
f 203/203/203 205/205/205 206/206/206
f 206/206/206 204/204/204 203/203/203
f 205/205/205 207/207/207 208/208/208
f 208/208/208 206/206/206 205/205/205
f 207/207/207 209/209/209 210/210/210
f 210/210/210 208/208/208 207/207/207
f 209/209/209 211/211/211 212/212/212
f 212/212/212 210/210/210 209/209/209
f 211/211/211 213/213/213 214/214/214
f 214/214/214 212/212/212 211/211/211
f 213/213/213 215/215/215 216/216/216
f 216/216/216 214/214/214 213/213/213
f 215/215/215 217/217/217 218/218/218
f 218/218/218 216/216/216 215/215/215
f 217/217/217 219/219/219 220/220/220
f 220/220/220 218/218/218 217/217/217
f 219/219/219 221/221/221 222/222/222
f 222/222/222 220/220/220 219/219/219
f 221/221/221 223/223/223 224/224/224
f 224/224/224 222/222/222 221/221/221
f 223/223/223 225/225/225 226/226/226
f 226/226/226 224/224/224 223/223/223
f 225/225/225 227/227/227 228/228/228
f 228/228/228 226/226/226 225/225/225
f 227/227/227 229/229/229 230/230/230
f 230/230/230 228/228/228 227/227/227
f 229/229/229 231/231/231 232/232/232
f 232/232/232 230/230/230 229/229/229
f 231/231/231 233/233/233 234/234/234
f 234/234/234 232/232/232 231/231/231
f 233/233/233 235/235/235 236/236/236
f 236/236/236 234/234/234 233/233/233
f 235/235/235 237/237/237 238/238/238
f 238/238/238 236/236/236 235/235/235
f 237/237/237 239/239/239 240/240/240
f 240/240/240 238/238/238 237/237/237
f 239/239/239 241/241/241 242/242/242
f 242/242/242 240/240/240 239/239/239
f 241/241/241 243/243/243 244/244/244
f 244/244/244 242/242/242 241/241/241
f 243/243/243 245/245/245 246/246/246
f 246/246/246 244/244/244 243/243/243
f 245/245/245 247/247/247 248/248/248
f 248/248/248 246/246/246 245/245/245
f 247/247/247 249/249/249 250/250/250
f 250/250/250 248/248/248 247/247/247
f 249/249/249 251/251/251 252/252/252
f 252/252/252 250/250/250 249/249/249
f 251/251/251 253/253/253 254/254/254
f 254/254/254 252/252/252 251/251/251
f 253/253/253 255/255/255 256/256/256
f 256/256/256 254/254/254 253/253/253
f 255/255/255 257/257/257 258/258/258
f 258/258/258 256/256/256 255/255/255
f 257/257/257 259/259/259 260/260/260
f 260/260/260 258/258/258 257/257/257
f 259/259/259 261/261/261 262/262/262
f 262/262/262 260/260/260 259/259/259
f 261/261/261 263/263/263 264/264/264
f 264/264/264 262/262/262 261/261/261
f 263/263/263 265/265/265 266/266/266
f 266/266/266 264/264/264 263/263/263
f 265/265/265 267/267/267 268/268/268
f 268/268/268 266/266/266 265/265/265
f 267/267/267 269/269/269 270/270/270
f 270/270/270 268/268/268 267/267/267
f 269/269/269 271/271/271 272/272/272
f 272/272/272 270/270/270 269/269/269
f 271/271/271 273/273/273 274/274/274
f 274/274/274 272/272/272 271/271/271
f 273/273/273 275/275/275 276/276/276
f 276/276/276 274/274/274 273/273/273
f 275/275/275 277/277/277 278/278/278
f 278/278/278 276/276/276 275/275/275
f 277/277/277 279/279/279 280/280/280
f 280/280/280 278/278/278 277/277/277
f 279/279/279 281/281/281 282/282/282
f 282/282/282 280/280/280 279/279/279
f 281/281/281 283/283/283 284/284/284
f 284/284/284 282/282/282 281/281/281
f 283/283/283 285/285/285 286/286/286
f 286/286/286 284/284/284 283/283/283
f 285/285/285 287/287/287 288/288/288
f 288/288/288 286/286/286 285/285/285
f 287/287/287 193/193/193 196/196/196
f 196/196/196 288/288/288 287/287/287
f 291/291/291 290/290/290 289/289/289
f 289/289/289 292/292/292 291/291/291
f 292/292/292 289/289/289 293/293/293
f 293/293/293 294/294/294 292/292/292
f 294/294/294 293/293/293 295/295/295
f 295/295/295 296/296/296 294/294/294
f 296/296/296 295/295/295 297/297/297
f 297/297/297 298/298/298 296/296/296
f 298/298/298 297/297/297 299/299/299
f 299/299/299 300/300/300 298/298/298
f 300/300/300 299/299/299 301/301/301
f 301/301/301 302/302/302 300/300/300
f 302/302/302 301/301/301 303/303/303
f 303/303/303 304/304/304 302/302/302
f 304/304/304 303/303/303 305/305/305
f 305/305/305 306/306/306 304/304/304
f 306/306/306 305/305/305 307/307/307
f 307/307/307 308/308/308 306/306/306
f 308/308/308 307/307/307 309/309/309
f 309/309/309 310/310/310 308/308/308
f 310/310/310 309/309/309 311/311/311
f 311/311/311 312/312/312 310/310/310
f 312/312/312 311/311/311 313/313/313
f 313/313/313 314/314/314 312/312/312
f 314/314/314 313/313/313 315/315/315
f 315/315/315 316/316/316 314/314/314
f 316/316/316 315/315/315 317/317/317
f 317/317/317 318/318/318 316/316/316
f 318/318/318 317/317/317 319/319/319
f 319/319/319 320/320/320 318/318/318
f 320/320/320 319/319/319 321/321/321
f 321/321/321 322/322/322 320/320/320
f 322/322/322 321/321/321 323/323/323
f 323/323/323 324/324/324 322/322/322
f 324/324/324 323/323/323 325/325/325
f 325/325/325 326/326/326 324/324/324
f 326/326/326 325/325/325 327/327/327
f 327/327/327 328/328/328 326/326/326
f 328/328/328 327/327/327 329/329/329
f 329/329/329 330/330/330 328/328/328
f 330/330/330 329/329/329 331/331/331
f 331/331/331 332/332/332 330/330/330
f 332/332/332 331/331/331 333/333/333
f 333/333/333 334/334/334 332/332/332
f 334/334/334 333/333/333 335/335/335
f 335/335/335 336/336/336 334/334/334
f 336/336/336 335/335/335 337/337/337
f 337/337/337 338/338/338 336/336/336
f 338/338/338 337/337/337 339/339/339
f 339/339/339 340/340/340 338/338/338
f 340/340/340 339/339/339 341/341/341
f 341/341/341 342/342/342 340/340/340
f 342/342/342 341/341/341 343/343/343
f 343/343/343 344/344/344 342/342/342
f 344/344/344 343/343/343 345/345/345
f 345/345/345 346/346/346 344/344/344
f 346/346/346 345/345/345 347/347/347
f 347/347/347 348/348/348 346/346/346
f 348/348/348 347/347/347 349/349/349
f 349/349/349 350/350/350 348/348/348
f 350/350/350 349/349/349 351/351/351
f 351/351/351 352/352/352 350/350/350
f 352/352/352 351/351/351 353/353/353
f 353/353/353 354/354/354 352/352/352
f 354/354/354 353/353/353 355/355/355
f 355/355/355 356/356/356 354/354/354
f 356/356/356 355/355/355 357/357/357
f 357/357/357 358/358/358 356/356/356
f 358/358/358 357/357/357 359/359/359
f 359/359/359 360/360/360 358/358/358
f 360/360/360 359/359/359 361/361/361
f 361/361/361 362/362/362 360/360/360
f 362/362/362 361/361/361 363/363/363
f 363/363/363 364/364/364 362/362/362
f 364/364/364 363/363/363 365/365/365
f 365/365/365 366/366/366 364/364/364
f 366/366/366 365/365/365 367/367/367
f 367/367/367 368/368/368 366/366/366
f 368/368/368 367/367/367 369/369/369
f 369/369/369 370/370/370 368/368/368
f 370/370/370 369/369/369 371/371/371
f 371/371/371 372/372/372 370/370/370
f 372/372/372 371/371/371 373/373/373
f 373/373/373 374/374/374 372/372/372
f 374/374/374 373/373/373 375/375/375
f 375/375/375 376/376/376 374/374/374
f 376/376/376 375/375/375 377/377/377
f 377/377/377 378/378/378 376/376/376
f 378/378/378 377/377/377 379/379/379
f 379/379/379 380/380/380 378/378/378
f 380/380/380 379/379/379 381/381/381
f 381/381/381 382/382/382 380/380/380
f 382/382/382 381/381/381 383/383/383
f 383/383/383 384/384/384 382/382/382
f 384/384/384 383/383/383 290/290/290
f 290/290/290 291/291/291 384/384/384
f 385/385/385 386/386/386 387/387/387
f 387/387/387 388/388/388 385/385/385
f 389/389/389 385/385/385 388/388/388
f 388/388/388 390/390/390 389/389/389
f 391/391/391 389/389/389 390/390/390
f 390/390/390 392/392/392 391/391/391
f 393/393/393 391/391/391 392/392/392
f 392/392/392 394/394/394 393/393/393
f 395/395/395 393/393/393 394/394/394
f 394/394/394 396/396/396 395/395/395
f 397/397/397 395/395/395 396/396/396
f 396/396/396 398/398/398 397/397/397
f 399/399/399 397/397/397 398/398/398
f 398/398/398 400/400/400 399/399/399
f 401/401/401 399/399/399 400/400/400
f 400/400/400 402/402/402 401/401/401
f 403/403/403 401/401/401 402/402/402
f 402/402/402 404/404/404 403/403/403
f 405/405/405 403/403/403 404/404/404
f 404/404/404 406/406/406 405/405/405
f 407/407/407 405/405/405 406/406/406
f 406/406/406 408/408/408 407/407/407
f 409/409/409 407/407/407 408/408/408
f 408/408/408 410/410/410 409/409/409
f 411/411/411 409/409/409 410/410/410
f 410/410/410 412/412/412 411/411/411
f 413/413/413 411/411/411 412/412/412
f 412/412/412 414/414/414 413/413/413
f 415/415/415 413/413/413 414/414/414
f 414/414/414 416/416/416 415/415/415
f 417/417/417 415/415/415 416/416/416
f 416/416/416 418/418/418 417/417/417
f 419/419/419 417/417/417 418/418/418
f 418/418/418 420/420/420 419/419/419
f 421/421/421 419/419/419 420/420/420
f 420/420/420 422/422/422 421/421/421
f 423/423/423 421/421/421 422/422/422
f 422/422/422 424/424/424 423/423/423
f 425/425/425 423/423/423 424/424/424
f 424/424/424 426/426/426 425/425/425
f 427/427/427 425/425/425 426/426/426
f 426/426/426 428/428/428 427/427/427
f 429/429/429 427/427/427 428/428/428
f 428/428/428 430/430/430 429/429/429
f 431/431/431 429/429/429 430/430/430
f 430/430/430 432/432/432 431/431/431
f 433/433/433 431/431/431 432/432/432
f 432/432/432 434/434/434 433/433/433
f 435/435/435 433/433/433 434/434/434
f 434/434/434 436/436/436 435/435/435
f 437/437/437 435/435/435 436/436/436
f 436/436/436 438/438/438 437/437/437
f 439/439/439 437/437/437 438/438/438
f 438/438/438 440/440/440 439/439/439
f 441/441/441 439/439/439 440/440/440
f 440/440/440 442/442/442 441/441/441
f 443/443/443 441/441/441 442/442/442
f 442/442/442 444/444/444 443/443/443
f 445/445/445 443/443/443 444/444/444
f 444/444/444 446/446/446 445/445/445
f 447/447/447 445/445/445 446/446/446
f 446/446/446 448/448/448 447/447/447
f 449/449/449 447/447/447 448/448/448
f 448/448/448 450/450/450 449/449/449
f 451/451/451 449/449/449 450/450/450
f 450/450/450 452/452/452 451/451/451
f 453/453/453 451/451/451 452/452/452
f 452/452/452 454/454/454 453/453/453
f 455/455/455 453/453/453 454/454/454
f 454/454/454 456/456/456 455/455/455
f 457/457/457 455/455/455 456/456/456
f 456/456/456 458/458/458 457/457/457
f 459/459/459 457/457/457 458/458/458
f 458/458/458 460/460/460 459/459/459
f 461/461/461 459/459/459 460/460/460
f 460/460/460 462/462/462 461/461/461
f 463/463/463 461/461/461 462/462/462
f 462/462/462 464/464/464 463/463/463
f 465/465/465 463/463/463 464/464/464
f 464/464/464 466/466/466 465/465/465
f 467/467/467 465/465/465 466/466/466
f 466/466/466 468/468/468 467/467/467
f 469/469/469 467/467/467 468/468/468
f 468/468/468 470/470/470 469/469/469
f 471/471/471 469/469/469 470/470/470
f 470/470/470 472/472/472 471/471/471
f 473/473/473 471/471/471 472/472/472
f 472/472/472 474/474/474 473/473/473
f 475/475/475 473/473/473 474/474/474
f 474/474/474 476/476/476 475/475/475
f 477/477/477 475/475/475 476/476/476
f 476/476/476 478/478/478 477/477/477
f 479/479/479 477/477/477 478/478/478
f 478/478/478 480/480/480 479/479/479
f 386/386/386 479/479/479 480/480/480
f 480/480/480 387/387/387 386/386/386
f 481/481/481 482/482/482 483/483/483
f 483/483/483 484/484/484 481/481/481
f 482/482/482 485/485/485 486/486/486
f 486/486/486 483/483/483 482/482/482
f 485/485/485 487/487/487 488/488/488
f 488/488/488 486/486/486 485/485/485
f 487/487/487 489/489/489 490/490/490
f 490/490/490 488/488/488 487/487/487
f 489/489/489 491/491/491 492/492/492
f 492/492/492 490/490/490 489/489/489
f 491/491/491 493/493/493 494/494/494
f 494/494/494 492/492/492 491/491/491
f 493/493/493 495/495/495 496/496/496
f 496/496/496 494/494/494 493/493/493
f 495/495/495 497/497/497 498/498/498
f 498/498/498 496/496/496 495/495/495
f 497/497/497 499/499/499 500/500/500
f 500/500/500 498/498/498 497/497/497
f 499/499/499 501/501/501 502/502/502
f 502/502/502 500/500/500 499/499/499
f 501/501/501 503/503/503 504/504/504
f 504/504/504 502/502/502 501/501/501
f 503/503/503 505/505/505 506/506/506
f 506/506/506 504/504/504 503/503/503
f 505/505/505 507/507/507 508/508/508
f 508/508/508 506/506/506 505/505/505
f 507/507/507 509/509/509 510/510/510
f 510/510/510 508/508/508 507/507/507
f 509/509/509 511/511/511 512/512/512
f 512/512/512 510/510/510 509/509/509
f 511/511/511 513/513/513 514/514/514
f 514/514/514 512/512/512 511/511/511
f 513/513/513 515/515/515 516/516/516
f 516/516/516 514/514/514 513/513/513
f 515/515/515 517/517/517 518/518/518
f 518/518/518 516/516/516 515/515/515
f 517/517/517 519/519/519 520/520/520
f 520/520/520 518/518/518 517/517/517
f 519/519/519 521/521/521 522/522/522
f 522/522/522 520/520/520 519/519/519
f 521/521/521 523/523/523 524/524/524
f 524/524/524 522/522/522 521/521/521
f 523/523/523 525/525/525 526/526/526
f 526/526/526 524/524/524 523/523/523
f 525/525/525 527/527/527 528/528/528
f 528/528/528 526/526/526 525/525/525
f 527/527/527 529/529/529 530/530/530
f 530/530/530 528/528/528 527/527/527
f 529/529/529 531/531/531 532/532/532
f 532/532/532 530/530/530 529/529/529
f 531/531/531 533/533/533 534/534/534
f 534/534/534 532/532/532 531/531/531
f 533/533/533 535/535/535 536/536/536
f 536/536/536 534/534/534 533/533/533
f 535/535/535 537/537/537 538/538/538
f 538/538/538 536/536/536 535/535/535
f 537/537/537 539/539/539 540/540/540
f 540/540/540 538/538/538 537/537/537
f 539/539/539 541/541/541 542/542/542
f 542/542/542 540/540/540 539/539/539
f 541/541/541 543/543/543 544/544/544
f 544/544/544 542/542/542 541/541/541
f 543/543/543 545/545/545 546/546/546
f 546/546/546 544/544/544 543/543/543
f 545/545/545 547/547/547 548/548/548
f 548/548/548 546/546/546 545/545/545
f 547/547/547 549/549/549 550/550/550
f 550/550/550 548/548/548 547/547/547
f 549/549/549 551/551/551 552/552/552
f 552/552/552 550/550/550 549/549/549
f 551/551/551 553/553/553 554/554/554
f 554/554/554 552/552/552 551/551/551
f 553/553/553 555/555/555 556/556/556
f 556/556/556 554/554/554 553/553/553
f 555/555/555 557/557/557 558/558/558
f 558/558/558 556/556/556 555/555/555
f 557/557/557 559/559/559 560/560/560
f 560/560/560 558/558/558 557/557/557
f 559/559/559 561/561/561 562/562/562
f 562/562/562 560/560/560 559/559/559
f 561/561/561 563/563/563 564/564/564
f 564/564/564 562/562/562 561/561/561
f 563/563/563 565/565/565 566/566/566
f 566/566/566 564/564/564 563/563/563
f 565/565/565 567/567/567 568/568/568
f 568/568/568 566/566/566 565/565/565
f 567/567/567 569/569/569 570/570/570
f 570/570/570 568/568/568 567/567/567
f 569/569/569 571/571/571 572/572/572
f 572/572/572 570/570/570 569/569/569
f 571/571/571 573/573/573 574/574/574
f 574/574/574 572/572/572 571/571/571
f 573/573/573 575/575/575 576/576/576
f 576/576/576 574/574/574 573/573/573
f 575/575/575 481/481/481 484/484/484
f 484/484/484 576/576/576 575/575/575
f 579/579/579 578/578/578 577/577/577
f 577/577/577 580/580/580 579/579/579
f 580/580/580 577/577/577 581/581/581
f 581/581/581 582/582/582 580/580/580
f 582/582/582 581/581/581 583/583/583
f 583/583/583 584/584/584 582/582/582
f 584/584/584 583/583/583 585/585/585
f 585/585/585 586/586/586 584/584/584
f 586/586/586 585/585/585 587/587/587
f 587/587/587 588/588/588 586/586/586
f 588/588/588 587/587/587 589/589/589
f 589/589/589 590/590/590 588/588/588
f 590/590/590 589/589/589 591/591/591
f 591/591/591 592/592/592 590/590/590
f 592/592/592 591/591/591 593/593/593
f 593/593/593 594/594/594 592/592/592
f 594/594/594 593/593/593 595/595/595
f 595/595/595 596/596/596 594/594/594
f 596/596/596 595/595/595 597/597/597
f 597/597/597 598/598/598 596/596/596
f 598/598/598 597/597/597 599/599/599
f 599/599/599 600/600/600 598/598/598
f 600/600/600 599/599/599 601/601/601
f 601/601/601 602/602/602 600/600/600
f 602/602/602 601/601/601 603/603/603
f 603/603/603 604/604/604 602/602/602
f 604/604/604 603/603/603 605/605/605
f 605/605/605 606/606/606 604/604/604
f 606/606/606 605/605/605 607/607/607
f 607/607/607 608/608/608 606/606/606
f 608/608/608 607/607/607 609/609/609
f 609/609/609 610/610/610 608/608/608
f 610/610/610 609/609/609 611/611/611
f 611/611/611 612/612/612 610/610/610
f 612/612/612 611/611/611 613/613/613
f 613/613/613 614/614/614 612/612/612
f 614/614/614 613/613/613 615/615/615
f 615/615/615 616/616/616 614/614/614
f 616/616/616 615/615/615 617/617/617
f 617/617/617 618/618/618 616/616/616
f 618/618/618 617/617/617 619/619/619
f 619/619/619 620/620/620 618/618/618
f 620/620/620 619/619/619 621/621/621
f 621/621/621 622/622/622 620/620/620
f 622/622/622 621/621/621 623/623/623
f 623/623/623 624/624/624 622/622/622
f 624/624/624 623/623/623 625/625/625
f 625/625/625 626/626/626 624/624/624
f 626/626/626 625/625/625 627/627/627
f 627/627/627 628/628/628 626/626/626
f 628/628/628 627/627/627 629/629/629
f 629/629/629 630/630/630 628/628/628
f 630/630/630 629/629/629 631/631/631
f 631/631/631 632/632/632 630/630/630
f 632/632/632 631/631/631 633/633/633
f 633/633/633 634/634/634 632/632/632
f 634/634/634 633/633/633 635/635/635
f 635/635/635 636/636/636 634/634/634
f 636/636/636 635/635/635 637/637/637
f 637/637/637 638/638/638 636/636/636
f 638/638/638 637/637/637 639/639/639
f 639/639/639 640/640/640 638/638/638
f 640/640/640 639/639/639 641/641/641
f 641/641/641 642/642/642 640/640/640
f 642/642/642 641/641/641 643/643/643
f 643/643/643 644/644/644 642/642/642
f 644/644/644 643/643/643 645/645/645
f 645/645/645 646/646/646 644/644/644
f 646/646/646 645/645/645 647/647/647
f 647/647/647 648/648/648 646/646/646
f 648/648/648 647/647/647 649/649/649
f 649/649/649 650/650/650 648/648/648
f 650/650/650 649/649/649 651/651/651
f 651/651/651 652/652/652 650/650/650
f 652/652/652 651/651/651 653/653/653
f 653/653/653 654/654/654 652/652/652
f 654/654/654 653/653/653 655/655/655
f 655/655/655 656/656/656 654/654/654
f 656/656/656 655/655/655 657/657/657
f 657/657/657 658/658/658 656/656/656
f 658/658/658 657/657/657 659/659/659
f 659/659/659 660/660/660 658/658/658
f 660/660/660 659/659/659 661/661/661
f 661/661/661 662/662/662 660/660/660
f 662/662/662 661/661/661 663/663/663
f 663/663/663 664/664/664 662/662/662
f 664/664/664 663/663/663 665/665/665
f 665/665/665 666/666/666 664/664/664
f 666/666/666 665/665/665 667/667/667
f 667/667/667 668/668/668 666/666/666
f 668/668/668 667/667/667 669/669/669
f 669/669/669 670/670/670 668/668/668
f 670/670/670 669/669/669 671/671/671
f 671/671/671 672/672/672 670/670/670
f 672/672/672 671/671/671 578/578/578
f 578/578/578 579/579/579 672/672/672
f 673/673/673 674/674/674 675/675/675
f 675/675/675 676/676/676 673/673/673
f 677/677/677 673/673/673 676/676/676
f 676/676/676 678/678/678 677/677/677
f 679/679/679 677/677/677 678/678/678
f 678/678/678 680/680/680 679/679/679
f 681/681/681 679/679/679 680/680/680
f 680/680/680 682/682/682 681/681/681
f 683/683/683 681/681/681 682/682/682
f 682/682/682 684/684/684 683/683/683
f 685/685/685 683/683/683 684/684/684
f 684/684/684 686/686/686 685/685/685
f 687/687/687 685/685/685 686/686/686
f 686/686/686 688/688/688 687/687/687
f 689/689/689 687/687/687 688/688/688
f 688/688/688 690/690/690 689/689/689
f 691/691/691 689/689/689 690/690/690
f 690/690/690 692/692/692 691/691/691
f 693/693/693 691/691/691 692/692/692
f 692/692/692 694/694/694 693/693/693
f 695/695/695 693/693/693 694/694/694
f 694/694/694 696/696/696 695/695/695
f 697/697/697 695/695/695 696/696/696
f 696/696/696 698/698/698 697/697/697
f 699/699/699 697/697/697 698/698/698
f 698/698/698 700/700/700 699/699/699
f 701/701/701 699/699/699 700/700/700
f 700/700/700 702/702/702 701/701/701
f 703/703/703 701/701/701 702/702/702
f 702/702/702 704/704/704 703/703/703
f 705/705/705 703/703/703 704/704/704
f 704/704/704 706/706/706 705/705/705
f 707/707/707 705/705/705 706/706/706
f 706/706/706 708/708/708 707/707/707
f 709/709/709 707/707/707 708/708/708
f 708/708/708 710/710/710 709/709/709
f 711/711/711 709/709/709 710/710/710
f 710/710/710 712/712/712 711/711/711
f 713/713/713 711/711/711 712/712/712
f 712/712/712 714/714/714 713/713/713
f 715/715/715 713/713/713 714/714/714
f 714/714/714 716/716/716 715/715/715
f 717/717/717 715/715/715 716/716/716
f 716/716/716 718/718/718 717/717/717
f 719/719/719 717/717/717 718/718/718
f 718/718/718 720/720/720 719/719/719
f 721/721/721 719/719/719 720/720/720
f 720/720/720 722/722/722 721/721/721
f 723/723/723 721/721/721 722/722/722
f 722/722/722 724/724/724 723/723/723
f 725/725/725 723/723/723 724/724/724
f 724/724/724 726/726/726 725/725/725
f 727/727/727 725/725/725 726/726/726
f 726/726/726 728/728/728 727/727/727
f 729/729/729 727/727/727 728/728/728
f 728/728/728 730/730/730 729/729/729
f 731/731/731 729/729/729 730/730/730
f 730/730/730 732/732/732 731/731/731
f 733/733/733 731/731/731 732/732/732
f 732/732/732 734/734/734 733/733/733
f 735/735/735 733/733/733 734/734/734
f 734/734/734 736/736/736 735/735/735
f 737/737/737 735/735/735 736/736/736
f 736/736/736 738/738/738 737/737/737
f 739/739/739 737/737/737 738/738/738
f 738/738/738 740/740/740 739/739/739
f 741/741/741 739/739/739 740/740/740
f 740/740/740 742/742/742 741/741/741
f 743/743/743 741/741/741 742/742/742
f 742/742/742 744/744/744 743/743/743
f 745/745/745 743/743/743 744/744/744
f 744/744/744 746/746/746 745/745/745
f 747/747/747 745/745/745 746/746/746
f 746/746/746 748/748/748 747/747/747
f 749/749/749 747/747/747 748/748/748
f 748/748/748 750/750/750 749/749/749
f 751/751/751 749/749/749 750/750/750
f 750/750/750 752/752/752 751/751/751
f 753/753/753 751/751/751 752/752/752
f 752/752/752 754/754/754 753/753/753
f 755/755/755 753/753/753 754/754/754
f 754/754/754 756/756/756 755/755/755
f 757/757/757 755/755/755 756/756/756
f 756/756/756 758/758/758 757/757/757
f 759/759/759 757/757/757 758/758/758
f 758/758/758 760/760/760 759/759/759
f 761/761/761 759/759/759 760/760/760
f 760/760/760 762/762/762 761/761/761
f 763/763/763 761/761/761 762/762/762
f 762/762/762 764/764/764 763/763/763
f 765/765/765 763/763/763 764/764/764
f 764/764/764 766/766/766 765/765/765
f 767/767/767 765/765/765 766/766/766
f 766/766/766 768/768/768 767/767/767
f 674/674/674 767/767/767 768/768/768
f 768/768/768 675/675/675 674/674/674
f 769/769/769 770/770/770 771/771/771
f 771/771/771 772/772/772 769/769/769
f 770/770/770 773/773/773 774/774/774
f 774/774/774 771/771/771 770/770/770
f 773/773/773 775/775/775 776/776/776
f 776/776/776 774/774/774 773/773/773
f 775/775/775 777/777/777 778/778/778
f 778/778/778 776/776/776 775/775/775
f 777/777/777 779/779/779 780/780/780
f 780/780/780 778/778/778 777/777/777
f 779/779/779 781/781/781 782/782/782
f 782/782/782 780/780/780 779/779/779
f 781/781/781 783/783/783 784/784/784
f 784/784/784 782/782/782 781/781/781
f 783/783/783 785/785/785 786/786/786
f 786/786/786 784/784/784 783/783/783
f 785/785/785 787/787/787 788/788/788
f 788/788/788 786/786/786 785/785/785
f 787/787/787 789/789/789 790/790/790
f 790/790/790 788/788/788 787/787/787
f 789/789/789 791/791/791 792/792/792
f 792/792/792 790/790/790 789/789/789
f 791/791/791 793/793/793 794/794/794
f 794/794/794 792/792/792 791/791/791
f 793/793/793 795/795/795 796/796/796
f 796/796/796 794/794/794 793/793/793
f 795/795/795 797/797/797 798/798/798
f 798/798/798 796/796/796 795/795/795
f 797/797/797 799/799/799 800/800/800
f 800/800/800 798/798/798 797/797/797
f 799/799/799 801/801/801 802/802/802
f 802/802/802 800/800/800 799/799/799
f 801/801/801 803/803/803 804/804/804
f 804/804/804 802/802/802 801/801/801
f 803/803/803 805/805/805 806/806/806
f 806/806/806 804/804/804 803/803/803
f 805/805/805 807/807/807 808/808/808
f 808/808/808 806/806/806 805/805/805
f 807/807/807 809/809/809 810/810/810
f 810/810/810 808/808/808 807/807/807
f 809/809/809 811/811/811 812/812/812
f 812/812/812 810/810/810 809/809/809
f 811/811/811 813/813/813 814/814/814
f 814/814/814 812/812/812 811/811/811
f 813/813/813 815/815/815 816/816/816
f 816/816/816 814/814/814 813/813/813
f 815/815/815 817/817/817 818/818/818
f 818/818/818 816/816/816 815/815/815
f 817/817/817 819/819/819 820/820/820
f 820/820/820 818/818/818 817/817/817
f 819/819/819 821/821/821 822/822/822
f 822/822/822 820/820/820 819/819/819
f 821/821/821 823/823/823 824/824/824
f 824/824/824 822/822/822 821/821/821
f 823/823/823 825/825/825 826/826/826
f 826/826/826 824/824/824 823/823/823
f 825/825/825 827/827/827 828/828/828
f 828/828/828 826/826/826 825/825/825
f 827/827/827 829/829/829 830/830/830
f 830/830/830 828/828/828 827/827/827
f 829/829/829 831/831/831 832/832/832
f 832/832/832 830/830/830 829/829/829
f 831/831/831 833/833/833 834/834/834
f 834/834/834 832/832/832 831/831/831
f 833/833/833 835/835/835 836/836/836
f 836/836/836 834/834/834 833/833/833
f 835/835/835 837/837/837 838/838/838
f 838/838/838 836/836/836 835/835/835
f 837/837/837 839/839/839 840/840/840
f 840/840/840 838/838/838 837/837/837
f 839/839/839 841/841/841 842/842/842
f 842/842/842 840/840/840 839/839/839
f 841/841/841 843/843/843 844/844/844
f 844/844/844 842/842/842 841/841/841
f 843/843/843 845/845/845 846/846/846
f 846/846/846 844/844/844 843/843/843
f 845/845/845 847/847/847 848/848/848
f 848/848/848 846/846/846 845/845/845
f 847/847/847 849/849/849 850/850/850
f 850/850/850 848/848/848 847/847/847
f 849/849/849 851/851/851 852/852/852
f 852/852/852 850/850/850 849/849/849
f 851/851/851 853/853/853 854/854/854
f 854/854/854 852/852/852 851/851/851
f 853/853/853 855/855/855 856/856/856
f 856/856/856 854/854/854 853/853/853
f 855/855/855 857/857/857 858/858/858
f 858/858/858 856/856/856 855/855/855
f 857/857/857 859/859/859 860/860/860
f 860/860/860 858/858/858 857/857/857
f 859/859/859 861/861/861 862/862/862
f 862/862/862 860/860/860 859/859/859
f 861/861/861 863/863/863 864/864/864
f 864/864/864 862/862/862 861/861/861
f 863/863/863 769/769/769 772/772/772
f 772/772/772 864/864/864 863/863/863
f 867/867/867 866/866/866 865/865/865
f 865/865/865 868/868/868 867/867/867
f 868/868/868 865/865/865 869/869/869
f 869/869/869 870/870/870 868/868/868
f 870/870/870 869/869/869 871/871/871
f 871/871/871 872/872/872 870/870/870
f 872/872/872 871/871/871 873/873/873
f 873/873/873 874/874/874 872/872/872
f 874/874/874 873/873/873 875/875/875
f 875/875/875 876/876/876 874/874/874
f 876/876/876 875/875/875 877/877/877
f 877/877/877 878/878/878 876/876/876
f 878/878/878 877/877/877 879/879/879
f 879/879/879 880/880/880 878/878/878
f 880/880/880 879/879/879 881/881/881
f 881/881/881 882/882/882 880/880/880
f 882/882/882 881/881/881 883/883/883
f 883/883/883 884/884/884 882/882/882
f 884/884/884 883/883/883 885/885/885
f 885/885/885 886/886/886 884/884/884
f 886/886/886 885/885/885 887/887/887
f 887/887/887 888/888/888 886/886/886
f 888/888/888 887/887/887 889/889/889
f 889/889/889 890/890/890 888/888/888
f 890/890/890 889/889/889 891/891/891
f 891/891/891 892/892/892 890/890/890
f 892/892/892 891/891/891 893/893/893
f 893/893/893 894/894/894 892/892/892
f 894/894/894 893/893/893 895/895/895
f 895/895/895 896/896/896 894/894/894
f 896/896/896 895/895/895 897/897/897
f 897/897/897 898/898/898 896/896/896
f 898/898/898 897/897/897 899/899/899
f 899/899/899 900/900/900 898/898/898
f 900/900/900 899/899/899 901/901/901
f 901/901/901 902/902/902 900/900/900
f 902/902/902 901/901/901 903/903/903
f 903/903/903 904/904/904 902/902/902
f 904/904/904 903/903/903 905/905/905
f 905/905/905 906/906/906 904/904/904
f 906/906/906 905/905/905 907/907/907
f 907/907/907 908/908/908 906/906/906
f 908/908/908 907/907/907 909/909/909
f 909/909/909 910/910/910 908/908/908
f 910/910/910 909/909/909 911/911/911
f 911/911/911 912/912/912 910/910/910
f 912/912/912 911/911/911 913/913/913
f 913/913/913 914/914/914 912/912/912
f 914/914/914 913/913/913 915/915/915
f 915/915/915 916/916/916 914/914/914
f 916/916/916 915/915/915 917/917/917
f 917/917/917 918/918/918 916/916/916
f 918/918/918 917/917/917 919/919/919
f 919/919/919 920/920/920 918/918/918
f 920/920/920 919/919/919 921/921/921
f 921/921/921 922/922/922 920/920/920
f 922/922/922 921/921/921 923/923/923
f 923/923/923 924/924/924 922/922/922
f 924/924/924 923/923/923 925/925/925
f 925/925/925 926/926/926 924/924/924
f 926/926/926 925/925/925 927/927/927
f 927/927/927 928/928/928 926/926/926
f 928/928/928 927/927/927 929/929/929
f 929/929/929 930/930/930 928/928/928
f 930/930/930 929/929/929 931/931/931
f 931/931/931 932/932/932 930/930/930
f 932/932/932 931/931/931 933/933/933
f 933/933/933 934/934/934 932/932/932
f 934/934/934 933/933/933 935/935/935
f 935/935/935 936/936/936 934/934/934
f 936/936/936 935/935/935 937/937/937
f 937/937/937 938/938/938 936/936/936
f 938/938/938 937/937/937 939/939/939
f 939/939/939 940/940/940 938/938/938
f 940/940/940 939/939/939 941/941/941
f 941/941/941 942/942/942 940/940/940
f 942/942/942 941/941/941 943/943/943
f 943/943/943 944/944/944 942/942/942
f 944/944/944 943/943/943 945/945/945
f 945/945/945 946/946/946 944/944/944
f 946/946/946 945/945/945 947/947/947
f 947/947/947 948/948/948 946/946/946
f 948/948/948 947/947/947 949/949/949
f 949/949/949 950/950/950 948/948/948
f 950/950/950 949/949/949 951/951/951
f 951/951/951 952/952/952 950/950/950
f 952/952/952 951/951/951 953/953/953
f 953/953/953 954/954/954 952/952/952
f 954/954/954 953/953/953 955/955/955
f 955/955/955 956/956/956 954/954/954
f 956/956/956 955/955/955 957/957/957
f 957/957/957 958/958/958 956/956/956
f 958/958/958 957/957/957 959/959/959
f 959/959/959 960/960/960 958/958/958
f 960/960/960 959/959/959 866/866/866
f 866/866/866 867/867/867 960/960/960
f 961/961/961 962/962/962 963/963/963
f 963/963/963 964/964/964 961/961/961
f 965/965/965 961/961/961 964/964/964
f 964/964/964 966/966/966 965/965/965
f 967/967/967 965/965/965 966/966/966
f 966/966/966 968/968/968 967/967/967
f 969/969/969 967/967/967 968/968/968
f 968/968/968 970/970/970 969/969/969
f 971/971/971 969/969/969 970/970/970
f 970/970/970 972/972/972 971/971/971
f 973/973/973 971/971/971 972/972/972
f 972/972/972 974/974/974 973/973/973
f 975/975/975 973/973/973 974/974/974
f 974/974/974 976/976/976 975/975/975
f 977/977/977 975/975/975 976/976/976
f 976/976/976 978/978/978 977/977/977
f 979/979/979 977/977/977 978/978/978
f 978/978/978 980/980/980 979/979/979
f 981/981/981 979/979/979 980/980/980
f 980/980/980 982/982/982 981/981/981
f 983/983/983 981/981/981 982/982/982
f 982/982/982 984/984/984 983/983/983
f 985/985/985 983/983/983 984/984/984
f 984/984/984 986/986/986 985/985/985
f 987/987/987 985/985/985 986/986/986
f 986/986/986 988/988/988 987/987/987
f 989/989/989 987/987/987 988/988/988
f 988/988/988 990/990/990 989/989/989
f 991/991/991 989/989/989 990/990/990
f 990/990/990 992/992/992 991/991/991
f 993/993/993 991/991/991 992/992/992
f 992/992/992 994/994/994 993/993/993
f 995/995/995 993/993/993 994/994/994
f 994/994/994 996/996/996 995/995/995
f 997/997/997 995/995/995 996/996/996
f 996/996/996 998/998/998 997/997/997
f 999/999/999 997/997/997 998/998/998
f 998/998/998 1000/1000/1000 999/999/999
f 1001/1001/1001 999/999/999 1000/1000/1000
f 1000/1000/1000 1002/1002/1002 1001/1001/1001
f 1003/1003/1003 1001/1001/1001 1002/1002/1002
f 1002/1002/1002 1004/1004/1004 1003/1003/1003
f 1005/1005/1005 1003/1003/1003 1004/1004/1004
f 1004/1004/1004 1006/1006/1006 1005/1005/1005
f 1007/1007/1007 1005/1005/1005 1006/1006/1006
f 1006/1006/1006 1008/1008/1008 1007/1007/1007
f 1009/1009/1009 1007/1007/1007 1008/1008/1008
f 1008/1008/1008 1010/1010/1010 1009/1009/1009
f 1011/1011/1011 1009/1009/1009 1010/1010/1010
f 1010/1010/1010 1012/1012/1012 1011/1011/1011
f 1013/1013/1013 1011/1011/1011 1012/1012/1012
f 1012/1012/1012 1014/1014/1014 1013/1013/1013
f 1015/1015/1015 1013/1013/1013 1014/1014/1014
f 1014/1014/1014 1016/1016/1016 1015/1015/1015
f 1017/1017/1017 1015/1015/1015 1016/1016/1016
f 1016/1016/1016 1018/1018/1018 1017/1017/1017
f 1019/1019/1019 1017/1017/1017 1018/1018/1018
f 1018/1018/1018 1020/1020/1020 1019/1019/1019
f 1021/1021/1021 1019/1019/1019 1020/1020/1020
f 1020/1020/1020 1022/1022/1022 1021/1021/1021
f 1023/1023/1023 1021/1021/1021 1022/1022/1022
f 1022/1022/1022 1024/1024/1024 1023/1023/1023
f 1025/1025/1025 1023/1023/1023 1024/1024/1024
f 1024/1024/1024 1026/1026/1026 1025/1025/1025
f 1027/1027/1027 1025/1025/1025 1026/1026/1026
f 1026/1026/1026 1028/1028/1028 1027/1027/1027
f 1029/1029/1029 1027/1027/1027 1028/1028/1028
f 1028/1028/1028 1030/1030/1030 1029/1029/1029
f 1031/1031/1031 1029/1029/1029 1030/1030/1030
f 1030/1030/1030 1032/1032/1032 1031/1031/1031
f 1033/1033/1033 1031/1031/1031 1032/1032/1032
f 1032/1032/1032 1034/1034/1034 1033/1033/1033
f 1035/1035/1035 1033/1033/1033 1034/1034/1034
f 1034/1034/1034 1036/1036/1036 1035/1035/1035
f 1037/1037/1037 1035/1035/1035 1036/1036/1036
f 1036/1036/1036 1038/1038/1038 1037/1037/1037
f 1039/1039/1039 1037/1037/1037 1038/1038/1038
f 1038/1038/1038 1040/1040/1040 1039/1039/1039
f 1041/1041/1041 1039/1039/1039 1040/1040/1040
f 1040/1040/1040 1042/1042/1042 1041/1041/1041
f 1043/1043/1043 1041/1041/1041 1042/1042/1042
f 1042/1042/1042 1044/1044/1044 1043/1043/1043
f 1045/1045/1045 1043/1043/1043 1044/1044/1044
f 1044/1044/1044 1046/1046/1046 1045/1045/1045
f 1047/1047/1047 1045/1045/1045 1046/1046/1046
f 1046/1046/1046 1048/1048/1048 1047/1047/1047
f 1049/1049/1049 1047/1047/1047 1048/1048/1048
f 1048/1048/1048 1050/1050/1050 1049/1049/1049
f 1051/1051/1051 1049/1049/1049 1050/1050/1050
f 1050/1050/1050 1052/1052/1052 1051/1051/1051
f 1053/1053/1053 1051/1051/1051 1052/1052/1052
f 1052/1052/1052 1054/1054/1054 1053/1053/1053
f 1055/1055/1055 1053/1053/1053 1054/1054/1054
f 1054/1054/1054 1056/1056/1056 1055/1055/1055
f 962/962/962 1055/1055/1055 1056/1056/1056
f 1056/1056/1056 963/963/963 962/962/962
f 1057/1057/1057 1058/1058/1058 1059/1059/1059
f 1059/1059/1059 1060/1060/1060 1057/1057/1057
f 1058/1058/1058 1061/1061/1061 1062/1062/1062
f 1062/1062/1062 1059/1059/1059 1058/1058/1058
f 1061/1061/1061 1063/1063/1063 1064/1064/1064
f 1064/1064/1064 1062/1062/1062 1061/1061/1061
f 1063/1063/1063 1065/1065/1065 1066/1066/1066
f 1066/1066/1066 1064/1064/1064 1063/1063/1063
f 1065/1065/1065 1067/1067/1067 1068/1068/1068
f 1068/1068/1068 1066/1066/1066 1065/1065/1065
f 1067/1067/1067 1069/1069/1069 1070/1070/1070
f 1070/1070/1070 1068/1068/1068 1067/1067/1067
f 1069/1069/1069 1071/1071/1071 1072/1072/1072
f 1072/1072/1072 1070/1070/1070 1069/1069/1069
f 1071/1071/1071 1073/1073/1073 1074/1074/1074
f 1074/1074/1074 1072/1072/1072 1071/1071/1071
f 1073/1073/1073 1075/1075/1075 1076/1076/1076
f 1076/1076/1076 1074/1074/1074 1073/1073/1073
f 1075/1075/1075 1077/1077/1077 1078/1078/1078
f 1078/1078/1078 1076/1076/1076 1075/1075/1075
f 1077/1077/1077 1079/1079/1079 1080/1080/1080
f 1080/1080/1080 1078/1078/1078 1077/1077/1077
f 1079/1079/1079 1081/1081/1081 1082/1082/1082
f 1082/1082/1082 1080/1080/1080 1079/1079/1079
f 1081/1081/1081 1083/1083/1083 1084/1084/1084
f 1084/1084/1084 1082/1082/1082 1081/1081/1081
f 1083/1083/1083 1085/1085/1085 1086/1086/1086
f 1086/1086/1086 1084/1084/1084 1083/1083/1083
f 1085/1085/1085 1087/1087/1087 1088/1088/1088
f 1088/1088/1088 1086/1086/1086 1085/1085/1085
f 1087/1087/1087 1089/1089/1089 1090/1090/1090
f 1090/1090/1090 1088/1088/1088 1087/1087/1087
f 1089/1089/1089 1091/1091/1091 1092/1092/1092
f 1092/1092/1092 1090/1090/1090 1089/1089/1089
f 1091/1091/1091 1093/1093/1093 1094/1094/1094
f 1094/1094/1094 1092/1092/1092 1091/1091/1091
f 1093/1093/1093 1095/1095/1095 1096/1096/1096
f 1096/1096/1096 1094/1094/1094 1093/1093/1093
f 1095/1095/1095 1097/1097/1097 1098/1098/1098
f 1098/1098/1098 1096/1096/1096 1095/1095/1095
f 1097/1097/1097 1099/1099/1099 1100/1100/1100
f 1100/1100/1100 1098/1098/1098 1097/1097/1097
f 1099/1099/1099 1101/1101/1101 1102/1102/1102
f 1102/1102/1102 1100/1100/1100 1099/1099/1099
f 1101/1101/1101 1103/1103/1103 1104/1104/1104
f 1104/1104/1104 1102/1102/1102 1101/1101/1101
f 1103/1103/1103 1105/1105/1105 1106/1106/1106
f 1106/1106/1106 1104/1104/1104 1103/1103/1103
f 1105/1105/1105 1107/1107/1107 1108/1108/1108
f 1108/1108/1108 1106/1106/1106 1105/1105/1105
f 1107/1107/1107 1109/1109/1109 1110/1110/1110
f 1110/1110/1110 1108/1108/1108 1107/1107/1107
f 1109/1109/1109 1111/1111/1111 1112/1112/1112
f 1112/1112/1112 1110/1110/1110 1109/1109/1109
f 1111/1111/1111 1113/1113/1113 1114/1114/1114
f 1114/1114/1114 1112/1112/1112 1111/1111/1111
f 1113/1113/1113 1115/1115/1115 1116/1116/1116
f 1116/1116/1116 1114/1114/1114 1113/1113/1113
f 1115/1115/1115 1117/1117/1117 1118/1118/1118
f 1118/1118/1118 1116/1116/1116 1115/1115/1115
f 1117/1117/1117 1119/1119/1119 1120/1120/1120
f 1120/1120/1120 1118/1118/1118 1117/1117/1117
f 1119/1119/1119 1121/1121/1121 1122/1122/1122
f 1122/1122/1122 1120/1120/1120 1119/1119/1119
f 1121/1121/1121 1123/1123/1123 1124/1124/1124
f 1124/1124/1124 1122/1122/1122 1121/1121/1121
f 1123/1123/1123 1125/1125/1125 1126/1126/1126
f 1126/1126/1126 1124/1124/1124 1123/1123/1123
f 1125/1125/1125 1127/1127/1127 1128/1128/1128
f 1128/1128/1128 1126/1126/1126 1125/1125/1125
f 1127/1127/1127 1129/1129/1129 1130/1130/1130
f 1130/1130/1130 1128/1128/1128 1127/1127/1127
f 1129/1129/1129 1131/1131/1131 1132/1132/1132
f 1132/1132/1132 1130/1130/1130 1129/1129/1129
f 1131/1131/1131 1133/1133/1133 1134/1134/1134
f 1134/1134/1134 1132/1132/1132 1131/1131/1131
f 1133/1133/1133 1135/1135/1135 1136/1136/1136
f 1136/1136/1136 1134/1134/1134 1133/1133/1133
f 1135/1135/1135 1137/1137/1137 1138/1138/1138
f 1138/1138/1138 1136/1136/1136 1135/1135/1135
f 1137/1137/1137 1139/1139/1139 1140/1140/1140
f 1140/1140/1140 1138/1138/1138 1137/1137/1137
f 1139/1139/1139 1141/1141/1141 1142/1142/1142
f 1142/1142/1142 1140/1140/1140 1139/1139/1139
f 1141/1141/1141 1143/1143/1143 1144/1144/1144
f 1144/1144/1144 1142/1142/1142 1141/1141/1141
f 1143/1143/1143 1145/1145/1145 1146/1146/1146
f 1146/1146/1146 1144/1144/1144 1143/1143/1143
f 1145/1145/1145 1147/1147/1147 1148/1148/1148
f 1148/1148/1148 1146/1146/1146 1145/1145/1145
f 1147/1147/1147 1149/1149/1149 1150/1150/1150
f 1150/1150/1150 1148/1148/1148 1147/1147/1147
f 1149/1149/1149 1151/1151/1151 1152/1152/1152
f 1152/1152/1152 1150/1150/1150 1149/1149/1149
f 1151/1151/1151 1057/1057/1057 1060/1060/1060
f 1060/1060/1060 1152/1152/1152 1151/1151/1151
f 1155/1155/1155 1154/1154/1154 1153/1153/1153
f 1153/1153/1153 1156/1156/1156 1155/1155/1155
f 1156/1156/1156 1153/1153/1153 1157/1157/1157
f 1157/1157/1157 1158/1158/1158 1156/1156/1156
f 1158/1158/1158 1157/1157/1157 1159/1159/1159
f 1159/1159/1159 1160/1160/1160 1158/1158/1158
f 1160/1160/1160 1159/1159/1159 1161/1161/1161
f 1161/1161/1161 1162/1162/1162 1160/1160/1160
f 1162/1162/1162 1161/1161/1161 1163/1163/1163
f 1163/1163/1163 1164/1164/1164 1162/1162/1162
f 1164/1164/1164 1163/1163/1163 1165/1165/1165
f 1165/1165/1165 1166/1166/1166 1164/1164/1164
f 1166/1166/1166 1165/1165/1165 1167/1167/1167
f 1167/1167/1167 1168/1168/1168 1166/1166/1166
f 1168/1168/1168 1167/1167/1167 1169/1169/1169
f 1169/1169/1169 1170/1170/1170 1168/1168/1168
f 1170/1170/1170 1169/1169/1169 1171/1171/1171
f 1171/1171/1171 1172/1172/1172 1170/1170/1170
f 1172/1172/1172 1171/1171/1171 1173/1173/1173
f 1173/1173/1173 1174/1174/1174 1172/1172/1172
f 1174/1174/1174 1173/1173/1173 1175/1175/1175
f 1175/1175/1175 1176/1176/1176 1174/1174/1174
f 1176/1176/1176 1175/1175/1175 1177/1177/1177
f 1177/1177/1177 1178/1178/1178 1176/1176/1176
f 1178/1178/1178 1177/1177/1177 1179/1179/1179
f 1179/1179/1179 1180/1180/1180 1178/1178/1178
f 1180/1180/1180 1179/1179/1179 1181/1181/1181
f 1181/1181/1181 1182/1182/1182 1180/1180/1180
f 1182/1182/1182 1181/1181/1181 1183/1183/1183
f 1183/1183/1183 1184/1184/1184 1182/1182/1182
f 1184/1184/1184 1183/1183/1183 1185/1185/1185
f 1185/1185/1185 1186/1186/1186 1184/1184/1184
f 1186/1186/1186 1185/1185/1185 1187/1187/1187
f 1187/1187/1187 1188/1188/1188 1186/1186/1186
f 1188/1188/1188 1187/1187/1187 1189/1189/1189
f 1189/1189/1189 1190/1190/1190 1188/1188/1188
f 1190/1190/1190 1189/1189/1189 1191/1191/1191
f 1191/1191/1191 1192/1192/1192 1190/1190/1190
f 1192/1192/1192 1191/1191/1191 1193/1193/1193
f 1193/1193/1193 1194/1194/1194 1192/1192/1192
f 1194/1194/1194 1193/1193/1193 1195/1195/1195
f 1195/1195/1195 1196/1196/1196 1194/1194/1194
f 1196/1196/1196 1195/1195/1195 1197/1197/1197
f 1197/1197/1197 1198/1198/1198 1196/1196/1196
f 1198/1198/1198 1197/1197/1197 1199/1199/1199
f 1199/1199/1199 1200/1200/1200 1198/1198/1198
f 1200/1200/1200 1199/1199/1199 1201/1201/1201
f 1201/1201/1201 1202/1202/1202 1200/1200/1200
f 1202/1202/1202 1201/1201/1201 1203/1203/1203
f 1203/1203/1203 1204/1204/1204 1202/1202/1202
f 1204/1204/1204 1203/1203/1203 1205/1205/1205
f 1205/1205/1205 1206/1206/1206 1204/1204/1204
f 1206/1206/1206 1205/1205/1205 1207/1207/1207
f 1207/1207/1207 1208/1208/1208 1206/1206/1206
f 1208/1208/1208 1207/1207/1207 1209/1209/1209
f 1209/1209/1209 1210/1210/1210 1208/1208/1208
f 1210/1210/1210 1209/1209/1209 1211/1211/1211
f 1211/1211/1211 1212/1212/1212 1210/1210/1210
f 1212/1212/1212 1211/1211/1211 1213/1213/1213
f 1213/1213/1213 1214/1214/1214 1212/1212/1212
f 1214/1214/1214 1213/1213/1213 1215/1215/1215
f 1215/1215/1215 1216/1216/1216 1214/1214/1214
f 1216/1216/1216 1215/1215/1215 1217/1217/1217
f 1217/1217/1217 1218/1218/1218 1216/1216/1216
f 1218/1218/1218 1217/1217/1217 1219/1219/1219
f 1219/1219/1219 1220/1220/1220 1218/1218/1218
f 1220/1220/1220 1219/1219/1219 1221/1221/1221
f 1221/1221/1221 1222/1222/1222 1220/1220/1220
f 1222/1222/1222 1221/1221/1221 1223/1223/1223
f 1223/1223/1223 1224/1224/1224 1222/1222/1222
f 1224/1224/1224 1223/1223/1223 1225/1225/1225
f 1225/1225/1225 1226/1226/1226 1224/1224/1224
f 1226/1226/1226 1225/1225/1225 1227/1227/1227
f 1227/1227/1227 1228/1228/1228 1226/1226/1226
f 1228/1228/1228 1227/1227/1227 1229/1229/1229
f 1229/1229/1229 1230/1230/1230 1228/1228/1228
f 1230/1230/1230 1229/1229/1229 1231/1231/1231
f 1231/1231/1231 1232/1232/1232 1230/1230/1230
f 1232/1232/1232 1231/1231/1231 1233/1233/1233
f 1233/1233/1233 1234/1234/1234 1232/1232/1232
f 1234/1234/1234 1233/1233/1233 1235/1235/1235
f 1235/1235/1235 1236/1236/1236 1234/1234/1234
f 1236/1236/1236 1235/1235/1235 1237/1237/1237
f 1237/1237/1237 1238/1238/1238 1236/1236/1236
f 1238/1238/1238 1237/1237/1237 1239/1239/1239
f 1239/1239/1239 1240/1240/1240 1238/1238/1238
f 1240/1240/1240 1239/1239/1239 1241/1241/1241
f 1241/1241/1241 1242/1242/1242 1240/1240/1240
f 1242/1242/1242 1241/1241/1241 1243/1243/1243
f 1243/1243/1243 1244/1244/1244 1242/1242/1242
f 1244/1244/1244 1243/1243/1243 1245/1245/1245
f 1245/1245/1245 1246/1246/1246 1244/1244/1244
f 1246/1246/1246 1245/1245/1245 1247/1247/1247
f 1247/1247/1247 1248/1248/1248 1246/1246/1246
f 1248/1248/1248 1247/1247/1247 1154/1154/1154
f 1154/1154/1154 1155/1155/1155 1248/1248/1248
f 1249/1249/1249 1250/1250/1250 1251/1251/1251
f 1251/1251/1251 1252/1252/1252 1249/1249/1249
f 1253/1253/1253 1249/1249/1249 1252/1252/1252
f 1252/1252/1252 1254/1254/1254 1253/1253/1253
f 1255/1255/1255 1253/1253/1253 1254/1254/1254
f 1254/1254/1254 1256/1256/1256 1255/1255/1255
f 1257/1257/1257 1255/1255/1255 1256/1256/1256
f 1256/1256/1256 1258/1258/1258 1257/1257/1257
f 1259/1259/1259 1257/1257/1257 1258/1258/1258
f 1258/1258/1258 1260/1260/1260 1259/1259/1259
f 1261/1261/1261 1259/1259/1259 1260/1260/1260
f 1260/1260/1260 1262/1262/1262 1261/1261/1261
f 1263/1263/1263 1261/1261/1261 1262/1262/1262
f 1262/1262/1262 1264/1264/1264 1263/1263/1263
f 1265/1265/1265 1263/1263/1263 1264/1264/1264
f 1264/1264/1264 1266/1266/1266 1265/1265/1265
f 1267/1267/1267 1265/1265/1265 1266/1266/1266
f 1266/1266/1266 1268/1268/1268 1267/1267/1267
f 1269/1269/1269 1267/1267/1267 1268/1268/1268
f 1268/1268/1268 1270/1270/1270 1269/1269/1269
f 1271/1271/1271 1269/1269/1269 1270/1270/1270
f 1270/1270/1270 1272/1272/1272 1271/1271/1271
f 1273/1273/1273 1271/1271/1271 1272/1272/1272
f 1272/1272/1272 1274/1274/1274 1273/1273/1273
f 1275/1275/1275 1273/1273/1273 1274/1274/1274
f 1274/1274/1274 1276/1276/1276 1275/1275/1275
f 1277/1277/1277 1275/1275/1275 1276/1276/1276
f 1276/1276/1276 1278/1278/1278 1277/1277/1277
f 1279/1279/1279 1277/1277/1277 1278/1278/1278
f 1278/1278/1278 1280/1280/1280 1279/1279/1279
f 1281/1281/1281 1279/1279/1279 1280/1280/1280
f 1280/1280/1280 1282/1282/1282 1281/1281/1281
f 1283/1283/1283 1281/1281/1281 1282/1282/1282
f 1282/1282/1282 1284/1284/1284 1283/1283/1283
f 1285/1285/1285 1283/1283/1283 1284/1284/1284
f 1284/1284/1284 1286/1286/1286 1285/1285/1285
f 1287/1287/1287 1285/1285/1285 1286/1286/1286
f 1286/1286/1286 1288/1288/1288 1287/1287/1287
f 1289/1289/1289 1287/1287/1287 1288/1288/1288
f 1288/1288/1288 1290/1290/1290 1289/1289/1289
f 1291/1291/1291 1289/1289/1289 1290/1290/1290
f 1290/1290/1290 1292/1292/1292 1291/1291/1291
f 1293/1293/1293 1291/1291/1291 1292/1292/1292
f 1292/1292/1292 1294/1294/1294 1293/1293/1293
f 1295/1295/1295 1293/1293/1293 1294/1294/1294
f 1294/1294/1294 1296/1296/1296 1295/1295/1295
f 1297/1297/1297 1295/1295/1295 1296/1296/1296
f 1296/1296/1296 1298/1298/1298 1297/1297/1297
f 1299/1299/1299 1297/1297/1297 1298/1298/1298
f 1298/1298/1298 1300/1300/1300 1299/1299/1299
f 1301/1301/1301 1299/1299/1299 1300/1300/1300
f 1300/1300/1300 1302/1302/1302 1301/1301/1301
f 1303/1303/1303 1301/1301/1301 1302/1302/1302
f 1302/1302/1302 1304/1304/1304 1303/1303/1303
f 1305/1305/1305 1303/1303/1303 1304/1304/1304
f 1304/1304/1304 1306/1306/1306 1305/1305/1305
f 1307/1307/1307 1305/1305/1305 1306/1306/1306
f 1306/1306/1306 1308/1308/1308 1307/1307/1307
f 1309/1309/1309 1307/1307/1307 1308/1308/1308
f 1308/1308/1308 1310/1310/1310 1309/1309/1309
f 1311/1311/1311 1309/1309/1309 1310/1310/1310
f 1310/1310/1310 1312/1312/1312 1311/1311/1311
f 1313/1313/1313 1311/1311/1311 1312/1312/1312
f 1312/1312/1312 1314/1314/1314 1313/1313/1313
f 1315/1315/1315 1313/1313/1313 1314/1314/1314
f 1314/1314/1314 1316/1316/1316 1315/1315/1315
f 1317/1317/1317 1315/1315/1315 1316/1316/1316
f 1316/1316/1316 1318/1318/1318 1317/1317/1317
f 1319/1319/1319 1317/1317/1317 1318/1318/1318
f 1318/1318/1318 1320/1320/1320 1319/1319/1319
f 1321/1321/1321 1319/1319/1319 1320/1320/1320
f 1320/1320/1320 1322/1322/1322 1321/1321/1321
f 1323/1323/1323 1321/1321/1321 1322/1322/1322
f 1322/1322/1322 1324/1324/1324 1323/1323/1323
f 1325/1325/1325 1323/1323/1323 1324/1324/1324
f 1324/1324/1324 1326/1326/1326 1325/1325/1325
f 1327/1327/1327 1325/1325/1325 1326/1326/1326
f 1326/1326/1326 1328/1328/1328 1327/1327/1327
f 1329/1329/1329 1327/1327/1327 1328/1328/1328
f 1328/1328/1328 1330/1330/1330 1329/1329/1329
f 1331/1331/1331 1329/1329/1329 1330/1330/1330
f 1330/1330/1330 1332/1332/1332 1331/1331/1331
f 1333/1333/1333 1331/1331/1331 1332/1332/1332
f 1332/1332/1332 1334/1334/1334 1333/1333/1333
f 1335/1335/1335 1333/1333/1333 1334/1334/1334
f 1334/1334/1334 1336/1336/1336 1335/1335/1335
f 1337/1337/1337 1335/1335/1335 1336/1336/1336
f 1336/1336/1336 1338/1338/1338 1337/1337/1337
f 1339/1339/1339 1337/1337/1337 1338/1338/1338
f 1338/1338/1338 1340/1340/1340 1339/1339/1339
f 1341/1341/1341 1339/1339/1339 1340/1340/1340
f 1340/1340/1340 1342/1342/1342 1341/1341/1341
f 1343/1343/1343 1341/1341/1341 1342/1342/1342
f 1342/1342/1342 1344/1344/1344 1343/1343/1343
f 1250/1250/1250 1343/1343/1343 1344/1344/1344
f 1344/1344/1344 1251/1251/1251 1250/1250/1250
f 1345/1345/1345 1346/1346/1346 1347/1347/1347
f 1347/1347/1347 1348/1348/1348 1345/1345/1345
f 1346/1346/1346 1349/1349/1349 1350/1350/1350
f 1350/1350/1350 1347/1347/1347 1346/1346/1346
f 1349/1349/1349 1351/1351/1351 1352/1352/1352
f 1352/1352/1352 1350/1350/1350 1349/1349/1349
f 1351/1351/1351 1353/1353/1353 1354/1354/1354
f 1354/1354/1354 1352/1352/1352 1351/1351/1351
f 1353/1353/1353 1355/1355/1355 1356/1356/1356
f 1356/1356/1356 1354/1354/1354 1353/1353/1353
f 1355/1355/1355 1357/1357/1357 1358/1358/1358
f 1358/1358/1358 1356/1356/1356 1355/1355/1355
f 1357/1357/1357 1359/1359/1359 1360/1360/1360
f 1360/1360/1360 1358/1358/1358 1357/1357/1357
f 1359/1359/1359 1361/1361/1361 1362/1362/1362
f 1362/1362/1362 1360/1360/1360 1359/1359/1359
f 1361/1361/1361 1363/1363/1363 1364/1364/1364
f 1364/1364/1364 1362/1362/1362 1361/1361/1361
f 1363/1363/1363 1365/1365/1365 1366/1366/1366
f 1366/1366/1366 1364/1364/1364 1363/1363/1363
f 1365/1365/1365 1367/1367/1367 1368/1368/1368
f 1368/1368/1368 1366/1366/1366 1365/1365/1365
f 1367/1367/1367 1369/1369/1369 1370/1370/1370
f 1370/1370/1370 1368/1368/1368 1367/1367/1367
f 1369/1369/1369 1371/1371/1371 1372/1372/1372
f 1372/1372/1372 1370/1370/1370 1369/1369/1369
f 1371/1371/1371 1373/1373/1373 1374/1374/1374
f 1374/1374/1374 1372/1372/1372 1371/1371/1371
f 1373/1373/1373 1375/1375/1375 1376/1376/1376
f 1376/1376/1376 1374/1374/1374 1373/1373/1373
f 1375/1375/1375 1377/1377/1377 1378/1378/1378
f 1378/1378/1378 1376/1376/1376 1375/1375/1375
f 1377/1377/1377 1379/1379/1379 1380/1380/1380
f 1380/1380/1380 1378/1378/1378 1377/1377/1377
f 1379/1379/1379 1381/1381/1381 1382/1382/1382
f 1382/1382/1382 1380/1380/1380 1379/1379/1379
f 1381/1381/1381 1383/1383/1383 1384/1384/1384
f 1384/1384/1384 1382/1382/1382 1381/1381/1381
f 1383/1383/1383 1385/1385/1385 1386/1386/1386
f 1386/1386/1386 1384/1384/1384 1383/1383/1383
f 1385/1385/1385 1387/1387/1387 1388/1388/1388
f 1388/1388/1388 1386/1386/1386 1385/1385/1385
f 1387/1387/1387 1389/1389/1389 1390/1390/1390
f 1390/1390/1390 1388/1388/1388 1387/1387/1387
f 1389/1389/1389 1391/1391/1391 1392/1392/1392
f 1392/1392/1392 1390/1390/1390 1389/1389/1389
f 1391/1391/1391 1393/1393/1393 1394/1394/1394
f 1394/1394/1394 1392/1392/1392 1391/1391/1391
f 1393/1393/1393 1395/1395/1395 1396/1396/1396
f 1396/1396/1396 1394/1394/1394 1393/1393/1393
f 1395/1395/1395 1397/1397/1397 1398/1398/1398
f 1398/1398/1398 1396/1396/1396 1395/1395/1395
f 1397/1397/1397 1399/1399/1399 1400/1400/1400
f 1400/1400/1400 1398/1398/1398 1397/1397/1397
f 1399/1399/1399 1401/1401/1401 1402/1402/1402
f 1402/1402/1402 1400/1400/1400 1399/1399/1399
f 1401/1401/1401 1403/1403/1403 1404/1404/1404
f 1404/1404/1404 1402/1402/1402 1401/1401/1401
f 1403/1403/1403 1405/1405/1405 1406/1406/1406
f 1406/1406/1406 1404/1404/1404 1403/1403/1403
f 1405/1405/1405 1407/1407/1407 1408/1408/1408
f 1408/1408/1408 1406/1406/1406 1405/1405/1405
f 1407/1407/1407 1409/1409/1409 1410/1410/1410
f 1410/1410/1410 1408/1408/1408 1407/1407/1407
f 1409/1409/1409 1411/1411/1411 1412/1412/1412
f 1412/1412/1412 1410/1410/1410 1409/1409/1409
f 1411/1411/1411 1413/1413/1413 1414/1414/1414
f 1414/1414/1414 1412/1412/1412 1411/1411/1411
f 1413/1413/1413 1415/1415/1415 1416/1416/1416
f 1416/1416/1416 1414/1414/1414 1413/1413/1413
f 1415/1415/1415 1417/1417/1417 1418/1418/1418
f 1418/1418/1418 1416/1416/1416 1415/1415/1415
f 1417/1417/1417 1419/1419/1419 1420/1420/1420
f 1420/1420/1420 1418/1418/1418 1417/1417/1417
f 1419/1419/1419 1421/1421/1421 1422/1422/1422
f 1422/1422/1422 1420/1420/1420 1419/1419/1419
f 1421/1421/1421 1423/1423/1423 1424/1424/1424
f 1424/1424/1424 1422/1422/1422 1421/1421/1421
f 1423/1423/1423 1425/1425/1425 1426/1426/1426
f 1426/1426/1426 1424/1424/1424 1423/1423/1423
f 1425/1425/1425 1427/1427/1427 1428/1428/1428
f 1428/1428/1428 1426/1426/1426 1425/1425/1425
f 1427/1427/1427 1429/1429/1429 1430/1430/1430
f 1430/1430/1430 1428/1428/1428 1427/1427/1427
f 1429/1429/1429 1431/1431/1431 1432/1432/1432
f 1432/1432/1432 1430/1430/1430 1429/1429/1429
f 1431/1431/1431 1433/1433/1433 1434/1434/1434
f 1434/1434/1434 1432/1432/1432 1431/1431/1431
f 1433/1433/1433 1435/1435/1435 1436/1436/1436
f 1436/1436/1436 1434/1434/1434 1433/1433/1433
f 1435/1435/1435 1437/1437/1437 1438/1438/1438
f 1438/1438/1438 1436/1436/1436 1435/1435/1435
f 1437/1437/1437 1439/1439/1439 1440/1440/1440
f 1440/1440/1440 1438/1438/1438 1437/1437/1437
f 1439/1439/1439 1345/1345/1345 1348/1348/1348
f 1348/1348/1348 1440/1440/1440 1439/1439/1439
f 1443/1443/1443 1442/1442/1442 1441/1441/1441
f 1441/1441/1441 1444/1444/1444 1443/1443/1443
f 1444/1444/1444 1441/1441/1441 1445/1445/1445
f 1445/1445/1445 1446/1446/1446 1444/1444/1444
f 1446/1446/1446 1445/1445/1445 1447/1447/1447
f 1447/1447/1447 1448/1448/1448 1446/1446/1446
f 1448/1448/1448 1447/1447/1447 1449/1449/1449
f 1449/1449/1449 1450/1450/1450 1448/1448/1448
f 1450/1450/1450 1449/1449/1449 1451/1451/1451
f 1451/1451/1451 1452/1452/1452 1450/1450/1450
f 1452/1452/1452 1451/1451/1451 1453/1453/1453
f 1453/1453/1453 1454/1454/1454 1452/1452/1452
f 1454/1454/1454 1453/1453/1453 1455/1455/1455
f 1455/1455/1455 1456/1456/1456 1454/1454/1454
f 1456/1456/1456 1455/1455/1455 1457/1457/1457
f 1457/1457/1457 1458/1458/1458 1456/1456/1456
f 1458/1458/1458 1457/1457/1457 1459/1459/1459
f 1459/1459/1459 1460/1460/1460 1458/1458/1458
f 1460/1460/1460 1459/1459/1459 1461/1461/1461
f 1461/1461/1461 1462/1462/1462 1460/1460/1460
f 1462/1462/1462 1461/1461/1461 1463/1463/1463
f 1463/1463/1463 1464/1464/1464 1462/1462/1462
f 1464/1464/1464 1463/1463/1463 1465/1465/1465
f 1465/1465/1465 1466/1466/1466 1464/1464/1464
f 1466/1466/1466 1465/1465/1465 1467/1467/1467
f 1467/1467/1467 1468/1468/1468 1466/1466/1466
f 1468/1468/1468 1467/1467/1467 1469/1469/1469
f 1469/1469/1469 1470/1470/1470 1468/1468/1468
f 1470/1470/1470 1469/1469/1469 1471/1471/1471
f 1471/1471/1471 1472/1472/1472 1470/1470/1470
f 1472/1472/1472 1471/1471/1471 1473/1473/1473
f 1473/1473/1473 1474/1474/1474 1472/1472/1472
f 1474/1474/1474 1473/1473/1473 1475/1475/1475
f 1475/1475/1475 1476/1476/1476 1474/1474/1474
f 1476/1476/1476 1475/1475/1475 1477/1477/1477
f 1477/1477/1477 1478/1478/1478 1476/1476/1476
f 1478/1478/1478 1477/1477/1477 1479/1479/1479
f 1479/1479/1479 1480/1480/1480 1478/1478/1478
f 1480/1480/1480 1479/1479/1479 1481/1481/1481
f 1481/1481/1481 1482/1482/1482 1480/1480/1480
f 1482/1482/1482 1481/1481/1481 1483/1483/1483
f 1483/1483/1483 1484/1484/1484 1482/1482/1482
f 1484/1484/1484 1483/1483/1483 1485/1485/1485
f 1485/1485/1485 1486/1486/1486 1484/1484/1484
f 1486/1486/1486 1485/1485/1485 1487/1487/1487
f 1487/1487/1487 1488/1488/1488 1486/1486/1486
f 1488/1488/1488 1487/1487/1487 1489/1489/1489
f 1489/1489/1489 1490/1490/1490 1488/1488/1488
f 1490/1490/1490 1489/1489/1489 1491/1491/1491
f 1491/1491/1491 1492/1492/1492 1490/1490/1490
f 1492/1492/1492 1491/1491/1491 1493/1493/1493
f 1493/1493/1493 1494/1494/1494 1492/1492/1492
f 1494/1494/1494 1493/1493/1493 1495/1495/1495
f 1495/1495/1495 1496/1496/1496 1494/1494/1494
f 1496/1496/1496 1495/1495/1495 1497/1497/1497
f 1497/1497/1497 1498/1498/1498 1496/1496/1496
f 1498/1498/1498 1497/1497/1497 1499/1499/1499
f 1499/1499/1499 1500/1500/1500 1498/1498/1498
f 1500/1500/1500 1499/1499/1499 1501/1501/1501
f 1501/1501/1501 1502/1502/1502 1500/1500/1500
f 1502/1502/1502 1501/1501/1501 1503/1503/1503
f 1503/1503/1503 1504/1504/1504 1502/1502/1502
f 1504/1504/1504 1503/1503/1503 1505/1505/1505
f 1505/1505/1505 1506/1506/1506 1504/1504/1504
f 1506/1506/1506 1505/1505/1505 1507/1507/1507
f 1507/1507/1507 1508/1508/1508 1506/1506/1506
f 1508/1508/1508 1507/1507/1507 1509/1509/1509
f 1509/1509/1509 1510/1510/1510 1508/1508/1508
f 1510/1510/1510 1509/1509/1509 1511/1511/1511
f 1511/1511/1511 1512/1512/1512 1510/1510/1510
f 1512/1512/1512 1511/1511/1511 1513/1513/1513
f 1513/1513/1513 1514/1514/1514 1512/1512/1512
f 1514/1514/1514 1513/1513/1513 1515/1515/1515
f 1515/1515/1515 1516/1516/1516 1514/1514/1514
f 1516/1516/1516 1515/1515/1515 1517/1517/1517
f 1517/1517/1517 1518/1518/1518 1516/1516/1516
f 1518/1518/1518 1517/1517/1517 1519/1519/1519
f 1519/1519/1519 1520/1520/1520 1518/1518/1518
f 1520/1520/1520 1519/1519/1519 1521/1521/1521
f 1521/1521/1521 1522/1522/1522 1520/1520/1520
f 1522/1522/1522 1521/1521/1521 1523/1523/1523
f 1523/1523/1523 1524/1524/1524 1522/1522/1522
f 1524/1524/1524 1523/1523/1523 1525/1525/1525
f 1525/1525/1525 1526/1526/1526 1524/1524/1524
f 1526/1526/1526 1525/1525/1525 1527/1527/1527
f 1527/1527/1527 1528/1528/1528 1526/1526/1526
f 1528/1528/1528 1527/1527/1527 1529/1529/1529
f 1529/1529/1529 1530/1530/1530 1528/1528/1528
f 1530/1530/1530 1529/1529/1529 1531/1531/1531
f 1531/1531/1531 1532/1532/1532 1530/1530/1530
f 1532/1532/1532 1531/1531/1531 1533/1533/1533
f 1533/1533/1533 1534/1534/1534 1532/1532/1532
f 1534/1534/1534 1533/1533/1533 1535/1535/1535
f 1535/1535/1535 1536/1536/1536 1534/1534/1534
f 1536/1536/1536 1535/1535/1535 1442/1442/1442
f 1442/1442/1442 1443/1443/1443 1536/1536/1536
f 1537/1537/1537 1538/1538/1538 1539/1539/1539
f 1539/1539/1539 1540/1540/1540 1537/1537/1537
f 1541/1541/1541 1537/1537/1537 1540/1540/1540
f 1540/1540/1540 1542/1542/1542 1541/1541/1541
f 1543/1543/1543 1541/1541/1541 1542/1542/1542
f 1542/1542/1542 1544/1544/1544 1543/1543/1543
f 1545/1545/1545 1543/1543/1543 1544/1544/1544
f 1544/1544/1544 1546/1546/1546 1545/1545/1545
f 1547/1547/1547 1545/1545/1545 1546/1546/1546
f 1546/1546/1546 1548/1548/1548 1547/1547/1547
f 1549/1549/1549 1547/1547/1547 1548/1548/1548
f 1548/1548/1548 1550/1550/1550 1549/1549/1549
f 1551/1551/1551 1549/1549/1549 1550/1550/1550
f 1550/1550/1550 1552/1552/1552 1551/1551/1551
f 1553/1553/1553 1551/1551/1551 1552/1552/1552
f 1552/1552/1552 1554/1554/1554 1553/1553/1553
f 1555/1555/1555 1553/1553/1553 1554/1554/1554
f 1554/1554/1554 1556/1556/1556 1555/1555/1555
f 1557/1557/1557 1555/1555/1555 1556/1556/1556
f 1556/1556/1556 1558/1558/1558 1557/1557/1557
f 1559/1559/1559 1557/1557/1557 1558/1558/1558
f 1558/1558/1558 1560/1560/1560 1559/1559/1559
f 1561/1561/1561 1559/1559/1559 1560/1560/1560
f 1560/1560/1560 1562/1562/1562 1561/1561/1561
f 1563/1563/1563 1561/1561/1561 1562/1562/1562
f 1562/1562/1562 1564/1564/1564 1563/1563/1563
f 1565/1565/1565 1563/1563/1563 1564/1564/1564
f 1564/1564/1564 1566/1566/1566 1565/1565/1565
f 1567/1567/1567 1565/1565/1565 1566/1566/1566
f 1566/1566/1566 1568/1568/1568 1567/1567/1567
f 1569/1569/1569 1567/1567/1567 1568/1568/1568
f 1568/1568/1568 1570/1570/1570 1569/1569/1569
f 1571/1571/1571 1569/1569/1569 1570/1570/1570
f 1570/1570/1570 1572/1572/1572 1571/1571/1571
f 1573/1573/1573 1571/1571/1571 1572/1572/1572
f 1572/1572/1572 1574/1574/1574 1573/1573/1573
f 1575/1575/1575 1573/1573/1573 1574/1574/1574
f 1574/1574/1574 1576/1576/1576 1575/1575/1575
f 1577/1577/1577 1575/1575/1575 1576/1576/1576
f 1576/1576/1576 1578/1578/1578 1577/1577/1577
f 1579/1579/1579 1577/1577/1577 1578/1578/1578
f 1578/1578/1578 1580/1580/1580 1579/1579/1579
f 1581/1581/1581 1579/1579/1579 1580/1580/1580
f 1580/1580/1580 1582/1582/1582 1581/1581/1581
f 1583/1583/1583 1581/1581/1581 1582/1582/1582
f 1582/1582/1582 1584/1584/1584 1583/1583/1583
f 1585/1585/1585 1583/1583/1583 1584/1584/1584
f 1584/1584/1584 1586/1586/1586 1585/1585/1585
f 1587/1587/1587 1585/1585/1585 1586/1586/1586
f 1586/1586/1586 1588/1588/1588 1587/1587/1587
f 1589/1589/1589 1587/1587/1587 1588/1588/1588
f 1588/1588/1588 1590/1590/1590 1589/1589/1589
f 1591/1591/1591 1589/1589/1589 1590/1590/1590
f 1590/1590/1590 1592/1592/1592 1591/1591/1591
f 1593/1593/1593 1591/1591/1591 1592/1592/1592
f 1592/1592/1592 1594/1594/1594 1593/1593/1593
f 1595/1595/1595 1593/1593/1593 1594/1594/1594
f 1594/1594/1594 1596/1596/1596 1595/1595/1595
f 1597/1597/1597 1595/1595/1595 1596/1596/1596
f 1596/1596/1596 1598/1598/1598 1597/1597/1597
f 1599/1599/1599 1597/1597/1597 1598/1598/1598
f 1598/1598/1598 1600/1600/1600 1599/1599/1599
f 1601/1601/1601 1599/1599/1599 1600/1600/1600
f 1600/1600/1600 1602/1602/1602 1601/1601/1601
f 1603/1603/1603 1601/1601/1601 1602/1602/1602
f 1602/1602/1602 1604/1604/1604 1603/1603/1603
f 1605/1605/1605 1603/1603/1603 1604/1604/1604
f 1604/1604/1604 1606/1606/1606 1605/1605/1605
f 1607/1607/1607 1605/1605/1605 1606/1606/1606
f 1606/1606/1606 1608/1608/1608 1607/1607/1607
f 1609/1609/1609 1607/1607/1607 1608/1608/1608
f 1608/1608/1608 1610/1610/1610 1609/1609/1609
f 1611/1611/1611 1609/1609/1609 1610/1610/1610
f 1610/1610/1610 1612/1612/1612 1611/1611/1611
f 1613/1613/1613 1611/1611/1611 1612/1612/1612
f 1612/1612/1612 1614/1614/1614 1613/1613/1613
f 1615/1615/1615 1613/1613/1613 1614/1614/1614
f 1614/1614/1614 1616/1616/1616 1615/1615/1615
f 1617/1617/1617 1615/1615/1615 1616/1616/1616
f 1616/1616/1616 1618/1618/1618 1617/1617/1617
f 1619/1619/1619 1617/1617/1617 1618/1618/1618
f 1618/1618/1618 1620/1620/1620 1619/1619/1619
f 1621/1621/1621 1619/1619/1619 1620/1620/1620
f 1620/1620/1620 1622/1622/1622 1621/1621/1621
f 1623/1623/1623 1621/1621/1621 1622/1622/1622
f 1622/1622/1622 1624/1624/1624 1623/1623/1623
f 1625/1625/1625 1623/1623/1623 1624/1624/1624
f 1624/1624/1624 1626/1626/1626 1625/1625/1625
f 1627/1627/1627 1625/1625/1625 1626/1626/1626
f 1626/1626/1626 1628/1628/1628 1627/1627/1627
f 1629/1629/1629 1627/1627/1627 1628/1628/1628
f 1628/1628/1628 1630/1630/1630 1629/1629/1629
f 1631/1631/1631 1629/1629/1629 1630/1630/1630
f 1630/1630/1630 1632/1632/1632 1631/1631/1631
f 1538/1538/1538 1631/1631/1631 1632/1632/1632
f 1632/1632/1632 1539/1539/1539 1538/1538/1538
f 1633/1633/1633 1634/1634/1634 1635/1635/1635
f 1635/1635/1635 1636/1636/1636 1633/1633/1633
f 1634/1634/1634 1637/1637/1637 1638/1638/1638
f 1638/1638/1638 1635/1635/1635 1634/1634/1634
f 1637/1637/1637 1639/1639/1639 1640/1640/1640
f 1640/1640/1640 1638/1638/1638 1637/1637/1637
f 1639/1639/1639 1641/1641/1641 1642/1642/1642
f 1642/1642/1642 1640/1640/1640 1639/1639/1639
f 1641/1641/1641 1643/1643/1643 1644/1644/1644
f 1644/1644/1644 1642/1642/1642 1641/1641/1641
f 1643/1643/1643 1645/1645/1645 1646/1646/1646
f 1646/1646/1646 1644/1644/1644 1643/1643/1643
f 1645/1645/1645 1647/1647/1647 1648/1648/1648
f 1648/1648/1648 1646/1646/1646 1645/1645/1645
f 1647/1647/1647 1649/1649/1649 1650/1650/1650
f 1650/1650/1650 1648/1648/1648 1647/1647/1647
f 1649/1649/1649 1651/1651/1651 1652/1652/1652
f 1652/1652/1652 1650/1650/1650 1649/1649/1649
f 1651/1651/1651 1653/1653/1653 1654/1654/1654
f 1654/1654/1654 1652/1652/1652 1651/1651/1651
f 1653/1653/1653 1655/1655/1655 1656/1656/1656
f 1656/1656/1656 1654/1654/1654 1653/1653/1653
f 1655/1655/1655 1657/1657/1657 1658/1658/1658
f 1658/1658/1658 1656/1656/1656 1655/1655/1655
f 1657/1657/1657 1659/1659/1659 1660/1660/1660
f 1660/1660/1660 1658/1658/1658 1657/1657/1657
f 1659/1659/1659 1661/1661/1661 1662/1662/1662
f 1662/1662/1662 1660/1660/1660 1659/1659/1659
f 1661/1661/1661 1663/1663/1663 1664/1664/1664
f 1664/1664/1664 1662/1662/1662 1661/1661/1661
f 1663/1663/1663 1665/1665/1665 1666/1666/1666
f 1666/1666/1666 1664/1664/1664 1663/1663/1663
f 1665/1665/1665 1667/1667/1667 1668/1668/1668
f 1668/1668/1668 1666/1666/1666 1665/1665/1665
f 1667/1667/1667 1669/1669/1669 1670/1670/1670
f 1670/1670/1670 1668/1668/1668 1667/1667/1667
f 1669/1669/1669 1671/1671/1671 1672/1672/1672
f 1672/1672/1672 1670/1670/1670 1669/1669/1669
f 1671/1671/1671 1673/1673/1673 1674/1674/1674
f 1674/1674/1674 1672/1672/1672 1671/1671/1671
f 1673/1673/1673 1675/1675/1675 1676/1676/1676
f 1676/1676/1676 1674/1674/1674 1673/1673/1673
f 1675/1675/1675 1677/1677/1677 1678/1678/1678
f 1678/1678/1678 1676/1676/1676 1675/1675/1675
f 1677/1677/1677 1679/1679/1679 1680/1680/1680
f 1680/1680/1680 1678/1678/1678 1677/1677/1677
f 1679/1679/1679 1681/1681/1681 1682/1682/1682
f 1682/1682/1682 1680/1680/1680 1679/1679/1679
f 1681/1681/1681 1683/1683/1683 1684/1684/1684
f 1684/1684/1684 1682/1682/1682 1681/1681/1681
f 1683/1683/1683 1685/1685/1685 1686/1686/1686
f 1686/1686/1686 1684/1684/1684 1683/1683/1683
f 1685/1685/1685 1687/1687/1687 1688/1688/1688
f 1688/1688/1688 1686/1686/1686 1685/1685/1685
f 1687/1687/1687 1689/1689/1689 1690/1690/1690
f 1690/1690/1690 1688/1688/1688 1687/1687/1687
f 1689/1689/1689 1691/1691/1691 1692/1692/1692
f 1692/1692/1692 1690/1690/1690 1689/1689/1689
f 1691/1691/1691 1693/1693/1693 1694/1694/1694
f 1694/1694/1694 1692/1692/1692 1691/1691/1691
f 1693/1693/1693 1695/1695/1695 1696/1696/1696
f 1696/1696/1696 1694/1694/1694 1693/1693/1693
f 1695/1695/1695 1697/1697/1697 1698/1698/1698
f 1698/1698/1698 1696/1696/1696 1695/1695/1695
f 1697/1697/1697 1699/1699/1699 1700/1700/1700
f 1700/1700/1700 1698/1698/1698 1697/1697/1697
f 1699/1699/1699 1701/1701/1701 1702/1702/1702
f 1702/1702/1702 1700/1700/1700 1699/1699/1699
f 1701/1701/1701 1703/1703/1703 1704/1704/1704
f 1704/1704/1704 1702/1702/1702 1701/1701/1701
f 1703/1703/1703 1705/1705/1705 1706/1706/1706
f 1706/1706/1706 1704/1704/1704 1703/1703/1703
f 1705/1705/1705 1707/1707/1707 1708/1708/1708
f 1708/1708/1708 1706/1706/1706 1705/1705/1705
f 1707/1707/1707 1709/1709/1709 1710/1710/1710
f 1710/1710/1710 1708/1708/1708 1707/1707/1707
f 1709/1709/1709 1711/1711/1711 1712/1712/1712
f 1712/1712/1712 1710/1710/1710 1709/1709/1709
f 1711/1711/1711 1713/1713/1713 1714/1714/1714
f 1714/1714/1714 1712/1712/1712 1711/1711/1711
f 1713/1713/1713 1715/1715/1715 1716/1716/1716
f 1716/1716/1716 1714/1714/1714 1713/1713/1713
f 1715/1715/1715 1717/1717/1717 1718/1718/1718
f 1718/1718/1718 1716/1716/1716 1715/1715/1715
f 1717/1717/1717 1719/1719/1719 1720/1720/1720
f 1720/1720/1720 1718/1718/1718 1717/1717/1717
f 1719/1719/1719 1721/1721/1721 1722/1722/1722
f 1722/1722/1722 1720/1720/1720 1719/1719/1719
f 1721/1721/1721 1723/1723/1723 1724/1724/1724
f 1724/1724/1724 1722/1722/1722 1721/1721/1721
f 1723/1723/1723 1725/1725/1725 1726/1726/1726
f 1726/1726/1726 1724/1724/1724 1723/1723/1723
f 1725/1725/1725 1727/1727/1727 1728/1728/1728
f 1728/1728/1728 1726/1726/1726 1725/1725/1725
f 1727/1727/1727 1633/1633/1633 1636/1636/1636
f 1636/1636/1636 1728/1728/1728 1727/1727/1727
f 1731/1731/1731 1730/1730/1730 1729/1729/1729
f 1729/1729/1729 1732/1732/1732 1731/1731/1731
f 1732/1732/1732 1729/1729/1729 1733/1733/1733
f 1733/1733/1733 1734/1734/1734 1732/1732/1732
f 1734/1734/1734 1733/1733/1733 1735/1735/1735
f 1735/1735/1735 1736/1736/1736 1734/1734/1734
f 1736/1736/1736 1735/1735/1735 1737/1737/1737
f 1737/1737/1737 1738/1738/1738 1736/1736/1736
f 1738/1738/1738 1737/1737/1737 1739/1739/1739
f 1739/1739/1739 1740/1740/1740 1738/1738/1738
f 1740/1740/1740 1739/1739/1739 1741/1741/1741
f 1741/1741/1741 1742/1742/1742 1740/1740/1740
f 1742/1742/1742 1741/1741/1741 1743/1743/1743
f 1743/1743/1743 1744/1744/1744 1742/1742/1742
f 1744/1744/1744 1743/1743/1743 1745/1745/1745
f 1745/1745/1745 1746/1746/1746 1744/1744/1744
f 1746/1746/1746 1745/1745/1745 1747/1747/1747
f 1747/1747/1747 1748/1748/1748 1746/1746/1746
f 1748/1748/1748 1747/1747/1747 1749/1749/1749
f 1749/1749/1749 1750/1750/1750 1748/1748/1748
f 1750/1750/1750 1749/1749/1749 1751/1751/1751
f 1751/1751/1751 1752/1752/1752 1750/1750/1750
f 1752/1752/1752 1751/1751/1751 1753/1753/1753
f 1753/1753/1753 1754/1754/1754 1752/1752/1752
f 1754/1754/1754 1753/1753/1753 1755/1755/1755
f 1755/1755/1755 1756/1756/1756 1754/1754/1754
f 1756/1756/1756 1755/1755/1755 1757/1757/1757
f 1757/1757/1757 1758/1758/1758 1756/1756/1756
f 1758/1758/1758 1757/1757/1757 1759/1759/1759
f 1759/1759/1759 1760/1760/1760 1758/1758/1758
f 1760/1760/1760 1759/1759/1759 1761/1761/1761
f 1761/1761/1761 1762/1762/1762 1760/1760/1760
f 1762/1762/1762 1761/1761/1761 1763/1763/1763
f 1763/1763/1763 1764/1764/1764 1762/1762/1762
f 1764/1764/1764 1763/1763/1763 1765/1765/1765
f 1765/1765/1765 1766/1766/1766 1764/1764/1764
f 1766/1766/1766 1765/1765/1765 1767/1767/1767
f 1767/1767/1767 1768/1768/1768 1766/1766/1766
f 1768/1768/1768 1767/1767/1767 1769/1769/1769
f 1769/1769/1769 1770/1770/1770 1768/1768/1768
f 1770/1770/1770 1769/1769/1769 1771/1771/1771
f 1771/1771/1771 1772/1772/1772 1770/1770/1770
f 1772/1772/1772 1771/1771/1771 1773/1773/1773
f 1773/1773/1773 1774/1774/1774 1772/1772/1772
f 1774/1774/1774 1773/1773/1773 1775/1775/1775
f 1775/1775/1775 1776/1776/1776 1774/1774/1774
f 1776/1776/1776 1775/1775/1775 1777/1777/1777
f 1777/1777/1777 1778/1778/1778 1776/1776/1776
f 1778/1778/1778 1777/1777/1777 1779/1779/1779
f 1779/1779/1779 1780/1780/1780 1778/1778/1778
f 1780/1780/1780 1779/1779/1779 1781/1781/1781
f 1781/1781/1781 1782/1782/1782 1780/1780/1780
f 1782/1782/1782 1781/1781/1781 1783/1783/1783
f 1783/1783/1783 1784/1784/1784 1782/1782/1782
f 1784/1784/1784 1783/1783/1783 1785/1785/1785
f 1785/1785/1785 1786/1786/1786 1784/1784/1784
f 1786/1786/1786 1785/1785/1785 1787/1787/1787
f 1787/1787/1787 1788/1788/1788 1786/1786/1786
f 1788/1788/1788 1787/1787/1787 1789/1789/1789
f 1789/1789/1789 1790/1790/1790 1788/1788/1788
f 1790/1790/1790 1789/1789/1789 1791/1791/1791
f 1791/1791/1791 1792/1792/1792 1790/1790/1790
f 1792/1792/1792 1791/1791/1791 1793/1793/1793
f 1793/1793/1793 1794/1794/1794 1792/1792/1792
f 1794/1794/1794 1793/1793/1793 1795/1795/1795
f 1795/1795/1795 1796/1796/1796 1794/1794/1794
f 1796/1796/1796 1795/1795/1795 1797/1797/1797
f 1797/1797/1797 1798/1798/1798 1796/1796/1796
f 1798/1798/1798 1797/1797/1797 1799/1799/1799
f 1799/1799/1799 1800/1800/1800 1798/1798/1798
f 1800/1800/1800 1799/1799/1799 1801/1801/1801
f 1801/1801/1801 1802/1802/1802 1800/1800/1800
f 1802/1802/1802 1801/1801/1801 1803/1803/1803
f 1803/1803/1803 1804/1804/1804 1802/1802/1802
f 1804/1804/1804 1803/1803/1803 1805/1805/1805
f 1805/1805/1805 1806/1806/1806 1804/1804/1804
f 1806/1806/1806 1805/1805/1805 1807/1807/1807
f 1807/1807/1807 1808/1808/1808 1806/1806/1806
f 1808/1808/1808 1807/1807/1807 1809/1809/1809
f 1809/1809/1809 1810/1810/1810 1808/1808/1808
f 1810/1810/1810 1809/1809/1809 1811/1811/1811
f 1811/1811/1811 1812/1812/1812 1810/1810/1810
f 1812/1812/1812 1811/1811/1811 1813/1813/1813
f 1813/1813/1813 1814/1814/1814 1812/1812/1812
f 1814/1814/1814 1813/1813/1813 1815/1815/1815
f 1815/1815/1815 1816/1816/1816 1814/1814/1814
f 1816/1816/1816 1815/1815/1815 1817/1817/1817
f 1817/1817/1817 1818/1818/1818 1816/1816/1816
f 1818/1818/1818 1817/1817/1817 1819/1819/1819
f 1819/1819/1819 1820/1820/1820 1818/1818/1818
f 1820/1820/1820 1819/1819/1819 1821/1821/1821
f 1821/1821/1821 1822/1822/1822 1820/1820/1820
f 1822/1822/1822 1821/1821/1821 1823/1823/1823
f 1823/1823/1823 1824/1824/1824 1822/1822/1822
f 1824/1824/1824 1823/1823/1823 1730/1730/1730
f 1730/1730/1730 1731/1731/1731 1824/1824/1824
f 1825/1825/1825 1826/1826/1826 1827/1827/1827
f 1827/1827/1827 1828/1828/1828 1825/1825/1825
f 1829/1829/1829 1825/1825/1825 1828/1828/1828
f 1828/1828/1828 1830/1830/1830 1829/1829/1829
f 1831/1831/1831 1829/1829/1829 1830/1830/1830
f 1830/1830/1830 1832/1832/1832 1831/1831/1831
f 1833/1833/1833 1831/1831/1831 1832/1832/1832
f 1832/1832/1832 1834/1834/1834 1833/1833/1833
f 1835/1835/1835 1833/1833/1833 1834/1834/1834
f 1834/1834/1834 1836/1836/1836 1835/1835/1835
f 1837/1837/1837 1835/1835/1835 1836/1836/1836
f 1836/1836/1836 1838/1838/1838 1837/1837/1837
f 1839/1839/1839 1837/1837/1837 1838/1838/1838
f 1838/1838/1838 1840/1840/1840 1839/1839/1839
f 1841/1841/1841 1839/1839/1839 1840/1840/1840
f 1840/1840/1840 1842/1842/1842 1841/1841/1841
f 1843/1843/1843 1841/1841/1841 1842/1842/1842
f 1842/1842/1842 1844/1844/1844 1843/1843/1843
f 1845/1845/1845 1843/1843/1843 1844/1844/1844
f 1844/1844/1844 1846/1846/1846 1845/1845/1845
f 1847/1847/1847 1845/1845/1845 1846/1846/1846
f 1846/1846/1846 1848/1848/1848 1847/1847/1847
f 1849/1849/1849 1847/1847/1847 1848/1848/1848
f 1848/1848/1848 1850/1850/1850 1849/1849/1849
f 1851/1851/1851 1849/1849/1849 1850/1850/1850
f 1850/1850/1850 1852/1852/1852 1851/1851/1851
f 1853/1853/1853 1851/1851/1851 1852/1852/1852
f 1852/1852/1852 1854/1854/1854 1853/1853/1853
f 1855/1855/1855 1853/1853/1853 1854/1854/1854
f 1854/1854/1854 1856/1856/1856 1855/1855/1855
f 1857/1857/1857 1855/1855/1855 1856/1856/1856
f 1856/1856/1856 1858/1858/1858 1857/1857/1857
f 1859/1859/1859 1857/1857/1857 1858/1858/1858
f 1858/1858/1858 1860/1860/1860 1859/1859/1859
f 1861/1861/1861 1859/1859/1859 1860/1860/1860
f 1860/1860/1860 1862/1862/1862 1861/1861/1861
f 1863/1863/1863 1861/1861/1861 1862/1862/1862
f 1862/1862/1862 1864/1864/1864 1863/1863/1863
f 1865/1865/1865 1863/1863/1863 1864/1864/1864
f 1864/1864/1864 1866/1866/1866 1865/1865/1865
f 1867/1867/1867 1865/1865/1865 1866/1866/1866
f 1866/1866/1866 1868/1868/1868 1867/1867/1867
f 1869/1869/1869 1867/1867/1867 1868/1868/1868
f 1868/1868/1868 1870/1870/1870 1869/1869/1869
f 1871/1871/1871 1869/1869/1869 1870/1870/1870
f 1870/1870/1870 1872/1872/1872 1871/1871/1871
f 1873/1873/1873 1871/1871/1871 1872/1872/1872
f 1872/1872/1872 1874/1874/1874 1873/1873/1873
f 1875/1875/1875 1873/1873/1873 1874/1874/1874
f 1874/1874/1874 1876/1876/1876 1875/1875/1875
f 1877/1877/1877 1875/1875/1875 1876/1876/1876
f 1876/1876/1876 1878/1878/1878 1877/1877/1877
f 1879/1879/1879 1877/1877/1877 1878/1878/1878
f 1878/1878/1878 1880/1880/1880 1879/1879/1879
f 1881/1881/1881 1879/1879/1879 1880/1880/1880
f 1880/1880/1880 1882/1882/1882 1881/1881/1881
f 1883/1883/1883 1881/1881/1881 1882/1882/1882
f 1882/1882/1882 1884/1884/1884 1883/1883/1883
f 1885/1885/1885 1883/1883/1883 1884/1884/1884
f 1884/1884/1884 1886/1886/1886 1885/1885/1885
f 1887/1887/1887 1885/1885/1885 1886/1886/1886
f 1886/1886/1886 1888/1888/1888 1887/1887/1887
f 1889/1889/1889 1887/1887/1887 1888/1888/1888
f 1888/1888/1888 1890/1890/1890 1889/1889/1889
f 1891/1891/1891 1889/1889/1889 1890/1890/1890
f 1890/1890/1890 1892/1892/1892 1891/1891/1891
f 1893/1893/1893 1891/1891/1891 1892/1892/1892
f 1892/1892/1892 1894/1894/1894 1893/1893/1893
f 1895/1895/1895 1893/1893/1893 1894/1894/1894
f 1894/1894/1894 1896/1896/1896 1895/1895/1895
f 1897/1897/1897 1895/1895/1895 1896/1896/1896
f 1896/1896/1896 1898/1898/1898 1897/1897/1897
f 1899/1899/1899 1897/1897/1897 1898/1898/1898
f 1898/1898/1898 1900/1900/1900 1899/1899/1899
f 1901/1901/1901 1899/1899/1899 1900/1900/1900
f 1900/1900/1900 1902/1902/1902 1901/1901/1901
f 1903/1903/1903 1901/1901/1901 1902/1902/1902
f 1902/1902/1902 1904/1904/1904 1903/1903/1903
f 1905/1905/1905 1903/1903/1903 1904/1904/1904
f 1904/1904/1904 1906/1906/1906 1905/1905/1905
f 1907/1907/1907 1905/1905/1905 1906/1906/1906
f 1906/1906/1906 1908/1908/1908 1907/1907/1907
f 1909/1909/1909 1907/1907/1907 1908/1908/1908
f 1908/1908/1908 1910/1910/1910 1909/1909/1909
f 1911/1911/1911 1909/1909/1909 1910/1910/1910
f 1910/1910/1910 1912/1912/1912 1911/1911/1911
f 1913/1913/1913 1911/1911/1911 1912/1912/1912
f 1912/1912/1912 1914/1914/1914 1913/1913/1913
f 1915/1915/1915 1913/1913/1913 1914/1914/1914
f 1914/1914/1914 1916/1916/1916 1915/1915/1915
f 1917/1917/1917 1915/1915/1915 1916/1916/1916
f 1916/1916/1916 1918/1918/1918 1917/1917/1917
f 1919/1919/1919 1917/1917/1917 1918/1918/1918
f 1918/1918/1918 1920/1920/1920 1919/1919/1919
f 1826/1826/1826 1919/1919/1919 1920/1920/1920
f 1920/1920/1920 1827/1827/1827 1826/1826/1826
f 1921/1921/1921 1922/1922/1922 1923/1923/1923
f 1923/1923/1923 1924/1924/1924 1921/1921/1921
f 1922/1922/1922 1925/1925/1925 1926/1926/1926
f 1926/1926/1926 1923/1923/1923 1922/1922/1922
f 1925/1925/1925 1927/1927/1927 1928/1928/1928
f 1928/1928/1928 1926/1926/1926 1925/1925/1925
f 1927/1927/1927 1929/1929/1929 1930/1930/1930
f 1930/1930/1930 1928/1928/1928 1927/1927/1927
f 1929/1929/1929 1931/1931/1931 1932/1932/1932
f 1932/1932/1932 1930/1930/1930 1929/1929/1929
f 1931/1931/1931 1933/1933/1933 1934/1934/1934
f 1934/1934/1934 1932/1932/1932 1931/1931/1931
f 1933/1933/1933 1935/1935/1935 1936/1936/1936
f 1936/1936/1936 1934/1934/1934 1933/1933/1933
f 1935/1935/1935 1937/1937/1937 1938/1938/1938
f 1938/1938/1938 1936/1936/1936 1935/1935/1935
f 1937/1937/1937 1939/1939/1939 1940/1940/1940
f 1940/1940/1940 1938/1938/1938 1937/1937/1937
f 1939/1939/1939 1941/1941/1941 1942/1942/1942
f 1942/1942/1942 1940/1940/1940 1939/1939/1939
f 1941/1941/1941 1943/1943/1943 1944/1944/1944
f 1944/1944/1944 1942/1942/1942 1941/1941/1941
f 1943/1943/1943 1945/1945/1945 1946/1946/1946
f 1946/1946/1946 1944/1944/1944 1943/1943/1943
f 1945/1945/1945 1947/1947/1947 1948/1948/1948
f 1948/1948/1948 1946/1946/1946 1945/1945/1945
f 1947/1947/1947 1949/1949/1949 1950/1950/1950
f 1950/1950/1950 1948/1948/1948 1947/1947/1947
f 1949/1949/1949 1951/1951/1951 1952/1952/1952
f 1952/1952/1952 1950/1950/1950 1949/1949/1949
f 1951/1951/1951 1953/1953/1953 1954/1954/1954
f 1954/1954/1954 1952/1952/1952 1951/1951/1951
f 1953/1953/1953 1955/1955/1955 1956/1956/1956
f 1956/1956/1956 1954/1954/1954 1953/1953/1953
f 1955/1955/1955 1957/1957/1957 1958/1958/1958
f 1958/1958/1958 1956/1956/1956 1955/1955/1955
f 1957/1957/1957 1959/1959/1959 1960/1960/1960
f 1960/1960/1960 1958/1958/1958 1957/1957/1957
f 1959/1959/1959 1961/1961/1961 1962/1962/1962
f 1962/1962/1962 1960/1960/1960 1959/1959/1959
f 1961/1961/1961 1963/1963/1963 1964/1964/1964
f 1964/1964/1964 1962/1962/1962 1961/1961/1961
f 1963/1963/1963 1965/1965/1965 1966/1966/1966
f 1966/1966/1966 1964/1964/1964 1963/1963/1963
f 1965/1965/1965 1967/1967/1967 1968/1968/1968
f 1968/1968/1968 1966/1966/1966 1965/1965/1965
f 1967/1967/1967 1969/1969/1969 1970/1970/1970
f 1970/1970/1970 1968/1968/1968 1967/1967/1967
f 1969/1969/1969 1971/1971/1971 1972/1972/1972
f 1972/1972/1972 1970/1970/1970 1969/1969/1969
f 1971/1971/1971 1973/1973/1973 1974/1974/1974
f 1974/1974/1974 1972/1972/1972 1971/1971/1971
f 1973/1973/1973 1975/1975/1975 1976/1976/1976
f 1976/1976/1976 1974/1974/1974 1973/1973/1973
f 1975/1975/1975 1977/1977/1977 1978/1978/1978
f 1978/1978/1978 1976/1976/1976 1975/1975/1975
f 1977/1977/1977 1979/1979/1979 1980/1980/1980
f 1980/1980/1980 1978/1978/1978 1977/1977/1977
f 1979/1979/1979 1981/1981/1981 1982/1982/1982
f 1982/1982/1982 1980/1980/1980 1979/1979/1979
f 1981/1981/1981 1983/1983/1983 1984/1984/1984
f 1984/1984/1984 1982/1982/1982 1981/1981/1981
f 1983/1983/1983 1985/1985/1985 1986/1986/1986
f 1986/1986/1986 1984/1984/1984 1983/1983/1983
f 1985/1985/1985 1987/1987/1987 1988/1988/1988
f 1988/1988/1988 1986/1986/1986 1985/1985/1985
f 1987/1987/1987 1989/1989/1989 1990/1990/1990
f 1990/1990/1990 1988/1988/1988 1987/1987/1987
f 1989/1989/1989 1991/1991/1991 1992/1992/1992
f 1992/1992/1992 1990/1990/1990 1989/1989/1989
f 1991/1991/1991 1993/1993/1993 1994/1994/1994
f 1994/1994/1994 1992/1992/1992 1991/1991/1991
f 1993/1993/1993 1995/1995/1995 1996/1996/1996
f 1996/1996/1996 1994/1994/1994 1993/1993/1993
f 1995/1995/1995 1997/1997/1997 1998/1998/1998
f 1998/1998/1998 1996/1996/1996 1995/1995/1995
f 1997/1997/1997 1999/1999/1999 2000/2000/2000
f 2000/2000/2000 1998/1998/1998 1997/1997/1997
f 1999/1999/1999 2001/2001/2001 2002/2002/2002
f 2002/2002/2002 2000/2000/2000 1999/1999/1999
f 2001/2001/2001 2003/2003/2003 2004/2004/2004
f 2004/2004/2004 2002/2002/2002 2001/2001/2001
f 2003/2003/2003 2005/2005/2005 2006/2006/2006
f 2006/2006/2006 2004/2004/2004 2003/2003/2003
f 2005/2005/2005 2007/2007/2007 2008/2008/2008
f 2008/2008/2008 2006/2006/2006 2005/2005/2005
f 2007/2007/2007 2009/2009/2009 2010/2010/2010
f 2010/2010/2010 2008/2008/2008 2007/2007/2007
f 2009/2009/2009 2011/2011/2011 2012/2012/2012
f 2012/2012/2012 2010/2010/2010 2009/2009/2009
f 2011/2011/2011 2013/2013/2013 2014/2014/2014
f 2014/2014/2014 2012/2012/2012 2011/2011/2011
f 2013/2013/2013 2015/2015/2015 2016/2016/2016
f 2016/2016/2016 2014/2014/2014 2013/2013/2013
f 2015/2015/2015 1921/1921/1921 1924/1924/1924
f 1924/1924/1924 2016/2016/2016 2015/2015/2015
f 2019/2019/2019 2018/2018/2018 2017/2017/2017
f 2017/2017/2017 2020/2020/2020 2019/2019/2019
f 2020/2020/2020 2017/2017/2017 2021/2021/2021
f 2021/2021/2021 2022/2022/2022 2020/2020/2020
f 2022/2022/2022 2021/2021/2021 2023/2023/2023
f 2023/2023/2023 2024/2024/2024 2022/2022/2022
f 2024/2024/2024 2023/2023/2023 2025/2025/2025
f 2025/2025/2025 2026/2026/2026 2024/2024/2024
f 2026/2026/2026 2025/2025/2025 2027/2027/2027
f 2027/2027/2027 2028/2028/2028 2026/2026/2026
f 2028/2028/2028 2027/2027/2027 2029/2029/2029
f 2029/2029/2029 2030/2030/2030 2028/2028/2028
f 2030/2030/2030 2029/2029/2029 2031/2031/2031
f 2031/2031/2031 2032/2032/2032 2030/2030/2030
f 2032/2032/2032 2031/2031/2031 2033/2033/2033
f 2033/2033/2033 2034/2034/2034 2032/2032/2032
f 2034/2034/2034 2033/2033/2033 2035/2035/2035
f 2035/2035/2035 2036/2036/2036 2034/2034/2034
f 2036/2036/2036 2035/2035/2035 2037/2037/2037
f 2037/2037/2037 2038/2038/2038 2036/2036/2036
f 2038/2038/2038 2037/2037/2037 2039/2039/2039
f 2039/2039/2039 2040/2040/2040 2038/2038/2038
f 2040/2040/2040 2039/2039/2039 2041/2041/2041
f 2041/2041/2041 2042/2042/2042 2040/2040/2040
f 2042/2042/2042 2041/2041/2041 2043/2043/2043
f 2043/2043/2043 2044/2044/2044 2042/2042/2042
f 2044/2044/2044 2043/2043/2043 2045/2045/2045
f 2045/2045/2045 2046/2046/2046 2044/2044/2044
f 2046/2046/2046 2045/2045/2045 2047/2047/2047
f 2047/2047/2047 2048/2048/2048 2046/2046/2046
f 2048/2048/2048 2047/2047/2047 2049/2049/2049
f 2049/2049/2049 2050/2050/2050 2048/2048/2048
f 2050/2050/2050 2049/2049/2049 2051/2051/2051
f 2051/2051/2051 2052/2052/2052 2050/2050/2050
f 2052/2052/2052 2051/2051/2051 2053/2053/2053
f 2053/2053/2053 2054/2054/2054 2052/2052/2052
f 2054/2054/2054 2053/2053/2053 2055/2055/2055
f 2055/2055/2055 2056/2056/2056 2054/2054/2054
f 2056/2056/2056 2055/2055/2055 2057/2057/2057
f 2057/2057/2057 2058/2058/2058 2056/2056/2056
f 2058/2058/2058 2057/2057/2057 2059/2059/2059
f 2059/2059/2059 2060/2060/2060 2058/2058/2058
f 2060/2060/2060 2059/2059/2059 2061/2061/2061
f 2061/2061/2061 2062/2062/2062 2060/2060/2060
f 2062/2062/2062 2061/2061/2061 2063/2063/2063
f 2063/2063/2063 2064/2064/2064 2062/2062/2062
f 2064/2064/2064 2063/2063/2063 2065/2065/2065
f 2065/2065/2065 2066/2066/2066 2064/2064/2064
f 2066/2066/2066 2065/2065/2065 2067/2067/2067
f 2067/2067/2067 2068/2068/2068 2066/2066/2066
f 2068/2068/2068 2067/2067/2067 2069/2069/2069
f 2069/2069/2069 2070/2070/2070 2068/2068/2068
f 2070/2070/2070 2069/2069/2069 2071/2071/2071
f 2071/2071/2071 2072/2072/2072 2070/2070/2070
f 2072/2072/2072 2071/2071/2071 2073/2073/2073
f 2073/2073/2073 2074/2074/2074 2072/2072/2072
f 2074/2074/2074 2073/2073/2073 2075/2075/2075
f 2075/2075/2075 2076/2076/2076 2074/2074/2074
f 2076/2076/2076 2075/2075/2075 2077/2077/2077
f 2077/2077/2077 2078/2078/2078 2076/2076/2076
f 2078/2078/2078 2077/2077/2077 2079/2079/2079
f 2079/2079/2079 2080/2080/2080 2078/2078/2078
f 2080/2080/2080 2079/2079/2079 2081/2081/2081
f 2081/2081/2081 2082/2082/2082 2080/2080/2080
f 2082/2082/2082 2081/2081/2081 2083/2083/2083
f 2083/2083/2083 2084/2084/2084 2082/2082/2082
f 2084/2084/2084 2083/2083/2083 2085/2085/2085
f 2085/2085/2085 2086/2086/2086 2084/2084/2084
f 2086/2086/2086 2085/2085/2085 2087/2087/2087
f 2087/2087/2087 2088/2088/2088 2086/2086/2086
f 2088/2088/2088 2087/2087/2087 2089/2089/2089
f 2089/2089/2089 2090/2090/2090 2088/2088/2088
f 2090/2090/2090 2089/2089/2089 2091/2091/2091
f 2091/2091/2091 2092/2092/2092 2090/2090/2090
f 2092/2092/2092 2091/2091/2091 2093/2093/2093
f 2093/2093/2093 2094/2094/2094 2092/2092/2092
f 2094/2094/2094 2093/2093/2093 2095/2095/2095
f 2095/2095/2095 2096/2096/2096 2094/2094/2094
f 2096/2096/2096 2095/2095/2095 2097/2097/2097
f 2097/2097/2097 2098/2098/2098 2096/2096/2096
f 2098/2098/2098 2097/2097/2097 2099/2099/2099
f 2099/2099/2099 2100/2100/2100 2098/2098/2098
f 2100/2100/2100 2099/2099/2099 2101/2101/2101
f 2101/2101/2101 2102/2102/2102 2100/2100/2100
f 2102/2102/2102 2101/2101/2101 2103/2103/2103
f 2103/2103/2103 2104/2104/2104 2102/2102/2102
f 2104/2104/2104 2103/2103/2103 2105/2105/2105
f 2105/2105/2105 2106/2106/2106 2104/2104/2104
f 2106/2106/2106 2105/2105/2105 2107/2107/2107
f 2107/2107/2107 2108/2108/2108 2106/2106/2106
f 2108/2108/2108 2107/2107/2107 2109/2109/2109
f 2109/2109/2109 2110/2110/2110 2108/2108/2108
f 2110/2110/2110 2109/2109/2109 2111/2111/2111
f 2111/2111/2111 2112/2112/2112 2110/2110/2110
f 2112/2112/2112 2111/2111/2111 2018/2018/2018
f 2018/2018/2018 2019/2019/2019 2112/2112/2112
f 2113/2113/2113 2114/2114/2114 2115/2115/2115
f 2115/2115/2115 2116/2116/2116 2113/2113/2113
f 2117/2117/2117 2113/2113/2113 2116/2116/2116
f 2116/2116/2116 2118/2118/2118 2117/2117/2117
f 2119/2119/2119 2117/2117/2117 2118/2118/2118
f 2118/2118/2118 2120/2120/2120 2119/2119/2119
f 2121/2121/2121 2119/2119/2119 2120/2120/2120
f 2120/2120/2120 2122/2122/2122 2121/2121/2121
f 2123/2123/2123 2121/2121/2121 2122/2122/2122
f 2122/2122/2122 2124/2124/2124 2123/2123/2123
f 2125/2125/2125 2123/2123/2123 2124/2124/2124
f 2124/2124/2124 2126/2126/2126 2125/2125/2125
f 2127/2127/2127 2125/2125/2125 2126/2126/2126
f 2126/2126/2126 2128/2128/2128 2127/2127/2127
f 2129/2129/2129 2127/2127/2127 2128/2128/2128
f 2128/2128/2128 2130/2130/2130 2129/2129/2129
f 2131/2131/2131 2129/2129/2129 2130/2130/2130
f 2130/2130/2130 2132/2132/2132 2131/2131/2131
f 2133/2133/2133 2131/2131/2131 2132/2132/2132
f 2132/2132/2132 2134/2134/2134 2133/2133/2133
f 2135/2135/2135 2133/2133/2133 2134/2134/2134
f 2134/2134/2134 2136/2136/2136 2135/2135/2135
f 2137/2137/2137 2135/2135/2135 2136/2136/2136
f 2136/2136/2136 2138/2138/2138 2137/2137/2137
f 2139/2139/2139 2137/2137/2137 2138/2138/2138
f 2138/2138/2138 2140/2140/2140 2139/2139/2139
f 2141/2141/2141 2139/2139/2139 2140/2140/2140
f 2140/2140/2140 2142/2142/2142 2141/2141/2141
f 2143/2143/2143 2141/2141/2141 2142/2142/2142
f 2142/2142/2142 2144/2144/2144 2143/2143/2143
f 2145/2145/2145 2143/2143/2143 2144/2144/2144
f 2144/2144/2144 2146/2146/2146 2145/2145/2145
f 2147/2147/2147 2145/2145/2145 2146/2146/2146
f 2146/2146/2146 2148/2148/2148 2147/2147/2147
f 2149/2149/2149 2147/2147/2147 2148/2148/2148
f 2148/2148/2148 2150/2150/2150 2149/2149/2149
f 2151/2151/2151 2149/2149/2149 2150/2150/2150
f 2150/2150/2150 2152/2152/2152 2151/2151/2151
f 2153/2153/2153 2151/2151/2151 2152/2152/2152
f 2152/2152/2152 2154/2154/2154 2153/2153/2153
f 2155/2155/2155 2153/2153/2153 2154/2154/2154
f 2154/2154/2154 2156/2156/2156 2155/2155/2155
f 2157/2157/2157 2155/2155/2155 2156/2156/2156
f 2156/2156/2156 2158/2158/2158 2157/2157/2157
f 2159/2159/2159 2157/2157/2157 2158/2158/2158
f 2158/2158/2158 2160/2160/2160 2159/2159/2159
f 2161/2161/2161 2159/2159/2159 2160/2160/2160
f 2160/2160/2160 2162/2162/2162 2161/2161/2161
f 2163/2163/2163 2161/2161/2161 2162/2162/2162
f 2162/2162/2162 2164/2164/2164 2163/2163/2163
f 2165/2165/2165 2163/2163/2163 2164/2164/2164
f 2164/2164/2164 2166/2166/2166 2165/2165/2165
f 2167/2167/2167 2165/2165/2165 2166/2166/2166
f 2166/2166/2166 2168/2168/2168 2167/2167/2167
f 2169/2169/2169 2167/2167/2167 2168/2168/2168
f 2168/2168/2168 2170/2170/2170 2169/2169/2169
f 2171/2171/2171 2169/2169/2169 2170/2170/2170
f 2170/2170/2170 2172/2172/2172 2171/2171/2171
f 2173/2173/2173 2171/2171/2171 2172/2172/2172
f 2172/2172/2172 2174/2174/2174 2173/2173/2173
f 2175/2175/2175 2173/2173/2173 2174/2174/2174
f 2174/2174/2174 2176/2176/2176 2175/2175/2175
f 2177/2177/2177 2175/2175/2175 2176/2176/2176
f 2176/2176/2176 2178/2178/2178 2177/2177/2177
f 2179/2179/2179 2177/2177/2177 2178/2178/2178
f 2178/2178/2178 2180/2180/2180 2179/2179/2179
f 2181/2181/2181 2179/2179/2179 2180/2180/2180
f 2180/2180/2180 2182/2182/2182 2181/2181/2181
f 2183/2183/2183 2181/2181/2181 2182/2182/2182
f 2182/2182/2182 2184/2184/2184 2183/2183/2183
f 2185/2185/2185 2183/2183/2183 2184/2184/2184
f 2184/2184/2184 2186/2186/2186 2185/2185/2185
f 2187/2187/2187 2185/2185/2185 2186/2186/2186
f 2186/2186/2186 2188/2188/2188 2187/2187/2187
f 2189/2189/2189 2187/2187/2187 2188/2188/2188
f 2188/2188/2188 2190/2190/2190 2189/2189/2189
f 2191/2191/2191 2189/2189/2189 2190/2190/2190
f 2190/2190/2190 2192/2192/2192 2191/2191/2191
f 2193/2193/2193 2191/2191/2191 2192/2192/2192
f 2192/2192/2192 2194/2194/2194 2193/2193/2193
f 2195/2195/2195 2193/2193/2193 2194/2194/2194
f 2194/2194/2194 2196/2196/2196 2195/2195/2195
f 2197/2197/2197 2195/2195/2195 2196/2196/2196
f 2196/2196/2196 2198/2198/2198 2197/2197/2197
f 2199/2199/2199 2197/2197/2197 2198/2198/2198
f 2198/2198/2198 2200/2200/2200 2199/2199/2199
f 2201/2201/2201 2199/2199/2199 2200/2200/2200
f 2200/2200/2200 2202/2202/2202 2201/2201/2201
f 2203/2203/2203 2201/2201/2201 2202/2202/2202
f 2202/2202/2202 2204/2204/2204 2203/2203/2203
f 2205/2205/2205 2203/2203/2203 2204/2204/2204
f 2204/2204/2204 2206/2206/2206 2205/2205/2205
f 2207/2207/2207 2205/2205/2205 2206/2206/2206
f 2206/2206/2206 2208/2208/2208 2207/2207/2207
f 2114/2114/2114 2207/2207/2207 2208/2208/2208
f 2208/2208/2208 2115/2115/2115 2114/2114/2114
f 2209/2209/2209 2210/2210/2210 2211/2211/2211
f 2211/2211/2211 2212/2212/2212 2209/2209/2209
f 2210/2210/2210 2213/2213/2213 2214/2214/2214
f 2214/2214/2214 2211/2211/2211 2210/2210/2210
f 2213/2213/2213 2215/2215/2215 2216/2216/2216
f 2216/2216/2216 2214/2214/2214 2213/2213/2213
f 2215/2215/2215 2217/2217/2217 2218/2218/2218
f 2218/2218/2218 2216/2216/2216 2215/2215/2215
f 2217/2217/2217 2219/2219/2219 2220/2220/2220
f 2220/2220/2220 2218/2218/2218 2217/2217/2217
f 2219/2219/2219 2221/2221/2221 2222/2222/2222
f 2222/2222/2222 2220/2220/2220 2219/2219/2219
f 2221/2221/2221 2223/2223/2223 2224/2224/2224
f 2224/2224/2224 2222/2222/2222 2221/2221/2221
f 2223/2223/2223 2225/2225/2225 2226/2226/2226
f 2226/2226/2226 2224/2224/2224 2223/2223/2223
f 2225/2225/2225 2227/2227/2227 2228/2228/2228
f 2228/2228/2228 2226/2226/2226 2225/2225/2225
f 2227/2227/2227 2229/2229/2229 2230/2230/2230
f 2230/2230/2230 2228/2228/2228 2227/2227/2227
f 2229/2229/2229 2231/2231/2231 2232/2232/2232
f 2232/2232/2232 2230/2230/2230 2229/2229/2229
f 2231/2231/2231 2233/2233/2233 2234/2234/2234
f 2234/2234/2234 2232/2232/2232 2231/2231/2231
f 2233/2233/2233 2235/2235/2235 2236/2236/2236
f 2236/2236/2236 2234/2234/2234 2233/2233/2233
f 2235/2235/2235 2237/2237/2237 2238/2238/2238
f 2238/2238/2238 2236/2236/2236 2235/2235/2235
f 2237/2237/2237 2239/2239/2239 2240/2240/2240
f 2240/2240/2240 2238/2238/2238 2237/2237/2237
f 2239/2239/2239 2241/2241/2241 2242/2242/2242
f 2242/2242/2242 2240/2240/2240 2239/2239/2239
f 2241/2241/2241 2243/2243/2243 2244/2244/2244
f 2244/2244/2244 2242/2242/2242 2241/2241/2241
f 2243/2243/2243 2245/2245/2245 2246/2246/2246
f 2246/2246/2246 2244/2244/2244 2243/2243/2243
f 2245/2245/2245 2247/2247/2247 2248/2248/2248
f 2248/2248/2248 2246/2246/2246 2245/2245/2245
f 2247/2247/2247 2249/2249/2249 2250/2250/2250
f 2250/2250/2250 2248/2248/2248 2247/2247/2247
f 2249/2249/2249 2251/2251/2251 2252/2252/2252
f 2252/2252/2252 2250/2250/2250 2249/2249/2249
f 2251/2251/2251 2253/2253/2253 2254/2254/2254
f 2254/2254/2254 2252/2252/2252 2251/2251/2251
f 2253/2253/2253 2255/2255/2255 2256/2256/2256
f 2256/2256/2256 2254/2254/2254 2253/2253/2253
f 2255/2255/2255 2257/2257/2257 2258/2258/2258
f 2258/2258/2258 2256/2256/2256 2255/2255/2255
f 2257/2257/2257 2259/2259/2259 2260/2260/2260
f 2260/2260/2260 2258/2258/2258 2257/2257/2257
f 2259/2259/2259 2261/2261/2261 2262/2262/2262
f 2262/2262/2262 2260/2260/2260 2259/2259/2259
f 2261/2261/2261 2263/2263/2263 2264/2264/2264
f 2264/2264/2264 2262/2262/2262 2261/2261/2261
f 2263/2263/2263 2265/2265/2265 2266/2266/2266
f 2266/2266/2266 2264/2264/2264 2263/2263/2263
f 2265/2265/2265 2267/2267/2267 2268/2268/2268
f 2268/2268/2268 2266/2266/2266 2265/2265/2265
f 2267/2267/2267 2269/2269/2269 2270/2270/2270
f 2270/2270/2270 2268/2268/2268 2267/2267/2267
f 2269/2269/2269 2271/2271/2271 2272/2272/2272
f 2272/2272/2272 2270/2270/2270 2269/2269/2269
f 2271/2271/2271 2273/2273/2273 2274/2274/2274
f 2274/2274/2274 2272/2272/2272 2271/2271/2271
f 2273/2273/2273 2275/2275/2275 2276/2276/2276
f 2276/2276/2276 2274/2274/2274 2273/2273/2273
f 2275/2275/2275 2277/2277/2277 2278/2278/2278
f 2278/2278/2278 2276/2276/2276 2275/2275/2275
f 2277/2277/2277 2279/2279/2279 2280/2280/2280
f 2280/2280/2280 2278/2278/2278 2277/2277/2277
f 2279/2279/2279 2281/2281/2281 2282/2282/2282
f 2282/2282/2282 2280/2280/2280 2279/2279/2279
f 2281/2281/2281 2283/2283/2283 2284/2284/2284
f 2284/2284/2284 2282/2282/2282 2281/2281/2281
f 2283/2283/2283 2285/2285/2285 2286/2286/2286
f 2286/2286/2286 2284/2284/2284 2283/2283/2283
f 2285/2285/2285 2287/2287/2287 2288/2288/2288
f 2288/2288/2288 2286/2286/2286 2285/2285/2285
f 2287/2287/2287 2289/2289/2289 2290/2290/2290
f 2290/2290/2290 2288/2288/2288 2287/2287/2287
f 2289/2289/2289 2291/2291/2291 2292/2292/2292
f 2292/2292/2292 2290/2290/2290 2289/2289/2289
f 2291/2291/2291 2293/2293/2293 2294/2294/2294
f 2294/2294/2294 2292/2292/2292 2291/2291/2291
f 2293/2293/2293 2295/2295/2295 2296/2296/2296
f 2296/2296/2296 2294/2294/2294 2293/2293/2293
f 2295/2295/2295 2297/2297/2297 2298/2298/2298
f 2298/2298/2298 2296/2296/2296 2295/2295/2295
f 2297/2297/2297 2299/2299/2299 2300/2300/2300
f 2300/2300/2300 2298/2298/2298 2297/2297/2297
f 2299/2299/2299 2301/2301/2301 2302/2302/2302
f 2302/2302/2302 2300/2300/2300 2299/2299/2299
f 2301/2301/2301 2303/2303/2303 2304/2304/2304
f 2304/2304/2304 2302/2302/2302 2301/2301/2301
f 2303/2303/2303 2209/2209/2209 2212/2212/2212
f 2212/2212/2212 2304/2304/2304 2303/2303/2303
f 2307/2307/2307 2306/2306/2306 2305/2305/2305
f 2305/2305/2305 2308/2308/2308 2307/2307/2307
f 2308/2308/2308 2305/2305/2305 2309/2309/2309
f 2309/2309/2309 2310/2310/2310 2308/2308/2308
f 2310/2310/2310 2309/2309/2309 2311/2311/2311
f 2311/2311/2311 2312/2312/2312 2310/2310/2310
f 2312/2312/2312 2311/2311/2311 2313/2313/2313
f 2313/2313/2313 2314/2314/2314 2312/2312/2312
f 2314/2314/2314 2313/2313/2313 2315/2315/2315
f 2315/2315/2315 2316/2316/2316 2314/2314/2314
f 2316/2316/2316 2315/2315/2315 2317/2317/2317
f 2317/2317/2317 2318/2318/2318 2316/2316/2316
f 2318/2318/2318 2317/2317/2317 2319/2319/2319
f 2319/2319/2319 2320/2320/2320 2318/2318/2318
f 2320/2320/2320 2319/2319/2319 2321/2321/2321
f 2321/2321/2321 2322/2322/2322 2320/2320/2320
f 2322/2322/2322 2321/2321/2321 2323/2323/2323
f 2323/2323/2323 2324/2324/2324 2322/2322/2322
f 2324/2324/2324 2323/2323/2323 2325/2325/2325
f 2325/2325/2325 2326/2326/2326 2324/2324/2324
f 2326/2326/2326 2325/2325/2325 2327/2327/2327
f 2327/2327/2327 2328/2328/2328 2326/2326/2326
f 2328/2328/2328 2327/2327/2327 2329/2329/2329
f 2329/2329/2329 2330/2330/2330 2328/2328/2328
f 2330/2330/2330 2329/2329/2329 2331/2331/2331
f 2331/2331/2331 2332/2332/2332 2330/2330/2330
f 2332/2332/2332 2331/2331/2331 2333/2333/2333
f 2333/2333/2333 2334/2334/2334 2332/2332/2332
f 2334/2334/2334 2333/2333/2333 2335/2335/2335
f 2335/2335/2335 2336/2336/2336 2334/2334/2334
f 2336/2336/2336 2335/2335/2335 2337/2337/2337
f 2337/2337/2337 2338/2338/2338 2336/2336/2336
f 2338/2338/2338 2337/2337/2337 2339/2339/2339
f 2339/2339/2339 2340/2340/2340 2338/2338/2338
f 2340/2340/2340 2339/2339/2339 2341/2341/2341
f 2341/2341/2341 2342/2342/2342 2340/2340/2340
f 2342/2342/2342 2341/2341/2341 2343/2343/2343
f 2343/2343/2343 2344/2344/2344 2342/2342/2342
f 2344/2344/2344 2343/2343/2343 2345/2345/2345
f 2345/2345/2345 2346/2346/2346 2344/2344/2344
f 2346/2346/2346 2345/2345/2345 2347/2347/2347
f 2347/2347/2347 2348/2348/2348 2346/2346/2346
f 2348/2348/2348 2347/2347/2347 2349/2349/2349
f 2349/2349/2349 2350/2350/2350 2348/2348/2348
f 2350/2350/2350 2349/2349/2349 2351/2351/2351
f 2351/2351/2351 2352/2352/2352 2350/2350/2350
f 2352/2352/2352 2351/2351/2351 2353/2353/2353
f 2353/2353/2353 2354/2354/2354 2352/2352/2352
f 2354/2354/2354 2353/2353/2353 2355/2355/2355
f 2355/2355/2355 2356/2356/2356 2354/2354/2354
f 2356/2356/2356 2355/2355/2355 2357/2357/2357
f 2357/2357/2357 2358/2358/2358 2356/2356/2356
f 2358/2358/2358 2357/2357/2357 2359/2359/2359
f 2359/2359/2359 2360/2360/2360 2358/2358/2358
f 2360/2360/2360 2359/2359/2359 2361/2361/2361
f 2361/2361/2361 2362/2362/2362 2360/2360/2360
f 2362/2362/2362 2361/2361/2361 2363/2363/2363
f 2363/2363/2363 2364/2364/2364 2362/2362/2362
f 2364/2364/2364 2363/2363/2363 2365/2365/2365
f 2365/2365/2365 2366/2366/2366 2364/2364/2364
f 2366/2366/2366 2365/2365/2365 2367/2367/2367
f 2367/2367/2367 2368/2368/2368 2366/2366/2366
f 2368/2368/2368 2367/2367/2367 2369/2369/2369
f 2369/2369/2369 2370/2370/2370 2368/2368/2368
f 2370/2370/2370 2369/2369/2369 2371/2371/2371
f 2371/2371/2371 2372/2372/2372 2370/2370/2370
f 2372/2372/2372 2371/2371/2371 2373/2373/2373
f 2373/2373/2373 2374/2374/2374 2372/2372/2372
f 2374/2374/2374 2373/2373/2373 2375/2375/2375
f 2375/2375/2375 2376/2376/2376 2374/2374/2374
f 2376/2376/2376 2375/2375/2375 2377/2377/2377
f 2377/2377/2377 2378/2378/2378 2376/2376/2376
f 2378/2378/2378 2377/2377/2377 2379/2379/2379
f 2379/2379/2379 2380/2380/2380 2378/2378/2378
f 2380/2380/2380 2379/2379/2379 2381/2381/2381
f 2381/2381/2381 2382/2382/2382 2380/2380/2380
f 2382/2382/2382 2381/2381/2381 2383/2383/2383
f 2383/2383/2383 2384/2384/2384 2382/2382/2382
f 2384/2384/2384 2383/2383/2383 2385/2385/2385
f 2385/2385/2385 2386/2386/2386 2384/2384/2384
f 2386/2386/2386 2385/2385/2385 2387/2387/2387
f 2387/2387/2387 2388/2388/2388 2386/2386/2386
f 2388/2388/2388 2387/2387/2387 2389/2389/2389
f 2389/2389/2389 2390/2390/2390 2388/2388/2388
f 2390/2390/2390 2389/2389/2389 2391/2391/2391
f 2391/2391/2391 2392/2392/2392 2390/2390/2390
f 2392/2392/2392 2391/2391/2391 2393/2393/2393
f 2393/2393/2393 2394/2394/2394 2392/2392/2392
f 2394/2394/2394 2393/2393/2393 2395/2395/2395
f 2395/2395/2395 2396/2396/2396 2394/2394/2394
f 2396/2396/2396 2395/2395/2395 2397/2397/2397
f 2397/2397/2397 2398/2398/2398 2396/2396/2396
f 2398/2398/2398 2397/2397/2397 2399/2399/2399
f 2399/2399/2399 2400/2400/2400 2398/2398/2398
f 2400/2400/2400 2399/2399/2399 2306/2306/2306
f 2306/2306/2306 2307/2307/2307 2400/2400/2400
f 2401/2401/2401 2402/2402/2402 2403/2403/2403
f 2403/2403/2403 2404/2404/2404 2401/2401/2401
f 2405/2405/2405 2401/2401/2401 2404/2404/2404
f 2404/2404/2404 2406/2406/2406 2405/2405/2405
f 2407/2407/2407 2405/2405/2405 2406/2406/2406
f 2406/2406/2406 2408/2408/2408 2407/2407/2407
f 2409/2409/2409 2407/2407/2407 2408/2408/2408
f 2408/2408/2408 2410/2410/2410 2409/2409/2409
f 2411/2411/2411 2409/2409/2409 2410/2410/2410
f 2410/2410/2410 2412/2412/2412 2411/2411/2411
f 2413/2413/2413 2411/2411/2411 2412/2412/2412
f 2412/2412/2412 2414/2414/2414 2413/2413/2413
f 2415/2415/2415 2413/2413/2413 2414/2414/2414
f 2414/2414/2414 2416/2416/2416 2415/2415/2415
f 2417/2417/2417 2415/2415/2415 2416/2416/2416
f 2416/2416/2416 2418/2418/2418 2417/2417/2417
f 2419/2419/2419 2417/2417/2417 2418/2418/2418
f 2418/2418/2418 2420/2420/2420 2419/2419/2419
f 2421/2421/2421 2419/2419/2419 2420/2420/2420
f 2420/2420/2420 2422/2422/2422 2421/2421/2421
f 2423/2423/2423 2421/2421/2421 2422/2422/2422
f 2422/2422/2422 2424/2424/2424 2423/2423/2423
f 2425/2425/2425 2423/2423/2423 2424/2424/2424
f 2424/2424/2424 2426/2426/2426 2425/2425/2425
f 2427/2427/2427 2425/2425/2425 2426/2426/2426
f 2426/2426/2426 2428/2428/2428 2427/2427/2427
f 2429/2429/2429 2427/2427/2427 2428/2428/2428
f 2428/2428/2428 2430/2430/2430 2429/2429/2429
f 2431/2431/2431 2429/2429/2429 2430/2430/2430
f 2430/2430/2430 2432/2432/2432 2431/2431/2431
f 2433/2433/2433 2431/2431/2431 2432/2432/2432
f 2432/2432/2432 2434/2434/2434 2433/2433/2433
f 2435/2435/2435 2433/2433/2433 2434/2434/2434
f 2434/2434/2434 2436/2436/2436 2435/2435/2435
f 2437/2437/2437 2435/2435/2435 2436/2436/2436
f 2436/2436/2436 2438/2438/2438 2437/2437/2437
f 2439/2439/2439 2437/2437/2437 2438/2438/2438
f 2438/2438/2438 2440/2440/2440 2439/2439/2439
f 2441/2441/2441 2439/2439/2439 2440/2440/2440
f 2440/2440/2440 2442/2442/2442 2441/2441/2441
f 2443/2443/2443 2441/2441/2441 2442/2442/2442
f 2442/2442/2442 2444/2444/2444 2443/2443/2443
f 2445/2445/2445 2443/2443/2443 2444/2444/2444
f 2444/2444/2444 2446/2446/2446 2445/2445/2445
f 2447/2447/2447 2445/2445/2445 2446/2446/2446
f 2446/2446/2446 2448/2448/2448 2447/2447/2447
f 2449/2449/2449 2447/2447/2447 2448/2448/2448
f 2448/2448/2448 2450/2450/2450 2449/2449/2449
f 2451/2451/2451 2449/2449/2449 2450/2450/2450
f 2450/2450/2450 2452/2452/2452 2451/2451/2451
f 2453/2453/2453 2451/2451/2451 2452/2452/2452
f 2452/2452/2452 2454/2454/2454 2453/2453/2453
f 2455/2455/2455 2453/2453/2453 2454/2454/2454
f 2454/2454/2454 2456/2456/2456 2455/2455/2455
f 2457/2457/2457 2455/2455/2455 2456/2456/2456
f 2456/2456/2456 2458/2458/2458 2457/2457/2457
f 2459/2459/2459 2457/2457/2457 2458/2458/2458
f 2458/2458/2458 2460/2460/2460 2459/2459/2459
f 2461/2461/2461 2459/2459/2459 2460/2460/2460
f 2460/2460/2460 2462/2462/2462 2461/2461/2461
f 2463/2463/2463 2461/2461/2461 2462/2462/2462
f 2462/2462/2462 2464/2464/2464 2463/2463/2463
f 2465/2465/2465 2463/2463/2463 2464/2464/2464
f 2464/2464/2464 2466/2466/2466 2465/2465/2465
f 2467/2467/2467 2465/2465/2465 2466/2466/2466
f 2466/2466/2466 2468/2468/2468 2467/2467/2467
f 2469/2469/2469 2467/2467/2467 2468/2468/2468
f 2468/2468/2468 2470/2470/2470 2469/2469/2469
f 2471/2471/2471 2469/2469/2469 2470/2470/2470
f 2470/2470/2470 2472/2472/2472 2471/2471/2471
f 2473/2473/2473 2471/2471/2471 2472/2472/2472
f 2472/2472/2472 2474/2474/2474 2473/2473/2473
f 2475/2475/2475 2473/2473/2473 2474/2474/2474
f 2474/2474/2474 2476/2476/2476 2475/2475/2475
f 2477/2477/2477 2475/2475/2475 2476/2476/2476
f 2476/2476/2476 2478/2478/2478 2477/2477/2477
f 2479/2479/2479 2477/2477/2477 2478/2478/2478
f 2478/2478/2478 2480/2480/2480 2479/2479/2479
f 2481/2481/2481 2479/2479/2479 2480/2480/2480
f 2480/2480/2480 2482/2482/2482 2481/2481/2481
f 2483/2483/2483 2481/2481/2481 2482/2482/2482
f 2482/2482/2482 2484/2484/2484 2483/2483/2483
f 2485/2485/2485 2483/2483/2483 2484/2484/2484
f 2484/2484/2484 2486/2486/2486 2485/2485/2485
f 2487/2487/2487 2485/2485/2485 2486/2486/2486
f 2486/2486/2486 2488/2488/2488 2487/2487/2487
f 2489/2489/2489 2487/2487/2487 2488/2488/2488
f 2488/2488/2488 2490/2490/2490 2489/2489/2489
f 2491/2491/2491 2489/2489/2489 2490/2490/2490
f 2490/2490/2490 2492/2492/2492 2491/2491/2491
f 2493/2493/2493 2491/2491/2491 2492/2492/2492
f 2492/2492/2492 2494/2494/2494 2493/2493/2493
f 2495/2495/2495 2493/2493/2493 2494/2494/2494
f 2494/2494/2494 2496/2496/2496 2495/2495/2495
f 2402/2402/2402 2495/2495/2495 2496/2496/2496
f 2496/2496/2496 2403/2403/2403 2402/2402/2402
f 2497/2497/2497 2498/2498/2498 2499/2499/2499
f 2499/2499/2499 2500/2500/2500 2497/2497/2497
f 2498/2498/2498 2501/2501/2501 2502/2502/2502
f 2502/2502/2502 2499/2499/2499 2498/2498/2498
f 2501/2501/2501 2503/2503/2503 2504/2504/2504
f 2504/2504/2504 2502/2502/2502 2501/2501/2501
f 2503/2503/2503 2505/2505/2505 2506/2506/2506
f 2506/2506/2506 2504/2504/2504 2503/2503/2503
f 2505/2505/2505 2507/2507/2507 2508/2508/2508
f 2508/2508/2508 2506/2506/2506 2505/2505/2505
f 2507/2507/2507 2509/2509/2509 2510/2510/2510
f 2510/2510/2510 2508/2508/2508 2507/2507/2507
f 2509/2509/2509 2511/2511/2511 2512/2512/2512
f 2512/2512/2512 2510/2510/2510 2509/2509/2509
f 2511/2511/2511 2513/2513/2513 2514/2514/2514
f 2514/2514/2514 2512/2512/2512 2511/2511/2511
f 2513/2513/2513 2515/2515/2515 2516/2516/2516
f 2516/2516/2516 2514/2514/2514 2513/2513/2513
f 2515/2515/2515 2517/2517/2517 2518/2518/2518
f 2518/2518/2518 2516/2516/2516 2515/2515/2515
f 2517/2517/2517 2519/2519/2519 2520/2520/2520
f 2520/2520/2520 2518/2518/2518 2517/2517/2517
f 2519/2519/2519 2521/2521/2521 2522/2522/2522
f 2522/2522/2522 2520/2520/2520 2519/2519/2519
f 2521/2521/2521 2523/2523/2523 2524/2524/2524
f 2524/2524/2524 2522/2522/2522 2521/2521/2521
f 2523/2523/2523 2525/2525/2525 2526/2526/2526
f 2526/2526/2526 2524/2524/2524 2523/2523/2523
f 2525/2525/2525 2527/2527/2527 2528/2528/2528
f 2528/2528/2528 2526/2526/2526 2525/2525/2525
f 2527/2527/2527 2529/2529/2529 2530/2530/2530
f 2530/2530/2530 2528/2528/2528 2527/2527/2527
f 2529/2529/2529 2531/2531/2531 2532/2532/2532
f 2532/2532/2532 2530/2530/2530 2529/2529/2529
f 2531/2531/2531 2533/2533/2533 2534/2534/2534
f 2534/2534/2534 2532/2532/2532 2531/2531/2531
f 2533/2533/2533 2535/2535/2535 2536/2536/2536
f 2536/2536/2536 2534/2534/2534 2533/2533/2533
f 2535/2535/2535 2537/2537/2537 2538/2538/2538
f 2538/2538/2538 2536/2536/2536 2535/2535/2535
f 2537/2537/2537 2539/2539/2539 2540/2540/2540
f 2540/2540/2540 2538/2538/2538 2537/2537/2537
f 2539/2539/2539 2541/2541/2541 2542/2542/2542
f 2542/2542/2542 2540/2540/2540 2539/2539/2539
f 2541/2541/2541 2543/2543/2543 2544/2544/2544
f 2544/2544/2544 2542/2542/2542 2541/2541/2541
f 2543/2543/2543 2545/2545/2545 2546/2546/2546
f 2546/2546/2546 2544/2544/2544 2543/2543/2543
f 2545/2545/2545 2547/2547/2547 2548/2548/2548
f 2548/2548/2548 2546/2546/2546 2545/2545/2545
f 2547/2547/2547 2549/2549/2549 2550/2550/2550
f 2550/2550/2550 2548/2548/2548 2547/2547/2547
f 2549/2549/2549 2551/2551/2551 2552/2552/2552
f 2552/2552/2552 2550/2550/2550 2549/2549/2549
f 2551/2551/2551 2553/2553/2553 2554/2554/2554
f 2554/2554/2554 2552/2552/2552 2551/2551/2551
f 2553/2553/2553 2555/2555/2555 2556/2556/2556
f 2556/2556/2556 2554/2554/2554 2553/2553/2553
f 2555/2555/2555 2557/2557/2557 2558/2558/2558
f 2558/2558/2558 2556/2556/2556 2555/2555/2555
f 2557/2557/2557 2559/2559/2559 2560/2560/2560
f 2560/2560/2560 2558/2558/2558 2557/2557/2557
f 2559/2559/2559 2561/2561/2561 2562/2562/2562
f 2562/2562/2562 2560/2560/2560 2559/2559/2559
f 2561/2561/2561 2563/2563/2563 2564/2564/2564
f 2564/2564/2564 2562/2562/2562 2561/2561/2561
f 2563/2563/2563 2565/2565/2565 2566/2566/2566
f 2566/2566/2566 2564/2564/2564 2563/2563/2563
f 2565/2565/2565 2567/2567/2567 2568/2568/2568
f 2568/2568/2568 2566/2566/2566 2565/2565/2565
f 2567/2567/2567 2569/2569/2569 2570/2570/2570
f 2570/2570/2570 2568/2568/2568 2567/2567/2567
f 2569/2569/2569 2571/2571/2571 2572/2572/2572
f 2572/2572/2572 2570/2570/2570 2569/2569/2569
f 2571/2571/2571 2573/2573/2573 2574/2574/2574
f 2574/2574/2574 2572/2572/2572 2571/2571/2571
f 2573/2573/2573 2575/2575/2575 2576/2576/2576
f 2576/2576/2576 2574/2574/2574 2573/2573/2573
f 2575/2575/2575 2577/2577/2577 2578/2578/2578
f 2578/2578/2578 2576/2576/2576 2575/2575/2575
f 2577/2577/2577 2579/2579/2579 2580/2580/2580
f 2580/2580/2580 2578/2578/2578 2577/2577/2577
f 2579/2579/2579 2581/2581/2581 2582/2582/2582
f 2582/2582/2582 2580/2580/2580 2579/2579/2579
f 2581/2581/2581 2583/2583/2583 2584/2584/2584
f 2584/2584/2584 2582/2582/2582 2581/2581/2581
f 2583/2583/2583 2585/2585/2585 2586/2586/2586
f 2586/2586/2586 2584/2584/2584 2583/2583/2583
f 2585/2585/2585 2587/2587/2587 2588/2588/2588
f 2588/2588/2588 2586/2586/2586 2585/2585/2585
f 2587/2587/2587 2589/2589/2589 2590/2590/2590
f 2590/2590/2590 2588/2588/2588 2587/2587/2587
f 2589/2589/2589 2591/2591/2591 2592/2592/2592
f 2592/2592/2592 2590/2590/2590 2589/2589/2589
f 2591/2591/2591 2497/2497/2497 2500/2500/2500
f 2500/2500/2500 2592/2592/2592 2591/2591/2591
f 2595/2595/2595 2594/2594/2594 2593/2593/2593
f 2593/2593/2593 2596/2596/2596 2595/2595/2595
f 2599/2599/2599 2598/2598/2598 2597/2597/2597
f 2597/2597/2597 2600/2600/2600 2599/2599/2599
f 2603/2603/2603 2602/2602/2602 2601/2601/2601
f 2601/2601/2601 2604/2604/2604 2603/2603/2603
f 2607/2607/2607 2606/2606/2606 2605/2605/2605
f 2605/2605/2605 2608/2608/2608 2607/2607/2607
f 2611/2611/2611 2610/2610/2610 2609/2609/2609
f 2609/2609/2609 2612/2612/2612 2611/2611/2611
f 2615/2615/2615 2614/2614/2614 2613/2613/2613
f 2613/2613/2613 2616/2616/2616 2615/2615/2615
f 2619/2619/2619 2618/2618/2618 2617/2617/2617
f 2617/2617/2617 2620/2620/2620 2619/2619/2619
f 2618/2618/2618 2615/2615/2615 2616/2616/2616
f 2616/2616/2616 2617/2617/2617 2618/2618/2618
f 2614/2614/2614 2619/2619/2619 2620/2620/2620
f 2620/2620/2620 2613/2613/2613 2614/2614/2614
f 2621/2621/2621 2622/2622/2622 2623/2623/2623
f 2623/2623/2623 2624/2624/2624 2621/2621/2621
f 2625/2625/2625 2626/2626/2626 2627/2627/2627
f 2627/2627/2627 2628/2628/2628 2625/2625/2625
f 2629/2629/2629 2630/2630/2630 2631/2631/2631
f 2631/2631/2631 2632/2632/2632 2629/2629/2629
f 2633/2633/2633 2634/2634/2634 2635/2635/2635
f 2635/2635/2635 2636/2636/2636 2633/2633/2633
f 2637/2637/2637 2638/2638/2638 2639/2639/2639
f 2639/2639/2639 2640/2640/2640 2637/2637/2637
f 2641/2641/2641 2642/2642/2642 2643/2643/2643
f 2643/2643/2643 2644/2644/2644 2641/2641/2641
f 2645/2645/2645 2641/2641/2641 2644/2644/2644
f 2644/2644/2644 2646/2646/2646 2645/2645/2645
f 2647/2647/2647 2645/2645/2645 2646/2646/2646
f 2646/2646/2646 2648/2648/2648 2647/2647/2647
f 2649/2649/2649 2647/2647/2647 2648/2648/2648
f 2648/2648/2648 2650/2650/2650 2649/2649/2649
f 2651/2651/2651 2649/2649/2649 2650/2650/2650
f 2650/2650/2650 2652/2652/2652 2651/2651/2651
f 2653/2653/2653 2651/2651/2651 2652/2652/2652
f 2652/2652/2652 2654/2654/2654 2653/2653/2653
f 2655/2655/2655 2653/2653/2653 2654/2654/2654
f 2654/2654/2654 2656/2656/2656 2655/2655/2655
f 2657/2657/2657 2655/2655/2655 2656/2656/2656
f 2656/2656/2656 2658/2658/2658 2657/2657/2657
f 2659/2659/2659 2657/2657/2657 2658/2658/2658
f 2658/2658/2658 2660/2660/2660 2659/2659/2659
f 2661/2661/2661 2659/2659/2659 2660/2660/2660
f 2660/2660/2660 2662/2662/2662 2661/2661/2661
f 2663/2663/2663 2661/2661/2661 2662/2662/2662
f 2662/2662/2662 2664/2664/2664 2663/2663/2663
f 2665/2665/2665 2663/2663/2663 2664/2664/2664
f 2664/2664/2664 2666/2666/2666 2665/2665/2665
f 2667/2667/2667 2665/2665/2665 2666/2666/2666
f 2666/2666/2666 2668/2668/2668 2667/2667/2667
f 2669/2669/2669 2667/2667/2667 2668/2668/2668
f 2668/2668/2668 2670/2670/2670 2669/2669/2669
f 2671/2671/2671 2669/2669/2669 2670/2670/2670
f 2670/2670/2670 2672/2672/2672 2671/2671/2671
f 2673/2673/2673 2671/2671/2671 2672/2672/2672
f 2672/2672/2672 2674/2674/2674 2673/2673/2673
f 2675/2675/2675 2673/2673/2673 2674/2674/2674
f 2674/2674/2674 2676/2676/2676 2675/2675/2675
f 2677/2677/2677 2675/2675/2675 2676/2676/2676
f 2676/2676/2676 2678/2678/2678 2677/2677/2677
f 2679/2679/2679 2677/2677/2677 2678/2678/2678
f 2678/2678/2678 2680/2680/2680 2679/2679/2679
f 2681/2681/2681 2679/2679/2679 2680/2680/2680
f 2680/2680/2680 2682/2682/2682 2681/2681/2681
f 2683/2683/2683 2681/2681/2681 2682/2682/2682
f 2682/2682/2682 2684/2684/2684 2683/2683/2683
f 2685/2685/2685 2683/2683/2683 2684/2684/2684
f 2684/2684/2684 2686/2686/2686 2685/2685/2685
f 2687/2687/2687 2685/2685/2685 2686/2686/2686
f 2686/2686/2686 2688/2688/2688 2687/2687/2687
f 2689/2689/2689 2687/2687/2687 2688/2688/2688
f 2688/2688/2688 2690/2690/2690 2689/2689/2689
f 2691/2691/2691 2689/2689/2689 2690/2690/2690
f 2690/2690/2690 2692/2692/2692 2691/2691/2691
f 2693/2693/2693 2691/2691/2691 2692/2692/2692
f 2692/2692/2692 2694/2694/2694 2693/2693/2693
f 2695/2695/2695 2693/2693/2693 2694/2694/2694
f 2694/2694/2694 2696/2696/2696 2695/2695/2695
f 2697/2697/2697 2695/2695/2695 2696/2696/2696
f 2696/2696/2696 2698/2698/2698 2697/2697/2697
f 2699/2699/2699 2697/2697/2697 2698/2698/2698
f 2698/2698/2698 2700/2700/2700 2699/2699/2699
f 2701/2701/2701 2699/2699/2699 2700/2700/2700
f 2700/2700/2700 2702/2702/2702 2701/2701/2701
f 2703/2703/2703 2701/2701/2701 2702/2702/2702
f 2702/2702/2702 2704/2704/2704 2703/2703/2703
f 2705/2705/2705 2703/2703/2703 2704/2704/2704
f 2704/2704/2704 2706/2706/2706 2705/2705/2705
f 2707/2707/2707 2705/2705/2705 2706/2706/2706
f 2706/2706/2706 2708/2708/2708 2707/2707/2707
f 2709/2709/2709 2707/2707/2707 2708/2708/2708
f 2708/2708/2708 2710/2710/2710 2709/2709/2709
f 2711/2711/2711 2709/2709/2709 2710/2710/2710
f 2710/2710/2710 2712/2712/2712 2711/2711/2711
f 2713/2713/2713 2711/2711/2711 2712/2712/2712
f 2712/2712/2712 2714/2714/2714 2713/2713/2713
f 2715/2715/2715 2713/2713/2713 2714/2714/2714
f 2714/2714/2714 2716/2716/2716 2715/2715/2715
f 2717/2717/2717 2715/2715/2715 2716/2716/2716
f 2716/2716/2716 2718/2718/2718 2717/2717/2717
f 2719/2719/2719 2717/2717/2717 2718/2718/2718
f 2718/2718/2718 2720/2720/2720 2719/2719/2719
f 2721/2721/2721 2719/2719/2719 2720/2720/2720
f 2720/2720/2720 2722/2722/2722 2721/2721/2721
f 2723/2723/2723 2721/2721/2721 2722/2722/2722
f 2722/2722/2722 2724/2724/2724 2723/2723/2723
f 2725/2725/2725 2723/2723/2723 2724/2724/2724
f 2724/2724/2724 2726/2726/2726 2725/2725/2725
f 2727/2727/2727 2725/2725/2725 2726/2726/2726
f 2726/2726/2726 2728/2728/2728 2727/2727/2727
f 2729/2729/2729 2727/2727/2727 2728/2728/2728
f 2728/2728/2728 2730/2730/2730 2729/2729/2729
f 2731/2731/2731 2729/2729/2729 2730/2730/2730
f 2730/2730/2730 2732/2732/2732 2731/2731/2731
f 2733/2733/2733 2731/2731/2731 2732/2732/2732
f 2732/2732/2732 2734/2734/2734 2733/2733/2733
f 2735/2735/2735 2733/2733/2733 2734/2734/2734
f 2734/2734/2734 2736/2736/2736 2735/2735/2735
f 2642/2642/2642 2735/2735/2735 2736/2736/2736
f 2736/2736/2736 2643/2643/2643 2642/2642/2642
f 2739/2739/2739 2738/2738/2738 2737/2737/2737
f 2739/2739/2739 2737/2737/2737 2740/2740/2740
f 2739/2739/2739 2740/2740/2740 2741/2741/2741
f 2739/2739/2739 2741/2741/2741 2742/2742/2742
f 2739/2739/2739 2742/2742/2742 2743/2743/2743
f 2739/2739/2739 2743/2743/2743 2744/2744/2744
f 2739/2739/2739 2744/2744/2744 2745/2745/2745
f 2739/2739/2739 2745/2745/2745 2746/2746/2746
f 2739/2739/2739 2746/2746/2746 2747/2747/2747
f 2739/2739/2739 2747/2747/2747 2748/2748/2748
f 2739/2739/2739 2748/2748/2748 2749/2749/2749
f 2739/2739/2739 2749/2749/2749 2750/2750/2750
f 2739/2739/2739 2750/2750/2750 2751/2751/2751
f 2739/2739/2739 2751/2751/2751 2752/2752/2752
f 2739/2739/2739 2752/2752/2752 2753/2753/2753
f 2739/2739/2739 2753/2753/2753 2754/2754/2754
f 2739/2739/2739 2754/2754/2754 2755/2755/2755
f 2739/2739/2739 2755/2755/2755 2756/2756/2756
f 2739/2739/2739 2756/2756/2756 2757/2757/2757
f 2739/2739/2739 2757/2757/2757 2758/2758/2758
f 2739/2739/2739 2758/2758/2758 2759/2759/2759
f 2739/2739/2739 2759/2759/2759 2760/2760/2760
f 2739/2739/2739 2760/2760/2760 2761/2761/2761
f 2739/2739/2739 2761/2761/2761 2762/2762/2762
f 2739/2739/2739 2762/2762/2762 2763/2763/2763
f 2739/2739/2739 2763/2763/2763 2764/2764/2764
f 2739/2739/2739 2764/2764/2764 2765/2765/2765
f 2739/2739/2739 2765/2765/2765 2766/2766/2766
f 2739/2739/2739 2766/2766/2766 2767/2767/2767
f 2739/2739/2739 2767/2767/2767 2768/2768/2768
f 2739/2739/2739 2768/2768/2768 2769/2769/2769
f 2739/2739/2739 2769/2769/2769 2770/2770/2770
f 2739/2739/2739 2770/2770/2770 2771/2771/2771
f 2739/2739/2739 2771/2771/2771 2772/2772/2772
f 2739/2739/2739 2772/2772/2772 2773/2773/2773
f 2739/2739/2739 2773/2773/2773 2774/2774/2774
f 2739/2739/2739 2774/2774/2774 2775/2775/2775
f 2739/2739/2739 2775/2775/2775 2776/2776/2776
f 2739/2739/2739 2776/2776/2776 2777/2777/2777
f 2739/2739/2739 2777/2777/2777 2778/2778/2778
f 2739/2739/2739 2778/2778/2778 2779/2779/2779
f 2739/2739/2739 2779/2779/2779 2780/2780/2780
f 2739/2739/2739 2780/2780/2780 2781/2781/2781
f 2739/2739/2739 2781/2781/2781 2782/2782/2782
f 2739/2739/2739 2782/2782/2782 2783/2783/2783
f 2739/2739/2739 2783/2783/2783 2784/2784/2784
f 2739/2739/2739 2784/2784/2784 2785/2785/2785
f 2739/2739/2739 2785/2785/2785 2738/2738/2738
f 2786/2786/2786 2787/2787/2787 2788/2788/2788
f 2788/2788/2788 2789/2789/2789 2786/2786/2786
f 2790/2790/2790 2786/2786/2786 2789/2789/2789
f 2789/2789/2789 2791/2791/2791 2790/2790/2790
f 2792/2792/2792 2790/2790/2790 2791/2791/2791
f 2791/2791/2791 2793/2793/2793 2792/2792/2792
f 2794/2794/2794 2792/2792/2792 2793/2793/2793
f 2793/2793/2793 2795/2795/2795 2794/2794/2794
f 2796/2796/2796 2794/2794/2794 2795/2795/2795
f 2795/2795/2795 2797/2797/2797 2796/2796/2796
f 2798/2798/2798 2796/2796/2796 2797/2797/2797
f 2797/2797/2797 2799/2799/2799 2798/2798/2798
f 2800/2800/2800 2798/2798/2798 2799/2799/2799
f 2799/2799/2799 2801/2801/2801 2800/2800/2800
f 2802/2802/2802 2800/2800/2800 2801/2801/2801
f 2801/2801/2801 2803/2803/2803 2802/2802/2802
f 2804/2804/2804 2802/2802/2802 2803/2803/2803
f 2803/2803/2803 2805/2805/2805 2804/2804/2804
f 2806/2806/2806 2804/2804/2804 2805/2805/2805
f 2805/2805/2805 2807/2807/2807 2806/2806/2806
f 2808/2808/2808 2806/2806/2806 2807/2807/2807
f 2807/2807/2807 2809/2809/2809 2808/2808/2808
f 2810/2810/2810 2808/2808/2808 2809/2809/2809
f 2809/2809/2809 2811/2811/2811 2810/2810/2810
f 2812/2812/2812 2810/2810/2810 2811/2811/2811
f 2811/2811/2811 2813/2813/2813 2812/2812/2812
f 2814/2814/2814 2812/2812/2812 2813/2813/2813
f 2813/2813/2813 2815/2815/2815 2814/2814/2814
f 2816/2816/2816 2814/2814/2814 2815/2815/2815
f 2815/2815/2815 2817/2817/2817 2816/2816/2816
f 2818/2818/2818 2816/2816/2816 2817/2817/2817
f 2817/2817/2817 2819/2819/2819 2818/2818/2818
f 2820/2820/2820 2818/2818/2818 2819/2819/2819
f 2819/2819/2819 2821/2821/2821 2820/2820/2820
f 2822/2822/2822 2820/2820/2820 2821/2821/2821
f 2821/2821/2821 2823/2823/2823 2822/2822/2822
f 2824/2824/2824 2822/2822/2822 2823/2823/2823
f 2823/2823/2823 2825/2825/2825 2824/2824/2824
f 2826/2826/2826 2824/2824/2824 2825/2825/2825
f 2825/2825/2825 2827/2827/2827 2826/2826/2826
f 2828/2828/2828 2826/2826/2826 2827/2827/2827
f 2827/2827/2827 2829/2829/2829 2828/2828/2828
f 2830/2830/2830 2828/2828/2828 2829/2829/2829
f 2829/2829/2829 2831/2831/2831 2830/2830/2830
f 2832/2832/2832 2830/2830/2830 2831/2831/2831
f 2831/2831/2831 2833/2833/2833 2832/2832/2832
f 2834/2834/2834 2832/2832/2832 2833/2833/2833
f 2833/2833/2833 2835/2835/2835 2834/2834/2834
f 2836/2836/2836 2834/2834/2834 2835/2835/2835
f 2835/2835/2835 2837/2837/2837 2836/2836/2836
f 2838/2838/2838 2836/2836/2836 2837/2837/2837
f 2837/2837/2837 2839/2839/2839 2838/2838/2838
f 2840/2840/2840 2838/2838/2838 2839/2839/2839
f 2839/2839/2839 2841/2841/2841 2840/2840/2840
f 2842/2842/2842 2840/2840/2840 2841/2841/2841
f 2841/2841/2841 2843/2843/2843 2842/2842/2842
f 2844/2844/2844 2842/2842/2842 2843/2843/2843
f 2843/2843/2843 2845/2845/2845 2844/2844/2844
f 2846/2846/2846 2844/2844/2844 2845/2845/2845
f 2845/2845/2845 2847/2847/2847 2846/2846/2846
f 2848/2848/2848 2846/2846/2846 2847/2847/2847
f 2847/2847/2847 2849/2849/2849 2848/2848/2848
f 2850/2850/2850 2848/2848/2848 2849/2849/2849
f 2849/2849/2849 2851/2851/2851 2850/2850/2850
f 2852/2852/2852 2850/2850/2850 2851/2851/2851
f 2851/2851/2851 2853/2853/2853 2852/2852/2852
f 2854/2854/2854 2852/2852/2852 2853/2853/2853
f 2853/2853/2853 2855/2855/2855 2854/2854/2854
f 2856/2856/2856 2854/2854/2854 2855/2855/2855
f 2855/2855/2855 2857/2857/2857 2856/2856/2856
f 2858/2858/2858 2856/2856/2856 2857/2857/2857
f 2857/2857/2857 2859/2859/2859 2858/2858/2858
f 2860/2860/2860 2858/2858/2858 2859/2859/2859
f 2859/2859/2859 2861/2861/2861 2860/2860/2860
f 2862/2862/2862 2860/2860/2860 2861/2861/2861
f 2861/2861/2861 2863/2863/2863 2862/2862/2862
f 2864/2864/2864 2862/2862/2862 2863/2863/2863
f 2863/2863/2863 2865/2865/2865 2864/2864/2864
f 2866/2866/2866 2864/2864/2864 2865/2865/2865
f 2865/2865/2865 2867/2867/2867 2866/2866/2866
f 2868/2868/2868 2866/2866/2866 2867/2867/2867
f 2867/2867/2867 2869/2869/2869 2868/2868/2868
f 2870/2870/2870 2868/2868/2868 2869/2869/2869
f 2869/2869/2869 2871/2871/2871 2870/2870/2870
f 2872/2872/2872 2870/2870/2870 2871/2871/2871
f 2871/2871/2871 2873/2873/2873 2872/2872/2872
f 2874/2874/2874 2872/2872/2872 2873/2873/2873
f 2873/2873/2873 2875/2875/2875 2874/2874/2874
f 2876/2876/2876 2874/2874/2874 2875/2875/2875
f 2875/2875/2875 2877/2877/2877 2876/2876/2876
f 2878/2878/2878 2876/2876/2876 2877/2877/2877
f 2877/2877/2877 2879/2879/2879 2878/2878/2878
f 2880/2880/2880 2878/2878/2878 2879/2879/2879
f 2879/2879/2879 2881/2881/2881 2880/2880/2880
f 2787/2787/2787 2880/2880/2880 2881/2881/2881
f 2881/2881/2881 2788/2788/2788 2787/2787/2787
f 2884/2884/2884 2883/2883/2883 2882/2882/2882
f 2884/2884/2884 2882/2882/2882 2885/2885/2885
f 2884/2884/2884 2885/2885/2885 2886/2886/2886
f 2884/2884/2884 2886/2886/2886 2887/2887/2887
f 2884/2884/2884 2887/2887/2887 2888/2888/2888
f 2884/2884/2884 2888/2888/2888 2889/2889/2889
f 2884/2884/2884 2889/2889/2889 2890/2890/2890
f 2884/2884/2884 2890/2890/2890 2891/2891/2891
f 2884/2884/2884 2891/2891/2891 2892/2892/2892
f 2884/2884/2884 2892/2892/2892 2893/2893/2893
f 2884/2884/2884 2893/2893/2893 2894/2894/2894
f 2884/2884/2884 2894/2894/2894 2895/2895/2895
f 2884/2884/2884 2895/2895/2895 2896/2896/2896
f 2884/2884/2884 2896/2896/2896 2897/2897/2897
f 2884/2884/2884 2897/2897/2897 2898/2898/2898
f 2884/2884/2884 2898/2898/2898 2899/2899/2899
f 2884/2884/2884 2899/2899/2899 2900/2900/2900
f 2884/2884/2884 2900/2900/2900 2901/2901/2901
f 2884/2884/2884 2901/2901/2901 2902/2902/2902
f 2884/2884/2884 2902/2902/2902 2903/2903/2903
f 2884/2884/2884 2903/2903/2903 2904/2904/2904
f 2884/2884/2884 2904/2904/2904 2905/2905/2905
f 2884/2884/2884 2905/2905/2905 2906/2906/2906
f 2884/2884/2884 2906/2906/2906 2907/2907/2907
f 2884/2884/2884 2907/2907/2907 2908/2908/2908
f 2884/2884/2884 2908/2908/2908 2909/2909/2909
f 2884/2884/2884 2909/2909/2909 2910/2910/2910
f 2884/2884/2884 2910/2910/2910 2911/2911/2911
f 2884/2884/2884 2911/2911/2911 2912/2912/2912
f 2884/2884/2884 2912/2912/2912 2913/2913/2913
f 2884/2884/2884 2913/2913/2913 2914/2914/2914
f 2884/2884/2884 2914/2914/2914 2915/2915/2915
f 2884/2884/2884 2915/2915/2915 2916/2916/2916
f 2884/2884/2884 2916/2916/2916 2917/2917/2917
f 2884/2884/2884 2917/2917/2917 2918/2918/2918
f 2884/2884/2884 2918/2918/2918 2919/2919/2919
f 2884/2884/2884 2919/2919/2919 2920/2920/2920
f 2884/2884/2884 2920/2920/2920 2921/2921/2921
f 2884/2884/2884 2921/2921/2921 2922/2922/2922
f 2884/2884/2884 2922/2922/2922 2923/2923/2923
f 2884/2884/2884 2923/2923/2923 2924/2924/2924
f 2884/2884/2884 2924/2924/2924 2925/2925/2925
f 2884/2884/2884 2925/2925/2925 2926/2926/2926
f 2884/2884/2884 2926/2926/2926 2927/2927/2927
f 2884/2884/2884 2927/2927/2927 2928/2928/2928
f 2884/2884/2884 2928/2928/2928 2929/2929/2929
f 2884/2884/2884 2929/2929/2929 2930/2930/2930
f 2884/2884/2884 2930/2930/2930 2883/2883/2883
f 2931/2931/2931 2932/2932/2932 2933/2933/2933
f 2933/2933/2933 2934/2934/2934 2931/2931/2931
f 2935/2935/2935 2931/2931/2931 2934/2934/2934
f 2934/2934/2934 2936/2936/2936 2935/2935/2935
f 2937/2937/2937 2935/2935/2935 2936/2936/2936
f 2936/2936/2936 2938/2938/2938 2937/2937/2937
f 2939/2939/2939 2937/2937/2937 2938/2938/2938
f 2938/2938/2938 2940/2940/2940 2939/2939/2939
f 2941/2941/2941 2939/2939/2939 2940/2940/2940
f 2940/2940/2940 2942/2942/2942 2941/2941/2941
f 2943/2943/2943 2941/2941/2941 2942/2942/2942
f 2942/2942/2942 2944/2944/2944 2943/2943/2943
f 2945/2945/2945 2943/2943/2943 2944/2944/2944
f 2944/2944/2944 2946/2946/2946 2945/2945/2945
f 2947/2947/2947 2945/2945/2945 2946/2946/2946
f 2946/2946/2946 2948/2948/2948 2947/2947/2947
f 2949/2949/2949 2947/2947/2947 2948/2948/2948
f 2948/2948/2948 2950/2950/2950 2949/2949/2949
f 2951/2951/2951 2949/2949/2949 2950/2950/2950
f 2950/2950/2950 2952/2952/2952 2951/2951/2951
f 2953/2953/2953 2951/2951/2951 2952/2952/2952
f 2952/2952/2952 2954/2954/2954 2953/2953/2953
f 2955/2955/2955 2953/2953/2953 2954/2954/2954
f 2954/2954/2954 2956/2956/2956 2955/2955/2955
f 2957/2957/2957 2955/2955/2955 2956/2956/2956
f 2956/2956/2956 2958/2958/2958 2957/2957/2957
f 2959/2959/2959 2957/2957/2957 2958/2958/2958
f 2958/2958/2958 2960/2960/2960 2959/2959/2959
f 2961/2961/2961 2959/2959/2959 2960/2960/2960
f 2960/2960/2960 2962/2962/2962 2961/2961/2961
f 2963/2963/2963 2961/2961/2961 2962/2962/2962
f 2962/2962/2962 2964/2964/2964 2963/2963/2963
f 2965/2965/2965 2963/2963/2963 2964/2964/2964
f 2964/2964/2964 2966/2966/2966 2965/2965/2965
f 2967/2967/2967 2965/2965/2965 2966/2966/2966
f 2966/2966/2966 2968/2968/2968 2967/2967/2967
f 2969/2969/2969 2967/2967/2967 2968/2968/2968
f 2968/2968/2968 2970/2970/2970 2969/2969/2969
f 2971/2971/2971 2969/2969/2969 2970/2970/2970
f 2970/2970/2970 2972/2972/2972 2971/2971/2971
f 2973/2973/2973 2971/2971/2971 2972/2972/2972
f 2972/2972/2972 2974/2974/2974 2973/2973/2973
f 2975/2975/2975 2973/2973/2973 2974/2974/2974
f 2974/2974/2974 2976/2976/2976 2975/2975/2975
f 2977/2977/2977 2975/2975/2975 2976/2976/2976
f 2976/2976/2976 2978/2978/2978 2977/2977/2977
f 2979/2979/2979 2977/2977/2977 2978/2978/2978
f 2978/2978/2978 2980/2980/2980 2979/2979/2979
f 2981/2981/2981 2979/2979/2979 2980/2980/2980
f 2980/2980/2980 2982/2982/2982 2981/2981/2981
f 2983/2983/2983 2981/2981/2981 2982/2982/2982
f 2982/2982/2982 2984/2984/2984 2983/2983/2983
f 2985/2985/2985 2983/2983/2983 2984/2984/2984
f 2984/2984/2984 2986/2986/2986 2985/2985/2985
f 2987/2987/2987 2985/2985/2985 2986/2986/2986
f 2986/2986/2986 2988/2988/2988 2987/2987/2987
f 2989/2989/2989 2987/2987/2987 2988/2988/2988
f 2988/2988/2988 2990/2990/2990 2989/2989/2989
f 2991/2991/2991 2989/2989/2989 2990/2990/2990
f 2990/2990/2990 2992/2992/2992 2991/2991/2991
f 2993/2993/2993 2991/2991/2991 2992/2992/2992
f 2992/2992/2992 2994/2994/2994 2993/2993/2993
f 2995/2995/2995 2993/2993/2993 2994/2994/2994
f 2994/2994/2994 2996/2996/2996 2995/2995/2995
f 2997/2997/2997 2995/2995/2995 2996/2996/2996
f 2996/2996/2996 2998/2998/2998 2997/2997/2997
f 2999/2999/2999 2997/2997/2997 2998/2998/2998
f 2998/2998/2998 3000/3000/3000 2999/2999/2999
f 3001/3001/3001 2999/2999/2999 3000/3000/3000
f 3000/3000/3000 3002/3002/3002 3001/3001/3001
f 3003/3003/3003 3001/3001/3001 3002/3002/3002
f 3002/3002/3002 3004/3004/3004 3003/3003/3003
f 3005/3005/3005 3003/3003/3003 3004/3004/3004
f 3004/3004/3004 3006/3006/3006 3005/3005/3005
f 3007/3007/3007 3005/3005/3005 3006/3006/3006
f 3006/3006/3006 3008/3008/3008 3007/3007/3007
f 3009/3009/3009 3007/3007/3007 3008/3008/3008
f 3008/3008/3008 3010/3010/3010 3009/3009/3009
f 3011/3011/3011 3009/3009/3009 3010/3010/3010
f 3010/3010/3010 3012/3012/3012 3011/3011/3011
f 3013/3013/3013 3011/3011/3011 3012/3012/3012
f 3012/3012/3012 3014/3014/3014 3013/3013/3013
f 3015/3015/3015 3013/3013/3013 3014/3014/3014
f 3014/3014/3014 3016/3016/3016 3015/3015/3015
f 3017/3017/3017 3015/3015/3015 3016/3016/3016
f 3016/3016/3016 3018/3018/3018 3017/3017/3017
f 3019/3019/3019 3017/3017/3017 3018/3018/3018
f 3018/3018/3018 3020/3020/3020 3019/3019/3019
f 3021/3021/3021 3019/3019/3019 3020/3020/3020
f 3020/3020/3020 3022/3022/3022 3021/3021/3021
f 3023/3023/3023 3021/3021/3021 3022/3022/3022
f 3022/3022/3022 3024/3024/3024 3023/3023/3023
f 3025/3025/3025 3023/3023/3023 3024/3024/3024
f 3024/3024/3024 3026/3026/3026 3025/3025/3025
f 2932/2932/2932 3025/3025/3025 3026/3026/3026
f 3026/3026/3026 2933/2933/2933 2932/2932/2932
f 3029/3029/3029 3028/3028/3028 3027/3027/3027
f 3029/3029/3029 3027/3027/3027 3030/3030/3030
f 3029/3029/3029 3030/3030/3030 3031/3031/3031
f 3029/3029/3029 3031/3031/3031 3032/3032/3032
f 3029/3029/3029 3032/3032/3032 3033/3033/3033
f 3029/3029/3029 3033/3033/3033 3034/3034/3034
f 3029/3029/3029 3034/3034/3034 3035/3035/3035
f 3029/3029/3029 3035/3035/3035 3036/3036/3036
f 3029/3029/3029 3036/3036/3036 3037/3037/3037
f 3029/3029/3029 3037/3037/3037 3038/3038/3038
f 3029/3029/3029 3038/3038/3038 3039/3039/3039
f 3029/3029/3029 3039/3039/3039 3040/3040/3040
f 3029/3029/3029 3040/3040/3040 3041/3041/3041
f 3029/3029/3029 3041/3041/3041 3042/3042/3042
f 3029/3029/3029 3042/3042/3042 3043/3043/3043
f 3029/3029/3029 3043/3043/3043 3044/3044/3044
f 3029/3029/3029 3044/3044/3044 3045/3045/3045
f 3029/3029/3029 3045/3045/3045 3046/3046/3046
f 3029/3029/3029 3046/3046/3046 3047/3047/3047
f 3029/3029/3029 3047/3047/3047 3048/3048/3048
f 3029/3029/3029 3048/3048/3048 3049/3049/3049
f 3029/3029/3029 3049/3049/3049 3050/3050/3050
f 3029/3029/3029 3050/3050/3050 3051/3051/3051
f 3029/3029/3029 3051/3051/3051 3052/3052/3052
f 3029/3029/3029 3052/3052/3052 3053/3053/3053
f 3029/3029/3029 3053/3053/3053 3054/3054/3054
f 3029/3029/3029 3054/3054/3054 3055/3055/3055
f 3029/3029/3029 3055/3055/3055 3056/3056/3056
f 3029/3029/3029 3056/3056/3056 3057/3057/3057
f 3029/3029/3029 3057/3057/3057 3058/3058/3058
f 3029/3029/3029 3058/3058/3058 3059/3059/3059
f 3029/3029/3029 3059/3059/3059 3060/3060/3060
f 3029/3029/3029 3060/3060/3060 3061/3061/3061
f 3029/3029/3029 3061/3061/3061 3062/3062/3062
f 3029/3029/3029 3062/3062/3062 3063/3063/3063
f 3029/3029/3029 3063/3063/3063 3064/3064/3064
f 3029/3029/3029 3064/3064/3064 3065/3065/3065
f 3029/3029/3029 3065/3065/3065 3066/3066/3066
f 3029/3029/3029 3066/3066/3066 3067/3067/3067
f 3029/3029/3029 3067/3067/3067 3068/3068/3068
f 3029/3029/3029 3068/3068/3068 3069/3069/3069
f 3029/3029/3029 3069/3069/3069 3070/3070/3070
f 3029/3029/3029 3070/3070/3070 3071/3071/3071
f 3029/3029/3029 3071/3071/3071 3072/3072/3072
f 3029/3029/3029 3072/3072/3072 3073/3073/3073
f 3029/3029/3029 3073/3073/3073 3074/3074/3074
f 3029/3029/3029 3074/3074/3074 3075/3075/3075
f 3029/3029/3029 3075/3075/3075 3028/3028/3028
f 3076/3076/3076 3077/3077/3077 3078/3078/3078
f 3078/3078/3078 3079/3079/3079 3076/3076/3076
f 3080/3080/3080 3076/3076/3076 3079/3079/3079
f 3079/3079/3079 3081/3081/3081 3080/3080/3080
f 3082/3082/3082 3080/3080/3080 3081/3081/3081
f 3081/3081/3081 3083/3083/3083 3082/3082/3082
f 3084/3084/3084 3082/3082/3082 3083/3083/3083
f 3083/3083/3083 3085/3085/3085 3084/3084/3084
f 3086/3086/3086 3084/3084/3084 3085/3085/3085
f 3085/3085/3085 3087/3087/3087 3086/3086/3086
f 3088/3088/3088 3086/3086/3086 3087/3087/3087
f 3087/3087/3087 3089/3089/3089 3088/3088/3088
f 3090/3090/3090 3088/3088/3088 3089/3089/3089
f 3089/3089/3089 3091/3091/3091 3090/3090/3090
f 3092/3092/3092 3090/3090/3090 3091/3091/3091
f 3091/3091/3091 3093/3093/3093 3092/3092/3092
f 3094/3094/3094 3092/3092/3092 3093/3093/3093
f 3093/3093/3093 3095/3095/3095 3094/3094/3094
f 3096/3096/3096 3094/3094/3094 3095/3095/3095
f 3095/3095/3095 3097/3097/3097 3096/3096/3096
f 3098/3098/3098 3096/3096/3096 3097/3097/3097
f 3097/3097/3097 3099/3099/3099 3098/3098/3098
f 3100/3100/3100 3098/3098/3098 3099/3099/3099
f 3099/3099/3099 3101/3101/3101 3100/3100/3100
f 3102/3102/3102 3100/3100/3100 3101/3101/3101
f 3101/3101/3101 3103/3103/3103 3102/3102/3102
f 3104/3104/3104 3102/3102/3102 3103/3103/3103
f 3103/3103/3103 3105/3105/3105 3104/3104/3104
f 3106/3106/3106 3104/3104/3104 3105/3105/3105
f 3105/3105/3105 3107/3107/3107 3106/3106/3106
f 3108/3108/3108 3106/3106/3106 3107/3107/3107
f 3107/3107/3107 3109/3109/3109 3108/3108/3108
f 3110/3110/3110 3108/3108/3108 3109/3109/3109
f 3109/3109/3109 3111/3111/3111 3110/3110/3110
f 3112/3112/3112 3110/3110/3110 3111/3111/3111
f 3111/3111/3111 3113/3113/3113 3112/3112/3112
f 3114/3114/3114 3112/3112/3112 3113/3113/3113
f 3113/3113/3113 3115/3115/3115 3114/3114/3114
f 3116/3116/3116 3114/3114/3114 3115/3115/3115
f 3115/3115/3115 3117/3117/3117 3116/3116/3116
f 3118/3118/3118 3116/3116/3116 3117/3117/3117
f 3117/3117/3117 3119/3119/3119 3118/3118/3118
f 3120/3120/3120 3118/3118/3118 3119/3119/3119
f 3119/3119/3119 3121/3121/3121 3120/3120/3120
f 3122/3122/3122 3120/3120/3120 3121/3121/3121
f 3121/3121/3121 3123/3123/3123 3122/3122/3122
f 3124/3124/3124 3122/3122/3122 3123/3123/3123
f 3123/3123/3123 3125/3125/3125 3124/3124/3124
f 3126/3126/3126 3124/3124/3124 3125/3125/3125
f 3125/3125/3125 3127/3127/3127 3126/3126/3126
f 3128/3128/3128 3126/3126/3126 3127/3127/3127
f 3127/3127/3127 3129/3129/3129 3128/3128/3128
f 3130/3130/3130 3128/3128/3128 3129/3129/3129
f 3129/3129/3129 3131/3131/3131 3130/3130/3130
f 3132/3132/3132 3130/3130/3130 3131/3131/3131
f 3131/3131/3131 3133/3133/3133 3132/3132/3132
f 3134/3134/3134 3132/3132/3132 3133/3133/3133
f 3133/3133/3133 3135/3135/3135 3134/3134/3134
f 3136/3136/3136 3134/3134/3134 3135/3135/3135
f 3135/3135/3135 3137/3137/3137 3136/3136/3136
f 3138/3138/3138 3136/3136/3136 3137/3137/3137
f 3137/3137/3137 3139/3139/3139 3138/3138/3138
f 3140/3140/3140 3138/3138/3138 3139/3139/3139
f 3139/3139/3139 3141/3141/3141 3140/3140/3140
f 3142/3142/3142 3140/3140/3140 3141/3141/3141
f 3141/3141/3141 3143/3143/3143 3142/3142/3142
f 3144/3144/3144 3142/3142/3142 3143/3143/3143
f 3143/3143/3143 3145/3145/3145 3144/3144/3144
f 3146/3146/3146 3144/3144/3144 3145/3145/3145
f 3145/3145/3145 3147/3147/3147 3146/3146/3146
f 3148/3148/3148 3146/3146/3146 3147/3147/3147
f 3147/3147/3147 3149/3149/3149 3148/3148/3148
f 3150/3150/3150 3148/3148/3148 3149/3149/3149
f 3149/3149/3149 3151/3151/3151 3150/3150/3150
f 3152/3152/3152 3150/3150/3150 3151/3151/3151
f 3151/3151/3151 3153/3153/3153 3152/3152/3152
f 3154/3154/3154 3152/3152/3152 3153/3153/3153
f 3153/3153/3153 3155/3155/3155 3154/3154/3154
f 3156/3156/3156 3154/3154/3154 3155/3155/3155
f 3155/3155/3155 3157/3157/3157 3156/3156/3156
f 3158/3158/3158 3156/3156/3156 3157/3157/3157
f 3157/3157/3157 3159/3159/3159 3158/3158/3158
f 3160/3160/3160 3158/3158/3158 3159/3159/3159
f 3159/3159/3159 3161/3161/3161 3160/3160/3160
f 3162/3162/3162 3160/3160/3160 3161/3161/3161
f 3161/3161/3161 3163/3163/3163 3162/3162/3162
f 3164/3164/3164 3162/3162/3162 3163/3163/3163
f 3163/3163/3163 3165/3165/3165 3164/3164/3164
f 3166/3166/3166 3164/3164/3164 3165/3165/3165
f 3165/3165/3165 3167/3167/3167 3166/3166/3166
f 3168/3168/3168 3166/3166/3166 3167/3167/3167
f 3167/3167/3167 3169/3169/3169 3168/3168/3168
f 3170/3170/3170 3168/3168/3168 3169/3169/3169
f 3169/3169/3169 3171/3171/3171 3170/3170/3170
f 3077/3077/3077 3170/3170/3170 3171/3171/3171
f 3171/3171/3171 3078/3078/3078 3077/3077/3077
f 3174/3174/3174 3173/3173/3173 3172/3172/3172
f 3174/3174/3174 3172/3172/3172 3175/3175/3175
f 3174/3174/3174 3175/3175/3175 3176/3176/3176
f 3174/3174/3174 3176/3176/3176 3177/3177/3177
f 3174/3174/3174 3177/3177/3177 3178/3178/3178
f 3174/3174/3174 3178/3178/3178 3179/3179/3179
f 3174/3174/3174 3179/3179/3179 3180/3180/3180
f 3174/3174/3174 3180/3180/3180 3181/3181/3181
f 3174/3174/3174 3181/3181/3181 3182/3182/3182
f 3174/3174/3174 3182/3182/3182 3183/3183/3183
f 3174/3174/3174 3183/3183/3183 3184/3184/3184
f 3174/3174/3174 3184/3184/3184 3185/3185/3185
f 3174/3174/3174 3185/3185/3185 3186/3186/3186
f 3174/3174/3174 3186/3186/3186 3187/3187/3187
f 3174/3174/3174 3187/3187/3187 3188/3188/3188
f 3174/3174/3174 3188/3188/3188 3189/3189/3189
f 3174/3174/3174 3189/3189/3189 3190/3190/3190
f 3174/3174/3174 3190/3190/3190 3191/3191/3191
f 3174/3174/3174 3191/3191/3191 3192/3192/3192
f 3174/3174/3174 3192/3192/3192 3193/3193/3193
f 3174/3174/3174 3193/3193/3193 3194/3194/3194
f 3174/3174/3174 3194/3194/3194 3195/3195/3195
f 3174/3174/3174 3195/3195/3195 3196/3196/3196
f 3174/3174/3174 3196/3196/3196 3197/3197/3197
f 3174/3174/3174 3197/3197/3197 3198/3198/3198
f 3174/3174/3174 3198/3198/3198 3199/3199/3199
f 3174/3174/3174 3199/3199/3199 3200/3200/3200
f 3174/3174/3174 3200/3200/3200 3201/3201/3201
f 3174/3174/3174 3201/3201/3201 3202/3202/3202
f 3174/3174/3174 3202/3202/3202 3203/3203/3203
f 3174/3174/3174 3203/3203/3203 3204/3204/3204
f 3174/3174/3174 3204/3204/3204 3205/3205/3205
f 3174/3174/3174 3205/3205/3205 3206/3206/3206
f 3174/3174/3174 3206/3206/3206 3207/3207/3207
f 3174/3174/3174 3207/3207/3207 3208/3208/3208
f 3174/3174/3174 3208/3208/3208 3209/3209/3209
f 3174/3174/3174 3209/3209/3209 3210/3210/3210
f 3174/3174/3174 3210/3210/3210 3211/3211/3211
f 3174/3174/3174 3211/3211/3211 3212/3212/3212
f 3174/3174/3174 3212/3212/3212 3213/3213/3213
f 3174/3174/3174 3213/3213/3213 3214/3214/3214
f 3174/3174/3174 3214/3214/3214 3215/3215/3215
f 3174/3174/3174 3215/3215/3215 3216/3216/3216
f 3174/3174/3174 3216/3216/3216 3217/3217/3217
f 3174/3174/3174 3217/3217/3217 3218/3218/3218
f 3174/3174/3174 3218/3218/3218 3219/3219/3219
f 3174/3174/3174 3219/3219/3219 3220/3220/3220
f 3174/3174/3174 3220/3220/3220 3173/3173/3173
f 3221/3221/3221 3222/3222/3222 3223/3223/3223
f 3223/3223/3223 3224/3224/3224 3221/3221/3221
f 3225/3225/3225 3221/3221/3221 3224/3224/3224
f 3224/3224/3224 3226/3226/3226 3225/3225/3225
f 3227/3227/3227 3225/3225/3225 3226/3226/3226
f 3226/3226/3226 3228/3228/3228 3227/3227/3227
f 3229/3229/3229 3227/3227/3227 3228/3228/3228
f 3228/3228/3228 3230/3230/3230 3229/3229/3229
f 3231/3231/3231 3229/3229/3229 3230/3230/3230
f 3230/3230/3230 3232/3232/3232 3231/3231/3231
f 3233/3233/3233 3231/3231/3231 3232/3232/3232
f 3232/3232/3232 3234/3234/3234 3233/3233/3233
f 3235/3235/3235 3233/3233/3233 3234/3234/3234
f 3234/3234/3234 3236/3236/3236 3235/3235/3235
f 3237/3237/3237 3235/3235/3235 3236/3236/3236
f 3236/3236/3236 3238/3238/3238 3237/3237/3237
f 3239/3239/3239 3237/3237/3237 3238/3238/3238
f 3238/3238/3238 3240/3240/3240 3239/3239/3239
f 3241/3241/3241 3239/3239/3239 3240/3240/3240
f 3240/3240/3240 3242/3242/3242 3241/3241/3241
f 3243/3243/3243 3241/3241/3241 3242/3242/3242
f 3242/3242/3242 3244/3244/3244 3243/3243/3243
f 3245/3245/3245 3243/3243/3243 3244/3244/3244
f 3244/3244/3244 3246/3246/3246 3245/3245/3245
f 3247/3247/3247 3245/3245/3245 3246/3246/3246
f 3246/3246/3246 3248/3248/3248 3247/3247/3247
f 3249/3249/3249 3247/3247/3247 3248/3248/3248
f 3248/3248/3248 3250/3250/3250 3249/3249/3249
f 3251/3251/3251 3249/3249/3249 3250/3250/3250
f 3250/3250/3250 3252/3252/3252 3251/3251/3251
f 3253/3253/3253 3251/3251/3251 3252/3252/3252
f 3252/3252/3252 3254/3254/3254 3253/3253/3253
f 3255/3255/3255 3253/3253/3253 3254/3254/3254
f 3254/3254/3254 3256/3256/3256 3255/3255/3255
f 3257/3257/3257 3255/3255/3255 3256/3256/3256
f 3256/3256/3256 3258/3258/3258 3257/3257/3257
f 3259/3259/3259 3257/3257/3257 3258/3258/3258
f 3258/3258/3258 3260/3260/3260 3259/3259/3259
f 3261/3261/3261 3259/3259/3259 3260/3260/3260
f 3260/3260/3260 3262/3262/3262 3261/3261/3261
f 3263/3263/3263 3261/3261/3261 3262/3262/3262
f 3262/3262/3262 3264/3264/3264 3263/3263/3263
f 3265/3265/3265 3263/3263/3263 3264/3264/3264
f 3264/3264/3264 3266/3266/3266 3265/3265/3265
f 3267/3267/3267 3265/3265/3265 3266/3266/3266
f 3266/3266/3266 3268/3268/3268 3267/3267/3267
f 3269/3269/3269 3267/3267/3267 3268/3268/3268
f 3268/3268/3268 3270/3270/3270 3269/3269/3269
f 3271/3271/3271 3269/3269/3269 3270/3270/3270
f 3270/3270/3270 3272/3272/3272 3271/3271/3271
f 3273/3273/3273 3271/3271/3271 3272/3272/3272
f 3272/3272/3272 3274/3274/3274 3273/3273/3273
f 3275/3275/3275 3273/3273/3273 3274/3274/3274
f 3274/3274/3274 3276/3276/3276 3275/3275/3275
f 3277/3277/3277 3275/3275/3275 3276/3276/3276
f 3276/3276/3276 3278/3278/3278 3277/3277/3277
f 3279/3279/3279 3277/3277/3277 3278/3278/3278
f 3278/3278/3278 3280/3280/3280 3279/3279/3279
f 3281/3281/3281 3279/3279/3279 3280/3280/3280
f 3280/3280/3280 3282/3282/3282 3281/3281/3281
f 3283/3283/3283 3281/3281/3281 3282/3282/3282
f 3282/3282/3282 3284/3284/3284 3283/3283/3283
f 3285/3285/3285 3283/3283/3283 3284/3284/3284
f 3284/3284/3284 3286/3286/3286 3285/3285/3285
f 3287/3287/3287 3285/3285/3285 3286/3286/3286
f 3286/3286/3286 3288/3288/3288 3287/3287/3287
f 3289/3289/3289 3287/3287/3287 3288/3288/3288
f 3288/3288/3288 3290/3290/3290 3289/3289/3289
f 3291/3291/3291 3289/3289/3289 3290/3290/3290
f 3290/3290/3290 3292/3292/3292 3291/3291/3291
f 3293/3293/3293 3291/3291/3291 3292/3292/3292
f 3292/3292/3292 3294/3294/3294 3293/3293/3293
f 3295/3295/3295 3293/3293/3293 3294/3294/3294
f 3294/3294/3294 3296/3296/3296 3295/3295/3295
f 3297/3297/3297 3295/3295/3295 3296/3296/3296
f 3296/3296/3296 3298/3298/3298 3297/3297/3297
f 3299/3299/3299 3297/3297/3297 3298/3298/3298
f 3298/3298/3298 3300/3300/3300 3299/3299/3299
f 3301/3301/3301 3299/3299/3299 3300/3300/3300
f 3300/3300/3300 3302/3302/3302 3301/3301/3301
f 3303/3303/3303 3301/3301/3301 3302/3302/3302
f 3302/3302/3302 3304/3304/3304 3303/3303/3303
f 3305/3305/3305 3303/3303/3303 3304/3304/3304
f 3304/3304/3304 3306/3306/3306 3305/3305/3305
f 3307/3307/3307 3305/3305/3305 3306/3306/3306
f 3306/3306/3306 3308/3308/3308 3307/3307/3307
f 3309/3309/3309 3307/3307/3307 3308/3308/3308
f 3308/3308/3308 3310/3310/3310 3309/3309/3309
f 3311/3311/3311 3309/3309/3309 3310/3310/3310
f 3310/3310/3310 3312/3312/3312 3311/3311/3311
f 3313/3313/3313 3311/3311/3311 3312/3312/3312
f 3312/3312/3312 3314/3314/3314 3313/3313/3313
f 3315/3315/3315 3313/3313/3313 3314/3314/3314
f 3314/3314/3314 3316/3316/3316 3315/3315/3315
f 3222/3222/3222 3315/3315/3315 3316/3316/3316
f 3316/3316/3316 3223/3223/3223 3222/3222/3222
f 3319/3319/3319 3318/3318/3318 3317/3317/3317
f 3319/3319/3319 3317/3317/3317 3320/3320/3320
f 3319/3319/3319 3320/3320/3320 3321/3321/3321
f 3319/3319/3319 3321/3321/3321 3322/3322/3322
f 3319/3319/3319 3322/3322/3322 3323/3323/3323
f 3319/3319/3319 3323/3323/3323 3324/3324/3324
f 3319/3319/3319 3324/3324/3324 3325/3325/3325
f 3319/3319/3319 3325/3325/3325 3326/3326/3326
f 3319/3319/3319 3326/3326/3326 3327/3327/3327
f 3319/3319/3319 3327/3327/3327 3328/3328/3328
f 3319/3319/3319 3328/3328/3328 3329/3329/3329
f 3319/3319/3319 3329/3329/3329 3330/3330/3330
f 3319/3319/3319 3330/3330/3330 3331/3331/3331
f 3319/3319/3319 3331/3331/3331 3332/3332/3332
f 3319/3319/3319 3332/3332/3332 3333/3333/3333
f 3319/3319/3319 3333/3333/3333 3334/3334/3334
f 3319/3319/3319 3334/3334/3334 3335/3335/3335
f 3319/3319/3319 3335/3335/3335 3336/3336/3336
f 3319/3319/3319 3336/3336/3336 3337/3337/3337
f 3319/3319/3319 3337/3337/3337 3338/3338/3338
f 3319/3319/3319 3338/3338/3338 3339/3339/3339
f 3319/3319/3319 3339/3339/3339 3340/3340/3340
f 3319/3319/3319 3340/3340/3340 3341/3341/3341
f 3319/3319/3319 3341/3341/3341 3342/3342/3342
f 3319/3319/3319 3342/3342/3342 3343/3343/3343
f 3319/3319/3319 3343/3343/3343 3344/3344/3344
f 3319/3319/3319 3344/3344/3344 3345/3345/3345
f 3319/3319/3319 3345/3345/3345 3346/3346/3346
f 3319/3319/3319 3346/3346/3346 3347/3347/3347
f 3319/3319/3319 3347/3347/3347 3348/3348/3348
f 3319/3319/3319 3348/3348/3348 3349/3349/3349
f 3319/3319/3319 3349/3349/3349 3350/3350/3350
f 3319/3319/3319 3350/3350/3350 3351/3351/3351
f 3319/3319/3319 3351/3351/3351 3352/3352/3352
f 3319/3319/3319 3352/3352/3352 3353/3353/3353
f 3319/3319/3319 3353/3353/3353 3354/3354/3354
f 3319/3319/3319 3354/3354/3354 3355/3355/3355
f 3319/3319/3319 3355/3355/3355 3356/3356/3356
f 3319/3319/3319 3356/3356/3356 3357/3357/3357
f 3319/3319/3319 3357/3357/3357 3358/3358/3358
f 3319/3319/3319 3358/3358/3358 3359/3359/3359
f 3319/3319/3319 3359/3359/3359 3360/3360/3360
f 3319/3319/3319 3360/3360/3360 3361/3361/3361
f 3319/3319/3319 3361/3361/3361 3362/3362/3362
f 3319/3319/3319 3362/3362/3362 3363/3363/3363
f 3319/3319/3319 3363/3363/3363 3364/3364/3364
f 3319/3319/3319 3364/3364/3364 3365/3365/3365
f 3319/3319/3319 3365/3365/3365 3318/3318/3318
f 3366/3366/3366 3367/3367/3367 3368/3368/3368
f 3368/3368/3368 3369/3369/3369 3366/3366/3366
f 3370/3370/3370 3366/3366/3366 3369/3369/3369
f 3369/3369/3369 3371/3371/3371 3370/3370/3370
f 3372/3372/3372 3370/3370/3370 3371/3371/3371
f 3371/3371/3371 3373/3373/3373 3372/3372/3372
f 3374/3374/3374 3372/3372/3372 3373/3373/3373
f 3373/3373/3373 3375/3375/3375 3374/3374/3374
f 3376/3376/3376 3374/3374/3374 3375/3375/3375
f 3375/3375/3375 3377/3377/3377 3376/3376/3376
f 3378/3378/3378 3376/3376/3376 3377/3377/3377
f 3377/3377/3377 3379/3379/3379 3378/3378/3378
f 3380/3380/3380 3378/3378/3378 3379/3379/3379
f 3379/3379/3379 3381/3381/3381 3380/3380/3380
f 3382/3382/3382 3380/3380/3380 3381/3381/3381
f 3381/3381/3381 3383/3383/3383 3382/3382/3382
f 3384/3384/3384 3382/3382/3382 3383/3383/3383
f 3383/3383/3383 3385/3385/3385 3384/3384/3384
f 3386/3386/3386 3384/3384/3384 3385/3385/3385
f 3385/3385/3385 3387/3387/3387 3386/3386/3386
f 3388/3388/3388 3386/3386/3386 3387/3387/3387
f 3387/3387/3387 3389/3389/3389 3388/3388/3388
f 3390/3390/3390 3388/3388/3388 3389/3389/3389
f 3389/3389/3389 3391/3391/3391 3390/3390/3390
f 3392/3392/3392 3390/3390/3390 3391/3391/3391
f 3391/3391/3391 3393/3393/3393 3392/3392/3392
f 3394/3394/3394 3392/3392/3392 3393/3393/3393
f 3393/3393/3393 3395/3395/3395 3394/3394/3394
f 3396/3396/3396 3394/3394/3394 3395/3395/3395
f 3395/3395/3395 3397/3397/3397 3396/3396/3396
f 3398/3398/3398 3396/3396/3396 3397/3397/3397
f 3397/3397/3397 3399/3399/3399 3398/3398/3398
f 3400/3400/3400 3398/3398/3398 3399/3399/3399
f 3399/3399/3399 3401/3401/3401 3400/3400/3400
f 3402/3402/3402 3400/3400/3400 3401/3401/3401
f 3401/3401/3401 3403/3403/3403 3402/3402/3402
f 3404/3404/3404 3402/3402/3402 3403/3403/3403
f 3403/3403/3403 3405/3405/3405 3404/3404/3404
f 3406/3406/3406 3404/3404/3404 3405/3405/3405
f 3405/3405/3405 3407/3407/3407 3406/3406/3406
f 3408/3408/3408 3406/3406/3406 3407/3407/3407
f 3407/3407/3407 3409/3409/3409 3408/3408/3408
f 3410/3410/3410 3408/3408/3408 3409/3409/3409
f 3409/3409/3409 3411/3411/3411 3410/3410/3410
f 3412/3412/3412 3410/3410/3410 3411/3411/3411
f 3411/3411/3411 3413/3413/3413 3412/3412/3412
f 3414/3414/3414 3412/3412/3412 3413/3413/3413
f 3413/3413/3413 3415/3415/3415 3414/3414/3414
f 3416/3416/3416 3414/3414/3414 3415/3415/3415
f 3415/3415/3415 3417/3417/3417 3416/3416/3416
f 3418/3418/3418 3416/3416/3416 3417/3417/3417
f 3417/3417/3417 3419/3419/3419 3418/3418/3418
f 3420/3420/3420 3418/3418/3418 3419/3419/3419
f 3419/3419/3419 3421/3421/3421 3420/3420/3420
f 3422/3422/3422 3420/3420/3420 3421/3421/3421
f 3421/3421/3421 3423/3423/3423 3422/3422/3422
f 3424/3424/3424 3422/3422/3422 3423/3423/3423
f 3423/3423/3423 3425/3425/3425 3424/3424/3424
f 3426/3426/3426 3424/3424/3424 3425/3425/3425
f 3425/3425/3425 3427/3427/3427 3426/3426/3426
f 3428/3428/3428 3426/3426/3426 3427/3427/3427
f 3427/3427/3427 3429/3429/3429 3428/3428/3428
f 3430/3430/3430 3428/3428/3428 3429/3429/3429
f 3429/3429/3429 3431/3431/3431 3430/3430/3430
f 3432/3432/3432 3430/3430/3430 3431/3431/3431
f 3431/3431/3431 3433/3433/3433 3432/3432/3432
f 3434/3434/3434 3432/3432/3432 3433/3433/3433
f 3433/3433/3433 3435/3435/3435 3434/3434/3434
f 3436/3436/3436 3434/3434/3434 3435/3435/3435
f 3435/3435/3435 3437/3437/3437 3436/3436/3436
f 3438/3438/3438 3436/3436/3436 3437/3437/3437
f 3437/3437/3437 3439/3439/3439 3438/3438/3438
f 3440/3440/3440 3438/3438/3438 3439/3439/3439
f 3439/3439/3439 3441/3441/3441 3440/3440/3440
f 3442/3442/3442 3440/3440/3440 3441/3441/3441
f 3441/3441/3441 3443/3443/3443 3442/3442/3442
f 3444/3444/3444 3442/3442/3442 3443/3443/3443
f 3443/3443/3443 3445/3445/3445 3444/3444/3444
f 3446/3446/3446 3444/3444/3444 3445/3445/3445
f 3445/3445/3445 3447/3447/3447 3446/3446/3446
f 3448/3448/3448 3446/3446/3446 3447/3447/3447
f 3447/3447/3447 3449/3449/3449 3448/3448/3448
f 3450/3450/3450 3448/3448/3448 3449/3449/3449
f 3449/3449/3449 3451/3451/3451 3450/3450/3450
f 3452/3452/3452 3450/3450/3450 3451/3451/3451
f 3451/3451/3451 3453/3453/3453 3452/3452/3452
f 3454/3454/3454 3452/3452/3452 3453/3453/3453
f 3453/3453/3453 3455/3455/3455 3454/3454/3454
f 3456/3456/3456 3454/3454/3454 3455/3455/3455
f 3455/3455/3455 3457/3457/3457 3456/3456/3456
f 3458/3458/3458 3456/3456/3456 3457/3457/3457
f 3457/3457/3457 3459/3459/3459 3458/3458/3458
f 3460/3460/3460 3458/3458/3458 3459/3459/3459
f 3459/3459/3459 3461/3461/3461 3460/3460/3460
f 3367/3367/3367 3460/3460/3460 3461/3461/3461
f 3461/3461/3461 3368/3368/3368 3367/3367/3367
f 3464/3464/3464 3463/3463/3463 3462/3462/3462
f 3464/3464/3464 3462/3462/3462 3465/3465/3465
f 3464/3464/3464 3465/3465/3465 3466/3466/3466
f 3464/3464/3464 3466/3466/3466 3467/3467/3467
f 3464/3464/3464 3467/3467/3467 3468/3468/3468
f 3464/3464/3464 3468/3468/3468 3469/3469/3469
f 3464/3464/3464 3469/3469/3469 3470/3470/3470
f 3464/3464/3464 3470/3470/3470 3471/3471/3471
f 3464/3464/3464 3471/3471/3471 3472/3472/3472
f 3464/3464/3464 3472/3472/3472 3473/3473/3473
f 3464/3464/3464 3473/3473/3473 3474/3474/3474
f 3464/3464/3464 3474/3474/3474 3475/3475/3475
f 3464/3464/3464 3475/3475/3475 3476/3476/3476
f 3464/3464/3464 3476/3476/3476 3477/3477/3477
f 3464/3464/3464 3477/3477/3477 3478/3478/3478
f 3464/3464/3464 3478/3478/3478 3479/3479/3479
f 3464/3464/3464 3479/3479/3479 3480/3480/3480
f 3464/3464/3464 3480/3480/3480 3481/3481/3481
f 3464/3464/3464 3481/3481/3481 3482/3482/3482
f 3464/3464/3464 3482/3482/3482 3483/3483/3483
f 3464/3464/3464 3483/3483/3483 3484/3484/3484
f 3464/3464/3464 3484/3484/3484 3485/3485/3485
f 3464/3464/3464 3485/3485/3485 3486/3486/3486
f 3464/3464/3464 3486/3486/3486 3487/3487/3487
f 3464/3464/3464 3487/3487/3487 3488/3488/3488
f 3464/3464/3464 3488/3488/3488 3489/3489/3489
f 3464/3464/3464 3489/3489/3489 3490/3490/3490
f 3464/3464/3464 3490/3490/3490 3491/3491/3491
f 3464/3464/3464 3491/3491/3491 3492/3492/3492
f 3464/3464/3464 3492/3492/3492 3493/3493/3493
f 3464/3464/3464 3493/3493/3493 3494/3494/3494
f 3464/3464/3464 3494/3494/3494 3495/3495/3495
f 3464/3464/3464 3495/3495/3495 3496/3496/3496
f 3464/3464/3464 3496/3496/3496 3497/3497/3497
f 3464/3464/3464 3497/3497/3497 3498/3498/3498
f 3464/3464/3464 3498/3498/3498 3499/3499/3499
f 3464/3464/3464 3499/3499/3499 3500/3500/3500
f 3464/3464/3464 3500/3500/3500 3501/3501/3501
f 3464/3464/3464 3501/3501/3501 3502/3502/3502
f 3464/3464/3464 3502/3502/3502 3503/3503/3503
f 3464/3464/3464 3503/3503/3503 3504/3504/3504
f 3464/3464/3464 3504/3504/3504 3505/3505/3505
f 3464/3464/3464 3505/3505/3505 3506/3506/3506
f 3464/3464/3464 3506/3506/3506 3507/3507/3507
f 3464/3464/3464 3507/3507/3507 3508/3508/3508
f 3464/3464/3464 3508/3508/3508 3509/3509/3509
f 3464/3464/3464 3509/3509/3509 3510/3510/3510
f 3464/3464/3464 3510/3510/3510 3463/3463/3463
f 3511/3511/3511 3512/3512/3512 3513/3513/3513
f 3513/3513/3513 3514/3514/3514 3511/3511/3511
f 3515/3515/3515 3511/3511/3511 3514/3514/3514
f 3514/3514/3514 3516/3516/3516 3515/3515/3515
f 3517/3517/3517 3515/3515/3515 3516/3516/3516
f 3516/3516/3516 3518/3518/3518 3517/3517/3517
f 3519/3519/3519 3517/3517/3517 3518/3518/3518
f 3518/3518/3518 3520/3520/3520 3519/3519/3519
f 3521/3521/3521 3519/3519/3519 3520/3520/3520
f 3520/3520/3520 3522/3522/3522 3521/3521/3521
f 3523/3523/3523 3521/3521/3521 3522/3522/3522
f 3522/3522/3522 3524/3524/3524 3523/3523/3523
f 3525/3525/3525 3523/3523/3523 3524/3524/3524
f 3524/3524/3524 3526/3526/3526 3525/3525/3525
f 3527/3527/3527 3525/3525/3525 3526/3526/3526
f 3526/3526/3526 3528/3528/3528 3527/3527/3527
f 3529/3529/3529 3527/3527/3527 3528/3528/3528
f 3528/3528/3528 3530/3530/3530 3529/3529/3529
f 3531/3531/3531 3529/3529/3529 3530/3530/3530
f 3530/3530/3530 3532/3532/3532 3531/3531/3531
f 3533/3533/3533 3531/3531/3531 3532/3532/3532
f 3532/3532/3532 3534/3534/3534 3533/3533/3533
f 3535/3535/3535 3533/3533/3533 3534/3534/3534
f 3534/3534/3534 3536/3536/3536 3535/3535/3535
f 3537/3537/3537 3535/3535/3535 3536/3536/3536
f 3536/3536/3536 3538/3538/3538 3537/3537/3537
f 3539/3539/3539 3537/3537/3537 3538/3538/3538
f 3538/3538/3538 3540/3540/3540 3539/3539/3539
f 3541/3541/3541 3539/3539/3539 3540/3540/3540
f 3540/3540/3540 3542/3542/3542 3541/3541/3541
f 3543/3543/3543 3541/3541/3541 3542/3542/3542
f 3542/3542/3542 3544/3544/3544 3543/3543/3543
f 3545/3545/3545 3543/3543/3543 3544/3544/3544
f 3544/3544/3544 3546/3546/3546 3545/3545/3545
f 3547/3547/3547 3545/3545/3545 3546/3546/3546
f 3546/3546/3546 3548/3548/3548 3547/3547/3547
f 3549/3549/3549 3547/3547/3547 3548/3548/3548
f 3548/3548/3548 3550/3550/3550 3549/3549/3549
f 3551/3551/3551 3549/3549/3549 3550/3550/3550
f 3550/3550/3550 3552/3552/3552 3551/3551/3551
f 3553/3553/3553 3551/3551/3551 3552/3552/3552
f 3552/3552/3552 3554/3554/3554 3553/3553/3553
f 3555/3555/3555 3553/3553/3553 3554/3554/3554
f 3554/3554/3554 3556/3556/3556 3555/3555/3555
f 3557/3557/3557 3555/3555/3555 3556/3556/3556
f 3556/3556/3556 3558/3558/3558 3557/3557/3557
f 3559/3559/3559 3557/3557/3557 3558/3558/3558
f 3558/3558/3558 3560/3560/3560 3559/3559/3559
f 3561/3561/3561 3559/3559/3559 3560/3560/3560
f 3560/3560/3560 3562/3562/3562 3561/3561/3561
f 3563/3563/3563 3561/3561/3561 3562/3562/3562
f 3562/3562/3562 3564/3564/3564 3563/3563/3563
f 3565/3565/3565 3563/3563/3563 3564/3564/3564
f 3564/3564/3564 3566/3566/3566 3565/3565/3565
f 3567/3567/3567 3565/3565/3565 3566/3566/3566
f 3566/3566/3566 3568/3568/3568 3567/3567/3567
f 3569/3569/3569 3567/3567/3567 3568/3568/3568
f 3568/3568/3568 3570/3570/3570 3569/3569/3569
f 3571/3571/3571 3569/3569/3569 3570/3570/3570
f 3570/3570/3570 3572/3572/3572 3571/3571/3571
f 3573/3573/3573 3571/3571/3571 3572/3572/3572
f 3572/3572/3572 3574/3574/3574 3573/3573/3573
f 3575/3575/3575 3573/3573/3573 3574/3574/3574
f 3574/3574/3574 3576/3576/3576 3575/3575/3575
f 3577/3577/3577 3575/3575/3575 3576/3576/3576
f 3576/3576/3576 3578/3578/3578 3577/3577/3577
f 3579/3579/3579 3577/3577/3577 3578/3578/3578
f 3578/3578/3578 3580/3580/3580 3579/3579/3579
f 3581/3581/3581 3579/3579/3579 3580/3580/3580
f 3580/3580/3580 3582/3582/3582 3581/3581/3581
f 3583/3583/3583 3581/3581/3581 3582/3582/3582
f 3582/3582/3582 3584/3584/3584 3583/3583/3583
f 3585/3585/3585 3583/3583/3583 3584/3584/3584
f 3584/3584/3584 3586/3586/3586 3585/3585/3585
f 3587/3587/3587 3585/3585/3585 3586/3586/3586
f 3586/3586/3586 3588/3588/3588 3587/3587/3587
f 3589/3589/3589 3587/3587/3587 3588/3588/3588
f 3588/3588/3588 3590/3590/3590 3589/3589/3589
f 3591/3591/3591 3589/3589/3589 3590/3590/3590
f 3590/3590/3590 3592/3592/3592 3591/3591/3591
f 3593/3593/3593 3591/3591/3591 3592/3592/3592
f 3592/3592/3592 3594/3594/3594 3593/3593/3593
f 3595/3595/3595 3593/3593/3593 3594/3594/3594
f 3594/3594/3594 3596/3596/3596 3595/3595/3595
f 3597/3597/3597 3595/3595/3595 3596/3596/3596
f 3596/3596/3596 3598/3598/3598 3597/3597/3597
f 3599/3599/3599 3597/3597/3597 3598/3598/3598
f 3598/3598/3598 3600/3600/3600 3599/3599/3599
f 3601/3601/3601 3599/3599/3599 3600/3600/3600
f 3600/3600/3600 3602/3602/3602 3601/3601/3601
f 3603/3603/3603 3601/3601/3601 3602/3602/3602
f 3602/3602/3602 3604/3604/3604 3603/3603/3603
f 3605/3605/3605 3603/3603/3603 3604/3604/3604
f 3604/3604/3604 3606/3606/3606 3605/3605/3605
f 3512/3512/3512 3605/3605/3605 3606/3606/3606
f 3606/3606/3606 3513/3513/3513 3512/3512/3512
f 3609/3609/3609 3608/3608/3608 3607/3607/3607
f 3609/3609/3609 3607/3607/3607 3610/3610/3610
f 3609/3609/3609 3610/3610/3610 3611/3611/3611
f 3609/3609/3609 3611/3611/3611 3612/3612/3612
f 3609/3609/3609 3612/3612/3612 3613/3613/3613
f 3609/3609/3609 3613/3613/3613 3614/3614/3614
f 3609/3609/3609 3614/3614/3614 3615/3615/3615
f 3609/3609/3609 3615/3615/3615 3616/3616/3616
f 3609/3609/3609 3616/3616/3616 3617/3617/3617
f 3609/3609/3609 3617/3617/3617 3618/3618/3618
f 3609/3609/3609 3618/3618/3618 3619/3619/3619
f 3609/3609/3609 3619/3619/3619 3620/3620/3620
f 3609/3609/3609 3620/3620/3620 3621/3621/3621
f 3609/3609/3609 3621/3621/3621 3622/3622/3622
f 3609/3609/3609 3622/3622/3622 3623/3623/3623
f 3609/3609/3609 3623/3623/3623 3624/3624/3624
f 3609/3609/3609 3624/3624/3624 3625/3625/3625
f 3609/3609/3609 3625/3625/3625 3626/3626/3626
f 3609/3609/3609 3626/3626/3626 3627/3627/3627
f 3609/3609/3609 3627/3627/3627 3628/3628/3628
f 3609/3609/3609 3628/3628/3628 3629/3629/3629
f 3609/3609/3609 3629/3629/3629 3630/3630/3630
f 3609/3609/3609 3630/3630/3630 3631/3631/3631
f 3609/3609/3609 3631/3631/3631 3632/3632/3632
f 3609/3609/3609 3632/3632/3632 3633/3633/3633
f 3609/3609/3609 3633/3633/3633 3634/3634/3634
f 3609/3609/3609 3634/3634/3634 3635/3635/3635
f 3609/3609/3609 3635/3635/3635 3636/3636/3636
f 3609/3609/3609 3636/3636/3636 3637/3637/3637
f 3609/3609/3609 3637/3637/3637 3638/3638/3638
f 3609/3609/3609 3638/3638/3638 3639/3639/3639
f 3609/3609/3609 3639/3639/3639 3640/3640/3640
f 3609/3609/3609 3640/3640/3640 3641/3641/3641
f 3609/3609/3609 3641/3641/3641 3642/3642/3642
f 3609/3609/3609 3642/3642/3642 3643/3643/3643
f 3609/3609/3609 3643/3643/3643 3644/3644/3644
f 3609/3609/3609 3644/3644/3644 3645/3645/3645
f 3609/3609/3609 3645/3645/3645 3646/3646/3646
f 3609/3609/3609 3646/3646/3646 3647/3647/3647
f 3609/3609/3609 3647/3647/3647 3648/3648/3648
f 3609/3609/3609 3648/3648/3648 3649/3649/3649
f 3609/3609/3609 3649/3649/3649 3650/3650/3650
f 3609/3609/3609 3650/3650/3650 3651/3651/3651
f 3609/3609/3609 3651/3651/3651 3652/3652/3652
f 3609/3609/3609 3652/3652/3652 3653/3653/3653
f 3609/3609/3609 3653/3653/3653 3654/3654/3654
f 3609/3609/3609 3654/3654/3654 3655/3655/3655
f 3609/3609/3609 3655/3655/3655 3608/3608/3608
f 3656/3656/3656 3657/3657/3657 3658/3658/3658
f 3658/3658/3658 3659/3659/3659 3656/3656/3656
f 3660/3660/3660 3656/3656/3656 3659/3659/3659
f 3659/3659/3659 3661/3661/3661 3660/3660/3660
f 3662/3662/3662 3660/3660/3660 3661/3661/3661
f 3661/3661/3661 3663/3663/3663 3662/3662/3662
f 3664/3664/3664 3662/3662/3662 3663/3663/3663
f 3663/3663/3663 3665/3665/3665 3664/3664/3664
f 3666/3666/3666 3664/3664/3664 3665/3665/3665
f 3665/3665/3665 3667/3667/3667 3666/3666/3666
f 3668/3668/3668 3666/3666/3666 3667/3667/3667
f 3667/3667/3667 3669/3669/3669 3668/3668/3668
f 3670/3670/3670 3668/3668/3668 3669/3669/3669
f 3669/3669/3669 3671/3671/3671 3670/3670/3670
f 3672/3672/3672 3670/3670/3670 3671/3671/3671
f 3671/3671/3671 3673/3673/3673 3672/3672/3672
f 3674/3674/3674 3672/3672/3672 3673/3673/3673
f 3673/3673/3673 3675/3675/3675 3674/3674/3674
f 3676/3676/3676 3674/3674/3674 3675/3675/3675
f 3675/3675/3675 3677/3677/3677 3676/3676/3676
f 3678/3678/3678 3676/3676/3676 3677/3677/3677
f 3677/3677/3677 3679/3679/3679 3678/3678/3678
f 3680/3680/3680 3678/3678/3678 3679/3679/3679
f 3679/3679/3679 3681/3681/3681 3680/3680/3680
f 3682/3682/3682 3680/3680/3680 3681/3681/3681
f 3681/3681/3681 3683/3683/3683 3682/3682/3682
f 3684/3684/3684 3682/3682/3682 3683/3683/3683
f 3683/3683/3683 3685/3685/3685 3684/3684/3684
f 3686/3686/3686 3684/3684/3684 3685/3685/3685
f 3685/3685/3685 3687/3687/3687 3686/3686/3686
f 3688/3688/3688 3686/3686/3686 3687/3687/3687
f 3687/3687/3687 3689/3689/3689 3688/3688/3688
f 3690/3690/3690 3688/3688/3688 3689/3689/3689
f 3689/3689/3689 3691/3691/3691 3690/3690/3690
f 3692/3692/3692 3690/3690/3690 3691/3691/3691
f 3691/3691/3691 3693/3693/3693 3692/3692/3692
f 3694/3694/3694 3692/3692/3692 3693/3693/3693
f 3693/3693/3693 3695/3695/3695 3694/3694/3694
f 3696/3696/3696 3694/3694/3694 3695/3695/3695
f 3695/3695/3695 3697/3697/3697 3696/3696/3696
f 3698/3698/3698 3696/3696/3696 3697/3697/3697
f 3697/3697/3697 3699/3699/3699 3698/3698/3698
f 3700/3700/3700 3698/3698/3698 3699/3699/3699
f 3699/3699/3699 3701/3701/3701 3700/3700/3700
f 3702/3702/3702 3700/3700/3700 3701/3701/3701
f 3701/3701/3701 3703/3703/3703 3702/3702/3702
f 3704/3704/3704 3702/3702/3702 3703/3703/3703
f 3703/3703/3703 3705/3705/3705 3704/3704/3704
f 3706/3706/3706 3704/3704/3704 3705/3705/3705
f 3705/3705/3705 3707/3707/3707 3706/3706/3706
f 3708/3708/3708 3706/3706/3706 3707/3707/3707
f 3707/3707/3707 3709/3709/3709 3708/3708/3708
f 3710/3710/3710 3708/3708/3708 3709/3709/3709
f 3709/3709/3709 3711/3711/3711 3710/3710/3710
f 3712/3712/3712 3710/3710/3710 3711/3711/3711
f 3711/3711/3711 3713/3713/3713 3712/3712/3712
f 3714/3714/3714 3712/3712/3712 3713/3713/3713
f 3713/3713/3713 3715/3715/3715 3714/3714/3714
f 3716/3716/3716 3714/3714/3714 3715/3715/3715
f 3715/3715/3715 3717/3717/3717 3716/3716/3716
f 3718/3718/3718 3716/3716/3716 3717/3717/3717
f 3717/3717/3717 3719/3719/3719 3718/3718/3718
f 3720/3720/3720 3718/3718/3718 3719/3719/3719
f 3719/3719/3719 3721/3721/3721 3720/3720/3720
f 3722/3722/3722 3720/3720/3720 3721/3721/3721
f 3721/3721/3721 3723/3723/3723 3722/3722/3722
f 3724/3724/3724 3722/3722/3722 3723/3723/3723
f 3723/3723/3723 3725/3725/3725 3724/3724/3724
f 3726/3726/3726 3724/3724/3724 3725/3725/3725
f 3725/3725/3725 3727/3727/3727 3726/3726/3726
f 3728/3728/3728 3726/3726/3726 3727/3727/3727
f 3727/3727/3727 3729/3729/3729 3728/3728/3728
f 3730/3730/3730 3728/3728/3728 3729/3729/3729
f 3729/3729/3729 3731/3731/3731 3730/3730/3730
f 3732/3732/3732 3730/3730/3730 3731/3731/3731
f 3731/3731/3731 3733/3733/3733 3732/3732/3732
f 3734/3734/3734 3732/3732/3732 3733/3733/3733
f 3733/3733/3733 3735/3735/3735 3734/3734/3734
f 3736/3736/3736 3734/3734/3734 3735/3735/3735
f 3735/3735/3735 3737/3737/3737 3736/3736/3736
f 3738/3738/3738 3736/3736/3736 3737/3737/3737
f 3737/3737/3737 3739/3739/3739 3738/3738/3738
f 3740/3740/3740 3738/3738/3738 3739/3739/3739
f 3739/3739/3739 3741/3741/3741 3740/3740/3740
f 3742/3742/3742 3740/3740/3740 3741/3741/3741
f 3741/3741/3741 3743/3743/3743 3742/3742/3742
f 3744/3744/3744 3742/3742/3742 3743/3743/3743
f 3743/3743/3743 3745/3745/3745 3744/3744/3744
f 3746/3746/3746 3744/3744/3744 3745/3745/3745
f 3745/3745/3745 3747/3747/3747 3746/3746/3746
f 3748/3748/3748 3746/3746/3746 3747/3747/3747
f 3747/3747/3747 3749/3749/3749 3748/3748/3748
f 3750/3750/3750 3748/3748/3748 3749/3749/3749
f 3749/3749/3749 3751/3751/3751 3750/3750/3750
f 3657/3657/3657 3750/3750/3750 3751/3751/3751
f 3751/3751/3751 3658/3658/3658 3657/3657/3657
f 3754/3754/3754 3753/3753/3753 3752/3752/3752
f 3754/3754/3754 3752/3752/3752 3755/3755/3755
f 3754/3754/3754 3755/3755/3755 3756/3756/3756
f 3754/3754/3754 3756/3756/3756 3757/3757/3757
f 3754/3754/3754 3757/3757/3757 3758/3758/3758
f 3754/3754/3754 3758/3758/3758 3759/3759/3759
f 3754/3754/3754 3759/3759/3759 3760/3760/3760
f 3754/3754/3754 3760/3760/3760 3761/3761/3761
f 3754/3754/3754 3761/3761/3761 3762/3762/3762
f 3754/3754/3754 3762/3762/3762 3763/3763/3763
f 3754/3754/3754 3763/3763/3763 3764/3764/3764
f 3754/3754/3754 3764/3764/3764 3765/3765/3765
f 3754/3754/3754 3765/3765/3765 3766/3766/3766
f 3754/3754/3754 3766/3766/3766 3767/3767/3767
f 3754/3754/3754 3767/3767/3767 3768/3768/3768
f 3754/3754/3754 3768/3768/3768 3769/3769/3769
f 3754/3754/3754 3769/3769/3769 3770/3770/3770
f 3754/3754/3754 3770/3770/3770 3771/3771/3771
f 3754/3754/3754 3771/3771/3771 3772/3772/3772
f 3754/3754/3754 3772/3772/3772 3773/3773/3773
f 3754/3754/3754 3773/3773/3773 3774/3774/3774
f 3754/3754/3754 3774/3774/3774 3775/3775/3775
f 3754/3754/3754 3775/3775/3775 3776/3776/3776
f 3754/3754/3754 3776/3776/3776 3777/3777/3777
f 3754/3754/3754 3777/3777/3777 3778/3778/3778
f 3754/3754/3754 3778/3778/3778 3779/3779/3779
f 3754/3754/3754 3779/3779/3779 3780/3780/3780
f 3754/3754/3754 3780/3780/3780 3781/3781/3781
f 3754/3754/3754 3781/3781/3781 3782/3782/3782
f 3754/3754/3754 3782/3782/3782 3783/3783/3783
f 3754/3754/3754 3783/3783/3783 3784/3784/3784
f 3754/3754/3754 3784/3784/3784 3785/3785/3785
f 3754/3754/3754 3785/3785/3785 3786/3786/3786
f 3754/3754/3754 3786/3786/3786 3787/3787/3787
f 3754/3754/3754 3787/3787/3787 3788/3788/3788
f 3754/3754/3754 3788/3788/3788 3789/3789/3789
f 3754/3754/3754 3789/3789/3789 3790/3790/3790
f 3754/3754/3754 3790/3790/3790 3791/3791/3791
f 3754/3754/3754 3791/3791/3791 3792/3792/3792
f 3754/3754/3754 3792/3792/3792 3793/3793/3793
f 3754/3754/3754 3793/3793/3793 3794/3794/3794
f 3754/3754/3754 3794/3794/3794 3795/3795/3795
f 3754/3754/3754 3795/3795/3795 3796/3796/3796
f 3754/3754/3754 3796/3796/3796 3797/3797/3797
f 3754/3754/3754 3797/3797/3797 3798/3798/3798
f 3754/3754/3754 3798/3798/3798 3799/3799/3799
f 3754/3754/3754 3799/3799/3799 3800/3800/3800
f 3754/3754/3754 3800/3800/3800 3753/3753/3753
f 3801/3801/3801 3802/3802/3802 3803/3803/3803
f 3803/3803/3803 3804/3804/3804 3801/3801/3801
f 3805/3805/3805 3801/3801/3801 3804/3804/3804
f 3804/3804/3804 3806/3806/3806 3805/3805/3805
f 3807/3807/3807 3805/3805/3805 3806/3806/3806
f 3806/3806/3806 3808/3808/3808 3807/3807/3807
f 3809/3809/3809 3807/3807/3807 3808/3808/3808
f 3808/3808/3808 3810/3810/3810 3809/3809/3809
f 3811/3811/3811 3809/3809/3809 3810/3810/3810
f 3810/3810/3810 3812/3812/3812 3811/3811/3811
f 3813/3813/3813 3811/3811/3811 3812/3812/3812
f 3812/3812/3812 3814/3814/3814 3813/3813/3813
f 3815/3815/3815 3813/3813/3813 3814/3814/3814
f 3814/3814/3814 3816/3816/3816 3815/3815/3815
f 3817/3817/3817 3815/3815/3815 3816/3816/3816
f 3816/3816/3816 3818/3818/3818 3817/3817/3817
f 3819/3819/3819 3817/3817/3817 3818/3818/3818
f 3818/3818/3818 3820/3820/3820 3819/3819/3819
f 3821/3821/3821 3819/3819/3819 3820/3820/3820
f 3820/3820/3820 3822/3822/3822 3821/3821/3821
f 3823/3823/3823 3821/3821/3821 3822/3822/3822
f 3822/3822/3822 3824/3824/3824 3823/3823/3823
f 3825/3825/3825 3823/3823/3823 3824/3824/3824
f 3824/3824/3824 3826/3826/3826 3825/3825/3825
f 3827/3827/3827 3825/3825/3825 3826/3826/3826
f 3826/3826/3826 3828/3828/3828 3827/3827/3827
f 3829/3829/3829 3827/3827/3827 3828/3828/3828
f 3828/3828/3828 3830/3830/3830 3829/3829/3829
f 3831/3831/3831 3829/3829/3829 3830/3830/3830
f 3830/3830/3830 3832/3832/3832 3831/3831/3831
f 3833/3833/3833 3831/3831/3831 3832/3832/3832
f 3832/3832/3832 3834/3834/3834 3833/3833/3833
f 3835/3835/3835 3833/3833/3833 3834/3834/3834
f 3834/3834/3834 3836/3836/3836 3835/3835/3835
f 3837/3837/3837 3835/3835/3835 3836/3836/3836
f 3836/3836/3836 3838/3838/3838 3837/3837/3837
f 3839/3839/3839 3837/3837/3837 3838/3838/3838
f 3838/3838/3838 3840/3840/3840 3839/3839/3839
f 3841/3841/3841 3839/3839/3839 3840/3840/3840
f 3840/3840/3840 3842/3842/3842 3841/3841/3841
f 3843/3843/3843 3841/3841/3841 3842/3842/3842
f 3842/3842/3842 3844/3844/3844 3843/3843/3843
f 3845/3845/3845 3843/3843/3843 3844/3844/3844
f 3844/3844/3844 3846/3846/3846 3845/3845/3845
f 3847/3847/3847 3845/3845/3845 3846/3846/3846
f 3846/3846/3846 3848/3848/3848 3847/3847/3847
f 3849/3849/3849 3847/3847/3847 3848/3848/3848
f 3848/3848/3848 3850/3850/3850 3849/3849/3849
f 3851/3851/3851 3849/3849/3849 3850/3850/3850
f 3850/3850/3850 3852/3852/3852 3851/3851/3851
f 3853/3853/3853 3851/3851/3851 3852/3852/3852
f 3852/3852/3852 3854/3854/3854 3853/3853/3853
f 3855/3855/3855 3853/3853/3853 3854/3854/3854
f 3854/3854/3854 3856/3856/3856 3855/3855/3855
f 3857/3857/3857 3855/3855/3855 3856/3856/3856
f 3856/3856/3856 3858/3858/3858 3857/3857/3857
f 3859/3859/3859 3857/3857/3857 3858/3858/3858
f 3858/3858/3858 3860/3860/3860 3859/3859/3859
f 3861/3861/3861 3859/3859/3859 3860/3860/3860
f 3860/3860/3860 3862/3862/3862 3861/3861/3861
f 3863/3863/3863 3861/3861/3861 3862/3862/3862
f 3862/3862/3862 3864/3864/3864 3863/3863/3863
f 3865/3865/3865 3863/3863/3863 3864/3864/3864
f 3864/3864/3864 3866/3866/3866 3865/3865/3865
f 3867/3867/3867 3865/3865/3865 3866/3866/3866
f 3866/3866/3866 3868/3868/3868 3867/3867/3867
f 3869/3869/3869 3867/3867/3867 3868/3868/3868
f 3868/3868/3868 3870/3870/3870 3869/3869/3869
f 3871/3871/3871 3869/3869/3869 3870/3870/3870
f 3870/3870/3870 3872/3872/3872 3871/3871/3871
f 3873/3873/3873 3871/3871/3871 3872/3872/3872
f 3872/3872/3872 3874/3874/3874 3873/3873/3873
f 3875/3875/3875 3873/3873/3873 3874/3874/3874
f 3874/3874/3874 3876/3876/3876 3875/3875/3875
f 3877/3877/3877 3875/3875/3875 3876/3876/3876
f 3876/3876/3876 3878/3878/3878 3877/3877/3877
f 3879/3879/3879 3877/3877/3877 3878/3878/3878
f 3878/3878/3878 3880/3880/3880 3879/3879/3879
f 3881/3881/3881 3879/3879/3879 3880/3880/3880
f 3880/3880/3880 3882/3882/3882 3881/3881/3881
f 3883/3883/3883 3881/3881/3881 3882/3882/3882
f 3882/3882/3882 3884/3884/3884 3883/3883/3883
f 3885/3885/3885 3883/3883/3883 3884/3884/3884
f 3884/3884/3884 3886/3886/3886 3885/3885/3885
f 3887/3887/3887 3885/3885/3885 3886/3886/3886
f 3886/3886/3886 3888/3888/3888 3887/3887/3887
f 3889/3889/3889 3887/3887/3887 3888/3888/3888
f 3888/3888/3888 3890/3890/3890 3889/3889/3889
f 3891/3891/3891 3889/3889/3889 3890/3890/3890
f 3890/3890/3890 3892/3892/3892 3891/3891/3891
f 3893/3893/3893 3891/3891/3891 3892/3892/3892
f 3892/3892/3892 3894/3894/3894 3893/3893/3893
f 3895/3895/3895 3893/3893/3893 3894/3894/3894
f 3894/3894/3894 3896/3896/3896 3895/3895/3895
f 3802/3802/3802 3895/3895/3895 3896/3896/3896
f 3896/3896/3896 3803/3803/3803 3802/3802/3802
f 3899/3899/3899 3898/3898/3898 3897/3897/3897
f 3899/3899/3899 3897/3897/3897 3900/3900/3900
f 3899/3899/3899 3900/3900/3900 3901/3901/3901
f 3899/3899/3899 3901/3901/3901 3902/3902/3902
f 3899/3899/3899 3902/3902/3902 3903/3903/3903
f 3899/3899/3899 3903/3903/3903 3904/3904/3904
f 3899/3899/3899 3904/3904/3904 3905/3905/3905
f 3899/3899/3899 3905/3905/3905 3906/3906/3906
f 3899/3899/3899 3906/3906/3906 3907/3907/3907
f 3899/3899/3899 3907/3907/3907 3908/3908/3908
f 3899/3899/3899 3908/3908/3908 3909/3909/3909
f 3899/3899/3899 3909/3909/3909 3910/3910/3910
f 3899/3899/3899 3910/3910/3910 3911/3911/3911
f 3899/3899/3899 3911/3911/3911 3912/3912/3912
f 3899/3899/3899 3912/3912/3912 3913/3913/3913
f 3899/3899/3899 3913/3913/3913 3914/3914/3914
f 3899/3899/3899 3914/3914/3914 3915/3915/3915
f 3899/3899/3899 3915/3915/3915 3916/3916/3916
f 3899/3899/3899 3916/3916/3916 3917/3917/3917
f 3899/3899/3899 3917/3917/3917 3918/3918/3918
f 3899/3899/3899 3918/3918/3918 3919/3919/3919
f 3899/3899/3899 3919/3919/3919 3920/3920/3920
f 3899/3899/3899 3920/3920/3920 3921/3921/3921
f 3899/3899/3899 3921/3921/3921 3922/3922/3922
f 3899/3899/3899 3922/3922/3922 3923/3923/3923
f 3899/3899/3899 3923/3923/3923 3924/3924/3924
f 3899/3899/3899 3924/3924/3924 3925/3925/3925
f 3899/3899/3899 3925/3925/3925 3926/3926/3926
f 3899/3899/3899 3926/3926/3926 3927/3927/3927
f 3899/3899/3899 3927/3927/3927 3928/3928/3928
f 3899/3899/3899 3928/3928/3928 3929/3929/3929
f 3899/3899/3899 3929/3929/3929 3930/3930/3930
f 3899/3899/3899 3930/3930/3930 3931/3931/3931
f 3899/3899/3899 3931/3931/3931 3932/3932/3932
f 3899/3899/3899 3932/3932/3932 3933/3933/3933
f 3899/3899/3899 3933/3933/3933 3934/3934/3934
f 3899/3899/3899 3934/3934/3934 3935/3935/3935
f 3899/3899/3899 3935/3935/3935 3936/3936/3936
f 3899/3899/3899 3936/3936/3936 3937/3937/3937
f 3899/3899/3899 3937/3937/3937 3938/3938/3938
f 3899/3899/3899 3938/3938/3938 3939/3939/3939
f 3899/3899/3899 3939/3939/3939 3940/3940/3940
f 3899/3899/3899 3940/3940/3940 3941/3941/3941
f 3899/3899/3899 3941/3941/3941 3942/3942/3942
f 3899/3899/3899 3942/3942/3942 3943/3943/3943
f 3899/3899/3899 3943/3943/3943 3944/3944/3944
f 3899/3899/3899 3944/3944/3944 3945/3945/3945
f 3899/3899/3899 3945/3945/3945 3898/3898/3898
f 3946/3946/3946 3947/3947/3947 3948/3948/3948
f 3948/3948/3948 3949/3949/3949 3946/3946/3946
f 3950/3950/3950 3946/3946/3946 3949/3949/3949
f 3949/3949/3949 3951/3951/3951 3950/3950/3950
f 3952/3952/3952 3950/3950/3950 3951/3951/3951
f 3951/3951/3951 3953/3953/3953 3952/3952/3952
f 3954/3954/3954 3952/3952/3952 3953/3953/3953
f 3953/3953/3953 3955/3955/3955 3954/3954/3954
f 3956/3956/3956 3954/3954/3954 3955/3955/3955
f 3955/3955/3955 3957/3957/3957 3956/3956/3956
f 3958/3958/3958 3956/3956/3956 3957/3957/3957
f 3957/3957/3957 3959/3959/3959 3958/3958/3958
f 3960/3960/3960 3958/3958/3958 3959/3959/3959
f 3959/3959/3959 3961/3961/3961 3960/3960/3960
f 3962/3962/3962 3960/3960/3960 3961/3961/3961
f 3961/3961/3961 3963/3963/3963 3962/3962/3962
f 3964/3964/3964 3962/3962/3962 3963/3963/3963
f 3963/3963/3963 3965/3965/3965 3964/3964/3964
f 3966/3966/3966 3964/3964/3964 3965/3965/3965
f 3965/3965/3965 3967/3967/3967 3966/3966/3966
f 3968/3968/3968 3966/3966/3966 3967/3967/3967
f 3967/3967/3967 3969/3969/3969 3968/3968/3968
f 3970/3970/3970 3968/3968/3968 3969/3969/3969
f 3969/3969/3969 3971/3971/3971 3970/3970/3970
f 3972/3972/3972 3970/3970/3970 3971/3971/3971
f 3971/3971/3971 3973/3973/3973 3972/3972/3972
f 3974/3974/3974 3972/3972/3972 3973/3973/3973
f 3973/3973/3973 3975/3975/3975 3974/3974/3974
f 3976/3976/3976 3974/3974/3974 3975/3975/3975
f 3975/3975/3975 3977/3977/3977 3976/3976/3976
f 3978/3978/3978 3976/3976/3976 3977/3977/3977
f 3977/3977/3977 3979/3979/3979 3978/3978/3978
f 3980/3980/3980 3978/3978/3978 3979/3979/3979
f 3979/3979/3979 3981/3981/3981 3980/3980/3980
f 3982/3982/3982 3980/3980/3980 3981/3981/3981
f 3981/3981/3981 3983/3983/3983 3982/3982/3982
f 3984/3984/3984 3982/3982/3982 3983/3983/3983
f 3983/3983/3983 3985/3985/3985 3984/3984/3984
f 3986/3986/3986 3984/3984/3984 3985/3985/3985
f 3985/3985/3985 3987/3987/3987 3986/3986/3986
f 3988/3988/3988 3986/3986/3986 3987/3987/3987
f 3987/3987/3987 3989/3989/3989 3988/3988/3988
f 3990/3990/3990 3988/3988/3988 3989/3989/3989
f 3989/3989/3989 3991/3991/3991 3990/3990/3990
f 3992/3992/3992 3990/3990/3990 3991/3991/3991
f 3991/3991/3991 3993/3993/3993 3992/3992/3992
f 3994/3994/3994 3992/3992/3992 3993/3993/3993
f 3993/3993/3993 3995/3995/3995 3994/3994/3994
f 3996/3996/3996 3994/3994/3994 3995/3995/3995
f 3995/3995/3995 3997/3997/3997 3996/3996/3996
f 3998/3998/3998 3996/3996/3996 3997/3997/3997
f 3997/3997/3997 3999/3999/3999 3998/3998/3998
f 4000/4000/4000 3998/3998/3998 3999/3999/3999
f 3999/3999/3999 4001/4001/4001 4000/4000/4000
f 4002/4002/4002 4000/4000/4000 4001/4001/4001
f 4001/4001/4001 4003/4003/4003 4002/4002/4002
f 4004/4004/4004 4002/4002/4002 4003/4003/4003
f 4003/4003/4003 4005/4005/4005 4004/4004/4004
f 4006/4006/4006 4004/4004/4004 4005/4005/4005
f 4005/4005/4005 4007/4007/4007 4006/4006/4006
f 4008/4008/4008 4006/4006/4006 4007/4007/4007
f 4007/4007/4007 4009/4009/4009 4008/4008/4008
f 4010/4010/4010 4008/4008/4008 4009/4009/4009
f 4009/4009/4009 4011/4011/4011 4010/4010/4010
f 4012/4012/4012 4010/4010/4010 4011/4011/4011
f 4011/4011/4011 4013/4013/4013 4012/4012/4012
f 4014/4014/4014 4012/4012/4012 4013/4013/4013
f 4013/4013/4013 4015/4015/4015 4014/4014/4014
f 4016/4016/4016 4014/4014/4014 4015/4015/4015
f 4015/4015/4015 4017/4017/4017 4016/4016/4016
f 4018/4018/4018 4016/4016/4016 4017/4017/4017
f 4017/4017/4017 4019/4019/4019 4018/4018/4018
f 4020/4020/4020 4018/4018/4018 4019/4019/4019
f 4019/4019/4019 4021/4021/4021 4020/4020/4020
f 4022/4022/4022 4020/4020/4020 4021/4021/4021
f 4021/4021/4021 4023/4023/4023 4022/4022/4022
f 4024/4024/4024 4022/4022/4022 4023/4023/4023
f 4023/4023/4023 4025/4025/4025 4024/4024/4024
f 4026/4026/4026 4024/4024/4024 4025/4025/4025
f 4025/4025/4025 4027/4027/4027 4026/4026/4026
f 4028/4028/4028 4026/4026/4026 4027/4027/4027
f 4027/4027/4027 4029/4029/4029 4028/4028/4028
f 4030/4030/4030 4028/4028/4028 4029/4029/4029
f 4029/4029/4029 4031/4031/4031 4030/4030/4030
f 4032/4032/4032 4030/4030/4030 4031/4031/4031
f 4031/4031/4031 4033/4033/4033 4032/4032/4032
f 4034/4034/4034 4032/4032/4032 4033/4033/4033
f 4033/4033/4033 4035/4035/4035 4034/4034/4034
f 4036/4036/4036 4034/4034/4034 4035/4035/4035
f 4035/4035/4035 4037/4037/4037 4036/4036/4036
f 4038/4038/4038 4036/4036/4036 4037/4037/4037
f 4037/4037/4037 4039/4039/4039 4038/4038/4038
f 4040/4040/4040 4038/4038/4038 4039/4039/4039
f 4039/4039/4039 4041/4041/4041 4040/4040/4040
f 3947/3947/3947 4040/4040/4040 4041/4041/4041
f 4041/4041/4041 3948/3948/3948 3947/3947/3947
f 4044/4044/4044 4043/4043/4043 4042/4042/4042
f 4044/4044/4044 4042/4042/4042 4045/4045/4045
f 4044/4044/4044 4045/4045/4045 4046/4046/4046
f 4044/4044/4044 4046/4046/4046 4047/4047/4047
f 4044/4044/4044 4047/4047/4047 4048/4048/4048
f 4044/4044/4044 4048/4048/4048 4049/4049/4049
f 4044/4044/4044 4049/4049/4049 4050/4050/4050
f 4044/4044/4044 4050/4050/4050 4051/4051/4051
f 4044/4044/4044 4051/4051/4051 4052/4052/4052
f 4044/4044/4044 4052/4052/4052 4053/4053/4053
f 4044/4044/4044 4053/4053/4053 4054/4054/4054
f 4044/4044/4044 4054/4054/4054 4055/4055/4055
f 4044/4044/4044 4055/4055/4055 4056/4056/4056
f 4044/4044/4044 4056/4056/4056 4057/4057/4057
f 4044/4044/4044 4057/4057/4057 4058/4058/4058
f 4044/4044/4044 4058/4058/4058 4059/4059/4059
f 4044/4044/4044 4059/4059/4059 4060/4060/4060
f 4044/4044/4044 4060/4060/4060 4061/4061/4061
f 4044/4044/4044 4061/4061/4061 4062/4062/4062
f 4044/4044/4044 4062/4062/4062 4063/4063/4063
f 4044/4044/4044 4063/4063/4063 4064/4064/4064
f 4044/4044/4044 4064/4064/4064 4065/4065/4065
f 4044/4044/4044 4065/4065/4065 4066/4066/4066
f 4044/4044/4044 4066/4066/4066 4067/4067/4067
f 4044/4044/4044 4067/4067/4067 4068/4068/4068
f 4044/4044/4044 4068/4068/4068 4069/4069/4069
f 4044/4044/4044 4069/4069/4069 4070/4070/4070
f 4044/4044/4044 4070/4070/4070 4071/4071/4071
f 4044/4044/4044 4071/4071/4071 4072/4072/4072
f 4044/4044/4044 4072/4072/4072 4073/4073/4073
f 4044/4044/4044 4073/4073/4073 4074/4074/4074
f 4044/4044/4044 4074/4074/4074 4075/4075/4075
f 4044/4044/4044 4075/4075/4075 4076/4076/4076
f 4044/4044/4044 4076/4076/4076 4077/4077/4077
f 4044/4044/4044 4077/4077/4077 4078/4078/4078
f 4044/4044/4044 4078/4078/4078 4079/4079/4079
f 4044/4044/4044 4079/4079/4079 4080/4080/4080
f 4044/4044/4044 4080/4080/4080 4081/4081/4081
f 4044/4044/4044 4081/4081/4081 4082/4082/4082
f 4044/4044/4044 4082/4082/4082 4083/4083/4083
f 4044/4044/4044 4083/4083/4083 4084/4084/4084
f 4044/4044/4044 4084/4084/4084 4085/4085/4085
f 4044/4044/4044 4085/4085/4085 4086/4086/4086
f 4044/4044/4044 4086/4086/4086 4087/4087/4087
f 4044/4044/4044 4087/4087/4087 4088/4088/4088
f 4044/4044/4044 4088/4088/4088 4089/4089/4089
f 4044/4044/4044 4089/4089/4089 4090/4090/4090
f 4044/4044/4044 4090/4090/4090 4043/4043/4043
f 4091/4091/4091 4092/4092/4092 4093/4093/4093
f 4093/4093/4093 4094/4094/4094 4091/4091/4091
f 4095/4095/4095 4091/4091/4091 4094/4094/4094
f 4094/4094/4094 4096/4096/4096 4095/4095/4095
f 4097/4097/4097 4095/4095/4095 4096/4096/4096
f 4096/4096/4096 4098/4098/4098 4097/4097/4097
f 4099/4099/4099 4097/4097/4097 4098/4098/4098
f 4098/4098/4098 4100/4100/4100 4099/4099/4099
f 4101/4101/4101 4099/4099/4099 4100/4100/4100
f 4100/4100/4100 4102/4102/4102 4101/4101/4101
f 4103/4103/4103 4101/4101/4101 4102/4102/4102
f 4102/4102/4102 4104/4104/4104 4103/4103/4103
f 4105/4105/4105 4103/4103/4103 4104/4104/4104
f 4104/4104/4104 4106/4106/4106 4105/4105/4105
f 4107/4107/4107 4105/4105/4105 4106/4106/4106
f 4106/4106/4106 4108/4108/4108 4107/4107/4107
f 4109/4109/4109 4107/4107/4107 4108/4108/4108
f 4108/4108/4108 4110/4110/4110 4109/4109/4109
f 4111/4111/4111 4109/4109/4109 4110/4110/4110
f 4110/4110/4110 4112/4112/4112 4111/4111/4111
f 4113/4113/4113 4111/4111/4111 4112/4112/4112
f 4112/4112/4112 4114/4114/4114 4113/4113/4113
f 4115/4115/4115 4113/4113/4113 4114/4114/4114
f 4114/4114/4114 4116/4116/4116 4115/4115/4115
f 4117/4117/4117 4115/4115/4115 4116/4116/4116
f 4116/4116/4116 4118/4118/4118 4117/4117/4117
f 4119/4119/4119 4117/4117/4117 4118/4118/4118
f 4118/4118/4118 4120/4120/4120 4119/4119/4119
f 4121/4121/4121 4119/4119/4119 4120/4120/4120
f 4120/4120/4120 4122/4122/4122 4121/4121/4121
f 4123/4123/4123 4121/4121/4121 4122/4122/4122
f 4122/4122/4122 4124/4124/4124 4123/4123/4123
f 4125/4125/4125 4123/4123/4123 4124/4124/4124
f 4124/4124/4124 4126/4126/4126 4125/4125/4125
f 4127/4127/4127 4125/4125/4125 4126/4126/4126
f 4126/4126/4126 4128/4128/4128 4127/4127/4127
f 4129/4129/4129 4127/4127/4127 4128/4128/4128
f 4128/4128/4128 4130/4130/4130 4129/4129/4129
f 4131/4131/4131 4129/4129/4129 4130/4130/4130
f 4130/4130/4130 4132/4132/4132 4131/4131/4131
f 4133/4133/4133 4131/4131/4131 4132/4132/4132
f 4132/4132/4132 4134/4134/4134 4133/4133/4133
f 4135/4135/4135 4133/4133/4133 4134/4134/4134
f 4134/4134/4134 4136/4136/4136 4135/4135/4135
f 4137/4137/4137 4135/4135/4135 4136/4136/4136
f 4136/4136/4136 4138/4138/4138 4137/4137/4137
f 4139/4139/4139 4137/4137/4137 4138/4138/4138
f 4138/4138/4138 4140/4140/4140 4139/4139/4139
f 4141/4141/4141 4139/4139/4139 4140/4140/4140
f 4140/4140/4140 4142/4142/4142 4141/4141/4141
f 4143/4143/4143 4141/4141/4141 4142/4142/4142
f 4142/4142/4142 4144/4144/4144 4143/4143/4143
f 4145/4145/4145 4143/4143/4143 4144/4144/4144
f 4144/4144/4144 4146/4146/4146 4145/4145/4145
f 4147/4147/4147 4145/4145/4145 4146/4146/4146
f 4146/4146/4146 4148/4148/4148 4147/4147/4147
f 4149/4149/4149 4147/4147/4147 4148/4148/4148
f 4148/4148/4148 4150/4150/4150 4149/4149/4149
f 4151/4151/4151 4149/4149/4149 4150/4150/4150
f 4150/4150/4150 4152/4152/4152 4151/4151/4151
f 4153/4153/4153 4151/4151/4151 4152/4152/4152
f 4152/4152/4152 4154/4154/4154 4153/4153/4153
f 4155/4155/4155 4153/4153/4153 4154/4154/4154
f 4154/4154/4154 4156/4156/4156 4155/4155/4155
f 4157/4157/4157 4155/4155/4155 4156/4156/4156
f 4156/4156/4156 4158/4158/4158 4157/4157/4157
f 4159/4159/4159 4157/4157/4157 4158/4158/4158
f 4158/4158/4158 4160/4160/4160 4159/4159/4159
f 4161/4161/4161 4159/4159/4159 4160/4160/4160
f 4160/4160/4160 4162/4162/4162 4161/4161/4161
f 4163/4163/4163 4161/4161/4161 4162/4162/4162
f 4162/4162/4162 4164/4164/4164 4163/4163/4163
f 4165/4165/4165 4163/4163/4163 4164/4164/4164
f 4164/4164/4164 4166/4166/4166 4165/4165/4165
f 4167/4167/4167 4165/4165/4165 4166/4166/4166
f 4166/4166/4166 4168/4168/4168 4167/4167/4167
f 4169/4169/4169 4167/4167/4167 4168/4168/4168
f 4168/4168/4168 4170/4170/4170 4169/4169/4169
f 4171/4171/4171 4169/4169/4169 4170/4170/4170
f 4170/4170/4170 4172/4172/4172 4171/4171/4171
f 4173/4173/4173 4171/4171/4171 4172/4172/4172
f 4172/4172/4172 4174/4174/4174 4173/4173/4173
f 4175/4175/4175 4173/4173/4173 4174/4174/4174
f 4174/4174/4174 4176/4176/4176 4175/4175/4175
f 4177/4177/4177 4175/4175/4175 4176/4176/4176
f 4176/4176/4176 4178/4178/4178 4177/4177/4177
f 4179/4179/4179 4177/4177/4177 4178/4178/4178
f 4178/4178/4178 4180/4180/4180 4179/4179/4179
f 4181/4181/4181 4179/4179/4179 4180/4180/4180
f 4180/4180/4180 4182/4182/4182 4181/4181/4181
f 4183/4183/4183 4181/4181/4181 4182/4182/4182
f 4182/4182/4182 4184/4184/4184 4183/4183/4183
f 4185/4185/4185 4183/4183/4183 4184/4184/4184
f 4184/4184/4184 4186/4186/4186 4185/4185/4185
f 4092/4092/4092 4185/4185/4185 4186/4186/4186
f 4186/4186/4186 4093/4093/4093 4092/4092/4092
f 4189/4189/4189 4188/4188/4188 4187/4187/4187
f 4189/4189/4189 4187/4187/4187 4190/4190/4190
f 4189/4189/4189 4190/4190/4190 4191/4191/4191
f 4189/4189/4189 4191/4191/4191 4192/4192/4192
f 4189/4189/4189 4192/4192/4192 4193/4193/4193
f 4189/4189/4189 4193/4193/4193 4194/4194/4194
f 4189/4189/4189 4194/4194/4194 4195/4195/4195
f 4189/4189/4189 4195/4195/4195 4196/4196/4196
f 4189/4189/4189 4196/4196/4196 4197/4197/4197
f 4189/4189/4189 4197/4197/4197 4198/4198/4198
f 4189/4189/4189 4198/4198/4198 4199/4199/4199
f 4189/4189/4189 4199/4199/4199 4200/4200/4200
f 4189/4189/4189 4200/4200/4200 4201/4201/4201
f 4189/4189/4189 4201/4201/4201 4202/4202/4202
f 4189/4189/4189 4202/4202/4202 4203/4203/4203
f 4189/4189/4189 4203/4203/4203 4204/4204/4204
f 4189/4189/4189 4204/4204/4204 4205/4205/4205
f 4189/4189/4189 4205/4205/4205 4206/4206/4206
f 4189/4189/4189 4206/4206/4206 4207/4207/4207
f 4189/4189/4189 4207/4207/4207 4208/4208/4208
f 4189/4189/4189 4208/4208/4208 4209/4209/4209
f 4189/4189/4189 4209/4209/4209 4210/4210/4210
f 4189/4189/4189 4210/4210/4210 4211/4211/4211
f 4189/4189/4189 4211/4211/4211 4212/4212/4212
f 4189/4189/4189 4212/4212/4212 4213/4213/4213
f 4189/4189/4189 4213/4213/4213 4214/4214/4214
f 4189/4189/4189 4214/4214/4214 4215/4215/4215
f 4189/4189/4189 4215/4215/4215 4216/4216/4216
f 4189/4189/4189 4216/4216/4216 4217/4217/4217
f 4189/4189/4189 4217/4217/4217 4218/4218/4218
f 4189/4189/4189 4218/4218/4218 4219/4219/4219
f 4189/4189/4189 4219/4219/4219 4220/4220/4220
f 4189/4189/4189 4220/4220/4220 4221/4221/4221
f 4189/4189/4189 4221/4221/4221 4222/4222/4222
f 4189/4189/4189 4222/4222/4222 4223/4223/4223
f 4189/4189/4189 4223/4223/4223 4224/4224/4224
f 4189/4189/4189 4224/4224/4224 4225/4225/4225
f 4189/4189/4189 4225/4225/4225 4226/4226/4226
f 4189/4189/4189 4226/4226/4226 4227/4227/4227
f 4189/4189/4189 4227/4227/4227 4228/4228/4228
f 4189/4189/4189 4228/4228/4228 4229/4229/4229
f 4189/4189/4189 4229/4229/4229 4230/4230/4230
f 4189/4189/4189 4230/4230/4230 4231/4231/4231
f 4189/4189/4189 4231/4231/4231 4232/4232/4232
f 4189/4189/4189 4232/4232/4232 4233/4233/4233
f 4189/4189/4189 4233/4233/4233 4234/4234/4234
f 4189/4189/4189 4234/4234/4234 4235/4235/4235
f 4189/4189/4189 4235/4235/4235 4188/4188/4188
f 4236/4236/4236 4237/4237/4237 4238/4238/4238
f 4238/4238/4238 4239/4239/4239 4236/4236/4236
f 4240/4240/4240 4236/4236/4236 4239/4239/4239
f 4239/4239/4239 4241/4241/4241 4240/4240/4240
f 4242/4242/4242 4240/4240/4240 4241/4241/4241
f 4241/4241/4241 4243/4243/4243 4242/4242/4242
f 4244/4244/4244 4242/4242/4242 4243/4243/4243
f 4243/4243/4243 4245/4245/4245 4244/4244/4244
f 4246/4246/4246 4244/4244/4244 4245/4245/4245
f 4245/4245/4245 4247/4247/4247 4246/4246/4246
f 4248/4248/4248 4246/4246/4246 4247/4247/4247
f 4247/4247/4247 4249/4249/4249 4248/4248/4248
f 4250/4250/4250 4248/4248/4248 4249/4249/4249
f 4249/4249/4249 4251/4251/4251 4250/4250/4250
f 4252/4252/4252 4250/4250/4250 4251/4251/4251
f 4251/4251/4251 4253/4253/4253 4252/4252/4252
f 4254/4254/4254 4252/4252/4252 4253/4253/4253
f 4253/4253/4253 4255/4255/4255 4254/4254/4254
f 4256/4256/4256 4254/4254/4254 4255/4255/4255
f 4255/4255/4255 4257/4257/4257 4256/4256/4256
f 4258/4258/4258 4256/4256/4256 4257/4257/4257
f 4257/4257/4257 4259/4259/4259 4258/4258/4258
f 4260/4260/4260 4258/4258/4258 4259/4259/4259
f 4259/4259/4259 4261/4261/4261 4260/4260/4260
f 4262/4262/4262 4260/4260/4260 4261/4261/4261
f 4261/4261/4261 4263/4263/4263 4262/4262/4262
f 4264/4264/4264 4262/4262/4262 4263/4263/4263
f 4263/4263/4263 4265/4265/4265 4264/4264/4264
f 4266/4266/4266 4264/4264/4264 4265/4265/4265
f 4265/4265/4265 4267/4267/4267 4266/4266/4266
f 4268/4268/4268 4266/4266/4266 4267/4267/4267
f 4267/4267/4267 4269/4269/4269 4268/4268/4268
f 4270/4270/4270 4268/4268/4268 4269/4269/4269
f 4269/4269/4269 4271/4271/4271 4270/4270/4270
f 4272/4272/4272 4270/4270/4270 4271/4271/4271
f 4271/4271/4271 4273/4273/4273 4272/4272/4272
f 4274/4274/4274 4272/4272/4272 4273/4273/4273
f 4273/4273/4273 4275/4275/4275 4274/4274/4274
f 4276/4276/4276 4274/4274/4274 4275/4275/4275
f 4275/4275/4275 4277/4277/4277 4276/4276/4276
f 4278/4278/4278 4276/4276/4276 4277/4277/4277
f 4277/4277/4277 4279/4279/4279 4278/4278/4278
f 4280/4280/4280 4278/4278/4278 4279/4279/4279
f 4279/4279/4279 4281/4281/4281 4280/4280/4280
f 4282/4282/4282 4280/4280/4280 4281/4281/4281
f 4281/4281/4281 4283/4283/4283 4282/4282/4282
f 4284/4284/4284 4282/4282/4282 4283/4283/4283
f 4283/4283/4283 4285/4285/4285 4284/4284/4284
f 4286/4286/4286 4284/4284/4284 4285/4285/4285
f 4285/4285/4285 4287/4287/4287 4286/4286/4286
f 4288/4288/4288 4286/4286/4286 4287/4287/4287
f 4287/4287/4287 4289/4289/4289 4288/4288/4288
f 4290/4290/4290 4288/4288/4288 4289/4289/4289
f 4289/4289/4289 4291/4291/4291 4290/4290/4290
f 4292/4292/4292 4290/4290/4290 4291/4291/4291
f 4291/4291/4291 4293/4293/4293 4292/4292/4292
f 4294/4294/4294 4292/4292/4292 4293/4293/4293
f 4293/4293/4293 4295/4295/4295 4294/4294/4294
f 4296/4296/4296 4294/4294/4294 4295/4295/4295
f 4295/4295/4295 4297/4297/4297 4296/4296/4296
f 4298/4298/4298 4296/4296/4296 4297/4297/4297
f 4297/4297/4297 4299/4299/4299 4298/4298/4298
f 4300/4300/4300 4298/4298/4298 4299/4299/4299
f 4299/4299/4299 4301/4301/4301 4300/4300/4300
f 4302/4302/4302 4300/4300/4300 4301/4301/4301
f 4301/4301/4301 4303/4303/4303 4302/4302/4302
f 4304/4304/4304 4302/4302/4302 4303/4303/4303
f 4303/4303/4303 4305/4305/4305 4304/4304/4304
f 4306/4306/4306 4304/4304/4304 4305/4305/4305
f 4305/4305/4305 4307/4307/4307 4306/4306/4306
f 4308/4308/4308 4306/4306/4306 4307/4307/4307
f 4307/4307/4307 4309/4309/4309 4308/4308/4308
f 4310/4310/4310 4308/4308/4308 4309/4309/4309
f 4309/4309/4309 4311/4311/4311 4310/4310/4310
f 4312/4312/4312 4310/4310/4310 4311/4311/4311
f 4311/4311/4311 4313/4313/4313 4312/4312/4312
f 4314/4314/4314 4312/4312/4312 4313/4313/4313
f 4313/4313/4313 4315/4315/4315 4314/4314/4314
f 4316/4316/4316 4314/4314/4314 4315/4315/4315
f 4315/4315/4315 4317/4317/4317 4316/4316/4316
f 4318/4318/4318 4316/4316/4316 4317/4317/4317
f 4317/4317/4317 4319/4319/4319 4318/4318/4318
f 4320/4320/4320 4318/4318/4318 4319/4319/4319
f 4319/4319/4319 4321/4321/4321 4320/4320/4320
f 4322/4322/4322 4320/4320/4320 4321/4321/4321
f 4321/4321/4321 4323/4323/4323 4322/4322/4322
f 4324/4324/4324 4322/4322/4322 4323/4323/4323
f 4323/4323/4323 4325/4325/4325 4324/4324/4324
f 4326/4326/4326 4324/4324/4324 4325/4325/4325
f 4325/4325/4325 4327/4327/4327 4326/4326/4326
f 4328/4328/4328 4326/4326/4326 4327/4327/4327
f 4327/4327/4327 4329/4329/4329 4328/4328/4328
f 4330/4330/4330 4328/4328/4328 4329/4329/4329
f 4329/4329/4329 4331/4331/4331 4330/4330/4330
f 4237/4237/4237 4330/4330/4330 4331/4331/4331
f 4331/4331/4331 4238/4238/4238 4237/4237/4237
f 4334/4334/4334 4333/4333/4333 4332/4332/4332
f 4334/4334/4334 4332/4332/4332 4335/4335/4335
f 4334/4334/4334 4335/4335/4335 4336/4336/4336
f 4334/4334/4334 4336/4336/4336 4337/4337/4337
f 4334/4334/4334 4337/4337/4337 4338/4338/4338
f 4334/4334/4334 4338/4338/4338 4339/4339/4339
f 4334/4334/4334 4339/4339/4339 4340/4340/4340
f 4334/4334/4334 4340/4340/4340 4341/4341/4341
f 4334/4334/4334 4341/4341/4341 4342/4342/4342
f 4334/4334/4334 4342/4342/4342 4343/4343/4343
f 4334/4334/4334 4343/4343/4343 4344/4344/4344
f 4334/4334/4334 4344/4344/4344 4345/4345/4345
f 4334/4334/4334 4345/4345/4345 4346/4346/4346
f 4334/4334/4334 4346/4346/4346 4347/4347/4347
f 4334/4334/4334 4347/4347/4347 4348/4348/4348
f 4334/4334/4334 4348/4348/4348 4349/4349/4349
f 4334/4334/4334 4349/4349/4349 4350/4350/4350
f 4334/4334/4334 4350/4350/4350 4351/4351/4351
f 4334/4334/4334 4351/4351/4351 4352/4352/4352
f 4334/4334/4334 4352/4352/4352 4353/4353/4353
f 4334/4334/4334 4353/4353/4353 4354/4354/4354
f 4334/4334/4334 4354/4354/4354 4355/4355/4355
f 4334/4334/4334 4355/4355/4355 4356/4356/4356
f 4334/4334/4334 4356/4356/4356 4357/4357/4357
f 4334/4334/4334 4357/4357/4357 4358/4358/4358
f 4334/4334/4334 4358/4358/4358 4359/4359/4359
f 4334/4334/4334 4359/4359/4359 4360/4360/4360
f 4334/4334/4334 4360/4360/4360 4361/4361/4361
f 4334/4334/4334 4361/4361/4361 4362/4362/4362
f 4334/4334/4334 4362/4362/4362 4363/4363/4363
f 4334/4334/4334 4363/4363/4363 4364/4364/4364
f 4334/4334/4334 4364/4364/4364 4365/4365/4365
f 4334/4334/4334 4365/4365/4365 4366/4366/4366
f 4334/4334/4334 4366/4366/4366 4367/4367/4367
f 4334/4334/4334 4367/4367/4367 4368/4368/4368
f 4334/4334/4334 4368/4368/4368 4369/4369/4369
f 4334/4334/4334 4369/4369/4369 4370/4370/4370
f 4334/4334/4334 4370/4370/4370 4371/4371/4371
f 4334/4334/4334 4371/4371/4371 4372/4372/4372
f 4334/4334/4334 4372/4372/4372 4373/4373/4373
f 4334/4334/4334 4373/4373/4373 4374/4374/4374
f 4334/4334/4334 4374/4374/4374 4375/4375/4375
f 4334/4334/4334 4375/4375/4375 4376/4376/4376
f 4334/4334/4334 4376/4376/4376 4377/4377/4377
f 4334/4334/4334 4377/4377/4377 4378/4378/4378
f 4334/4334/4334 4378/4378/4378 4379/4379/4379
f 4334/4334/4334 4379/4379/4379 4380/4380/4380
f 4334/4334/4334 4380/4380/4380 4333/4333/4333
f 4381/4381/4381 4382/4382/4382 4383/4383/4383
f 4383/4383/4383 4384/4384/4384 4381/4381/4381
f 4385/4385/4385 4381/4381/4381 4384/4384/4384
f 4384/4384/4384 4386/4386/4386 4385/4385/4385
f 4387/4387/4387 4385/4385/4385 4386/4386/4386
f 4386/4386/4386 4388/4388/4388 4387/4387/4387
f 4389/4389/4389 4387/4387/4387 4388/4388/4388
f 4388/4388/4388 4390/4390/4390 4389/4389/4389
f 4391/4391/4391 4389/4389/4389 4390/4390/4390
f 4390/4390/4390 4392/4392/4392 4391/4391/4391
f 4393/4393/4393 4391/4391/4391 4392/4392/4392
f 4392/4392/4392 4394/4394/4394 4393/4393/4393
f 4395/4395/4395 4393/4393/4393 4394/4394/4394
f 4394/4394/4394 4396/4396/4396 4395/4395/4395
f 4397/4397/4397 4395/4395/4395 4396/4396/4396
f 4396/4396/4396 4398/4398/4398 4397/4397/4397
f 4399/4399/4399 4397/4397/4397 4398/4398/4398
f 4398/4398/4398 4400/4400/4400 4399/4399/4399
f 4401/4401/4401 4399/4399/4399 4400/4400/4400
f 4400/4400/4400 4402/4402/4402 4401/4401/4401
f 4403/4403/4403 4401/4401/4401 4402/4402/4402
f 4402/4402/4402 4404/4404/4404 4403/4403/4403
f 4405/4405/4405 4403/4403/4403 4404/4404/4404
f 4404/4404/4404 4406/4406/4406 4405/4405/4405
f 4407/4407/4407 4405/4405/4405 4406/4406/4406
f 4406/4406/4406 4408/4408/4408 4407/4407/4407
f 4409/4409/4409 4407/4407/4407 4408/4408/4408
f 4408/4408/4408 4410/4410/4410 4409/4409/4409
f 4411/4411/4411 4409/4409/4409 4410/4410/4410
f 4410/4410/4410 4412/4412/4412 4411/4411/4411
f 4413/4413/4413 4411/4411/4411 4412/4412/4412
f 4412/4412/4412 4414/4414/4414 4413/4413/4413
f 4415/4415/4415 4413/4413/4413 4414/4414/4414
f 4414/4414/4414 4416/4416/4416 4415/4415/4415
f 4417/4417/4417 4415/4415/4415 4416/4416/4416
f 4416/4416/4416 4418/4418/4418 4417/4417/4417
f 4419/4419/4419 4417/4417/4417 4418/4418/4418
f 4418/4418/4418 4420/4420/4420 4419/4419/4419
f 4421/4421/4421 4419/4419/4419 4420/4420/4420
f 4420/4420/4420 4422/4422/4422 4421/4421/4421
f 4423/4423/4423 4421/4421/4421 4422/4422/4422
f 4422/4422/4422 4424/4424/4424 4423/4423/4423
f 4425/4425/4425 4423/4423/4423 4424/4424/4424
f 4424/4424/4424 4426/4426/4426 4425/4425/4425
f 4427/4427/4427 4425/4425/4425 4426/4426/4426
f 4426/4426/4426 4428/4428/4428 4427/4427/4427
f 4429/4429/4429 4427/4427/4427 4428/4428/4428
f 4428/4428/4428 4430/4430/4430 4429/4429/4429
f 4431/4431/4431 4429/4429/4429 4430/4430/4430
f 4430/4430/4430 4432/4432/4432 4431/4431/4431
f 4433/4433/4433 4431/4431/4431 4432/4432/4432
f 4432/4432/4432 4434/4434/4434 4433/4433/4433
f 4435/4435/4435 4433/4433/4433 4434/4434/4434
f 4434/4434/4434 4436/4436/4436 4435/4435/4435
f 4437/4437/4437 4435/4435/4435 4436/4436/4436
f 4436/4436/4436 4438/4438/4438 4437/4437/4437
f 4439/4439/4439 4437/4437/4437 4438/4438/4438
f 4438/4438/4438 4440/4440/4440 4439/4439/4439
f 4441/4441/4441 4439/4439/4439 4440/4440/4440
f 4440/4440/4440 4442/4442/4442 4441/4441/4441
f 4443/4443/4443 4441/4441/4441 4442/4442/4442
f 4442/4442/4442 4444/4444/4444 4443/4443/4443
f 4445/4445/4445 4443/4443/4443 4444/4444/4444
f 4444/4444/4444 4446/4446/4446 4445/4445/4445
f 4447/4447/4447 4445/4445/4445 4446/4446/4446
f 4446/4446/4446 4448/4448/4448 4447/4447/4447
f 4449/4449/4449 4447/4447/4447 4448/4448/4448
f 4448/4448/4448 4450/4450/4450 4449/4449/4449
f 4451/4451/4451 4449/4449/4449 4450/4450/4450
f 4450/4450/4450 4452/4452/4452 4451/4451/4451
f 4453/4453/4453 4451/4451/4451 4452/4452/4452
f 4452/4452/4452 4454/4454/4454 4453/4453/4453
f 4455/4455/4455 4453/4453/4453 4454/4454/4454
f 4454/4454/4454 4456/4456/4456 4455/4455/4455
f 4457/4457/4457 4455/4455/4455 4456/4456/4456
f 4456/4456/4456 4458/4458/4458 4457/4457/4457
f 4459/4459/4459 4457/4457/4457 4458/4458/4458
f 4458/4458/4458 4460/4460/4460 4459/4459/4459
f 4461/4461/4461 4459/4459/4459 4460/4460/4460
f 4460/4460/4460 4462/4462/4462 4461/4461/4461
f 4463/4463/4463 4461/4461/4461 4462/4462/4462
f 4462/4462/4462 4464/4464/4464 4463/4463/4463
f 4465/4465/4465 4463/4463/4463 4464/4464/4464
f 4464/4464/4464 4466/4466/4466 4465/4465/4465
f 4467/4467/4467 4465/4465/4465 4466/4466/4466
f 4466/4466/4466 4468/4468/4468 4467/4467/4467
f 4469/4469/4469 4467/4467/4467 4468/4468/4468
f 4468/4468/4468 4470/4470/4470 4469/4469/4469
f 4471/4471/4471 4469/4469/4469 4470/4470/4470
f 4470/4470/4470 4472/4472/4472 4471/4471/4471
f 4473/4473/4473 4471/4471/4471 4472/4472/4472
f 4472/4472/4472 4474/4474/4474 4473/4473/4473
f 4475/4475/4475 4473/4473/4473 4474/4474/4474
f 4474/4474/4474 4476/4476/4476 4475/4475/4475
f 4382/4382/4382 4475/4475/4475 4476/4476/4476
f 4476/4476/4476 4383/4383/4383 4382/4382/4382
f 4479/4479/4479 4478/4478/4478 4477/4477/4477
f 4479/4479/4479 4477/4477/4477 4480/4480/4480
f 4479/4479/4479 4480/4480/4480 4481/4481/4481
f 4479/4479/4479 4481/4481/4481 4482/4482/4482
f 4479/4479/4479 4482/4482/4482 4483/4483/4483
f 4479/4479/4479 4483/4483/4483 4484/4484/4484
f 4479/4479/4479 4484/4484/4484 4485/4485/4485
f 4479/4479/4479 4485/4485/4485 4486/4486/4486
f 4479/4479/4479 4486/4486/4486 4487/4487/4487
f 4479/4479/4479 4487/4487/4487 4488/4488/4488
f 4479/4479/4479 4488/4488/4488 4489/4489/4489
f 4479/4479/4479 4489/4489/4489 4490/4490/4490
f 4479/4479/4479 4490/4490/4490 4491/4491/4491
f 4479/4479/4479 4491/4491/4491 4492/4492/4492
f 4479/4479/4479 4492/4492/4492 4493/4493/4493
f 4479/4479/4479 4493/4493/4493 4494/4494/4494
f 4479/4479/4479 4494/4494/4494 4495/4495/4495
f 4479/4479/4479 4495/4495/4495 4496/4496/4496
f 4479/4479/4479 4496/4496/4496 4497/4497/4497
f 4479/4479/4479 4497/4497/4497 4498/4498/4498
f 4479/4479/4479 4498/4498/4498 4499/4499/4499
f 4479/4479/4479 4499/4499/4499 4500/4500/4500
f 4479/4479/4479 4500/4500/4500 4501/4501/4501
f 4479/4479/4479 4501/4501/4501 4502/4502/4502
f 4479/4479/4479 4502/4502/4502 4503/4503/4503
f 4479/4479/4479 4503/4503/4503 4504/4504/4504
f 4479/4479/4479 4504/4504/4504 4505/4505/4505
f 4479/4479/4479 4505/4505/4505 4506/4506/4506
f 4479/4479/4479 4506/4506/4506 4507/4507/4507
f 4479/4479/4479 4507/4507/4507 4508/4508/4508
f 4479/4479/4479 4508/4508/4508 4509/4509/4509
f 4479/4479/4479 4509/4509/4509 4510/4510/4510
f 4479/4479/4479 4510/4510/4510 4511/4511/4511
f 4479/4479/4479 4511/4511/4511 4512/4512/4512
f 4479/4479/4479 4512/4512/4512 4513/4513/4513
f 4479/4479/4479 4513/4513/4513 4514/4514/4514
f 4479/4479/4479 4514/4514/4514 4515/4515/4515
f 4479/4479/4479 4515/4515/4515 4516/4516/4516
f 4479/4479/4479 4516/4516/4516 4517/4517/4517
f 4479/4479/4479 4517/4517/4517 4518/4518/4518
f 4479/4479/4479 4518/4518/4518 4519/4519/4519
f 4479/4479/4479 4519/4519/4519 4520/4520/4520
f 4479/4479/4479 4520/4520/4520 4521/4521/4521
f 4479/4479/4479 4521/4521/4521 4522/4522/4522
f 4479/4479/4479 4522/4522/4522 4523/4523/4523
f 4479/4479/4479 4523/4523/4523 4524/4524/4524
f 4479/4479/4479 4524/4524/4524 4525/4525/4525
f 4479/4479/4479 4525/4525/4525 4478/4478/4478
f 4526/4526/4526 4527/4527/4527 4528/4528/4528
f 4528/4528/4528 4529/4529/4529 4526/4526/4526
f 4530/4530/4530 4526/4526/4526 4529/4529/4529
f 4529/4529/4529 4531/4531/4531 4530/4530/4530
f 4532/4532/4532 4530/4530/4530 4531/4531/4531
f 4531/4531/4531 4533/4533/4533 4532/4532/4532
f 4534/4534/4534 4532/4532/4532 4533/4533/4533
f 4533/4533/4533 4535/4535/4535 4534/4534/4534
f 4536/4536/4536 4534/4534/4534 4535/4535/4535
f 4535/4535/4535 4537/4537/4537 4536/4536/4536
f 4538/4538/4538 4536/4536/4536 4537/4537/4537
f 4537/4537/4537 4539/4539/4539 4538/4538/4538
f 4540/4540/4540 4538/4538/4538 4539/4539/4539
f 4539/4539/4539 4541/4541/4541 4540/4540/4540
f 4542/4542/4542 4540/4540/4540 4541/4541/4541
f 4541/4541/4541 4543/4543/4543 4542/4542/4542
f 4544/4544/4544 4542/4542/4542 4543/4543/4543
f 4543/4543/4543 4545/4545/4545 4544/4544/4544
f 4546/4546/4546 4544/4544/4544 4545/4545/4545
f 4545/4545/4545 4547/4547/4547 4546/4546/4546
f 4548/4548/4548 4546/4546/4546 4547/4547/4547
f 4547/4547/4547 4549/4549/4549 4548/4548/4548
f 4550/4550/4550 4548/4548/4548 4549/4549/4549
f 4549/4549/4549 4551/4551/4551 4550/4550/4550
f 4552/4552/4552 4550/4550/4550 4551/4551/4551
f 4551/4551/4551 4553/4553/4553 4552/4552/4552
f 4554/4554/4554 4552/4552/4552 4553/4553/4553
f 4553/4553/4553 4555/4555/4555 4554/4554/4554
f 4556/4556/4556 4554/4554/4554 4555/4555/4555
f 4555/4555/4555 4557/4557/4557 4556/4556/4556
f 4558/4558/4558 4556/4556/4556 4557/4557/4557
f 4557/4557/4557 4559/4559/4559 4558/4558/4558
f 4560/4560/4560 4558/4558/4558 4559/4559/4559
f 4559/4559/4559 4561/4561/4561 4560/4560/4560
f 4562/4562/4562 4560/4560/4560 4561/4561/4561
f 4561/4561/4561 4563/4563/4563 4562/4562/4562
f 4564/4564/4564 4562/4562/4562 4563/4563/4563
f 4563/4563/4563 4565/4565/4565 4564/4564/4564
f 4566/4566/4566 4564/4564/4564 4565/4565/4565
f 4565/4565/4565 4567/4567/4567 4566/4566/4566
f 4568/4568/4568 4566/4566/4566 4567/4567/4567
f 4567/4567/4567 4569/4569/4569 4568/4568/4568
f 4570/4570/4570 4568/4568/4568 4569/4569/4569
f 4569/4569/4569 4571/4571/4571 4570/4570/4570
f 4572/4572/4572 4570/4570/4570 4571/4571/4571
f 4571/4571/4571 4573/4573/4573 4572/4572/4572
f 4574/4574/4574 4572/4572/4572 4573/4573/4573
f 4573/4573/4573 4575/4575/4575 4574/4574/4574
f 4576/4576/4576 4574/4574/4574 4575/4575/4575
f 4575/4575/4575 4577/4577/4577 4576/4576/4576
f 4578/4578/4578 4576/4576/4576 4577/4577/4577
f 4577/4577/4577 4579/4579/4579 4578/4578/4578
f 4580/4580/4580 4578/4578/4578 4579/4579/4579
f 4579/4579/4579 4581/4581/4581 4580/4580/4580
f 4582/4582/4582 4580/4580/4580 4581/4581/4581
f 4581/4581/4581 4583/4583/4583 4582/4582/4582
f 4584/4584/4584 4582/4582/4582 4583/4583/4583
f 4583/4583/4583 4585/4585/4585 4584/4584/4584
f 4586/4586/4586 4584/4584/4584 4585/4585/4585
f 4585/4585/4585 4587/4587/4587 4586/4586/4586
f 4588/4588/4588 4586/4586/4586 4587/4587/4587
f 4587/4587/4587 4589/4589/4589 4588/4588/4588
f 4590/4590/4590 4588/4588/4588 4589/4589/4589
f 4589/4589/4589 4591/4591/4591 4590/4590/4590
f 4592/4592/4592 4590/4590/4590 4591/4591/4591
f 4591/4591/4591 4593/4593/4593 4592/4592/4592
f 4594/4594/4594 4592/4592/4592 4593/4593/4593
f 4593/4593/4593 4595/4595/4595 4594/4594/4594
f 4596/4596/4596 4594/4594/4594 4595/4595/4595
f 4595/4595/4595 4597/4597/4597 4596/4596/4596
f 4598/4598/4598 4596/4596/4596 4597/4597/4597
f 4597/4597/4597 4599/4599/4599 4598/4598/4598
f 4600/4600/4600 4598/4598/4598 4599/4599/4599
f 4599/4599/4599 4601/4601/4601 4600/4600/4600
f 4602/4602/4602 4600/4600/4600 4601/4601/4601
f 4601/4601/4601 4603/4603/4603 4602/4602/4602
f 4604/4604/4604 4602/4602/4602 4603/4603/4603
f 4603/4603/4603 4605/4605/4605 4604/4604/4604
f 4606/4606/4606 4604/4604/4604 4605/4605/4605
f 4605/4605/4605 4607/4607/4607 4606/4606/4606
f 4608/4608/4608 4606/4606/4606 4607/4607/4607
f 4607/4607/4607 4609/4609/4609 4608/4608/4608
f 4610/4610/4610 4608/4608/4608 4609/4609/4609
f 4609/4609/4609 4611/4611/4611 4610/4610/4610
f 4612/4612/4612 4610/4610/4610 4611/4611/4611
f 4611/4611/4611 4613/4613/4613 4612/4612/4612
f 4614/4614/4614 4612/4612/4612 4613/4613/4613
f 4613/4613/4613 4615/4615/4615 4614/4614/4614
f 4616/4616/4616 4614/4614/4614 4615/4615/4615
f 4615/4615/4615 4617/4617/4617 4616/4616/4616
f 4618/4618/4618 4616/4616/4616 4617/4617/4617
f 4617/4617/4617 4619/4619/4619 4618/4618/4618
f 4620/4620/4620 4618/4618/4618 4619/4619/4619
f 4619/4619/4619 4621/4621/4621 4620/4620/4620
f 4527/4527/4527 4620/4620/4620 4621/4621/4621
f 4621/4621/4621 4528/4528/4528 4527/4527/4527
f 4624/4624/4624 4623/4623/4623 4622/4622/4622
f 4624/4624/4624 4622/4622/4622 4625/4625/4625
f 4624/4624/4624 4625/4625/4625 4626/4626/4626
f 4624/4624/4624 4626/4626/4626 4627/4627/4627
f 4624/4624/4624 4627/4627/4627 4628/4628/4628
f 4624/4624/4624 4628/4628/4628 4629/4629/4629
f 4624/4624/4624 4629/4629/4629 4630/4630/4630
f 4624/4624/4624 4630/4630/4630 4631/4631/4631
f 4624/4624/4624 4631/4631/4631 4632/4632/4632
f 4624/4624/4624 4632/4632/4632 4633/4633/4633
f 4624/4624/4624 4633/4633/4633 4634/4634/4634
f 4624/4624/4624 4634/4634/4634 4635/4635/4635
f 4624/4624/4624 4635/4635/4635 4636/4636/4636
f 4624/4624/4624 4636/4636/4636 4637/4637/4637
f 4624/4624/4624 4637/4637/4637 4638/4638/4638
f 4624/4624/4624 4638/4638/4638 4639/4639/4639
f 4624/4624/4624 4639/4639/4639 4640/4640/4640
f 4624/4624/4624 4640/4640/4640 4641/4641/4641
f 4624/4624/4624 4641/4641/4641 4642/4642/4642
f 4624/4624/4624 4642/4642/4642 4643/4643/4643
f 4624/4624/4624 4643/4643/4643 4644/4644/4644
f 4624/4624/4624 4644/4644/4644 4645/4645/4645
f 4624/4624/4624 4645/4645/4645 4646/4646/4646
f 4624/4624/4624 4646/4646/4646 4647/4647/4647
f 4624/4624/4624 4647/4647/4647 4648/4648/4648
f 4624/4624/4624 4648/4648/4648 4649/4649/4649
f 4624/4624/4624 4649/4649/4649 4650/4650/4650
f 4624/4624/4624 4650/4650/4650 4651/4651/4651
f 4624/4624/4624 4651/4651/4651 4652/4652/4652
f 4624/4624/4624 4652/4652/4652 4653/4653/4653
f 4624/4624/4624 4653/4653/4653 4654/4654/4654
f 4624/4624/4624 4654/4654/4654 4655/4655/4655
f 4624/4624/4624 4655/4655/4655 4656/4656/4656
f 4624/4624/4624 4656/4656/4656 4657/4657/4657
f 4624/4624/4624 4657/4657/4657 4658/4658/4658
f 4624/4624/4624 4658/4658/4658 4659/4659/4659
f 4624/4624/4624 4659/4659/4659 4660/4660/4660
f 4624/4624/4624 4660/4660/4660 4661/4661/4661
f 4624/4624/4624 4661/4661/4661 4662/4662/4662
f 4624/4624/4624 4662/4662/4662 4663/4663/4663
f 4624/4624/4624 4663/4663/4663 4664/4664/4664
f 4624/4624/4624 4664/4664/4664 4665/4665/4665
f 4624/4624/4624 4665/4665/4665 4666/4666/4666
f 4624/4624/4624 4666/4666/4666 4667/4667/4667
f 4624/4624/4624 4667/4667/4667 4668/4668/4668
f 4624/4624/4624 4668/4668/4668 4669/4669/4669
f 4624/4624/4624 4669/4669/4669 4670/4670/4670
f 4624/4624/4624 4670/4670/4670 4623/4623/4623
f 4671/4671/4671 4672/4672/4672 4673/4673/4673
f 4673/4673/4673 4674/4674/4674 4671/4671/4671
f 4675/4675/4675 4671/4671/4671 4674/4674/4674
f 4674/4674/4674 4676/4676/4676 4675/4675/4675
f 4677/4677/4677 4675/4675/4675 4676/4676/4676
f 4676/4676/4676 4678/4678/4678 4677/4677/4677
f 4679/4679/4679 4677/4677/4677 4678/4678/4678
f 4678/4678/4678 4680/4680/4680 4679/4679/4679
f 4681/4681/4681 4679/4679/4679 4680/4680/4680
f 4680/4680/4680 4682/4682/4682 4681/4681/4681
f 4683/4683/4683 4681/4681/4681 4682/4682/4682
f 4682/4682/4682 4684/4684/4684 4683/4683/4683
f 4685/4685/4685 4683/4683/4683 4684/4684/4684
f 4684/4684/4684 4686/4686/4686 4685/4685/4685
f 4687/4687/4687 4685/4685/4685 4686/4686/4686
f 4686/4686/4686 4688/4688/4688 4687/4687/4687
f 4689/4689/4689 4687/4687/4687 4688/4688/4688
f 4688/4688/4688 4690/4690/4690 4689/4689/4689
f 4691/4691/4691 4689/4689/4689 4690/4690/4690
f 4690/4690/4690 4692/4692/4692 4691/4691/4691
f 4693/4693/4693 4691/4691/4691 4692/4692/4692
f 4692/4692/4692 4694/4694/4694 4693/4693/4693
f 4695/4695/4695 4693/4693/4693 4694/4694/4694
f 4694/4694/4694 4696/4696/4696 4695/4695/4695
f 4697/4697/4697 4695/4695/4695 4696/4696/4696
f 4696/4696/4696 4698/4698/4698 4697/4697/4697
f 4699/4699/4699 4697/4697/4697 4698/4698/4698
f 4698/4698/4698 4700/4700/4700 4699/4699/4699
f 4701/4701/4701 4699/4699/4699 4700/4700/4700
f 4700/4700/4700 4702/4702/4702 4701/4701/4701
f 4703/4703/4703 4701/4701/4701 4702/4702/4702
f 4702/4702/4702 4704/4704/4704 4703/4703/4703
f 4705/4705/4705 4703/4703/4703 4704/4704/4704
f 4704/4704/4704 4706/4706/4706 4705/4705/4705
f 4707/4707/4707 4705/4705/4705 4706/4706/4706
f 4706/4706/4706 4708/4708/4708 4707/4707/4707
f 4709/4709/4709 4707/4707/4707 4708/4708/4708
f 4708/4708/4708 4710/4710/4710 4709/4709/4709
f 4711/4711/4711 4709/4709/4709 4710/4710/4710
f 4710/4710/4710 4712/4712/4712 4711/4711/4711
f 4713/4713/4713 4711/4711/4711 4712/4712/4712
f 4712/4712/4712 4714/4714/4714 4713/4713/4713
f 4715/4715/4715 4713/4713/4713 4714/4714/4714
f 4714/4714/4714 4716/4716/4716 4715/4715/4715
f 4717/4717/4717 4715/4715/4715 4716/4716/4716
f 4716/4716/4716 4718/4718/4718 4717/4717/4717
f 4719/4719/4719 4717/4717/4717 4718/4718/4718
f 4718/4718/4718 4720/4720/4720 4719/4719/4719
f 4721/4721/4721 4719/4719/4719 4720/4720/4720
f 4720/4720/4720 4722/4722/4722 4721/4721/4721
f 4723/4723/4723 4721/4721/4721 4722/4722/4722
f 4722/4722/4722 4724/4724/4724 4723/4723/4723
f 4725/4725/4725 4723/4723/4723 4724/4724/4724
f 4724/4724/4724 4726/4726/4726 4725/4725/4725
f 4727/4727/4727 4725/4725/4725 4726/4726/4726
f 4726/4726/4726 4728/4728/4728 4727/4727/4727
f 4729/4729/4729 4727/4727/4727 4728/4728/4728
f 4728/4728/4728 4730/4730/4730 4729/4729/4729
f 4731/4731/4731 4729/4729/4729 4730/4730/4730
f 4730/4730/4730 4732/4732/4732 4731/4731/4731
f 4733/4733/4733 4731/4731/4731 4732/4732/4732
f 4732/4732/4732 4734/4734/4734 4733/4733/4733
f 4735/4735/4735 4733/4733/4733 4734/4734/4734
f 4734/4734/4734 4736/4736/4736 4735/4735/4735
f 4737/4737/4737 4735/4735/4735 4736/4736/4736
f 4736/4736/4736 4738/4738/4738 4737/4737/4737
f 4739/4739/4739 4737/4737/4737 4738/4738/4738
f 4738/4738/4738 4740/4740/4740 4739/4739/4739
f 4741/4741/4741 4739/4739/4739 4740/4740/4740
f 4740/4740/4740 4742/4742/4742 4741/4741/4741
f 4743/4743/4743 4741/4741/4741 4742/4742/4742
f 4742/4742/4742 4744/4744/4744 4743/4743/4743
f 4745/4745/4745 4743/4743/4743 4744/4744/4744
f 4744/4744/4744 4746/4746/4746 4745/4745/4745
f 4747/4747/4747 4745/4745/4745 4746/4746/4746
f 4746/4746/4746 4748/4748/4748 4747/4747/4747
f 4749/4749/4749 4747/4747/4747 4748/4748/4748
f 4748/4748/4748 4750/4750/4750 4749/4749/4749
f 4751/4751/4751 4749/4749/4749 4750/4750/4750
f 4750/4750/4750 4752/4752/4752 4751/4751/4751
f 4753/4753/4753 4751/4751/4751 4752/4752/4752
f 4752/4752/4752 4754/4754/4754 4753/4753/4753
f 4755/4755/4755 4753/4753/4753 4754/4754/4754
f 4754/4754/4754 4756/4756/4756 4755/4755/4755
f 4757/4757/4757 4755/4755/4755 4756/4756/4756
f 4756/4756/4756 4758/4758/4758 4757/4757/4757
f 4759/4759/4759 4757/4757/4757 4758/4758/4758
f 4758/4758/4758 4760/4760/4760 4759/4759/4759
f 4761/4761/4761 4759/4759/4759 4760/4760/4760
f 4760/4760/4760 4762/4762/4762 4761/4761/4761
f 4763/4763/4763 4761/4761/4761 4762/4762/4762
f 4762/4762/4762 4764/4764/4764 4763/4763/4763
f 4765/4765/4765 4763/4763/4763 4764/4764/4764
f 4764/4764/4764 4766/4766/4766 4765/4765/4765
f 4672/4672/4672 4765/4765/4765 4766/4766/4766
f 4766/4766/4766 4673/4673/4673 4672/4672/4672
f 4769/4769/4769 4768/4768/4768 4767/4767/4767
f 4769/4769/4769 4767/4767/4767 4770/4770/4770
f 4769/4769/4769 4770/4770/4770 4771/4771/4771
f 4769/4769/4769 4771/4771/4771 4772/4772/4772
f 4769/4769/4769 4772/4772/4772 4773/4773/4773
f 4769/4769/4769 4773/4773/4773 4774/4774/4774
f 4769/4769/4769 4774/4774/4774 4775/4775/4775
f 4769/4769/4769 4775/4775/4775 4776/4776/4776
f 4769/4769/4769 4776/4776/4776 4777/4777/4777
f 4769/4769/4769 4777/4777/4777 4778/4778/4778
f 4769/4769/4769 4778/4778/4778 4779/4779/4779
f 4769/4769/4769 4779/4779/4779 4780/4780/4780
f 4769/4769/4769 4780/4780/4780 4781/4781/4781
f 4769/4769/4769 4781/4781/4781 4782/4782/4782
f 4769/4769/4769 4782/4782/4782 4783/4783/4783
f 4769/4769/4769 4783/4783/4783 4784/4784/4784
f 4769/4769/4769 4784/4784/4784 4785/4785/4785
f 4769/4769/4769 4785/4785/4785 4786/4786/4786
f 4769/4769/4769 4786/4786/4786 4787/4787/4787
f 4769/4769/4769 4787/4787/4787 4788/4788/4788
f 4769/4769/4769 4788/4788/4788 4789/4789/4789
f 4769/4769/4769 4789/4789/4789 4790/4790/4790
f 4769/4769/4769 4790/4790/4790 4791/4791/4791
f 4769/4769/4769 4791/4791/4791 4792/4792/4792
f 4769/4769/4769 4792/4792/4792 4793/4793/4793
f 4769/4769/4769 4793/4793/4793 4794/4794/4794
f 4769/4769/4769 4794/4794/4794 4795/4795/4795
f 4769/4769/4769 4795/4795/4795 4796/4796/4796
f 4769/4769/4769 4796/4796/4796 4797/4797/4797
f 4769/4769/4769 4797/4797/4797 4798/4798/4798
f 4769/4769/4769 4798/4798/4798 4799/4799/4799
f 4769/4769/4769 4799/4799/4799 4800/4800/4800
f 4769/4769/4769 4800/4800/4800 4801/4801/4801
f 4769/4769/4769 4801/4801/4801 4802/4802/4802
f 4769/4769/4769 4802/4802/4802 4803/4803/4803
f 4769/4769/4769 4803/4803/4803 4804/4804/4804
f 4769/4769/4769 4804/4804/4804 4805/4805/4805
f 4769/4769/4769 4805/4805/4805 4806/4806/4806
f 4769/4769/4769 4806/4806/4806 4807/4807/4807
f 4769/4769/4769 4807/4807/4807 4808/4808/4808
f 4769/4769/4769 4808/4808/4808 4809/4809/4809
f 4769/4769/4769 4809/4809/4809 4810/4810/4810
f 4769/4769/4769 4810/4810/4810 4811/4811/4811
f 4769/4769/4769 4811/4811/4811 4812/4812/4812
f 4769/4769/4769 4812/4812/4812 4813/4813/4813
f 4769/4769/4769 4813/4813/4813 4814/4814/4814
f 4769/4769/4769 4814/4814/4814 4815/4815/4815
f 4769/4769/4769 4815/4815/4815 4768/4768/4768
f 4816/4816/4816 4817/4817/4817 4818/4818/4818
f 4818/4818/4818 4819/4819/4819 4816/4816/4816
f 4820/4820/4820 4816/4816/4816 4819/4819/4819
f 4819/4819/4819 4821/4821/4821 4820/4820/4820
f 4822/4822/4822 4820/4820/4820 4821/4821/4821
f 4821/4821/4821 4823/4823/4823 4822/4822/4822
f 4824/4824/4824 4822/4822/4822 4823/4823/4823
f 4823/4823/4823 4825/4825/4825 4824/4824/4824
f 4826/4826/4826 4824/4824/4824 4825/4825/4825
f 4825/4825/4825 4827/4827/4827 4826/4826/4826
f 4828/4828/4828 4826/4826/4826 4827/4827/4827
f 4827/4827/4827 4829/4829/4829 4828/4828/4828
f 4830/4830/4830 4828/4828/4828 4829/4829/4829
f 4829/4829/4829 4831/4831/4831 4830/4830/4830
f 4832/4832/4832 4830/4830/4830 4831/4831/4831
f 4831/4831/4831 4833/4833/4833 4832/4832/4832
f 4834/4834/4834 4832/4832/4832 4833/4833/4833
f 4833/4833/4833 4835/4835/4835 4834/4834/4834
f 4836/4836/4836 4834/4834/4834 4835/4835/4835
f 4835/4835/4835 4837/4837/4837 4836/4836/4836
f 4838/4838/4838 4836/4836/4836 4837/4837/4837
f 4837/4837/4837 4839/4839/4839 4838/4838/4838
f 4840/4840/4840 4838/4838/4838 4839/4839/4839
f 4839/4839/4839 4841/4841/4841 4840/4840/4840
f 4842/4842/4842 4840/4840/4840 4841/4841/4841
f 4841/4841/4841 4843/4843/4843 4842/4842/4842
f 4844/4844/4844 4842/4842/4842 4843/4843/4843
f 4843/4843/4843 4845/4845/4845 4844/4844/4844
f 4846/4846/4846 4844/4844/4844 4845/4845/4845
f 4845/4845/4845 4847/4847/4847 4846/4846/4846
f 4848/4848/4848 4846/4846/4846 4847/4847/4847
f 4847/4847/4847 4849/4849/4849 4848/4848/4848
f 4850/4850/4850 4848/4848/4848 4849/4849/4849
f 4849/4849/4849 4851/4851/4851 4850/4850/4850
f 4852/4852/4852 4850/4850/4850 4851/4851/4851
f 4851/4851/4851 4853/4853/4853 4852/4852/4852
f 4854/4854/4854 4852/4852/4852 4853/4853/4853
f 4853/4853/4853 4855/4855/4855 4854/4854/4854
f 4856/4856/4856 4854/4854/4854 4855/4855/4855
f 4855/4855/4855 4857/4857/4857 4856/4856/4856
f 4858/4858/4858 4856/4856/4856 4857/4857/4857
f 4857/4857/4857 4859/4859/4859 4858/4858/4858
f 4860/4860/4860 4858/4858/4858 4859/4859/4859
f 4859/4859/4859 4861/4861/4861 4860/4860/4860
f 4862/4862/4862 4860/4860/4860 4861/4861/4861
f 4861/4861/4861 4863/4863/4863 4862/4862/4862
f 4864/4864/4864 4862/4862/4862 4863/4863/4863
f 4863/4863/4863 4865/4865/4865 4864/4864/4864
f 4866/4866/4866 4864/4864/4864 4865/4865/4865
f 4865/4865/4865 4867/4867/4867 4866/4866/4866
f 4868/4868/4868 4866/4866/4866 4867/4867/4867
f 4867/4867/4867 4869/4869/4869 4868/4868/4868
f 4870/4870/4870 4868/4868/4868 4869/4869/4869
f 4869/4869/4869 4871/4871/4871 4870/4870/4870
f 4872/4872/4872 4870/4870/4870 4871/4871/4871
f 4871/4871/4871 4873/4873/4873 4872/4872/4872
f 4874/4874/4874 4872/4872/4872 4873/4873/4873
f 4873/4873/4873 4875/4875/4875 4874/4874/4874
f 4876/4876/4876 4874/4874/4874 4875/4875/4875
f 4875/4875/4875 4877/4877/4877 4876/4876/4876
f 4878/4878/4878 4876/4876/4876 4877/4877/4877
f 4877/4877/4877 4879/4879/4879 4878/4878/4878
f 4880/4880/4880 4878/4878/4878 4879/4879/4879
f 4879/4879/4879 4881/4881/4881 4880/4880/4880
f 4882/4882/4882 4880/4880/4880 4881/4881/4881
f 4881/4881/4881 4883/4883/4883 4882/4882/4882
f 4884/4884/4884 4882/4882/4882 4883/4883/4883
f 4883/4883/4883 4885/4885/4885 4884/4884/4884
f 4886/4886/4886 4884/4884/4884 4885/4885/4885
f 4885/4885/4885 4887/4887/4887 4886/4886/4886
f 4888/4888/4888 4886/4886/4886 4887/4887/4887
f 4887/4887/4887 4889/4889/4889 4888/4888/4888
f 4890/4890/4890 4888/4888/4888 4889/4889/4889
f 4889/4889/4889 4891/4891/4891 4890/4890/4890
f 4892/4892/4892 4890/4890/4890 4891/4891/4891
f 4891/4891/4891 4893/4893/4893 4892/4892/4892
f 4894/4894/4894 4892/4892/4892 4893/4893/4893
f 4893/4893/4893 4895/4895/4895 4894/4894/4894
f 4896/4896/4896 4894/4894/4894 4895/4895/4895
f 4895/4895/4895 4897/4897/4897 4896/4896/4896
f 4898/4898/4898 4896/4896/4896 4897/4897/4897
f 4897/4897/4897 4899/4899/4899 4898/4898/4898
f 4900/4900/4900 4898/4898/4898 4899/4899/4899
f 4899/4899/4899 4901/4901/4901 4900/4900/4900
f 4902/4902/4902 4900/4900/4900 4901/4901/4901
f 4901/4901/4901 4903/4903/4903 4902/4902/4902
f 4904/4904/4904 4902/4902/4902 4903/4903/4903
f 4903/4903/4903 4905/4905/4905 4904/4904/4904
f 4906/4906/4906 4904/4904/4904 4905/4905/4905
f 4905/4905/4905 4907/4907/4907 4906/4906/4906
f 4908/4908/4908 4906/4906/4906 4907/4907/4907
f 4907/4907/4907 4909/4909/4909 4908/4908/4908
f 4910/4910/4910 4908/4908/4908 4909/4909/4909
f 4909/4909/4909 4911/4911/4911 4910/4910/4910
f 4817/4817/4817 4910/4910/4910 4911/4911/4911
f 4911/4911/4911 4818/4818/4818 4817/4817/4817
f 4914/4914/4914 4913/4913/4913 4912/4912/4912
f 4914/4914/4914 4912/4912/4912 4915/4915/4915
f 4914/4914/4914 4915/4915/4915 4916/4916/4916
f 4914/4914/4914 4916/4916/4916 4917/4917/4917
f 4914/4914/4914 4917/4917/4917 4918/4918/4918
f 4914/4914/4914 4918/4918/4918 4919/4919/4919
f 4914/4914/4914 4919/4919/4919 4920/4920/4920
f 4914/4914/4914 4920/4920/4920 4921/4921/4921
f 4914/4914/4914 4921/4921/4921 4922/4922/4922
f 4914/4914/4914 4922/4922/4922 4923/4923/4923
f 4914/4914/4914 4923/4923/4923 4924/4924/4924
f 4914/4914/4914 4924/4924/4924 4925/4925/4925
f 4914/4914/4914 4925/4925/4925 4926/4926/4926
f 4914/4914/4914 4926/4926/4926 4927/4927/4927
f 4914/4914/4914 4927/4927/4927 4928/4928/4928
f 4914/4914/4914 4928/4928/4928 4929/4929/4929
f 4914/4914/4914 4929/4929/4929 4930/4930/4930
f 4914/4914/4914 4930/4930/4930 4931/4931/4931
f 4914/4914/4914 4931/4931/4931 4932/4932/4932
f 4914/4914/4914 4932/4932/4932 4933/4933/4933
f 4914/4914/4914 4933/4933/4933 4934/4934/4934
f 4914/4914/4914 4934/4934/4934 4935/4935/4935
f 4914/4914/4914 4935/4935/4935 4936/4936/4936
f 4914/4914/4914 4936/4936/4936 4937/4937/4937
f 4914/4914/4914 4937/4937/4937 4938/4938/4938
f 4914/4914/4914 4938/4938/4938 4939/4939/4939
f 4914/4914/4914 4939/4939/4939 4940/4940/4940
f 4914/4914/4914 4940/4940/4940 4941/4941/4941
f 4914/4914/4914 4941/4941/4941 4942/4942/4942
f 4914/4914/4914 4942/4942/4942 4943/4943/4943
f 4914/4914/4914 4943/4943/4943 4944/4944/4944
f 4914/4914/4914 4944/4944/4944 4945/4945/4945
f 4914/4914/4914 4945/4945/4945 4946/4946/4946
f 4914/4914/4914 4946/4946/4946 4947/4947/4947
f 4914/4914/4914 4947/4947/4947 4948/4948/4948
f 4914/4914/4914 4948/4948/4948 4949/4949/4949
f 4914/4914/4914 4949/4949/4949 4950/4950/4950
f 4914/4914/4914 4950/4950/4950 4951/4951/4951
f 4914/4914/4914 4951/4951/4951 4952/4952/4952
f 4914/4914/4914 4952/4952/4952 4953/4953/4953
f 4914/4914/4914 4953/4953/4953 4954/4954/4954
f 4914/4914/4914 4954/4954/4954 4955/4955/4955
f 4914/4914/4914 4955/4955/4955 4956/4956/4956
f 4914/4914/4914 4956/4956/4956 4957/4957/4957
f 4914/4914/4914 4957/4957/4957 4958/4958/4958
f 4914/4914/4914 4958/4958/4958 4959/4959/4959
f 4914/4914/4914 4959/4959/4959 4960/4960/4960
f 4914/4914/4914 4960/4960/4960 4913/4913/4913
f 4961/4961/4961 4962/4962/4962 4963/4963/4963
f 4963/4963/4963 4964/4964/4964 4961/4961/4961
f 4965/4965/4965 4961/4961/4961 4964/4964/4964
f 4964/4964/4964 4966/4966/4966 4965/4965/4965
f 4967/4967/4967 4965/4965/4965 4966/4966/4966
f 4966/4966/4966 4968/4968/4968 4967/4967/4967
f 4969/4969/4969 4967/4967/4967 4968/4968/4968
f 4968/4968/4968 4970/4970/4970 4969/4969/4969
f 4971/4971/4971 4969/4969/4969 4970/4970/4970
f 4970/4970/4970 4972/4972/4972 4971/4971/4971
f 4973/4973/4973 4971/4971/4971 4972/4972/4972
f 4972/4972/4972 4974/4974/4974 4973/4973/4973
f 4975/4975/4975 4973/4973/4973 4974/4974/4974
f 4974/4974/4974 4976/4976/4976 4975/4975/4975
f 4977/4977/4977 4975/4975/4975 4976/4976/4976
f 4976/4976/4976 4978/4978/4978 4977/4977/4977
f 4979/4979/4979 4977/4977/4977 4978/4978/4978
f 4978/4978/4978 4980/4980/4980 4979/4979/4979
f 4981/4981/4981 4979/4979/4979 4980/4980/4980
f 4980/4980/4980 4982/4982/4982 4981/4981/4981
f 4983/4983/4983 4981/4981/4981 4982/4982/4982
f 4982/4982/4982 4984/4984/4984 4983/4983/4983
f 4985/4985/4985 4983/4983/4983 4984/4984/4984
f 4984/4984/4984 4986/4986/4986 4985/4985/4985
f 4987/4987/4987 4985/4985/4985 4986/4986/4986
f 4986/4986/4986 4988/4988/4988 4987/4987/4987
f 4989/4989/4989 4987/4987/4987 4988/4988/4988
f 4988/4988/4988 4990/4990/4990 4989/4989/4989
f 4991/4991/4991 4989/4989/4989 4990/4990/4990
f 4990/4990/4990 4992/4992/4992 4991/4991/4991
f 4993/4993/4993 4991/4991/4991 4992/4992/4992
f 4992/4992/4992 4994/4994/4994 4993/4993/4993
f 4995/4995/4995 4993/4993/4993 4994/4994/4994
f 4994/4994/4994 4996/4996/4996 4995/4995/4995
f 4997/4997/4997 4995/4995/4995 4996/4996/4996
f 4996/4996/4996 4998/4998/4998 4997/4997/4997
f 4999/4999/4999 4997/4997/4997 4998/4998/4998
f 4998/4998/4998 5000/5000/5000 4999/4999/4999
f 5001/5001/5001 4999/4999/4999 5000/5000/5000
f 5000/5000/5000 5002/5002/5002 5001/5001/5001
f 5003/5003/5003 5001/5001/5001 5002/5002/5002
f 5002/5002/5002 5004/5004/5004 5003/5003/5003
f 5005/5005/5005 5003/5003/5003 5004/5004/5004
f 5004/5004/5004 5006/5006/5006 5005/5005/5005
f 5007/5007/5007 5005/5005/5005 5006/5006/5006
f 5006/5006/5006 5008/5008/5008 5007/5007/5007
f 5009/5009/5009 5007/5007/5007 5008/5008/5008
f 5008/5008/5008 5010/5010/5010 5009/5009/5009
f 5011/5011/5011 5009/5009/5009 5010/5010/5010
f 5010/5010/5010 5012/5012/5012 5011/5011/5011
f 5013/5013/5013 5011/5011/5011 5012/5012/5012
f 5012/5012/5012 5014/5014/5014 5013/5013/5013
f 5015/5015/5015 5013/5013/5013 5014/5014/5014
f 5014/5014/5014 5016/5016/5016 5015/5015/5015
f 5017/5017/5017 5015/5015/5015 5016/5016/5016
f 5016/5016/5016 5018/5018/5018 5017/5017/5017
f 5019/5019/5019 5017/5017/5017 5018/5018/5018
f 5018/5018/5018 5020/5020/5020 5019/5019/5019
f 5021/5021/5021 5019/5019/5019 5020/5020/5020
f 5020/5020/5020 5022/5022/5022 5021/5021/5021
f 5023/5023/5023 5021/5021/5021 5022/5022/5022
f 5022/5022/5022 5024/5024/5024 5023/5023/5023
f 5025/5025/5025 5023/5023/5023 5024/5024/5024
f 5024/5024/5024 5026/5026/5026 5025/5025/5025
f 5027/5027/5027 5025/5025/5025 5026/5026/5026
f 5026/5026/5026 5028/5028/5028 5027/5027/5027
f 5029/5029/5029 5027/5027/5027 5028/5028/5028
f 5028/5028/5028 5030/5030/5030 5029/5029/5029
f 5031/5031/5031 5029/5029/5029 5030/5030/5030
f 5030/5030/5030 5032/5032/5032 5031/5031/5031
f 5033/5033/5033 5031/5031/5031 5032/5032/5032
f 5032/5032/5032 5034/5034/5034 5033/5033/5033
f 5035/5035/5035 5033/5033/5033 5034/5034/5034
f 5034/5034/5034 5036/5036/5036 5035/5035/5035
f 5037/5037/5037 5035/5035/5035 5036/5036/5036
f 5036/5036/5036 5038/5038/5038 5037/5037/5037
f 5039/5039/5039 5037/5037/5037 5038/5038/5038
f 5038/5038/5038 5040/5040/5040 5039/5039/5039
f 5041/5041/5041 5039/5039/5039 5040/5040/5040
f 5040/5040/5040 5042/5042/5042 5041/5041/5041
f 5043/5043/5043 5041/5041/5041 5042/5042/5042
f 5042/5042/5042 5044/5044/5044 5043/5043/5043
f 5045/5045/5045 5043/5043/5043 5044/5044/5044
f 5044/5044/5044 5046/5046/5046 5045/5045/5045
f 5047/5047/5047 5045/5045/5045 5046/5046/5046
f 5046/5046/5046 5048/5048/5048 5047/5047/5047
f 5049/5049/5049 5047/5047/5047 5048/5048/5048
f 5048/5048/5048 5050/5050/5050 5049/5049/5049
f 5051/5051/5051 5049/5049/5049 5050/5050/5050
f 5050/5050/5050 5052/5052/5052 5051/5051/5051
f 5053/5053/5053 5051/5051/5051 5052/5052/5052
f 5052/5052/5052 5054/5054/5054 5053/5053/5053
f 5055/5055/5055 5053/5053/5053 5054/5054/5054
f 5054/5054/5054 5056/5056/5056 5055/5055/5055
f 4962/4962/4962 5055/5055/5055 5056/5056/5056
f 5056/5056/5056 4963/4963/4963 4962/4962/4962
f 5059/5059/5059 5058/5058/5058 5057/5057/5057
f 5059/5059/5059 5057/5057/5057 5060/5060/5060
f 5059/5059/5059 5060/5060/5060 5061/5061/5061
f 5059/5059/5059 5061/5061/5061 5062/5062/5062
f 5059/5059/5059 5062/5062/5062 5063/5063/5063
f 5059/5059/5059 5063/5063/5063 5064/5064/5064
f 5059/5059/5059 5064/5064/5064 5065/5065/5065
f 5059/5059/5059 5065/5065/5065 5066/5066/5066
f 5059/5059/5059 5066/5066/5066 5067/5067/5067
f 5059/5059/5059 5067/5067/5067 5068/5068/5068
f 5059/5059/5059 5068/5068/5068 5069/5069/5069
f 5059/5059/5059 5069/5069/5069 5070/5070/5070
f 5059/5059/5059 5070/5070/5070 5071/5071/5071
f 5059/5059/5059 5071/5071/5071 5072/5072/5072
f 5059/5059/5059 5072/5072/5072 5073/5073/5073
f 5059/5059/5059 5073/5073/5073 5074/5074/5074
f 5059/5059/5059 5074/5074/5074 5075/5075/5075
f 5059/5059/5059 5075/5075/5075 5076/5076/5076
f 5059/5059/5059 5076/5076/5076 5077/5077/5077
f 5059/5059/5059 5077/5077/5077 5078/5078/5078
f 5059/5059/5059 5078/5078/5078 5079/5079/5079
f 5059/5059/5059 5079/5079/5079 5080/5080/5080
f 5059/5059/5059 5080/5080/5080 5081/5081/5081
f 5059/5059/5059 5081/5081/5081 5082/5082/5082
f 5059/5059/5059 5082/5082/5082 5083/5083/5083
f 5059/5059/5059 5083/5083/5083 5084/5084/5084
f 5059/5059/5059 5084/5084/5084 5085/5085/5085
f 5059/5059/5059 5085/5085/5085 5086/5086/5086
f 5059/5059/5059 5086/5086/5086 5087/5087/5087
f 5059/5059/5059 5087/5087/5087 5088/5088/5088
f 5059/5059/5059 5088/5088/5088 5089/5089/5089
f 5059/5059/5059 5089/5089/5089 5090/5090/5090
f 5059/5059/5059 5090/5090/5090 5091/5091/5091
f 5059/5059/5059 5091/5091/5091 5092/5092/5092
f 5059/5059/5059 5092/5092/5092 5093/5093/5093
f 5059/5059/5059 5093/5093/5093 5094/5094/5094
f 5059/5059/5059 5094/5094/5094 5095/5095/5095
f 5059/5059/5059 5095/5095/5095 5096/5096/5096
f 5059/5059/5059 5096/5096/5096 5097/5097/5097
f 5059/5059/5059 5097/5097/5097 5098/5098/5098
f 5059/5059/5059 5098/5098/5098 5099/5099/5099
f 5059/5059/5059 5099/5099/5099 5100/5100/5100
f 5059/5059/5059 5100/5100/5100 5101/5101/5101
f 5059/5059/5059 5101/5101/5101 5102/5102/5102
f 5059/5059/5059 5102/5102/5102 5103/5103/5103
f 5059/5059/5059 5103/5103/5103 5104/5104/5104
f 5059/5059/5059 5104/5104/5104 5105/5105/5105
f 5059/5059/5059 5105/5105/5105 5058/5058/5058
f 5106/5106/5106 5107/5107/5107 5108/5108/5108
f 5108/5108/5108 5109/5109/5109 5106/5106/5106
f 5110/5110/5110 5106/5106/5106 5109/5109/5109
f 5109/5109/5109 5111/5111/5111 5110/5110/5110
f 5112/5112/5112 5110/5110/5110 5111/5111/5111
f 5111/5111/5111 5113/5113/5113 5112/5112/5112
f 5114/5114/5114 5112/5112/5112 5113/5113/5113
f 5113/5113/5113 5115/5115/5115 5114/5114/5114
f 5116/5116/5116 5114/5114/5114 5115/5115/5115
f 5115/5115/5115 5117/5117/5117 5116/5116/5116
f 5118/5118/5118 5116/5116/5116 5117/5117/5117
f 5117/5117/5117 5119/5119/5119 5118/5118/5118
f 5120/5120/5120 5118/5118/5118 5119/5119/5119
f 5119/5119/5119 5121/5121/5121 5120/5120/5120
f 5122/5122/5122 5120/5120/5120 5121/5121/5121
f 5121/5121/5121 5123/5123/5123 5122/5122/5122
f 5124/5124/5124 5122/5122/5122 5123/5123/5123
f 5123/5123/5123 5125/5125/5125 5124/5124/5124
f 5126/5126/5126 5124/5124/5124 5125/5125/5125
f 5125/5125/5125 5127/5127/5127 5126/5126/5126
f 5128/5128/5128 5126/5126/5126 5127/5127/5127
f 5127/5127/5127 5129/5129/5129 5128/5128/5128
f 5130/5130/5130 5128/5128/5128 5129/5129/5129
f 5129/5129/5129 5131/5131/5131 5130/5130/5130
f 5132/5132/5132 5130/5130/5130 5131/5131/5131
f 5131/5131/5131 5133/5133/5133 5132/5132/5132
f 5134/5134/5134 5132/5132/5132 5133/5133/5133
f 5133/5133/5133 5135/5135/5135 5134/5134/5134
f 5136/5136/5136 5134/5134/5134 5135/5135/5135
f 5135/5135/5135 5137/5137/5137 5136/5136/5136
f 5138/5138/5138 5136/5136/5136 5137/5137/5137
f 5137/5137/5137 5139/5139/5139 5138/5138/5138
f 5140/5140/5140 5138/5138/5138 5139/5139/5139
f 5139/5139/5139 5141/5141/5141 5140/5140/5140
f 5142/5142/5142 5140/5140/5140 5141/5141/5141
f 5141/5141/5141 5143/5143/5143 5142/5142/5142
f 5144/5144/5144 5142/5142/5142 5143/5143/5143
f 5143/5143/5143 5145/5145/5145 5144/5144/5144
f 5146/5146/5146 5144/5144/5144 5145/5145/5145
f 5145/5145/5145 5147/5147/5147 5146/5146/5146
f 5148/5148/5148 5146/5146/5146 5147/5147/5147
f 5147/5147/5147 5149/5149/5149 5148/5148/5148
f 5150/5150/5150 5148/5148/5148 5149/5149/5149
f 5149/5149/5149 5151/5151/5151 5150/5150/5150
f 5152/5152/5152 5150/5150/5150 5151/5151/5151
f 5151/5151/5151 5153/5153/5153 5152/5152/5152
f 5154/5154/5154 5152/5152/5152 5153/5153/5153
f 5153/5153/5153 5155/5155/5155 5154/5154/5154
f 5156/5156/5156 5154/5154/5154 5155/5155/5155
f 5155/5155/5155 5157/5157/5157 5156/5156/5156
f 5158/5158/5158 5156/5156/5156 5157/5157/5157
f 5157/5157/5157 5159/5159/5159 5158/5158/5158
f 5160/5160/5160 5158/5158/5158 5159/5159/5159
f 5159/5159/5159 5161/5161/5161 5160/5160/5160
f 5162/5162/5162 5160/5160/5160 5161/5161/5161
f 5161/5161/5161 5163/5163/5163 5162/5162/5162
f 5164/5164/5164 5162/5162/5162 5163/5163/5163
f 5163/5163/5163 5165/5165/5165 5164/5164/5164
f 5166/5166/5166 5164/5164/5164 5165/5165/5165
f 5165/5165/5165 5167/5167/5167 5166/5166/5166
f 5168/5168/5168 5166/5166/5166 5167/5167/5167
f 5167/5167/5167 5169/5169/5169 5168/5168/5168
f 5170/5170/5170 5168/5168/5168 5169/5169/5169
f 5169/5169/5169 5171/5171/5171 5170/5170/5170
f 5172/5172/5172 5170/5170/5170 5171/5171/5171
f 5171/5171/5171 5173/5173/5173 5172/5172/5172
f 5174/5174/5174 5172/5172/5172 5173/5173/5173
f 5173/5173/5173 5175/5175/5175 5174/5174/5174
f 5176/5176/5176 5174/5174/5174 5175/5175/5175
f 5175/5175/5175 5177/5177/5177 5176/5176/5176
f 5178/5178/5178 5176/5176/5176 5177/5177/5177
f 5177/5177/5177 5179/5179/5179 5178/5178/5178
f 5180/5180/5180 5178/5178/5178 5179/5179/5179
f 5179/5179/5179 5181/5181/5181 5180/5180/5180
f 5182/5182/5182 5180/5180/5180 5181/5181/5181
f 5181/5181/5181 5183/5183/5183 5182/5182/5182
f 5184/5184/5184 5182/5182/5182 5183/5183/5183
f 5183/5183/5183 5185/5185/5185 5184/5184/5184
f 5186/5186/5186 5184/5184/5184 5185/5185/5185
f 5185/5185/5185 5187/5187/5187 5186/5186/5186
f 5188/5188/5188 5186/5186/5186 5187/5187/5187
f 5187/5187/5187 5189/5189/5189 5188/5188/5188
f 5190/5190/5190 5188/5188/5188 5189/5189/5189
f 5189/5189/5189 5191/5191/5191 5190/5190/5190
f 5192/5192/5192 5190/5190/5190 5191/5191/5191
f 5191/5191/5191 5193/5193/5193 5192/5192/5192
f 5194/5194/5194 5192/5192/5192 5193/5193/5193
f 5193/5193/5193 5195/5195/5195 5194/5194/5194
f 5196/5196/5196 5194/5194/5194 5195/5195/5195
f 5195/5195/5195 5197/5197/5197 5196/5196/5196
f 5198/5198/5198 5196/5196/5196 5197/5197/5197
f 5197/5197/5197 5199/5199/5199 5198/5198/5198
f 5200/5200/5200 5198/5198/5198 5199/5199/5199
f 5199/5199/5199 5201/5201/5201 5200/5200/5200
f 5107/5107/5107 5200/5200/5200 5201/5201/5201
f 5201/5201/5201 5108/5108/5108 5107/5107/5107
f 5204/5204/5204 5203/5203/5203 5202/5202/5202
f 5204/5204/5204 5202/5202/5202 5205/5205/5205
f 5204/5204/5204 5205/5205/5205 5206/5206/5206
f 5204/5204/5204 5206/5206/5206 5207/5207/5207
f 5204/5204/5204 5207/5207/5207 5208/5208/5208
f 5204/5204/5204 5208/5208/5208 5209/5209/5209
f 5204/5204/5204 5209/5209/5209 5210/5210/5210
f 5204/5204/5204 5210/5210/5210 5211/5211/5211
f 5204/5204/5204 5211/5211/5211 5212/5212/5212
f 5204/5204/5204 5212/5212/5212 5213/5213/5213
f 5204/5204/5204 5213/5213/5213 5214/5214/5214
f 5204/5204/5204 5214/5214/5214 5215/5215/5215
f 5204/5204/5204 5215/5215/5215 5216/5216/5216
f 5204/5204/5204 5216/5216/5216 5217/5217/5217
f 5204/5204/5204 5217/5217/5217 5218/5218/5218
f 5204/5204/5204 5218/5218/5218 5219/5219/5219
f 5204/5204/5204 5219/5219/5219 5220/5220/5220
f 5204/5204/5204 5220/5220/5220 5221/5221/5221
f 5204/5204/5204 5221/5221/5221 5222/5222/5222
f 5204/5204/5204 5222/5222/5222 5223/5223/5223
f 5204/5204/5204 5223/5223/5223 5224/5224/5224
f 5204/5204/5204 5224/5224/5224 5225/5225/5225
f 5204/5204/5204 5225/5225/5225 5226/5226/5226
f 5204/5204/5204 5226/5226/5226 5227/5227/5227
f 5204/5204/5204 5227/5227/5227 5228/5228/5228
f 5204/5204/5204 5228/5228/5228 5229/5229/5229
f 5204/5204/5204 5229/5229/5229 5230/5230/5230
f 5204/5204/5204 5230/5230/5230 5231/5231/5231
f 5204/5204/5204 5231/5231/5231 5232/5232/5232
f 5204/5204/5204 5232/5232/5232 5233/5233/5233
f 5204/5204/5204 5233/5233/5233 5234/5234/5234
f 5204/5204/5204 5234/5234/5234 5235/5235/5235
f 5204/5204/5204 5235/5235/5235 5236/5236/5236
f 5204/5204/5204 5236/5236/5236 5237/5237/5237
f 5204/5204/5204 5237/5237/5237 5238/5238/5238
f 5204/5204/5204 5238/5238/5238 5239/5239/5239
f 5204/5204/5204 5239/5239/5239 5240/5240/5240
f 5204/5204/5204 5240/5240/5240 5241/5241/5241
f 5204/5204/5204 5241/5241/5241 5242/5242/5242
f 5204/5204/5204 5242/5242/5242 5243/5243/5243
f 5204/5204/5204 5243/5243/5243 5244/5244/5244
f 5204/5204/5204 5244/5244/5244 5245/5245/5245
f 5204/5204/5204 5245/5245/5245 5246/5246/5246
f 5204/5204/5204 5246/5246/5246 5247/5247/5247
f 5204/5204/5204 5247/5247/5247 5248/5248/5248
f 5204/5204/5204 5248/5248/5248 5249/5249/5249
f 5204/5204/5204 5249/5249/5249 5250/5250/5250
f 5204/5204/5204 5250/5250/5250 5203/5203/5203
f 5251/5251/5251 5252/5252/5252 5253/5253/5253
f 5253/5253/5253 5254/5254/5254 5251/5251/5251
f 5255/5255/5255 5251/5251/5251 5254/5254/5254
f 5254/5254/5254 5256/5256/5256 5255/5255/5255
f 5257/5257/5257 5255/5255/5255 5256/5256/5256
f 5256/5256/5256 5258/5258/5258 5257/5257/5257
f 5259/5259/5259 5257/5257/5257 5258/5258/5258
f 5258/5258/5258 5260/5260/5260 5259/5259/5259
f 5261/5261/5261 5259/5259/5259 5260/5260/5260
f 5260/5260/5260 5262/5262/5262 5261/5261/5261
f 5263/5263/5263 5261/5261/5261 5262/5262/5262
f 5262/5262/5262 5264/5264/5264 5263/5263/5263
f 5265/5265/5265 5263/5263/5263 5264/5264/5264
f 5264/5264/5264 5266/5266/5266 5265/5265/5265
f 5267/5267/5267 5265/5265/5265 5266/5266/5266
f 5266/5266/5266 5268/5268/5268 5267/5267/5267
f 5269/5269/5269 5267/5267/5267 5268/5268/5268
f 5268/5268/5268 5270/5270/5270 5269/5269/5269
f 5271/5271/5271 5269/5269/5269 5270/5270/5270
f 5270/5270/5270 5272/5272/5272 5271/5271/5271
f 5273/5273/5273 5271/5271/5271 5272/5272/5272
f 5272/5272/5272 5274/5274/5274 5273/5273/5273
f 5275/5275/5275 5273/5273/5273 5274/5274/5274
f 5274/5274/5274 5276/5276/5276 5275/5275/5275
f 5277/5277/5277 5275/5275/5275 5276/5276/5276
f 5276/5276/5276 5278/5278/5278 5277/5277/5277
f 5279/5279/5279 5277/5277/5277 5278/5278/5278
f 5278/5278/5278 5280/5280/5280 5279/5279/5279
f 5281/5281/5281 5279/5279/5279 5280/5280/5280
f 5280/5280/5280 5282/5282/5282 5281/5281/5281
f 5283/5283/5283 5281/5281/5281 5282/5282/5282
f 5282/5282/5282 5284/5284/5284 5283/5283/5283
f 5285/5285/5285 5283/5283/5283 5284/5284/5284
f 5284/5284/5284 5286/5286/5286 5285/5285/5285
f 5287/5287/5287 5285/5285/5285 5286/5286/5286
f 5286/5286/5286 5288/5288/5288 5287/5287/5287
f 5289/5289/5289 5287/5287/5287 5288/5288/5288
f 5288/5288/5288 5290/5290/5290 5289/5289/5289
f 5291/5291/5291 5289/5289/5289 5290/5290/5290
f 5290/5290/5290 5292/5292/5292 5291/5291/5291
f 5293/5293/5293 5291/5291/5291 5292/5292/5292
f 5292/5292/5292 5294/5294/5294 5293/5293/5293
f 5295/5295/5295 5293/5293/5293 5294/5294/5294
f 5294/5294/5294 5296/5296/5296 5295/5295/5295
f 5297/5297/5297 5295/5295/5295 5296/5296/5296
f 5296/5296/5296 5298/5298/5298 5297/5297/5297
f 5299/5299/5299 5297/5297/5297 5298/5298/5298
f 5298/5298/5298 5300/5300/5300 5299/5299/5299
f 5301/5301/5301 5299/5299/5299 5300/5300/5300
f 5300/5300/5300 5302/5302/5302 5301/5301/5301
f 5303/5303/5303 5301/5301/5301 5302/5302/5302
f 5302/5302/5302 5304/5304/5304 5303/5303/5303
f 5305/5305/5305 5303/5303/5303 5304/5304/5304
f 5304/5304/5304 5306/5306/5306 5305/5305/5305
f 5307/5307/5307 5305/5305/5305 5306/5306/5306
f 5306/5306/5306 5308/5308/5308 5307/5307/5307
f 5309/5309/5309 5307/5307/5307 5308/5308/5308
f 5308/5308/5308 5310/5310/5310 5309/5309/5309
f 5311/5311/5311 5309/5309/5309 5310/5310/5310
f 5310/5310/5310 5312/5312/5312 5311/5311/5311
f 5313/5313/5313 5311/5311/5311 5312/5312/5312
f 5312/5312/5312 5314/5314/5314 5313/5313/5313
f 5315/5315/5315 5313/5313/5313 5314/5314/5314
f 5314/5314/5314 5316/5316/5316 5315/5315/5315
f 5317/5317/5317 5315/5315/5315 5316/5316/5316
f 5316/5316/5316 5318/5318/5318 5317/5317/5317
f 5319/5319/5319 5317/5317/5317 5318/5318/5318
f 5318/5318/5318 5320/5320/5320 5319/5319/5319
f 5321/5321/5321 5319/5319/5319 5320/5320/5320
f 5320/5320/5320 5322/5322/5322 5321/5321/5321
f 5323/5323/5323 5321/5321/5321 5322/5322/5322
f 5322/5322/5322 5324/5324/5324 5323/5323/5323
f 5325/5325/5325 5323/5323/5323 5324/5324/5324
f 5324/5324/5324 5326/5326/5326 5325/5325/5325
f 5327/5327/5327 5325/5325/5325 5326/5326/5326
f 5326/5326/5326 5328/5328/5328 5327/5327/5327
f 5329/5329/5329 5327/5327/5327 5328/5328/5328
f 5328/5328/5328 5330/5330/5330 5329/5329/5329
f 5331/5331/5331 5329/5329/5329 5330/5330/5330
f 5330/5330/5330 5332/5332/5332 5331/5331/5331
f 5333/5333/5333 5331/5331/5331 5332/5332/5332
f 5332/5332/5332 5334/5334/5334 5333/5333/5333
f 5335/5335/5335 5333/5333/5333 5334/5334/5334
f 5334/5334/5334 5336/5336/5336 5335/5335/5335
f 5337/5337/5337 5335/5335/5335 5336/5336/5336
f 5336/5336/5336 5338/5338/5338 5337/5337/5337
f 5339/5339/5339 5337/5337/5337 5338/5338/5338
f 5338/5338/5338 5340/5340/5340 5339/5339/5339
f 5341/5341/5341 5339/5339/5339 5340/5340/5340
f 5340/5340/5340 5342/5342/5342 5341/5341/5341
f 5343/5343/5343 5341/5341/5341 5342/5342/5342
f 5342/5342/5342 5344/5344/5344 5343/5343/5343
f 5345/5345/5345 5343/5343/5343 5344/5344/5344
f 5344/5344/5344 5346/5346/5346 5345/5345/5345
f 5252/5252/5252 5345/5345/5345 5346/5346/5346
f 5346/5346/5346 5253/5253/5253 5252/5252/5252
f 5349/5349/5349 5348/5348/5348 5347/5347/5347
f 5349/5349/5349 5347/5347/5347 5350/5350/5350
f 5349/5349/5349 5350/5350/5350 5351/5351/5351
f 5349/5349/5349 5351/5351/5351 5352/5352/5352
f 5349/5349/5349 5352/5352/5352 5353/5353/5353
f 5349/5349/5349 5353/5353/5353 5354/5354/5354
f 5349/5349/5349 5354/5354/5354 5355/5355/5355
f 5349/5349/5349 5355/5355/5355 5356/5356/5356
f 5349/5349/5349 5356/5356/5356 5357/5357/5357
f 5349/5349/5349 5357/5357/5357 5358/5358/5358
f 5349/5349/5349 5358/5358/5358 5359/5359/5359
f 5349/5349/5349 5359/5359/5359 5360/5360/5360
f 5349/5349/5349 5360/5360/5360 5361/5361/5361
f 5349/5349/5349 5361/5361/5361 5362/5362/5362
f 5349/5349/5349 5362/5362/5362 5363/5363/5363
f 5349/5349/5349 5363/5363/5363 5364/5364/5364
f 5349/5349/5349 5364/5364/5364 5365/5365/5365
f 5349/5349/5349 5365/5365/5365 5366/5366/5366
f 5349/5349/5349 5366/5366/5366 5367/5367/5367
f 5349/5349/5349 5367/5367/5367 5368/5368/5368
f 5349/5349/5349 5368/5368/5368 5369/5369/5369
f 5349/5349/5349 5369/5369/5369 5370/5370/5370
f 5349/5349/5349 5370/5370/5370 5371/5371/5371
f 5349/5349/5349 5371/5371/5371 5372/5372/5372
f 5349/5349/5349 5372/5372/5372 5373/5373/5373
f 5349/5349/5349 5373/5373/5373 5374/5374/5374
f 5349/5349/5349 5374/5374/5374 5375/5375/5375
f 5349/5349/5349 5375/5375/5375 5376/5376/5376
f 5349/5349/5349 5376/5376/5376 5377/5377/5377
f 5349/5349/5349 5377/5377/5377 5378/5378/5378
f 5349/5349/5349 5378/5378/5378 5379/5379/5379
f 5349/5349/5349 5379/5379/5379 5380/5380/5380
f 5349/5349/5349 5380/5380/5380 5381/5381/5381
f 5349/5349/5349 5381/5381/5381 5382/5382/5382
f 5349/5349/5349 5382/5382/5382 5383/5383/5383
f 5349/5349/5349 5383/5383/5383 5384/5384/5384
f 5349/5349/5349 5384/5384/5384 5385/5385/5385
f 5349/5349/5349 5385/5385/5385 5386/5386/5386
f 5349/5349/5349 5386/5386/5386 5387/5387/5387
f 5349/5349/5349 5387/5387/5387 5388/5388/5388
f 5349/5349/5349 5388/5388/5388 5389/5389/5389
f 5349/5349/5349 5389/5389/5389 5390/5390/5390
f 5349/5349/5349 5390/5390/5390 5391/5391/5391
f 5349/5349/5349 5391/5391/5391 5392/5392/5392
f 5349/5349/5349 5392/5392/5392 5393/5393/5393
f 5349/5349/5349 5393/5393/5393 5394/5394/5394
f 5349/5349/5349 5394/5394/5394 5395/5395/5395
f 5349/5349/5349 5395/5395/5395 5348/5348/5348
f 5396/5396/5396 5397/5397/5397 5398/5398/5398
f 5398/5398/5398 5399/5399/5399 5396/5396/5396
f 5400/5400/5400 5396/5396/5396 5399/5399/5399
f 5399/5399/5399 5401/5401/5401 5400/5400/5400
f 5402/5402/5402 5400/5400/5400 5401/5401/5401
f 5401/5401/5401 5403/5403/5403 5402/5402/5402
f 5404/5404/5404 5402/5402/5402 5403/5403/5403
f 5403/5403/5403 5405/5405/5405 5404/5404/5404
f 5406/5406/5406 5404/5404/5404 5405/5405/5405
f 5405/5405/5405 5407/5407/5407 5406/5406/5406
f 5408/5408/5408 5406/5406/5406 5407/5407/5407
f 5407/5407/5407 5409/5409/5409 5408/5408/5408
f 5410/5410/5410 5408/5408/5408 5409/5409/5409
f 5409/5409/5409 5411/5411/5411 5410/5410/5410
f 5412/5412/5412 5410/5410/5410 5411/5411/5411
f 5411/5411/5411 5413/5413/5413 5412/5412/5412
f 5414/5414/5414 5412/5412/5412 5413/5413/5413
f 5413/5413/5413 5415/5415/5415 5414/5414/5414
f 5416/5416/5416 5414/5414/5414 5415/5415/5415
f 5415/5415/5415 5417/5417/5417 5416/5416/5416
f 5418/5418/5418 5416/5416/5416 5417/5417/5417
f 5417/5417/5417 5419/5419/5419 5418/5418/5418
f 5420/5420/5420 5418/5418/5418 5419/5419/5419
f 5419/5419/5419 5421/5421/5421 5420/5420/5420
f 5422/5422/5422 5420/5420/5420 5421/5421/5421
f 5421/5421/5421 5423/5423/5423 5422/5422/5422
f 5424/5424/5424 5422/5422/5422 5423/5423/5423
f 5423/5423/5423 5425/5425/5425 5424/5424/5424
f 5426/5426/5426 5424/5424/5424 5425/5425/5425
f 5425/5425/5425 5427/5427/5427 5426/5426/5426
f 5428/5428/5428 5426/5426/5426 5427/5427/5427
f 5427/5427/5427 5429/5429/5429 5428/5428/5428
f 5430/5430/5430 5428/5428/5428 5429/5429/5429
f 5429/5429/5429 5431/5431/5431 5430/5430/5430
f 5432/5432/5432 5430/5430/5430 5431/5431/5431
f 5431/5431/5431 5433/5433/5433 5432/5432/5432
f 5434/5434/5434 5432/5432/5432 5433/5433/5433
f 5433/5433/5433 5435/5435/5435 5434/5434/5434
f 5436/5436/5436 5434/5434/5434 5435/5435/5435
f 5435/5435/5435 5437/5437/5437 5436/5436/5436
f 5438/5438/5438 5436/5436/5436 5437/5437/5437
f 5437/5437/5437 5439/5439/5439 5438/5438/5438
f 5440/5440/5440 5438/5438/5438 5439/5439/5439
f 5439/5439/5439 5441/5441/5441 5440/5440/5440
f 5442/5442/5442 5440/5440/5440 5441/5441/5441
f 5441/5441/5441 5443/5443/5443 5442/5442/5442
f 5444/5444/5444 5442/5442/5442 5443/5443/5443
f 5443/5443/5443 5445/5445/5445 5444/5444/5444
f 5446/5446/5446 5444/5444/5444 5445/5445/5445
f 5445/5445/5445 5447/5447/5447 5446/5446/5446
f 5448/5448/5448 5446/5446/5446 5447/5447/5447
f 5447/5447/5447 5449/5449/5449 5448/5448/5448
f 5450/5450/5450 5448/5448/5448 5449/5449/5449
f 5449/5449/5449 5451/5451/5451 5450/5450/5450
f 5452/5452/5452 5450/5450/5450 5451/5451/5451
f 5451/5451/5451 5453/5453/5453 5452/5452/5452
f 5454/5454/5454 5452/5452/5452 5453/5453/5453
f 5453/5453/5453 5455/5455/5455 5454/5454/5454
f 5456/5456/5456 5454/5454/5454 5455/5455/5455
f 5455/5455/5455 5457/5457/5457 5456/5456/5456
f 5458/5458/5458 5456/5456/5456 5457/5457/5457
f 5457/5457/5457 5459/5459/5459 5458/5458/5458
f 5460/5460/5460 5458/5458/5458 5459/5459/5459
f 5459/5459/5459 5461/5461/5461 5460/5460/5460
f 5462/5462/5462 5460/5460/5460 5461/5461/5461
f 5461/5461/5461 5463/5463/5463 5462/5462/5462
f 5464/5464/5464 5462/5462/5462 5463/5463/5463
f 5463/5463/5463 5465/5465/5465 5464/5464/5464
f 5466/5466/5466 5464/5464/5464 5465/5465/5465
f 5465/5465/5465 5467/5467/5467 5466/5466/5466
f 5468/5468/5468 5466/5466/5466 5467/5467/5467
f 5467/5467/5467 5469/5469/5469 5468/5468/5468
f 5470/5470/5470 5468/5468/5468 5469/5469/5469
f 5469/5469/5469 5471/5471/5471 5470/5470/5470
f 5472/5472/5472 5470/5470/5470 5471/5471/5471
f 5471/5471/5471 5473/5473/5473 5472/5472/5472
f 5474/5474/5474 5472/5472/5472 5473/5473/5473
f 5473/5473/5473 5475/5475/5475 5474/5474/5474
f 5476/5476/5476 5474/5474/5474 5475/5475/5475
f 5475/5475/5475 5477/5477/5477 5476/5476/5476
f 5478/5478/5478 5476/5476/5476 5477/5477/5477
f 5477/5477/5477 5479/5479/5479 5478/5478/5478
f 5480/5480/5480 5478/5478/5478 5479/5479/5479
f 5479/5479/5479 5481/5481/5481 5480/5480/5480
f 5482/5482/5482 5480/5480/5480 5481/5481/5481
f 5481/5481/5481 5483/5483/5483 5482/5482/5482
f 5484/5484/5484 5482/5482/5482 5483/5483/5483
f 5483/5483/5483 5485/5485/5485 5484/5484/5484
f 5486/5486/5486 5484/5484/5484 5485/5485/5485
f 5485/5485/5485 5487/5487/5487 5486/5486/5486
f 5488/5488/5488 5486/5486/5486 5487/5487/5487
f 5487/5487/5487 5489/5489/5489 5488/5488/5488
f 5490/5490/5490 5488/5488/5488 5489/5489/5489
f 5489/5489/5489 5491/5491/5491 5490/5490/5490
f 5397/5397/5397 5490/5490/5490 5491/5491/5491
f 5491/5491/5491 5398/5398/5398 5397/5397/5397
f 5494/5494/5494 5493/5493/5493 5492/5492/5492
f 5494/5494/5494 5492/5492/5492 5495/5495/5495
f 5494/5494/5494 5495/5495/5495 5496/5496/5496
f 5494/5494/5494 5496/5496/5496 5497/5497/5497
f 5494/5494/5494 5497/5497/5497 5498/5498/5498
f 5494/5494/5494 5498/5498/5498 5499/5499/5499
f 5494/5494/5494 5499/5499/5499 5500/5500/5500
f 5494/5494/5494 5500/5500/5500 5501/5501/5501
f 5494/5494/5494 5501/5501/5501 5502/5502/5502
f 5494/5494/5494 5502/5502/5502 5503/5503/5503
f 5494/5494/5494 5503/5503/5503 5504/5504/5504
f 5494/5494/5494 5504/5504/5504 5505/5505/5505
f 5494/5494/5494 5505/5505/5505 5506/5506/5506
f 5494/5494/5494 5506/5506/5506 5507/5507/5507
f 5494/5494/5494 5507/5507/5507 5508/5508/5508
f 5494/5494/5494 5508/5508/5508 5509/5509/5509
f 5494/5494/5494 5509/5509/5509 5510/5510/5510
f 5494/5494/5494 5510/5510/5510 5511/5511/5511
f 5494/5494/5494 5511/5511/5511 5512/5512/5512
f 5494/5494/5494 5512/5512/5512 5513/5513/5513
f 5494/5494/5494 5513/5513/5513 5514/5514/5514
f 5494/5494/5494 5514/5514/5514 5515/5515/5515
f 5494/5494/5494 5515/5515/5515 5516/5516/5516
f 5494/5494/5494 5516/5516/5516 5517/5517/5517
f 5494/5494/5494 5517/5517/5517 5518/5518/5518
f 5494/5494/5494 5518/5518/5518 5519/5519/5519
f 5494/5494/5494 5519/5519/5519 5520/5520/5520
f 5494/5494/5494 5520/5520/5520 5521/5521/5521
f 5494/5494/5494 5521/5521/5521 5522/5522/5522
f 5494/5494/5494 5522/5522/5522 5523/5523/5523
f 5494/5494/5494 5523/5523/5523 5524/5524/5524
f 5494/5494/5494 5524/5524/5524 5525/5525/5525
f 5494/5494/5494 5525/5525/5525 5526/5526/5526
f 5494/5494/5494 5526/5526/5526 5527/5527/5527
f 5494/5494/5494 5527/5527/5527 5528/5528/5528
f 5494/5494/5494 5528/5528/5528 5529/5529/5529
f 5494/5494/5494 5529/5529/5529 5530/5530/5530
f 5494/5494/5494 5530/5530/5530 5531/5531/5531
f 5494/5494/5494 5531/5531/5531 5532/5532/5532
f 5494/5494/5494 5532/5532/5532 5533/5533/5533
f 5494/5494/5494 5533/5533/5533 5534/5534/5534
f 5494/5494/5494 5534/5534/5534 5535/5535/5535
f 5494/5494/5494 5535/5535/5535 5536/5536/5536
f 5494/5494/5494 5536/5536/5536 5537/5537/5537
f 5494/5494/5494 5537/5537/5537 5538/5538/5538
f 5494/5494/5494 5538/5538/5538 5539/5539/5539
f 5494/5494/5494 5539/5539/5539 5540/5540/5540
f 5494/5494/5494 5540/5540/5540 5493/5493/5493
