# Blender 4.5.2 LTS
# www.blender.org
mtllib cylinder_half2*4*4_white.mtl
o cylinder_half2*4*4_white
v 52.000000 4.217381 -5.948381
v 52.000000 5.000380 -5.999980
v 56.000000 5.000380 -5.999980
v 56.000000 4.217381 -5.948381
v 52.000000 3.447580 -5.795382
v 56.000000 3.447580 -5.795382
v 52.000000 2.704180 -5.543383
v 56.000000 2.704180 -5.543383
v 52.000000 2.000380 -5.195983
v 56.000000 2.000380 -5.195983
v 52.000000 1.347580 -4.760385
v 56.000000 1.347580 -4.760385
v 52.000000 0.757780 -4.242585
v 56.000000 0.757780 -4.242585
v 52.000000 0.239980 -3.652785
v 56.000000 0.239980 -3.652785
v 52.000000 -0.195620 -2.999986
v 56.000000 -0.195620 -2.999986
v 52.000000 -0.543020 -2.296186
v 56.000000 -0.543020 -2.296186
v 52.000000 -0.795020 -1.552786
v 56.000000 -0.795020 -1.552786
v 52.000000 -0.948020 -0.782986
v 56.000000 -0.948020 -0.782986
v 52.000000 -0.999620 0.000014
v 56.000000 -0.999620 0.000014
v 52.000000 -0.948020 0.783014
v 56.000000 -0.948020 0.783014
v 52.000000 -0.795020 1.552814
v 56.000000 -0.795020 1.552814
v 52.000000 -0.543030 2.296214
v 56.000000 -0.543030 2.296214
v 52.000000 -0.195630 3.000014
v 56.000000 -0.195630 3.000014
v 52.000000 0.239970 3.652815
v 56.000000 0.239970 3.652815
v 52.000000 0.757770 4.242615
v 56.000000 0.757770 4.242615
v 52.000000 1.347570 4.760416
v 56.000000 1.347570 4.760416
v 52.000000 2.000370 5.196017
v 56.000000 2.000370 5.196017
v 52.000000 2.704170 5.543417
v 56.000000 2.704170 5.543417
v 52.000000 3.447571 5.795418
v 56.000000 3.447571 5.795418
v 52.000000 4.217369 5.948419
v 56.000000 4.217369 5.948419
v 52.000000 5.000370 6.000020
v 56.000000 5.000370 6.000020
v 52.000000 5.783369 5.948420
v 56.000000 5.783369 5.948420
v 52.000000 6.553169 5.795422
v 56.000000 6.553169 5.795422
v 52.000000 7.296570 5.543421
v 56.000000 7.296570 5.543421
v 52.000000 8.000370 5.196022
v 56.000000 8.000370 5.196022
v 52.000000 8.653170 4.760423
v 56.000000 8.653170 4.760423
v 52.000000 9.242970 4.242623
v 56.000000 9.242970 4.242623
v 52.000000 9.760771 3.652824
v 56.000000 9.760771 3.652824
v 52.000000 10.196369 3.000024
v 56.000000 10.196369 3.000024
v 52.000000 10.543779 2.296225
v 56.000000 10.543779 2.296225
v 52.000000 10.795780 1.552825
v 56.000000 10.795780 1.552825
v 52.000000 10.948780 0.783025
v 56.000000 10.948780 0.783025
v 52.000000 11.000380 0.000025
v 56.000000 11.000380 0.000025
v 52.000000 10.948780 -0.782975
v 56.000000 10.948780 -0.782975
v 52.000000 10.795780 -1.552775
v 56.000000 10.795780 -1.552775
v 52.000000 10.543779 -2.296175
v 56.000000 10.543779 -2.296175
v 52.000000 10.196381 -2.999976
v 56.000000 10.196381 -2.999976
v 52.000000 9.760780 -3.652776
v 56.000000 9.760780 -3.652776
v 52.000000 9.242979 -4.242577
v 56.000000 9.242979 -4.242577
v 52.000000 8.653179 -4.760377
v 56.000000 8.653179 -4.760377
v 52.000000 8.000380 -5.195978
v 56.000000 8.000380 -5.195978
v 52.000000 7.296579 -5.543378
v 56.000000 7.296579 -5.543378
v 52.000000 6.553181 -5.795380
v 56.000000 6.553181 -5.795380
v 52.000000 5.783381 -5.948380
v 56.000000 5.783381 -5.948380
v 52.000000 3.956381 -7.931181
v 52.000000 5.000389 -7.999980
v 56.000000 5.000389 -7.999980
v 56.000000 3.956381 -7.931181
v 52.000000 2.929991 -7.727182
v 56.000000 2.929991 -7.727182
v 52.000000 1.938789 -7.391183
v 56.000000 1.938789 -7.391183
v 52.000000 1.000389 -6.927984
v 56.000000 1.000389 -6.927984
v 52.000000 0.129979 -6.347185
v 56.000000 0.129979 -6.347185
v 52.000000 -0.656420 -5.656786
v 56.000000 -0.656420 -5.656786
v 52.000000 -1.346820 -4.870387
v 56.000000 -1.346820 -4.870387
v 52.000000 -1.927620 -3.999987
v 56.000000 -1.927620 -3.999987
v 52.000000 -2.390820 -3.061588
v 56.000000 -2.390820 -3.061588
v 52.000000 -2.726820 -2.070388
v 56.000000 -2.726820 -2.070388
v 52.000000 -2.930820 -1.043989
v 56.000000 -2.930820 -1.043989
v 52.000000 -2.999620 0.000012
v 56.000000 -2.999620 0.000012
v 52.000000 -2.930820 1.044012
v 56.000000 -2.930820 1.044012
v 52.000000 -2.726820 2.070412
v 56.000000 -2.726820 2.070412
v 52.000000 -2.390830 3.061612
v 56.000000 -2.390830 3.061612
v 52.000000 -1.927630 4.000013
v 56.000000 -1.927630 4.000013
v 52.000000 -1.346830 4.870413
v 56.000000 -1.346830 4.870413
v 52.000000 -0.656430 5.656814
v 56.000000 -0.656430 5.656814
v 52.000000 0.129971 6.347215
v 56.000000 0.129971 6.347215
v 52.000000 1.000370 6.928016
v 56.000000 1.000370 6.928016
v 52.000000 1.938770 7.391217
v 56.000000 1.938770 7.391217
v 52.000000 2.929970 7.727218
v 56.000000 2.929970 7.727218
v 52.000000 3.956369 7.931219
v 56.000000 3.956369 7.931219
v 52.000000 5.000370 8.000019
v 56.000000 5.000370 8.000019
v 52.000000 6.044371 7.931221
v 56.000000 6.044371 7.931221
v 52.000000 7.070770 7.727221
v 56.000000 7.070770 7.727221
v 52.000000 8.061970 7.391222
v 56.000000 8.061970 7.391222
v 52.000000 9.000370 6.928023
v 56.000000 9.000370 6.928023
v 52.000000 9.870770 6.347224
v 56.000000 9.870770 6.347224
v 52.000000 10.657169 5.656824
v 56.000000 10.657169 5.656824
v 52.000000 11.347570 4.870426
v 56.000000 11.347570 4.870426
v 52.000000 11.928370 4.000026
v 56.000000 11.928370 4.000026
v 52.000000 12.391569 3.061627
v 56.000000 12.391569 3.061627
v 52.000000 12.727579 2.070427
v 56.000000 12.727579 2.070427
v 52.000000 12.931580 1.044027
v 56.000000 12.931580 1.044027
v 52.000000 13.000380 0.000027
v 56.000000 13.000380 0.000027
v 52.000000 12.931580 -1.043973
v 56.000000 12.931580 -1.043973
v 52.000000 12.727579 -2.070373
v 56.000000 12.727579 -2.070373
v 52.000000 12.391581 -3.061573
v 56.000000 12.391581 -3.061573
v 52.000000 11.928379 -3.999974
v 56.000000 11.928379 -3.999974
v 52.000000 11.347580 -4.870374
v 56.000000 11.347580 -4.870374
v 52.000000 10.657181 -5.656775
v 56.000000 10.657181 -5.656775
v 52.000000 9.870781 -6.347176
v 56.000000 9.870781 -6.347176
v 52.000000 9.000389 -6.927977
v 56.000000 9.000389 -6.927977
v 52.000000 8.061991 -7.391178
v 56.000000 8.061991 -7.391178
v 52.000000 7.070789 -7.727179
v 56.000000 7.070789 -7.727179
v 52.000000 6.044390 -7.931180
v 56.000000 6.044390 -7.931180
v 56.000000 5.000380 -5.999980
v 56.000000 4.217381 -5.948381
v 56.000000 3.956381 -7.931181
v 56.000000 5.000389 -7.999980
v 56.000000 3.447580 -5.795382
v 56.000000 2.929991 -7.727182
v 56.000000 2.704180 -5.543383
v 56.000000 1.938789 -7.391183
v 56.000000 2.000380 -5.195983
v 56.000000 1.000389 -6.927984
v 56.000000 1.347580 -4.760385
v 56.000000 0.129979 -6.347185
v 56.000000 0.757780 -4.242585
v 56.000000 -0.656420 -5.656786
v 56.000000 0.239980 -3.652785
v 56.000000 -1.346820 -4.870387
v 56.000000 -0.195620 -2.999986
v 56.000000 -1.927620 -3.999987
v 56.000000 -0.543020 -2.296186
v 56.000000 -2.390820 -3.061588
v 56.000000 -0.795020 -1.552786
v 56.000000 -2.726820 -2.070388
v 56.000000 -0.948020 -0.782986
v 56.000000 -2.930820 -1.043989
v 56.000000 -0.999620 0.000014
v 56.000000 -2.999620 0.000012
v 56.000000 -0.948020 0.783014
v 56.000000 -2.930820 1.044012
v 56.000000 -0.795020 1.552814
v 56.000000 -2.726820 2.070412
v 56.000000 -0.543030 2.296214
v 56.000000 -2.390830 3.061612
v 56.000000 -0.195630 3.000014
v 56.000000 -1.927630 4.000013
v 56.000000 0.239970 3.652815
v 56.000000 -1.346830 4.870413
v 56.000000 0.757770 4.242615
v 56.000000 -0.656430 5.656814
v 56.000000 1.347570 4.760416
v 56.000000 0.129971 6.347215
v 56.000000 2.000370 5.196017
v 56.000000 1.000370 6.928016
v 56.000000 2.704170 5.543417
v 56.000000 1.938770 7.391217
v 56.000000 3.447571 5.795418
v 56.000000 2.929970 7.727218
v 56.000000 4.217369 5.948419
v 56.000000 3.956369 7.931219
v 56.000000 5.000370 6.000020
v 56.000000 5.000370 8.000019
v 56.000000 5.783369 5.948420
v 56.000000 6.044371 7.931221
v 56.000000 6.553169 5.795422
v 56.000000 7.070770 7.727221
v 56.000000 7.296570 5.543421
v 56.000000 8.061970 7.391222
v 56.000000 8.000370 5.196022
v 56.000000 9.000370 6.928023
v 56.000000 8.653170 4.760423
v 56.000000 9.870770 6.347224
v 56.000000 9.242970 4.242623
v 56.000000 10.657169 5.656824
v 56.000000 9.760771 3.652824
v 56.000000 11.347570 4.870426
v 56.000000 10.196369 3.000024
v 56.000000 11.928370 4.000026
v 56.000000 10.543779 2.296225
v 56.000000 12.391569 3.061627
v 56.000000 10.795780 1.552825
v 56.000000 12.727579 2.070427
v 56.000000 10.948780 0.783025
v 56.000000 12.931580 1.044027
v 56.000000 11.000380 0.000025
v 56.000000 13.000380 0.000027
v 56.000000 10.948780 -0.782975
v 56.000000 12.931580 -1.043973
v 56.000000 10.795780 -1.552775
v 56.000000 12.727579 -2.070373
v 56.000000 10.543779 -2.296175
v 56.000000 12.391581 -3.061573
v 56.000000 10.196381 -2.999976
v 56.000000 11.928379 -3.999974
v 56.000000 9.760780 -3.652776
v 56.000000 11.347580 -4.870374
v 56.000000 9.242979 -4.242577
v 56.000000 10.657181 -5.656775
v 56.000000 8.653179 -4.760377
v 56.000000 9.870781 -6.347176
v 56.000000 8.000380 -5.195978
v 56.000000 9.000389 -6.927977
v 56.000000 7.296579 -5.543378
v 56.000000 8.061991 -7.391178
v 56.000000 6.553181 -5.795380
v 56.000000 7.070789 -7.727179
v 56.000000 5.783381 -5.948380
v 56.000000 6.044390 -7.931180
v 56.000000 -14.999617 -6.000000
v 56.000000 -14.216617 -5.948399
v 56.000000 -13.955614 -7.931199
v 56.000000 -14.999615 -8.000000
v 56.000000 -13.446816 -5.795399
v 56.000000 -12.929214 -7.727198
v 56.000000 -12.703418 -5.543397
v 56.000000 -11.938015 -7.391197
v 56.000000 -11.999618 -5.195997
v 56.000000 -10.999616 -6.927997
v 56.000000 -11.346817 -4.760396
v 56.000000 -10.129217 -6.347196
v 56.000000 -10.757019 -4.242597
v 56.000000 -9.342817 -5.656795
v 56.000000 -10.239220 -3.652796
v 56.000000 -8.652418 -4.870393
v 56.000000 -9.803619 -2.999995
v 56.000000 -8.071619 -3.999994
v 56.000000 -9.456221 -2.296195
v 56.000000 -7.608419 -3.061593
v 56.000000 -9.204221 -1.552794
v 56.000000 -7.272420 -2.070392
v 56.000000 -9.051221 -0.782994
v 56.000000 -7.068421 -1.043993
v 56.000000 -8.999622 0.000006
v 56.000000 -6.999622 0.000008
v 56.000000 -9.051223 0.783006
v 56.000000 -7.068423 1.044007
v 56.000000 -9.204224 1.552806
v 56.000000 -7.272425 2.070408
v 56.000000 -9.456224 2.296206
v 56.000000 -7.608426 3.061608
v 56.000000 -9.803626 3.000005
v 56.000000 -8.071627 4.000007
v 56.000000 -10.239225 3.652805
v 56.000000 -8.652428 4.870407
v 56.000000 -10.757027 4.242603
v 56.000000 -9.342827 5.656806
v 56.000000 -11.346827 4.760404
v 56.000000 -10.129229 6.347205
v 56.000000 -11.999628 5.196003
v 56.000000 -10.999628 6.928003
v 56.000000 -12.703427 5.543402
v 56.000000 -11.938029 7.391203
v 56.000000 -13.446828 5.795402
v 56.000000 -12.929230 7.727202
v 56.000000 -14.216628 5.948401
v 56.000000 -13.955630 7.931201
v 56.000000 -14.999628 6.000000
v 56.000000 -14.999630 8.000000
v 56.000000 0.757768 -24.242613
v 56.000000 0.240598 -23.652472
v 56.000000 -1.346012 -24.869963
v 56.000000 -0.656442 -25.656822
v 56.000000 -0.195552 -22.999952
v 56.000000 -1.927532 -23.999943
v 56.000000 -0.543022 -22.296103
v 56.000000 -2.390832 -23.061470
v 56.000000 -0.795032 -21.552792
v 56.000000 -2.726842 -22.070391
v 56.000000 -0.948622 -20.783173
v 56.000000 -2.931622 -21.044241
v 56.000000 -0.999532 -19.999983
v 56.000000 -2.999502 -19.999990
v 56.000000 -0.948622 -19.216791
v 56.000000 -2.931622 -18.955730
v 56.000000 -0.795041 -18.447182
v 56.000000 -2.726851 -17.929581
v 56.000000 -0.543031 -17.703873
v 56.000000 -2.390831 -16.938511
v 56.000000 -0.195551 -17.000021
v 56.000000 -1.927541 -16.000042
v 56.000000 0.240589 -16.347502
v 56.000000 -1.346011 -15.130011
v 56.000000 0.757759 -15.757351
v 56.000000 -0.656451 -14.343151
v 56.000000 1.347908 -15.240181
v 56.000000 0.130419 -13.653571
v 56.000000 2.000427 -14.804031
v 56.000000 1.000439 -13.072051
v 56.000000 2.704279 -14.456561
v 56.000000 1.938910 -12.608761
v 56.000000 3.447588 -14.204551
v 56.000000 2.929991 -12.272741
v 56.000000 4.217197 -14.050961
v 56.000000 3.956141 -12.067962
v 56.000000 5.000387 -14.000051
v 56.000000 5.000389 -12.000082
v 56.000000 5.783579 -14.050961
v 56.000000 6.044640 -12.067962
v 56.000000 6.553198 -14.204542
v 56.000000 7.070801 -12.272732
v 56.000000 7.296497 -14.456562
v 56.000000 8.061871 -12.608752
v 56.000000 8.000359 -14.804032
v 56.000000 9.000338 -13.072042
v 56.000000 8.652868 -15.240171
v 56.000000 9.870358 -13.653572
v 56.000000 9.243017 -15.757352
v 56.000000 10.657228 -14.343132
v 52.000000 -10.999659 37.209999
v 52.000000 -0.459657 35.110020
v 52.000000 -9.343628 5.656005
v 52.000000 -10.999628 6.750003
v 52.000000 -10.999616 -6.749997
v 52.000000 -9.343616 -5.655994
v 52.000000 -0.459593 -35.109989
v 52.000000 -10.999587 -37.209999
v 52.000000 11.870409 -26.869972
v 52.000000 13.280409 -28.279972
v 52.000000 8.340408 -31.679981
v 52.000000 8.340351 31.680029
v 52.000000 13.280352 28.280027
v 52.000000 11.870352 26.870028
v 52.000000 -6.999622 0.000008
v 52.000000 -7.607625 3.064008
v 52.000000 20.110359 14.540037
v 52.000000 23.000381 0.000037
v 52.000000 20.110390 -14.539963
v 52.000000 -7.607619 -3.063993
v 52.000000 16.680399 -23.339972
v 52.000000 16.680351 23.340029
v -40.000000 -14.216617 -5.948399
v -40.000000 -13.433611 -11.896800
v -40.000000 -14.999611 -12.000000
v -40.000000 -14.999617 -6.000000
v -40.000000 -13.446816 -5.795399
v -40.000000 -11.894011 -11.590800
v -40.000000 -12.703418 -5.543397
v -40.000000 -10.407211 -11.086790
v -40.000000 -11.999618 -5.195997
v -40.000000 -8.999612 -10.391990
v -40.000000 -11.346817 -4.760396
v -40.000000 -7.694013 -9.520793
v -40.000000 -10.757019 -4.242597
v -40.000000 -6.514415 -8.485192
v -40.000000 -10.239220 -3.652796
v -40.000000 -5.478816 -7.305591
v -40.000000 -9.803619 -2.999995
v -40.000000 -4.607620 -5.999990
v -40.000000 -9.456221 -2.296195
v -40.000000 -3.912820 -4.592390
v -40.000000 -9.204221 -1.552794
v -40.000000 -3.408820 -3.105589
v -40.000000 -9.051221 -0.782994
v -40.000000 -3.102820 -1.565989
v -40.000000 -8.999622 0.000006
v -40.000000 -2.999620 0.000012
v -40.000000 -9.051223 0.783006
v -40.000000 -3.102820 1.566011
v -40.000000 -9.204224 1.552806
v -40.000000 -3.408820 3.105611
v -40.000000 -9.456224 2.296206
v -40.000000 -3.912830 4.592411
v -40.000000 -9.803626 3.000005
v -40.000000 -4.607630 6.000010
v -40.000000 -10.239225 3.652805
v -40.000000 -5.478829 7.305609
v -40.000000 -10.757027 4.242603
v -40.000000 -6.514430 8.485209
v -40.000000 -11.346827 4.760404
v -40.000000 -7.694031 9.520806
v -40.000000 -11.999628 5.196003
v -40.000000 -8.999632 10.392010
v -40.000000 -12.703427 5.543402
v -40.000000 -10.407233 11.086800
v -40.000000 -13.446828 5.795402
v -40.000000 -11.894034 11.590800
v -40.000000 -14.216628 5.948401
v -40.000000 -13.433634 11.896800
v -40.000000 -14.999628 6.000000
v -40.000000 -14.999634 12.000000
v -40.000000 -12.911608 -15.862400
v -40.000000 -14.999607 -16.000000
v -40.000000 -10.858807 -15.454400
v -40.000000 -8.876408 -14.782390
v -40.000000 -6.999609 -13.855991
v -40.000000 -5.258810 -12.694391
v -40.000000 -3.686011 -11.313591
v -40.000000 -2.305211 -9.740788
v -40.000000 -1.143611 -7.999987
v -40.000000 -0.217220 -6.123186
v -40.000000 0.454780 -4.140785
v -40.000000 0.862780 -2.087985
v -40.000000 1.000380 0.000015
v -40.000000 0.862780 2.088016
v -40.000000 0.454770 4.140815
v -40.000000 -0.217230 6.123214
v -40.000000 -1.143629 8.000013
v -40.000000 -2.305229 9.740812
v -40.000000 -3.686029 11.313609
v -40.000000 -5.258835 12.694409
v -40.000000 -6.999636 13.856009
v -40.000000 -8.876437 14.782410
v -40.000000 -10.858838 15.454400
v -40.000000 -12.911638 15.862400
v -40.000000 -14.999638 16.000000
v -40.000000 -12.389604 -19.827999
v -40.000000 -14.999603 -20.000000
v -40.000000 -9.823604 -19.318001
v -40.000000 -7.345604 -18.477989
v -40.000000 -4.999601 -17.319990
v -40.000000 -2.823611 -15.867990
v -40.000000 -0.857611 -14.141991
v -40.000000 0.868389 -12.175981
v -40.000000 2.320391 -9.999983
v -40.000000 3.478390 -7.653983
v -40.000000 4.318380 -5.175982
v -40.000000 4.828381 -2.609980
v -40.000000 5.000380 0.000019
v -40.000000 4.828369 2.610020
v -40.000000 4.318371 5.176019
v -40.000000 3.478371 7.654017
v -40.000000 2.320370 10.000019
v -40.000000 0.868371 12.176019
v -40.000000 -0.857639 14.142009
v -40.000000 -2.823639 15.868009
v -40.000000 -4.999640 17.320009
v -40.000000 -7.345641 18.478010
v -40.000000 -9.823641 19.318010
v -40.000000 -12.389642 19.827999
v -40.000000 -14.999641 20.000000
v -40.000000 -9.779584 -39.655991
v -40.000000 -14.999583 -40.000000
v -40.000000 -4.647583 -38.635990
v -40.000000 0.308417 -36.955990
v -40.000000 5.000408 -34.639980
v -40.000000 9.352407 -31.735981
v -40.000000 13.284399 -28.283972
v -40.000000 16.736399 -24.351973
v -40.000000 19.640400 -19.999962
v -40.000000 21.956390 -15.307962
v -40.000000 23.636391 -10.351963
v -40.000000 24.656380 -5.219962
v -40.000000 25.000381 0.000039
v -40.000000 24.656368 5.220039
v -40.000000 23.636372 10.352037
v -40.000000 21.956360 15.308037
v -40.000000 19.640362 20.000038
v -40.000000 16.736351 24.352028
v -40.000000 13.284351 28.284029
v -40.000000 9.352343 31.736017
v -40.000000 5.000341 34.640018
v -40.000000 0.308343 36.956020
v -40.000000 -4.647657 38.636009
v -40.000000 -9.779661 39.655998
v -40.000000 -14.999661 40.000000
v -36.000000 -14.216617 -5.948399
v -36.000000 -13.433611 -11.896800
v -36.000000 -14.999611 -12.000000
v -36.000000 -14.999617 -6.000000
v -36.000000 -13.446816 -5.795399
v -36.000000 -11.894011 -11.590800
v -36.000000 -12.703418 -5.543397
v -36.000000 -10.407211 -11.086790
v -36.000000 -11.999618 -5.195997
v -36.000000 -8.999612 -10.391990
v -36.000000 -11.346817 -4.760396
v -36.000000 -7.694013 -9.520793
v -36.000000 -10.757019 -4.242597
v -36.000000 -6.514415 -8.485192
v -36.000000 -10.239220 -3.652796
v -36.000000 -5.478816 -7.305591
v -36.000000 -9.803619 -2.999995
v -36.000000 -4.607620 -5.999990
v -36.000000 -9.456221 -2.296195
v -36.000000 -3.912820 -4.592390
v -36.000000 -9.204221 -1.552794
v -36.000000 -3.408820 -3.105589
v -36.000000 -9.051221 -0.782994
v -36.000000 -3.102820 -1.565989
v -36.000000 -8.999622 0.000006
v -36.000000 -2.999620 0.000012
v -36.000000 -9.051223 0.783006
v -36.000000 -3.102820 1.566011
v -36.000000 -9.204224 1.552806
v -36.000000 -3.408820 3.105611
v -36.000000 -9.456224 2.296206
v -36.000000 -3.912830 4.592411
v -36.000000 -9.803626 3.000005
v -36.000000 -4.607630 6.000010
v -36.000000 -10.239225 3.652805
v -36.000000 -5.478829 7.305609
v -36.000000 -10.757027 4.242603
v -36.000000 -6.514430 8.485209
v -36.000000 -11.346827 4.760404
v -36.000000 -7.694031 9.520806
v -36.000000 -11.999628 5.196003
v -36.000000 -8.999632 10.392010
v -36.000000 -12.703427 5.543402
v -36.000000 -10.407233 11.086800
v -36.000000 -13.446828 5.795402
v -36.000000 -11.894034 11.590800
v -36.000000 -14.216628 5.948401
v -36.000000 -13.433634 11.896800
v -36.000000 -14.999628 6.000000
v -36.000000 -14.999634 12.000000
v -36.000000 -12.911608 -15.862400
v -36.000000 -14.999607 -16.000000
v -36.000000 -10.858807 -15.454400
v -36.000000 -8.876408 -14.782390
v -36.000000 -6.999609 -13.855991
v -36.000000 -5.258810 -12.694391
v -36.000000 -3.686011 -11.313591
v -36.000000 -2.305211 -9.740788
v -36.000000 -1.143611 -7.999987
v -36.000000 -0.217220 -6.123186
v -36.000000 0.454780 -4.140785
v -36.000000 0.862780 -2.087985
v -36.000000 1.000380 0.000015
v -36.000000 0.862780 2.088016
v -36.000000 0.454770 4.140815
v -36.000000 -0.217230 6.123214
v -36.000000 -1.143629 8.000013
v -36.000000 -2.305229 9.740812
v -36.000000 -3.686029 11.313609
v -36.000000 -5.258835 12.694409
v -36.000000 -6.999636 13.856009
v -36.000000 -8.876437 14.782410
v -36.000000 -10.858838 15.454400
v -36.000000 -12.911638 15.862400
v -36.000000 -14.999638 16.000000
v -36.000000 -12.911187 -15.863120
v -36.000000 -12.650133 -17.846010
v -36.000000 -14.999605 -18.000000
v -36.000000 -10.858503 -15.454810
v -36.000000 -10.340863 -17.386660
v -36.000000 -8.111304 -16.629820
v -36.000000 -5.999607 -15.588451
v -36.000000 -5.259428 -12.693641
v -36.000000 -4.041901 -14.280351
v -36.000000 -2.271691 -12.727911
v -36.000000 -2.305961 -9.740170
v -36.000000 -0.719251 -10.957691
v -36.000000 0.588849 -8.999985
v -36.000000 1.630220 -6.888287
v -36.000000 0.455200 -4.141091
v -36.000000 2.387051 -4.658728
v -36.000000 0.863500 -2.088403
v -36.000000 2.846390 -2.349452
v -36.000000 3.000380 0.000018
v -36.000000 0.863490 2.088435
v -36.000000 2.846380 2.349489
v -36.000000 0.455190 4.141121
v -36.000000 2.387039 4.658761
v -36.000000 1.630199 6.888319
v -36.000000 0.588831 9.000015
v -36.000000 -2.305979 9.740194
v -36.000000 -0.719269 10.957719
v -36.000000 -2.271709 12.727939
v -36.000000 -5.259453 12.693659
v -36.000000 -4.041929 14.280369
v -36.000000 -5.999638 15.588470
v -36.000000 -8.111340 16.629841
v -36.000000 -10.858536 15.454820
v -36.000000 -10.340899 17.386669
v -36.000000 -12.911220 15.863120
v -36.000000 -12.650169 17.846010
v -36.000000 -14.999641 18.000000
v -36.000000 -12.519605 -18.837500
v -36.000000 -14.999604 -19.000000
v -36.000000 -10.082005 -18.352591
v -36.000000 -7.728605 -17.553690
v -36.000000 -5.499606 -16.454491
v -36.000000 -3.433111 -15.073691
v -36.000000 -1.564610 -13.434991
v -36.000000 0.074089 -11.566481
v -36.000000 1.454889 -9.499984
v -36.000000 2.554079 -7.270983
v -36.000000 3.352980 -4.917583
v -36.000000 3.837879 -2.479981
v -36.000000 4.000380 0.000018
v -36.000000 3.837879 2.480019
v -36.000000 3.352970 4.917618
v -36.000000 2.554070 7.271017
v -36.000000 1.454870 9.500016
v -36.000000 0.074071 11.566509
v -36.000000 -1.564639 13.435009
v -36.000000 -3.433139 15.073709
v -36.000000 -5.499640 16.454510
v -36.000000 -7.728640 17.553711
v -36.000000 -10.082039 18.352610
v -36.000000 -12.519641 18.837500
v -36.000000 -14.999640 19.000000
v -36.000000 -10.040586 -37.673191
v -36.000000 -14.999586 -38.000000
v -36.000000 -10.082405 -18.352091
v -36.000000 -5.165187 -36.704189
v -36.000000 -0.456993 -35.108181
v -36.000000 4.000408 -32.907982
v -36.000000 -3.432411 -15.074591
v -36.000000 8.134808 -30.149181
v -36.000000 11.870197 -26.869772
v -36.000000 0.074989 -11.567181
v -36.000000 15.149597 -23.134373
v -36.000000 17.908401 -18.999971
v -36.000000 20.108589 -14.542562
v -36.000000 3.352480 -4.917182
v -36.000000 21.704590 -9.834365
v -36.000000 22.673580 -4.958964
v -36.000000 23.000381 0.000037
v -36.000000 22.673569 4.959036
v -36.000000 3.352470 4.917218
v -36.000000 21.704571 9.834435
v -36.000000 20.108559 14.542637
v -36.000000 17.908360 19.000029
v -36.000000 0.074971 11.567209
v -36.000000 15.149551 23.134428
v -36.000000 11.870152 26.869827
v -36.000000 -3.432439 15.074609
v -36.000000 8.134752 30.149227
v -36.000000 4.000341 32.908020
v -36.000000 -0.457057 35.108219
v -36.000000 -10.082439 18.352110
v -36.000000 -5.165257 36.704208
v -36.000000 -10.040658 37.673199
v -36.000000 -14.999659 38.000000
v 48.000000 -14.216617 -5.948399
v 48.000000 -13.433611 -11.896800
v 48.000000 -14.999611 -12.000000
v 48.000000 -14.999617 -6.000000
v 48.000000 -13.446816 -5.795399
v 48.000000 -11.894011 -11.590800
v 48.000000 -12.703418 -5.543397
v 48.000000 -10.407211 -11.086790
v 48.000000 -11.999618 -5.195997
v 48.000000 -8.999612 -10.391990
v 48.000000 -11.346817 -4.760396
v 48.000000 -7.694013 -9.520793
v 48.000000 -10.757019 -4.242597
v 48.000000 -6.514415 -8.485192
v 48.000000 -10.239220 -3.652796
v 48.000000 -5.478816 -7.305591
v 48.000000 -9.803619 -2.999995
v 48.000000 -4.607620 -5.999990
v 48.000000 -9.456221 -2.296195
v 48.000000 -3.912820 -4.592390
v 48.000000 -9.204221 -1.552794
v 48.000000 -3.408820 -3.105589
v 48.000000 -9.051221 -0.782994
v 48.000000 -3.102820 -1.565989
v 48.000000 -8.999622 0.000006
v 48.000000 -2.999620 0.000012
v 48.000000 -9.051223 0.783006
v 48.000000 -3.102820 1.566011
v 48.000000 -9.204224 1.552806
v 48.000000 -3.408820 3.105611
v 48.000000 -9.456224 2.296206
v 48.000000 -3.912830 4.592411
v 48.000000 -9.803626 3.000005
v 48.000000 -4.607630 6.000010
v 48.000000 -10.239225 3.652805
v 48.000000 -5.478829 7.305609
v 48.000000 -10.757027 4.242603
v 48.000000 -6.514430 8.485209
v 48.000000 -11.346827 4.760404
v 48.000000 -7.694031 9.520806
v 48.000000 -11.999628 5.196003
v 48.000000 -8.999632 10.392010
v 48.000000 -12.703427 5.543402
v 48.000000 -10.407233 11.086800
v 48.000000 -13.446828 5.795402
v 48.000000 -11.894034 11.590800
v 48.000000 -14.216628 5.948401
v 48.000000 -13.433634 11.896800
v 48.000000 -14.999628 6.000000
v 48.000000 -14.999634 12.000000
v 48.000000 -12.911608 -15.862400
v 48.000000 -14.999607 -16.000000
v 48.000000 -10.858807 -15.454400
v 48.000000 -8.876408 -14.782390
v 48.000000 -6.999609 -13.855991
v 48.000000 -5.258810 -12.694391
v 48.000000 -3.686011 -11.313591
v 48.000000 -2.305211 -9.740788
v 48.000000 -1.143611 -7.999987
v 48.000000 -0.217220 -6.123186
v 48.000000 0.454780 -4.140785
v 48.000000 0.862780 -2.087985
v 48.000000 1.000380 0.000015
v 48.000000 0.862780 2.088016
v 48.000000 0.454770 4.140815
v 48.000000 -0.217230 6.123214
v 48.000000 -1.143629 8.000013
v 48.000000 -2.305229 9.740812
v 48.000000 -3.686029 11.313609
v 48.000000 -5.258835 12.694409
v 48.000000 -6.999636 13.856009
v 48.000000 -8.876437 14.782410
v 48.000000 -10.858838 15.454400
v 48.000000 -12.911638 15.862400
v 48.000000 -14.999638 16.000000
v 48.000000 -12.911187 -15.863120
v 48.000000 -12.650133 -17.846010
v 48.000000 -14.999605 -18.000000
v 48.000000 -10.858503 -15.454810
v 48.000000 -10.340863 -17.386660
v 48.000000 -8.111304 -16.629820
v 48.000000 -5.999607 -15.588451
v 48.000000 -5.259428 -12.693641
v 48.000000 -4.041901 -14.280351
v 48.000000 -2.271691 -12.727911
v 48.000000 -2.305961 -9.740170
v 48.000000 -0.719251 -10.957691
v 48.000000 0.588849 -8.999985
v 48.000000 1.630220 -6.888287
v 48.000000 0.455200 -4.141091
v 48.000000 2.387051 -4.658728
v 48.000000 0.863500 -2.088403
v 48.000000 2.846390 -2.349452
v 48.000000 3.000380 0.000018
v 48.000000 0.863490 2.088435
v 48.000000 2.846380 2.349489
v 48.000000 0.455190 4.141121
v 48.000000 2.387039 4.658761
v 48.000000 1.630199 6.888319
v 48.000000 0.588831 9.000015
v 48.000000 -2.305979 9.740194
v 48.000000 -0.719269 10.957719
v 48.000000 -2.271709 12.727939
v 48.000000 -5.259453 12.693659
v 48.000000 -4.041929 14.280369
v 48.000000 -5.999638 15.588470
v 48.000000 -8.111340 16.629841
v 48.000000 -10.858536 15.454820
v 48.000000 -10.340899 17.386669
v 48.000000 -12.911220 15.863120
v 48.000000 -12.650169 17.846010
v 48.000000 -14.999641 18.000000
v 48.000000 -12.519605 -18.837500
v 48.000000 -14.999604 -19.000000
v 48.000000 -10.082005 -18.352591
v 48.000000 -7.728605 -17.553690
v 48.000000 -5.499606 -16.454491
v 48.000000 -3.433111 -15.073691
v 48.000000 -1.564610 -13.434991
v 48.000000 0.074089 -11.566481
v 48.000000 1.454889 -9.499984
v 48.000000 2.554079 -7.270983
v 48.000000 3.352980 -4.917583
v 48.000000 3.837879 -2.479981
v 48.000000 4.000380 0.000018
v 48.000000 3.837879 2.480019
v 48.000000 3.352970 4.917618
v 48.000000 2.554070 7.271017
v 48.000000 1.454870 9.500016
v 48.000000 0.074071 11.566509
v 48.000000 -1.564639 13.435009
v 48.000000 -3.433139 15.073709
v 48.000000 -5.499640 16.454510
v 48.000000 -7.728640 17.553711
v 48.000000 -10.082039 18.352610
v 48.000000 -12.519641 18.837500
v 48.000000 -14.999640 19.000000
v 48.000000 -10.040586 -37.673191
v 48.000000 -14.999586 -38.000000
v 48.000000 -10.082405 -18.352091
v 48.000000 -5.165187 -36.704189
v 48.000000 -0.456993 -35.108181
v 48.000000 4.000408 -32.907982
v 48.000000 -3.432411 -15.074591
v 48.000000 8.134808 -30.149181
v 48.000000 11.870197 -26.869772
v 48.000000 0.074989 -11.567181
v 48.000000 15.149597 -23.134373
v 48.000000 17.908401 -18.999971
v 48.000000 20.108589 -14.542562
v 48.000000 3.352480 -4.917182
v 48.000000 21.704590 -9.834365
v 48.000000 22.673580 -4.958964
v 48.000000 23.000381 0.000037
v 48.000000 22.673569 4.959036
v 48.000000 3.352470 4.917218
v 48.000000 21.704571 9.834435
v 48.000000 20.108559 14.542637
v 48.000000 17.908360 19.000029
v 48.000000 0.074971 11.567209
v 48.000000 15.149551 23.134428
v 48.000000 11.870152 26.869827
v 48.000000 -3.432439 15.074609
v 48.000000 8.134752 30.149227
v 48.000000 4.000341 32.908020
v 48.000000 -0.457057 35.108219
v 48.000000 -10.082439 18.352110
v 48.000000 -5.165257 36.704208
v 48.000000 -10.040658 37.673199
v 48.000000 -14.999659 38.000000
v 56.000000 -14.216617 -5.948399
v 56.000000 -14.999617 -6.000000
v 48.000000 -14.999617 -6.000000
v 48.000000 -14.216617 -5.948399
v 56.000000 -13.446816 -5.795399
v 48.000000 -13.446816 -5.795399
v 56.000000 -12.703418 -5.543397
v 48.000000 -12.703418 -5.543397
v 56.000000 -11.999618 -5.195997
v 48.000000 -11.999618 -5.195997
v 56.000000 -11.346817 -4.760396
v 48.000000 -11.346817 -4.760396
v 56.000000 -10.757019 -4.242597
v 48.000000 -10.757019 -4.242597
v 56.000000 -10.239220 -3.652796
v 48.000000 -10.239220 -3.652796
v 56.000000 -9.803619 -2.999995
v 48.000000 -9.803619 -2.999995
v 56.000000 -9.456221 -2.296195
v 48.000000 -9.456221 -2.296195
v 56.000000 -9.204221 -1.552794
v 48.000000 -9.204221 -1.552794
v 56.000000 -9.051221 -0.782994
v 48.000000 -9.051221 -0.782994
v 56.000000 -8.999622 0.000006
v 48.000000 -8.999622 0.000006
v 56.000000 -9.051223 0.783006
v 48.000000 -9.051223 0.783006
v 56.000000 -9.204224 1.552806
v 48.000000 -9.204224 1.552806
v 56.000000 -9.456224 2.296206
v 48.000000 -9.456224 2.296206
v 56.000000 -9.803626 3.000005
v 48.000000 -9.803626 3.000005
v 56.000000 -10.239225 3.652805
v 48.000000 -10.239225 3.652805
v 56.000000 -10.757027 4.242603
v 48.000000 -10.757027 4.242603
v 56.000000 -11.346827 4.760404
v 48.000000 -11.346827 4.760404
v 56.000000 -11.999628 5.196003
v 48.000000 -11.999628 5.196003
v 56.000000 -12.703427 5.543402
v 48.000000 -12.703427 5.543402
v 56.000000 -13.446828 5.795402
v 48.000000 -13.446828 5.795402
v 56.000000 -14.216628 5.948401
v 48.000000 -14.216628 5.948401
v 56.000000 -14.999628 6.000000
v 48.000000 -14.999628 6.000000
v 48.000000 -14.999628 6.000000
v 48.000000 -14.999659 38.000000
v 56.000000 -14.999661 40.000000
v 56.000000 -14.999628 6.000000
v 52.000000 0.310343 36.960011
v 52.000000 8.340351 31.680029
v 56.000000 8.340351 31.680029
v 56.000000 0.310343 36.960011
v 52.000000 8.340351 31.680029
v 52.000000 0.760352 24.240019
v 56.000000 0.760352 24.240019
v 56.000000 8.340351 31.680029
v 56.000000 0.243502 23.650229
v 52.000000 0.243502 23.650229
v 56.000000 -0.192369 22.998117
v 52.000000 -0.192369 22.998117
v 56.000000 -0.539628 22.294699
v 52.000000 -0.539628 22.294699
v 56.000000 -0.791478 21.551859
v 52.000000 -0.791478 21.551859
v 56.000000 -0.944968 20.782719
v 52.000000 -0.944968 20.782719
v 56.000000 -0.995848 20.000017
v 52.000000 -0.995848 20.000017
v 56.000000 -0.944968 19.217308
v 52.000000 -0.944968 19.217308
v 56.000000 -0.791479 18.448177
v 52.000000 -0.791479 18.448177
v 56.000000 -0.539619 17.705328
v 52.000000 -0.539619 17.705328
v 56.000000 -0.192369 17.001907
v 52.000000 -0.192369 17.001907
v 56.000000 0.243511 16.349798
v 52.000000 0.243511 16.349798
v 56.000000 0.760361 15.760019
v 52.000000 0.760361 15.760019
v 56.000000 1.350151 15.243159
v 52.000000 1.350151 15.243159
v 56.000000 2.002262 14.807289
v 52.000000 2.002262 14.807289
v 56.000000 2.705683 14.460029
v 52.000000 2.705683 14.460029
v 56.000000 3.448523 14.208179
v 52.000000 3.448523 14.208179
v 56.000000 4.217663 14.054688
v 52.000000 4.217663 14.054688
v 56.000000 5.000362 14.003808
v 52.000000 5.000362 14.003808
v 56.000000 5.783072 14.054688
v 52.000000 5.783072 14.054688
v 56.000000 6.552202 14.208179
v 52.000000 6.552202 14.208179
v 56.000000 7.295052 14.460038
v 52.000000 7.295052 14.460038
v 56.000000 7.998472 14.807298
v 52.000000 7.998472 14.807298
v 56.000000 8.650581 15.243168
v 52.000000 8.650581 15.243168
v 56.000000 9.240362 15.760028
v 52.000000 9.240362 15.760028
v 56.000000 9.242992 15.757388
v 56.000000 8.652842 15.240218
v 56.000000 9.870342 13.653618
v 56.000000 10.657202 14.343188
v 56.000000 8.000332 14.804078
v 56.000000 9.000313 13.072088
v 56.000000 7.296473 14.456598
v 56.000000 8.061850 12.608798
v 56.000000 6.553171 14.204588
v 56.000000 7.070770 12.272779
v 56.000000 5.783552 14.051008
v 56.000000 6.044621 12.067998
v 56.000000 5.000362 14.000088
v 56.000000 5.000360 12.000118
v 56.000000 4.217173 14.050998
v 56.000000 3.956110 12.067998
v 56.000000 3.447561 14.204589
v 56.000000 2.929960 12.272779
v 56.000000 2.704252 14.456599
v 56.000000 1.938881 12.608789
v 56.000000 2.000402 14.804070
v 56.000000 1.000412 13.072079
v 56.000000 1.347881 15.240209
v 56.000000 0.130391 13.653609
v 56.000000 0.757730 15.757389
v 56.000000 -0.656479 14.343179
v 56.000000 0.240551 16.347528
v 56.000000 -1.346049 15.130039
v 56.000000 -0.195589 17.000048
v 56.000000 -1.927569 16.000057
v 56.000000 -0.543059 17.703897
v 56.000000 -2.390869 16.938530
v 56.000000 -0.795069 18.447208
v 56.000000 -2.726879 17.929609
v 56.000000 -0.948658 19.216827
v 56.000000 -2.931658 18.955759
v 56.000000 -0.999568 20.000017
v 56.000000 -2.999548 20.000010
v 56.000000 -0.948658 20.783209
v 56.000000 -2.931668 21.044270
v 56.000000 -0.795078 21.552818
v 56.000000 -2.726888 22.070419
v 56.000000 -0.543068 22.296127
v 56.000000 -2.390868 23.061489
v 56.000000 -0.195588 22.999979
v 56.000000 -1.927578 23.999958
v 56.000000 0.240552 23.652498
v 56.000000 -1.346058 24.869987
v 56.000000 0.757722 24.242647
v 56.000000 -0.656488 25.656849
v 52.000000 16.680351 23.340029
v 56.000000 16.680351 23.340029
v 52.000000 16.680351 23.340029
v 52.000000 21.960361 15.310038
v 56.000000 21.960361 15.310038
v 56.000000 16.680351 23.340029
v 56.000000 -14.999617 -6.000000
v 56.000000 -14.999583 -40.000000
v 48.000000 -14.999586 -38.000000
v 48.000000 -14.999617 -6.000000
v 56.000000 0.310417 -36.959980
v 56.000000 8.340408 -31.679981
v 52.000000 8.340408 -31.679981
v 52.000000 0.310417 -36.959980
v 56.000000 8.340408 -31.679981
v 56.000000 0.760398 -24.239983
v 52.000000 0.760398 -24.239983
v 52.000000 8.340408 -31.679981
v 56.000000 0.243548 -23.650202
v 52.000000 0.243548 -23.650202
v 56.000000 -0.192332 -22.998093
v 52.000000 -0.192332 -22.998093
v 56.000000 -0.539582 -22.294672
v 52.000000 -0.539582 -22.294672
v 56.000000 -0.791442 -21.551823
v 52.000000 -0.791442 -21.551823
v 56.000000 -0.944932 -20.782692
v 52.000000 -0.944932 -20.782692
v 56.000000 -0.995811 -19.999983
v 52.000000 -0.995811 -19.999983
v 56.000000 -0.944932 -19.217281
v 52.000000 -0.944932 -19.217281
v 56.000000 -0.791441 -18.448141
v 52.000000 -0.791441 -18.448141
v 56.000000 -0.539591 -17.705301
v 52.000000 -0.539591 -17.705301
v 56.000000 -0.192331 -17.001883
v 52.000000 -0.192331 -17.001883
v 56.000000 0.243539 -16.349771
v 52.000000 0.243539 -16.349771
v 56.000000 0.760389 -15.759981
v 52.000000 0.760389 -15.759981
v 56.000000 1.350178 -15.243131
v 52.000000 1.350178 -15.243131
v 56.000000 2.002289 -14.807251
v 52.000000 2.002289 -14.807251
v 56.000000 2.705708 -14.460001
v 52.000000 2.705708 -14.460001
v 56.000000 3.448547 -14.208141
v 52.000000 3.448547 -14.208141
v 56.000000 4.217688 -14.054652
v 52.000000 4.217688 -14.054652
v 56.000000 5.000387 -14.003772
v 52.000000 5.000387 -14.003772
v 56.000000 5.783098 -14.054652
v 52.000000 5.783098 -14.054652
v 56.000000 6.552229 -14.208142
v 52.000000 6.552229 -14.208142
v 56.000000 7.295078 -14.459991
v 52.000000 7.295078 -14.459991
v 56.000000 7.998499 -14.807252
v 52.000000 7.998499 -14.807252
v 56.000000 8.650608 -15.243122
v 52.000000 8.650608 -15.243122
v 56.000000 9.240389 -15.759982
v 52.000000 9.240389 -15.759982
v 56.000000 16.680399 -23.339972
v 52.000000 16.680399 -23.339972
v 56.000000 16.680399 -23.339972
v 56.000000 21.960388 -15.309963
v 52.000000 21.960388 -15.309963
v 52.000000 16.680399 -23.339972
v 56.000000 -8.660883 -4.864079
v 56.000000 -9.349617 -5.649994
v 52.000000 -9.349617 -5.649994
v 52.000000 -8.660883 -4.864079
v 56.000000 -8.080063 -3.995108
v 52.000000 -8.080063 -3.995108
v 56.000000 -7.617329 -3.057772
v 52.000000 -7.617329 -3.057772
v 56.000000 -7.281720 -2.067893
v 52.000000 -7.281720 -2.067893
v 56.000000 -7.077191 -1.042983
v 52.000000 -7.077191 -1.042983
v 56.000000 -7.009393 0.000008
v 52.000000 -7.009393 0.000008
v 56.000000 -7.077193 1.042997
v 52.000000 -7.077193 1.042997
v 56.000000 -7.281724 2.067908
v 52.000000 -7.281724 2.067908
v 56.000000 -7.617336 3.057787
v 52.000000 -7.617336 3.057787
v 56.000000 -8.080070 3.995121
v 52.000000 -8.080070 3.995121
v 56.000000 -8.660892 4.864090
v 52.000000 -8.660892 4.864090
v 56.000000 -9.349627 5.650005
v 52.000000 -9.349627 5.650005
v 56.000000 -9.343628 5.656005
v 56.000000 -10.999628 6.750003
v 52.000000 -10.999628 6.750003
v 52.000000 -9.343628 5.656005
v 56.000000 -10.999628 6.750003
v 56.000000 -10.999659 37.209999
v 52.000000 -10.999659 37.209999
v 52.000000 -10.999628 6.750003
v 56.000000 -10.999659 37.209999
v 56.000000 -0.459657 35.110020
v 52.000000 -0.459657 35.110020
v 52.000000 -10.999659 37.209999
v 56.000000 5.090351 31.400019
v 52.000000 5.090351 31.400019
v 56.000000 5.090351 31.400019
v 56.000000 -0.659648 25.650007
v 52.000000 -0.659648 25.650007
v 52.000000 5.090351 31.400019
v 56.000000 -1.338378 24.864098
v 56.000000 -0.649648 25.650007
v 52.000000 -0.649648 25.650007
v 52.000000 -1.338378 24.864098
v 56.000000 -1.919198 23.995129
v 52.000000 -1.919198 23.995129
v 56.000000 -2.381938 23.057791
v 52.000000 -2.381938 23.057791
v 56.000000 -2.717548 22.067909
v 52.000000 -2.717548 22.067909
v 56.000000 -2.922068 21.042999
v 52.000000 -2.922068 21.042999
v 56.000000 -2.989868 20.000010
v 52.000000 -2.989868 20.000010
v 56.000000 -2.922068 18.957020
v 52.000000 -2.922068 18.957020
v 56.000000 -2.717539 17.932110
v 52.000000 -2.717539 17.932110
v 56.000000 -2.381929 16.942230
v 52.000000 -2.381929 16.942230
v 56.000000 -1.919189 16.004898
v 52.000000 -1.919189 16.004898
v 56.000000 -1.338369 15.135929
v 52.000000 -1.338369 15.135929
v 56.000000 -0.649639 14.350019
v 52.000000 -0.649639 14.350019
v 56.000000 0.136281 13.661279
v 52.000000 0.136281 13.661279
v 56.000000 1.005253 13.080459
v 52.000000 1.005253 13.080459
v 56.000000 1.942579 12.617729
v 52.000000 1.942579 12.617729
v 56.000000 2.932461 12.282119
v 52.000000 2.932461 12.282119
v 56.000000 3.957371 12.077588
v 52.000000 3.957371 12.077588
v 56.000000 5.000360 12.009789
v 52.000000 5.000360 12.009789
v 56.000000 6.043350 12.077588
v 52.000000 6.043350 12.077588
v 56.000000 7.068260 12.282118
v 52.000000 7.068260 12.282118
v 56.000000 8.058140 12.617728
v 52.000000 8.058140 12.617728
v 56.000000 8.995481 13.080468
v 52.000000 8.995481 13.080468
v 56.000000 9.864452 13.661288
v 52.000000 9.864452 13.661288
v 56.000000 10.650362 14.350028
v 52.000000 10.650362 14.350028
v 56.000000 10.650362 14.340028
v 56.000000 16.400362 20.090029
v 52.000000 16.400362 20.090029
v 52.000000 10.650362 14.340028
v 56.000000 16.400362 20.090029
v 56.000000 20.110359 14.540037
v 52.000000 20.110359 14.540037
v 52.000000 16.400362 20.090029
v 52.000000 -9.343616 -5.655994
v 52.000000 -10.999616 -6.749997
v 56.000000 -10.999616 -6.749997
v 56.000000 -9.343616 -5.655994
v 52.000000 -10.999616 -6.749997
v 52.000000 -10.999587 -37.209999
v 56.000000 -10.999587 -37.209999
v 56.000000 -10.999616 -6.749997
v 52.000000 -10.999587 -37.209999
v 52.000000 -0.459593 -35.109989
v 56.000000 -0.459593 -35.109989
v 56.000000 -10.999587 -37.209999
v 52.000000 5.090408 -31.399982
v 56.000000 5.090408 -31.399982
v 52.000000 5.090408 -31.399982
v 52.000000 -0.659602 -25.649982
v 56.000000 -0.659602 -25.649982
v 56.000000 5.090408 -31.399982
v 56.000000 -1.338332 -24.864073
v 56.000000 -0.649602 -25.649982
v 52.000000 -0.649602 -25.649982
v 52.000000 -1.338332 -24.864073
v 56.000000 -1.919152 -23.995102
v 52.000000 -1.919152 -23.995102
v 56.000000 -2.381892 -23.057770
v 52.000000 -2.381892 -23.057770
v 56.000000 -2.717502 -22.067890
v 52.000000 -2.717502 -22.067890
v 56.000000 -2.922032 -21.042980
v 52.000000 -2.922032 -21.042980
v 56.000000 -2.989832 -19.999990
v 52.000000 -2.989832 -19.999990
v 56.000000 -2.922032 -18.957001
v 52.000000 -2.922032 -18.957001
v 56.000000 -2.717501 -17.932091
v 52.000000 -2.717501 -17.932091
v 56.000000 -2.381901 -16.942209
v 52.000000 -2.381901 -16.942209
v 56.000000 -1.919161 -16.004871
v 52.000000 -1.919161 -16.004871
v 56.000000 -1.338341 -15.135900
v 52.000000 -1.338341 -15.135900
v 56.000000 -0.649611 -14.349991
v 52.000000 -0.649611 -14.349991
v 56.000000 0.136309 -13.661251
v 52.000000 0.136309 -13.661251
v 56.000000 1.005278 -13.080431
v 52.000000 1.005278 -13.080431
v 56.000000 1.942610 -12.617691
v 52.000000 1.942610 -12.617691
v 56.000000 2.932489 -12.282081
v 52.000000 2.932489 -12.282081
v 56.000000 3.957399 -12.077552
v 52.000000 3.957399 -12.077552
v 56.000000 5.000389 -12.009752
v 52.000000 5.000389 -12.009752
v 56.000000 6.043381 -12.077552
v 52.000000 6.043381 -12.077552
v 56.000000 7.068291 -12.282082
v 52.000000 7.068291 -12.282082
v 56.000000 8.058170 -12.617692
v 52.000000 8.058170 -12.617692
v 56.000000 8.995508 -13.080421
v 52.000000 8.995508 -13.080421
v 56.000000 9.864477 -13.661242
v 52.000000 9.864477 -13.661242
v 56.000000 10.650389 -14.349972
v 52.000000 10.650389 -14.349972
v 52.000000 10.650389 -14.339972
v 52.000000 16.400398 -20.089972
v 56.000000 16.400398 -20.089972
v 56.000000 10.650389 -14.339972
v 52.000000 16.400398 -20.089972
v 52.000000 20.110390 -14.539963
v 56.000000 20.110390 -14.539963
v 56.000000 16.400398 -20.089972
v -36.000000 -14.216617 -5.948399
v -36.000000 -14.999617 -6.000000
v -40.000000 -14.999617 -6.000000
v -40.000000 -14.216617 -5.948399
v -36.000000 -13.446816 -5.795399
v -40.000000 -13.446816 -5.795399
v -36.000000 -12.703418 -5.543397
v -40.000000 -12.703418 -5.543397
v -36.000000 -11.999618 -5.195997
v -40.000000 -11.999618 -5.195997
v -36.000000 -11.346817 -4.760396
v -40.000000 -11.346817 -4.760396
v -36.000000 -10.757019 -4.242597
v -40.000000 -10.757019 -4.242597
v -36.000000 -10.239220 -3.652796
v -40.000000 -10.239220 -3.652796
v -36.000000 -9.803619 -2.999995
v -40.000000 -9.803619 -2.999995
v -36.000000 -9.456221 -2.296195
v -40.000000 -9.456221 -2.296195
v -36.000000 -9.204221 -1.552794
v -40.000000 -9.204221 -1.552794
v -36.000000 -9.051221 -0.782994
v -40.000000 -9.051221 -0.782994
v -36.000000 -8.999622 0.000006
v -40.000000 -8.999622 0.000006
v -36.000000 -9.051223 0.783006
v -40.000000 -9.051223 0.783006
v -36.000000 -9.204224 1.552806
v -40.000000 -9.204224 1.552806
v -36.000000 -9.456224 2.296206
v -40.000000 -9.456224 2.296206
v -36.000000 -9.803626 3.000005
v -40.000000 -9.803626 3.000005
v -36.000000 -10.239225 3.652805
v -40.000000 -10.239225 3.652805
v -36.000000 -10.757027 4.242603
v -40.000000 -10.757027 4.242603
v -36.000000 -11.346827 4.760404
v -40.000000 -11.346827 4.760404
v -36.000000 -11.999628 5.196003
v -40.000000 -11.999628 5.196003
v -36.000000 -12.703427 5.543402
v -40.000000 -12.703427 5.543402
v -36.000000 -13.446828 5.795402
v -40.000000 -13.446828 5.795402
v -36.000000 -14.216628 5.948401
v -40.000000 -14.216628 5.948401
v -36.000000 -14.999628 6.000000
v -40.000000 -14.999628 6.000000
v -36.000000 -14.999586 -38.000000
v -40.000000 -14.999583 -40.000000
v -40.000000 -14.999617 -6.000000
v -36.000000 -14.999617 -6.000000
v -36.000000 -14.999628 6.000000
v -40.000000 -14.999628 6.000000
v -40.000000 -14.999661 40.000000
v -36.000000 -14.999659 38.000000
v 48.000000 -10.040586 -37.673191
v 48.000000 -14.999586 -38.000000
v -36.000000 -14.999586 -38.000000
v -36.000000 -10.040586 -37.673191
v 48.000000 -5.165187 -36.704189
v -36.000000 -5.165187 -36.704189
v 48.000000 -0.456993 -35.108181
v -36.000000 -0.456993 -35.108181
v 48.000000 4.000408 -32.907982
v -36.000000 4.000408 -32.907982
v 48.000000 8.134808 -30.149181
v -36.000000 8.134808 -30.149181
v 48.000000 11.870197 -26.869772
v -36.000000 11.870197 -26.869772
v 48.000000 15.149597 -23.134373
v -36.000000 15.149597 -23.134373
v 48.000000 17.908401 -18.999971
v -36.000000 17.908401 -18.999971
v 48.000000 20.108589 -14.542562
v -36.000000 20.108589 -14.542562
v 48.000000 21.704590 -9.834365
v -36.000000 21.704590 -9.834365
v 48.000000 22.673580 -4.958964
v -36.000000 22.673580 -4.958964
v 48.000000 23.000381 0.000037
v -36.000000 23.000381 0.000037
v 48.000000 22.673569 4.959036
v -36.000000 22.673569 4.959036
v 48.000000 21.704571 9.834435
v -36.000000 21.704571 9.834435
v 48.000000 20.108559 14.542637
v -36.000000 20.108559 14.542637
v 48.000000 17.908360 19.000029
v -36.000000 17.908360 19.000029
v 48.000000 15.149551 23.134428
v -36.000000 15.149551 23.134428
v 48.000000 11.870152 26.869827
v -36.000000 11.870152 26.869827
v 48.000000 8.134752 30.149227
v -36.000000 8.134752 30.149227
v 48.000000 4.000341 32.908020
v -36.000000 4.000341 32.908020
v 48.000000 -0.457057 35.108219
v -36.000000 -0.457057 35.108219
v 48.000000 -5.165257 36.704208
v -36.000000 -5.165257 36.704208
v 48.000000 -10.040658 37.673199
v -36.000000 -10.040658 37.673199
v 48.000000 -14.999659 38.000000
v -36.000000 -14.999659 38.000000
v 52.000000 -9.779584 -39.655991
v 52.000000 -14.999583 -40.000000
v -40.000000 -14.999583 -40.000000
v -40.000000 -9.779584 -39.655991
v 52.000000 -4.647583 -38.635990
v -40.000000 -4.647583 -38.635990
v 52.000000 0.308417 -36.955990
v -40.000000 0.308417 -36.955990
v 52.000000 5.000408 -34.639980
v -40.000000 5.000408 -34.639980
v 52.000000 9.352407 -31.735981
v -40.000000 9.352407 -31.735981
v 52.000000 13.284399 -28.283972
v -40.000000 13.284399 -28.283972
v 52.000000 16.736399 -24.351973
v -40.000000 16.736399 -24.351973
v 52.000000 19.640400 -19.999962
v -40.000000 19.640400 -19.999962
v 52.000000 21.956390 -15.307962
v -40.000000 21.956390 -15.307962
v 52.000000 23.636391 -10.351963
v -40.000000 23.636391 -10.351963
v 52.000000 24.656380 -5.219962
v -40.000000 24.656380 -5.219962
v 52.000000 25.000381 0.000039
v -40.000000 25.000381 0.000039
v 52.000000 24.656368 5.220039
v -40.000000 24.656368 5.220039
v 52.000000 23.636372 10.352037
v -40.000000 23.636372 10.352037
v 52.000000 21.956360 15.308037
v -40.000000 21.956360 15.308037
v 52.000000 19.640362 20.000038
v -40.000000 19.640362 20.000038
v 52.000000 16.736351 24.352028
v -40.000000 16.736351 24.352028
v 52.000000 13.284351 28.284029
v -40.000000 13.284351 28.284029
v 52.000000 9.352343 31.736017
v -40.000000 9.352343 31.736017
v 52.000000 5.000341 34.640018
v -40.000000 5.000341 34.640018
v 52.000000 0.308343 36.956020
v -40.000000 0.308343 36.956020
v 52.000000 -4.647657 38.636009
v -40.000000 -4.647657 38.636009
v 52.000000 -9.779661 39.655998
v -40.000000 -9.779661 39.655998
v 52.000000 -14.999661 40.000000
v -40.000000 -14.999661 40.000000
v 56.000000 21.955589 -15.307262
v 52.000000 21.955589 -15.307262
v 52.000000 23.635380 -10.352962
v 56.000000 23.635380 -10.352962
v 52.000000 24.656940 -5.221276
v 56.000000 24.656940 -5.221276
v 52.000000 25.001389 0.000379
v 56.000000 25.001389 0.000379
v 52.000000 24.657230 5.221517
v 56.000000 24.657230 5.221517
v 52.000000 23.639709 10.353547
v 56.000000 23.639709 10.353547
v 52.000000 21.955170 15.307267
v 56.000000 21.955170 15.307267
v 56.000000 -9.779542 -39.655991
v 56.000000 -14.999542 -40.000000
v 56.000000 -4.647543 -38.635979
v 56.000000 0.308447 -36.955971
v 56.000000 -4.646657 38.634998
v 56.000000 0.307643 36.955219
v 52.000000 0.307643 36.955219
v 52.000000 -4.646657 38.634998
v 56.000000 -9.778346 39.656559
v 52.000000 -9.778346 39.656559
v 56.000000 -15.000002 40.001011
v 52.000000 -15.000002 40.001011
v 56.000000 20.107792 -14.541963
v 52.000000 20.107792 -14.541963
v 52.000000 21.703602 -9.835387
v 56.000000 21.703602 -9.835387
v 52.000000 22.674091 -4.960287
v 56.000000 22.674091 -4.960287
v 52.000000 23.001331 0.000285
v 56.000000 23.001331 0.000285
v 52.000000 22.674381 4.960364
v 56.000000 22.674381 4.960364
v 52.000000 21.707741 9.835797
v 56.000000 21.707741 9.835797
v 52.000000 20.107449 14.541827
v 56.000000 20.107449 14.541827
v 56.000000 -14.999661 40.000000
v 56.000000 -10.999659 37.209999
v 56.000000 -10.999628 6.750003
v 56.000000 0.310343 36.960011
v 56.000000 -0.459657 35.110020
v 56.000000 8.340351 31.680029
v 56.000000 5.090351 31.400019
v 56.000000 0.760352 24.240019
v 56.000000 -0.659648 25.650007
v 56.000000 9.240362 15.760028
v 56.000000 16.680351 23.340029
v 56.000000 16.400362 20.090029
v 56.000000 10.650362 14.340028
v 56.000000 21.960361 15.310038
v 56.000000 20.110359 14.540037
v 56.000000 25.000381 0.000039
v 56.000000 23.000381 0.000037
v 56.000000 -10.999616 -6.749997
v 56.000000 -10.999587 -37.209999
v 56.000000 -14.999583 -40.000000
v 56.000000 -0.459593 -35.109989
v 56.000000 0.310417 -36.959980
v 56.000000 5.090408 -31.399982
v 56.000000 8.340408 -31.679981
v 56.000000 -0.659602 -25.649982
v 56.000000 0.760398 -24.239983
v 56.000000 10.650389 -14.339972
v 56.000000 16.400398 -20.089972
v 56.000000 16.680399 -23.339972
v 56.000000 9.240389 -15.759982
v 56.000000 20.110390 -14.539963
v 56.000000 21.960388 -15.309963
v -40.000000 -5.521590 -33.965591
v -40.000000 -4.999593 -33.999989
v -44.000000 -4.999593 -33.999989
v -44.000000 -5.521590 -33.965591
v -40.000000 -6.034790 -33.863590
v -44.000000 -6.034790 -33.863590
v -40.000000 -6.530390 -33.695591
v -44.000000 -6.530390 -33.695591
v -40.000000 -6.999590 -33.463989
v -44.000000 -6.999590 -33.463989
v -40.000000 -7.434791 -33.173592
v -44.000000 -7.434791 -33.173592
v -40.000000 -7.827991 -32.828388
v -44.000000 -7.827991 -32.828388
v -40.000000 -8.173191 -32.435188
v -44.000000 -8.173191 -32.435188
v -40.000000 -8.463592 -31.999990
v -44.000000 -8.463592 -31.999990
v -40.000000 -8.695191 -31.530790
v -44.000000 -8.695191 -31.530790
v -40.000000 -8.863193 -31.035191
v -44.000000 -8.863193 -31.035191
v -40.000000 -8.965193 -30.521990
v -44.000000 -8.965193 -30.521990
v -40.000000 -8.999594 -29.999990
v -44.000000 -8.999594 -29.999990
v -40.000000 -8.965195 -29.477989
v -44.000000 -8.965195 -29.477989
v -40.000000 -8.863194 -28.964790
v -44.000000 -8.863194 -28.964790
v -40.000000 -8.695195 -28.469191
v -44.000000 -8.695195 -28.469191
v -40.000000 -8.463594 -27.999990
v -44.000000 -8.463594 -27.999990
v -40.000000 -8.173196 -27.564791
v -44.000000 -8.173196 -27.564791
v -40.000000 -7.827996 -27.171591
v -44.000000 -7.827996 -27.171591
v -40.000000 -7.434796 -26.826389
v -44.000000 -7.434796 -26.826389
v -40.000000 -6.999597 -26.535990
v -44.000000 -6.999597 -26.535990
v -40.000000 -6.530396 -26.304390
v -44.000000 -6.530396 -26.304390
v -40.000000 -6.034797 -26.136391
v -44.000000 -6.034797 -26.136391
v -40.000000 -5.521598 -26.034389
v -44.000000 -5.521598 -26.034389
v -40.000000 -4.999602 -25.999990
v -44.000000 -4.999602 -25.999990
v -40.000000 -4.477602 -26.034389
v -44.000000 -4.477602 -26.034389
v -40.000000 -3.964392 -26.136391
v -44.000000 -3.964392 -26.136391
v -40.000000 -3.468792 -26.304390
v -44.000000 -3.468792 -26.304390
v -40.000000 -2.999592 -26.535990
v -44.000000 -2.999592 -26.535990
v -40.000000 -2.564392 -26.826389
v -44.000000 -2.564392 -26.826389
v -40.000000 -2.171192 -27.171593
v -44.000000 -2.171192 -27.171593
v -40.000000 -1.825992 -27.564793
v -44.000000 -1.825992 -27.564793
v -40.000000 -1.535592 -27.999992
v -44.000000 -1.535592 -27.999992
v -40.000000 -1.303992 -28.469193
v -44.000000 -1.303992 -28.469193
v -40.000000 -1.135992 -28.964783
v -44.000000 -1.135992 -28.964783
v -40.000000 -1.033992 -29.477991
v -44.000000 -1.033992 -29.477991
v -40.000000 -0.999592 -29.999983
v -44.000000 -0.999592 -29.999983
v -40.000000 -1.033992 -30.521982
v -44.000000 -1.033992 -30.521982
v -40.000000 -1.135992 -31.035181
v -44.000000 -1.135992 -31.035181
v -40.000000 -1.303992 -31.530792
v -44.000000 -1.303992 -31.530792
v -40.000000 -1.535593 -31.999992
v -44.000000 -1.535593 -31.999992
v -40.000000 -1.825993 -32.435181
v -44.000000 -1.825993 -32.435181
v -40.000000 -2.171193 -32.828381
v -44.000000 -2.171193 -32.828381
v -40.000000 -2.564393 -33.173592
v -44.000000 -2.564393 -33.173592
v -40.000000 -2.999593 -33.463989
v -44.000000 -2.999593 -33.463989
v -40.000000 -3.468793 -33.695591
v -44.000000 -3.468793 -33.695591
v -40.000000 -3.964393 -33.863590
v -44.000000 -3.964393 -33.863590
v -40.000000 -4.477592 -33.965591
v -44.000000 -4.477592 -33.965591
v -40.000000 -5.782588 -35.948391
v -40.000000 -4.999593 -35.999989
v -44.000000 -4.999593 -35.999989
v -44.000000 -5.782588 -35.948391
v -40.000000 -6.552388 -35.795391
v -44.000000 -6.552388 -35.795391
v -40.000000 -7.295788 -35.543388
v -44.000000 -7.295788 -35.543388
v -40.000000 -7.999589 -35.195992
v -44.000000 -7.999589 -35.195992
v -40.000000 -8.652390 -34.760391
v -44.000000 -8.652390 -34.760391
v -40.000000 -9.242189 -34.242592
v -44.000000 -9.242189 -34.242592
v -40.000000 -9.759989 -33.652802
v -44.000000 -9.759989 -33.652802
v -40.000000 -10.195591 -33.000000
v -44.000000 -10.195591 -33.000000
v -40.000000 -10.542990 -32.296200
v -44.000000 -10.542990 -32.296200
v -40.000000 -10.794992 -31.552799
v -44.000000 -10.794992 -31.552799
v -40.000000 -10.947992 -30.783001
v -44.000000 -10.947992 -30.783001
v -40.000000 -10.999594 -30.000000
v -44.000000 -10.999594 -30.000000
v -40.000000 -10.947994 -29.216999
v -44.000000 -10.947994 -29.216999
v -40.000000 -10.794995 -28.447201
v -44.000000 -10.794995 -28.447201
v -40.000000 -10.542995 -27.703800
v -44.000000 -10.542995 -27.703800
v -40.000000 -10.195596 -26.999990
v -44.000000 -10.195596 -26.999990
v -40.000000 -9.759996 -26.347191
v -44.000000 -9.759996 -26.347191
v -40.000000 -9.242198 -25.757389
v -44.000000 -9.242198 -25.757389
v -40.000000 -8.652398 -25.239599
v -44.000000 -8.652398 -25.239599
v -40.000000 -7.999599 -24.803989
v -44.000000 -7.999599 -24.803989
v -40.000000 -7.295799 -24.456591
v -44.000000 -7.295799 -24.456591
v -40.000000 -6.552400 -24.204590
v -44.000000 -6.552400 -24.204590
v -40.000000 -5.782599 -24.051590
v -44.000000 -5.782599 -24.051590
v -40.000000 -4.999602 -23.999990
v -44.000000 -4.999602 -23.999990
v -40.000000 -4.216602 -24.051590
v -44.000000 -4.216602 -24.051590
v -40.000000 -3.446802 -24.204590
v -44.000000 -3.446802 -24.204590
v -40.000000 -2.703402 -24.456591
v -44.000000 -2.703402 -24.456591
v -40.000000 -1.999602 -24.803991
v -44.000000 -1.999602 -24.803991
v -40.000000 -1.346802 -25.239592
v -44.000000 -1.346802 -25.239592
v -40.000000 -0.757002 -25.757391
v -44.000000 -0.757002 -25.757391
v -40.000000 -0.239192 -26.347193
v -44.000000 -0.239192 -26.347193
v -40.000000 0.196408 -26.999983
v -44.000000 0.196408 -26.999983
v -40.000000 0.543808 -27.703781
v -44.000000 0.543808 -27.703781
v -40.000000 0.795808 -28.447182
v -44.000000 0.795808 -28.447182
v -40.000000 0.948808 -29.216982
v -44.000000 0.948808 -29.216982
v -40.000000 1.000408 -29.999983
v -44.000000 1.000408 -29.999983
v -40.000000 0.948808 -30.782982
v -44.000000 0.948808 -30.782982
v -40.000000 0.795808 -31.552782
v -44.000000 0.795808 -31.552782
v -40.000000 0.543807 -32.296181
v -44.000000 0.543807 -32.296181
v -40.000000 0.196407 -32.999981
v -44.000000 0.196407 -32.999981
v -40.000000 -0.239193 -33.652790
v -44.000000 -0.239193 -33.652790
v -40.000000 -0.756993 -34.242580
v -44.000000 -0.756993 -34.242580
v -40.000000 -1.346793 -34.760380
v -44.000000 -1.346793 -34.760380
v -40.000000 -1.999593 -35.195980
v -44.000000 -1.999593 -35.195980
v -40.000000 -2.703393 -35.543388
v -44.000000 -2.703393 -35.543388
v -40.000000 -3.446783 -35.795391
v -44.000000 -3.446783 -35.795391
v -40.000000 -4.216593 -35.948391
v -44.000000 -4.216593 -35.948391
v -44.000000 -4.999593 -33.999989
v -44.000000 -5.521590 -33.965591
v -44.000000 -5.782588 -35.948391
v -44.000000 -4.999593 -35.999989
v -44.000000 -6.034790 -33.863590
v -44.000000 -6.552388 -35.795391
v -44.000000 -6.530390 -33.695591
v -44.000000 -7.295788 -35.543388
v -44.000000 -6.999590 -33.463989
v -44.000000 -7.999589 -35.195992
v -44.000000 -7.434791 -33.173592
v -44.000000 -8.652390 -34.760391
v -44.000000 -7.827991 -32.828388
v -44.000000 -9.242189 -34.242592
v -44.000000 -8.173191 -32.435188
v -44.000000 -9.759989 -33.652802
v -44.000000 -8.463592 -31.999990
v -44.000000 -10.195591 -33.000000
v -44.000000 -8.695191 -31.530790
v -44.000000 -10.542990 -32.296200
v -44.000000 -8.863193 -31.035191
v -44.000000 -10.794992 -31.552799
v -44.000000 -8.965193 -30.521990
v -44.000000 -10.947992 -30.783001
v -44.000000 -8.999594 -29.999990
v -44.000000 -10.999594 -30.000000
v -44.000000 -8.965195 -29.477989
v -44.000000 -10.947994 -29.216999
v -44.000000 -8.863194 -28.964790
v -44.000000 -10.794995 -28.447201
v -44.000000 -8.695195 -28.469191
v -44.000000 -10.542995 -27.703800
v -44.000000 -8.463594 -27.999990
v -44.000000 -10.195596 -26.999990
v -44.000000 -8.173196 -27.564791
v -44.000000 -9.759996 -26.347191
v -44.000000 -7.827996 -27.171591
v -44.000000 -9.242198 -25.757389
v -44.000000 -7.434796 -26.826389
v -44.000000 -8.652398 -25.239599
v -44.000000 -6.999597 -26.535990
v -44.000000 -7.999599 -24.803989
v -44.000000 -6.530396 -26.304390
v -44.000000 -7.295799 -24.456591
v -44.000000 -6.034797 -26.136391
v -44.000000 -6.552400 -24.204590
v -44.000000 -5.521598 -26.034389
v -44.000000 -5.782599 -24.051590
v -44.000000 -4.999602 -25.999990
v -44.000000 -4.999602 -23.999990
v -44.000000 -4.477602 -26.034389
v -44.000000 -4.216602 -24.051590
v -44.000000 -3.964392 -26.136391
v -44.000000 -3.446802 -24.204590
v -44.000000 -3.468792 -26.304390
v -44.000000 -2.703402 -24.456591
v -44.000000 -2.999592 -26.535990
v -44.000000 -1.999602 -24.803991
v -44.000000 -2.564392 -26.826389
v -44.000000 -1.346802 -25.239592
v -44.000000 -2.171192 -27.171593
v -44.000000 -0.757002 -25.757391
v -44.000000 -1.825992 -27.564793
v -44.000000 -0.239192 -26.347193
v -44.000000 -1.535592 -27.999992
v -44.000000 0.196408 -26.999983
v -44.000000 -1.303992 -28.469193
v -44.000000 0.543808 -27.703781
v -44.000000 -1.135992 -28.964783
v -44.000000 0.795808 -28.447182
v -44.000000 -1.033992 -29.477991
v -44.000000 0.948808 -29.216982
v -44.000000 -0.999592 -29.999983
v -44.000000 1.000408 -29.999983
v -44.000000 -1.033992 -30.521982
v -44.000000 0.948808 -30.782982
v -44.000000 -1.135992 -31.035181
v -44.000000 0.795808 -31.552782
v -44.000000 -1.303992 -31.530792
v -44.000000 0.543807 -32.296181
v -44.000000 -1.535593 -31.999992
v -44.000000 0.196407 -32.999981
v -44.000000 -1.825993 -32.435181
v -44.000000 -0.239193 -33.652790
v -44.000000 -2.171193 -32.828381
v -44.000000 -0.756993 -34.242580
v -44.000000 -2.564393 -33.173592
v -44.000000 -1.346793 -34.760380
v -44.000000 -2.999593 -33.463989
v -44.000000 -1.999593 -35.195980
v -44.000000 -3.468793 -33.695591
v -44.000000 -2.703393 -35.543388
v -44.000000 -3.964393 -33.863590
v -44.000000 -3.446783 -35.795391
v -44.000000 -4.477592 -33.965591
v -44.000000 -4.216593 -35.948391
v -40.000000 -5.521609 -13.965590
v -40.000000 -4.999611 -13.999991
v -44.000000 -4.999611 -13.999991
v -44.000000 -5.521609 -13.965590
v -40.000000 -6.034809 -13.863591
v -44.000000 -6.034809 -13.863591
v -40.000000 -6.530409 -13.695591
v -44.000000 -6.530409 -13.695591
v -40.000000 -6.999609 -13.463991
v -44.000000 -6.999609 -13.463991
v -40.000000 -7.434809 -13.173591
v -44.000000 -7.434809 -13.173591
v -40.000000 -7.828010 -12.828391
v -44.000000 -7.828010 -12.828391
v -40.000000 -8.173211 -12.435191
v -44.000000 -8.173211 -12.435191
v -40.000000 -8.463612 -11.999991
v -44.000000 -8.463612 -11.999991
v -40.000000 -8.695211 -11.530790
v -44.000000 -8.695211 -11.530790
v -40.000000 -8.863213 -11.035190
v -44.000000 -8.863213 -11.035190
v -40.000000 -8.965212 -10.521990
v -44.000000 -8.965212 -10.521990
v -40.000000 -8.999613 -9.999993
v -44.000000 -8.999613 -9.999993
v -40.000000 -8.965213 -9.477993
v -44.000000 -8.965213 -9.477993
v -40.000000 -8.863214 -8.964793
v -44.000000 -8.863214 -8.964793
v -40.000000 -8.695214 -8.469193
v -44.000000 -8.695214 -8.469193
v -40.000000 -8.463614 -7.999993
v -44.000000 -8.463614 -7.999993
v -40.000000 -8.173214 -7.564794
v -44.000000 -8.173214 -7.564794
v -40.000000 -7.828014 -7.171594
v -44.000000 -7.828014 -7.171594
v -40.000000 -7.434815 -6.826393
v -44.000000 -7.434815 -6.826393
v -40.000000 -6.999617 -6.535993
v -44.000000 -6.999617 -6.535993
v -40.000000 -6.530416 -6.304391
v -44.000000 -6.530416 -6.304391
v -40.000000 -6.034816 -6.136392
v -44.000000 -6.034816 -6.136392
v -40.000000 -5.521616 -6.034391
v -44.000000 -5.521616 -6.034391
v -40.000000 -4.999620 -5.999991
v -44.000000 -4.999620 -5.999991
v -40.000000 -4.477620 -6.034390
v -44.000000 -4.477620 -6.034390
v -40.000000 -3.964420 -6.136390
v -44.000000 -3.964420 -6.136390
v -40.000000 -3.468820 -6.304389
v -44.000000 -3.468820 -6.304389
v -40.000000 -2.999621 -6.535989
v -44.000000 -2.999621 -6.535989
v -40.000000 -2.564421 -6.826388
v -44.000000 -2.564421 -6.826388
v -40.000000 -2.171221 -7.171588
v -44.000000 -2.171221 -7.171588
v -40.000000 -1.826011 -7.564787
v -44.000000 -1.826011 -7.564787
v -40.000000 -1.535611 -7.999987
v -44.000000 -1.535611 -7.999987
v -40.000000 -1.304011 -8.469187
v -44.000000 -1.304011 -8.469187
v -40.000000 -1.136011 -8.964787
v -44.000000 -1.136011 -8.964787
v -40.000000 -1.034011 -9.477986
v -44.000000 -1.034011 -9.477986
v -40.000000 -0.999611 -9.999987
v -44.000000 -0.999611 -9.999987
v -40.000000 -1.034011 -10.521991
v -44.000000 -1.034011 -10.521991
v -40.000000 -1.136011 -11.035191
v -44.000000 -1.136011 -11.035191
v -40.000000 -1.304011 -11.530791
v -44.000000 -1.304011 -11.530791
v -40.000000 -1.535611 -11.999991
v -44.000000 -1.535611 -11.999991
v -40.000000 -1.826011 -12.435191
v -44.000000 -1.826011 -12.435191
v -40.000000 -2.171211 -12.828391
v -44.000000 -2.171211 -12.828391
v -40.000000 -2.564411 -13.173591
v -44.000000 -2.564411 -13.173591
v -40.000000 -2.999611 -13.463991
v -44.000000 -2.999611 -13.463991
v -40.000000 -3.468811 -13.695591
v -44.000000 -3.468811 -13.695591
v -40.000000 -3.964411 -13.863591
v -44.000000 -3.964411 -13.863591
v -40.000000 -4.477611 -13.965590
v -44.000000 -4.477611 -13.965590
v -40.000000 -5.782607 -15.948391
v -40.000000 -4.999611 -15.999991
v -44.000000 -4.999611 -15.999991
v -44.000000 -5.782607 -15.948391
v -40.000000 -6.552407 -15.795391
v -44.000000 -6.552407 -15.795391
v -40.000000 -7.295807 -15.543391
v -44.000000 -7.295807 -15.543391
v -40.000000 -7.999608 -15.195991
v -44.000000 -7.999608 -15.195991
v -40.000000 -8.652409 -14.760391
v -44.000000 -8.652409 -14.760391
v -40.000000 -9.242208 -14.242590
v -44.000000 -9.242208 -14.242590
v -40.000000 -9.760009 -13.652790
v -44.000000 -9.760009 -13.652790
v -40.000000 -10.195610 -13.000000
v -44.000000 -10.195610 -13.000000
v -40.000000 -10.543010 -12.296200
v -44.000000 -10.543010 -12.296200
v -40.000000 -10.795012 -11.552800
v -44.000000 -10.795012 -11.552800
v -40.000000 -10.948011 -10.783000
v -44.000000 -10.948011 -10.783000
v -40.000000 -10.999613 -9.999996
v -44.000000 -10.999613 -9.999996
v -40.000000 -10.948013 -9.216996
v -44.000000 -10.948013 -9.216996
v -40.000000 -10.795014 -8.447195
v -44.000000 -10.795014 -8.447195
v -40.000000 -10.543015 -7.703795
v -44.000000 -10.543015 -7.703795
v -40.000000 -10.195616 -6.999996
v -44.000000 -10.195616 -6.999996
v -40.000000 -9.760015 -6.347196
v -44.000000 -9.760015 -6.347196
v -40.000000 -9.242216 -5.757394
v -44.000000 -9.242216 -5.757394
v -40.000000 -8.652418 -5.239594
v -44.000000 -8.652418 -5.239594
v -40.000000 -7.999619 -4.803994
v -44.000000 -7.999619 -4.803994
v -40.000000 -7.295817 -4.456593
v -44.000000 -7.295817 -4.456593
v -40.000000 -6.552418 -4.204591
v -44.000000 -6.552418 -4.204591
v -40.000000 -5.782619 -4.051590
v -44.000000 -5.782619 -4.051590
v -40.000000 -4.999620 -3.999991
v -44.000000 -4.999620 -3.999991
v -40.000000 -4.216620 -4.051590
v -44.000000 -4.216620 -4.051590
v -40.000000 -3.446820 -4.204589
v -44.000000 -3.446820 -4.204589
v -40.000000 -2.703420 -4.456588
v -44.000000 -2.703420 -4.456588
v -40.000000 -1.999620 -4.803988
v -44.000000 -1.999620 -4.803988
v -40.000000 -1.346820 -5.239587
v -44.000000 -1.346820 -5.239587
v -40.000000 -0.757020 -5.757386
v -44.000000 -0.757020 -5.757386
v -40.000000 -0.239221 -6.347186
v -44.000000 -0.239221 -6.347186
v -40.000000 0.196389 -6.999985
v -44.000000 0.196389 -6.999985
v -40.000000 0.543789 -7.703785
v -44.000000 0.543789 -7.703785
v -40.000000 0.795789 -8.447185
v -44.000000 0.795789 -8.447185
v -40.000000 0.948789 -9.216985
v -44.000000 0.948789 -9.216985
v -40.000000 1.000389 -9.999985
v -44.000000 1.000389 -9.999985
v -40.000000 0.948789 -10.782981
v -44.000000 0.948789 -10.782981
v -40.000000 0.795789 -11.552781
v -44.000000 0.795789 -11.552781
v -40.000000 0.543789 -12.296181
v -44.000000 0.543789 -12.296181
v -40.000000 0.196389 -12.999981
v -44.000000 0.196389 -12.999981
v -40.000000 -0.239211 -13.652781
v -44.000000 -0.239211 -13.652781
v -40.000000 -0.757011 -14.242581
v -44.000000 -0.757011 -14.242581
v -40.000000 -1.346811 -14.760391
v -44.000000 -1.346811 -14.760391
v -40.000000 -1.999611 -15.195991
v -44.000000 -1.999611 -15.195991
v -40.000000 -2.703411 -15.543391
v -44.000000 -2.703411 -15.543391
v -40.000000 -3.446811 -15.795391
v -44.000000 -3.446811 -15.795391
v -40.000000 -4.216611 -15.948391
v -44.000000 -4.216611 -15.948391
v -44.000000 -4.999611 -13.999991
v -44.000000 -5.521609 -13.965590
v -44.000000 -5.782607 -15.948391
v -44.000000 -4.999611 -15.999991
v -44.000000 -6.034809 -13.863591
v -44.000000 -6.552407 -15.795391
v -44.000000 -6.530409 -13.695591
v -44.000000 -7.295807 -15.543391
v -44.000000 -6.999609 -13.463991
v -44.000000 -7.999608 -15.195991
v -44.000000 -7.434809 -13.173591
v -44.000000 -8.652409 -14.760391
v -44.000000 -7.828010 -12.828391
v -44.000000 -9.242208 -14.242590
v -44.000000 -8.173211 -12.435191
v -44.000000 -9.760009 -13.652790
v -44.000000 -8.463612 -11.999991
v -44.000000 -10.195610 -13.000000
v -44.000000 -8.695211 -11.530790
v -44.000000 -10.543010 -12.296200
v -44.000000 -8.863213 -11.035190
v -44.000000 -10.795012 -11.552800
v -44.000000 -8.965212 -10.521990
v -44.000000 -10.948011 -10.783000
v -44.000000 -8.999613 -9.999993
v -44.000000 -10.999613 -9.999996
v -44.000000 -8.965213 -9.477993
v -44.000000 -10.948013 -9.216996
v -44.000000 -8.863214 -8.964793
v -44.000000 -10.795014 -8.447195
v -44.000000 -8.695214 -8.469193
v -44.000000 -10.543015 -7.703795
v -44.000000 -8.463614 -7.999993
v -44.000000 -10.195616 -6.999996
v -44.000000 -8.173214 -7.564794
v -44.000000 -9.760015 -6.347196
v -44.000000 -7.828014 -7.171594
v -44.000000 -9.242216 -5.757394
v -44.000000 -7.434815 -6.826393
v -44.000000 -8.652418 -5.239594
v -44.000000 -6.999617 -6.535993
v -44.000000 -7.999619 -4.803994
v -44.000000 -6.530416 -6.304391
v -44.000000 -7.295817 -4.456593
v -44.000000 -6.034816 -6.136392
v -44.000000 -6.552418 -4.204591
v -44.000000 -5.521616 -6.034391
v -44.000000 -5.782619 -4.051590
v -44.000000 -4.999620 -5.999991
v -44.000000 -4.999620 -3.999991
v -44.000000 -4.477620 -6.034390
v -44.000000 -4.216620 -4.051590
v -44.000000 -3.964420 -6.136390
v -44.000000 -3.446820 -4.204589
v -44.000000 -3.468820 -6.304389
v -44.000000 -2.703420 -4.456588
v -44.000000 -2.999621 -6.535989
v -44.000000 -1.999620 -4.803988
v -44.000000 -2.564421 -6.826388
v -44.000000 -1.346820 -5.239587
v -44.000000 -2.171221 -7.171588
v -44.000000 -0.757020 -5.757386
v -44.000000 -1.826011 -7.564787
v -44.000000 -0.239221 -6.347186
v -44.000000 -1.535611 -7.999987
v -44.000000 0.196389 -6.999985
v -44.000000 -1.304011 -8.469187
v -44.000000 0.543789 -7.703785
v -44.000000 -1.136011 -8.964787
v -44.000000 0.795789 -8.447185
v -44.000000 -1.034011 -9.477986
v -44.000000 0.948789 -9.216985
v -44.000000 -0.999611 -9.999987
v -44.000000 1.000389 -9.999985
v -44.000000 -1.034011 -10.521991
v -44.000000 0.948789 -10.782981
v -44.000000 -1.136011 -11.035191
v -44.000000 0.795789 -11.552781
v -44.000000 -1.304011 -11.530791
v -44.000000 0.543789 -12.296181
v -44.000000 -1.535611 -11.999991
v -44.000000 0.196389 -12.999981
v -44.000000 -1.826011 -12.435191
v -44.000000 -0.239211 -13.652781
v -44.000000 -2.171211 -12.828391
v -44.000000 -0.757011 -14.242581
v -44.000000 -2.564411 -13.173591
v -44.000000 -1.346811 -14.760391
v -44.000000 -2.999611 -13.463991
v -44.000000 -1.999611 -15.195991
v -44.000000 -3.468811 -13.695591
v -44.000000 -2.703411 -15.543391
v -44.000000 -3.964411 -13.863591
v -44.000000 -3.446811 -15.795391
v -44.000000 -4.477611 -13.965590
v -44.000000 -4.216611 -15.948391
v -40.000000 -5.521629 6.034409
v -40.000000 -4.999630 6.000009
v -44.000000 -4.999630 6.000009
v -44.000000 -5.521629 6.034409
v -40.000000 -6.034829 6.136410
v -44.000000 -6.034829 6.136410
v -40.000000 -6.530429 6.304409
v -44.000000 -6.530429 6.304409
v -40.000000 -6.999628 6.536007
v -44.000000 -6.999628 6.536007
v -40.000000 -7.434829 6.826407
v -44.000000 -7.434829 6.826407
v -40.000000 -7.828030 7.171607
v -44.000000 -7.828030 7.171607
v -40.000000 -8.173231 7.564806
v -44.000000 -8.173231 7.564806
v -40.000000 -8.463630 8.000006
v -44.000000 -8.463630 8.000006
v -40.000000 -8.695230 8.469207
v -44.000000 -8.695230 8.469207
v -40.000000 -8.863232 8.964807
v -44.000000 -8.863232 8.964807
v -40.000000 -8.965231 9.478006
v -44.000000 -8.965231 9.478006
v -40.000000 -8.999632 10.000010
v -44.000000 -8.999632 10.000010
v -40.000000 -8.965232 10.522010
v -44.000000 -8.965232 10.522010
v -40.000000 -8.863234 11.035210
v -44.000000 -8.863234 11.035210
v -40.000000 -8.695232 11.530810
v -44.000000 -8.695232 11.530810
v -40.000000 -8.463633 12.000009
v -44.000000 -8.463633 12.000009
v -40.000000 -8.173234 12.435209
v -44.000000 -8.173234 12.435209
v -40.000000 -7.828034 12.828409
v -44.000000 -7.828034 12.828409
v -40.000000 -7.434835 13.173609
v -44.000000 -7.434835 13.173609
v -40.000000 -6.999636 13.464009
v -44.000000 -6.999636 13.464009
v -40.000000 -6.530437 13.695609
v -44.000000 -6.530437 13.695609
v -40.000000 -6.034836 13.863609
v -44.000000 -6.034836 13.863609
v -40.000000 -5.521636 13.965609
v -44.000000 -5.521636 13.965609
v -40.000000 -4.999640 14.000009
v -44.000000 -4.999640 14.000009
v -40.000000 -4.477639 13.965609
v -44.000000 -4.477639 13.965609
v -40.000000 -3.964439 13.863609
v -44.000000 -3.964439 13.863609
v -40.000000 -3.468839 13.695609
v -44.000000 -3.468839 13.695609
v -40.000000 -2.999640 13.464009
v -44.000000 -2.999640 13.464009
v -40.000000 -2.564439 13.173609
v -44.000000 -2.564439 13.173609
v -40.000000 -2.171239 12.828409
v -44.000000 -2.171239 12.828409
v -40.000000 -1.826039 12.435209
v -44.000000 -1.826039 12.435209
v -40.000000 -1.535629 12.000009
v -44.000000 -1.535629 12.000009
v -40.000000 -1.304029 11.530809
v -44.000000 -1.304029 11.530809
v -40.000000 -1.136029 11.035209
v -44.000000 -1.136029 11.035209
v -40.000000 -1.034029 10.522009
v -44.000000 -1.034029 10.522009
v -40.000000 -0.999629 10.000009
v -44.000000 -0.999629 10.000009
v -40.000000 -1.034029 9.478013
v -44.000000 -1.034029 9.478013
v -40.000000 -1.136029 8.964813
v -44.000000 -1.136029 8.964813
v -40.000000 -1.304029 8.469213
v -44.000000 -1.304029 8.469213
v -40.000000 -1.535629 8.000013
v -44.000000 -1.535629 8.000013
v -40.000000 -1.826029 7.564813
v -44.000000 -1.826029 7.564813
v -40.000000 -2.171229 7.171613
v -44.000000 -2.171229 7.171613
v -40.000000 -2.564429 6.826412
v -44.000000 -2.564429 6.826412
v -40.000000 -2.999629 6.536012
v -44.000000 -2.999629 6.536012
v -40.000000 -3.468830 6.304411
v -44.000000 -3.468830 6.304411
v -40.000000 -3.964430 6.136411
v -44.000000 -3.964430 6.136411
v -40.000000 -4.477630 6.034410
v -44.000000 -4.477630 6.034410
v -40.000000 -5.782626 4.051610
v -40.000000 -4.999630 4.000009
v -44.000000 -4.999630 4.000009
v -44.000000 -5.782626 4.051610
v -40.000000 -6.552427 4.204607
v -44.000000 -6.552427 4.204607
v -40.000000 -7.295826 4.456607
v -44.000000 -7.295826 4.456607
v -40.000000 -7.999627 4.804007
v -44.000000 -7.999627 4.804007
v -40.000000 -8.652428 5.239606
v -44.000000 -8.652428 5.239606
v -40.000000 -9.242229 5.757406
v -44.000000 -9.242229 5.757406
v -40.000000 -9.760029 6.347205
v -44.000000 -9.760029 6.347205
v -40.000000 -10.195629 7.000004
v -44.000000 -10.195629 7.000004
v -40.000000 -10.543030 7.703804
v -44.000000 -10.543030 7.703804
v -40.000000 -10.795031 8.447205
v -44.000000 -10.795031 8.447205
v -40.000000 -10.948031 9.217004
v -44.000000 -10.948031 9.217004
v -40.000000 -10.999632 10.000000
v -44.000000 -10.999632 10.000000
v -40.000000 -10.948032 10.783000
v -44.000000 -10.948032 10.783000
v -40.000000 -10.795033 11.552800
v -44.000000 -10.795033 11.552800
v -40.000000 -10.543034 12.296200
v -44.000000 -10.543034 12.296200
v -40.000000 -10.195635 13.000000
v -44.000000 -10.195635 13.000000
v -40.000000 -9.760035 13.652810
v -44.000000 -9.760035 13.652810
v -40.000000 -9.242236 14.242610
v -44.000000 -9.242236 14.242610
v -40.000000 -8.652437 14.760409
v -44.000000 -8.652437 14.760409
v -40.000000 -7.999637 15.196009
v -44.000000 -7.999637 15.196009
v -40.000000 -7.295837 15.543409
v -44.000000 -7.295837 15.543409
v -40.000000 -6.552438 15.795409
v -44.000000 -6.552438 15.795409
v -40.000000 -5.782638 15.948409
v -44.000000 -5.782638 15.948409
v -40.000000 -4.999640 16.000010
v -44.000000 -4.999640 16.000010
v -40.000000 -4.216640 15.948409
v -44.000000 -4.216640 15.948409
v -40.000000 -3.446839 15.795409
v -44.000000 -3.446839 15.795409
v -40.000000 -2.703439 15.543409
v -44.000000 -2.703439 15.543409
v -40.000000 -1.999640 15.196009
v -44.000000 -1.999640 15.196009
v -40.000000 -1.346839 14.760409
v -44.000000 -1.346839 14.760409
v -40.000000 -0.757039 14.242609
v -44.000000 -0.757039 14.242609
v -40.000000 -0.239239 13.652809
v -44.000000 -0.239239 13.652809
v -40.000000 0.196361 13.000019
v -44.000000 0.196361 13.000019
v -40.000000 0.543771 12.296219
v -44.000000 0.543771 12.296219
v -40.000000 0.795771 11.552819
v -44.000000 0.795771 11.552819
v -40.000000 0.948771 10.783019
v -44.000000 0.948771 10.783019
v -40.000000 1.000370 10.000019
v -44.000000 1.000370 10.000019
v -40.000000 0.948771 9.217015
v -44.000000 0.948771 9.217015
v -40.000000 0.795771 8.447215
v -44.000000 0.795771 8.447215
v -40.000000 0.543771 7.703815
v -44.000000 0.543771 7.703815
v -40.000000 0.196371 7.000015
v -44.000000 0.196371 7.000015
v -40.000000 -0.239229 6.347214
v -44.000000 -0.239229 6.347214
v -40.000000 -0.757030 5.757414
v -44.000000 -0.757030 5.757414
v -40.000000 -1.346830 5.239613
v -44.000000 -1.346830 5.239613
v -40.000000 -1.999630 4.804012
v -44.000000 -1.999630 4.804012
v -40.000000 -2.703430 4.456612
v -44.000000 -2.703430 4.456612
v -40.000000 -3.446830 4.204611
v -44.000000 -3.446830 4.204611
v -40.000000 -4.216630 4.051610
v -44.000000 -4.216630 4.051610
v -44.000000 -4.999630 6.000009
v -44.000000 -5.521629 6.034409
v -44.000000 -5.782626 4.051610
v -44.000000 -4.999630 4.000009
v -44.000000 -6.034829 6.136410
v -44.000000 -6.552427 4.204607
v -44.000000 -6.530429 6.304409
v -44.000000 -7.295826 4.456607
v -44.000000 -6.999628 6.536007
v -44.000000 -7.999627 4.804007
v -44.000000 -7.434829 6.826407
v -44.000000 -8.652428 5.239606
v -44.000000 -7.828030 7.171607
v -44.000000 -9.242229 5.757406
v -44.000000 -8.173231 7.564806
v -44.000000 -9.760029 6.347205
v -44.000000 -8.463630 8.000006
v -44.000000 -10.195629 7.000004
v -44.000000 -8.695230 8.469207
v -44.000000 -10.543030 7.703804
v -44.000000 -8.863232 8.964807
v -44.000000 -10.795031 8.447205
v -44.000000 -8.965231 9.478006
v -44.000000 -10.948031 9.217004
v -44.000000 -8.999632 10.000010
v -44.000000 -10.999632 10.000000
v -44.000000 -8.965232 10.522010
v -44.000000 -10.948032 10.783000
v -44.000000 -8.863234 11.035210
v -44.000000 -10.795033 11.552800
v -44.000000 -8.695232 11.530810
v -44.000000 -10.543034 12.296200
v -44.000000 -8.463633 12.000009
v -44.000000 -10.195635 13.000000
v -44.000000 -8.173234 12.435209
v -44.000000 -9.760035 13.652810
v -44.000000 -7.828034 12.828409
v -44.000000 -9.242236 14.242610
v -44.000000 -7.434835 13.173609
v -44.000000 -8.652437 14.760409
v -44.000000 -6.999636 13.464009
v -44.000000 -7.999637 15.196009
v -44.000000 -6.530437 13.695609
v -44.000000 -7.295837 15.543409
v -44.000000 -6.034836 13.863609
v -44.000000 -6.552438 15.795409
v -44.000000 -5.521636 13.965609
v -44.000000 -5.782638 15.948409
v -44.000000 -4.999640 14.000009
v -44.000000 -4.999640 16.000010
v -44.000000 -4.477639 13.965609
v -44.000000 -4.216640 15.948409
v -44.000000 -3.964439 13.863609
v -44.000000 -3.446839 15.795409
v -44.000000 -3.468839 13.695609
v -44.000000 -2.703439 15.543409
v -44.000000 -2.999640 13.464009
v -44.000000 -1.999640 15.196009
v -44.000000 -2.564439 13.173609
v -44.000000 -1.346839 14.760409
v -44.000000 -2.171239 12.828409
v -44.000000 -0.757039 14.242609
v -44.000000 -1.826039 12.435209
v -44.000000 -0.239239 13.652809
v -44.000000 -1.535629 12.000009
v -44.000000 0.196361 13.000019
v -44.000000 -1.304029 11.530809
v -44.000000 0.543771 12.296219
v -44.000000 -1.136029 11.035209
v -44.000000 0.795771 11.552819
v -44.000000 -1.034029 10.522009
v -44.000000 0.948771 10.783019
v -44.000000 -0.999629 10.000009
v -44.000000 1.000370 10.000019
v -44.000000 -1.034029 9.478013
v -44.000000 0.948771 9.217015
v -44.000000 -1.136029 8.964813
v -44.000000 0.795771 8.447215
v -44.000000 -1.304029 8.469213
v -44.000000 0.543771 7.703815
v -44.000000 -1.535629 8.000013
v -44.000000 0.196371 7.000015
v -44.000000 -1.826029 7.564813
v -44.000000 -0.239229 6.347214
v -44.000000 -2.171229 7.171613
v -44.000000 -0.757030 5.757414
v -44.000000 -2.564429 6.826412
v -44.000000 -1.346830 5.239613
v -44.000000 -2.999629 6.536012
v -44.000000 -1.999630 4.804012
v -44.000000 -3.468830 6.304411
v -44.000000 -2.703430 4.456612
v -44.000000 -3.964430 6.136411
v -44.000000 -3.446830 4.204611
v -44.000000 -4.477630 6.034410
v -44.000000 -4.216630 4.051610
v -40.000000 -5.521647 26.034410
v -40.000000 -4.999648 26.000010
v -44.000000 -4.999648 26.000010
v -44.000000 -5.521647 26.034410
v -40.000000 -6.034848 26.136410
v -44.000000 -6.034848 26.136410
v -40.000000 -6.530448 26.304411
v -44.000000 -6.530448 26.304411
v -40.000000 -6.999648 26.536011
v -44.000000 -6.999648 26.536011
v -40.000000 -7.434848 26.826410
v -44.000000 -7.434848 26.826410
v -40.000000 -7.828048 27.171610
v -44.000000 -7.828048 27.171610
v -40.000000 -8.173249 27.564810
v -44.000000 -8.173249 27.564810
v -40.000000 -8.463650 28.000010
v -44.000000 -8.463650 28.000010
v -40.000000 -8.695250 28.469210
v -44.000000 -8.695250 28.469210
v -40.000000 -8.863250 28.964809
v -44.000000 -8.863250 28.964809
v -40.000000 -8.965250 29.478010
v -44.000000 -8.965250 29.478010
v -40.000000 -8.999651 30.000010
v -44.000000 -8.999651 30.000010
v -40.000000 -8.965252 30.522011
v -44.000000 -8.965252 30.522011
v -40.000000 -8.863253 31.035210
v -44.000000 -8.863253 31.035210
v -40.000000 -8.695252 31.530809
v -44.000000 -8.695252 31.530809
v -40.000000 -8.463653 32.000011
v -44.000000 -8.463653 32.000011
v -40.000000 -8.173254 32.435211
v -44.000000 -8.173254 32.435211
v -40.000000 -7.828053 32.828411
v -44.000000 -7.828053 32.828411
v -40.000000 -7.434854 33.173611
v -44.000000 -7.434854 33.173611
v -40.000000 -6.999655 33.464008
v -44.000000 -6.999655 33.464008
v -40.000000 -6.530454 33.695610
v -44.000000 -6.530454 33.695610
v -40.000000 -6.034855 33.863609
v -44.000000 -6.034855 33.863609
v -40.000000 -5.521655 33.965611
v -44.000000 -5.521655 33.965611
v -40.000000 -4.999657 34.000011
v -44.000000 -4.999657 34.000011
v -40.000000 -4.477657 33.965611
v -44.000000 -4.477657 33.965611
v -40.000000 -3.964458 33.863609
v -44.000000 -3.964458 33.863609
v -40.000000 -3.468857 33.695610
v -44.000000 -3.468857 33.695610
v -40.000000 -2.999657 33.464008
v -44.000000 -2.999657 33.464008
v -40.000000 -2.564457 33.173611
v -44.000000 -2.564457 33.173611
v -40.000000 -2.171257 32.828411
v -44.000000 -2.171257 32.828411
v -40.000000 -1.826057 32.435211
v -44.000000 -1.826057 32.435211
v -40.000000 -1.535657 32.000019
v -44.000000 -1.535657 32.000019
v -40.000000 -1.304049 31.530807
v -44.000000 -1.304049 31.530807
v -40.000000 -1.136048 31.035217
v -44.000000 -1.136048 31.035217
v -40.000000 -1.034048 30.522009
v -44.000000 -1.034048 30.522009
v -40.000000 -0.999648 30.000017
v -44.000000 -0.999648 30.000017
v -40.000000 -1.034048 29.478018
v -44.000000 -1.034048 29.478018
v -40.000000 -1.136048 28.964819
v -44.000000 -1.136048 28.964819
v -40.000000 -1.304049 28.469208
v -44.000000 -1.304049 28.469208
v -40.000000 -1.535648 28.000008
v -44.000000 -1.535648 28.000008
v -40.000000 -1.826048 27.564808
v -44.000000 -1.826048 27.564808
v -40.000000 -2.171248 27.171608
v -44.000000 -2.171248 27.171608
v -40.000000 -2.564448 26.826410
v -44.000000 -2.564448 26.826410
v -40.000000 -2.999648 26.536011
v -44.000000 -2.999648 26.536011
v -40.000000 -3.468848 26.304411
v -44.000000 -3.468848 26.304411
v -40.000000 -3.964448 26.136410
v -44.000000 -3.964448 26.136410
v -40.000000 -4.477648 26.034410
v -44.000000 -4.477648 26.034410
v -40.000000 -5.782645 24.051611
v -40.000000 -4.999648 24.000010
v -44.000000 -4.999648 24.000010
v -44.000000 -5.782645 24.051611
v -40.000000 -6.552445 24.204611
v -44.000000 -6.552445 24.204611
v -40.000000 -7.295845 24.456610
v -44.000000 -7.295845 24.456610
v -40.000000 -7.999646 24.804010
v -44.000000 -7.999646 24.804010
v -40.000000 -8.652447 25.239611
v -44.000000 -8.652447 25.239611
v -40.000000 -9.242247 25.757410
v -44.000000 -9.242247 25.757410
v -40.000000 -9.760048 26.347210
v -44.000000 -9.760048 26.347210
v -40.000000 -10.195649 27.000010
v -44.000000 -10.195649 27.000010
v -40.000000 -10.543049 27.703800
v -44.000000 -10.543049 27.703800
v -40.000000 -10.795050 28.447201
v -44.000000 -10.795050 28.447201
v -40.000000 -10.948050 29.216999
v -44.000000 -10.948050 29.216999
v -40.000000 -10.999651 30.000000
v -44.000000 -10.999651 30.000000
v -40.000000 -10.948051 30.783001
v -44.000000 -10.948051 30.783001
v -40.000000 -10.795053 31.552799
v -44.000000 -10.795053 31.552799
v -40.000000 -10.543054 32.296200
v -44.000000 -10.543054 32.296200
v -40.000000 -10.195654 33.000000
v -44.000000 -10.195654 33.000000
v -40.000000 -9.760055 33.652809
v -44.000000 -9.760055 33.652809
v -40.000000 -9.242256 34.242611
v -44.000000 -9.242256 34.242611
v -40.000000 -8.652456 34.760410
v -44.000000 -8.652456 34.760410
v -40.000000 -7.999656 35.196011
v -44.000000 -7.999656 35.196011
v -40.000000 -7.295856 35.543411
v -44.000000 -7.295856 35.543411
v -40.000000 -6.552457 35.795410
v -44.000000 -6.552457 35.795410
v -40.000000 -5.782657 35.948410
v -44.000000 -5.782657 35.948410
v -40.000000 -4.999657 36.000011
v -44.000000 -4.999657 36.000011
v -40.000000 -4.216657 35.948410
v -44.000000 -4.216657 35.948410
v -40.000000 -3.446857 35.795410
v -44.000000 -3.446857 35.795410
v -40.000000 -2.703457 35.543411
v -44.000000 -2.703457 35.543411
v -40.000000 -1.999657 35.196011
v -44.000000 -1.999657 35.196011
v -40.000000 -1.346857 34.760410
v -44.000000 -1.346857 34.760410
v -40.000000 -0.757057 34.242611
v -44.000000 -0.757057 34.242611
v -40.000000 -0.239257 33.652821
v -44.000000 -0.239257 33.652821
v -40.000000 0.196342 33.000019
v -44.000000 0.196342 33.000019
v -40.000000 0.543743 32.296219
v -44.000000 0.543743 32.296219
v -40.000000 0.795752 31.552818
v -44.000000 0.795752 31.552818
v -40.000000 0.948751 30.783018
v -44.000000 0.948751 30.783018
v -40.000000 1.000353 30.000017
v -44.000000 1.000353 30.000017
v -40.000000 0.948751 29.217018
v -44.000000 0.948751 29.217018
v -40.000000 0.795752 28.447218
v -44.000000 0.795752 28.447218
v -40.000000 0.543752 27.703817
v -44.000000 0.543752 27.703817
v -40.000000 0.196352 27.000017
v -44.000000 0.196352 27.000017
v -40.000000 -0.239248 26.347218
v -44.000000 -0.239248 26.347218
v -40.000000 -0.757048 25.757418
v -44.000000 -0.757048 25.757418
v -40.000000 -1.346848 25.239609
v -44.000000 -1.346848 25.239609
v -40.000000 -1.999648 24.804008
v -44.000000 -1.999648 24.804008
v -40.000000 -2.703448 24.456610
v -44.000000 -2.703448 24.456610
v -40.000000 -3.446848 24.204611
v -44.000000 -3.446848 24.204611
v -40.000000 -4.216648 24.051611
v -44.000000 -4.216648 24.051611
v -44.000000 -4.999648 26.000010
v -44.000000 -5.521647 26.034410
v -44.000000 -5.782645 24.051611
v -44.000000 -4.999648 24.000010
v -44.000000 -6.034848 26.136410
v -44.000000 -6.552445 24.204611
v -44.000000 -6.530448 26.304411
v -44.000000 -7.295845 24.456610
v -44.000000 -6.999648 26.536011
v -44.000000 -7.999646 24.804010
v -44.000000 -7.434848 26.826410
v -44.000000 -8.652447 25.239611
v -44.000000 -7.828048 27.171610
v -44.000000 -9.242247 25.757410
v -44.000000 -8.173249 27.564810
v -44.000000 -9.760048 26.347210
v -44.000000 -8.463650 28.000010
v -44.000000 -10.195649 27.000010
v -44.000000 -8.695250 28.469210
v -44.000000 -10.543049 27.703800
v -44.000000 -8.863250 28.964809
v -44.000000 -10.795050 28.447201
v -44.000000 -8.965250 29.478010
v -44.000000 -10.948050 29.216999
v -44.000000 -8.999651 30.000010
v -44.000000 -10.999651 30.000000
v -44.000000 -8.965252 30.522011
v -44.000000 -10.948051 30.783001
v -44.000000 -8.863253 31.035210
v -44.000000 -10.795053 31.552799
v -44.000000 -8.695252 31.530809
v -44.000000 -10.543054 32.296200
v -44.000000 -8.463653 32.000011
v -44.000000 -10.195654 33.000000
v -44.000000 -8.173254 32.435211
v -44.000000 -9.760055 33.652809
v -44.000000 -7.828053 32.828411
v -44.000000 -9.242256 34.242611
v -44.000000 -7.434854 33.173611
v -44.000000 -8.652456 34.760410
v -44.000000 -6.999655 33.464008
v -44.000000 -7.999656 35.196011
v -44.000000 -6.530454 33.695610
v -44.000000 -7.295856 35.543411
v -44.000000 -6.034855 33.863609
v -44.000000 -6.552457 35.795410
v -44.000000 -5.521655 33.965611
v -44.000000 -5.782657 35.948410
v -44.000000 -4.999657 34.000011
v -44.000000 -4.999657 36.000011
v -44.000000 -4.477657 33.965611
v -44.000000 -4.216657 35.948410
v -44.000000 -3.964458 33.863609
v -44.000000 -3.446857 35.795410
v -44.000000 -3.468857 33.695610
v -44.000000 -2.703457 35.543411
v -44.000000 -2.999657 33.464008
v -44.000000 -1.999657 35.196011
v -44.000000 -2.564457 33.173611
v -44.000000 -1.346857 34.760410
v -44.000000 -2.171257 32.828411
v -44.000000 -0.757057 34.242611
v -44.000000 -1.826057 32.435211
v -44.000000 -0.239257 33.652821
v -44.000000 -1.535657 32.000019
v -44.000000 0.196342 33.000019
v -44.000000 -1.304049 31.530807
v -44.000000 0.543743 32.296219
v -44.000000 -1.136048 31.035217
v -44.000000 0.795752 31.552818
v -44.000000 -1.034048 30.522009
v -44.000000 0.948751 30.783018
v -44.000000 -0.999648 30.000017
v -44.000000 1.000353 30.000017
v -44.000000 -1.034048 29.478018
v -44.000000 0.948751 29.217018
v -44.000000 -1.136048 28.964819
v -44.000000 0.795752 28.447218
v -44.000000 -1.304049 28.469208
v -44.000000 0.543752 27.703817
v -44.000000 -1.535648 28.000008
v -44.000000 0.196352 27.000017
v -44.000000 -1.826048 27.564808
v -44.000000 -0.239248 26.347218
v -44.000000 -2.171248 27.171608
v -44.000000 -0.757048 25.757418
v -44.000000 -2.564448 26.826410
v -44.000000 -1.346848 25.239609
v -44.000000 -2.999648 26.536011
v -44.000000 -1.999648 24.804008
v -44.000000 -3.468848 26.304411
v -44.000000 -2.703448 24.456610
v -44.000000 -3.964448 26.136410
v -44.000000 -3.446848 24.204611
v -44.000000 -4.477648 26.034410
v -44.000000 -4.216648 24.051611
v -40.000000 14.478388 -13.965572
v -40.000000 15.000387 -13.999972
v -44.000000 15.000387 -13.999972
v -44.000000 14.478388 -13.965572
v -40.000000 13.965189 -13.863572
v -44.000000 13.965189 -13.863572
v -40.000000 13.469587 -13.695572
v -44.000000 13.469587 -13.695572
v -40.000000 13.000387 -13.463972
v -44.000000 13.000387 -13.463972
v -40.000000 12.565187 -13.173572
v -44.000000 12.565187 -13.173572
v -40.000000 12.171988 -12.828372
v -44.000000 12.171988 -12.828372
v -40.000000 11.826790 -12.435172
v -44.000000 11.826790 -12.435172
v -40.000000 11.536390 -11.999972
v -44.000000 11.536390 -11.999972
v -40.000000 11.304790 -11.530772
v -44.000000 11.304790 -11.530772
v -40.000000 11.136789 -11.035172
v -44.000000 11.136789 -11.035172
v -40.000000 11.034790 -10.521972
v -44.000000 11.034790 -10.521972
v -40.000000 11.000389 -9.999975
v -44.000000 11.000389 -9.999975
v -40.000000 11.034790 -9.477975
v -44.000000 11.034790 -9.477975
v -40.000000 11.136789 -8.964774
v -44.000000 11.136789 -8.964774
v -40.000000 11.304790 -8.469173
v -44.000000 11.304790 -8.469173
v -40.000000 11.536381 -7.999974
v -44.000000 11.536381 -7.999974
v -40.000000 11.826790 -7.564774
v -44.000000 11.826790 -7.564774
v -40.000000 12.171989 -7.171574
v -44.000000 12.171989 -7.171574
v -40.000000 12.565189 -6.826373
v -44.000000 12.565189 -6.826373
v -40.000000 13.000389 -6.535973
v -44.000000 13.000389 -6.535973
v -40.000000 13.469580 -6.304372
v -44.000000 13.469580 -6.304372
v -40.000000 13.965179 -6.136373
v -44.000000 13.965179 -6.136373
v -40.000000 14.478380 -6.034371
v -44.000000 14.478380 -6.034371
v -40.000000 15.000380 -5.999971
v -44.000000 15.000380 -5.999971
v -40.000000 15.522381 -6.034370
v -44.000000 15.522381 -6.034370
v -40.000000 16.035580 -6.136370
v -44.000000 16.035580 -6.136370
v -40.000000 16.531179 -6.304369
v -44.000000 16.531179 -6.304369
v -40.000000 17.000389 -6.535969
v -44.000000 17.000389 -6.535969
v -40.000000 17.435589 -6.826368
v -44.000000 17.435589 -6.826368
v -40.000000 17.828781 -7.171568
v -44.000000 17.828781 -7.171568
v -40.000000 18.173981 -7.564768
v -44.000000 18.173981 -7.564768
v -40.000000 18.464390 -7.999968
v -44.000000 18.464390 -7.999968
v -40.000000 18.695980 -8.469168
v -44.000000 18.695980 -8.469168
v -40.000000 18.863991 -8.964767
v -44.000000 18.863991 -8.964767
v -40.000000 18.965988 -9.477967
v -44.000000 18.965988 -9.477967
v -40.000000 19.000389 -9.999968
v -44.000000 19.000389 -9.999968
v -40.000000 18.965988 -10.521973
v -44.000000 18.965988 -10.521973
v -40.000000 18.863991 -11.035163
v -44.000000 18.863991 -11.035163
v -40.000000 18.695992 -11.530763
v -44.000000 18.695992 -11.530763
v -40.000000 18.464390 -11.999963
v -44.000000 18.464390 -11.999963
v -40.000000 18.173988 -12.435173
v -44.000000 18.173988 -12.435173
v -40.000000 17.828789 -12.828373
v -44.000000 17.828789 -12.828373
v -40.000000 17.435589 -13.173573
v -44.000000 17.435589 -13.173573
v -40.000000 17.000389 -13.463973
v -44.000000 17.000389 -13.463973
v -40.000000 16.531189 -13.695572
v -44.000000 16.531189 -13.695572
v -40.000000 16.035587 -13.863572
v -44.000000 16.035587 -13.863572
v -40.000000 15.522388 -13.965572
v -44.000000 15.522388 -13.965572
v -40.000000 14.217388 -15.948372
v -40.000000 15.000387 -15.999972
v -44.000000 15.000387 -15.999972
v -44.000000 14.217388 -15.948372
v -40.000000 13.447598 -15.795372
v -44.000000 13.447598 -15.795372
v -40.000000 12.704187 -15.543372
v -44.000000 12.704187 -15.543372
v -40.000000 12.000387 -15.195971
v -44.000000 12.000387 -15.195971
v -40.000000 11.347588 -14.760372
v -44.000000 11.347588 -14.760372
v -40.000000 10.757788 -14.242572
v -44.000000 10.757788 -14.242572
v -40.000000 10.239988 -13.652772
v -44.000000 10.239988 -13.652772
v -40.000000 9.804388 -12.999972
v -44.000000 9.804388 -12.999972
v -40.000000 9.456989 -12.296172
v -44.000000 9.456989 -12.296172
v -40.000000 9.204990 -11.552782
v -44.000000 9.204990 -11.552782
v -40.000000 9.051991 -10.782982
v -44.000000 9.051991 -10.782982
v -40.000000 9.000389 -9.999977
v -44.000000 9.000389 -9.999977
v -40.000000 9.051991 -9.216977
v -44.000000 9.051991 -9.216977
v -40.000000 9.204990 -8.447177
v -44.000000 9.204990 -8.447177
v -40.000000 9.456989 -7.703777
v -44.000000 9.456989 -7.703777
v -40.000000 9.804390 -6.999976
v -44.000000 9.804390 -6.999976
v -40.000000 10.239981 -6.347176
v -44.000000 10.239981 -6.347176
v -40.000000 10.757780 -5.757375
v -44.000000 10.757780 -5.757375
v -40.000000 11.347580 -5.239575
v -44.000000 11.347580 -5.239575
v -40.000000 12.000380 -4.803974
v -44.000000 12.000380 -4.803974
v -40.000000 12.704180 -4.456574
v -44.000000 12.704180 -4.456574
v -40.000000 13.447580 -4.204572
v -44.000000 13.447580 -4.204572
v -40.000000 14.217381 -4.051571
v -44.000000 14.217381 -4.051571
v -40.000000 15.000380 -3.999971
v -44.000000 15.000380 -3.999971
v -40.000000 15.783381 -4.051570
v -44.000000 15.783381 -4.051570
v -40.000000 16.553181 -4.204569
v -44.000000 16.553181 -4.204569
v -40.000000 17.296581 -4.456568
v -44.000000 17.296581 -4.456568
v -40.000000 18.000381 -4.803968
v -44.000000 18.000381 -4.803968
v -40.000000 18.653179 -5.239567
v -44.000000 18.653179 -5.239567
v -40.000000 19.242981 -5.757366
v -44.000000 19.242981 -5.757366
v -40.000000 19.760780 -6.347167
v -44.000000 19.760780 -6.347167
v -40.000000 20.196381 -6.999966
v -44.000000 20.196381 -6.999966
v -40.000000 20.543789 -7.703766
v -44.000000 20.543789 -7.703766
v -40.000000 20.795780 -8.447165
v -44.000000 20.795780 -8.447165
v -40.000000 20.948792 -9.216966
v -44.000000 20.948792 -9.216966
v -40.000000 21.000389 -9.999966
v -44.000000 21.000389 -9.999966
v -40.000000 20.948792 -10.782963
v -44.000000 20.948792 -10.782963
v -40.000000 20.795792 -11.552763
v -44.000000 20.795792 -11.552763
v -40.000000 20.543789 -12.296163
v -44.000000 20.543789 -12.296163
v -40.000000 20.196388 -12.999963
v -44.000000 20.196388 -12.999963
v -40.000000 19.760792 -13.652762
v -44.000000 19.760792 -13.652762
v -40.000000 19.242989 -14.242563
v -44.000000 19.242989 -14.242563
v -40.000000 18.653191 -14.760363
v -44.000000 18.653191 -14.760363
v -40.000000 18.000389 -15.195972
v -44.000000 18.000389 -15.195972
v -40.000000 17.296589 -15.543373
v -44.000000 17.296589 -15.543373
v -40.000000 16.553188 -15.795372
v -44.000000 16.553188 -15.795372
v -40.000000 15.783398 -15.948372
v -44.000000 15.783398 -15.948372
v -44.000000 15.000387 -13.999972
v -44.000000 14.478388 -13.965572
v -44.000000 14.217388 -15.948372
v -44.000000 15.000387 -15.999972
v -44.000000 13.965189 -13.863572
v -44.000000 13.447598 -15.795372
v -44.000000 13.469587 -13.695572
v -44.000000 12.704187 -15.543372
v -44.000000 13.000387 -13.463972
v -44.000000 12.000387 -15.195971
v -44.000000 12.565187 -13.173572
v -44.000000 11.347588 -14.760372
v -44.000000 12.171988 -12.828372
v -44.000000 10.757788 -14.242572
v -44.000000 11.826790 -12.435172
v -44.000000 10.239988 -13.652772
v -44.000000 11.536390 -11.999972
v -44.000000 9.804388 -12.999972
v -44.000000 11.304790 -11.530772
v -44.000000 9.456989 -12.296172
v -44.000000 11.136789 -11.035172
v -44.000000 9.204990 -11.552782
v -44.000000 11.034790 -10.521972
v -44.000000 9.051991 -10.782982
v -44.000000 11.000389 -9.999975
v -44.000000 9.000389 -9.999977
v -44.000000 11.034790 -9.477975
v -44.000000 9.051991 -9.216977
v -44.000000 11.136789 -8.964774
v -44.000000 9.204990 -8.447177
v -44.000000 11.304790 -8.469173
v -44.000000 9.456989 -7.703777
v -44.000000 11.536381 -7.999974
v -44.000000 9.804390 -6.999976
v -44.000000 11.826790 -7.564774
v -44.000000 10.239981 -6.347176
v -44.000000 12.171989 -7.171574
v -44.000000 10.757780 -5.757375
v -44.000000 12.565189 -6.826373
v -44.000000 11.347580 -5.239575
v -44.000000 13.000389 -6.535973
v -44.000000 12.000380 -4.803974
v -44.000000 13.469580 -6.304372
v -44.000000 12.704180 -4.456574
v -44.000000 13.965179 -6.136373
v -44.000000 13.447580 -4.204572
v -44.000000 14.478380 -6.034371
v -44.000000 14.217381 -4.051571
v -44.000000 15.000380 -5.999971
v -44.000000 15.000380 -3.999971
v -44.000000 15.522381 -6.034370
v -44.000000 15.783381 -4.051570
v -44.000000 16.035580 -6.136370
v -44.000000 16.553181 -4.204569
v -44.000000 16.531179 -6.304369
v -44.000000 17.296581 -4.456568
v -44.000000 17.000389 -6.535969
v -44.000000 18.000381 -4.803968
v -44.000000 17.435589 -6.826368
v -44.000000 18.653179 -5.239567
v -44.000000 17.828781 -7.171568
v -44.000000 19.242981 -5.757366
v -44.000000 18.173981 -7.564768
v -44.000000 19.760780 -6.347167
v -44.000000 18.464390 -7.999968
v -44.000000 20.196381 -6.999966
v -44.000000 18.695980 -8.469168
v -44.000000 20.543789 -7.703766
v -44.000000 18.863991 -8.964767
v -44.000000 20.795780 -8.447165
v -44.000000 18.965988 -9.477967
v -44.000000 20.948792 -9.216966
v -44.000000 19.000389 -9.999968
v -44.000000 21.000389 -9.999966
v -44.000000 18.965988 -10.521973
v -44.000000 20.948792 -10.782963
v -44.000000 18.863991 -11.035163
v -44.000000 20.795792 -11.552763
v -44.000000 18.695992 -11.530763
v -44.000000 20.543789 -12.296163
v -44.000000 18.464390 -11.999963
v -44.000000 20.196388 -12.999963
v -44.000000 18.173988 -12.435173
v -44.000000 19.760792 -13.652762
v -44.000000 17.828789 -12.828373
v -44.000000 19.242989 -14.242563
v -44.000000 17.435589 -13.173573
v -44.000000 18.653191 -14.760363
v -44.000000 17.000389 -13.463973
v -44.000000 18.000389 -15.195972
v -44.000000 16.531189 -13.695572
v -44.000000 17.296589 -15.543373
v -44.000000 16.035587 -13.863572
v -44.000000 16.553188 -15.795372
v -44.000000 15.522388 -13.965572
v -44.000000 15.783398 -15.948372
v -40.000000 14.478371 6.034429
v -40.000000 15.000370 6.000029
v -44.000000 15.000370 6.000029
v -44.000000 14.478371 6.034429
v -40.000000 13.965170 6.136427
v -44.000000 13.965170 6.136427
v -40.000000 13.469570 6.304428
v -44.000000 13.469570 6.304428
v -40.000000 13.000370 6.536027
v -44.000000 13.000370 6.536027
v -40.000000 12.565170 6.826426
v -44.000000 12.565170 6.826426
v -40.000000 12.171970 7.171626
v -44.000000 12.171970 7.171626
v -40.000000 11.826771 7.564826
v -44.000000 11.826771 7.564826
v -40.000000 11.536369 8.000026
v -44.000000 11.536369 8.000026
v -40.000000 11.304770 8.469226
v -44.000000 11.304770 8.469226
v -40.000000 11.136770 8.964826
v -44.000000 11.136770 8.964826
v -40.000000 11.034769 9.478024
v -44.000000 11.034769 9.478024
v -40.000000 11.000370 10.000028
v -44.000000 11.000370 10.000028
v -40.000000 11.034769 10.522028
v -44.000000 11.034769 10.522028
v -40.000000 11.136770 11.035228
v -44.000000 11.136770 11.035228
v -40.000000 11.304770 11.530828
v -44.000000 11.304770 11.530828
v -40.000000 11.536360 12.000028
v -44.000000 11.536360 12.000028
v -40.000000 11.826771 12.435228
v -44.000000 11.826771 12.435228
v -40.000000 12.171963 12.828428
v -44.000000 12.171963 12.828428
v -40.000000 12.565163 13.173628
v -44.000000 12.565163 13.173628
v -40.000000 13.000362 13.464028
v -44.000000 13.000362 13.464028
v -40.000000 13.469563 13.695628
v -44.000000 13.469563 13.695628
v -40.000000 13.965162 13.863628
v -44.000000 13.965162 13.863628
v -40.000000 14.478361 13.965628
v -44.000000 14.478361 13.965628
v -40.000000 15.000362 14.000028
v -44.000000 15.000362 14.000028
v -40.000000 15.522362 13.965628
v -44.000000 15.522362 13.965628
v -40.000000 16.035563 13.863628
v -44.000000 16.035563 13.863628
v -40.000000 16.531162 13.695628
v -44.000000 16.531162 13.695628
v -40.000000 17.000359 13.464027
v -44.000000 17.000359 13.464027
v -40.000000 17.435558 13.173627
v -44.000000 17.435558 13.173627
v -40.000000 17.828758 12.828427
v -44.000000 17.828758 12.828427
v -40.000000 18.173969 12.435227
v -44.000000 18.173969 12.435227
v -40.000000 18.464371 12.000037
v -44.000000 18.464371 12.000037
v -40.000000 18.695961 11.530837
v -44.000000 18.695961 11.530837
v -40.000000 18.863972 11.035237
v -44.000000 18.863972 11.035237
v -40.000000 18.965969 10.522038
v -44.000000 18.965969 10.522038
v -40.000000 19.000370 10.000037
v -44.000000 19.000370 10.000037
v -40.000000 18.965969 9.478032
v -44.000000 18.965969 9.478032
v -40.000000 18.863972 8.964832
v -44.000000 18.863972 8.964832
v -40.000000 18.695969 8.469233
v -44.000000 18.695969 8.469233
v -40.000000 18.464371 8.000032
v -44.000000 18.464371 8.000032
v -40.000000 18.173969 7.564833
v -44.000000 18.173969 7.564833
v -40.000000 17.828770 7.171633
v -44.000000 17.828770 7.171633
v -40.000000 17.435570 6.826432
v -44.000000 17.435570 6.826432
v -40.000000 17.000370 6.536032
v -44.000000 17.000370 6.536032
v -40.000000 16.531170 6.304430
v -44.000000 16.531170 6.304430
v -40.000000 16.035570 6.136431
v -44.000000 16.035570 6.136431
v -40.000000 15.522369 6.034430
v -44.000000 15.522369 6.034430
v -40.000000 14.217369 4.051628
v -40.000000 15.000370 4.000029
v -44.000000 15.000370 4.000029
v -44.000000 14.217369 4.051628
v -40.000000 13.447571 4.204627
v -44.000000 13.447571 4.204627
v -40.000000 12.704170 4.456627
v -44.000000 12.704170 4.456627
v -40.000000 12.000370 4.804026
v -44.000000 12.000370 4.804026
v -40.000000 11.347570 5.239626
v -44.000000 11.347570 5.239626
v -40.000000 10.757771 5.757425
v -44.000000 10.757771 5.757425
v -40.000000 10.239969 6.347224
v -44.000000 10.239969 6.347224
v -40.000000 9.804371 7.000024
v -44.000000 9.804371 7.000024
v -40.000000 9.456970 7.703823
v -44.000000 9.456970 7.703823
v -40.000000 9.204969 8.447223
v -44.000000 9.204969 8.447223
v -40.000000 9.051970 9.217023
v -44.000000 9.051970 9.217023
v -40.000000 9.000370 10.000018
v -44.000000 9.000370 10.000018
v -40.000000 9.051970 10.783018
v -44.000000 9.051970 10.783018
v -40.000000 9.204969 11.552818
v -44.000000 9.204969 11.552818
v -40.000000 9.456961 12.296228
v -44.000000 9.456961 12.296228
v -40.000000 9.804373 13.000028
v -44.000000 9.804373 13.000028
v -40.000000 10.239971 13.652828
v -44.000000 10.239971 13.652828
v -40.000000 10.757761 14.242628
v -44.000000 10.757761 14.242628
v -40.000000 11.347563 14.760428
v -44.000000 11.347563 14.760428
v -40.000000 12.000362 15.196028
v -44.000000 12.000362 15.196028
v -40.000000 12.704163 15.543428
v -44.000000 12.704163 15.543428
v -40.000000 13.447561 15.795428
v -44.000000 13.447561 15.795428
v -40.000000 14.217361 15.948428
v -44.000000 14.217361 15.948428
v -40.000000 15.000362 16.000029
v -44.000000 15.000362 16.000029
v -40.000000 15.783361 15.948428
v -44.000000 15.783361 15.948428
v -40.000000 16.553162 15.795428
v -44.000000 16.553162 15.795428
v -40.000000 17.296558 15.543427
v -44.000000 17.296558 15.543427
v -40.000000 18.000359 15.196027
v -44.000000 18.000359 15.196027
v -40.000000 18.653160 14.760437
v -44.000000 18.653160 14.760437
v -40.000000 19.242962 14.242627
v -44.000000 19.242962 14.242627
v -40.000000 19.760761 13.652837
v -44.000000 19.760761 13.652837
v -40.000000 20.196362 13.000037
v -44.000000 20.196362 13.000037
v -40.000000 20.543770 12.296237
v -44.000000 20.543770 12.296237
v -40.000000 20.795761 11.552837
v -44.000000 20.795761 11.552837
v -40.000000 20.948761 10.783037
v -44.000000 20.948761 10.783037
v -40.000000 21.000370 10.000037
v -44.000000 21.000370 10.000037
v -40.000000 20.948761 9.217034
v -44.000000 20.948761 9.217034
v -40.000000 20.795769 8.447234
v -44.000000 20.795769 8.447234
v -40.000000 20.543770 7.703834
v -44.000000 20.543770 7.703834
v -40.000000 20.196369 7.000034
v -44.000000 20.196369 7.000034
v -40.000000 19.760769 6.347233
v -44.000000 19.760769 6.347233
v -40.000000 19.242970 5.757433
v -44.000000 19.242970 5.757433
v -40.000000 18.653179 5.239633
v -44.000000 18.653179 5.239633
v -40.000000 18.000370 4.804032
v -44.000000 18.000370 4.804032
v -40.000000 17.296570 4.456632
v -44.000000 17.296570 4.456632
v -40.000000 16.553169 4.204631
v -44.000000 16.553169 4.204631
v -40.000000 15.783369 4.051630
v -44.000000 15.783369 4.051630
v -44.000000 15.000370 6.000029
v -44.000000 14.478371 6.034429
v -44.000000 14.217369 4.051628
v -44.000000 15.000370 4.000029
v -44.000000 13.965170 6.136427
v -44.000000 13.447571 4.204627
v -44.000000 13.469570 6.304428
v -44.000000 12.704170 4.456627
v -44.000000 13.000370 6.536027
v -44.000000 12.000370 4.804026
v -44.000000 12.565170 6.826426
v -44.000000 11.347570 5.239626
v -44.000000 12.171970 7.171626
v -44.000000 10.757771 5.757425
v -44.000000 11.826771 7.564826
v -44.000000 10.239969 6.347224
v -44.000000 11.536369 8.000026
v -44.000000 9.804371 7.000024
v -44.000000 11.304770 8.469226
v -44.000000 9.456970 7.703823
v -44.000000 11.136770 8.964826
v -44.000000 9.204969 8.447223
v -44.000000 11.034769 9.478024
v -44.000000 9.051970 9.217023
v -44.000000 11.000370 10.000028
v -44.000000 9.000370 10.000018
v -44.000000 11.034769 10.522028
v -44.000000 9.051970 10.783018
v -44.000000 11.136770 11.035228
v -44.000000 9.204969 11.552818
v -44.000000 11.304770 11.530828
v -44.000000 9.456961 12.296228
v -44.000000 11.536360 12.000028
v -44.000000 9.804373 13.000028
v -44.000000 11.826771 12.435228
v -44.000000 10.239971 13.652828
v -44.000000 12.171963 12.828428
v -44.000000 10.757761 14.242628
v -44.000000 12.565163 13.173628
v -44.000000 11.347563 14.760428
v -44.000000 13.000362 13.464028
v -44.000000 12.000362 15.196028
v -44.000000 13.469563 13.695628
v -44.000000 12.704163 15.543428
v -44.000000 13.965162 13.863628
v -44.000000 13.447561 15.795428
v -44.000000 14.478361 13.965628
v -44.000000 14.217361 15.948428
v -44.000000 15.000362 14.000028
v -44.000000 15.000362 16.000029
v -44.000000 15.522362 13.965628
v -44.000000 15.783361 15.948428
v -44.000000 16.035563 13.863628
v -44.000000 16.553162 15.795428
v -44.000000 16.531162 13.695628
v -44.000000 17.296558 15.543427
v -44.000000 17.000359 13.464027
v -44.000000 18.000359 15.196027
v -44.000000 17.435558 13.173627
v -44.000000 18.653160 14.760437
v -44.000000 17.828758 12.828427
v -44.000000 19.242962 14.242627
v -44.000000 18.173969 12.435227
v -44.000000 19.760761 13.652837
v -44.000000 18.464371 12.000037
v -44.000000 20.196362 13.000037
v -44.000000 18.695961 11.530837
v -44.000000 20.543770 12.296237
v -44.000000 18.863972 11.035237
v -44.000000 20.795761 11.552837
v -44.000000 18.965969 10.522038
v -44.000000 20.948761 10.783037
v -44.000000 19.000370 10.000037
v -44.000000 21.000370 10.000037
v -44.000000 18.965969 9.478032
v -44.000000 20.948761 9.217034
v -44.000000 18.863972 8.964832
v -44.000000 20.795769 8.447234
v -44.000000 18.695969 8.469233
v -44.000000 20.543770 7.703834
v -44.000000 18.464371 8.000032
v -44.000000 20.196369 7.000034
v -44.000000 18.173969 7.564833
v -44.000000 19.760769 6.347233
v -44.000000 17.828770 7.171633
v -44.000000 19.242970 5.757433
v -44.000000 17.435570 6.826432
v -44.000000 18.653179 5.239633
v -44.000000 17.000370 6.536032
v -44.000000 18.000370 4.804032
v -44.000000 16.531170 6.304430
v -44.000000 17.296570 4.456632
v -44.000000 16.035570 6.136431
v -44.000000 16.553169 4.204631
v -44.000000 15.522369 6.034430
v -44.000000 15.783369 4.051630
vn -0.0000 0.0220 0.9998
vn -0.0000 -0.0220 0.9998
vn -0.0000 0.1090 0.9940
vn -0.0000 0.1521 0.9884
vn -0.0000 0.2374 0.9714
vn -0.0000 0.2795 0.9601
vn -0.0000 0.3623 0.9321
vn -0.0000 0.4029 0.9153
vn -0.0000 0.4810 0.8767
vn -0.0000 0.5186 0.8550
vn -0.0000 0.5911 0.8066
vn -0.0000 0.6261 0.7798
vn -0.0000 0.6916 0.7222
vn -0.0000 0.7222 0.6916
vn -0.0000 0.7798 0.6260
vn -0.0000 0.8066 0.5911
vn -0.0000 0.8551 0.5185
vn -0.0000 0.8767 0.4810
vn -0.0000 0.9153 0.4029
vn -0.0000 0.9321 0.3623
vn -0.0000 0.9601 0.2795
vn -0.0000 0.9714 0.2374
vn -0.0000 0.9884 0.1521
vn -0.0000 0.9940 0.1090
vn -0.0000 0.9998 0.0220
vn -0.0000 0.9998 -0.0220
vn -0.0000 0.9940 -0.1090
vn -0.0000 0.9884 -0.1521
vn -0.0000 0.9714 -0.2374
vn -0.0000 0.9601 -0.2795
vn -0.0000 0.9321 -0.3623
vn -0.0000 0.9153 -0.4029
vn -0.0000 0.8767 -0.4810
vn -0.0000 0.8551 -0.5185
vn -0.0000 0.8066 -0.5911
vn -0.0000 0.7798 -0.6260
vn -0.0000 0.7222 -0.6916
vn -0.0000 0.6916 -0.7222
vn -0.0000 0.6260 -0.7798
vn -0.0000 0.5911 -0.8066
vn -0.0000 0.5185 -0.8551
vn -0.0000 0.4810 -0.8767
vn -0.0000 0.4029 -0.9153
vn -0.0000 0.3623 -0.9321
vn -0.0000 0.2795 -0.9601
vn -0.0000 0.2374 -0.9714
vn -0.0000 0.1521 -0.9884
vn -0.0000 0.1090 -0.9940
vn -0.0000 0.0220 -0.9998
vn -0.0000 -0.0220 -0.9998
vn -0.0000 -0.1090 -0.9940
vn -0.0000 -0.1521 -0.9884
vn -0.0000 -0.2374 -0.9714
vn -0.0000 -0.2795 -0.9601
vn -0.0000 -0.3623 -0.9321
vn -0.0000 -0.4029 -0.9153
vn -0.0000 -0.4810 -0.8767
vn -0.0000 -0.5185 -0.8551
vn -0.0000 -0.5911 -0.8066
vn -0.0000 -0.6260 -0.7798
vn -0.0000 -0.6916 -0.7222
vn -0.0000 -0.7222 -0.6916
vn -0.0000 -0.7798 -0.6260
vn -0.0000 -0.8066 -0.5911
vn -0.0000 -0.8551 -0.5185
vn -0.0000 -0.8767 -0.4810
vn -0.0000 -0.9153 -0.4029
vn -0.0000 -0.9321 -0.3623
vn -0.0000 -0.9601 -0.2795
vn -0.0000 -0.9714 -0.2374
vn -0.0000 -0.9884 -0.1521
vn -0.0000 -0.9940 -0.1090
vn -0.0000 -0.9998 -0.0220
vn -0.0000 -0.9998 0.0220
vn -0.0000 -0.9940 0.1090
vn -0.0000 -0.9884 0.1521
vn -0.0000 -0.9714 0.2374
vn -0.0000 -0.9601 0.2795
vn -0.0000 -0.9321 0.3623
vn -0.0000 -0.9153 0.4029
vn -0.0000 -0.8767 0.4810
vn -0.0000 -0.8551 0.5185
vn -0.0000 -0.8066 0.5911
vn -0.0000 -0.7798 0.6260
vn -0.0000 -0.7222 0.6916
vn -0.0000 -0.6916 0.7222
vn -0.0000 -0.6260 0.7798
vn -0.0000 -0.5911 0.8066
vn -0.0000 -0.5185 0.8551
vn -0.0000 -0.4810 0.8767
vn -0.0000 -0.4029 0.9153
vn -0.0000 -0.3623 0.9321
vn -0.0000 -0.2795 0.9601
vn -0.0000 -0.2374 0.9714
vn -0.0000 -0.1521 0.9884
vn -0.0000 -0.1090 0.9940
vn -0.0000 -0.1091 -0.9940
vn -0.0000 0.0219 -0.9998
vn -0.0000 -0.0219 -0.9998
vn -0.0000 -0.1522 -0.9884
vn -0.0000 -0.5185 -0.8550
vn -0.0000 -0.6261 -0.7798
vn -0.0000 -0.6916 -0.7223
vn -0.0000 -0.7223 -0.6916
vn -0.0000 -0.7798 -0.6261
vn -0.0000 -0.8550 -0.5185
vn -0.0000 -0.9940 -0.1091
vn -0.0000 -0.9998 0.0219
vn -0.0000 -0.9940 0.1091
vn -0.0000 -0.9884 0.1522
vn -0.0000 -0.8550 0.5185
vn -0.0000 -0.7798 0.6261
vn -0.0000 -0.6916 0.7223
vn -0.0000 -0.6261 0.7798
vn -0.0000 -0.5185 0.8550
vn -0.0000 -0.1522 0.9884
vn -0.0000 -0.1091 0.9940
vn -0.0000 -0.0219 0.9998
vn -0.0000 0.0219 0.9998
vn -0.0000 0.1091 0.9940
vn -0.0000 0.1522 0.9884
vn -0.0000 0.5185 0.8550
vn -0.0000 0.6916 0.7223
vn -0.0000 0.7223 0.6916
vn -0.0000 0.7798 0.6261
vn -0.0000 0.8550 0.5185
vn -0.0000 0.9940 0.1091
vn -0.0000 0.9998 0.0219
vn -0.0000 0.9998 -0.0219
vn -0.0000 0.9940 -0.1091
vn -0.0000 0.9884 -0.1522
vn -0.0000 0.8550 -0.5186
vn -0.0000 0.7798 -0.6261
vn -0.0000 0.6916 -0.7223
vn -0.0000 0.6261 -0.7798
vn -0.0000 0.5186 -0.8550
vn -0.0000 0.1522 -0.9884
vn -0.0000 0.1091 -0.9940
vn 1.0000 -0.0000 -0.0000
vn -1.0000 -0.0000 -0.0000
vn -0.0000 -0.0658 0.9978
vn -0.0000 -0.4028 0.9153
vn -0.0000 -0.7223 0.6916
vn -0.0000 -0.9998 -0.0219
vn -0.0000 -0.9884 -0.1522
vn -0.0000 -0.9153 -0.4028
vn -0.0000 -0.4028 -0.9153
vn -0.0000 -0.0658 -0.9978
vn -0.0000 -1.0000 -0.0000
vn -0.0000 0.5494 0.8356
vn -0.0000 0.7024 -0.7118
vn -0.0000 0.7073 -0.7069
vn -0.0000 0.7005 -0.7137
vn -0.0000 0.7800 -0.6258
vn -0.0000 0.8065 -0.5913
vn -0.0000 0.8548 -0.5190
vn -0.0000 0.8766 -0.4813
vn -0.0000 0.9152 -0.4029
vn -0.0000 0.9600 -0.2798
vn -0.0000 0.9713 -0.2380
vn -0.0000 0.9883 -0.1524
vn -0.0000 0.9941 -0.1087
vn -0.0000 0.9998 -0.0216
vn -0.0000 0.9998 0.0216
vn -0.0000 0.9941 0.1087
vn -0.0000 0.9883 0.1524
vn -0.0000 0.9713 0.2380
vn -0.0000 0.9600 0.2798
vn -0.0000 0.9152 0.4029
vn -0.0000 0.8766 0.4813
vn -0.0000 0.8548 0.5190
vn -0.0000 0.8065 0.5913
vn -0.0000 0.7800 0.6258
vn -0.0000 0.7225 0.6914
vn -0.0000 0.6914 0.7225
vn -0.0000 0.6258 0.7800
vn -0.0000 0.5913 0.8065
vn -0.0000 0.5190 0.8548
vn -0.0000 0.4813 0.8766
vn -0.0000 0.4029 0.9152
vn -0.0000 0.2798 0.9600
vn -0.0000 0.2380 0.9713
vn -0.0000 0.1524 0.9883
vn -0.0000 0.1087 0.9941
vn -0.0000 0.0216 0.9998
vn -0.0000 -0.0216 0.9998
vn -0.0000 -0.1087 0.9941
vn -0.0000 -0.1524 0.9883
vn -0.0000 -0.2379 0.9713
vn -0.0000 -0.2798 0.9600
vn -0.0000 -0.4029 0.9152
vn -0.0000 -0.4813 0.8766
vn -0.0000 -0.5190 0.8548
vn -0.0000 -0.5913 0.8065
vn -0.0000 -0.6258 0.7800
vn -0.0000 -0.7069 0.7073
vn -0.0000 -0.7118 0.7024
vn -0.0000 -0.7137 0.7005
vn -0.0000 0.8356 0.5494
vn -0.0000 0.5494 -0.8356
vn -0.0000 0.7042 0.7100
vn -0.0000 0.7005 0.7137
vn -0.0000 0.7225 -0.6914
vn -0.0000 0.6914 -0.7225
vn -0.0000 0.6258 -0.7800
vn -0.0000 0.5913 -0.8065
vn -0.0000 0.5190 -0.8548
vn -0.0000 0.4813 -0.8766
vn -0.0000 0.4029 -0.9152
vn -0.0000 0.2798 -0.9601
vn -0.0000 0.2379 -0.9713
vn -0.0000 0.1524 -0.9883
vn -0.0000 0.1087 -0.9941
vn -0.0000 0.0216 -0.9998
vn -0.0000 -0.0216 -0.9998
vn -0.0000 -0.1087 -0.9941
vn -0.0000 -0.1524 -0.9883
vn -0.0000 -0.2380 -0.9713
vn -0.0000 -0.2798 -0.9601
vn -0.0000 -0.4029 -0.9152
vn -0.0000 -0.4813 -0.8766
vn -0.0000 -0.5190 -0.8548
vn -0.0000 -0.5913 -0.8065
vn -0.0000 -0.6258 -0.7800
vn -0.0000 -0.7100 -0.7042
vn -0.0000 -0.7137 -0.7005
vn -0.0000 0.8356 -0.5494
vn -0.0000 0.7521 -0.6591
vn -0.0000 0.9601 -0.2798
vn -0.0000 0.9713 -0.2379
vn -0.0000 0.9998 -0.0217
vn -0.0000 0.9998 0.0217
vn -0.0000 0.9713 0.2379
vn -0.0000 0.9601 0.2798
vn -0.0000 0.7521 0.6591
vn -0.0000 0.5512 0.8344
vn -0.0000 1.0000 -0.0000
vn -0.0000 -0.2848 -0.9586
vn -0.0000 -0.4027 -0.9153
vn -0.0000 -0.1954 -0.9807
vn -0.0000 -0.5557 -0.8314
vn -0.0000 -0.7071 0.7071
vn -0.0000 -0.7800 0.6258
vn -0.0000 -0.7521 0.6591
vn -0.0000 -0.8065 0.5913
vn -0.0000 -0.8548 0.5190
vn -0.0000 -0.8766 0.4813
vn -0.0000 -0.9152 0.4029
vn -0.0000 -0.9601 0.2798
vn -0.0000 -0.9713 0.2379
vn -0.0000 -0.9883 0.1524
vn -0.0000 -0.9941 0.1087
vn -0.0000 -0.9998 0.0216
vn -0.0000 -0.9998 -0.0217
vn -0.0000 -0.9941 -0.1087
vn -0.0000 -0.9883 -0.1524
vn -0.0000 -0.9713 -0.2379
vn -0.0000 -0.9601 -0.2798
vn -0.0000 -0.9152 -0.4029
vn -0.0000 -0.8766 -0.4813
vn -0.0000 -0.8548 -0.5190
vn -0.0000 -0.8065 -0.5913
vn -0.0000 -0.7800 -0.6258
vn -0.0000 -0.7224 -0.6914
vn -0.0000 -0.6914 -0.7225
vn -0.0000 -0.2379 -0.9713
vn -0.0000 -0.0217 -0.9998
vn -0.0000 0.0217 -0.9998
vn -0.0000 0.6591 -0.7521
vn -0.0000 0.7071 -0.7071
vn -0.0000 -0.8314 -0.5557
vn -0.0000 0.5512 -0.8344
vn -0.0000 -0.2848 0.9586
vn -0.0000 -0.4027 0.9153
vn -0.0000 -0.1954 0.9807
vn -0.0000 -0.5557 0.8314
vn -0.0000 -0.7071 -0.7071
vn -0.0000 -0.7521 -0.6591
vn -0.0000 -0.7225 0.6914
vn -0.0000 -0.6914 0.7224
vn -0.0000 -0.2798 0.9601
vn -0.0000 -0.0217 0.9998
vn -0.0000 0.2379 0.9713
vn -0.0000 0.2798 0.9601
vn -0.0000 0.6591 0.7521
vn -0.0000 0.7071 0.7071
vn -0.0000 -0.8314 0.5557
vn -0.0000 -0.2375 0.9714
vn -0.0000 -0.9153 0.4028
vn -0.0000 -0.9714 0.2375
vn -0.0000 -0.9714 -0.2375
vn -0.0000 -0.9601 -0.2796
vn -0.0000 -0.2375 -0.9714
vn -0.0000 0.1108 -0.9938
vn -0.0000 0.0658 -0.9978
vn -0.0000 0.2392 -0.9710
vn -0.0000 0.3616 -0.9323
vn -0.0000 0.9153 0.4028
vn -0.0000 0.8550 0.5186
vn -0.0000 0.5185 0.8551
vn -0.0000 0.0658 0.9978
vn -0.0000 0.9470 -0.3211
vn -0.0000 0.9601 -0.2797
vn -0.0000 0.9714 -0.2376
vn -0.0000 0.9940 -0.1092
vn -0.0000 0.9941 0.1089
vn -0.0000 0.9884 0.1518
vn -0.0000 0.9714 0.2375
vn -0.0000 0.9600 0.2800
vn -0.0000 0.9468 0.3219
vn -0.0000 0.3210 -0.9471
vn -0.0000 0.2797 0.9601
vn -0.0000 0.3211 0.9470
vn -0.0000 0.2376 0.9714
vn -0.0000 0.1092 0.9940
vn -0.0000 -0.9601 0.2797
vn -0.0000 -0.9470 0.3211
vn -0.0000 -0.9713 0.2377
vn -0.0000 -0.9940 0.1092
vn -0.0000 -0.9941 -0.1089
vn -0.0000 -0.9884 -0.1518
vn -0.0000 -0.9600 -0.2800
vn -0.0000 -0.9468 -0.3219
vn -0.0000 0.9884 0.1522
vn -0.0000 0.7223 -0.6916
vn -0.0000 -0.9601 0.2796
vn -0.0000 -0.2796 0.9601
vn -0.0000 0.2375 0.9714
vn -0.0000 0.2796 0.9601
vn -0.0000 0.6260 0.7798
vn -0.0000 0.9601 0.2796
vn -0.0000 0.9714 -0.2375
vn -0.0000 0.9601 -0.2796
vn -0.0000 0.2796 -0.9601
vn -0.0000 0.2375 -0.9714
vn -0.0000 -0.2796 -0.9601
vt 116.000000 26.000000
vt 98.000000 26.000000
vt 111.217003 25.165400
vt 115.217003 25.165400
vt 110.447197 24.242599
vt 114.447197 24.242599
vt 109.703796 23.247200
vt 113.703796 23.247200
vt 109.000000 22.195999
vt 113.000000 22.195999
vt 108.347198 21.107599
vt 112.347198 21.107599
vt 107.757401 20.000000
vt 111.757401 20.000000
vt 107.239601 18.892401
vt 111.239601 18.892401
vt 106.804001 17.804001
vt 110.804001 17.804001
vt 106.456596 16.752800
vt 110.456596 16.752800
vt 106.204597 15.757400
vt 110.204597 15.757400
vt 106.051598 14.834600
vt 110.051598 14.834600
vt 106.000000 14.000000
vt 110.000000 14.000000
vt 106.051598 13.268600
vt 110.051598 13.268600
vt 106.204597 12.651800
vt 110.204597 12.651800
vt 106.456596 12.160400
vt 110.456596 12.160400
vt 106.804001 11.804000
vt 110.804001 11.804000
vt 107.239601 11.586800
vt 111.239601 11.586800
vt 107.757401 11.514800
vt 91.757401 11.514800
vt 87.239601 11.586800
vt 91.239601 11.586800
vt 86.804001 11.804000
vt 90.804001 11.804000
vt 86.456596 12.160400
vt 90.456596 12.160400
vt 86.204597 12.651800
vt 90.204597 12.651800
vt 86.051598 13.268600
vt 90.051598 13.268600
vt 86.000000 14.000000
vt 90.000000 14.000000
vt 86.051598 14.834600
vt 90.051598 14.834600
vt 86.204597 15.757400
vt 90.204597 15.757400
vt 86.456596 16.752800
vt 90.456596 16.752800
vt 86.804001 17.804001
vt 90.804001 17.804001
vt 87.239601 18.892401
vt 91.239601 18.892401
vt 87.757401 20.000000
vt 91.757401 20.000000
vt 88.347198 21.107599
vt 92.347198 21.107599
vt 89.000000 22.195999
vt 93.000000 22.195999
vt 89.703796 23.247200
vt 93.703796 23.247200
vt 90.447197 24.242599
vt 94.447197 24.242599
vt 91.217003 25.165400
vt 95.217003 25.165400
vt 92.000000 26.000000
vt 122.000000 26.000000
vt 117.948402 26.731400
vt 121.948402 26.731400
vt 117.795403 27.348200
vt 121.795403 27.348200
vt 117.543404 27.839600
vt 121.543404 27.839600
vt 117.195999 28.195999
vt 121.195999 28.195999
vt 116.760399 28.413200
vt 120.760399 28.413200
vt 116.242599 28.485201
vt 100.242599 28.485201
vt 96.760399 28.413200
vt 100.760399 28.413200
vt 97.195999 28.195999
vt 101.195999 28.195999
vt 97.543404 27.839600
vt 101.543404 27.839600
vt 97.795403 27.348200
vt 101.795403 27.348200
vt 97.948402 26.731400
vt 101.948402 26.731400
vt 99.931198 26.887199
vt 100.000000 28.000000
vt 104.000000 28.000000
vt 103.931198 26.887199
vt 99.727203 25.656799
vt 103.727203 25.656799
vt 99.391197 24.329599
vt 103.391197 24.329599
vt 98.928001 22.927999
vt 102.928001 22.927999
vt 98.347198 21.476801
vt 102.347198 21.476801
vt 97.656799 20.000000
vt 101.656799 20.000000
vt 96.870399 18.523199
vt 100.870399 18.523199
vt 96.000000 17.072001
vt 100.000000 17.072001
vt 95.061600 15.670400
vt 99.061600 15.670400
vt 94.070396 14.343200
vt 98.070396 14.343200
vt 93.043999 13.112800
vt 97.043999 13.112800
vt 92.000000 12.000000
vt 108.000000 12.000000
vt 104.068802 11.024800
vt 108.068802 11.024800
vt 104.272797 10.202400
vt 108.272797 10.202400
vt 104.608803 9.547200
vt 108.608803 9.547200
vt 105.071999 9.072001
vt 109.071999 9.072001
vt 105.652802 8.782400
vt 109.652802 8.782400
vt 106.343201 8.686401
vt 90.343201 8.686401
vt 85.652802 8.782400
vt 89.652802 8.782400
vt 85.071999 9.072001
vt 89.071999 9.072001
vt 84.608803 9.547200
vt 88.608803 9.547200
vt 84.272797 10.202400
vt 88.272797 10.202400
vt 84.068802 11.024800
vt 88.068802 11.024800
vt 84.000000 12.000000
vt 116.000000 12.000000
vt 113.043999 13.112800
vt 117.043999 13.112800
vt 114.070396 14.343200
vt 118.070396 14.343200
vt 115.061600 15.670400
vt 119.061600 15.670400
vt 116.000000 17.072001
vt 120.000000 17.072001
vt 116.870399 18.523199
vt 120.870399 18.523199
vt 117.656799 20.000000
vt 121.656799 20.000000
vt 118.347198 21.476801
vt 122.347198 21.476801
vt 118.928001 22.927999
vt 122.928001 22.927999
vt 119.391197 24.329599
vt 123.391197 24.329599
vt 119.727203 25.656799
vt 123.727203 25.656799
vt 119.931198 26.887199
vt 123.931198 26.887199
vt 120.000000 28.000000
vt 124.000000 28.000000
vt 119.931198 28.975201
vt 123.931198 28.975201
vt 119.727203 29.797600
vt 123.727203 29.797600
vt 119.391197 30.452801
vt 123.391197 30.452801
vt 118.928001 30.927999
vt 122.928001 30.927999
vt 118.347198 31.217600
vt 122.347198 31.217600
vt 117.656799 31.313601
vt 101.656799 31.313601
vt 98.347198 31.217600
vt 102.347198 31.217600
vt 98.928001 30.927999
vt 102.928001 30.927999
vt 99.391197 30.452801
vt 103.391197 30.452801
vt 99.727203 29.797600
vt 103.727203 29.797600
vt 99.931198 28.975201
vt 103.931198 28.975201
vt 116.000000 102.000000
vt 115.217003 101.948402
vt 114.956001 103.931198
vt 116.000000 104.000000
vt 114.447197 101.795403
vt 113.929604 103.727203
vt 113.703796 101.543404
vt 112.938400 103.391197
vt 113.000000 101.195999
vt 112.000000 102.928001
vt 112.347198 100.760399
vt 111.129601 102.347198
vt 111.757401 100.242599
vt 110.343201 101.656799
vt 111.239601 99.652802
vt 109.652802 100.870399
vt 110.804001 99.000000
vt 109.071999 100.000000
vt 110.456596 98.296204
vt 108.608803 99.061600
vt 110.204597 97.552803
vt 108.272797 98.070396
vt 110.051598 96.782997
vt 108.068802 97.043999
vt 110.000000 96.000000
vt 108.000000 96.000000
vt 110.051598 95.217003
vt 108.068802 94.956001
vt 110.204597 94.447197
vt 108.272797 93.929604
vt 110.456596 93.703796
vt 108.608803 92.938400
vt 110.804001 93.000000
vt 109.071999 92.000000
vt 111.239601 92.347198
vt 109.652802 91.129601
vt 111.757401 91.757401
vt 110.343201 90.343201
vt 112.347198 91.239601
vt 111.129601 89.652802
vt 113.000000 90.804001
vt 112.000000 89.071999
vt 113.703796 90.456596
vt 112.938400 88.608803
vt 114.447197 90.204597
vt 113.929604 88.272797
vt 115.217003 90.051598
vt 114.956001 88.068802
vt 116.000000 90.000000
vt 116.000000 88.000000
vt 116.782997 90.051598
vt 117.043999 88.068802
vt 117.552803 90.204597
vt 118.070396 88.272797
vt 118.296204 90.456596
vt 119.061600 88.608803
vt 119.000000 90.804001
vt 120.000000 89.071999
vt 119.652802 91.239601
vt 120.870399 89.652802
vt 120.242599 91.757401
vt 121.656799 90.343201
vt 120.760399 92.347198
vt 122.347198 91.129601
vt 121.195999 93.000000
vt 122.928001 92.000000
vt 121.543404 93.703796
vt 123.391197 92.938400
vt 121.795403 94.447197
vt 123.727203 93.929604
vt 121.948402 95.217003
vt 123.931198 94.956001
vt 122.000000 96.000000
vt 124.000000 96.000000
vt 121.948402 96.782997
vt 123.931198 97.043999
vt 121.795403 97.552803
vt 123.727203 98.070396
vt 121.543404 98.296204
vt 123.391197 99.061600
vt 121.195999 99.000000
vt 122.928001 100.000000
vt 120.760399 99.652802
vt 122.347198 100.870399
vt 120.242599 100.242599
vt 121.656799 101.656799
vt 119.652802 100.760399
vt 120.870399 102.347198
vt 119.000000 101.195999
vt 120.000000 102.928001
vt 118.296204 101.543404
vt 119.061600 103.391197
vt 117.552803 101.795403
vt 118.070396 103.727203
vt 116.782997 101.948402
vt 117.043999 103.931198
vt 97.043999 103.931198
vt 96.782997 101.948402
vt 96.000000 102.000000
vt 96.000000 104.000000
vt 98.070396 103.727203
vt 97.552803 101.795403
vt 99.061600 103.391197
vt 98.296204 101.543404
vt 100.000000 102.928001
vt 99.000000 101.195999
vt 100.870399 102.347198
vt 99.652802 100.760399
vt 101.656799 101.656799
vt 100.242599 100.242599
vt 102.347198 100.870399
vt 100.760399 99.652802
vt 102.928001 100.000000
vt 101.195999 99.000000
vt 103.391197 99.061600
vt 101.543404 98.296204
vt 103.727203 98.070396
vt 101.795403 97.552803
vt 103.931198 97.043999
vt 101.948402 96.782997
vt 104.000000 96.000000
vt 102.000000 96.000000
vt 103.931198 94.956001
vt 101.948402 95.217003
vt 103.727203 93.929604
vt 101.795403 94.447197
vt 103.391197 92.938400
vt 101.543404 93.703796
vt 102.928001 92.000000
vt 101.195999 93.000000
vt 102.347198 91.129601
vt 100.760399 92.347198
vt 101.656799 90.343201
vt 100.242599 91.757401
vt 100.870399 89.652802
vt 99.652802 91.239601
vt 100.000000 89.071999
vt 99.000000 90.804001
vt 99.061600 88.608803
vt 98.296204 90.456596
vt 98.070396 88.272797
vt 97.552803 90.204597
vt 97.043999 88.068802
vt 96.782997 90.051598
vt 96.000000 88.000000
vt 96.000000 90.000000
vt 111.757401 120.242599
vt 111.240196 119.652496
vt 109.653603 120.870003
vt 110.343201 121.656799
vt 110.804100 119.000000
vt 109.072098 120.000000
vt 110.456596 118.296097
vt 108.608803 119.061501
vt 110.204597 117.552803
vt 108.272797 118.070396
vt 110.051003 116.783203
vt 108.068001 117.044296
vt 110.000099 116.000000
vt 108.000099 116.000000
vt 110.051003 115.216797
vt 108.068001 114.955704
vt 110.204597 114.447197
vt 108.272797 113.929604
vt 110.456596 113.703903
vt 108.608803 112.938499
vt 110.804100 113.000000
vt 109.072098 112.000000
vt 111.240196 112.347504
vt 109.653603 111.129997
vt 111.757401 111.757401
vt 110.343201 110.343201
vt 112.347504 111.240196
vt 111.129997 109.653603
vt 113.000000 110.804100
vt 112.000000 109.072098
vt 113.703903 110.456596
vt 112.938499 108.608803
vt 114.447197 110.204597
vt 113.929604 108.272797
vt 115.216797 110.051003
vt 114.955704 108.068001
vt 116.000000 110.000099
vt 116.000000 108.000099
vt 116.783203 110.051003
vt 117.044296 108.068001
vt 117.552803 110.204597
vt 118.070396 108.272797
vt 118.296097 110.456596
vt 119.061501 108.608803
vt 119.000000 110.804100
vt 120.000000 109.072098
vt 119.652496 111.240196
vt 120.870003 109.653603
vt 120.242599 111.757401
vt 121.656799 110.343201
vt 97.655998 86.344002
vt 106.540001 56.889999
vt 96.000000 54.790001
vt 96.000000 85.250000
vt 106.540001 127.110001
vt 97.655998 97.655998
vt 96.000000 98.750000
vt 96.000000 129.210007
vt 118.870003 118.870003
vt 120.279999 120.279999
vt 115.339996 123.680000
vt 118.870003 65.129997
vt 120.279999 63.720001
vt 115.339996 60.320000
vt 127.110001 77.459999
vt 99.391998 88.935997
vt 100.000000 92.000000
vt 130.000000 92.000000
vt 99.391998 95.064003
vt 127.110001 106.540001
vt 123.680000 115.339996
vt 123.680000 68.660004
vt 0.783000 5.948400
vt 1.566000 11.896800
vt 0.000000 12.000000
vt 0.000000 6.000000
vt 1.552800 5.795400
vt 3.105600 11.590800
vt 2.296200 5.543400
vt 4.592400 11.086800
vt 3.000000 5.196000
vt 6.000000 10.392000
vt 3.652800 4.760400
vt 7.305600 9.520800
vt 4.242600 4.242600
vt 8.485200 8.485200
vt 4.760400 3.652800
vt 9.520800 7.305600
vt 5.196000 3.000000
vt 10.392000 6.000000
vt 5.543400 2.296200
vt 11.086800 4.592400
vt 5.795400 1.552800
vt 11.590800 3.105600
vt 5.948400 0.783000
vt 11.896800 1.566000
vt 6.000000 0.000000
vt 12.000000 0.000000
vt 5.948400 -0.783000
vt 11.896800 -1.566000
vt 5.795400 -1.552800
vt 11.590800 -3.105600
vt 5.543400 -2.296200
vt 11.086800 -4.592400
vt 5.196000 -3.000000
vt 10.392000 -6.000000
vt 4.760400 -3.652800
vt 9.520800 -7.305600
vt 4.242600 -4.242600
vt 8.485200 -8.485200
vt 3.652800 -4.760400
vt 7.305600 -9.520800
vt 3.000000 -5.196000
vt 6.000000 -10.392000
vt 2.296200 -5.543400
vt 4.592400 -11.086800
vt 1.552800 -5.795400
vt 3.105600 -11.590800
vt 0.783000 -5.948400
vt 1.566000 -11.896800
vt 0.000000 -6.000000
vt 0.000000 -12.000000
vt 2.088000 15.862400
vt 0.000000 16.000000
vt 4.140800 15.454400
vt 6.123200 14.782400
vt 8.000000 13.856000
vt 9.740800 12.694400
vt 11.313600 11.313600
vt 12.694400 9.740800
vt 13.856000 8.000000
vt 14.782400 6.123200
vt 15.454400 4.140800
vt 15.862400 2.088000
vt 16.000000 0.000000
vt 15.862400 -2.088000
vt 15.454400 -4.140800
vt 14.782400 -6.123200
vt 13.856000 -8.000000
vt 12.694400 -9.740800
vt 11.313600 -11.313600
vt 9.740800 -12.694400
vt 8.000000 -13.856000
vt 6.123200 -14.782400
vt 4.140800 -15.454400
vt 2.088000 -15.862400
vt 0.000000 -16.000000
vt 2.610000 19.827999
vt 0.000000 20.000000
vt 5.176000 19.318001
vt 7.654000 18.478001
vt 10.000000 17.320000
vt 12.176000 15.868000
vt 14.142000 14.142000
vt 15.868000 12.176000
vt 17.320000 10.000000
vt 18.478001 7.654000
vt 19.318001 5.176000
vt 19.827999 2.610000
vt 20.000000 0.000000
vt 19.827999 -2.610000
vt 19.318001 -5.176000
vt 18.478001 -7.654000
vt 17.320000 -10.000000
vt 15.868000 -12.176000
vt 14.142000 -14.142000
vt 12.176000 -15.868000
vt 10.000000 -17.320000
vt 7.654000 -18.478001
vt 5.176000 -19.318001
vt 2.610000 -19.827999
vt 0.000000 -20.000000
vt 5.220000 39.655998
vt 0.000000 40.000000
vt 10.352000 38.636002
vt 15.308000 36.956001
vt 20.000000 34.639999
vt 24.351999 31.736000
vt 28.284000 28.284000
vt 31.736000 24.351999
vt 34.639999 20.000000
vt 36.956001 15.308000
vt 38.636002 10.352000
vt 39.655998 5.220000
vt 40.000000 0.000000
vt 39.655998 -5.220000
vt 38.636002 -10.352000
vt 36.956001 -15.308000
vt 34.639999 -20.000000
vt 31.736000 -24.351999
vt 28.284000 -28.284000
vt 24.351999 -31.736000
vt 20.000000 -34.639999
vt 15.308000 -36.956001
vt 10.352000 -38.636002
vt 5.220000 -39.655998
vt 0.000000 -40.000000
vt 4.000000 16.000000
vt 5.566000 15.896800
vt 4.783000 9.948400
vt 4.000000 10.000000
vt 7.105600 15.590800
vt 5.552800 9.795401
vt 8.592400 15.086800
vt 6.296200 9.543400
vt 10.000000 14.392000
vt 7.000000 9.196000
vt 11.305600 13.520800
vt 7.652800 8.760400
vt 12.485200 12.485200
vt 8.242599 8.242599
vt 13.520800 11.305600
vt 8.760400 7.652800
vt 14.392000 10.000000
vt 9.196000 7.000000
vt 15.086800 8.592400
vt 9.543400 6.296200
vt 15.590800 7.105600
vt 9.795401 5.552800
vt 15.896800 5.566000
vt 9.948400 4.783000
vt 16.000000 4.000000
vt 10.000000 4.000000
vt 15.896800 2.434000
vt 9.948400 3.217000
vt 15.590800 0.894400
vt 9.795401 2.447200
vt 15.086800 -0.592400
vt 9.543400 1.703800
vt 14.392000 -2.000000
vt 9.196000 1.000000
vt 13.520800 -3.305600
vt 8.760400 0.347200
vt 12.485200 -4.485200
vt 8.242599 -0.242600
vt 11.305600 -5.520800
vt 7.652800 -0.760400
vt 10.000000 -6.392000
vt 7.000000 -1.196000
vt 8.592400 -7.086800
vt 6.296200 -1.543400
vt 7.105600 -7.590800
vt 5.552800 -1.795400
vt 5.566000 -7.896800
vt 4.783000 -1.948400
vt 4.000000 -8.000000
vt 4.000000 -2.000000
vt 6.088000 19.862400
vt 4.000000 20.000000
vt 8.140800 19.454399
vt 10.123200 18.782400
vt 12.000000 17.856001
vt 13.740800 16.694401
vt 15.313600 15.313600
vt 16.694401 13.740800
vt 17.856001 12.000000
vt 18.782400 10.123200
vt 19.454399 8.140800
vt 19.862400 6.088000
vt 20.000000 4.000000
vt 19.862400 1.912000
vt 19.454399 -0.140800
vt 18.782400 -2.123200
vt 17.856001 -4.000000
vt 16.694401 -5.740800
vt 15.313600 -7.313600
vt 13.740800 -8.694400
vt 12.000000 -9.856000
vt 10.123200 -10.782400
vt 8.140800 -11.454400
vt 6.088000 -11.862400
vt 4.000000 -12.000000
vt 4.000000 22.000000
vt 6.349472 21.846010
vt 6.088420 19.863119
vt 8.658742 21.386669
vt 8.141104 19.454809
vt 10.888300 20.629829
vt 13.000000 19.588461
vt 14.957710 18.280359
vt 13.740180 16.693649
vt 16.727921 16.727921
vt 18.280359 14.957700
vt 16.693649 13.740180
vt 19.588461 13.000000
vt 20.629829 10.888300
vt 21.386669 8.658744
vt 19.454809 8.141106
vt 21.846010 6.349470
vt 19.863119 6.088418
vt 22.000000 3.999999
vt 21.846010 1.650528
vt 19.863119 1.911580
vt 21.386669 -0.658744
vt 19.454809 -0.141106
vt 20.629829 -2.888304
vt 19.588461 -5.000000
vt 18.280359 -6.957706
vt 16.693649 -5.740182
vt 16.727921 -8.727922
vt 14.957710 -10.280360
vt 13.740180 -8.693654
vt 13.000000 -11.588460
vt 10.888300 -12.629830
vt 8.658740 -13.386670
vt 8.141102 -11.454810
vt 6.349470 -13.846010
vt 6.088418 -11.863120
vt 3.999998 -14.000000
vt 4.000000 23.000000
vt 6.480000 22.837500
vt 8.917601 22.352600
vt 11.271000 21.553699
vt 13.500000 20.454500
vt 15.566500 19.073700
vt 17.434999 17.434999
vt 19.073700 15.566500
vt 20.454500 13.500000
vt 21.553699 11.271000
vt 22.352600 8.917601
vt 22.837500 6.480000
vt 23.000000 4.000000
vt 22.837500 1.520000
vt 22.352600 -0.917600
vt 21.553699 -3.271000
vt 20.454500 -5.500000
vt 19.073700 -7.566500
vt 17.434999 -9.435000
vt 15.566500 -11.073700
vt 13.500000 -12.454500
vt 11.271000 -13.553700
vt 8.917601 -14.352600
vt 6.480000 -14.837500
vt 4.000000 -15.000000
vt 4.000000 42.000000
vt 8.959000 41.673199
vt 13.834400 40.704201
vt 8.917200 22.352100
vt 18.542601 39.108200
vt 23.000000 36.908001
vt 27.134399 34.149200
vt 15.567200 19.074600
vt 30.869801 30.869801
vt 34.149200 27.134399
vt 19.074600 15.567200
vt 36.908001 23.000000
vt 39.108200 18.542601
vt 40.704201 13.834400
vt 22.352100 8.917200
vt 41.673199 8.959000
vt 42.000000 4.000000
vt 41.673199 -0.959000
vt 40.704201 -5.834400
vt 22.352100 -0.917200
vt 39.108200 -10.542600
vt 36.908001 -15.000000
vt 34.149200 -19.134399
vt 19.074600 -7.567200
vt 30.869801 -22.869801
vt 27.134399 -26.149200
vt 15.567200 -11.074600
vt 23.000000 -28.908001
vt 18.542601 -31.108200
vt 13.834400 -32.704201
vt 8.917200 -14.352100
vt 8.959000 -33.673199
vt 4.000000 -34.000000
vt 88.782997 93.948402
vt 89.566002 99.896797
vt 88.000000 100.000000
vt 88.000000 94.000000
vt 89.552803 93.795403
vt 91.105598 99.590797
vt 90.296204 93.543404
vt 92.592400 99.086800
vt 91.000000 93.195999
vt 94.000000 98.391998
vt 91.652802 92.760399
vt 95.305603 97.520798
vt 92.242599 92.242599
vt 96.485199 96.485199
vt 92.760399 91.652802
vt 97.520798 95.305603
vt 93.195999 91.000000
vt 98.391998 94.000000
vt 93.543404 90.296204
vt 99.086800 92.592400
vt 93.795403 89.552803
vt 99.590797 91.105598
vt 93.948402 88.782997
vt 99.896797 89.566002
vt 94.000000 88.000000
vt 100.000000 88.000000
vt 93.948402 87.217003
vt 99.896797 86.433998
vt 93.795403 86.447197
vt 99.590797 84.894402
vt 93.543404 85.703796
vt 99.086800 83.407600
vt 93.195999 85.000000
vt 98.391998 82.000000
vt 92.760399 84.347198
vt 97.520798 80.694397
vt 92.242599 83.757401
vt 96.485199 79.514801
vt 91.652802 83.239601
vt 95.305603 78.479202
vt 91.000000 82.804001
vt 94.000000 77.608002
vt 90.296204 82.456596
vt 92.592400 76.913200
vt 89.552803 82.204597
vt 91.105598 76.409203
vt 88.782997 82.051598
vt 89.566002 76.103203
vt 88.000000 82.000000
vt 88.000000 76.000000
vt 90.087997 103.862396
vt 88.000000 104.000000
vt 92.140800 103.454399
vt 94.123199 102.782402
vt 96.000000 101.856003
vt 97.740799 100.694397
vt 99.313599 99.313599
vt 100.694397 97.740799
vt 101.856003 96.000000
vt 102.782402 94.123199
vt 103.454399 92.140800
vt 103.862396 90.087997
vt 104.000000 88.000000
vt 103.862396 85.912003
vt 103.454399 83.859200
vt 102.782402 81.876801
vt 101.856003 80.000000
vt 100.694397 78.259201
vt 99.313599 76.686401
vt 97.740799 75.305603
vt 96.000000 74.143997
vt 94.123199 73.217598
vt 92.140800 72.545601
vt 90.087997 72.137604
vt 88.000000 72.000000
vt 90.088417 103.863098
vt 90.349472 105.846001
vt 88.000000 106.000000
vt 92.141113 103.454803
vt 92.658737 105.386703
vt 94.888313 104.629799
vt 97.000000 103.588501
vt 97.740181 100.693703
vt 98.957703 102.280403
vt 100.727898 100.727898
vt 100.693703 97.740181
vt 102.280403 98.957703
vt 103.588501 97.000000
vt 104.629799 94.888313
vt 103.454803 92.141113
vt 105.386703 92.658737
vt 103.863098 90.088417
vt 105.846001 90.349472
vt 106.000000 88.000000
vt 103.863098 85.911583
vt 105.846001 85.650528
vt 103.454803 83.858887
vt 105.386703 83.341263
vt 104.629799 81.111687
vt 103.588501 79.000000
vt 100.693703 78.259819
vt 102.280403 77.042297
vt 100.727898 75.272079
vt 97.740181 75.306343
vt 98.957703 73.719643
vt 97.000000 72.411537
vt 94.888298 71.370163
vt 92.141098 72.545189
vt 92.658737 70.613327
vt 90.088417 72.136879
vt 90.349472 70.153992
vt 88.000000 70.000000
vt 90.480003 106.837502
vt 88.000000 107.000000
vt 92.917603 106.352600
vt 95.271004 105.553703
vt 97.500000 104.454498
vt 99.566498 103.073700
vt 101.434998 101.434998
vt 103.073700 99.566498
vt 104.454498 97.500000
vt 105.553703 95.271004
vt 106.352600 92.917603
vt 106.837502 90.480003
vt 107.000000 88.000000
vt 106.837502 85.519997
vt 106.352600 83.082397
vt 105.553703 80.728996
vt 104.454498 78.500000
vt 103.073700 76.433502
vt 101.434998 74.565002
vt 99.566498 72.926300
vt 97.500000 71.545502
vt 95.271004 70.446297
vt 92.917603 69.647400
vt 90.480003 69.162498
vt 88.000000 69.000000
vt 92.959000 125.673203
vt 88.000000 126.000000
vt 92.917198 106.352097
vt 97.834396 124.704201
vt 102.542603 123.108200
vt 107.000000 120.907997
vt 99.567200 103.074600
vt 111.134399 118.149200
vt 114.869797 114.869797
vt 103.074600 99.567200
vt 118.149200 111.134399
vt 120.907997 107.000000
vt 123.108200 102.542603
vt 106.352097 92.917198
vt 124.704201 97.834396
vt 125.673203 92.959000
vt 126.000000 88.000000
vt 125.673203 83.041000
vt 106.352097 83.082802
vt 124.704201 78.165604
vt 123.108200 73.457397
vt 120.907997 69.000000
vt 103.074600 76.432800
vt 118.149200 64.865601
vt 114.869797 61.130199
vt 99.567200 72.925400
vt 111.134399 57.850800
vt 107.000000 55.091999
vt 102.542603 52.891800
vt 92.917198 69.647903
vt 97.834396 51.295799
vt 92.959000 50.326801
vt 88.000000 50.000000
vt 94.000000 6.000000
vt 102.000000 6.000000
vt 101.948402 6.731400
vt 93.948402 6.731400
vt 101.795403 7.348200
vt 93.795403 7.348200
vt 101.543404 7.839600
vt 93.543404 7.839600
vt 101.195999 8.196000
vt 93.195999 8.196000
vt 100.760399 8.413200
vt 92.760399 8.413200
vt 100.242599 8.485200
vt 92.242599 8.485200
vt 88.000000 6.000000
vt 95.217003 5.165400
vt 87.217003 5.165400
vt 94.447197 4.242600
vt 86.447197 4.242600
vt 93.703796 3.247200
vt 85.703796 3.247200
vt 93.000000 2.196000
vt 85.000000 2.196000
vt 92.347198 1.107600
vt 84.347198 1.107600
vt 91.757401 0.000000
vt 83.757401 0.000000
vt 91.239601 -1.107600
vt 83.239601 -1.107600
vt 90.804001 -2.196000
vt 82.804001 -2.196000
vt 90.456596 -3.247200
vt 82.456596 -3.247200
vt 90.204597 -4.242600
vt 82.204597 -4.242600
vt 90.051598 -5.165400
vt 82.051598 -5.165400
vt 90.000000 -6.000000
vt 82.000000 -6.000000
vt 96.000000 -40.000000
vt 88.000000 -38.000000
vt 88.000000 -6.000000
vt 96.000000 -6.000000
vt 119.339996 -8.340000
vt 115.339996 -8.340000
vt 107.309998 -21.650000
vt 111.309998 -21.650000
vt 71.760002 -8.480000
vt 107.760002 -8.480000
vt 60.320000 -8.340000
vt 64.320000 -8.340000
vt 111.243103 -8.407070
vt 107.243103 -8.407070
vt 110.807297 -8.190832
vt 106.807297 -8.190832
vt 110.459999 -7.834671
vt 106.459999 -7.834671
vt 110.208199 -7.343679
vt 106.208199 -7.343679
vt 110.054703 -6.728031
vt 106.054703 -6.728031
vt 110.003799 -5.996207
vt 106.003799 -5.996207
vt 110.054703 -5.162624
vt 106.054703 -5.162624
vt 110.208199 -4.240000
vt 106.208199 -4.240000
vt 110.459999 -3.245296
vt 106.459999 -3.245296
vt 110.807297 -2.194624
vt 106.807297 -2.194624
vt 111.243103 -1.106640
vt 107.243103 -1.106640
vt 111.760002 0.000000
vt 107.760002 0.000000
vt 112.349800 1.106640
vt 108.349800 1.106640
vt 113.001900 2.194624
vt 109.001900 2.194624
vt 113.705299 3.245296
vt 109.705299 3.245296
vt 114.448196 4.240000
vt 110.448196 4.240000
vt 115.217300 5.162624
vt 111.217300 5.162624
vt 116.000000 5.996207
vt 77.996208 5.996207
vt 81.945328 6.728031
vt 77.945328 6.728031
vt 81.791840 7.343679
vt 77.791840 7.343679
vt 81.539993 7.834671
vt 77.539993 7.834671
vt 81.192734 8.190832
vt 77.192734 8.190832
vt 80.756851 8.407070
vt 76.756851 8.407070
vt 80.239998 8.480000
vt 116.239998 8.480000
vt 120.242599 80.242630
vt 119.652496 80.759804
vt 120.870003 82.346413
vt 121.656799 81.656837
vt 119.000000 81.195953
vt 120.000000 82.927933
vt 118.296097 81.543419
vt 119.061501 83.391228
vt 117.552803 81.795433
vt 118.070396 83.727242
vt 116.783203 81.949013
vt 117.044296 83.932022
vt 116.000000 81.999924
vt 116.000000 83.999901
vt 115.216797 81.949013
vt 114.955704 83.932022
vt 114.447197 81.795433
vt 113.929604 83.727242
vt 113.703903 81.543419
vt 112.938499 83.391228
vt 113.000000 81.195953
vt 112.000000 82.927933
vt 112.347504 80.759804
vt 111.129997 82.346413
vt 111.757401 80.242630
vt 110.343201 81.656837
vt 111.240196 79.652481
vt 109.653603 80.869972
vt 110.804100 78.999962
vt 109.072098 79.999947
vt 110.456596 78.296112
vt 108.608803 79.061478
vt 110.204597 77.552803
vt 108.272797 78.070396
vt 110.051003 76.783188
vt 108.068001 77.044250
vt 110.000099 76.000000
vt 108.000099 76.000000
vt 110.051003 75.216812
vt 108.068001 74.955750
vt 110.204597 74.447197
vt 108.272797 73.929604
vt 110.456596 73.703888
vt 108.608803 72.938522
vt 110.804100 73.000038
vt 109.072098 72.000053
vt 111.240196 72.347519
vt 109.653603 71.130028
vt 111.757401 71.757370
vt 110.343201 70.343163
vt 127.680000 8.340000
vt 123.680000 8.340000
vt 132.960007 21.650000
vt 128.960007 21.650000
vt 88.000000 38.000000
vt 96.000000 40.000000
vt 96.000000 6.000000
vt 123.680000 55.020000
vt 127.680000 55.020000
vt 132.960007 52.270000
vt 128.960007 52.270000
vt 107.760002 40.000000
vt 111.760002 40.000000
vt 119.339996 55.020000
vt 115.339996 55.020000
vt 111.243103 38.893360
vt 107.243103 38.893360
vt 110.807297 37.805370
vt 106.807297 37.805370
vt 110.459999 36.754700
vt 106.459999 36.754700
vt 110.208199 35.759998
vt 106.208199 35.759998
vt 110.054703 34.837379
vt 106.054703 34.837379
vt 110.003799 34.003792
vt 106.003799 34.003792
vt 110.054703 33.271969
vt 106.054703 33.271969
vt 110.208199 32.656319
vt 106.208199 32.656319
vt 110.459999 32.165329
vt 106.459999 32.165329
vt 110.807297 31.809170
vt 106.807297 31.809170
vt 111.243103 31.592930
vt 107.243103 31.592930
vt 111.760002 31.520000
vt 107.760002 31.520000
vt 102.338699 11.202820
vt 101.650002 11.300000
vt 97.650002 11.300000
vt 98.338737 11.202820
vt 102.919601 10.914670
vt 98.919563 10.914670
vt 103.382301 10.440070
vt 99.382294 10.440070
vt 103.717903 9.785800
vt 99.717903 9.785800
vt 103.922401 8.965420
vt 99.922432 8.965420
vt 103.990196 7.990230
vt 99.990227 7.990230
vt 103.922401 6.879440
vt 99.922432 6.879440
vt 103.717903 5.650001
vt 99.717903 5.650001
vt 103.382301 4.324510
vt 99.382294 4.324510
vt 102.919601 2.924440
vt 98.919563 2.924440
vt 102.338699 1.474650
vt 98.338737 1.474650
vt 101.650002 0.000000
vt 97.650002 0.000000
vt 96.000000 -2.750000
vt 100.000000 -2.750000
vt 101.655998 0.000000
vt 97.655998 0.000000
vt 96.000000 -33.209999
vt 100.000000 -33.209999
vt 56.889999 -20.570000
vt 60.889999 -20.570000
vt 58.790001 -33.209999
vt 54.790001 -33.209999
vt 60.599998 -11.310000
vt 64.599998 -11.310000
vt 106.339996 66.349998
vt 110.339996 70.349998
vt 116.089996 64.599998
vt 112.089996 60.599998
vt 109.661301 -11.202820
vt 110.349998 -11.300000
vt 106.349998 -11.300000
vt 105.661301 -11.202820
vt 109.080399 -10.914670
vt 105.080399 -10.914670
vt 108.617699 -10.440070
vt 104.617699 -10.440070
vt 108.282097 -9.785800
vt 104.282097 -9.785800
vt 108.077599 -8.965420
vt 104.077599 -8.965420
vt 108.009804 -7.990230
vt 72.000000 -7.990230
vt 77.042992 -6.879440
vt 73.042992 -6.879440
vt 78.067902 -5.650001
vt 74.067902 -5.650001
vt 79.057777 -4.324511
vt 75.057777 -4.324511
vt 79.995117 -2.924440
vt 75.995117 -2.924440
vt 80.864082 -1.474651
vt 76.864082 -1.474651
vt 81.650002 0.000000
vt 77.650002 0.000000
vt 82.338737 1.474651
vt 78.338737 1.474651
vt 82.919563 2.924440
vt 78.919563 2.924440
vt 83.382294 4.324511
vt 79.382294 4.324511
vt 83.717903 5.650001
vt 79.717903 5.650001
vt 83.922432 6.879440
vt 79.922432 6.879440
vt 83.990227 7.990230
vt 79.990227 7.990230
vt 83.922432 8.965420
vt 79.922432 8.965420
vt 83.717903 9.785800
vt 79.717903 9.785800
vt 83.382294 10.440070
vt 79.382294 10.440070
vt 82.919563 10.914670
vt 78.919563 10.914670
vt 82.338737 11.202820
vt 78.338737 11.202820
vt 81.650002 11.300000
vt 77.650002 11.300000
vt 123.400002 71.910004
vt 127.400002 75.910004
vt 121.650002 81.660004
vt 117.650002 77.660004
vt 77.459999 20.570000
vt 81.459999 20.570000
vt 75.910004 11.310000
vt 71.910004 11.310000
vt 102.750000 10.750000
vt 98.750000 10.750000
vt 97.655998 11.312000
vt 101.655998 11.312000
vt 100.000000 41.209999
vt 96.000000 41.209999
vt 96.000000 10.750000
vt 100.000000 10.750000
vt 131.110001 49.650002
vt 127.110001 49.650002
vt 129.210007 41.209999
vt 133.210007 41.209999
vt 127.400002 51.490002
vt 123.400002 51.490002
vt 121.650002 39.990002
vt 117.650002 39.990002
vt 117.650002 40.000000
vt 121.650002 40.000000
vt 120.864098 38.525349
vt 116.864098 38.525349
vt 119.995102 37.075562
vt 115.995102 37.075562
vt 119.057800 35.675491
vt 115.057800 35.675491
vt 118.067902 34.349998
vt 114.067902 34.349998
vt 117.042999 33.120560
vt 113.042999 33.120560
vt 116.000000 32.009769
vt 104.009804 32.009769
vt 108.077599 31.034580
vt 104.077599 31.034580
vt 108.282097 30.214199
vt 104.282097 30.214199
vt 108.617699 29.559931
vt 104.617699 29.559931
vt 109.080399 29.085329
vt 105.080399 29.085329
vt 109.661301 28.797180
vt 105.661301 28.797180
vt 110.349998 28.700001
vt 106.349998 28.700001
vt 108.009804 32.009769
vt 112.000000 32.009769
vt 6.000000 6.000000
vt 10.000000 6.000000
vt 9.948400 6.731400
vt 5.948400 6.731400
vt 9.795401 7.348200
vt 5.795400 7.348200
vt 9.543400 7.839600
vt 5.543400 7.839600
vt 9.196000 8.196000
vt 5.196000 8.196000
vt 8.760400 8.413200
vt 4.760400 8.413200
vt 8.242599 8.485200
vt 4.242600 8.485200
vt 3.217000 5.165400
vt -0.783000 5.165400
vt 2.447200 4.242600
vt -1.552800 4.242600
vt 1.703800 3.247200
vt -2.296200 3.247200
vt 1.000000 2.196000
vt -3.000000 2.196000
vt 0.347200 1.107600
vt -3.652800 1.107600
vt -0.242600 0.000000
vt -4.242600 0.000000
vt -0.760400 -1.107600
vt -4.760400 -1.107600
vt -1.196000 -2.196000
vt -5.196000 -2.196000
vt -1.543400 -3.247200
vt -5.543400 -3.247200
vt -1.795400 -4.242600
vt -5.795400 -4.242600
vt -1.948400 -5.165400
vt -5.948400 -5.165400
vt -2.000000 -6.000000
vt -6.000000 -6.000000
vt 4.000000 38.000000
vt 4.000000 6.000000
vt 4.000000 -6.000000
vt 4.000000 -38.000000
vt 42.000000 38.000000
vt 126.000000 38.000000
vt 125.673203 42.632198
vt 41.673199 42.632198
vt 124.704201 46.538601
vt 40.704201 46.538601
vt 123.108200 49.650799
vt 39.108200 49.650799
vt 120.907997 51.908001
vt 36.908001 51.908001
vt 118.149200 53.283600
vt 34.149200 53.283600
vt 114.869797 53.739601
vt 30.869801 53.739601
vt 83.041000 32.714199
vt -0.959000 32.714199
vt 78.165604 26.869801
vt -5.834400 26.869801
vt 73.457397 20.565599
vt -10.542600 20.565599
vt 69.000000 13.908000
vt -15.000000 13.908000
vt 64.865601 7.014801
vt -19.134399 7.014801
vt 61.130199 0.000000
vt -22.869801 0.000000
vt 57.850800 -7.014801
vt -26.149200 -7.014801
vt 55.091999 -13.908000
vt -28.908001 -13.908000
vt 52.891800 -20.565599
vt -31.108200 -20.565599
vt 51.295799 -26.869801
vt -32.704201 -26.869801
vt 50.326801 -32.714199
vt -33.673199 -32.714199
vt 50.000000 -38.000000
vt -34.000000 -38.000000
vt 131.656006 44.875999
vt 132.000000 40.000000
vt 40.000000 40.000000
vt 39.655998 44.875999
vt 130.636002 48.987999
vt 38.636002 48.987999
vt 128.955994 52.264000
vt 36.956001 52.264000
vt 126.639999 54.639999
vt 34.639999 54.639999
vt 123.736000 56.088001
vt 31.736000 56.088001
vt 120.283997 56.568001
vt 28.284000 56.568001
vt 131.656006 34.436001
vt 39.655998 34.436001
vt 130.636002 28.284000
vt 38.636002 28.284000
vt 128.955994 21.648001
vt 36.956001 21.648001
vt 126.639999 14.640000
vt 34.639999 14.640000
vt 123.736000 7.384001
vt 31.736000 7.384001
vt 120.283997 0.000000
vt 28.284000 0.000000
vt 116.351997 -7.384001
vt 24.351999 -7.384001
vt 112.000000 -14.640000
vt 20.000000 -14.640000
vt 107.307999 -21.648001
vt 15.308000 -21.648001
vt 102.351997 -28.284000
vt 10.352000 -28.284000
vt 97.220001 -34.436001
vt 5.220000 -34.436001
vt 92.000000 -40.000000
vt 132.955200 52.262501
vt 128.955200 52.262501
vt 130.634995 48.987999
vt 134.634995 48.987999
vt 131.656601 44.877869
vt 135.656601 44.877869
vt 132.001007 40.000679
vt 136.001007 40.000679
vt 131.656906 34.435379
vt 135.656906 34.435379
vt 130.639297 28.285830
vt 134.639297 28.285830
vt 128.954803 21.647579
vt 132.954803 21.647579
vt 135.656006 44.876041
vt 136.000000 40.000038
vt 134.636002 48.988029
vt 132.955994 52.264019
vt 106.352997 -28.281990
vt 111.307297 -21.647900
vt 107.307297 -21.647900
vt 102.352997 -28.281990
vt 101.221298 -34.435242
vt 97.221313 -34.435242
vt 95.999657 -40.001350
vt 91.999657 -40.001350
vt 128.703201 46.538631
vt 127.107399 49.649399
vt 131.107407 49.649399
vt 132.703201 46.538631
vt 129.673706 42.634029
vt 133.673706 42.634029
vt 130.000900 38.000702
vt 95.999763 38.000702
vt 87.039673 32.713680
vt 91.039673 32.713680
vt 82.164238 26.871620
vt 86.164238 26.871620
vt 77.458214 20.565290
vt 81.458214 20.565290
vt 100.000000 58.790001
vt 96.000000 56.000000
vt 100.000000 89.250000
vt 110.540001 60.889999
vt 111.309998 59.040001
vt 119.339996 64.320000
vt 111.760002 71.760002
vt 127.680000 72.660004
vt 120.239998 80.239998
vt 131.110001 81.459999
vt 132.960007 80.690002
vt 134.000000 96.000000
vt 136.000000 96.000000
vt 96.000000 136.000000
vt 100.000000 133.210007
vt 100.000000 102.750000
vt 111.309998 132.960007
vt 110.540001 131.110001
vt 119.339996 127.680000
vt 116.089996 127.400002
vt 111.760002 120.239998
vt 110.339996 121.650002
vt 127.680000 119.339996
vt 127.400002 116.089996
vt 121.650002 110.339996
vt 120.239998 111.760002
vt 132.960007 111.309998
vt 131.110001 110.540001
vt 9.478000 43.443600
vt 34.000000 44.000000
vt 6.000000 44.000000
vt 5.478000 43.443600
vt 8.964800 42.828400
vt 4.964800 42.828400
vt 8.469200 42.164799
vt 4.469200 42.164799
vt 8.000000 41.464001
vt 4.000000 41.464001
vt 7.564800 40.738400
vt 3.564800 40.738400
vt 7.171600 40.000000
vt 3.171600 40.000000
vt 6.826400 39.261600
vt 2.826400 39.261600
vt 6.536000 38.535999
vt 2.536000 38.535999
vt 6.304400 37.835201
vt 2.304400 37.835201
vt 6.136400 37.171600
vt 2.136400 37.171600
vt 6.034400 36.556400
vt 2.034400 36.556400
vt 6.000000 36.000000
vt 2.000000 36.000000
vt 6.034400 35.512402
vt 2.034400 35.512402
vt 6.136400 35.101200
vt 2.136400 35.101200
vt 6.304400 34.773602
vt 2.304400 34.773602
vt 6.536000 34.535999
vt 2.536000 34.535999
vt 6.826400 34.391201
vt 2.826400 34.391201
vt 7.171600 34.343201
vt 23.171600 34.343201
vt 26.826401 34.391201
vt 22.826401 34.391201
vt 26.535999 34.535999
vt 22.535999 34.535999
vt 26.304399 34.773602
vt 22.304399 34.773602
vt 26.136400 35.101200
vt 22.136400 35.101200
vt 26.034401 35.512402
vt 22.034401 35.512402
vt 26.000000 36.000000
vt 22.000000 36.000000
vt 26.034401 36.556400
vt 22.034401 36.556400
vt 26.136400 37.171600
vt 22.136400 37.171600
vt 26.304399 37.835201
vt 22.304399 37.835201
vt 26.535999 38.535999
vt 22.535999 38.535999
vt 26.826401 39.261600
vt 22.826401 39.261600
vt 27.171600 40.000000
vt 23.171600 40.000000
vt 27.564800 40.738400
vt 23.564800 40.738400
vt 28.000000 41.464001
vt 24.000000 41.464001
vt 28.469200 42.164799
vt 24.469200 42.164799
vt 28.964800 42.828400
vt 24.964800 42.828400
vt 29.478001 43.443600
vt 25.478001 43.443600
vt 30.000000 44.000000
vt 10.000000 44.000000
vt 13.965600 44.487598
vt 9.965600 44.487598
vt 13.863600 44.898800
vt 9.863600 44.898800
vt 13.695600 45.226398
vt 9.695601 45.226398
vt 13.464000 45.464001
vt 9.464000 45.464001
vt 13.173600 45.608799
vt 9.173600 45.608799
vt 12.828400 45.656799
vt 28.828400 45.656799
vt 33.173599 45.608799
vt 29.173599 45.608799
vt 33.464001 45.464001
vt 29.464001 45.464001
vt 33.695599 45.226398
vt 29.695601 45.226398
vt 33.863602 44.898800
vt 29.863600 44.898800
vt 33.965599 44.487598
vt 29.965599 44.487598
vt 32.000000 46.000000
vt 36.000000 46.000000
vt 35.948399 45.165401
vt 31.948400 45.165401
vt 35.795399 44.242599
vt 31.795401 44.242599
vt 35.543400 43.247200
vt 31.543400 43.247200
vt 35.195999 42.195999
vt 31.195999 42.195999
vt 34.760399 41.107601
vt 30.760401 41.107601
vt 34.242599 40.000000
vt 30.242599 40.000000
vt 33.652802 38.892399
vt 29.652800 38.892399
vt 33.000000 37.804001
vt 29.000000 37.804001
vt 32.296200 36.752800
vt 28.296200 36.752800
vt 31.552799 35.757401
vt 27.552799 35.757401
vt 30.783001 34.834599
vt 26.783001 34.834599
vt 30.000000 34.000000
vt 0.000000 34.000000
vt 4.051600 33.268600
vt 0.051600 33.268600
vt 4.204600 32.651798
vt 0.204600 32.651798
vt 4.456600 32.160400
vt 0.456600 32.160400
vt 4.804000 31.804001
vt 0.804000 31.804001
vt 5.239600 31.586800
vt 1.239600 31.586800
vt 5.757400 31.514799
vt 21.757401 31.514799
vt 25.239599 31.586800
vt 21.239599 31.586800
vt 24.804001 31.804001
vt 20.804001 31.804001
vt 24.456600 32.160400
vt 20.456600 32.160400
vt 24.204599 32.651798
vt 20.204599 32.651798
vt 24.051600 33.268600
vt 20.051600 33.268600
vt 24.000000 34.000000
vt 6.000000 34.000000
vt 10.783000 34.834599
vt 6.783000 34.834599
vt 11.552800 35.757401
vt 7.552800 35.757401
vt 12.296200 36.752800
vt 8.296200 36.752800
vt 13.000000 37.804001
vt 9.000000 37.804001
vt 13.652800 38.892399
vt 9.652800 38.892399
vt 14.242600 40.000000
vt 10.242600 40.000000
vt 14.760400 41.107601
vt 10.760400 41.107601
vt 15.196000 42.195999
vt 11.196000 42.195999
vt 15.543400 43.247200
vt 11.543400 43.247200
vt 15.795400 44.242599
vt 11.795400 44.242599
vt 15.948400 45.165401
vt 11.948400 45.165401
vt 16.000000 46.000000
vt 12.000000 46.000000
vt 15.948400 46.731400
vt 11.948400 46.731400
vt 15.795400 47.348202
vt 11.795400 47.348202
vt 15.543400 47.839600
vt 11.543400 47.839600
vt 15.196000 48.195999
vt 11.196000 48.195999
vt 14.760400 48.413200
vt 10.760400 48.413200
vt 14.242600 48.485199
vt 30.242599 48.485199
vt 34.760399 48.413200
vt 30.760401 48.413200
vt 35.195999 48.195999
vt 31.195999 48.195999
vt 35.543400 47.839600
vt 31.543400 47.839600
vt 35.795399 47.348202
vt 31.795401 47.348202
vt 35.948399 46.731400
vt 31.948400 46.731400
vt 5.217000 31.948400
vt 5.478000 29.965599
vt 6.000000 30.000000
vt 6.000000 32.000000
vt 4.447200 31.795401
vt 4.964800 29.863600
vt 3.703800 31.543400
vt 4.469200 29.695601
vt 3.000000 31.195999
vt 4.000000 29.464001
vt 2.347200 30.760401
vt 3.564800 29.173599
vt 1.757400 30.242599
vt 3.171600 28.828400
vt 1.239600 29.652800
vt 2.826400 28.435200
vt 0.804000 29.000000
vt 2.536000 28.000000
vt 0.456600 28.296200
vt 2.304400 27.530800
vt 0.204600 27.552799
vt 2.136400 27.035200
vt 0.051600 26.783001
vt 2.034400 26.521999
vt 0.000000 26.000000
vt 2.000000 26.000000
vt 0.051600 25.216999
vt 2.034400 25.478001
vt 0.204600 24.447201
vt 2.136400 24.964800
vt 0.456600 23.703800
vt 2.304400 24.469200
vt 0.804000 23.000000
vt 2.536000 24.000000
vt 1.239600 22.347200
vt 2.826400 23.564800
vt 1.757400 21.757401
vt 3.171600 23.171600
vt 2.347200 21.239599
vt 3.564800 22.826401
vt 3.000000 20.804001
vt 4.000000 22.535999
vt 3.703800 20.456600
vt 4.469200 22.304399
vt 4.447200 20.204599
vt 4.964800 22.136400
vt 5.217000 20.051600
vt 5.478000 22.034401
vt 6.000000 20.000000
vt 6.000000 22.000000
vt 6.783000 20.051600
vt 6.522000 22.034401
vt 7.552800 20.204599
vt 7.035200 22.136400
vt 8.296200 20.456600
vt 7.530800 22.304399
vt 9.000000 20.804001
vt 8.000000 22.535999
vt 9.652800 21.239599
vt 8.435200 22.826401
vt 10.242600 21.757401
vt 8.828400 23.171600
vt 10.760400 22.347200
vt 9.173600 23.564800
vt 11.196000 23.000000
vt 9.464000 24.000000
vt 11.543400 23.703800
vt 9.695601 24.469200
vt 11.795400 24.447201
vt 9.863600 24.964800
vt 11.948400 25.216999
vt 9.965600 25.478001
vt 12.000000 26.000000
vt 10.000000 26.000000
vt 11.948400 26.783001
vt 9.965600 26.521999
vt 11.795400 27.552799
vt 9.863600 27.035200
vt 11.543400 28.296200
vt 9.695601 27.530800
vt 11.196000 29.000000
vt 9.464000 28.000000
vt 10.760400 29.652800
vt 9.173600 28.435200
vt 10.242600 30.242599
vt 8.828400 28.828400
vt 9.652800 30.760401
vt 8.435200 29.173599
vt 9.000000 31.195999
vt 8.000000 29.464001
vt 8.296200 31.543400
vt 7.530800 29.695601
vt 7.552800 31.795401
vt 7.035200 29.863600
vt 6.783000 31.948400
vt 6.522000 29.965599
vt 9.478000 23.443600
vt 14.000000 24.000000
vt 6.000000 24.000000
vt 5.478000 23.443600
vt 8.964800 22.828400
vt 4.964800 22.828400
vt 8.469200 22.164801
vt 4.469200 22.164801
vt 8.000000 21.464001
vt 4.000000 21.464001
vt 7.564800 20.738400
vt 3.564800 20.738400
vt 7.171600 20.000000
vt 3.171600 20.000000
vt 6.826400 19.261600
vt 2.826400 19.261600
vt 6.536000 18.535999
vt 2.536000 18.535999
vt 6.304400 17.835199
vt 2.304400 17.835199
vt 6.136400 17.171600
vt 2.136400 17.171600
vt 6.034400 16.556400
vt 2.034400 16.556400
vt 6.000000 16.000000
vt 2.000000 16.000000
vt 6.034400 15.512400
vt 2.034400 15.512400
vt 6.136400 15.101200
vt 2.136400 15.101200
vt 6.304400 14.773600
vt 2.304400 14.773600
vt 6.536000 14.536000
vt 2.536000 14.536000
vt 6.826400 14.391200
vt 2.826400 14.391200
vt 7.171600 14.343200
vt 3.171600 14.343200
vt 10.000000 24.000000
vt 13.965600 24.487600
vt 9.965600 24.487600
vt 13.863600 24.898800
vt 9.863600 24.898800
vt 13.695600 25.226400
vt 9.695601 25.226400
vt 13.464000 25.464001
vt 9.464000 25.464001
vt 13.173600 25.608801
vt 9.173600 25.608801
vt 12.828400 25.656799
vt 8.828400 25.656799
vt 16.000000 26.000000
vt 15.948400 25.165400
vt 11.948400 25.165400
vt 15.795400 24.242599
vt 11.795400 24.242599
vt 15.543400 23.247200
vt 11.543400 23.247200
vt 15.196000 22.195999
vt 11.196000 22.195999
vt 14.760400 21.107599
vt 10.760400 21.107599
vt 14.242600 20.000000
vt 10.242600 20.000000
vt 13.652800 18.892401
vt 9.652800 18.892401
vt 13.000000 17.804001
vt 9.000000 17.804001
vt 12.296200 16.752800
vt 8.296200 16.752800
vt 11.552800 15.757400
vt 7.552800 15.757400
vt 10.783000 14.834600
vt 6.783000 14.834600
vt 10.000000 14.000000
vt 0.000000 14.000000
vt 4.051600 13.268600
vt 0.051600 13.268600
vt 4.204600 12.651800
vt 0.204600 12.651800
vt 4.456600 12.160400
vt 0.456600 12.160400
vt 4.804000 11.804000
vt 0.804000 11.804000
vt 5.239600 11.586800
vt 1.239600 11.586800
vt 5.757400 11.514800
vt 1.757400 11.514800
vt 4.000000 14.000000
vt 6.000000 14.000000
vt 15.948400 26.731400
vt 11.948400 26.731400
vt 15.795400 27.348200
vt 11.795400 27.348200
vt 15.543400 27.839600
vt 11.543400 27.839600
vt 15.196000 28.195999
vt 11.196000 28.195999
vt 14.760400 28.413200
vt 10.760400 28.413200
vt 14.242600 28.485201
vt 10.242600 28.485201
vt 5.217000 11.948400
vt 5.478000 9.965600
vt 6.000000 10.000000
vt 6.000000 12.000000
vt 4.447200 11.795400
vt 4.964800 9.863600
vt 3.703800 11.543400
vt 4.469200 9.695601
vt 3.000000 11.196000
vt 4.000000 9.464000
vt 2.347200 10.760400
vt 3.564800 9.173600
vt 1.757400 10.242600
vt 3.171600 8.828400
vt 1.239600 9.652800
vt 2.826400 8.435200
vt 0.804000 9.000000
vt 2.536000 8.000000
vt 0.456600 8.296200
vt 2.304400 7.530800
vt 0.204600 7.552800
vt 2.136400 7.035200
vt 0.051600 6.783000
vt 2.034400 6.522000
vt 2.000000 6.000000
vt 0.051600 5.217000
vt 2.034400 5.478000
vt 0.204600 4.447200
vt 2.136400 4.964800
vt 0.456600 3.703800
vt 2.304400 4.469200
vt 0.804000 3.000000
vt 2.536000 4.000000
vt 1.239600 2.347200
vt 2.826400 3.564800
vt 1.757400 1.757400
vt 3.171600 3.171600
vt 2.347200 1.239600
vt 3.564800 2.826400
vt 3.000000 0.804000
vt 4.000000 2.536000
vt 3.703800 0.456600
vt 4.469200 2.304400
vt 4.447200 0.204600
vt 4.964800 2.136400
vt 5.217000 0.051600
vt 5.478000 2.034400
vt 6.000000 2.000000
vt 6.783000 0.051600
vt 6.522000 2.034400
vt 7.552800 0.204600
vt 7.035200 2.136400
vt 8.296200 0.456600
vt 7.530800 2.304400
vt 9.000000 0.804000
vt 8.000000 2.536000
vt 9.652800 1.239600
vt 8.435200 2.826400
vt 10.242600 1.757400
vt 8.828400 3.171600
vt 10.760400 2.347200
vt 9.173600 3.564800
vt 11.196000 3.000000
vt 9.464000 4.000000
vt 11.543400 3.703800
vt 9.695601 4.469200
vt 11.795400 4.447200
vt 9.863600 4.964800
vt 11.948400 5.217000
vt 9.965600 5.478000
vt 12.000000 6.000000
vt 11.948400 6.783000
vt 9.965600 6.522000
vt 11.795400 7.552800
vt 9.863600 7.035200
vt 11.543400 8.296200
vt 9.695601 7.530800
vt 11.196000 9.000000
vt 9.464000 8.000000
vt 10.760400 9.652800
vt 9.173600 8.435200
vt 10.242600 10.242600
vt 8.828400 8.828400
vt 9.652800 10.760400
vt 8.435200 9.173600
vt 9.000000 11.196000
vt 8.000000 9.464000
vt 8.296200 11.543400
vt 7.530800 9.695601
vt 7.552800 11.795400
vt 7.035200 9.863600
vt 6.783000 11.948400
vt 6.522000 9.965600
vt 9.478000 3.443600
vt -6.000000 4.000000
vt 6.000000 4.000000
vt 5.478000 3.443600
vt 8.964800 2.828400
vt 4.964800 2.828400
vt 8.469200 2.164800
vt 4.469200 2.164800
vt 8.000000 1.464000
vt 4.000000 1.464000
vt 7.564800 0.738401
vt 3.564800 0.738401
vt 7.171600 0.000000
vt 3.171600 0.000000
vt 6.826400 -0.738401
vt 2.826400 -0.738401
vt 6.536000 -1.464000
vt 2.536000 -1.464000
vt 6.304400 -2.164800
vt 2.304400 -2.164800
vt 6.136400 -2.828400
vt 2.136400 -2.828400
vt 6.034400 -3.443600
vt 2.034400 -3.443600
vt 6.000000 -4.000000
vt 2.000000 -4.000000
vt 6.034400 -4.487600
vt 2.034400 -4.487600
vt 6.136400 -4.898800
vt 2.136400 -4.898800
vt 6.304400 -5.226400
vt 2.304400 -5.226400
vt 6.536000 -5.464000
vt 2.536000 -5.464000
vt 6.826400 -5.608800
vt 2.826400 -5.608800
vt 7.171600 -5.656799
vt -16.828400 -5.656799
vt -13.173600 -5.608800
vt -17.173599 -5.608800
vt -13.464000 -5.464000
vt -17.464001 -5.464000
vt -13.695600 -5.226400
vt -17.695601 -5.226400
vt -13.863600 -4.898800
vt -17.863600 -4.898800
vt -13.965600 -4.487600
vt -17.965599 -4.487600
vt -14.000000 -4.000000
vt -18.000000 -4.000000
vt -13.965600 -3.443600
vt -17.965599 -3.443600
vt -13.863600 -2.828400
vt -17.863600 -2.828400
vt -13.695600 -2.164801
vt -17.695601 -2.164801
vt -13.464000 -1.464000
vt -17.464001 -1.464000
vt -13.173600 -0.738401
vt -17.173599 -0.738401
vt -12.828400 0.000000
vt -16.828400 0.000000
vt -12.435200 0.738401
vt -16.435200 0.738401
vt -12.000000 1.464000
vt -16.000000 1.464000
vt -11.530800 2.164801
vt -15.530800 2.164801
vt -11.035200 2.828400
vt -15.035200 2.828400
vt -10.522000 3.443600
vt -14.522000 3.443600
vt -10.000000 4.000000
vt 13.965600 4.487600
vt 9.965600 4.487600
vt 13.863600 4.898800
vt 9.863600 4.898800
vt 13.695600 5.226400
vt 9.695601 5.226400
vt 13.464000 5.464000
vt 9.464000 5.464000
vt 13.173600 5.608800
vt 9.173600 5.608800
vt 12.828400 5.656799
vt -11.171600 5.656799
vt -6.826400 5.608800
vt -10.826400 5.608800
vt -6.536000 5.464000
vt -10.536000 5.464000
vt -6.304400 5.226400
vt -10.304400 5.226400
vt -6.136400 4.898800
vt -10.136400 4.898800
vt -6.034400 4.487600
vt -10.034400 4.487600
vt -8.000000 6.000000
vt -4.000000 6.000000
vt -4.051600 5.165400
vt -8.051600 5.165400
vt -4.204600 4.242600
vt -8.204599 4.242600
vt -4.456600 3.247200
vt -8.456600 3.247200
vt -4.804000 2.196000
vt -8.804000 2.196000
vt -5.239600 1.107600
vt -9.239600 1.107600
vt -5.757400 0.000000
vt -9.757401 0.000000
vt -6.347200 -1.107600
vt -10.347200 -1.107600
vt -7.000000 -2.196000
vt -11.000000 -2.196000
vt -7.703800 -3.247200
vt -11.703800 -3.247200
vt -8.447200 -4.242600
vt -12.447200 -4.242600
vt -9.217000 -5.165400
vt -13.217000 -5.165400
vt -10.000000 -6.000000
vt 4.051600 -6.731400
vt 0.051600 -6.731400
vt 4.204600 -7.348200
vt 0.204600 -7.348200
vt 4.456600 -7.839600
vt 0.456600 -7.839600
vt 4.804000 -8.196000
vt 0.804000 -8.196000
vt 5.239600 -8.413199
vt 1.239600 -8.413199
vt 5.757400 -8.485199
vt -18.242599 -8.485199
vt -14.760400 -8.413200
vt -18.760401 -8.413200
vt -15.196000 -8.196000
vt -19.195999 -8.196000
vt -15.543400 -7.839600
vt -19.543400 -7.839600
vt -15.795400 -7.348201
vt -19.795401 -7.348201
vt -15.948400 -6.731400
vt -19.948400 -6.731400
vt -16.000000 -6.000000
vt 6.000000 -6.000000
vt 10.783000 -5.165401
vt 6.783000 -5.165401
vt 11.552800 -4.242600
vt 7.552800 -4.242600
vt 12.296200 -3.247200
vt 8.296200 -3.247200
vt 13.000000 -2.196000
vt 9.000000 -2.196000
vt 13.652800 -1.107600
vt 9.652800 -1.107600
vt 14.242600 0.000000
vt 10.242600 0.000000
vt 14.760400 1.107600
vt 10.760400 1.107600
vt 15.196000 2.196000
vt 11.196000 2.196000
vt 15.543400 3.247200
vt 11.543400 3.247200
vt 15.795400 4.242600
vt 11.795400 4.242600
vt 15.948400 5.165401
vt 11.948400 5.165401
vt 16.000000 6.000000
vt 15.948400 6.731400
vt 11.948400 6.731400
vt 15.795400 7.348201
vt 11.795400 7.348201
vt 15.543400 7.839600
vt 11.543400 7.839600
vt 15.196000 8.196000
vt 11.196000 8.196000
vt 14.760400 8.413200
vt 10.760400 8.413200
vt 14.242600 8.485199
vt -9.757401 8.485199
vt -5.239600 8.413199
vt -9.239600 8.413199
vt -4.804000 8.196000
vt -8.804000 8.196000
vt -4.456600 7.839600
vt -8.456600 7.839600
vt -4.204600 7.348200
vt -8.204599 7.348200
vt -4.051600 6.731400
vt -8.051600 6.731400
vt 5.217000 -8.051600
vt 5.478000 -10.034400
vt 6.000000 -10.000000
vt 6.000000 -8.000000
vt 4.447200 -8.204599
vt 4.964800 -10.136400
vt 3.703800 -8.456600
vt 4.469200 -10.304400
vt 3.000000 -8.804000
vt 4.000000 -10.536000
vt 2.347200 -9.239600
vt 3.564800 -10.826400
vt 1.757400 -9.757401
vt 3.171600 -11.171600
vt 1.239600 -10.347200
vt 2.826400 -11.564800
vt 0.804000 -11.000000
vt 2.536000 -12.000000
vt 0.456600 -11.703800
vt 2.304400 -12.469200
vt 0.204600 -12.447200
vt 2.136400 -12.964800
vt 0.051600 -13.217000
vt 2.034400 -13.478000
vt 0.000000 -14.000000
vt 2.000000 -14.000000
vt 0.051600 -14.783000
vt 2.034400 -14.522000
vt 0.204600 -15.552800
vt 2.136400 -15.035200
vt 0.456600 -16.296200
vt 2.304400 -15.530800
vt 0.804000 -17.000000
vt 2.536000 -16.000000
vt 1.239600 -17.652800
vt 2.826400 -16.435200
vt 1.757400 -18.242599
vt 3.171600 -16.828400
vt 2.347200 -18.760401
vt 3.564800 -17.173599
vt 3.000000 -19.195999
vt 4.000000 -17.464001
vt 3.703800 -19.543400
vt 4.469200 -17.695601
vt 4.447200 -19.795401
vt 4.964800 -17.863600
vt 5.217000 -19.948400
vt 5.478000 -17.965599
vt 6.000000 -20.000000
vt 6.000000 -18.000000
vt 6.783000 -19.948400
vt 6.522000 -17.965599
vt 7.552800 -19.795401
vt 7.035200 -17.863600
vt 8.296200 -19.543400
vt 7.530800 -17.695601
vt 9.000000 -19.195999
vt 8.000000 -17.464001
vt 9.652800 -18.760401
vt 8.435200 -17.173599
vt 10.242600 -18.242599
vt 8.828400 -16.828400
vt 10.760400 -17.652800
vt 9.173600 -16.435200
vt 11.196000 -17.000000
vt 9.464000 -16.000000
vt 11.543400 -16.296200
vt 9.695601 -15.530800
vt 11.795400 -15.552800
vt 9.863600 -15.035200
vt 11.948400 -14.783000
vt 9.965600 -14.522000
vt 12.000000 -14.000000
vt 10.000000 -14.000000
vt 11.948400 -13.217000
vt 9.965600 -13.478000
vt 11.795400 -12.447200
vt 9.863600 -12.964800
vt 11.543400 -11.703800
vt 9.695601 -12.469200
vt 11.196000 -11.000000
vt 9.464000 -12.000000
vt 10.760400 -10.347200
vt 9.173600 -11.564800
vt 10.242600 -9.757401
vt 8.828400 -11.171600
vt 9.652800 -9.239600
vt 8.435200 -10.826400
vt 9.000000 -8.804000
vt 8.000000 -10.536000
vt 8.296200 -8.456600
vt 7.530800 -10.304400
vt 7.552800 -8.204599
vt 7.035200 -10.136400
vt 6.783000 -8.051600
vt 6.522000 -10.034400
vt 9.478000 -16.556400
vt -26.000000 -16.000000
vt 6.000000 -16.000000
vt 5.478000 -16.556400
vt 8.964800 -17.171600
vt 4.964800 -17.171600
vt 8.469200 -17.835199
vt 4.469200 -17.835199
vt 8.000000 -18.535999
vt 4.000000 -18.535999
vt 7.564800 -19.261600
vt 3.564800 -19.261600
vt 7.171600 -20.000000
vt 3.171600 -20.000000
vt 6.826400 -20.738400
vt 2.826400 -20.738400
vt 6.536000 -21.464001
vt 2.536000 -21.464001
vt 6.304400 -22.164801
vt 2.304400 -22.164801
vt 6.136400 -22.828400
vt 2.136400 -22.828400
vt 6.034400 -23.443600
vt 2.034400 -23.443600
vt 6.000000 -24.000000
vt 2.000000 -24.000000
vt 6.034400 -24.487600
vt 2.034400 -24.487600
vt 6.136400 -24.898800
vt 2.136400 -24.898800
vt 6.304400 -25.226400
vt 2.304400 -25.226400
vt 6.536000 -25.464001
vt 2.536000 -25.464001
vt 6.826400 -25.608801
vt 2.826400 -25.608801
vt 7.171600 -25.656799
vt -36.828400 -25.656799
vt -33.173599 -25.608801
vt -37.173599 -25.608801
vt -33.464001 -25.464001
vt -37.464001 -25.464001
vt -33.695599 -25.226400
vt -37.695599 -25.226400
vt -33.863602 -24.898800
vt -37.863602 -24.898800
vt -33.965599 -24.487600
vt -37.965599 -24.487600
vt -34.000000 -24.000000
vt -38.000000 -24.000000
vt -33.965599 -23.443600
vt -37.965599 -23.443600
vt -33.863602 -22.828400
vt -37.863602 -22.828400
vt -33.695599 -22.164801
vt -37.695599 -22.164801
vt -33.464001 -21.464001
vt -37.464001 -21.464001
vt -33.173599 -20.738400
vt -37.173599 -20.738400
vt -32.828400 -20.000000
vt -36.828400 -20.000000
vt -32.435200 -19.261600
vt -36.435200 -19.261600
vt -32.000000 -18.535999
vt -36.000000 -18.535999
vt -31.530800 -17.835199
vt -35.530800 -17.835199
vt -31.035200 -17.171600
vt -35.035198 -17.171600
vt -30.521999 -16.556400
vt -34.521999 -16.556400
vt -30.000000 -16.000000
vt 10.000000 -16.000000
vt 13.965600 -15.512400
vt 9.965600 -15.512400
vt 13.863600 -15.101200
vt 9.863600 -15.101200
vt 13.695600 -14.773600
vt 9.695601 -14.773600
vt 13.464000 -14.536000
vt 9.464000 -14.536000
vt 13.173600 -14.391200
vt 9.173600 -14.391200
vt 12.828400 -14.343200
vt -31.171600 -14.343200
vt -26.826401 -14.391200
vt -30.826401 -14.391200
vt -26.535999 -14.536000
vt -30.535999 -14.536000
vt -26.304399 -14.773600
vt -30.304399 -14.773600
vt -26.136400 -15.101200
vt -30.136400 -15.101200
vt -26.034401 -15.512400
vt -30.034401 -15.512400
vt -28.000000 -14.000000
vt -24.000000 -14.000000
vt -24.051600 -14.834600
vt -28.051600 -14.834600
vt -24.204599 -15.757400
vt -28.204599 -15.757400
vt -24.456600 -16.752800
vt -28.456600 -16.752800
vt -24.804001 -17.804001
vt -28.804001 -17.804001
vt -25.239599 -18.892401
vt -29.239599 -18.892401
vt -25.757401 -20.000000
vt -29.757401 -20.000000
vt -26.347200 -21.107599
vt -30.347200 -21.107599
vt -27.000000 -22.195999
vt -31.000000 -22.195999
vt -27.703800 -23.247200
vt -31.703800 -23.247200
vt -28.447201 -24.242599
vt -32.447201 -24.242599
vt -29.216999 -25.165400
vt -33.216999 -25.165400
vt -30.000000 -26.000000
vt 0.000000 -26.000000
vt 4.051600 -26.731400
vt 0.051600 -26.731400
vt 4.204600 -27.348200
vt 0.204600 -27.348200
vt 4.456600 -27.839600
vt 0.456600 -27.839600
vt 4.804000 -28.195999
vt 0.804000 -28.195999
vt 5.239600 -28.413200
vt 1.239600 -28.413200
vt 5.757400 -28.485201
vt -38.242599 -28.485201
vt -34.760399 -28.413200
vt -38.760399 -28.413200
vt -35.195999 -28.195999
vt -39.195999 -28.195999
vt -35.543400 -27.839600
vt -39.543400 -27.839600
vt -35.795399 -27.348200
vt -39.795399 -27.348200
vt -35.948399 -26.731400
vt -39.948399 -26.731400
vt -36.000000 -26.000000
vt 6.000000 -26.000000
vt 10.783000 -25.165400
vt 6.783000 -25.165400
vt 11.552800 -24.242599
vt 7.552800 -24.242599
vt 12.296200 -23.247200
vt 8.296200 -23.247200
vt 13.000000 -22.195999
vt 9.000000 -22.195999
vt 13.652800 -21.107599
vt 9.652800 -21.107599
vt 14.242600 -20.000000
vt 10.242600 -20.000000
vt 14.760400 -18.892401
vt 10.760400 -18.892401
vt 15.196000 -17.804001
vt 11.196000 -17.804001
vt 15.543400 -16.752800
vt 11.543400 -16.752800
vt 15.795400 -15.757400
vt 11.795400 -15.757400
vt 15.948400 -14.834600
vt 11.948400 -14.834600
vt 16.000000 -14.000000
vt 15.948400 -13.268600
vt 11.948400 -13.268600
vt 15.795400 -12.651800
vt 11.795400 -12.651800
vt 15.543400 -12.160400
vt 11.543400 -12.160400
vt 15.196000 -11.804000
vt 11.196000 -11.804000
vt 14.760400 -11.586800
vt 10.760400 -11.586800
vt 14.242600 -11.514800
vt -29.757401 -11.514800
vt -25.239599 -11.586800
vt -29.239599 -11.586800
vt -24.804001 -11.804000
vt -28.804001 -11.804000
vt -24.456600 -12.160400
vt -28.456600 -12.160400
vt -24.204599 -12.651800
vt -28.204599 -12.651800
vt -24.051600 -13.268600
vt -28.051600 -13.268600
vt 5.217000 -28.051600
vt 5.478000 -30.034401
vt 6.000000 -30.000000
vt 6.000000 -28.000000
vt 4.447200 -28.204599
vt 4.964800 -30.136400
vt 3.703800 -28.456600
vt 4.469200 -30.304399
vt 3.000000 -28.804001
vt 4.000000 -30.535999
vt 2.347200 -29.239599
vt 3.564800 -30.826401
vt 1.757400 -29.757401
vt 3.171600 -31.171600
vt 1.239600 -30.347200
vt 2.826400 -31.564800
vt 0.804000 -31.000000
vt 2.536000 -32.000000
vt 0.456600 -31.703800
vt 2.304400 -32.469200
vt 0.204600 -32.447201
vt 2.136400 -32.964802
vt 0.051600 -33.216999
vt 2.034400 -33.478001
vt 0.000000 -34.000000
vt 2.000000 -34.000000
vt 0.051600 -34.783001
vt 2.034400 -34.521999
vt 0.204600 -35.552799
vt 2.136400 -35.035198
vt 0.456600 -36.296200
vt 2.304400 -35.530800
vt 0.804000 -37.000000
vt 2.536000 -36.000000
vt 1.239600 -37.652802
vt 2.826400 -36.435200
vt 1.757400 -38.242599
vt 3.171600 -36.828400
vt 2.347200 -38.760399
vt 3.564800 -37.173599
vt 3.000000 -39.195999
vt 4.000000 -37.464001
vt 3.703800 -39.543400
vt 4.469200 -37.695599
vt 4.447200 -39.795399
vt 4.964800 -37.863602
vt 5.217000 -39.948399
vt 5.478000 -37.965599
vt 6.000000 -40.000000
vt 6.000000 -38.000000
vt 6.783000 -39.948399
vt 6.522000 -37.965599
vt 7.552800 -39.795399
vt 7.035200 -37.863602
vt 8.296200 -39.543400
vt 7.530800 -37.695599
vt 9.000000 -39.195999
vt 8.000000 -37.464001
vt 9.652800 -38.760399
vt 8.435200 -37.173599
vt 10.242600 -38.242599
vt 8.828400 -36.828400
vt 10.760400 -37.652802
vt 9.173600 -36.435200
vt 11.196000 -37.000000
vt 9.464000 -36.000000
vt 11.543400 -36.296200
vt 9.695601 -35.530800
vt 11.795400 -35.552799
vt 9.863600 -35.035198
vt 11.948400 -34.783001
vt 9.965600 -34.521999
vt 12.000000 -34.000000
vt 10.000000 -34.000000
vt 11.948400 -33.216999
vt 9.965600 -33.478001
vt 11.795400 -32.447201
vt 9.863600 -32.964802
vt 11.543400 -31.703800
vt 9.695601 -32.469200
vt 11.196000 -31.000000
vt 9.464000 -32.000000
vt 10.760400 -30.347200
vt 9.173600 -31.564800
vt 10.242600 -29.757401
vt 8.828400 -31.171600
vt 9.652800 -29.239599
vt 8.435200 -30.826401
vt 9.000000 -28.804001
vt 8.000000 -30.535999
vt 8.296200 -28.456600
vt 7.530800 -30.304399
vt 7.552800 -28.204599
vt 7.035200 -30.136400
vt 6.783000 -28.051600
vt 6.522000 -30.034401
vt 14.000000 44.000000
vt 26.000000 44.000000
vt 27.171600 34.343201
vt 3.171600 34.343201
vt 32.828400 45.656799
vt 8.828400 45.656799
vt 10.000000 34.000000
vt 20.000000 34.000000
vt 25.757401 31.514799
vt 1.757400 31.514799
vt 4.000000 34.000000
vt 26.000000 34.000000
vt 34.242599 48.485199
vt 10.242600 48.485199
vt 25.216999 11.948400
vt 25.478001 9.965600
vt 26.000000 10.000000
vt 26.000000 12.000000
vt 24.447201 11.795400
vt 24.964800 9.863600
vt 23.703800 11.543400
vt 24.469200 9.695601
vt 23.000000 11.196000
vt 24.000000 9.464000
vt 22.347200 10.760400
vt 23.564800 9.173600
vt 21.757401 10.242600
vt 23.171600 8.828400
vt 21.239599 9.652800
vt 22.826401 8.435200
vt 20.804001 9.000000
vt 22.535999 8.000000
vt 20.456600 8.296200
vt 22.304399 7.530800
vt 20.204599 7.552800
vt 22.136400 7.035200
vt 20.051600 6.783000
vt 22.034401 6.522000
vt 20.000000 6.000000
vt 22.000000 6.000000
vt 20.051600 5.217000
vt 22.034401 5.478000
vt 20.204599 4.447200
vt 22.136400 4.964800
vt 20.456600 3.703800
vt 22.304399 4.469200
vt 20.804001 3.000000
vt 22.535999 4.000000
vt 21.239599 2.347200
vt 22.826401 3.564800
vt 21.757401 1.757400
vt 23.171600 3.171600
vt 22.347200 1.239600
vt 23.564800 2.826400
vt 23.000000 0.804000
vt 24.000000 2.536000
vt 23.703800 0.456600
vt 24.469200 2.304400
vt 24.447201 0.204600
vt 24.964800 2.136400
vt 25.216999 0.051600
vt 25.478001 2.034400
vt 26.000000 0.000000
vt 26.000000 2.000000
vt 26.783001 0.051600
vt 26.521999 2.034400
vt 27.552799 0.204600
vt 27.035200 2.136400
vt 28.296200 0.456600
vt 27.530800 2.304400
vt 29.000000 0.804000
vt 28.000000 2.536000
vt 29.652800 1.239600
vt 28.435200 2.826400
vt 30.242599 1.757400
vt 28.828400 3.171600
vt 30.760401 2.347200
vt 29.173599 3.564800
vt 31.195999 3.000000
vt 29.464001 4.000000
vt 31.543400 3.703800
vt 29.695601 4.469200
vt 31.795401 4.447200
vt 29.863600 4.964800
vt 31.948400 5.217000
vt 29.965599 5.478000
vt 32.000000 6.000000
vt 30.000000 6.000000
vt 31.948400 6.783000
vt 29.965599 6.522000
vt 31.795401 7.552800
vt 29.863600 7.035200
vt 31.543400 8.296200
vt 29.695601 7.530800
vt 31.195999 9.000000
vt 29.464001 8.000000
vt 30.760401 9.652800
vt 29.173599 8.435200
vt 30.242599 10.242600
vt 28.828400 8.828400
vt 29.652800 10.760400
vt 28.435200 9.173600
vt 29.000000 11.196000
vt 28.000000 9.464000
vt 28.296200 11.543400
vt 27.530800 9.695601
vt 27.552799 11.795400
vt 27.035200 9.863600
vt 26.783001 11.948400
vt 26.521999 9.965600
vt 29.478001 23.443600
vt -6.000000 24.000000
vt 26.000000 24.000000
vt 25.478001 23.443600
vt 28.964800 22.828400
vt 24.964800 22.828400
vt 28.469200 22.164801
vt 24.469200 22.164801
vt 28.000000 21.464001
vt 24.000000 21.464001
vt 27.564800 20.738400
vt 23.564800 20.738400
vt 27.171600 20.000000
vt 23.171600 20.000000
vt 26.826401 19.261600
vt 22.826401 19.261600
vt 26.535999 18.535999
vt 22.535999 18.535999
vt 26.304399 17.835199
vt 22.304399 17.835199
vt 26.136400 17.171600
vt 22.136400 17.171600
vt 26.034401 16.556400
vt 22.034401 16.556400
vt 26.000000 16.000000
vt 22.000000 16.000000
vt 26.034401 15.512400
vt 22.034401 15.512400
vt 26.136400 15.101200
vt 22.136400 15.101200
vt 26.304399 14.773600
vt 22.304399 14.773600
vt 26.535999 14.536000
vt 22.535999 14.536000
vt 26.826401 14.391200
vt 22.826401 14.391200
vt 27.171600 14.343200
vt -16.828400 14.343200
vt -13.173600 14.391200
vt -17.173599 14.391200
vt -13.464000 14.536000
vt -17.464001 14.536000
vt -13.695600 14.773600
vt -17.695601 14.773600
vt -13.863600 15.101200
vt -17.863600 15.101200
vt -13.965600 15.512400
vt -17.965599 15.512400
vt -14.000000 16.000000
vt -18.000000 16.000000
vt -13.965600 16.556400
vt -17.965599 16.556400
vt -13.863600 17.171600
vt -17.863600 17.171600
vt -13.695600 17.835199
vt -17.695601 17.835199
vt -13.464000 18.535999
vt -17.464001 18.535999
vt -13.173600 19.261600
vt -17.173599 19.261600
vt -12.828400 20.000000
vt -16.828400 20.000000
vt -12.435200 20.738400
vt -16.435200 20.738400
vt -12.000000 21.464001
vt -16.000000 21.464001
vt -11.530800 22.164801
vt -15.530800 22.164801
vt -11.035200 22.828400
vt -15.035200 22.828400
vt -10.522000 23.443600
vt -14.522000 23.443600
vt -10.000000 24.000000
vt 30.000000 24.000000
vt 33.965599 24.487600
vt 29.965599 24.487600
vt 33.863602 24.898800
vt 29.863600 24.898800
vt 33.695599 25.226400
vt 29.695601 25.226400
vt 33.464001 25.464001
vt 29.464001 25.464001
vt 33.173599 25.608801
vt 29.173599 25.608801
vt 32.828400 25.656799
vt -11.171600 25.656799
vt -6.826400 25.608801
vt -10.826400 25.608801
vt -6.536000 25.464001
vt -10.536000 25.464001
vt -6.304400 25.226400
vt -10.304400 25.226400
vt -6.136400 24.898800
vt -10.136400 24.898800
vt -6.034400 24.487600
vt -10.034400 24.487600
vt -8.000000 26.000000
vt -4.000000 26.000000
vt -4.051600 25.165400
vt -8.051600 25.165400
vt -4.204600 24.242599
vt -8.204599 24.242599
vt -4.456600 23.247200
vt -8.456600 23.247200
vt -4.804000 22.195999
vt -8.804000 22.195999
vt -5.239600 21.107599
vt -9.239600 21.107599
vt -5.757400 20.000000
vt -9.757401 20.000000
vt -6.347200 18.892401
vt -10.347200 18.892401
vt -7.000000 17.804001
vt -11.000000 17.804001
vt -7.703800 16.752800
vt -11.703800 16.752800
vt -8.447200 15.757400
vt -12.447200 15.757400
vt -9.217000 14.834600
vt -13.217000 14.834600
vt -10.000000 14.000000
vt 20.000000 14.000000
vt 24.051600 13.268600
vt 20.051600 13.268600
vt 24.204599 12.651800
vt 20.204599 12.651800
vt 24.456600 12.160400
vt 20.456600 12.160400
vt 24.804001 11.804000
vt 20.804001 11.804000
vt 25.239599 11.586800
vt 21.239599 11.586800
vt 25.757401 11.514800
vt -18.242599 11.514800
vt -14.760400 11.586800
vt -18.760401 11.586800
vt -15.196000 11.804000
vt -19.195999 11.804000
vt -15.543400 12.160400
vt -19.543400 12.160400
vt -15.795400 12.651800
vt -19.795401 12.651800
vt -15.948400 13.268600
vt -19.948400 13.268600
vt -16.000000 14.000000
vt 26.000000 14.000000
vt 30.783001 14.834600
vt 26.783001 14.834600
vt 31.552799 15.757400
vt 27.552799 15.757400
vt 32.296200 16.752800
vt 28.296200 16.752800
vt 33.000000 17.804001
vt 29.000000 17.804001
vt 33.652802 18.892401
vt 29.652800 18.892401
vt 34.242599 20.000000
vt 30.242599 20.000000
vt 34.760399 21.107599
vt 30.760401 21.107599
vt 35.195999 22.195999
vt 31.195999 22.195999
vt 35.543400 23.247200
vt 31.543400 23.247200
vt 35.795399 24.242599
vt 31.795401 24.242599
vt 35.948399 25.165400
vt 31.948400 25.165400
vt 36.000000 26.000000
vt 32.000000 26.000000
vt 35.948399 26.731400
vt 31.948400 26.731400
vt 35.795399 27.348200
vt 31.795401 27.348200
vt 35.543400 27.839600
vt 31.543400 27.839600
vt 35.195999 28.195999
vt 31.195999 28.195999
vt 34.760399 28.413200
vt 30.760401 28.413200
vt 34.242599 28.485201
vt -9.757401 28.485201
vt -5.239600 28.413200
vt -9.239600 28.413200
vt -4.804000 28.195999
vt -8.804000 28.195999
vt -4.456600 27.839600
vt -8.456600 27.839600
vt -4.204600 27.348200
vt -8.204599 27.348200
vt -4.051600 26.731400
vt -8.051600 26.731400
vt 25.216999 -8.051600
vt 25.478001 -10.034400
vt 26.000000 -10.000000
vt 26.000000 -8.000000
vt 24.447201 -8.204599
vt 24.964800 -10.136400
vt 23.703800 -8.456600
vt 24.469200 -10.304400
vt 23.000000 -8.804000
vt 24.000000 -10.536000
vt 22.347200 -9.239600
vt 23.564800 -10.826400
vt 21.757401 -9.757401
vt 23.171600 -11.171600
vt 21.239599 -10.347200
vt 22.826401 -11.564800
vt 20.804001 -11.000000
vt 22.535999 -12.000000
vt 20.456600 -11.703800
vt 22.304399 -12.469200
vt 20.204599 -12.447200
vt 22.136400 -12.964800
vt 20.051600 -13.217000
vt 22.034401 -13.478000
vt 20.000000 -14.000000
vt 22.000000 -14.000000
vt 20.051600 -14.783000
vt 22.034401 -14.522000
vt 20.204599 -15.552800
vt 22.136400 -15.035200
vt 20.456600 -16.296200
vt 22.304399 -15.530800
vt 20.804001 -17.000000
vt 22.535999 -16.000000
vt 21.239599 -17.652800
vt 22.826401 -16.435200
vt 21.757401 -18.242599
vt 23.171600 -16.828400
vt 22.347200 -18.760401
vt 23.564800 -17.173599
vt 23.000000 -19.195999
vt 24.000000 -17.464001
vt 23.703800 -19.543400
vt 24.469200 -17.695601
vt 24.447201 -19.795401
vt 24.964800 -17.863600
vt 25.216999 -19.948400
vt 25.478001 -17.965599
vt 26.000000 -20.000000
vt 26.000000 -18.000000
vt 26.783001 -19.948400
vt 26.521999 -17.965599
vt 27.552799 -19.795401
vt 27.035200 -17.863600
vt 28.296200 -19.543400
vt 27.530800 -17.695601
vt 29.000000 -19.195999
vt 28.000000 -17.464001
vt 29.652800 -18.760401
vt 28.435200 -17.173599
vt 30.242599 -18.242599
vt 28.828400 -16.828400
vt 30.760401 -17.652800
vt 29.173599 -16.435200
vt 31.195999 -17.000000
vt 29.464001 -16.000000
vt 31.543400 -16.296200
vt 29.695601 -15.530800
vt 31.795401 -15.552800
vt 29.863600 -15.035200
vt 31.948400 -14.783000
vt 29.965599 -14.522000
vt 32.000000 -14.000000
vt 30.000000 -14.000000
vt 31.948400 -13.217000
vt 29.965599 -13.478000
vt 31.795401 -12.447200
vt 29.863600 -12.964800
vt 31.543400 -11.703800
vt 29.695601 -12.469200
vt 31.195999 -11.000000
vt 29.464001 -12.000000
vt 30.760401 -10.347200
vt 29.173599 -11.564800
vt 30.242599 -9.757401
vt 28.828400 -11.171600
vt 29.652800 -9.239600
vt 28.435200 -10.826400
vt 29.000000 -8.804000
vt 28.000000 -10.536000
vt 28.296200 -8.456600
vt 27.530800 -10.304400
vt 27.552799 -8.204599
vt 27.035200 -10.136400
vt 26.783001 -8.051600
vt 26.521999 -10.034400
s 1
usemtl 15.001
f 3/1/1 2/2/2 1/3/3
f 1/3/3 4/4/4 3/1/1
f 4/4/4 1/3/3 5/5/5
f 5/5/5 6/6/6 4/4/4
f 6/6/6 5/5/5 7/7/7
f 7/7/7 8/8/8 6/6/6
f 8/8/8 7/7/7 9/9/9
f 9/9/9 10/10/10 8/8/8
f 10/10/10 9/9/9 11/11/11
f 11/11/11 12/12/12 10/10/10
f 12/12/12 11/11/11 13/13/13
f 13/13/13 14/14/14 12/12/12
f 14/14/14 13/13/13 15/15/15
f 15/15/15 16/16/16 14/14/14
f 16/16/16 15/15/15 17/17/17
f 17/17/17 18/18/18 16/16/16
f 18/18/18 17/17/17 19/19/19
f 19/19/19 20/20/20 18/18/18
f 20/20/20 19/19/19 21/21/21
f 21/21/21 22/22/22 20/20/20
f 22/22/22 21/21/21 23/23/23
f 23/23/23 24/24/24 22/22/22
f 24/24/24 23/23/23 25/25/25
f 25/25/25 26/26/26 24/24/24
f 26/26/26 25/25/25 27/27/27
f 27/27/27 28/28/28 26/26/26
f 28/28/28 27/27/27 29/29/29
f 29/29/29 30/30/30 28/28/28
f 30/30/30 29/29/29 31/31/31
f 31/31/31 32/32/32 30/30/30
f 32/32/32 31/31/31 33/33/33
f 33/33/33 34/34/34 32/32/32
f 34/34/34 33/33/33 35/35/35
f 35/35/35 36/36/36 34/34/34
f 36/36/36 35/35/35 37/37/37
f 37/37/37 38/38/38 36/36/36
f 38/38/38 37/37/37 39/39/39
f 39/39/39 40/40/40 38/38/38
f 40/40/40 39/39/39 41/41/41
f 41/41/41 42/42/42 40/40/40
f 42/42/42 41/41/41 43/43/43
f 43/43/43 44/44/44 42/42/42
f 44/44/44 43/43/43 45/45/45
f 45/45/45 46/46/46 44/44/44
f 46/46/46 45/45/45 47/47/47
f 47/47/47 48/48/48 46/46/46
f 48/48/48 47/47/47 49/49/49
f 49/49/49 50/50/50 48/48/48
f 50/50/50 49/49/49 51/51/51
f 51/51/51 52/52/52 50/50/50
f 52/52/52 51/51/51 53/53/53
f 53/53/53 54/54/54 52/52/52
f 54/54/54 53/53/53 55/55/55
f 55/55/55 56/56/56 54/54/54
f 56/56/56 55/55/55 57/57/57
f 57/57/57 58/58/58 56/56/56
f 58/58/58 57/57/57 59/59/59
f 59/59/59 60/60/60 58/58/58
f 60/60/60 59/59/59 61/61/61
f 61/61/61 62/62/62 60/60/60
f 62/62/62 61/61/61 63/63/63
f 63/63/63 64/64/64 62/62/62
f 64/64/64 63/63/63 65/65/65
f 65/65/65 66/66/66 64/64/64
f 66/66/66 65/65/65 67/67/67
f 67/67/67 68/68/68 66/66/66
f 68/68/68 67/67/67 69/69/69
f 69/69/69 70/70/70 68/68/68
f 70/70/70 69/69/69 71/71/71
f 71/71/71 72/72/72 70/70/70
f 72/72/72 71/71/71 73/73/73
f 73/73/73 74/74/74 72/72/72
f 74/74/74 73/73/73 75/75/75
f 75/75/75 76/76/76 74/74/74
f 76/76/76 75/75/75 77/77/77
f 77/77/77 78/78/78 76/76/76
f 78/78/78 77/77/77 79/79/79
f 79/79/79 80/80/80 78/78/78
f 80/80/80 79/79/79 81/81/81
f 81/81/81 82/82/82 80/80/80
f 82/82/82 81/81/81 83/83/83
f 83/83/83 84/84/84 82/82/82
f 84/84/84 83/83/83 85/85/85
f 85/85/85 86/86/86 84/84/84
f 86/86/86 85/85/85 87/87/87
f 87/87/87 88/88/88 86/86/86
f 88/88/88 87/87/87 89/89/89
f 89/89/89 90/90/90 88/88/88
f 90/90/90 89/89/89 91/91/91
f 91/91/91 92/92/92 90/90/90
f 92/92/92 91/91/91 93/93/93
f 93/93/93 94/94/94 92/92/92
f 94/94/94 93/93/93 95/95/95
f 95/95/95 96/96/96 94/94/94
f 96/96/96 95/95/95 2/2/2
f 2/2/2 3/1/1 96/96/96
f 97/97/97 98/98/98 99/99/99
f 99/99/99 100/100/100 97/97/97
f 101/101/53 97/97/97 100/100/100
f 100/100/100 102/102/54 101/101/53
f 103/103/55 101/101/53 102/102/54
f 102/102/54 104/104/56 103/103/55
f 105/105/57 103/103/55 104/104/56
f 104/104/56 106/106/101 105/105/57
f 107/107/59 105/105/57 106/106/101
f 106/106/101 108/108/102 107/107/59
f 109/109/103 107/107/59 108/108/102
f 108/108/102 110/110/104 109/109/103
f 111/111/105 109/109/103 110/110/104
f 110/110/104 112/112/64 111/111/105
f 113/113/106 111/111/105 112/112/64
f 112/112/64 114/114/66 113/113/106
f 115/115/67 113/113/106 114/114/66
f 114/114/66 116/116/68 115/115/67
f 117/117/69 115/115/67 116/116/68
f 116/116/68 118/118/70 117/117/69
f 119/119/71 117/117/69 118/118/70
f 118/118/70 120/120/107 119/119/71
f 121/121/73 119/119/71 120/120/107
f 120/120/107 122/122/108 121/121/73
f 123/123/109 121/121/73 122/122/108
f 122/122/108 124/124/110 123/123/109
f 125/125/77 123/123/109 124/124/110
f 124/124/110 126/126/78 125/125/77
f 127/127/79 125/125/77 126/126/78
f 126/126/78 128/128/80 127/127/79
f 129/129/81 127/127/79 128/128/80
f 128/128/80 130/130/111 129/129/81
f 131/131/83 129/129/81 130/130/111
f 130/130/111 132/132/112 131/131/83
f 133/133/85 131/131/83 132/132/112
f 132/132/112 134/134/113 133/133/85
f 135/135/114 133/133/85 134/134/113
f 134/134/113 136/136/88 135/135/114
f 137/137/115 135/135/114 136/136/88
f 136/136/88 138/138/90 137/137/115
f 139/139/91 137/137/115 138/138/90
f 138/138/90 140/140/92 139/139/91
f 141/141/93 139/139/91 140/140/92
f 140/140/92 142/142/94 141/141/93
f 143/143/116 141/141/93 142/142/94
f 142/142/94 144/144/117 143/143/116
f 145/145/118 143/143/116 144/144/117
f 144/144/117 146/146/119 145/145/118
f 147/147/120 145/145/118 146/146/119
f 146/146/119 148/148/121 147/147/120
f 149/149/5 147/147/120 148/148/121
f 148/148/121 150/150/6 149/149/5
f 151/151/7 149/149/5 150/150/6
f 150/150/6 152/152/8 151/151/7
f 153/153/9 151/151/7 152/152/8
f 152/152/8 154/154/122 153/153/9
f 155/155/11 153/153/9 154/154/122
f 154/154/122 156/156/12 155/155/11
f 157/157/123 155/155/11 156/156/12
f 156/156/12 158/158/124 157/157/123
f 159/159/125 157/157/123 158/158/124
f 158/158/124 160/160/16 159/159/125
f 161/161/126 159/159/125 160/160/16
f 160/160/16 162/162/18 161/161/126
f 163/163/19 161/161/126 162/162/18
f 162/162/18 164/164/20 163/163/19
f 165/165/21 163/163/19 164/164/20
f 164/164/20 166/166/22 165/165/21
f 167/167/23 165/165/21 166/166/22
f 166/166/22 168/168/127 167/167/23
f 169/169/128 167/167/23 168/168/127
f 168/168/127 170/170/129 169/169/128
f 171/171/130 169/169/128 170/170/129
f 170/170/129 172/172/131 171/171/130
f 173/173/29 171/171/130 172/172/131
f 172/172/131 174/174/30 173/173/29
f 175/175/31 173/173/29 174/174/30
f 174/174/30 176/176/32 175/175/31
f 177/177/33 175/175/31 176/176/32
f 176/176/32 178/178/132 177/177/33
f 179/179/35 177/177/33 178/178/132
f 178/178/132 180/180/133 179/179/35
f 181/181/37 179/179/35 180/180/133
f 180/180/133 182/182/134 181/181/37
f 183/183/135 181/181/37 182/182/134
f 182/182/134 184/184/40 183/183/135
f 185/185/136 183/183/135 184/184/40
f 184/184/40 186/186/42 185/185/136
f 187/187/43 185/185/136 186/186/42
f 186/186/42 188/188/44 187/187/43
f 189/189/45 187/187/43 188/188/44
f 188/188/44 190/190/46 189/189/45
f 191/191/137 189/189/45 190/190/46
f 190/190/46 192/192/138 191/191/137
f 98/98/98 191/191/137 192/192/138
f 192/192/138 99/99/99 98/98/98
f 193/193/139 194/194/139 195/195/139
f 195/195/139 196/196/139 193/193/139
f 194/194/139 197/197/139 198/198/139
f 198/198/139 195/195/139 194/194/139
f 197/197/139 199/199/139 200/200/139
f 200/200/139 198/198/139 197/197/139
f 199/199/139 201/201/139 202/202/139
f 202/202/139 200/200/139 199/199/139
f 201/201/139 203/203/139 204/204/139
f 204/204/139 202/202/139 201/201/139
f 203/203/139 205/205/139 206/206/139
f 206/206/139 204/204/139 203/203/139
f 205/205/139 207/207/139 208/208/139
f 208/208/139 206/206/139 205/205/139
f 207/207/139 209/209/139 210/210/139
f 210/210/139 208/208/139 207/207/139
f 209/209/139 211/211/139 212/212/139
f 212/212/139 210/210/139 209/209/139
f 211/211/139 213/213/139 214/214/139
f 214/214/139 212/212/139 211/211/139
f 213/213/139 215/215/139 216/216/139
f 216/216/139 214/214/139 213/213/139
f 215/215/139 217/217/139 218/218/139
f 218/218/139 216/216/139 215/215/139
f 217/217/139 219/219/139 220/220/139
f 220/220/139 218/218/139 217/217/139
f 219/219/139 221/221/139 222/222/139
f 222/222/139 220/220/139 219/219/139
f 221/221/139 223/223/139 224/224/139
f 224/224/139 222/222/139 221/221/139
f 223/223/139 225/225/139 226/226/139
f 226/226/139 224/224/139 223/223/139
f 225/225/139 227/227/139 228/228/139
f 228/228/139 226/226/139 225/225/139
f 227/227/139 229/229/139 230/230/139
f 230/230/139 228/228/139 227/227/139
f 229/229/139 231/231/139 232/232/139
f 232/232/139 230/230/139 229/229/139
f 231/231/139 233/233/139 234/234/139
f 234/234/139 232/232/139 231/231/139
f 233/233/139 235/235/139 236/236/139
f 236/236/139 234/234/139 233/233/139
f 235/235/139 237/237/139 238/238/139
f 238/238/139 236/236/139 235/235/139
f 237/237/139 239/239/139 240/240/139
f 240/240/139 238/238/139 237/237/139
f 239/239/139 241/241/139 242/242/139
f 242/242/139 240/240/139 239/239/139
f 241/241/139 243/243/139 244/244/139
f 244/244/139 242/242/139 241/241/139
f 243/243/139 245/245/139 246/246/139
f 246/246/139 244/244/139 243/243/139
f 245/245/139 247/247/139 248/248/139
f 248/248/139 246/246/139 245/245/139
f 247/247/139 249/249/139 250/250/139
f 250/250/139 248/248/139 247/247/139
f 249/249/139 251/251/139 252/252/139
f 252/252/139 250/250/139 249/249/139
f 251/251/139 253/253/139 254/254/139
f 254/254/139 252/252/139 251/251/139
f 253/253/139 255/255/139 256/256/139
f 256/256/139 254/254/139 253/253/139
f 255/255/139 257/257/139 258/258/139
f 258/258/139 256/256/139 255/255/139
f 257/257/139 259/259/139 260/260/139
f 260/260/139 258/258/139 257/257/139
f 259/259/139 261/261/139 262/262/139
f 262/262/139 260/260/139 259/259/139
f 261/261/139 263/263/139 264/264/139
f 264/264/139 262/262/139 261/261/139
f 263/263/139 265/265/139 266/266/139
f 266/266/139 264/264/139 263/263/139
f 265/265/139 267/267/139 268/268/139
f 268/268/139 266/266/139 265/265/139
f 267/267/139 269/269/139 270/270/139
f 270/270/139 268/268/139 267/267/139
f 269/269/139 271/271/139 272/272/139
f 272/272/139 270/270/139 269/269/139
f 271/271/139 273/273/139 274/274/139
f 274/274/139 272/272/139 271/271/139
f 273/273/139 275/275/139 276/276/139
f 276/276/139 274/274/139 273/273/139
f 275/275/139 277/277/139 278/278/139
f 278/278/139 276/276/139 275/275/139
f 277/277/139 279/279/139 280/280/139
f 280/280/139 278/278/139 277/277/139
f 279/279/139 281/281/139 282/282/139
f 282/282/139 280/280/139 279/279/139
f 281/281/139 283/283/139 284/284/139
f 284/284/139 282/282/139 281/281/139
f 283/283/139 285/285/139 286/286/139
f 286/286/139 284/284/139 283/283/139
f 285/285/139 287/287/139 288/288/139
f 288/288/139 286/286/139 285/285/139
f 287/287/139 193/193/139 196/196/139
f 196/196/139 288/288/139 287/287/139
f 291/289/139 290/290/139 289/291/139
f 289/291/139 292/292/139 291/289/139
f 294/293/139 293/294/139 290/290/139
f 290/290/139 291/289/139 294/293/139
f 296/295/139 295/296/139 293/294/139
f 293/294/139 294/293/139 296/295/139
f 298/297/139 297/298/139 295/296/139
f 295/296/139 296/295/139 298/297/139
f 300/299/139 299/300/139 297/298/139
f 297/298/139 298/297/139 300/299/139
f 302/301/139 301/302/139 299/300/139
f 299/300/139 300/299/139 302/301/139
f 304/303/139 303/304/139 301/302/139
f 301/302/139 302/301/139 304/303/139
f 306/305/139 305/306/139 303/304/139
f 303/304/139 304/303/139 306/305/139
f 308/307/139 307/308/139 305/306/139
f 305/306/139 306/305/139 308/307/139
f 310/309/139 309/310/139 307/308/139
f 307/308/139 308/307/139 310/309/139
f 312/311/139 311/312/139 309/310/139
f 309/310/139 310/309/139 312/311/139
f 314/313/139 313/314/139 311/312/139
f 311/312/139 312/311/139 314/313/139
f 316/315/139 315/316/139 313/314/139
f 313/314/139 314/313/139 316/315/139
f 318/317/139 317/318/139 315/316/139
f 315/316/139 316/315/139 318/317/139
f 320/319/139 319/320/139 317/318/139
f 317/318/139 318/317/139 320/319/139
f 322/321/139 321/322/139 319/320/139
f 319/320/139 320/319/139 322/321/139
f 324/323/139 323/324/139 321/322/139
f 321/322/139 322/321/139 324/323/139
f 326/325/139 325/326/139 323/324/139
f 323/324/139 324/323/139 326/325/139
f 328/327/139 327/328/139 325/326/139
f 325/326/139 326/325/139 328/327/139
f 330/329/139 329/330/139 327/328/139
f 327/328/139 328/327/139 330/329/139
f 332/331/139 331/332/139 329/330/139
f 329/330/139 330/329/139 332/331/139
f 334/333/139 333/334/139 331/332/139
f 331/332/139 332/331/139 334/333/139
f 336/335/139 335/336/139 333/334/139
f 333/334/139 334/333/139 336/335/139
f 338/337/139 337/338/139 335/336/139
f 335/336/139 336/335/139 338/337/139
f 339/339/139 340/340/139 341/341/139
f 341/341/139 342/342/139 339/339/139
f 340/340/139 343/343/139 344/344/139
f 344/344/139 341/341/139 340/340/139
f 343/343/139 345/345/139 346/346/139
f 346/346/139 344/344/139 343/343/139
f 345/345/139 347/347/139 348/348/139
f 348/348/139 346/346/139 345/345/139
f 347/347/139 349/349/139 350/350/139
f 350/350/139 348/348/139 347/347/139
f 349/349/139 351/351/139 352/352/139
f 352/352/139 350/350/139 349/349/139
f 351/351/139 353/353/139 354/354/139
f 354/354/139 352/352/139 351/351/139
f 353/353/139 355/355/139 356/356/139
f 356/356/139 354/354/139 353/353/139
f 355/355/139 357/357/139 358/358/139
f 358/358/139 356/356/139 355/355/139
f 357/357/139 359/359/139 360/360/139
f 360/360/139 358/358/139 357/357/139
f 359/359/139 361/361/139 362/362/139
f 362/362/139 360/360/139 359/359/139
f 361/361/139 363/363/139 364/364/139
f 364/364/139 362/362/139 361/361/139
f 363/363/139 365/365/139 366/366/139
f 366/366/139 364/364/139 363/363/139
f 365/365/139 367/367/139 368/368/139
f 368/368/139 366/366/139 365/365/139
f 367/367/139 369/369/139 370/370/139
f 370/370/139 368/368/139 367/367/139
f 369/369/139 371/371/139 372/372/139
f 372/372/139 370/370/139 369/369/139
f 371/371/139 373/373/139 374/374/139
f 374/374/139 372/372/139 371/371/139
f 373/373/139 375/375/139 376/376/139
f 376/376/139 374/374/139 373/373/139
f 375/375/139 377/377/139 378/378/139
f 378/378/139 376/376/139 375/375/139
f 377/377/139 379/379/139 380/380/139
f 380/380/139 378/378/139 377/377/139
f 379/379/139 381/381/139 382/382/139
f 382/382/139 380/380/139 379/379/139
f 381/381/139 383/383/139 384/384/139
f 384/384/139 382/382/139 381/381/139
f 383/383/139 385/385/139 386/386/139
f 386/386/139 384/384/139 383/383/139
f 385/385/139 387/387/139 388/388/139
f 388/388/139 386/386/139 385/385/139
f 391/389/139 390/390/139 389/391/139
f 389/391/139 392/392/139 391/389/139
f 395/393/139 394/394/139 393/395/139
f 393/395/139 396/396/139 395/393/139
f 395/393/139 397/397/139 394/394/139
f 398/398/139 397/397/139 395/393/139
f 395/393/139 399/399/139 398/398/139
f 402/400/139 401/401/139 400/402/139
f 400/402/139 390/390/139 402/400/139
f 391/389/139 402/400/139 390/390/139
f 405/403/139 404/404/139 403/405/139
f 403/405/139 406/406/139 405/403/139
f 408/407/139 407/408/139 406/406/139
f 406/406/139 403/405/139 408/407/139
f 394/394/139 397/397/139 407/408/139
f 407/408/139 408/407/139 394/394/139
f 409/409/139 407/408/139 397/397/139
f 397/397/139 398/398/139 409/409/139
f 405/403/139 410/410/139 401/401/139
f 401/401/139 402/400/139 405/403/139
f 402/400/139 391/389/139 404/404/139
f 404/404/139 405/403/139 402/400/139
f 411/411/140 412/412/140 413/413/140
f 413/413/140 414/414/140 411/411/140
f 415/415/140 416/416/140 412/412/140
f 412/412/140 411/411/140 415/415/140
f 417/417/140 418/418/140 416/416/140
f 416/416/140 415/415/140 417/417/140
f 419/419/140 420/420/140 418/418/140
f 418/418/140 417/417/140 419/419/140
f 421/421/140 422/422/140 420/420/140
f 420/420/140 419/419/140 421/421/140
f 423/423/140 424/424/140 422/422/140
f 422/422/140 421/421/140 423/423/140
f 425/425/140 426/426/140 424/424/140
f 424/424/140 423/423/140 425/425/140
f 427/427/140 428/428/140 426/426/140
f 426/426/140 425/425/140 427/427/140
f 429/429/140 430/430/140 428/428/140
f 428/428/140 427/427/140 429/429/140
f 431/431/140 432/432/140 430/430/140
f 430/430/140 429/429/140 431/431/140
f 433/433/140 434/434/140 432/432/140
f 432/432/140 431/431/140 433/433/140
f 435/435/140 436/436/140 434/434/140
f 434/434/140 433/433/140 435/435/140
f 437/437/140 438/438/140 436/436/140
f 436/436/140 435/435/140 437/437/140
f 439/439/140 440/440/140 438/438/140
f 438/438/140 437/437/140 439/439/140
f 441/441/140 442/442/140 440/440/140
f 440/440/140 439/439/140 441/441/140
f 443/443/140 444/444/140 442/442/140
f 442/442/140 441/441/140 443/443/140
f 445/445/140 446/446/140 444/444/140
f 444/444/140 443/443/140 445/445/140
f 447/447/140 448/448/140 446/446/140
f 446/446/140 445/445/140 447/447/140
f 449/449/140 450/450/140 448/448/140
f 448/448/140 447/447/140 449/449/140
f 451/451/140 452/452/140 450/450/140
f 450/450/140 449/449/140 451/451/140
f 453/453/140 454/454/140 452/452/140
f 452/452/140 451/451/140 453/453/140
f 455/455/140 456/456/140 454/454/140
f 454/454/140 453/453/140 455/455/140
f 457/457/140 458/458/140 456/456/140
f 456/456/140 455/455/140 457/457/140
f 459/459/140 460/460/140 458/458/140
f 458/458/140 457/457/140 459/459/140
f 413/413/140 412/412/140 461/461/140
f 461/461/140 462/462/140 413/413/140
f 412/412/140 416/416/140 463/463/140
f 463/463/140 461/461/140 412/412/140
f 416/416/140 418/418/140 464/464/140
f 464/464/140 463/463/140 416/416/140
f 418/418/140 420/420/140 465/465/140
f 465/465/140 464/464/140 418/418/140
f 420/420/140 422/422/140 466/466/140
f 466/466/140 465/465/140 420/420/140
f 422/422/140 424/424/140 467/467/140
f 467/467/140 466/466/140 422/422/140
f 424/424/140 426/426/140 468/468/140
f 468/468/140 467/467/140 424/424/140
f 426/426/140 428/428/140 469/469/140
f 469/469/140 468/468/140 426/426/140
f 428/428/140 430/430/140 470/470/140
f 470/470/140 469/469/140 428/428/140
f 430/430/140 432/432/140 471/471/140
f 471/471/140 470/470/140 430/430/140
f 432/432/140 434/434/140 472/472/140
f 472/472/140 471/471/140 432/432/140
f 434/434/140 436/436/140 473/473/140
f 473/473/140 472/472/140 434/434/140
f 436/436/140 438/438/140 474/474/140
f 474/474/140 473/473/140 436/436/140
f 438/438/140 440/440/140 475/475/140
f 475/475/140 474/474/140 438/438/140
f 440/440/140 442/442/140 476/476/140
f 476/476/140 475/475/140 440/440/140
f 442/442/140 444/444/140 477/477/140
f 477/477/140 476/476/140 442/442/140
f 444/444/140 446/446/140 478/478/140
f 478/478/140 477/477/140 444/444/140
f 446/446/140 448/448/140 479/479/140
f 479/479/140 478/478/140 446/446/140
f 448/448/140 450/450/140 480/480/140
f 480/480/140 479/479/140 448/448/140
f 450/450/140 452/452/140 481/481/140
f 481/481/140 480/480/140 450/450/140
f 452/452/140 454/454/140 482/482/140
f 482/482/140 481/481/140 452/452/140
f 454/454/140 456/456/140 483/483/140
f 483/483/140 482/482/140 454/454/140
f 456/456/140 458/458/140 484/484/140
f 484/484/140 483/483/140 456/456/140
f 458/458/140 460/460/140 485/485/140
f 485/485/140 484/484/140 458/458/140
f 461/461/140 486/486/140 487/487/140
f 487/487/140 462/462/140 461/461/140
f 463/463/140 488/488/140 486/486/140
f 486/486/140 461/461/140 463/463/140
f 464/464/140 489/489/140 488/488/140
f 488/488/140 463/463/140 464/464/140
f 465/465/140 490/490/140 489/489/140
f 489/489/140 464/464/140 465/465/140
f 466/466/140 491/491/140 490/490/140
f 490/490/140 465/465/140 466/466/140
f 467/467/140 492/492/140 491/491/140
f 491/491/140 466/466/140 467/467/140
f 468/468/140 493/493/140 492/492/140
f 492/492/140 467/467/140 468/468/140
f 469/469/140 494/494/140 493/493/140
f 493/493/140 468/468/140 469/469/140
f 470/470/140 495/495/140 494/494/140
f 494/494/140 469/469/140 470/470/140
f 471/471/140 496/496/140 495/495/140
f 495/495/140 470/470/140 471/471/140
f 472/472/140 497/497/140 496/496/140
f 496/496/140 471/471/140 472/472/140
f 473/473/140 498/498/140 497/497/140
f 497/497/140 472/472/140 473/473/140
f 474/474/140 499/499/140 498/498/140
f 498/498/140 473/473/140 474/474/140
f 475/475/140 500/500/140 499/499/140
f 499/499/140 474/474/140 475/475/140
f 476/476/140 501/501/140 500/500/140
f 500/500/140 475/475/140 476/476/140
f 477/477/140 502/502/140 501/501/140
f 501/501/140 476/476/140 477/477/140
f 478/478/140 503/503/140 502/502/140
f 502/502/140 477/477/140 478/478/140
f 479/479/140 504/504/140 503/503/140
f 503/503/140 478/478/140 479/479/140
f 480/480/140 505/505/140 504/504/140
f 504/504/140 479/479/140 480/480/140
f 481/481/140 506/506/140 505/505/140
f 505/505/140 480/480/140 481/481/140
f 482/482/140 507/507/140 506/506/140
f 506/506/140 481/481/140 482/482/140
f 483/483/140 508/508/140 507/507/140
f 507/507/140 482/482/140 483/483/140
f 484/484/140 509/509/140 508/508/140
f 508/508/140 483/483/140 484/484/140
f 485/485/140 510/510/140 509/509/140
f 509/509/140 484/484/140 485/485/140
f 486/486/140 511/511/140 512/512/140
f 512/512/140 487/487/140 486/486/140
f 488/488/140 513/513/140 511/511/140
f 511/511/140 486/486/140 488/488/140
f 489/489/140 514/514/140 513/513/140
f 513/513/140 488/488/140 489/489/140
f 490/490/140 515/515/140 514/514/140
f 514/514/140 489/489/140 490/490/140
f 491/491/140 516/516/140 515/515/140
f 515/515/140 490/490/140 491/491/140
f 492/492/140 517/517/140 516/516/140
f 516/516/140 491/491/140 492/492/140
f 493/493/140 518/518/140 517/517/140
f 517/517/140 492/492/140 493/493/140
f 494/494/140 519/519/140 518/518/140
f 518/518/140 493/493/140 494/494/140
f 495/495/140 520/520/140 519/519/140
f 519/519/140 494/494/140 495/495/140
f 496/496/140 521/521/140 520/520/140
f 520/520/140 495/495/140 496/496/140
f 497/497/140 522/522/140 521/521/140
f 521/521/140 496/496/140 497/497/140
f 498/498/140 523/523/140 522/522/140
f 522/522/140 497/497/140 498/498/140
f 499/499/140 524/524/140 523/523/140
f 523/523/140 498/498/140 499/499/140
f 500/500/140 525/525/140 524/524/140
f 524/524/140 499/499/140 500/500/140
f 501/501/140 526/526/140 525/525/140
f 525/525/140 500/500/140 501/501/140
f 502/502/140 527/527/140 526/526/140
f 526/526/140 501/501/140 502/502/140
f 503/503/140 528/528/140 527/527/140
f 527/527/140 502/502/140 503/503/140
f 504/504/140 529/529/140 528/528/140
f 528/528/140 503/503/140 504/504/140
f 505/505/140 530/530/140 529/529/140
f 529/529/140 504/504/140 505/505/140
f 506/506/140 531/531/140 530/530/140
f 530/530/140 505/505/140 506/506/140
f 507/507/140 532/532/140 531/531/140
f 531/531/140 506/506/140 507/507/140
f 508/508/140 533/533/140 532/532/140
f 532/532/140 507/507/140 508/508/140
f 509/509/140 534/534/140 533/533/140
f 533/533/140 508/508/140 509/509/140
f 510/510/140 535/535/140 534/534/140
f 534/534/140 509/509/140 510/510/140
f 538/536/139 537/537/139 536/538/139
f 536/538/139 539/539/139 538/536/139
f 537/537/139 541/540/139 540/541/139
f 540/541/139 536/538/139 537/537/139
f 541/540/139 543/542/139 542/543/139
f 542/543/139 540/541/139 541/540/139
f 543/542/139 545/544/139 544/545/139
f 544/545/139 542/543/139 543/542/139
f 545/544/139 547/546/139 546/547/139
f 546/547/139 544/545/139 545/544/139
f 547/546/139 549/548/139 548/549/139
f 548/549/139 546/547/139 547/546/139
f 549/548/139 551/550/139 550/551/139
f 550/551/139 548/549/139 549/548/139
f 551/550/139 553/552/139 552/553/139
f 552/553/139 550/551/139 551/550/139
f 553/552/139 555/554/139 554/555/139
f 554/555/139 552/553/139 553/552/139
f 555/554/139 557/556/139 556/557/139
f 556/557/139 554/555/139 555/554/139
f 557/556/139 559/558/139 558/559/139
f 558/559/139 556/557/139 557/556/139
f 559/558/139 561/560/139 560/561/139
f 560/561/139 558/559/139 559/558/139
f 561/560/139 563/562/139 562/563/139
f 562/563/139 560/561/139 561/560/139
f 563/562/139 565/564/139 564/565/139
f 564/565/139 562/563/139 563/562/139
f 565/564/139 567/566/139 566/567/139
f 566/567/139 564/565/139 565/564/139
f 567/566/139 569/568/139 568/569/139
f 568/569/139 566/567/139 567/566/139
f 569/568/139 571/570/139 570/571/139
f 570/571/139 568/569/139 569/568/139
f 571/570/139 573/572/139 572/573/139
f 572/573/139 570/571/139 571/570/139
f 573/572/139 575/574/139 574/575/139
f 574/575/139 572/573/139 573/572/139
f 575/574/139 577/576/139 576/577/139
f 576/577/139 574/575/139 575/574/139
f 577/576/139 579/578/139 578/579/139
f 578/579/139 576/577/139 577/576/139
f 579/578/139 581/580/139 580/581/139
f 580/581/139 578/579/139 579/578/139
f 581/580/139 583/582/139 582/583/139
f 582/583/139 580/581/139 581/580/139
f 583/582/139 585/584/139 584/585/139
f 584/585/139 582/583/139 583/582/139
f 586/586/139 537/537/139 538/536/139
f 538/536/139 587/587/139 586/586/139
f 588/588/139 541/540/139 537/537/139
f 537/537/139 586/586/139 588/588/139
f 589/589/139 543/542/139 541/540/139
f 541/540/139 588/588/139 589/589/139
f 590/590/139 545/544/139 543/542/139
f 543/542/139 589/589/139 590/590/139
f 591/591/139 547/546/139 545/544/139
f 545/544/139 590/590/139 591/591/139
f 592/592/139 549/548/139 547/546/139
f 547/546/139 591/591/139 592/592/139
f 593/593/139 551/550/139 549/548/139
f 549/548/139 592/592/139 593/593/139
f 594/594/139 553/552/139 551/550/139
f 551/550/139 593/593/139 594/594/139
f 595/595/139 555/554/139 553/552/139
f 553/552/139 594/594/139 595/595/139
f 596/596/139 557/556/139 555/554/139
f 555/554/139 595/595/139 596/596/139
f 597/597/139 559/558/139 557/556/139
f 557/556/139 596/596/139 597/597/139
f 598/598/139 561/560/139 559/558/139
f 559/558/139 597/597/139 598/598/139
f 599/599/139 563/562/139 561/560/139
f 561/560/139 598/598/139 599/599/139
f 600/600/139 565/564/139 563/562/139
f 563/562/139 599/599/139 600/600/139
f 601/601/139 567/566/139 565/564/139
f 565/564/139 600/600/139 601/601/139
f 602/602/139 569/568/139 567/566/139
f 567/566/139 601/601/139 602/602/139
f 603/603/139 571/570/139 569/568/139
f 569/568/139 602/602/139 603/603/139
f 604/604/139 573/572/139 571/570/139
f 571/570/139 603/603/139 604/604/139
f 605/605/139 575/574/139 573/572/139
f 573/572/139 604/604/139 605/605/139
f 606/606/139 577/576/139 575/574/139
f 575/574/139 605/605/139 606/606/139
f 607/607/139 579/578/139 577/576/139
f 577/576/139 606/606/139 607/607/139
f 608/608/139 581/580/139 579/578/139
f 579/578/139 607/607/139 608/608/139
f 609/609/139 583/582/139 581/580/139
f 581/580/139 608/608/139 609/609/139
f 610/610/139 585/584/139 583/582/139
f 583/582/139 609/609/139 610/610/139
f 613/611/139 612/612/139 611/613/139
f 611/613/139 587/587/139 613/611/139
f 612/612/139 615/614/139 614/615/139
f 614/615/139 611/613/139 612/612/139
f 615/614/139 616/616/139 589/589/139
f 589/589/139 614/615/139 615/614/139
f 616/616/139 617/617/139 590/590/139
f 590/590/139 589/589/139 616/616/139
f 617/617/139 619/618/139 618/619/139
f 618/619/139 590/590/139 617/617/139
f 619/618/139 620/620/139 592/592/139
f 592/592/139 618/619/139 619/618/139
f 620/620/139 622/621/139 621/622/139
f 621/622/139 592/592/139 620/620/139
f 622/621/139 623/623/139 594/594/139
f 594/594/139 621/622/139 622/621/139
f 623/623/139 624/624/139 595/595/139
f 595/595/139 594/594/139 623/623/139
f 624/624/139 626/625/139 625/626/139
f 625/626/139 595/595/139 624/624/139
f 626/625/139 628/627/139 627/628/139
f 627/628/139 625/626/139 626/625/139
f 628/627/139 629/629/139 598/598/139
f 598/598/139 627/628/139 628/627/139
f 629/629/139 631/630/139 630/631/139
f 630/631/139 598/598/139 629/629/139
f 631/630/139 633/632/139 632/633/139
f 632/633/139 630/631/139 631/630/139
f 633/632/139 634/634/139 601/601/139
f 601/601/139 632/633/139 633/632/139
f 634/634/139 635/635/139 602/602/139
f 602/602/139 601/601/139 634/634/139
f 635/635/139 637/636/139 636/637/139
f 636/637/139 602/602/139 635/635/139
f 637/636/139 638/638/139 604/604/139
f 604/604/139 636/637/139 637/636/139
f 638/638/139 640/639/139 639/640/139
f 639/640/139 604/604/139 638/638/139
f 640/639/139 641/641/139 606/606/139
f 606/606/139 639/640/139 640/639/139
f 641/641/139 642/642/139 607/607/139
f 607/607/139 606/606/139 641/641/139
f 642/642/139 644/643/139 643/644/139
f 643/644/139 607/607/139 642/642/139
f 644/643/139 646/645/139 645/646/139
f 645/646/139 643/644/139 644/643/139
f 646/645/139 647/647/139 610/610/139
f 610/610/139 645/646/139 646/645/139
f 649/648/139 648/649/139 612/612/139
f 612/612/139 613/611/139 649/648/139
f 648/649/139 650/650/139 615/614/139
f 615/614/139 612/612/139 648/649/139
f 650/650/139 651/651/139 616/616/139
f 616/616/139 615/614/139 650/650/139
f 651/651/139 652/652/139 617/617/139
f 617/617/139 616/616/139 651/651/139
f 652/652/139 653/653/139 619/618/139
f 619/618/139 617/617/139 652/652/139
f 653/653/139 654/654/139 620/620/139
f 620/620/139 619/618/139 653/653/139
f 654/654/139 655/655/139 622/621/139
f 622/621/139 620/620/139 654/654/139
f 655/655/139 656/656/139 623/623/139
f 623/623/139 622/621/139 655/655/139
f 656/656/139 657/657/139 624/624/139
f 624/624/139 623/623/139 656/656/139
f 657/657/139 658/658/139 626/625/139
f 626/625/139 624/624/139 657/657/139
f 658/658/139 659/659/139 628/627/139
f 628/627/139 626/625/139 658/658/139
f 659/659/139 660/660/139 629/629/139
f 629/629/139 628/627/139 659/659/139
f 660/660/139 661/661/139 631/630/139
f 631/630/139 629/629/139 660/660/139
f 661/661/139 662/662/139 633/632/139
f 633/632/139 631/630/139 661/661/139
f 662/662/139 663/663/139 634/634/139
f 634/634/139 633/632/139 662/662/139
f 663/663/139 664/664/139 635/635/139
f 635/635/139 634/634/139 663/663/139
f 664/664/139 665/665/139 637/636/139
f 637/636/139 635/635/139 664/664/139
f 665/665/139 666/666/139 638/638/139
f 638/638/139 637/636/139 665/665/139
f 666/666/139 667/667/139 640/639/139
f 640/639/139 638/638/139 666/666/139
f 667/667/139 668/668/139 641/641/139
f 641/641/139 640/639/139 667/667/139
f 668/668/139 669/669/139 642/642/139
f 642/642/139 641/641/139 668/668/139
f 669/669/139 670/670/139 644/643/139
f 644/643/139 642/642/139 669/669/139
f 670/670/139 671/671/139 646/645/139
f 646/645/139 644/643/139 670/670/139
f 671/671/139 672/672/139 647/647/139
f 647/647/139 646/645/139 671/671/139
f 674/673/139 673/674/139 648/649/139
f 648/649/139 649/648/139 674/673/139
f 673/674/139 676/675/139 675/676/139
f 675/676/139 648/649/139 673/674/139
f 676/675/139 677/677/139 651/651/139
f 651/651/139 675/676/139 676/675/139
f 677/677/139 678/678/139 652/652/139
f 652/652/139 651/651/139 677/677/139
f 678/678/139 680/679/139 679/680/139
f 679/680/139 652/652/139 678/678/139
f 680/679/139 681/681/139 654/654/139
f 654/654/139 679/680/139 680/679/139
f 681/681/139 683/682/139 682/683/139
f 682/683/139 654/654/139 681/681/139
f 683/682/139 684/684/139 656/656/139
f 656/656/139 682/683/139 683/682/139
f 684/684/139 685/685/139 657/657/139
f 657/657/139 656/656/139 684/684/139
f 685/685/139 687/686/139 686/687/139
f 686/687/139 657/657/139 685/685/139
f 687/686/139 688/688/139 659/659/139
f 659/659/139 686/687/139 687/686/139
f 688/688/139 689/689/139 660/660/139
f 660/660/139 659/659/139 688/688/139
f 689/689/139 690/690/139 661/661/139
f 661/661/139 660/660/139 689/689/139
f 690/690/139 692/691/139 691/692/139
f 691/692/139 661/661/139 690/690/139
f 692/691/139 693/693/139 663/663/139
f 663/663/139 691/692/139 692/691/139
f 693/693/139 694/694/139 664/664/139
f 664/664/139 663/663/139 693/693/139
f 694/694/139 696/695/139 695/696/139
f 695/696/139 664/664/139 694/694/139
f 696/695/139 697/697/139 666/666/139
f 666/666/139 695/696/139 696/695/139
f 697/697/139 699/698/139 698/699/139
f 698/699/139 666/666/139 697/697/139
f 699/698/139 700/700/139 668/668/139
f 668/668/139 698/699/139 699/698/139
f 700/700/139 701/701/139 669/669/139
f 669/669/139 668/668/139 700/700/139
f 701/701/139 703/702/139 702/703/139
f 702/703/139 669/669/139 701/701/139
f 703/702/139 704/704/139 671/671/139
f 671/671/139 702/703/139 703/702/139
f 704/704/139 705/705/139 672/672/139
f 672/672/139 671/671/139 704/704/139
f 706/706/140 707/707/140 708/708/140
f 708/708/140 709/709/140 706/706/140
f 710/710/140 711/711/140 707/707/140
f 707/707/140 706/706/140 710/710/140
f 712/712/140 713/713/140 711/711/140
f 711/711/140 710/710/140 712/712/140
f 714/714/140 715/715/140 713/713/140
f 713/713/140 712/712/140 714/714/140
f 716/716/140 717/717/140 715/715/140
f 715/715/140 714/714/140 716/716/140
f 718/718/140 719/719/140 717/717/140
f 717/717/140 716/716/140 718/718/140
f 720/720/140 721/721/140 719/719/140
f 719/719/140 718/718/140 720/720/140
f 722/722/140 723/723/140 721/721/140
f 721/721/140 720/720/140 722/722/140
f 724/724/140 725/725/140 723/723/140
f 723/723/140 722/722/140 724/724/140
f 726/726/140 727/727/140 725/725/140
f 725/725/140 724/724/140 726/726/140
f 728/728/140 729/729/140 727/727/140
f 727/727/140 726/726/140 728/728/140
f 730/730/140 731/731/140 729/729/140
f 729/729/140 728/728/140 730/730/140
f 732/732/140 733/733/140 731/731/140
f 731/731/140 730/730/140 732/732/140
f 734/734/140 735/735/140 733/733/140
f 733/733/140 732/732/140 734/734/140
f 736/736/140 737/737/140 735/735/140
f 735/735/140 734/734/140 736/736/140
f 738/738/140 739/739/140 737/737/140
f 737/737/140 736/736/140 738/738/140
f 740/740/140 741/741/140 739/739/140
f 739/739/140 738/738/140 740/740/140
f 742/742/140 743/743/140 741/741/140
f 741/741/140 740/740/140 742/742/140
f 744/744/140 745/745/140 743/743/140
f 743/743/140 742/742/140 744/744/140
f 746/746/140 747/747/140 745/745/140
f 745/745/140 744/744/140 746/746/140
f 748/748/140 749/749/140 747/747/140
f 747/747/140 746/746/140 748/748/140
f 750/750/140 751/751/140 749/749/140
f 749/749/140 748/748/140 750/750/140
f 752/752/140 753/753/140 751/751/140
f 751/751/140 750/750/140 752/752/140
f 754/754/140 755/755/140 753/753/140
f 753/753/140 752/752/140 754/754/140
f 708/708/140 707/707/140 756/756/140
f 756/756/140 757/757/140 708/708/140
f 707/707/140 711/711/140 758/758/140
f 758/758/140 756/756/140 707/707/140
f 711/711/140 713/713/140 759/759/140
f 759/759/140 758/758/140 711/711/140
f 713/713/140 715/715/140 760/760/140
f 760/760/140 759/759/140 713/713/140
f 715/715/140 717/717/140 761/761/140
f 761/761/140 760/760/140 715/715/140
f 717/717/140 719/719/140 762/762/140
f 762/762/140 761/761/140 717/717/140
f 719/719/140 721/721/140 763/763/140
f 763/763/140 762/762/140 719/719/140
f 721/721/140 723/723/140 764/764/140
f 764/764/140 763/763/140 721/721/140
f 723/723/140 725/725/140 765/765/140
f 765/765/140 764/764/140 723/723/140
f 725/725/140 727/727/140 766/766/140
f 766/766/140 765/765/140 725/725/140
f 727/727/140 729/729/140 767/767/140
f 767/767/140 766/766/140 727/727/140
f 729/729/140 731/731/140 768/768/140
f 768/768/140 767/767/140 729/729/140
f 731/731/140 733/733/140 769/769/140
f 769/769/140 768/768/140 731/731/140
f 733/733/140 735/735/140 770/770/140
f 770/770/140 769/769/140 733/733/140
f 735/735/140 737/737/140 771/771/140
f 771/771/140 770/770/140 735/735/140
f 737/737/140 739/739/140 772/772/140
f 772/772/140 771/771/140 737/737/140
f 739/739/140 741/741/140 773/773/140
f 773/773/140 772/772/140 739/739/140
f 741/741/140 743/743/140 774/774/140
f 774/774/140 773/773/140 741/741/140
f 743/743/140 745/745/140 775/775/140
f 775/775/140 774/774/140 743/743/140
f 745/745/140 747/747/140 776/776/140
f 776/776/140 775/775/140 745/745/140
f 747/747/140 749/749/140 777/777/140
f 777/777/140 776/776/140 747/747/140
f 749/749/140 751/751/140 778/778/140
f 778/778/140 777/777/140 749/749/140
f 751/751/140 753/753/140 779/779/140
f 779/779/140 778/778/140 751/751/140
f 753/753/140 755/755/140 780/780/140
f 780/780/140 779/779/140 753/753/140
f 781/781/140 782/782/140 783/783/140
f 783/783/140 757/757/140 781/781/140
f 784/784/140 785/785/140 782/782/140
f 782/782/140 781/781/140 784/784/140
f 759/759/140 786/786/140 785/785/140
f 785/785/140 784/784/140 759/759/140
f 760/760/140 787/787/140 786/786/140
f 786/786/140 759/759/140 760/760/140
f 788/788/140 789/789/140 787/787/140
f 787/787/140 760/760/140 788/788/140
f 762/762/140 790/790/140 789/789/140
f 789/789/140 788/788/140 762/762/140
f 791/791/140 792/792/140 790/790/140
f 790/790/140 762/762/140 791/791/140
f 764/764/140 793/793/140 792/792/140
f 792/792/140 791/791/140 764/764/140
f 765/765/140 794/794/140 793/793/140
f 793/793/140 764/764/140 765/765/140
f 795/795/140 796/796/140 794/794/140
f 794/794/140 765/765/140 795/795/140
f 797/797/140 798/798/140 796/796/140
f 796/796/140 795/795/140 797/797/140
f 768/768/140 799/799/140 798/798/140
f 798/798/140 797/797/140 768/768/140
f 800/800/140 801/801/140 799/799/140
f 799/799/140 768/768/140 800/800/140
f 802/802/140 803/803/140 801/801/140
f 801/801/140 800/800/140 802/802/140
f 771/771/140 804/804/140 803/803/140
f 803/803/140 802/802/140 771/771/140
f 772/772/140 805/805/140 804/804/140
f 804/804/140 771/771/140 772/772/140
f 806/806/140 807/807/140 805/805/140
f 805/805/140 772/772/140 806/806/140
f 774/774/140 808/808/140 807/807/140
f 807/807/140 806/806/140 774/774/140
f 809/809/140 810/810/140 808/808/140
f 808/808/140 774/774/140 809/809/140
f 776/776/140 811/811/140 810/810/140
f 810/810/140 809/809/140 776/776/140
f 777/777/140 812/812/140 811/811/140
f 811/811/140 776/776/140 777/777/140
f 813/813/140 814/814/140 812/812/140
f 812/812/140 777/777/140 813/813/140
f 815/815/140 816/816/140 814/814/140
f 814/814/140 813/813/140 815/815/140
f 780/780/140 817/817/140 816/816/140
f 816/816/140 815/815/140 780/780/140
f 782/782/140 818/818/140 819/819/140
f 819/819/140 783/783/140 782/782/140
f 785/785/140 820/820/140 818/818/140
f 818/818/140 782/782/140 785/785/140
f 786/786/140 821/821/140 820/820/140
f 820/820/140 785/785/140 786/786/140
f 787/787/140 822/822/140 821/821/140
f 821/821/140 786/786/140 787/787/140
f 789/789/140 823/823/140 822/822/140
f 822/822/140 787/787/140 789/789/140
f 790/790/140 824/824/140 823/823/140
f 823/823/140 789/789/140 790/790/140
f 792/792/140 825/825/140 824/824/140
f 824/824/140 790/790/140 792/792/140
f 793/793/140 826/826/140 825/825/140
f 825/825/140 792/792/140 793/793/140
f 794/794/140 827/827/140 826/826/140
f 826/826/140 793/793/140 794/794/140
f 796/796/140 828/828/140 827/827/140
f 827/827/140 794/794/140 796/796/140
f 798/798/140 829/829/140 828/828/140
f 828/828/140 796/796/140 798/798/140
f 799/799/140 830/830/140 829/829/140
f 829/829/140 798/798/140 799/799/140
f 801/801/140 831/831/140 830/830/140
f 830/830/140 799/799/140 801/801/140
f 803/803/140 832/832/140 831/831/140
f 831/831/140 801/801/140 803/803/140
f 804/804/140 833/833/140 832/832/140
f 832/832/140 803/803/140 804/804/140
f 805/805/140 834/834/140 833/833/140
f 833/833/140 804/804/140 805/805/140
f 807/807/140 835/835/140 834/834/140
f 834/834/140 805/805/140 807/807/140
f 808/808/140 836/836/140 835/835/140
f 835/835/140 807/807/140 808/808/140
f 810/810/140 837/837/140 836/836/140
f 836/836/140 808/808/140 810/810/140
f 811/811/140 838/838/140 837/837/140
f 837/837/140 810/810/140 811/811/140
f 812/812/140 839/839/140 838/838/140
f 838/838/140 811/811/140 812/812/140
f 814/814/140 840/840/140 839/839/140
f 839/839/140 812/812/140 814/814/140
f 816/816/140 841/841/140 840/840/140
f 840/840/140 814/814/140 816/816/140
f 817/817/140 842/842/140 841/841/140
f 841/841/140 816/816/140 817/817/140
f 818/818/140 843/843/140 844/844/140
f 844/844/140 819/819/140 818/818/140
f 845/845/140 846/846/140 843/843/140
f 843/843/140 818/818/140 845/845/140
f 821/821/140 847/847/140 846/846/140
f 846/846/140 845/845/140 821/821/140
f 822/822/140 848/848/140 847/847/140
f 847/847/140 821/821/140 822/822/140
f 849/849/140 850/850/140 848/848/140
f 848/848/140 822/822/140 849/849/140
f 824/824/140 851/851/140 850/850/140
f 850/850/140 849/849/140 824/824/140
f 852/852/140 853/853/140 851/851/140
f 851/851/140 824/824/140 852/852/140
f 826/826/140 854/854/140 853/853/140
f 853/853/140 852/852/140 826/826/140
f 827/827/140 855/855/140 854/854/140
f 854/854/140 826/826/140 827/827/140
f 856/856/140 857/857/140 855/855/140
f 855/855/140 827/827/140 856/856/140
f 829/829/140 858/858/140 857/857/140
f 857/857/140 856/856/140 829/829/140
f 830/830/140 859/859/140 858/858/140
f 858/858/140 829/829/140 830/830/140
f 831/831/140 860/860/140 859/859/140
f 859/859/140 830/830/140 831/831/140
f 861/861/140 862/862/140 860/860/140
f 860/860/140 831/831/140 861/861/140
f 833/833/140 863/863/140 862/862/140
f 862/862/140 861/861/140 833/833/140
f 834/834/140 864/864/140 863/863/140
f 863/863/140 833/833/140 834/834/140
f 865/865/140 866/866/140 864/864/140
f 864/864/140 834/834/140 865/865/140
f 836/836/140 867/867/140 866/866/140
f 866/866/140 865/865/140 836/836/140
f 868/868/140 869/869/140 867/867/140
f 867/867/140 836/836/140 868/868/140
f 838/838/140 870/870/140 869/869/140
f 869/869/140 868/868/140 838/838/140
f 839/839/140 871/871/140 870/870/140
f 870/870/140 838/838/140 839/839/140
f 872/872/140 873/873/140 871/871/140
f 871/871/140 839/839/140 872/872/140
f 841/841/140 874/874/140 873/873/140
f 873/873/140 872/872/140 841/841/140
f 842/842/140 875/875/140 874/874/140
f 874/874/140 841/841/140 842/842/140
f 878/876/141 877/877/141 876/878/96
f 876/878/96 879/879/116 878/876/141
f 879/879/116 876/878/96 880/880/94
f 880/880/94 881/881/93 879/879/116
f 881/881/93 880/880/94 882/882/92
f 882/882/92 883/883/142 881/881/93
f 883/883/142 882/882/92 884/884/90
f 884/884/90 885/885/89 883/883/142
f 885/885/89 884/884/90 886/886/88
f 886/886/88 887/887/114 885/885/89
f 887/887/114 886/886/88 888/888/113
f 888/888/113 889/889/143 887/887/114
f 889/889/143 888/888/113 890/886/112
f 890/886/112 891/887/83 889/889/143
f 891/887/83 890/886/112 892/884/82
f 892/884/82 893/885/81 891/887/83
f 893/885/81 892/884/82 894/882/80
f 894/882/80 895/883/79 893/885/81
f 895/883/79 894/882/80 896/880/78
f 896/880/78 897/881/77 895/883/79
f 897/881/77 896/880/78 898/878/110
f 898/878/110 899/879/75 897/881/77
f 899/879/75 898/878/110 900/877/108
f 900/877/108 901/890/144 899/879/75
f 901/890/144 900/877/108 902/891/72
f 902/891/72 903/892/145 901/890/144
f 903/892/145 902/891/72 904/893/70
f 904/893/70 905/894/69 903/892/145
f 905/894/69 904/893/70 906/895/68
f 906/895/68 907/896/146 905/894/69
f 907/896/146 906/895/68 908/897/66
f 908/897/66 909/898/65 907/896/146
f 909/898/65 908/897/66 910/899/64
f 910/899/64 911/900/105 909/898/65
f 911/900/105 910/899/64 912/901/104
f 912/901/104 913/902/103 911/900/105
f 913/902/103 912/901/104 914/903/102
f 914/903/102 915/904/59 913/902/103
f 915/904/59 914/903/102 916/905/58
f 916/905/58 917/906/57 915/904/59
f 917/906/57 916/905/58 918/907/147
f 918/907/147 919/908/55 917/906/57
f 919/908/55 918/907/147 920/909/54
f 920/909/54 921/910/53 919/908/55
f 921/910/53 920/909/54 922/911/100
f 922/911/100 923/912/51 921/910/53
f 923/912/51 922/911/100 924/913/148
f 924/913/148 925/914/148 923/912/51
f 928/915/149 927/916/149 926/917/149
f 926/917/149 929/918/149 928/915/149
f 932/919/150 931/920/150 930/921/150
f 930/921/150 933/922/150 932/919/150
f 936/923/151 935/924/152 934/925/153
f 934/925/153 937/926/153 936/923/151
f 935/924/152 936/923/151 938/927/154
f 938/927/154 939/928/155 935/924/152
f 939/928/155 938/927/154 940/929/156
f 940/929/156 941/930/157 939/928/155
f 941/930/157 940/929/156 942/931/158
f 942/931/158 943/932/31 941/930/157
f 943/932/31 942/931/158 944/933/159
f 944/933/159 945/934/160 943/932/31
f 945/934/160 944/933/159 946/935/161
f 946/935/161 947/936/162 945/934/160
f 947/936/162 946/935/161 948/937/163
f 948/937/163 949/938/164 947/936/162
f 949/938/164 948/937/163 950/939/165
f 950/939/165 951/940/166 949/938/164
f 951/940/166 950/939/165 952/941/167
f 952/941/167 953/942/168 951/940/166
f 953/942/168 952/941/167 954/943/20
f 954/943/20 955/944/169 953/942/168
f 955/944/169 954/943/20 956/945/170
f 956/945/170 957/946/171 955/944/169
f 957/946/171 956/945/170 958/947/172
f 958/947/172 959/948/173 957/946/171
f 959/948/173 958/947/172 960/949/174
f 960/949/174 961/950/175 959/948/173
f 961/950/175 960/949/174 962/951/176
f 962/951/176 963/952/177 961/950/175
f 963/952/177 962/951/176 964/953/178
f 964/953/178 965/954/179 963/952/177
f 965/954/179 964/953/178 966/955/180
f 966/955/180 967/956/7 965/954/179
f 967/956/7 966/955/180 968/957/181
f 968/957/181 969/958/182 967/956/7
f 969/958/182 968/957/181 970/959/183
f 970/959/183 971/960/184 969/958/182
f 971/960/184 970/959/183 972/961/185
f 972/961/185 973/962/186 971/960/184
f 973/962/186 972/961/185 974/963/187
f 974/963/187 975/964/188 973/962/186
f 975/964/188 974/963/187 976/965/189
f 976/965/189 977/966/190 975/964/188
f 977/966/190 976/965/189 978/967/92
f 978/967/92 979/968/191 977/966/190
f 979/968/191 978/967/92 980/969/192
f 980/969/192 981/970/193 979/968/191
f 981/970/193 980/969/192 982/971/194
f 982/971/194 983/972/195 981/970/193
f 983/972/195 982/971/194 984/973/196
f 984/973/196 985/974/197 983/972/195
f 986/975/139 987/976/139 988/977/139
f 988/977/139 989/978/139 986/975/139
f 987/976/139 990/979/139 991/980/139
f 991/980/139 988/977/139 987/976/139
f 990/979/139 992/981/139 993/982/139
f 993/982/139 991/980/139 990/979/139
f 992/981/139 994/983/139 995/984/139
f 995/984/139 993/982/139 992/981/139
f 994/983/139 996/985/139 997/986/139
f 997/986/139 995/984/139 994/983/139
f 996/985/139 998/987/139 999/988/139
f 999/988/139 997/986/139 996/985/139
f 998/987/139 1000/989/139 1001/990/139
f 1001/990/139 999/988/139 998/987/139
f 1000/989/139 1002/991/139 1003/992/139
f 1003/992/139 1001/990/139 1000/989/139
f 1002/991/139 1004/993/139 1005/994/139
f 1005/994/139 1003/992/139 1002/991/139
f 1004/993/139 1006/995/139 1007/996/139
f 1007/996/139 1005/994/139 1004/993/139
f 1006/995/139 1008/997/139 1009/998/139
f 1009/998/139 1007/996/139 1006/995/139
f 1008/997/139 1010/999/139 1011/1000/139
f 1011/1000/139 1009/998/139 1008/997/139
f 1010/999/139 1012/1001/139 1013/1002/139
f 1013/1002/139 1011/1000/139 1010/999/139
f 1012/1001/139 1014/1003/139 1015/1004/139
f 1015/1004/139 1013/1002/139 1012/1001/139
f 1014/1003/139 1016/1005/139 1017/1006/139
f 1017/1006/139 1015/1004/139 1014/1003/139
f 1016/1005/139 1018/1007/139 1019/1008/139
f 1019/1008/139 1017/1006/139 1016/1005/139
f 1018/1007/139 1020/1009/139 1021/1010/139
f 1021/1010/139 1019/1008/139 1018/1007/139
f 1020/1009/139 1022/1011/139 1023/1012/139
f 1023/1012/139 1021/1010/139 1020/1009/139
f 1022/1011/139 1024/1013/139 1025/1014/139
f 1025/1014/139 1023/1012/139 1022/1011/139
f 1024/1013/139 1026/1015/139 1027/1016/139
f 1027/1016/139 1025/1014/139 1024/1013/139
f 1026/1015/139 1028/1017/139 1029/1018/139
f 1029/1018/139 1027/1016/139 1026/1015/139
f 1028/1017/139 1030/1019/139 1031/1020/139
f 1031/1020/139 1029/1018/139 1028/1017/139
f 1030/1019/139 1032/1021/139 1033/1022/139
f 1033/1022/139 1031/1020/139 1030/1019/139
f 1032/1021/139 1034/1023/139 1035/1024/139
f 1035/1024/139 1033/1022/139 1032/1021/139
f 1037/1025/198 1036/1026/198 985/974/197
f 985/974/197 984/973/196 1037/1025/198
f 1040/1027/199 1039/1028/199 1038/1026/199
f 1038/1026/199 1041/1025/199 1040/1027/199
f 1044/1029/149 1043/1030/149 1042/1031/149
f 1042/1031/149 1045/890/149 1044/1029/149
f 1048/1032/200 1047/1033/200 1046/1034/200
f 1046/1034/200 1049/1035/200 1048/1032/200
f 1052/1036/201 1051/1037/201 1050/1038/202
f 1050/1038/202 1053/1039/202 1052/1036/201
f 1054/1040/173 1051/1037/201 1052/1036/201
f 1052/1036/201 1055/1041/172 1054/1040/173
f 1056/1042/171 1054/1040/173 1055/1041/172
f 1055/1041/172 1057/1043/170 1056/1042/171
f 1058/1044/169 1056/1042/171 1057/1043/170
f 1057/1043/170 1059/1045/20 1058/1044/169
f 1060/1046/168 1058/1044/169 1059/1045/20
f 1059/1045/20 1061/1047/167 1060/1046/168
f 1062/1048/166 1060/1046/168 1061/1047/167
f 1061/1047/167 1063/1049/165 1062/1048/166
f 1064/1050/164 1062/1048/166 1063/1049/165
f 1063/1049/165 1065/1051/163 1064/1050/164
f 1066/1052/162 1064/1050/164 1065/1051/163
f 1065/1051/163 1067/1053/161 1066/1052/162
f 1068/1054/160 1066/1052/162 1067/1053/161
f 1067/1053/161 1069/1055/159 1068/1054/160
f 1070/1056/31 1068/1054/160 1069/1055/159
f 1069/1055/159 1071/1057/158 1070/1056/31
f 1072/1058/157 1070/1056/31 1071/1057/158
f 1071/1057/158 1073/1059/156 1072/1058/157
f 1074/1060/155 1072/1058/157 1073/1059/156
f 1073/1059/156 1075/1061/154 1074/1060/155
f 1076/1062/203 1074/1060/155 1075/1061/154
f 1075/1061/154 1077/1063/204 1076/1062/203
f 1078/1060/205 1076/1062/203 1077/1063/204
f 1077/1063/204 1079/1061/206 1078/1060/205
f 1080/1058/207 1078/1060/205 1079/1061/206
f 1079/1061/206 1081/1059/208 1080/1058/207
f 1082/1056/209 1080/1058/207 1081/1059/208
f 1081/1059/208 1083/1057/44 1082/1056/209
f 1084/1054/210 1082/1056/209 1083/1057/44
f 1083/1057/44 1085/1055/211 1084/1054/210
f 1086/1052/212 1084/1054/210 1085/1055/211
f 1085/1055/211 1087/1053/213 1086/1052/212
f 1088/1050/214 1086/1052/212 1087/1053/213
f 1087/1053/213 1089/1051/215 1088/1050/214
f 1090/1048/216 1088/1050/214 1089/1051/215
f 1089/1051/215 1091/1049/217 1090/1048/216
f 1092/1046/218 1090/1048/216 1091/1049/217
f 1091/1049/217 1093/1047/219 1092/1046/218
f 1094/1044/55 1092/1046/218 1093/1047/219
f 1093/1047/219 1095/1045/220 1094/1044/55
f 1096/1042/221 1094/1044/55 1095/1045/220
f 1095/1045/220 1097/1043/222 1096/1042/221
f 1098/1040/223 1096/1042/221 1097/1043/222
f 1097/1043/222 1099/1041/224 1098/1040/223
f 1100/1037/225 1098/1040/223 1099/1041/224
f 1099/1041/224 1101/1036/225 1100/1037/225
f 1103/1039/226 1102/1038/226 1100/1037/225
f 1100/1037/225 1101/1036/225 1103/1039/226
f 1106/1035/227 1105/1034/227 1104/1033/227
f 1104/1033/227 1107/1032/227 1106/1035/227
f 1108/1064/154 1109/1065/228 1110/1066/228
f 1110/1066/228 1111/1067/155 1108/1064/154
f 1112/1068/156 1108/1064/154 1111/1067/155
f 1111/1067/155 1113/1069/157 1112/1068/156
f 1114/1070/158 1112/1068/156 1113/1069/157
f 1113/1069/157 1115/1071/31 1114/1070/158
f 1116/1072/229 1114/1070/158 1115/1071/31
f 1115/1071/31 1117/1073/230 1116/1072/229
f 1118/1074/161 1116/1072/229 1117/1073/230
f 1117/1073/230 1119/1075/162 1118/1074/161
f 1120/1076/231 1118/1074/161 1119/1075/162
f 1119/1075/162 1121/1077/232 1120/1076/231
f 1122/1078/165 1120/1076/231 1121/1077/232
f 1121/1077/232 1123/1079/166 1122/1078/165
f 1124/1080/233 1122/1078/165 1123/1079/166
f 1123/1079/166 1125/1081/234 1124/1080/233
f 1126/1082/20 1124/1080/233 1125/1081/234
f 1125/1081/234 1127/1083/169 1126/1082/20
f 1128/1084/170 1126/1082/20 1127/1083/169
f 1127/1083/169 1129/1085/171 1128/1084/170
f 1130/1086/172 1128/1084/170 1129/1085/171
f 1129/1085/171 1131/1087/173 1130/1086/172
f 1132/1088/235 1130/1086/172 1131/1087/173
f 1131/1087/173 1133/1089/235 1132/1088/235
f 1136/1090/236 1135/1091/236 1134/1092/236
f 1134/1092/236 1137/1093/236 1136/1090/236
f 1140/1094/237 1139/1095/237 1138/1091/237
f 1138/1091/237 1141/1090/237 1140/1094/237
f 1144/1096/238 1143/1097/239 1142/1098/240
f 1142/1098/240 1145/1099/240 1144/1096/238
f 1147/1100/241 1146/1101/241 1143/1097/239
f 1143/1097/239 1144/1096/238 1147/1100/241
f 1150/1102/242 1149/1103/242 1148/1104/242
f 1148/1104/242 1151/1105/242 1150/1102/242
f 1152/1106/243 1153/1107/244 1154/1108/244
f 1154/1108/244 1155/1109/245 1152/1106/243
f 1156/1110/246 1152/1106/243 1155/1109/245
f 1155/1109/245 1157/1111/247 1156/1110/246
f 1158/1112/248 1156/1110/246 1157/1111/247
f 1157/1111/247 1159/1113/79 1158/1112/248
f 1160/1114/249 1158/1112/248 1159/1113/79
f 1159/1113/79 1161/1115/250 1160/1114/249
f 1162/1116/251 1160/1114/249 1161/1115/250
f 1161/1115/250 1163/1117/252 1162/1116/251
f 1164/1118/253 1162/1116/251 1163/1117/252
f 1163/1117/252 1165/1119/254 1164/1118/253
f 1166/1120/255 1164/1118/253 1165/1119/254
f 1165/1119/254 1167/1121/256 1166/1120/255
f 1168/1122/257 1166/1120/255 1167/1121/256
f 1167/1121/256 1169/1123/258 1168/1122/257
f 1170/1124/68 1168/1122/257 1169/1123/258
f 1169/1123/258 1171/1125/259 1170/1124/68
f 1172/1126/260 1170/1124/68 1171/1125/259
f 1171/1125/259 1173/1127/261 1172/1126/260
f 1174/1128/262 1172/1126/260 1173/1127/261
f 1173/1127/261 1175/1129/263 1174/1128/262
f 1176/1130/264 1174/1128/262 1175/1129/263
f 1175/1129/263 1177/1131/265 1176/1130/264
f 1178/1132/224 1176/1130/264 1177/1131/265
f 1177/1131/265 1179/1133/223 1178/1132/224
f 1180/1134/222 1178/1132/224 1179/1133/223
f 1179/1133/223 1181/1135/221 1180/1134/222
f 1182/1136/220 1180/1134/222 1181/1135/221
f 1181/1135/221 1183/1137/55 1182/1136/220
f 1184/1138/219 1182/1136/220 1183/1137/55
f 1183/1137/55 1185/1139/266 1184/1138/219
f 1186/1140/217 1184/1138/219 1185/1139/266
f 1185/1139/266 1187/1141/216 1186/1140/217
f 1188/1142/267 1186/1140/217 1187/1141/216
f 1187/1141/216 1189/1143/268 1188/1142/267
f 1190/1144/213 1188/1142/267 1189/1143/268
f 1189/1143/268 1191/1145/212 1190/1144/213
f 1192/1146/211 1190/1144/213 1191/1145/212
f 1191/1145/212 1193/1147/210 1192/1146/211
f 1194/1148/44 1192/1146/211 1193/1147/210
f 1193/1147/210 1195/1149/209 1194/1148/44
f 1196/1150/208 1194/1148/44 1195/1149/209
f 1195/1149/209 1197/1151/207 1196/1150/208
f 1198/1152/206 1196/1150/208 1197/1151/207
f 1197/1151/207 1199/1153/205 1198/1152/206
f 1200/1154/269 1198/1152/206 1199/1153/205
f 1199/1153/205 1201/1155/269 1200/1154/269
f 1204/1156/270 1203/1157/270 1202/1158/270
f 1202/1158/270 1205/1159/270 1204/1156/270
f 1208/1160/271 1207/1161/271 1206/1162/271
f 1206/1162/271 1209/1163/271 1208/1160/271
f 1212/1164/272 1211/1165/272 1210/1166/272
f 1210/1166/272 1213/1167/272 1212/1164/272
f 1216/1168/237 1215/1169/237 1214/1170/237
f 1214/1170/237 1217/1171/237 1216/1168/237
f 1220/1172/273 1219/1173/274 1218/1174/275
f 1218/1174/275 1221/1175/275 1220/1172/273
f 1223/1176/276 1222/1177/276 1219/1173/274
f 1219/1173/274 1220/1172/273 1223/1176/276
f 1226/1178/277 1225/1179/277 1224/1177/277
f 1224/1177/277 1227/1176/277 1226/1178/277
f 1230/1180/278 1229/1181/278 1228/1182/263
f 1228/1182/263 1231/1183/262 1230/1180/278
f 1231/1183/262 1228/1182/263 1232/1184/261
f 1232/1184/261 1233/1185/260 1231/1183/262
f 1233/1185/260 1232/1184/261 1234/1186/259
f 1234/1186/259 1235/1187/68 1233/1185/260
f 1235/1187/68 1234/1186/259 1236/1188/258
f 1236/1188/258 1237/1189/257 1235/1187/68
f 1237/1189/257 1236/1188/258 1238/1190/256
f 1238/1190/256 1239/1191/255 1237/1189/257
f 1239/1191/255 1238/1190/256 1240/1192/254
f 1240/1192/254 1241/1193/253 1239/1191/255
f 1241/1193/253 1240/1192/254 1242/1194/252
f 1242/1194/252 1243/1195/251 1241/1193/253
f 1243/1195/251 1242/1194/252 1244/1196/250
f 1244/1196/250 1245/1197/249 1243/1195/251
f 1245/1197/249 1244/1196/250 1246/1198/79
f 1246/1198/79 1247/1199/248 1245/1197/249
f 1247/1199/248 1246/1198/79 1248/1200/247
f 1248/1200/247 1249/1201/246 1247/1199/248
f 1249/1201/246 1248/1200/247 1250/1202/245
f 1250/1202/245 1251/1203/243 1249/1201/246
f 1251/1203/243 1250/1202/245 1252/1204/279
f 1252/1204/279 1253/1205/280 1251/1203/243
f 1253/1205/280 1252/1204/279 1254/1202/195
f 1254/1202/195 1255/1203/194 1253/1205/280
f 1255/1203/194 1254/1202/195 1256/1200/193
f 1256/1200/193 1257/1201/192 1255/1203/194
f 1257/1201/192 1256/1200/193 1258/1198/191
f 1258/1198/191 1259/1199/92 1257/1201/192
f 1259/1199/92 1258/1198/191 1260/1196/281
f 1260/1196/281 1261/1197/189 1259/1199/92
f 1261/1197/189 1260/1196/281 1262/1194/188
f 1262/1194/188 1263/1195/187 1261/1197/189
f 1263/1195/187 1262/1194/188 1264/1206/282
f 1264/1206/282 1265/1207/185 1263/1195/187
f 1265/1207/185 1264/1206/282 1266/1190/184
f 1266/1190/184 1267/1191/183 1265/1207/185
f 1267/1191/183 1266/1190/184 1268/1188/283
f 1268/1188/283 1269/1189/284 1267/1191/183
f 1269/1189/284 1268/1188/283 1270/1186/7
f 1270/1186/7 1271/1187/180 1269/1189/284
f 1271/1187/180 1270/1186/7 1272/1184/179
f 1272/1184/179 1273/1185/178 1271/1187/180
f 1273/1185/178 1272/1184/179 1274/1182/177
f 1274/1182/177 1275/1183/176 1273/1185/178
f 1275/1183/176 1274/1182/177 1276/1181/285
f 1276/1181/285 1277/1180/285 1275/1183/176
f 1280/1176/286 1279/1177/286 1278/1179/286
f 1278/1179/286 1281/1178/286 1280/1176/286
f 1284/1172/287 1283/1173/287 1282/1177/287
f 1282/1177/287 1285/1176/287 1284/1172/287
f 1288/1208/141 1287/1209/141 1286/1210/96
f 1286/1210/96 1289/1211/95 1288/1208/141
f 1289/1211/95 1286/1210/96 1290/1212/94
f 1290/1212/94 1291/1213/93 1289/1211/95
f 1291/1213/93 1290/1212/94 1292/1214/92
f 1292/1214/92 1293/1215/91 1291/1213/93
f 1293/1215/91 1292/1214/92 1294/1216/90
f 1294/1216/90 1295/1217/89 1293/1215/91
f 1295/1217/89 1294/1216/90 1296/1218/88
f 1296/1218/88 1297/1219/87 1295/1217/89
f 1297/1219/87 1296/1218/88 1298/1220/86
f 1298/1220/86 1299/1221/85 1297/1219/87
f 1299/1221/85 1298/1220/86 1300/1218/112
f 1300/1218/112 1301/1219/83 1299/1221/85
f 1301/1219/83 1300/1218/112 1302/1216/82
f 1302/1216/82 1303/1217/81 1301/1219/83
f 1303/1217/81 1302/1216/82 1304/1214/80
f 1304/1214/80 1305/1215/79 1303/1217/81
f 1305/1215/79 1304/1214/80 1306/1212/78
f 1306/1212/78 1307/1213/77 1305/1215/79
f 1307/1213/77 1306/1212/78 1308/1210/76
f 1308/1210/76 1309/1211/75 1307/1213/77
f 1309/1211/75 1308/1210/76 1310/1209/74
f 1310/1209/74 1311/414/73 1309/1211/75
f 1311/414/73 1310/1209/74 1312/1222/72
f 1312/1222/72 1313/1223/71 1311/414/73
f 1313/1223/71 1312/1222/72 1314/1224/70
f 1314/1224/70 1315/1225/69 1313/1223/71
f 1315/1225/69 1314/1224/70 1316/1226/68
f 1316/1226/68 1317/1227/67 1315/1225/69
f 1317/1227/67 1316/1226/68 1318/1228/66
f 1318/1228/66 1319/1229/65 1317/1227/67
f 1319/1229/65 1318/1228/66 1320/1230/64
f 1320/1230/64 1321/1231/63 1319/1229/65
f 1321/1231/63 1320/1230/64 1322/1232/62
f 1322/1232/62 1323/1233/61 1321/1231/63
f 1323/1233/61 1322/1232/62 1324/1234/102
f 1324/1234/102 1325/1235/59 1323/1233/61
f 1325/1235/59 1324/1234/102 1326/1236/58
f 1326/1236/58 1327/1237/57 1325/1235/59
f 1327/1237/57 1326/1236/58 1328/1238/56
f 1328/1238/56 1329/1239/55 1327/1237/57
f 1329/1239/55 1328/1238/56 1330/1240/54
f 1330/1240/54 1331/1241/53 1329/1239/55
f 1331/1241/53 1330/1240/54 1332/1242/52
f 1332/1242/52 1333/1243/51 1331/1241/53
f 1333/1243/51 1332/1242/52 1334/1244/148
f 1334/1244/148 1335/1245/148 1333/1243/51
f 1338/414/149 1337/512/149 1336/1246/149
f 1336/1246/149 1339/1247/149 1338/414/149
f 1342/535/149 1341/459/149 1340/1248/149
f 1340/1248/149 1343/1249/149 1342/535/149
f 1044/1029/149 1336/1246/149 1337/512/149
f 1337/512/149 1043/1030/149 1044/1029/149
f 1343/1249/149 927/916/149 928/915/149
f 928/915/149 1342/535/149 1343/1249/149
f 1346/1250/141 1345/1251/141 1344/1252/117
f 1344/1252/117 1347/1253/116 1346/1250/141
f 1347/1253/116 1344/1252/117 1348/1254/288
f 1348/1254/288 1349/1255/93 1347/1253/116
f 1349/1255/93 1348/1254/288 1350/1256/92
f 1350/1256/92 1351/1257/142 1349/1255/93
f 1351/1257/142 1350/1256/92 1352/1258/90
f 1352/1258/90 1353/1259/115 1351/1257/142
f 1353/1259/115 1352/1258/90 1354/1260/88
f 1354/1260/88 1355/1261/114 1353/1259/115
f 1355/1261/114 1354/1260/88 1356/1262/86
f 1356/1262/86 1357/1263/143 1355/1261/114
f 1357/1263/143 1356/1262/86 1358/1260/112
f 1358/1260/112 1359/1261/83 1357/1263/143
f 1359/1261/83 1358/1260/112 1360/1258/82
f 1360/1258/82 1361/1259/81 1359/1261/83
f 1361/1259/81 1360/1258/82 1362/1256/289
f 1362/1256/289 1363/1257/79 1361/1259/81
f 1363/1257/79 1362/1256/289 1364/1254/78
f 1364/1254/78 1365/1255/290 1363/1257/79
f 1365/1255/290 1364/1254/78 1366/1252/110
f 1366/1252/110 1367/1253/109 1365/1255/290
f 1367/1253/109 1366/1252/110 1368/1251/108
f 1368/1251/108 1369/1246/73 1367/1253/109
f 1369/1246/73 1368/1251/108 1370/1264/107
f 1370/1264/107 1371/1265/145 1369/1246/73
f 1371/1265/145 1370/1264/107 1372/1266/291
f 1372/1266/291 1373/1267/292 1371/1265/145
f 1373/1267/292 1372/1266/291 1374/1268/68
f 1374/1268/68 1375/1269/146 1373/1267/292
f 1375/1269/146 1374/1268/68 1376/1270/66
f 1376/1270/66 1377/1271/106 1375/1269/146
f 1377/1271/106 1376/1270/66 1378/1272/64
f 1378/1272/64 1379/1273/105 1377/1271/106
f 1379/1273/105 1378/1272/64 1380/1274/62
f 1380/1274/62 1381/1275/103 1379/1273/105
f 1381/1275/103 1380/1274/62 1382/1276/102
f 1382/1276/102 1383/1277/59 1381/1275/103
f 1383/1277/59 1382/1276/102 1384/1278/58
f 1384/1278/58 1385/1279/57 1383/1277/59
f 1385/1279/57 1384/1278/58 1386/1280/147
f 1386/1280/147 1387/1281/55 1385/1279/57
f 1387/1281/55 1386/1280/147 1388/1282/54
f 1388/1282/54 1389/1283/293 1387/1281/55
f 1389/1283/293 1388/1282/54 1390/1284/100
f 1390/1284/100 1391/1285/51 1389/1283/293
f 1391/1285/51 1390/1284/100 1392/1286/148
f 1392/1286/148 1393/1287/148 1391/1285/51
f 1394/1288/294 1395/1289/295 1396/1290/295
f 1396/1290/295 1397/1291/47 1394/1288/294
f 1398/1292/296 1394/1288/294 1397/1291/47
f 1397/1291/47 1399/1293/45 1398/1292/296
f 1400/1294/297 1398/1292/296 1399/1293/45
f 1399/1293/45 1401/1295/43 1400/1294/297
f 1402/1296/42 1400/1294/297 1401/1295/43
f 1401/1295/43 1403/1297/136 1402/1296/42
f 1404/1298/40 1402/1296/42 1403/1297/136
f 1403/1297/136 1405/1299/135 1404/1298/40
f 1406/1300/38 1404/1298/40 1405/1299/135
f 1405/1299/135 1407/1301/37 1406/1300/38
f 1408/1298/133 1406/1300/38 1407/1301/37
f 1407/1301/37 1409/1299/35 1408/1298/133
f 1410/1296/132 1408/1298/133 1409/1299/35
f 1409/1299/35 1411/1297/33 1410/1296/132
f 1412/1294/32 1410/1296/132 1411/1297/33
f 1411/1297/33 1413/1295/31 1412/1294/32
f 1414/1292/30 1412/1294/32 1413/1295/31
f 1413/1295/31 1415/1293/29 1414/1292/30
f 1416/1288/28 1414/1292/30 1415/1293/29
f 1415/1293/29 1417/1291/27 1416/1288/28
f 1418/1289/129 1416/1288/28 1417/1291/27
f 1417/1291/27 1419/1290/128 1418/1289/129
f 1420/1302/24 1418/1289/129 1419/1290/128
f 1419/1290/128 1421/1303/23 1420/1302/24
f 1422/1304/22 1420/1302/24 1421/1303/23
f 1421/1303/23 1423/1305/21 1422/1304/22
f 1424/1306/20 1422/1304/22 1423/1305/21
f 1423/1305/21 1425/1307/298 1424/1306/20
f 1426/1308/18 1424/1306/20 1425/1307/298
f 1425/1307/298 1427/1309/299 1426/1308/18
f 1428/1310/16 1426/1308/18 1427/1309/299
f 1427/1309/299 1429/1311/125 1428/1310/16
f 1430/1312/14 1428/1310/16 1429/1311/125
f 1429/1311/125 1431/1313/13 1430/1312/14
f 1432/1314/12 1430/1312/14 1431/1313/13
f 1431/1313/13 1433/1315/11 1432/1314/12
f 1434/1316/300 1432/1314/12 1433/1315/11
f 1433/1315/11 1435/1317/9 1434/1316/300
f 1436/1318/8 1434/1316/300 1435/1317/9
f 1435/1317/9 1437/1319/7 1436/1318/8
f 1438/1320/6 1436/1318/8 1437/1319/7
f 1437/1319/7 1439/1321/5 1438/1320/6
f 1440/1322/4 1438/1320/6 1439/1321/5
f 1439/1321/5 1441/1323/3 1440/1322/4
f 1442/1324/301 1440/1322/4 1441/1323/3
f 1441/1323/3 1443/535/301 1442/1324/301
f 1444/1325/302 1445/1326/302 1446/1327/303
f 1446/1327/303 1447/1328/304 1444/1325/302
f 1447/1328/304 1446/1327/303 1448/1329/161
f 1448/1329/161 1449/1330/305 1447/1328/304
f 1449/1330/305 1448/1329/161 1450/1331/26
f 1450/1331/26 1451/1332/128 1449/1330/305
f 1451/1332/128 1450/1331/26 1452/1333/306
f 1452/1333/306 1453/1334/307 1451/1332/128
f 1453/1334/307 1452/1333/306 1454/1335/308
f 1454/1335/308 1455/1336/309 1453/1334/307
f 1455/1336/309 1454/1335/308 1456/1337/310
f 1456/1337/310 1457/1338/310 1455/1336/309
f 1458/1339/48 1459/1340/295 1395/1289/295
f 1395/1289/295 1394/1288/294 1458/1339/48
f 1460/1341/46 1458/1339/48 1394/1288/294
f 1394/1288/294 1398/1292/296 1460/1341/46
f 1461/1342/311 1460/1341/46 1398/1292/296
f 1398/1292/296 1400/1294/297 1461/1342/311
f 1462/1343/312 1463/1344/313 1464/1345/313
f 1464/1345/313 1465/1346/314 1462/1343/312
f 1466/1347/183 1462/1343/312 1465/1346/314
f 1465/1346/314 1467/1348/315 1466/1347/183
f 1468/1349/301 1466/1347/183 1467/1348/315
f 1467/1348/315 1469/1350/301 1468/1349/301
f 1472/1351/316 1471/1352/317 1470/1353/317
f 1470/1353/317 1473/1354/318 1472/1351/316
f 1474/1355/251 1472/1351/316 1473/1354/318
f 1473/1354/318 1475/1356/319 1474/1355/251
f 1476/1357/74 1474/1355/251 1475/1356/319
f 1475/1356/319 1477/1358/144 1476/1357/74
f 1478/1359/320 1476/1357/74 1477/1358/144
f 1477/1358/144 1479/1360/321 1478/1359/320
f 1480/1361/291 1478/1359/320 1479/1360/321
f 1479/1360/321 1481/1362/322 1480/1361/291
f 1482/1363/323 1480/1361/291 1481/1362/322
f 1481/1362/322 1483/1364/323 1482/1363/323
f 1485/1365/139 1484/1366/139 337/338/139
f 337/338/139 1486/1367/139 1485/1365/139
f 1488/1368/139 1487/1369/139 1484/1366/139
f 1484/1366/139 1485/1365/139 1488/1368/139
f 1490/1104/139 1489/1370/139 1487/1369/139
f 1487/1369/139 1488/1368/139 1490/1104/139
f 1492/1103/139 1491/1371/139 1489/1370/139
f 1489/1370/139 1490/1104/139 1492/1103/139
f 1495/1157/139 1494/1372/139 1493/1373/139
f 1493/1373/139 1496/1158/139 1495/1157/139
f 1498/1374/139 1497/1375/139 1494/1372/139
f 1494/1372/139 1495/1157/139 1498/1374/139
f 1500/1376/139 1499/1377/139 1497/1375/139
f 1497/1375/139 1498/1374/139 1500/1376/139
f 1503/1378/139 1502/1379/139 1501/1380/139
f 1501/1380/139 289/291/139 1503/1378/139
f 1505/1381/139 1504/1382/139 1502/1379/139
f 1502/1379/139 1503/1378/139 1505/1381/139
f 1507/1383/139 1506/1384/139 1504/1382/139
f 1504/1382/139 1505/1381/139 1507/1383/139
f 1509/1385/139 1508/1386/139 1506/1384/139
f 1506/1384/139 1507/1383/139 1509/1385/139
f 1512/1387/139 1511/1388/139 1510/1389/139
f 1510/1389/139 1513/1390/139 1512/1387/139
f 1515/1391/139 1514/1392/139 1511/1388/139
f 1511/1388/139 1512/1387/139 1515/1391/139
f 1499/1377/139 1500/1376/139 1514/1392/139
f 1514/1392/139 1515/1391/139 1499/1377/139
f 1516/1393/3 1517/1394/118 1518/1395/119
f 1518/1395/119 1519/1396/121 1516/1393/3
f 1520/1397/5 1516/1393/3 1519/1396/121
f 1519/1396/121 1521/1398/6 1520/1397/5
f 1522/1399/7 1520/1397/5 1521/1398/6
f 1521/1398/6 1523/1400/8 1522/1399/7
f 1524/1401/9 1522/1399/7 1523/1400/8
f 1523/1400/8 1525/1402/300 1524/1401/9
f 1526/1403/11 1524/1401/9 1525/1402/300
f 1525/1402/300 1527/1404/12 1526/1403/11
f 1528/1405/123 1526/1403/11 1527/1404/12
f 1527/1404/12 1529/1406/124 1528/1405/123
f 1530/1407/125 1528/1405/123 1529/1406/124
f 1529/1406/124 1531/1408/16 1530/1407/125
f 1532/1409/17 1530/1407/125 1531/1408/16
f 1531/1408/16 1533/1410/18 1532/1409/17
f 1534/1411/19 1532/1409/17 1533/1410/18
f 1533/1410/18 1535/1412/20 1534/1411/19
f 1536/1413/21 1534/1411/19 1535/1412/20
f 1535/1412/20 1537/1414/22 1536/1413/21
f 1538/1415/324 1536/1413/21 1537/1414/22
f 1537/1414/22 1539/1416/24 1538/1415/324
f 1540/1417/128 1538/1415/324 1539/1416/24
f 1539/1416/24 1541/1418/129 1540/1417/128
f 1542/1419/27 1540/1417/128 1541/1418/129
f 1541/1418/129 1543/1420/131 1542/1419/27
f 1544/1421/29 1542/1419/27 1543/1420/131
f 1543/1420/131 1545/1422/30 1544/1421/29
f 1546/1423/31 1544/1421/29 1545/1422/30
f 1545/1422/30 1547/1424/32 1546/1423/31
f 1548/1425/33 1546/1423/31 1547/1424/32
f 1547/1424/32 1549/1426/34 1548/1425/33
f 1550/1427/35 1548/1425/33 1549/1426/34
f 1549/1426/34 1551/1428/133 1550/1427/35
f 1552/1429/325 1550/1427/35 1551/1428/133
f 1551/1428/133 1553/1430/134 1552/1429/325
f 1554/1431/135 1552/1429/325 1553/1430/134
f 1553/1430/134 1555/1432/40 1554/1431/135
f 1556/1433/41 1554/1431/135 1555/1432/40
f 1555/1432/40 1557/1434/42 1556/1433/41
f 1558/1435/43 1556/1433/41 1557/1434/42
f 1557/1434/42 1559/1436/44 1558/1435/43
f 1560/1437/45 1558/1435/43 1559/1436/44
f 1559/1436/44 1561/1438/46 1560/1437/45
f 1562/1439/137 1560/1437/45 1561/1438/46
f 1561/1438/46 1563/1440/48 1562/1439/137
f 1564/1441/98 1562/1439/137 1563/1440/48
f 1563/1440/48 1565/1442/99 1564/1441/98
f 1566/1443/51 1564/1441/98 1565/1442/99
f 1565/1442/99 1567/1444/100 1566/1443/51
f 1568/1445/53 1566/1443/51 1567/1444/100
f 1567/1444/100 1569/1446/54 1568/1445/53
f 1570/1447/55 1568/1445/53 1569/1446/54
f 1569/1446/54 1571/1448/56 1570/1447/55
f 1572/1449/57 1570/1447/55 1571/1448/56
f 1571/1448/56 1573/1450/58 1572/1449/57
f 1574/1451/59 1572/1449/57 1573/1450/58
f 1573/1450/58 1575/1452/102 1574/1451/59
f 1576/1453/103 1574/1451/59 1575/1452/102
f 1575/1452/102 1577/1454/104 1576/1453/103
f 1578/1455/105 1576/1453/103 1577/1454/104
f 1577/1454/104 1579/1456/64 1578/1455/105
f 1580/1457/65 1578/1455/105 1579/1456/64
f 1579/1456/64 1581/1458/66 1580/1457/65
f 1582/1459/67 1580/1457/65 1581/1458/66
f 1581/1458/66 1583/1460/68 1582/1459/67
f 1584/1461/69 1582/1459/67 1583/1460/68
f 1583/1460/68 1585/1462/70 1584/1461/69
f 1586/1463/145 1584/1461/69 1585/1462/70
f 1585/1462/70 1587/1464/72 1586/1463/145
f 1588/1465/144 1586/1463/145 1587/1464/72
f 1587/1464/72 1589/1466/108 1588/1465/144
f 1590/1467/75 1588/1465/144 1589/1466/108
f 1589/1466/108 1591/1468/110 1590/1467/75
f 1592/1469/77 1590/1467/75 1591/1468/110
f 1591/1468/110 1593/1470/78 1592/1469/77
f 1594/1471/79 1592/1469/77 1593/1470/78
f 1593/1470/78 1595/1472/80 1594/1471/79
f 1596/1473/81 1594/1471/79 1595/1472/80
f 1595/1472/80 1597/1474/82 1596/1473/81
f 1598/1475/83 1596/1473/81 1597/1474/82
f 1597/1474/82 1599/1476/112 1598/1475/83
f 1600/1477/143 1598/1475/83 1599/1476/112
f 1599/1476/112 1601/1478/113 1600/1477/143
f 1602/1479/114 1600/1477/143 1601/1478/113
f 1601/1478/113 1603/1480/88 1602/1479/114
f 1604/1481/89 1602/1479/114 1603/1480/88
f 1603/1480/88 1605/1482/90 1604/1481/89
f 1606/1483/91 1604/1481/89 1605/1482/90
f 1605/1482/90 1607/1484/92 1606/1483/91
f 1608/1485/93 1606/1483/91 1607/1484/92
f 1607/1484/92 1609/1486/94 1608/1485/93
f 1610/1487/116 1608/1485/93 1609/1486/94
f 1609/1486/94 1611/1488/96 1610/1487/116
f 1517/1394/118 1610/1487/116 1611/1488/96
f 1611/1488/96 1518/1395/119 1517/1394/118
f 1614/1489/50 1613/1490/49 1612/1491/97
f 1612/1491/97 1615/1492/100 1614/1489/50
f 1615/1492/100 1612/1491/97 1616/1493/293
f 1616/1493/293 1617/1494/54 1615/1492/100
f 1617/1494/54 1616/1493/293 1618/1495/55
f 1618/1495/55 1619/1496/56 1617/1494/54
f 1619/1496/56 1618/1495/55 1620/1497/57
f 1620/1497/57 1621/1498/58 1619/1496/56
f 1621/1498/58 1620/1497/57 1622/1499/59
f 1622/1499/59 1623/1500/60 1621/1498/58
f 1623/1500/60 1622/1499/59 1624/1501/103
f 1624/1501/103 1625/1502/104 1623/1500/60
f 1625/1502/104 1624/1501/103 1626/1503/105
f 1626/1503/105 1627/1504/64 1625/1502/104
f 1627/1504/64 1626/1503/105 1628/1505/65
f 1628/1505/65 1629/1506/66 1627/1504/64
f 1629/1506/66 1628/1505/65 1630/1507/67
f 1630/1507/67 1631/1508/68 1629/1506/66
f 1631/1508/68 1630/1507/67 1632/1509/69
f 1632/1509/69 1633/1510/291 1631/1508/68
f 1633/1510/291 1632/1509/69 1634/1511/145
f 1634/1511/145 1635/1512/107 1633/1510/291
f 1635/1512/107 1634/1511/145 1636/1513/73
f 1636/1513/73 1637/1514/74 1635/1512/107
f 1637/1514/74 1636/1513/73 1638/1515/109
f 1638/1515/109 1639/1516/110 1637/1514/74
f 1639/1516/110 1638/1515/109 1640/1517/290
f 1640/1517/290 1641/1518/326 1639/1516/110
f 1641/1518/326 1640/1517/290 1642/1519/79
f 1642/1519/79 1643/1520/80 1641/1518/326
f 1643/1520/80 1642/1519/79 1644/1521/81
f 1644/1521/81 1645/1522/82 1643/1520/80
f 1645/1522/82 1644/1521/81 1646/1523/83
f 1646/1523/83 1647/1524/84 1645/1522/82
f 1647/1524/84 1646/1523/83 1648/1525/143
f 1648/1525/143 1649/1526/113 1647/1524/84
f 1649/1526/113 1648/1525/143 1650/1527/87
f 1650/1527/87 1651/1528/88 1649/1526/113
f 1651/1528/88 1650/1527/87 1652/1529/89
f 1652/1529/89 1653/1530/90 1651/1528/88
f 1653/1530/90 1652/1529/89 1654/1531/91
f 1654/1531/91 1655/1532/92 1653/1530/90
f 1655/1532/92 1654/1531/91 1656/1533/327
f 1656/1533/327 1657/1534/288 1655/1532/92
f 1657/1534/288 1656/1533/327 1658/1535/116
f 1658/1535/116 1659/1536/117 1657/1534/288
f 1659/1536/117 1658/1535/116 1660/1537/2
f 1660/1537/2 1661/1538/1 1659/1536/117
f 1661/1538/1 1660/1537/2 1662/1539/3
f 1662/1539/3 1663/1540/121 1661/1538/1
f 1663/1540/121 1662/1539/3 1664/1541/328
f 1664/1541/328 1665/1542/329 1663/1540/121
f 1665/1542/329 1664/1541/328 1666/1543/7
f 1666/1543/7 1667/1544/8 1665/1542/329
f 1667/1544/8 1666/1543/7 1668/1545/9
f 1668/1545/9 1669/1546/300 1667/1544/8
f 1669/1546/300 1668/1545/9 1670/1547/11
f 1670/1547/11 1671/1548/330 1669/1546/300
f 1671/1548/330 1670/1547/11 1672/1549/123
f 1672/1549/123 1673/1550/124 1671/1548/330
f 1673/1550/124 1672/1549/123 1674/1551/125
f 1674/1551/125 1675/1552/16 1673/1550/124
f 1675/1552/16 1674/1551/125 1676/1553/17
f 1676/1553/17 1677/1554/18 1675/1552/16
f 1677/1554/18 1676/1553/17 1678/1555/19
f 1678/1555/19 1679/1556/20 1677/1554/18
f 1679/1556/20 1678/1555/19 1680/1557/331
f 1680/1557/331 1681/1558/308 1679/1556/20
f 1681/1558/308 1680/1557/331 1682/1559/324
f 1682/1559/324 1683/1560/127 1681/1558/308
f 1683/1560/127 1682/1559/324 1684/1561/25
f 1684/1561/25 1685/1562/26 1683/1560/127
f 1685/1562/26 1684/1561/25 1686/1563/130
f 1686/1563/130 1687/1564/131 1685/1562/26
f 1687/1564/131 1686/1563/130 1688/1565/332
f 1688/1565/332 1689/1566/333 1687/1564/131
f 1689/1566/333 1688/1565/332 1690/1567/31
f 1690/1567/31 1691/1568/32 1689/1566/333
f 1691/1568/32 1690/1567/31 1692/1569/33
f 1692/1569/33 1693/1570/34 1691/1568/32
f 1693/1570/34 1692/1569/33 1694/1571/35
f 1694/1571/35 1695/1572/36 1693/1570/34
f 1695/1572/36 1694/1571/35 1696/1573/325
f 1696/1573/325 1697/1574/134 1695/1572/36
f 1697/1574/134 1696/1573/325 1698/1575/39
f 1698/1575/39 1699/1576/40 1697/1574/134
f 1699/1576/40 1698/1575/39 1700/1577/41
f 1700/1577/41 1701/1578/42 1699/1576/40
f 1701/1578/42 1700/1577/41 1702/1579/43
f 1702/1579/43 1703/1580/44 1701/1578/42
f 1703/1580/44 1702/1579/43 1704/1581/334
f 1704/1581/334 1705/1582/335 1703/1580/44
f 1705/1582/335 1704/1581/334 1706/1583/137
f 1706/1583/137 1707/1584/138 1705/1582/335
f 1707/1584/138 1706/1583/137 1613/1490/49
f 1613/1490/49 1614/1489/50 1707/1584/138
f 1710/1585/140 1709/1586/140 1708/1587/140
f 1708/1587/140 1711/1588/140 1710/1585/140
f 1713/1589/140 1712/1590/140 1709/1586/140
f 1709/1586/140 1710/1585/140 1713/1589/140
f 1715/1591/140 1714/1592/140 1712/1590/140
f 1712/1590/140 1713/1589/140 1715/1591/140
f 1717/1593/140 1716/1594/140 1714/1592/140
f 1714/1592/140 1715/1591/140 1717/1593/140
f 1719/1595/140 1718/1596/140 1716/1594/140
f 1716/1594/140 1717/1593/140 1719/1595/140
f 1721/1597/140 1720/1598/140 1718/1596/140
f 1718/1596/140 1719/1595/140 1721/1597/140
f 1723/1599/140 1722/1600/140 1720/1598/140
f 1720/1598/140 1721/1597/140 1723/1599/140
f 1725/1601/140 1724/1602/140 1722/1600/140
f 1722/1600/140 1723/1599/140 1725/1601/140
f 1727/1603/140 1726/1604/140 1724/1602/140
f 1724/1602/140 1725/1601/140 1727/1603/140
f 1729/1605/140 1728/1606/140 1726/1604/140
f 1726/1604/140 1727/1603/140 1729/1605/140
f 1731/1607/140 1730/1608/140 1728/1606/140
f 1728/1606/140 1729/1605/140 1731/1607/140
f 1733/1609/140 1732/1610/140 1730/1608/140
f 1730/1608/140 1731/1607/140 1733/1609/140
f 1735/1611/140 1734/1612/140 1732/1610/140
f 1732/1610/140 1733/1609/140 1735/1611/140
f 1737/1613/140 1736/1614/140 1734/1612/140
f 1734/1612/140 1735/1611/140 1737/1613/140
f 1739/1615/140 1738/1616/140 1736/1614/140
f 1736/1614/140 1737/1613/140 1739/1615/140
f 1741/1617/140 1740/1618/140 1738/1616/140
f 1738/1616/140 1739/1615/140 1741/1617/140
f 1743/1619/140 1742/1620/140 1740/1618/140
f 1740/1618/140 1741/1617/140 1743/1619/140
f 1745/1621/140 1744/1622/140 1742/1620/140
f 1742/1620/140 1743/1619/140 1745/1621/140
f 1747/1623/140 1746/1624/140 1744/1622/140
f 1744/1622/140 1745/1621/140 1747/1623/140
f 1749/1625/140 1748/1626/140 1746/1624/140
f 1746/1624/140 1747/1623/140 1749/1625/140
f 1751/1627/140 1750/1628/140 1748/1626/140
f 1748/1626/140 1749/1625/140 1751/1627/140
f 1753/1629/140 1752/1630/140 1750/1628/140
f 1750/1628/140 1751/1627/140 1753/1629/140
f 1755/1631/140 1754/1632/140 1752/1630/140
f 1752/1630/140 1753/1629/140 1755/1631/140
f 1757/1633/140 1756/1634/140 1754/1632/140
f 1754/1632/140 1755/1631/140 1757/1633/140
f 1759/1635/140 1758/1636/140 1756/1634/140
f 1756/1634/140 1757/1633/140 1759/1635/140
f 1761/1637/140 1760/1638/140 1758/1636/140
f 1758/1636/140 1759/1635/140 1761/1637/140
f 1763/1639/140 1762/1640/140 1760/1638/140
f 1760/1638/140 1761/1637/140 1763/1639/140
f 1765/1641/140 1764/1642/140 1762/1640/140
f 1762/1640/140 1763/1639/140 1765/1641/140
f 1767/1643/140 1766/1644/140 1764/1642/140
f 1764/1642/140 1765/1641/140 1767/1643/140
f 1769/1645/140 1768/1646/140 1766/1644/140
f 1766/1644/140 1767/1643/140 1769/1645/140
f 1771/1647/140 1770/1648/140 1768/1646/140
f 1768/1646/140 1769/1645/140 1771/1647/140
f 1773/1649/140 1772/1650/140 1770/1648/140
f 1770/1648/140 1771/1647/140 1773/1649/140
f 1775/1651/140 1774/1652/140 1772/1650/140
f 1772/1650/140 1773/1649/140 1775/1651/140
f 1777/1653/140 1776/1654/140 1774/1652/140
f 1774/1652/140 1775/1651/140 1777/1653/140
f 1779/1655/140 1778/1656/140 1776/1654/140
f 1776/1654/140 1777/1653/140 1779/1655/140
f 1781/1657/140 1780/1658/140 1778/1656/140
f 1778/1656/140 1779/1655/140 1781/1657/140
f 1783/1659/140 1782/1660/140 1780/1658/140
f 1780/1658/140 1781/1657/140 1783/1659/140
f 1785/1661/140 1784/1662/140 1782/1660/140
f 1782/1660/140 1783/1659/140 1785/1661/140
f 1787/1663/140 1786/1664/140 1784/1662/140
f 1784/1662/140 1785/1661/140 1787/1663/140
f 1789/1665/140 1788/1666/140 1786/1664/140
f 1786/1664/140 1787/1663/140 1789/1665/140
f 1791/1667/140 1790/1668/140 1788/1666/140
f 1788/1666/140 1789/1665/140 1791/1667/140
f 1793/1669/140 1792/1670/140 1790/1668/140
f 1790/1668/140 1791/1667/140 1793/1669/140
f 1795/1671/140 1794/1672/140 1792/1670/140
f 1792/1670/140 1793/1669/140 1795/1671/140
f 1797/1673/140 1796/1674/140 1794/1672/140
f 1794/1672/140 1795/1671/140 1797/1673/140
f 1799/1675/140 1798/1676/140 1796/1674/140
f 1796/1674/140 1797/1673/140 1799/1675/140
f 1801/1677/140 1800/1678/140 1798/1676/140
f 1798/1676/140 1799/1675/140 1801/1677/140
f 1803/1679/140 1802/1680/140 1800/1678/140
f 1800/1678/140 1801/1677/140 1803/1679/140
f 1711/1588/140 1708/1587/140 1802/1680/140
f 1802/1680/140 1803/1679/140 1711/1588/140
f 1804/1681/3 1805/1682/118 1806/1683/119
f 1806/1683/119 1807/1684/121 1804/1681/3
f 1808/1685/5 1804/1681/3 1807/1684/121
f 1807/1684/121 1809/1686/6 1808/1685/5
f 1810/1687/7 1808/1685/5 1809/1686/6
f 1809/1686/6 1811/1688/8 1810/1687/7
f 1812/1689/9 1810/1687/7 1811/1688/8
f 1811/1688/8 1813/1690/300 1812/1689/9
f 1814/1691/11 1812/1689/9 1813/1690/300
f 1813/1690/300 1815/1692/12 1814/1691/11
f 1816/1693/123 1814/1691/11 1815/1692/12
f 1815/1692/12 1817/1694/124 1816/1693/123
f 1818/1695/125 1816/1693/123 1817/1694/124
f 1817/1694/124 1819/1696/16 1818/1695/125
f 1820/1697/17 1818/1695/125 1819/1696/16
f 1819/1696/16 1821/1698/18 1820/1697/17
f 1822/1699/19 1820/1697/17 1821/1698/18
f 1821/1698/18 1823/1700/20 1822/1699/19
f 1824/1701/21 1822/1699/19 1823/1700/20
f 1823/1700/20 1825/1702/22 1824/1701/21
f 1826/1703/324 1824/1701/21 1825/1702/22
f 1825/1702/22 1827/1704/24 1826/1703/324
f 1828/1705/128 1826/1703/324 1827/1704/24
f 1827/1704/24 1829/1706/129 1828/1705/128
f 1830/1707/27 1828/1705/128 1829/1706/129
f 1829/1706/129 1831/1708/131 1830/1707/27
f 1832/1709/29 1830/1707/27 1831/1708/131
f 1831/1708/131 1833/1710/30 1832/1709/29
f 1834/1711/31 1832/1709/29 1833/1710/30
f 1833/1710/30 1835/1712/32 1834/1711/31
f 1836/1713/33 1834/1711/31 1835/1712/32
f 1835/1712/32 1837/1714/34 1836/1713/33
f 1838/1715/35 1836/1713/33 1837/1714/34
f 1837/1714/34 1839/1716/133 1838/1715/35
f 1840/1717/325 1838/1715/35 1839/1716/133
f 1839/1716/133 1841/1718/134 1840/1717/325
f 1842/1715/135 1840/1717/325 1841/1718/134
f 1841/1718/134 1843/1716/40 1842/1715/135
f 1844/1713/41 1842/1715/135 1843/1716/40
f 1843/1716/40 1845/1714/42 1844/1713/41
f 1846/1711/43 1844/1713/41 1845/1714/42
f 1845/1714/42 1847/1712/44 1846/1711/43
f 1848/1709/45 1846/1711/43 1847/1712/44
f 1847/1712/44 1849/1710/46 1848/1709/45
f 1850/1707/137 1848/1709/45 1849/1710/46
f 1849/1710/46 1851/1708/48 1850/1707/137
f 1852/1705/98 1850/1707/137 1851/1708/48
f 1851/1708/48 1853/1706/99 1852/1705/98
f 1854/1703/51 1852/1705/98 1853/1706/99
f 1853/1706/99 1855/1704/100 1854/1703/51
f 1856/1701/53 1854/1703/51 1855/1704/100
f 1855/1704/100 1857/1702/54 1856/1701/53
f 1858/1699/55 1856/1701/53 1857/1702/54
f 1857/1702/54 1859/1700/56 1858/1699/55
f 1860/1697/57 1858/1699/55 1859/1700/56
f 1859/1700/56 1861/1698/58 1860/1697/57
f 1862/1695/59 1860/1697/57 1861/1698/58
f 1861/1698/58 1863/1696/102 1862/1695/59
f 1864/1693/103 1862/1695/59 1863/1696/102
f 1863/1696/102 1865/1694/104 1864/1693/103
f 1866/1691/105 1864/1693/103 1865/1694/104
f 1865/1694/104 1867/1692/64 1866/1691/105
f 1868/1689/65 1866/1691/105 1867/1692/64
f 1867/1692/64 1869/1690/66 1868/1689/65
f 1870/1687/67 1868/1689/65 1869/1690/66
f 1869/1690/66 1871/1688/68 1870/1687/67
f 1872/1685/69 1870/1687/67 1871/1688/68
f 1871/1688/68 1873/1686/70 1872/1685/69
f 1874/1681/145 1872/1685/69 1873/1686/70
f 1873/1686/70 1875/1684/72 1874/1681/145
f 1876/1719/144 1874/1681/145 1875/1684/72
f 1875/1684/72 1877/1719/108 1876/1719/144
f 1878/1720/75 1876/1719/144 1877/1719/108
f 1877/1719/108 1879/1721/110 1878/1720/75
f 1880/1722/77 1878/1720/75 1879/1721/110
f 1879/1721/110 1881/1723/78 1880/1722/77
f 1882/1724/79 1880/1722/77 1881/1723/78
f 1881/1723/78 1883/1725/80 1882/1724/79
f 1884/1726/81 1882/1724/79 1883/1725/80
f 1883/1725/80 1885/1727/82 1884/1726/81
f 1886/1728/83 1884/1726/81 1885/1727/82
f 1885/1727/82 1887/1729/112 1886/1728/83
f 1888/1730/143 1886/1728/83 1887/1729/112
f 1887/1729/112 1889/1731/113 1888/1730/143
f 1890/1728/114 1888/1730/143 1889/1731/113
f 1889/1731/113 1891/1729/88 1890/1728/114
f 1892/1726/89 1890/1728/114 1891/1729/88
f 1891/1729/88 1893/1727/90 1892/1726/89
f 1894/1724/91 1892/1726/89 1893/1727/90
f 1893/1727/90 1895/1725/92 1894/1724/91
f 1896/1722/93 1894/1724/91 1895/1725/92
f 1895/1725/92 1897/1723/94 1896/1722/93
f 1898/1720/116 1896/1722/93 1897/1723/94
f 1897/1723/94 1899/1721/96 1898/1720/116
f 1805/1682/118 1898/1720/116 1899/1721/96
f 1899/1721/96 1806/1683/119 1805/1682/118
f 1902/1657/50 1901/1732/49 1900/1733/51
f 1900/1733/51 1903/1734/100 1902/1657/50
f 1903/1734/100 1900/1733/51 1904/1735/293
f 1904/1735/293 1905/1736/336 1903/1734/100
f 1905/1736/336 1904/1735/293 1906/1737/55
f 1906/1737/55 1907/1738/56 1905/1736/336
f 1907/1738/56 1906/1737/55 1908/1739/57
f 1908/1739/57 1909/1740/58 1907/1738/56
f 1909/1740/58 1908/1739/57 1910/1741/59
f 1910/1741/59 1911/1742/60 1909/1740/58
f 1911/1742/60 1910/1741/59 1912/1743/103
f 1912/1743/103 1913/1744/104 1911/1742/60
f 1913/1744/104 1912/1743/103 1914/1745/105
f 1914/1745/105 1915/1746/64 1913/1744/104
f 1915/1746/64 1914/1745/105 1916/1747/65
f 1916/1747/65 1917/1748/66 1915/1746/64
f 1917/1748/66 1916/1747/65 1918/1749/67
f 1918/1749/67 1919/1750/68 1917/1748/66
f 1919/1750/68 1918/1749/67 1920/1751/69
f 1920/1751/69 1921/1752/291 1919/1750/68
f 1921/1752/291 1920/1751/69 1922/1753/145
f 1922/1753/145 1923/1754/107 1921/1752/291
f 1923/1754/107 1922/1753/145 1924/1755/73
f 1924/1755/73 1925/1756/74 1923/1754/107
f 1925/1756/74 1924/1755/73 1926/1757/109
f 1926/1757/109 1927/1758/110 1925/1756/74
f 1927/1758/110 1926/1757/109 1928/1759/290
f 1928/1759/290 1929/1760/326 1927/1758/110
f 1929/1760/326 1928/1759/290 1930/1761/79
f 1930/1761/79 1931/1762/80 1929/1760/326
f 1931/1762/80 1930/1761/79 1932/1763/81
f 1932/1763/81 1933/1764/82 1931/1762/80
f 1933/1764/82 1932/1763/81 1934/1765/83
f 1934/1765/83 1935/1766/84 1933/1764/82
f 1935/1766/84 1934/1765/83 1936/1767/143
f 1936/1767/143 1937/1768/113 1935/1766/84
f 1937/1768/113 1936/1767/143 1938/1765/87
f 1938/1765/87 1939/1766/88 1937/1768/113
f 1939/1766/88 1938/1765/87 1940/1763/89
f 1940/1763/89 1941/1764/90 1939/1766/88
f 1941/1764/90 1940/1763/89 1942/1761/91
f 1942/1761/91 1943/1762/92 1941/1764/90
f 1943/1762/92 1942/1761/91 1944/1759/327
f 1944/1759/327 1945/1760/288 1943/1762/92
f 1945/1760/288 1944/1759/327 1946/1757/116
f 1946/1757/116 1947/1758/96 1945/1760/288
f 1947/1758/96 1946/1757/116 1948/1769/2
f 1948/1769/2 1949/1770/1 1947/1758/96
f 1949/1770/1 1948/1769/2 1950/1753/120
f 1950/1753/120 1951/1754/121 1949/1770/1
f 1951/1754/121 1950/1753/120 1952/1751/328
f 1952/1751/328 1953/1752/329 1951/1754/121
f 1953/1752/329 1952/1751/328 1954/1749/7
f 1954/1749/7 1955/1750/8 1953/1752/329
f 1955/1750/8 1954/1749/7 1956/1747/9
f 1956/1747/9 1957/1748/300 1955/1750/8
f 1957/1748/300 1956/1747/9 1958/1745/11
f 1958/1745/11 1959/1746/330 1957/1748/300
f 1959/1746/330 1958/1745/11 1960/1743/123
f 1960/1743/123 1961/1744/124 1959/1746/330
f 1961/1744/124 1960/1743/123 1962/1741/125
f 1962/1741/125 1963/1742/16 1961/1744/124
f 1963/1742/16 1962/1741/125 1964/1739/17
f 1964/1739/17 1965/1740/18 1963/1742/16
f 1965/1740/18 1964/1739/17 1966/1737/19
f 1966/1737/19 1967/1738/20 1965/1740/18
f 1967/1738/20 1966/1737/19 1968/1735/331
f 1968/1735/331 1969/1736/308 1967/1738/20
f 1969/1736/308 1968/1735/331 1970/1733/324
f 1970/1733/324 1971/1734/24 1969/1736/308
f 1971/1734/24 1970/1733/324 1972/1732/25
f 1972/1732/25 1973/1657/26 1971/1734/24
f 1973/1657/26 1972/1732/25 1974/1771/27
f 1974/1771/27 1975/1772/131 1973/1657/26
f 1975/1772/131 1974/1771/27 1976/1773/332
f 1976/1773/332 1977/1774/333 1975/1772/131
f 1977/1774/333 1976/1773/332 1978/1775/31
f 1978/1775/31 1979/1776/32 1977/1774/333
f 1979/1776/32 1978/1775/31 1980/1777/33
f 1980/1777/33 1981/1778/34 1979/1776/32
f 1981/1778/34 1980/1777/33 1982/1779/35
f 1982/1779/35 1983/1780/36 1981/1778/34
f 1983/1780/36 1982/1779/35 1984/1781/325
f 1984/1781/325 1985/1782/134 1983/1780/36
f 1985/1782/134 1984/1781/325 1986/1779/135
f 1986/1779/135 1987/1780/40 1985/1782/134
f 1987/1780/40 1986/1779/135 1988/1777/41
f 1988/1777/41 1989/1778/42 1987/1780/40
f 1989/1778/42 1988/1777/41 1990/1775/43
f 1990/1775/43 1991/1776/44 1989/1778/42
f 1991/1776/44 1990/1775/43 1992/1773/334
f 1992/1773/334 1993/1774/335 1991/1776/44
f 1993/1774/335 1992/1773/334 1994/1771/137
f 1994/1771/137 1995/1772/138 1993/1774/335
f 1995/1772/138 1994/1771/137 1901/1732/49
f 1901/1732/49 1902/1657/50 1995/1772/138
f 1998/1783/140 1997/1784/140 1996/1785/140
f 1996/1785/140 1999/1786/140 1998/1783/140
f 2001/1787/140 2000/1788/140 1997/1784/140
f 1997/1784/140 1998/1783/140 2001/1787/140
f 2003/1789/140 2002/1790/140 2000/1788/140
f 2000/1788/140 2001/1787/140 2003/1789/140
f 2005/1791/140 2004/1792/140 2002/1790/140
f 2002/1790/140 2003/1789/140 2005/1791/140
f 2007/1793/140 2006/1794/140 2004/1792/140
f 2004/1792/140 2005/1791/140 2007/1793/140
f 2009/1795/140 2008/1796/140 2006/1794/140
f 2006/1794/140 2007/1793/140 2009/1795/140
f 2011/1797/140 2010/1798/140 2008/1796/140
f 2008/1796/140 2009/1795/140 2011/1797/140
f 2013/1799/140 2012/1800/140 2010/1798/140
f 2010/1798/140 2011/1797/140 2013/1799/140
f 2015/1801/140 2014/1802/140 2012/1800/140
f 2012/1800/140 2013/1799/140 2015/1801/140
f 2017/1803/140 2016/1804/140 2014/1802/140
f 2014/1802/140 2015/1801/140 2017/1803/140
f 2019/1805/140 2018/1806/140 2016/1804/140
f 2016/1804/140 2017/1803/140 2019/1805/140
f 2021/414/140 2020/1807/140 2018/1806/140
f 2018/1806/140 2019/1805/140 2021/414/140
f 2023/1808/140 2022/1809/140 2020/1807/140
f 2020/1807/140 2021/414/140 2023/1808/140
f 2025/1810/140 2024/1811/140 2022/1809/140
f 2022/1809/140 2023/1808/140 2025/1810/140
f 2027/1812/140 2026/1813/140 2024/1811/140
f 2024/1811/140 2025/1810/140 2027/1812/140
f 2029/1814/140 2028/1815/140 2026/1813/140
f 2026/1813/140 2027/1812/140 2029/1814/140
f 2031/1816/140 2030/1817/140 2028/1815/140
f 2028/1815/140 2029/1814/140 2031/1816/140
f 2033/1818/140 2032/1819/140 2030/1817/140
f 2030/1817/140 2031/1816/140 2033/1818/140
f 2035/1820/140 2034/1821/140 2032/1819/140
f 2032/1819/140 2033/1818/140 2035/1820/140
f 2037/1822/140 2036/1823/140 2034/1821/140
f 2034/1821/140 2035/1820/140 2037/1822/140
f 2039/1824/140 2038/1825/140 2036/1823/140
f 2036/1823/140 2037/1822/140 2039/1824/140
f 2041/1826/140 2040/1827/140 2038/1825/140
f 2038/1825/140 2039/1824/140 2041/1826/140
f 2043/1828/140 2042/1829/140 2040/1827/140
f 2040/1827/140 2041/1826/140 2043/1828/140
f 2045/435/140 2044/1830/140 2042/1829/140
f 2042/1829/140 2043/1828/140 2045/435/140
f 2047/1831/140 2046/1832/140 2044/1830/140
f 2044/1830/140 2045/435/140 2047/1831/140
f 2049/1833/140 2048/1834/140 2046/1832/140
f 2046/1832/140 2047/1831/140 2049/1833/140
f 2051/1835/140 2050/1836/140 2048/1834/140
f 2048/1834/140 2049/1833/140 2051/1835/140
f 2053/1837/140 2052/1838/140 2050/1836/140
f 2050/1836/140 2051/1835/140 2053/1837/140
f 2055/1839/140 2054/1840/140 2052/1838/140
f 2052/1838/140 2053/1837/140 2055/1839/140
f 2057/1841/140 2056/1842/140 2054/1840/140
f 2054/1840/140 2055/1839/140 2057/1841/140
f 2059/1843/140 2058/1844/140 2056/1842/140
f 2056/1842/140 2057/1841/140 2059/1843/140
f 2061/1845/140 2060/1846/140 2058/1844/140
f 2058/1844/140 2059/1843/140 2061/1845/140
f 2063/1847/140 2062/1848/140 2060/1846/140
f 2060/1846/140 2061/1845/140 2063/1847/140
f 2065/1849/140 2064/1850/140 2062/1848/140
f 2062/1848/140 2063/1847/140 2065/1849/140
f 2067/1851/140 2066/1852/140 2064/1850/140
f 2064/1850/140 2065/1849/140 2067/1851/140
f 2069/1853/140 2068/1209/140 2066/1852/140
f 2066/1852/140 2067/1851/140 2069/1853/140
f 2071/1854/140 2070/1855/140 2068/1209/140
f 2068/1209/140 2069/1853/140 2071/1854/140
f 2073/1856/140 2072/1857/140 2070/1855/140
f 2070/1855/140 2071/1854/140 2073/1856/140
f 2075/1858/140 2074/1859/140 2072/1857/140
f 2072/1857/140 2073/1856/140 2075/1858/140
f 2077/1860/140 2076/1861/140 2074/1859/140
f 2074/1859/140 2075/1858/140 2077/1860/140
f 2079/1862/140 2078/1863/140 2076/1861/140
f 2076/1861/140 2077/1860/140 2079/1862/140
f 2081/1864/140 2080/1865/140 2078/1863/140
f 2078/1863/140 2079/1862/140 2081/1864/140
f 2083/1866/140 2082/1867/140 2080/1865/140
f 2080/1865/140 2081/1864/140 2083/1866/140
f 2085/1868/140 2084/1869/140 2082/1867/140
f 2082/1867/140 2083/1866/140 2085/1868/140
f 2087/1870/140 2086/1871/140 2084/1869/140
f 2084/1869/140 2085/1868/140 2087/1870/140
f 2089/1872/140 2088/1873/140 2086/1871/140
f 2086/1871/140 2087/1870/140 2089/1872/140
f 2091/1874/140 2090/1875/140 2088/1873/140
f 2088/1873/140 2089/1872/140 2091/1874/140
f 1999/1786/140 1996/1785/140 2090/1875/140
f 2090/1875/140 2091/1874/140 1999/1786/140
f 2092/1876/3 2093/1877/118 2094/1878/119
f 2094/1878/119 2095/1879/121 2092/1876/3
f 2096/1880/5 2092/1876/3 2095/1879/121
f 2095/1879/121 2097/1881/6 2096/1880/5
f 2098/1882/7 2096/1880/5 2097/1881/6
f 2097/1881/6 2099/1883/8 2098/1882/7
f 2100/1884/9 2098/1882/7 2099/1883/8
f 2099/1883/8 2101/1885/300 2100/1884/9
f 2102/1886/11 2100/1884/9 2101/1885/300
f 2101/1885/300 2103/1887/12 2102/1886/11
f 2104/1888/123 2102/1886/11 2103/1887/12
f 2103/1887/12 2105/1889/124 2104/1888/123
f 2106/1890/125 2104/1888/123 2105/1889/124
f 2105/1889/124 2107/1891/16 2106/1890/125
f 2108/1892/17 2106/1890/125 2107/1891/16
f 2107/1891/16 2109/1893/18 2108/1892/17
f 2110/1894/19 2108/1892/17 2109/1893/18
f 2109/1893/18 2111/1895/20 2110/1894/19
f 2112/1896/21 2110/1894/19 2111/1895/20
f 2111/1895/20 2113/1897/22 2112/1896/21
f 2114/1898/324 2112/1896/21 2113/1897/22
f 2113/1897/22 2115/1899/24 2114/1898/324
f 2116/1900/128 2114/1898/324 2115/1899/24
f 2115/1899/24 2117/1901/129 2116/1900/128
f 2118/1902/27 2116/1900/128 2117/1901/129
f 2117/1901/129 2119/1903/131 2118/1902/27
f 2120/1904/29 2118/1902/27 2119/1903/131
f 2119/1903/131 2121/1905/30 2120/1904/29
f 2122/1906/31 2120/1904/29 2121/1905/30
f 2121/1905/30 2123/1907/32 2122/1906/31
f 2124/1908/33 2122/1906/31 2123/1907/32
f 2123/1907/32 2125/1909/34 2124/1908/33
f 2126/1910/35 2124/1908/33 2125/1909/34
f 2125/1909/34 2127/1911/133 2126/1910/35
f 2128/1912/325 2126/1910/35 2127/1911/133
f 2127/1911/133 2129/1913/134 2128/1912/325
f 2130/1914/135 2128/1912/325 2129/1913/134
f 2129/1913/134 2131/1915/40 2130/1914/135
f 2132/1916/41 2130/1914/135 2131/1915/40
f 2131/1915/40 2133/1917/42 2132/1916/41
f 2134/1918/43 2132/1916/41 2133/1917/42
f 2133/1917/42 2135/1919/44 2134/1918/43
f 2136/1920/45 2134/1918/43 2135/1919/44
f 2135/1919/44 2137/1921/46 2136/1920/45
f 2138/1922/137 2136/1920/45 2137/1921/46
f 2137/1921/46 2139/1923/48 2138/1922/137
f 2140/1924/98 2138/1922/137 2139/1923/48
f 2139/1923/48 2141/1925/99 2140/1924/98
f 2142/1926/51 2140/1924/98 2141/1925/99
f 2141/1925/99 2143/1927/100 2142/1926/51
f 2144/1928/53 2142/1926/51 2143/1927/100
f 2143/1927/100 2145/1929/54 2144/1928/53
f 2146/1930/55 2144/1928/53 2145/1929/54
f 2145/1929/54 2147/1931/56 2146/1930/55
f 2148/1932/57 2146/1930/55 2147/1931/56
f 2147/1931/56 2149/1933/58 2148/1932/57
f 2150/1934/59 2148/1932/57 2149/1933/58
f 2149/1933/58 2151/1935/102 2150/1934/59
f 2152/1936/103 2150/1934/59 2151/1935/102
f 2151/1935/102 2153/1937/104 2152/1936/103
f 2154/1938/105 2152/1936/103 2153/1937/104
f 2153/1937/104 2155/1939/64 2154/1938/105
f 2156/1940/65 2154/1938/105 2155/1939/64
f 2155/1939/64 2157/1941/66 2156/1940/65
f 2158/1942/67 2156/1940/65 2157/1941/66
f 2157/1941/66 2159/1943/68 2158/1942/67
f 2160/1944/69 2158/1942/67 2159/1943/68
f 2159/1943/68 2161/1945/70 2160/1944/69
f 2162/1946/145 2160/1944/69 2161/1945/70
f 2161/1945/70 2163/1947/72 2162/1946/145
f 2164/1948/73 2162/1946/145 2163/1947/72
f 2163/1947/72 2165/561/108 2164/1948/73
f 2166/1949/75 2164/1948/73 2165/561/108
f 2165/561/108 2167/1950/110 2166/1949/75
f 2168/1951/77 2166/1949/75 2167/1950/110
f 2167/1950/110 2169/1952/78 2168/1951/77
f 2170/1953/79 2168/1951/77 2169/1952/78
f 2169/1952/78 2171/1954/80 2170/1953/79
f 2172/1955/81 2170/1953/79 2171/1954/80
f 2171/1954/80 2173/1956/82 2172/1955/81
f 2174/1957/83 2172/1955/81 2173/1956/82
f 2173/1956/82 2175/1958/112 2174/1957/83
f 2176/1959/143 2174/1957/83 2175/1958/112
f 2175/1958/112 2177/1960/113 2176/1959/143
f 2178/1961/114 2176/1959/143 2177/1960/113
f 2177/1960/113 2179/1962/88 2178/1961/114
f 2180/1963/89 2178/1961/114 2179/1962/88
f 2179/1962/88 2181/1964/90 2180/1963/89
f 2182/1965/91 2180/1963/89 2181/1964/90
f 2181/1964/90 2183/1966/92 2182/1965/91
f 2184/1967/93 2182/1965/91 2183/1966/92
f 2183/1966/92 2185/1968/94 2184/1967/93
f 2186/1969/116 2184/1967/93 2185/1968/94
f 2185/1968/94 2187/1970/96 2186/1969/116
f 2093/1877/118 2186/1969/116 2187/1970/96
f 2187/1970/96 2094/1878/119 2093/1877/118
f 2190/1971/50 2189/1972/49 2188/1973/97
f 2188/1973/97 2191/1974/100 2190/1971/50
f 2191/1974/100 2188/1973/97 2192/1975/293
f 2192/1975/293 2193/1976/54 2191/1974/100
f 2193/1976/54 2192/1975/293 2194/1977/55
f 2194/1977/55 2195/1978/56 2193/1976/54
f 2195/1978/56 2194/1977/55 2196/1979/57
f 2196/1979/57 2197/1980/58 2195/1978/56
f 2197/1980/58 2196/1979/57 2198/1981/59
f 2198/1981/59 2199/1982/60 2197/1980/58
f 2199/1982/60 2198/1981/59 2200/1983/103
f 2200/1983/103 2201/1984/104 2199/1982/60
f 2201/1984/104 2200/1983/103 2202/1985/63
f 2202/1985/63 2203/1986/64 2201/1984/104
f 2203/1986/64 2202/1985/63 2204/1987/65
f 2204/1987/65 2205/1988/66 2203/1986/64
f 2205/1988/66 2204/1987/65 2206/1989/67
f 2206/1989/67 2207/1990/68 2205/1988/66
f 2207/1990/68 2206/1989/67 2208/1991/292
f 2208/1991/292 2209/1992/291 2207/1990/68
f 2209/1992/291 2208/1991/292 2210/1993/145
f 2210/1993/145 2211/1994/107 2209/1992/291
f 2211/1994/107 2210/1993/145 2212/1995/73
f 2212/1995/73 2213/459/74 2211/1994/107
f 2213/459/74 2212/1995/73 2214/1996/109
f 2214/1996/109 2215/1997/110 2213/459/74
f 2215/1997/110 2214/1996/109 2216/1998/290
f 2216/1998/290 2217/1999/326 2215/1997/110
f 2217/1999/326 2216/1998/290 2218/2000/79
f 2218/2000/79 2219/2001/80 2217/1999/326
f 2219/2001/80 2218/2000/79 2220/2002/81
f 2220/2002/81 2221/2003/82 2219/2001/80
f 2221/2003/82 2220/2002/81 2222/2004/83
f 2222/2004/83 2223/2005/84 2221/2003/82
f 2223/2005/84 2222/2004/83 2224/2006/143
f 2224/2006/143 2225/2007/113 2223/2005/84
f 2225/2007/113 2224/2006/143 2226/2008/87
f 2226/2008/87 2227/2009/88 2225/2007/113
f 2227/2009/88 2226/2008/87 2228/2010/89
f 2228/2010/89 2229/2011/90 2227/2009/88
f 2229/2011/90 2228/2010/89 2230/2012/91
f 2230/2012/91 2231/2013/92 2229/2011/90
f 2231/2013/92 2230/2012/91 2232/2014/327
f 2232/2014/327 2233/2015/288 2231/2013/92
f 2233/2015/288 2232/2014/327 2234/2016/116
f 2234/2016/116 2235/2017/96 2233/2015/288
f 2235/2017/96 2234/2016/116 2236/2018/2
f 2236/2018/2 2237/2019/1 2235/2017/96
f 2237/2019/1 2236/2018/2 2238/2020/3
f 2238/2020/3 2239/2021/121 2237/2019/1
f 2239/2021/121 2238/2020/3 2240/2022/328
f 2240/2022/328 2241/2023/329 2239/2021/121
f 2241/2023/329 2240/2022/328 2242/2024/7
f 2242/2024/7 2243/2025/8 2241/2023/329
f 2243/2025/8 2242/2024/7 2244/2026/9
f 2244/2026/9 2245/2027/300 2243/2025/8
f 2245/2027/300 2244/2026/9 2246/2028/11
f 2246/2028/11 2247/2029/330 2245/2027/300
f 2247/2029/330 2246/2028/11 2248/2030/123
f 2248/2030/123 2249/2031/124 2247/2029/330
f 2249/2031/124 2248/2030/123 2250/2032/15
f 2250/2032/15 2251/2033/16 2249/2031/124
f 2251/2033/16 2250/2032/15 2252/2034/126
f 2252/2034/126 2253/2035/18 2251/2033/16
f 2253/2035/18 2252/2034/126 2254/2036/19
f 2254/2036/19 2255/2037/20 2253/2035/18
f 2255/2037/20 2254/2036/19 2256/2038/331
f 2256/2038/331 2257/2039/308 2255/2037/20
f 2257/2039/308 2256/2038/331 2258/2040/324
f 2258/2040/324 2259/2041/127 2257/2039/308
f 2259/2041/127 2258/2040/324 2260/2042/25
f 2260/2042/25 2261/1853/26 2259/2041/127
f 2261/1853/26 2260/2042/25 2262/2043/27
f 2262/2043/27 2263/2044/131 2261/1853/26
f 2263/2044/131 2262/2043/27 2264/2045/332
f 2264/2045/332 2265/2046/30 2263/2044/131
f 2265/2046/30 2264/2045/332 2266/2047/31
f 2266/2047/31 2267/2048/32 2265/2046/30
f 2267/2048/32 2266/2047/31 2268/2049/33
f 2268/2049/33 2269/2050/34 2267/2048/32
f 2269/2050/34 2268/2049/33 2270/2051/35
f 2270/2051/35 2271/2052/36 2269/2050/34
f 2271/2052/36 2270/2051/35 2272/2053/325
f 2272/2053/325 2273/2054/134 2271/2052/36
f 2273/2054/134 2272/2053/325 2274/2055/39
f 2274/2055/39 2275/2056/40 2273/2054/134
f 2275/2056/40 2274/2055/39 2276/2057/41
f 2276/2057/41 2277/2058/42 2275/2056/40
f 2277/2058/42 2276/2057/41 2278/2059/43
f 2278/2059/43 2279/2060/44 2277/2058/42
f 2279/2060/44 2278/2059/43 2280/2061/334
f 2280/2061/334 2281/2062/335 2279/2060/44
f 2281/2062/335 2280/2061/334 2282/2063/137
f 2282/2063/137 2283/2064/138 2281/2062/335
f 2283/2064/138 2282/2063/137 2189/1972/49
f 2189/1972/49 2190/1971/50 2283/2064/138
f 2286/2065/140 2285/2066/140 2284/2067/140
f 2284/2067/140 2287/2068/140 2286/2065/140
f 2289/2069/140 2288/2070/140 2285/2066/140
f 2285/2066/140 2286/2065/140 2289/2069/140
f 2291/2071/140 2290/2072/140 2288/2070/140
f 2288/2070/140 2289/2069/140 2291/2071/140
f 2293/2073/140 2292/2074/140 2290/2072/140
f 2290/2072/140 2291/2071/140 2293/2073/140
f 2295/2075/140 2294/2076/140 2292/2074/140
f 2292/2074/140 2293/2073/140 2295/2075/140
f 2297/2077/140 2296/2078/140 2294/2076/140
f 2294/2076/140 2295/2075/140 2297/2077/140
f 2299/2079/140 2298/2080/140 2296/2078/140
f 2296/2078/140 2297/2077/140 2299/2079/140
f 2301/2081/140 2300/2082/140 2298/2080/140
f 2298/2080/140 2299/2079/140 2301/2081/140
f 2303/2083/140 2302/2084/140 2300/2082/140
f 2300/2082/140 2301/2081/140 2303/2083/140
f 2305/2085/140 2304/2086/140 2302/2084/140
f 2302/2084/140 2303/2083/140 2305/2085/140
f 2307/2087/140 2306/2088/140 2304/2086/140
f 2304/2086/140 2305/2085/140 2307/2087/140
f 2309/2089/140 2308/2090/140 2306/2088/140
f 2306/2088/140 2307/2087/140 2309/2089/140
f 2311/2091/140 2310/2092/140 2308/2090/140
f 2308/2090/140 2309/2089/140 2311/2091/140
f 2313/2093/140 2312/2094/140 2310/2092/140
f 2310/2092/140 2311/2091/140 2313/2093/140
f 2315/2095/140 2314/2096/140 2312/2094/140
f 2312/2094/140 2313/2093/140 2315/2095/140
f 2317/2097/140 2316/2098/140 2314/2096/140
f 2314/2096/140 2315/2095/140 2317/2097/140
f 2319/2099/140 2318/2100/140 2316/2098/140
f 2316/2098/140 2317/2097/140 2319/2099/140
f 2321/2101/140 2320/2102/140 2318/2100/140
f 2318/2100/140 2319/2099/140 2321/2101/140
f 2323/2103/140 2322/2104/140 2320/2102/140
f 2320/2102/140 2321/2101/140 2323/2103/140
f 2325/2105/140 2324/2106/140 2322/2104/140
f 2322/2104/140 2323/2103/140 2325/2105/140
f 2327/2107/140 2326/2108/140 2324/2106/140
f 2324/2106/140 2325/2105/140 2327/2107/140
f 2329/2109/140 2328/2110/140 2326/2108/140
f 2326/2108/140 2327/2107/140 2329/2109/140
f 2331/2111/140 2330/2112/140 2328/2110/140
f 2328/2110/140 2329/2109/140 2331/2111/140
f 2333/2113/140 2332/2114/140 2330/2112/140
f 2330/2112/140 2331/2111/140 2333/2113/140
f 2335/2115/140 2334/2116/140 2332/2114/140
f 2332/2114/140 2333/2113/140 2335/2115/140
f 2337/2117/140 2336/2118/140 2334/2116/140
f 2334/2116/140 2335/2115/140 2337/2117/140
f 2339/2119/140 2338/2120/140 2336/2118/140
f 2336/2118/140 2337/2117/140 2339/2119/140
f 2341/2121/140 2340/2122/140 2338/2120/140
f 2338/2120/140 2339/2119/140 2341/2121/140
f 2343/2123/140 2342/2124/140 2340/2122/140
f 2340/2122/140 2341/2121/140 2343/2123/140
f 2345/2125/140 2344/2126/140 2342/2124/140
f 2342/2124/140 2343/2123/140 2345/2125/140
f 2347/2127/140 2346/2128/140 2344/2126/140
f 2344/2126/140 2345/2125/140 2347/2127/140
f 2349/2129/140 2348/2130/140 2346/2128/140
f 2346/2128/140 2347/2127/140 2349/2129/140
f 2351/2131/140 2350/2132/140 2348/2130/140
f 2348/2130/140 2349/2129/140 2351/2131/140
f 2353/2133/140 2352/2134/140 2350/2132/140
f 2350/2132/140 2351/2131/140 2353/2133/140
f 2355/2135/140 2354/2136/140 2352/2134/140
f 2352/2134/140 2353/2133/140 2355/2135/140
f 2357/2137/140 2356/2138/140 2354/2136/140
f 2354/2136/140 2355/2135/140 2357/2137/140
f 2359/2139/140 2358/2140/140 2356/2138/140
f 2356/2138/140 2357/2137/140 2359/2139/140
f 2361/2141/140 2360/2142/140 2358/2140/140
f 2358/2140/140 2359/2139/140 2361/2141/140
f 2363/2143/140 2362/2144/140 2360/2142/140
f 2360/2142/140 2361/2141/140 2363/2143/140
f 2365/2145/140 2364/2146/140 2362/2144/140
f 2362/2144/140 2363/2143/140 2365/2145/140
f 2367/2147/140 2366/2148/140 2364/2146/140
f 2364/2146/140 2365/2145/140 2367/2147/140
f 2369/2149/140 2368/2150/140 2366/2148/140
f 2366/2148/140 2367/2147/140 2369/2149/140
f 2371/2151/140 2370/2152/140 2368/2150/140
f 2368/2150/140 2369/2149/140 2371/2151/140
f 2373/2153/140 2372/2154/140 2370/2152/140
f 2370/2152/140 2371/2151/140 2373/2153/140
f 2375/2155/140 2374/2156/140 2372/2154/140
f 2372/2154/140 2373/2153/140 2375/2155/140
f 2377/2157/140 2376/2158/140 2374/2156/140
f 2374/2156/140 2375/2155/140 2377/2157/140
f 2379/2159/140 2378/2160/140 2376/2158/140
f 2376/2158/140 2377/2157/140 2379/2159/140
f 2287/2068/140 2284/2067/140 2378/2160/140
f 2378/2160/140 2379/2159/140 2287/2068/140
f 2380/2161/3 2381/2162/118 2382/2163/119
f 2382/2163/119 2383/2164/121 2380/2161/3
f 2384/2165/5 2380/2161/3 2383/2164/121
f 2383/2164/121 2385/2166/6 2384/2165/5
f 2386/2167/7 2384/2165/5 2385/2166/6
f 2385/2166/6 2387/2168/8 2386/2167/7
f 2388/2169/9 2386/2167/7 2387/2168/8
f 2387/2168/8 2389/2170/300 2388/2169/9
f 2390/2171/11 2388/2169/9 2389/2170/300
f 2389/2170/300 2391/2172/12 2390/2171/11
f 2392/2173/123 2390/2171/11 2391/2172/12
f 2391/2172/12 2393/2174/124 2392/2173/123
f 2394/2175/125 2392/2173/123 2393/2174/124
f 2393/2174/124 2395/2176/16 2394/2175/125
f 2396/2177/17 2394/2175/125 2395/2176/16
f 2395/2176/16 2397/2178/18 2396/2177/17
f 2398/2179/19 2396/2177/17 2397/2178/18
f 2397/2178/18 2399/2180/20 2398/2179/19
f 2400/2181/21 2398/2179/19 2399/2180/20
f 2399/2180/20 2401/2182/22 2400/2181/21
f 2402/2183/324 2400/2181/21 2401/2182/22
f 2401/2182/22 2403/2184/24 2402/2183/324
f 2404/2185/128 2402/2183/324 2403/2184/24
f 2403/2184/24 2405/2186/129 2404/2185/128
f 2406/2187/27 2404/2185/128 2405/2186/129
f 2405/2186/129 2407/2188/131 2406/2187/27
f 2408/2189/29 2406/2187/27 2407/2188/131
f 2407/2188/131 2409/2190/30 2408/2189/29
f 2410/2191/31 2408/2189/29 2409/2190/30
f 2409/2190/30 2411/2192/32 2410/2191/31
f 2412/2193/33 2410/2191/31 2411/2192/32
f 2411/2192/32 2413/2194/34 2412/2193/33
f 2414/2195/35 2412/2193/33 2413/2194/34
f 2413/2194/34 2415/2196/133 2414/2195/35
f 2416/2197/325 2414/2195/35 2415/2196/133
f 2415/2196/133 2417/2198/134 2416/2197/325
f 2418/2199/135 2416/2197/325 2417/2198/134
f 2417/2198/134 2419/2200/40 2418/2199/135
f 2420/2201/41 2418/2199/135 2419/2200/40
f 2419/2200/40 2421/2202/42 2420/2201/41
f 2422/2203/43 2420/2201/41 2421/2202/42
f 2421/2202/42 2423/2204/44 2422/2203/43
f 2424/2205/45 2422/2203/43 2423/2204/44
f 2423/2204/44 2425/2206/46 2424/2205/45
f 2426/2207/137 2424/2205/45 2425/2206/46
f 2425/2206/46 2427/2208/48 2426/2207/137
f 2428/2209/98 2426/2207/137 2427/2208/48
f 2427/2208/48 2429/2210/99 2428/2209/98
f 2430/2211/51 2428/2209/98 2429/2210/99
f 2429/2210/99 2431/2212/100 2430/2211/51
f 2432/2213/53 2430/2211/51 2431/2212/100
f 2431/2212/100 2433/2214/54 2432/2213/53
f 2434/2215/55 2432/2213/53 2433/2214/54
f 2433/2214/54 2435/2216/56 2434/2215/55
f 2436/2217/57 2434/2215/55 2435/2216/56
f 2435/2216/56 2437/2218/58 2436/2217/57
f 2438/2219/59 2436/2217/57 2437/2218/58
f 2437/2218/58 2439/2220/102 2438/2219/59
f 2440/2221/103 2438/2219/59 2439/2220/102
f 2439/2220/102 2441/2222/104 2440/2221/103
f 2442/2223/105 2440/2221/103 2441/2222/104
f 2441/2222/104 2443/2224/64 2442/2223/105
f 2444/2225/65 2442/2223/105 2443/2224/64
f 2443/2224/64 2445/2226/66 2444/2225/65
f 2446/2227/67 2444/2225/65 2445/2226/66
f 2445/2226/66 2447/2228/68 2446/2227/67
f 2448/2229/69 2446/2227/67 2447/2228/68
f 2447/2228/68 2449/2230/70 2448/2229/69
f 2450/2231/145 2448/2229/69 2449/2230/70
f 2449/2230/70 2451/2232/72 2450/2231/145
f 2452/2233/144 2450/2231/145 2451/2232/72
f 2451/2232/72 2453/2234/108 2452/2233/144
f 2454/2235/75 2452/2233/144 2453/2234/108
f 2453/2234/108 2455/2236/110 2454/2235/75
f 2456/2237/77 2454/2235/75 2455/2236/110
f 2455/2236/110 2457/2238/78 2456/2237/77
f 2458/2239/79 2456/2237/77 2457/2238/78
f 2457/2238/78 2459/2240/80 2458/2239/79
f 2460/2241/81 2458/2239/79 2459/2240/80
f 2459/2240/80 2461/2242/82 2460/2241/81
f 2462/2243/83 2460/2241/81 2461/2242/82
f 2461/2242/82 2463/2244/112 2462/2243/83
f 2464/2245/143 2462/2243/83 2463/2244/112
f 2463/2244/112 2465/2246/113 2464/2245/143
f 2466/2247/114 2464/2245/143 2465/2246/113
f 2465/2246/113 2467/2248/88 2466/2247/114
f 2468/2249/89 2466/2247/114 2467/2248/88
f 2467/2248/88 2469/2250/90 2468/2249/89
f 2470/2251/91 2468/2249/89 2469/2250/90
f 2469/2250/90 2471/2252/92 2470/2251/91
f 2472/2253/93 2470/2251/91 2471/2252/92
f 2471/2252/92 2473/2254/94 2472/2253/93
f 2474/2255/116 2472/2253/93 2473/2254/94
f 2473/2254/94 2475/2256/96 2474/2255/116
f 2381/2162/118 2474/2255/116 2475/2256/96
f 2475/2256/96 2382/2163/119 2381/2162/118
f 2478/2257/50 2477/2258/49 2476/2259/51
f 2476/2259/51 2479/2260/100 2478/2257/50
f 2479/2260/100 2476/2259/51 2480/2261/293
f 2480/2261/293 2481/2262/336 2479/2260/100
f 2481/2262/336 2480/2261/293 2482/2263/55
f 2482/2263/55 2483/2264/56 2481/2262/336
f 2483/2264/56 2482/2263/55 2484/2265/57
f 2484/2265/57 2485/2266/58 2483/2264/56
f 2485/2266/58 2484/2265/57 2486/2267/59
f 2486/2267/59 2487/2268/60 2485/2266/58
f 2487/2268/60 2486/2267/59 2488/2269/103
f 2488/2269/103 2489/2270/104 2487/2268/60
f 2489/2270/104 2488/2269/103 2490/2271/63
f 2490/2271/63 2491/2272/64 2489/2270/104
f 2491/2272/64 2490/2271/63 2492/2273/65
f 2492/2273/65 2493/2274/66 2491/2272/64
f 2493/2274/66 2492/2273/65 2494/2275/67
f 2494/2275/67 2495/2276/68 2493/2274/66
f 2495/2276/68 2494/2275/67 2496/2277/292
f 2496/2277/292 2497/2278/291 2495/2276/68
f 2497/2278/291 2496/2277/292 2498/2279/145
f 2498/2279/145 2499/2280/107 2497/2278/291
f 2499/2280/107 2498/2279/145 2500/2281/73
f 2500/2281/73 2501/2282/74 2499/2280/107
f 2501/2282/74 2500/2281/73 2502/2283/109
f 2502/2283/109 2503/2284/110 2501/2282/74
f 2503/2284/110 2502/2283/109 2504/2285/290
f 2504/2285/290 2505/2286/326 2503/2284/110
f 2505/2286/326 2504/2285/290 2506/2287/79
f 2506/2287/79 2507/2288/80 2505/2286/326
f 2507/2288/80 2506/2287/79 2508/2289/81
f 2508/2289/81 2509/2290/82 2507/2288/80
f 2509/2290/82 2508/2289/81 2510/2291/83
f 2510/2291/83 2511/2292/84 2509/2290/82
f 2511/2292/84 2510/2291/83 2512/2293/143
f 2512/2293/143 2513/2294/113 2511/2292/84
f 2513/2294/113 2512/2293/143 2514/2295/87
f 2514/2295/87 2515/2296/88 2513/2294/113
f 2515/2296/88 2514/2295/87 2516/2297/89
f 2516/2297/89 2517/2298/90 2515/2296/88
f 2517/2298/90 2516/2297/89 2518/2299/91
f 2518/2299/91 2519/2300/92 2517/2298/90
f 2519/2300/92 2518/2299/91 2520/2301/327
f 2520/2301/327 2521/2302/288 2519/2300/92
f 2521/2302/288 2520/2301/327 2522/2303/116
f 2522/2303/116 2523/2304/117 2521/2302/288
f 2523/2304/117 2522/2303/116 2524/2305/2
f 2524/2305/2 2525/2306/1 2523/2304/117
f 2525/2306/1 2524/2305/2 2526/2307/120
f 2526/2307/120 2527/2308/121 2525/2306/1
f 2527/2308/121 2526/2307/120 2528/2309/328
f 2528/2309/328 2529/2310/6 2527/2308/121
f 2529/2310/6 2528/2309/328 2530/2311/7
f 2530/2311/7 2531/2312/8 2529/2310/6
f 2531/2312/8 2530/2311/7 2532/2313/9
f 2532/2313/9 2533/2314/300 2531/2312/8
f 2533/2314/300 2532/2313/9 2534/2315/11
f 2534/2315/11 2535/2316/330 2533/2314/300
f 2535/2316/330 2534/2315/11 2536/2317/123
f 2536/2317/123 2537/2318/124 2535/2316/330
f 2537/2318/124 2536/2317/123 2538/2319/125
f 2538/2319/125 2539/2320/16 2537/2318/124
f 2539/2320/16 2538/2319/125 2540/2321/17
f 2540/2321/17 2541/2322/18 2539/2320/16
f 2541/2322/18 2540/2321/17 2542/2323/19
f 2542/2323/19 2543/2324/20 2541/2322/18
f 2543/2324/20 2542/2323/19 2544/2325/21
f 2544/2325/21 2545/2326/22 2543/2324/20
f 2545/2326/22 2544/2325/21 2546/2327/324
f 2546/2327/324 2547/2328/127 2545/2326/22
f 2547/2328/127 2546/2327/324 2548/2329/25
f 2548/2329/25 2549/2137/26 2547/2328/127
f 2549/2137/26 2548/2329/25 2550/2330/27
f 2550/2330/27 2551/2331/131 2549/2137/26
f 2551/2331/131 2550/2330/27 2552/2332/332
f 2552/2332/332 2553/2333/333 2551/2331/131
f 2553/2333/333 2552/2332/332 2554/2334/31
f 2554/2334/31 2555/2335/32 2553/2333/333
f 2555/2335/32 2554/2334/31 2556/2336/33
f 2556/2336/33 2557/2337/34 2555/2335/32
f 2557/2337/34 2556/2336/33 2558/2338/35
f 2558/2338/35 2559/2339/36 2557/2337/34
f 2559/2339/36 2558/2338/35 2560/2340/325
f 2560/2340/325 2561/2341/134 2559/2339/36
f 2561/2341/134 2560/2340/325 2562/2342/135
f 2562/2342/135 2563/2343/40 2561/2341/134
f 2563/2343/40 2562/2342/135 2564/2344/41
f 2564/2344/41 2565/2345/42 2563/2343/40
f 2565/2345/42 2564/2344/41 2566/2346/43
f 2566/2346/43 2567/2347/44 2565/2345/42
f 2567/2347/44 2566/2346/43 2568/2348/334
f 2568/2348/334 2569/2349/335 2567/2347/44
f 2569/2349/335 2568/2348/334 2570/2350/137
f 2570/2350/137 2571/2351/138 2569/2349/335
f 2571/2351/138 2570/2350/137 2477/2258/49
f 2477/2258/49 2478/2257/50 2571/2351/138
f 2574/2352/140 2573/2353/140 2572/2354/140
f 2572/2354/140 2575/2355/140 2574/2352/140
f 2577/2356/140 2576/2357/140 2573/2353/140
f 2573/2353/140 2574/2352/140 2577/2356/140
f 2579/2358/140 2578/2359/140 2576/2357/140
f 2576/2357/140 2577/2356/140 2579/2358/140
f 2581/2360/140 2580/2361/140 2578/2359/140
f 2578/2359/140 2579/2358/140 2581/2360/140
f 2583/2362/140 2582/2363/140 2580/2361/140
f 2580/2361/140 2581/2360/140 2583/2362/140
f 2585/2364/140 2584/2365/140 2582/2363/140
f 2582/2363/140 2583/2362/140 2585/2364/140
f 2587/2366/140 2586/2367/140 2584/2365/140
f 2584/2365/140 2585/2364/140 2587/2366/140
f 2589/2368/140 2588/2369/140 2586/2367/140
f 2586/2367/140 2587/2366/140 2589/2368/140
f 2591/2370/140 2590/2371/140 2588/2369/140
f 2588/2369/140 2589/2368/140 2591/2370/140
f 2593/2372/140 2592/2373/140 2590/2371/140
f 2590/2371/140 2591/2370/140 2593/2372/140
f 2595/2374/140 2594/2375/140 2592/2373/140
f 2592/2373/140 2593/2372/140 2595/2374/140
f 2597/2376/140 2596/2377/140 2594/2375/140
f 2594/2375/140 2595/2374/140 2597/2376/140
f 2599/2378/140 2598/2379/140 2596/2377/140
f 2596/2377/140 2597/2376/140 2599/2378/140
f 2601/2380/140 2600/2381/140 2598/2379/140
f 2598/2379/140 2599/2378/140 2601/2380/140
f 2603/2382/140 2602/2383/140 2600/2381/140
f 2600/2381/140 2601/2380/140 2603/2382/140
f 2605/2384/140 2604/2385/140 2602/2383/140
f 2602/2383/140 2603/2382/140 2605/2384/140
f 2607/2386/140 2606/2387/140 2604/2385/140
f 2604/2385/140 2605/2384/140 2607/2386/140
f 2609/2388/140 2608/2389/140 2606/2387/140
f 2606/2387/140 2607/2386/140 2609/2388/140
f 2611/2390/140 2610/2391/140 2608/2389/140
f 2608/2389/140 2609/2388/140 2611/2390/140
f 2613/2392/140 2612/2393/140 2610/2391/140
f 2610/2391/140 2611/2390/140 2613/2392/140
f 2615/2394/140 2614/2395/140 2612/2393/140
f 2612/2393/140 2613/2392/140 2615/2394/140
f 2617/2396/140 2616/2397/140 2614/2395/140
f 2614/2395/140 2615/2394/140 2617/2396/140
f 2619/2398/140 2618/2399/140 2616/2397/140
f 2616/2397/140 2617/2396/140 2619/2398/140
f 2621/2400/140 2620/2401/140 2618/2399/140
f 2618/2399/140 2619/2398/140 2621/2400/140
f 2623/2402/140 2622/2403/140 2620/2401/140
f 2620/2401/140 2621/2400/140 2623/2402/140
f 2625/2404/140 2624/2405/140 2622/2403/140
f 2622/2403/140 2623/2402/140 2625/2404/140
f 2627/2406/140 2626/2407/140 2624/2405/140
f 2624/2405/140 2625/2404/140 2627/2406/140
f 2629/2408/140 2628/2409/140 2626/2407/140
f 2626/2407/140 2627/2406/140 2629/2408/140
f 2631/2410/140 2630/2411/140 2628/2409/140
f 2628/2409/140 2629/2408/140 2631/2410/140
f 2633/2412/140 2632/2413/140 2630/2411/140
f 2630/2411/140 2631/2410/140 2633/2412/140
f 2635/2414/140 2634/2415/140 2632/2413/140
f 2632/2413/140 2633/2412/140 2635/2414/140
f 2637/2416/140 2636/2417/140 2634/2415/140
f 2634/2415/140 2635/2414/140 2637/2416/140
f 2639/2418/140 2638/2419/140 2636/2417/140
f 2636/2417/140 2637/2416/140 2639/2418/140
f 2641/2420/140 2640/2421/140 2638/2419/140
f 2638/2419/140 2639/2418/140 2641/2420/140
f 2643/2422/140 2642/2423/140 2640/2421/140
f 2640/2421/140 2641/2420/140 2643/2422/140
f 2645/2424/140 2644/2425/140 2642/2423/140
f 2642/2423/140 2643/2422/140 2645/2424/140
f 2647/2426/140 2646/2427/140 2644/2425/140
f 2644/2425/140 2645/2424/140 2647/2426/140
f 2649/2428/140 2648/2429/140 2646/2427/140
f 2646/2427/140 2647/2426/140 2649/2428/140
f 2651/2430/140 2650/2431/140 2648/2429/140
f 2648/2429/140 2649/2428/140 2651/2430/140
f 2653/2432/140 2652/2433/140 2650/2431/140
f 2650/2431/140 2651/2430/140 2653/2432/140
f 2655/2434/140 2654/2435/140 2652/2433/140
f 2652/2433/140 2653/2432/140 2655/2434/140
f 2657/2436/140 2656/2437/140 2654/2435/140
f 2654/2435/140 2655/2434/140 2657/2436/140
f 2659/2438/140 2658/2439/140 2656/2437/140
f 2656/2437/140 2657/2436/140 2659/2438/140
f 2661/2440/140 2660/2441/140 2658/2439/140
f 2658/2439/140 2659/2438/140 2661/2440/140
f 2663/2442/140 2662/2443/140 2660/2441/140
f 2660/2441/140 2661/2440/140 2663/2442/140
f 2665/2444/140 2664/2445/140 2662/2443/140
f 2662/2443/140 2663/2442/140 2665/2444/140
f 2667/2446/140 2666/2447/140 2664/2445/140
f 2664/2445/140 2665/2444/140 2667/2446/140
f 2575/2355/140 2572/2354/140 2666/2447/140
f 2666/2447/140 2667/2446/140 2575/2355/140
f 2668/1463/3 2669/2448/118 2670/2449/119
f 2670/2449/119 2671/1464/121 2668/1463/3
f 2672/1461/5 2668/1463/3 2671/1464/121
f 2671/1464/121 2673/1462/6 2672/1461/5
f 2674/1459/7 2672/1461/5 2673/1462/6
f 2673/1462/6 2675/1460/8 2674/1459/7
f 2676/1457/9 2674/1459/7 2675/1460/8
f 2675/1460/8 2677/1458/300 2676/1457/9
f 2678/1455/11 2676/1457/9 2677/1458/300
f 2677/1458/300 2679/1456/12 2678/1455/11
f 2680/1453/123 2678/1455/11 2679/1456/12
f 2679/1456/12 2681/1454/124 2680/1453/123
f 2682/1451/125 2680/1453/123 2681/1454/124
f 2681/1454/124 2683/1452/16 2682/1451/125
f 2684/1449/17 2682/1451/125 2683/1452/16
f 2683/1452/16 2685/1450/18 2684/1449/17
f 2686/1447/19 2684/1449/17 2685/1450/18
f 2685/1450/18 2687/1448/20 2686/1447/19
f 2688/1445/21 2686/1447/19 2687/1448/20
f 2687/1448/20 2689/1446/22 2688/1445/21
f 2690/1443/324 2688/1445/21 2689/1446/22
f 2689/1446/22 2691/1444/24 2690/1443/324
f 2692/1441/128 2690/1443/324 2691/1444/24
f 2691/1444/24 2693/1442/129 2692/1441/128
f 2694/1439/27 2692/1441/128 2693/1442/129
f 2693/1442/129 2695/1440/131 2694/1439/27
f 2696/1437/29 2694/1439/27 2695/1440/131
f 2695/1440/131 2697/1438/30 2696/1437/29
f 2698/1435/31 2696/1437/29 2697/1438/30
f 2697/1438/30 2699/1436/32 2698/1435/31
f 2700/1433/33 2698/1435/31 2699/1436/32
f 2699/1436/32 2701/1434/34 2700/1433/33
f 2702/1431/35 2700/1433/33 2701/1434/34
f 2701/1434/34 2703/1432/133 2702/1431/35
f 2704/2450/325 2702/1431/35 2703/1432/133
f 2703/1432/133 2705/2451/134 2704/2450/325
f 2706/1427/135 2704/2450/325 2705/2451/134
f 2705/2451/134 2707/1428/40 2706/1427/135
f 2708/1425/41 2706/1427/135 2707/1428/40
f 2707/1428/40 2709/1426/42 2708/1425/41
f 2710/1423/43 2708/1425/41 2709/1426/42
f 2709/1426/42 2711/1424/44 2710/1423/43
f 2712/1421/45 2710/1423/43 2711/1424/44
f 2711/1424/44 2713/1422/46 2712/1421/45
f 2714/1419/137 2712/1421/45 2713/1422/46
f 2713/1422/46 2715/1420/48 2714/1419/137
f 2716/1417/98 2714/1419/137 2715/1420/48
f 2715/1420/48 2717/1418/99 2716/1417/98
f 2718/1415/51 2716/1417/98 2717/1418/99
f 2717/1418/99 2719/1416/100 2718/1415/51
f 2720/1413/53 2718/1415/51 2719/1416/100
f 2719/1416/100 2721/1414/54 2720/1413/53
f 2722/1411/55 2720/1413/53 2721/1414/54
f 2721/1414/54 2723/1412/56 2722/1411/55
f 2724/1409/57 2722/1411/55 2723/1412/56
f 2723/1412/56 2725/1410/58 2724/1409/57
f 2726/1407/59 2724/1409/57 2725/1410/58
f 2725/1410/58 2727/1408/102 2726/1407/59
f 2728/1405/103 2726/1407/59 2727/1408/102
f 2727/1408/102 2729/1406/104 2728/1405/103
f 2730/1403/105 2728/1405/103 2729/1406/104
f 2729/1406/104 2731/1404/64 2730/1403/105
f 2732/1401/65 2730/1403/105 2731/1404/64
f 2731/1404/64 2733/1402/66 2732/1401/65
f 2734/1399/67 2732/1401/65 2733/1402/66
f 2733/1402/66 2735/1400/68 2734/1399/67
f 2736/1397/69 2734/1399/67 2735/1400/68
f 2735/1400/68 2737/1398/70 2736/1397/69
f 2738/1393/145 2736/1397/69 2737/1398/70
f 2737/1398/70 2739/1396/72 2738/1393/145
f 2740/1466/144 2738/1393/145 2739/1396/72
f 2739/1396/72 2741/1465/108 2740/1466/144
f 2742/1487/75 2740/1466/144 2741/1465/108
f 2741/1465/108 2743/1488/110 2742/1487/75
f 2744/1485/77 2742/1487/75 2743/1488/110
f 2743/1488/110 2745/1486/78 2744/1485/77
f 2746/1483/79 2744/1485/77 2745/1486/78
f 2745/1486/78 2747/1484/80 2746/1483/79
f 2748/1481/81 2746/1483/79 2747/1484/80
f 2747/1484/80 2749/1482/82 2748/1481/81
f 2750/1479/83 2748/1481/81 2749/1482/82
f 2749/1482/82 2751/1480/112 2750/1479/83
f 2752/2452/143 2750/1479/83 2751/1480/112
f 2751/1480/112 2753/2453/113 2752/2452/143
f 2754/1475/114 2752/2452/143 2753/2453/113
f 2753/2453/113 2755/1476/88 2754/1475/114
f 2756/1473/89 2754/1475/114 2755/1476/88
f 2755/1476/88 2757/1474/90 2756/1473/89
f 2758/1471/91 2756/1473/89 2757/1474/90
f 2757/1474/90 2759/1472/92 2758/1471/91
f 2760/1469/93 2758/1471/91 2759/1472/92
f 2759/1472/92 2761/1470/94 2760/1469/93
f 2762/1467/116 2760/1469/93 2761/1470/94
f 2761/1470/94 2763/1468/96 2762/1467/116
f 2669/2448/118 2762/1467/116 2763/1468/96
f 2763/1468/96 2670/2449/119 2669/2448/118
f 2766/1562/50 2765/1561/49 2764/1559/51
f 2764/1559/51 2767/1560/100 2766/1562/50
f 2767/1560/100 2764/1559/51 2768/1557/293
f 2768/1557/293 2769/1558/336 2767/1560/100
f 2769/1558/336 2768/1557/293 2770/1555/55
f 2770/1555/55 2771/1556/56 2769/1558/336
f 2771/1556/56 2770/1555/55 2772/1553/57
f 2772/1553/57 2773/1554/58 2771/1556/56
f 2773/1554/58 2772/1553/57 2774/1551/59
f 2774/1551/59 2775/1552/60 2773/1554/58
f 2775/1552/60 2774/1551/59 2776/1549/103
f 2776/1549/103 2777/1550/104 2775/1552/60
f 2777/1550/104 2776/1549/103 2778/1547/63
f 2778/1547/63 2779/1548/64 2777/1550/104
f 2779/1548/64 2778/1547/63 2780/1545/65
f 2780/1545/65 2781/1546/66 2779/1548/64
f 2781/1546/66 2780/1545/65 2782/1543/67
f 2782/1543/67 2783/1544/68 2781/1546/66
f 2783/1544/68 2782/1543/67 2784/1541/292
f 2784/1541/292 2785/1542/291 2783/1544/68
f 2785/1542/291 2784/1541/292 2786/1539/145
f 2786/1539/145 2787/1540/107 2785/1542/291
f 2787/1540/107 2786/1539/145 2788/2454/73
f 2788/2454/73 2789/2455/74 2787/1540/107
f 2789/2455/74 2788/2454/73 2790/1535/75
f 2790/1535/75 2791/1536/110 2789/2455/74
f 2791/1536/110 2790/1535/75 2792/1533/290
f 2792/1533/290 2793/1534/326 2791/1536/110
f 2793/1534/326 2792/1533/290 2794/1531/79
f 2794/1531/79 2795/1532/80 2793/1534/326
f 2795/1532/80 2794/1531/79 2796/1529/81
f 2796/1529/81 2797/1530/82 2795/1532/80
f 2797/1530/82 2796/1529/81 2798/1527/83
f 2798/1527/83 2799/1528/84 2797/1530/82
f 2799/1528/84 2798/1527/83 2800/2456/143
f 2800/2456/143 2801/2457/113 2799/1528/84
f 2801/2457/113 2800/2456/143 2802/1523/87
f 2802/1523/87 2803/1524/88 2801/2457/113
f 2803/1524/88 2802/1523/87 2804/1521/89
f 2804/1521/89 2805/1522/90 2803/1524/88
f 2805/1522/90 2804/1521/89 2806/1519/91
f 2806/1519/91 2807/1520/92 2805/1522/90
f 2807/1520/92 2806/1519/91 2808/1517/327
f 2808/1517/327 2809/1518/288 2807/1520/92
f 2809/1518/288 2808/1517/327 2810/1515/116
f 2810/1515/116 2811/1516/117 2809/1518/288
f 2811/1516/117 2810/1515/116 2812/2458/2
f 2812/2458/2 2813/2459/1 2811/1516/117
f 2813/2459/1 2812/2458/2 2814/1511/120
f 2814/1511/120 2815/1512/121 2813/2459/1
f 2815/1512/121 2814/1511/120 2816/1509/328
f 2816/1509/328 2817/1510/329 2815/1512/121
f 2817/1510/329 2816/1509/328 2818/1507/7
f 2818/1507/7 2819/1508/8 2817/1510/329
f 2819/1508/8 2818/1507/7 2820/1505/9
f 2820/1505/9 2821/1506/300 2819/1508/8
f 2821/1506/300 2820/1505/9 2822/1503/11
f 2822/1503/11 2823/1504/330 2821/1506/300
f 2823/1504/330 2822/1503/11 2824/1501/123
f 2824/1501/123 2825/1502/124 2823/1504/330
f 2825/1502/124 2824/1501/123 2826/1499/15
f 2826/1499/15 2827/1500/16 2825/1502/124
f 2827/1500/16 2826/1499/15 2828/1497/17
f 2828/1497/17 2829/1498/18 2827/1500/16
f 2829/1498/18 2828/1497/17 2830/1495/19
f 2830/1495/19 2831/1496/20 2829/1498/18
f 2831/1496/20 2830/1495/19 2832/1493/331
f 2832/1493/331 2833/1494/308 2831/1496/20
f 2833/1494/308 2832/1493/331 2834/1491/324
f 2834/1491/324 2835/1492/24 2833/1494/308
f 2835/1492/24 2834/1491/324 2836/1490/25
f 2836/1490/25 2837/1489/26 2835/1492/24
f 2837/1489/26 2836/1490/25 2838/1583/130
f 2838/1583/130 2839/1584/131 2837/1489/26
f 2839/1584/131 2838/1583/130 2840/1581/332
f 2840/1581/332 2841/1582/30 2839/1584/131
f 2841/1582/30 2840/1581/332 2842/1579/31
f 2842/1579/31 2843/1580/32 2841/1582/30
f 2843/1580/32 2842/1579/31 2844/1577/33
f 2844/1577/33 2845/1578/34 2843/1580/32
f 2845/1578/34 2844/1577/33 2846/1575/35
f 2846/1575/35 2847/1576/133 2845/1578/34
f 2847/1576/133 2846/1575/35 2848/2460/325
f 2848/2460/325 2849/2461/134 2847/1576/133
f 2849/2461/134 2848/2460/325 2850/1571/135
f 2850/1571/135 2851/1572/40 2849/2461/134
f 2851/1572/40 2850/1571/135 2852/1569/41
f 2852/1569/41 2853/1570/42 2851/1572/40
f 2853/1570/42 2852/1569/41 2854/1567/43
f 2854/1567/43 2855/1568/44 2853/1570/42
f 2855/1568/44 2854/1567/43 2856/1565/334
f 2856/1565/334 2857/1566/335 2855/1568/44
f 2857/1566/335 2856/1565/334 2858/1563/137
f 2858/1563/137 2859/1564/48 2857/1566/335
f 2859/1564/48 2858/1563/137 2765/1561/49
f 2765/1561/49 2766/1562/50 2859/1564/48
f 2862/2462/140 2861/2463/140 2860/2464/140
f 2860/2464/140 2863/2465/140 2862/2462/140
f 2865/2466/140 2864/2467/140 2861/2463/140
f 2861/2463/140 2862/2462/140 2865/2466/140
f 2867/2468/140 2866/2469/140 2864/2467/140
f 2864/2467/140 2865/2466/140 2867/2468/140
f 2869/2470/140 2868/2471/140 2866/2469/140
f 2866/2469/140 2867/2468/140 2869/2470/140
f 2871/2472/140 2870/2473/140 2868/2471/140
f 2868/2471/140 2869/2470/140 2871/2472/140
f 2873/2474/140 2872/2475/140 2870/2473/140
f 2870/2473/140 2871/2472/140 2873/2474/140
f 2875/2476/140 2874/2477/140 2872/2475/140
f 2872/2475/140 2873/2474/140 2875/2476/140
f 2877/2478/140 2876/2479/140 2874/2477/140
f 2874/2477/140 2875/2476/140 2877/2478/140
f 2879/2480/140 2878/2481/140 2876/2479/140
f 2876/2479/140 2877/2478/140 2879/2480/140
f 2881/2482/140 2880/2483/140 2878/2481/140
f 2878/2481/140 2879/2480/140 2881/2482/140
f 2883/2484/140 2882/2485/140 2880/2483/140
f 2880/2483/140 2881/2482/140 2883/2484/140
f 2885/2486/140 2884/2487/140 2882/2485/140
f 2882/2485/140 2883/2484/140 2885/2486/140
f 2887/2488/140 2886/2489/140 2884/2487/140
f 2884/2487/140 2885/2486/140 2887/2488/140
f 2889/2490/140 2888/2491/140 2886/2489/140
f 2886/2489/140 2887/2488/140 2889/2490/140
f 2891/2492/140 2890/2493/140 2888/2491/140
f 2888/2491/140 2889/2490/140 2891/2492/140
f 2893/2494/140 2892/2495/140 2890/2493/140
f 2890/2493/140 2891/2492/140 2893/2494/140
f 2895/2496/140 2894/2497/140 2892/2495/140
f 2892/2495/140 2893/2494/140 2895/2496/140
f 2897/2498/140 2896/2499/140 2894/2497/140
f 2894/2497/140 2895/2496/140 2897/2498/140
f 2899/2500/140 2898/2501/140 2896/2499/140
f 2896/2499/140 2897/2498/140 2899/2500/140
f 2901/2502/140 2900/2503/140 2898/2501/140
f 2898/2501/140 2899/2500/140 2901/2502/140
f 2903/2504/140 2902/2505/140 2900/2503/140
f 2900/2503/140 2901/2502/140 2903/2504/140
f 2905/2506/140 2904/2507/140 2902/2505/140
f 2902/2505/140 2903/2504/140 2905/2506/140
f 2907/2508/140 2906/2509/140 2904/2507/140
f 2904/2507/140 2905/2506/140 2907/2508/140
f 2909/2510/140 2908/2511/140 2906/2509/140
f 2906/2509/140 2907/2508/140 2909/2510/140
f 2911/2512/140 2910/2513/140 2908/2511/140
f 2908/2511/140 2909/2510/140 2911/2512/140
f 2913/2514/140 2912/2515/140 2910/2513/140
f 2910/2513/140 2911/2512/140 2913/2514/140
f 2915/2516/140 2914/2517/140 2912/2515/140
f 2912/2515/140 2913/2514/140 2915/2516/140
f 2917/2518/140 2916/2519/140 2914/2517/140
f 2914/2517/140 2915/2516/140 2917/2518/140
f 2919/2520/140 2918/2521/140 2916/2519/140
f 2916/2519/140 2917/2518/140 2919/2520/140
f 2921/2522/140 2920/2523/140 2918/2521/140
f 2918/2521/140 2919/2520/140 2921/2522/140
f 2923/2524/140 2922/2525/140 2920/2523/140
f 2920/2523/140 2921/2522/140 2923/2524/140
f 2925/2526/140 2924/2527/140 2922/2525/140
f 2922/2525/140 2923/2524/140 2925/2526/140
f 2927/2528/140 2926/2529/140 2924/2527/140
f 2924/2527/140 2925/2526/140 2927/2528/140
f 2929/2530/140 2928/2531/140 2926/2529/140
f 2926/2529/140 2927/2528/140 2929/2530/140
f 2931/2532/140 2930/2533/140 2928/2531/140
f 2928/2531/140 2929/2530/140 2931/2532/140
f 2933/2534/140 2932/2535/140 2930/2533/140
f 2930/2533/140 2931/2532/140 2933/2534/140
f 2935/2536/140 2934/2537/140 2932/2535/140
f 2932/2535/140 2933/2534/140 2935/2536/140
f 2937/2538/140 2936/2539/140 2934/2537/140
f 2934/2537/140 2935/2536/140 2937/2538/140
f 2939/2540/140 2938/2541/140 2936/2539/140
f 2936/2539/140 2937/2538/140 2939/2540/140
f 2941/2542/140 2940/2543/140 2938/2541/140
f 2938/2541/140 2939/2540/140 2941/2542/140
f 2943/2544/140 2942/2545/140 2940/2543/140
f 2940/2543/140 2941/2542/140 2943/2544/140
f 2945/2546/140 2944/2547/140 2942/2545/140
f 2942/2545/140 2943/2544/140 2945/2546/140
f 2947/2548/140 2946/2549/140 2944/2547/140
f 2944/2547/140 2945/2546/140 2947/2548/140
f 2949/2550/140 2948/2551/140 2946/2549/140
f 2946/2549/140 2947/2548/140 2949/2550/140
f 2951/2552/140 2950/2553/140 2948/2551/140
f 2948/2551/140 2949/2550/140 2951/2552/140
f 2953/2554/140 2952/2555/140 2950/2553/140
f 2950/2553/140 2951/2552/140 2953/2554/140
f 2955/2556/140 2954/2557/140 2952/2555/140
f 2952/2555/140 2953/2554/140 2955/2556/140
f 2863/2465/140 2860/2464/140 2954/2557/140
f 2954/2557/140 2955/2556/140 2863/2465/140
f 2956/2558/3 2957/2559/118 2958/2560/119
f 2958/2560/119 2959/2561/121 2956/2558/3
f 2960/2562/5 2956/2558/3 2959/2561/121
f 2959/2561/121 2961/2563/6 2960/2562/5
f 2962/2564/7 2960/2562/5 2961/2563/6
f 2961/2563/6 2963/2565/8 2962/2564/7
f 2964/2566/9 2962/2564/7 2963/2565/8
f 2963/2565/8 2965/2567/300 2964/2566/9
f 2966/2568/11 2964/2566/9 2965/2567/300
f 2965/2567/300 2967/2569/12 2966/2568/11
f 2968/2570/123 2966/2568/11 2967/2569/12
f 2967/2569/12 2969/2571/124 2968/2570/123
f 2970/2572/125 2968/2570/123 2969/2571/124
f 2969/2571/124 2971/2573/16 2970/2572/125
f 2972/2574/17 2970/2572/125 2971/2573/16
f 2971/2573/16 2973/2575/18 2972/2574/17
f 2974/2576/19 2972/2574/17 2973/2575/18
f 2973/2575/18 2975/2577/20 2974/2576/19
f 2976/2578/21 2974/2576/19 2975/2577/20
f 2975/2577/20 2977/2579/22 2976/2578/21
f 2978/2580/324 2976/2578/21 2977/2579/22
f 2977/2579/22 2979/2581/24 2978/2580/324
f 2980/2582/128 2978/2580/324 2979/2581/24
f 2979/2581/24 2981/2583/129 2980/2582/128
f 2982/2584/27 2980/2582/128 2981/2583/129
f 2981/2583/129 2983/2585/131 2982/2584/27
f 2984/2586/29 2982/2584/27 2983/2585/131
f 2983/2585/131 2985/2587/30 2984/2586/29
f 2986/2588/31 2984/2586/29 2985/2587/30
f 2985/2587/30 2987/2589/32 2986/2588/31
f 2988/2590/33 2986/2588/31 2987/2589/32
f 2987/2589/32 2989/2591/34 2988/2590/33
f 2990/2592/35 2988/2590/33 2989/2591/34
f 2989/2591/34 2991/2593/133 2990/2592/35
f 2992/2594/325 2990/2592/35 2991/2593/133
f 2991/2593/133 2993/2595/134 2992/2594/325
f 2994/2596/135 2992/2594/325 2993/2595/134
f 2993/2595/134 2995/2597/40 2994/2596/135
f 2996/2598/41 2994/2596/135 2995/2597/40
f 2995/2597/40 2997/2599/42 2996/2598/41
f 2998/2600/43 2996/2598/41 2997/2599/42
f 2997/2599/42 2999/2601/44 2998/2600/43
f 3000/2602/45 2998/2600/43 2999/2601/44
f 2999/2601/44 3001/2603/46 3000/2602/45
f 3002/2604/137 3000/2602/45 3001/2603/46
f 3001/2603/46 3003/2605/48 3002/2604/137
f 3004/2606/98 3002/2604/137 3003/2605/48
f 3003/2605/48 3005/2607/99 3004/2606/98
f 3006/2608/51 3004/2606/98 3005/2607/99
f 3005/2607/99 3007/2609/100 3006/2608/51
f 3008/2610/53 3006/2608/51 3007/2609/100
f 3007/2609/100 3009/2611/54 3008/2610/53
f 3010/2612/55 3008/2610/53 3009/2611/54
f 3009/2611/54 3011/2613/56 3010/2612/55
f 3012/2614/57 3010/2612/55 3011/2613/56
f 3011/2613/56 3013/2615/58 3012/2614/57
f 3014/2616/59 3012/2614/57 3013/2615/58
f 3013/2615/58 3015/2617/102 3014/2616/59
f 3016/2618/103 3014/2616/59 3015/2617/102
f 3015/2617/102 3017/2619/104 3016/2618/103
f 3018/2620/105 3016/2618/103 3017/2619/104
f 3017/2619/104 3019/2621/64 3018/2620/105
f 3020/2622/65 3018/2620/105 3019/2621/64
f 3019/2621/64 3021/2623/66 3020/2622/65
f 3022/2624/67 3020/2622/65 3021/2623/66
f 3021/2623/66 3023/2625/68 3022/2624/67
f 3024/2626/69 3022/2624/67 3023/2625/68
f 3023/2625/68 3025/2627/70 3024/2626/69
f 3026/2628/145 3024/2626/69 3025/2627/70
f 3025/2627/70 3027/2629/72 3026/2628/145
f 3028/2630/144 3026/2628/145 3027/2629/72
f 3027/2629/72 3029/2631/108 3028/2630/144
f 3030/2632/75 3028/2630/144 3029/2631/108
f 3029/2631/108 3031/2633/110 3030/2632/75
f 3032/2634/77 3030/2632/75 3031/2633/110
f 3031/2633/110 3033/2635/78 3032/2634/77
f 3034/2636/79 3032/2634/77 3033/2635/78
f 3033/2635/78 3035/2637/80 3034/2636/79
f 3036/2638/81 3034/2636/79 3035/2637/80
f 3035/2637/80 3037/2639/82 3036/2638/81
f 3038/2640/83 3036/2638/81 3037/2639/82
f 3037/2639/82 3039/2641/112 3038/2640/83
f 3040/2642/143 3038/2640/83 3039/2641/112
f 3039/2641/112 3041/2643/113 3040/2642/143
f 3042/2644/114 3040/2642/143 3041/2643/113
f 3041/2643/113 3043/2645/88 3042/2644/114
f 3044/2646/89 3042/2644/114 3043/2645/88
f 3043/2645/88 3045/2647/90 3044/2646/89
f 3046/2648/91 3044/2646/89 3045/2647/90
f 3045/2647/90 3047/2649/92 3046/2648/91
f 3048/2650/93 3046/2648/91 3047/2649/92
f 3047/2649/92 3049/2651/94 3048/2650/93
f 3050/2652/116 3048/2650/93 3049/2651/94
f 3049/2651/94 3051/2653/96 3050/2652/116
f 2957/2559/118 3050/2652/116 3051/2653/96
f 3051/2653/96 2958/2560/119 2957/2559/118
f 3054/2654/50 3053/2655/49 3052/2656/51
f 3052/2656/51 3055/2657/100 3054/2654/50
f 3055/2657/100 3052/2656/51 3056/2658/293
f 3056/2658/293 3057/2659/336 3055/2657/100
f 3057/2659/336 3056/2658/293 3058/2660/55
f 3058/2660/55 3059/2661/56 3057/2659/336
f 3059/2661/56 3058/2660/55 3060/2662/57
f 3060/2662/57 3061/2663/58 3059/2661/56
f 3061/2663/58 3060/2662/57 3062/2664/59
f 3062/2664/59 3063/2665/60 3061/2663/58
f 3063/2665/60 3062/2664/59 3064/2666/103
f 3064/2666/103 3065/2667/104 3063/2665/60
f 3065/2667/104 3064/2666/103 3066/2668/63
f 3066/2668/63 3067/2669/64 3065/2667/104
f 3067/2669/64 3066/2668/63 3068/2670/65
f 3068/2670/65 3069/2671/66 3067/2669/64
f 3069/2671/66 3068/2670/65 3070/2672/67
f 3070/2672/67 3071/2673/68 3069/2671/66
f 3071/2673/68 3070/2672/67 3072/2674/292
f 3072/2674/292 3073/2675/291 3071/2673/68
f 3073/2675/291 3072/2674/292 3074/2676/145
f 3074/2676/145 3075/2677/72 3073/2675/291
f 3075/2677/72 3074/2676/145 3076/2678/73
f 3076/2678/73 3077/2679/74 3075/2677/72
f 3077/2679/74 3076/2678/73 3078/2680/109
f 3078/2680/109 3079/2681/110 3077/2679/74
f 3079/2681/110 3078/2680/109 3080/2682/77
f 3080/2682/77 3081/2683/78 3079/2681/110
f 3081/2683/78 3080/2682/77 3082/2684/79
f 3082/2684/79 3083/2685/80 3081/2683/78
f 3083/2685/80 3082/2684/79 3084/2686/81
f 3084/2686/81 3085/2687/82 3083/2685/80
f 3085/2687/82 3084/2686/81 3086/2688/83
f 3086/2688/83 3087/2689/84 3085/2687/82
f 3087/2689/84 3086/2688/83 3088/2690/143
f 3088/2690/143 3089/2691/113 3087/2689/84
f 3089/2691/113 3088/2690/143 3090/2692/87
f 3090/2692/87 3091/2693/88 3089/2691/113
f 3091/2693/88 3090/2692/87 3092/2694/89
f 3092/2694/89 3093/2695/90 3091/2693/88
f 3093/2695/90 3092/2694/89 3094/2696/91
f 3094/2696/91 3095/2697/92 3093/2695/90
f 3095/2697/92 3094/2696/91 3096/2698/327
f 3096/2698/327 3097/2699/288 3095/2697/92
f 3097/2699/288 3096/2698/327 3098/2700/116
f 3098/2700/116 3099/2701/117 3097/2699/288
f 3099/2701/117 3098/2700/116 3100/2702/2
f 3100/2702/2 3101/2703/1 3099/2701/117
f 3101/2703/1 3100/2702/2 3102/2704/3
f 3102/2704/3 3103/2705/121 3101/2703/1
f 3103/2705/121 3102/2704/3 3104/2706/328
f 3104/2706/328 3105/2707/6 3103/2705/121
f 3105/2707/6 3104/2706/328 3106/2708/7
f 3106/2708/7 3107/2709/8 3105/2707/6
f 3107/2709/8 3106/2708/7 3108/2710/9
f 3108/2710/9 3109/2711/300 3107/2709/8
f 3109/2711/300 3108/2710/9 3110/2712/11
f 3110/2712/11 3111/2713/330 3109/2711/300
f 3111/2713/330 3110/2712/11 3112/2714/123
f 3112/2714/123 3113/2715/124 3111/2713/330
f 3113/2715/124 3112/2714/123 3114/2716/125
f 3114/2716/125 3115/2717/16 3113/2715/124
f 3115/2717/16 3114/2716/125 3116/2718/17
f 3116/2718/17 3117/2719/18 3115/2717/16
f 3117/2719/18 3116/2718/17 3118/2720/19
f 3118/2720/19 3119/2721/20 3117/2719/18
f 3119/2721/20 3118/2720/19 3120/2722/21
f 3120/2722/21 3121/2723/22 3119/2721/20
f 3121/2723/22 3120/2722/21 3122/2724/324
f 3122/2724/324 3123/2725/24 3121/2723/22
f 3123/2725/24 3122/2724/324 3124/2726/25
f 3124/2726/25 3125/2727/26 3123/2725/24
f 3125/2727/26 3124/2726/25 3126/2728/27
f 3126/2728/27 3127/2729/131 3125/2727/26
f 3127/2729/131 3126/2728/27 3128/2730/29
f 3128/2730/29 3129/2731/30 3127/2729/131
f 3129/2731/30 3128/2730/29 3130/2732/31
f 3130/2732/31 3131/2733/32 3129/2731/30
f 3131/2733/32 3130/2732/31 3132/2734/33
f 3132/2734/33 3133/2735/34 3131/2733/32
f 3133/2735/34 3132/2734/33 3134/2736/35
f 3134/2736/35 3135/2737/36 3133/2735/34
f 3135/2737/36 3134/2736/35 3136/2738/325
f 3136/2738/325 3137/2739/134 3135/2737/36
f 3137/2739/134 3136/2738/325 3138/2740/39
f 3138/2740/39 3139/2741/40 3137/2739/134
f 3139/2741/40 3138/2740/39 3140/2742/41
f 3140/2742/41 3141/2743/42 3139/2741/40
f 3141/2743/42 3140/2742/41 3142/2744/43
f 3142/2744/43 3143/2745/44 3141/2743/42
f 3143/2745/44 3142/2744/43 3144/2746/334
f 3144/2746/334 3145/2747/335 3143/2745/44
f 3145/2747/335 3144/2746/334 3146/2748/137
f 3146/2748/137 3147/2749/48 3145/2747/335
f 3147/2749/48 3146/2748/137 3053/2655/49
f 3053/2655/49 3054/2654/50 3147/2749/48
f 3150/2750/140 3149/2751/140 3148/2752/140
f 3148/2752/140 3151/2753/140 3150/2750/140
f 3153/2754/140 3152/2755/140 3149/2751/140
f 3149/2751/140 3150/2750/140 3153/2754/140
f 3155/2756/140 3154/2757/140 3152/2755/140
f 3152/2755/140 3153/2754/140 3155/2756/140
f 3157/2758/140 3156/2759/140 3154/2757/140
f 3154/2757/140 3155/2756/140 3157/2758/140
f 3159/2760/140 3158/2761/140 3156/2759/140
f 3156/2759/140 3157/2758/140 3159/2760/140
f 3161/2762/140 3160/2763/140 3158/2761/140
f 3158/2761/140 3159/2760/140 3161/2762/140
f 3163/2764/140 3162/2765/140 3160/2763/140
f 3160/2763/140 3161/2762/140 3163/2764/140
f 3165/2766/140 3164/2767/140 3162/2765/140
f 3162/2765/140 3163/2764/140 3165/2766/140
f 3167/2768/140 3166/2769/140 3164/2767/140
f 3164/2767/140 3165/2766/140 3167/2768/140
f 3169/2770/140 3168/2771/140 3166/2769/140
f 3166/2769/140 3167/2768/140 3169/2770/140
f 3171/2772/140 3170/2773/140 3168/2771/140
f 3168/2771/140 3169/2770/140 3171/2772/140
f 3173/2774/140 3172/2775/140 3170/2773/140
f 3170/2773/140 3171/2772/140 3173/2774/140
f 3175/2776/140 3174/2777/140 3172/2775/140
f 3172/2775/140 3173/2774/140 3175/2776/140
f 3177/2778/140 3176/2779/140 3174/2777/140
f 3174/2777/140 3175/2776/140 3177/2778/140
f 3179/2780/140 3178/2781/140 3176/2779/140
f 3176/2779/140 3177/2778/140 3179/2780/140
f 3181/2782/140 3180/2783/140 3178/2781/140
f 3178/2781/140 3179/2780/140 3181/2782/140
f 3183/2784/140 3182/2785/140 3180/2783/140
f 3180/2783/140 3181/2782/140 3183/2784/140
f 3185/2786/140 3184/2787/140 3182/2785/140
f 3182/2785/140 3183/2784/140 3185/2786/140
f 3187/2788/140 3186/2789/140 3184/2787/140
f 3184/2787/140 3185/2786/140 3187/2788/140
f 3189/2790/140 3188/2791/140 3186/2789/140
f 3186/2789/140 3187/2788/140 3189/2790/140
f 3191/2792/140 3190/2793/140 3188/2791/140
f 3188/2791/140 3189/2790/140 3191/2792/140
f 3193/2794/140 3192/2795/140 3190/2793/140
f 3190/2793/140 3191/2792/140 3193/2794/140
f 3195/2796/140 3194/2797/140 3192/2795/140
f 3192/2795/140 3193/2794/140 3195/2796/140
f 3197/2798/140 3196/2799/140 3194/2797/140
f 3194/2797/140 3195/2796/140 3197/2798/140
f 3199/2800/140 3198/2801/140 3196/2799/140
f 3196/2799/140 3197/2798/140 3199/2800/140
f 3201/2802/140 3200/2803/140 3198/2801/140
f 3198/2801/140 3199/2800/140 3201/2802/140
f 3203/2804/140 3202/2805/140 3200/2803/140
f 3200/2803/140 3201/2802/140 3203/2804/140
f 3205/2806/140 3204/2807/140 3202/2805/140
f 3202/2805/140 3203/2804/140 3205/2806/140
f 3207/2808/140 3206/2809/140 3204/2807/140
f 3204/2807/140 3205/2806/140 3207/2808/140
f 3209/2810/140 3208/2811/140 3206/2809/140
f 3206/2809/140 3207/2808/140 3209/2810/140
f 3211/2812/140 3210/2813/140 3208/2811/140
f 3208/2811/140 3209/2810/140 3211/2812/140
f 3213/2814/140 3212/2815/140 3210/2813/140
f 3210/2813/140 3211/2812/140 3213/2814/140
f 3215/2816/140 3214/2817/140 3212/2815/140
f 3212/2815/140 3213/2814/140 3215/2816/140
f 3217/2818/140 3216/2819/140 3214/2817/140
f 3214/2817/140 3215/2816/140 3217/2818/140
f 3219/2820/140 3218/2821/140 3216/2819/140
f 3216/2819/140 3217/2818/140 3219/2820/140
f 3221/2822/140 3220/2823/140 3218/2821/140
f 3218/2821/140 3219/2820/140 3221/2822/140
f 3223/2824/140 3222/2825/140 3220/2823/140
f 3220/2823/140 3221/2822/140 3223/2824/140
f 3225/2826/140 3224/2827/140 3222/2825/140
f 3222/2825/140 3223/2824/140 3225/2826/140
f 3227/2828/140 3226/2829/140 3224/2827/140
f 3224/2827/140 3225/2826/140 3227/2828/140
f 3229/2830/140 3228/2831/140 3226/2829/140
f 3226/2829/140 3227/2828/140 3229/2830/140
f 3231/2832/140 3230/2833/140 3228/2831/140
f 3228/2831/140 3229/2830/140 3231/2832/140
f 3233/2834/140 3232/2835/140 3230/2833/140
f 3230/2833/140 3231/2832/140 3233/2834/140
f 3235/2836/140 3234/2837/140 3232/2835/140
f 3232/2835/140 3233/2834/140 3235/2836/140
f 3237/2838/140 3236/2839/140 3234/2837/140
f 3234/2837/140 3235/2836/140 3237/2838/140
f 3239/2840/140 3238/2841/140 3236/2839/140
f 3236/2839/140 3237/2838/140 3239/2840/140
f 3241/2842/140 3240/2843/140 3238/2841/140
f 3238/2841/140 3239/2840/140 3241/2842/140
f 3243/2844/140 3242/2845/140 3240/2843/140
f 3240/2843/140 3241/2842/140 3243/2844/140
f 3151/2753/140 3148/2752/140 3242/2845/140
f 3242/2845/140 3243/2844/140 3151/2753/140
