mtllib plant_flower_rose_with_bar_and_pin_hole_dark_pink.mtl
v -11.43576 14.92223 -7.730979
v -11.34039 15.09462 -7.903032
v -12.02602 16.50883 -6.66613
v -11.54121 14.77685 -7.540744
v -11.65496 14.66102 -7.335543
v -11.77508 14.57702 -7.118838
v -11.89945 14.52582 -6.894465
v -12.02602 14.50885 -6.666133
v -12.15258 14.52582 -6.437802
v -12.27696 14.57702 -6.213428
v -12.39708 14.66102 -5.996724
v -12.51082 14.77684 -5.791522
v -12.61627 14.92222 -5.601286
v -12.71164 15.09462 -5.429234
v -12.79522 15.29133 -5.278455
v -12.8657 15.50884 -5.151301
v -12.92186 15.74346 -5.049999
v -12.96258 15.99123 -4.976527
v -12.9874 16.24776 -4.931751
v -12.99563 16.50883 -4.916908
v -12.98741 16.76989 -4.93175
v -12.96259 17.02643 -4.976525
v -12.92186 17.2742 -5.049997
v -12.86571 17.50882 -5.151298
v -12.79523 17.72633 -5.278451
v -12.71165 17.92304 -5.429229
v -12.61628 18.09544 -5.601281
v -12.51083 18.24082 -5.791516
v -12.39709 18.35664 -5.996717
v -12.27697 18.44065 -6.213422
v -12.15259 18.49184 -6.437796
v -12.02603 18.50881 -6.666127
v -11.89946 18.49184 -6.894459
v -11.77509 18.44065 -7.118832
v -11.65497 18.35665 -7.335537
v -11.54122 18.24082 -7.540739
v -11.43577 18.09544 -7.730974
v -11.3404 17.92305 -7.903027
v -11.25682 17.72633 -8.053805
v -11.18634 17.50883 -8.180959
v -11.13019 17.27421 -8.282261
v -11.08946 17.02644 -8.355734
v -11.06464 16.7699 -8.40051
v -11.05641 16.50884 -8.415353
v -11.06464 16.24777 -8.400511
v -11.08946 15.99124 -8.355735
v -11.13018 15.74347 -8.282264
v -11.18634 15.50885 -8.180963
v -11.25682 15.29134 -8.053809
v 0.5902581 14.92225 -1.064848
v 0.6856279 15.09464 -1.2369
v -11.34039 15.09462 -7.903032
v -11.43576 14.92223 -7.730979
v 0.4848094 14.77687 -0.8746127
v -11.54121 14.77685 -7.540744
v 0.3710646 14.66104 -0.6694114
v -11.65496 14.66102 -7.335543
v 0.2509434 14.57704 -0.4527067
v -11.77508 14.57702 -7.118838
v 0.1265713 14.52584 -0.2283333
v -11.89945 14.52582 -6.894465
v 5.09972E-06 14.50887 -1.75988E-06
v -12.02602 14.50885 -6.666133
v -0.1265612 14.52584 0.2283298
v -12.15258 14.52582 -6.437802
v -0.2509336 14.57704 0.4527034
v -12.27696 14.57702 -6.213428
v -0.3710552 14.66104 0.6694083
v -12.39708 14.66102 -5.996723
v -0.4848005 14.77686 0.8746101
v -12.51082 14.77684 -5.791522
v -0.59025 14.92224 1.064845
v -12.61627 14.92222 -5.601286
v -0.6856207 15.09464 1.236898
v -12.71164 15.09462 -5.429234
v -0.7691988 15.29135 1.387677
v -12.79522 15.29133 -5.278455
v -0.8396816 15.50886 1.51483
v -12.8657 15.50884 -5.151301
v -0.8958348 15.74348 1.616133
v -12.92186 15.74346 -5.049999
v -0.9365615 15.99125 1.689605
v -12.96258 15.99123 -4.976527
v -0.9613817 16.24779 1.734381
v -12.9874 16.24776 -4.931751
v -0.9696099 16.50885 1.749224
v -12.99563 16.50883 -4.916908
v -0.9613831 16.76991 1.734382
v -12.98741 16.76989 -4.93175
v -0.9365641 17.02645 1.689607
v -12.96259 17.02643 -4.976525
v -0.8958387 17.27422 1.616135
v -12.92186 17.2742 -5.049996
v -0.8396867 17.50884 1.514833
v -12.86571 17.50882 -5.151298
v -0.769205 17.72635 1.387681
v -12.79523 17.72633 -5.278451
v -0.6856279 17.92306 1.236903
v -12.71165 17.92304 -5.429229
v -0.5902581 18.09546 1.06485
v -12.61628 18.09544 -5.601281
v -0.4848094 18.24084 0.8746156
v -12.51083 18.24082 -5.791516
v -0.3710646 18.35666 0.6694142
v -12.39709 18.35664 -5.996717
v -0.2509434 18.44067 0.4527096
v -12.27697 18.44065 -6.213422
v -0.1265713 18.49186 0.2283362
v -12.15259 18.49184 -6.437796
v -5.09972E-06 18.50883 4.64638E-06
v -12.02603 18.50881 -6.666127
v 0.1265612 18.49187 -0.228327
v -11.89946 18.49184 -6.894459
v 0.2509336 18.44067 -0.4527006
v -11.77509 18.44065 -7.118832
v 0.3710552 18.35667 -0.6694054
v -11.65497 18.35665 -7.335537
v 0.4848005 18.24084 -0.8746071
v -11.54122 18.24082 -7.540739
v 0.59025 18.09546 -1.064842
v -11.43577 18.09544 -7.730974
v 0.6856207 17.92307 -1.236895
v -11.3404 17.92305 -7.903027
v 0.7691988 17.72635 -1.387674
v -11.25682 17.72633 -8.053805
v 0.8396816 17.50885 -1.514827
v -11.18634 17.50883 -8.180959
v 0.8958348 17.27423 -1.61613
v -11.13019 17.27421 -8.282262
v 0.9365615 17.02646 -1.689602
v -11.08946 17.02644 -8.355734
v 0.9613817 16.76992 -1.734378
v -11.06464 16.7699 -8.40051
v 0.9696099 16.50886 -1.749221
v -11.05641 16.50884 -8.415353
v 0.9613831 16.2478 -1.734379
v -11.06464 16.24777 -8.400511
v 0.9365641 15.99126 -1.689604
v -11.08946 15.99124 -8.355735
v 0.8958387 15.74349 -1.616132
v -11.13018 15.74347 -8.282264
v 0.8396867 15.50887 -1.514831
v -11.18634 15.50885 -8.180963
v 0.769205 15.29136 -1.387678
v -11.25682 15.29134 -8.053809
v -0.6856279 17.92306 1.236903
v -0.769205 17.72635 1.387681
v -1.53841 18.94384 2.77536
v -1.371256 19.33727 2.473804
v -0.8396867 17.50884 1.514833
v -1.679373 18.50883 3.029665
v -0.8958387 17.27422 1.616135
v -1.791677 18.03959 3.232269
v -0.9365641 17.02645 1.689607
v -1.873128 17.54405 3.379211
v -0.9613831 16.76991 1.734382
v -1.922766 17.03097 3.468762
v -0.9696099 16.50885 1.749224
v -1.93922 16.50884 3.498447
v -0.9613817 16.24779 1.734381
v -1.922763 15.98672 3.46876
v -0.9365615 15.99125 1.689605
v -1.873123 15.47364 3.379208
v -0.8958348 15.74348 1.616133
v -1.79167 14.9781 3.232264
v -0.8396816 15.50886 1.51483
v -1.679363 14.50886 3.029659
v -0.7691988 15.29135 1.387677
v -1.538398 14.07385 2.775352
v -0.6856207 15.09464 1.236898
v -1.371241 13.68042 2.473795
v -0.59025 14.92224 1.064845
v -1.1805 13.33564 2.129689
v -0.4848005 14.77686 0.8746101
v -0.9696011 13.04487 1.749219
v -0.3710552 14.66104 0.6694083
v -0.7421104 12.81323 1.338815
v -0.2509336 14.57704 0.4527034
v -0.5018672 12.64522 0.9054054
v -0.1265612 14.52584 0.2283298
v -0.2531224 12.54283 0.4566582
v 5.09972E-06 14.50887 -1.75988E-06
v 1.019944E-05 12.50889 -4.963009E-06
v 0.1265713 14.52584 -0.2283333
v 0.2531426 12.54283 -0.456668
v 0.2509434 14.57704 -0.4527067
v 0.5018868 12.64522 -0.9054149
v 0.3710646 14.66104 -0.6694114
v 0.7421292 12.81323 -1.338824
v 0.4848094 14.77687 -0.8746127
v 0.9696187 13.04488 -1.749227
v 0.5902581 14.92225 -1.064848
v 1.180516 13.33565 -2.129697
v 0.6856279 15.09464 -1.2369
v 1.371256 13.68043 -2.473801
v 0.769205 15.29136 -1.387678
v 1.53841 14.07387 -2.775357
v 0.8396867 15.50887 -1.514831
v 1.679373 14.50888 -3.029663
v 0.8958387 15.74349 -1.616132
v 1.791677 14.97812 -3.232266
v 0.9365641 15.99126 -1.689604
v 1.873128 15.47366 -3.379209
v 0.9613831 16.2478 -1.734379
v 1.922766 15.98674 -3.468759
v 0.9696099 16.50886 -1.749221
v 1.93922 16.50886 -3.498444
v 0.9613817 16.76992 -1.734378
v 1.922763 17.03099 -3.468758
v 0.9365615 17.02646 -1.689602
v 1.873123 17.54407 -3.379205
v 0.8958348 17.27423 -1.61613
v 1.79167 18.03961 -3.232261
v 0.8396816 17.50885 -1.514827
v 1.679363 18.50884 -3.029656
v 0.7691988 17.72635 -1.387674
v 1.538398 18.94386 -2.775349
v 0.6856207 17.92307 -1.236895
v 1.371241 19.33729 -2.473792
v 0.59025 18.09546 -1.064842
v 1.1805 19.68207 -2.129686
v 0.4848005 18.24084 -0.8746071
v 0.9696011 19.97283 -1.749216
v 0.3710552 18.35667 -0.6694054
v 0.7421104 20.20448 -1.338812
v 0.2509336 18.44067 -0.4527006
v 0.5018672 20.37249 -0.9054025
v 0.1265612 18.49187 -0.228327
v 0.2531224 20.47488 -0.4566554
v -5.09972E-06 18.50883 4.64638E-06
v -1.019944E-05 20.50882 7.84951E-06
v -0.1265713 18.49186 0.2283362
v -0.2531426 20.47487 0.4566709
v -0.2509434 18.44067 0.4527096
v -0.5018868 20.37248 0.9054178
v -0.3710646 18.35666 0.6694142
v -0.7421292 20.20447 1.338827
v -0.4848094 18.24084 0.8746156
v -0.9696187 19.97282 1.74923
v -0.5902581 18.09546 1.06485
v -1.180516 19.68206 2.129699
v -6.567474 18.94383 -0.01229542
v -6.40032 19.33727 -0.3138508
v -1.371256 19.33727 2.473804
v -1.53841 18.94384 2.77536
v -6.708437 18.50882 0.2420103
v -1.679373 18.50883 3.029665
v -6.820742 18.03958 0.4446137
v -1.791677 18.03959 3.232269
v -6.902193 17.54404 0.5915565
v -1.873128 17.54405 3.379211
v -6.95183 17.03096 0.6811071
v -1.922766 17.03097 3.468762
v -6.968284 16.50883 0.7107918
v -1.93922 16.50884 3.498447
v -6.951828 15.98671 0.6811054
v -1.922763 15.98672 3.46876
v -6.902187 15.47363 0.5915532
v -1.873123 15.47364 3.379208
v -6.820734 14.97809 0.4446087
v -1.79167 14.9781 3.232264
v -6.708427 14.50886 0.2420039
v -1.679363 14.50886 3.029659
v -6.567462 14.07384 -0.01230322
v -1.538398 14.07385 2.775352
v -6.400306 13.68041 -0.3138599
v -1.371241 13.68042 2.473795
v -6.209564 13.33563 -0.6579658
v -1.1805 13.33564 2.129689
v -5.998665 13.04487 -1.038436
v -0.9696011 13.04487 1.749219
v -5.771174 12.81322 -1.44884
v -0.7421104 12.81323 1.338815
v -5.530931 12.64521 -1.88225
v -0.5018672 12.64522 0.9054054
v -5.282187 12.54282 -2.330997
v -0.2531224 12.54283 0.4566582
v -5.029054 12.50888 -2.78766
v 1.019944E-05 12.50889 -4.963009E-06
v -4.775921 12.54283 -3.244323
v 0.2531426 12.54283 -0.456668
v -4.527177 12.64522 -3.69307
v 0.5018868 12.64522 -0.9054149
v -4.286935 12.81323 -4.126479
v 0.7421292 12.81323 -1.338824
v -4.059445 13.04488 -4.536882
v 0.9696187 13.04488 -1.749227
v -3.848548 13.33564 -4.917352
v 1.180516 13.33565 -2.129697
v -3.657808 13.68042 -5.261456
v 1.371256 13.68043 -2.473801
v -3.490654 14.07386 -5.563012
v 1.53841 14.07387 -2.775357
v -3.349691 14.50887 -5.817317
v 1.679373 14.50888 -3.029663
v -3.237387 14.97811 -6.019921
v 1.791677 14.97812 -3.232266
v -3.155936 15.47365 -6.166864
v 1.873128 15.47366 -3.379209
v -3.106298 15.98673 -6.256414
v 1.922766 15.98674 -3.468759
v -3.089844 16.50886 -6.286099
v 1.93922 16.50886 -3.498444
v -3.106301 17.03098 -6.256413
v 1.922763 17.03099 -3.468758
v -3.155941 17.54406 -6.166861
v 1.873123 17.54407 -3.379205
v -3.237395 18.0396 -6.019916
v 1.79167 18.03961 -3.232261
v -3.349701 18.50883 -5.817311
v 1.679363 18.50884 -3.029656
v -3.490666 18.94385 -5.563004
v 1.538398 18.94386 -2.775349
v -3.657823 19.33728 -5.261447
v 1.371241 19.33729 -2.473792
v -3.848564 19.68206 -4.917342
v 1.1805 19.68207 -2.129686
v -4.059463 19.97283 -4.536871
v 0.9696011 19.97283 -1.749216
v -4.286954 20.20447 -4.126467
v 0.7421104 20.20448 -1.338812
v -4.527197 20.37248 -3.693058
v 0.5018672 20.37249 -0.9054025
v -4.775942 20.47487 -3.24431
v 0.2531224 20.47488 -0.4566554
v -5.029074 20.50881 -2.787647
v -1.019944E-05 20.50882 7.84951E-06
v -5.282207 20.47486 -2.330984
v -0.2531426 20.47487 0.4566709
v -5.530951 20.37247 -1.882237
v -0.5018868 20.37248 0.9054178
v -5.771194 20.20446 -1.448828
v -0.7421292 20.20447 1.338827
v -5.998683 19.97281 -1.038425
v -0.9696187 19.97282 1.74923
v -6.20958 19.68205 -0.6579556
v -1.180516 19.68206 2.129699
v -3.657808 13.68042 -5.261456
v -3.759338 12.26621 -6.934687
v -4.045448 11.74903 -6.41853
v -3.848548 13.33564 -4.917352
v -4.361794 11.31289 -5.847825
v -4.059445 13.04488 -4.536882
v -4.703028 10.96542 -5.232221
v -4.286935 12.81323 -4.126479
v -5.063392 10.7134 -4.582107
v -4.527177 12.64522 -3.69307
v -5.436508 10.55981 -3.908986
v -4.775921 12.54283 -3.244323
v -5.816207 10.5089 -3.223992
v -5.029054 12.50888 -2.78766
v -6.195906 10.55981 -2.538997
v -5.282187 12.54282 -2.330997
v -6.569023 10.71339 -1.865876
v -5.530931 12.64521 -1.88225
v -6.929388 10.9654 -1.215762
v -5.771174 12.81322 -1.44884
v -7.270624 11.31287 -0.6001564
v -5.998665 13.04487 -1.038436
v -7.586972 11.74902 -0.0294505
v -6.209564 13.33563 -0.6579658
v -7.873084 12.26619 0.4867083
v -6.400306 13.68041 -0.3138599
v -8.123818 12.85634 0.9390433
v -6.567462 14.07384 -0.01230322
v -8.335267 13.50886 1.320504
v -6.708427 14.50886 0.2420039
v -8.503726 14.21271 1.624411
v -6.820734 14.97809 0.4446087
v -8.625907 14.95602 1.844828
v -6.902187 15.47363 0.5915532
v -8.700367 15.72564 1.979156
v -6.951828 15.98671 0.6811054
v -8.725052 16.50883 2.023686
v -6.968284 16.50883 0.7107918
v -8.700372 17.29202 1.979159
v -6.95183 17.03096 0.6811071
v -8.625915 18.06164 1.844833
v -6.902193 17.54404 0.5915565
v -8.503738 18.80495 1.624418
v -6.820742 18.03958 0.4446137
v -8.335282 19.5088 1.320514
v -6.708437 18.50882 0.2420103
v -8.123837 20.16132 0.939055
v -6.567474 18.94383 -0.01229542
v -7.873106 20.75147 0.4867219
v -6.40032 19.33727 -0.3138508
v -7.586996 21.26865 -0.02943525
v -6.20958 19.68205 -0.6579556
v -7.27065 21.7048 -0.6001398
v -5.998683 19.97281 -1.038425
v -6.929416 22.05227 -1.215744
v -5.771194 20.20446 -1.448828
v -6.569052 22.30429 -1.865858
v -5.530951 20.37247 -1.882237
v -6.195936 22.45787 -2.538978
v -5.282207 20.47486 -2.330984
v -5.816237 22.50879 -3.223973
v -5.029074 20.50881 -2.787647
v -5.436539 22.45788 -3.908967
v -4.775942 20.47487 -3.24431
v -5.063421 22.3043 -4.582088
v -4.527197 20.37248 -3.693058
v -4.703057 22.05228 -5.232203
v -4.286954 20.20447 -4.126467
v -4.36182 21.70481 -5.847808
v -4.059463 19.97283 -4.536871
v -4.045472 21.26867 -6.418514
v -3.848564 19.68206 -4.917342
v -3.75936 20.7515 -6.934673
v -3.657823 19.33728 -5.261447
v -3.508626 20.16135 -7.387008
v -3.490666 18.94385 -5.563004
v -3.297177 19.50883 -7.768469
v -3.349701 18.50883 -5.817311
v -3.128718 18.80498 -8.072375
v -3.237395 18.0396 -6.019916
v -3.006537 18.06166 -8.292792
v -3.155941 17.54406 -6.166861
v -2.932077 17.29205 -8.427121
v -3.106301 17.03098 -6.256413
v -2.907392 16.50886 -8.47165
v -3.089844 16.50886 -6.286099
v -2.932073 15.72567 -8.427123
v -3.106298 15.98673 -6.256414
v -3.00653 14.95605 -8.292797
v -3.155936 15.47365 -6.166864
v -3.128706 14.21274 -8.072383
v -3.237387 14.97811 -6.019921
v -3.297162 13.50889 -7.768478
v -3.349691 14.50887 -5.817317
v -3.508607 12.85637 -7.38702
v -3.490654 14.07386 -5.563012
v -4.382123 11.20555 -8.492615
v -4.73976 10.55908 -7.847418
v -5.135192 10.0139 -7.134038
v -5.561735 9.579556 -6.364532
v -6.01219 9.264537 -5.55189
v -6.478585 9.072556 -4.71049
v -6.953208 9.008913 -3.854247
v -7.427832 9.07255 -2.998003
v -7.894228 9.264527 -2.156602
v -8.344685 9.579541 -1.343959
v -8.77123 10.01388 -0.5744522
v -9.166665 10.55906 0.1389299
v -9.524305 11.20553 0.7841287
v -9.837723 11.94322 1.349547
v -10.10203 12.75886 1.826373
v -10.31261 13.63868 2.206258
v -10.46533 14.56782 2.481778
v -10.55841 15.52983 2.649689
v -10.58926 16.50882 2.705351
v -10.55841 17.48781 2.649692
v -10.46534 18.44983 2.481784
v -10.31262 19.37897 2.206267
v -10.10205 20.25879 1.826385
v -9.837747 21.07444 1.349562
v -9.524332 21.81213 0.7841457
v -9.166695 22.4586 0.138949
v -8.771263 23.00379 -0.5744314
v -8.34472 23.43813 -1.343937
v -7.894265 23.75315 -2.156579
v -7.42787 23.94513 -2.997979
v -6.953247 24.00877 -3.854223
v -6.478623 23.94513 -4.710466
v -6.012227 23.75316 -5.551867
v -5.56177 23.43814 -6.364511
v -5.135225 23.00381 -7.134017
v -4.73979 22.45863 -7.847399
v -4.38215 21.81216 -8.492598
v -4.068732 21.07447 -9.058017
v -3.804422 20.25882 -9.534842
v -3.593847 19.37901 -9.914726
v -3.441122 18.44987 -10.19025
v -3.348046 17.48785 -10.35816
v -3.31719 16.50886 -10.41382
v -3.348041 15.52987 -10.35816
v -3.441112 14.56785 -10.19025
v -3.593832 13.63871 -9.914736
v -3.804403 12.75889 -9.534855
v -4.068709 11.94324 -9.058031
v -9.524305 11.20553 0.7841287
v -10.14279 10.77066 0.08475916
v -10.8201 11.16663 0.1103212
v -8.344685 9.579541 -1.343959
v -9.642036 9.49999 -2.136664
v -6.953208 9.008913 -3.854247
v -8.844369 9.017749 -4.949425
v -5.561736 9.579556 -6.364532
v -7.66819 9.66193 -7.655046
v -5.640213 11.16666 -9.234451
v -6.535912 11.22818 -9.660607
v -4.382123 11.20555 -8.492615
v -4.94096 11.51739 -9.299593
v -3.593832 13.63871 -9.914736
v -4.883814 13.70306 -10.72074
v -3.31719 16.50886 -10.41382
v -5.23252 16.54987 -11.4654
v -3.593847 19.37901 -9.914726
v -5.792346 19.48648 -11.03919
v -5.64024 21.85105 -9.234434
v -6.535938 21.78953 -9.660591
v -4.38215 21.81216 -8.492598
v -5.561771 23.43814 -6.36451
v -6.921515 23.51769 -7.044657
v -6.953247 24.00877 -3.854223
v -8.884173 23.99993 -4.877661
v -8.34472 23.43813 -1.343937
v -10.55539 23.35575 -2.446442
v -10.82013 21.85102 0.1103383
v -11.65618 21.7895 -0.4234282
v -9.524332 21.81213 0.7841457
v -10.50483 21.50029 0.7378591
v -10.31262 19.37897 2.206266
v -11.67974 19.31462 1.539416
v -10.58926 16.50882 2.705351
v -12.49602 16.46781 1.638311
v -10.31261 13.63868 2.206257
v -12.43123 13.53119 0.9376979
v -11.65615 11.22815 -0.4234451
v -16.84047 13.04683 -8.2919
v -17.97141 14.01344 -7.216951
v -16.71423 13.29007 -6.640549
v -16.0814 12.63105 -7.782208
v -17.45265 14.816 -5.308407
v -18.68857 15.4927 -6.364576
v -17.67697 13.93212 -8.294747
v -16.84047 13.04683 -8.291899
v -17.12115 13.72848 -8.820995
v -17.12115 13.72848 -8.820995
v -16.84047 13.04683 -8.291899
v -17.0468 13.39119 -9.644045
v -16.59378 12.79864 -9.677513
v -17.67697 13.93212 -8.294747
v -16.77542 14.08698 -8.720712
v -17.01025 14.50771 -8.297073
v -17.12115 13.72848 -8.820995
v -16.77542 14.08698 -8.720712
v -17.0468 13.39119 -9.644045
v -16.46517 14.12022 -9.280409
v -17.97141 14.01344 -7.216951
v -18.06673 14.60387 -7.931929
v -18.68857 15.4927 -6.364576
v -18.06673 14.60387 -7.931929
v -18.57714 15.5719 -7.347355
v -17.06201 14.98784 -8.203687
v -17.37329 15.80666 -7.642133
v -18.57714 15.5719 -7.347355
v -18.69332 16.61559 -7.133636
v -18.77606 16.54417 -6.155169
v -18.77606 16.54417 -6.155169
v -17.66554 16.20688 -4.924347
v -17.45265 14.816 -5.308407
v -18.68857 15.4927 -6.364576
v -15.83749 15.37958 -10.41279
v -16.6748 14.04668 -10.77101
v -16.27172 14.80612 -11.50643
v -16.22247 14.7453 -9.71827
v -16.28108 14.43347 -9.612515
v -17.39009 18.21578 -7.611825
v -17.56081 17.64868 -7.303838
v -16.28108 14.43347 -9.612515
v -16.22247 14.7453 -9.71827
v -17.11139 18.36639 -8.114624
v -15.83749 15.37958 -10.41279
v -16.80644 13.6606 -10.4737
v -16.46517 14.12022 -9.280409
v -17.42505 16.84116 -7.548746
v -17.37329 15.80666 -7.642133
v -17.53236 17.12613 -7.35517
v -17.06201 14.98784 -8.203687
v -16.77542 14.08698 -8.720712
v -17.01025 14.50771 -8.297073
v -16.80644 13.6606 -10.4737
v -16.12568 13.2328 -10.90563
v -17.0468 13.39119 -9.644045
v -16.6748 14.04668 -10.77101
v -15.72118 13.99082 -11.71788
v -16.27172 14.80612 -11.50643
v -15.72118 13.99082 -11.71788
v -14.63953 12.76682 -10.38341
v -13.96522 14.04881 -11.5999
v -16.12568 13.2328 -10.90563
v -15.92718 15.91274 -11.78355
v -15.17784 15.67728 -12.25669
v -13.69337 16.12983 -12.09032
v -15.72118 13.99082 -11.71788
v -13.96522 14.04881 -11.5999
v -15.17784 15.67728 -12.25669
v -14.75602 17.44009 -12.11423
v -13.73383 17.59071 -12.01734
v -15.62918 16.69692 -11.96843
v -15.44223 16.73369 -11.12586
v -15.62598 16.31932 -10.79437
v -15.92718 15.91274 -11.78355
v -14.75602 17.44009 -12.11423
v -15.52811 17.39201 -11.69493
v -15.83481 18.16205 -11.79136
v -15.52811 17.39201 -11.69493
v -14.75602 17.44009 -12.11423
v -15.34359 18.72561 -11.93705
v -15.62918 16.69692 -11.96843
v -15.52811 17.39201 -11.69493
v -15.45046 17.58505 -11.11101
v -15.44223 16.73369 -11.12586
v -15.83481 18.16205 -11.79136
v -15.23328 12.35387 -9.312253
v -16.59378 12.79864 -9.677513
v -15.23328 12.35387 -9.312253
v -14.63953 12.76682 -10.38341
v -15.23328 12.35387 -9.312253
v -15.58089 11.92112 -8.685145
v -14.90075 12.27326 -9.912149
v -16.06494 11.61989 -7.811895
v -16.0814 12.63105 -7.782208
v -14.00327 13.41029 -11.53125
v -13.49077 14.08841 -12.45583
v -13.96522 14.04881 -11.5999
v -13.69337 16.12983 -12.09032
v -13.42427 16.10649 -12.57581
v -13.559 17.86507 -12.33275
v -13.73383 17.59071 -12.01734
v -14.04099 19.24393 -11.46321
v -15.34359 18.72561 -11.93705
v -13.83325 19.90154 -11.83799
v -14.04099 19.24393 -11.46321
v -17.53013 17.92869 -5.168632
v -18.45267 18.01071 -6.32193
v -18.77606 16.54417 -6.155169
v -18.45267 18.01071 -6.32193
v -16.69299 19.70494 -6.678883
v -17.53013 17.92869 -5.168632
v -17.56596 19.33583 -7.777218
v -17.53013 17.92869 -5.168632
v -16.69299 19.70494 -6.678883
v -17.44443 18.68105 -5.323243
v -17.15182 20.49407 -6.51119
v -17.99875 15.90707 -4.323215
v -17.66554 16.20688 -4.924347
v -17.44168 14.3083 -5.328198
v -17.45265 14.816 -5.308406
v -16.71423 13.29007 -6.640549
v -18.69332 16.61559 -7.133636
v -17.53236 17.12613 -7.35517
v -17.42505 16.84116 -7.548746
v -18.71151 17.28593 -6.962621
v -18.71151 17.28593 -6.962621
v -17.56081 17.64868 -7.303838
v -18.45267 18.01071 -6.32193
v -18.45362 17.95626 -7.075148
v -18.71151 17.28593 -6.962621
v -15.62598 16.31932 -10.79437
v -16.90296 18.21931 -8.490642
v -15.44223 16.73369 -11.12586
v -16.40382 18.36498 -9.391105
v -15.94377 17.94072 -10.22106
v -15.45046 17.58505 -11.11101
v -15.70483 17.95416 -10.65212
v -15.45046 17.58505 -11.11101
v -16.20808 18.69379 -11.47275
v -15.70483 17.95416 -10.65212
v -16.70408 18.99784 -10.75327
v -16.40382 18.36498 -9.391105
v -15.94377 17.94072 -10.22106
v -17.13871 19.24462 -9.942364
v -17.53337 19.03249 -8.898292
v -16.90296 18.21931 -8.490642
v -17.11139 18.36639 -8.114624
v -17.80211 18.93632 -8.069005
v -17.39009 18.21578 -7.611825
v -17.80211 18.93632 -8.069005
v -18.45362 17.95626 -7.075148
v -17.39009 18.21578 -7.611825
v -18.45362 17.95626 -7.075148
v -17.80211 18.93632 -8.069005
v -17.53337 19.03249 -8.898292
v -17.56596 19.33583 -7.777218
v -16.68414 19.95385 -10.21994
v -17.13871 19.24462 -9.942364
v -16.68414 19.95385 -10.21994
v -15.38654 20.66167 -9.035792
v -16.70408 18.99784 -10.75327
v -16.68414 19.95385 -10.21994
v -14.69645 20.34701 -10.28073
v -15.38654 20.66167 -9.035792
v -15.34359 18.72561 -11.93705
v -14.04099 19.24393 -11.46321
v -14.74308 20.65531 -10.19662
v -14.69645 20.34701 -10.28073
v -15.59565 20.93461 -8.658538
v -15.38654 20.66167 -9.035792
v -16.61963 21.02582 -6.811229
v -16.61963 21.02582 -6.811229
v -16.69299 19.70494 -6.678883
v -16.20807 18.69379 -11.47275
v -16.68414 19.95385 -10.21994
v -15.83481 18.16205 -11.79136
v -13.83325 19.90154 -11.83799
v -15.16923 20.78259 -11.10064
v -14.74308 20.65531 -10.19662
v -15.59565 20.93461 -8.658538
v -16.47594 21.33624 -8.873225
v -16.61963 21.02582 -6.811229
v -16.75277 21.75909 -6.665929
v -17.53467 21.30725 -6.294918
v -16.47594 21.33624 -8.873225
v -16.75277 21.75909 -6.665929
v -18.54576 19.53028 -5.834277
v -17.44443 18.68105 -5.323243
v -17.15182 20.49407 -6.51119
v -17.99875 15.90707 -4.323215
v -18.70373 17.7611 -4.998566
v -17.99875 15.90707 -4.323215
v -18.41237 15.93393 -3.579086
v -18.41349 14.66185 -5.014749
v -17.99875 15.90707 -4.323215
v -18.70373 17.7611 -4.998566
v -18.41237 15.93393 -3.579086
v -18.41349 14.66185 -5.014749
v -17.44168 14.3083 -5.328198
v -17.99875 15.90707 -4.323215
v -16.06494 11.61989 -7.811895
v -17.70819 12.42952 -6.794552
v -16.06494 11.61989 -7.811895
v -17.70819 12.42952 -6.794552
v -16.26024 11.03652 -7.649319
v -14.90075 12.27326 -9.912149
v -15.58089 11.92112 -8.685145
v -16.07747 11.65595 -9.740581
v -16.06494 11.61989 -7.811895
v -16.07747 11.65595 -9.740581
v -16.06494 11.61989 -7.811895
v -16.26024 11.03652 -7.649319
v -14.94204 12.73571 -11.78482
v -14.00327 13.41029 -11.53125
v -13.49077 14.08841 -12.45583
v -13.49077 14.08841 -12.45583
v -14.94204 12.73571 -11.78482
v -13.3369 13.68324 -12.92111
v -14.08265 15.69849 -13.33933
v -13.49077 14.08841 -12.45583
v -13.3369 13.68324 -12.92111
v -14.24047 18.2865 -13.10826
v -13.83325 19.90154 -11.83799
v -13.559 17.86507 -12.33275
v -13.83325 19.90154 -11.83799
v -14.24047 18.2865 -13.10826
v -13.65489 20.23458 -12.34952
v -15.16923 20.78259 -11.10064
v -13.83325 19.90154 -11.83799
v -13.65489 20.23458 -12.34952
v -16.83494 21.99527 -8.716491
v -15.55464 21.48404 -11.19947
v -15.09028 22.44853 -11.51123
v -15.55464 21.48404 -11.19947
v -13.65489 20.23458 -12.34952
v -13.01667 20.82219 -12.72741
v -16.62169 23.02481 -8.696918
v -16.83494 21.99527 -8.716491
v -15.09028 22.44853 -11.51123
v -15.55464 21.48404 -11.19947
v -16.62169 23.02481 -8.696918
v -16.83494 21.99527 -8.716491
v -12.20314 20.90068 -13.06472
v -11.95798 21.47061 -12.97896
v -12.67396 22.18054 -12.45255
v -16.62066 22.4266 -6.22565
v -18.034 21.82697 -5.235288
v -17.53467 21.30725 -6.294918
v -16.62066 22.4266 -6.22565
v -16.75277 21.75909 -6.665929
v -13.45584 18.97947 -14.37113
v -12.20314 20.90068 -13.06472
v -13.01667 20.82219 -12.72741
v -10.89604 20.17661 -13.19717
v -10.71151 20.82149 -13.17735
v -11.95798 21.47061 -12.97896
v -11.25883 22.23641 -12.03114
v -12.67396 22.18054 -12.45255
v -14.7518 23.10543 -11.1029
v -15.09028 22.44853 -11.51123
v -9.274734 21.57668 -12.28553
v -10.71151 20.82149 -13.17735
v -12.38155 23.3303 -10.00571
v -14.7518 23.10543 -11.1029
v -15.09028 22.44853 -11.51123
v -14.7518 23.10543 -11.1029
v -16.62169 23.02481 -8.696918
v -15.96762 23.55939 -8.612474
v -14.41277 23.66263 -6.368112
v -16.00024 23.1429 -6.107311
v -15.96762 23.55939 -8.612474
v -16.62169 23.02481 -8.696918
v -14.41277 23.66263 -6.368112
v -14.81141 23.86769 -5.764443
v -16.00024 23.1429 -6.107311
v -16.12667 23.32604 -5.549206
v -13.59922 23.85072 -7.808981
v -8.7047 22.25197 -11.39149
v -9.640878 23.35435 -9.335436
v -8.384291 22.29228 -11.25997
v -10.94705 24.0869 -6.785141
v -11.42404 24.13144 -5.739001
v -7.986508 20.0359 -12.78821
v -7.986508 20.0359 -12.78821
v -7.095424 20.53654 -14.88462
v -9.274734 21.57668 -12.28553
v -8.574516 21.41547 -13.28473
v -6.141828 23.08 -14.62687
v -7.092103 23.35577 -12.91253
v -9.274734 21.57668 -12.28553
v -8.574516 21.41547 -13.28473
v -8.7047 22.25197 -11.39149
v -7.912116 22.82261 -11.69514
v -8.384291 22.29228 -11.25997
v -8.7047 22.25197 -11.39149
v -8.287188 22.55956 -11.50528
v -8.384291 22.29228 -11.25997
v -8.678142 27.08999 -10.71543
v -9.640877 23.35435 -9.335435
v -8.239967 25.8865 -11.63998
v -9.716107 26.93089 -9.317299
v -10.95916 26.06114 -6.775678
v -10.94705 24.0869 -6.785141
v -11.42404 24.13144 -5.739001
v -11.42404 24.13144 -5.739001
v -11.73303 24.66531 -5.175376
v -11.73303 24.66531 -5.175376
v -11.6994 26.30792 -5.231919
v -16.00024 23.1429 -6.107311
v -16.62066 22.4266 -6.22565
v -14.81141 23.86769 -5.764443
v -11.73303 24.66531 -5.175376
v -13.05523 24.0084 -3.470739
v -16.12667 23.32604 -5.549206
v -15.59575 23.09552 -4.207132
v -18.17001 21.64312 -4.356682
v -18.034 21.82697 -5.235288
v -12.84604 26.78309 -3.697566
v -13.05523 24.0084 -3.470739
v -19.14857 18.48871 -2.873889
v -17.45277 17.20248 -1.422135
v -18.24976 16.26132 -2.049056
v -19.47491 18.09273 -3.54957
v -17.49404 16.74216 -0.9413339
v -18.29851 15.50543 -1.748649
v -18.24976 16.26132 -2.049056
v -17.45277 17.20248 -1.422135
v -17.06366 19.00278 -1.558938
v -19.13154 20.32012 -3.781253
v -16.69377 20.53932 -2.226243
v -19.45897 20.10728 -4.58285
v -19.13154 20.32012 -3.781253
v -19.14857 18.48871 -2.87389
v -16.20184 21.92313 -3.113715
v -18.17001 21.64312 -4.356682
v -19.45897 20.10728 -4.58285
v -19.13154 20.32012 -3.781253
v -14.74116 22.3071 -2.397021
v -14.38132 21.94789 -1.752899
v -14.18213 21.11986 -0.8849509
v -14.86694 19.26441 -0.1569412
v -13.83138 21.9988 -1.38985
v -14.96143 18.30911 0.1682338
v -14.29536 24.92764 -2.601032
v -14.74116 22.3071 -2.397021
v -13.70875 26.21528 -2.947702
v -14.67956 23.4314 -2.419464
v -14.23665 24.47084 -0.02341646
v -14.74116 22.3071 -2.397021
v -14.67956 23.4314 -2.419464
v -14.38132 21.94789 -1.752899
v -14.07245 22.90177 -0.581605
v -14.18213 21.11986 -0.8849509
v -13.83138 21.9988 -1.38985
v -14.15133 22.55387 -0.9260835
v -16.43589 19.94747 2.805538
v -14.86694 19.26441 -0.1569415
v -16.31187 21.67352 3.056199
v -16.07198 18.16485 2.210907
v -14.96143 18.30911 0.1682338
v -14.96143 18.30911 0.1682338
v -15.24966 17.86787 0.7975348
v -15.24966 17.86787 0.7975348
v -19.47491 18.09273 -3.54957
v -19.18422 17.69251 -4.478262
v -19.45897 20.10728 -4.58285
v -19.07659 19.49351 -5.357237
v -18.46257 15.87029 -2.68202
v -18.24976 16.26132 -2.049056
v -18.46257 15.87029 -2.68202
v -19.13378 13.67473 -4.183521
v -19.07659 19.49351 -5.357237
v -19.45897 20.10728 -4.58285
v -19.13378 13.67473 -4.183521
v -18.84091 14.10111 -4.878966
v -18.46257 15.87029 -2.68202
v -18.41237 15.93393 -3.579086
v -19.18422 17.69251 -4.478262
v -18.54576 19.53028 -5.834277
v -19.07659 19.49351 -5.357237
v -18.54576 19.53028 -5.834277
v -19.06676 12.82196 -3.842389
v -17.92643 11.75494 -6.747365
v -18.84091 14.10111 -4.878966
v -19.13379 13.67473 -4.183522
v -18.12005 11.17865 -6.270168
v -19.06676 12.82196 -3.842389
v -17.94791 10.73882 -5.570011
v -18.12005 11.17865 -6.270167
v -15.78912 9.714941 -6.63872
v -16.01556 10.18587 -7.317234
v -18.12005 11.17865 -6.270168
v -17.94791 10.73882 -5.570012
v -18.12005 11.17865 -6.270167
v -16.01556 10.18587 -7.317233
v -17.92643 11.75494 -6.747364
v -15.94562 10.29053 -9.935107
v -16.10046 11.13552 -9.822856
v -16.01556 10.18587 -7.317233
v -16.26024 11.03652 -7.649319
v -17.92643 11.75494 -6.747364
v -18.84091 14.10111 -4.878966
v -17.49404 16.74216 -0.9413339
v -15.14099 15.64685 0.9830805
v -18.29851 15.50543 -1.748649
v -17.33154 14.85347 -1.073595
v -14.87385 13.04258 -0.3734173
v -16.73539 12.60559 -2.149083
v -19.06676 12.82196 -3.842388
v -15.78912 9.714941 -6.63872
v -17.94791 10.73882 -5.570011
v -15.20752 9.887474 -4.932228
v -15.03674 9.297749 -5.374393
v -15.78912 9.714941 -6.63872
v -15.20752 9.887474 -4.932228
v -15.56043 9.317548 -6.725391
v -15.89858 10.70842 -3.658721
v -15.24966 17.86787 0.7975348
v -14.96868 11.48765 -1.937027
v -14.41474 11.17936 -1.896772
v -13.7749 11.12986 -1.48551
v -13.50962 10.56064 -2.050727
v -13.27124 10.0289 -2.767488
v -15.8801 15.86393 2.275221
v -15.14099 15.64685 0.9830808
v -14.87385 13.04258 -0.3734173
v -16.33302 13.71503 2.702468
v -16.47905 12.65861 2.262554
v -16.22943 12.01373 1.094425
v -14.96868 11.48765 -1.937027
v -15.50788 11.47846 -0.9787319
v -15.50788 11.47846 -0.9787319
v -14.70867 9.6619 0.8281652
v -14.96868 11.48765 -1.937027
v -14.11081 10.19506 -0.512359
v -14.41474 11.17936 -1.896772
v -14.32411 7.525026 -0.7195328
v -13.50962 10.56064 -2.050727
v -13.7749 11.12986 -1.48551
v -13.68589 5.927675 -1.68115
v -13.27124 10.0289 -2.767488
v -13.26548 9.463919 -2.786127
v -15.20752 9.887474 -4.932228
v -13.26548 9.463919 -2.786127
v -13.27124 10.0289 -2.767488
v -13.05025 6.086778 -3.302291
v -13.26548 9.463919 -2.786127
v -14.06796 8.898237 -6.961245
v -15.03674 9.297749 -5.374393
v -12.32057 8.584991 -4.598039
v -15.39301 9.763738 -10.38957
v -15.94562 10.29053 -9.935107
v -13.26548 9.463919 -2.786127
v -12.32057 8.584991 -4.598039
v -11.13012 11.55344 -12.28806
v -12.02204 12.61905 -13.38316
v -13.97836 11.10513 -12.6962
v -11.13012 11.55344 -12.28806
v -10.68886 11.93669 -13.0573
v -12.02204 12.61905 -13.38316
v -11.71421 10.42984 -11.20752
v -12.88497 9.360692 -9.0624
v -15.39301 9.763738 -10.38957
v -10.43516 9.046741 -7.704449
v -9.801512 10.94604 -11.20316
v -12.15978 6.783283 -4.846858
v -10.86919 6.819351 -6.76467
v -10.43516 9.046741 -7.704449
v -9.994898 6.2268 -8.729718
v -9.779729 6.533687 -9.815073
v -7.615537 7.155242 -11.96818
v -7.598058 8.909575 -11.99972
v -9.838942 9.833756 -11.20369
v -9.801512 10.94604 -11.20316
v -9.771833 7.67213 -10.55125
v -9.838942 9.833756 -11.20369
v -9.801512 10.94604 -11.20316
v -15.94562 10.29053 -9.935107
v -13.97836 11.10513 -12.6962
v -14.55652 11.72243 -12.69895
v -16.10046 11.13552 -9.822856
v -15.94562 10.29053 -9.935108
v -14.55652 11.72243 -12.69895
v -14.79964 12.3864 -12.38824
v -15.39301 9.763738 -10.38957
v -13.97836 11.10513 -12.6962
v -12.64298 13.25756 -13.40154
v -14.55652 11.72243 -12.69895
v -12.02204 12.61905 -13.38316
v -14.55652 11.72243 -12.69895
v -12.64298 13.25756 -13.40154
v -14.79964 12.3864 -12.38824
v -12.64298 13.25756 -13.40154
v -13.2737 15.72607 -14.78841
v -14.79964 12.3864 -12.38824
v -16.07747 11.65595 -9.740581
v -13.3369 13.68324 -12.92111
v -13.95755 15.75718 -13.90949
v -13.45584 18.97947 -14.37113
v -13.95755 15.75718 -13.90949
v -13.2737 15.72607 -14.78841
v -14.12534 18.71572 -13.60472
v -13.01667 20.82219 -12.72741
v -13.45584 18.97947 -14.37113
v -14.12534 18.71572 -13.60472
v -14.12534 18.71572 -13.60472
v -11.26958 12.86017 -13.79798
v -12.56617 16.11286 -15.04381
v -13.2737 15.72607 -14.78841
v -10.31383 13.46263 -13.73388
v -11.26958 12.86017 -13.79798
v -10.68886 11.93669 -13.0573
v -12.56617 16.11286 -15.04381
v -10.1558 16.0061 -14.01898
v -13.45584 18.97947 -14.37113
v -13.2737 15.72607 -14.78841
v -12.56617 16.11286 -15.04381
v -12.64713 18.88543 -14.60278
v -12.20314 20.90068 -13.06472
v -12.64713 18.88543 -14.60278
v -10.89604 20.17661 -13.19717
v -10.29293 18.55734 -13.7716
v -12.64713 18.88543 -14.60278
v -7.863382 12.53986 -12.52353
v -8.578423 10.6731 -11.42744
v -7.594774 15.66952 -12.90498
v -7.607078 18.28935 -12.67653
v -7.938233 19.39809 -12.4607
v -8.345888 10.62643 -11.35191
v -6.157927 12.50169 -15.60437
v -7.863382 12.53986 -12.52353
v -8.345889 10.62643 -11.35191
v -6.373097 10.83362 -14.94186
v -6.612435 14.65624 -14.87724
v -7.594774 15.66952 -12.90498
v -6.524227 16.92534 -14.60116
v -7.607078 18.28935 -12.67653
v -6.318161 18.38057 -15.02861
v -6.314965 19.22556 -15.30253
v -7.938234 19.39809 -12.4607
v -7.938233 19.39809 -12.4607
v -7.986508 20.0359 -12.78821
v -10.89604 20.17661 -13.19717
v -8.578423 10.6731 -11.42744
v -7.950478 10.1159 -11.6259
v -8.345888 10.62643 -11.35191
v -6.025021 10.24318 -10.45026
v -7.859081 10.12438 -12.40958
v -8.345888 10.62643 -11.35191
v -7.520242 9.893161 -12.1401
v -7.859081 10.12438 -12.40958
v -8.345888 10.62643 -11.35191
v -5.771002 9.893164 -11.17048
v -7.520242 9.893161 -12.1401
v -7.307351 10.03176 -13.44824
v -6.857585 9.589815 -13.33557
v -7.307351 10.03176 -13.44824
v -5.929595 10.20712 -15.00971
v -7.307351 10.03176 -13.44824
v -5.39961 11.62841 -15.96583
v -6.373097 10.83362 -14.94186
v -6.612435 14.65624 -14.87724
v -6.157926 12.50169 -15.60437
v -5.443837 13.20172 -15.88605
v -5.794538 14.71847 -15.25337
v -6.524227 16.92534 -14.60116
v -6.027997 16.29319 -14.8322
v -5.807916 18.20945 -15.22925
v -6.318161 18.38057 -15.02861
v -6.314965 19.22556 -15.30253
v -5.384891 20.20633 -15.99241
v -7.095424 20.53654 -14.88462
v -5.482939 21.7761 -15.81553
v -9.801512 10.94604 -11.20316
v -8.578423 10.6731 -11.42744
v -8.578423 10.6731 -11.42744
v -7.950478 10.1159 -11.6259
v -9.771833 7.67213 -10.55125
v -8.16369 5.577684 -10.97928
v -9.779729 6.533687 -9.815073
v -8.915817 5.060079 -9.622403
v -9.994898 6.2268 -8.729718
v -9.808846 5.743846 -8.01134
v -10.86919 6.819351 -6.76467
v -10.7958 6.458726 -6.230823
v -12.15978 6.783283 -4.846858
v -11.72551 6.004759 -4.553589
v -8.058921 5.743849 -7.042959
v -9.808846 5.743845 -8.011341
v -10.7958 6.458726 -6.230824
v -9.046564 6.458729 -5.261204
v -7.166922 5.059374 -8.652165
v -8.915818 5.060078 -9.622403
v -8.16369 5.577684 -10.97928
v -8.915818 5.060078 -9.622403
v -7.166922 5.059374 -8.652165
v -6.414107 5.578394 -10.01028
v -5.865955 7.164438 -10.99918
v -7.615537 7.155242 -11.96818
v -8.16369 5.577684 -10.97928
v -6.414107 5.578394 -10.01028
v -5.865954 7.164438 -10.99918
v -5.888598 9.186056 -10.93977
v -7.598058 8.909575 -11.99972
v -7.615537 7.155242 -11.96818
v -14.41184 9.062984 -0.6169701
v -14.41184 9.062984 -0.6169701
v -13.7749 11.12986 -1.48551
v -14.06675 10.0494 -0.5299742
v -14.41474 11.17936 -1.896772
v -11.65615 11.22815 -0.4234451
v -13.7749 11.12986 -1.48551
v -12.1019 10.11587 0.5106506
v -14.06675 10.0494 -0.529974
v -10.8201 11.16663 0.1103212
v -14.21776 8.693166 -0.05745616
v -14.32411 7.525026 -0.7195328
v -14.08611 6.693469 -0.2949439
v -13.68589 5.927675 -1.68115
v -14.32411 7.525026 -0.7195328
v -14.08611 6.693469 -0.2949439
v -13.45397 5.334413 -1.435367
v -13.05025 6.086778 -3.302291
v -12.69292 5.132184 -2.808326
v -14.11081 10.19506 -0.512359
v -11.65615 11.22815 -0.4234451
v -14.41474 11.17936 -1.896772
v -12.23219 10.12577 0.6631873
v -15.65895 9.937667 2.542508
v -16.22943 12.01373 1.094425
v -16.31783 11.24157 3.73117
v -16.47905 12.65861 2.262554
v -16.33302 13.71503 2.702468
v -16.41588 12.81135 3.908049
v -15.99286 14.80822 3.144886
v -15.8801 15.86393 2.275221
v -15.77278 16.72448 2.747844
v -16.07198 18.16485 2.210907
v -14.24362 14.80681 4.114504
v -15.99286 14.80822 3.144885
v -15.77278 16.72448 2.747844
v -14.02354 16.72448 3.717463
v -14.66664 12.81135 4.877668
v -16.41588 12.81135 3.908049
v -16.31783 11.24157 3.73117
v -16.41588 12.81135 3.908049
v -14.66664 12.81135 4.877668
v -14.56859 11.24157 4.700789
v -13.90971 9.93767 3.512126
v -15.65895 9.937667 2.542507
v -16.31783 11.24157 3.73117
v -14.56859 11.24157 4.700789
v -12.94023 9.666146 1.763151
v -14.70867 9.6619 0.8281648
v -15.65895 9.937667 2.542507
v -13.90971 9.93767 3.512126
v -12.94023 9.666146 1.763151
v -14.70867 9.6619 0.8281648
v -15.53126 22.84025 1.449929
v -14.15133 22.55387 -0.9260835
v -12.09013 22.88763 0.5058913
v -11.65618 21.7895 -0.4234282
v -14.07245 22.90177 -0.581605
v -14.15133 22.55387 -0.9260835
v -13.83138 21.9988 -1.38985
v -14.38132 21.94789 -1.752899
v -14.68862 22.89328 -0.08880741
v -12.33598 22.9739 0.8029592
v -11.65618 21.7895 -0.4234282
v -10.82013 21.85102 0.1103383
v -14.15133 22.55387 -0.9260835
v -14.19895 22.99511 -0.1925101
v -14.68862 22.89328 -0.08880741
v -14.15133 22.55387 -0.9260835
v -14.19895 22.99511 -0.1925101
v -15.53126 22.84025 1.449929
v -15.31 23.26805 1.912947
v -15.31 23.26805 1.912947
v -16.19959 22.15435 3.517822
v -16.45121 20.60154 3.971762
v -16.31187 21.67352 3.056199
v -16.43589 19.94747 2.805538
v -16.11936 18.76165 3.3731
v -14.08617 26.32417 -0.2949125
v -14.29536 24.92764 -2.601032
v -13.45402 27.68323 -1.435332
v -13.70875 26.21528 -2.947702
v -12.84604 26.78309 -3.697566
v -12.69298 27.88547 -2.808289
v -11.6994 26.30792 -5.231919
v -11.88326 27.16422 -4.269068
v -10.67896 26.65158 -6.441682
v -10.95916 26.06114 -6.775678
v -10.18167 27.21019 -3.213484
v -10.67896 26.65158 -6.441682
v -8.885836 26.68835 -5.551225
v -11.88326 27.16422 -4.269068
v -10.94374 27.88547 -1.83867
v -12.69298 27.88547 -2.808289
v -13.45402 27.68323 -1.435331
v -12.69298 27.88547 -2.808289
v -10.94374 27.88547 -1.83867
v -11.70478 27.68324 -0.4657124
v -12.33693 26.32417 0.6747062
v -14.08617 26.32417 -0.2949129
v -13.45402 27.68323 -1.435331
v -11.70478 27.68324 -0.4657124
v -14.23665 24.47084 -0.02341646
v -12.33693 26.32417 0.6747067
v -12.46856 24.32447 0.9121881
v -14.08617 26.32417 -0.2949125
v -14.23666 24.47084 -0.02341633
v -12.46856 24.32447 0.9121875
v -8.287188 22.55956 -11.50528
v -8.287188 22.55956 -11.50528
v -7.912116 22.82261 -11.69514
v -6.535938 21.78953 -9.660591
v -5.919675 22.89191 -10.72492
v -8.178617 23.55234 -11.83316
v -5.64024 21.85105 -9.234434
v -5.943814 23.48093 -10.85876
v -6.535938 21.78953 -9.660591
v -8.287188 22.55956 -11.50528
v -7.693054 23.48092 -11.82838
v -7.693054 23.48092 -11.82838
v -8.178617 23.55234 -11.83316
v -8.287188 22.55956 -11.50528
v -8.152078 24.72826 -11.92436
v -7.545991 24.84776 -12.0937
v -8.152078 24.72826 -11.92436
v -7.700946 26.36097 -11.81415
v -8.239967 25.8865 -11.63998
v -8.678142 27.08999 -10.71543
v -8.163403 27.43931 -10.97986
v -8.779094 27.98519 -9.869127
v -9.716107 26.93089 -9.317299
v -9.551105 27.52981 -8.476379
v -4.058678 18.21087 -14.25963
v -5.807917 18.20945 -15.22925
v -6.027997 16.29319 -14.8322
v -4.278758 16.2932 -13.86259
v -3.635652 20.20633 -15.02279
v -5.384892 20.20633 -15.99241
v -5.48294 21.7761 -15.81553
v -5.384892 20.20633 -15.99241
v -3.635652 20.20633 -15.02279
v -3.7337 21.77611 -14.84591
v -4.392589 23.08001 -13.65725
v -6.141829 23.08 -14.62687
v -5.48294 21.7761 -15.81553
v -3.7337 21.77611 -14.84591
v -5.362062 23.35153 -11.90827
v -7.092104 23.35577 -12.91253
v -6.141829 23.08 -14.62687
v -4.392589 23.08001 -13.65725
v -5.362062 23.35153 -11.90827
v -7.092104 23.35577 -12.91253
v -6.857586 9.589815 -13.33557
v -5.089149 9.584162 -12.40058
v -4.180012 10.20783 -14.04071
v -5.929595 10.20712 -15.00971
v -6.857586 9.589815 -13.33557
v -5.089149 9.584162 -12.40058
v -3.650371 11.62842 -14.99621
v -5.399611 11.62841 -15.96583
v -5.929595 10.20712 -15.00971
v -4.180012 10.20783 -14.04071
v -5.443838 13.20172 -15.88605
v -5.399611 11.62841 -15.96583
v -3.650371 11.62842 -14.99621
v -3.694598 13.20173 -14.91643
v -4.045641 14.72059 -14.28313
v -5.794538 14.71847 -15.25337
v -4.278758 16.2932 -13.86259
v -6.027997 16.29319 -14.8322
v -5.640213 11.16666 -9.234451
v -6.535912 11.22818 -9.660607
v -6.535912 11.22818 -9.660607
v -6.025022 10.24318 -10.45026
v -5.804981 7.246462 -10.77296
v -6.378503 5.76012 -9.899186
v -6.535912 11.22818 -9.660607
v -4.94096 11.51739 -9.299593
v -5.089148 9.584162 -12.40058
v -5.771002 9.893164 -11.17048
v -5.640213 11.16666 -9.234451
v -5.888598 9.186056 -10.93977
v -5.781806 8.924427 -10.79003
v -6.025021 10.24318 -10.45026
v -5.781806 8.924427 -10.79003
v -8.149238 6.093866 -6.657254
v -8.05892 5.743849 -7.042958
v -9.046563 6.458729 -5.261204
v -8.709904 6.834204 -5.303387
v -7.315839 5.437675 -8.298944
v -7.166921 5.059374 -8.652165
v -6.414107 5.578394 -10.01028
v -5.804981 7.246462 -10.77296
v -5.865954 7.164438 -10.99918
v -6.378502 5.760121 -9.899185
v -10.14279 10.77066 0.08475916
v -12.45446 8.850854 0.8868068
v -10.8201 11.16663 0.1103212
v -12.45446 8.850854 0.8868068
v -14.21776 8.693166 -0.05745616
v -12.1019 10.11587 0.5106506
v -12.33688 6.693471 0.6746748
v -10.11829 9.626557 -0.02131759
v -12.45446 8.850854 0.8868068
v -12.33687 6.693471 0.6746753
v -14.08611 6.693469 -0.2949439
v -14.21776 8.693166 -0.05745616
v -14.08612 6.693469 -0.2949443
v -12.33688 6.693471 0.6746748
v -11.70473 5.334415 -0.4657482
v -13.45397 5.334412 -1.435367
v -9.94881 7.96203 -0.7746592
v -11.70473 5.334416 -0.4657483
v -9.658783 7.020165 -2.061064
v -10.94368 5.132186 -1.838706
v -11.70473 5.334415 -0.4657482
v -10.94368 5.132186 -1.838706
v -12.69292 5.132184 -2.808326
v -13.45397 5.334412 -1.435367
v -12.69292 5.132184 -2.808326
v -10.94368 5.132186 -1.838706
v -9.975584 6.004762 -3.585207
v -11.72551 6.004759 -4.553589
v -9.975583 6.004762 -3.585206
v -9.046564 6.458729 -5.261204
v -10.7958 6.458726 -6.230824
v -9.642036 9.49999 -2.136664
v -9.94881 7.962029 -0.7746586
v -10.11829 9.626557 -0.02131759
v -10.14279 10.77066 0.08475916
v -9.658783 7.020166 -2.061065
v -8.84437 9.017749 -4.949426
v -8.709904 6.834203 -5.303388
v -7.66819 9.66193 -7.655046
v -8.149238 6.093866 -6.657254
v -4.233269 11.72952 -10.70212
v -4.883814 13.70306 -10.72074
v -3.698733 12.57381 -12.178
v -4.233269 11.72952 -10.70212
v -4.94096 11.51739 -9.299593
v -3.70633 13.88974 -12.9543
v -5.089148 9.584162 -12.40058
v -4.180012 10.20784 -14.04071
v -3.698733 12.57381 -12.178
v -3.65037 11.62842 -14.99621
v -3.70633 13.88974 -12.9543
v -3.694597 13.20173 -14.91643
v -5.23252 16.54987 -11.4654
v -4.242716 16.50886 -13.23868
v -4.242716 16.50886 -13.23868
v -4.045641 14.72059 -14.28313
v -4.278757 16.2932 -13.86259
v -4.007412 18.38058 -14.12934
v -4.007412 18.38058 -14.12934
v -4.058677 18.21087 -14.25963
v -5.919675 22.89191 -10.72492
v -4.195395 22.76959 -13.74279
v -6.535938 21.78953 -9.660591
v -3.787692 21.56751 -14.66806
v -5.206107 23.21082 -11.83072
v -5.362062 23.35153 -11.90827
v -5.206107 23.21082 -11.83072
v -5.919675 22.89191 -10.72492
v -4.392588 23.08001 -13.65725
v -5.206107 23.21082 -11.83072
v -4.195395 22.76959 -13.74279
v -4.392588 23.08001 -13.65725
v -3.7337 21.7761 -14.84591
v -4.195395 22.76959 -13.74279
v -3.7337 21.7761 -14.84591
v -3.794852 19.89025 -14.65102
v -5.792347 19.48648 -11.03919
v -3.635652 20.20633 -15.02279
v -3.794852 19.89025 -14.65102
v -4.058677 18.21087 -14.25963
v -5.379974 23.39112 -8.569505
v -5.804978 24.79261 -11.10923
v -5.943814 23.48093 -10.85876
v -5.951706 26.36097 -10.84453
v -6.414505 27.44002 -10.00963
v -6.302222 25.50466 -7.658604
v -5.379974 23.39112 -8.569505
v -7.029512 27.98449 -8.900126
v -7.323759 26.02155 -6.634583
v -7.756958 27.5786 -7.587778
v -5.379974 23.39112 -8.569505
v -6.921515 23.51769 -7.044657
v -7.323759 26.02155 -6.634583
v -6.302223 25.50466 -7.658605
v -8.885836 26.68835 -5.551225
v -9.1131 26.18347 -4.57606
v -9.1131 26.18347 -4.57606
v -8.884173 23.99993 -4.877661
v -7.756959 27.5786 -7.587778
v -8.885837 26.68835 -5.551225
v -10.67896 26.65158 -6.441683
v -9.551106 27.52981 -8.47638
v -8.779094 27.98519 -9.869127
v -7.029512 27.98449 -8.900126
v -6.414506 27.44002 -10.00963
v -7.029512 27.98449 -8.900127
v -8.779095 27.98519 -9.869128
v -8.163403 27.43931 -10.97986
v -7.700946 26.36097 -11.81415
v -5.951707 26.36098 -10.84454
v -5.951706 26.36097 -10.84453
v -7.700946 26.36097 -11.81415
v -5.804978 24.79261 -11.10923
v -7.545991 24.84776 -12.0937
v -11.58823 27.48242 -0.5563363
v -11.65618 21.7895 -0.4234282
v -12.09014 22.88763 0.5058914
v -12.16711 25.95294 0.6839444
v -12.26237 24.32942 0.9011694
v -12.26237 24.32942 0.9011694
v -12.09013 22.88763 0.5058913
v -12.46856 24.32447 0.9121881
v -12.33693 26.32417 0.6747067
v -12.16711 25.95294 0.6839444
v -11.70478 27.68324 -0.4657125
v -12.33693 26.32417 0.6747067
v -12.16711 25.95294 0.6839444
v -10.81909 27.56232 -1.978972
v -10.55539 23.35575 -2.446443
v -10.94374 27.88547 -1.83867
v -10.18167 27.21019 -3.213484
v -10.81909 27.56232 -1.978972
v -10.82013 21.85102 0.1103383
v -10.50483 21.50029 0.7378591
v -12.33598 22.9739 0.8029592
v -13.54704 23.25956 2.857828
v -11.31922 21.28816 2.081244
v -11.67974 19.31462 1.539416
v -12.28757 20.44387 3.31665
v -11.31922 21.28816 2.081244
v -10.50483 21.50029 0.7378591
v -12.77554 19.64979 3.716384
v -12.28757 20.44387 3.31665
v -14.45069 22.15364 4.48806
v -13.54704 23.25956 2.857828
v -12.77554 19.64979 3.716384
v -14.70197 20.60154 4.941381
v -14.37012 18.76024 4.342719
v -13.47533 16.50882 3.417407
v -12.49602 16.46781 1.638311
v -13.47533 16.50882 3.417407
v -14.02354 16.72448 3.717463
v -14.24362 14.80681 4.114504
v -16.11937 18.76165 3.373099
v -14.37013 18.76024 4.342719
v -14.02354 16.72448 3.717463
v -15.77278 16.72448 2.747844
v -16.45121 20.60154 3.971761
v -14.70197 20.60154 4.941381
v -14.4507 22.15364 4.48806
v -14.70197 20.60154 4.941381
v -16.45121 20.60154 3.971761
v -16.19959 22.15435 3.517822
v -15.31 23.26805 1.912947
v -13.54705 23.25957 2.857829
v -14.4507 22.15364 4.48806
v -16.19959 22.15435 3.517822
v -14.19895 22.99511 -0.1925101
v -12.33598 22.9739 0.8029592
v -13.54705 23.25957 2.857829
v -11.65615 11.22815 -0.4234451
v -13.59591 10.01192 3.261616
v -14.4637 11.33067 4.631193
v -12.23219 10.12577 0.6631873
v -12.78957 9.775748 1.852322
v -12.23219 10.12577 0.6631873
v -12.94023 9.666145 1.763151
v -12.78957 9.775748 1.852322
v -13.90971 9.93767 3.512127
v -13.59591 10.01192 3.261616
v -14.4637 11.33067 4.631193
v -13.59591 10.01192 3.261616
v -13.90971 9.93767 3.512127
v -14.56859 11.24157 4.700789
v -14.55674 12.88064 4.76396
v -12.43123 13.53119 0.9376976
v -14.66664 12.81135 4.877668
v -13.47533 16.50882 3.417407
v -14.55674 12.88064 4.76396
v -14.08265 15.69849 -13.33933
v -13.49077 14.08841 -12.45583
v -13.42427 16.10649 -12.57581
v -17.15182 20.49407 -6.51119
v -15.56043 9.317548 -6.725391
v -15.39301 9.763738 -10.38957
v -5.64024 21.85105 -9.234434
v -5.64024 21.85105 -9.234434
vn 0.8746198 1.507337E-06 0.4848096
vn 0.8746198 1.507337E-06 0.4848096
vn 0.8746198 1.507337E-06 0.4848096
vn 0.8746198 1.507337E-06 0.4848096
vn 0.8746198 1.507337E-06 0.4848096
vn 0.8746198 1.507337E-06 0.4848096
vn 0.8746198 1.507337E-06 0.4848096
vn 0.8746198 1.507337E-06 0.4848096
vn 0.8746198 1.507337E-06 0.4848096
vn 0.8746198 1.507337E-06 0.4848096
vn 0.8746198 1.507337E-06 0.4848096
vn 0.8746198 1.507337E-06 0.4848096
vn 0.8746198 1.507337E-06 0.4848096
vn 0.8746198 1.507337E-06 0.4848096
vn 0.8746198 1.507337E-06 0.4848096
vn 0.8746198 1.507337E-06 0.4848096
vn 0.8746198 1.507337E-06 0.4848096
vn 0.8746198 1.507337E-06 0.4848096
vn 0.8746198 1.507337E-06 0.4848096
vn 0.8746198 1.507337E-06 0.4848096
vn 0.8746198 1.507337E-06 0.4848096
vn 0.8746198 1.507337E-06 0.4848096
vn 0.8746198 1.507337E-06 0.4848096
vn 0.8746198 1.507337E-06 0.4848096
vn 0.8746198 1.507337E-06 0.4848096
vn 0.8746198 1.507337E-06 0.4848096
vn 0.8746198 1.507337E-06 0.4848096
vn 0.8746198 1.507337E-06 0.4848096
vn 0.8746198 1.507337E-06 0.4848096
vn 0.8746198 1.507337E-06 0.4848096
vn 0.8746198 1.507337E-06 0.4848096
vn 0.8746198 1.507337E-06 0.4848096
vn 0.8746198 1.507337E-06 0.4848096
vn 0.8746198 1.507337E-06 0.4848096
vn 0.8746198 1.507337E-06 0.4848096
vn 0.8746198 1.507337E-06 0.4848096
vn 0.8746198 1.507337E-06 0.4848096
vn 0.8746198 1.507337E-06 0.4848096
vn 0.8746198 1.507337E-06 0.4848096
vn 0.8746198 1.507337E-06 0.4848096
vn 0.8746198 1.507337E-06 0.4848096
vn 0.8746198 1.507337E-06 0.4848096
vn 0.8746198 1.507337E-06 0.4848096
vn 0.8746198 1.507337E-06 0.4848096
vn 0.8746198 1.507337E-06 0.4848096
vn 0.8746198 1.507337E-06 0.4848096
vn 0.8746198 1.507337E-06 0.4848096
vn 0.8746198 1.507337E-06 0.4848096
vn 0.8746198 1.507337E-06 0.4848096
vn -0.3033936 0.7799858 0.5473343
vn -0.3502599 0.6914054 0.6318835
vn -0.3352026 0.7224637 0.6047195
vn -0.2866553 0.8064725 0.5171375
vn -0.2516192 0.854772 0.4539305
vn -0.2333185 0.8765804 0.4209152
vn -0.1953419 0.9152343 0.3524033
vn -0.1756564 0.9320546 0.3168898
vn -0.1356618 0.960052 0.2447374
vn -0.1153606 0.9712781 0.2081131
vn -0.07387909 0.9883213 0.1332785
vn -0.05269523 0.9940759 0.09506175
vn -0.01050513 0.9997653 0.01894876
vn 0.01050003 0.9997654 -0.01894556
vn 0.05269017 0.9940764 -0.09505856
vn 0.07387405 0.988322 -0.1332753
vn 0.1153556 0.9712793 -0.20811
vn 0.1356568 0.9600533 -0.2447343
vn 0.1756517 0.9320564 -0.3168868
vn 0.1953372 0.9152362 -0.3524004
vn 0.233314 0.8765828 -0.4209123
vn 0.2516148 0.8547745 -0.4539278
vn 0.2866512 0.8064754 -0.5171349
vn 0.3033896 0.7799889 -0.5473318
vn 0.3351989 0.7224671 -0.6047171
vn 0.3502564 0.6914089 -0.6318813
vn 0.3781438 0.6257975 -0.6821913
vn 0.3909848 0.5912718 -0.705357
vn 0.4144009 0.5190039 -0.7476007
vn 0.4249739 0.4812557 -0.7666748
vn 0.4437138 0.4029224 -0.8004822
vn 0.4518685 0.3623179 -0.8151935
vn 0.465442 0.2798221 -0.8396805
vn 0.4708846 0.2379476 -0.849499
vn 0.4791474 0.1523851 -0.8644053
vn 0.4819373 0.1086899 -0.8694384
vn 0.4846957 0.0216658 -0.8744144
vn 0.4846959 -0.02166083 -0.8744144
vn 0.4819379 -0.1086849 -0.8694387
vn 0.4791482 -0.1523802 -0.8644058
vn 0.4708858 -0.2379428 -0.8494998
vn 0.4654434 -0.2798174 -0.8396814
vn 0.4518704 -0.3623132 -0.8151947
vn 0.4437158 -0.4029179 -0.8004834
vn 0.4249764 -0.4812513 -0.7666763
vn 0.4144036 -0.5189996 -0.7476023
vn 0.3909878 -0.5912678 -0.7053589
vn 0.3781469 -0.6257936 -0.6821933
vn 0.3502599 -0.6914054 -0.6318835
vn 0.3352026 -0.7224637 -0.6047195
vn 0.3033936 -0.7799858 -0.5473343
vn 0.2866553 -0.8064725 -0.5171375
vn 0.2516192 -0.854772 -0.4539305
vn 0.2333185 -0.8765804 -0.4209152
vn 0.1953419 -0.9152343 -0.3524033
vn 0.1756564 -0.9320546 -0.3168898
vn 0.1356618 -0.960052 -0.2447374
vn 0.1153606 -0.9712781 -0.2081131
vn 0.07387909 -0.9883213 -0.1332785
vn 0.05269523 -0.9940759 -0.09506175
vn 0.01050513 -0.9997653 -0.01894876
vn -0.01050003 -0.9997654 0.01894556
vn -0.05269017 -0.9940764 0.09505856
vn -0.07387405 -0.988322 0.1332753
vn -0.1153556 -0.9712793 0.20811
vn -0.1356568 -0.9600533 0.2447343
vn -0.1756517 -0.9320564 0.3168868
vn -0.1953372 -0.9152362 0.3524004
vn -0.233314 -0.8765828 0.4209123
vn -0.2516148 -0.8547745 0.4539278
vn -0.2866512 -0.8064754 0.5171349
vn -0.3033896 -0.7799889 0.5473318
vn -0.3351989 -0.7224671 0.6047171
vn -0.3502564 -0.6914089 0.6318813
vn -0.3781438 -0.6257975 0.6821913
vn -0.3909848 -0.5912718 0.705357
vn -0.4144009 -0.5190039 0.7476007
vn -0.4249739 -0.4812557 0.7666748
vn -0.4437138 -0.4029224 0.8004822
vn -0.4518685 -0.3623179 0.8151935
vn -0.465442 -0.2798221 0.8396805
vn -0.4708846 -0.2379476 0.849499
vn -0.4791474 -0.1523851 0.8644053
vn -0.4819373 -0.1086899 0.8694384
vn -0.4846957 -0.0216658 0.8744144
vn -0.4846959 0.02166083 0.8744144
vn -0.4819379 0.1086849 0.8694387
vn -0.4791482 0.1523802 0.8644058
vn -0.4708858 0.2379428 0.8494998
vn -0.4654434 0.2798174 0.8396814
vn -0.4518704 0.3623132 0.8151947
vn -0.4437158 0.4029179 0.8004834
vn -0.4249764 0.4812513 0.7666763
vn -0.4144036 0.5189996 0.7476023
vn -0.3909878 0.5912678 0.7053589
vn -0.3781469 0.6257936 0.6821933
vn 0.8746198 1.507337E-06 0.4848096
vn 0.8746198 1.507337E-06 0.4848096
vn 0.8746198 1.507337E-06 0.4848096
vn 0.8746198 1.507337E-06 0.4848096
vn 0.8746198 1.507337E-06 0.4848096
vn 0.8746198 1.507337E-06 0.4848096
vn 0.8746198 1.507337E-06 0.4848096
vn 0.8746198 1.507337E-06 0.4848096
vn 0.8746198 1.507337E-06 0.4848096
vn 0.8746198 1.507337E-06 0.4848095
vn 0.8746198 1.507337E-06 0.4848096
vn 0.8746198 1.507337E-06 0.4848096
vn 0.8746198 1.507337E-06 0.4848096
vn 0.8746198 1.507337E-06 0.4848096
vn 0.8746198 1.507337E-06 0.4848096
vn 0.8746198 1.507337E-06 0.4848095
vn 0.8746198 1.507337E-06 0.4848096
vn 0.8746198 1.507337E-06 0.4848095
vn 0.8746198 1.507337E-06 0.4848096
vn 0.8746198 1.507337E-06 0.4848096
vn 0.8746198 1.507337E-06 0.4848096
vn 0.8746198 1.507337E-06 0.4848096
vn 0.8746198 1.507337E-06 0.4848096
vn 0.8746198 1.507337E-06 0.4848096
vn 0.8746198 1.507337E-06 0.4848096
vn 0.8746198 1.507337E-06 0.4848096
vn 0.8746198 1.507337E-06 0.4848096
vn 0.8746198 1.507337E-06 0.4848096
vn 0.8746198 1.507337E-06 0.4848096
vn 0.8746198 1.507337E-06 0.4848096
vn 0.8746198 1.507337E-06 0.4848096
vn 0.8746198 1.507337E-06 0.4848096
vn 0.8746198 1.507337E-06 0.4848096
vn 0.8746198 1.507337E-06 0.4848095
vn 0.8746198 1.507337E-06 0.4848096
vn 0.8746198 1.507337E-06 0.4848096
vn 0.8746198 1.507337E-06 0.4848096
vn 0.8746198 1.507337E-06 0.4848096
vn 0.8746198 1.507337E-06 0.4848096
vn 0.8746198 1.507337E-06 0.4848095
vn 0.8746198 1.507337E-06 0.4848096
vn 0.8746198 1.507337E-06 0.4848095
vn 0.8746198 1.507337E-06 0.4848096
vn 0.8746198 1.507337E-06 0.4848096
vn 0.8746198 1.507337E-06 0.4848096
vn 0.8746198 1.507337E-06 0.4848096
vn 0.8746198 1.507337E-06 0.4848096
vn 0.8746198 1.507337E-06 0.4848096
vn 0.8746198 1.507337E-06 0.4848096
vn 0.8746198 1.507337E-06 0.4848096
vn 0.8746198 1.507337E-06 0.4848096
vn 0.8746198 1.507337E-06 0.4848096
vn 0.8746198 1.507337E-06 0.4848096
vn 0.8746198 1.507337E-06 0.4848096
vn 0.8746198 1.507337E-06 0.4848096
vn 0.8746198 1.507337E-06 0.4848096
vn 0.8746198 1.507337E-06 0.4848096
vn 0.8746198 1.507337E-06 0.4848095
vn 0.8746198 1.507337E-06 0.4848096
vn 0.8746198 1.507337E-06 0.4848096
vn 0.8746198 1.507337E-06 0.4848096
vn 0.8746198 1.507337E-06 0.4848096
vn 0.8746198 1.507337E-06 0.4848096
vn 0.8746198 1.507337E-06 0.4848095
vn 0.8746198 1.507337E-06 0.4848096
vn 0.8746198 1.507337E-06 0.4848095
vn 0.8746198 1.507337E-06 0.4848096
vn 0.8746198 1.507337E-06 0.4848096
vn 0.8746198 1.507337E-06 0.4848096
vn 0.8746198 1.507337E-06 0.4848096
vn 0.8746198 1.507337E-06 0.4848096
vn 0.8746198 1.507337E-06 0.4848096
vn 0.8746198 1.507337E-06 0.4848096
vn 0.8746198 1.507337E-06 0.4848096
vn 0.8746198 1.507337E-06 0.4848096
vn 0.8746198 1.507337E-06 0.4848096
vn 0.8746198 1.507337E-06 0.4848096
vn 0.8746198 1.507337E-06 0.4848096
vn 0.8746198 1.507337E-06 0.4848096
vn 0.8746198 1.507337E-06 0.4848096
vn 0.8746198 1.507337E-06 0.4848096
vn 0.8746198 1.507337E-06 0.4848095
vn 0.8746198 1.507337E-06 0.4848096
vn 0.8746198 1.507337E-06 0.4848096
vn 0.8746198 1.507337E-06 0.4848096
vn 0.8746198 1.507337E-06 0.4848096
vn 0.8746198 1.507337E-06 0.4848096
vn 0.8746198 1.507337E-06 0.4848095
vn 0.8746198 1.507337E-06 0.4848096
vn 0.8746198 1.507337E-06 0.4848095
vn 0.8746198 1.507337E-06 0.4848096
vn 0.8746198 1.507337E-06 0.4848096
vn 0.8746198 1.507337E-06 0.4848096
vn 0.8746198 1.507337E-06 0.4848096
vn 0.8746198 1.507337E-06 0.4848096
vn 0.8746198 1.507337E-06 0.4848096
vn -0.3781469 0.6257935 0.6821933
vn -0.3352027 0.7224637 0.6047195
vn -0.3502599 0.6914054 0.6318836
vn -0.3909878 0.5912678 0.7053589
vn -0.4144036 0.5189996 0.7476025
vn -0.4249764 0.4812513 0.7666763
vn -0.4437159 0.4029179 0.8004835
vn -0.4518704 0.3623133 0.8151948
vn -0.4654434 0.2798173 0.8396814
vn -0.4708858 0.2379427 0.8494998
vn -0.4791482 0.1523803 0.8644059
vn -0.4819379 0.108685 0.8694387
vn -0.4846959 0.02166083 0.8744146
vn -0.4846958 -0.0216658 0.8744144
vn -0.4819373 -0.1086899 0.8694384
vn -0.4791474 -0.1523852 0.8644054
vn -0.4708846 -0.2379475 0.849499
vn -0.465442 -0.2798221 0.8396805
vn -0.4518686 -0.3623179 0.8151936
vn -0.4437138 -0.4029224 0.8004822
vn -0.4249739 -0.4812556 0.7666748
vn -0.414401 -0.5190039 0.7476007
vn -0.3909848 -0.5912718 0.7053571
vn -0.3781437 -0.6257974 0.6821913
vn -0.3502564 -0.691409 0.6318814
vn -0.335199 -0.7224671 0.6047171
vn -0.3033896 -0.7799889 0.5473318
vn -0.2866512 -0.8064754 0.5171349
vn -0.2516148 -0.8547747 0.4539278
vn -0.233314 -0.8765828 0.4209123
vn -0.1953372 -0.9152364 0.3524004
vn -0.1756517 -0.9320565 0.3168868
vn -0.1356568 -0.9600533 0.2447343
vn -0.1153556 -0.9712793 0.2081099
vn -0.07387409 -0.9883221 0.1332754
vn -0.05269019 -0.9940764 0.0950586
vn -0.01050003 -0.9997655 0.01894556
vn 0.01050513 -0.9997653 -0.01894876
vn 0.05269526 -0.9940758 -0.09506179
vn 0.07387913 -0.9883214 -0.1332785
vn 0.1153605 -0.9712781 -0.208113
vn 0.1356617 -0.960052 -0.2447373
vn 0.1756565 -0.9320548 -0.3168899
vn 0.1953419 -0.9152343 -0.3524033
vn 0.2333185 -0.8765804 -0.4209151
vn 0.2516192 -0.854772 -0.4539305
vn 0.2866553 -0.8064725 -0.5171375
vn 0.3033936 -0.7799858 -0.5473343
vn 0.3352027 -0.7224637 -0.6047195
vn 0.3502599 -0.6914054 -0.6318836
vn 0.3781469 -0.6257935 -0.6821933
vn 0.3909878 -0.5912678 -0.7053589
vn 0.4144036 -0.5189996 -0.7476025
vn 0.4249764 -0.4812513 -0.7666763
vn 0.4437159 -0.4029179 -0.8004835
vn 0.4518704 -0.3623133 -0.8151948
vn 0.4654434 -0.2798173 -0.8396814
vn 0.4708858 -0.2379427 -0.8494998
vn 0.4791482 -0.1523803 -0.8644059
vn 0.4819379 -0.108685 -0.8694387
vn 0.4846959 -0.02166083 -0.8744146
vn 0.4846958 0.0216658 -0.8744144
vn 0.4819373 0.1086899 -0.8694384
vn 0.4791474 0.1523852 -0.8644054
vn 0.4708846 0.2379475 -0.849499
vn 0.465442 0.2798221 -0.8396805
vn 0.4518686 0.3623179 -0.8151936
vn 0.4437138 0.4029224 -0.8004822
vn 0.4249739 0.4812556 -0.7666748
vn 0.414401 0.5190039 -0.7476007
vn 0.3909848 0.5912718 -0.7053571
vn 0.3781437 0.6257974 -0.6821913
vn 0.3502564 0.691409 -0.6318814
vn 0.335199 0.7224671 -0.6047171
vn 0.3033896 0.7799889 -0.5473318
vn 0.2866512 0.8064754 -0.5171349
vn 0.2516148 0.8547747 -0.4539278
vn 0.233314 0.8765828 -0.4209123
vn 0.1953372 0.9152364 -0.3524004
vn 0.1756517 0.9320565 -0.3168868
vn 0.1356568 0.9600533 -0.2447343
vn 0.1153556 0.9712793 -0.2081099
vn 0.07387409 0.9883221 -0.1332754
vn 0.05269019 0.9940764 -0.0950586
vn 0.01050003 0.9997655 -0.01894556
vn -0.01050513 0.9997653 0.01894876
vn -0.05269526 0.9940758 0.09506179
vn -0.07387913 0.9883214 0.1332785
vn -0.1153605 0.9712781 0.208113
vn -0.1356617 0.960052 0.2447373
vn -0.1756565 0.9320548 0.3168899
vn -0.1953419 0.9152343 0.3524033
vn -0.2333185 0.8765804 0.4209151
vn -0.2516192 0.854772 0.4539305
vn -0.2866553 0.8064725 0.5171375
vn -0.3033936 0.7799858 0.5473343
vn 0.9342275 -0.2983449 0.1954726
vn 0.9243479 -0.3763901 0.0625428
vn 0.8988298 -0.4246412 0.1085591
vn 0.9142021 -0.3325701 0.2315854
vn 0.8706433 -0.4653687 0.1594133
vn 0.8922197 -0.3610634 0.2712516
vn 0.8400112 -0.4982812 0.2147025
vn 0.8684745 -0.3835256 0.3141025
vn 0.8075113 -0.5227103 0.2733119
vn 0.8436883 -0.3993087 0.3588076
vn 0.7738883 -0.5380841 0.3340098
vn 0.8179239 -0.4083201 0.4053088
vn 0.7393705 -0.5443504 0.39625
vn 0.79199 -0.4103399 0.4520766
vn 0.7049769 -0.541241 0.4583293
vn 0.7659774 -0.4052848 0.4990219
vn 0.6708381 -0.5288667 0.5198812
vn 0.7406592 -0.3933877 0.5446743
vn 0.6380177 -0.5075083 0.5791105
vn 0.7162083 -0.3746511 0.5887975
vn 0.6066046 -0.4773312 0.6357561
vn 0.6931789 -0.3495602 0.6303259
vn 0.5775514 -0.4391764 0.688156
vn 0.6720182 -0.3185919 0.6684988
vn 0.5511305 -0.3934302 0.735845
vn 0.6528903 -0.2819568 0.7030183
vn 0.5277295 -0.340812 0.7780417
vn 0.6362916 -0.2406633 0.732949
vn 0.5079861 -0.2826688 0.8136638
vn 0.6224815 -0.1953132 0.7578718
vn 0.4920413 -0.2194611 0.8424561
vn 0.6115972 -0.146323 0.7775208
vn 0.4801884 -0.1524439 0.863817
vn 0.6039408 -0.09520653 0.7913225
vn 0.472752 -0.08305553 0.8772727
vn 0.5995808 -0.04204484 0.799209
vn 0.4697006 -0.01188445 0.8827459
vn 0.5985938 0.01143222 0.8009712
vn 0.4712214 0.05908572 0.8800337
vn 0.6010519 0.06510265 0.796554
vn 0.4772051 0.129471 0.8692023
vn 0.60681 0.1173057 0.7861432
vn 0.4875682 0.1971858 0.8505265
vn 0.615899 0.1677507 0.7697586
vn 0.5021877 0.2619585 0.8241271
vn 0.6280557 0.2152371 0.7478095
vn 0.5206797 0.3218738 0.7907529
vn 0.6430686 0.2588829 0.7207236
vn 0.5428682 0.3763926 0.7507482
vn 0.6608347 0.2983477 0.6886846
vn 0.5683696 0.4246437 0.7047226
vn 0.6808481 0.3325728 0.6525651
vn 0.5965598 0.4653713 0.6538704
vn 0.702838 0.3610661 0.6129031
vn 0.627215 0.4982838 0.5985941
vn 0.7265945 0.3835283 0.5700585
vn 0.6596962 0.5227129 0.5399744
vn 0.7513718 0.3993115 0.5253485
vn 0.6933534 0.5380867 0.4792953
vn 0.777154 0.4083229 0.4788572
vn 0.7278444 0.5443529 0.4170403
vn 0.8030725 0.4103426 0.4320808
vn 0.7622649 0.5412436 0.3549759
vn 0.8290998 0.4052876 0.3851437
vn 0.796373 0.5288692 0.293407
vn 0.8543987 0.3933905 0.3394805
vn 0.8292102 0.5075108 0.234187
vn 0.8788602 0.3746538 0.2953633
vn 0.8606021 0.4773338 0.1775296
vn 0.9018747 0.349563 0.2538266
vn 0.889644 0.4391789 0.1251234
vn 0.9230338 0.3185946 0.2156528
vn 0.9160857 0.3934328 0.077446
vn 0.9421719 0.2819596 0.1811389
vn 0.9394699 0.3408145 0.03524004
vn 0.9587586 0.240666 0.1512016
vn 0.959217 0.2826713 -0.0003800735
vn 0.9725763 0.1953159 0.1262829
vn 0.9751849 0.2194636 -0.02915953
vn 0.9834718 0.1463258 0.1066402
vn 0.9870191 0.1524464 -0.05053084
vn 0.9911193 0.09520927 0.0928335
vn 0.9944897 0.08305805 -0.06396756
vn 0.9954971 0.04204759 0.08495691
vn 0.9975144 0.01188698 -0.06945551
vn 0.9964686 -0.01142948 0.08318614
vn 0.9960204 -0.05908319 -0.0667285
vn 0.9940253 -0.0650999 0.08761153
vn 0.990006 -0.1294685 -0.05591414
vn 0.9882479 -0.117303 0.09801164
vn 0.9796597 -0.1971833 -0.03722895
vn 0.9791696 -0.167748 0.1144021
vn 0.965019 -0.261956 -0.01084135
vn 0.9669979 -0.2152344 0.1363429
vn 0.9465156 -0.3218713 0.02252651
vn 0.9519835 -0.2588801 0.163428
vn 0.8811657 -0.4717874 -0.03104816
vn 0.8494354 -0.5270438 0.02616348
vn 0.8145749 -0.5731792 0.08907039
vn 0.776879 -0.6097348 0.1571079
vn 0.7374023 -0.6357026 0.2282985
vn 0.696415 -0.6508656 0.3022918
vn 0.6549941 -0.6548845 0.3769739
vn 0.6135094 -0.6476359 0.4518563
vn 0.5729733 -0.6294023 0.5249328
vn 0.533867 -0.6002926 0.5955123
vn 0.4969172 -0.5609394 0.6621332
vn 0.4629252 -0.5121729 0.7234496
vn 0.4321635 -0.4543517 0.7789733
vn 0.4053613 -0.3889301 0.8272942
vn 0.3830013 -0.3170097 0.867649
vn 0.3652923 -0.2392275 0.8996287
vn 0.3526912 -0.157824 0.9223343
vn 0.3453613 -0.07323708 0.9356079
vn 0.3433944 0.01216269 0.9391126
vn 0.3469263 0.09776855 0.9327826
vn 0.3557437 0.1813349 0.9168229
vn 0.369869 0.2620243 0.89137
vn 0.3889315 0.3382058 0.8569419
vn 0.4125711 0.408314 0.8142881
vn 0.4406153 0.4717897 0.7637232
vn 0.4723189 0.5270461 0.7064967
vn 0.5071935 0.5731815 0.6435976
vn 0.5449167 0.609737 0.5755752
vn 0.5843703 0.6357049 0.5043718
vn 0.6254001 0.6508679 0.4304022
vn 0.6667843 0.6548867 0.3556997
vn 0.7083048 0.6476381 0.280837
vn 0.7487963 0.6294046 0.2077359
vn 0.787928 0.6002949 0.1371704
vn 0.8248454 0.5609418 0.07053163
vn 0.8588318 0.5121751 0.009212036
vn 0.8896174 0.4543539 -0.0462983
vn 0.9163931 0.3889324 -0.094634
vn 0.9387671 0.317012 -0.134981
vn 0.9565033 0.2392297 -0.1669456
vn 0.9690813 0.1578263 -0.189664
vn 0.9764539 0.07323936 -0.2029139
vn 0.978384 -0.01216041 -0.206439
vn 0.9748878 -0.09776627 -0.2000894
vn 0.9660258 -0.1813327 -0.1841542
vn 0.951926 -0.262022 -0.1586872
vn 0.9328311 -0.3382035 -0.1242771
vn 0.9091859 -0.4083118 -0.08162641
vn -0.2736282 -0.664213 0.6956641
vn -0.1837639 -0.830199 0.5263084
vn -0.4089205 -0.5528792 0.7260225
vn -0.1213914 -0.9168144 0.3804149
vn -0.1140383 -0.9640368 0.2400592
vn -0.01204747 -0.9991485 0.03946188
vn 0.03331042 -0.9959918 -0.08301133
vn 0.1747278 -0.931379 -0.3193801
vn 0.175158 -0.9123392 -0.3700773
vn 0.2630848 -0.8332424 -0.4863065
vn 0.1966161 -0.8235195 -0.5321259
vn 0.4076808 -0.7410991 -0.5334497
vn 0.4850836 -0.5494102 -0.6803254
vn 0.5129253 -0.3915701 -0.7639245
vn 0.4819296 -0.2652475 -0.8350975
vn 0.4919125 -0.04035501 -0.8697089
vn 0.4731473 0.0887524 -0.8765014
vn 0.4497746 0.3640458 -0.8155817
vn 0.4193762 0.408595 -0.8106626
vn 0.3645193 0.6717724 -0.6448624
vn 0.3240174 0.560729 -0.7619682
vn 0.3754919 0.7066075 -0.5997597
vn 0.2429677 0.8973334 -0.3684555
vn 0.1571942 0.9552457 -0.2505912
vn 0.02707885 0.9991485 -0.03112986
vn -0.05274829 0.9959918 0.07223674
vn -0.1782604 0.931379 0.317422
vn -0.221026 0.9123392 0.3446522
vn -0.2729997 0.8332424 0.4808106
vn -0.3470798 0.8235192 0.4487226
vn -0.2363549 0.7410994 0.6284172
vn -0.3198948 0.5494105 0.771891
vn -0.3760366 0.3915704 0.8398031
vn -0.4528197 0.2652476 0.8512334
vn -0.4768811 0.04035504 0.878041
vn -0.4925852 -0.08875243 0.8657268
vn -0.4533072 -0.3640458 0.8136235
vn -0.4652442 -0.4085951 0.7852375
vn -0.4744811 -0.5607293 0.6785648
vn -0.6153083 -0.7855338 0.0658206
vn -0.6282168 -0.733905 0.2583159
vn -0.61489 -0.7128352 0.3373074
vn -0.4336234 -0.8990272 0.06100029
vn -0.7174518 -0.5131993 0.4710515
vn -0.6410244 -0.6295873 0.4389848
vn -0.7630695 -0.5978917 -0.2454601
vn -0.6492032 -0.6148634 -0.4477482
vn -0.6492032 -0.6148634 -0.4477482
vn -0.93774 -0.3428288 0.05578826
vn -0.93774 -0.3428288 0.05578826
vn -0.8675488 -0.4973193 0.005731046
vn -0.6869439 -0.7045043 -0.178275
vn -0.371914 0.45371 -0.8098316
vn -0.4329385 0.5445872 -0.7183238
vn -0.3432927 0.3328561 -0.8782694
vn -0.5387347 0.6644293 -0.5179755
vn -0.6437533 0.6900458 -0.3307844
vn -0.7154852 0.6721389 -0.1905529
vn -0.7723208 0.6280744 -0.09509635
vn -0.9123539 -0.3670041 -0.1814348
vn -0.9112462 -0.3764064 -0.167179
vn -0.9599922 -0.2457598 -0.1342285
vn -0.3201892 0.3502534 -0.880228
vn -0.960171 -0.2479316 -0.1288486
vn -0.363533 0.3364102 -0.8687187
vn -0.3154697 0.2557106 -0.9138331
vn -0.2792383 0.2777718 -0.9191675
vn -0.9933291 -0.05852672 -0.09935812
vn -0.9964401 0.06058917 -0.05862092
vn -0.7366876 -0.08641332 0.6706894
vn -0.7481427 -0.04834014 0.6617749
vn -0.6967781 -0.1954286 0.6901507
vn -0.6967781 -0.1954286 0.6901507
vn -0.8982807 0.425357 0.1102876
vn -0.8726525 0.4813581 0.08229309
vn -0.8939888 0.4287781 0.130128
vn -0.8804745 0.4693586 0.06683987
vn -0.8942045 0.4271205 0.1340397
vn -0.8746198 -1.507337E-06 -0.4848095
vn -0.8746198 -1.507337E-06 -0.4848096
vn -0.8746198 -1.507337E-06 -0.4848096
vn -0.8746198 -1.507337E-06 -0.4848096
vn -0.8746198 -1.507337E-06 -0.4848096
vn -0.8746198 -1.507337E-06 -0.4848096
vn -0.835722 0.5469707 0.04890934
vn -0.8746198 -1.507337E-06 -0.4848096
vn -0.8746198 -1.507337E-06 -0.4848096
vn -0.8746198 -1.507337E-06 -0.4848096
vn -0.8746198 -1.507337E-06 -0.4848096
vn -0.8746198 -1.507337E-06 -0.4848096
vn -0.8746198 -1.507337E-06 -0.4848096
vn -0.8746198 -1.507337E-06 -0.4848096
vn -0.6914083 -0.5261672 -0.4950787
vn -0.6719292 -0.4445294 -0.5923722
vn -0.7414822 -0.5447621 -0.3917125
vn -0.671794 -0.3167226 -0.6696117
vn -0.5988768 -0.1930884 -0.7772153
vn -0.5865099 -0.1919762 -0.7868617
vn 0.1034193 -0.6127664 -0.783468
vn -0.00625753 -0.7816356 -0.6237042
vn 0.0706639 -0.7059193 -0.7047586
vn -0.1088067 -0.8591554 -0.5000132
vn -0.5209609 -0.06483567 -0.8511147
vn -0.4611464 0.01128945 -0.8872523
vn 0.115633 -0.1561768 -0.9809372
vn 0.07293052 -0.2377884 -0.9685752
vn 0.07293052 -0.2377884 -0.9685752
vn 0.1568427 -0.1559505 -0.9752332
vn -0.02554969 0.08549669 -0.9960108
vn 0.1342723 0.2193985 -0.9663514
vn -0.4032615 0.1646866 -0.9001435
vn -0.9351245 0.3145054 0.1631837
vn -0.9279875 0.3450004 0.1407625
vn -0.9219686 0.349202 0.1674277
vn -0.4592656 0.3822915 -0.8018281
vn -0.4592656 0.3822915 -0.8018281
vn -0.35685 -0.1188516 -0.9265702
vn -0.4440052 -0.2833021 -0.8500586
vn -0.4440052 -0.2833021 -0.8500586
vn -0.1543306 0.1181235 -0.9809327
vn -0.9489418 0.244024 0.1999049
vn -0.9758539 -0.09106191 0.198537
vn -0.9659899 -0.178201 0.1873719
vn -0.9906794 -0.01194225 0.1356905
vn -0.8758776 -0.4734268 0.09330451
vn -0.1612606 -0.8995765 -0.4059033
vn -0.2619698 -0.9483327 -0.1789894
vn -0.3107212 -0.9505012 -4.386531E-05
vn -0.8746198 -1.507337E-06 -0.4848096
vn -0.8746198 -1.507337E-06 -0.4848096
vn -0.8746198 -1.507337E-06 -0.4848096
vn -0.8746198 -1.507337E-06 -0.4848096
vn -0.8746198 -1.507337E-06 -0.4848096
vn -0.8746198 -1.507337E-06 -0.4848096
vn -0.8746198 -1.507337E-06 -0.4848096
vn -0.8746198 -1.507337E-06 -0.4848096
vn -0.8746198 -1.507337E-06 -0.4848096
vn -0.8746198 -1.507337E-06 -0.4848096
vn -0.8746198 -1.507337E-06 -0.4848096
vn -0.8746198 -1.507337E-06 -0.4848095
vn -0.8746198 -1.507337E-06 -0.4848096
vn 0.196937 0.3442836 -0.9179786
vn 0.196937 0.3442836 -0.9179786
vn -0.8746198 -1.507337E-06 -0.4848096
vn -0.8746198 -1.507337E-06 -0.4848096
vn -0.7303674 0.189696 0.6561853
vn -0.750652 0.235715 0.6172199
vn -0.7837937 0.2671207 0.5606374
vn -0.5975956 0.7022168 0.3870032
vn -0.5618414 0.7790961 0.2781079
vn -0.5514179 0.6757758 0.4891478
vn -0.5681342 0.8165833 0.1020557
vn -0.8746198 -1.507337E-06 -0.4848096
vn -0.8440185 -0.08225168 -0.5299694
vn -0.804774 -0.1644957 -0.5703335
vn -0.6220277 -0.1757173 -0.7630237
vn -0.8746198 -1.507337E-06 -0.4848095
vn -0.8746198 -1.507337E-06 -0.4848096
vn -0.8746198 -1.507337E-06 -0.4848096
vn -0.8746198 -1.507337E-06 -0.4848096
vn -0.8746198 -1.507337E-06 -0.4848096
vn -0.299111 0.177435 -0.9375765
vn -0.3076355 0.2301134 -0.9232596
vn -0.3328551 0.1619102 -0.928974
vn -0.9963951 -0.005443151 -0.08466028
vn -0.2850759 0.09295786 -0.9539866
vn -0.3109414 -0.1163945 -0.9432751
vn -0.9062132 0.4218236 -0.02903223
vn -0.9290302 0.3680242 0.03822892
vn -0.8779891 0.3854246 0.283872
vn -0.8746198 -1.507337E-06 -0.4848096
vn -0.8746198 -1.507337E-06 -0.4848096
vn -0.8746198 -1.507337E-06 -0.4848096
vn -0.8746198 -1.507337E-06 -0.4848096
vn -0.8746198 -1.507337E-06 -0.4848096
vn -0.8746198 -1.507337E-06 -0.4848096
vn -0.8746198 -1.507337E-06 -0.4848096
vn -0.8242035 -0.5662178 -0.009284223
vn -0.7758996 -0.6244738 -0.08951332
vn -0.7342533 -0.6523715 -0.1878397
vn -0.7215904 -0.6655214 -0.1907585
vn -0.6768861 -0.6848918 -0.2697197
vn -0.7430692 -0.6372761 -0.2042733
vn -0.6457903 -0.7121133 -0.2754081
vn -0.6189706 -0.7048456 -0.3465087
vn -0.6436466 -0.677467 -0.3560305
vn -0.6468637 -0.6929605 -0.318392
vn -0.6039047 -0.7016308 -0.3781714
vn -0.3422394 -0.6350799 -0.6924926
vn -0.23202 -0.6122554 -0.7558508
vn -0.2760327 -0.5287042 -0.8026694
vn -0.3469894 -0.3647843 -0.8640202
vn -0.2666938 -0.05888373 -0.9619808
vn -0.8384659 0.5412425 -0.06349519
vn -0.8328074 0.5210126 -0.1870241
vn -0.822417 0.542657 -0.1707454
vn -0.8425367 0.4647701 -0.2722514
vn -0.8386974 0.387962 -0.3821941
vn -0.503952 0.8629642 0.03640749
vn -0.4933807 0.867758 0.05976333
vn -0.746117 0.3361752 -0.5747137
vn -0.1784054 0.8172353 -0.5479944
vn -0.140874 0.795495 -0.5893574
vn -0.192497 0.9207285 -0.3394172
vn -0.1715711 0.7079475 -0.6851085
vn -0.03513901 0.7209874 -0.6920565
vn -0.8746198 -1.507337E-06 -0.4848096
vn -0.8746198 -1.507337E-06 -0.4848096
vn -0.8746198 -1.507337E-06 -0.4848096
vn -0.8746198 -1.507337E-06 -0.4848096
vn -0.9237833 -0.04673831 -0.3800529
vn -0.4674676 0.00732248 -0.88398
vn -0.4397359 -0.06532837 -0.8957481
vn -0.5054768 0.4463669 -0.7384104
vn -0.5076625 0.5033807 -0.6992043
vn -0.4701543 0.1868096 -0.8625875
vn -0.5015436 -0.8573586 0.1157177
vn -0.4126128 -0.9103683 0.03131195
vn -0.4125065 -0.9085213 0.06654232
vn -0.3733022 -0.9257614 -0.06009474
vn -0.3969766 -0.914123 -0.08239549
vn -0.3762196 -0.9119883 -0.1635123
vn -0.4685388 0.08909451 -0.878939
vn -0.5262254 0.07930537 -0.846639
vn -0.8925067 -0.3910569 -0.2247363
vn -0.9993894 -0.03453269 0.00535332
vn 0.02250962 -0.4938809 -0.8692383
vn 0.01617555 -0.4355716 -0.900009
vn -0.03073838 -0.5443252 -0.8383111
vn 0.006092075 -0.3402091 -0.9403302
vn 0.03899662 -0.3796034 -0.9243272
vn -0.7527775 0.4929827 -0.4362271
vn -0.7598134 0.4868977 -0.4308299
vn -0.7213759 0.4240535 -0.5475358
vn -0.7863777 -0.452283 -0.4207736
vn -0.6863347 -0.4131082 -0.5985704
vn -0.7856327 -0.494763 -0.3714715
vn -0.1131412 0.6004819 -0.7915936
vn -0.02475015 0.6242418 -0.780839
vn -0.09212731 0.5067188 -0.8571748
vn -0.1178524 0.6213155 -0.7746469
vn -0.2132337 0.5669876 -0.7956484
vn -0.5438623 -0.05134839 -0.8376021
vn -0.6289014 0.1680298 -0.7591108
vn -0.5477836 -0.2422274 -0.8007867
vn -0.5054881 0.8470173 0.16445
vn -0.481048 0.8766734 0.006077529
vn -0.4570982 0.8819266 0.1151823
vn -0.5027614 0.864207 0.01942564
vn -0.9612858 0.2217122 -0.1636267
vn -0.9471735 0.320492 0.01214485
vn -0.9809872 0.1919098 -0.02889638
vn -0.5355392 0.8159597 0.2177337
vn -0.6073132 0.7661781 0.2101003
vn -0.6078284 0.7623451 0.2222049
vn -0.6767963 0.4295437 -0.5978621
vn -0.7672884 0.4204101 -0.4842769
vn -0.5815644 0.339018 -0.7394929
vn -0.9558654 -0.2440383 -0.1636057
vn -0.9373709 -0.3482685 -0.00670827
vn -0.9216764 -0.3671085 -0.1254767
vn -0.7838753 -0.1670986 0.5980114
vn -0.7903315 -0.2430713 0.562399
vn -0.765085 -0.1627659 0.6230187
vn -0.9382036 0.3266012 -0.1144809
vn -0.980796 0.1225631 -0.1517163
vn -0.8343868 0.4727063 -0.2834563
vn -0.7274439 -0.4867803 -0.4836015
vn -0.6487386 -0.5142203 -0.5609956
vn -0.6555222 -0.4767486 -0.5856634
vn -0.8790514 -0.4298074 -0.2062391
vn -0.7886206 -0.4438075 -0.4255733
vn -0.440084 0.1229098 -0.8895051
vn -0.5275902 -0.02049542 -0.8492519
vn -0.5180368 -0.01202139 -0.855274
vn -0.4653834 0.06663716 -0.8825973
vn -0.8468445 0.184883 -0.4986711
vn -0.8437656 0.2146452 -0.4919221
vn -0.8437656 0.2146452 -0.4919221
vn -0.8393747 0.2477394 -0.4838136
vn -0.9812489 0.1855178 0.05228895
vn -0.9775453 0.2012886 0.06235641
vn -0.277956 0.2332615 -0.931842
vn -0.1948907 0.2274145 -0.9540966
vn -0.2943659 0.4166375 -0.8600942
vn -0.9849555 0.1678634 0.04104739
vn -0.6911776 0.4791698 -0.5409898
vn -0.6986979 0.446862 -0.5586911
vn -0.6145885 0.5631419 -0.552406
vn -0.5926856 0.5219235 -0.613449
vn -0.4107158 0.6450354 -0.6443926
vn -0.2460707 0.6496007 -0.7193525
vn -0.3385695 0.6700016 -0.6606578
vn 0.06773589 0.01128201 -0.9976395
vn 0.03676186 0.05008553 -0.9980682
vn 0.1673418 0.6670616 -0.7259653
vn 0.1227633 0.8513356 -0.5100557
vn 0.1270873 0.8337643 -0.537295
vn -0.2328164 0.5971181 -0.767624
vn -0.2328164 0.5971181 -0.767624
vn 0.1960279 0.625084 -0.7555416
vn 0.2299814 0.5279251 -0.8175596
vn 0.06227935 0.9417947 -0.3303697
vn 0.03315215 0.9507613 -0.3081463
vn -0.6311181 0.6172245 -0.469813
vn -0.5931017 0.6753565 -0.4383194
vn -0.5931017 0.6753565 -0.4383194
vn -0.5480161 0.7339091 -0.4013177
vn -0.1945994 0.9777275 0.07861519
vn -0.4118533 0.8997644 0.1442258
vn -0.2068211 0.9781941 -0.01901262
vn -0.7048709 0.6958969 0.1374218
vn -0.1123767 0.8264032 -0.5517511
vn -0.254195 0.8684316 -0.4256891
vn -0.5187811 0.7330146 -0.4399499
vn -0.5396081 0.7560883 -0.3703431
vn -0.05565083 0.9893132 -0.1347683
vn 0.1083997 0.8761829 -0.4696308
vn 0.07417018 0.9361478 -0.343695
vn 0.07087649 0.8921825 -0.4460794
vn 0.01300654 0.9773045 -0.2114404
vn -0.1222395 0.9924818 -0.006145292
vn 0.2598709 0.4889458 -0.8327059
vn -0.8004338 -0.4032157 -0.4435346
vn -0.7869342 -0.431849 -0.4407282
vn -0.7568391 -0.4816165 -0.44186
vn -0.766562 -0.4419745 -0.4658771
vn -0.6439822 0.4845157 -0.5920569
vn -0.648348 0.6934059 -0.3143775
vn -0.6566182 0.6408637 -0.3976761
vn -0.635309 0.3551576 -0.6857445
vn -0.6385661 0.759078 -0.1266258
vn -0.5970097 0.8004053 -0.0541397
vn -0.3448793 0.6996148 0.6257777
vn -0.3448793 0.6996148 0.6257777
vn -0.2660965 0.7730204 0.5758753
vn -0.8618696 0.00548911 -0.5071005
vn -0.8328562 0.04480495 -0.5516734
vn -0.8595684 -0.004787776 -0.5109984
vn -0.9216807 -0.005288267 -0.3879137
vn -0.8600262 0.02676636 -0.5095477
vn -0.8961957 -0.01070696 -0.4435302
vn -0.8962072 -0.003370733 -0.4436231
vn -0.9007681 -0.01615542 -0.4340003
vn 0.02795384 0.7333374 -0.6792899
vn -0.06015422 0.8265256 -0.5596758
vn -0.833628 -0.0003544154 -0.5523266
vn -0.842638 0.09867691 -0.5293621
vn -0.7593421 0.6323535 0.1533913
vn -0.7593421 0.6323535 0.1533913
vn -0.3006077 0.9379973 0.1726163
vn -0.2751207 0.9492521 0.1524116
vn -0.3580493 0.8838713 0.3009525
vn -0.4447701 0.8594878 0.2519138
vn -0.4391015 0.7780286 0.4492902
vn -0.6207556 0.7609665 0.1886596
vn -0.6872004 0.7250521 0.04533785
vn -0.7624453 0.0003884365 -0.6470527
vn -0.6687528 0.01491845 -0.7433351
vn -0.6348555 0.1680944 0.754124
vn -0.591453 0.1435363 0.7934613
vn -0.7609059 0.00561536 0.648838
vn -0.9095985 -0.01759112 0.4151161
vn -0.7004679 0.20305 0.6841899
vn -0.9463328 0.1203584 0.2999473
vn -0.9427472 0.2118343 0.257593
vn -0.642348 0.6617604 0.386604
vn -0.5496993 0.3273553 0.7685502
vn -0.5109667 0.5008104 0.6986431
vn -0.4974434 0.5144503 0.6984921
vn -0.9266646 0.1773273 0.3314331
vn -0.9249208 0.1775493 0.3361519
vn -0.9228963 0.1777979 0.3415416
vn -0.4685265 0.6433087 0.6055056
vn -0.4602759 0.6748843 0.576782
vn -0.7692629 0.6343128 0.07669551
vn -0.7681574 0.6228259 0.1483994
vn -0.433834 0.7253041 0.5345299
vn -0.4854146 0.5943484 0.6411887
vn -0.4944046 0.5059375 0.7068179
vn -0.514208 0.430396 0.7418555
vn -0.4854282 0.5742517 0.659238
vn -0.5705767 0.2321997 0.7877344
vn -0.5530881 0.02952113 -0.8325997
vn -0.5502672 0.02864322 -0.8344973
vn -0.609386 0.007449969 -0.7928389
vn -0.4486098 0.006740431 -0.8937024
vn -0.9708952 -0.02257041 0.2384391
vn -0.960273 -0.07189441 0.2696425
vn -0.9873363 0.1384194 0.0775061
vn -0.889138 -0.2223441 0.3999959
vn -0.8731853 -0.2389052 0.4248199
vn -0.8686836 0.08878891 -0.4873453
vn -0.8223638 0.001343694 -0.5689607
vn -0.8716837 -0.03844156 -0.4885588
vn -0.8893448 0.08775666 -0.4487369
vn -0.8770077 0.03936031 -0.4788617
vn -0.8993307 0.06644256 -0.4321919
vn -0.8764111 -0.06523251 -0.4771251
vn -0.8723721 -0.08939591 -0.4805991
vn -0.5413949 0.7845973 0.3021572
vn -0.6018673 0.6979152 0.388163
vn -0.8689498 -0.09032592 -0.4865878
vn -0.9405044 -0.2960131 -0.1668171
vn -0.9380235 -0.2840715 -0.1985335
vn -0.945676 -0.120672 -0.3018863
vn -0.8519779 -0.1876435 -0.4887984
vn -0.9142386 -0.1258544 0.3851349
vn -0.8717505 -0.2277502 0.4337983
vn -0.8943506 -0.4390128 -0.08605263
vn -0.9612341 0.09731317 0.2579909
vn -0.7252481 0.3292817 -0.6046395
vn -0.7026424 0.3464243 -0.6215174
vn -0.9120721 0.3815367 -0.1501813
vn -0.9118363 0.3687213 -0.1805533
vn -0.939465 0.3272019 -0.1017087
vn -0.9670923 0.2518297 -0.03625461
vn -0.6310521 -0.437694 -0.6404666
vn -0.5388831 -0.1117278 -0.8349383
vn -0.629668 -0.2851362 -0.722645
vn -0.6634973 0.1899333 -0.7236691
vn -0.9545015 0.04302912 0.2950862
vn -0.8837466 0.02798814 -0.4671284
vn -0.8631004 0.06266539 -0.5011296
vn -0.9312536 -0.08173652 -0.3550861
vn -0.9382278 -0.1055737 -0.3295194
vn -0.9391894 -0.30338 -0.1608854
vn -0.897673 -0.4373387 -0.05402275
vn -0.897673 -0.4373387 -0.05402275
vn -0.5371044 -0.7668731 -0.3513185
vn -0.5369815 -0.7663347 -0.3526787
vn -0.5371044 -0.7668731 -0.3513185
vn -0.5372243 -0.767401 -0.34998
vn -0.5602038 -0.4237253 -0.7117786
vn -0.5572818 -0.4361313 -0.7065598
vn -0.5642039 -0.405816 -0.7190184
vn -0.9378815 -0.3447755 -0.03884046
vn -0.9828358 -0.1744432 -0.06002886
vn -0.9383509 -0.3417964 -0.05170104
vn -0.9485161 -0.3054852 -0.08364345
vn -0.4467909 0.08222709 -0.8908517
vn -0.6541193 0.334297 -0.6785083
vn -0.6508688 -0.07009202 0.7559478
vn -0.610333 -0.187963 0.7695218
vn -0.6632183 -0.1887852 0.7242249
vn -0.5771136 -0.4072095 0.7078987
vn -0.5281525 -0.4872632 0.6954349
vn -0.4861185 -0.6336417 0.6018196
vn -0.5443676 -0.555923 0.6281827
vn -0.3338341 -0.9196771 0.2067585
vn -0.4211471 -0.8134062 0.4012551
vn -0.3457429 -0.8845739 0.3130352
vn -0.7353789 -0.5356728 0.4150574
vn -0.8260681 -0.5004103 0.2592322
vn -0.7213152 -0.5369232 0.4375134
vn -0.8129763 -0.5809025 -0.04027257
vn -0.4386425 -0.7461976 0.5007815
vn -0.6229361 0.03480697 0.7814981
vn -0.4717748 -0.6486464 0.5972323
vn -0.4236364 -0.7202892 0.5492864
vn -0.4093259 -0.7337429 0.5422856
vn -0.3891004 -0.7688495 0.5074164
vn -0.3554949 -0.8418288 0.4061376
vn -0.8682998 -0.003858531 -0.496025
vn -0.878115 0.04488534 -0.4763397
vn -0.8454079 0.3007625 -0.4413928
vn -0.8680846 0.1691795 -0.4666987
vn -0.8166083 0.3694409 -0.4434685
vn -0.784202 0.465673 -0.4100925
vn -0.7808115 0.4740153 -0.4069927
vn -0.7160613 0.5738768 -0.3973937
vn -0.7945629 -0.5381782 -0.2811305
vn -0.6300097 -0.681851 -0.3717086
vn -0.5080974 -0.7406854 -0.4395707
vn -0.3882566 -0.7866926 -0.4799707
vn -0.4029527 -0.7853688 -0.4699204
vn -0.8479311 0.002803975 -0.5300992
vn -0.8913442 0.006123772 -0.4532858
vn -0.8557083 0.02050336 -0.5170524
vn -0.9057737 -0.003003489 -0.4237512
vn -0.7440534 -0.02960258 0.6674641
vn -0.7440534 -0.02960258 0.6674641
vn -0.7440534 -0.02960258 0.6674641
vn -0.9185603 0.006943211 -0.39522
vn -0.9487281 0.0007583807 -0.3160926
vn -0.8991933 0.003178877 -0.4375404
vn -0.6657062 -0.5613829 0.491614
vn -0.1038156 -0.9863122 -0.128105
vn -0.2919045 -0.9415208 0.1683168
vn -0.1579323 -0.9868624 0.03405951
vn -0.7333674 -0.6700187 -0.1150964
vn -0.7333674 -0.6700187 -0.1150964
vn -0.3168249 -0.9077144 0.2750941
vn -0.8593044 -0.01572722 -0.5112228
vn 0.2056762 -0.6885732 -0.6953879
vn 0.05545824 -0.5726271 -0.8179381
vn 0.1349978 -0.783716 -0.6062716
vn -0.1437782 -0.8503729 -0.5061561
vn -0.1984355 -0.8508443 -0.4865055
vn -0.3639398 -0.5555382 -0.7476132
vn 0.1332883 -0.8687167 -0.4770386
vn 0.03692488 -0.946396 -0.3208918
vn 0.03325495 -0.9227245 -0.3840234
vn 0.08462155 -0.9531558 -0.2904027
vn 0.1924983 -0.8496802 -0.4909054
vn -0.8459405 -0.001849834 -0.5332742
vn -0.8672768 -0.02211996 -0.4973348
vn -0.9503555 -0.0509545 -0.3069661
vn -0.9421874 -0.0256259 -0.3341056
vn -0.9768028 -0.09259326 -0.1930883
vn -0.5150889 -0.1982471 -0.8338956
vn -0.2771886 0.06648901 -0.9585123
vn -0.4540618 -0.1214699 -0.8826513
vn -0.2451541 0.1114427 -0.9630576
vn -0.9786723 -0.09434604 -0.1824825
vn -0.9831322 -0.04424867 -0.1774635
vn -0.9864595 0.03327372 -0.1605947
vn -0.672698 -0.4260072 -0.6049756
vn -0.672698 -0.4260072 -0.6049756
vn -0.5907149 -0.5558593 -0.5848731
vn -0.8815002 -0.04761541 -0.4697769
vn -0.8689361 -0.09468902 -0.485782
vn -0.8692047 -0.09311708 -0.4856054
vn -0.8985755 0.06250519 -0.4343448
vn -0.7487929 -0.2592556 -0.6099966
vn -0.1898022 -0.1974094 -0.9617717
vn -0.1898022 -0.1974094 -0.9617717
vn -0.1995236 -0.1911478 -0.9610686
vn -0.18058 -0.20331 -0.9623181
vn -0.4825035 0.2035941 -0.8519038
vn -0.4734024 0.1971869 -0.8584914
vn -0.4954086 0.2127191 -0.8422118
vn -0.6176114 -0.4992339 -0.6077186
vn -0.6527074 -0.4871703 -0.5802054
vn -0.672775 0.5603231 -0.4831271
vn -0.9066498 0.1046686 -0.4086941
vn -0.6928807 -0.4746855 -0.5427616
vn -0.7786552 -0.4442078 -0.443143
vn -0.774029 0.02990857 -0.6324434
vn -0.8565416 0.009453632 -0.5159916
vn -0.7881746 0.03468547 -0.6144737
vn -0.8508318 0.005868011 -0.5254055
vn -0.737344 0.5389747 -0.4072227
vn -0.737344 0.5389747 -0.4072227
vn -0.7068012 0.567714 -0.422058
vn -0.9596084 0.2806212 0.02009281
vn -0.2826485 -0.5126955 -0.8107117
vn -0.2077536 -0.4461253 -0.8705234
vn -0.08340268 -0.4383564 -0.8949235
vn 0.3498163 -0.2112143 -0.9126979
vn 0.2607456 -0.3166117 -0.9120136
vn 0.2728966 -0.5046864 -0.8190357
vn 0.3584238 -0.04523675 -0.9324625
vn 0.3856465 0.03558744 -0.9219601
vn -0.3244793 0.1194801 -0.9383165
vn -0.3840958 0.09627136 -0.9182605
vn -0.3244793 0.1194801 -0.9383165
vn -0.2569202 0.144496 -0.9555694
vn 0.2284827 0.5583412 -0.7975278
vn 0.2914739 0.3779638 -0.8787414
vn 0.3069898 0.4631321 -0.8314241
vn 0.3622321 0.2457351 -0.8991119
vn 0.3444079 0.1089309 -0.9324791
vn 0.3235397 -0.3615825 -0.8744029
vn 0.2587624 -0.5608706 -0.7864263
vn 0.3962135 -0.06772662 -0.9156572
vn 0.3949715 0.1305427 -0.9093714
vn 0.3480923 0.3688678 -0.8618401
vn 0.1583502 -0.5443426 -0.8237818
vn -0.8574511 -0.07141587 -0.5095857
vn -0.8802982 -0.02380555 -0.4738233
vn -0.8747358 -0.04478896 -0.4825264
vn -0.8322079 -0.08106227 -0.5485061
vn -0.8808457 0.02232162 -0.4728771
vn -0.8760213 0.0466108 -0.4800149
vn -0.868637 0.04252291 -0.493621
vn -0.867979 -0.02773851 -0.4958258
vn -0.8700054 -0.1031002 -0.4821424
vn -0.8445643 -0.2749152 -0.4594923
vn -0.8568426 -0.1980257 -0.4760325
vn 0.1031404 -0.4481633 -0.887982
vn 0.1234148 -0.2438534 -0.9619274
vn 0.1031404 -0.4481633 -0.887982
vn 0.3506418 0.6390045 -0.6846339
vn 0.4305418 0.4637162 -0.7743391
vn 0.360909 0.6747889 -0.6437427
vn 0.3971271 0.5935017 -0.7000328
vn -0.8705832 0.1411634 -0.4713363
vn -0.6103836 -0.786689 0.09247897
vn -0.5666158 -0.823964 0.00546186
vn -0.598955 -0.7949159 -0.09675573
vn -0.2753346 -0.7974607 0.5368867
vn -0.2074101 -0.8915206 0.4027061
vn -0.1884877 -0.9213267 0.3400436
vn -0.870616 0.1311485 -0.4741605
vn -0.5657254 -0.7441943 -0.3551474
vn -0.5688632 -0.6921796 -0.4441648
vn -0.5952091 -0.4660422 -0.6546229
vn -0.6638585 -0.4016289 -0.6308616
vn -0.5454 -0.1763394 -0.8194165
vn -0.5567248 -0.3106729 -0.7704155
vn -0.4255691 0.1881123 -0.8851581
vn -0.4688304 0.1264977 -0.8741834
vn -0.4551997 0.1680396 -0.8743889
vn -0.4213287 0.2202817 -0.879749
vn -0.418814 -0.04922506 -0.906737
vn -0.4206572 0.06779888 -0.9046828
vn -0.4439279 -0.2051408 -0.8722646
vn -0.4217908 -0.2291166 -0.8772675
vn -0.4822899 -0.1578361 -0.8616753
vn -0.5112932 -0.05273333 -0.857787
vn -0.5873814 0.1263793 -0.7993819
vn -0.6078122 0.2520056 -0.7530323
vn -0.2649479 -0.8974437 -0.3527007
vn -0.2649479 -0.8974437 -0.3527007
vn -0.1061284 0.2530514 -0.9616141
vn -0.05311682 0.2813883 -0.9581228
vn -0.5989105 -0.2958118 -0.7441785
vn -0.6374989 -0.3679908 -0.6768886
vn -0.7188841 -0.4569905 -0.5237992
vn -0.7577806 -0.520952 -0.3929096
vn -0.7988415 -0.5563422 -0.2287701
vn -0.8000042 -0.5654782 -0.2005691
vn -0.7501153 -0.6060311 -0.2646763
vn -0.6899948 -0.5984942 -0.4070774
vn -0.6145696 -0.5971578 -0.5154678
vn -0.614267 -0.5472788 -0.5684736
vn -0.1630918 -0.9416153 0.2945533
vn -0.1659444 -0.9395839 0.2994074
vn -0.1604767 -0.9435524 0.2897521
vn -0.1605295 -0.9435883 0.2896057
vn -0.1689673 -0.9373692 0.3046133
vn -0.1691116 -0.9374933 0.3041509
vn 0.1535641 -0.9485097 -0.2770342
vn 0.153243 -0.9485961 -0.2769159
vn 0.1535641 -0.9485097 -0.2770342
vn 0.1538848 -0.9484231 -0.2771522
vn 0.3954188 -0.5815111 -0.7109776
vn 0.3961424 -0.5825434 -0.7097285
vn 0.3954188 -0.5815111 -0.7109776
vn 0.3946964 -0.5804806 -0.7122199
vn 0.5237511 0.007982974 -0.8518341
vn 0.505236 0.23689 -0.8298312
vn 0.4960228 0.1057134 -0.8618504
vn 0.4844806 -0.02054937 -0.8745607
vn -0.7999708 -0.005616388 -0.6000128
vn -0.951543 0.1746441 0.2531116
vn -0.943185 0.3231463 0.0773238
vn -0.9246414 0.303148 0.2305206
vn -0.342814 0.7071051 0.6184507
vn -0.3541301 0.6819188 0.6399837
vn -0.3582532 0.6768846 0.6430258
vn -0.3866669 0.6023337 0.6983432
vn -0.4307214 0.4726928 0.7687918
vn -0.3581152 0.6804361 0.6393437
vn -0.9359432 -0.001926369 0.3521459
vn -0.9472615 -0.0883493 0.3080426
vn -0.9389988 -0.1008651 0.3287975
vn -0.9073392 -0.3862014 -0.1660852
vn -0.9429042 -0.3189117 -0.09605751
vn -0.9350519 -0.3455842 -0.07905548
vn -0.842268 -0.4580872 -0.2841498
vn -0.692224 -0.5202805 -0.5001343
vn -0.6961377 -0.517862 -0.4972036
vn 0.261713 -0.8415031 -0.4726298
vn 0.3320271 -0.7383906 -0.5869732
vn 0.3302386 -0.7335336 -0.5940298
vn 0.2553352 -0.8513676 -0.4582329
vn -0.8611945 -0.4585322 -0.2193001
vn -0.9268895 -0.3399383 -0.1591161
vn -0.9676934 -0.2400001 -0.07726393
vn -0.9970816 -0.07517543 -0.01331321
vn -0.9738576 0.2036139 0.1007123
vn -0.9946973 0.08144256 0.06280737
vn -0.9724995 0.2083722 0.1040483
vn -0.9796705 0.1051088 0.1708743
vn -0.9900983 -0.07007738 0.1216336
vn -0.976365 -0.1713165 0.1317664
vn -0.4635302 0.2921101 0.8365474
vn -0.4542308 0.3488094 0.8197601
vn -0.471691 0.2304372 0.8511207
vn -0.4717716 0.2303567 0.8510979
vn -0.4441004 0.4005271 0.8014693
vn -0.4442495 0.400408 0.8014461
vn -0.4808355 -0.1277753 0.8674507
vn -0.4808355 -0.1277753 0.8674507
vn -0.4808355 -0.1277753 0.8674507
vn -0.4808355 -0.1277753 0.8674507
vn -0.335638 -0.7215993 0.6055093
vn -0.335638 -0.7215993 0.6055093
vn -0.335638 -0.7215993 0.6055093
vn -0.335638 -0.7215993 0.6055093
vn -0.06426947 -0.9905807 0.1209111
vn -0.06329078 -0.9902361 0.1242051
vn -0.06426947 -0.9905807 0.1209111
vn -0.0652287 -0.9909073 0.1176787
vn 0.1563762 -0.941279 -0.2992335
vn 0.1617102 -0.9396234 -0.3015926
vn -0.8651925 -0.11001 -0.4892237
vn -0.3489124 -0.6707129 0.654526
vn -0.4203833 -0.4846235 0.7670841
vn -0.3394473 -0.6821902 0.6476049
vn -0.4434367 -0.3979194 0.8031339
vn -0.9135625 -0.1621639 0.3729703
vn -0.3405989 -0.7106571 0.6155962
vn -0.3405989 -0.7106571 0.6155962
vn -0.8594624 -0.1838436 -0.476997
vn 0.3196537 0.779429 -0.538806
vn 0.3331665 0.7637349 -0.5529097
vn 0.3063817 0.7639222 -0.5679377
vn 0.3235017 0.7838265 -0.5300592
vn 0.2679747 0.8331733 -0.4837479
vn -0.4356981 0.8333724 -0.3400851
vn -0.2772027 0.8152958 -0.5083812
vn -0.2591525 0.9063364 -0.333758
vn -0.8280212 0.5280927 -0.1884127
vn -0.7676839 0.6099081 -0.1966564
vn 0.03346746 0.9929668 -0.1135655
vn -0.9159988 0.391774 -0.08636767
vn -0.9994661 -0.01370613 0.02965829
vn -0.9828523 0.1756588 0.05608447
vn -0.9721448 -0.216385 0.09006733
vn -0.9758104 -0.2045679 0.07711154
vn -0.973249 0.2294573 -0.01166085
vn -0.9429851 0.3114518 -0.1173759
vn -0.8957966 0.393268 -0.2070962
vn -0.8262796 0.4541988 -0.3331154
vn -0.6364601 0.5337769 -0.5567774
vn -0.7215698 0.5193137 -0.4578759
vn -0.6344095 0.5652763 -0.5272452
vn -0.6435484 0.5092002 -0.5714549
vn -0.7731096 0.4999869 -0.3902753
vn -0.7987509 0.5394375 -0.2664665
vn 0.1058265 0.969085 -0.222879
vn 0.07793493 0.9802733 -0.1816328
vn 0.06950571 0.9811196 -0.1804808
vn 0.1482927 0.9486449 -0.2794319
vn 0.1910659 0.9184189 -0.3464112
vn 0.1922009 0.918057 -0.3467425
vn -0.06194799 0.9918033 0.1117542
vn -0.06194799 0.9918033 0.1117542
vn -0.06194799 0.9918033 0.1117542
vn -0.06194799 0.9918033 0.1117542
vn -0.3498392 0.692311 0.6311246
vn -0.3498392 0.692311 0.6311246
vn -0.3498392 0.692311 0.6311246
vn -0.3498392 0.692311 0.6311246
vn -0.4661321 0.1493235 0.8720226
vn -0.4661321 0.1493235 0.8720226
vn -0.4547437 0.1344908 0.8804093
vn -0.4781494 0.1651895 0.862604
vn -0.4569396 -0.3454865 0.8196617
vn -0.4604092 -0.3517322 0.8150507
vn -0.9409977 -0.0003458942 -0.3384128
vn -0.6097169 0.7836729 -0.118753
vn -0.2317151 0.8729635 0.4292354
vn -0.2986558 0.7541032 0.5849217
vn -0.2532986 0.8513676 0.4593618
vn -0.9521599 0.0002655021 -0.3056007
vn 0.3714775 -0.61976 -0.6913049
vn 0.4434535 -0.4672842 -0.7648495
vn 0.4097313 -0.6184505 -0.6705517
vn 0.4221137 -0.5915963 -0.6869017
vn 0.4528986 -0.3568092 -0.8170497
vn -0.02590719 -0.2410859 -0.970158
vn -0.1144191 -0.1774033 -0.9774643
vn -0.03621517 -0.3098274 -0.9501029
vn -0.9565723 -0.001017985 -0.2914937
vn -0.2067915 -0.01565671 -0.9782598
vn -0.3309298 0.09360132 -0.9390017
vn -0.4856805 0.2650805 -0.8329747
vn -0.5189588 0.295067 -0.8022577
vn -0.5967584 0.4200177 -0.6837138
vn -0.6186495 0.3994886 -0.6765218
vn -0.7543806 0.4872273 -0.4399088
vn -0.8065899 0.5446731 -0.2296609
vn -0.8112203 0.5375903 -0.2300403
vn 0.4637995 -0.2921101 -0.8363982
vn 0.4544912 -0.3488094 -0.8196158
vn 0.4718336 -0.2304372 -0.8510416
vn 0.4717716 -0.2303567 -0.8510979
vn 0.4443482 -0.4005271 -0.801332
vn 0.4442495 -0.400408 -0.8014461
vn 0.4808355 0.1277753 -0.8674507
vn 0.4808355 0.1277753 -0.8674507
vn 0.4808355 0.1277753 -0.8674507
vn 0.4808355 0.1277753 -0.8674507
vn 0.335638 0.7215993 -0.6055093
vn 0.335638 0.7215993 -0.6055093
vn 0.335638 0.7215993 -0.6055093
vn 0.335638 0.7215993 -0.6055093
vn 0.06847825 0.9905807 -0.1185781
vn 0.07179041 0.9902361 -0.1194937
vn 0.06847825 0.9905807 -0.1185781
vn 0.0652287 0.9909073 -0.1176787
vn -0.1709001 0.941279 0.2911828
vn -0.1700741 0.9396233 0.2969565
vn -0.1038694 -0.9764794 0.1889423
vn -0.1027331 -0.9767038 0.1884035
vn 0.1471132 -0.9503276 -0.2742907
vn 0.1490047 -0.9517313 -0.2683385
vn 0.1471132 -0.9503276 -0.2742907
vn 0.1451821 -0.9488593 -0.2803364
vn 0.3842699 -0.609642 -0.6933062
vn 0.3842876 -0.6096706 -0.6932714
vn 0.3842699 -0.609642 -0.6933062
vn 0.3842523 -0.6096133 -0.6933412
vn 0.4687592 0.2549312 -0.8457394
vn 0.4839967 0.05788292 -0.8731534
vn 0.4839967 0.05788292 -0.8731534
vn 0.468788 0.2549527 -0.8457168
vn 0.4472005 0.3860143 -0.8068486
vn 0.4559094 0.3399132 -0.8225604
vn 0.4636315 0.2924122 -0.8363855
vn 0.4636169 0.2924285 -0.8363881
vn -0.2767908 -0.7851557 0.5540013
vn -0.3428104 -0.7071086 0.6184484
vn 0.35827 0.690011 -0.6289096
vn 0.8349866 0.0006315478 0.5502701
vn 0.8295589 0.0007794789 0.558419
vn 0.8601975 -0.006791097 0.5099161
vn 0.8618331 0.002680386 0.5071853
vn 0.6201484 -0.6771601 0.3960688
vn 0.6621538 -0.6497105 0.3734016
vn 0.4546786 -0.7625155 0.4602583
vn 0.429335 -0.7675853 0.4759037
vn 0.9377662 0.2380832 -0.2528068
vn 0.9282355 0.07172242 -0.3650137
vn 0.9377662 0.2380832 -0.2528068
vn 0.8037404 -0.005051063 0.594959
vn 0.6877565 -0.4694955 0.5536833
vn 0.7609895 -0.3440798 0.5500037
vn 0.7054843 -0.5545442 0.4413306
vn 0.7365324 -0.6076009 0.2972227
vn 0.8749276 -0.01993795 0.4838432
vn 0.863079 -0.186305 0.4694519
vn 0.9283672 -0.357266 0.1024476
vn 0.9667753 -0.2410234 -0.0851668
vn 0.9585935 -0.2225513 -0.1776786
vn 0.948821 -0.2777666 0.150282
vn 0.3385042 -0.01220373 0.9408857
vn 0.2881915 0.0472816 0.9564047
vn 0.1329008 0.2295011 0.9641923
vn -0.4562474 0.3522263 0.8171751
vn -0.4757636 0.06950511 0.8768227
vn 0.08542279 0.2620294 0.9612719
vn 0.5183851 -0.2054495 0.830101
vn 0.5371924 -0.2126532 0.8162126
vn -0.4613475 -0.1116907 0.8801612
vn -0.4705878 -0.1227192 0.8737776
vn -0.4804008 -0.1345527 0.8666664
vn -0.4804008 -0.1345527 0.8666664
vn -0.3498357 -0.6923146 0.6311224
vn -0.3498357 -0.6923146 0.6311224
vn -0.3498357 -0.6923146 0.6311224
vn -0.3498357 -0.6923146 0.6311224
vn 0.6568311 -0.3473876 0.6692495
vn 0.7014604 -0.4018728 0.5886015
vn 0.7751814 -0.5159185 0.3645848
vn 0.797132 -0.503199 0.3337237
vn -0.06194293 -0.9918039 0.111751
vn -0.06194293 -0.9918039 0.111751
vn -0.06194293 -0.9918039 0.111751
vn -0.06194293 -0.9918039 0.111751
vn 0.194059 -0.916283 -0.350381
vn 0.1941251 -0.916335 -0.3502082
vn 0.1689795 -0.9371921 -0.3051513
vn 0.1414867 -0.9563833 -0.2555635
vn 0.7805653 -0.5837436 0.2235202
vn 0.1116505 -0.9730861 -0.2015881
vn 0.1116828 -0.9731053 -0.2014782
vn 0.9700306 0.0008802165 0.2429817
vn 0.9755565 1.571616E-05 0.2197492
vn 0.9755824 0.0001729241 0.2196339
vn 0.9755869 0.0005304244 0.2196136
vn 0.9639837 0.006340283 0.2658862
vn 0.9491381 0.002862711 0.3148474
vn 0.9356892 -0.002211163 0.3528187
vn 0.8890141 -0.002352943 0.457874
vn 0.9059542 -0.00375073 0.4233594
vn 0.8540044 -0.4631255 0.2370473
vn 0.8456112 0.2582909 0.4671486
vn 0.8395026 0.2804295 0.4653976
vn 0.8393086 0.2810542 0.4653705
vn 0.8390573 0.280976 0.4658707
vn 0.8505846 0.2376539 0.46907
vn 0.8136797 -0.5239527 0.2517915
vn 0.9075845 -0.3805358 0.1774346
vn 0.9728178 -0.2087842 0.1001745
vn 0.9933127 -0.1044249 0.04925176
vn 0.9930587 0.1079995 -0.04659006
vn 0.9898018 0.1361718 -0.04182967
vn 0.8657541 0.1638603 0.4728846
vn 0.8603499 0.1822323 0.4760142
vn 0.9898633 0.0934976 -0.1069064
vn 0.9707885 0.2119522 -0.1124554
vn 0.9982442 0.004126211 -0.05909195
vn 0.8738948 0.08676663 0.4783093
vn 0.9724678 -0.1869267 -0.1391579
vn 0.9880269 -0.1421751 -0.05991189
vn 0.8662105 -0.05160334 0.4970077
vn 0.8728842 -0.06076456 0.484129
vn 0.8746689 -0.01920568 0.4843402
vn 0.8809528 -0.0260386 0.4724872
vn 0.8489607 -0.1908371 0.4927953
vn 0.5369252 0.7766483 0.3294374
vn 0.5369252 0.7766483 0.3294374
vn 0.4324959 0.7528174 0.496199
vn 0.7550688 0.5858613 0.294343
vn 0.8333973 0.4357314 0.3399815
vn 0.8333973 0.4357314 0.3399815
vn 0.8111215 0.560919 -0.1656863
vn 0.8111215 0.560919 -0.1656863
vn 0.8111215 0.560919 -0.1656863
vn 0.9422381 0.03967594 0.3325861
vn 0.8779302 0.006743439 0.4787414
vn 0.8760183 0.04532313 0.4801435
vn 0.9327452 -0.01809349 0.3600823
vn 0.9724728 -0.1856053 -0.1408809
vn 0.9365293 -0.06692083 0.3441433
vn 0.9817769 -0.01751508 -0.1892289
vn 0.9865931 0.003509618 -0.163162
vn 0.9652018 -0.09995933 -0.2416484
vn 0.9601103 0.2568532 0.1105209
vn 0.9148138 0.3321639 0.2297457
vn 0.8919735 0.3604168 0.2729161
vn 0.9272828 0.3232126 0.1888926
vn 0.777844 0.4560169 0.4324436
vn 0.6710079 0.5227127 0.5258517
vn 0.644478 0.5215803 0.5591084
vn 0.6934068 -0.1280893 0.70907
vn 0.7259907 -0.06667281 0.6844652
vn 0.7288972 0.006176187 0.6845955
vn 0.7094201 0.005816902 0.7047619
vn 0.6854489 0.5221313 0.5074829
vn 0.7576483 0.5073075 0.4106195
vn 0.7983899 -0.001935044 0.6021379
vn 0.7846286 -0.003369689 0.6199571
vn -0.159637 0.9469309 0.2789948
vn -0.1740199 0.9340588 0.3118515
vn -0.1754484 0.9348017 0.3088104
vn -0.1633348 0.9466509 0.2778024
vn -0.1347078 0.9633331 0.2320417
vn -0.1262143 0.9653071 0.2285881
vn 0.2859366 0.8075646 -0.5158293
vn 0.1913754 0.918934 -0.3448707
vn 0.1913328 0.9188282 -0.3451764
vn 0.2858732 0.807548 -0.5158902
vn 0.36313 0.6625814 -0.6550744
vn 0.3631098 0.6625973 -0.6550695
vn 0.4760274 0.189474 -0.8587768
vn 0.4812303 0.1979304 -0.853956
vn 0.488331 0.07623148 -0.8693226
vn 0.4889796 -0.06430299 -0.869922
vn 0.8912254 0.01164696 0.4534114
vn 0.8852497 0.0007381961 0.4651158
vn 0.9071677 -0.001153071 0.4207678
vn 0.901202 0.01401798 0.4331728
vn 0.9164494 -0.0002289451 0.4001507
vn 0.1016802 0.005533376 0.9948018
vn 0.05772608 -0.2575408 0.9645416
vn 0.05438735 -0.04509498 0.9975011
vn 0.1180317 0.116371 0.9861676
vn 0.2050434 0.1179714 0.9716172
vn 0.7337833 0.2569945 0.6289008
vn 0.6299895 0.3059399 0.7138028
vn 0.6299895 0.3059399 0.7138028
vn 0.8629139 0.001386308 0.5053493
vn 0.8478125 -0.001396558 0.5302945
vn 0.8678734 0.1751411 0.4648889
vn 0.8515602 0.3758432 0.3654959
vn 0.8298828 0.4747641 0.2930765
vn 0.6251515 0.7716586 0.1171696
vn 0.6447843 0.6870528 0.3349805
vn 0.615838 0.755367 0.2239744
vn 0.6446117 0.6691613 0.3697286
vn 0.6413121 0.4384866 0.6296415
vn 0.8466208 -0.2578073 0.4655844
vn 0.8391233 -0.2811636 0.4656384
vn 0.8394232 -0.2810513 0.4651655
vn 0.8397142 -0.2809731 0.4646873
vn 0.8506004 -0.2383786 0.4686735
vn 0.5930619 0.2016681 0.7794919
vn 0.6121941 0.3230681 0.7216964
vn 0.6196793 0.44583 0.6459361
vn 0.4765542 -0.1346364 0.8687746
vn 0.5299307 0.01051569 0.8479759
vn 0.4441945 -0.1920857 0.8750968
vn 0.4546461 -0.135194 0.880352
vn 0.8683284 -0.1462115 0.4739496
vn 0.8642055 -0.1532364 0.4792362
vn 0.4689025 -0.03593913 0.8825185
vn 0.42499 0.1855042 0.8859863
vn -0.4566407 -0.3366955 0.8234776
vn -0.4556355 -0.3424637 0.8216537
vn -0.4575444 -0.3312284 0.8251914
vn -0.4574594 -0.3311259 0.8252797
vn -0.4545129 -0.3485595 0.8197098
vn -0.4544263 -0.3484419 0.8198079
vn -0.4599244 0.3168734 0.8294944
vn -0.4598477 0.3167441 0.8295864
vn -0.4599244 0.3168734 0.8294944
vn -0.460001 0.3170028 0.8294024
vn -0.2446284 0.8574497 0.4527003
vn -0.237868 0.8599637 0.4515323
vn -0.2446284 0.8574497 0.4527003
vn -0.2514415 0.8548644 0.4538549
vn 0.06250099 0.9934365 -0.0958003
vn 0.06121172 0.9931844 -0.09918784
vn 0.05985158 0.9929042 -0.1027578
vn 0.8751441 0.02275202 0.4833273
vn 0.8766734 0.06108815 0.477192
vn 0.8674634 0.03177891 0.4964851
vn 0.8840383 0.039843 0.4657134
vn 0.8651722 0.1937049 0.4625535
vn 0.5764228 -0.8166075 0.02982159
vn 0.4934407 -0.8200589 0.2898614
vn 0.486369 -0.8460727 0.2181886
vn 0.4986519 -0.7710049 0.3961037
vn 0.4520321 -0.8052979 0.3836175
vn 0.6366835 -0.3129613 0.7047618
vn 0.6366835 -0.3129613 0.7047618
vn 0.6505492 -0.3013177 0.6971323
vn 0.6462669 -0.1819367 0.7411061
vn 0.8740269 -0.03984152 0.4842414
vn 0.876608 -0.04789695 0.4788156
vn 0.667414 0.02759707 0.7441754
vn 0.233662 0.2763391 0.9322226
vn 0.233662 0.2763391 0.9322226
vn -0.7593108 -0.06350615 0.6476219
vn -0.7722311 0.06303189 0.6322076
vn -0.7475005 -0.03512158 0.6633322
vn -0.4506949 0.02512853 -0.8923244
vn -0.2799357 -0.9575298 -0.06908406
vn -0.2870275 -0.9492369 -0.1287039
vn 0.9687054 -0.05968449 -0.2409315
vn 0.6293826 -0.3952373 0.6690778
vt -14.011 -11.7672
vt -13.75 -11.75
vt -13.75 -13.75
vt -14.2676 -11.8182
vt -14.5154 -11.9022
vt -14.75 -12.018
vt -14.9676 -12.1632
vt -15.1642 -12.3358
vt -15.3368 -12.5324
vt -15.482 -12.75
vt -15.5978 -12.9846
vt -15.6818 -13.2324
vt -15.7328 -13.489
vt -15.75 -13.75
vt -15.7328 -14.011
vt -15.6818 -14.2676
vt -15.5978 -14.5154
vt -15.482 -14.75
vt -15.3368 -14.9676
vt -15.1642 -15.1642
vt -14.9676 -15.3368
vt -14.75 -15.482
vt -14.5154 -15.5978
vt -14.2676 -15.6818
vt -14.011 -15.7328
vt -13.75 -15.75
vt -13.489 -15.7328
vt -13.2324 -15.6818
vt -12.9846 -15.5978
vt -12.75 -15.482
vt -12.5324 -15.3368
vt -12.3358 -15.1642
vt -12.1632 -14.9676
vt -12.018 -14.75
vt -11.9022 -14.5154
vt -11.8182 -14.2676
vt -11.7672 -14.011
vt -11.75 -13.75
vt -11.7672 -13.489
vt -11.8182 -13.2324
vt -11.9022 -12.9846
vt -12.018 -12.75
vt -12.1632 -12.5324
vt -12.3358 -12.3358
vt -12.5324 -12.1632
vt -12.75 -12.018
vt -12.9846 -11.9022
vt -13.2324 -11.8182
vt -13.489 -11.7672
vt -0.261 1.7218
vt 2 2
vt -13.75 2
vt -14.011 1.7218
vt -0.5176 1.4142
vt -14.2676 1.4142
vt -0.7654 1.0824
vt -14.5154 1.0824
vt -1 0.732
vt -14.75 0.732
vt -1.2176 0.3692
vt -14.9676 0.3692
vt -1.4142 0
vt -15.1642 0
vt -1.5868 -0.3692
vt -15.3368 -0.3692
vt -1.732 -0.732
vt -15.482 -0.732
vt -1.8478 -1.0824
vt -15.5978 -1.0824
vt -1.9318 -1.4142
vt -15.6818 -1.4142
vt -1.9828 -1.7218
vt -15.7328 -1.7218
vt -2 -2
vt -15.75 -2
vt -1.9828 -2.2438
vt -15.7328 -2.2438
vt -1.9318 -2.4494
vt -15.6818 -2.4494
vt -1.8478 -2.6132
vt -15.5978 -2.6132
vt -1.732 -2.732
vt -15.482 -2.732
vt -1.5868 -2.8044
vt -15.3368 -2.8044
vt -1.4142 -2.8284
vt -15.1642 -2.8284
vt -1.5868 -2.8044
vt -15.3368 -2.8044
vt -1.732 -2.732
vt -15.482 -2.732
vt -1.8478 -2.6132
vt -15.5978 -2.6132
vt -1.9318 -2.4494
vt -15.6818 -2.4494
vt -1.9828 -2.2438
vt -15.7328 -2.2438
vt -2 -2
vt -15.75 -2
vt -1.9828 -1.7218
vt -15.7328 -1.7218
vt -1.9318 -1.4142
vt -15.6818 -1.4142
vt -1.8478 -1.0824
vt -15.5978 -1.0824
vt -1.732 -0.732
vt -15.482 -0.732
vt -1.5868 -0.3692
vt -15.3368 -0.3692
vt -1.4142 0
vt -15.1642 0
vt -1.2176 0.3692
vt -14.9676 0.3692
vt -1 0.732
vt -14.75 0.732
vt -0.7654 1.0824
vt -14.5154 1.0824
vt -0.5176 1.4142
vt -14.2676 1.4142
vt -0.261 1.7218
vt -14.011 1.7218
vt 0 2
vt -11.75 2
vt 1.9828 2.2438
vt -11.7672 2.2438
vt 1.9318 2.4494
vt -11.8182 2.4494
vt 1.8478 2.6132
vt -11.9022 2.6132
vt 1.732 2.732
vt -12.018 2.732
vt 1.5868 2.8044
vt -12.1632 2.8044
vt 1.4142 2.8284
vt -12.3358 2.8284
vt 1.5868 2.8044
vt -12.1632 2.8044
vt 1.732 2.732
vt -12.018 2.732
vt 1.8478 2.6132
vt -11.9022 2.6132
vt 1.9318 2.4494
vt -11.8182 2.4494
vt 1.9828 2.2438
vt -11.7672 2.2438
vt 0 -2
vt -0.261 -1.9828
vt -0.522 -3.9656
vt 0 -4
vt -0.5176 -1.9318
vt -1.0352 -3.8636
vt -0.7654 -1.8478
vt -1.5308 -3.6956
vt -1 -1.732
vt -2 -3.464
vt -1.2176 -1.5868
vt -2.4352 -3.1736
vt -1.4142 -1.4142
vt -2.8284 -2.8284
vt -1.5868 -1.2176
vt -3.1736 -2.4352
vt -1.732 -1
vt -3.464 -2
vt -1.8478 -0.7654
vt -3.6956 -1.5308
vt -1.9318 -0.5176
vt -3.8636 -1.0352
vt -1.9828 -0.261
vt -3.9656 -0.522
vt -2 0
vt -4 0
vt -1.9828 0.261
vt -3.9656 0.522
vt -1.9318 0.5176
vt -3.8636 1.0352
vt -1.8478 0.7654
vt -3.6956 1.5308
vt -1.732 1
vt -3.464 2
vt -1.5868 1.2176
vt -3.1736 2.4352
vt -1.4142 1.4142
vt -2.8284 2.8284
vt -1.2176 1.5868
vt -2.4352 3.1736
vt -1 1.732
vt -2 3.464
vt -0.7654 1.8478
vt -1.5308 3.6956
vt -0.5176 1.9318
vt -1.0352 3.8636
vt -0.261 1.9828
vt -0.522 3.9656
vt 0 2
vt 0 4
vt 0.261 1.9828
vt 0.522 3.9656
vt 0.5176 1.9318
vt 1.0352 3.8636
vt 0.7654 1.8478
vt 1.5308 3.6956
vt 1 1.732
vt 2 3.464
vt 1.2176 1.5868
vt 2.4352 3.1736
vt 1.4142 1.4142
vt 2.8284 2.8284
vt 1.5868 1.2176
vt 3.1736 2.4352
vt 1.732 1
vt 3.464 2
vt 1.8478 0.7654
vt 3.6956 1.5308
vt 1.9318 0.5176
vt 3.8636 1.0352
vt 1.9828 0.261
vt 3.9656 0.522
vt 2 0
vt 4 0
vt 1.9828 -0.261
vt 3.9656 -0.522
vt 1.9318 -0.5176
vt 3.8636 -1.0352
vt 1.8478 -0.7654
vt 3.6956 -1.5308
vt 1.732 -1
vt 3.464 -2
vt 1.5868 -1.2176
vt 3.1736 -2.4352
vt 1.4142 -1.4142
vt 2.8284 -2.8284
vt 1.2176 -1.5868
vt 2.4352 -3.1736
vt 1 -1.732
vt 2 -3.464
vt 0.7654 -1.8478
vt 1.5308 -3.6956
vt 0.5176 -1.9318
vt 1.0352 -3.8636
vt 0.261 -1.9828
vt 0.522 -3.9656
vt -9.7156 -4.4876
vt -5.75 -4
vt -4 -4
vt -3.9656 -4.4876
vt -9.6136 -4.8988
vt -3.8636 -4.8988
vt -9.445601 -5.2264
vt -3.6956 -5.2264
vt -9.214 -5.464
vt -3.464 -5.464
vt -8.9236 -5.6088
vt -3.1736 -5.6088
vt -8.5784 -5.6568
vt -2.8284 -5.6568
vt -8.9236 -5.6088
vt -3.1736 -5.6088
vt -9.214 -5.464
vt -3.464 -5.464
vt -9.445601 -5.2264
vt -3.6956 -5.2264
vt -9.6136 -4.8988
vt -3.8636 -4.8988
vt -9.7156 -4.4876
vt -3.9656 -4.4876
vt -9.75 -4
vt 0 -4
vt -5.228 -3.4436
vt 0.522 -3.4436
vt -4.7148 -2.8284
vt 1.0352 -2.8284
vt -4.2192 -2.1648
vt 1.5308 -2.1648
vt -3.75 -1.464
vt 2 -1.464
vt -3.3148 -0.7384
vt 2.4352 -0.7384
vt -2.9216 0
vt 2.8284 0
vt -2.5764 0.7384
vt 3.1736 0.7384
vt -2.286 1.464
vt 3.464 1.464
vt -2.0544 2.1648
vt 3.6956 2.1648
vt -1.8864 2.8284
vt 3.8636 2.8284
vt -1.7844 3.4436
vt 3.9656 3.4436
vt -1.75 4
vt 4 4
vt -1.7844 4.4876
vt 3.9656 4.4876
vt -1.8864 4.8988
vt 3.8636 4.8988
vt -2.0544 5.2264
vt 3.6956 5.2264
vt -2.286 5.464
vt 3.464 5.464
vt -2.5764 5.6088
vt 3.1736 5.6088
vt -2.9216 5.6568
vt 2.8284 5.6568
vt -2.5764 5.6088
vt 3.1736 5.6088
vt -2.286 5.464
vt 3.464 5.464
vt -2.0544 5.2264
vt 3.6956 5.2264
vt -1.8864 4.8988
vt 3.8636 4.8988
vt -1.7844 4.4876
vt 3.9656 4.4876
vt -1.75 4
vt 4 4
vt -1.7844 3.4436
vt 3.9656 3.4436
vt -1.8864 2.8284
vt 3.8636 2.8284
vt -2.0544 2.1648
vt 3.6956 2.1648
vt -2.286 1.464
vt 3.464 1.464
vt -2.5764 0.7384
vt 3.1736 0.7384
vt -2.9216 0
vt 2.8284 0
vt -3.3148 -0.7384
vt 2.4352 -0.7384
vt -3.75 -1.464
vt 2 -1.464
vt -4.2192 -2.1648
vt 1.5308 -2.1648
vt -4.7148 -2.8284
vt 1.0352 -2.8284
vt -5.228 -3.4436
vt 0.522 -3.4436
vt -5.75 4
vt -6.65 6
vt -7.433 5.1654
vt -6.272 3.4436
vt -8.2028 4.2426
vt -6.7852 2.8284
vt -8.9462 3.2472
vt -7.2808 2.1648
vt -9.65 2.196
vt -7.75 1.464
vt -10.3028 1.1076
vt -8.1852 0.7384
vt -10.8926 0
vt -8.5784 0
vt -11.4104 -1.1076
vt -8.9236 -0.7384
vt -11.846 -2.196
vt -9.214 -1.464
vt -12.1934 -3.2472
vt -9.445601 -2.1648
vt -12.4454 -4.2426
vt -9.6136 -2.8284
vt -12.5984 -5.1654
vt -9.7156 -3.4436
vt -12.65 -6
vt -9.75 -4
vt -12.5984 -6.7314
vt -9.7156 -4.4876
vt -12.4454 -7.3482
vt -9.6136 -4.8988
vt -12.1934 -7.8396
vt -9.445601 -5.2264
vt -11.846 -8.196
vt -9.214 -5.464
vt -11.4104 -8.4132
vt -8.9236 -5.6088
vt -10.8926 -8.4852
vt -8.5784 -5.6568
vt -11.4104 -8.4132
vt -8.9236 -5.6088
vt -11.846 -8.196
vt -9.214 -5.464
vt -12.1934 -7.8396
vt -9.445601 -5.2264
vt -12.4454 -7.3482
vt -9.6136 -4.8988
vt -12.5984 -6.7314
vt -9.7156 -4.4876
vt -12.65 -6
vt -9.75 -4
vt -12.5984 -5.1654
vt -9.7156 -3.4436
vt -12.4454 -4.2426
vt -9.6136 -2.8284
vt -12.1934 -3.2472
vt -9.445601 -2.1648
vt -11.846 -2.196
vt -9.214 -1.464
vt -11.4104 -1.1076
vt -8.9236 -0.7384
vt -10.8926 0
vt -8.5784 0
vt -10.3028 1.1076
vt -8.1852 0.7384
vt -9.65 2.196
vt -7.75 1.464
vt -8.9462 3.2472
vt -7.2808 2.1648
vt -8.2028 4.2426
vt -6.7852 2.8284
vt -7.433 5.1654
vt -6.272 3.4436
vt -6.65 6
vt -5.75 4
vt -5.867 6.7314
vt -5.228 4.4876
vt -5.0972 7.3482
vt -4.7148 4.8988
vt -4.3538 7.8396
vt -4.2192 5.2264
vt -3.65 8.196
vt -3.75 5.464
vt -2.9972 8.4132
vt -3.3148 5.6088
vt -2.4074 8.4852
vt -2.9216 5.6568
vt -2.9972 8.4132
vt -3.3148 5.6088
vt -3.65 8.196
vt -3.75 5.464
vt -4.3538 7.8396
vt -4.2192 5.2264
vt -5.0972 7.3482
vt -4.7148 4.8988
vt -5.867 6.7314
vt -5.228 4.4876
vt -7.95 7.5
vt -8.92875 6.45675
vt -9.891 5.30325
vt -10.82025 4.059
vt -11.7 2.745
vt -12.516 1.3845
vt -13.25325 0
vt -13.9005 -1.3845
vt -14.445 -2.745
vt -14.87925 -4.059
vt -15.19425 -5.30325
vt -15.3855 -6.45675
vt -15.45 -7.5
vt -15.3855 -8.414249
vt -15.19425 -9.18525
vt -14.87925 -9.7995
vt -14.445 -10.245
vt -13.9005 -10.5165
vt -13.25325 -10.6065
vt -13.9005 -10.5165
vt -14.445 -10.245
vt -14.87925 -9.7995
vt -15.19425 -9.18525
vt -15.3855 -8.414249
vt -15.45 -7.5
vt -15.3855 -6.45675
vt -15.19425 -5.30325
vt -14.87925 -4.059
vt -14.445 -2.745
vt -13.9005 -1.3845
vt -13.25325 0
vt -12.516 1.3845
vt -11.7 2.745
vt -10.82025 4.059
vt -9.891 5.30325
vt -8.92875 6.45675
vt -7.95 7.5
vt -6.97125 8.414249
vt -6.009 9.18525
vt -5.07975 9.7995
vt -4.2 10.245
vt -3.384 10.5165
vt -2.646749 10.6065
vt -3.384 10.5165
vt -4.2 10.245
vt -5.07975 9.7995
vt -6.009 9.18525
vt -6.97125 8.414249
vt -15.45 -7.5
vt -8.302 -7.059
vt -16.965 -7.555
vt -5.07975 -4.059
vt -6.497 -3.968
vt -2.64675 0
vt -4.809 0.05800009
vt -1.02075 4.059
vt -3.470999 4.211
vt -1.855 7.555
vt -2.932 7.468
vt -0.4499998 7.5
vt -1.243 8.115
vt -1.02075 9.7995
vt -2.529 9.912
vt -2.64675 10.6065
vt -4.809 10.594
vt -1.02075 9.7995
vt -3.470999 9.683
vt -1.855 7.555
vt -2.932 7.468
vt -0.4499998 7.5
vt -1.02075 4.059
vt -2.529 3.968
vt -2.64675 0
vt -4.867 -0.05800009
vt -5.07975 -4.059
vt -7.681999 -4.211
vt -9.41 -7.555
vt -10.4 -7.468
vt -15.45 -7.5
vt -16.417 -8.115
vt -14.87925 -9.7995
vt -16.409 -9.912
vt -13.25325 -10.6065
vt -15.461 -10.594
vt -14.87925 -9.7995
vt -17.365 -9.683
vt -17.868 -7.468
vt -16.946 -1.29
vt -19.15 -3.395
vt -17.185 -3.246
vt -15.796 -1.4
vt -19.341 -5.4
vt -21.183 -4.941
vt -18.59 -1.86
vt -16.946 -1.29
vt -17.699 -0.8279999
vt -17.699 -0.8279999
vt -16.946 -1.29
vt -17.26 0.2410002
vt -16.285 0.5929999
vt -22.234 -1.86
vt -20.97 -0.7149999
vt -21.015 -1.4
vt -21.631 -0.8279999
vt -20.97 -0.7149999
vt -21.669 0.2410002
vt -20.494 0.1899999
vt -19.15 -3.395
vt -19.588 -2.576
vt -21.183 -4.941
vt -22.282 -2.576
vt -20.972 -3.649
vt -20.751 -1.551
vt -20.626 -2.459
vt -22.297 -3.649
vt -21.88 -3.993
vt -22.011 -5.26
vt -22.011 -5.26
vt -21.062 -6.021
vt -21.735 -5.4
vt -22.62 -4.941
vt -18.688 2.021
vt -20.602 1.89
vt -19.476 3.076
vt -19.698 0.898
vt -20.004 0.727
vt -18.947 -21.361
vt -19.597 -21.209
vt -20.004 -17.069
vt -19.698 -17.204
vt -18.434 -21.061
vt -18.688 -17.091
vt -21.075 1.432
vt -20.494 -17.116
vt -19.97 -20.44
vt -20.626 -19.633
vt -19.925 -20.798
vt -20.751 -18.6
vt -20.97 -17.545
vt -21.015 -18.185
vt -17.047 1.432
vt -15.858 2.433
vt -17.26 0.2410002
vt -17.12 1.89
vt -15.793 3.715
vt -17.068 3.076
vt -15.793 3.715
vt -13.789 2.806
vt -13.712 4.773
vt -15.858 2.433
vt -17.394 3.655
vt -17.428 4.754
vt -14.787 5.566
vt -15.793 3.715
vt -13.712 4.773
vt -16.252 4.754
vt -15.687 4.867
vt -14.349 5.448
vt -17.295 4.088
vt -17.154 3.174
vt -17.715 2.638
vt -18.237 3.655
vt -15.687 4.867
vt -16.717 3.819
vt -18.871 3.728
vt -17.966 3.819
vt -17.004 4.867
vt -15.517 4.245
vt -17.295 4.088
vt -17.966 3.819
vt -18.086 3.15
vt -17.472 3.174
vt -18.871 3.728
vt -14.363 1.074
vt -16.285 0.5929999
vt -14.363 1.074
vt -19.081 -13.789
vt -20.239 -14.363
vt -21.052 -14.564
vt -19.811 -13.821
vt -21.971 -15.057
vt -21.28 -15.796
vt -17.698 -13.316
vt -16.471 -13.048
vt -17.191 -13.712
vt -15.323 -14.787
vt -14.947 -14.378
vt -13.9 -15.818
vt -14.349 -15.879
vt -13.628 4.552
vt -15.517 4.245
vt -12.86 -17.658
vt -13.628 -17.496
vt -21.655 -5.626
vt -22.682 -4.832
vt -22.061 -5.26
vt -20.558 -4.832
vt -17.17 -3.184
vt -19.647 -5.626
vt -18.347 -2.424
vt -19.647 -21.655
vt -21.69 -3.184
vt -22.062 -5.376
vt -22.829 -3.706
vt -21.76 -20.909
vt -21.062 -20.635
vt -22.078 -18.966
vt -21.735 -19.341
vt -21.737 -17.185
vt -21.729 -3.993
vt -19.925 -2.923
vt -19.97 -2.61
vt -22.399 -4.217
vt -21.3 -4.217
vt -21.209 -3.006
vt -20.558 -4.832
vt -20.497 -3.901
vt -21.3 -4.217
vt -17.715 -17.447
vt -18.234 -20.653
vt -17.154 -17.472
vt -17.403 -20.028
vt -17.032 -19.057
vt -16.564 -18.086
vt -16.674 -18.718
vt -18.086 3.15
vt -19.744 3.078
vt -18.718 2.408
vt -20.659 1.848
vt -20.028 0.369
vt -19.057 1.711
vt -21.471 0.5469999
vt -21.941 -1.015
vt -20.653 -1.087
vt -21.061 -1.695
vt -22.311 -2.225
vt -21.361 -2.508
vt -22.311 -2.225
vt -22.544 -3.901
vt -21.361 -2.508
vt -22.544 -3.901
vt -18.878 -2.225
vt -18.372 -1.015
vt -18.347 -2.424
vt -16.51 1.202
vt -17.602 0.5469999
vt -16.51 1.202
vt -14.588 0.6270001
vt -17.139 1.848
vt -16.51 1.202
vt -13.804 2.64
vt -14.588 0.6270001
vt -15.517 4.245
vt -13.628 4.552
vt -13.654 -19.518
vt -13.804 -19.232
vt -14.7 -20.959
vt -14.588 -20.461
vt -22.517 -2.97
vt -16.129 -2.97
vt -21.69 -3.184
vt -16.654 3.078
vt -16.51 1.202
vt -16.533 3.728
vt -17.658 5.158
vt -20.006 3.33
vt -19.518 2.504
vt -20.959 0.0170002
vt -22.286 -0.3209999
vt -22.517 -2.97
vt -15.792 -3.241
vt -17.113 -4.236
vt -22.286 -0.3209999
vt -23.217 -3.241
vt -23.935 -5.499
vt -22.062 -5.376
vt -22.829 -3.706
vt -20.909 -6.993
vt -22.988 -6.641
vt -21.76 -6.993
vt -22.344 -8.197001
vt -23.053 -6.422
vt -20.909 -6.993
vt -22.988 -6.641
vt -21.531 -8.197001
vt -23.053 -6.422
vt -22.078 -5.368
vt -21.76 -6.993
vt -21.971 -1.352
vt -23.535 -3.737
vt -15.057 -1.352
vt -23.535 -3.737
vt -14.904 -1.687
vt -19.811 2.044
vt -21.052 0.05999994
vt -21.703 1.025
vt -21.971 -1.352
vt -21.703 1.025
vt -21.971 -1.352
vt -22.643 -1.687
vt -19.284 4.332
vt -17.698 4.662
vt -16.471 6.157
vt -16.471 6.157
vt -19.284 4.332
vt -16.508 6.838
vt -14.789 6.844
vt -13.048 6.157
vt -12.512 6.838
vt -14.328 6.45
vt -12.86 5.158
vt -13.9 5.958
vt -12.86 5.158
vt -14.328 6.45
vt -12.339 5.913
vt -20.006 3.33
vt -17.658 5.158
vt -17.608 5.913
vt -23.21 -0.7609999
vt -20.958 3.188
vt -12.633 3.892
vt -20.958 3.188
vt -17.608 5.913
vt -11.096 6.818
vt -14.466 -0.6389999
vt -15.451 -0.7609999
vt -12.633 3.892
vt -13.922 3.188
vt -14.466 -0.6389999
vt -15.451 -0.7609999
vt -10.005 7.793
vt -9.315 7.855
vt -9.755 6.713
vt -15.218 -3.695
vt -17.495 -5.889
vt -17.113 -4.236
vt -15.218 -3.695
vt -15.792 -3.241
vt -12.714 8.549999
vt -10.005 7.793
vt -11.096 6.818
vt -8.907999 8.853
vt -8.23 8.955
vt -9.315 7.855
vt -8.049 7.162
vt -9.755 6.713
vt -11.811 3.619
vt -12.633 3.892
vt -6.066 8.837
vt -8.23 8.955
vt -8.913 3.887
vt -11.811 3.619
vt -12.633 3.892
vt -11.811 3.619
vt -14.466 -0.6389999
vt -13.303 -0.2950001
vt -11.637 -2.005
vt -13.972 -3.416
vt -13.303 -0.2950001
vt -14.466 -0.6389999
vt -11.637 -2.005
vt -12.058 -3.025
vt -13.972 -3.416
vt -14.071 -4.193
vt -10.321 0.335
vt -5.014 8.122
vt -5.649 4.937
vt -4.613 8.179
vt -7.061999 0.8870001
vt -7.750999 -0.7340002
vt -5.52 10.342
vt -10.508 10.342
vt -9.497 13.546
vt -13.233 8.837
vt -12.133 10.553
vt -0.8759995 13.881
vt -2.066999 11.109
vt -6.066 8.837
vt -5.194 10.553
vt -5.014 8.122
vt -3.605 9.040999
vt -12.792 8.179
vt -13.136 8.122
vt -4.273 8.549
vt -4.613 8.179
vt -1.651 7.304
vt -15.33 4.937
vt -15.107 8.748
vt -3.214 4.863
vt -19.191 0.8670001
vt -17.779 0.8870001
vt -18.531 -0.7340002
vt -7.750999 -0.7340002
vt -7.825 -1.643
vt -19.36 -1.643
vt -6.615 -1.55
vt -13.972 -3.416
vt -15.218 -3.695
vt -12.058 -3.025
vt -7.825 -1.643
vt -10.127 -4.658
vt -14.071 -4.193
vt -13.767 -5.489
vt -17.908 -7.069
vt -17.495 -5.889
vt -7.88 -4.234
vt -10.127 -4.658
vt -24.328 -9.573999
vt -21.548 -10.207
vt -21.769 -9.978
vt -24.355 -8.962
vt -21.337 -10.83
vt -22.753 -10.383
vt -22.119 -9.978
vt -20.567 -10.207
vt -22.329 -9.771
vt -25.481 -8.44
vt -22.876 -8.691999
vt -20.533 -7.673
vt -20.091 -8.44
vt -21.528 -9.573999
vt -15.48 -7.257
vt -17.908 -7.069
vt -20.533 -7.673
vt -20.091 -8.44
vt -13.526 -7.142
vt -21.12 -7.692
vt -20.408 -8.629
vt -20.027 -9.999
vt -20.535 -7.764
vt -19.51 -10.466
vt -11.103 -6.584
vt -13.526 -7.142
vt -9.431999 -5.753
vt -12.653 -7.072
vt -22.959 -9.731999
vt -21.726 -7.142
vt -12.653 -7.072
vt -21.12 -7.692
vt -21.575 -8.929
vt -13.887 -8.629
vt -12.771 -7.764
vt -21.379 -8.556999
vt -17.953 -14.739
vt -16.13 -9.999001
vt -16.615 -14.964
vt -21.033 -13.754
vt -19.51 -10.466
vt -16.964 -10.466
vt -17.711 -11.442
vt -19.633 -11.442
vt -24.355 -8.962
vt -23.594 -7.614
vt -25.622 -7.673
vt -24.619 -6.453
vt -21.667 -9.341
vt -21.769 -9.978
vt -21.667 -9.341
vt -24.739 -7.944
vt -20.398 -6.453
vt -20.533 -7.673
vt -24.739 -7.944
vt -23.988 -6.883
vt -22.57 -9.341
vt -22.344 -8.197001
vt -23.594 -7.614
vt -23.935 -5.499
vt -24.619 -6.453
vt -19.662 -5.499
vt -25.306 -8.32
vt -24.284 -3.945
vt -23.988 -6.883
vt -20.731 -7.944
vt -17.453 -4.668
vt -20.092 -8.32
vt -17.026 -5.415999
vt -17.453 -4.668
vt -13.531 -2.614
vt -14.049 -1.93
vt -17.453 -4.668
vt -17.026 -5.416
vt -17.453 -4.668
vt -14.049 -1.93
vt -17.561 -3.945
vt -13.688 1.356
vt -14.489 1.111
vt -14.049 -1.93
vt -14.904 -1.687
vt -24.284 -3.945
vt -23.988 -6.883
vt -21.007 -10.83
vt -19.174 -11.597
vt -22.753 -10.383
vt -22.127 -10.555
vt -20.509 -9.736
vt -17.327 -8.816
vt -25.306 -8.32
vt -13.531 -2.614
vt -17.026 -5.415999
vt -13.173 -4.326
vt -12.489 -3.662
vt -13.531 -2.614
vt -13.173 -4.326
vt -12.96 -2.35
vt -14.765 -6.375
vt -19.633 -11.442
vt -14.414 -7.867
vt -13.527 -7.537
vt -12.768 -7.607
vt -11.967 -6.726
vt -11.205 -5.676
vt -19.181 -13.702
vt -19.174 -11.597
vt -20.509 -9.736
vt -22.221 -14.541
vt -23.087 -14.097
vt -23.083 -12.481
vt -21.515 -7.867
vt -22.306 -9.422
vt -15.192 -9.422
vt -13.176 -11.109
vt -14.414 -7.867
vt -12.646 -9.040999
vt -13.527 -7.537
vt -23.695 -8.931
vt -20.379 -6.726
vt -20.375 -7.607
vt -8.955 -7.304
vt -20.369 -5.676
vt -20.759 -5.649
vt -22.537 -4.326
vt -20.759 -5.649
vt -20.369 -5.676
vt -22.816 -4.863
vt -10.796 -5.649
vt -10.815 -1.035
vt -12.489 -3.662
vt -8.782 -2.76
vt -12.582 2.297
vt -13.688 1.356
vt -10.796 -5.649
vt -8.782 -2.76
vt -8.403999 7.568
vt -10.097 8.311
vt -11.5 6.12
vt -8.403999 7.568
vt -8.035 8.822
vt -10.097 8.311
vt -8.465 5.831
vt -9.421 2.375
vt -12.582 2.297
vt -6.398 2.375
vt -6.502 7.137
vt -7.279 -2.342
vt -5.476999 0.915
vt -6.398 2.375
vt -3.731 3.945
vt -3.540999 5.435
vt -1.058 9.582
vt -13.02 9.632999
vt -5.761 7.112
vt -14.369 7.137
vt -4.238 6.351
vt -5.761 7.112
vt -14.369 7.137
vt -13.688 1.356
vt -11.5 6.12
vt -12.64 5.727
vt -14.489 1.111
vt -13.688 1.356
vt -12.64 5.727
vt -19.277 5.176
vt -12.582 2.297
vt -11.5 6.12
vt -11.302 7.908
vt -12.64 5.727
vt -10.097 8.311
vt -19.409 5.727
vt -15.9 7.908
vt -19.277 5.176
vt -11.302 7.908
vt -13.63 9.191
vt -19.277 5.176
vt -21.703 1.025
vt -12.512 6.838
vt -14.602 7.635
vt -12.714 8.549999
vt -15.665 7.635
vt -14.737 9.191
vt -13.818 7.143
vt -11.096 6.818
vt -12.714 8.549999
vt -13.818 7.143
vt -13.818 7.143
vt -9.296 9.34
vt -13.008 9.992001
vt -13.63 9.191
vt -8.566999 9.916
vt -9.296 9.34
vt -8.035 8.822
vt -13.008 9.992001
vt -10.846 10.377
vt -12.714 8.549999
vt -14.737 9.191
vt -13.568 9.992001
vt -11.765 9.391
vt -10.005 7.793
vt -11.765 9.391
vt -8.907999 8.853
vt -9.242001 9.976999
vt -11.765 9.391
vt -5.092999 10.099
vt -4.789999 8.253
vt -6.927999 10.755
vt -6.308 10.464
vt -5.955999 9.969999
vt -4.483999 8.319
vt -2.578 15.079
vt -5.093 10.099
vt -4.484 8.319
vt -1.749 14.112
vt -7.371999 13.868
vt -8.115 10.755
vt -5.697 13.587
vt -8.826 10.464
vt -7.006999 14.257
vt -7.564001 14.598
vt -10.042 9.969999
vt -10.042 9.969999
vt -10.508 10.342
vt -14.095 8.853
vt -13.043 8.253
vt -12.646 8.929
vt -12.803 8.319
vt -10.369 8.795
vt -12.424 9.960999
vt -4.483999 8.319
vt -2.855 9.86
vt -3.395 9.960999
vt -4.483999 8.319
vt -0.8549995 9.86
vt -2.855 9.86
vt -11.679 11.624
vt -1.674 11.793
vt -2.518999 11.624
vt -0.757 14.5
vt -2.518999 11.624
vt -0.9889994 16.046
vt -1.749001 14.112
vt -7.371999 13.868
vt -8.244999 15.079
vt -6.842999 15.917
vt -6.282 14.894
vt -6.286 13.587
vt -5.508999 14.213
vt -6.237999 14.855
vt -7.006999 14.257
vt -7.564 14.598
vt -7.033 16.089
vt -3.801001 13.546
vt -0.8369999 15.803
vt -6.502 7.137
vt -4.789999 8.253
vt -13.043 8.253
vt -12.646 8.929
vt -4.238 6.351
vt -0.7419996 7.983
vt -3.540999 5.435
vt -1.473 5.789
vt -3.731 3.945
vt -3.259 3.184
vt -5.476999 0.915
vt -5.204 0.3049998
vt -7.279 -2.342
vt -6.238999 -2.407
vt -1.258 3.186
vt -3.259 3.184
vt -5.204 0.3049998
vt -3.204 0.3049998
vt 0.5269995 5.788
vt -1.473001 5.789
vt -0.7420006 7.983
vt -1.473001 5.789
vt 0.5269995 5.788
vt 1.257999 7.984
vt 0.9359999 9.583
vt -1.058001 9.582
vt -0.7420006 7.983
vt 1.257999 7.984
vt -12.279 9.583
vt -10.885 9.494
vt -13.02 9.632999
vt -1.058 9.582
vt -12.198 -9.117999
vt -22.728 -9.117999
vt -20.375 -7.607
vt -21.622 -8.988999
vt -13.527 -7.537
vt -10.4 -7.468
vt -12.768 -7.607
vt -10.281 -8.929
vt -12.487 -8.989
vt -9.41 -7.555
vt -11.775 -9.677
vt -10.99 -8.931
vt -10.169 -9.293
vt -8.955 -7.304
vt -10.99 -8.931
vt -10.169 -9.293
vt -8.285999 -7.448999
vt -8.077 -4.863
vt -7.033 -5.229
vt -12.646 -9.040999
vt -10.4 -7.468
vt -13.527 -7.537
vt -10.467 -9.207
vt -14.757 -13.881
vt -16.726 -12.481
vt -16.64 -15.803
vt -17.642 -14.097
vt -22.221 -14.541
vt -23.122 -16.089
vt -21.093 -14.855
vt -20.093 -13.702
vt -19.722 -14.213
vt -21.033 -13.754
vt -16.687 -14.855
vt -18.688 -14.855
vt -19.722 -14.213
vt -17.722 -14.213
vt -15.893 -16.089
vt -17.893 -16.089
vt -24.089 -15.803
vt -23.122 -16.089
vt -21.122 -16.089
vt -22.089 -15.803
vt -12.757 -13.881
vt -14.757 -13.881
vt -16.64 -15.803
vt -14.64 -15.803
vt -11.151 -11.053
vt -13.176 -11.109
vt -14.757 -13.881
vt -12.757 -13.881
vt -11.151 -11.053
vt -13.176 -11.109
vt -23.579 -12.442
vt -12.83 -8.556999
vt -10.276 -8.914999
vt -10.4 -7.468
vt -12.534 -8.929
vt -21.379 -8.556999
vt -20.535 -7.764
vt -21.12 -7.692
vt -22.385 -9.960999
vt -10.554 -9.451
vt -10.4 -7.468
vt -9.41 -7.555
vt -12.83 -8.556999
vt -12.674 -9.497
vt -13.356 -9.960999
vt -12.83 -8.556999
vt -12.674 -9.497
vt -14.625 -12.442
vt -14.115 -12.863
vt -14.115 -12.863
vt -16.2 -15.458
vt -23.453 -16.192
vt -16.615 -14.964
vt -22.816 -14.739
vt -21.668 -15.224
vt -10.169 -9.293
vt -11.103 -6.584
vt -8.285999 -7.448999
vt -9.431999 -5.753
vt -7.88 -4.234
vt -7.033 -5.229
vt -6.615 -1.55
vt -6.362 -2.867
vt -4.967999 0.6459999
vt -5.682 0.8670001
vt -4.399 -3.006
vt -4.967999 0.6459999
vt -2.877999 0.7740002
vt -6.362 -2.867
vt -5.033 -5.229001
vt -7.033 -5.229001
vt -8.286 -7.449
vt -7.033 -5.229001
vt -5.033 -5.229001
vt -6.286 -7.449
vt -22.05 -9.293
vt -24.05 -9.293
vt -24.089 -7.449
vt -22.089 -7.449
vt -22.959 -9.731999
vt -22.05 -9.293
vt -20.828 -9.677
vt -24.05 -9.293
vt -11.699 -9.732
vt -9.775001 -9.677
vt -12.83 8.549
vt -4.273 8.549
vt -3.605 9.040999
vt -2.932 7.468
vt -1.26 9.207
vt -3.395 9.029
vt -9.41 7.555
vt -10.715 9.356
vt -10.4 7.468
vt -12.83 8.549
vt -12.715 9.356
vt -12.715 9.356
vt -13.356 9.029
vt -12.83 8.549
vt -14.143 9.16
vt -13.467 9.785
vt -2.518999 9.16
vt -0.8299999 9.332999
vt -1.844999 8.748
vt -1.651 7.304
vt -0.7419996 7.984
vt -1.254 6.188
vt -3.214 4.863
vt -2.702 3.936
vt -4.239 14.855
vt -6.238 14.855
vt -5.204 14.213
vt -3.204 14.213
vt -5.033 16.089
vt -7.033 16.089
vt -0.8369999 15.803
vt -1.804 16.089
vt 0.1960001 16.089
vt 1.163 15.803
vt 1.124 13.881
vt -0.8760004 13.881
vt -0.8369999 15.803
vt 1.163 15.803
vt -0.09800053 11.053
vt -2.067 11.109
vt -0.8760004 13.881
vt 1.124 13.881
vt -0.09800053 11.053
vt -2.067 11.109
vt -1.674001 11.793
vt 0.3579998 11.849
vt 1.243 14.501
vt -0.757 14.5
vt -1.674001 11.793
vt 0.3579998 11.849
vt 1.011 16.046
vt -0.9890003 16.046
vt -0.757 14.5
vt 1.243 14.501
vt -6.843 15.917
vt -7.891 16.046
vt -5.891 16.046
vt -4.843 15.917
vt -4.281 14.893
vt -6.282 14.894
vt -3.509 14.213
vt -5.509 14.213
vt -1.855 7.555
vt -10.4 7.468
vt -10.4 7.468
vt -1.508 8.795
vt 0.9219999 9.345
vt -14.043 7.871
vt -2.932 7.468
vt -8.302 8.115
vt -9.434999 11.849
vt -10.211 9.86
vt -9.41 7.555
vt -0.5289993 9.494
vt -0.2340002 9.382
vt -1.507999 8.795
vt -10.96 9.382
vt -16.396 2.647
vt -16.482 3.186
vt -17.417 0.3049998
vt -16.736 0.5879998
vt -15.626 5.249
vt -15.665 5.788
vt -14.2 7.984
vt -12.177 9.345
vt -12.279 9.583
vt -14.043 7.870999
vt -16.417 -7.059
vt -9.865999 -9.636
vt -9.41 -7.555
vt -9.865999 -9.636
vt -11.775 -9.677
vt -10.281 -8.929
vt -22.05 -9.293
vt -17.182 -6.910999
vt -20.696 -9.636
vt -22.05 -9.293
vt -24.05 -9.293
vt -22.828 -9.677
vt -24.05 -9.293
vt -22.05 -9.293
vt -22.089 -7.449
vt -24.089 -7.449
vt -18.052 -5.862999
vt -22.089 -7.448999
vt -18.193 -4.073
vt -21.122 -5.229001
vt -6.286 -7.449
vt -5.033 -5.229001
vt -7.033 -5.229001
vt -8.286 -7.449
vt -7.033 -5.229001
vt -5.033 -5.229001
vt -4.238 -2.405
vt -6.239 -2.407
vt -19.093 -2.405
vt -3.204 0.3049998
vt -5.204 0.3049998
vt -6.497 -3.968
vt -5.965 -5.863
vt -7.448999 -6.910999
vt -8.302 -7.059
vt -4.774 -4.072999
vt -4.809 0.05800009
vt -16.736 0.5880003
vt -13.154 4.211
vt -16.396 2.647
vt -7.103 10.335
vt -2.529 9.912
vt -0.09300041 12.527
vt -0.3439999 10.335
vt -1.243 8.115
vt -0.9289999 13.482
vt -9.434999 11.849
vt -7.667999 14.501
vt -5.658 12.527
vt -5.890999 16.046
vt -0.9289999 13.482
vt -0.1659994 15.917
vt -4.867 10.594
vt -3.396 13.466
vt -3.396 13.466
vt -1.752 14.893
vt -3.204 14.213
vt -4.314 14.729
vt -1.667 14.729
vt -1.832 14.855
vt -1.26 9.207
vt 1.156 14.122
vt -2.932 7.468
vt 0.9259996 15.546
vt -0.01799965 11.064
vt -9.775 11.053
vt -9.495999 11.064
vt -10.287 9.207
vt -8.169 13.881
vt -9.495999 11.064
vt -7.698 14.122
vt 1.124001 13.881
vt 1.163 15.803
vt 1.156 14.122
vt -6.285999 15.803
vt -5.053 15.52
vt -7.682 9.683001
vt 0.1960001 16.089
vt -0.2709999 15.52
vt -1.832 14.855
vt -0.5380001 6.910999
vt -11.44 9.761
vt -0.8549995 9.356
vt -12.763 9.332999
vt -14.201 7.983
vt -13.01 5.151999
vt -10.271 6.910999
vt -15.483 6.189
vt -14.756 3.185
vt -16.257 4.067
vt -0.5380001 6.910999
vt -2.529 3.968
vt -14.756 3.185
vt -13.01 5.152
vt -17.274 0.7740002
vt -17.324 -0.5879998
vt -3.642 -0.5879998
vt -4.867 -0.05800009
vt -0.6020002 4.067
vt -2.878 0.7740002
vt -4.968 0.6459999
vt -2.702001 3.936
vt -1.254 6.188
vt 0.7460003 6.189
vt 1.257999 7.983
vt 0.7459993 6.189
vt -1.254001 6.188
vt -0.7420006 7.984
vt -0.8299999 9.333
vt 1.17 9.333
vt 1.17 9.332999
vt -0.8299999 9.332999
vt 0.2750006 9.761
vt -13.467 9.785
vt -21.793 -7.256999
vt -17.868 -7.468
vt -10.276 -8.915
vt -21.582 -9.188
vt -9.519 -9.521999
vt -20.579 -9.521999
vt -10.276 -8.914999
vt -9.775 -9.677
vt -22.05 -9.293
vt -21.582 -9.188
vt -22.089 -7.448999
vt -22.05 -9.293
vt -21.582 -9.188
vt -20.723 -4.97
vt -7.682 -4.211
vt -21.122 -5.229
vt -19.533 -3.006
vt -20.723 -4.97
vt -9.41 -7.555
vt -16.417 -8.115
vt -19.697 -9.451
vt -21.648 -12.823
vt -17.438 -10.335
vt -12.441 -9.912
vt -12.62 -12.527
vt -10.679 -10.335
vt -9.358 -8.115
vt -13.829 -13.356
vt -18.185 -12.527
vt -22.184 -15.459
vt -21.648 -12.823
vt -13.829 -13.356
vt -21.453 -16.192
vt -16.483 -15.224
vt -16.862 -13.466
vt -15.461 -10.594
vt -16.862 -13.466
vt -17.417 -14.213
vt -16.687 -14.855
vt -18.482 -15.224
vt -16.483 -15.224
vt -17.417 -14.213
vt -19.417 -14.213
vt -17.665 -16.192
vt -15.665 -16.192
vt -22.184 -15.459
vt -21.453 -16.192
vt -23.453 -16.192
vt -24.184 -15.458
vt -14.115 -12.863
vt -12.101 -12.823
vt -14.201 -15.459
vt -16.2 -15.458
vt -12.674 -9.497
vt -10.554 -9.451
vt -12.101 -12.823
vt -10.4 -7.468
vt -12.394 -13.356
vt -14.566 -15.645
vt -10.467 -9.207
vt -11.057 -11.06
vt -10.467 -9.207
vt -20.828 -11.053
vt -11.057 -11.06
vt -22.05 -13.881
vt -21.582 -13.356
vt -21.889 -15.645
vt -21.582 -13.356
vt -22.05 -13.881
vt -22.089 -15.803
vt -20.924 -15.873
vt -17.365 -9.683001
vt -15.893 -16.089
vt -16.862 -13.466
vt -15.793 -15.873
vt -15.935 6.844
vt -13.048 6.157
vt -14.947 6.351
vt -17.193 -3.706
vt -12.96 -2.35
vt -12.582 2.297
vt -1.855 7.555
vt -1.855 7.555
usemtl 5
f 1/1/1 2/2/2 3/3/3
f 4/4/4 1/1/1 3/3/3
f 5/5/5 4/4/4 3/3/3
f 6/6/6 5/5/5 3/3/3
f 7/7/7 6/6/6 3/3/3
f 8/8/8 7/7/7 3/3/3
f 9/9/9 8/8/8 3/3/3
f 10/10/10 9/9/9 3/3/3
f 11/11/11 10/10/10 3/3/3
f 12/12/12 11/11/11 3/3/3
f 13/13/13 12/12/12 3/3/3
f 14/14/14 13/13/13 3/3/3
f 15/15/15 14/14/14 3/3/3
f 16/16/16 15/15/15 3/3/3
f 17/17/17 16/16/16 3/3/3
f 18/18/18 17/17/17 3/3/3
f 19/19/19 18/18/18 3/3/3
f 20/20/20 19/19/19 3/3/3
f 21/21/21 20/20/20 3/3/3
f 22/22/22 21/21/21 3/3/3
f 23/23/23 22/22/22 3/3/3
f 24/24/24 23/23/23 3/3/3
f 25/25/25 24/24/24 3/3/3
f 26/26/26 25/25/25 3/3/3
f 27/27/27 26/26/26 3/3/3
f 28/28/28 27/27/27 3/3/3
f 29/29/29 28/28/28 3/3/3
f 30/30/30 29/29/29 3/3/3
f 31/31/31 30/30/30 3/3/3
f 32/32/32 31/31/31 3/3/3
f 33/33/33 32/32/32 3/3/3
f 34/34/34 33/33/33 3/3/3
f 35/35/35 34/34/34 3/3/3
f 36/36/36 35/35/35 3/3/3
f 37/37/37 36/36/36 3/3/3
f 38/38/38 37/37/37 3/3/3
f 39/39/39 38/38/38 3/3/3
f 40/40/40 39/39/39 3/3/3
f 41/41/41 40/40/40 3/3/3
f 42/42/42 41/41/41 3/3/3
f 43/43/43 42/42/42 3/3/3
f 44/44/44 43/43/43 3/3/3
f 45/45/45 44/44/44 3/3/3
f 46/46/46 45/45/45 3/3/3
f 47/47/47 46/46/46 3/3/3
f 48/48/48 47/47/47 3/3/3
f 49/49/49 48/48/48 3/3/3
f 2/2/2 49/49/49 3/3/3
f 50/50/50 51/51/51 52/52/52
f 52/52/52 53/53/53 50/50/50
f 54/54/54 50/50/50 53/53/53
f 53/53/53 55/55/55 54/54/54
f 56/56/56 54/54/54 55/55/55
f 55/55/55 57/57/57 56/56/56
f 58/58/58 56/56/56 57/57/57
f 57/57/57 59/59/59 58/58/58
f 60/60/60 58/58/58 59/59/59
f 59/59/59 61/61/61 60/60/60
f 62/62/62 60/60/60 61/61/61
f 61/61/61 63/63/63 62/62/62
f 64/64/64 62/62/62 63/63/63
f 63/63/63 65/65/65 64/64/64
f 66/66/66 64/64/64 65/65/65
f 65/65/65 67/67/67 66/66/66
f 68/68/68 66/66/66 67/67/67
f 67/67/67 69/69/69 68/68/68
f 70/70/70 68/68/68 69/69/69
f 69/69/69 71/71/71 70/70/70
f 72/72/72 70/70/70 71/71/71
f 71/71/71 73/73/73 72/72/72
f 74/74/74 72/72/72 73/73/73
f 73/73/73 75/75/75 74/74/74
f 76/76/76 74/74/74 75/75/75
f 75/75/75 77/77/77 76/76/76
f 78/78/78 76/76/76 77/77/77
f 77/77/77 79/79/79 78/78/78
f 80/80/80 78/78/78 79/79/79
f 79/79/79 81/81/81 80/80/80
f 82/82/82 80/80/80 81/81/81
f 81/81/81 83/83/83 82/82/82
f 84/84/84 82/82/82 83/83/83
f 83/83/83 85/85/85 84/84/84
f 86/86/86 84/84/84 85/85/85
f 85/85/85 87/87/87 86/86/86
f 88/88/88 86/86/86 87/87/87
f 87/87/87 89/89/89 88/88/88
f 90/90/90 88/88/88 89/89/89
f 89/89/89 91/91/91 90/90/90
f 92/92/92 90/90/90 91/91/91
f 91/91/91 93/93/93 92/92/92
f 94/94/94 92/92/92 93/93/93
f 93/93/93 95/95/95 94/94/94
f 96/96/96 94/94/94 95/95/95
f 95/95/95 97/97/97 96/96/96
f 98/98/98 96/96/96 97/97/97
f 97/97/97 99/99/99 98/98/98
f 100/100/100 98/98/98 99/99/99
f 99/99/99 101/101/101 100/100/100
f 102/102/102 100/100/100 101/101/101
f 101/101/101 103/103/103 102/102/102
f 104/104/104 102/102/102 103/103/103
f 103/103/103 105/105/105 104/104/104
f 106/106/106 104/104/104 105/105/105
f 105/105/105 107/107/107 106/106/106
f 108/108/108 106/106/106 107/107/107
f 107/107/107 109/109/109 108/108/108
f 110/110/110 108/108/108 109/109/109
f 109/109/109 111/111/111 110/110/110
f 112/112/112 110/110/110 111/111/111
f 111/111/111 113/113/113 112/112/112
f 114/114/114 112/112/112 113/113/113
f 113/113/113 115/115/115 114/114/114
f 116/116/116 114/114/114 115/115/115
f 115/115/115 117/117/117 116/116/116
f 118/118/118 116/116/116 117/117/117
f 117/117/117 119/119/119 118/118/118
f 120/120/120 118/118/118 119/119/119
f 119/119/119 121/121/121 120/120/120
f 122/122/122 120/120/120 121/121/121
f 121/121/121 123/123/123 122/122/122
f 124/124/124 122/122/122 123/123/123
f 123/123/123 125/125/125 124/124/124
f 126/126/126 124/124/124 125/125/125
f 125/125/125 127/127/127 126/126/126
f 128/128/128 126/126/126 127/127/127
f 127/127/127 129/129/129 128/128/128
f 130/130/130 128/128/128 129/129/129
f 129/129/129 131/131/131 130/130/130
f 132/132/132 130/130/130 131/131/131
f 131/131/131 133/133/133 132/132/132
f 134/134/134 132/132/132 133/133/133
f 133/133/133 135/135/135 134/134/134
f 136/136/136 134/134/134 135/135/135
f 135/135/135 137/137/137 136/136/136
f 138/138/138 136/136/136 137/137/137
f 137/137/137 139/139/139 138/138/138
f 140/140/140 138/138/138 139/139/139
f 139/139/139 141/141/141 140/140/140
f 142/142/142 140/140/140 141/141/141
f 141/141/141 143/143/143 142/142/142
f 144/144/144 142/142/142 143/143/143
f 143/143/143 145/145/145 144/144/144
f 51/51/51 144/144/144 145/145/145
f 145/145/145 52/52/52 51/51/51
f 148/148/148 147/147/147 146/146/146
f 146/146/146 149/149/149 148/148/148
f 151/151/151 150/150/150 147/147/147
f 147/147/147 148/148/148 151/151/151
f 153/153/153 152/152/152 150/150/150
f 150/150/150 151/151/151 153/153/153
f 155/155/155 154/154/154 152/152/152
f 152/152/152 153/153/153 155/155/155
f 157/157/157 156/156/156 154/154/154
f 154/154/154 155/155/155 157/157/157
f 159/159/159 158/158/158 156/156/156
f 156/156/156 157/157/157 159/159/159
f 161/161/161 160/160/160 158/158/158
f 158/158/158 159/159/159 161/161/161
f 163/163/163 162/162/162 160/160/160
f 160/160/160 161/161/161 163/163/163
f 165/165/165 164/164/164 162/162/162
f 162/162/162 163/163/163 165/165/165
f 167/167/167 166/166/166 164/164/164
f 164/164/164 165/165/165 167/167/167
f 169/169/169 168/168/168 166/166/166
f 166/166/166 167/167/167 169/169/169
f 171/171/171 170/170/170 168/168/168
f 168/168/168 169/169/169 171/171/171
f 173/173/173 172/172/172 170/170/170
f 170/170/170 171/171/171 173/173/173
f 175/175/175 174/174/174 172/172/172
f 172/172/172 173/173/173 175/175/175
f 177/177/177 176/176/176 174/174/174
f 174/174/174 175/175/175 177/177/177
f 179/179/179 178/178/178 176/176/176
f 176/176/176 177/177/177 179/179/179
f 181/181/181 180/180/180 178/178/178
f 178/178/178 179/179/179 181/181/181
f 183/183/183 182/182/182 180/180/180
f 180/180/180 181/181/181 183/183/183
f 185/185/185 184/184/184 182/182/182
f 182/182/182 183/183/183 185/185/185
f 187/187/187 186/186/186 184/184/184
f 184/184/184 185/185/185 187/187/187
f 189/189/189 188/188/188 186/186/186
f 186/186/186 187/187/187 189/189/189
f 191/191/191 190/190/190 188/188/188
f 188/188/188 189/189/189 191/191/191
f 193/193/193 192/192/192 190/190/190
f 190/190/190 191/191/191 193/193/193
f 195/195/195 194/194/194 192/192/192
f 192/192/192 193/193/193 195/195/195
f 197/197/197 196/196/196 194/194/194
f 194/194/194 195/195/195 197/197/197
f 199/199/199 198/198/198 196/196/196
f 196/196/196 197/197/197 199/199/199
f 201/201/201 200/200/200 198/198/198
f 198/198/198 199/199/199 201/201/201
f 203/203/203 202/202/202 200/200/200
f 200/200/200 201/201/201 203/203/203
f 205/205/205 204/204/204 202/202/202
f 202/202/202 203/203/203 205/205/205
f 207/207/207 206/206/206 204/204/204
f 204/204/204 205/205/205 207/207/207
f 209/209/209 208/208/208 206/206/206
f 206/206/206 207/207/207 209/209/209
f 211/211/211 210/210/210 208/208/208
f 208/208/208 209/209/209 211/211/211
f 213/213/213 212/212/212 210/210/210
f 210/210/210 211/211/211 213/213/213
f 215/215/215 214/214/214 212/212/212
f 212/212/212 213/213/213 215/215/215
f 217/217/217 216/216/216 214/214/214
f 214/214/214 215/215/215 217/217/217
f 219/219/219 218/218/218 216/216/216
f 216/216/216 217/217/217 219/219/219
f 221/221/221 220/220/220 218/218/218
f 218/218/218 219/219/219 221/221/221
f 223/223/223 222/222/222 220/220/220
f 220/220/220 221/221/221 223/223/223
f 225/225/225 224/224/224 222/222/222
f 222/222/222 223/223/223 225/225/225
f 227/227/227 226/226/226 224/224/224
f 224/224/224 225/225/225 227/227/227
f 229/229/229 228/228/228 226/226/226
f 226/226/226 227/227/227 229/229/229
f 231/231/231 230/230/230 228/228/228
f 228/228/228 229/229/229 231/231/231
f 233/233/233 232/232/232 230/230/230
f 230/230/230 231/231/231 233/233/233
f 235/235/235 234/234/234 232/232/232
f 232/232/232 233/233/233 235/235/235
f 237/237/237 236/236/236 234/234/234
f 234/234/234 235/235/235 237/237/237
f 239/239/239 238/238/238 236/236/236
f 236/236/236 237/237/237 239/239/239
f 241/241/241 240/240/240 238/238/238
f 238/238/238 239/239/239 241/241/241
f 149/149/149 146/146/146 240/240/240
f 240/240/240 241/241/241 149/149/149
f 244/244/244 243/243/243 242/242/242
f 242/242/242 245/245/245 244/244/244
f 245/245/245 242/242/242 246/246/246
f 246/246/246 247/247/247 245/245/245
f 247/247/247 246/246/246 248/248/248
f 248/248/248 249/249/249 247/247/247
f 249/249/249 248/248/248 250/250/250
f 250/250/250 251/251/251 249/249/249
f 251/251/251 250/250/250 252/252/252
f 252/252/252 253/253/253 251/251/251
f 253/253/253 252/252/252 254/254/254
f 254/254/254 255/255/255 253/253/253
f 255/255/255 254/254/254 256/256/256
f 256/256/256 257/257/257 255/255/255
f 257/257/257 256/256/256 258/258/258
f 258/258/258 259/259/259 257/257/257
f 259/259/259 258/258/258 260/260/260
f 260/260/260 261/261/261 259/259/259
f 261/261/261 260/260/260 262/262/262
f 262/262/262 263/263/263 261/261/261
f 263/263/263 262/262/262 264/264/264
f 264/264/264 265/265/265 263/263/263
f 265/265/265 264/264/264 266/266/266
f 266/266/266 267/267/267 265/265/265
f 267/267/267 266/266/266 268/268/268
f 268/268/268 269/269/269 267/267/267
f 269/269/269 268/268/268 270/270/270
f 270/270/270 271/271/271 269/269/269
f 271/271/271 270/270/270 272/272/272
f 272/272/272 273/273/273 271/271/271
f 273/273/273 272/272/272 274/274/274
f 274/274/274 275/275/275 273/273/273
f 275/275/275 274/274/274 276/276/276
f 276/276/276 277/277/277 275/275/275
f 277/277/277 276/276/276 278/278/278
f 278/278/278 279/279/279 277/277/277
f 279/279/279 278/278/278 280/280/280
f 280/280/280 281/281/281 279/279/279
f 281/281/281 280/280/280 282/282/282
f 282/282/282 283/283/283 281/281/281
f 283/283/283 282/282/282 284/284/284
f 284/284/284 285/285/285 283/283/283
f 285/285/285 284/284/284 286/286/286
f 286/286/286 287/287/287 285/285/285
f 287/287/287 286/286/286 288/288/288
f 288/288/288 289/289/289 287/287/287
f 289/289/289 288/288/288 290/290/290
f 290/290/290 291/291/291 289/289/289
f 291/291/291 290/290/290 292/292/292
f 292/292/292 293/293/293 291/291/291
f 293/293/293 292/292/292 294/294/294
f 294/294/294 295/295/295 293/293/293
f 295/295/295 294/294/294 296/296/296
f 296/296/296 297/297/297 295/295/295
f 297/297/297 296/296/296 298/298/298
f 298/298/298 299/299/299 297/297/297
f 299/299/299 298/298/298 300/300/300
f 300/300/300 301/301/301 299/299/299
f 301/301/301 300/300/300 302/302/302
f 302/302/302 303/303/303 301/301/301
f 303/303/303 302/302/302 304/304/304
f 304/304/304 305/305/305 303/303/303
f 305/305/305 304/304/304 306/306/306
f 306/306/306 307/307/307 305/305/305
f 307/307/307 306/306/306 308/308/308
f 308/308/308 309/309/309 307/307/307
f 309/309/309 308/308/308 310/310/310
f 310/310/310 311/311/311 309/309/309
f 311/311/311 310/310/310 312/312/312
f 312/312/312 313/313/313 311/311/311
f 313/313/313 312/312/312 314/314/314
f 314/314/314 315/315/315 313/313/313
f 315/315/315 314/314/314 316/316/316
f 316/316/316 317/317/317 315/315/315
f 317/317/317 316/316/316 318/318/318
f 318/318/318 319/319/319 317/317/317
f 319/319/319 318/318/318 320/320/320
f 320/320/320 321/321/321 319/319/319
f 321/321/321 320/320/320 322/322/322
f 322/322/322 323/323/323 321/321/321
f 323/323/323 322/322/322 324/324/324
f 324/324/324 325/325/325 323/323/323
f 325/325/325 324/324/324 326/326/326
f 326/326/326 327/327/327 325/325/325
f 327/327/327 326/326/326 328/328/328
f 328/328/328 329/329/329 327/327/327
f 329/329/329 328/328/328 330/330/330
f 330/330/330 331/331/331 329/329/329
f 331/331/331 330/330/330 332/332/332
f 332/332/332 333/333/333 331/331/331
f 333/333/333 332/332/332 334/334/334
f 334/334/334 335/335/335 333/333/333
f 335/335/335 334/334/334 336/336/336
f 336/336/336 337/337/337 335/335/335
f 337/337/337 336/336/336 243/243/243
f 243/243/243 244/244/244 337/337/337
f 340/340/340 339/339/339 338/338/338
f 338/338/338 341/341/341 340/340/340
f 342/342/342 340/340/340 341/341/341
f 341/341/341 343/343/343 342/342/342
f 344/344/344 342/342/342 343/343/343
f 343/343/343 345/345/345 344/344/344
f 346/346/346 344/344/344 345/345/345
f 345/345/345 347/347/347 346/346/346
f 348/348/348 346/346/346 347/347/347
f 347/347/347 349/349/349 348/348/348
f 350/350/350 348/348/348 349/349/349
f 349/349/349 351/351/351 350/350/350
f 352/352/352 350/350/350 351/351/351
f 351/351/351 353/353/353 352/352/352
f 354/354/354 352/352/352 353/353/353
f 353/353/353 355/355/355 354/354/354
f 356/356/356 354/354/354 355/355/355
f 355/355/355 357/357/357 356/356/356
f 358/358/358 356/356/356 357/357/357
f 357/357/357 359/359/359 358/358/358
f 360/360/360 358/358/358 359/359/359
f 359/359/359 361/361/361 360/360/360
f 362/362/362 360/360/360 361/361/361
f 361/361/361 363/363/363 362/362/362
f 364/364/364 362/362/362 363/363/363
f 363/363/363 365/365/365 364/364/364
f 366/366/366 364/364/364 365/365/365
f 365/365/365 367/367/367 366/366/366
f 368/368/368 366/366/366 367/367/367
f 367/367/367 369/369/369 368/368/368
f 370/370/370 368/368/368 369/369/369
f 369/369/369 371/371/371 370/370/370
f 372/372/372 370/370/370 371/371/371
f 371/371/371 373/373/373 372/372/372
f 374/374/374 372/372/372 373/373/373
f 373/373/373 375/375/375 374/374/374
f 376/376/376 374/374/374 375/375/375
f 375/375/375 377/377/377 376/376/376
f 378/378/378 376/376/376 377/377/377
f 377/377/377 379/379/379 378/378/378
f 380/380/380 378/378/378 379/379/379
f 379/379/379 381/381/381 380/380/380
f 382/382/382 380/380/380 381/381/381
f 381/381/381 383/383/383 382/382/382
f 384/384/384 382/382/382 383/383/383
f 383/383/383 385/385/385 384/384/384
f 386/386/386 384/384/384 385/385/385
f 385/385/385 387/387/387 386/386/386
f 388/388/388 386/386/386 387/387/387
f 387/387/387 389/389/389 388/388/388
f 390/390/390 388/388/388 389/389/389
f 389/389/389 391/391/391 390/390/390
f 392/392/392 390/390/390 391/391/391
f 391/391/391 393/393/393 392/392/392
f 394/394/394 392/392/392 393/393/393
f 393/393/393 395/395/395 394/394/394
f 396/396/396 394/394/394 395/395/395
f 395/395/395 397/397/397 396/396/396
f 398/398/398 396/396/396 397/397/397
f 397/397/397 399/399/399 398/398/398
f 400/400/400 398/398/398 399/399/399
f 399/399/399 401/401/401 400/400/400
f 402/402/402 400/400/400 401/401/401
f 401/401/401 403/403/403 402/402/402
f 404/404/404 402/402/402 403/403/403
f 403/403/403 405/405/405 404/404/404
f 406/406/406 404/404/404 405/405/405
f 405/405/405 407/407/407 406/406/406
f 408/408/408 406/406/406 407/407/407
f 407/407/407 409/409/409 408/408/408
f 410/410/410 408/408/408 409/409/409
f 409/409/409 411/411/411 410/410/410
f 412/412/412 410/410/410 411/411/411
f 411/411/411 413/413/413 412/412/412
f 414/414/414 412/412/412 413/413/413
f 413/413/413 415/415/415 414/414/414
f 416/416/416 414/414/414 415/415/415
f 415/415/415 417/417/417 416/416/416
f 418/418/418 416/416/416 417/417/417
f 417/417/417 419/419/419 418/418/418
f 420/420/420 418/418/418 419/419/419
f 419/419/419 421/421/421 420/420/420
f 422/422/422 420/420/420 421/421/421
f 421/421/421 423/423/423 422/422/422
f 424/424/424 422/422/422 423/423/423
f 423/423/423 425/425/425 424/424/424
f 426/426/426 424/424/424 425/425/425
f 425/425/425 427/427/427 426/426/426
f 428/428/428 426/426/426 427/427/427
f 427/427/427 429/429/429 428/428/428
f 430/430/430 428/428/428 429/429/429
f 429/429/429 431/431/431 430/430/430
f 432/432/432 430/430/430 431/431/431
f 431/431/431 433/433/433 432/432/432
f 339/339/339 432/432/432 433/433/433
f 433/433/433 338/338/338 339/339/339
f 340/340/340 435/435/435 434/434/434
f 434/434/434 339/339/339 340/340/340
f 342/342/342 436/436/436 435/435/435
f 435/435/435 340/340/340 342/342/342
f 344/344/344 437/437/437 436/436/436
f 436/436/436 342/342/342 344/344/344
f 346/346/346 438/438/438 437/437/437
f 437/437/437 344/344/344 346/346/346
f 348/348/348 439/439/439 438/438/438
f 438/438/438 346/346/346 348/348/348
f 350/350/350 440/440/440 439/439/439
f 439/439/439 348/348/348 350/350/350
f 352/352/352 441/441/441 440/440/440
f 440/440/440 350/350/350 352/352/352
f 354/354/354 442/442/442 441/441/441
f 441/441/441 352/352/352 354/354/354
f 356/356/356 443/443/443 442/442/442
f 442/442/442 354/354/354 356/356/356
f 358/358/358 444/444/444 443/443/443
f 443/443/443 356/356/356 358/358/358
f 360/360/360 445/445/445 444/444/444
f 444/444/444 358/358/358 360/360/360
f 362/362/362 446/446/446 445/445/445
f 445/445/445 360/360/360 362/362/362
f 364/364/364 447/447/447 446/446/446
f 446/446/446 362/362/362 364/364/364
f 366/366/366 448/448/448 447/447/447
f 447/447/447 364/364/364 366/366/366
f 368/368/368 449/449/449 448/448/448
f 448/448/448 366/366/366 368/368/368
f 370/370/370 450/450/450 449/449/449
f 449/449/449 368/368/368 370/370/370
f 372/372/372 451/451/451 450/450/450
f 450/450/450 370/370/370 372/372/372
f 374/374/374 452/452/452 451/451/451
f 451/451/451 372/372/372 374/374/374
f 376/376/376 453/453/453 452/452/452
f 452/452/452 374/374/374 376/376/376
f 378/378/378 454/454/454 453/453/453
f 453/453/453 376/376/376 378/378/378
f 380/380/380 455/455/455 454/454/454
f 454/454/454 378/378/378 380/380/380
f 382/382/382 456/456/456 455/455/455
f 455/455/455 380/380/380 382/382/382
f 384/384/384 457/457/457 456/456/456
f 456/456/456 382/382/382 384/384/384
f 386/386/386 458/458/458 457/457/457
f 457/457/457 384/384/384 386/386/386
f 388/388/388 459/459/459 458/458/458
f 458/458/458 386/386/386 388/388/388
f 390/390/390 460/460/460 459/459/459
f 459/459/459 388/388/388 390/390/390
f 392/392/392 461/461/461 460/460/460
f 460/460/460 390/390/390 392/392/392
f 394/394/394 462/462/462 461/461/461
f 461/461/461 392/392/392 394/394/394
f 396/396/396 463/463/463 462/462/462
f 462/462/462 394/394/394 396/396/396
f 398/398/398 464/464/464 463/463/463
f 463/463/463 396/396/396 398/398/398
f 400/400/400 465/465/465 464/464/464
f 464/464/464 398/398/398 400/400/400
f 402/402/402 466/466/466 465/465/465
f 465/465/465 400/400/400 402/402/402
f 404/404/404 467/467/467 466/466/466
f 466/466/466 402/402/402 404/404/404
f 406/406/406 468/468/468 467/467/467
f 467/467/467 404/404/404 406/406/406
f 408/408/408 469/469/469 468/468/468
f 468/468/468 406/406/406 408/408/408
f 410/410/410 470/470/470 469/469/469
f 469/469/469 408/408/408 410/410/410
f 412/412/412 471/471/471 470/470/470
f 470/470/470 410/410/410 412/412/412
f 414/414/414 472/472/472 471/471/471
f 471/471/471 412/412/412 414/414/414
f 416/416/416 473/473/473 472/472/472
f 472/472/472 414/414/414 416/416/416
f 418/418/418 474/474/474 473/473/473
f 473/473/473 416/416/416 418/418/418
f 420/420/420 475/475/475 474/474/474
f 474/474/474 418/418/418 420/420/420
f 422/422/422 476/476/476 475/475/475
f 475/475/475 420/420/420 422/422/422
f 424/424/424 477/477/477 476/476/476
f 476/476/476 422/422/422 424/424/424
f 426/426/426 478/478/478 477/477/477
f 477/477/477 424/424/424 426/426/426
f 428/428/428 479/479/479 478/478/478
f 478/478/478 426/426/426 428/428/428
f 430/430/430 480/480/480 479/479/479
f 479/479/479 428/428/428 430/430/430
f 432/432/432 481/481/481 480/480/480
f 480/480/480 430/430/430 432/432/432
f 339/339/339 434/434/434 481/481/481
f 481/481/481 432/432/432 339/339/339
f 484/484/484 483/483/483 482/482/482
f 483/483/483 485/485/485 482/482/482
f 483/483/483 486/486/486 485/485/485
f 486/486/486 487/487/487 485/485/485
f 486/486/486 488/488/488 487/487/487
f 488/488/488 489/489/489 487/487/487
f 488/488/488 490/490/490 489/489/489
f 490/490/490 491/491/491 489/489/489
f 491/491/491 490/490/490 492/492/492
f 491/491/491 493/493/493 489/489/489
f 491/491/491 494/494/494 493/493/493
f 494/494/494 495/495/495 493/493/493
f 494/494/494 496/496/496 495/495/495
f 496/496/496 497/497/497 495/495/495
f 496/496/496 498/498/498 497/497/497
f 498/498/498 499/499/499 497/497/497
f 498/498/498 500/500/500 499/499/499
f 500/500/500 501/501/501 499/499/499
f 501/501/501 500/500/500 502/502/502
f 501/501/501 503/503/503 499/499/499
f 501/501/501 504/504/504 503/503/503
f 501/501/501 505/505/505 504/504/504
f 505/505/505 506/506/506 504/504/504
f 505/505/505 507/507/507 506/506/506
f 507/507/507 508/508/508 506/506/506
f 507/507/507 509/509/509 508/508/508
f 509/509/509 510/510/510 508/508/508
f 510/510/510 509/509/509 511/511/511
f 510/510/510 512/512/512 508/508/508
f 510/510/510 513/513/513 512/512/512
f 513/513/513 514/514/514 512/512/512
f 513/513/513 515/515/515 514/514/514
f 515/515/515 516/516/516 514/514/514
f 515/515/515 517/517/517 516/516/516
f 517/517/517 518/518/518 516/516/516
f 517/517/517 519/519/519 518/518/518
f 518/518/518 484/484/484 482/482/482
f 519/519/519 484/484/484 518/518/518
f 484/484/484 519/519/519 520/520/520
f 523/523/523 522/522/522 521/521/521
f 521/521/521 524/524/524 523/523/523
f 526/526/526 523/523/523 525/525/525
f 522/522/522 523/523/523 526/526/526
f 522/522/522 527/527/527 521/521/521
f 527/527/527 529/529/529 528/528/528
f 532/532/532 531/531/531 530/530/530
f 533/533/533 521/521/521 532/532/532
f 536/536/536 535/535/535 534/534/534
f 535/535/535 537/537/537 534/534/534
f 540/540/540 539/539/539 538/538/538
f 539/539/539 537/537/537 538/538/538
f 543/543/543 542/542/542 541/541/541
f 542/542/542 527/527/527 541/541/541
f 536/536/536 534/534/534 544/544/544
f 545/545/545 542/542/542 543/543/543
f 536/536/536 544/544/544 546/546/546
f 548/548/548 547/547/547 544/544/544
f 544/544/544 547/547/547 546/546/546
f 545/545/545 543/543/543 549/549/549
f 549/549/549 543/543/543 550/550/550
f 552/552/552 551/551/551 525/525/525
f 551/551/551 554/554/554 553/553/553
f 557/557/557 556/556/556 555/555/555
f 559/559/559 558/558/558 556/556/556
f 555/555/555 556/556/556 558/558/558
f 562/562/562 561/561/561 560/560/560
f 560/560/560 563/563/563 562/562/562
f 563/563/563 560/560/560 564/564/564
f 564/564/564 565/565/565 563/563/563
f 540/540/540 559/559/559 566/566/566
f 566/566/566 559/559/559 556/556/556
f 568/568/568 562/562/562 567/567/567
f 567/567/567 569/569/569 568/568/568
f 562/562/562 568/568/568 570/570/570
f 570/570/570 561/561/561 562/562/562
f 566/566/566 539/539/539 540/540/540
f 571/571/571 569/569/569 567/567/567
f 571/571/571 567/567/567 572/572/572
f 572/572/572 573/573/573 571/571/571
f 575/575/575 533/533/533 574/574/574
f 576/576/576 574/574/574 533/533/533
f 575/575/575 574/574/574 577/577/577
f 575/575/575 577/577/577 578/578/578
f 577/577/577 579/579/579 578/578/578
f 582/582/582 581/581/581 580/580/580
f 581/581/581 583/583/583 580/580/580
f 585/585/585 578/578/578 584/584/584
f 584/584/584 578/578/578 579/579/579
f 588/588/588 587/587/587 586/586/586
f 580/580/580 589/589/589 586/586/586
f 586/586/586 589/589/589 590/590/590
f 590/590/590 591/591/591 586/586/586
f 585/585/585 592/592/592 590/590/590
f 585/585/585 584/584/584 592/592/592
f 595/595/595 594/594/594 593/593/593
f 555/555/555 595/595/595 557/557/557
f 555/555/555 594/594/594 595/595/595
f 597/597/597 596/596/596 592/592/592
f 600/600/600 599/599/599 598/598/598
f 590/590/590 598/598/598 601/601/601
f 603/603/603 602/602/602 593/593/593
f 603/603/603 605/605/605 604/604/604
f 603/603/603 604/604/604 606/606/606
f 595/595/595 593/593/593 602/602/602
f 607/607/607 583/583/583 581/581/581
f 608/608/608 583/583/583 607/607/607
f 608/608/608 609/609/609 524/524/524
f 521/521/521 533/533/533 524/524/524
f 612/612/612 611/611/611 610/610/610
f 610/610/610 613/613/613 612/612/612
f 611/611/611 612/612/612 614/614/614
f 614/614/614 615/615/615 611/611/611
f 613/613/613 610/610/610 616/616/616
f 610/610/610 618/618/618 617/617/617
f 617/617/617 616/616/616 610/610/610
f 621/621/621 620/620/620 619/619/619
f 619/619/619 622/622/622 621/621/621
f 618/618/618 619/619/619 620/620/620
f 620/620/620 617/617/617 618/618/618
f 601/601/601 591/591/591 590/590/590
f 591/591/591 624/624/624 623/623/623
f 622/622/622 626/626/626 625/625/625
f 625/625/625 621/621/621 622/622/622
f 551/551/551 552/552/552 627/627/627
f 629/629/629 627/627/627 628/628/628
f 632/632/632 631/631/631 630/630/630
f 630/630/630 631/631/631 633/633/633
f 636/636/636 635/635/635 634/634/634
f 637/637/637 635/635/635 636/636/636
f 638/638/638 636/636/636 634/634/634
f 638/638/638 634/634/634 639/639/639
f 639/639/639 641/641/641 640/640/640
f 640/640/640 638/638/638 639/639/639
f 615/615/615 614/614/614 642/642/642
f 643/643/643 547/547/547 548/548/548
f 645/645/645 643/643/643 644/644/644
f 643/643/643 645/645/645 547/547/547
f 549/549/549 550/550/550 646/646/646
f 647/647/647 644/644/644 643/643/643
f 647/647/647 648/648/648 644/644/644
f 650/650/650 550/550/550 649/649/649
f 651/651/651 629/629/629 650/650/650
f 564/564/564 653/653/653 652/652/652
f 652/652/652 565/565/565 564/564/564
f 653/653/653 655/655/655 654/654/654
f 654/654/654 652/652/652 653/653/653
f 655/655/655 656/656/656 654/654/654
f 656/656/656 658/658/658 657/657/657
f 657/657/657 654/654/654 656/656/656
f 660/660/660 606/606/606 659/659/659
f 659/659/659 661/661/661 660/660/660
f 661/661/661 662/662/662 660/660/660
f 662/662/662 664/664/664 663/663/663
f 664/664/664 662/662/662 661/661/661
f 663/663/663 666/666/666 665/665/665
f 667/667/667 666/666/666 663/663/663
f 665/665/665 662/662/662 663/663/663
f 668/668/668 666/666/666 667/667/667
f 669/669/669 666/666/666 668/668/668
f 668/668/668 670/670/670 669/669/669
f 670/670/670 672/672/672 671/671/671
f 648/648/648 672/672/672 673/673/673
f 674/674/674 648/648/648 647/647/647
f 677/677/677 676/676/676 675/675/675
f 678/678/678 676/676/676 677/677/677
f 678/678/678 679/679/679 676/676/676
f 675/675/675 650/650/650 649/649/649
f 649/649/649 633/633/633 675/675/675
f 681/681/681 680/680/680 633/633/633
f 631/631/631 681/681/681 633/633/633
f 678/678/678 682/682/682 679/679/679
f 685/685/685 684/684/684 683/683/683
f 686/686/686 683/683/683 684/684/684
f 684/684/684 687/687/687 686/686/686
f 688/688/688 625/625/625 626/626/626
f 626/626/626 689/689/689 688/688/688
f 690/690/690 688/688/688 689/689/689
f 689/689/689 691/691/691 690/690/690
f 691/691/691 635/635/635 692/692/692
f 692/692/692 690/690/690 691/691/691
f 694/694/694 637/637/637 693/693/693
f 682/682/682 696/696/696 695/695/695
f 686/686/686 695/695/695 696/696/696
f 695/695/695 601/601/601 697/697/697
f 700/700/700 699/699/699 698/698/698
f 700/700/700 701/701/701 699/699/699
f 701/701/701 702/702/702 699/699/699
f 702/702/702 701/701/701 703/703/703
f 705/705/705 704/704/704 693/693/693
f 692/692/692 707/707/707 706/706/706
f 693/693/693 637/637/637 705/705/705
f 710/710/710 709/709/709 708/708/708
f 712/712/712 709/709/709 711/711/711
f 712/712/712 708/708/708 709/709/709
f 715/715/715 714/714/714 713/713/713
f 718/718/718 717/717/717 716/716/716
f 721/721/721 720/720/720 719/719/719
f 614/614/614 640/640/640 641/641/641
f 641/641/641 642/642/642 614/614/614
f 720/720/720 722/722/722 719/719/719
f 722/722/722 723/723/723 719/719/719
f 726/726/726 725/725/725 724/724/724
f 729/729/729 728/728/728 727/727/727
f 730/730/730 728/728/728 729/729/729
f 733/733/733 732/732/732 731/731/731
f 727/727/727 735/735/735 734/734/734
f 735/735/735 736/736/736 734/734/734
f 739/739/739 738/738/738 737/737/737
f 742/742/742 741/741/741 740/740/740
f 745/745/745 744/744/744 743/743/743
f 748/748/748 747/747/747 746/746/746
f 751/751/751 750/750/750 749/749/749
f 706/706/706 707/707/707 752/752/752
f 753/753/753 706/706/706 752/752/752
f 749/749/749 706/706/706 753/753/753
f 749/749/749 753/753/753 751/751/751
f 756/756/756 755/755/755 754/754/754
f 754/754/754 757/757/757 756/756/756
f 760/760/760 759/759/759 758/758/758
f 759/759/759 760/760/760 761/761/761
f 763/763/763 707/707/707 762/762/762
f 754/754/754 764/764/764 757/757/757
f 764/764/764 766/766/766 765/765/765
f 754/754/754 766/766/766 764/764/764
f 767/767/767 762/762/762 707/707/707
f 770/770/770 769/769/769 768/768/768
f 771/771/771 769/769/769 770/770/770
f 774/774/774 773/773/773 772/772/772
f 764/764/764 776/776/776 775/775/775
f 765/765/765 776/776/776 764/764/764
f 779/779/779 778/778/778 777/777/777
f 766/766/766 781/781/781 780/780/780
f 782/782/782 777/777/777 778/778/778
f 777/777/777 782/782/782 783/783/783
f 778/778/778 785/785/785 784/784/784
f 779/779/779 785/785/785 778/778/778
f 788/788/788 787/787/787 786/786/786
f 788/788/788 789/789/789 787/787/787
f 792/792/792 791/791/791 790/790/790
f 792/792/792 793/793/793 791/791/791
f 796/796/796 795/795/795 794/794/794
f 797/797/797 795/795/795 796/796/796
f 790/790/790 798/798/798 792/792/792
f 785/785/785 798/798/798 784/784/784
f 792/792/792 798/798/798 785/785/785
f 784/784/784 800/800/800 799/799/799
f 799/799/799 778/778/778 784/784/784
f 799/799/799 782/782/782 778/778/778
f 801/801/801 799/799/799 800/800/800
f 784/784/784 798/798/798 802/802/802
f 800/800/800 784/784/784 802/802/802
f 798/798/798 790/790/790 803/803/803
f 798/798/798 803/803/803 802/802/802
f 782/782/782 804/804/804 783/783/783
f 807/807/807 806/806/806 805/805/805
f 808/808/808 806/806/806 807/807/807
f 811/811/811 810/810/810 809/809/809
f 811/811/811 809/809/809 812/812/812
f 813/813/813 810/810/810 811/811/811
f 810/810/810 813/813/813 814/814/814
f 817/817/817 816/816/816 815/815/815
f 820/820/820 819/819/819 818/818/818
f 819/819/819 821/821/821 818/818/818
f 822/822/822 819/819/819 820/820/820
f 823/823/823 822/822/822 820/820/820
f 823/823/823 820/820/820 824/824/824
f 823/823/823 824/824/824 825/825/825
f 827/827/827 826/826/826 794/794/794
f 823/823/823 825/825/825 828/828/828
f 823/823/823 828/828/828 829/829/829
f 831/831/831 830/830/830 793/793/793
f 768/768/768 796/796/796 770/770/770
f 795/795/795 827/827/827 794/794/794
f 834/834/834 833/833/833 832/832/832
f 834/834/834 832/832/832 835/835/835
f 834/834/834 835/835/835 836/836/836
f 838/838/838 837/837/837 835/835/835
f 796/796/796 768/768/768 797/797/797
f 828/828/828 840/840/840 839/839/839
f 829/829/829 828/828/828 839/839/839
f 843/843/843 842/842/842 841/841/841
f 844/844/844 843/843/843 841/841/841
f 843/843/843 846/846/846 845/845/845
f 845/845/845 848/848/848 847/847/847
f 849/849/849 841/841/841 842/842/842
f 849/849/849 851/851/851 850/850/850
f 849/849/849 850/850/850 841/841/841
f 853/853/853 852/852/852 844/844/844
f 844/844/844 854/854/854 853/853/853
f 855/855/855 850/850/850 851/851/851
f 855/855/855 856/856/856 850/850/850
f 857/857/857 837/837/837 838/838/838
f 837/837/837 857/857/857 858/858/858
f 835/835/835 837/837/837 836/836/836
f 855/855/855 836/836/836 856/856/856
f 855/855/855 859/859/859 836/836/836
f 834/834/834 836/836/836 859/859/859
f 860/860/860 855/855/855 851/851/851
f 859/859/859 855/855/855 860/860/860
f 851/851/851 862/862/862 861/861/861
f 849/849/849 862/862/862 851/851/851
f 863/863/863 860/860/860 851/851/851
f 851/851/851 861/861/861 863/863/863
f 849/849/849 864/864/864 862/862/862
f 849/849/849 842/842/842 864/864/864
f 840/840/840 866/866/866 865/865/865
f 865/865/865 867/867/867 840/840/840
f 840/840/840 867/867/867 839/839/839
f 868/868/868 865/865/865 866/866/866
f 871/871/871 870/870/870 869/869/869
f 870/870/870 872/872/872 869/869/869
f 872/872/872 873/873/873 869/869/869
f 876/876/876 875/875/875 874/874/874
f 874/874/874 878/878/878 877/877/877
f 877/877/877 879/879/879 874/874/874
f 878/878/878 880/880/880 877/877/877
f 881/881/881 880/880/880 878/878/878
f 848/848/848 883/883/883 882/882/882
f 880/880/880 881/881/881 884/884/884
f 887/887/887 886/886/886 885/885/885
f 888/888/888 886/886/886 887/887/887
f 890/890/890 844/844/844 889/889/889
f 891/891/891 885/885/885 886/886/886
f 886/886/886 718/718/718 891/891/891
f 889/889/889 892/892/892 847/847/847
f 894/894/894 768/768/768 893/893/893
f 768/768/768 769/769/769 893/893/893
f 897/897/897 896/896/896 895/895/895
f 898/898/898 896/896/896 897/897/897
f 714/714/714 715/715/715 896/896/896
f 717/717/717 718/718/718 899/899/899
f 888/888/888 717/717/717 899/899/899
f 901/901/901 900/900/900 717/717/717
f 893/893/893 705/705/705 902/902/902
f 846/846/846 892/892/892 903/903/903
f 892/892/892 846/846/846 847/847/847
f 906/906/906 905/905/905 904/904/904
f 904/904/904 907/907/907 906/906/906
f 906/906/906 907/907/907 908/908/908
f 908/908/908 910/910/910 909/909/909
f 913/913/913 912/912/912 911/911/911
f 911/911/911 914/914/914 913/913/913
f 916/916/916 915/915/915 726/726/726
f 915/915/915 917/917/917 726/726/726
f 920/920/920 919/919/919 918/918/918
f 921/921/921 919/919/919 920/920/920
f 725/725/725 726/726/726 922/922/922
f 905/905/905 725/725/725 904/904/904
f 923/923/923 715/715/715 725/725/725
f 926/926/926 925/925/925 924/924/924
f 927/927/927 925/925/925 926/926/926
f 930/930/930 929/929/929 928/928/928
f 928/928/928 927/927/927 930/930/930
f 927/927/927 926/926/926 930/930/930
f 933/933/933 932/932/932 931/931/931
f 936/936/936 935/935/935 934/934/934
f 935/935/935 937/937/937 934/934/934
f 932/932/932 933/933/933 938/938/938
f 929/929/929 930/930/930 938/938/938
f 930/930/930 932/932/932 938/938/938
f 845/845/845 925/925/925 939/939/939
f 925/925/925 927/927/927 928/928/928
f 938/938/938 940/940/940 929/929/929
f 929/929/929 940/940/940 928/928/928
f 938/938/938 941/941/941 940/940/940
f 942/942/942 941/941/941 938/938/938
f 938/938/938 943/943/943 942/942/942
f 944/944/944 943/943/943 938/938/938
f 933/933/933 944/944/944 938/938/938
f 946/946/946 945/945/945 880/880/880
f 880/880/880 884/884/884 946/946/946
f 948/948/948 946/946/946 947/947/947
f 946/946/946 948/948/948 945/945/945
f 947/947/947 949/949/949 948/948/948
f 947/947/947 951/951/951 950/950/950
f 947/947/947 950/950/950 949/949/949
f 952/952/952 950/950/950 951/951/951
f 955/955/955 954/954/954 953/953/953
f 955/955/955 956/956/956 954/954/954
f 955/955/955 957/957/957 956/956/956
f 960/960/960 959/959/959 958/958/958
f 959/959/959 961/961/961 958/958/958
f 964/964/964 963/963/963 962/962/962
f 959/959/959 965/965/965 961/961/961
f 966/966/966 965/965/965 959/959/959
f 967/967/967 961/961/961 965/965/965
f 920/920/920 918/918/918 937/937/937
f 937/937/937 935/935/935 920/920/920
f 934/934/934 968/968/968 936/936/936
f 971/971/971 970/970/970 969/969/969
f 973/973/973 972/972/972 937/937/937
f 970/970/970 971/971/971 974/974/974
f 965/965/965 975/975/975 967/967/967
f 978/978/978 977/977/977 976/976/976
f 981/981/981 980/980/980 979/979/979
f 976/976/976 982/982/982 978/978/978
f 984/984/984 982/982/982 983/983/983
f 978/978/978 982/982/982 984/984/984
f 969/969/969 984/984/984 983/983/983
f 982/982/982 985/985/985 983/983/983
f 985/985/985 982/982/982 986/986/986
f 982/982/982 976/976/976 986/986/986
f 975/975/975 987/987/987 967/967/967
f 975/975/975 988/988/988 987/987/987
f 989/989/989 988/988/988 975/975/975
f 988/988/988 989/989/989 990/990/990
f 989/989/989 991/991/991 990/990/990
f 994/994/994 993/993/993 992/992/992
f 995/995/995 993/993/993 994/994/994
f 989/989/989 996/996/996 991/991/991
f 989/989/989 997/997/997 996/996/996
f 997/997/997 989/989/989 998/998/998
f 986/986/986 979/979/979 980/980/980
f 1001/1001/1001 1000/1000/1000 999/999/999
f 1004/1004/1004 1003/1003/1003 1002/1002/1002
f 1002/1002/1002 1005/1005/1005 1004/1004/1004
f 1006/1006/1006 999/999/999 1000/1000/1000
f 1009/1009/1009 1008/1008/1008 1007/1007/1007
f 1008/1008/1008 1010/1010/1010 1007/1007/1007
f 739/739/739 1012/1012/1012 1011/1011/1011
f 739/739/739 1011/1011/1011 1013/1013/1013
f 1015/1015/1015 981/981/981 1014/1014/1014
f 739/739/739 1016/1016/1016 738/738/738
f 1005/1005/1005 1002/1002/1002 1017/1017/1017
f 731/731/731 738/738/738 1005/1005/1005
f 919/919/919 733/733/733 731/731/731
f 1014/1014/1014 1018/1018/1018 1015/1015/1015
f 1015/1015/1015 1018/1018/1018 1019/1019/1019
f 1022/1022/1022 1021/1021/1021 1020/1020/1020
f 1023/1023/1023 1020/1020/1020 1021/1021/1021
f 1025/1025/1025 748/748/748 1024/1024/1024
f 1026/1026/1026 748/748/748 772/772/772
f 748/748/748 1027/1027/1027 747/747/747
f 747/747/747 1023/1023/1023 1021/1021/1021
f 740/740/740 747/747/747 1021/1021/1021
f 742/742/742 740/740/740 1019/1019/1019
f 1028/1028/1028 980/980/980 977/977/977
f 1029/1029/1029 1028/1028/1028 981/981/981
f 1030/1030/1030 1029/1029/1029 977/977/977
f 1033/1033/1033 1032/1032/1032 1031/1031/1031
f 1031/1031/1031 1032/1032/1032 1034/1034/1034
f 1035/1035/1035 1031/1031/1031 1034/1034/1034
f 1038/1038/1038 1037/1037/1037 1036/1036/1036
f 1039/1039/1039 1038/1038/1038 1036/1036/1036
f 1042/1042/1042 1041/1041/1041 1040/1040/1040
f 772/772/772 773/773/773 1041/1041/1041
f 1043/1043/1043 1041/1041/1041 1042/1042/1042
f 1035/1035/1035 1034/1034/1034 1041/1041/1041
f 1043/1043/1043 1035/1035/1035 1044/1044/1044
f 1045/1045/1045 1033/1033/1033 1031/1031/1031
f 1045/1045/1045 1046/1046/1046 1033/1033/1033
f 1031/1031/1031 1035/1035/1035 1047/1047/1047
f 1047/1047/1047 1045/1045/1045 1031/1031/1031
f 1035/1035/1035 1043/1043/1043 1048/1048/1048
f 1047/1047/1047 1035/1035/1035 1048/1048/1048
f 1043/1043/1043 1042/1042/1042 1049/1049/1049
f 1043/1043/1043 1049/1049/1049 1048/1048/1048
f 1050/1050/1050 1046/1046/1046 1045/1045/1045
f 1053/1053/1053 1052/1052/1052 1051/1051/1051
f 1051/1051/1051 1054/1054/1054 1053/1053/1053
f 1051/1051/1051 1052/1052/1052 1055/1055/1055
f 1052/1052/1052 1056/1056/1056 1055/1055/1055
f 1055/1055/1055 1056/1056/1056 1057/1057/1057
f 1059/1059/1059 1057/1057/1057 1058/1058/1058
f 1057/1057/1057 1056/1056/1056 1058/1058/1058
f 1061/1061/1061 1060/1060/1060 1059/1059/1059
f 1059/1059/1059 1058/1058/1058 1061/1061/1061
f 1064/1064/1064 1063/1063/1063 1062/1062/1062
f 805/805/805 1060/1060/1060 1061/1061/1061
f 805/805/805 806/806/806 1060/1060/1060
f 775/775/775 776/776/776 1063/1063/1063
f 1067/1067/1067 1066/1066/1066 1065/1065/1065
f 1068/1068/1068 1066/1066/1066 1067/1067/1067
f 1054/1054/1054 1069/1069/1069 1053/1053/1053
f 1072/1072/1072 1071/1071/1071 1070/1070/1070
f 1075/1075/1075 1074/1074/1074 1073/1073/1073
f 1069/1069/1069 1054/1054/1054 1076/1076/1076
f 1072/1072/1072 1078/1078/1078 1077/1077/1077
f 1071/1071/1071 1072/1072/1072 1077/1077/1077
f 1078/1078/1078 1079/1079/1079 1077/1077/1077
f 1054/1054/1054 1079/1079/1079 1080/1080/1080
f 1082/1082/1082 1081/1081/1081 1079/1079/1079
f 1054/1054/1054 1051/1051/1051 1081/1081/1081
f 1085/1085/1085 1084/1084/1084 1083/1083/1083
f 1084/1084/1084 1085/1085/1085 1081/1081/1081
f 1085/1085/1085 1083/1083/1083 1086/1086/1086
f 1088/1088/1088 1083/1083/1083 1087/1087/1087
f 1083/1083/1083 1088/1088/1088 1086/1086/1086
f 1087/1087/1087 1090/1090/1090 1089/1089/1089
f 1088/1088/1088 1087/1087/1087 1089/1089/1089
f 1090/1090/1090 1091/1091/1091 1089/1089/1089
f 1091/1091/1091 1093/1093/1093 1092/1092/1092
f 1089/1089/1089 1091/1091/1091 1092/1092/1092
f 1093/1093/1093 1094/1094/1094 1092/1092/1092
f 1094/1094/1094 812/812/812 809/809/809
f 1093/1093/1093 812/812/812 1094/1094/1094
f 1096/1096/1096 1095/1095/1095 980/980/980
f 1097/1097/1097 993/993/993 995/995/995
f 993/993/993 1097/1097/1097 1098/1098/1098
f 992/992/992 1099/1099/1099 994/994/994
f 1099/1099/1099 992/992/992 1100/1100/1100
f 1100/1100/1100 1101/1101/1101 1099/1099/1099
f 1101/1101/1101 1100/1100/1100 1102/1102/1102
f 1103/1103/1103 1101/1101/1101 1102/1102/1102
f 1104/1104/1104 1103/1103/1103 1102/1102/1102
f 1105/1105/1105 1103/1103/1103 1104/1104/1104
f 1106/1106/1106 1105/1105/1105 1104/1104/1104
f 1106/1106/1106 1107/1107/1107 1105/1105/1105
f 1107/1107/1107 1106/1106/1106 1108/1108/1108
f 1111/1111/1111 1110/1110/1110 1109/1109/1109
f 1109/1109/1109 1112/1112/1112 1111/1111/1111
f 1110/1110/1110 1114/1114/1114 1113/1113/1113
f 1113/1113/1113 1109/1109/1109 1110/1110/1110
f 1117/1117/1117 1116/1116/1116 1115/1115/1115
f 1115/1115/1115 1118/1118/1118 1117/1117/1117
f 1121/1121/1121 1120/1120/1120 1119/1119/1119
f 1119/1119/1119 1122/1122/1122 1121/1121/1121
f 1125/1125/1125 1124/1124/1124 1123/1123/1123
f 1125/1125/1125 1123/1123/1123 1126/1126/1126
f 1066/1066/1066 1124/1124/1124 1125/1125/1125
f 1066/1066/1066 1068/1068/1068 1124/1124/1124
f 960/960/960 958/958/958 1127/1127/1127
f 1130/1130/1130 1129/1129/1129 1128/1128/1128
f 1133/1133/1133 1132/1132/1132 1131/1131/1131
f 1133/1133/1133 1135/1135/1135 1134/1134/1134
f 1134/1134/1134 1132/1132/1132 1133/1133/1133
f 1132/1132/1132 1134/1134/1134 1136/1136/1136
f 1130/1130/1130 1128/1128/1128 1137/1137/1137
f 1139/1139/1139 1137/1137/1137 1138/1138/1138
f 1137/1137/1137 1128/1128/1128 1138/1138/1138
f 1142/1142/1142 1141/1141/1141 1140/1140/1140
f 1140/1140/1140 1143/1143/1143 1142/1142/1142
f 1143/1143/1143 1140/1140/1140 1144/1144/1144
f 1143/1143/1143 1144/1144/1144 1145/1145/1145
f 1145/1145/1145 1144/1144/1144 1108/1108/1108
f 1144/1144/1144 1107/1107/1107 1108/1108/1108
f 1148/1148/1148 1147/1147/1147 1146/1146/1146
f 1149/1149/1149 1146/1146/1146 1147/1147/1147
f 1150/1150/1150 953/953/953 954/954/954
f 1150/1150/1150 1151/1151/1151 953/953/953
f 1150/1150/1150 1152/1152/1152 1151/1151/1151
f 1152/1152/1152 1153/1153/1153 1151/1151/1151
f 1155/1155/1155 1154/1154/1154 1153/1153/1153
f 1152/1152/1152 1155/1155/1155 1153/1153/1153
f 1156/1156/1156 1154/1154/1154 1155/1155/1155
f 1156/1156/1156 1157/1157/1157 1154/1154/1154
f 1156/1156/1156 1158/1158/1158 1157/1157/1157
f 1158/1158/1158 1159/1159/1159 1157/1157/1157
f 1162/1162/1162 1161/1161/1161 1160/1160/1160
f 1160/1160/1160 1163/1163/1163 1162/1162/1162
f 1161/1161/1161 1165/1165/1165 1164/1164/1164
f 1164/1164/1164 1160/1160/1160 1161/1161/1161
f 1168/1168/1168 1167/1167/1167 1166/1166/1166
f 1166/1166/1166 1169/1169/1169 1168/1168/1168
f 1172/1172/1172 1171/1171/1171 1170/1170/1170
f 1170/1170/1170 1173/1173/1173 1172/1172/1172
f 1176/1176/1176 1175/1175/1175 1174/1174/1174
f 1174/1174/1174 1177/1177/1177 1176/1176/1176
f 1146/1146/1146 1149/1149/1149 1178/1178/1178
f 1178/1178/1178 1179/1179/1179 1146/1146/1146
f 876/876/876 874/874/874 879/879/879
f 1180/1180/1180 876/876/876 879/879/879
f 1183/1183/1183 1182/1182/1182 1181/1181/1181
f 1182/1182/1182 1184/1184/1184 1181/1181/1181
f 873/873/873 872/872/872 1185/1185/1185
f 1187/1187/1187 1186/1186/1186 1181/1181/1181
f 876/876/876 1180/1180/1180 1188/1188/1188
f 1191/1191/1191 1190/1190/1190 1189/1189/1189
f 1190/1190/1190 1192/1192/1192 1189/1189/1189
f 1192/1192/1192 1193/1193/1193 1189/1189/1189
f 1196/1196/1196 1195/1195/1195 1194/1194/1194
f 1198/1198/1198 1194/1194/1194 1197/1197/1197
f 1196/1196/1196 1194/1194/1194 1199/1199/1199
f 1198/1198/1198 1197/1197/1197 1200/1200/1200
f 1197/1197/1197 879/879/879 1200/1200/1200
f 877/877/877 1201/1201/1201 879/879/879
f 1200/1200/1200 1202/1202/1202 1201/1201/1201
f 1204/1204/1204 1203/1203/1203 1159/1159/1159
f 1203/1203/1203 1204/1204/1204 1201/1201/1201
f 1204/1204/1204 1159/1159/1159 1158/1158/1158
f 848/848/848 845/845/845 883/883/883
f 869/869/869 1205/1205/1205 871/871/871
f 1205/1205/1205 1206/1206/1206 871/871/871
f 1207/1207/1207 1206/1206/1206 1205/1205/1205
f 1207/1207/1207 1208/1208/1208 1206/1206/1206
f 1210/1210/1210 1209/1209/1209 1208/1208/1208
f 1207/1207/1207 1210/1210/1210 1208/1208/1208
f 1212/1212/1212 1211/1211/1211 1209/1209/1209
f 1212/1212/1212 1209/1209/1209 1210/1210/1210
f 1213/1213/1213 829/829/829 1212/1212/1212
f 1213/1213/1213 1214/1214/1214 1211/1211/1211
f 1217/1217/1217 1216/1216/1216 1215/1215/1215
f 1216/1216/1216 1218/1218/1218 1215/1215/1215
f 1218/1218/1218 1220/1220/1220 1219/1219/1219
f 1219/1219/1219 1215/1215/1215 1218/1218/1218
f 1223/1223/1223 1222/1222/1222 1221/1221/1221
f 1221/1221/1221 1224/1224/1224 1223/1223/1223
f 1227/1227/1227 1226/1226/1226 1225/1225/1225
f 1225/1225/1225 1228/1228/1228 1227/1227/1227
f 1231/1231/1231 1230/1230/1230 1229/1229/1229
f 1230/1230/1230 1232/1232/1232 1229/1229/1229
f 1233/1233/1233 1184/1184/1184 1182/1182/1182
f 1182/1182/1182 1234/1234/1234 1233/1233/1233
f 818/818/818 821/821/821 1235/1235/1235
f 1236/1236/1236 814/814/814 813/813/813
f 1238/1238/1238 1237/1237/1237 817/817/817
f 1239/1239/1239 1237/1237/1237 1238/1238/1238
f 821/821/821 1240/1240/1240 1235/1235/1235
f 1243/1243/1243 1242/1242/1242 1241/1241/1241
f 1244/1244/1244 1242/1242/1242 1243/1243/1243
f 1245/1245/1245 1242/1242/1242 1244/1244/1244
f 1248/1248/1248 1247/1247/1247 1246/1246/1246
f 1240/1240/1240 821/821/821 1249/1249/1249
f 1247/1247/1247 1251/1251/1251 1250/1250/1250
f 1247/1247/1247 1250/1250/1250 1246/1246/1246
f 1251/1251/1251 1252/1252/1252 1250/1250/1250
f 1253/1253/1253 1252/1252/1252 1251/1251/1251
f 1254/1254/1254 1252/1252/1252 1253/1253/1253
f 819/819/819 1255/1255/1255 1252/1252/1252
f 1256/1256/1256 819/819/819 822/822/822
f 1254/1254/1254 1256/1256/1256 1255/1255/1255
f 1258/1258/1258 1256/1256/1256 1257/1257/1257
f 1214/1214/1214 1258/1258/1258 1257/1257/1257
f 1213/1213/1213 1258/1258/1258 1214/1214/1214
f 1261/1261/1261 1260/1260/1260 1259/1259/1259
f 1259/1259/1259 1262/1262/1262 1261/1261/1261
f 1260/1260/1260 1264/1264/1264 1263/1263/1263
f 1263/1263/1263 1259/1259/1259 1260/1260/1260
f 1267/1267/1267 1266/1266/1266 1265/1265/1265
f 1265/1265/1265 1268/1268/1268 1267/1267/1267
f 1271/1271/1271 1270/1270/1270 1269/1269/1269
f 1269/1269/1269 1272/1272/1272 1271/1271/1271
f 1275/1275/1275 1274/1274/1274 1273/1273/1273
f 1273/1273/1273 1276/1276/1276 1275/1275/1275
f 1237/1237/1237 1239/1239/1239 1277/1277/1277
f 1277/1277/1277 1278/1278/1278 1237/1237/1237
f 1074/1074/1074 1075/1075/1075 1279/1279/1279
f 1279/1279/1279 1280/1280/1280 1074/1074/1074
f 1283/1283/1283 1282/1282/1282 1281/1281/1281
f 1281/1281/1281 1284/1284/1284 1283/1283/1283
f 1287/1287/1287 1286/1286/1286 1285/1285/1285
f 1285/1285/1285 1288/1288/1288 1287/1287/1287
f 1291/1291/1291 1290/1290/1290 1289/1289/1289
f 1289/1289/1289 1292/1292/1292 1291/1291/1291
f 1293/1293/1293 1292/1292/1292 1289/1289/1289
f 1289/1289/1289 1294/1294/1294 1293/1293/1293
f 1294/1294/1294 1296/1296/1296 1295/1295/1295
f 1295/1295/1295 1293/1293/1293 1294/1294/1294
f 1073/1073/1073 1074/1074/1074 1297/1297/1297
f 1073/1073/1073 1297/1297/1297 1298/1298/1298
f 1299/1299/1299 1068/1068/1068 1067/1067/1067
f 1302/1302/1302 1301/1301/1301 1300/1300/1300
f 1300/1300/1300 1303/1303/1303 1302/1302/1302
f 1306/1306/1306 1305/1305/1305 1304/1304/1304
f 1306/1306/1306 1304/1304/1304 1307/1307/1307
f 1310/1310/1310 1309/1309/1309 1308/1308/1308
f 1301/1301/1301 1311/1311/1311 1300/1300/1300
f 1314/1314/1314 1313/1313/1313 1312/1312/1312
f 1312/1312/1312 1315/1315/1315 1314/1314/1314
f 1316/1316/1316 1312/1312/1312 1313/1313/1313
f 1317/1317/1317 1316/1316/1316 1313/1313/1313
f 1302/1302/1302 1316/1316/1316 1317/1317/1317
f 1318/1318/1318 1302/1302/1302 1317/1317/1317
f 1318/1318/1318 1320/1320/1320 1319/1319/1319
f 1319/1319/1319 1321/1321/1321 1318/1318/1318
f 1309/1309/1309 1319/1319/1319 1320/1320/1320
f 1124/1124/1124 1309/1309/1309 1123/1123/1123
f 1324/1324/1324 1323/1323/1323 1322/1322/1322
f 1325/1325/1325 1134/1134/1134 1135/1135/1135
f 1135/1135/1135 1326/1326/1326 1325/1325/1325
f 1324/1324/1324 1327/1327/1327 1323/1323/1323
f 1322/1322/1322 1323/1323/1323 1328/1328/1328
f 1328/1328/1328 1329/1329/1329 1322/1322/1322
f 1326/1326/1326 1331/1331/1331 1330/1330/1330
f 1331/1331/1331 1333/1333/1333 1332/1332/1332
f 1336/1336/1336 1335/1335/1335 1334/1334/1334
f 1334/1334/1334 1337/1337/1337 1336/1336/1336
f 1328/1328/1328 1338/1338/1338 1329/1329/1329
f 1339/1339/1339 1338/1338/1338 1328/1328/1328
f 1339/1339/1339 1341/1341/1341 1340/1340/1340
f 1340/1340/1340 1338/1338/1338 1339/1339/1339
f 1344/1344/1344 1343/1343/1343 1342/1342/1342
f 1342/1342/1342 1345/1345/1345 1344/1344/1344
f 1348/1348/1348 1347/1347/1347 1346/1346/1346
f 1346/1346/1346 1349/1349/1349 1348/1348/1348
f 1341/1341/1341 1350/1350/1350 1340/1340/1340
f 1315/1315/1315 1340/1340/1340 1350/1350/1350
f 1351/1351/1351 1348/1348/1348 1349/1349/1349
f 1349/1349/1349 1352/1352/1352 1351/1351/1351
f 1314/1314/1314 1315/1315/1315 1350/1350/1350
f 1355/1355/1355 1354/1354/1354 1353/1353/1353
f 1353/1353/1353 1356/1356/1356 1355/1355/1355
f 1354/1354/1354 1357/1357/1357 1353/1353/1353
f 1357/1357/1357 1359/1359/1359 1358/1358/1358
f 1358/1358/1358 1353/1353/1353 1357/1357/1357
f 1360/1360/1360 1302/1302/1302 1303/1303/1303
f 1316/1316/1316 1302/1302/1302 1360/1360/1360
f 1360/1360/1360 1361/1361/1361 1316/1316/1316
f 1360/1360/1360 1358/1358/1358 1359/1359/1359
f 1359/1359/1359 1361/1361/1361 1360/1360/1360
f 1304/1304/1304 1305/1305/1305 1362/1362/1362
f 1365/1365/1365 1364/1364/1364 1363/1363/1363
f 1363/1363/1363 1366/1366/1366 1365/1365/1365
f 1364/1364/1364 1367/1367/1367 1363/1363/1363
f 1369/1369/1369 1362/1362/1362 1368/1368/1368
f 1369/1369/1369 1370/1370/1370 1362/1362/1362
f 1369/1369/1369 1371/1371/1371 1370/1370/1370
f 1370/1370/1370 1371/1371/1371 1372/1372/1372
f 1373/1373/1373 1372/1372/1372 1371/1371/1371
f 1367/1367/1367 1375/1375/1375 1374/1374/1374
f 1374/1374/1374 1363/1363/1363 1367/1367/1367
f 1377/1377/1377 1376/1376/1376 1372/1372/1372
f 1373/1373/1373 1377/1377/1377 1372/1372/1372
f 1378/1378/1378 1376/1376/1376 1377/1377/1377
f 1375/1375/1375 1379/1379/1379 1374/1374/1374
f 1376/1376/1376 1381/1381/1381 1380/1380/1380
f 1378/1378/1378 1381/1381/1381 1376/1376/1376
f 1384/1384/1384 1383/1383/1383 1382/1382/1382
f 1384/1384/1384 1385/1385/1385 1383/1383/1383
f 1382/1382/1382 1383/1383/1383 1386/1386/1386
f 1389/1389/1389 1388/1388/1388 1387/1387/1387
f 1388/1388/1388 1390/1390/1390 1387/1387/1387
f 1392/1392/1392 1390/1390/1390 1391/1391/1391
f 1395/1395/1395 1394/1394/1394 1393/1393/1393
f 1385/1385/1385 1396/1396/1396 1383/1383/1383
f 1384/1384/1384 1398/1398/1398 1397/1397/1397
f 1397/1397/1397 1385/1385/1385 1384/1384/1384
f 1399/1399/1399 1396/1396/1396 1385/1385/1385
f 1399/1399/1399 1385/1385/1385 1397/1397/1397
f 1379/1379/1379 1397/1397/1397 1398/1398/1398
f 1398/1398/1398 1374/1374/1374 1379/1379/1379
f 1380/1380/1380 1381/1381/1381 1400/1400/1400
f 1401/1401/1401 1399/1399/1399 1397/1397/1397
f 1404/1404/1404 1403/1403/1403 1402/1402/1402
f 1403/1403/1403 1405/1405/1405 1402/1402/1402
f 1407/1407/1407 1405/1405/1405 1406/1406/1406
f 1407/1407/1407 1408/1408/1408 1405/1405/1405
f 1406/1406/1406 1409/1409/1409 1407/1407/1407
f 1410/1410/1410 1407/1407/1407 1409/1409/1409
f 1409/1409/1409 1411/1411/1411 1410/1410/1410
f 1414/1414/1414 1413/1413/1413 1412/1412/1412
f 1412/1412/1412 1415/1415/1415 1414/1414/1414
f 1417/1417/1417 1410/1410/1410 1416/1416/1416
f 1414/1414/1414 1418/1418/1418 1413/1413/1413
f 1416/1416/1416 1410/1410/1410 1411/1411/1411
f 1418/1418/1418 1419/1419/1419 1413/1413/1413
f 1422/1422/1422 1421/1421/1421 1420/1420/1420
f 1420/1420/1420 1423/1423/1423 1422/1422/1422
f 1424/1424/1424 1423/1423/1423 1420/1420/1420
f 1424/1424/1424 1420/1420/1420 1425/1425/1425
f 1428/1428/1428 1427/1427/1427 1426/1426/1426
f 1426/1426/1426 1429/1429/1429 1428/1428/1428
f 1426/1426/1426 1431/1431/1431 1430/1430/1430
f 1430/1430/1430 1429/1429/1429 1426/1426/1426
f 1434/1434/1434 1433/1433/1433 1432/1432/1432
f 1434/1434/1434 1435/1435/1435 1433/1433/1433
f 1435/1435/1435 1434/1434/1434 1242/1242/1242
f 1242/1242/1242 1245/1245/1245 1435/1435/1435
f 1438/1438/1438 1437/1437/1437 1436/1436/1436
f 1436/1436/1436 1439/1439/1439 1438/1438/1438
f 1440/1440/1440 1438/1438/1438 1439/1439/1439
f 1443/1443/1443 1442/1442/1442 1441/1441/1441
f 1443/1443/1443 1441/1441/1441 1444/1444/1444
f 1441/1441/1441 1445/1445/1445 1444/1444/1444
f 1436/1436/1436 1446/1446/1446 1439/1439/1439
f 1448/1448/1448 1446/1446/1446 1447/1447/1447
f 1437/1437/1437 1450/1450/1450 1449/1449/1449
f 1449/1449/1449 1436/1436/1436 1437/1437/1437
f 1436/1436/1436 1451/1451/1451 1446/1446/1446
f 1449/1449/1449 1451/1451/1451 1436/1436/1436
f 1450/1450/1450 1418/1418/1418 1449/1449/1449
f 1418/1418/1418 1450/1450/1450 1419/1419/1419
f 1453/1453/1453 1417/1417/1417 1452/1452/1452
f 1449/1449/1449 1452/1452/1452 1451/1451/1451
f 1417/1417/1417 1416/1416/1416 1452/1452/1452
f 1456/1456/1456 1455/1455/1455 1454/1454/1454
f 1456/1456/1456 1457/1457/1457 1455/1455/1455
f 1458/1458/1458 1455/1455/1455 1457/1457/1457
f 1461/1461/1461 1460/1460/1460 1459/1459/1459
f 1459/1459/1459 1462/1462/1462 1461/1461/1461
f 1459/1459/1459 1460/1460/1460 1463/1463/1463
f 1458/1458/1458 1465/1465/1465 1464/1464/1464
f 1458/1458/1458 1466/1466/1466 1465/1465/1465
f 1464/1464/1464 1468/1468/1468 1467/1467/1467
f 1465/1465/1465 1468/1468/1468 1464/1464/1464
f 1468/1468/1468 1469/1469/1469 1467/1467/1467
f 1467/1467/1467 1469/1469/1469 1470/1470/1470
f 1463/1463/1463 1472/1472/1472 1471/1471/1471
f 1471/1471/1471 1459/1459/1459 1463/1463/1463
f 1469/1469/1469 1473/1473/1473 1470/1470/1470
f 1470/1470/1470 1473/1473/1473 1474/1474/1474
f 1477/1477/1477 1476/1476/1476 1475/1475/1475
f 1475/1475/1475 1478/1478/1478 1477/1477/1477
f 1476/1476/1476 1480/1480/1480 1479/1479/1479
f 1479/1479/1479 1475/1475/1475 1476/1476/1476
f 1483/1483/1483 1482/1482/1482 1481/1481/1481
f 1481/1481/1481 1484/1484/1484 1483/1483/1483
f 1487/1487/1487 1486/1486/1486 1485/1485/1485
f 1485/1485/1485 1488/1488/1488 1487/1487/1487
f 1490/1490/1490 1489/1489/1489 1199/1199/1199
f 1199/1199/1199 1491/1491/1491 1490/1490/1490
f 1494/1494/1494 1493/1493/1493 1492/1492/1492
f 1492/1492/1492 1493/1493/1493 1495/1495/1495
f 1493/1493/1493 1496/1496/1496 1495/1495/1495
f 1499/1499/1499 1498/1498/1498 1497/1497/1497
f 1501/1501/1501 1500/1500/1500 1498/1498/1498
f 1501/1501/1501 1498/1498/1498 1499/1499/1499
f 1504/1504/1504 1503/1503/1503 1502/1502/1502
f 1504/1504/1504 1494/1494/1494 1505/1505/1505
f 1492/1492/1492 1507/1507/1507 1506/1506/1506
f 1506/1506/1506 1494/1494/1494 1492/1492/1492
f 1505/1505/1505 1494/1494/1494 1508/1508/1508
f 1494/1494/1494 1506/1506/1506 1508/1508/1508
f 1506/1506/1506 1507/1507/1507 1471/1471/1471
f 1471/1471/1471 1472/1472/1472 1506/1506/1506
f 1510/1510/1510 1509/1509/1509 1474/1474/1474
f 1506/1506/1506 1474/1474/1474 1508/1508/1508
f 1511/1511/1511 745/745/745 743/743/743
f 1513/1513/1513 1511/1511/1511 1512/1512/1512
f 745/745/745 1511/1511/1511 1513/1513/1513
f 734/734/734 729/729/729 727/727/727
f 705/705/705 1514/1514/1514 900/900/900
f 970/970/970 1515/1515/1515 969/969/969
f 1515/1515/1515 1516/1516/1516 969/969/969
f 985/985/985 969/969/969 983/983/983
f 971/971/971 969/969/969 985/985/985
f 1402/1402/1402 1517/1517/1517 1404/1404/1404
f 1412/1412/1412 1413/1413/1413 1518/1518/1518
