mtllib plant_flower_stern_with_bar_and_3sterns_long_green.mtl
v -2.017334 24.35592 -0.474434
v -1.984147 24.36493 0.04756669
v -5.802926 23.17459 0.04731898
v -2.115054 24.32676 -0.9876388
v -2.275771 24.27792 -1.483248
v -2.497189 24.2101 -1.952461
v -2.774721 24.12469 -2.387677
v -3.104543 24.02289 -2.780898
v -3.480157 23.90668 -3.126121
v -3.895833 23.77785 -3.416547
v -4.34393 23.63876 -3.648175
v -4.817188 23.49167 -3.816206
v -5.307205 23.33919 -3.918237
v -5.805578 23.18393 -3.95267
v -6.303906 23.02851 -3.918302
v -6.793788 22.87555 -3.816334
v -7.266823 22.72767 -3.648365
v -7.714612 22.5875 -3.416795
v -8.129903 22.45732 -3.126423
v -8.50506 22.3395 -2.781248
v -8.83436 22.23585 -2.388071
v -9.111316 22.14842 -1.95289
v -9.332111 22.0784 -1.483706
v -9.492171 22.02725 -0.9881173
v -9.589211 21.9957 -0.4749251
v -9.621706 21.98424 0.04707126
v -9.588518 21.99326 0.5690719
v -9.490799 22.02241 1.082277
v -9.330082 22.07125 1.577886
v -9.108664 22.13908 2.047099
v -8.831131 22.22448 2.482316
v -8.50131 22.32629 2.875536
v -8.125695 22.44249 3.220759
v -7.71002 22.57133 3.511185
v -7.261923 22.71041 3.742813
v -6.788665 22.8575 3.910844
v -6.298648 23.00999 4.012876
v -5.800274 23.16525 4.047307
v -5.301946 23.32067 4.01294
v -4.812065 23.47363 3.910972
v -4.339029 23.6215 3.743003
v -3.89124 23.76167 3.511433
v -3.475949 23.89186 3.221061
v -3.100792 24.00968 2.875886
v -2.771492 24.11332 2.482708
v -2.494537 24.20076 2.047528
v -2.273741 24.27077 1.578343
v -2.113681 24.32193 1.082755
v -2.016642 24.35348 0.5695631
v 3.785592 5.739423 -0.5217525
v 3.818779 5.748441 0.0002481125
v -1.984147 24.36493 0.04756669
v -2.017334 24.35592 -0.474434
v 3.687873 5.710267 -1.034957
v -2.115054 24.32676 -0.9876388
v 3.527155 5.66143 -1.530566
v -2.275771 24.27792 -1.483248
v 3.305737 5.593605 -1.999779
v -2.497189 24.2101 -1.952461
v 3.028205 5.508202 -2.434996
v -2.774721 24.12469 -2.387677
v 2.698384 5.406393 -2.828216
v -3.104543 24.02289 -2.780898
v 2.322769 5.290188 -3.17344
v -3.480157 23.90668 -3.126121
v 1.907093 5.161356 -3.463866
v -3.895833 23.77785 -3.416547
v 1.458997 5.022269 -3.695494
v -4.34393 23.63876 -3.648176
v 0.9857386 4.875177 -3.863524
v -4.817188 23.49167 -3.816206
v 0.4957215 4.722694 -3.965556
v -5.307205 23.33919 -3.918237
v -0.002651997 4.567434 -3.999988
v -5.805578 23.18393 -3.95267
v -0.5009799 4.412014 -3.965621
v -6.303906 23.02851 -3.918302
v -0.9908617 4.259054 -3.863653
v -6.793788 22.87555 -3.816334
v -1.463897 4.111178 -3.695684
v -7.266823 22.72767 -3.648365
v -1.911686 3.971009 -3.464113
v -7.714612 22.5875 -3.416795
v -2.326977 3.840822 -3.173741
v -8.129903 22.45732 -3.126423
v -2.702134 3.723004 -2.828567
v -8.50506 22.3395 -2.781248
v -3.031434 3.619359 -2.435389
v -8.83436 22.23585 -2.388071
v -3.308389 3.531924 -2.000208
v -9.111316 22.14842 -1.95289
v -3.529185 3.461907 -1.531024
v -9.332111 22.0784 -1.483706
v -3.689245 3.410755 -1.035436
v -9.492171 22.02725 -0.9881173
v -3.786284 3.379203 -0.5222437
v -9.589211 21.9957 -0.4749251
v -3.818779 3.367747 -0.0002473155
v -9.621706 21.98424 0.04707126
v -3.785592 3.376765 0.5217533
v -9.588518 21.99326 0.5690719
v -3.687873 3.405921 1.034958
v -9.490799 22.02241 1.082277
v -3.527155 3.454758 1.530567
v -9.330082 22.07125 1.577886
v -3.305737 3.522583 1.99978
v -9.108664 22.13908 2.047099
v -3.028205 3.607986 2.434997
v -8.831131 22.22448 2.482316
v -2.698384 3.709795 2.828217
v -8.50131 22.32629 2.875536
v -2.322769 3.826 3.17344
v -8.125695 22.44249 3.220759
v -1.907093 3.954832 3.463867
v -7.71002 22.57133 3.511185
v -1.458997 4.093919 3.695495
v -7.261923 22.71041 3.742814
v -0.9857386 4.241011 3.863525
v -6.788665 22.8575 3.910844
v -0.4957215 4.393494 3.965557
v -6.298648 23.00999 4.012876
v 0.002651997 4.548754 3.999989
v -5.800274 23.16525 4.047307
v 0.5009799 4.704174 3.965621
v -5.301946 23.32067 4.01294
v 0.9908617 4.857134 3.863653
v -4.812065 23.47363 3.910972
v 1.463897 5.00501 3.695685
v -4.339029 23.6215 3.743003
v 1.911686 5.145179 3.464114
v -3.89124 23.76167 3.511433
v 2.326977 5.275366 3.173742
v -3.475949 23.89186 3.221061
v 2.702134 5.393184 2.828567
v -3.100792 24.00968 2.875886
v 3.031434 5.496829 2.43539
v -2.771492 24.11332 2.482708
v 3.308389 5.584264 2.000209
v -2.494537 24.20076 2.047528
v 3.529185 5.654281 1.531025
v -2.273741 24.27077 1.578343
v 3.689245 5.705432 1.035437
v -2.113681 24.32193 1.082755
v 3.786284 5.736985 0.5222445
v -2.016642 24.35348 0.5695631
v 3.785592 5.739423 -0.5217525
v 3.818779 5.748441 0.0002481125
v 0 4.558094 3.984812E-07
v 3.687873 5.710267 -1.034957
v 3.527155 5.66143 -1.530566
v 3.305737 5.593605 -1.999779
v 3.028205 5.508202 -2.434996
v 2.698384 5.406393 -2.828216
v 2.322769 5.290188 -3.17344
v 1.907093 5.161356 -3.463866
v 1.458997 5.022269 -3.695494
v 0.9857386 4.875177 -3.863524
v 0.4957215 4.722694 -3.965556
v -0.002651997 4.567434 -3.999988
v -0.5009799 4.412014 -3.965621
v -0.9908617 4.259054 -3.863653
v -1.463897 4.111178 -3.695684
v -1.911686 3.971009 -3.464113
v -2.326977 3.840822 -3.173741
v -2.702134 3.723004 -2.828567
v -3.031434 3.619359 -2.435389
v -3.308389 3.531924 -2.000208
v -3.529185 3.461907 -1.531024
v -3.689245 3.410755 -1.035436
v -3.786284 3.379203 -0.5222437
v -3.818779 3.367747 -0.0002473155
v -3.785592 3.376765 0.5217533
v -3.687873 3.405921 1.034958
v -3.527155 3.454758 1.530567
v -3.305737 3.522583 1.99978
v -3.028205 3.607986 2.434997
v -2.698384 3.709795 2.828217
v -2.322769 3.826 3.17344
v -1.907093 3.954832 3.463867
v -1.458997 4.093919 3.695495
v -0.9857386 4.241011 3.863525
v -0.4957215 4.393494 3.965557
v 0.002651997 4.548754 3.999989
v 0.5009799 4.704174 3.965621
v 0.9908617 4.857134 3.863653
v 1.463897 5.00501 3.695684
v 1.911686 5.145179 3.464114
v 2.326977 5.275366 3.173742
v 2.702134 5.393184 2.828567
v 3.031434 5.496829 2.43539
v 3.308389 5.584264 2.000209
v 3.529185 5.654281 1.531025
v 3.689245 5.705432 1.035437
v 3.786284 5.736985 0.5222445
v -10.88479 32.35059 -10.01604
v -10.85665 32.19851 -10.24929
v -8.813601 32.83535 -10.24916
v -10.87764 32.51097 -9.786716
v -10.83523 32.67691 -9.565257
v -10.75803 32.84556 -9.355592
v -10.64782 33.01402 -9.161118
v -10.50593 33.17941 -8.985409
v -10.33533 33.33896 -8.831146
v -10.13848 33.48981 -8.701369
v -9.919114 33.62956 -8.597865
v -9.680694 33.75565 -8.522779
v -9.427503 33.866 -8.477185
v -9.163898 33.95877 -8.461797
v -8.894267 34.03221 -8.47715
v -8.623212 34.08527 -8.522711
v -8.355366 34.11699 -8.597764
v -8.095434 34.12665 -8.701237
v -7.847719 34.11437 -8.830985
v -7.616657 34.08002 -8.985221
v -7.405908 34.02455 -9.160907
v -7.219471 33.94855 -9.355362
v -7.060089 33.85365 -9.565012
v -6.930879 33.74121 -9.786461
v -6.833838 33.61331 -10.01578
v -6.770555 33.47218 -10.24903
v -6.742412 33.3201 -10.48228
v -6.749566 33.15973 -10.7116
v -6.791972 32.99379 -10.93306
v -6.869175 32.82514 -11.14272
v -6.979388 32.65668 -11.3372
v -7.121269 32.49128 -11.51291
v -7.29187 32.33173 -11.66717
v -7.488722 32.18089 -11.79695
v -7.708089 32.04114 -11.90045
v -7.94651 31.91505 -11.97554
v -8.199701 31.8047 -12.02113
v -8.463305 31.71193 -12.03652
v -8.732937 31.63848 -12.02116
v -9.003992 31.58542 -11.9756
v -9.271837 31.5537 -11.90055
v -9.531769 31.54405 -11.79708
v -9.779485 31.55632 -11.66733
v -10.01055 31.59067 -11.51309
v -10.2213 31.64614 -11.33741
v -10.40773 31.72214 -11.14295
v -10.56711 31.81704 -10.9333
v -10.69632 31.92949 -10.71185
v -10.79337 32.05738 -10.48254
v -6.908486 19.59228 -1.21744
v -6.880342 19.4402 -1.450691
v -10.85665 32.19851 -10.24929
v -10.88479 32.35059 -10.01604
v -6.901331 19.75266 -0.9881179
v -10.87764 32.51097 -9.786716
v -6.858925 19.9186 -0.7666581
v -10.83523 32.67691 -9.565257
v -6.781722 20.08725 -0.5569928
v -10.75803 32.84556 -9.355592
v -6.671508 20.25571 -0.3625182
v -10.64782 33.01402 -9.161118
v -6.529628 20.4211 -0.1868095
v -10.50593 33.17941 -8.985409
v -6.359027 20.58065 -0.03254737
v -10.33533 33.33896 -8.831146
v -6.162175 20.7315 0.0972295
v -10.13848 33.48981 -8.701369
v -5.942808 20.87125 0.2007337
v -9.919114 33.62956 -8.597865
v -5.704386 20.99733 0.2758195
v -9.680694 33.75565 -8.522779
v -5.451196 21.10769 0.3214141
v -9.427503 33.866 -8.477185
v -5.187591 21.20045 0.3368025
v -9.163898 33.95877 -8.461797
v -4.917961 21.2739 0.3214486
v -8.894267 34.03221 -8.47715
v -4.646905 21.32696 0.2758881
v -8.623212 34.08527 -8.522711
v -4.379059 21.35868 0.2008351
v -8.355366 34.11699 -8.597764
v -4.119128 21.36833 0.09736203
v -8.095434 34.12665 -8.701237
v -3.871413 21.35606 -0.03238601
v -7.847719 34.11437 -8.830985
v -3.640351 21.32171 -0.1866221
v -7.616657 34.08002 -8.985221
v -3.429601 21.26624 -0.3623078
v -7.405908 34.02455 -9.160907
v -3.243165 21.19024 -0.5567633
v -7.219471 33.94855 -9.355362
v -3.083783 21.09534 -0.7664132
v -7.060089 33.85365 -9.565012
v -2.954573 20.9829 -0.9878619
v -6.930879 33.74121 -9.786461
v -2.857532 20.855 -1.217177
v -6.833838 33.61331 -10.01578
v -2.794249 20.71387 -1.450426
v -6.770555 33.47218 -10.24903
v -2.766105 20.56179 -1.683677
v -6.742412 33.3201 -10.48228
v -2.773259 20.40141 -1.912999
v -6.749566 33.15973 -10.7116
v -2.815666 20.23548 -2.134459
v -6.791972 32.99379 -10.93306
v -2.892869 20.06682 -2.344124
v -6.869175 32.82514 -11.14272
v -3.003082 19.89836 -2.538599
v -6.979388 32.65668 -11.3372
v -3.144963 19.73297 -2.714308
v -7.121269 32.49128 -11.51291
v -3.315564 19.57342 -2.86857
v -7.29187 32.33173 -11.66717
v -3.512416 19.42257 -2.998347
v -7.488722 32.18089 -11.79695
v -3.731783 19.28283 -3.101851
v -7.708089 32.04114 -11.90045
v -3.970204 19.15674 -3.176936
v -7.94651 31.91505 -11.97554
v -4.223394 19.04638 -3.222531
v -8.199701 31.8047 -12.02113
v -4.487 18.95362 -3.23792
v -8.463305 31.71193 -12.03652
v -4.75663 18.88017 -3.222566
v -8.732937 31.63848 -12.02116
v -5.027686 18.82711 -3.177005
v -9.003992 31.58542 -11.9756
v -5.295531 18.79539 -3.101952
v -9.271837 31.5537 -11.90055
v -5.555463 18.78574 -2.998479
v -9.531769 31.54405 -11.79708
v -5.803178 18.79801 -2.868731
v -9.779485 31.55632 -11.66733
v -6.03424 18.83236 -2.714495
v -10.01055 31.59067 -11.51309
v -6.244989 18.88783 -2.538809
v -10.2213 31.64614 -11.33741
v -6.431426 18.96383 -2.344354
v -10.40773 31.72214 -11.14295
v -6.590808 19.05873 -2.134704
v -10.56711 31.81704 -10.9333
v -6.720018 19.17118 -1.913255
v -10.69632 31.92949 -10.71185
v -6.817059 19.29907 -1.68394
v -10.79337 32.05738 -10.48254
v -12.2404 37.16666 -13.33073
v -12.2141 37.02452 -13.54873
v -10.72299 32.24017 -10.24928
v -10.7493 32.38232 -10.03128
v -12.23372 37.31655 -13.11641
v -10.74261 32.53221 -9.816958
v -12.19409 37.47164 -12.90943
v -10.70298 32.6873 -9.609982
v -12.12194 37.62926 -12.71348
v -10.63083 32.84492 -9.414028
v -12.01894 37.78672 -12.53172
v -10.52783 33.00237 -9.232271
v -11.88634 37.94129 -12.3675
v -10.39524 33.15695 -9.068053
v -11.7269 38.09041 -12.22333
v -10.2358 33.30607 -8.923879
v -11.54293 38.2314 -12.10204
v -10.05182 33.44705 -8.802588
v -11.33792 38.36201 -12.0053
v -9.846809 33.57766 -8.705854
v -11.1151 38.47985 -11.93513
v -9.623987 33.6955 -8.635679
v -10.87847 38.58298 -11.89252
v -9.387361 33.79864 -8.593066
v -10.63211 38.66968 -11.87813
v -9.141001 33.88534 -8.578684
v -10.38012 38.73832 -11.89248
v -8.88901 33.95398 -8.593034
v -10.12679 38.78791 -11.93506
v -8.635687 34.00356 -8.635615
v -9.876471 38.81755 -12.00521
v -8.385363 34.03321 -8.705759
v -9.633542 38.82657 -12.10192
v -8.142434 34.04222 -8.802465
v -9.402031 38.81509 -12.22318
v -7.910924 34.03075 -8.923728
v -9.186084 38.78299 -12.36733
v -7.694976 33.99864 -9.067878
v -8.98912 38.73114 -12.53152
v -7.498013 33.94679 -9.232075
v -8.814878 38.66011 -12.71326
v -7.32377 33.87576 -9.413814
v -8.66592 38.5714 -12.9092
v -7.174812 33.78706 -9.609754
v -8.54516 38.4663 -13.11617
v -7.054053 33.68196 -9.81672
v -8.454466 38.34677 -13.33049
v -6.963358 33.56243 -10.03104
v -8.39532 38.21487 -13.54848
v -6.904212 33.43052 -10.24903
v -8.369014 38.07272 -13.76648
v -6.877907 33.28838 -10.46703
v -8.375699 37.92283 -13.98081
v -6.884592 33.13849 -10.68136
v -8.415329 37.76774 -14.18778
v -6.924221 32.9834 -10.88833
v -8.487478 37.61012 -14.38374
v -6.99637 32.82577 -11.08429
v -8.590479 37.45267 -14.56549
v -7.099371 32.66832 -11.26604
v -8.723076 37.29809 -14.72971
v -7.231968 32.51375 -11.43026
v -8.882514 37.14897 -14.87389
v -7.391407 32.36463 -11.57444
v -9.066486 37.00799 -14.99518
v -7.575379 32.22364 -11.69573
v -9.271502 36.87738 -15.09191
v -7.780394 32.09303 -11.79246
v -9.494325 36.75954 -15.16209
v -8.003217 31.97519 -11.86264
v -9.73095 36.6564 -15.2047
v -8.239842 31.87206 -11.90525
v -9.97731 36.5697 -15.21908
v -8.486202 31.78536 -11.91963
v -10.2293 36.50106 -15.20473
v -8.738194 31.71672 -11.90528
v -10.48263 36.45148 -15.16215
v -8.991517 31.66713 -11.8627
v -10.73295 36.42183 -15.09201
v -9.24184 31.63749 -11.79256
v -10.97588 36.41282 -14.9953
v -9.484769 31.62847 -11.69585
v -11.20739 36.42429 -14.87404
v -9.71628 31.63994 -11.57459
v -11.42334 36.4564 -14.72989
v -9.932227 31.67205 -11.43044
v -11.6203 36.50825 -14.56569
v -10.12919 31.7239 -11.26624
v -11.79454 36.57927 -14.38395
v -10.30343 31.79493 -11.0845
v -11.9435 36.66798 -14.18801
v -10.45239 31.88364 -10.88856
v -12.06426 36.77308 -13.98104
v -10.57315 31.98873 -10.6816
v -12.15495 36.89261 -13.76673
v -10.66385 32.10827 -10.46728
v -12.26245 37.23747 -13.69266
v -12.29076 37.39814 -13.4709
v -12.2815 37.56867 -13.25036
v -12.194 37.47136 -12.90983
v -12.23338 37.7449 -13.03513
v -12.14605 37.92306 -12.82971
v -12.01885 37.78643 -12.53212
v -12.02047 38.09812 -12.63952
v -11.88625 37.94101 -12.3679
v -11.85927 38.26577 -12.46929
v -11.72682 38.09013 -12.22373
v -11.66671 38.42154 -12.32352
v -11.54284 38.23111 -12.10244
v -11.44776 38.56188 -12.20551
v -11.20891 38.68409 -12.1177
v -11.11501 38.47956 -11.93553
v -10.95572 38.7865 -12.06108
v -10.87838 38.5827 -11.89292
v -10.69407 38.86849 -12.03643
v -12.27753 37.45726 -13.83377
v -12.30354 37.63944 -13.61023
v -12.28663 37.8318 -13.38587
v -12.22419 38.0293 -13.16516
v -12.11557 38.22517 -12.95424
v -11.96257 38.41242 -12.75987
v -11.76959 38.58496 -12.58888
v -11.54346 38.73722 -12.4463
v -11.29251 38.86562 -12.33606
v -11.02545 38.96857 -12.26055
v -10.74949 39.04633 -12.22014
v -12.25892 37.67986 -13.97003
v -12.27698 37.88491 -13.7471
v -12.24601 38.09937 -13.52142
v -12.163 38.31489 -13.29843
v -12.02758 38.52293 -13.08561
v -11.8436 38.71426 -12.89132
v -11.61832 38.88132 -12.72324
v -11.36183 39.01885 -12.58772
v -11.08479 39.12471 -12.48814
v -10.79732 39.19983 -12.42657
v -12.20667 37.90139 -14.09904
v -12.2103 38.12938 -13.87883
v -12.15842 38.36279 -13.65403
v -12.04876 38.59092 -13.43134
v -11.88314 38.80286 -13.2196
v -11.66734 38.98757 -13.02856
v -11.41283 39.13815 -12.86667
v -11.13186 39.25089 -12.73999
v -10.83667 39.3261 -12.6523
v -12.12213 38.11812 -14.21869
v -12.10392 38.36612 -14.00224
v -12.02504 38.61302 -13.7799
v -11.8845 38.84562 -13.55924
v -11.68707 39.05093 -13.35075
v -11.44255 39.21877 -13.16479
v -11.16454 39.34302 -13.01024
v -10.86698 39.42339 -12.89324
v -12.00621 38.32625 -14.3268
v -11.96001 38.58928 -14.1143
v -11.84954 38.84174 -13.89454
v -11.67673 39.0689 -13.67707
v -11.44993 39.25731 -13.47254
v -11.18182 39.39854 -13.29254
v -10.88759 39.48955 -13.14552
v -11.86141 38.52239 -14.4217
v -11.78236 38.79295 -14.21205
v -11.63828 39.04172 -13.99463
v -11.43483 39.25328 -13.77979
v -11.18326 39.41597 -13.57939
v -10.8983 39.52396 -13.40464
v -11.68976 38.70293 -14.50154
v -11.57561 38.97246 -14.29323
v -11.39911 39.20798 -14.07693
v -11.16904 39.39527 -13.86388
v -10.89876 39.52551 -13.66624
v -11.49457 38.86508 -14.56521
v -11.34597 39.12425 -14.35584
v -11.14047 39.33796 -14.13883
v -10.88914 39.49469 -13.92587
v -11.27887 39.00581 -14.61138
v -11.09889 39.24627 -14.39896
v -10.86945 39.43157 -14.17903
v -11.04657 39.12283 -14.63941
v -10.84012 39.33753 -14.4214
v -10.80167 39.21422 -14.64886
v -10.38003 38.73804 -11.89288
v -10.43217 38.94969 -12.06105
v -10.12671 38.78762 -11.93547
v -10.16562 39.00929 -12.11763
v -9.899629 39.04445 -12.20541
v -9.633453 38.82629 -12.10232
v -9.639702 39.05338 -12.32339
v -9.401943 38.81481 -12.22358
v -9.392719 39.03461 -12.46912
v -9.185995 38.7827 -12.36773
v -9.16479 38.98827 -12.63933
v -8.989031 38.73085 -12.53193
v -8.961955 38.91557 -12.8295
v -8.78884 38.81859 -13.0349
v -8.665831 38.57112 -12.9096
v -8.649081 38.70093 -13.25013
v -8.54454 38.56588 -13.47065
v -8.476516 38.41758 -13.69242
v -10.47822 39.13915 -12.26052
v -10.19996 39.20618 -12.33599
v -9.920479 39.24311 -12.44619
v -9.647873 39.24632 -12.58875
v -9.391006 39.214 -12.7597
v -9.158689 39.14685 -12.95405
v -8.957989 39.04741 -13.16495
v -8.794357 38.92037 -13.38564
v -8.671118 38.7717 -13.60999
v -8.588976 38.60702 -13.83353
v -10.51808 39.30136 -12.4881
v -10.22995 39.37167 -12.58765
v -9.940727 39.40424 -12.72313
v -9.660402 39.39478 -12.89117
v -9.400264 39.34188 -13.08543
v -9.170602 39.24765 -13.29824
v -8.979805 39.11747 -13.52121
v -8.832438 38.95861 -13.74688
v -8.730755 38.77962 -13.96981
v -10.55102 39.43194 -12.73995
v -10.25574 39.49883 -12.8666
v -9.960726 39.51954 -13.02845
v -9.678173 39.49017 -13.21946
v -9.421436 39.40988 -13.43117
v -9.201541 39.28447 -13.65384
v -9.026201 39.12189 -13.87863
v -8.899611 38.93223 -14.09883
v -10.57645 39.52634 -13.0102
v -10.27706 39.58206 -13.16471
v -9.980455 39.5829 -13.35064
v -9.701304 39.52614 -13.5591
v -9.45347 39.4146 -13.77974
v -9.24824 39.25627 -14.00206
v -9.092313 39.06254 -14.2185
v -10.59373 39.58185 -13.2925
v -10.29284 39.61798 -13.47247
v -9.999137 39.59182 -13.67696
v -9.727828 39.50309 -13.8944
v -9.493456 39.35813 -14.11414
v -9.305952 39.16795 -14.32662
v -10.60242 39.59702 -13.57936
v -10.30295 39.6061 -13.77972
v -10.01529 39.54762 -13.99453
v -9.75535 39.42478 -14.21192
v -9.536539 39.24707 -14.42155
v -10.60233 39.57192 -13.86384
v -10.30656 39.54855 -14.07686
v -10.02748 39.45503 -14.29312
v -9.780367 39.2981 -14.50142
v -10.59324 39.50854 -14.13879
v -10.30268 39.44946 -14.35577
v -10.03312 39.32063 -14.56511
v -10.57533 39.40947 -14.39892
v -10.29057 39.31387 -14.61132
v -10.54822 39.27818 -14.63938
v -8.368926 38.07244 -13.76688
v -8.454768 38.27797 -13.9287
v -8.375609 37.92255 -13.98121
v -8.470189 38.12721 -14.16287
v -8.523385 37.96725 -14.38932
v -8.48739 37.60983 -14.38414
v -8.614388 37.8009 -14.60288
v -8.741856 37.63189 -14.79725
v -8.722987 37.29781 -14.73011
v -8.903061 37.46424 -14.96749
v -9.093731 37.30241 -15.10907
v -9.309002 37.15027 -15.21894
v -9.271413 36.87709 -15.09231
v -9.542779 37.01179 -15.29554
v -9.789809 36.88961 -15.33852
v -10.0449 36.78657 -15.34865
v -9.977221 36.56942 -15.21948
v -8.577286 38.47078 -14.08875
v -8.607019 38.31956 -14.34148
v -8.679699 38.15491 -14.58485
v -8.794882 37.9801 -14.81028
v -8.950066 37.79987 -15.0095
v -9.140862 37.6203 -15.17564
v -9.36043 37.447 -15.30371
v -9.601142 37.28574 -15.39129
v -9.855375 37.14165 -15.43842
v -10.11702 37.01796 -15.44716
v -8.735267 38.64697 -14.24267
v -8.785723 38.49504 -14.51147
v -8.882949 38.32513 -14.76591
v -9.025915 38.14133 -14.99546
v -9.209901 37.94999 -15.18975
v -9.427628 37.75869 -15.3411
v -9.669897 37.57555 -15.44516
v -9.927455 37.40718 -15.50164
v -10.19236 37.25965 -15.51327
v -8.926606 38.80249 -14.38678
v -9.003137 38.64818 -14.66614
v -9.128806 38.4714 -14.92424
v -9.300093 38.27764 -15.14852
v -9.510223 38.07475 -15.32702
v -9.748729 37.87281 -15.4535
v -10.00505 37.68098 -15.52563
v -10.26962 37.50752 -15.54556
v -9.147401 38.93287 -14.51656
v -9.253626 38.77369 -14.79939
v -9.408675 38.58766 -15.05217
v -9.606107 38.38234 -15.26066
v -9.836115 38.16793 -15.41451
v -10.08679 37.95597 -15.50856
v -10.34746 37.75727 -15.54395
v -9.392616 39.03473 -14.62865
v -9.529424 38.8668 -14.90671
v -9.711484 38.6693 -15.14463
v -9.929035 38.45123 -15.3287
v -10.1708 38.22548 -15.45042
v -10.42458 38.00465 -15.5079
v -9.655756 39.10538 -14.72008
v -9.821212 38.92518 -14.98479
v -10.02466 38.71362 -15.19962
v -10.25486 38.48235 -15.35273
v -10.49965 38.24549 -15.43861
v -9.930304 39.14339 -14.78892
v -10.11922 38.94774 -15.03271
v -10.33687 38.72058 -15.21826
v -10.57136 38.47552 -15.33672
v -10.20885 39.14853 -14.83453
v -10.41435 38.93482 -15.05154
v -10.63854 38.69102 -15.20445
v -10.48556 39.12156 -14.85697
v -10.69999 38.8881 -15.04367
v -10.75467 39.06348 -14.8574
v -10.31336 36.72642 -15.33855
v -10.58607 36.68659 -15.29561
v -10.73286 36.42155 -15.09241
v -10.85713 36.6677 -15.21904
v -11.12074 36.67058 -15.1092
v -11.36961 36.6954 -14.96764
v -11.42325 36.45611 -14.73029
v -11.59754 36.74174 -14.79744
v -11.79849 36.80838 -14.60309
v -11.79445 36.57899 -14.38435
v -11.96792 36.89356 -14.38955
v -12.10261 36.99495 -14.16311
v -12.06417 36.77279 -13.98145
v -12.20099 37.11024 -13.92894
v -12.15486 36.89233 -13.76713
v -10.40261 36.97107 -15.43846
v -10.69369 36.94519 -15.39136
v -10.98341 36.9411 -15.30381
v -11.26258 36.95895 -15.17578
v -11.52163 36.99829 -15.00966
v -11.75176 37.05842 -14.81047
v -11.9459 37.13681 -14.58506
v -12.09929 37.23099 -14.34171
v -12.20971 37.33852 -14.08898
v -10.49416 37.23053 -15.50167
v -10.80178 37.22274 -15.44524
v -11.10522 37.23577 -15.34121
v -11.3931 37.26947 -15.18989
v -11.65324 37.32237 -14.99563
v -11.87534 37.39237 -14.76611
v -12.05192 37.47693 -14.51168
v -12.17981 37.57328 -14.2429
v -10.58589 37.49992 -15.52567
v -10.90582 37.51214 -15.45357
v -11.21684 37.54278 -15.32713
v -11.50506 37.59033 -15.14866
v -11.75613 37.65244 -14.92441
v -11.96002 37.72649 -14.66633
v -12.1107 37.80997 -14.38699
v -10.67488 37.77266 -15.5086
v -11.00161 37.80464 -15.41458
v -11.31272 37.85037 -15.26077
v -11.59187 37.90714 -15.05231
v -11.82519 37.97211 -14.79956
v -12.00308 38.04272 -14.51675
v -10.75889 38.04216 -15.45045
v -11.08613 38.09056 -15.32877
v -11.38907 38.14638 -15.14474
v -11.65114 38.20544 -14.90684
v -11.85917 38.26588 -14.62881
v -10.83569 38.3013 -15.35277
v -11.15654 38.36079 -15.1997
v -11.44419 38.41928 -14.98489
v -11.68276 38.47354 -14.72021
v -10.90358 38.54394 -15.2183
v -11.21178 38.60718 -15.03278
v -11.47844 38.66083 -14.78902
v -10.96158 38.76424 -15.05158
v -11.25214 38.82333 -14.8346
v -11.00911 38.95837 -14.857
v -18.2886 32.61721 7.786586
v -18.4264 32.41247 7.918583
v -19.44915 32.09838 6.065222
v -18.17056 32.81314 7.625224
v -18.07433 32.99689 7.437193
v -18.00179 33.16516 7.225565
v -17.95382 33.31531 6.994251
v -17.93166 33.44445 6.746884
v -17.93526 33.55076 6.487949
v -17.96498 33.63198 6.221738
v -18.01991 33.68718 5.952847
v -18.09945 33.71502 5.685863
v -18.20202 33.71526 5.425398
v -18.32583 33.68794 5.175887
v -18.46896 33.63329 4.941671
v -18.62882 33.55245 4.726563
v -18.80272 33.44677 4.534284
v -18.98773 33.31789 4.368377
v -19.18056 33.16832 4.231297
v -19.37804 33.00027 4.125862
v -19.57673 32.81691 4.053339
v -19.77319 32.62116 4.015544
v -19.96417 32.41652 4.012554
v -20.14631 32.20638 4.044901
v -20.31651 31.99443 4.111742
v -20.4719 31.78429 4.211861
v -20.6097 31.57956 4.343859
v -20.72774 31.38363 4.505221
v -20.82396 31.19987 4.693251
v -20.89651 31.0316 4.90488
v -20.94447 30.88146 5.136193
v -20.96663 30.75231 5.38356
v -20.96304 30.64601 5.642495
v -20.93331 30.56478 5.908707
v -20.87839 30.50958 6.177598
v -20.79885 30.48174 6.444582
v -20.69627 30.4815 6.705046
v -20.57246 30.50882 6.954558
v -20.42933 30.56348 7.188774
v -20.26947 30.64431 7.403882
v -20.09557 30.74999 7.596161
v -19.91056 30.87887 7.762068
v -19.71773 31.02844 7.899148
v -19.52025 31.1965 8.004583
v -19.32157 31.37986 8.077106
v -19.1251 31.5756 8.114902
v -18.93412 31.78024 8.117891
v -18.75198 31.99038 8.085544
v -18.58178 32.20234 8.018703
v -4.906834 20.20613 2.505317
v -5.044631 20.00139 2.637314
v -18.4264 32.41247 7.918583
v -18.2886 32.61721 7.786586
v -4.788792 20.40206 2.343955
v -18.17056 32.81314 7.625224
v -4.692569 20.58581 2.155925
v -18.07433 32.99689 7.437193
v -4.62002 20.75408 1.944296
v -18.00179 33.16516 7.225565
v -4.572056 20.90422 1.712982
v -17.95382 33.31531 6.994251
v -4.549899 21.03337 1.465615
v -17.93166 33.44445 6.746884
v -4.553493 21.13968 1.20668
v -17.93526 33.55076 6.487949
v -4.583216 21.22091 0.9404691
v -17.96498 33.63198 6.221738
v -4.638144 21.2761 0.6715773
v -18.01991 33.68718 5.952847
v -4.717684 21.30394 0.4045934
v -18.09945 33.71502 5.685863
v -4.820259 21.30418 0.1441293
v -18.20202 33.71526 5.425398
v -4.944067 21.27686 -0.1053826
v -18.32583 33.68794 5.175887
v -5.087197 21.2222 -0.3395979
v -18.46896 33.63329 4.941671
v -5.247061 21.14137 -0.5547058
v -18.62882 33.55245 4.726563
v -5.420958 21.03569 -0.7469856
v -18.80272 33.44677 4.534284
v -5.605968 20.90681 -0.912892
v -18.98773 33.31789 4.368377
v -5.798796 20.75724 -1.049971
v -19.18056 33.16832 4.231297
v -5.996274 20.58919 -1.155407
v -19.37804 33.00027 4.125862
v -6.19496 20.40583 -1.227931
v -19.57673 32.81691 4.053339
v -6.391428 20.21008 -1.265725
v -19.77319 32.62116 4.015544
v -6.58241 20.00544 -1.268715
v -19.96417 32.41652 4.012554
v -6.764545 19.7953 -1.236368
v -20.14631 32.20638 4.044901
v -6.934746 19.58335 -1.169527
v -20.31651 31.99443 4.111742
v -7.090135 19.37321 -1.069408
v -20.4719 31.78429 4.211861
v -7.227932 19.16847 -0.9374108
v -20.6097 31.57956 4.343859
v -7.345973 18.97254 -0.7760478
v -20.72774 31.38363 4.505221
v -7.442196 18.78879 -0.588018
v -20.82396 31.19987 4.693251
v -7.514744 18.62052 -0.3763899
v -20.89651 31.0316 4.90488
v -7.562709 18.47038 -0.1450753
v -20.94447 30.88146 5.136193
v -7.584867 18.34123 0.1022911
v -20.96663 30.75231 5.38356
v -7.581272 18.23493 0.3612261
v -20.96304 30.64601 5.642495
v -7.551549 18.1537 0.6274374
v -20.93331 30.56478 5.908707
v -7.49662 18.0985 0.8963292
v -20.87839 30.50958 6.177598
v -7.417081 18.07066 1.163313
v -20.79885 30.48174 6.444582
v -7.314507 18.07042 1.423777
v -20.69627 30.4815 6.705046
v -7.190697 18.09774 1.673289
v -20.57246 30.50882 6.954558
v -7.047568 18.1524 1.907504
v -20.42933 30.56348 7.188774
v -6.887703 18.23323 2.122612
v -20.26947 30.64431 7.403882
v -6.713807 18.33891 2.314892
v -20.09557 30.74999 7.596161
v -6.528797 18.46779 2.480798
v -19.91056 30.87887 7.762068
v -6.335969 18.61736 2.617878
v -19.71773 31.02844 7.899148
v -6.138491 18.78542 2.723314
v -19.52025 31.1965 8.004583
v -5.939806 18.96877 2.795837
v -19.32157 31.37986 8.077106
v -5.743337 19.16452 2.833632
v -19.1251 31.5756 8.114902
v -5.552354 19.36916 2.836622
v -18.93412 31.78024 8.117891
v -5.37022 19.5793 2.804275
v -18.75198 31.99038 8.085544
v -5.200019 19.79125 2.737433
v -18.58178 32.20234 8.018703
v -22.59031 36.50257 9.34178
v -22.71909 36.31122 9.465138
v -18.4933 32.39192 7.797379
v -18.36452 32.58327 7.674021
v -22.47999 36.68569 9.190975
v -18.25421 32.7664 7.523216
v -22.39006 36.85743 9.015247
v -18.16428 32.93814 7.347489
v -22.32227 37.01471 8.817464
v -18.09648 33.09541 7.149706
v -22.27744 37.15503 8.601283
v -18.05166 33.23573 6.933524
v -22.25673 37.27573 8.370098
v -18.03095 33.35644 6.702339
v -22.2601 37.37509 8.128099
v -18.03431 33.4558 6.460341
v -22.28787 37.45101 7.879302
v -18.06209 33.53172 6.211543
v -22.33921 37.50259 7.627997
v -18.11343 33.5833 5.960238
v -22.41355 37.52862 7.378475
v -18.18777 33.60933 5.710717
v -22.50941 37.52884 7.135046
v -18.28363 33.60955 5.467287
v -22.62512 37.50331 6.901852
v -18.39934 33.58402 5.234093
v -22.75889 37.45223 6.682953
v -18.5331 33.53293 5.015194
v -22.90829 37.37668 6.481911
v -18.68251 33.45739 4.814152
v -23.07081 37.27792 6.302204
v -18.84503 33.35862 4.634446
v -23.24372 37.15747 6.147144
v -19.01793 33.23817 4.479386
v -23.42393 37.01767 6.019025
v -19.19815 33.09838 4.351267
v -23.60849 36.86061 5.920481
v -19.3827 32.94131 4.252722
v -23.79417 36.68924 5.852696
v -19.56839 32.76994 4.184937
v -23.97779 36.50629 5.817369
v -19.752 32.58699 4.14961
v -24.15627 36.31503 5.814568
v -19.93049 32.39573 4.146809
v -24.32649 36.11863 5.844794
v -20.10071 32.19933 4.177036
v -24.48555 35.92053 5.907258
v -20.25977 32.00124 4.2395
v -24.63077 35.72413 6.000824
v -20.40499 31.80484 4.333066
v -24.75955 35.53278 6.124183
v -20.53377 31.61349 4.456424
v -24.86987 35.34966 6.274987
v -20.64409 31.43037 4.607228
v -24.95979 35.17792 6.450714
v -20.73401 31.25863 4.782956
v -25.0276 35.02065 6.648498
v -20.80181 31.10136 4.980739
v -25.07242 34.88033 6.864679
v -20.84664 30.96103 5.19692
v -25.09313 34.75962 7.095864
v -20.86734 30.84032 5.428105
v -25.08976 34.66026 7.337862
v -20.86398 30.74097 5.670104
v -25.06199 34.58434 7.586661
v -20.8362 30.66505 5.918902
v -25.01065 34.53276 7.837965
v -20.78486 30.61346 6.170206
v -24.93631 34.50673 8.087487
v -20.71053 30.58744 6.419728
v -24.84045 34.50651 8.330916
v -20.61466 30.58722 6.663157
v -24.72474 34.53204 8.56411
v -20.49895 30.61275 6.896352
v -24.59097 34.58313 8.78301
v -20.36519 30.66383 7.115251
v -24.44157 34.65867 8.984052
v -20.21578 30.73937 7.316293
v -24.27905 34.75743 9.163757
v -20.05326 30.83814 7.495999
v -24.10614 34.87788 9.318818
v -19.88036 30.95859 7.651059
v -23.92593 35.01768 9.446937
v -19.70015 31.09839 7.779178
v -23.74137 35.17475 9.545481
v -19.51559 31.25545 7.877722
v -23.55569 35.34612 9.613266
v -19.3299 31.42682 7.945508
v -23.37207 35.52907 9.648593
v -19.14629 31.60977 7.980835
v -23.19359 35.72033 9.651395
v -18.9678 31.80103 7.983635
v -23.02337 35.91673 9.621168
v -18.79759 31.99743 7.953409
v -22.86431 36.11482 9.558703
v -18.63853 32.19553 7.890945
v -22.72034 36.31156 9.465341
v -22.59157 36.50291 9.341981
v -22.91239 36.47952 9.522986
v -22.7877 36.68878 9.394693
v -22.48125 36.68603 9.191176
v -22.68204 36.89032 9.233404
v -22.39132 36.85777 9.01545
v -22.59747 37.07895 9.041142
v -22.32352 37.01504 8.817666
v -22.53622 37.25006 8.820842
v -22.2787 37.15536 8.601484
v -22.50027 37.39829 8.577271
v -22.25799 37.27607 8.370299
v -22.49069 37.51976 8.316072
v -22.26135 37.37543 8.128302
v -22.50775 37.61126 8.044167
v -22.28913 37.45135 7.879503
v -22.5508 37.67094 7.768214
v -22.34047 37.50293 7.628199
v -22.61833 37.69856 7.495496
v -22.41481 37.52896 7.378677
v -22.7084 37.69478 7.231535
v -22.51067 37.52918 7.135248
v -22.81923 37.66137 6.981744
v -22.62638 37.50365 6.902053
v -23.11749 36.63966 9.550137
v -23.00139 36.86705 9.413578
v -22.90473 37.08528 9.238494
v -22.83001 37.28771 9.026232
v -22.77962 37.46658 8.78105
v -22.7555 37.61485 8.509591
v -22.75907 37.72729 8.220459
v -22.78958 37.80067 7.923249
v -22.84568 37.83439 7.627724
v -22.92548 37.83014 7.342699
v -23.02673 37.7911 7.074258
v -23.33217 36.7892 9.546261
v -23.22929 37.03289 9.397604
v -23.14616 37.26467 9.204602
v -23.08482 37.4746 8.969586
v -23.04791 37.65316 8.698175
v -23.03699 37.79181 8.400065
v -23.05247 37.88504 8.087048
v -23.09365 37.93093 7.771981
v -23.15848 37.93126 7.465912
v -23.24536 37.89058 7.17804
v -23.55275 36.92545 9.511174
v -23.46724 37.1822 9.346105
v -23.40063 37.42132 9.131411
v -23.35473 37.6308 8.871275
v -23.33147 37.79966 8.574405
v -23.33207 37.91822 8.253267
v -23.35634 37.98315 7.923334
v -23.40318 37.99485 7.598712
v -23.47137 37.95781 7.291368
v -23.7754 37.04628 9.4459
v -23.70958 37.31015 9.259543
v -23.6607 37.54887 9.020291
v -23.62971 37.7486 8.734475
v -23.61799 37.89738 8.414577
v -23.6261 37.9878 8.076488
v -23.65378 38.01802 7.737463
v -23.70085 37.99209 7.412188
v -23.99636 37.14937 9.351058
v -23.95052 37.41337 9.139682
v -23.91774 37.64284 8.87416
v -23.89891 37.82335 8.564597
v -23.894 37.94397 8.226674
v -23.90429 37.99976 7.8788
v -23.92992 37.9923 7.538558
v -24.21188 37.23326 9.228761
v -24.18367 37.48911 8.989696
v -24.1636 37.70052 8.698452
v -24.15151 37.85382 8.368814
v -24.14809 37.94056 8.018978
v -24.15468 37.95901 7.668231
v -24.41815 37.29617 9.080659
v -24.40349 37.53591 8.81347
v -24.39057 37.72179 8.499325
v -24.37934 37.84228 8.154705
v -24.37116 37.89222 7.799016
v -24.61183 37.33739 8.909663
v -24.60451 37.5538 8.616066
v -24.5923 37.70865 8.283095
v -24.57587 37.7936 7.928693
v -24.78942 37.35589 8.718396
v -24.78308 37.54357 8.402039
v -24.7651 37.6644 8.055017
v -24.94797 37.35154 8.510335
v -24.93571 37.50711 8.175826
v -25.08483 37.32447 8.289069
v -22.76015 37.45257 6.683154
v -22.9705 37.61429 6.756578
v -22.90955 37.37702 6.482112
v -23.14061 37.53817 6.549046
v -23.07207 37.27826 6.302406
v -23.3258 37.43293 6.363781
v -23.24498 37.15781 6.147346
v -23.52247 37.29964 6.205308
v -23.42519 37.01801 6.019228
v -23.72545 37.14057 6.078471
v -23.60975 36.86094 5.920683
v -23.92983 36.95927 5.986656
v -23.79543 36.68958 5.852898
v -24.13019 36.76055 5.932297
v -23.97904 36.50662 5.81757
v -24.32181 36.54939 5.916331
v -24.15753 36.31536 5.81477
v -24.50044 36.33189 5.938149
v -24.32775 36.11897 5.844996
v -24.66307 36.11285 5.996201
v -24.48681 35.92087 5.90746
v -24.80764 35.89749 6.088465
v -24.63203 35.72447 6.001026
v -23.19942 37.74601 6.846262
v -23.39262 37.66642 6.636584
v -23.60204 37.55116 6.450916
v -23.82121 37.4011 6.295686
v -24.04283 37.2195 6.176722
v -24.25984 37.012 6.098632
v -24.46507 36.78558 6.063204
v -24.65297 36.54839 6.070378
v -24.81979 36.30861 6.118323
v -24.96399 36.07259 6.203956
v -23.44217 37.84414 6.951808
v -23.66027 37.75692 6.745158
v -23.89227 37.62713 6.565175
v -24.12989 37.45617 6.419517
v -24.36315 37.24925 6.314728
v -24.58282 37.01456 6.25495
v -24.78123 36.76254 6.241574
v -24.95363 36.50334 6.272794
v -25.09838 36.24679 6.345581
v -23.69394 37.90556 7.071791
v -23.93558 37.80527 6.873646
v -24.1864 37.65585 6.705065
v -24.43528 37.46068 6.574111
v -24.66997 37.22689 6.487827
v -24.88084 36.96674 6.448992
v -25.0612 36.69269 6.45756
v -25.20827 36.41703 6.511078
v -23.94818 37.92761 7.203959
v -24.20955 37.80862 7.01918
v -24.47232 37.63501 6.866375
v -24.72263 37.41297 6.753927
v -24.94803 37.15353 6.687421
v -25.13914 36.87113 6.668929
v -25.29213 36.58049 6.697313
v -24.1987 37.90935 7.345296
v -24.47324 37.76608 7.176987
v -24.73872 37.56544 7.042723
v -24.97987 37.31666 6.949387
v -25.18528 37.03417 6.902081
v -25.34811 36.73425 6.901442
v -24.43885 37.85126 7.492056
v -24.71814 37.67981 7.341991
v -24.97606 37.45101 7.226119
v -25.19839 37.17749 7.150837
v -25.37572 36.87585 7.119686
v -24.66303 37.75515 7.6406
v -24.9375 37.55383 7.508184
v -25.17849 37.2979 7.409036
v -25.37399 37.00263 7.348502
v -24.86625 37.62452 7.786659
v -25.12678 37.39341 7.669616
v -25.34343 37.11271 7.58387
v -25.04518 37.46308 7.927081
v -25.28416 37.20395 7.821831
v -25.19745 37.27493 8.058242
v -24.76081 35.53312 6.124384
v -24.95092 35.70549 6.224097
v -24.87113 35.35 6.275189
v -25.07405 35.52013 6.392278
v -24.96105 35.17826 6.450916
v -25.17299 35.34484 6.59021
v -25.02885 35.02099 6.648699
v -25.24466 35.1834 6.814624
v -25.07368 34.88066 6.864881
v -25.28597 35.04012 7.060309
v -25.09438 34.75996 7.096066
v -25.29554 34.91865 7.321507
v -25.09102 34.6606 7.338064
v -25.27313 34.82219 7.5913
v -25.06324 34.58468 7.586862
v -25.21966 34.75285 7.863139
v -25.01191 34.5331 7.838167
v -25.13776 34.71189 8.130186
v -24.93757 34.50707 8.087688
v -25.03022 34.69947 8.387254
v -24.84171 34.50685 8.331119
v -24.90079 34.71565 8.629707
v -24.726 34.53238 8.564312
v -25.12066 35.88283 6.356524
v -25.25367 35.69831 6.54595
v -25.35741 35.52279 6.769664
v -25.42639 35.36116 7.022182
v -25.45671 35.21865 7.296087
v -25.44694 35.10045 7.582774
v -25.39784 35.00983 7.872646
v -25.31271 34.94919 8.15672
v -25.19658 34.91973 8.427403
v -25.05475 34.92115 8.679834
v -25.26521 36.06241 6.519474
v -25.40355 35.88185 6.734267
v -25.50518 35.70928 6.98518
v -25.5635 35.55057 7.265041
v -25.57443 35.41193 7.563151
v -25.53753 35.29884 7.86772
v -25.45607 35.21559 8.166888
v -25.33602 35.16405 8.451165
v -25.18519 35.14542 8.7138
v -25.38055 36.24076 6.71039
v -25.51703 36.06644 6.952656
v -25.60828 35.89902 7.23069
v -25.6476 35.74506 7.533898
v -25.63094 35.61161 7.848699
v -25.56131 35.50461 8.160733
v -25.4446 35.42811 8.457782
v -25.28964 35.38468 8.730884
v -25.46248 36.41356 6.924917
v -25.58883 36.24669 7.194743
v -25.66094 36.08511 7.49679
v -25.67267 35.93633 7.816688
v -25.62343 35.80777 8.138545
v -25.51827 35.70569 8.446996
v -25.36668 35.63468 8.731025
v -25.50862 36.57659 7.158068
v -25.61605 36.41636 7.453052
v -25.66108 36.26016 7.772954
v -25.63979 36.11524 8.100537
v -25.55484 35.9902 8.418949
v -25.41455 35.89132 8.713942
v -25.51775 36.72556 7.403666
v -25.59839 36.57033 7.718812
v -25.61048 36.41703 8.048451
v -25.55333 36.27411 8.374383
v -25.43292 36.1501 8.680215
v -25.49007 36.85697 7.655715
v -25.5382 36.70374 7.983757
v -25.51422 36.5506 8.314481
v -25.42097 36.40659 8.630145
v -25.42766 36.96763 7.907817
v -25.43986 36.81277 8.240788
v -25.37939 36.65649 8.564839
v -25.33303 37.05572 8.154977
v -25.30848 36.89544 8.485209
v -25.20971 37.11936 8.392751
v -24.59223 34.58346 8.783212
v -24.76813 34.77996 8.862211
v -24.44283 34.65901 8.984253
v -24.61549 34.87229 9.076637
v -24.2803 34.75777 9.16396
v -24.44466 34.99085 9.267571
v -24.1074 34.87822 9.319019
v -24.25841 35.13382 9.430158
v -23.92719 35.01802 9.447138
v -24.06079 35.29785 9.559109
v -23.74263 35.17509 9.545683
v -23.85641 35.47915 9.650923
v -23.55695 35.34645 9.613468
v -23.6507 35.6729 9.703169
v -23.37333 35.52941 9.648795
v -23.44865 35.87439 9.715021
v -23.19485 35.72066 9.651595
v -23.25566 36.07857 9.687533
v -23.02463 35.91706 9.621369
v -23.07556 36.28141 9.622588
v -22.86557 36.11516 9.558906
v -24.92263 35.00386 8.92384
v -24.76578 35.11716 9.14786
v -24.58537 35.25934 9.344978
v -24.3848 35.42663 9.507546
v -24.16938 35.61399 9.628957
v -23.94617 35.81574 9.704601
v -23.72234 36.02492 9.732691
v -23.50543 36.2352 9.714066
v -23.30227 36.44127 9.651779
v -25.05233 35.25117 8.96527
v -24.88945 35.3896 9.19371
v -24.69773 35.55675 9.389593
v -24.48152 35.74757 9.543699
v -24.24826 35.95449 9.648489
v -24.00718 36.16932 9.699818
v -23.76849 36.38398 9.697295
v -23.54087 36.59196 9.644284
v -25.15384 35.51741 8.984703
v -24.98207 35.6825 9.210421
v -24.77661 35.87398 9.396901
v -24.54379 36.08405 9.534192
v -24.29305 36.30294 9.614139
v -24.03681 36.52102 9.635075
v -23.78659 36.73027 9.598935
v -25.22387 35.7961 8.9805
v -25.03998 35.98694 9.195854
v -24.81834 36.1987 9.36489
v -24.56803 36.42074 9.477339
v -24.3015 36.64204 9.527612
v -24.03292 36.85257 9.515531
v -25.26044 36.08062 8.952453
v -25.06055 36.29313 9.150224
v -24.82127 36.51807 9.294827
v -24.55392 36.74255 9.377824
v -24.27386 36.95579 9.395669
v -25.26256 36.36341 8.901305
v -25.04385 36.59104 9.075274
v -24.78592 36.81984 9.191146
v -24.50302 37.03719 9.242524
v -25.23052 36.63772 8.828584
v -24.99127 36.87171 8.974896
v -24.71507 37.09497 9.060148
v -25.16592 36.8969 8.737225
v -24.90538 37.12802 8.854268
v -25.07094 37.13621 8.629933
v 1.858227 41.96154 5.086317
v 2.105484 41.87691 5.186463
v 1.085189 41.55417 7.039691
v 1.597747 42.03925 5.019448
v 1.328472 42.10868 4.987072
v 1.055037 42.16856 4.990032
v 0.7821355 42.218 5.027796
v 0.5144464 42.25598 5.100289
v 0.2564418 42.28206 5.205695
v 0.01276088 42.29557 5.342747
v -0.2127295 42.29649 5.508627
v -0.4158976 42.28463 5.700881
v -0.5934028 42.26031 5.915967
v -0.7422657 42.22395 6.150164
v -0.859699 42.17607 6.399661
v -0.9440022 42.11758 6.660113
v -0.9936634 42.04946 6.927088
v -1.007535 41.97282 7.195975
v -0.9858696 41.88908 7.462186
v -0.9284546 41.79956 7.721124
v -0.8368682 41.70586 7.968499
v -0.7121134 41.60956 8.199824
v -0.5568287 41.51231 8.411467
v -0.3732582 41.41577 8.599515
v -0.1648139 41.32161 8.760899
v 0.064895 41.23142 8.89292
v 0.3121521 41.14679 8.993065
v 0.5726316 41.06909 9.059935
v 0.8419068 40.99966 9.092311
v 1.115342 40.93978 9.089351
v 1.388243 40.89034 9.051586
v 1.655933 40.85236 8.979094
v 1.913937 40.82628 8.873687
v 2.157618 40.81277 8.736635
v 2.383108 40.81184 8.570756
v 2.586277 40.8237 8.378501
v 2.763782 40.84803 8.163414
v 2.912645 40.88439 7.929218
v 3.030078 40.93227 7.679722
v 3.114381 40.99076 7.41927
v 3.164042 41.05888 7.152295
v 3.177913 41.13551 6.883408
v 3.156249 41.21925 6.617197
v 3.098834 41.30878 6.358258
v 3.007247 41.40247 6.110884
v 2.882492 41.49878 5.879559
v 2.727208 41.59603 5.667916
v 2.543637 41.69257 5.479868
v 2.335193 41.78673 5.318484
v -2.725816 21.33206 -1.030134
v -2.478559 21.24743 -0.9299883
v 2.105484 41.87691 5.186463
v 1.858227 41.96154 5.086317
v -2.986295 21.40976 -1.097003
v 1.597747 42.03925 5.019448
v -3.25557 21.47919 -1.129379
v 1.328472 42.10868 4.987072
v -3.529005 21.53907 -1.126419
v 1.055037 42.16856 4.990032
v -3.801906 21.58851 -1.088655
v 0.7821355 42.218 5.027796
v -4.069597 21.6265 -1.016162
v 0.5144464 42.25598 5.100289
v -4.3276 21.65257 -0.9107555
v 0.2564418 42.28206 5.205695
v -4.571282 21.66608 -0.7737044
v 0.01276088 42.29557 5.342747
v -4.796773 21.66701 -0.6078247
v -0.2127295 42.29649 5.508627
v -4.999939 21.65515 -0.4155693
v -0.4158976 42.28463 5.700881
v -5.177444 21.63082 -0.2004833
v -0.5934028 42.26031 5.915967
v -5.326309 21.59446 0.03371305
v -0.7422657 42.22395 6.150164
v -5.443741 21.54658 0.2832092
v -0.859699 42.17607 6.399661
v -5.528045 21.4881 0.5436612
v -0.9440022 42.11758 6.660113
v -5.577706 21.41998 0.8106367
v -0.9936634 42.04946 6.927088
v -5.591577 21.34334 1.079524
v -1.007535 41.97282 7.195975
v -5.569911 21.2596 1.345735
v -0.9858696 41.88908 7.462186
v -5.512497 21.17007 1.604673
v -0.9284546 41.79956 7.721124
v -5.42091 21.07638 1.852047
v -0.8368682 41.70586 7.968499
v -5.296157 20.98007 2.083373
v -0.7121134 41.60956 8.199824
v -5.140871 20.88282 2.295016
v -0.5568287 41.51231 8.411467
v -4.957301 20.78628 2.483064
v -0.3732582 41.41577 8.599515
v -4.748856 20.69212 2.644448
v -0.1648139 41.32161 8.760899
v -4.519147 20.60194 2.776469
v 0.064895 41.23142 8.89292
v -4.27189 20.51731 2.876614
v 0.3121521 41.14679 8.993065
v -4.011411 20.4396 2.943484
v 0.5726316 41.06909 9.059935
v -3.742136 20.37017 2.97586
v 0.8419068 40.99966 9.092311
v -3.468701 20.3103 2.9729
v 1.115342 40.93978 9.089351
v -3.1958 20.26085 2.935136
v 1.388243 40.89034 9.051586
v -2.928109 20.22287 2.862642
v 1.655933 40.85236 8.979094
v -2.670105 20.19679 2.757236
v 1.913937 40.82628 8.873687
v -2.426424 20.18328 2.620185
v 2.157618 40.81277 8.736635
v -2.200933 20.18236 2.454305
v 2.383108 40.81184 8.570756
v -1.997766 20.19421 2.26205
v 2.586277 40.8237 8.378501
v -1.820262 20.21854 2.046964
v 2.763782 40.84803 8.163414
v -1.671397 20.2549 1.812768
v 2.912645 40.88439 7.929218
v -1.553965 20.30278 1.563271
v 3.030078 40.93227 7.679722
v -1.469661 20.36127 1.302819
v 3.114381 40.99076 7.41927
v -1.419999 20.42939 1.035844
v 3.164042 41.05888 7.152295
v -1.406129 20.50603 0.7669564
v 3.177913 41.13551 6.883408
v -1.427795 20.58977 0.5007457
v 3.156249 41.21925 6.617197
v -1.485209 20.67929 0.2418072
v 3.098834 41.30878 6.358258
v -1.576796 20.77299 -0.005566603
v 3.007247 41.40247 6.110884
v -1.701549 20.86929 -0.2368924
v 2.882492 41.49878 5.879559
v -1.856835 20.96654 -0.4485353
v 2.727208 41.59603 5.667916
v -2.040405 21.06308 -0.6365832
v 2.543637 41.69257 5.479868
v -2.24885 21.15725 -0.7979674
v 2.335193 41.78673 5.318484
v 3.057806 47.56109 6.882182
v 3.288891 47.48199 6.975772
v 2.038736 41.8558 5.307658
v 1.807651 41.9349 5.214068
v 2.814365 47.63372 6.819692
v 1.564209 42.00753 5.151578
v 2.562704 47.69862 6.789438
v 1.312549 42.07243 5.121324
v 2.307153 47.75459 6.792211
v 1.057 42.1284 5.124096
v 2.052105 47.8008 6.82751
v 0.8019493 42.17461 5.159396
v 1.801925 47.83631 6.895267
v 0.5517698 42.21012 5.227153
v 1.560797 47.86068 6.993783
v 0.3106416 42.23449 5.325669
v 1.333056 47.87332 7.121876
v 0.08290032 42.24712 5.453762
v 1.122316 47.87418 7.27691
v -0.1278392 42.24799 5.608797
v 0.9324387 47.8631 7.456594
v -0.3177166 42.23691 5.788481
v 0.7665469 47.84037 7.657616
v -0.4836085 42.21418 5.989502
v 0.627421 47.80639 7.876497
v -0.6227343 42.1802 6.208383
v 0.5176716 47.76164 8.109676
v -0.7324838 42.13545 6.441563
v 0.438883 47.70698 8.353095
v -0.8112723 42.08079 6.684981
v 0.3924717 47.64331 8.602609
v -0.8576837 42.01712 6.934494
v 0.3795092 47.57169 8.853909
v -0.8706462 41.94549 7.185795
v 0.3997589 47.49342 9.102706
v -0.8503965 41.86723 7.434593
v 0.4534198 47.40974 9.344707
v -0.7967364 41.78355 7.676594
v 0.5390165 47.32217 9.5759
v -0.711138 41.69598 7.907786
v 0.6556109 47.23216 9.792091
v -0.5945433 41.60597 8.123978
v 0.8007404 47.14127 9.989889
v -0.449414 41.51507 8.321774
v 0.9723036 47.05103 10.16563
v -0.2778517 41.42484 8.497519
v 1.167115 46.96302 10.31646
v -0.0830403 41.33683 8.648343
v 1.381798 46.87873 10.43984
v 0.131643 41.25254 8.771725
v 1.612883 46.79963 10.53343
v 0.3627277 41.17344 8.865314
v 1.856325 46.727 10.59592
v 0.6061697 41.10081 8.927805
v 2.107986 46.6621 10.62617
v 0.8578305 41.03591 8.958058
v 2.363536 46.60614 10.6234
v 1.113379 40.97994 8.955286
v 2.618585 46.55992 10.5881
v 1.36843 40.93373 8.919987
v 2.868765 46.52441 10.52034
v 1.618609 40.89822 8.85223
v 3.109893 46.50004 10.42183
v 1.859737 40.87384 8.753713
v 3.337634 46.4874 10.29373
v 2.087479 40.86121 8.625621
v 3.548373 46.48654 10.1387
v 2.298218 40.86035 8.470586
v 3.73825 46.49762 9.959016
v 2.488096 40.87143 8.290902
v 3.904143 46.52036 9.757994
v 2.653987 40.89416 8.08988
v 4.04327 46.55433 9.539113
v 2.793113 40.92814 7.870999
v 4.153018 46.59908 9.305934
v 2.902863 40.97289 7.63782
v 4.231807 46.65374 9.062515
v 2.981651 41.02755 7.394402
v 4.278219 46.71741 8.813002
v 3.028063 41.09122 7.144888
v 4.291181 46.78904 8.561701
v 3.041025 41.16285 6.893588
v 4.27093 46.8673 8.312902
v 3.020775 41.24111 6.64479
v 4.21727 46.95098 8.070903
v 2.967115 41.32479 6.402789
v 4.131673 47.03855 7.83971
v 2.881517 41.41236 6.171597
v 4.015077 47.12856 7.623519
v 2.764922 41.50237 5.955405
v 3.869949 47.21946 7.425721
v 2.619793 41.59327 5.757607
v 3.698386 47.30969 7.249977
v 2.448231 41.6835 5.581863
v 3.503575 47.3977 7.099153
v 2.253419 41.77151 5.431039
v 3.288123 47.48144 6.975971
v 3.057038 47.56054 6.88238
v 3.334306 47.72359 7.063425
v 3.092983 47.81866 6.971136
v 2.813596 47.63317 6.81989
v 2.834704 47.9065 6.913056
v 2.561935 47.69806 6.789637
v 2.564127 47.98398 6.891209
v 2.306386 47.75403 6.792409
v 2.286463 48.04885 6.907145
v 2.051336 47.80024 6.827708
v 2.008669 48.09853 6.961472
v 1.801156 47.83575 6.895465
v 1.737465 48.13159 7.053257
v 1.560028 47.86013 6.993982
v 1.480039 48.14714 7.180064
v 1.332287 47.87276 7.122075
v 1.242441 48.14508 7.338509
v 1.121547 47.87363 7.277109
v 1.030227 48.12644 7.523747
v 0.93167 47.86255 7.456793
v 0.8469688 48.09241 7.731257
v 0.7657781 47.83981 7.657815
v 0.695725 48.04519 7.956404
v 0.6266522 47.80583 7.876696
v 3.363459 47.95651 7.178927
v 3.110698 48.06879 7.093268
v 2.837187 48.17132 7.045295
v 2.547799 48.25973 7.03809
v 2.250256 48.32944 7.073486
v 1.953767 48.37688 7.151543
v 1.668194 48.40038 7.270474
v 1.402567 48.39932 7.425672
v 1.164718 48.37517 7.61131
v 0.9604952 48.33088 7.820964
v 0.7927452 48.26985 8.048938
v 3.375043 48.17621 7.320562
v 3.110166 48.30508 7.247748
v 2.82103 48.42041 7.216498
v 2.514558 48.51506 7.229842
v 2.200437 48.58336 7.289585
v 1.890908 48.62109 7.394339
v 1.598214 48.62675 7.539962
v 1.333534 48.60171 7.719913
v 1.104482 48.54955 7.926535
v 0.9161113 48.47592 8.152741
v 3.368717 48.37874 7.486065
v 3.091073 48.52201 7.43252
v 2.786947 48.64504 7.423921
v 2.465595 48.73929 7.462721
v 2.139625 48.79831 7.548968
v 1.823915 48.8175 7.679886
v 1.532596 48.79793 7.848433
v 1.27675 48.74314 8.046544
v 1.063883 48.65966 8.266093
v 3.34483 48.56089 7.672305
v 3.05379 48.71312 7.643892
v 2.736069 48.83691 7.662351
v 2.403165 48.92232 7.72882
v 2.071014 48.96281 7.84123
v 1.756115 48.95635 7.993998
v 1.473409 48.90575 8.178742
v 1.233221 48.81826 8.386939
v 3.303505 48.71921 7.876434
v 2.999089 48.87349 7.877043
v 2.669548 48.98923 7.924314
v 2.329736 49.05692 8.017613
v 1.99726 49.07117 8.151837
v 1.689913 49.03306 8.320109
v 1.42158 48.94859 8.513337
v 3.245738 48.85141 8.094677
v 2.928421 48.99887 8.125795
v 2.590042 49.09762 8.201041
v 2.247778 49.13933 8.316875
v 1.920522 49.12172 8.4669
v 1.625435 49.0489 8.643038
v 3.172247 48.95475 8.323487
v 2.843588 49.08664 8.383987
v 2.499857 49.1603 8.483099
v 2.15959 49.17001 8.615474
v 1.841511 49.11695 8.773849
v 3.084523 49.02796 8.558847
v 2.746744 49.13584 8.644558
v 2.401017 49.17798 8.761561
v 2.06598 49.15211 8.903556
v 2.983883 49.06936 8.796799
v 2.639973 49.14679 8.90201
v 2.295095 49.15331 9.029906
v 2.87217 49.07848 9.033196
v 2.524848 49.12081 9.150742
v 2.751317 49.05524 9.264009
v 0.5169028 47.76109 8.109875
v 0.5855069 48.0097 8.206181
v 0.4381143 47.70642 8.353293
v 0.5092095 47.96163 8.470131
v 0.391703 47.64276 8.602807
v 0.4693061 47.90051 8.742841
v 0.3787404 47.57113 8.854107
v 0.4677529 47.82693 9.01879
v 0.3989901 47.49286 9.102905
v 0.505673 47.74194 9.290697
v 0.4526502 47.40918 9.344907
v 0.5825447 47.64741 9.551902
v 0.5382487 47.32162 9.576098
v 0.6963295 47.54586 9.795484
v 0.6548433 47.23161 9.792291
v 0.8439291 47.43984 10.0158
v 0.7999725 47.14071 9.990088
v 1.020677 47.33268 10.20808
v 0.9715348 47.05048 10.16583
v 1.222125 47.22686 10.36938
v 1.166346 46.96246 10.31666
v 1.443615 47.12551 10.4977
v 1.38103 46.87817 10.44004
v 0.6872087 48.24443 8.317365
v 0.6190992 48.20258 8.602381
v 0.5920531 48.14293 8.8979
v 0.6086128 48.06521 9.195108
v 0.6695307 47.97064 9.484244
v 0.773595 47.86233 9.755712
v 0.916662 47.74376 10.00091
v 1.09315 47.61963 10.21318
v 1.296671 47.49497 10.38829
v 1.521399 47.37382 10.52487
v 0.8214684 48.46002 8.440602
v 0.768272 48.4229 8.746663
v 0.7604281 48.36173 9.061726
v 0.8006239 48.2762 9.374745
v 0.8883579 48.16832 9.672862
v 1.02016 48.04234 9.944284
v 1.189894 47.90443 10.17931
v 1.389969 47.76094 10.37234
v 1.613081 47.61886 10.52101
v 0.9866813 48.65139 8.573429
v 0.9547466 48.61514 8.898044
v 0.9716352 48.5479 9.227978
v 1.038469 48.44999 9.54912
v 1.153515 48.32425 9.845999
v 1.310285 48.17793 10.10615
v 1.500939 48.01901 10.32086
v 1.717174 47.85631 10.48595
v 1.179716 48.81284 8.712208
v 1.17407 48.77224 9.051231
v 1.218733 48.69321 9.389321
v 1.31288 48.57743 9.709228
v 1.451832 48.43067 9.995054
v 1.627665 48.262 10.23432
v 1.831743 48.08226 10.4207
v 1.39622 48.94016 8.853576
v 1.419411 48.88839 9.201449
v 1.49195 48.79191 9.539378
v 1.609967 48.65406 9.848949
v 1.767298 48.48384 10.11448
v 1.955 48.29264 10.32588
v 1.630453 49.02996 8.993785
v 1.682515 48.96053 9.343623
v 1.779528 48.84123 9.673269
v 1.916137 48.67866 9.964522
v 2.084699 48.48414 10.2036
v 1.876577 49.08048 9.129542
v 1.954238 48.98771 9.474167
v 2.070452 48.84207 9.788321
v 2.218701 48.65312 10.05552
v 2.127732 49.09153 9.257962
v 2.225726 48.97102 9.59094
v 2.35468 48.79709 9.884546
v 2.37851 49.06409 9.376934
v 2.490328 48.91323 9.693299
v 2.623294 48.99975 9.485257
v 1.612114 46.79907 10.53363
v 1.690438 47.0552 10.59733
v 1.855556 46.72644 10.59612
v 1.953887 46.99061 10.6623
v 2.107217 46.66155 10.62637
v 2.228714 46.93226 10.68982
v 2.362766 46.60558 10.6236
v 2.509462 46.88126 10.678
v 2.617816 46.55936 10.5883
v 2.78884 46.83871 10.62578
v 2.867996 46.52386 10.52054
v 3.060044 46.80565 10.534
v 3.109124 46.49948 10.42203
v 3.315886 46.78297 10.40508
v 3.336865 46.48685 10.29393
v 3.550399 46.77116 10.24252
v 3.547605 46.48598 10.1389
v 3.758364 46.77067 10.05161
v 3.737482 46.49706 9.959215
v 3.936453 46.78144 9.837208
v 3.903373 46.5198 9.758194
v 4.082196 46.80391 9.604721
v 4.0425 46.55378 9.539311
v 1.786162 47.31556 10.62654
v 2.070424 47.26142 10.68886
v 2.368398 47.21164 10.70752
v 2.67144 47.16669 10.67946
v 2.969762 47.12751 10.60385
v 3.253504 47.09575 10.48247
v 3.513628 47.07205 10.31994
v 3.742892 47.05757 10.12284
v 3.936363 47.05347 9.898846
v 4.092112 47.06049 9.654859
v 1.89688 47.57513 10.61907
v 2.202351 47.53333 10.67211
v 2.520742 47.49231 10.67467
v 2.841197 47.45251 10.62338
v 3.150727 47.41479 10.51863
v 3.437087 47.38063 10.36455
v 3.689846 47.35202 10.1687
v 3.902564 47.33067 9.940282
v 4.072014 47.31915 9.688832
v 2.02049 47.82857 10.57374
v 2.345287 47.79856 10.60992
v 2.680058 47.7647 10.58902
v 3.010779 47.72705 10.50911
v 3.321738 47.68649 10.37186
v 3.599638 47.64567 10.18541
v 3.834815 47.60743 9.959718
v 4.022008 47.57539 9.705919
v 2.153708 48.06918 10.49036
v 2.494349 48.04855 10.50248
v 2.839422 48.01789 10.45225
v 3.171574 47.97741 10.33984
v 3.474303 47.9291 10.17084
v 3.734087 47.87656 9.955513
v 3.943354 47.82488 9.706059
v 2.293339 48.29103 10.37053
v 2.644969 48.27468 10.35272
v 2.992532 48.24188 10.26976
v 3.317255 48.19274 10.1252
v 3.602517 48.13146 9.927459
v 3.836926 48.06327 9.688973
v 2.435686 48.48822 10.21741
v 2.791985 48.47012 10.16607
v 3.134249 48.42841 10.05024
v 3.443586 48.36537 9.876302
v 3.705003 48.28665 9.655238
v 2.577363 48.65627 10.03505
v 2.931512 48.62949 9.949841
v 3.261361 48.5729 9.803566
v 3.549436 48.49092 9.605159
v 2.715215 48.79161 9.829193
v 3.060941 48.74947 9.71219
v 3.373225 48.67294 9.539838
v 2.846823 48.89243 9.604878
v 3.179117 48.82927 9.460192
v 2.970616 48.95742 9.367712
v 4.15225 46.59853 9.306133
v 4.197916 46.86415 9.362284
v 4.231037 46.65319 9.062715
v 4.279382 46.93548 9.105228
v 4.277449 46.71685 8.813201
v 4.323535 47.01573 8.838189
v 4.290412 46.78848 8.561901
v 4.328171 47.10318 8.566354
v 4.270162 46.86675 8.313103
v 4.291835 47.1953 8.296561
v 4.216502 46.95042 8.071101
v 4.214965 47.28983 8.035357
v 4.130903 47.03799 7.839909
v 4.099596 47.38426 7.789661
v 4.014309 47.12801 7.623717
v 3.948911 47.4764 7.565234
v 3.869179 47.2189 7.42592
v 3.767913 47.56443 7.367283
v 3.697618 47.30914 7.250176
v 3.561296 47.647 7.19908
v 3.502807 47.39715 7.099352
v 4.20965 47.13992 9.402445
v 4.288512 47.23016 9.131774
v 4.324142 47.32844 8.847708
v 4.313084 47.43092 8.557838
v 4.253999 47.53374 8.271149
v 4.148101 47.6338 7.997235
v 3.999534 47.72761 7.744702
v 3.81446 47.8131 7.52097
v 3.600188 47.88938 7.331521
v 4.185575 47.42019 9.426214
v 4.255109 47.53083 9.14195
v 4.274872 47.64564 8.842788
v 4.241012 47.75967 8.538219
v 4.153278 47.86756 8.240103
v 4.015141 47.96503 7.960229
v 3.833487 48.0493 7.709298
v 3.617078 48.11928 7.494481
v 4.124883 47.69918 9.432834
v 4.177486 47.82846 9.135796
v 4.174018 47.95609 8.823766
v 4.111935 48.07538 8.508963
v 3.992138 48.17974 8.205745
v 3.821949 48.26567 7.927693
v 3.610624 48.33157 7.685404
v 4.027781 47.96946 9.422047
v 4.056347 48.11322 9.113605
v 4.023853 48.24701 8.791749
v 3.929707 48.36278 8.471844
v 3.778586 48.45478 8.169782
v 3.57983 48.5203 7.899935
v 3.896209 48.22436 9.393993
v 3.895105 48.37553 9.075587
v 3.830318 48.50689 8.748001
v 3.70455 48.60986 8.428087
v 3.525131 48.68067 8.133085
v 3.733654 48.45713 9.349417
v 3.699512 48.60721 9.023486
v 3.6025 48.72651 8.693841
v 3.447971 48.80843 8.37868
v 3.544374 48.66242 9.289499
v 3.477132 48.80209 8.958774
v 3.350499 48.90083 8.63072
v 3.334227 48.83591 9.215789
v 3.236233 48.95642 8.882811
v 3.108285 48.97514 9.129955
vn -0.297586 0.9546919 0.002426594
vn -0.297586 0.9546919 0.002426594
vn -0.297586 0.9546919 0.002426594
vn -0.297586 0.9546919 0.002426594
vn -0.297586 0.9546919 0.002426594
vn -0.297586 0.9546919 0.002426594
vn -0.297586 0.9546919 0.002426594
vn -0.297586 0.9546919 0.002426594
vn -0.297586 0.9546919 0.002426594
vn -0.297586 0.9546919 0.002426594
vn -0.297586 0.9546919 0.002426594
vn -0.297586 0.9546919 0.002426594
vn -0.297586 0.9546919 0.002426594
vn -0.297586 0.9546919 0.002426594
vn -0.297586 0.9546919 0.002426594
vn -0.297586 0.9546919 0.002426594
vn -0.297586 0.9546919 0.002426594
vn -0.297586 0.9546919 0.002426594
vn -0.297586 0.9546919 0.002426594
vn -0.297586 0.9546919 0.002426594
vn -0.297586 0.9546919 0.002426594
vn -0.297586 0.9546919 0.002426594
vn -0.297586 0.9546919 0.002426594
vn -0.297586 0.9546919 0.002426594
vn -0.297586 0.9546919 0.002426594
vn -0.297586 0.9546919 0.002426594
vn -0.297586 0.9546919 0.002426594
vn -0.297586 0.9546919 0.002426594
vn -0.297586 0.9546919 0.002426594
vn -0.297586 0.9546919 0.002426594
vn -0.297586 0.9546919 0.002426594
vn -0.297586 0.9546919 0.002426594
vn -0.297586 0.9546919 0.002426594
vn -0.297586 0.9546919 0.002426594
vn -0.297586 0.9546919 0.002426594
vn -0.297586 0.9546919 0.002426594
vn -0.297586 0.9546919 0.002426594
vn -0.297586 0.9546919 0.002426594
vn -0.297586 0.9546919 0.002426594
vn -0.297586 0.9546919 0.002426594
vn -0.297586 0.9546919 0.002426594
vn -0.297586 0.9546919 0.002426594
vn -0.297586 0.9546919 0.002426594
vn -0.297586 0.9546919 0.002426594
vn -0.297586 0.9546919 0.002426594
vn -0.297586 0.9546919 0.002426594
vn -0.297586 0.9546919 0.002426594
vn -0.297586 0.9546919 0.002426594
vn -0.297586 0.9546919 0.002426594
vn 0.9489311 0.2960672 -0.1089683
vn 0.9544792 0.2974636 0.02202334
vn 0.9544501 0.2975662 -0.02189951
vn 0.9434755 0.2944763 -0.1521106
vn 0.9272385 0.2896318 -0.2373655
vn 0.9164499 0.2863759 -0.2794789
vn 0.8896086 0.2782195 -0.3622027
vn 0.8735256 0.2733095 -0.4028091
vn 0.8366832 0.262024 -0.4809416
vn 0.8159683 0.2556624 -0.5184907
vn 0.7696647 0.2414136 -0.5910465
vn 0.7440287 0.2335115 -0.6260142
vn 0.6890785 0.2165497 -0.6915758
vn 0.6598096 0.2075042 -0.7222142
vn 0.5971833 0.1881292 -0.7797305
vn 0.5637836 0.1777864 -0.8065608
vn 0.4944854 0.1563087 -0.8550158
vn 0.4586244 0.1451856 -0.8766897
vn 0.3840082 0.1220251 -0.915231
vn 0.3452312 0.1099807 -0.9320515
vn 0.2662381 0.08542914 -0.9601142
vn 0.2260256 0.07292322 -0.9713881
vn 0.1446228 0.04759235 -0.9883417
vn 0.1034315 0.03476708 -0.9940288
vn 0.02030368 0.008869969 -0.9997546
vn -0.02162936 -0.004200924 -0.9997573
vn -0.1047496 -0.03012475 -0.9940423
vn -0.1459334 -0.04297655 -0.9883606
vn -0.2273138 -0.0683866 -0.9714175
vn -0.2675112 -0.08094513 -0.9601488
vn -0.3464671 -0.1056277 -0.9320964
vn -0.3852218 -0.1177506 -0.9152809
vn -0.4597869 -0.1410912 -0.8767494
vn -0.4956192 -0.1523155 -0.85508
vn -0.5648531 -0.1740195 -0.806634
vn -0.5982174 -0.1844876 -0.779808
vn -0.6607674 -0.2041311 -0.7222999
vn -0.6899956 -0.2133197 -0.6916653
vn -0.7448589 -0.2305877 -0.6261107
vn -0.7704485 -0.2386531 -0.5911464
vn -0.8166559 -0.2532407 -0.5185965
vn -0.8373209 -0.2597776 -0.4810502
vn -0.8740598 -0.271428 -0.4029225
vn -0.8900889 -0.2765277 -0.3623182
vn -0.9168206 -0.2850704 -0.2795978
vn -0.9275533 -0.288523 -0.2374858
vn -0.9436774 -0.2937656 -0.1522331
vn -0.9490756 -0.295558 -0.1090914
vn -0.9544792 -0.2974636 -0.02202334
vn -0.9544501 -0.2975662 0.02189951
vn -0.9489311 -0.2960672 0.1089683
vn -0.9434755 -0.2944763 0.1521106
vn -0.9272385 -0.2896318 0.2373655
vn -0.9164499 -0.2863759 0.2794789
vn -0.8896086 -0.2782195 0.3622027
vn -0.8735256 -0.2733095 0.4028091
vn -0.8366832 -0.262024 0.4809416
vn -0.8159683 -0.2556624 0.5184907
vn -0.7696647 -0.2414136 0.5910465
vn -0.7440287 -0.2335115 0.6260142
vn -0.6890785 -0.2165497 0.6915758
vn -0.6598096 -0.2075042 0.7222142
vn -0.5971833 -0.1881292 0.7797305
vn -0.5637836 -0.1777864 0.8065608
vn -0.4944854 -0.1563087 0.8550158
vn -0.4586244 -0.1451856 0.8766897
vn -0.3840082 -0.1220251 0.915231
vn -0.3452312 -0.1099807 0.9320515
vn -0.2662381 -0.08542914 0.9601142
vn -0.2260256 -0.07292322 0.9713881
vn -0.1446228 -0.04759235 0.9883417
vn -0.1034315 -0.03476708 0.9940288
vn -0.02030368 -0.008869969 0.9997546
vn 0.02162936 0.004200924 0.9997573
vn 0.1047496 0.03012475 0.9940423
vn 0.1459334 0.04297655 0.9883606
vn 0.2273138 0.0683866 0.9714175
vn 0.2675112 0.08094513 0.9601488
vn 0.3464671 0.1056277 0.9320964
vn 0.3852218 0.1177506 0.9152809
vn 0.4597869 0.1410912 0.8767494
vn 0.4956192 0.1523155 0.85508
vn 0.5648531 0.1740195 0.806634
vn 0.5982174 0.1844876 0.779808
vn 0.6607674 0.2041311 0.7222999
vn 0.6899956 0.2133197 0.6916653
vn 0.7448589 0.2305877 0.6261107
vn 0.7704485 0.2386531 0.5911464
vn 0.8166559 0.2532407 0.5185965
vn 0.8373209 0.2597776 0.4810502
vn 0.8740598 0.271428 0.4029225
vn 0.8900889 0.2765277 0.3623182
vn 0.9168206 0.2850704 0.2795978
vn 0.9275533 0.288523 0.2374858
vn 0.9436774 0.2937656 0.1522331
vn 0.9490756 0.295558 0.1090914
vn 0.297586 -0.9546919 -0.002426594
vn 0.297586 -0.9546919 -0.002426594
vn 0.297586 -0.9546919 -0.002426594
vn 0.297586 -0.9546919 -0.002426594
vn 0.297586 -0.9546919 -0.002426594
vn 0.297586 -0.9546919 -0.002426594
vn 0.297586 -0.9546919 -0.002426594
vn 0.297586 -0.9546919 -0.002426594
vn 0.297586 -0.9546919 -0.002426594
vn 0.297586 -0.9546919 -0.002426594
vn 0.297586 -0.9546919 -0.002426594
vn 0.297586 -0.9546919 -0.002426594
vn 0.297586 -0.9546919 -0.002426594
vn 0.297586 -0.9546919 -0.002426594
vn 0.297586 -0.9546919 -0.002426594
vn 0.297586 -0.9546919 -0.002426594
vn 0.297586 -0.9546919 -0.002426594
vn 0.297586 -0.9546919 -0.002426594
vn 0.297586 -0.9546919 -0.002426594
vn 0.297586 -0.9546919 -0.002426594
vn 0.297586 -0.9546919 -0.002426594
vn 0.297586 -0.9546919 -0.002426594
vn 0.297586 -0.9546919 -0.002426594
vn 0.297586 -0.9546919 -0.002426594
vn 0.297586 -0.9546919 -0.002426594
vn 0.297586 -0.9546919 -0.002426594
vn 0.297586 -0.9546919 -0.002426594
vn 0.297586 -0.9546919 -0.002426594
vn 0.297586 -0.9546919 -0.002426594
vn 0.297586 -0.9546919 -0.002426594
vn 0.297586 -0.9546919 -0.002426594
vn 0.297586 -0.9546919 -0.002426594
vn 0.297586 -0.9546919 -0.002426594
vn 0.297586 -0.9546919 -0.002426594
vn 0.297586 -0.9546919 -0.002426594
vn 0.297586 -0.9546919 -0.002426594
vn 0.297586 -0.9546919 -0.002426594
vn 0.297586 -0.9546919 -0.002426594
vn 0.297586 -0.9546919 -0.002426594
vn 0.297586 -0.9546919 -0.002426594
vn 0.297586 -0.9546919 -0.002426594
vn 0.297586 -0.9546919 -0.002426594
vn 0.297586 -0.9546919 -0.002426594
vn 0.297586 -0.9546919 -0.002426594
vn 0.297586 -0.9546919 -0.002426594
vn 0.297586 -0.9546919 -0.002426594
vn 0.297586 -0.9546919 -0.002426594
vn 0.297586 -0.9546919 -0.002426594
vn 0.297586 -0.9546919 -0.002426594
vn -0.248521 0.7974005 -0.5498999
vn -0.2485211 0.7974007 -0.5498996
vn -0.2485209 0.7973999 -0.5499005
vn -0.2485212 0.7973993 -0.5499014
vn -0.2485208 0.7974001 -0.5499007
vn -0.2485206 0.7974008 -0.5498995
vn -0.2485213 0.7973998 -0.5499007
vn -0.2485211 0.7973998 -0.5499007
vn -0.2485216 0.7973995 -0.5499009
vn -0.2485217 0.7973992 -0.5499011
vn -0.2485208 0.7973999 -0.5499007
vn -0.2485196 0.7974005 -0.5499004
vn -0.2485213 0.7973999 -0.5499005
vn -0.2485208 0.7973998 -0.5499008
vn -0.2485204 0.7974002 -0.5499004
vn -0.2485222 0.7973996 -0.5499004
vn -0.2485209 0.7973999 -0.5499008
vn -0.2485197 0.7973999 -0.5499011
vn -0.2485199 0.7974 -0.5499009
vn -0.2485206 0.7974 -0.5499007
vn -0.2485204 0.7974001 -0.5499007
vn -0.2485216 0.7974005 -0.5498995
vn -0.248521 0.7974 -0.5499007
vn -0.2485202 0.7973996 -0.5499014
vn -0.248521 0.7974005 -0.5498998
vn -0.2485211 0.7974007 -0.5498996
vn -0.248521 0.7974005 -0.5498999
vn -0.2485212 0.7973993 -0.5499014
vn -0.2485208 0.7974001 -0.5499007
vn -0.2485206 0.7974008 -0.5498995
vn -0.2485213 0.7973998 -0.5499007
vn -0.2485211 0.7973998 -0.5499007
vn -0.2485216 0.7973995 -0.5499009
vn -0.2485217 0.7973992 -0.5499011
vn -0.2485208 0.7973999 -0.5499007
vn -0.2485196 0.7974005 -0.5499004
vn -0.2485213 0.7973999 -0.5499005
vn -0.2485208 0.7973998 -0.5499008
vn -0.2485204 0.7974002 -0.5499004
vn -0.2485222 0.7973996 -0.5499004
vn -0.2485209 0.7973999 -0.5499008
vn -0.2485197 0.7973999 -0.5499011
vn -0.2485199 0.7974 -0.5499009
vn -0.2485206 0.7974 -0.5499007
vn -0.2485204 0.7974001 -0.5499007
vn -0.2485216 0.7974005 -0.5498995
vn -0.248521 0.7974 -0.5499007
vn -0.2485202 0.7973996 -0.5499014
vn -0.248521 0.7974005 -0.5498998
vn -0.9668513 -0.2385726 0.09100468
vn -0.9508695 -0.3090445 -0.01840502
vn -0.9580597 -0.2859853 0.01828122
vn -0.9684864 -0.2142317 0.1270388
vn -0.9662614 -0.1644306 0.1982468
vn -0.9623942 -0.1389676 0.2334214
vn -0.9491484 -0.08718953 0.3025156
vn -0.9397387 -0.06086687 0.336432
vn -0.9157366 -0.008380723 0.4016918
vn -0.9011927 0.0177805 0.4330539
vn -0.8668132 0.07028764 0.4936544
vn -0.846924 0.09662791 0.5228603
vn -0.8027479 0.14816 0.5776197
vn -0.7785137 0.1733612 0.6032102
vn -0.7253394 0.2230633 0.6512495
vn -0.6963492 0.2475524 0.6736584
vn -0.635015 0.294578 0.7141288
vn -0.6027169 0.3171281 0.7322311
vn -0.5344349 0.360609 0.7644218
vn -0.4984222 0.3815216 0.7784708
vn -0.4240403 0.4208683 0.8019101
vn -0.3856798 0.4393179 0.8113267
vn -0.3070639 0.4735852 0.8254871
vn -0.2668088 0.4894072 0.8302373
vn -0.1846229 0.51832 0.8350202
vn -0.1426896 0.531391 0.8350229
vn -0.05863094 0.554298 0.8302508
vn -0.01651489 0.5641518 0.825506
vn 0.06764954 0.5806246 0.8113561
vn 0.1097001 0.5872399 0.8019448
vn 0.1932678 0.5971274 0.7785158
vn 0.2347864 0.6003819 0.7644717
vn 0.3156837 0.6034018 0.7322911
vn 0.3550776 0.6031984 0.714193
vn 0.4322738 0.599354 0.6737316
vn 0.4700477 0.5956754 0.6513264
vn 0.5420508 0.5849922 0.6032953
vn 0.5763146 0.5780257 0.5777091
vn 0.6419532 0.5607241 0.5229574
vn 0.67329 0.5503516 0.4937548
vn 0.7314231 0.526681 0.4331598
vn 0.7582603 0.5134183 0.4018
vn 0.8078415 0.4838691 0.3365454
vn 0.8305453 0.4675564 0.302631
vn 0.8708742 0.432478 0.2335404
vn 0.8885288 0.4137236 0.1983671
vn 0.9186656 0.37401 0.1271612
vn 0.9311551 0.3530525 0.0911278
vn 0.9508696 0.3090446 0.01840502
vn 0.9580598 0.2859853 -0.0182812
vn 0.9668513 0.2385726 -0.09100456
vn 0.9684864 0.2142317 -0.1270388
vn 0.9662613 0.1644305 -0.1982469
vn 0.9623942 0.1389676 -0.2334216
vn 0.9491482 0.08718955 -0.3025155
vn 0.9397388 0.06086703 -0.3364318
vn 0.9157367 0.008381106 -0.4016914
vn 0.9011928 -0.01778026 -0.4330536
vn 0.8668131 -0.07028789 -0.4936547
vn 0.8469236 -0.09662835 -0.5228609
vn 0.8027477 -0.1481602 -0.5776199
vn 0.778514 -0.1733608 -0.60321
vn 0.7253399 -0.2230626 -0.6512489
vn 0.6963496 -0.2475521 -0.6736581
vn 0.635015 -0.294578 -0.7141288
vn 0.6027164 -0.3171284 -0.7322312
vn 0.5344341 -0.3606096 -0.7644221
vn 0.4984218 -0.3815218 -0.7784709
vn 0.4240408 -0.4208682 -0.8019099
vn 0.3856808 -0.4393176 -0.8113264
vn 0.3070644 -0.473585 -0.825487
vn 0.2668082 -0.4894074 -0.8302373
vn 0.1846229 -0.5183201 -0.8350202
vn 0.1426902 -0.531391 -0.835023
vn 0.05863049 -0.5542981 -0.8302506
vn 0.01651385 -0.5641521 -0.8255058
vn -0.06765012 -0.5806248 -0.8113559
vn -0.1096996 -0.5872398 -0.8019447
vn -0.1932668 -0.5971274 -0.7785159
vn -0.2347859 -0.600382 -0.7644718
vn -0.3156836 -0.6034018 -0.7322911
vn -0.3550781 -0.6031984 -0.7141928
vn -0.4322746 -0.599354 -0.6737311
vn -0.4700481 -0.5956753 -0.6513261
vn -0.5420504 -0.5849922 -0.6032956
vn -0.576314 -0.5780259 -0.5777097
vn -0.641953 -0.5607243 -0.5229577
vn -0.6732903 -0.5503515 -0.4937546
vn -0.7314236 -0.5266808 -0.4331594
vn -0.7582604 -0.5134182 -0.4017998
vn -0.8078416 -0.4838691 -0.3365454
vn -0.8305453 -0.4675565 -0.3026312
vn -0.870874 -0.4324781 -0.2335405
vn -0.8885288 -0.4137236 -0.1983671
vn -0.9186658 -0.3740099 -0.1271611
vn -0.9311551 -0.3530524 -0.09112769
vn -0.9675922 -0.2361461 0.08944587
vn -0.9514441 -0.3072405 -0.01890927
vn -0.9580595 -0.2859857 0.01828054
vn -0.9684864 -0.2142348 0.1270346
vn -0.9670419 -0.1617152 0.1966683
vn -0.9623952 -0.1389737 0.2334137
vn -0.9491506 -0.08719726 0.3025063
vn -0.9397418 -0.06087536 0.3364221
vn -0.9164467 -0.005125693 0.4001242
vn -0.9011989 0.01776915 0.4330415
vn -0.8668209 0.070276 0.4936423
vn -0.8469321 0.09661689 0.5228495
vn -0.8027566 0.1481497 0.5776103
vn -0.7785233 0.1733505 0.6032008
vn -0.7253503 0.2230528 0.6512409
vn -0.6963608 0.2475421 0.6736502
vn -0.6350278 0.2945678 0.7141215
vn -0.6027291 0.3171188 0.7322249
vn -0.5339558 0.3641952 0.7630553
vn -0.4984314 0.3815152 0.778468
vn -0.4240484 0.4208632 0.8019086
vn -0.3856877 0.439313 0.8113256
vn -0.3070677 0.4735824 0.8254873
vn -0.26681 0.4894055 0.8302377
vn -0.1845089 0.5200329 0.8339798
vn -0.1426911 0.5313896 0.8350237
vn -0.0586298 0.5542972 0.8302515
vn -0.01650981 0.5641518 0.825506
vn 0.06765812 0.580625 0.8113551
vn 0.1097094 0.5872401 0.8019433
vn 0.1928091 0.5999456 0.7764599
vn 0.2348009 0.600382 0.7644672
vn 0.3157001 0.6034011 0.7322845
vn 0.3550921 0.6031975 0.7141867
vn 0.4322878 0.5993522 0.6737242
vn 0.4700617 0.5956731 0.6513185
vn 0.5420647 0.5849889 0.603286
vn 0.5763289 0.5780219 0.5776986
vn 0.6419669 0.5607194 0.5229457
vn 0.6733032 0.5503463 0.4937426
vn 0.7314925 0.529121 0.4300577
vn 0.75827 0.5134128 0.4017887
vn 0.8078491 0.4838636 0.336535
vn 0.8305517 0.4675512 0.3026214
vn 0.8708103 0.43431 0.2303571
vn 0.8885319 0.4137199 0.198361
vn 0.9184759 0.3755242 0.1240309
vn 0.9311562 0.3530505 0.09112463
vn 0.9505203 0.3102044 0.016865
vn 0.9580595 0.2859858 -0.01828046
vn 0.966851 0.2385749 -0.09100131
vn 0.9684862 0.2142347 -0.1270347
vn 0.9662617 0.1644352 -0.1982409
vn 0.9623952 0.1389735 -0.2334141
vn 0.9482133 0.08967666 -0.3047127
vn 0.939742 0.06087611 -0.336421
vn 0.9157417 0.008391238 -0.4016799
vn 0.9011984 -0.01777006 -0.4330425
vn 0.8655212 -0.06785353 -0.4962552
vn 0.8469316 -0.09661731 -0.52285
vn 0.8027574 -0.1481488 -0.5776095
vn 0.7785245 -0.1733491 -0.6031995
vn 0.7235599 -0.2208907 -0.6539636
vn 0.6963613 -0.2475416 -0.6736499
vn 0.6330433 -0.2925189 -0.7167211
vn 0.6027278 -0.3171196 -0.7322257
vn 0.534445 -0.360602 -0.7644181
vn 0.4984314 -0.3815154 -0.7784679
vn 0.4217156 -0.4191312 -0.8040429
vn 0.3856863 -0.4393138 -0.8113258
vn 0.3047115 -0.4719209 -0.82731
vn 0.2668123 -0.4894047 -0.8302376
vn 0.1846227 -0.5183191 -0.8350209
vn 0.1426884 -0.5313904 -0.8350236
vn 0.05778206 -0.5520025 -0.831838
vn 0.01651063 -0.5641517 -0.8255061
vn -0.06864592 -0.5781583 -0.8130319
vn -0.1097085 -0.5872401 -0.8019434
vn -0.1932782 -0.5971274 -0.778513
vn -0.2347984 -0.6003819 -0.7644681
vn -0.3171618 -0.6005668 -0.7339808
vn -0.3550924 -0.6031974 -0.7141866
vn -0.4339295 -0.596365 -0.6753177
vn -0.4700643 -0.5956727 -0.6513169
vn -0.5420661 -0.5849885 -0.6032849
vn -0.5763283 -0.578022 -0.5776991
vn -0.6438496 -0.5574731 -0.5241007
vn -0.6733021 -0.5503467 -0.4937437
vn -0.7314342 -0.5266755 -0.4331478
vn -0.7582707 -0.5134124 -0.4017877
vn -0.8095906 -0.4805253 -0.3371329
vn -0.8305516 -0.4675515 -0.3026218
vn -0.8708779 -0.4324741 -0.2335335
vn -0.8885318 -0.41372 -0.1983611
vn -0.9186674 -0.3740073 -0.1271567
vn -0.9311562 -0.3530503 -0.09112424
vn -0.9764194 -0.2070096 -0.06125576
vn -0.9932245 -0.1094024 0.03919594
vn -0.9886057 -0.02345206 0.1486906
vn -0.9628935 -0.02414796 0.268799
vn -0.9646334 0.0652039 0.2554036
vn -0.9210473 0.1548109 0.3573594
vn -0.8751279 0.1399185 0.4632215
vn -0.8582699 0.2424484 0.452318
vn -0.8071117 0.2196111 0.5480344
vn -0.7778798 0.32605 0.5372099
vn -0.7243988 0.2964243 0.622398
vn -0.6814725 0.4037006 0.610427
vn -0.6290873 0.3682727 0.6845617
vn -0.5726263 0.4732654 0.6694169
vn -0.4527448 0.5337675 0.7142229
vn -0.4063051 0.4920721 0.7699229
vn -0.3264793 0.5838277 0.7433414
vn -0.2858185 0.5417377 0.7904607
vn -0.1904699 0.6108911 0.7684616
vn -0.9864653 -0.09524794 -0.1334696
vn -0.9995034 0.0113964 -0.02938021
vn -0.9907465 0.1081944 0.08194737
vn -0.9594219 0.2071602 0.1912966
vn -0.9051698 0.3052467 0.2957906
vn -0.8289239 0.3987105 0.3923202
vn -0.7328769 0.4844217 0.4777313
vn -0.6203269 0.5597989 0.5493814
vn -0.4954071 0.6233116 0.6050243
vn -0.3621432 0.674201 0.6436656
vn -0.2190978 0.702752 0.6768574
vn -0.9788375 0.01895811 -0.2037597
vn -0.9861711 0.1344815 -0.09685797
vn -0.9702081 0.2417986 0.01516237
vn -0.9284189 0.3496548 0.1256186
vn -0.8610972 0.4529386 0.2309943
vn -0.7696606 0.5480267 0.3275505
vn -0.6580411 0.6308328 0.4111352
vn -0.5305257 0.6990424 0.4794604
vn -0.3926585 0.7516944 0.5298819
vn -0.2441097 0.783015 0.5720997
vn -0.9534809 0.1330488 -0.2705038
vn -0.9528735 0.2566274 -0.1617855
vn -0.9263569 0.3732886 -0.05018854
vn -0.8715756 0.4865906 0.05988127
vn -0.7891902 0.5916564 0.1646861
vn -0.6824241 0.6832949 0.2596258
vn -0.5564862 0.7579293 0.3403913
vn -0.4167698 0.8141392 0.4043272
vn -0.2647556 0.8492736 0.4567699
vn -0.9105164 0.2454518 -0.3327366
vn -0.8996357 0.3752953 -0.2231793
vn -0.8598399 0.4980033 -0.1125526
vn -0.7899449 0.6131669 -0.00368066
vn -0.6922298 0.7147838 0.09950836
vn -0.5715268 0.7978285 0.1919031
vn -0.4334871 0.8600544 0.2690641
vn -0.2806909 0.9004218 0.3323451
vn -0.8508031 0.3534085 -0.3888915
vn -0.8278636 0.4865848 -0.2790649
vn -0.7725396 0.6117986 -0.169956
vn -0.6870346 0.7239463 -0.06233195
vn -0.5749615 0.8172656 0.03868089
vn -0.4421076 0.8877408 0.1282849
vn -0.2914799 0.9350616 0.201741
vn -0.7754594 0.4548716 -0.4378978
vn -0.7389595 0.5883234 -0.328351
vn -0.6674756 0.711218 -0.2205569
vn -0.5668885 0.8158208 -0.1143412
vn -0.4424635 0.8966566 -0.01525742
vn -0.2969133 0.9525203 0.06743559
vn -0.685924 0.5479264 -0.4788372
vn -0.6359916 0.6774703 -0.369525
vn -0.5485249 0.7938994 -0.2623817
vn -0.434721 0.8867765 -0.1569879
vn -0.2968931 0.952484 -0.06803526
vn -0.5844932 0.630426 -0.5108138
vn -0.5212919 0.7529041 -0.4017341
vn -0.4195855 0.8586705 -0.2943347
vn -0.2914769 0.9351357 -0.2014015
vn -0.4727124 0.701372 -0.5334982
vn -0.3979777 0.8134371 -0.4241862
vn -0.2808072 0.9009328 -0.3308585
vn -0.3532017 0.7593294 -0.5465047
vn -0.2651887 0.8508523 -0.4535696
vn -0.2485186 0.7973927 -0.5499123
vn -0.07271814 0.6081629 0.7904745
vn -0.06316934 0.6659037 0.7433585
vn 0.05465131 0.6357563 0.7699528
vn 0.06918062 0.6964563 0.7142568
vn 0.2022124 0.7147894 0.6694672
vn 0.3083293 0.6604735 0.6846223
vn 0.3313146 0.7193951 0.6104927
vn 0.4275919 0.6555098 0.6224728
vn 0.454777 0.7102799 0.5372899
vn 0.5393098 0.6393024 0.5481218
vn 0.568442 0.6871669 0.4524106
vn 0.6405714 0.6123751 0.4633198
vn 0.6699081 0.6507255 0.3574626
vn 0.7567021 0.6017591 0.2555152
vn 0.8060393 0.5272438 0.2689138
vn 0.8268162 0.5424307 0.1488083
vn 0.8794677 0.474332 0.03931742
vn 0.9211122 0.3844675 -0.06113267
vn -0.08516115 0.7605388 0.6436836
vn 0.05341997 0.7943858 0.60506
vn 0.1923096 0.8131046 0.5494341
vn 0.3277636 0.8150326 0.4778
vn 0.4555112 0.7990801 0.3924035
vn 0.5713712 0.7654974 0.2958863
vn 0.6717604 0.7156138 0.1914024
vn 0.7537831 0.6519794 0.08206054
vn 0.8160036 0.5773057 -0.02926244
vn 0.8658833 0.4821452 -0.1333494
vn -0.1040695 0.8416501 0.5299006
vn 0.03930238 0.8766629 0.4794973
vn 0.1829983 0.892992 0.4111897
vn 0.3219092 0.8882785 0.3276213
vn 0.4511923 0.8619906 0.2310794
vn 0.5652895 0.8152567 0.1257155
vn 0.6609752 0.7502524 0.01526818
vn 0.7351025 0.6710175 -0.09674633
vn 0.794722 0.571792 -0.2036446
vn -0.1196956 0.9067398 0.4043464
vn 0.02722135 0.9398761 0.3404292
vn 0.1732711 0.9500225 0.2596813
vn 0.3132083 0.9352837 0.1647576
vn 0.4407137 0.8956425 0.05996639
vn 0.5501845 0.8335394 -0.05009276
vn 0.6383058 0.7526119 -0.1616823
vn 0.7090369 0.6512701 -0.270396
vn -0.1320126 0.9540266 0.2690838
vn 0.01694451 0.9812601 0.1919412
vn 0.1634667 0.9815119 0.09956386
vn 0.3016268 0.9534193 -0.003609852
vn 0.4245922 0.898372 -0.1124693
vn 0.5270765 0.8200139 -0.2230867
vn 0.609821 0.7193542 -0.3326379
vn -0.140634 0.9817129 0.1283045
vn 0.008744594 0.9992118 0.03871875
vn 0.1540047 0.9861056 -0.06227739
vn 0.2881013 0.9424096 -0.1698872
vn 0.4047872 0.8708127 -0.2789849
vn 0.4993487 0.7742625 -0.3888039
vn -0.1453903 0.9892569 -0.01523815
vn 0.002940497 0.9934414 -0.1143043
vn 0.1451609 0.9645238 -0.2205042
vn 0.2738264 0.9040176 -0.3282853
vn 0.3797031 0.8149458 -0.4378229
vn -0.1461307 0.9767326 -0.1569692
vn 0.0003027985 0.9649738 -0.2623461
vn 0.1384465 0.9188695 -0.3694748
vn 0.253156 0.8406458 -0.4787762
vn -0.1425991 0.9450095 -0.2943168
vn 0.001203618 0.9157705 -0.4017002
vn 0.1228169 0.8509008 -0.5107679
vn -0.1346625 0.8955147 -0.4241691
vn -0.009475182 0.8457671 -0.5334682
vn -0.140749 0.8255528 -0.546491
vn 0.9479389 0.2907896 -0.1298207
vn 0.924668 0.329437 -0.1909463
vn 0.9461555 0.2165577 -0.2406086
vn 0.9165216 0.2548534 -0.3082825
vn 0.8895745 0.17577 -0.4216187
vn 0.8912194 0.05904273 -0.4497133
vn 0.8437613 0.09335512 -0.5285375
vn 0.7799879 0.009241743 -0.6257266
vn 0.7702935 -0.1014062 -0.629575
vn 0.6993788 -0.07461801 -0.7108455
vn 0.6043738 -0.1561223 -0.7812543
vn 0.4975454 -0.2321681 -0.835791
vn 0.4866723 -0.3194374 -0.8130866
vn 0.3807606 -0.3025991 -0.8737593
vn 0.2582111 -0.3646421 -0.8946303
vn 0.1351967 -0.4335422 -0.8909339
vn 0.1469999 -0.4714128 -0.8695753
vn 0.8634952 0.4249973 -0.2715757
vn 0.8478845 0.3501893 -0.3980698
vn 0.8110934 0.2687625 -0.5195135
vn 0.7532295 0.1822679 -0.632
vn 0.6757441 0.09278367 -0.7312738
vn 0.580935 0.003095488 -0.8139442
vn 0.4719959 -0.08387178 -0.8776023
vn 0.3525458 -0.1649216 -0.9211474
vn 0.2261336 -0.2378013 -0.9446239
vn 0.09851413 -0.3158491 -0.9436813
vn 0.7845824 0.5123299 -0.3492112
vn 0.7586766 0.4369157 -0.4832335
vn 0.7094936 0.3527854 -0.6100504
vn 0.6383563 0.2617493 -0.7238706
vn 0.5469195 0.1666624 -0.8204285
vn 0.4391118 0.07161224 -0.895574
vn 0.3189916 -0.02031526 -0.9475399
vn 0.1910653 -0.1048719 -0.9759589
vn 0.05999191 -0.1922576 -0.9795092
vn 0.6892403 0.5892573 -0.4215728
vn 0.6502662 0.5125702 -0.5607368
vn 0.5874332 0.4251081 -0.6886258
vn 0.5022286 0.3290872 -0.7996675
vn 0.3982794 0.2284061 -0.8883718
vn 0.2803922 0.1279365 -0.9513215
vn 0.1531335 0.03175995 -0.987695
vn 0.02030678 -0.06493903 -0.9976827
vn 0.5787673 0.6542366 -0.4868294
vn 0.5254933 0.574782 -0.6272819
vn 0.448346 0.4828843 -0.7522026
vn 0.3506294 0.3812681 -0.8553911
vn 0.2371757 0.2749593 -0.9317431
vn 0.112617 0.1694877 -0.9790769
vn -0.02000856 0.06439754 -0.9977238
vn 0.4564816 0.7050341 -0.542726
vn 0.3881845 0.6214385 -0.6805344
vn 0.2982095 0.5236305 -0.798049
vn 0.1906048 0.4159754 -0.8891762
vn 0.07072137 0.3038849 -0.9500804
vn -0.05997832 0.1926217 -0.9794385
vn 0.3247651 0.7406613 -0.588174
vn 0.2428643 0.6511825 -0.7190121
vn 0.1422757 0.546584 -0.8252296
vn 0.02826404 0.4323344 -0.9012703
vn -0.09884501 0.3173033 -0.9431588
vn 0.187927 0.76018 -0.6219405
vn 0.09440461 0.6631805 -0.742482
vn -0.01334873 0.5508797 -0.834478
vn -0.1358771 0.4360958 -0.889583
vn 0.04869636 0.7634602 -0.6440164
vn -0.0530128 0.6576927 -0.7514188
vn -0.1702005 0.5461949 -0.8201847
vn -0.08951516 0.7507216 -0.6545258
vn -0.2013787 0.646201 -0.7361188
vn -0.2287614 0.7340279 -0.6394304
vn -0.005179198 -0.446743 -0.8946474
vn -0.1412792 -0.4653234 -0.8737932
vn -0.2188717 -0.5393615 -0.8131324
vn -0.2774035 -0.4737265 -0.8358414
vn -0.4085273 -0.4718524 -0.78132
vn -0.5330253 -0.4587691 -0.7109255
vn -0.5761682 -0.52111 -0.6296623
vn -0.6470171 -0.4355681 -0.6258191
vn -0.7473006 -0.4025927 -0.5286407
vn -0.766866 -0.4577969 -0.4498209
vn -0.8318411 -0.3608102 -0.4217303
vn -0.8989648 -0.3110495 -0.3084002
vn -0.9015982 -0.3594031 -0.2407284
vn -0.9480613 -0.254309 -0.1910678
vn -0.945258 -0.2993363 -0.1299435
vn -0.0508493 -0.3241393 -0.9446419
vn -0.1962856 -0.3359971 -0.921183
vn -0.3406375 -0.3371767 -0.877655
vn -0.479705 -0.3275152 -0.814013
vn -0.6086932 -0.3075866 -0.7313571
vn -0.7233123 -0.277983 -0.6320958
vn -0.8200879 -0.2396909 -0.5196194
vn -0.8966445 -0.1935956 -0.398183
vn -0.9520118 -0.140912 -0.2716935
vn -0.09752007 -0.1948265 -0.9759777
vn -0.2508378 -0.197936 -0.9475768
vn -0.401923 -0.1905456 -0.8956286
vn -0.5446535 -0.1735904 -0.8204994
vn -0.6739361 -0.1473037 -0.7239557
vn -0.7842149 -0.1128165 -0.6101473
vn -0.8725053 -0.07153792 -0.4833393
vn -0.9366897 -0.02420558 -0.3493229
vn -0.1439406 -0.06084064 -0.9877144
vn -0.3033125 -0.05400928 -0.9513593
vn -0.4574152 -0.03832137 -0.8884273
vn -0.6001719 -0.01454059 -0.7997389
vn -0.7248584 0.01605535 -0.6887109
vn -0.8262746 0.0523196 -0.5608325
vn -0.9019366 0.09327368 -0.4216761
vn -0.1888594 0.07551491 -0.9790965
vn -0.3512924 0.09152868 -0.9317813
vn -0.5050662 0.1145403 -0.8554466
vn -0.6432271 0.1426314 -0.7522734
vn -0.7589422 0.1744122 -0.6273652
vn -0.8479441 0.2095183 -0.486922
vn -0.2307532 0.2099126 -0.9500999
vn -0.3931015 0.2340291 -0.8892142
vn -0.5428291 0.2614714 -0.7981036
vn -0.6724573 0.2908272 -0.6806032
vn -0.7761741 0.3208046 -0.5428059
vn -0.2688077 0.3397346 -0.9012896
vn -0.4275527 0.3689635 -0.8252665
vn -0.5697719 0.3978767 -0.7190648
vn -0.6880249 0.4249658 -0.5882397
vn -0.3019316 0.4609259 -0.8344967
vn -0.4544214 0.4921067 -0.7425175
vn -0.5865097 0.5187814 -0.6219907
vn -0.3299946 0.571355 -0.7514367
vn -0.4738002 0.6005935 -0.6440504
vn -0.3528287 0.6686446 -0.6545429
vn -0.7042975 0.6532277 0.2779545
vn -0.7042968 0.6532288 0.2779535
vn -0.7042982 0.6532269 0.2779547
vn -0.7042987 0.6532259 0.2779558
vn -0.7042982 0.6532269 0.2779548
vn -0.7042984 0.6532257 0.2779564
vn -0.7042986 0.6532263 0.2779548
vn -0.704298 0.6532282 0.2779518
vn -0.7042981 0.6532278 0.2779524
vn -0.7042978 0.6532275 0.2779541
vn -0.7042976 0.653227 0.2779556
vn -0.7042965 0.6532269 0.2779588
vn -0.7042984 0.6532264 0.2779553
vn -0.7042983 0.653227 0.277954
vn -0.7042987 0.6532264 0.2779547
vn -0.7043 0.653226 0.2779519
vn -0.7042984 0.6532269 0.2779541
vn -0.7042974 0.6532276 0.2779548
vn -0.7042968 0.6532281 0.2779555
vn -0.7042963 0.6532285 0.2779555
vn -0.7042985 0.6532263 0.2779551
vn -0.7042994 0.6532257 0.2779544
vn -0.7042983 0.6532267 0.2779548
vn -0.7042992 0.6532257 0.2779548
vn -0.704298 0.6532272 0.2779543
vn -0.7042968 0.6532288 0.2779535
vn -0.7042975 0.6532277 0.2779545
vn -0.7042987 0.6532259 0.2779558
vn -0.7042982 0.6532269 0.2779548
vn -0.7042979 0.6532274 0.2779542
vn -0.7042981 0.6532267 0.2779552
vn -0.7042981 0.653227 0.2779544
vn -0.704298 0.6532269 0.2779551
vn -0.7042979 0.6532263 0.2779568
vn -0.7042981 0.6532265 0.2779557
vn -0.7042987 0.6532266 0.2779536
vn -0.704298 0.653227 0.2779551
vn -0.7042987 0.6532264 0.2779543
vn -0.7042983 0.653227 0.2779543
vn -0.7042969 0.6532273 0.2779565
vn -0.7042986 0.6532264 0.2779546
vn -0.7042995 0.6532258 0.2779538
vn -0.7042988 0.6532265 0.2779543
vn -0.7042983 0.6532267 0.2779546
vn -0.7042987 0.6532264 0.2779544
vn -0.7042975 0.6532276 0.2779545
vn -0.704298 0.653227 0.2779548
vn -0.7042991 0.6532258 0.2779548
vn -0.7042981 0.6532271 0.2779543
vn 0.5323184 0.2269038 0.8155686
vn 0.4662924 0.1304407 0.8749611
vn 0.4893485 0.1630676 0.8567072
vn 0.5522475 0.2581158 0.7927164
vn 0.5888979 0.3189551 0.7426084
vn 0.6056163 0.3485821 0.7153457
vn 0.6356281 0.4059097 0.6566692
vn 0.6489049 0.4336038 0.6252283
vn 0.6714982 0.4859828 0.5593843
vn 0.6808494 0.5106913 0.5250128
vn 0.6957768 0.5574712 0.4529025
vn 0.7013088 0.5795061 0.415137
vn 0.708234 0.6197609 0.3380845
vn 0.7096732 0.63802 0.298822
vn 0.7085298 0.671116 0.2181488
vn 0.705901 0.6859114 0.1767184
vn 0.6966585 0.711251 0.09375118
vn 0.6900893 0.7218374 0.05222762
vn 0.6729777 0.7389939 -0.031448
vn 0.6623998 0.7455263 -0.07360153
vn 0.6375937 0.754226 -0.1569002
vn 0.6233842 0.7564171 -0.1980537
vn 0.5915366 0.7564937 -0.2789299
vn 0.5739014 0.754384 -0.3186565
vn 0.5352923 0.7458541 -0.396439
vn 0.5143025 0.739408 -0.4344752
vn 0.4696889 0.7223804 -0.5075026
vn 0.4460852 0.7118255 -0.5425059
vn 0.3964435 0.6867232 -0.6092979
vn 0.370401 0.6721703 -0.6410852
vn 0.3161395 0.6391886 -0.7010663
vn 0.2879038 0.6207357 -0.7292453
vn 0.2303337 0.5806425 -0.7808975
vn 0.2010126 0.5590335 -0.8044101
vn 0.1409048 0.512395 -0.8471112
vn 0.1101111 0.4873348 -0.866245
vn 0.0485879 0.4349905 -0.8991233
vn 0.01786348 0.4077362 -0.9129252
vn -0.04403808 0.3505957 -0.9354911
vn -0.07521607 0.3206832 -0.9441953
vn -0.1364587 0.2596765 -0.956006
vn -0.1665268 0.2286036 -0.9591712
vn -0.2259578 0.16491 -0.960077
vn -0.2553107 0.1322787 -0.9577677
vn -0.3121442 0.06671164 -0.9476897
vn -0.3396381 0.03377386 -0.9399497
vn -0.3924909 -0.0320433 -0.9191976
vn -0.4178541 -0.06492456 -0.9061915
vn -0.4662922 -0.1304405 -0.8749611
vn -0.4893482 -0.1630672 -0.8567074
vn -0.5323182 -0.2269037 -0.8155686
vn -0.5522476 -0.2581162 -0.7927161
vn -0.5888984 -0.318956 -0.7426076
vn -0.6056166 -0.3485826 -0.7153451
vn -0.6356282 -0.4059098 -0.656669
vn -0.6489047 -0.4336034 -0.6252288
vn -0.6714982 -0.4859826 -0.5593845
vn -0.6808496 -0.5106918 -0.5250122
vn -0.6957768 -0.5574714 -0.4529021
vn -0.7013087 -0.579506 -0.4151372
vn -0.7082338 -0.6197603 -0.3380859
vn -0.7096732 -0.6380195 -0.2988233
vn -0.7085298 -0.6711159 -0.2181493
vn -0.7059011 -0.6859112 -0.1767194
vn -0.6966586 -0.7112507 -0.09375229
vn -0.6900894 -0.7218371 -0.05222878
vn -0.672978 -0.7389937 0.03144689
vn -0.6624001 -0.7455262 0.07360061
vn -0.6375936 -0.7542259 0.1569005
vn -0.623383 -0.7564173 0.1980572
vn -0.5915356 -0.7564936 0.2789322
vn -0.5739019 -0.7543842 0.3186553
vn -0.5352935 -0.7458544 0.3964368
vn -0.5143018 -0.7394079 0.4344762
vn -0.4696876 -0.7223799 0.5075047
vn -0.4460858 -0.7118258 0.5425048
vn -0.3964455 -0.6867243 0.6092954
vn -0.3704022 -0.6721711 0.6410838
vn -0.3161386 -0.6391881 0.7010672
vn -0.2879031 -0.6207353 0.729246
vn -0.2303332 -0.580642 0.780898
vn -0.2010121 -0.559033 0.8044106
vn -0.1409041 -0.5123944 0.8471117
vn -0.1101102 -0.4873342 0.8662456
vn -0.04858771 -0.4349904 0.8991234
vn -0.01786285 -0.4077356 0.9129254
vn 0.04403866 -0.3505951 0.9354912
vn 0.07521571 -0.3206836 0.9441953
vn 0.1364577 -0.2596775 0.9560058
vn 0.1665261 -0.2286045 0.9591712
vn 0.2259582 -0.1649096 0.960077
vn 0.2553116 -0.1322776 0.9577676
vn 0.3121449 -0.06671082 0.9476895
vn 0.3396383 -0.03377368 0.9399497
vn 0.3924907 0.03204288 0.9191977
vn 0.4178538 0.06492416 0.9061916
vn 0.5323153 0.2268953 0.8155729
vn 0.466287 0.1304305 0.8749655
vn 0.4893439 0.1630579 0.8567116
vn 0.552245 0.2581078 0.7927207
vn 0.5888961 0.3189474 0.7426131
vn 0.605615 0.3485746 0.7153506
vn 0.6356276 0.4059024 0.6566741
vn 0.6489046 0.4335958 0.6252341
vn 0.6714987 0.4859743 0.5593913
vn 0.6808505 0.5106841 0.5250186
vn 0.6957789 0.5574653 0.4529066
vn 0.7013109 0.5794995 0.4151427
vn 0.7082365 0.6197537 0.3380923
vn 0.709676 0.6380129 0.2988302
vn 0.7085334 0.6711101 0.2181552
vn 0.7059048 0.6859058 0.1767244
vn 0.696663 0.7112457 0.09375763
vn 0.690094 0.7218322 0.05223403
vn 0.6729828 0.7389895 -0.03144229
vn 0.6624051 0.7455221 -0.07359559
vn 0.6375992 0.7542224 -0.1568948
vn 0.6233894 0.7564139 -0.1980504
vn 0.5915425 0.7564908 -0.278925
vn 0.5739091 0.7543817 -0.3186482
vn 0.5353013 0.7458526 -0.3964295
vn 0.5143096 0.7394065 -0.4344694
vn 0.469696 0.7223792 -0.5074977
vn 0.4460947 0.7118257 -0.5424976
vn 0.3964545 0.6867248 -0.609289
vn 0.3704111 0.6721718 -0.6410781
vn 0.3161483 0.63919 -0.701061
vn 0.2879141 0.6207383 -0.7292389
vn 0.2303454 0.580647 -0.7808907
vn 0.2010241 0.5590382 -0.804404
vn 0.1409145 0.5123994 -0.8471069
vn 0.1101193 0.4873385 -0.866242
vn 0.04859681 0.4349956 -0.8991203
vn 0.01787331 0.4077425 -0.9129221
vn -0.04402742 0.3506037 -0.9354886
vn -0.07520608 0.3206908 -0.9441937
vn -0.1364493 0.2596844 -0.956005
vn -0.1665172 0.2286122 -0.9591708
vn -0.2259485 0.1649195 -0.9600777
vn -0.2553016 0.1322885 -0.9577688
vn -0.3121367 0.0667206 -0.9476915
vn -0.3396311 0.03378268 -0.9399519
vn -0.3924846 -0.03203408 -0.9192005
vn -0.4178478 -0.0649148 -0.9061951
vn -0.4662869 -0.1304308 -0.8749654
vn -0.4893435 -0.1630577 -0.8567118
vn -0.5323148 -0.2268946 -0.8155735
vn -0.5522445 -0.2581072 -0.792721
vn -0.5888959 -0.318947 -0.7426133
vn -0.6056148 -0.3485746 -0.7153508
vn -0.6356278 -0.405903 -0.6566737
vn -0.6489044 -0.433596 -0.6252341
vn -0.6714985 -0.4859742 -0.5593916
vn -0.6808502 -0.5106835 -0.5250196
vn -0.6957787 -0.5574651 -0.4529073
vn -0.7013109 -0.5795 -0.4151422
vn -0.7082365 -0.6197535 -0.3380928
vn -0.7096761 -0.6380132 -0.2988296
vn -0.7085333 -0.6711105 -0.2181545
vn -0.7059048 -0.6859062 -0.1767236
vn -0.6966629 -0.7112457 -0.0937578
vn -0.6900941 -0.7218322 -0.05223482
vn -0.6729829 -0.7389895 0.03144166
vn -0.6624054 -0.7455219 0.07359473
vn -0.6375992 -0.7542222 0.1568949
vn -0.6233892 -0.7564138 0.1980508
vn -0.5915425 -0.7564906 0.278925
vn -0.5739092 -0.7543817 0.3186482
vn -0.5353011 -0.7458526 0.39643
vn -0.5143095 -0.7394062 0.4344702
vn -0.4696958 -0.7223791 0.5074981
vn -0.4460946 -0.7118257 0.5424979
vn -0.3964536 -0.6867246 0.6092896
vn -0.3704102 -0.6721715 0.6410787
vn -0.3161484 -0.6391901 0.7010608
vn -0.287914 -0.6207383 0.729239
vn -0.2303447 -0.5806466 0.7808911
vn -0.2010224 -0.5590371 0.8044051
vn -0.1409139 -0.512399 0.8471072
vn -0.1101202 -0.4873392 0.8662413
vn -0.04859746 -0.434996 0.89912
vn -0.01787343 -0.4077424 0.9129221
vn 0.04402913 -0.3506019 0.9354891
vn 0.07520685 -0.3206902 0.9441938
vn 0.1364484 -0.2596854 0.956005
vn 0.1665157 -0.2286137 0.9591707
vn 0.2259474 -0.1649204 0.9600778
vn 0.255302 -0.1322878 0.9577687
vn 0.3121371 -0.06672002 0.9476914
vn 0.3396315 -0.03378246 0.9399518
vn 0.3924847 0.03203376 0.9192006
vn 0.4178477 0.06491424 0.9061951
vn 0.4305626 0.1894319 0.8824576
vn 0.4844292 0.2722438 0.8313915
vn 0.3965806 0.2185609 0.8916026
vn 0.4439997 0.3364875 0.8304461
vn 0.5403247 0.3674777 0.756974
vn 0.4958883 0.4375966 0.7500694
vn 0.5859842 0.4574866 0.6688265
vn 0.5372825 0.5323291 0.6541815
vn 0.6209385 0.5396127 0.5685539
vn 0.5671148 0.6179528 0.5445322
vn 0.6439773 0.6131297 0.4575646
vn 0.5847729 0.6923485 0.4227222
vn 0.6548049 0.6758488 0.338318
vn 0.5895505 0.752922 0.2924701
vn 0.6529433 0.7268005 0.2131338
vn 0.581356 0.7984939 0.1563095
vn 0.6386999 0.7648271 0.08427237
vn 0.5605981 0.8278779 0.01865201
vn 0.6121672 0.7894472 -0.04499298
vn 0.5277292 0.8412029 -0.1178125
vn 0.5744443 0.8000239 -0.1731351
vn 0.4836338 0.8388627 -0.2498155
vn 0.52583 0.7970302 -0.297062
vn 0.4433117 0.8108737 -0.3820454
vn 0.4774843 0.7841535 -0.3963735
vn 0.2927632 0.30088 0.9076129
vn 0.3378284 0.4260758 0.8392446
vn 0.3850853 0.535378 0.7517179
vn 0.4214937 0.6364724 0.6459458
vn 0.4458507 0.725811 0.5238471
vn 0.4575363 0.7997337 0.3886988
vn 0.4560924 0.8556322 0.2446902
vn 0.4416536 0.8919778 0.0965281
vn 0.4145363 0.9086109 -0.05085265
vn 0.3757235 0.9063202 -0.1934311
vn 0.3383874 0.8790883 -0.3357051
vn 0.1830099 0.3783205 0.9074035
vn 0.224501 0.5095289 0.8306502
vn 0.2651801 0.6250774 0.7341375
vn 0.2948543 0.7297316 0.6168897
vn 0.3129169 0.8182647 0.4822096
vn 0.3183528 0.887161 0.3340614
vn 0.3109283 0.933461 0.1788133
vn 0.2913183 0.9563789 0.02174642
vn 0.2597879 0.9567415 -0.130981
vn 0.2266973 0.9319354 -0.2830278
vn 0.06972717 0.4490661 0.8907738
vn 0.1063539 0.5843653 0.8044912
vn 0.1388071 0.7034306 0.6970782
vn 0.1610607 0.8071964 0.5678852
vn 0.1723585 0.8907387 0.4205678
vn 0.1723088 0.9497221 0.2614145
vn 0.1607991 0.9821297 0.0978004
vn 0.1382255 0.988323 -0.06412058
vn 0.1106719 0.9680256 -0.2251185
vn -0.04557374 0.5120587 0.8577406
vn -0.01470803 0.6486533 0.760942
vn 0.009479824 0.7670773 0.6414847
vn 0.02439784 0.8657357 0.4999065
vn 0.03021075 0.9393657 0.3415841
vn 0.02662445 0.9843235 0.1743512
vn 0.01300999 0.9998993 0.005675612
vn -0.008123156 0.986639 -0.1627194
vn -0.160098 0.56568 0.8089344
vn -0.1348652 0.7001215 0.7011715
vn -0.1187054 0.8137373 0.5689821
vn -0.1092565 0.9028358 0.4158733
vn -0.1069581 0.9626147 0.248863
vn -0.1119273 0.9907934 0.0761617
vn -0.1268405 0.98714 -0.09729362
vn -0.2716773 0.6089097 0.7452654
vn -0.2517725 0.7377669 0.626347
vn -0.2416376 0.8421755 0.4820286
vn -0.2356583 0.9179692 0.3190574
vn -0.2341423 0.9611832 0.1459599
vn -0.2432228 0.9695038 -0.0300824
vn -0.3782036 0.6409373 0.6679531
vn -0.3617511 0.7606487 0.5390267
vn -0.355254 0.8525039 0.3834472
vn -0.349785 0.9123117 0.2129266
vn -0.3550774 0.9340786 0.03764497
vn -0.4771764 0.6611094 0.5789965
vn -0.4627619 0.7690067 0.4409992
vn -0.4567162 0.8456453 0.2762145
vn -0.4597612 0.8819018 0.1042541
vn -0.5673302 0.6693009 0.4797635
vn -0.5524995 0.7633392 0.3347502
vn -0.5559269 0.8139024 0.1688441
vn -0.6467682 0.6654797 0.3725958
vn -0.641539 0.7317973 0.2300009
vn -0.7043166 0.6532042 0.2779615
vn 0.4197291 0.7644454 -0.4893372
vn 0.3518306 0.7983832 -0.4886712
vn 0.3431316 0.7289824 -0.5923221
vn 0.2661834 0.7608761 -0.5917888
vn 0.2590304 0.6809888 -0.6849508
vn 0.1729398 0.7088184 -0.6838629
vn 0.1698892 0.620841 -0.7653065
vn 0.07438227 0.6427881 -0.7624244
vn 0.07628572 0.5496908 -0.8318777
vn -0.02749017 0.5634092 -0.8257206
vn -0.01918571 0.4688415 -0.883074
vn -0.1294144 0.4729951 -0.8715088
vn -0.1149834 0.3800186 -0.9178044
vn -0.2294067 0.3733066 -0.8988965
vn -0.2090634 0.2846784 -0.9355485
vn -0.3243692 0.2676742 -0.9072681
vn -0.2995364 0.1854983 -0.9358784
vn -0.4129417 0.1584483 -0.8968687
vn -0.3846821 0.08335899 -0.9192774
vn -0.4934774 0.04853759 -0.8684033
vn -0.4632836 -0.01885284 -0.8860096
vn -0.553313 -0.07320507 -0.8297505
vn -0.5231942 -0.103524 -0.8459024
vn 0.2370749 0.8637393 -0.4446909
vn 0.1398085 0.8242382 -0.5487121
vn 0.03486776 0.767047 -0.6406429
vn -0.07484119 0.6925703 -0.7174575
vn -0.1854299 0.6022597 -0.7764657
vn -0.2932865 0.4987956 -0.8155895
vn -0.3950601 0.3856739 -0.8337765
vn -0.4882136 0.2671459 -0.8308313
vn -0.5710031 0.1469253 -0.8076933
vn -0.6345116 0.01606395 -0.7727464
vn 0.1153275 0.9123768 -0.39277
vn 0.006075427 0.8687784 -0.4951637
vn -0.1100801 0.8041643 -0.5841251
vn -0.2280706 0.7193444 -0.656146
vn -0.3439998 0.6165081 -0.7082245
vn -0.4528828 0.5000753 -0.7381206
vn -0.5513793 0.3742775 -0.7455853
vn -0.637158 0.2448709 -0.7307996
vn -0.7048227 0.1056188 -0.7014769
vn -0.01048426 0.942654 -0.333607
vn -0.1313943 0.8923953 -0.4317015
vn -0.2560399 0.8181716 -0.5148193
vn -0.3794907 0.7212559 -0.5794625
vn -0.4958614 0.6054382 -0.6225481
vn -0.6003411 0.4764116 -0.6423573
vn -0.6901817 0.3397152 -0.6389389
vn -0.7625188 0.1934407 -0.6173702
vn -0.1379036 0.9535536 -0.2678024
vn -0.2679564 0.8938562 -0.3594726
vn -0.3981419 0.8078131 -0.4346505
vn -0.5220346 0.6979149 -0.4903008
vn -0.6334994 0.5695986 -0.5236754
vn -0.7289115 0.4292933 -0.5332873
vn -0.8066428 0.2782978 -0.5214192
vn -0.2628416 0.9444475 -0.1973153
vn -0.3991562 0.8728788 -0.280637
vn -0.5302749 0.7735345 -0.3470634
vn -0.6496556 0.6506688 -0.3931636
vn -0.7519224 0.5106015 -0.4170118
vn -0.8359731 0.3580891 -0.4158381
vn -0.3828548 0.9155128 -0.123525
vn -0.5209109 0.8303649 -0.1978533
vn -0.6484385 0.7172384 -0.2551408
vn -0.7587658 0.5820531 -0.2923847
vn -0.8499409 0.4313011 -0.3026218
vn -0.4942514 0.8679447 -0.04886286
vn -0.6299937 0.7681264 -0.1144113
vn -0.7494292 0.6415818 -0.1634894
vn -0.8482982 0.4965538 -0.1839143
vn -0.5953742 0.8030611 0.02495163
vn -0.7243199 0.6886754 -0.03297136
vn -0.8312497 0.5523606 -0.06262308
vn -0.6843132 0.7228559 0.09589021
vn -0.7992221 0.5980785 0.05955059
vn -0.7531196 0.6328156 0.1798758
vn -0.579828 -0.1837709 -0.793743
vn -0.6382537 -0.1563344 -0.753785
vn -0.6387612 -0.276185 -0.7181267
vn -0.7002286 -0.2480876 -0.669427
vn -0.6874313 -0.3634022 -0.6287901
vn -0.7501807 -0.334882 -0.5701607
vn -0.7240165 -0.4440149 -0.5278741
vn -0.7862723 -0.4146996 -0.4580395
vn -0.7483898 -0.5162941 -0.4163571
vn -0.8071759 -0.4860831 -0.3349483
vn -0.7594975 -0.5787529 -0.2969995
vn -0.8119521 -0.5466564 -0.2046969
vn -0.7573541 -0.6299655 -0.1719252
vn -0.8005095 -0.5952398 -0.06981615
vn -0.7417812 -0.6692238 -0.04359067
vn -0.7734896 -0.6304293 0.06536667
vn -0.7136155 -0.695358 0.08502933
vn -0.7320621 -0.6516913 0.1984531
vn -0.6728796 -0.7087285 0.2119836
vn -0.677878 -0.6587074 0.3264752
vn -0.6212232 -0.7085554 0.3347106
vn -0.6000363 -0.6655167 0.4438964
vn -0.5701122 -0.6982439 0.4329292
vn -0.7232978 -0.06858603 -0.6871217
vn -0.7899754 -0.1598764 -0.5919277
vn -0.8418707 -0.2466044 -0.4800418
vn -0.8764612 -0.3264492 -0.353902
vn -0.8916575 -0.3971113 -0.2173698
vn -0.8866974 -0.4562683 -0.0747465
vn -0.8620173 -0.5021089 0.06937535
vn -0.8194073 -0.5331077 0.2106367
vn -0.7611728 -0.5488283 0.3455485
vn -0.6801178 -0.5621431 0.4705688
vn -0.7958314 0.02033202 -0.605177
vn -0.8646848 -0.06908454 -0.4975416
vn -0.9153076 -0.1543057 -0.3720242
vn -0.9441795 -0.2328095 -0.2330771
vn -0.9496111 -0.301705 -0.08492907
vn -0.9313695 -0.3580332 0.06605352
vn -0.8908065 -0.4003811 0.2148462
vn -0.8310952 -0.4268755 0.3564522
vn -0.7484847 -0.4479931 0.4889509
vn -0.8535209 0.1085713 -0.5096219
vn -0.921275 0.02224947 -0.3882752
vn -0.9663435 -0.06035286 -0.2500759
vn -0.9856216 -0.1364877 -0.09960572
vn -0.9775789 -0.2028779 0.05639376
vn -0.9432466 -0.256447 0.2110001
vn -0.8853702 -0.2953788 0.358986
vn -0.803442 -0.3255109 0.4985214
vn -0.8946698 0.1947221 -0.4020562
vn -0.9570517 0.1117271 -0.2675242
vn -0.9925138 0.03212401 -0.1178325
vn -0.9983175 -0.04150616 0.04048915
vn -0.9741774 -0.1055197 0.1996098
vn -0.9223606 -0.1565203 0.3532034
vn -0.8440618 -0.1962767 0.4990343
vn -0.9176787 0.2760281 -0.2857872
vn -0.9705882 0.1965029 -0.1390879
vn -0.9926943 0.1191488 0.01902068
vn -0.9823235 0.04762661 0.1810314
vn -0.9405931 -0.0146393 0.3392203
vn -0.8692011 -0.06336386 0.4903821
vn -0.9221009 0.3509072 -0.1630771
vn -0.9617404 0.2738706 -0.007107074
vn -0.9677145 0.1980791 0.1558635
vn -0.9397124 0.1274954 0.31731
vn -0.8783705 0.07071221 0.4727212
vn -0.9080982 0.4170411 -0.03787299
vn -0.9317489 0.3411002 0.1244773
vn -0.9200531 0.2653823 0.2882268
vn -0.8714104 0.2034155 0.4463924
vn -0.8766111 0.4731604 0.08759171
vn -0.8826525 0.3965217 0.2523792
vn -0.8486575 0.3315692 0.4121194
vn -0.8290878 0.5179791 0.2105023
vn -0.8106261 0.4534693 0.370474
vn -0.7583502 0.5664949 0.3224728
vn -0.515126 -0.6759686 0.5269834
vn -0.5460768 -0.6182262 0.5653287
vn -0.4415691 -0.6376851 0.6311693
vn -0.4705183 -0.5713615 0.6724274
vn -0.3604788 -0.5868983 0.7249866
vn -0.3858354 -0.5113648 0.7678783
vn -0.2729726 -0.5252361 0.8059858
vn -0.2935442 -0.4395282 0.8489092
vn -0.1807025 -0.4528517 0.8730819
vn -0.1949183 -0.357136 0.9134883
vn -0.08551115 -0.3717402 0.9243902
vn -0.09299539 -0.2667225 0.9592763
vn 0.01056944 -0.2831816 0.9590082
vn 0.01024362 -0.1700471 0.9853827
vn 0.1059853 -0.1890787 0.9762257
vn 0.1114669 -0.07022277 0.991284
vn 0.1980874 -0.09141195 0.9759127
vn 0.2085979 0.0310639 0.9775081
vn 0.2862422 0.007936058 0.9581245
vn 0.2992222 0.1316184 0.9450623
vn 0.3678839 0.107327 0.9236572
vn -0.6225258 -0.5062435 0.5968075
vn -0.5446858 -0.4487267 0.7084925
vn -0.4552443 -0.3771683 0.8065339
vn -0.3557758 -0.2931951 0.8873896
vn -0.2487024 -0.199625 0.9477854
vn -0.1373356 -0.09942202 0.9855224
vn -0.02532579 0.004202682 0.9996704
vn 0.08331727 0.108361 0.9906141
vn 0.1855321 0.2105668 0.9598122
vn -0.6866418 -0.3825056 0.6182334
vn -0.6055736 -0.3127705 0.7317482
vn -0.5103773 -0.2287238 0.8289756
vn -0.4032029 -0.1338713 0.9052657
vn -0.2872784 -0.03103633 0.9573442
vn -0.1675839 0.0753632 0.9829732
vn -0.04813531 0.181724 0.9821709
vn 0.06582317 0.2849945 0.9562664
vn -0.7366673 -0.2497047 0.6284654
vn -0.6510656 -0.1667022 0.7404891
vn -0.549246 -0.07131165 0.8326125
vn -0.4337898 0.03301277 0.9004092
vn -0.3094375 0.1414214 0.9403449
vn -0.1821403 0.2492804 0.9511489
vn -0.05699353 0.3532288 0.9337994
vn -0.7714527 -0.1101685 0.6266768
vn -0.6796094 -0.01504011 0.7334201
vn -0.5699812 0.09006197 0.8167071
vn -0.4460972 0.1999603 0.8723608
vn -0.314084 0.3092182 0.8976278
vn -0.1804738 0.4140896 0.8921655
vn -0.7896845 0.03171455 0.6126929
vn -0.6901375 0.1373747 0.71052
vn -0.5716903 0.248463 0.781944
vn -0.4396495 0.3595832 0.8230482
vn -0.3006259 0.4655562 0.8323951
vn -0.7910069 0.1731723 0.5867875
vn -0.6824728 0.2856927 0.6727635
vn -0.5549499 0.3988165 0.7300521
vn -0.4151112 0.5066279 0.7556526
vn -0.7755955 0.3097531 0.5500044
vn -0.6570174 0.4254831 0.6223282
vn -0.5204259 0.5361118 0.6646359
vn -0.7440013 0.4391072 0.5036339
vn -0.6150571 0.5534946 0.5615591
vn -0.6972771 0.5584637 0.4493584
vn 0.2083534 0.9377086 0.2780135
vn 0.2083515 0.9377092 0.2780127
vn 0.2083537 0.9377084 0.2780139
vn 0.2083553 0.937708 0.278014
vn 0.2083539 0.9377083 0.2780141
vn 0.2083554 0.9377081 0.2780137
vn 0.2083545 0.9377081 0.2780143
vn 0.2083512 0.9377087 0.2780148
vn 0.2083517 0.9377086 0.2780148
vn 0.2083527 0.9377086 0.278014
vn 0.2083539 0.9377085 0.2780133
vn 0.2083558 0.9377087 0.2780111
vn 0.2083544 0.9377082 0.2780139
vn 0.2083538 0.9377087 0.2780131
vn 0.2083543 0.9377081 0.2780145
vn 0.2083522 0.9377074 0.2780183
vn 0.2083532 0.9377081 0.2780148
vn 0.2083531 0.9377087 0.2780133
vn 0.2083531 0.9377092 0.2780117
vn 0.2083528 0.9377094 0.278011
vn 0.2083543 0.9377083 0.2780139
vn 0.2083547 0.9377076 0.2780156
vn 0.2083541 0.9377083 0.2780143
vn 0.2083547 0.9377078 0.2780151
vn 0.2083527 0.9377087 0.2780137
vn 0.2083517 0.9377091 0.2780129
vn 0.2083531 0.9377086 0.2780135
vn 0.2083551 0.937708 0.2780139
vn 0.2083539 0.9377083 0.2780141
vn 0.2083555 0.937708 0.2780136
vn 0.2083546 0.9377081 0.2780144
vn 0.2083512 0.9377087 0.2780148
vn 0.2083519 0.9377085 0.2780147
vn 0.2083525 0.9377086 0.2780142
vn 0.2083537 0.9377086 0.2780135
vn 0.208356 0.9377088 0.2780109
vn 0.2083544 0.9377082 0.2780139
vn 0.2083538 0.9377086 0.2780132
vn 0.2083543 0.9377081 0.2780145
vn 0.2083522 0.9377074 0.2780183
vn 0.2083532 0.9377081 0.2780148
vn 0.2083531 0.9377087 0.2780133
vn 0.2083531 0.9377092 0.2780117
vn 0.2083528 0.9377094 0.278011
vn 0.2083544 0.9377081 0.2780141
vn 0.2083546 0.9377076 0.2780156
vn 0.2083539 0.9377083 0.2780142
vn 0.2083547 0.9377078 0.2780151
vn 0.2083526 0.9377088 0.2780136
vn 0.3808435 0.1840354 -0.9061398
vn 0.495435 0.143897 -0.8566434
vn 0.4579259 0.1576451 -0.8749012
vn 0.3412902 0.196682 -0.9191504
vn 0.2604024 0.2208113 -0.9399112
vn 0.2190638 0.2322932 -0.9476557
vn 0.135042 0.2539543 -0.9577427
vn 0.09234741 0.2641275 -0.9600567
vn 0.007250087 0.282771 -0.9591602
vn -0.03514845 0.2912552 -0.9559996
vn -0.1202093 0.3066575 -0.9441986
vn -0.1628622 0.313556 -0.9354992
vn -0.2462713 0.3254024 -0.9129425
vn -0.2870421 0.3303712 -0.899145
vn -0.3674126 0.3384852 -0.8662771
vn -0.406995 0.3416089 -0.8471473
vn -0.4829627 0.3458316 -0.8044549
vn -0.5193728 0.3469521 -0.7809458
vn -0.5895333 0.3472305 -0.7293021
vn -0.6232556 0.3463704 -0.7011278
vn -0.6866561 0.3426764 -0.6411525
vn -0.7163572 0.3398531 -0.6093706
vn -0.7714769 0.3323003 -0.5425865
vn -0.7969013 0.3275728 -0.507587
vn -0.8432991 0.3162317 -0.4345623
vn -0.8642395 0.3096076 -0.3965267
vn -0.9008641 0.2946867 -0.3187533
vn -0.9165788 0.2864011 -0.2790301
vn -0.9427524 0.2682389 -0.1981565
vn -0.9532054 0.2583598 -0.1570022
vn -0.9686846 0.237103 -0.07370637
vn -0.9736821 0.2257156 -0.03155368
vn -0.9780242 0.2018715 0.05212159
vn -0.9774196 0.1894264 0.09364273
vn -0.9706368 0.1633206 0.1766088
vn -0.9643981 0.1496505 0.2180395
vn -0.9465426 0.1217631 0.2987157
vn -0.9349878 0.1075544 0.337979
vn -0.9064263 0.07836247 0.4150311
vn -0.8893579 0.06337209 0.4527986
vn -0.8505015 0.0333564 0.5249139
vn -0.8287702 0.01833571 0.5592887
vn -0.7804242 -0.0119305 0.6251367
vn -0.7537673 -0.02717635 0.6565794
vn -0.6965039 -0.05729953 0.7152618
vn -0.6659163 -0.07218012 0.7425266
vn -0.6011939 -0.1014204 0.792641
vn -0.5670614 -0.1157817 0.8154974
vn -0.4954342 -0.1438973 0.8566438
vn -0.4579251 -0.1576454 0.8749015
vn -0.3808435 -0.1840354 0.9061398
vn -0.3412912 -0.1966817 0.9191501
vn -0.2604035 -0.220811 0.9399111
vn -0.2190643 -0.2322931 0.9476556
vn -0.135042 -0.2539543 0.9577427
vn -0.09234741 -0.2641275 0.9600567
vn -0.007250615 -0.2827709 0.9591602
vn 0.03514844 -0.2912552 0.9559996
vn 0.1202098 -0.3066576 0.9441985
vn 0.1628627 -0.3135561 0.935499
vn 0.2462713 -0.3254024 0.9129425
vn 0.2870421 -0.3303712 0.899145
vn 0.3674131 -0.3384852 0.8662769
vn 0.4069955 -0.3416089 0.8471471
vn 0.4829626 -0.3458316 0.8044549
vn 0.5193724 -0.3469519 0.780946
vn 0.5895329 -0.3472303 0.7293025
vn 0.6232553 -0.3463703 0.701128
vn 0.686656 -0.3426763 0.6411525
vn 0.7163574 -0.3398531 0.6093704
vn 0.771477 -0.3323003 0.5425862
vn 0.7969013 -0.3275729 0.507587
vn 0.843299 -0.3162317 0.4345625
vn 0.8642394 -0.3096077 0.396527
vn 0.9008641 -0.2946868 0.3187533
vn 0.9165788 -0.2864011 0.27903
vn 0.9427524 -0.2682389 0.1981565
vn 0.9532055 -0.2583598 0.1570023
vn 0.9686846 -0.2371029 0.0737064
vn 0.9736822 -0.2257155 0.0315537
vn 0.9780243 -0.2018714 -0.05212157
vn 0.9774194 -0.1894265 -0.09364272
vn 0.9706368 -0.1633207 -0.1766088
vn 0.9643981 -0.1496506 -0.2180395
vn 0.9465426 -0.1217632 -0.2987157
vn 0.9349878 -0.1075544 -0.337979
vn 0.9064263 -0.07836254 -0.4150311
vn 0.8893578 -0.06337202 -0.4527988
vn 0.8505014 -0.03335623 -0.5249143
vn 0.8287702 -0.01833564 -0.5592887
vn 0.7804245 0.0119304 -0.6251365
vn 0.7537675 0.0271762 -0.6565791
vn 0.6965038 0.0572995 -0.7152618
vn 0.6659163 0.07218012 -0.7425266
vn 0.6011939 0.1014204 -0.7926411
vn 0.5670617 0.1157815 -0.8154972
vn 0.380833 0.1840411 -0.906143
vn 0.4954263 0.1439031 -0.8566474
vn 0.4579161 0.1576512 -0.8749051
vn 0.3412804 0.1966871 -0.9191529
vn 0.2603927 0.2208157 -0.9399129
vn 0.2190531 0.2322974 -0.947657
vn 0.13503 0.2539579 -0.9577434
vn 0.09233464 0.2641309 -0.9600569
vn 0.007237015 0.2827737 -0.9591595
vn -0.03516208 0.2912577 -0.9559982
vn -0.1202229 0.3066594 -0.9441962
vn -0.1628747 0.3135574 -0.9354965
vn -0.2462823 0.3254027 -0.9129394
vn -0.2870515 0.330371 -0.8991421
vn -0.3674228 0.3384842 -0.8662732
vn -0.4070059 0.3416075 -0.8471425
vn -0.4829746 0.3458296 -0.8044485
vn -0.519384 0.3469499 -0.7809394
vn -0.589543 0.3472275 -0.7292957
vn -0.6232642 0.3463671 -0.7011217
vn -0.6866637 0.3426725 -0.6411464
vn -0.7163671 0.3398488 -0.6093613
vn -0.7714856 0.3322954 -0.5425771
vn -0.7969075 0.3275678 -0.5075805
vn -0.843303 0.3162265 -0.4345582
vn -0.8642441 0.3096021 -0.3965208
vn -0.9008694 0.2946803 -0.3187443
vn -0.9165829 0.2863948 -0.2790234
vn -0.942755 0.2682328 -0.1981523
vn -0.9532078 0.2583537 -0.1569981
vn -0.9686865 0.2370966 -0.07370159
vn -0.9736838 0.2257093 -0.03154951
vn -0.9780254 0.2018651 0.05212545
vn -0.9774203 0.1894193 0.09364887
vn -0.9706367 0.1633128 0.1766167
vn -0.9643976 0.1496429 0.2180468
vn -0.9465417 0.1217564 0.2987209
vn -0.9349866 0.1075474 0.3379849
vn -0.9064239 0.07835513 0.4150379
vn -0.8893549 0.06336424 0.4528057
vn -0.8504985 0.03334918 0.5249194
vn -0.8287668 0.01832854 0.5592938
vn -0.7804202 -0.01193733 0.6251416
vn -0.7537636 -0.02718259 0.6565834
vn -0.6964988 -0.05730578 0.7152662
vn -0.6659095 -0.07218682 0.7425319
vn -0.601185 -0.1014275 0.792647
vn -0.5670533 -0.115788 0.8155022
vn -0.495426 -0.1439029 0.8566476
vn -0.4579155 -0.1576512 0.8749055
vn -0.3808321 -0.1840411 0.9061435
vn -0.3412795 -0.1966871 0.9191532
vn -0.2603925 -0.2208155 0.939913
vn -0.2190537 -0.232297 0.947657
vn -0.1350298 -0.253958 0.9577435
vn -0.09233443 -0.2641312 0.9600569
vn -0.007237175 -0.2827739 0.9591593
vn 0.03516178 -0.2912577 0.9559982
vn 0.1202216 -0.306659 0.9441965
vn 0.1628738 -0.3135571 0.9354969
vn 0.2462819 -0.3254026 0.9129395
vn 0.2870525 -0.3303711 0.8991418
vn 0.3674234 -0.3384843 0.8662728
vn 0.4070047 -0.3416076 0.8471432
vn 0.4829737 -0.3458297 0.8044491
vn 0.519384 -0.3469498 0.7809393
vn 0.5895444 -0.3472274 0.7292947
vn 0.6232651 -0.3463667 0.701121
vn 0.6866639 -0.3426722 0.6411464
vn 0.7163668 -0.3398486 0.6093618
vn 0.7714847 -0.3322954 0.5425782
vn 0.7969072 -0.3275681 0.5075808
vn 0.8433033 -0.3162268 0.4345577
vn 0.8642447 -0.3096021 0.3965195
vn 0.90087 -0.2946802 0.318743
vn 0.9165829 -0.286395 0.2790228
vn 0.9427547 -0.2682332 0.1981529
vn 0.9532076 -0.2583542 0.1569989
vn 0.9686864 -0.2370968 0.07370139
vn 0.9736839 -0.2257091 0.03154809
vn 0.9780253 -0.2018645 -0.05212783
vn 0.9774202 -0.1894189 -0.09365001
vn 0.9706367 -0.1633127 -0.1766168
vn 0.9643978 -0.149643 -0.2180461
vn 0.9465419 -0.1217561 -0.2987203
vn 0.9349866 -0.107547 -0.3379848
vn 0.9064229 -0.07835393 -0.4150401
vn 0.8893538 -0.06336343 -0.4528079
vn 0.8504982 -0.03334913 -0.5249197
vn 0.828768 -0.01832955 -0.5592923
vn 0.7804213 0.0119364 -0.6251402
vn 0.7537633 0.02718253 -0.6565837
vn 0.6964986 0.05730574 -0.7152663
vn 0.6659098 0.07218663 -0.7425317
vn 0.6011862 0.101427 -0.7926461
vn 0.5670544 0.1157877 -0.8155016
vn 0.489451 0.2121286 -0.8458365
vn 0.3920465 0.2477612 -0.8859538
vn 0.4970064 0.2541897 -0.8296822
vn 0.3785987 0.3203708 -0.8683465
vn 0.2692922 0.2872085 -0.919235
vn 0.2498775 0.3650548 -0.8968257
vn 0.1411927 0.3228774 -0.9358498
vn 0.1149307 0.4046078 -0.9072396
vn 0.0103888 0.3530836 -0.9355343
vn -0.02323475 0.4375722 -0.8988831
vn -0.1212034 0.3780797 -0.9178048
vn -0.1621639 0.4627868 -0.871511
vn -0.2505079 0.3967364 -0.8830891
vn -0.2974153 0.4792712 -0.8257381
vn -0.3750152 0.4090164 -0.831907
vn -0.4263557 0.4867037 -0.7624569
vn -0.4924761 0.414376 -0.7653494
vn -0.5449855 0.4850349 -0.6839094
vn -0.600015 0.4132169 -0.6850064
vn -0.6513043 0.4748873 -0.5918487
vn -0.6965016 0.404919 -0.5923903
vn -0.7431067 0.4570817 -0.4887423
vn -0.7796961 0.390573 -0.4894148
vn -0.8254952 0.4153754 -0.382127
vn -0.8384305 0.3739716 -0.3964592
vn 0.5130934 0.3737824 -0.7726719
vn 0.3864814 0.4453818 -0.8076307
vn 0.2500471 0.4972683 -0.8307833
vn 0.106044 0.5418726 -0.833744
vn -0.04198276 0.5771291 -0.8155732
vn -0.1895302 0.6009816 -0.7764661
vn -0.3318542 0.6124572 -0.7174741
vn -0.4644593 0.6114023 -0.6406752
vn -0.5833209 0.5988324 -0.548759
vn -0.6858166 0.5760662 -0.4447507
vn -0.7779197 0.5311255 -0.3357777
vn 0.5200563 0.4874242 -0.7013981
vn 0.3852564 0.5635659 -0.7307333
vn 0.241142 0.6213131 -0.745534
vn 0.08861012 0.6688634 -0.7380854
vn -0.06714964 0.7028047 -0.7082067
vn -0.2209846 0.7215531 -0.6561455
vn -0.3662811 0.7243042 -0.5841418
vn -0.4985885 0.7114704 -0.4951963
vn -0.613275 0.6852653 -0.392817
vn -0.7160457 0.6380743 -0.2830896
vn 0.5176226 0.5924718 -0.6172876
vn 0.3749865 0.6717369 -0.6388698
vn 0.2233859 0.7331743 -0.6423038
vn 0.06409497 0.7799813 -0.6225118
vn -0.09747858 0.8091615 -0.5794442
vn -0.2541403 0.8187637 -0.5148191
vn -0.3988937 0.8090135 -0.4317186
vn -0.5269576 0.7816647 -0.3336404
vn -0.6410837 0.733697 -0.2251675
vn 0.5057045 0.6873678 -0.5213335
vn 0.3559451 0.767452 -0.5332172
vn 0.1977077 0.8286931 -0.5236214
vn 0.03307071 0.870946 -0.4902646
vn -0.1313305 0.8909805 -0.4346333
vn -0.2873577 0.8878086 -0.3594739
vn -0.4283075 0.8630322 -0.2678212
vn -0.5539134 0.8165113 -0.1627551
vn 0.4844892 0.7696877 -0.4157538
vn 0.3286662 0.8474303 -0.4169417
vn 0.1649221 0.9045798 -0.3931108
vn -0.003133195 0.9378491 -0.3470291
vn -0.1674849 0.9450926 -0.280622
vn -0.3203323 0.9265271 -0.197319
vn -0.4565152 0.8843777 -0.09731498
vn 0.4543695 0.8378664 -0.3025364
vn 0.2936833 0.9101105 -0.2923166
vn 0.1260786 0.9586621 -0.2550904
vn -0.04314778 0.9792878 -0.1978222
vn -0.2051427 0.9709072 -0.1235134
vn -0.3507331 0.935992 -0.03008938
vn 0.4159273 0.8906236 -0.1838317
vn 0.2521606 0.9537859 -0.163424
vn 0.0819691 0.9900514 -0.1143648
vn -0.0864562 0.995058 -0.04883622
vn -0.2385686 0.9703954 0.03765248
vn 0.3701733 0.9268549 -0.06254445
vn 0.2047243 0.9782662 -0.03291062
vn 0.03361463 0.9991223 0.02499246
vn -0.1227862 0.9869398 0.1042759
vn 0.3178271 0.9462722 0.0596224
vn 0.152366 0.983656 0.09594399
vn -0.005022975 0.9856239 0.1688795
vn 0.2601379 0.9486565 0.1799415
vn 0.1120714 0.9667042 0.23005
vn 0.2083821 0.9376997 0.2780218
vn -0.8855416 0.3570939 -0.2971534
vn -0.8745946 0.4154907 -0.2499041
vn -0.9272612 0.3319295 -0.1732325
vn -0.9122254 0.392356 -0.1179056
vn -0.9523085 0.3017867 -0.04509444
vn -0.9317173 0.3627102 0.01855521
vn -0.9601679 0.2664461 0.08416859
vn -0.9321187 0.3267306 0.1562113
vn -0.9502967 0.2270574 0.2130288
vn -0.9129834 0.2845698 0.2923724
vn -0.9228914 0.1840678 0.3382168
vn -0.8746485 0.2374342 0.4226289
vn -0.8783587 0.1386028 0.4574664
vn -0.8178608 0.1862443 0.5444417
vn -0.8176408 0.09119429 0.5684604
vn -0.7446728 0.1327318 0.6540985
vn -0.7422246 0.04347115 0.6687399
vn -0.6567941 0.07829545 0.7499943
vn -0.6535189 -0.004653308 0.756896
vn -0.5566538 0.0245751 0.8303812
vn -0.5534189 -0.05126243 0.8313242
vn -0.4506336 -0.04552313 0.8915476
vn -0.4620445 -0.08880145 0.8823997
vn -0.8241336 0.5323139 -0.1935094
vn -0.8573906 0.5121399 -0.05093421
vn -0.870271 0.4830395 0.096443
vn -0.8615181 0.4449216 0.2446047
vn -0.830961 0.3980977 0.3886157
vn -0.7793577 0.3439028 0.5237676
vn -0.7085665 0.2842232 0.6458722
vn -0.6211758 0.2217178 0.7516529
vn -0.5201929 0.1586236 0.8391889
vn -0.4119803 0.08120531 0.907567
vn -0.7573887 0.639679 -0.1310465
vn -0.783147 0.6214588 0.02167729
vn -0.7862799 0.5914518 0.1787421
vn -0.7660998 0.5491276 0.333991
vn -0.7224969 0.4955168 0.4821425
vn -0.6573443 0.4329229 0.6168277
vn -0.5734737 0.3636614 0.7340834
vn -0.4743557 0.2916891 0.8306049
vn -0.3656687 0.2072927 0.9073679
vn -0.6753098 0.7347372 -0.06417312
vn -0.6903859 0.7168078 0.09774496
vn -0.681462 0.6835942 0.2613592
vn -0.6480065 0.6350238 0.4205145
vn -0.5912576 0.5726922 0.5678365
vn -0.5140002 0.499945 0.6970358
vn -0.419654 0.420404 0.8044571
vn -0.3126463 0.329877 0.890749
vn -0.5788581 0.8154088 0.005636898
vn -0.581231 0.7948496 0.1743118
vn -0.5586562 0.7558105 0.3415462
vn -0.5120545 0.6985189 0.4998717
vn -0.4437369 0.6258057 0.6414554
vn -0.3565576 0.5420958 0.7609198
vn -0.2535558 0.447229 0.8577271
vn -0.4708833 0.8789039 0.0761384
vn -0.4589813 0.852886 0.2488405
vn -0.4231431 0.8049946 0.4158529
vn -0.3647593 0.7370402 0.5689661
vn -0.2869197 0.6527247 0.7011616
vn -0.1897779 0.5564285 0.8089325
vn -0.3534979 0.9239789 0.1459522
vn -0.3277165 0.8892739 0.3190514
vn -0.2797489 0.830296 0.482026
vn -0.2121002 0.7501332 0.6263496
vn -0.1225171 0.6554043 0.7452751
vn -0.2305763 0.9494701 0.2129343
vn -0.1921127 0.9033564 0.3834579
vn -0.1345918 0.8314562 0.5390414
vn -0.05304731 0.7422914 0.6679742
vn -0.1047109 0.9553682 0.2762374
vn -0.05620916 0.8957328 0.4410255
vn 0.01694465 0.815131 0.5790288
vn 0.0208677 0.9420627 0.3347872
vn 0.08648808 0.8731014 0.4798059
vn 0.1540402 0.9150986 0.3726477
vn -0.3638192 -0.1207512 0.9236096
vn -0.3211238 -0.06174885 0.9450221
vn -0.2401668 -0.1561502 0.9580904
vn -0.1894183 -0.0930012 0.9774823
vn -0.1111773 -0.1878124 0.9758927
vn -0.05194039 -0.1211583 0.9912735
vn 0.02010715 -0.2158476 0.9762201
vn 0.08807646 -0.1457859 0.9853877
vn 0.1520955 -0.2390667 0.9590173
vn 0.2279651 -0.1666763 0.9592971
vn 0.2814826 -0.2573451 0.924414
vn 0.3632151 -0.183161 0.9135246
vn 0.4059084 -0.27 0.87312
vn 0.4911968 -0.1949179 0.8489599
vn 0.522974 -0.2771323 0.8060372
vn 0.6079688 -0.2015871 0.7679433
vn 0.6300267 -0.2781487 0.7250516
vn 0.7117549 -0.2028365 0.6725046
vn 0.7256247 -0.2738626 0.6312435
vn 0.8005737 -0.1984643 0.5654147
vn 0.807918 -0.2635658 0.527069
vn 0.8718602 -0.2067129 0.4439928
vn 0.8658323 -0.2506475 0.4330247
vn -0.2724308 0.06781575 0.9597826
vn -0.1302493 0.04179042 0.9906002
vn 0.01833399 0.01781182 0.9996733
vn 0.1693872 -0.003813861 0.9855423
vn 0.3179699 -0.02298829 0.9478222
vn 0.4592532 -0.03914369 0.8874426
vn 0.5888291 -0.05172241 0.8066011
vn 0.7030992 -0.05978062 0.7085744
vn 0.799849 -0.06287831 0.5968988
vn 0.8790175 -0.07614812 0.4706698
vn -0.2162143 0.1970808 0.9562483
vn -0.06376354 0.1768525 0.9821699
vn 0.09496389 0.1572016 0.9829901
vn 0.253919 0.1376598 0.9573793
vn 0.4077488 0.1189103 0.9053184
vn 0.5498464 0.1017571 0.8290444
vn 0.6759495 0.08669028 0.7318315
vn 0.7822961 0.07537505 0.6183298
vn 0.8704131 0.05663038 0.4890543
vn -0.1539191 0.3230163 0.9337931
vn 0.008124536 0.3085876 0.9511613
vn 0.1741634 0.2921639 0.9403762
vn 0.3380946 0.2736157 0.9004592
vn 0.492386 0.2533748 0.8326808
vn 0.6303857 0.2327373 0.7405723
vn 0.7480019 0.2130805 0.6285619
vn 0.84604 0.1886474 0.4986267
vn -0.08688579 0.4432617 0.8921716
vn 0.08264812 0.4328831 0.8976535
vn 0.2533641 0.4179882 0.8724062
vn 0.4177579 0.3979486 0.8167714
vn 0.5676988 0.3737574 0.7335009
vn 0.6973413 0.3476683 0.6267711
vn 0.806032 0.3180729 0.4991415
vn -0.01725133 0.5538865 0.8324135
vn 0.1573649 0.5456778 0.823087
vn 0.3291643 0.5292673 0.782002
vn 0.489761 0.5051602 0.7105966
vn 0.6317264 0.4747794 0.6127858
vn 0.7511982 0.4417266 0.4904886
vn 0.05362875 0.6527385 0.7556828
vn 0.2299623 0.6434807 0.7301027
vn 0.3991834 0.622854 0.672834
vn 0.5524385 0.5919359 0.5868764
vn 0.6825625 0.5572677 0.4728227
vn 0.1235483 0.7368444 0.6646775
vn 0.2988122 0.7234239 0.6223899
vn 0.4621544 0.6955718 0.5500848
vn 0.6014341 0.6625152 0.4464871
vn 0.191554 0.8049219 0.5616117
vn 0.3626622 0.7840638 0.5037065
vn 0.5098971 0.7550431 0.4122072
vn 0.2564008 0.8557336 0.4494204
vn 0.4093423 0.833744 0.3705531
vn 0.302108 0.8970495 0.3225415
vn 0.9137633 -0.2300851 0.3348098
vn 0.9320598 -0.1568753 0.3265802
vn 0.9563825 -0.2008759 0.2120886
vn 0.9726754 -0.1203116 0.1985642
vn 0.9823214 -0.1667216 0.08513998
vn 0.9947006 -0.07926863 0.06548047
vn 0.9906646 -0.1292039 -0.04347776
vn 0.9969555 -0.03495207 -0.06970104
vn 0.9811873 -0.08804434 -0.1718127
vn 0.9787825 0.01153079 -0.204578
vn 0.9538668 -0.04468151 -0.2968868
vn 0.9404486 0.05866607 -0.3348355
vn 0.9092491 0.0004047501 -0.4162522
vn 0.8827004 0.1055344 -0.4579329
vn 0.8481371 0.04603967 -0.5277727
vn 0.8076615 0.150712 -0.5700606
vn 0.7722401 0.09159085 -0.6286944
vn 0.7172534 0.1937539 -0.6693333
vn 0.6826447 0.1357105 -0.7180384
vn 0.6141287 0.2340457 -0.7537034
vn 0.5816446 0.178273 -0.7936677
vn 0.9381648 -0.01912997 0.34566
vn 0.977169 0.02690322 0.2107536
vn 0.994635 0.07662731 0.06949471
vn 0.9889141 0.1283751 -0.07462464
vn 0.9593995 0.1798782 -0.2172478
vn 0.9067587 0.2293966 -0.353788
vn 0.8329406 0.2754489 -0.4799354
vn 0.7409725 0.3173324 -0.5918277
vn 0.6342429 0.3545712 -0.6870337
vn 0.9264077 0.1209551 0.3565653
vn 0.960505 0.1766904 0.2149668
vn 0.9698393 0.2345897 0.0661777
vn 0.9528618 0.2913119 -0.08480477
vn 0.9092625 0.3449251 -0.2329562
vn 0.8409136 0.3931235 -0.3719116
vn 0.7508487 0.4344902 -0.4974383
vn 0.6433963 0.468951 -0.6050836
vn 0.8963525 0.2599985 0.3591004
vn 0.9218736 0.3249261 0.2111212
vn 0.9197049 0.3885214 0.05651763
vn 0.8886178 0.4477291 -0.0994842
vn 0.8295113 0.4994313 -0.2499587
vn 0.7455055 0.5418003 -0.3881676
vn 0.640718 0.5743391 -0.5095242
vn 0.8478914 0.395281 0.3533176
vn 0.8615698 0.4666969 0.1997284
vn 0.8450793 0.5330966 0.04060872
vn 0.7984848 0.5903939 -0.1177163
vn 0.7240905 0.635753 -0.2674159
vn 0.6256142 0.6686075 -0.4019589
vn 0.7822779 0.522394 0.3393315
vn 0.7812546 0.5973507 0.1811451
vn 0.7491685 0.6621031 0.01913436
vn 0.6870431 0.7132015 -0.1389797
vn 0.5983354 0.748583 -0.2856888
vn 0.7007928 0.6388564 0.3174144
vn 0.6837484 0.7128543 0.1559706
vn 0.6357862 0.7718335 -0.007003441
vn 0.5594127 0.8127084 -0.1629802
vn 0.6062704 0.7411513 0.2883247
vn 0.5728909 0.8101092 0.1245756
vn 0.5102977 0.8591675 -0.0377816
vn 0.5009844 0.8278131 0.2524683
vn 0.4524844 0.8874517 0.08767802
vn 0.3878981 0.8973243 0.2105808
vt -20.022 -15.5344
vt -19.5 -15.5
vt -19.5 -19.5
vt -20.5352 -15.6364
vt -21.0308 -15.8044
vt -21.5 -16.036
vt -21.9352 -16.3264
vt -22.3284 -16.6716
vt -22.6736 -17.0648
vt -22.964 -17.5
vt -23.1956 -17.9692
vt -23.3636 -18.4648
vt -23.4656 -18.978
vt -23.5 -19.5
vt -23.4656 -20.022
vt -23.3636 -20.5352
vt -23.1956 -21.0308
vt -22.964 -21.5
vt -22.6736 -21.9352
vt -22.3284 -22.3284
vt -21.9352 -22.6736
vt -21.5 -22.964
vt -21.0308 -23.1956
vt -20.5352 -23.3636
vt -20.022 -23.4656
vt -19.5 -23.5
vt -18.978 -23.4656
vt -18.4648 -23.3636
vt -17.9692 -23.1956
vt -17.5 -22.964
vt -17.0648 -22.6736
vt -16.6716 -22.3284
vt -16.3264 -21.9352
vt -16.036 -21.5
vt -15.8044 -21.0308
vt -15.6364 -20.5352
vt -15.5344 -20.022
vt -15.5 -19.5
vt -15.5344 -18.978
vt -15.6364 -18.4648
vt -15.8044 -17.9692
vt -16.036 -17.5
vt -16.3264 -17.0648
vt -16.6716 -16.6716
vt -17.0648 -16.3264
vt -17.5 -16.036
vt -17.9692 -15.8044
vt -18.4648 -15.6364
vt -18.978 -15.5344
vt 3.9656 3.4436
vt 4 4
vt -15.5 4
vt -15.5344 3.4436
vt 3.8636 2.8284
vt -15.6364 2.8284
vt 3.6956 2.1648
vt -15.8044 2.1648
vt 3.464 1.464
vt -16.036 1.464
vt 3.1736 0.7384
vt -16.3264 0.7384
vt 2.8284 0
vt -16.6716 0
vt 2.4352 -0.7384
vt -17.0648 -0.7384
vt 2 -1.464
vt -17.5 -1.464
vt 1.5308 -2.1648
vt -17.9692 -2.1648
vt 1.0352 -2.8284
vt -18.4648 -2.8284
vt 0.522 -3.4436
vt -18.978 -3.4436
vt 0 -4
vt -23.5 -4
vt -3.9656 -4.4876
vt -23.4656 -4.4876
vt -3.8636 -4.8988
vt -23.3636 -4.8988
vt -3.6956 -5.2264
vt -23.1956 -5.2264
vt -3.464 -5.464
vt -22.964 -5.464
vt -3.1736 -5.6088
vt -22.6736 -5.6088
vt -2.8284 -5.6568
vt -22.3284 -5.6568
vt -3.1736 -5.6088
vt -22.6736 -5.6088
vt -3.464 -5.464
vt -22.964 -5.464
vt -3.6956 -5.2264
vt -23.1956 -5.2264
vt -3.8636 -4.8988
vt -23.3636 -4.8988
vt -3.9656 -4.4876
vt -23.4656 -4.4876
vt -4 -4
vt -19.5 -4
vt 0.522 -3.4436
vt -18.978 -3.4436
vt 1.0352 -2.8284
vt -18.4648 -2.8284
vt 1.5308 -2.1648
vt -17.9692 -2.1648
vt 2 -1.464
vt -17.5 -1.464
vt 2.4352 -0.7384
vt -17.0648 -0.7384
vt 2.8284 0
vt -16.6716 0
vt 3.1736 0.7384
vt -16.3264 0.7384
vt 3.464 1.464
vt -16.036 1.464
vt 3.6956 2.1648
vt -15.8044 2.1648
vt 3.8636 2.8284
vt -15.6364 2.8284
vt 3.9656 3.4436
vt -15.5344 3.4436
vt 4 4
vt -15.5 4
vt 3.9656 4.4876
vt -15.5344 4.4876
vt 3.8636 4.8988
vt -15.6364 4.8988
vt 3.6956 5.2264
vt -15.8044 5.2264
vt 3.464 5.464
vt -16.036 5.464
vt 3.1736 5.6088
vt -16.3264 5.6088
vt 2.8284 5.6568
vt -16.6716 5.6568
vt 3.1736 5.6088
vt -16.3264 5.6088
vt 3.464 5.464
vt -16.036 5.464
vt 3.6956 5.2264
vt -15.8044 5.2264
vt 3.8636 4.8988
vt -15.6364 4.8988
vt 3.9656 4.4876
vt -15.5344 4.4876
vt -0.522 3.9656
vt 0 4
vt 0 0
vt -1.0352 3.8636
vt -1.5308 3.6956
vt -2 3.464
vt -2.4352 3.1736
vt -2.8284 2.8284
vt -3.1736 2.4352
vt -3.464 2
vt -3.6956 1.5308
vt -3.8636 1.0352
vt -3.9656 0.522
vt -4 0
vt -3.9656 -0.522
vt -3.8636 -1.0352
vt -3.6956 -1.5308
vt -3.464 -2
vt -3.1736 -2.4352
vt -2.8284 -2.8284
vt -2.4352 -3.1736
vt -2 -3.464
vt -1.5308 -3.6956
vt -1.0352 -3.8636
vt -0.522 -3.9656
vt 0 -4
vt 0.522 -3.9656
vt 1.0352 -3.8636
vt 1.5308 -3.6956
vt 2 -3.464
vt 2.4352 -3.1736
vt 2.8284 -2.8284
vt 3.1736 -2.4352
vt 3.464 -2
vt 3.6956 -1.5308
vt 3.8636 -1.0352
vt 3.9656 -0.522
vt 4 0
vt 3.9656 0.522
vt 3.8636 1.0352
vt 3.6956 1.5308
vt 3.464 2
vt 3.1736 2.4352
vt 2.8284 2.8284
vt 2.4352 3.1736
vt 2 3.464
vt 1.5308 3.6956
vt 1.0352 3.8636
vt 0.522 3.9656
vt -31.86973 -12.20972
vt -31.734 -12.461
vt -29.594 -10.321
vt -31.96669 -11.9262
vt -32.02315 -11.61522
vt -32.03779 -11.28199
vt -32.01093 -10.93247
vt -31.94235 -10.57237
vt -31.83392 -10.20801
vt -31.68683 -9.845623
vt -31.5042 -9.491279
vt -31.28866 -9.151183
vt -31.04421 -8.831117
vt -30.7751 -8.5365
vt -30.48567 -8.272576
vt -30.18099 -8.043519
vt -29.86624 -7.853323
vt -29.54683 -7.705623
vt -29.22825 -7.602346
vt -28.91596 -7.545986
vt -28.61518 -7.53672
vt -28.33131 -7.57551
vt -28.06886 -7.660926
vt -27.83264 -7.792146
vt -27.62654 -7.966527
vt -27.454 -8.181
vt -27.31827 -8.432281
vt -27.22131 -8.715802
vt -27.16485 -9.026782
vt -27.15021 -9.36001
vt -27.17707 -9.709528
vt -27.24565 -10.06963
vt -27.35408 -10.43399
vt -27.50117 -10.79638
vt -27.6838 -11.15072
vt -27.89934 -11.49082
vt -28.14379 -11.81088
vt -28.4129 -12.1055
vt -28.70233 -12.36942
vt -29.00701 -12.59848
vt -29.32176 -12.78868
vt -29.64117 -12.93638
vt -29.95975 -13.03965
vt -30.27204 -13.09601
vt -30.57282 -13.10528
vt -30.85669 -13.06649
vt -31.11914 -12.98107
vt -31.35536 -12.84985
vt -31.56146 -12.67547
vt -17.66306 -3.378719
vt -18.3918 -3.63
vt -39.915 -12.461
vt -39.83626 -12.20972
vt -17.58564 -3.095198
vt -39.75884 -11.9262
vt -17.51088 -2.784218
vt -39.68408 -11.61522
vt -17.4401 -2.45099
vt -39.6133 -11.28199
vt -17.37445 -2.101472
vt -39.54765 -10.93247
vt -17.31514 -1.741374
vt -39.48833 -10.57237
vt -17.26306 -1.37701
vt -39.43626 -10.20801
vt -17.21925 -1.014623
vt -39.39246 -9.845623
vt -17.18432 -0.660278
vt -39.35752 -9.491279
vt -17.15897 -0.3201828
vt -39.33218 -9.151183
vt -17.14359 -0.0001161993
vt -39.31679 -8.831117
vt -17.1384 0.2945004
vt -39.3116 -8.5365
vt -17.14359 0.5584239
vt -39.31679 -8.272576
vt -17.15897 0.7874813
vt -39.33218 -8.043519
vt -17.18432 0.977678
vt -39.35752 -7.853323
vt -17.21925 1.125377
vt -39.39246 -7.705623
vt -17.26306 1.228654
vt -39.43626 -7.602346
vt -15.57376 1.285014
vt -28.91596 -7.545986
vt -15.27298 1.29428
vt -28.61518 -7.53672
vt -14.98911 1.25549
vt -28.33131 -7.57551
vt -14.72666 1.170074
vt -28.06886 -7.660926
vt -14.49044 1.038855
vt -27.83264 -7.792146
vt -14.28434 0.8644731
vt -27.62654 -7.966527
vt -14.1118 0.6500003
vt -27.454 -8.181
vt -13.97607 0.3987195
vt -27.31827 -8.432281
vt -13.8791 0.1151981
vt -27.22131 -8.715802
vt -13.82265 -0.1957817
vt -27.16485 -9.026782
vt -13.80801 -0.5290097
vt -27.15021 -9.36001
vt -13.83487 -0.8785275
vt -27.17707 -9.709528
vt -13.90345 -1.238626
vt -27.24565 -10.06963
vt -14.01188 -1.60299
vt -27.35408 -10.43399
vt -14.15897 -1.965376
vt -40.43755 -10.79638
vt -18.29928 -2.319721
vt -40.47248 -11.15072
vt -18.32462 -2.659816
vt -40.49783 -11.49082
vt -18.34001 -2.979883
vt -40.51321 -11.81088
vt -18.3452 -3.2745
vt -40.5184 -12.1055
vt -18.34001 -3.538423
vt -40.51321 -12.36942
vt -18.32462 -3.76748
vt -40.49783 -12.59848
vt -18.29928 -3.957678
vt -40.47248 -12.78868
vt -18.26434 -4.105377
vt -40.43755 -12.93638
vt -18.22054 -4.208654
vt -40.39374 -13.03965
vt -16.92984 -4.265014
vt -30.27204 -13.09601
vt -17.23062 -4.27428
vt -30.57282 -13.10528
vt -17.51449 -4.23549
vt -30.85669 -13.06649
vt -17.77694 -4.150074
vt -31.11914 -12.98107
vt -18.01316 -4.018854
vt -31.35536 -12.84985
vt -18.21926 -3.844473
vt -31.56146 -12.67547
vt -48.15631 -15.39775
vt -36.5973 -15.6326
vt -39.915 -12.321
vt -39.84141 -12.08615
vt -48.08396 -15.13277
vt -39.76906 -11.82117
vt -48.0141 -14.84213
vt -39.6992 -11.53053
vt -47.94795 -14.5307
vt -39.63305 -11.2191
vt -47.8866 -14.20404
vt -39.5717 -10.89244
vt -47.83117 -13.8675
vt -39.51627 -10.5559
vt -47.7825 -13.52697
vt -39.4676 -10.21537
vt -47.74156 -13.18829
vt -39.42666 -9.876685
vt -47.70892 -12.85712
vt -39.39401 -9.54552
vt -47.68523 -12.53927
vt -39.37033 -9.227673
vt -47.67085 -12.24014
vt -39.35595 -8.928543
vt -47.666 -11.9648
vt -39.3511 -8.6532
vt -47.67085 -11.71814
vt -39.35595 -8.406544
vt -47.68523 -11.50407
vt -39.37033 -8.192472
vt -47.70892 -11.32632
vt -39.39401 -8.01472
vt -47.74156 -11.18829
vt -39.42666 -7.876685
vt -47.7825 -11.09177
vt -39.4676 -7.780168
vt -33.96367 -11.0391
vt -28.96037 -7.727499
vt -33.68256 -11.03044
vt -28.67925 -7.718843
vt -33.41725 -11.0667
vt -28.41395 -7.755101
vt -33.17196 -11.14653
vt -28.16866 -7.834933
vt -32.95119 -11.26917
vt -27.94789 -7.957574
vt -32.75856 -11.43215
vt -27.75526 -8.120552
vt -32.5973 -11.6326
vt -27.594 -8.321
vt -32.47044 -11.86745
vt -27.46714 -8.555847
vt -32.37981 -12.13243
vt -27.37651 -8.820827
vt -32.32704 -12.42307
vt -27.32374 -9.111466
vt -32.31335 -12.7345
vt -27.31005 -9.422899
vt -32.33845 -13.06116
vt -27.33515 -9.749557
vt -32.40253 -13.3977
vt -27.39923 -10.0861
vt -32.50386 -13.73823
vt -27.50057 -10.42663
vt -32.64132 -14.07691
vt -40.40334 -10.76532
vt -48.75089 -14.40808
vt -40.43599 -11.09648
vt -48.77457 -14.72593
vt -40.45967 -11.41433
vt -48.78895 -15.02506
vt -40.47405 -11.71346
vt -48.7938 -15.3004
vt -40.4789 -11.9888
vt -48.78895 -15.54706
vt -40.47405 -12.23546
vt -48.77457 -15.76113
vt -40.45967 -12.44953
vt -48.75089 -15.93888
vt -40.43599 -12.62728
vt -48.71824 -16.07692
vt -40.40334 -12.76532
vt -48.6773 -16.17343
vt -40.3624 -12.86183
vt -35.23093 -16.2261
vt -30.22763 -12.9145
vt -35.51205 -16.23476
vt -30.50875 -12.92316
vt -35.77735 -16.1985
vt -30.77405 -12.8869
vt -36.02264 -16.11867
vt -31.01934 -12.80707
vt -36.24341 -15.99603
vt -31.24011 -12.68443
vt -36.43604 -15.83305
vt -31.43274 -12.52145
vt -48.59171 -15.75986
vt -48.53269 -15.51769
vt -48.47313 -15.23795
vt -48.0142 -14.84253
vt -48.41272 -14.92469
vt -48.35226 -14.58323
vt -47.8867 -14.20444
vt -48.29262 -14.22137
vt -47.83127 -13.8679
vt -48.23516 -13.84762
vt -47.7826 -13.52737
vt -48.1814 -13.47189
vt -47.74166 -13.18869
vt -48.13268 -13.10326
vt -48.0908 -12.75118
vt -47.68533 -12.53967
vt -48.05682 -12.42243
vt -47.67095 -12.24054
vt -48.03265 -12.1236
vt -48.94732 -15.85049
vt -48.90642 -15.59799
vt -48.86165 -15.30067
vt -48.81187 -14.96198
vt -48.75652 -14.58945
vt -48.69619 -14.19361
vt -48.6332 -13.7873
vt -48.56923 -13.38373
vt -48.5073 -12.99582
vt -48.45085 -12.63478
vt -48.40265 -12.30776
vt -49.29073 -15.90326
vt -49.26996 -15.63702
vt -49.24083 -15.31842
vt -49.19989 -14.95248
vt -49.14629 -14.54885
vt -49.08071 -14.12229
vt -49.00574 -13.68966
vt -48.92567 -13.26849
vt -48.84501 -12.87297
vt -48.76974 -12.51458
vt -49.61585 -15.91695
vt -49.61545 -15.63288
vt -49.5991 -15.28958
vt -49.56258 -14.89476
vt -49.50478 -14.4622
vt -49.42662 -14.01045
vt -49.33333 -13.56095
vt -49.23104 -13.13254
vt -49.12751 -12.74064
vt -49.91741 -15.89185
vt -49.9334 -15.58477
vt -49.92436 -15.21415
vt -49.88492 -14.79054
vt -49.81455 -14.3328
vt -49.71673 -13.86367
vt -49.59856 -13.40683
vt -49.47001 -12.98182
vt -50.18987 -15.82777
vt -50.21584 -15.49346
vt -50.20527 -15.09361
vt -50.15418 -14.64395
vt -50.06283 -14.16712
vt -49.93845 -13.68926
vt -49.79114 -13.23427
vt -50.42907 -15.72643
vt -50.45527 -15.36136
vt -50.43349 -14.93283
vt -50.36098 -14.46115
vt -50.24173 -13.97236
vt -50.08576 -13.49348
vt -50.63029 -15.58898
vt -50.64639 -15.19202
vt -50.60339 -14.73756
vt -36.84568 -14.24939
vt -36.59327 -13.75508
vt -36.90328 -15.41829
vt -36.888 -14.99043
vt -36.7716 -14.51399
vt -36.56034 -14.01463
vt -36.72553 -15.21686
vt -36.65866 -14.76147
vt -36.49362 -14.26763
vt -36.51146 -14.98841
vt -36.39452 -14.50976
vt -36.2648 -14.7369
vt -47.67095 -11.71854
vt -48.05682 -11.87403
vt -47.68533 -11.50447
vt -48.0908 -11.65838
vt -48.13268 -11.48166
vt -47.74166 -11.18869
vt -48.1814 -11.34869
vt -47.7826 -11.09217
vt -34.38754 -11.26402
vt -33.96337 -11.0395
vt -34.07125 -11.23017
vt -33.68225 -11.03084
vt -33.76902 -11.24804
vt -33.48802 -11.31669
vt -33.17166 -11.14693
vt -33.23518 -11.43315
vt -33.015 -11.59369
vt -32.83185 -11.79426
vt -48.45085 -12.06157
vt -48.5073 -11.85142
vt -48.56923 -11.68373
vt -34.84589 -11.5649
vt -34.50258 -11.50001
vt -34.16707 -11.49225
vt -33.84989 -11.54078
vt -33.56099 -11.64267
vt -33.30843 -11.79319
vt -33.09682 -11.98689
vt -48.84501 -12.27937
vt -48.92567 -12.08289
vt -35.31608 -11.93246
vt -34.95842 -11.83549
vt -34.59744 -11.79685
vt -34.24741 -11.81808
vt -33.92241 -11.89722
vt -33.63294 -12.02902
vt -33.38747 -12.20766
vt -49.23104 -12.52414
vt -49.33333 -12.34895
vt -35.41616 -12.22285
vt -35.04258 -12.15261
vt -34.66782 -12.14276
vt -34.30951 -12.19238
vt -33.98257 -12.29768
vt -33.6989 -12.45295
vt -49.59856 -12.79083
vt -35.85306 -12.64287
vt -35.48175 -12.5452
vt -35.09438 -12.50374
vt -34.71021 -12.52055
vt -34.34863 -12.59357
vt -34.02556 -12.71826
vt -36.24919 -13.07327
vt -35.89571 -12.95512
vt -35.51023 -12.88675
vt -35.11166 -12.87121
vt -34.72238 -12.90985
vt -34.3621 -12.99937
vt -36.26936 -13.36396
vt -35.89983 -13.27555
vt -35.50067 -13.23283
vt -35.09391 -13.23816
vt -34.70263 -13.29123
vt -36.25208 -13.65579
vt -35.86583 -13.59316
vt -35.45438 -13.57042
vt -35.04131 -13.58898
vt -36.1984 -13.94079
vt -35.7952 -13.89763
vt -35.37248 -13.88749
vt -36.11026 -14.21307
vt -35.69033 -14.18166
vt -35.98946 -14.46641
vt -32.47014 -11.86785
vt -32.71231 -12.051
vt -32.37951 -12.13283
vt -32.63201 -12.34443
vt -32.59298 -12.66895
vt -32.31305 -12.7349
vt -32.59712 -13.01857
vt -32.64523 -13.38463
vt -32.40223 -13.3981
vt -32.73654 -13.75838
vt -32.86864 -14.12992
vt -33.03799 -14.49037
vt -48.75099 -14.40848
vt -49.16357 -14.8312
vt -49.16319 -15.14626
vt -49.15076 -15.43052
vt -48.7939 -15.3008
vt -32.99205 -12.27118
vt -32.92933 -12.59698
vt -32.91158 -12.95841
vt -32.94042 -13.34551
vt -33.01585 -13.74621
vt -33.13639 -14.14766
vt -33.29717 -14.53666
vt -33.49244 -14.90183
vt -49.52361 -15.2344
vt -49.49199 -15.52962
vt -33.30531 -12.52402
vt -33.26802 -12.88589
vt -33.27752 -13.28341
vt -33.33524 -13.70382
vt -33.43946 -14.13038
vt -33.58605 -14.54623
vt -33.76885 -14.93583
vt -49.86229 -15.28808
vt -49.81172 -15.59634
vt -33.64677 -12.80502
vt -33.64055 -13.20307
vt -33.68115 -13.63344
vt -33.7678 -14.07858
vt -33.8972 -14.51775
vt -34.06288 -14.9317
vt -34.25764 -15.30536
vt -50.10419 -15.62926
vt -34.00863 -13.10725
vt -34.03638 -13.53858
vt -34.10772 -13.99442
vt -34.21955 -14.45216
vt -34.36633 -14.88906
vt -34.54074 -15.28519
vt -34.73652 -15.62829
vt -34.38238 -13.42354
vt -34.4427 -13.88189
vt -34.54034 -14.35208
vt -34.66905 -14.80838
vt -34.82317 -15.22773
vt -34.99574 -15.59287
vt -34.75811 -13.7455
vt -34.84628 -14.2215
vt -34.96151 -14.69318
vt -35.09746 -15.1345
vt -35.24818 -15.52419
vt -35.12674 -14.06542
vt -35.23418 -14.54747
vt -35.35704 -15.00804
vt -35.48936 -15.42288
vt -35.47882 -14.37563
vt -35.59523 -14.85207
vt -35.71542 -15.29116
vt -35.80757 -14.67038
vt -35.92224 -15.13088
vt -36.1064 -14.94506
vt -49.16319 -15.69466
vt -49.16357 -15.924
vt -48.75099 -15.93928
vt -49.14996 -16.11197
vt -49.12176 -16.25311
vt -49.07853 -16.34198
vt -35.23063 -16.2265
vt -35.63643 -16.37583
vt -35.93232 -16.35377
vt -35.77705 -16.1989
vt -36.20098 -16.27695
vt -36.43681 -16.14923
vt -36.24311 -15.99643
vt -36.63631 -15.975
vt -36.43574 -15.83345
vt -49.52361 -15.8076
vt -49.53867 -16.04623
vt -49.53384 -16.23667
vt -49.50645 -16.37006
vt -49.45565 -16.43981
vt -36.03762 -16.44271
vt -36.33278 -16.37961
vt -36.58733 -16.25498
vt -36.79686 -16.07598
vt -49.86229 -15.88168
vt -49.89027 -16.12143
vt -49.88948 -16.30343
vt -49.85664 -16.41718
vt -49.79105 -16.45581
vt -36.41192 -16.41781
vt -36.68922 -16.30709
vt -36.91331 -16.13202
vt -50.1714 -15.91376
vt -50.20658 -16.14371
vt -50.20255 -16.30535
vt -50.15598 -16.38818
vt -50.06659 -16.38544
vt -36.73775 -16.30027
vt -36.98196 -16.14022
vt -50.44193 -15.90119
vt -50.47619 -16.10986
vt -50.45931 -16.23977
vt -50.38894 -16.28122
vt -36.72999 -16.23218
vt -36.99983 -16.09845
vt -35.43917 -15.84373
vt -35.88105 -16.02038
vt -50.64963 -16.10928
vt -50.54699 -16.10429
vt -36.96598 -16.00714
vt -35.70586 -15.7429
vt -36.14711 -15.87878
vt -36.54627 -15.9215
vt -36.88131 -15.8687
vt -35.95063 -15.60164
vt -36.37858 -15.69187
vt -36.74834 -15.68702
vt -36.16842 -15.42527
vt -36.57162 -15.46843
vt -36.35597 -15.21878
vt -24.54022 -1.40061
vt -24.2537 -1.4607
vt -26.107 -4.384
vt -24.85349 -1.391362
vt -25.18823 -1.433221
vt -25.53874 -1.525872
vt -25.89888 -1.667046
vt -26.26263 -1.855128
vt -26.62375 -2.086125
vt -26.97591 -2.356765
vt -27.31336 -2.661854
vt -27.63006 -2.99662
vt -27.92072 -3.355026
vt -28.1804 -3.7309
vt -28.40443 -4.118007
vt -28.58933 -4.50972
vt -28.73187 -4.899348
vt -28.82921 -5.280066
vt -28.88033 -5.645535
vt -28.88357 -5.989259
vt -28.8397 -6.305738
vt -28.74866 -6.589028
vt -28.61275 -6.834895
vt -28.4337 -7.038593
vt -28.21494 -7.19693
vt -27.9603 -7.3073
vt -27.67378 -7.367389
vt -27.36051 -7.376637
vt -27.02577 -7.334778
vt -26.67526 -7.242127
vt -26.31512 -7.100954
vt -25.95137 -6.912872
vt -25.59026 -6.681875
vt -25.23809 -6.411235
vt -24.90064 -6.106146
vt -24.58394 -5.771379
vt -24.29329 -5.412973
vt -24.0336 -5.037099
vt -23.80958 -4.649993
vt -23.62467 -4.258279
vt -23.48213 -3.868652
vt -23.38479 -3.487934
vt -23.33368 -3.122464
vt -23.33043 -2.778741
vt -23.37431 -2.462261
vt -23.46534 -2.178971
vt -23.60125 -1.933105
vt -23.7803 -1.729406
vt -23.99906 -1.57107
vt -13.93982 2.437789
vt -13.6533 2.3777
vt -24.2537 -1.4607
vt -24.54022 -1.40061
vt -14.25309 2.447038
vt -24.85349 -1.391362
vt -16.41341 2.405179
vt -41.33901 -1.433221
vt -16.43263 2.312529
vt -41.35823 -1.525872
vt -16.47068 2.171354
vt -41.39628 -1.667046
vt -16.52721 1.983273
vt -41.45281 -1.855128
vt -16.60095 1.752275
vt -41.52655 -2.086125
vt -16.69092 1.481635
vt -41.61652 -2.356765
vt -16.79533 1.176547
vt -41.72093 -2.661854
vt -16.91261 0.8417797
vt -41.83821 -2.99662
vt -17.0406 0.4833741
vt -41.9662 -3.355026
vt -17.1771 0.1075001
vt -42.1027 -3.7309
vt -17.31987 -0.2796073
vt -42.24547 -4.118007
vt -17.46644 -0.6713209
vt -42.39204 -4.50972
vt -17.61431 -1.060947
vt -42.53991 -4.899348
vt -17.76092 -1.441665
vt -42.68652 -5.280066
vt -17.90378 -1.807135
vt -42.82938 -5.645535
vt -18.0404 -2.150857
vt -42.966 -5.989259
vt -18.16855 -2.467338
vt -43.09415 -6.305738
vt -18.28587 -2.750628
vt -43.21147 -6.589028
vt -18.39056 -2.996494
vt -28.61275 -6.834895
vt -17.8333 -3.200193
vt -28.4337 -7.038593
vt -17.61454 -3.35853
vt -28.21494 -7.19693
vt -17.3599 -3.468899
vt -27.9603 -7.3073
vt -17.07339 -3.528989
vt -27.67378 -7.367389
vt -16.76011 -3.538237
vt -27.36051 -7.376637
vt -18.66939 -3.496377
vt -43.59499 -7.334778
vt -18.65017 -3.403728
vt -43.57577 -7.242127
vt -18.61213 -3.262553
vt -43.53773 -7.100954
vt -18.5556 -3.074471
vt -43.48119 -6.912872
vt -18.48185 -2.843474
vt -43.40746 -6.681875
vt -18.39188 -2.572834
vt -43.31749 -6.411235
vt -18.28747 -2.267745
vt -43.21307 -6.106146
vt -18.17019 -1.932979
vt -43.09579 -5.771379
vt -18.0422 -1.574574
vt -42.9678 -5.412973
vt -17.9057 -1.198699
vt -42.8313 -5.037099
vt -17.76293 -0.8115921
vt -42.68853 -4.649993
vt -13.02427 -0.4198785
vt -23.62467 -4.258279
vt -12.88173 -0.03025198
vt -23.48213 -3.868651
vt -12.78439 0.3504663
vt -23.38479 -3.487934
vt -12.73328 0.7159359
vt -23.33368 -3.122464
vt -12.73003 1.059658
vt -23.33043 -2.778741
vt -12.77391 1.376139
vt -23.37431 -2.462261
vt -12.86494 1.659429
vt -23.46534 -2.178971
vt -13.00085 1.905296
vt -23.60125 -1.933105
vt -13.1799 2.108994
vt -23.7803 -1.729406
vt -13.39866 2.26733
vt -23.99906 -1.57107
vt -27.99018 -2.807838
vt -27.7224 -2.863999
vt -24.3749 -1.6519
vt -24.64268 -1.595738
vt -28.28297 -2.799193
vt -24.93547 -1.587093
vt -49.28403 -2.838312
vt -41.41283 -1.626213
vt -49.302 -2.924901
vt -41.4308 -1.712801
vt -49.33756 -3.056839
vt -41.46637 -1.84474
vt -49.3904 -3.232618
vt -41.5192 -2.020517
vt -49.45933 -3.448506
vt -41.58813 -2.236406
vt -49.54342 -3.701443
vt -41.67221 -2.489343
vt -49.64101 -3.986577
vt -41.76981 -2.774477
vt -49.75061 -4.299447
vt -41.87941 -3.087347
vt -49.87023 -4.63441
vt -41.99903 -3.42231
vt -49.9978 -4.9857
vt -42.1266 -3.7736
vt -50.13123 -5.347488
vt -42.26003 -4.135388
vt -50.26821 -5.713582
vt -42.39701 -4.501482
vt -50.40641 -6.077726
vt -42.53521 -4.865626
vt -50.54342 -6.433543
vt -42.67221 -5.221443
vt -50.67693 -6.775111
vt -42.80573 -5.563011
vt -50.8046 -7.096354
vt -42.9334 -5.884254
vt -50.92437 -7.392137
vt -43.05317 -6.180037
vt -51.034 -7.656898
vt -43.1628 -6.444798
vt -51.13183 -7.886687
vt -28.44888 -6.674587
vt -31.62904 -8.077065
vt -28.28154 -6.864964
vt -31.42459 -8.225046
vt -28.07709 -7.012946
vt -31.1866 -8.328199
vt -27.8391 -7.1161
vt -30.91882 -8.384361
vt -27.57132 -7.172261
vt -30.62603 -8.393006
vt -27.27853 -7.180906
vt -51.39237 -8.353888
vt -43.52117 -7.141787
vt -51.3744 -8.267298
vt -43.5032 -7.055199
vt -51.33884 -8.13536
vt -43.46764 -6.923259
vt -51.286 -7.959581
vt -43.4148 -6.747482
vt -51.21707 -7.743693
vt -43.34587 -6.531593
vt -51.13299 -7.490756
vt -43.26179 -6.278656
vt -51.0354 -7.205623
vt -43.1642 -5.993523
vt -50.92579 -6.892753
vt -43.05459 -5.680653
vt -50.80618 -6.557789
vt -42.93497 -5.345689
vt -50.6786 -6.206501
vt -42.8074 -4.9944
vt -50.54517 -5.844711
vt -42.67397 -4.632611
vt -27.13451 -5.478618
vt -23.78701 -4.266518
vt -27.00129 -5.114474
vt -23.65379 -3.902374
vt -26.91031 -4.758656
vt -23.56282 -3.546556
vt -26.86255 -4.417089
vt -23.51505 -3.204988
vt -26.85952 -4.095845
vt -23.51202 -2.883745
vt -26.90052 -3.800063
vt -23.55302 -2.587963
vt -26.9856 -3.535302
vt -23.6381 -2.323201
vt -27.11262 -3.305512
vt -23.76512 -2.093413
vt -27.27996 -3.115135
vt -23.93246 -1.903036
vt -27.48442 -2.967154
vt -24.13692 -1.755054
vt -27.7229 -2.8649
vt -27.99068 -2.808739
vt -27.88342 -2.941132
vt -28.17447 -2.888526
vt -28.28347 -2.800094
vt -28.49674 -2.889373
vt -49.28583 -2.839212
vt -49.68937 -2.945158
vt -49.3038 -2.925801
vt -49.72459 -3.056438
vt -49.33936 -3.05774
vt -49.7764 -3.22191
vt -49.3922 -3.233519
vt -49.84361 -3.43811
vt -49.46113 -3.449407
vt -49.92445 -3.699313
vt -49.54521 -3.702343
vt -50.01693 -3.998795
vt -49.6428 -3.987477
vt -50.119 -4.327886
vt -49.75241 -4.300347
vt -50.22869 -4.679029
vt -49.87202 -4.635311
vt -50.34493 -5.044584
vt -49.9996 -4.9866
vt -28.07076 -3.062646
vt -28.38997 -3.021156
vt -28.74466 -3.039472
vt -29.12785 -3.12059
vt -50.17159 -3.264839
vt -50.23816 -3.469492
vt -50.31584 -3.728855
vt -50.40155 -4.033558
vt -50.49327 -4.372748
vt -50.58973 -4.735278
vt -50.69025 -5.111996
vt -28.28177 -3.227462
vt -28.6326 -3.205885
vt -29.02216 -3.251055
vt -29.43922 -3.365499
vt -50.62997 -3.548943
vt -50.70668 -3.795696
vt -50.78659 -4.096
vt -50.86757 -4.436872
vt -50.94825 -4.804798
vt -51.02963 -5.1877
vt -28.51295 -3.433052
vt -28.89783 -3.44063
vt -29.32098 -3.521102
vt -29.76728 -3.675551
vt -51.08104 -3.900368
vt -51.15893 -4.187093
vt -51.23121 -4.521059
vt -51.29678 -4.886993
vt -51.35711 -5.270443
vt -28.76011 -3.675367
vt -29.17892 -3.720942
vt -29.63147 -3.84303
vt -30.0985 -4.040291
vt -30.5565 -4.305079
vt -51.57244 -4.624241
vt -51.62616 -4.980807
vt -51.66729 -5.358725
vt -29.01929 -3.950871
vt -29.46913 -4.040521
vt -29.94384 -4.206988
vt -30.41978 -4.445292
vt -30.87086 -4.74293
vt -51.92821 -5.084185
vt -51.95459 -5.451126
vt -29.28585 -4.254311
vt -29.76078 -4.390898
vt -30.24765 -4.600561
vt -30.7196 -4.873412
vt -31.15057 -5.194386
vt -52.21449 -5.546002
vt -29.55532 -4.580901
vt -30.04692 -4.763321
vt -30.53434 -5.010261
vt -30.99008 -5.308598
vt -31.39027 -5.641751
vt -29.8231 -4.924773
vt -30.32092 -5.1475
vt -30.79764 -5.423109
vt -31.22758 -5.736748
vt -30.08458 -5.280252
vt -30.5779 -5.535165
vt -31.03435 -5.829349
vt -30.33526 -5.641087
vt -30.81419 -5.917968
vt -30.5709 -6.001101
vt -50.13303 -5.348389
vt -50.50289 -5.428171
vt -50.27001 -5.714482
vt -50.6654 -5.820705
vt -50.4082 -6.078626
vt -50.82773 -6.213981
vt -50.54521 -6.434443
vt -50.98605 -6.599711
vt -50.67873 -6.776011
vt -51.13541 -6.967438
vt -50.8064 -7.097255
vt -51.272 -7.308039
vt -50.92616 -7.393037
vt -51.3922 -7.612488
vt -51.0358 -7.657799
vt -51.49337 -7.873867
vt -51.13363 -7.887587
vt -31.79189 -8.08692
vt -31.62954 -8.077965
vt -31.57285 -8.248906
vt -31.42509 -8.225946
vt -31.31783 -8.358339
vt -31.1871 -8.3291
vt -50.87633 -5.518297
vt -51.06548 -5.936056
vt -51.25155 -6.355842
vt -51.42704 -6.764765
vt -51.58496 -7.149084
vt -51.72018 -7.495769
vt -51.82832 -7.79412
vt -51.90778 -8.036484
vt -31.68512 -8.218703
vt -31.41683 -8.340517
vt -51.24505 -5.615685
vt -51.46037 -6.056462
vt -51.6652 -6.496423
vt -51.85008 -6.919579
vt -52.00597 -7.308311
vt -52.1267 -7.647246
vt -52.20952 -7.924585
vt -31.75731 -8.134594
vt -31.48234 -8.275837
vt -51.60098 -5.718097
vt -51.83721 -6.176711
vt -52.05273 -6.629044
vt -52.23583 -7.055396
vt -52.3759 -7.434921
vt -52.46894 -7.752031
vt -31.78629 -7.996679
vt -52.5179 -8.165049
vt -51.93416 -5.822295
vt -52.18284 -6.291914
vt -52.39747 -6.747031
vt -52.56475 -7.164175
vt -52.67638 -7.522624
vt -31.76945 -7.807071
vt -52.73077 -8.010664
vt -52.23621 -5.925673
vt -52.48548 -6.398583
vt -52.68577 -6.845716
vt -31.86855 -7.242898
vt -31.70666 -7.569848
vt -31.46882 -7.814607
vt -52.49914 -6.02549
vt -31.74639 -6.493001
vt -31.71994 -6.922847
vt -31.59957 -7.291295
vt -31.39486 -7.580915
vt -31.50417 -6.119486
vt -31.52545 -6.573568
vt -31.4513 -6.978508
vt -31.28742 -7.313001
vt -31.29406 -6.206129
vt -31.26734 -6.64032
vt -31.14886 -7.015923
vt -31.05284 -6.284307
vt -30.98111 -6.694388
vt -30.78734 -6.354164
vt -30.91932 -8.385262
vt -31.04151 -8.416279
vt -30.62653 -8.393907
vt -51.76019 -8.420443
vt -51.39417 -8.354788
vt -51.76937 -8.368779
vt -51.3762 -8.268199
vt -51.75356 -8.260489
vt -51.34064 -8.136261
vt -51.71173 -8.096553
vt -51.2878 -7.960482
vt -51.64452 -7.880352
vt -51.21887 -7.744594
vt -51.5537 -7.617614
vt -51.13478 -7.491657
vt -51.44181 -7.315143
vt -51.03719 -7.206523
vt -51.31298 -6.98193
vt -50.92759 -6.893653
vt -51.17075 -6.625776
vt -50.80797 -6.558689
vt -51.01988 -6.254886
vt -50.6804 -6.2074
vt -52.0568 -8.393644
vt -52.10255 -8.385754
vt -52.11766 -8.312961
vt -52.09844 -8.174046
vt -52.04341 -7.97117
vt -51.95418 -7.71003
vt -51.83384 -7.399993
vt -51.68806 -7.052477
vt -28.16484 -6.679523
vt -27.87207 -6.291167
vt -52.3562 -8.31576
vt -52.41131 -8.28643
vt -52.42577 -8.183544
vt -52.39518 -8.006243
vt -52.31847 -7.759489
vt -29.18767 -7.453042
vt -28.78525 -7.100613
vt -28.41653 -6.716847
vt -28.09172 -6.315598
vt -52.61829 -8.182364
vt -52.67522 -8.121934
vt -52.68015 -7.980497
vt -29.98055 -7.760287
vt -29.53383 -7.468955
vt -29.09938 -7.121978
vt -28.69503 -6.736
vt -28.33481 -6.327657
vt -31.1726 -7.995074
vt -30.78143 -7.895211
vt -30.34698 -7.70975
vt -29.88897 -7.444962
vt -29.43017 -7.114001
vt -28.99342 -6.735209
vt -28.59691 -6.327308
vt -31.10981 -7.757851
vt -30.69424 -7.612801
vt -30.23906 -7.382013
vt -29.76723 -7.076859
vt -29.30459 -6.714187
vt -28.87383 -6.314353
vt -31.0101 -7.47698
vt -30.57121 -7.284692
vt -30.09926 -7.011842
vt -29.6203 -6.673491
vt -29.16062 -6.289225
vt -30.87617 -7.159675
vt -30.41664 -6.922839
vt -29.933 -6.614398
vt -29.45247 -6.252151
vt -30.71197 -6.815259
vt -30.23524 -6.539652
vt -29.74438 -6.203948
vt -30.5215 -6.451678
vt -30.03134 -6.145291
vt -30.30842 -6.077283
vt -27.30783 -5.845612
vt -27.46954 -5.876634
vt -27.13501 -5.479518
vt -27.29846 -5.48911
vt -27.00179 -5.115375
vt -27.17051 -5.099957
vt -26.91081 -4.759557
vt -27.08959 -4.717216
vt -26.86304 -4.417989
vt -27.05899 -4.351025
vt -26.86001 -4.096745
vt -27.07996 -4.010425
vt -26.90102 -3.800963
vt -27.15192 -3.704439
vt -26.9861 -3.536201
vt -27.27266 -3.440071
vt -27.11312 -3.306414
vt -27.43793 -3.222896
vt -27.28046 -3.116036
vt -27.64313 -3.055899
vt -27.48491 -2.968054
vt -27.66842 -5.896502
vt -27.50658 -5.48917
vt -27.39221 -5.077708
vt -27.33032 -4.67412
vt -27.32426 -4.291578
vt -27.37531 -3.943116
vt -27.48072 -3.639431
vt -27.63585 -3.388742
vt -27.8346 -3.196097
vt -27.90245 -5.905959
vt -27.75846 -5.481024
vt -27.66584 -5.052619
vt -27.63025 -4.635606
vt -27.65417 -4.246873
vt -27.73667 -3.901796
vt -27.87343 -3.6129
vt -28.05746 -3.387052
vt -28.16813 -5.904896
vt -28.04973 -5.466324
vt -27.98568 -5.027004
vt -27.98032 -4.605259
vt -28.03527 -4.221127
vt -28.14668 -3.891004
vt -28.30835 -3.626313
vt -28.45993 -5.893723
vt -28.37289 -5.446327
vt -28.34082 -5.003012
vt -28.36649 -4.585867
vt -28.44863 -4.215619
vt -28.58207 -3.908946
vt -28.7711 -5.872701
vt -28.71757 -5.421207
vt -28.71723 -4.98159
vt -28.76953 -4.576891
vt -28.87228 -4.228524
vt -29.0934 -5.842386
vt -29.07247 -5.392253
vt -29.09892 -4.962406
vt -29.1713 -4.576582
vt -29.41891 -5.803511
vt -29.42553 -5.359531
vt -29.47178 -4.944489
vt -29.73882 -5.756632
vt -29.76555 -5.322441
vt -30.04655 -5.702538
vt -22.26301 17.90532
vt -21.898 18.2167
vt -22.968 19
vt -22.6401 17.61253
vt -23.02286 17.3434
vt -23.40463 17.10281
vt -23.77896 16.89446
vt -24.13931 16.72243
vt -24.47979 16.58906
vt -24.79415 16.4973
vt -25.07752 16.44804
vt -25.32461 16.44271
vt -25.53142 16.48104
vt -25.6945 16.5623
vt -25.81069 16.68549
vt -25.87844 16.84814
vt -25.8965 17.04758
vt -25.86415 17.2806
vt -25.78262 17.5428
vt -25.6525 17.83017
vt -25.47683 18.1374
vt -25.25787 18.45949
vt -25.00001 18.79078
vt -24.70713 19.12571
vt -24.38461 19.45844
vt -24.038 19.7833
vt -23.67299 20.09468
vt -23.2959 20.38747
vt -22.91314 20.6566
vt -22.53137 20.89719
vt -22.15704 21.10554
vt -21.79669 21.27757
vt -21.45621 21.41094
vt -21.14185 21.5027
vt -20.85848 21.55196
vt -20.61139 21.55729
vt -20.40458 21.51896
vt -20.2415 21.4377
vt -20.12531 21.31451
vt -20.05756 21.15186
vt -20.0395 20.95242
vt -20.07185 20.7194
vt -20.15338 20.4572
vt -20.2835 20.16983
vt -20.45917 19.8626
vt -20.67813 19.54051
vt -20.936 19.20922
vt -21.22887 18.87429
vt -21.5514 18.54156
vt -14.43331 1.318215
vt -14.0683 1.629599
vt -21.898 18.2167
vt -22.26301 17.90532
vt -14.8104 1.025433
vt -22.6401 17.61253
vt -15.19316 0.7563004
vt -23.02286 17.3434
vt -15.57493 0.5157113
vt -23.40463 17.10281
vt -15.94925 0.3073573
vt -23.77896 16.89446
vt -16.30961 0.1353297
vt -24.13931 16.72243
vt -16.65009 0.001955509
vt -24.47979 16.58906
vt -16.96445 -0.08979893
vt -24.79415 16.4973
vt -17.24783 -0.1390619
vt -25.07752 16.44804
vt -18.26813 -0.1443925
vt -30.54233 16.44271
vt -18.08322 -0.1060572
vt -30.35743 16.48104
vt -17.8592 -0.02480078
vt -30.1334 16.5623
vt -17.59951 0.0983839
vt -29.87371 16.68549
vt -17.30886 0.2610421
vt -29.58306 16.84814
vt -16.99216 0.4604769
vt -29.26636 17.04758
vt -16.65471 0.6935015
vt -28.92891 17.2806
vt -16.30255 0.9557014
vt -28.57675 17.5428
vt -15.94143 1.243073
vt -28.21563 17.83017
vt -15.57768 1.550297
vt -27.85188 18.1374
vt -15.21754 1.872386
vt -27.49174 18.45949
vt -14.86703 2.203681
vt -27.14123 18.79078
vt -14.53229 2.538612
vt -26.80649 19.12571
vt -14.21902 2.871344
vt -26.49322 19.45844
vt -13.9325 3.196199
vt -26.2067 19.7833
vt -13.67786 3.507583
vt -25.95206 20.09468
vt -13.4591 3.800365
vt -25.7333 20.38747
vt -13.28004 4.069498
vt -25.55424 20.6566
vt -13.14414 4.310087
vt -25.41834 20.89719
vt -13.05311 4.518441
vt -25.3273 21.10554
vt -13.00923 4.690468
vt -25.28343 21.27757
vt -13.01248 4.823843
vt -25.28668 21.41094
vt -13.06358 4.915597
vt -25.33779 21.5027
vt -13.16093 4.96486
vt -25.43513 21.55196
vt -13.30347 4.970191
vt -25.57767 21.55729
vt -12.57488 4.931855
vt -20.40458 21.51896
vt -12.4118 4.850599
vt -20.2415 21.4377
vt -12.29561 4.727414
vt -20.12531 21.31451
vt -12.22786 4.564756
vt -20.05756 21.15186
vt -12.2098 4.365321
vt -20.0395 20.95242
vt -12.24215 4.132297
vt -20.07185 20.7194
vt -12.32368 3.870097
vt -20.15338 20.4572
vt -12.4538 3.582725
vt -20.2835 20.16983
vt -12.62947 3.275501
vt -20.45917 19.8626
vt -12.84843 2.953412
vt -20.67813 19.54051
vt -13.10629 2.622117
vt -20.936 19.20922
vt -13.39917 2.287186
vt -21.22887 18.87429
vt -13.72169 1.954454
vt -21.5514 18.54156
vt -24.44454 22.50059
vt -24.1034 22.7916
vt -21.968 18.2679
vt -22.30914 17.97689
vt -24.79697 22.22697
vt -22.66158 17.70327
vt -25.1547 21.97544
vt -23.0193 17.45174
vt -25.5115 21.7506
vt -23.3761 17.2269
vt -25.86134 21.55588
vt -23.72594 17.03218
vt -26.19813 21.39512
vt -24.06273 16.87142
vt -26.51634 21.27047
vt -24.38094 16.74677
vt -26.81014 21.18473
vt -24.67474 16.66103
vt -27.07498 21.13869
vt -24.93958 16.615
vt -33.72749 21.13372
vt -30.37999 16.61002
vt -33.55467 21.16955
vt -30.20717 16.64585
vt -33.3453 21.2455
vt -29.9978 16.7218
vt -33.1026 21.36063
vt -29.7551 16.83693
vt -32.83096 21.51265
vt -29.48345 16.98895
vt -32.53496 21.69905
vt -29.18746 17.17535
vt -32.21959 21.91683
vt -28.87209 17.39313
vt -31.89045 22.16188
vt -28.54295 17.63818
vt -31.55295 22.43045
vt -28.20545 17.90675
vt -31.21298 22.71758
vt -27.86548 18.19388
vt -30.8764 23.0186
vt -27.5289 18.4949
vt -30.54881 23.32822
vt -27.20131 18.80452
vt -30.23597 23.64124
vt -26.88847 19.11754
vt -29.94318 23.9522
vt -26.59568 19.4285
vt -29.6754 24.2558
vt -26.3279 19.7321
vt -29.43741 24.54681
vt -26.08991 20.02311
vt -29.23296 24.82043
vt -25.88546 20.29673
vt -29.06562 25.07195
vt -25.71812 20.54825
vt -28.9386 25.2968
vt -25.5911 20.7731
vt -28.85352 25.49152
vt -25.50602 20.96782
vt -28.81251 25.65228
vt -25.46502 21.12858
vt -28.81555 25.77692
vt -25.46805 21.25323
vt -28.86331 25.86267
vt -25.51581 21.33897
vt -28.95429 25.9087
vt -25.60679 21.385
vt -29.08751 25.91368
vt -25.74001 21.38998
vt -22.70761 25.87785
vt -20.57222 21.35415
vt -22.5552 25.8019
vt -20.4198 21.2782
vt -22.44662 25.68677
vt -20.31121 21.16307
vt -22.38329 25.53474
vt -20.24789 21.01105
vt -22.36642 25.34835
vt -20.23102 20.82465
vt -22.39666 25.13057
vt -20.26126 20.60687
vt -22.47286 24.88552
vt -20.33746 20.36182
vt -22.59447 24.61695
vt -20.45907 20.09325
vt -22.75866 24.32982
vt -20.62326 19.80612
vt -22.9633 24.0288
vt -20.8279 19.5051
vt -23.2043 23.71918
vt -21.0689 19.19548
vt -23.47803 23.40616
vt -21.34262 18.88246
vt -23.77946 23.0952
vt -21.64406 18.5715
vt -24.104 22.7909
vt -24.44514 22.49989
vt -24.20549 22.99398
vt -24.56995 22.6992
vt -24.79757 22.22627
vt -24.95097 22.4203
vt -25.15529 21.97474
vt -25.34067 22.16284
vt -25.5121 21.7499
vt -25.73105 21.93266
vt -25.86194 21.55518
vt -26.1117 21.73626
vt -26.19873 21.39442
vt -26.47326 21.57872
vt -26.51694 21.26977
vt -26.80615 21.46419
vt -26.81074 21.18403
vt -27.1027 21.39504
vt -27.07558 21.138
vt -27.35665 21.37205
vt -27.30651 21.13302
vt -33.69844 21.39445
vt -33.55417 21.16885
vt -33.47376 21.46117
vt -33.3448 21.2448
vt -24.32231 23.20611
vt -24.71242 22.91212
vt -25.12218 22.63311
vt -25.54266 22.37554
vt -25.96115 22.14726
vt -26.3638 21.95607
vt -26.73714 21.80913
vt -27.06945 21.71025
vt -27.35188 21.66154
vt -33.80331 21.66302
vt -33.56751 21.71273
vt -24.45251 23.42369
vt -24.86871 23.13586
vt -25.3065 22.86243
vt -25.75252 22.61093
vt -26.19091 22.39075
vt -26.60356 22.21094
vt -26.97416 22.07861
vt -27.28959 21.99832
vt -27.54264 21.97072
vt -33.62439 21.99524
vt -24.5939 23.64295
vt -25.0356 23.36646
vt -25.49728 23.10363
vt -25.96173 22.86325
vt -26.40892 22.65551
vt -26.8172 22.49049
vt -27.16955 22.37495
vt -27.45441 22.31248
vt -33.64309 22.30403
vt -24.74394 23.86016
vt -25.20837 23.59865
vt -25.68763 23.35012
vt -26.1608 23.12377
vt -26.60362 22.93081
vt -26.99408 22.78084
vt -27.31529 22.68057
vt -33.62381 22.63348
vt -24.90021 24.07157
vt -25.38281 23.8269
vt -25.87165 23.59352
vt -26.34189 23.38217
vt -26.76793 23.20297
vt -27.12816 23.06638
vt -33.56627 22.97832
vt -25.05994 24.27367
vt -25.55428 24.04517
vt -26.04309 23.82631
vt -26.49939 23.62748
vt -26.89798 23.45967
vt -33.47208 23.3324
vt -25.22042 24.46279
vt -25.7188 24.24825
vt -26.19788 24.04073
vt -26.63068 23.8509
vt -26.99452 23.68974
vt -25.37893 24.63597
vt -25.87302 24.43084
vt -26.33393 24.23
vt -26.73683 24.04428
vt -25.53273 24.79001
vt -26.01453 24.58954
vt -26.451 24.38988
vt -25.67918 24.92239
vt -26.14222 24.72063
vt -25.8158 25.0309
vt -33.1021 21.35993
vt -33.2235 21.59519
vt -32.83045 21.51195
vt -32.93693 21.77207
vt -32.53446 21.69835
vt -32.6183 21.98863
vt -32.21909 21.91613
vt -32.27306 22.24139
vt -31.88995 22.16118
vt -31.90917 22.52444
vt -31.55245 22.42975
vt -31.53521 22.83119
vt -31.21248 22.71688
vt -31.16109 23.15351
vt -30.8759 23.0179
vt -30.79583 23.48354
vt -30.54831 23.32752
vt -30.44874 23.81305
vt -30.23547 23.64054
vt -30.12647 24.13558
vt -29.94268 23.9515
vt -29.83542 24.44558
vt -29.6749 24.2551
vt -33.30689 21.87284
vt -33.00282 22.08045
vt -32.65901 22.33254
vt -32.2832 22.62264
vt -31.88609 22.94207
vt -31.48059 23.28099
vt -31.07985 23.62787
vt -30.69666 23.97212
vt -30.34197 24.30487
vt -30.02276 24.62038
vt -33.35023 22.18801
vt -33.02526 22.43231
vt -32.65476 22.72183
vt -32.24866 23.04802
vt -31.82185 23.39812
vt -31.39122 23.75828
vt -30.97416 24.11477
vt -30.5846 24.45657
vt -30.23377 24.77646
vt -33.3516 22.53518
vt -33.00261 22.8186
vt -32.60409 23.14484
vt -32.17009 23.50094
vt -31.71928 23.87062
vt -31.27298 24.23736
vt -30.84983 24.5873
vt -30.46495 24.91095
vt -33.3101 22.90606
vt -32.93472 23.22772
vt -32.5085 23.58516
vt -32.0505 23.96085
vt -31.58347 24.33611
vt -31.13092 24.69357
vt -30.71211 25.02186
vt -33.22635 23.29186
vt -32.82286 23.64663
vt -32.37178 24.02539
vt -31.89584 24.40703
vt -31.42113 24.77263
vt -30.97128 25.1069
vt -33.10257 23.68237
vt -32.6716 24.06147
vt -32.19965 24.44859
vt -31.71278 24.82237
vt -31.23785 25.16507
vt -32.94208 24.06819
vt -32.48634 24.45963
vt -31.99892 24.84184
vt -31.50732 25.19489
vt -32.74964 24.43982
vt -32.27292 24.83086
vt -31.7751 25.19632
vt -32.5299 24.79028
vt -32.03658 25.16895
vt -25.94018 25.11347
vt -29.43691 24.54611
vt -29.59513 24.76027
vt -29.23246 24.81973
vt -29.38993 25.05786
vt -29.06512 25.07125
vt -29.22466 25.33071
vt -28.9381 25.2961
vt -29.10392 25.57204
vt -28.85302 25.49082
vt -29.03196 25.77417
vt -28.81201 25.65158
vt -29.01099 25.93172
vt -28.81504 25.77623
vt -29.04159 26.04051
vt -28.86281 25.86197
vt -29.12251 26.0985
vt -28.95379 25.908
vt -29.25046 26.10612
vt -29.08701 25.91298
vt -22.8389 26.06502
vt -22.70821 25.87715
vt -22.6706 25.97839
vt -22.5558 25.8012
vt -29.7866 24.9578
vt -29.58785 25.27571
vt -29.43272 25.56434
vt -29.32731 25.81253
vt -29.27626 26.01035
vt -29.28232 26.15066
vt -29.34421 26.22963
vt -29.45858 26.24728
vt -23.01791 26.20689
vt -22.8269 26.11376
vt -30.00946 25.13274
vt -29.82543 25.46528
vt -29.68867 25.75991
vt -29.60617 26.00301
vt -29.58224 26.18282
vt -29.61784 26.29223
vt -29.71046 26.3294
vt -23.24249 26.29788
vt -23.02212 26.2049
vt -30.26035 25.28033
vt -30.09867 25.61795
vt -29.98727 25.90688
vt -29.93232 26.13181
vt -29.93768 26.27964
vt -30.00173 26.34663
vt -23.50923 26.33431
vt -23.25316 26.24987
vt -30.53407 25.39526
vt -30.40063 25.72672
vt -30.31849 25.9971
vt -30.29282 26.19006
vt -30.32489 26.296
vt -23.81221 26.31333
vt -23.5156 26.24853
vt -30.82428 25.47431
vt -30.72153 25.78762
vt -30.66923 26.02702
vt -30.66957 26.17816
vt -24.1444 26.23484
vt -23.80548 26.20015
vt -31.1233 25.5154
vt -31.05092 25.79911
vt -31.02447 25.99794
vt -24.49701 26.10091
vt -24.11739 26.10634
vt -31.42378 25.518
vt -31.37753 25.76322
vt -24.8614 25.91535
vt -24.44632 25.96794
vt -31.71755 25.48379
vt -25.22819 25.68463
vt -24.78643 25.78802
vt -25.59002 25.41496
vt -25.13205 25.56908
vt -25.47714 25.31524
vt -22.44721 25.68607
vt -22.5647 25.86428
vt -22.38389 25.53405
vt -22.50895 25.7061
vt -22.36702 25.34765
vt -22.50575 25.50492
vt -22.39725 25.12987
vt -22.55677 25.26332
vt -22.47346 24.88482
vt -22.66217 24.98599
vt -22.59507 24.61625
vt -22.81993 24.67924
vt -22.75925 24.32912
vt -23.02588 24.35119
vt -22.9639 24.0281
vt -23.27459 24.01
vt -23.2049 23.71848
vt -23.55863 23.66511
vt -23.47862 23.40546
vt -23.87123 23.32388
vt -23.78006 23.0945
vt -22.73131 25.99707
vt -22.69121 25.82837
vt -22.7105 25.60734
vt -22.791 25.33715
vt -22.93188 25.02435
vt -23.12959 24.67879
vt -23.37669 24.31201
vt -23.6641 23.9367
vt -23.98211 23.56505
vt -22.94569 26.08059
vt -22.93064 25.89541
vt -22.98062 25.64901
vt -23.09724 25.34574
vt -23.27729 24.99564
vt -23.51367 24.61256
vt -23.79593 24.21295
vt -24.11241 23.81203
vt -23.20503 26.1116
vt -23.2234 25.90297
vt -23.31087 25.62529
vt -23.46626 25.28638
vt -23.68414 24.89951
vt -23.95307 24.48422
vt -24.26044 24.05948
vt -23.50421 26.08785
vt -23.56217 25.84912
vt -23.69001 25.53571
vt -23.88323 25.16002
vt -24.13221 24.74073
vt -24.42353 24.30033
vt -23.8364 26.00935
vt -23.93637 25.73451
vt -24.10304 25.38379
vt -24.32744 24.97411
vt -24.59796 24.52859
vt -24.19281 25.8782
vt -24.33342 25.56395
vt -24.53251 25.17682
vt -24.77912 24.7382
vt -24.5646 25.69806
vt -24.7398 25.34431
vt -24.96249 24.92442
vt -24.94159 25.47481
vt -25.14271 25.08377
vt -25.31582 25.21422
usemtl 2
f 3/3/3 2/2/2 1/1/1
f 3/3/3 1/1/1 4/4/4
f 3/3/3 4/4/4 5/5/5
f 3/3/3 5/5/5 6/6/6
f 3/3/3 6/6/6 7/7/7
f 3/3/3 7/7/7 8/8/8
f 3/3/3 8/8/8 9/9/9
f 3/3/3 9/9/9 10/10/10
f 3/3/3 10/10/10 11/11/11
f 3/3/3 11/11/11 12/12/12
f 3/3/3 12/12/12 13/13/13
f 3/3/3 13/13/13 14/14/14
f 3/3/3 14/14/14 15/15/15
f 3/3/3 15/15/15 16/16/16
f 3/3/3 16/16/16 17/17/17
f 3/3/3 17/17/17 18/18/18
f 3/3/3 18/18/18 19/19/19
f 3/3/3 19/19/19 20/20/20
f 3/3/3 20/20/20 21/21/21
f 3/3/3 21/21/21 22/22/22
f 3/3/3 22/22/22 23/23/23
f 3/3/3 23/23/23 24/24/24
f 3/3/3 24/24/24 25/25/25
f 3/3/3 25/25/25 26/26/26
f 3/3/3 26/26/26 27/27/27
f 3/3/3 27/27/27 28/28/28
f 3/3/3 28/28/28 29/29/29
f 3/3/3 29/29/29 30/30/30
f 3/3/3 30/30/30 31/31/31
f 3/3/3 31/31/31 32/32/32
f 3/3/3 32/32/32 33/33/33
f 3/3/3 33/33/33 34/34/34
f 3/3/3 34/34/34 35/35/35
f 3/3/3 35/35/35 36/36/36
f 3/3/3 36/36/36 37/37/37
f 3/3/3 37/37/37 38/38/38
f 3/3/3 38/38/38 39/39/39
f 3/3/3 39/39/39 40/40/40
f 3/3/3 40/40/40 41/41/41
f 3/3/3 41/41/41 42/42/42
f 3/3/3 42/42/42 43/43/43
f 3/3/3 43/43/43 44/44/44
f 3/3/3 44/44/44 45/45/45
f 3/3/3 45/45/45 46/46/46
f 3/3/3 46/46/46 47/47/47
f 3/3/3 47/47/47 48/48/48
f 3/3/3 48/48/48 49/49/49
f 3/3/3 49/49/49 2/2/2
f 52/52/52 51/51/51 50/50/50
f 50/50/50 53/53/53 52/52/52
f 53/53/53 50/50/50 54/54/54
f 54/54/54 55/55/55 53/53/53
f 55/55/55 54/54/54 56/56/56
f 56/56/56 57/57/57 55/55/55
f 57/57/57 56/56/56 58/58/58
f 58/58/58 59/59/59 57/57/57
f 59/59/59 58/58/58 60/60/60
f 60/60/60 61/61/61 59/59/59
f 61/61/61 60/60/60 62/62/62
f 62/62/62 63/63/63 61/61/61
f 63/63/63 62/62/62 64/64/64
f 64/64/64 65/65/65 63/63/63
f 65/65/65 64/64/64 66/66/66
f 66/66/66 67/67/67 65/65/65
f 67/67/67 66/66/66 68/68/68
f 68/68/68 69/69/69 67/67/67
f 69/69/69 68/68/68 70/70/70
f 70/70/70 71/71/71 69/69/69
f 71/71/71 70/70/70 72/72/72
f 72/72/72 73/73/73 71/71/71
f 73/73/73 72/72/72 74/74/74
f 74/74/74 75/75/75 73/73/73
f 75/75/75 74/74/74 76/76/76
f 76/76/76 77/77/77 75/75/75
f 77/77/77 76/76/76 78/78/78
f 78/78/78 79/79/79 77/77/77
f 79/79/79 78/78/78 80/80/80
f 80/80/80 81/81/81 79/79/79
f 81/81/81 80/80/80 82/82/82
f 82/82/82 83/83/83 81/81/81
f 83/83/83 82/82/82 84/84/84
f 84/84/84 85/85/85 83/83/83
f 85/85/85 84/84/84 86/86/86
f 86/86/86 87/87/87 85/85/85
f 87/87/87 86/86/86 88/88/88
f 88/88/88 89/89/89 87/87/87
f 89/89/89 88/88/88 90/90/90
f 90/90/90 91/91/91 89/89/89
f 91/91/91 90/90/90 92/92/92
f 92/92/92 93/93/93 91/91/91
f 93/93/93 92/92/92 94/94/94
f 94/94/94 95/95/95 93/93/93
f 95/95/95 94/94/94 96/96/96
f 96/96/96 97/97/97 95/95/95
f 97/97/97 96/96/96 98/98/98
f 98/98/98 99/99/99 97/97/97
f 99/99/99 98/98/98 100/100/100
f 100/100/100 101/101/101 99/99/99
f 101/101/101 100/100/100 102/102/102
f 102/102/102 103/103/103 101/101/101
f 103/103/103 102/102/102 104/104/104
f 104/104/104 105/105/105 103/103/103
f 105/105/105 104/104/104 106/106/106
f 106/106/106 107/107/107 105/105/105
f 107/107/107 106/106/106 108/108/108
f 108/108/108 109/109/109 107/107/107
f 109/109/109 108/108/108 110/110/110
f 110/110/110 111/111/111 109/109/109
f 111/111/111 110/110/110 112/112/112
f 112/112/112 113/113/113 111/111/111
f 113/113/113 112/112/112 114/114/114
f 114/114/114 115/115/115 113/113/113
f 115/115/115 114/114/114 116/116/116
f 116/116/116 117/117/117 115/115/115
f 117/117/117 116/116/116 118/118/118
f 118/118/118 119/119/119 117/117/117
f 119/119/119 118/118/118 120/120/120
f 120/120/120 121/121/121 119/119/119
f 121/121/121 120/120/120 122/122/122
f 122/122/122 123/123/123 121/121/121
f 123/123/123 122/122/122 124/124/124
f 124/124/124 125/125/125 123/123/123
f 125/125/125 124/124/124 126/126/126
f 126/126/126 127/127/127 125/125/125
f 127/127/127 126/126/126 128/128/128
f 128/128/128 129/129/129 127/127/127
f 129/129/129 128/128/128 130/130/130
f 130/130/130 131/131/131 129/129/129
f 131/131/131 130/130/130 132/132/132
f 132/132/132 133/133/133 131/131/131
f 133/133/133 132/132/132 134/134/134
f 134/134/134 135/135/135 133/133/133
f 135/135/135 134/134/134 136/136/136
f 136/136/136 137/137/137 135/135/135
f 137/137/137 136/136/136 138/138/138
f 138/138/138 139/139/139 137/137/137
f 139/139/139 138/138/138 140/140/140
f 140/140/140 141/141/141 139/139/139
f 141/141/141 140/140/140 142/142/142
f 142/142/142 143/143/143 141/141/141
f 143/143/143 142/142/142 144/144/144
f 144/144/144 145/145/145 143/143/143
f 145/145/145 144/144/144 51/51/51
f 51/51/51 52/52/52 145/145/145
f 146/146/146 147/147/147 148/148/148
f 149/149/149 146/146/146 148/148/148
f 150/150/150 149/149/149 148/148/148
f 151/151/151 150/150/150 148/148/148
f 152/152/152 151/151/151 148/148/148
f 153/153/153 152/152/152 148/148/148
f 154/154/154 153/153/153 148/148/148
f 155/155/155 154/154/154 148/148/148
f 156/156/156 155/155/155 148/148/148
f 157/157/157 156/156/156 148/148/148
f 158/158/158 157/157/157 148/148/148
f 159/159/159 158/158/158 148/148/148
f 160/160/160 159/159/159 148/148/148
f 161/161/161 160/160/160 148/148/148
f 162/162/162 161/161/161 148/148/148
f 163/163/163 162/162/162 148/148/148
f 164/164/164 163/163/163 148/148/148
f 165/165/165 164/164/164 148/148/148
f 166/166/166 165/165/165 148/148/148
f 167/167/167 166/166/166 148/148/148
f 168/168/168 167/167/167 148/148/148
f 169/169/169 168/168/168 148/148/148
f 170/170/170 169/169/169 148/148/148
f 171/171/171 170/170/170 148/148/148
f 172/172/172 171/171/171 148/148/148
f 173/173/173 172/172/172 148/148/148
f 174/174/174 173/173/173 148/148/148
f 175/175/175 174/174/174 148/148/148
f 176/176/176 175/175/175 148/148/148
f 177/177/177 176/176/176 148/148/148
f 178/178/178 177/177/177 148/148/148
f 179/179/179 178/178/178 148/148/148
f 180/180/180 179/179/179 148/148/148
f 181/181/181 180/180/180 148/148/148
f 182/182/182 181/181/181 148/148/148
f 183/183/183 182/182/182 148/148/148
f 184/184/184 183/183/183 148/148/148
f 185/185/185 184/184/184 148/148/148
f 186/186/186 185/185/185 148/148/148
f 187/187/187 186/186/186 148/148/148
f 188/188/188 187/187/187 148/148/148
f 189/189/189 188/188/188 148/148/148
f 190/190/190 189/189/189 148/148/148
f 191/191/191 190/190/190 148/148/148
f 192/192/192 191/191/191 148/148/148
f 193/193/193 192/192/192 148/148/148
f 194/194/194 193/193/193 148/148/148
f 147/147/147 194/194/194 148/148/148
f 197/197/197 196/196/196 195/195/195
f 197/197/197 195/195/195 198/198/198
f 197/197/197 198/198/198 199/199/199
f 197/197/197 199/199/199 200/200/200
f 197/197/197 200/200/200 201/201/201
f 197/197/197 201/201/201 202/202/202
f 197/197/197 202/202/202 203/203/203
f 197/197/197 203/203/203 204/204/204
f 197/197/197 204/204/204 205/205/205
f 197/197/197 205/205/205 206/206/206
f 197/197/197 206/206/206 207/207/207
f 197/197/197 207/207/207 208/208/208
f 197/197/197 208/208/208 209/209/209
f 197/197/197 209/209/209 210/210/210
f 197/197/197 210/210/210 211/211/211
f 197/197/197 211/211/211 212/212/212
f 197/197/197 212/212/212 213/213/213
f 197/197/197 213/213/213 214/214/214
f 197/197/197 214/214/214 215/215/215
f 197/197/197 215/215/215 216/216/216
f 197/197/197 216/216/216 217/217/217
f 197/197/197 217/217/217 218/218/218
f 197/197/197 218/218/218 219/219/219
f 197/197/197 219/219/219 220/220/220
f 197/197/197 220/220/220 221/221/221
f 197/197/197 221/221/221 222/222/222
f 197/197/197 222/222/222 223/223/223
f 197/197/197 223/223/223 224/224/224
f 197/197/197 224/224/224 225/225/225
f 197/197/197 225/225/225 226/226/226
f 197/197/197 226/226/226 227/227/227
f 197/197/197 227/227/227 228/228/228
f 197/197/197 228/228/228 229/229/229
f 197/197/197 229/229/229 230/230/230
f 197/197/197 230/230/230 231/231/231
f 197/197/197 231/231/231 232/232/232
f 197/197/197 232/232/232 233/233/233
f 197/197/197 233/233/233 234/234/234
f 197/197/197 234/234/234 235/235/235
f 197/197/197 235/235/235 236/236/236
f 197/197/197 236/236/236 237/237/237
f 197/197/197 237/237/237 238/238/238
f 197/197/197 238/238/238 239/239/239
f 197/197/197 239/239/239 240/240/240
f 197/197/197 240/240/240 241/241/241
f 197/197/197 241/241/241 242/242/242
f 197/197/197 242/242/242 243/243/243
f 197/197/197 243/243/243 196/196/196
f 246/246/246 245/245/245 244/244/244
f 244/244/244 247/247/247 246/246/246
f 247/247/247 244/244/244 248/248/248
f 248/248/248 249/249/249 247/247/247
f 249/249/249 248/248/248 250/250/250
f 250/250/250 251/251/251 249/249/249
f 251/251/251 250/250/250 252/252/252
f 252/252/252 253/253/253 251/251/251
f 253/253/253 252/252/252 254/254/254
f 254/254/254 255/255/255 253/253/253
f 255/255/255 254/254/254 256/256/256
f 256/256/256 257/257/257 255/255/255
f 257/257/257 256/256/256 258/258/258
f 258/258/258 259/259/259 257/257/257
f 259/259/259 258/258/258 260/260/260
f 260/260/260 261/261/261 259/259/259
f 261/261/261 260/260/260 262/262/262
f 262/262/262 263/263/263 261/261/261
f 263/263/263 262/262/262 264/264/264
f 264/264/264 265/265/265 263/263/263
f 265/265/265 264/264/264 266/266/266
f 266/266/266 267/267/267 265/265/265
f 267/267/267 266/266/266 268/268/268
f 268/268/268 269/269/269 267/267/267
f 269/269/269 268/268/268 270/270/270
f 270/270/270 271/271/271 269/269/269
f 271/271/271 270/270/270 272/272/272
f 272/272/272 273/273/273 271/271/271
f 273/273/273 272/272/272 274/274/274
f 274/274/274 275/275/275 273/273/273
f 275/275/275 274/274/274 276/276/276
f 276/276/276 277/277/277 275/275/275
f 277/277/277 276/276/276 278/278/278
f 278/278/278 279/279/279 277/277/277
f 279/279/279 278/278/278 280/280/280
f 280/280/280 281/281/281 279/279/279
f 281/281/281 280/280/280 282/282/282
f 282/282/282 283/283/283 281/281/281
f 283/283/283 282/282/282 284/284/284
f 284/284/284 285/285/285 283/283/283
f 285/285/285 284/284/284 286/286/286
f 286/286/286 287/287/287 285/285/285
f 287/287/287 286/286/286 288/288/288
f 288/288/288 289/289/289 287/287/287
f 289/289/289 288/288/288 290/290/290
f 290/290/290 291/291/291 289/289/289
f 291/291/291 290/290/290 292/292/292
f 292/292/292 293/293/293 291/291/291
f 293/293/293 292/292/292 294/294/294
f 294/294/294 295/295/295 293/293/293
f 295/295/295 294/294/294 296/296/296
f 296/296/296 297/297/297 295/295/295
f 297/297/297 296/296/296 298/298/298
f 298/298/298 299/299/299 297/297/297
f 299/299/299 298/298/298 300/300/300
f 300/300/300 301/301/301 299/299/299
f 301/301/301 300/300/300 302/302/302
f 302/302/302 303/303/303 301/301/301
f 303/303/303 302/302/302 304/304/304
f 304/304/304 305/305/305 303/303/303
f 305/305/305 304/304/304 306/306/306
f 306/306/306 307/307/307 305/305/305
f 307/307/307 306/306/306 308/308/308
f 308/308/308 309/309/309 307/307/307
f 309/309/309 308/308/308 310/310/310
f 310/310/310 311/311/311 309/309/309
f 311/311/311 310/310/310 312/312/312
f 312/312/312 313/313/313 311/311/311
f 313/313/313 312/312/312 314/314/314
f 314/314/314 315/315/315 313/313/313
f 315/315/315 314/314/314 316/316/316
f 316/316/316 317/317/317 315/315/315
f 317/317/317 316/316/316 318/318/318
f 318/318/318 319/319/319 317/317/317
f 319/319/319 318/318/318 320/320/320
f 320/320/320 321/321/321 319/319/319
f 321/321/321 320/320/320 322/322/322
f 322/322/322 323/323/323 321/321/321
f 323/323/323 322/322/322 324/324/324
f 324/324/324 325/325/325 323/323/323
f 325/325/325 324/324/324 326/326/326
f 326/326/326 327/327/327 325/325/325
f 327/327/327 326/326/326 328/328/328
f 328/328/328 329/329/329 327/327/327
f 329/329/329 328/328/328 330/330/330
f 330/330/330 331/331/331 329/329/329
f 331/331/331 330/330/330 332/332/332
f 332/332/332 333/333/333 331/331/331
f 333/333/333 332/332/332 334/334/334
f 334/334/334 335/335/335 333/333/333
f 335/335/335 334/334/334 336/336/336
f 336/336/336 337/337/337 335/335/335
f 337/337/337 336/336/336 338/338/338
f 338/338/338 339/339/339 337/337/337
f 339/339/339 338/338/338 245/245/245
f 245/245/245 246/246/246 339/339/339
f 340/340/340 341/341/341 342/342/342
f 342/342/342 343/343/343 340/340/340
f 344/344/344 340/340/340 343/343/343
f 343/343/343 345/345/345 344/344/344
f 346/346/346 344/344/344 345/345/345
f 345/345/345 347/347/347 346/346/346
f 348/348/348 346/346/346 347/347/347
f 347/347/347 349/349/349 348/348/348
f 350/350/350 348/348/348 349/349/349
f 349/349/349 351/351/351 350/350/350
f 352/352/352 350/350/350 351/351/351
f 351/351/351 353/353/353 352/352/352
f 354/354/354 352/352/352 353/353/353
f 353/353/353 355/355/355 354/354/354
f 356/356/356 354/354/354 355/355/355
f 355/355/355 357/357/357 356/356/356
f 358/358/358 356/356/356 357/357/357
f 357/357/357 359/359/359 358/358/358
f 360/360/360 358/358/358 359/359/359
f 359/359/359 361/361/361 360/360/360
f 362/362/362 360/360/360 361/361/361
f 361/361/361 363/363/363 362/362/362
f 364/364/364 362/362/362 363/363/363
f 363/363/363 365/365/365 364/364/364
f 366/366/366 364/364/364 365/365/365
f 365/365/365 367/367/367 366/366/366
f 368/368/368 366/366/366 367/367/367
f 367/367/367 369/369/369 368/368/368
f 370/370/370 368/368/368 369/369/369
f 369/369/369 371/371/371 370/370/370
f 372/372/372 370/370/370 371/371/371
f 371/371/371 373/373/373 372/372/372
f 374/374/374 372/372/372 373/373/373
f 373/373/373 375/375/375 374/374/374
f 376/376/376 374/374/374 375/375/375
f 375/375/375 377/377/377 376/376/376
f 378/378/378 376/376/376 377/377/377
f 377/377/377 379/379/379 378/378/378
f 380/380/380 378/378/378 379/379/379
f 379/379/379 381/381/381 380/380/380
f 382/382/382 380/380/380 381/381/381
f 381/381/381 383/383/383 382/382/382
f 384/384/384 382/382/382 383/383/383
f 383/383/383 385/385/385 384/384/384
f 386/386/386 384/384/384 385/385/385
f 385/385/385 387/387/387 386/386/386
f 388/388/388 386/386/386 387/387/387
f 387/387/387 389/389/389 388/388/388
f 390/390/390 388/388/388 389/389/389
f 389/389/389 391/391/391 390/390/390
f 392/392/392 390/390/390 391/391/391
f 391/391/391 393/393/393 392/392/392
f 394/394/394 392/392/392 393/393/393
f 393/393/393 395/395/395 394/394/394
f 396/396/396 394/394/394 395/395/395
f 395/395/395 397/397/397 396/396/396
f 398/398/398 396/396/396 397/397/397
f 397/397/397 399/399/399 398/398/398
f 400/400/400 398/398/398 399/399/399
f 399/399/399 401/401/401 400/400/400
f 402/402/402 400/400/400 401/401/401
f 401/401/401 403/403/403 402/402/402
f 404/404/404 402/402/402 403/403/403
f 403/403/403 405/405/405 404/404/404
f 406/406/406 404/404/404 405/405/405
f 405/405/405 407/407/407 406/406/406
f 408/408/408 406/406/406 407/407/407
f 407/407/407 409/409/409 408/408/408
f 410/410/410 408/408/408 409/409/409
f 409/409/409 411/411/411 410/410/410
f 412/412/412 410/410/410 411/411/411
f 411/411/411 413/413/413 412/412/412
f 414/414/414 412/412/412 413/413/413
f 413/413/413 415/415/415 414/414/414
f 416/416/416 414/414/414 415/415/415
f 415/415/415 417/417/417 416/416/416
f 418/418/418 416/416/416 417/417/417
f 417/417/417 419/419/419 418/418/418
f 420/420/420 418/418/418 419/419/419
f 419/419/419 421/421/421 420/420/420
f 422/422/422 420/420/420 421/421/421
f 421/421/421 423/423/423 422/422/422
f 424/424/424 422/422/422 423/423/423
f 423/423/423 425/425/425 424/424/424
f 426/426/426 424/424/424 425/425/425
f 425/425/425 427/427/427 426/426/426
f 428/428/428 426/426/426 427/427/427
f 427/427/427 429/429/429 428/428/428
f 430/430/430 428/428/428 429/429/429
f 429/429/429 431/431/431 430/430/430
f 432/432/432 430/430/430 431/431/431
f 431/431/431 433/433/433 432/432/432
f 434/434/434 432/432/432 433/433/433
f 433/433/433 435/435/435 434/434/434
f 341/341/341 434/434/434 435/435/435
f 435/435/435 342/342/342 341/341/341
f 341/341/341 340/340/340 436/436/436
f 340/340/340 437/437/437 436/436/436
f 340/340/340 344/344/344 437/437/437
f 344/344/344 438/438/438 437/437/437
f 344/344/344 439/439/439 438/438/438
f 439/439/439 440/440/440 438/438/438
f 439/439/439 348/348/348 440/440/440
f 348/348/348 441/441/441 440/440/440
f 348/348/348 442/442/442 441/441/441
f 442/442/442 443/443/443 441/441/441
f 442/442/442 444/444/444 443/443/443
f 444/444/444 445/445/445 443/443/443
f 444/444/444 446/446/446 445/445/445
f 446/446/446 447/447/447 445/445/445
f 446/446/446 448/448/448 447/447/447
f 448/448/448 449/449/449 447/447/447
f 448/448/448 358/358/358 449/449/449
f 358/358/358 450/450/450 449/449/449
f 358/358/358 451/451/451 450/450/450
f 451/451/451 452/452/452 450/450/450
f 451/451/451 453/453/453 452/452/452
f 453/453/453 454/454/454 452/452/452
f 453/453/453 364/364/364 454/454/454
f 436/436/436 437/437/437 455/455/455
f 437/437/437 456/456/456 455/455/455
f 437/437/437 438/438/438 456/456/456
f 438/438/438 457/457/457 456/456/456
f 438/438/438 440/440/440 457/457/457
f 440/440/440 458/458/458 457/457/457
f 440/440/440 441/441/441 458/458/458
f 441/441/441 459/459/459 458/458/458
f 441/441/441 443/443/443 459/459/459
f 443/443/443 460/460/460 459/459/459
f 443/443/443 445/445/445 460/460/460
f 445/445/445 461/461/461 460/460/460
f 445/445/445 447/447/447 461/461/461
f 447/447/447 462/462/462 461/461/461
f 447/447/447 449/449/449 462/462/462
f 449/449/449 463/463/463 462/462/462
f 449/449/449 450/450/450 463/463/463
f 450/450/450 464/464/464 463/463/463
f 450/450/450 452/452/452 464/464/464
f 452/452/452 465/465/465 464/464/464
f 452/452/452 454/454/454 465/465/465
f 455/455/455 456/456/456 466/466/466
f 456/456/456 467/467/467 466/466/466
f 456/456/456 457/457/457 467/467/467
f 457/457/457 468/468/468 467/467/467
f 457/457/457 458/458/458 468/468/468
f 458/458/458 469/469/469 468/468/468
f 458/458/458 459/459/459 469/469/469
f 459/459/459 470/470/470 469/469/469
f 459/459/459 460/460/460 470/470/470
f 460/460/460 471/471/471 470/470/470
f 460/460/460 461/461/461 471/471/471
f 461/461/461 472/472/472 471/471/471
f 461/461/461 462/462/462 472/472/472
f 462/462/462 473/473/473 472/472/472
f 462/462/462 463/463/463 473/473/473
f 463/463/463 474/474/474 473/473/473
f 463/463/463 464/464/464 474/474/474
f 464/464/464 475/475/475 474/474/474
f 464/464/464 465/465/465 475/475/475
f 466/466/466 467/467/467 476/476/476
f 467/467/467 477/477/477 476/476/476
f 467/467/467 468/468/468 477/477/477
f 468/468/468 478/478/478 477/477/477
f 468/468/468 469/469/469 478/478/478
f 469/469/469 479/479/479 478/478/478
f 469/469/469 470/470/470 479/479/479
f 470/470/470 480/480/480 479/479/479
f 470/470/470 471/471/471 480/480/480
f 471/471/471 481/481/481 480/480/480
f 471/471/471 472/472/472 481/481/481
f 472/472/472 482/482/482 481/481/481
f 472/472/472 473/473/473 482/482/482
f 473/473/473 483/483/483 482/482/482
f 473/473/473 474/474/474 483/483/483
f 474/474/474 484/484/484 483/483/483
f 474/474/474 475/475/475 484/484/484
f 476/476/476 477/477/477 485/485/485
f 477/477/477 486/486/486 485/485/485
f 477/477/477 478/478/478 486/486/486
f 478/478/478 487/487/487 486/486/486
f 478/478/478 479/479/479 487/487/487
f 479/479/479 488/488/488 487/487/487
f 479/479/479 480/480/480 488/488/488
f 480/480/480 489/489/489 488/488/488
f 480/480/480 481/481/481 489/489/489
f 481/481/481 490/490/490 489/489/489
f 481/481/481 482/482/482 490/490/490
f 482/482/482 491/491/491 490/490/490
f 482/482/482 483/483/483 491/491/491
f 483/483/483 492/492/492 491/491/491
f 483/483/483 484/484/484 492/492/492
f 485/485/485 486/486/486 493/493/493
f 486/486/486 494/494/494 493/493/493
f 486/486/486 487/487/487 494/494/494
f 487/487/487 495/495/495 494/494/494
f 487/487/487 488/488/488 495/495/495
f 488/488/488 496/496/496 495/495/495
f 488/488/488 489/489/489 496/496/496
f 489/489/489 497/497/497 496/496/496
f 489/489/489 490/490/490 497/497/497
f 490/490/490 498/498/498 497/497/497
f 490/490/490 491/491/491 498/498/498
f 491/491/491 499/499/499 498/498/498
f 491/491/491 492/492/492 499/499/499
f 493/493/493 494/494/494 500/500/500
f 494/494/494 501/501/501 500/500/500
f 494/494/494 495/495/495 501/501/501
f 495/495/495 502/502/502 501/501/501
f 495/495/495 496/496/496 502/502/502
f 496/496/496 503/503/503 502/502/502
f 496/496/496 497/497/497 503/503/503
f 497/497/497 504/504/504 503/503/503
f 497/497/497 498/498/498 504/504/504
f 498/498/498 505/505/505 504/504/504
f 498/498/498 499/499/499 505/505/505
f 500/500/500 501/501/501 506/506/506
f 501/501/501 507/507/507 506/506/506
f 501/501/501 502/502/502 507/507/507
f 502/502/502 508/508/508 507/507/507
f 502/502/502 503/503/503 508/508/508
f 503/503/503 509/509/509 508/508/508
f 503/503/503 504/504/504 509/509/509
f 504/504/504 510/510/510 509/509/509
f 504/504/504 505/505/505 510/510/510
f 506/506/506 507/507/507 511/511/511
f 507/507/507 512/512/512 511/511/511
f 507/507/507 508/508/508 512/512/512
f 508/508/508 513/513/513 512/512/512
f 508/508/508 509/509/509 513/513/513
f 509/509/509 514/514/514 513/513/513
f 509/509/509 510/510/510 514/514/514
f 511/511/511 512/512/512 515/515/515
f 512/512/512 516/516/516 515/515/515
f 512/512/512 513/513/513 516/516/516
f 513/513/513 517/517/517 516/516/516
f 513/513/513 514/514/514 517/517/517
f 515/515/515 516/516/516 518/518/518
f 516/516/516 519/519/519 518/518/518
f 516/516/516 517/517/517 519/519/519
f 518/518/518 519/519/519 520/520/520
f 364/364/364 521/521/521 454/454/454
f 521/521/521 522/522/522 454/454/454
f 521/521/521 523/523/523 522/522/522
f 523/523/523 524/524/524 522/522/522
f 523/523/523 370/370/370 524/524/524
f 370/370/370 525/525/525 524/524/524
f 370/370/370 526/526/526 525/525/525
f 526/526/526 527/527/527 525/525/525
f 526/526/526 528/528/528 527/527/527
f 528/528/528 529/529/529 527/527/527
f 528/528/528 530/530/530 529/529/529
f 530/530/530 531/531/531 529/529/529
f 530/530/530 532/532/532 531/531/531
f 532/532/532 533/533/533 531/531/531
f 532/532/532 380/380/380 533/533/533
f 380/380/380 534/534/534 533/533/533
f 380/380/380 535/535/535 534/534/534
f 535/535/535 536/536/536 534/534/534
f 535/535/535 384/384/384 536/536/536
f 384/384/384 537/537/537 536/536/536
f 384/384/384 386/386/386 537/537/537
f 386/386/386 538/538/538 537/537/537
f 386/386/386 388/388/388 538/538/538
f 454/454/454 522/522/522 465/465/465
f 522/522/522 539/539/539 465/465/465
f 522/522/522 524/524/524 539/539/539
f 524/524/524 540/540/540 539/539/539
f 524/524/524 525/525/525 540/540/540
f 525/525/525 541/541/541 540/540/540
f 525/525/525 527/527/527 541/541/541
f 527/527/527 542/542/542 541/541/541
f 527/527/527 529/529/529 542/542/542
f 529/529/529 543/543/543 542/542/542
f 529/529/529 531/531/531 543/543/543
f 531/531/531 544/544/544 543/543/543
f 531/531/531 533/533/533 544/544/544
f 533/533/533 545/545/545 544/544/544
f 533/533/533 534/534/534 545/545/545
f 534/534/534 546/546/546 545/545/545
f 534/534/534 536/536/536 546/546/546
f 536/536/536 547/547/547 546/546/546
f 536/536/536 537/537/537 547/547/547
f 537/537/537 548/548/548 547/547/547
f 537/537/537 538/538/538 548/548/548
f 465/465/465 539/539/539 475/475/475
f 539/539/539 549/549/549 475/475/475
f 539/539/539 540/540/540 549/549/549
f 540/540/540 550/550/550 549/549/549
f 540/540/540 541/541/541 550/550/550
f 541/541/541 551/551/551 550/550/550
f 541/541/541 542/542/542 551/551/551
f 542/542/542 552/552/552 551/551/551
f 542/542/542 543/543/543 552/552/552
f 543/543/543 553/553/553 552/552/552
f 543/543/543 544/544/544 553/553/553
f 544/544/544 554/554/554 553/553/553
f 544/544/544 545/545/545 554/554/554
f 545/545/545 555/555/555 554/554/554
f 545/545/545 546/546/546 555/555/555
f 546/546/546 556/556/556 555/555/555
f 546/546/546 547/547/547 556/556/556
f 547/547/547 557/557/557 556/556/556
f 547/547/547 548/548/548 557/557/557
f 475/475/475 549/549/549 484/484/484
f 549/549/549 558/558/558 484/484/484
f 549/549/549 550/550/550 558/558/558
f 550/550/550 559/559/559 558/558/558
f 550/550/550 551/551/551 559/559/559
f 551/551/551 560/560/560 559/559/559
f 551/551/551 552/552/552 560/560/560
f 552/552/552 561/561/561 560/560/560
f 552/552/552 553/553/553 561/561/561
f 553/553/553 562/562/562 561/561/561
f 553/553/553 554/554/554 562/562/562
f 554/554/554 563/563/563 562/562/562
f 554/554/554 555/555/555 563/563/563
f 555/555/555 564/564/564 563/563/563
f 555/555/555 556/556/556 564/564/564
f 556/556/556 565/565/565 564/564/564
f 556/556/556 557/557/557 565/565/565
f 484/484/484 558/558/558 492/492/492
f 558/558/558 566/566/566 492/492/492
f 558/558/558 559/559/559 566/566/566
f 559/559/559 567/567/567 566/566/566
f 559/559/559 560/560/560 567/567/567
f 560/560/560 568/568/568 567/567/567
f 560/560/560 561/561/561 568/568/568
f 561/561/561 569/569/569 568/568/568
f 561/561/561 562/562/562 569/569/569
f 562/562/562 570/570/570 569/569/569
f 562/562/562 563/563/563 570/570/570
f 563/563/563 571/571/571 570/570/570
f 563/563/563 564/564/564 571/571/571
f 564/564/564 572/572/572 571/571/571
f 564/564/564 565/565/565 572/572/572
f 492/492/492 566/566/566 499/499/499
f 566/566/566 573/573/573 499/499/499
f 566/566/566 567/567/567 573/573/573
f 567/567/567 574/574/574 573/573/573
f 567/567/567 568/568/568 574/574/574
f 568/568/568 575/575/575 574/574/574
f 568/568/568 569/569/569 575/575/575
f 569/569/569 576/576/576 575/575/575
f 569/569/569 570/570/570 576/576/576
f 570/570/570 577/577/577 576/576/576
f 570/570/570 571/571/571 577/577/577
f 571/571/571 578/578/578 577/577/577
f 571/571/571 572/572/572 578/578/578
f 499/499/499 573/573/573 505/505/505
f 573/573/573 579/579/579 505/505/505
f 573/573/573 574/574/574 579/579/579
f 574/574/574 580/580/580 579/579/579
f 574/574/574 575/575/575 580/580/580
f 575/575/575 581/581/581 580/580/580
f 575/575/575 576/576/576 581/581/581
f 576/576/576 582/582/582 581/581/581
f 576/576/576 577/577/577 582/582/582
f 577/577/577 583/583/583 582/582/582
f 577/577/577 578/578/578 583/583/583
f 505/505/505 579/579/579 510/510/510
f 579/579/579 584/584/584 510/510/510
f 579/579/579 580/580/580 584/584/584
f 580/580/580 585/585/585 584/584/584
f 580/580/580 581/581/581 585/585/585
f 581/581/581 586/586/586 585/585/585
f 581/581/581 582/582/582 586/586/586
f 582/582/582 587/587/587 586/586/586
f 582/582/582 583/583/583 587/587/587
f 510/510/510 584/584/584 514/514/514
f 584/584/584 588/588/588 514/514/514
f 584/584/584 585/585/585 588/588/588
f 585/585/585 589/589/589 588/588/588
f 585/585/585 586/586/586 589/589/589
f 586/586/586 590/590/590 589/589/589
f 586/586/586 587/587/587 590/590/590
f 514/514/514 588/588/588 517/517/517
f 588/588/588 591/591/591 517/517/517
f 588/588/588 589/589/589 591/591/591
f 589/589/589 592/592/592 591/591/591
f 589/589/589 590/590/590 592/592/592
f 517/517/517 591/591/591 519/519/519
f 591/591/591 593/593/593 519/519/519
f 591/591/591 592/592/592 593/593/593
f 519/519/519 593/593/593 520/520/520
f 388/388/388 594/594/594 538/538/538
f 594/594/594 595/595/595 538/538/538
f 594/594/594 596/596/596 595/595/595
f 596/596/596 597/597/597 595/595/595
f 596/596/596 394/394/394 597/597/597
f 394/394/394 598/598/598 597/597/597
f 394/394/394 599/599/599 598/598/598
f 599/599/599 600/600/600 598/598/598
f 599/599/599 398/398/398 600/600/600
f 398/398/398 601/601/601 600/600/600
f 398/398/398 602/602/602 601/601/601
f 602/602/602 603/603/603 601/601/601
f 602/602/602 402/402/402 603/603/603
f 402/402/402 604/604/604 603/603/603
f 402/402/402 404/404/404 604/604/604
f 404/404/404 605/605/605 604/604/604
f 404/404/404 606/606/606 605/605/605
f 606/606/606 607/607/607 605/605/605
f 606/606/606 408/408/408 607/607/607
f 408/408/408 608/608/608 607/607/607
f 408/408/408 410/410/410 608/608/608
f 410/410/410 609/609/609 608/608/608
f 410/410/410 610/610/610 609/609/609
f 538/538/538 595/595/595 548/548/548
f 595/595/595 611/611/611 548/548/548
f 595/595/595 597/597/597 611/611/611
f 597/597/597 612/612/612 611/611/611
f 597/597/597 598/598/598 612/612/612
f 598/598/598 613/613/613 612/612/612
f 598/598/598 600/600/600 613/613/613
f 600/600/600 614/614/614 613/613/613
f 600/600/600 601/601/601 614/614/614
f 601/601/601 615/615/615 614/614/614
f 601/601/601 603/603/603 615/615/615
f 603/603/603 616/616/616 615/615/615
f 603/603/603 604/604/604 616/616/616
f 604/604/604 617/617/617 616/616/616
f 604/604/604 605/605/605 617/617/617
f 605/605/605 618/618/618 617/617/617
f 605/605/605 607/607/607 618/618/618
f 607/607/607 619/619/619 618/618/618
f 607/607/607 608/608/608 619/619/619
f 608/608/608 620/620/620 619/619/619
f 608/608/608 609/609/609 620/620/620
f 548/548/548 611/611/611 557/557/557
f 611/611/611 621/621/621 557/557/557
f 611/611/611 612/612/612 621/621/621
f 612/612/612 622/622/622 621/621/621
f 612/612/612 613/613/613 622/622/622
f 613/613/613 623/623/623 622/622/622
f 613/613/613 614/614/614 623/623/623
f 614/614/614 624/624/624 623/623/623
f 614/614/614 615/615/615 624/624/624
f 615/615/615 625/625/625 624/624/624
f 615/615/615 616/616/616 625/625/625
f 616/616/616 626/626/626 625/625/625
f 616/616/616 617/617/617 626/626/626
f 617/617/617 627/627/627 626/626/626
f 617/617/617 618/618/618 627/627/627
f 618/618/618 628/628/628 627/627/627
f 618/618/618 619/619/619 628/628/628
f 619/619/619 629/629/629 628/628/628
f 619/619/619 620/620/620 629/629/629
f 557/557/557 621/621/621 565/565/565
f 621/621/621 630/630/630 565/565/565
f 621/621/621 622/622/622 630/630/630
f 622/622/622 631/631/631 630/630/630
f 622/622/622 623/623/623 631/631/631
f 623/623/623 632/632/632 631/631/631
f 623/623/623 624/624/624 632/632/632
f 624/624/624 633/633/633 632/632/632
f 624/624/624 625/625/625 633/633/633
f 625/625/625 634/634/634 633/633/633
f 625/625/625 626/626/626 634/634/634
f 626/626/626 635/635/635 634/634/634
f 626/626/626 627/627/627 635/635/635
f 627/627/627 636/636/636 635/635/635
f 627/627/627 628/628/628 636/636/636
f 628/628/628 637/637/637 636/636/636
f 628/628/628 629/629/629 637/637/637
f 565/565/565 630/630/630 572/572/572
f 630/630/630 638/638/638 572/572/572
f 630/630/630 631/631/631 638/638/638
f 631/631/631 639/639/639 638/638/638
f 631/631/631 632/632/632 639/639/639
f 632/632/632 640/640/640 639/639/639
f 632/632/632 633/633/633 640/640/640
f 633/633/633 641/641/641 640/640/640
f 633/633/633 634/634/634 641/641/641
f 634/634/634 642/642/642 641/641/641
f 634/634/634 635/635/635 642/642/642
f 635/635/635 643/643/643 642/642/642
f 635/635/635 636/636/636 643/643/643
f 636/636/636 644/644/644 643/643/643
f 636/636/636 637/637/637 644/644/644
f 572/572/572 638/638/638 578/578/578
f 638/638/638 645/645/645 578/578/578
f 638/638/638 639/639/639 645/645/645
f 639/639/639 646/646/646 645/645/645
f 639/639/639 640/640/640 646/646/646
f 640/640/640 647/647/647 646/646/646
f 640/640/640 641/641/641 647/647/647
f 641/641/641 648/648/648 647/647/647
f 641/641/641 642/642/642 648/648/648
f 642/642/642 649/649/649 648/648/648
f 642/642/642 643/643/643 649/649/649
f 643/643/643 650/650/650 649/649/649
f 643/643/643 644/644/644 650/650/650
f 578/578/578 645/645/645 583/583/583
f 645/645/645 651/651/651 583/583/583
f 645/645/645 646/646/646 651/651/651
f 646/646/646 652/652/652 651/651/651
f 646/646/646 647/647/647 652/652/652
f 647/647/647 653/653/653 652/652/652
f 647/647/647 648/648/648 653/653/653
f 648/648/648 654/654/654 653/653/653
f 648/648/648 649/649/649 654/654/654
f 649/649/649 655/655/655 654/654/654
f 649/649/649 650/650/650 655/655/655
f 583/583/583 651/651/651 587/587/587
f 651/651/651 656/656/656 587/587/587
f 651/651/651 652/652/652 656/656/656
f 652/652/652 657/657/657 656/656/656
f 652/652/652 653/653/653 657/657/657
f 653/653/653 658/658/658 657/657/657
f 653/653/653 654/654/654 658/658/658
f 654/654/654 659/659/659 658/658/658
f 654/654/654 655/655/655 659/659/659
f 587/587/587 656/656/656 590/590/590
f 656/656/656 660/660/660 590/590/590
f 656/656/656 657/657/657 660/660/660
f 657/657/657 661/661/661 660/660/660
f 657/657/657 658/658/658 661/661/661
f 658/658/658 662/662/662 661/661/661
f 658/658/658 659/659/659 662/662/662
f 590/590/590 660/660/660 592/592/592
f 660/660/660 663/663/663 592/592/592
f 660/660/660 661/661/661 663/663/663
f 661/661/661 664/664/664 663/663/663
f 661/661/661 662/662/662 664/664/664
f 592/592/592 663/663/663 593/593/593
f 663/663/663 665/665/665 593/593/593
f 663/663/663 664/664/664 665/665/665
f 593/593/593 665/665/665 520/520/520
f 610/610/610 414/414/414 609/609/609
f 414/414/414 666/666/666 609/609/609
f 414/414/414 416/416/416 666/666/666
f 416/416/416 667/667/667 666/666/666
f 416/416/416 668/668/668 667/667/667
f 668/668/668 669/669/669 667/667/667
f 668/668/668 420/420/420 669/669/669
f 420/420/420 670/670/670 669/669/669
f 420/420/420 422/422/422 670/670/670
f 422/422/422 671/671/671 670/670/670
f 422/422/422 672/672/672 671/671/671
f 672/672/672 673/673/673 671/671/671
f 672/672/672 426/426/426 673/673/673
f 426/426/426 674/674/674 673/673/673
f 426/426/426 675/675/675 674/674/674
f 675/675/675 676/676/676 674/674/674
f 675/675/675 430/430/430 676/676/676
f 430/430/430 677/677/677 676/676/676
f 430/430/430 678/678/678 677/677/677
f 678/678/678 679/679/679 677/677/677
f 678/678/678 680/680/680 679/679/679
f 680/680/680 436/436/436 679/679/679
f 680/680/680 341/341/341 436/436/436
f 609/609/609 666/666/666 620/620/620
f 666/666/666 681/681/681 620/620/620
f 666/666/666 667/667/667 681/681/681
f 667/667/667 682/682/682 681/681/681
f 667/667/667 669/669/669 682/682/682
f 669/669/669 683/683/683 682/682/682
f 669/669/669 670/670/670 683/683/683
f 670/670/670 684/684/684 683/683/683
f 670/670/670 671/671/671 684/684/684
f 671/671/671 685/685/685 684/684/684
f 671/671/671 673/673/673 685/685/685
f 673/673/673 686/686/686 685/685/685
f 673/673/673 674/674/674 686/686/686
f 674/674/674 687/687/687 686/686/686
f 674/674/674 676/676/676 687/687/687
f 676/676/676 688/688/688 687/687/687
f 676/676/676 677/677/677 688/688/688
f 677/677/677 689/689/689 688/688/688
f 677/677/677 679/679/679 689/689/689
f 679/679/679 455/455/455 689/689/689
f 679/679/679 436/436/436 455/455/455
f 620/620/620 681/681/681 629/629/629
f 681/681/681 690/690/690 629/629/629
f 681/681/681 682/682/682 690/690/690
f 682/682/682 691/691/691 690/690/690
f 682/682/682 683/683/683 691/691/691
f 683/683/683 692/692/692 691/691/691
f 683/683/683 684/684/684 692/692/692
f 684/684/684 693/693/693 692/692/692
f 684/684/684 685/685/685 693/693/693
f 685/685/685 694/694/694 693/693/693
f 685/685/685 686/686/686 694/694/694
f 686/686/686 695/695/695 694/694/694
f 686/686/686 687/687/687 695/695/695
f 687/687/687 696/696/696 695/695/695
f 687/687/687 688/688/688 696/696/696
f 688/688/688 697/697/697 696/696/696
f 688/688/688 689/689/689 697/697/697
f 689/689/689 466/466/466 697/697/697
f 689/689/689 455/455/455 466/466/466
f 629/629/629 690/690/690 637/637/637
f 690/690/690 698/698/698 637/637/637
f 690/690/690 691/691/691 698/698/698
f 691/691/691 699/699/699 698/698/698
f 691/691/691 692/692/692 699/699/699
f 692/692/692 700/700/700 699/699/699
f 692/692/692 693/693/693 700/700/700
f 693/693/693 701/701/701 700/700/700
f 693/693/693 694/694/694 701/701/701
f 694/694/694 702/702/702 701/701/701
f 694/694/694 695/695/695 702/702/702
f 695/695/695 703/703/703 702/702/702
f 695/695/695 696/696/696 703/703/703
f 696/696/696 704/704/704 703/703/703
f 696/696/696 697/697/697 704/704/704
f 697/697/697 476/476/476 704/704/704
f 697/697/697 466/466/466 476/476/476
f 637/637/637 698/698/698 644/644/644
f 698/698/698 705/705/705 644/644/644
f 698/698/698 699/699/699 705/705/705
f 699/699/699 706/706/706 705/705/705
f 699/699/699 700/700/700 706/706/706
f 700/700/700 707/707/707 706/706/706
f 700/700/700 701/701/701 707/707/707
f 701/701/701 708/708/708 707/707/707
f 701/701/701 702/702/702 708/708/708
f 702/702/702 709/709/709 708/708/708
f 702/702/702 703/703/703 709/709/709
f 703/703/703 710/710/710 709/709/709
f 703/703/703 704/704/704 710/710/710
f 704/704/704 485/485/485 710/710/710
f 704/704/704 476/476/476 485/485/485
f 644/644/644 705/705/705 650/650/650
f 705/705/705 711/711/711 650/650/650
f 705/705/705 706/706/706 711/711/711
f 706/706/706 712/712/712 711/711/711
f 706/706/706 707/707/707 712/712/712
f 707/707/707 713/713/713 712/712/712
f 707/707/707 708/708/708 713/713/713
f 708/708/708 714/714/714 713/713/713
f 708/708/708 709/709/709 714/714/714
f 709/709/709 715/715/715 714/714/714
f 709/709/709 710/710/710 715/715/715
f 710/710/710 493/493/493 715/715/715
f 710/710/710 485/485/485 493/493/493
f 650/650/650 711/711/711 655/655/655
f 711/711/711 716/716/716 655/655/655
f 711/711/711 712/712/712 716/716/716
f 712/712/712 717/717/717 716/716/716
f 712/712/712 713/713/713 717/717/717
f 713/713/713 718/718/718 717/717/717
f 713/713/713 714/714/714 718/718/718
f 714/714/714 719/719/719 718/718/718
f 714/714/714 715/715/715 719/719/719
f 715/715/715 500/500/500 719/719/719
f 715/715/715 493/493/493 500/500/500
f 655/655/655 716/716/716 659/659/659
f 716/716/716 720/720/720 659/659/659
f 716/716/716 717/717/717 720/720/720
f 717/717/717 721/721/721 720/720/720
f 717/717/717 718/718/718 721/721/721
f 718/718/718 722/722/722 721/721/721
f 718/718/718 719/719/719 722/722/722
f 719/719/719 506/506/506 722/722/722
f 719/719/719 500/500/500 506/506/506
f 659/659/659 720/720/720 662/662/662
f 720/720/720 723/723/723 662/662/662
f 720/720/720 721/721/721 723/723/723
f 721/721/721 724/724/724 723/723/723
f 721/721/721 722/722/722 724/724/724
f 722/722/722 511/511/511 724/724/724
f 722/722/722 506/506/506 511/511/511
f 662/662/662 723/723/723 664/664/664
f 723/723/723 725/725/725 664/664/664
f 723/723/723 724/724/724 725/725/725
f 724/724/724 515/515/515 725/725/725
f 724/724/724 511/511/511 515/515/515
f 664/664/664 725/725/725 665/665/665
f 725/725/725 518/518/518 665/665/665
f 725/725/725 515/515/515 518/518/518
f 665/665/665 518/518/518 520/520/520
f 728/728/728 727/727/727 726/726/726
f 728/728/728 726/726/726 729/729/729
f 728/728/728 729/729/729 730/730/730
f 728/728/728 730/730/730 731/731/731
f 728/728/728 731/731/731 732/732/732
f 728/728/728 732/732/732 733/733/733
f 728/728/728 733/733/733 734/734/734
f 728/728/728 734/734/734 735/735/735
f 728/728/728 735/735/735 736/736/736
f 728/728/728 736/736/736 737/737/737
f 728/728/728 737/737/737 738/738/738
f 728/728/728 738/738/738 739/739/739
f 728/728/728 739/739/739 740/740/740
f 728/728/728 740/740/740 741/741/741
f 728/728/728 741/741/741 742/742/742
f 728/728/728 742/742/742 743/743/743
f 728/728/728 743/743/743 744/744/744
f 728/728/728 744/744/744 745/745/745
f 728/728/728 745/745/745 746/746/746
f 728/728/728 746/746/746 747/747/747
f 728/728/728 747/747/747 748/748/748
f 728/728/728 748/748/748 749/749/749
f 728/728/728 749/749/749 750/750/750
f 728/728/728 750/750/750 751/751/751
f 728/728/728 751/751/751 752/752/752
f 728/728/728 752/752/752 753/753/753
f 728/728/728 753/753/753 754/754/754
f 728/728/728 754/754/754 755/755/755
f 728/728/728 755/755/755 756/756/756
f 728/728/728 756/756/756 757/757/757
f 728/728/728 757/757/757 758/758/758
f 728/728/728 758/758/758 759/759/759
f 728/728/728 759/759/759 760/760/760
f 728/728/728 760/760/760 761/761/761
f 728/728/728 761/761/761 762/762/762
f 728/728/728 762/762/762 763/763/763
f 728/728/728 763/763/763 764/764/764
f 728/728/728 764/764/764 765/765/765
f 728/728/728 765/765/765 766/766/766
f 728/728/728 766/766/766 767/767/767
f 728/728/728 767/767/767 768/768/768
f 728/728/728 768/768/768 769/769/769
f 728/728/728 769/769/769 770/770/770
f 728/728/728 770/770/770 771/771/771
f 728/728/728 771/771/771 772/772/772
f 728/728/728 772/772/772 773/773/773
f 728/728/728 773/773/773 774/774/774
f 728/728/728 774/774/774 727/727/727
f 777/777/777 776/776/776 775/775/775
f 775/775/775 778/778/778 777/777/777
f 778/778/778 775/775/775 779/779/779
f 779/779/779 780/780/780 778/778/778
f 780/780/780 779/779/779 781/781/781
f 781/781/781 782/782/782 780/780/780
f 782/782/782 781/781/781 783/783/783
f 783/783/783 784/784/784 782/782/782
f 784/784/784 783/783/783 785/785/785
f 785/785/785 786/786/786 784/784/784
f 786/786/786 785/785/785 787/787/787
f 787/787/787 788/788/788 786/786/786
f 788/788/788 787/787/787 789/789/789
f 789/789/789 790/790/790 788/788/788
f 790/790/790 789/789/789 791/791/791
f 791/791/791 792/792/792 790/790/790
f 792/792/792 791/791/791 793/793/793
f 793/793/793 794/794/794 792/792/792
f 794/794/794 793/793/793 795/795/795
f 795/795/795 796/796/796 794/794/794
f 796/796/796 795/795/795 797/797/797
f 797/797/797 798/798/798 796/796/796
f 798/798/798 797/797/797 799/799/799
f 799/799/799 800/800/800 798/798/798
f 800/800/800 799/799/799 801/801/801
f 801/801/801 802/802/802 800/800/800
f 802/802/802 801/801/801 803/803/803
f 803/803/803 804/804/804 802/802/802
f 804/804/804 803/803/803 805/805/805
f 805/805/805 806/806/806 804/804/804
f 806/806/806 805/805/805 807/807/807
f 807/807/807 808/808/808 806/806/806
f 808/808/808 807/807/807 809/809/809
f 809/809/809 810/810/810 808/808/808
f 810/810/810 809/809/809 811/811/811
f 811/811/811 812/812/812 810/810/810
f 812/812/812 811/811/811 813/813/813
f 813/813/813 814/814/814 812/812/812
f 814/814/814 813/813/813 815/815/815
f 815/815/815 816/816/816 814/814/814
f 816/816/816 815/815/815 817/817/817
f 817/817/817 818/818/818 816/816/816
f 818/818/818 817/817/817 819/819/819
f 819/819/819 820/820/820 818/818/818
f 820/820/820 819/819/819 821/821/821
f 821/821/821 822/822/822 820/820/820
f 822/822/822 821/821/821 823/823/823
f 823/823/823 824/824/824 822/822/822
f 824/824/824 823/823/823 825/825/825
f 825/825/825 826/826/826 824/824/824
f 826/826/826 825/825/825 827/827/827
f 827/827/827 828/828/828 826/826/826
f 828/828/828 827/827/827 829/829/829
f 829/829/829 830/830/830 828/828/828
f 830/830/830 829/829/829 831/831/831
f 831/831/831 832/832/832 830/830/830
f 832/832/832 831/831/831 833/833/833
f 833/833/833 834/834/834 832/832/832
f 834/834/834 833/833/833 835/835/835
f 835/835/835 836/836/836 834/834/834
f 836/836/836 835/835/835 837/837/837
f 837/837/837 838/838/838 836/836/836
f 838/838/838 837/837/837 839/839/839
f 839/839/839 840/840/840 838/838/838
f 840/840/840 839/839/839 841/841/841
f 841/841/841 842/842/842 840/840/840
f 842/842/842 841/841/841 843/843/843
f 843/843/843 844/844/844 842/842/842
f 844/844/844 843/843/843 845/845/845
f 845/845/845 846/846/846 844/844/844
f 846/846/846 845/845/845 847/847/847
f 847/847/847 848/848/848 846/846/846
f 848/848/848 847/847/847 849/849/849
f 849/849/849 850/850/850 848/848/848
f 850/850/850 849/849/849 851/851/851
f 851/851/851 852/852/852 850/850/850
f 852/852/852 851/851/851 853/853/853
f 853/853/853 854/854/854 852/852/852
f 854/854/854 853/853/853 855/855/855
f 855/855/855 856/856/856 854/854/854
f 856/856/856 855/855/855 857/857/857
f 857/857/857 858/858/858 856/856/856
f 858/858/858 857/857/857 859/859/859
f 859/859/859 860/860/860 858/858/858
f 860/860/860 859/859/859 861/861/861
f 861/861/861 862/862/862 860/860/860
f 862/862/862 861/861/861 863/863/863
f 863/863/863 864/864/864 862/862/862
f 864/864/864 863/863/863 865/865/865
f 865/865/865 866/866/866 864/864/864
f 866/866/866 865/865/865 867/867/867
f 867/867/867 868/868/868 866/866/866
f 868/868/868 867/867/867 869/869/869
f 869/869/869 870/870/870 868/868/868
f 870/870/870 869/869/869 776/776/776
f 776/776/776 777/777/777 870/870/870
f 871/871/871 872/872/872 873/873/873
f 873/873/873 874/874/874 871/871/871
f 875/875/875 871/871/871 874/874/874
f 874/874/874 876/876/876 875/875/875
f 877/877/877 875/875/875 876/876/876
f 876/876/876 878/878/878 877/877/877
f 879/879/879 877/877/877 878/878/878
f 878/878/878 880/880/880 879/879/879
f 881/881/881 879/879/879 880/880/880
f 880/880/880 882/882/882 881/881/881
f 883/883/883 881/881/881 882/882/882
f 882/882/882 884/884/884 883/883/883
f 885/885/885 883/883/883 884/884/884
f 884/884/884 886/886/886 885/885/885
f 887/887/887 885/885/885 886/886/886
f 886/886/886 888/888/888 887/887/887
f 889/889/889 887/887/887 888/888/888
f 888/888/888 890/890/890 889/889/889
f 891/891/891 889/889/889 890/890/890
f 890/890/890 892/892/892 891/891/891
f 893/893/893 891/891/891 892/892/892
f 892/892/892 894/894/894 893/893/893
f 895/895/895 893/893/893 894/894/894
f 894/894/894 896/896/896 895/895/895
f 897/897/897 895/895/895 896/896/896
f 896/896/896 898/898/898 897/897/897
f 899/899/899 897/897/897 898/898/898
f 898/898/898 900/900/900 899/899/899
f 901/901/901 899/899/899 900/900/900
f 900/900/900 902/902/902 901/901/901
f 903/903/903 901/901/901 902/902/902
f 902/902/902 904/904/904 903/903/903
f 905/905/905 903/903/903 904/904/904
f 904/904/904 906/906/906 905/905/905
f 907/907/907 905/905/905 906/906/906
f 906/906/906 908/908/908 907/907/907
f 909/909/909 907/907/907 908/908/908
f 908/908/908 910/910/910 909/909/909
f 911/911/911 909/909/909 910/910/910
f 910/910/910 912/912/912 911/911/911
f 913/913/913 911/911/911 912/912/912
f 912/912/912 914/914/914 913/913/913
f 915/915/915 913/913/913 914/914/914
f 914/914/914 916/916/916 915/915/915
f 917/917/917 915/915/915 916/916/916
f 916/916/916 918/918/918 917/917/917
f 919/919/919 917/917/917 918/918/918
f 918/918/918 920/920/920 919/919/919
f 921/921/921 919/919/919 920/920/920
f 920/920/920 922/922/922 921/921/921
f 923/923/923 921/921/921 922/922/922
f 922/922/922 924/924/924 923/923/923
f 925/925/925 923/923/923 924/924/924
f 924/924/924 926/926/926 925/925/925
f 927/927/927 925/925/925 926/926/926
f 926/926/926 928/928/928 927/927/927
f 929/929/929 927/927/927 928/928/928
f 928/928/928 930/930/930 929/929/929
f 931/931/931 929/929/929 930/930/930
f 930/930/930 932/932/932 931/931/931
f 933/933/933 931/931/931 932/932/932
f 932/932/932 934/934/934 933/933/933
f 935/935/935 933/933/933 934/934/934
f 934/934/934 936/936/936 935/935/935
f 937/937/937 935/935/935 936/936/936
f 936/936/936 938/938/938 937/937/937
f 939/939/939 937/937/937 938/938/938
f 938/938/938 940/940/940 939/939/939
f 941/941/941 939/939/939 940/940/940
f 940/940/940 942/942/942 941/941/941
f 943/943/943 941/941/941 942/942/942
f 942/942/942 944/944/944 943/943/943
f 945/945/945 943/943/943 944/944/944
f 944/944/944 946/946/946 945/945/945
f 947/947/947 945/945/945 946/946/946
f 946/946/946 948/948/948 947/947/947
f 949/949/949 947/947/947 948/948/948
f 948/948/948 950/950/950 949/949/949
f 951/951/951 949/949/949 950/950/950
f 950/950/950 952/952/952 951/951/951
f 953/953/953 951/951/951 952/952/952
f 952/952/952 954/954/954 953/953/953
f 955/955/955 953/953/953 954/954/954
f 954/954/954 956/956/956 955/955/955
f 957/957/957 955/955/955 956/956/956
f 956/956/956 958/958/958 957/957/957
f 959/959/959 957/957/957 958/958/958
f 958/958/958 960/960/960 959/959/959
f 961/961/961 959/959/959 960/960/960
f 960/960/960 962/962/962 961/961/961
f 963/963/963 961/961/961 962/962/962
f 962/962/962 964/964/964 963/963/963
f 965/965/965 963/963/963 964/964/964
f 964/964/964 966/966/966 965/965/965
f 872/872/872 965/965/965 966/966/966
f 966/966/966 873/873/873 872/872/872
f 967/967/967 968/968/968 969/969/969
f 968/968/968 970/970/970 969/969/969
f 968/968/968 971/971/971 970/970/970
f 971/971/971 972/972/972 970/970/970
f 971/971/971 973/973/973 972/972/972
f 973/973/973 974/974/974 972/972/972
f 973/973/973 975/975/975 974/974/974
f 975/975/975 976/976/976 974/974/974
f 975/975/975 977/977/977 976/976/976
f 977/977/977 978/978/978 976/976/976
f 977/977/977 979/979/979 978/978/978
f 979/979/979 980/980/980 978/978/978
f 979/979/979 981/981/981 980/980/980
f 981/981/981 982/982/982 980/980/980
f 981/981/981 983/983/983 982/982/982
f 983/983/983 984/984/984 982/982/982
f 983/983/983 985/985/985 984/984/984
f 985/985/985 986/986/986 984/984/984
f 985/985/985 987/987/987 986/986/986
f 987/987/987 988/988/988 986/986/986
f 987/987/987 989/989/989 988/988/988
f 989/989/989 990/990/990 988/988/988
f 989/989/989 991/991/991 990/990/990
f 969/969/969 970/970/970 992/992/992
f 970/970/970 993/993/993 992/992/992
f 970/970/970 972/972/972 993/993/993
f 972/972/972 994/994/994 993/993/993
f 972/972/972 974/974/974 994/994/994
f 974/974/974 995/995/995 994/994/994
f 974/974/974 976/976/976 995/995/995
f 976/976/976 996/996/996 995/995/995
f 976/976/976 978/978/978 996/996/996
f 978/978/978 997/997/997 996/996/996
f 978/978/978 980/980/980 997/997/997
f 980/980/980 998/998/998 997/997/997
f 980/980/980 982/982/982 998/998/998
f 982/982/982 999/999/999 998/998/998
f 982/982/982 984/984/984 999/999/999
f 984/984/984 1000/1000/1000 999/999/999
f 984/984/984 986/986/986 1000/1000/1000
f 986/986/986 1001/1001/1001 1000/1000/1000
f 986/986/986 988/988/988 1001/1001/1001
f 988/988/988 1002/1002/1002 1001/1001/1001
f 988/988/988 990/990/990 1002/1002/1002
f 992/992/992 993/993/993 1003/1003/1003
f 993/993/993 1004/1004/1004 1003/1003/1003
f 993/993/993 994/994/994 1004/1004/1004
f 994/994/994 1005/1005/1005 1004/1004/1004
f 994/994/994 995/995/995 1005/1005/1005
f 995/995/995 1006/1006/1006 1005/1005/1005
f 995/995/995 996/996/996 1006/1006/1006
f 996/996/996 1007/1007/1007 1006/1006/1006
f 996/996/996 997/997/997 1007/1007/1007
f 997/997/997 1008/1008/1008 1007/1007/1007
f 997/997/997 998/998/998 1008/1008/1008
f 998/998/998 1009/1009/1009 1008/1008/1008
f 998/998/998 999/999/999 1009/1009/1009
f 999/999/999 1010/1010/1010 1009/1009/1009
f 999/999/999 1000/1000/1000 1010/1010/1010
f 1000/1000/1000 1011/1011/1011 1010/1010/1010
f 1000/1000/1000 1001/1001/1001 1011/1011/1011
f 1001/1001/1001 1012/1012/1012 1011/1011/1011
f 1001/1001/1001 1002/1002/1002 1012/1012/1012
f 1003/1003/1003 1004/1004/1004 1013/1013/1013
f 1004/1004/1004 1014/1014/1014 1013/1013/1013
f 1004/1004/1004 1005/1005/1005 1014/1014/1014
f 1005/1005/1005 1015/1015/1015 1014/1014/1014
f 1005/1005/1005 1006/1006/1006 1015/1015/1015
f 1006/1006/1006 1016/1016/1016 1015/1015/1015
f 1006/1006/1006 1007/1007/1007 1016/1016/1016
f 1007/1007/1007 1017/1017/1017 1016/1016/1016
f 1007/1007/1007 1008/1008/1008 1017/1017/1017
f 1008/1008/1008 1018/1018/1018 1017/1017/1017
f 1008/1008/1008 1009/1009/1009 1018/1018/1018
f 1009/1009/1009 1019/1019/1019 1018/1018/1018
f 1009/1009/1009 1010/1010/1010 1019/1019/1019
f 1010/1010/1010 1020/1020/1020 1019/1019/1019
f 1010/1010/1010 1011/1011/1011 1020/1020/1020
f 1011/1011/1011 1021/1021/1021 1020/1020/1020
f 1011/1011/1011 1012/1012/1012 1021/1021/1021
f 1013/1013/1013 1014/1014/1014 1022/1022/1022
f 1014/1014/1014 1023/1023/1023 1022/1022/1022
f 1014/1014/1014 1015/1015/1015 1023/1023/1023
f 1015/1015/1015 1024/1024/1024 1023/1023/1023
f 1015/1015/1015 1016/1016/1016 1024/1024/1024
f 1016/1016/1016 1025/1025/1025 1024/1024/1024
f 1016/1016/1016 1017/1017/1017 1025/1025/1025
f 1017/1017/1017 1026/1026/1026 1025/1025/1025
f 1017/1017/1017 1018/1018/1018 1026/1026/1026
f 1018/1018/1018 1027/1027/1027 1026/1026/1026
f 1018/1018/1018 1019/1019/1019 1027/1027/1027
f 1019/1019/1019 1028/1028/1028 1027/1027/1027
f 1019/1019/1019 1020/1020/1020 1028/1028/1028
f 1020/1020/1020 1029/1029/1029 1028/1028/1028
f 1020/1020/1020 1021/1021/1021 1029/1029/1029
f 1022/1022/1022 1023/1023/1023 1030/1030/1030
f 1023/1023/1023 1031/1031/1031 1030/1030/1030
f 1023/1023/1023 1024/1024/1024 1031/1031/1031
f 1024/1024/1024 1032/1032/1032 1031/1031/1031
f 1024/1024/1024 1025/1025/1025 1032/1032/1032
f 1025/1025/1025 1033/1033/1033 1032/1032/1032
f 1025/1025/1025 1026/1026/1026 1033/1033/1033
f 1026/1026/1026 1034/1034/1034 1033/1033/1033
f 1026/1026/1026 1027/1027/1027 1034/1034/1034
f 1027/1027/1027 1035/1035/1035 1034/1034/1034
f 1027/1027/1027 1028/1028/1028 1035/1035/1035
f 1028/1028/1028 1036/1036/1036 1035/1035/1035
f 1028/1028/1028 1029/1029/1029 1036/1036/1036
f 1030/1030/1030 1031/1031/1031 1037/1037/1037
f 1031/1031/1031 1038/1038/1038 1037/1037/1037
f 1031/1031/1031 1032/1032/1032 1038/1038/1038
f 1032/1032/1032 1039/1039/1039 1038/1038/1038
f 1032/1032/1032 1033/1033/1033 1039/1039/1039
f 1033/1033/1033 1040/1040/1040 1039/1039/1039
f 1033/1033/1033 1034/1034/1034 1040/1040/1040
f 1034/1034/1034 1041/1041/1041 1040/1040/1040
f 1034/1034/1034 1035/1035/1035 1041/1041/1041
f 1035/1035/1035 1042/1042/1042 1041/1041/1041
f 1035/1035/1035 1036/1036/1036 1042/1042/1042
f 1037/1037/1037 1038/1038/1038 1043/1043/1043
f 1038/1038/1038 1044/1044/1044 1043/1043/1043
f 1038/1038/1038 1039/1039/1039 1044/1044/1044
f 1039/1039/1039 1045/1045/1045 1044/1044/1044
f 1039/1039/1039 1040/1040/1040 1045/1045/1045
f 1040/1040/1040 1046/1046/1046 1045/1045/1045
f 1040/1040/1040 1041/1041/1041 1046/1046/1046
f 1041/1041/1041 1047/1047/1047 1046/1046/1046
f 1041/1041/1041 1042/1042/1042 1047/1047/1047
f 1043/1043/1043 1044/1044/1044 1048/1048/1048
f 1044/1044/1044 1049/1049/1049 1048/1048/1048
f 1044/1044/1044 1045/1045/1045 1049/1049/1049
f 1045/1045/1045 1050/1050/1050 1049/1049/1049
f 1045/1045/1045 1046/1046/1046 1050/1050/1050
f 1046/1046/1046 1051/1051/1051 1050/1050/1050
f 1046/1046/1046 1047/1047/1047 1051/1051/1051
f 1048/1048/1048 1049/1049/1049 1052/1052/1052
f 1049/1049/1049 1053/1053/1053 1052/1052/1052
f 1049/1049/1049 1050/1050/1050 1053/1053/1053
f 1050/1050/1050 1054/1054/1054 1053/1053/1053
f 1050/1050/1050 1051/1051/1051 1054/1054/1054
f 1052/1052/1052 1053/1053/1053 1055/1055/1055
f 1053/1053/1053 1056/1056/1056 1055/1055/1055
f 1053/1053/1053 1054/1054/1054 1056/1056/1056
f 1055/1055/1055 1056/1056/1056 1057/1057/1057
f 991/991/991 1058/1058/1058 990/990/990
f 1058/1058/1058 1059/1059/1059 990/990/990
f 1058/1058/1058 1060/1060/1060 1059/1059/1059
f 1060/1060/1060 1061/1061/1061 1059/1059/1059
f 1060/1060/1060 1062/1062/1062 1061/1061/1061
f 1062/1062/1062 1063/1063/1063 1061/1061/1061
f 1062/1062/1062 1064/1064/1064 1063/1063/1063
f 1064/1064/1064 1065/1065/1065 1063/1063/1063
f 1064/1064/1064 1066/1066/1066 1065/1065/1065
f 1066/1066/1066 1067/1067/1067 1065/1065/1065
f 1066/1066/1066 1068/1068/1068 1067/1067/1067
f 1068/1068/1068 1069/1069/1069 1067/1067/1067
f 1068/1068/1068 1070/1070/1070 1069/1069/1069
f 1070/1070/1070 1071/1071/1071 1069/1069/1069
f 1070/1070/1070 1072/1072/1072 1071/1071/1071
f 1072/1072/1072 1073/1073/1073 1071/1071/1071
f 1072/1072/1072 1074/1074/1074 1073/1073/1073
f 1074/1074/1074 1075/1075/1075 1073/1073/1073
f 1074/1074/1074 1076/1076/1076 1075/1075/1075
f 1076/1076/1076 1077/1077/1077 1075/1075/1075
f 1076/1076/1076 1078/1078/1078 1077/1077/1077
f 1078/1078/1078 1079/1079/1079 1077/1077/1077
f 1078/1078/1078 1080/1080/1080 1079/1079/1079
f 990/990/990 1059/1059/1059 1002/1002/1002
f 1059/1059/1059 1081/1081/1081 1002/1002/1002
f 1059/1059/1059 1061/1061/1061 1081/1081/1081
f 1061/1061/1061 1082/1082/1082 1081/1081/1081
f 1061/1061/1061 1063/1063/1063 1082/1082/1082
f 1063/1063/1063 1083/1083/1083 1082/1082/1082
f 1063/1063/1063 1065/1065/1065 1083/1083/1083
f 1065/1065/1065 1084/1084/1084 1083/1083/1083
f 1065/1065/1065 1067/1067/1067 1084/1084/1084
f 1067/1067/1067 1085/1085/1085 1084/1084/1084
f 1067/1067/1067 1069/1069/1069 1085/1085/1085
f 1069/1069/1069 1086/1086/1086 1085/1085/1085
f 1069/1069/1069 1071/1071/1071 1086/1086/1086
f 1071/1071/1071 1087/1087/1087 1086/1086/1086
f 1071/1071/1071 1073/1073/1073 1087/1087/1087
f 1073/1073/1073 1088/1088/1088 1087/1087/1087
f 1073/1073/1073 1075/1075/1075 1088/1088/1088
f 1075/1075/1075 1089/1089/1089 1088/1088/1088
f 1075/1075/1075 1077/1077/1077 1089/1089/1089
f 1077/1077/1077 1090/1090/1090 1089/1089/1089
f 1077/1077/1077 1079/1079/1079 1090/1090/1090
f 1002/1002/1002 1081/1081/1081 1012/1012/1012
f 1081/1081/1081 1091/1091/1091 1012/1012/1012
f 1081/1081/1081 1082/1082/1082 1091/1091/1091
f 1082/1082/1082 1092/1092/1092 1091/1091/1091
f 1082/1082/1082 1083/1083/1083 1092/1092/1092
f 1083/1083/1083 1093/1093/1093 1092/1092/1092
f 1083/1083/1083 1084/1084/1084 1093/1093/1093
f 1084/1084/1084 1094/1094/1094 1093/1093/1093
f 1084/1084/1084 1085/1085/1085 1094/1094/1094
f 1085/1085/1085 1095/1095/1095 1094/1094/1094
f 1085/1085/1085 1086/1086/1086 1095/1095/1095
f 1086/1086/1086 1096/1096/1096 1095/1095/1095
f 1086/1086/1086 1087/1087/1087 1096/1096/1096
f 1087/1087/1087 1097/1097/1097 1096/1096/1096
f 1087/1087/1087 1088/1088/1088 1097/1097/1097
f 1088/1088/1088 1098/1098/1098 1097/1097/1097
f 1088/1088/1088 1089/1089/1089 1098/1098/1098
f 1089/1089/1089 1099/1099/1099 1098/1098/1098
f 1089/1089/1089 1090/1090/1090 1099/1099/1099
f 1012/1012/1012 1091/1091/1091 1021/1021/1021
f 1091/1091/1091 1100/1100/1100 1021/1021/1021
f 1091/1091/1091 1092/1092/1092 1100/1100/1100
f 1092/1092/1092 1101/1101/1101 1100/1100/1100
f 1092/1092/1092 1093/1093/1093 1101/1101/1101
f 1093/1093/1093 1102/1102/1102 1101/1101/1101
f 1093/1093/1093 1094/1094/1094 1102/1102/1102
f 1094/1094/1094 1103/1103/1103 1102/1102/1102
f 1094/1094/1094 1095/1095/1095 1103/1103/1103
f 1095/1095/1095 1104/1104/1104 1103/1103/1103
f 1095/1095/1095 1096/1096/1096 1104/1104/1104
f 1096/1096/1096 1105/1105/1105 1104/1104/1104
f 1096/1096/1096 1097/1097/1097 1105/1105/1105
f 1097/1097/1097 1106/1106/1106 1105/1105/1105
f 1097/1097/1097 1098/1098/1098 1106/1106/1106
f 1098/1098/1098 1107/1107/1107 1106/1106/1106
f 1098/1098/1098 1099/1099/1099 1107/1107/1107
f 1021/1021/1021 1100/1100/1100 1029/1029/1029
f 1100/1100/1100 1108/1108/1108 1029/1029/1029
f 1100/1100/1100 1101/1101/1101 1108/1108/1108
f 1101/1101/1101 1109/1109/1109 1108/1108/1108
f 1101/1101/1101 1102/1102/1102 1109/1109/1109
f 1102/1102/1102 1110/1110/1110 1109/1109/1109
f 1102/1102/1102 1103/1103/1103 1110/1110/1110
f 1103/1103/1103 1111/1111/1111 1110/1110/1110
f 1103/1103/1103 1104/1104/1104 1111/1111/1111
f 1104/1104/1104 1112/1112/1112 1111/1111/1111
f 1104/1104/1104 1105/1105/1105 1112/1112/1112
f 1105/1105/1105 1113/1113/1113 1112/1112/1112
f 1105/1105/1105 1106/1106/1106 1113/1113/1113
f 1106/1106/1106 1114/1114/1114 1113/1113/1113
f 1106/1106/1106 1107/1107/1107 1114/1114/1114
f 1029/1029/1029 1108/1108/1108 1036/1036/1036
f 1108/1108/1108 1115/1115/1115 1036/1036/1036
f 1108/1108/1108 1109/1109/1109 1115/1115/1115
f 1109/1109/1109 1116/1116/1116 1115/1115/1115
f 1109/1109/1109 1110/1110/1110 1116/1116/1116
f 1110/1110/1110 1117/1117/1117 1116/1116/1116
f 1110/1110/1110 1111/1111/1111 1117/1117/1117
f 1111/1111/1111 1118/1118/1118 1117/1117/1117
f 1111/1111/1111 1112/1112/1112 1118/1118/1118
f 1112/1112/1112 1119/1119/1119 1118/1118/1118
f 1112/1112/1112 1113/1113/1113 1119/1119/1119
f 1113/1113/1113 1120/1120/1120 1119/1119/1119
f 1113/1113/1113 1114/1114/1114 1120/1120/1120
f 1036/1036/1036 1115/1115/1115 1042/1042/1042
f 1115/1115/1115 1121/1121/1121 1042/1042/1042
f 1115/1115/1115 1116/1116/1116 1121/1121/1121
f 1116/1116/1116 1122/1122/1122 1121/1121/1121
f 1116/1116/1116 1117/1117/1117 1122/1122/1122
f 1117/1117/1117 1123/1123/1123 1122/1122/1122
f 1117/1117/1117 1118/1118/1118 1123/1123/1123
f 1118/1118/1118 1124/1124/1124 1123/1123/1123
f 1118/1118/1118 1119/1119/1119 1124/1124/1124
f 1119/1119/1119 1125/1125/1125 1124/1124/1124
f 1119/1119/1119 1120/1120/1120 1125/1125/1125
f 1042/1042/1042 1121/1121/1121 1047/1047/1047
f 1121/1121/1121 1126/1126/1126 1047/1047/1047
f 1121/1121/1121 1122/1122/1122 1126/1126/1126
f 1122/1122/1122 1127/1127/1127 1126/1126/1126
f 1122/1122/1122 1123/1123/1123 1127/1127/1127
f 1123/1123/1123 1128/1128/1128 1127/1127/1127
f 1123/1123/1123 1124/1124/1124 1128/1128/1128
f 1124/1124/1124 1129/1129/1129 1128/1128/1128
f 1124/1124/1124 1125/1125/1125 1129/1129/1129
f 1047/1047/1047 1126/1126/1126 1051/1051/1051
f 1126/1126/1126 1130/1130/1130 1051/1051/1051
f 1126/1126/1126 1127/1127/1127 1130/1130/1130
f 1127/1127/1127 1131/1131/1131 1130/1130/1130
f 1127/1127/1127 1128/1128/1128 1131/1131/1131
f 1128/1128/1128 1132/1132/1132 1131/1131/1131
f 1128/1128/1128 1129/1129/1129 1132/1132/1132
f 1051/1051/1051 1130/1130/1130 1054/1054/1054
f 1130/1130/1130 1133/1133/1133 1054/1054/1054
f 1130/1130/1130 1131/1131/1131 1133/1133/1133
f 1131/1131/1131 1134/1134/1134 1133/1133/1133
f 1131/1131/1131 1132/1132/1132 1134/1134/1134
f 1054/1054/1054 1133/1133/1133 1056/1056/1056
f 1133/1133/1133 1135/1135/1135 1056/1056/1056
f 1133/1133/1133 1134/1134/1134 1135/1135/1135
f 1056/1056/1056 1135/1135/1135 1057/1057/1057
f 1080/1080/1080 1136/1136/1136 1079/1079/1079
f 1136/1136/1136 1137/1137/1137 1079/1079/1079
f 1136/1136/1136 1138/1138/1138 1137/1137/1137
f 1138/1138/1138 1139/1139/1139 1137/1137/1137
f 1138/1138/1138 1140/1140/1140 1139/1139/1139
f 1140/1140/1140 1141/1141/1141 1139/1139/1139
f 1140/1140/1140 1142/1142/1142 1141/1141/1141
f 1142/1142/1142 1143/1143/1143 1141/1141/1141
f 1142/1142/1142 1144/1144/1144 1143/1143/1143
f 1144/1144/1144 1145/1145/1145 1143/1143/1143
f 1144/1144/1144 1146/1146/1146 1145/1145/1145
f 1146/1146/1146 1147/1147/1147 1145/1145/1145
f 1146/1146/1146 1148/1148/1148 1147/1147/1147
f 1148/1148/1148 1149/1149/1149 1147/1147/1147
f 1148/1148/1148 1150/1150/1150 1149/1149/1149
f 1150/1150/1150 1151/1151/1151 1149/1149/1149
f 1150/1150/1150 1152/1152/1152 1151/1151/1151
f 1152/1152/1152 1153/1153/1153 1151/1151/1151
f 1152/1152/1152 1154/1154/1154 1153/1153/1153
f 1154/1154/1154 1155/1155/1155 1153/1153/1153
f 1154/1154/1154 1156/1156/1156 1155/1155/1155
f 1156/1156/1156 1157/1157/1157 1155/1155/1155
f 1156/1156/1156 1158/1158/1158 1157/1157/1157
f 1079/1079/1079 1137/1137/1137 1090/1090/1090
f 1137/1137/1137 1159/1159/1159 1090/1090/1090
f 1137/1137/1137 1139/1139/1139 1159/1159/1159
f 1139/1139/1139 1160/1160/1160 1159/1159/1159
f 1139/1139/1139 1141/1141/1141 1160/1160/1160
f 1141/1141/1141 1161/1161/1161 1160/1160/1160
f 1141/1141/1141 1143/1143/1143 1161/1161/1161
f 1143/1143/1143 1162/1162/1162 1161/1161/1161
f 1143/1143/1143 1145/1145/1145 1162/1162/1162
f 1145/1145/1145 1163/1163/1163 1162/1162/1162
f 1145/1145/1145 1147/1147/1147 1163/1163/1163
f 1147/1147/1147 1164/1164/1164 1163/1163/1163
f 1147/1147/1147 1149/1149/1149 1164/1164/1164
f 1149/1149/1149 1165/1165/1165 1164/1164/1164
f 1149/1149/1149 1151/1151/1151 1165/1165/1165
f 1151/1151/1151 1166/1166/1166 1165/1165/1165
f 1151/1151/1151 1153/1153/1153 1166/1166/1166
f 1153/1153/1153 1167/1167/1167 1166/1166/1166
f 1153/1153/1153 1155/1155/1155 1167/1167/1167
f 1155/1155/1155 1168/1168/1168 1167/1167/1167
f 1155/1155/1155 1157/1157/1157 1168/1168/1168
f 1090/1090/1090 1159/1159/1159 1099/1099/1099
f 1159/1159/1159 1169/1169/1169 1099/1099/1099
f 1159/1159/1159 1160/1160/1160 1169/1169/1169
f 1160/1160/1160 1170/1170/1170 1169/1169/1169
f 1160/1160/1160 1161/1161/1161 1170/1170/1170
f 1161/1161/1161 1171/1171/1171 1170/1170/1170
f 1161/1161/1161 1162/1162/1162 1171/1171/1171
f 1162/1162/1162 1172/1172/1172 1171/1171/1171
f 1162/1162/1162 1163/1163/1163 1172/1172/1172
f 1163/1163/1163 1173/1173/1173 1172/1172/1172
f 1163/1163/1163 1164/1164/1164 1173/1173/1173
f 1164/1164/1164 1174/1174/1174 1173/1173/1173
f 1164/1164/1164 1165/1165/1165 1174/1174/1174
f 1165/1165/1165 1175/1175/1175 1174/1174/1174
f 1165/1165/1165 1166/1166/1166 1175/1175/1175
f 1166/1166/1166 1176/1176/1176 1175/1175/1175
f 1166/1166/1166 1167/1167/1167 1176/1176/1176
f 1167/1167/1167 1177/1177/1177 1176/1176/1176
f 1167/1167/1167 1168/1168/1168 1177/1177/1177
f 1099/1099/1099 1169/1169/1169 1107/1107/1107
f 1169/1169/1169 1178/1178/1178 1107/1107/1107
f 1169/1169/1169 1170/1170/1170 1178/1178/1178
f 1170/1170/1170 1179/1179/1179 1178/1178/1178
f 1170/1170/1170 1171/1171/1171 1179/1179/1179
f 1171/1171/1171 1180/1180/1180 1179/1179/1179
f 1171/1171/1171 1172/1172/1172 1180/1180/1180
f 1172/1172/1172 1181/1181/1181 1180/1180/1180
f 1172/1172/1172 1173/1173/1173 1181/1181/1181
f 1173/1173/1173 1182/1182/1182 1181/1181/1181
f 1173/1173/1173 1174/1174/1174 1182/1182/1182
f 1174/1174/1174 1183/1183/1183 1182/1182/1182
f 1174/1174/1174 1175/1175/1175 1183/1183/1183
f 1175/1175/1175 1184/1184/1184 1183/1183/1183
f 1175/1175/1175 1176/1176/1176 1184/1184/1184
f 1176/1176/1176 1185/1185/1185 1184/1184/1184
f 1176/1176/1176 1177/1177/1177 1185/1185/1185
f 1107/1107/1107 1178/1178/1178 1114/1114/1114
f 1178/1178/1178 1186/1186/1186 1114/1114/1114
f 1178/1178/1178 1179/1179/1179 1186/1186/1186
f 1179/1179/1179 1187/1187/1187 1186/1186/1186
f 1179/1179/1179 1180/1180/1180 1187/1187/1187
f 1180/1180/1180 1188/1188/1188 1187/1187/1187
f 1180/1180/1180 1181/1181/1181 1188/1188/1188
f 1181/1181/1181 1189/1189/1189 1188/1188/1188
f 1181/1181/1181 1182/1182/1182 1189/1189/1189
f 1182/1182/1182 1190/1190/1190 1189/1189/1189
f 1182/1182/1182 1183/1183/1183 1190/1190/1190
f 1183/1183/1183 1191/1191/1191 1190/1190/1190
f 1183/1183/1183 1184/1184/1184 1191/1191/1191
f 1184/1184/1184 1192/1192/1192 1191/1191/1191
f 1184/1184/1184 1185/1185/1185 1192/1192/1192
f 1114/1114/1114 1186/1186/1186 1120/1120/1120
f 1186/1186/1186 1193/1193/1193 1120/1120/1120
f 1186/1186/1186 1187/1187/1187 1193/1193/1193
f 1187/1187/1187 1194/1194/1194 1193/1193/1193
f 1187/1187/1187 1188/1188/1188 1194/1194/1194
f 1188/1188/1188 1195/1195/1195 1194/1194/1194
f 1188/1188/1188 1189/1189/1189 1195/1195/1195
f 1189/1189/1189 1196/1196/1196 1195/1195/1195
f 1189/1189/1189 1190/1190/1190 1196/1196/1196
f 1190/1190/1190 1197/1197/1197 1196/1196/1196
f 1190/1190/1190 1191/1191/1191 1197/1197/1197
f 1191/1191/1191 1198/1198/1198 1197/1197/1197
f 1191/1191/1191 1192/1192/1192 1198/1198/1198
f 1120/1120/1120 1193/1193/1193 1125/1125/1125
f 1193/1193/1193 1199/1199/1199 1125/1125/1125
f 1193/1193/1193 1194/1194/1194 1199/1199/1199
f 1194/1194/1194 1200/1200/1200 1199/1199/1199
f 1194/1194/1194 1195/1195/1195 1200/1200/1200
f 1195/1195/1195 1201/1201/1201 1200/1200/1200
f 1195/1195/1195 1196/1196/1196 1201/1201/1201
f 1196/1196/1196 1202/1202/1202 1201/1201/1201
f 1196/1196/1196 1197/1197/1197 1202/1202/1202
f 1197/1197/1197 1203/1203/1203 1202/1202/1202
f 1197/1197/1197 1198/1198/1198 1203/1203/1203
f 1125/1125/1125 1199/1199/1199 1129/1129/1129
f 1199/1199/1199 1204/1204/1204 1129/1129/1129
f 1199/1199/1199 1200/1200/1200 1204/1204/1204
f 1200/1200/1200 1205/1205/1205 1204/1204/1204
f 1200/1200/1200 1201/1201/1201 1205/1205/1205
f 1201/1201/1201 1206/1206/1206 1205/1205/1205
f 1201/1201/1201 1202/1202/1202 1206/1206/1206
f 1202/1202/1202 1207/1207/1207 1206/1206/1206
f 1202/1202/1202 1203/1203/1203 1207/1207/1207
f 1129/1129/1129 1204/1204/1204 1132/1132/1132
f 1204/1204/1204 1208/1208/1208 1132/1132/1132
f 1204/1204/1204 1205/1205/1205 1208/1208/1208
f 1205/1205/1205 1209/1209/1209 1208/1208/1208
f 1205/1205/1205 1206/1206/1206 1209/1209/1209
f 1206/1206/1206 1210/1210/1210 1209/1209/1209
f 1206/1206/1206 1207/1207/1207 1210/1210/1210
f 1132/1132/1132 1208/1208/1208 1134/1134/1134
f 1208/1208/1208 1211/1211/1211 1134/1134/1134
f 1208/1208/1208 1209/1209/1209 1211/1211/1211
f 1209/1209/1209 1212/1212/1212 1211/1211/1211
f 1209/1209/1209 1210/1210/1210 1212/1212/1212
f 1134/1134/1134 1211/1211/1211 1135/1135/1135
f 1211/1211/1211 1213/1213/1213 1135/1135/1135
f 1211/1211/1211 1212/1212/1212 1213/1213/1213
f 1135/1135/1135 1213/1213/1213 1057/1057/1057
f 1158/1158/1158 1214/1214/1214 1157/1157/1157
f 1214/1214/1214 1215/1215/1215 1157/1157/1157
f 1214/1214/1214 1216/1216/1216 1215/1215/1215
f 1216/1216/1216 1217/1217/1217 1215/1215/1215
f 1216/1216/1216 1218/1218/1218 1217/1217/1217
f 1218/1218/1218 1219/1219/1219 1217/1217/1217
f 1218/1218/1218 1220/1220/1220 1219/1219/1219
f 1220/1220/1220 1221/1221/1221 1219/1219/1219
f 1220/1220/1220 1222/1222/1222 1221/1221/1221
f 1222/1222/1222 1223/1223/1223 1221/1221/1221
f 1222/1222/1222 1224/1224/1224 1223/1223/1223
f 1224/1224/1224 1225/1225/1225 1223/1223/1223
f 1224/1224/1224 1226/1226/1226 1225/1225/1225
f 1226/1226/1226 1227/1227/1227 1225/1225/1225
f 1226/1226/1226 1228/1228/1228 1227/1227/1227
f 1228/1228/1228 1229/1229/1229 1227/1227/1227
f 1228/1228/1228 1230/1230/1230 1229/1229/1229
f 1230/1230/1230 1231/1231/1231 1229/1229/1229
f 1230/1230/1230 1232/1232/1232 1231/1231/1231
f 1232/1232/1232 1233/1233/1233 1231/1231/1231
f 1232/1232/1232 1234/1234/1234 1233/1233/1233
f 1234/1234/1234 969/969/969 1233/1233/1233
f 1234/1234/1234 967/967/967 969/969/969
f 1157/1157/1157 1215/1215/1215 1168/1168/1168
f 1215/1215/1215 1235/1235/1235 1168/1168/1168
f 1215/1215/1215 1217/1217/1217 1235/1235/1235
f 1217/1217/1217 1236/1236/1236 1235/1235/1235
f 1217/1217/1217 1219/1219/1219 1236/1236/1236
f 1219/1219/1219 1237/1237/1237 1236/1236/1236
f 1219/1219/1219 1221/1221/1221 1237/1237/1237
f 1221/1221/1221 1238/1238/1238 1237/1237/1237
f 1221/1221/1221 1223/1223/1223 1238/1238/1238
f 1223/1223/1223 1239/1239/1239 1238/1238/1238
f 1223/1223/1223 1225/1225/1225 1239/1239/1239
f 1225/1225/1225 1240/1240/1240 1239/1239/1239
f 1225/1225/1225 1227/1227/1227 1240/1240/1240
f 1227/1227/1227 1241/1241/1241 1240/1240/1240
f 1227/1227/1227 1229/1229/1229 1241/1241/1241
f 1229/1229/1229 1242/1242/1242 1241/1241/1241
f 1229/1229/1229 1231/1231/1231 1242/1242/1242
f 1231/1231/1231 1243/1243/1243 1242/1242/1242
f 1231/1231/1231 1233/1233/1233 1243/1243/1243
f 1233/1233/1233 992/992/992 1243/1243/1243
f 1233/1233/1233 969/969/969 992/992/992
f 1168/1168/1168 1235/1235/1235 1177/1177/1177
f 1235/1235/1235 1244/1244/1244 1177/1177/1177
f 1235/1235/1235 1236/1236/1236 1244/1244/1244
f 1236/1236/1236 1245/1245/1245 1244/1244/1244
f 1236/1236/1236 1237/1237/1237 1245/1245/1245
f 1237/1237/1237 1246/1246/1246 1245/1245/1245
f 1237/1237/1237 1238/1238/1238 1246/1246/1246
f 1238/1238/1238 1247/1247/1247 1246/1246/1246
f 1238/1238/1238 1239/1239/1239 1247/1247/1247
f 1239/1239/1239 1248/1248/1248 1247/1247/1247
f 1239/1239/1239 1240/1240/1240 1248/1248/1248
f 1240/1240/1240 1249/1249/1249 1248/1248/1248
f 1240/1240/1240 1241/1241/1241 1249/1249/1249
f 1241/1241/1241 1250/1250/1250 1249/1249/1249
f 1241/1241/1241 1242/1242/1242 1250/1250/1250
f 1242/1242/1242 1251/1251/1251 1250/1250/1250
f 1242/1242/1242 1243/1243/1243 1251/1251/1251
f 1243/1243/1243 1003/1003/1003 1251/1251/1251
f 1243/1243/1243 992/992/992 1003/1003/1003
f 1177/1177/1177 1244/1244/1244 1185/1185/1185
f 1244/1244/1244 1252/1252/1252 1185/1185/1185
f 1244/1244/1244 1245/1245/1245 1252/1252/1252
f 1245/1245/1245 1253/1253/1253 1252/1252/1252
f 1245/1245/1245 1246/1246/1246 1253/1253/1253
f 1246/1246/1246 1254/1254/1254 1253/1253/1253
f 1246/1246/1246 1247/1247/1247 1254/1254/1254
f 1247/1247/1247 1255/1255/1255 1254/1254/1254
f 1247/1247/1247 1248/1248/1248 1255/1255/1255
f 1248/1248/1248 1256/1256/1256 1255/1255/1255
f 1248/1248/1248 1249/1249/1249 1256/1256/1256
f 1249/1249/1249 1257/1257/1257 1256/1256/1256
f 1249/1249/1249 1250/1250/1250 1257/1257/1257
f 1250/1250/1250 1258/1258/1258 1257/1257/1257
f 1250/1250/1250 1251/1251/1251 1258/1258/1258
f 1251/1251/1251 1013/1013/1013 1258/1258/1258
f 1251/1251/1251 1003/1003/1003 1013/1013/1013
f 1185/1185/1185 1252/1252/1252 1192/1192/1192
f 1252/1252/1252 1259/1259/1259 1192/1192/1192
f 1252/1252/1252 1253/1253/1253 1259/1259/1259
f 1253/1253/1253 1260/1260/1260 1259/1259/1259
f 1253/1253/1253 1254/1254/1254 1260/1260/1260
f 1254/1254/1254 1261/1261/1261 1260/1260/1260
f 1254/1254/1254 1255/1255/1255 1261/1261/1261
f 1255/1255/1255 1262/1262/1262 1261/1261/1261
f 1255/1255/1255 1256/1256/1256 1262/1262/1262
f 1256/1256/1256 1263/1263/1263 1262/1262/1262
f 1256/1256/1256 1257/1257/1257 1263/1263/1263
f 1257/1257/1257 1264/1264/1264 1263/1263/1263
f 1257/1257/1257 1258/1258/1258 1264/1264/1264
f 1258/1258/1258 1022/1022/1022 1264/1264/1264
f 1258/1258/1258 1013/1013/1013 1022/1022/1022
f 1192/1192/1192 1259/1259/1259 1198/1198/1198
f 1259/1259/1259 1265/1265/1265 1198/1198/1198
f 1259/1259/1259 1260/1260/1260 1265/1265/1265
f 1260/1260/1260 1266/1266/1266 1265/1265/1265
f 1260/1260/1260 1261/1261/1261 1266/1266/1266
f 1261/1261/1261 1267/1267/1267 1266/1266/1266
f 1261/1261/1261 1262/1262/1262 1267/1267/1267
f 1262/1262/1262 1268/1268/1268 1267/1267/1267
f 1262/1262/1262 1263/1263/1263 1268/1268/1268
f 1263/1263/1263 1269/1269/1269 1268/1268/1268
f 1263/1263/1263 1264/1264/1264 1269/1269/1269
f 1264/1264/1264 1030/1030/1030 1269/1269/1269
f 1264/1264/1264 1022/1022/1022 1030/1030/1030
f 1198/1198/1198 1265/1265/1265 1203/1203/1203
f 1265/1265/1265 1270/1270/1270 1203/1203/1203
f 1265/1265/1265 1266/1266/1266 1270/1270/1270
f 1266/1266/1266 1271/1271/1271 1270/1270/1270
f 1266/1266/1266 1267/1267/1267 1271/1271/1271
f 1267/1267/1267 1272/1272/1272 1271/1271/1271
f 1267/1267/1267 1268/1268/1268 1272/1272/1272
f 1268/1268/1268 1273/1273/1273 1272/1272/1272
f 1268/1268/1268 1269/1269/1269 1273/1273/1273
f 1269/1269/1269 1037/1037/1037 1273/1273/1273
f 1269/1269/1269 1030/1030/1030 1037/1037/1037
f 1203/1203/1203 1270/1270/1270 1207/1207/1207
f 1270/1270/1270 1274/1274/1274 1207/1207/1207
f 1270/1270/1270 1271/1271/1271 1274/1274/1274
f 1271/1271/1271 1275/1275/1275 1274/1274/1274
f 1271/1271/1271 1272/1272/1272 1275/1275/1275
f 1272/1272/1272 1276/1276/1276 1275/1275/1275
f 1272/1272/1272 1273/1273/1273 1276/1276/1276
f 1273/1273/1273 1043/1043/1043 1276/1276/1276
f 1273/1273/1273 1037/1037/1037 1043/1043/1043
f 1207/1207/1207 1274/1274/1274 1210/1210/1210
f 1274/1274/1274 1277/1277/1277 1210/1210/1210
f 1274/1274/1274 1275/1275/1275 1277/1277/1277
f 1275/1275/1275 1278/1278/1278 1277/1277/1277
f 1275/1275/1275 1276/1276/1276 1278/1278/1278
f 1276/1276/1276 1048/1048/1048 1278/1278/1278
f 1276/1276/1276 1043/1043/1043 1048/1048/1048
f 1210/1210/1210 1277/1277/1277 1212/1212/1212
f 1277/1277/1277 1279/1279/1279 1212/1212/1212
f 1277/1277/1277 1278/1278/1278 1279/1279/1279
f 1278/1278/1278 1052/1052/1052 1279/1279/1279
f 1278/1278/1278 1048/1048/1048 1052/1052/1052
f 1212/1212/1212 1279/1279/1279 1213/1213/1213
f 1279/1279/1279 1055/1055/1055 1213/1213/1213
f 1279/1279/1279 1052/1052/1052 1055/1055/1055
f 1213/1213/1213 1055/1055/1055 1057/1057/1057
f 1282/1282/1282 1281/1281/1281 1280/1280/1280
f 1282/1282/1282 1280/1280/1280 1283/1283/1283
f 1282/1282/1282 1283/1283/1283 1284/1284/1284
f 1282/1282/1282 1284/1284/1284 1285/1285/1285
f 1282/1282/1282 1285/1285/1285 1286/1286/1286
f 1282/1282/1282 1286/1286/1286 1287/1287/1287
f 1282/1282/1282 1287/1287/1287 1288/1288/1288
f 1282/1282/1282 1288/1288/1288 1289/1289/1289
f 1282/1282/1282 1289/1289/1289 1290/1290/1290
f 1282/1282/1282 1290/1290/1290 1291/1291/1291
f 1282/1282/1282 1291/1291/1291 1292/1292/1292
f 1282/1282/1282 1292/1292/1292 1293/1293/1293
f 1282/1282/1282 1293/1293/1293 1294/1294/1294
f 1282/1282/1282 1294/1294/1294 1295/1295/1295
f 1282/1282/1282 1295/1295/1295 1296/1296/1296
f 1282/1282/1282 1296/1296/1296 1297/1297/1297
f 1282/1282/1282 1297/1297/1297 1298/1298/1298
f 1282/1282/1282 1298/1298/1298 1299/1299/1299
f 1282/1282/1282 1299/1299/1299 1300/1300/1300
f 1282/1282/1282 1300/1300/1300 1301/1301/1301
f 1282/1282/1282 1301/1301/1301 1302/1302/1302
f 1282/1282/1282 1302/1302/1302 1303/1303/1303
f 1282/1282/1282 1303/1303/1303 1304/1304/1304
f 1282/1282/1282 1304/1304/1304 1305/1305/1305
f 1282/1282/1282 1305/1305/1305 1306/1306/1306
f 1282/1282/1282 1306/1306/1306 1307/1307/1307
f 1282/1282/1282 1307/1307/1307 1308/1308/1308
f 1282/1282/1282 1308/1308/1308 1309/1309/1309
f 1282/1282/1282 1309/1309/1309 1310/1310/1310
f 1282/1282/1282 1310/1310/1310 1311/1311/1311
f 1282/1282/1282 1311/1311/1311 1312/1312/1312
f 1282/1282/1282 1312/1312/1312 1313/1313/1313
f 1282/1282/1282 1313/1313/1313 1314/1314/1314
f 1282/1282/1282 1314/1314/1314 1315/1315/1315
f 1282/1282/1282 1315/1315/1315 1316/1316/1316
f 1282/1282/1282 1316/1316/1316 1317/1317/1317
f 1282/1282/1282 1317/1317/1317 1318/1318/1318
f 1282/1282/1282 1318/1318/1318 1319/1319/1319
f 1282/1282/1282 1319/1319/1319 1320/1320/1320
f 1282/1282/1282 1320/1320/1320 1321/1321/1321
f 1282/1282/1282 1321/1321/1321 1322/1322/1322
f 1282/1282/1282 1322/1322/1322 1323/1323/1323
f 1282/1282/1282 1323/1323/1323 1324/1324/1324
f 1282/1282/1282 1324/1324/1324 1325/1325/1325
f 1282/1282/1282 1325/1325/1325 1326/1326/1326
f 1282/1282/1282 1326/1326/1326 1327/1327/1327
f 1282/1282/1282 1327/1327/1327 1328/1328/1328
f 1282/1282/1282 1328/1328/1328 1281/1281/1281
f 1331/1331/1331 1330/1330/1330 1329/1329/1329
f 1329/1329/1329 1332/1332/1332 1331/1331/1331
f 1332/1332/1332 1329/1329/1329 1333/1333/1333
f 1333/1333/1333 1334/1334/1334 1332/1332/1332
f 1334/1334/1334 1333/1333/1333 1335/1335/1335
f 1335/1335/1335 1336/1336/1336 1334/1334/1334
f 1336/1336/1336 1335/1335/1335 1337/1337/1337
f 1337/1337/1337 1338/1338/1338 1336/1336/1336
f 1338/1338/1338 1337/1337/1337 1339/1339/1339
f 1339/1339/1339 1340/1340/1340 1338/1338/1338
f 1340/1340/1340 1339/1339/1339 1341/1341/1341
f 1341/1341/1341 1342/1342/1342 1340/1340/1340
f 1342/1342/1342 1341/1341/1341 1343/1343/1343
f 1343/1343/1343 1344/1344/1344 1342/1342/1342
f 1344/1344/1344 1343/1343/1343 1345/1345/1345
f 1345/1345/1345 1346/1346/1346 1344/1344/1344
f 1346/1346/1346 1345/1345/1345 1347/1347/1347
f 1347/1347/1347 1348/1348/1348 1346/1346/1346
f 1348/1348/1348 1347/1347/1347 1349/1349/1349
f 1349/1349/1349 1350/1350/1350 1348/1348/1348
f 1350/1350/1350 1349/1349/1349 1351/1351/1351
f 1351/1351/1351 1352/1352/1352 1350/1350/1350
f 1352/1352/1352 1351/1351/1351 1353/1353/1353
f 1353/1353/1353 1354/1354/1354 1352/1352/1352
f 1354/1354/1354 1353/1353/1353 1355/1355/1355
f 1355/1355/1355 1356/1356/1356 1354/1354/1354
f 1356/1356/1356 1355/1355/1355 1357/1357/1357
f 1357/1357/1357 1358/1358/1358 1356/1356/1356
f 1358/1358/1358 1357/1357/1357 1359/1359/1359
f 1359/1359/1359 1360/1360/1360 1358/1358/1358
f 1360/1360/1360 1359/1359/1359 1361/1361/1361
f 1361/1361/1361 1362/1362/1362 1360/1360/1360
f 1362/1362/1362 1361/1361/1361 1363/1363/1363
f 1363/1363/1363 1364/1364/1364 1362/1362/1362
f 1364/1364/1364 1363/1363/1363 1365/1365/1365
f 1365/1365/1365 1366/1366/1366 1364/1364/1364
f 1366/1366/1366 1365/1365/1365 1367/1367/1367
f 1367/1367/1367 1368/1368/1368 1366/1366/1366
f 1368/1368/1368 1367/1367/1367 1369/1369/1369
f 1369/1369/1369 1370/1370/1370 1368/1368/1368
f 1370/1370/1370 1369/1369/1369 1371/1371/1371
f 1371/1371/1371 1372/1372/1372 1370/1370/1370
f 1372/1372/1372 1371/1371/1371 1373/1373/1373
f 1373/1373/1373 1374/1374/1374 1372/1372/1372
f 1374/1374/1374 1373/1373/1373 1375/1375/1375
f 1375/1375/1375 1376/1376/1376 1374/1374/1374
f 1376/1376/1376 1375/1375/1375 1377/1377/1377
f 1377/1377/1377 1378/1378/1378 1376/1376/1376
f 1378/1378/1378 1377/1377/1377 1379/1379/1379
f 1379/1379/1379 1380/1380/1380 1378/1378/1378
f 1380/1380/1380 1379/1379/1379 1381/1381/1381
f 1381/1381/1381 1382/1382/1382 1380/1380/1380
f 1382/1382/1382 1381/1381/1381 1383/1383/1383
f 1383/1383/1383 1384/1384/1384 1382/1382/1382
f 1384/1384/1384 1383/1383/1383 1385/1385/1385
f 1385/1385/1385 1386/1386/1386 1384/1384/1384
f 1386/1386/1386 1385/1385/1385 1387/1387/1387
f 1387/1387/1387 1388/1388/1388 1386/1386/1386
f 1388/1388/1388 1387/1387/1387 1389/1389/1389
f 1389/1389/1389 1390/1390/1390 1388/1388/1388
f 1390/1390/1390 1389/1389/1389 1391/1391/1391
f 1391/1391/1391 1392/1392/1392 1390/1390/1390
f 1392/1392/1392 1391/1391/1391 1393/1393/1393
f 1393/1393/1393 1394/1394/1394 1392/1392/1392
f 1394/1394/1394 1393/1393/1393 1395/1395/1395
f 1395/1395/1395 1396/1396/1396 1394/1394/1394
f 1396/1396/1396 1395/1395/1395 1397/1397/1397
f 1397/1397/1397 1398/1398/1398 1396/1396/1396
f 1398/1398/1398 1397/1397/1397 1399/1399/1399
f 1399/1399/1399 1400/1400/1400 1398/1398/1398
f 1400/1400/1400 1399/1399/1399 1401/1401/1401
f 1401/1401/1401 1402/1402/1402 1400/1400/1400
f 1402/1402/1402 1401/1401/1401 1403/1403/1403
f 1403/1403/1403 1404/1404/1404 1402/1402/1402
f 1404/1404/1404 1403/1403/1403 1405/1405/1405
f 1405/1405/1405 1406/1406/1406 1404/1404/1404
f 1406/1406/1406 1405/1405/1405 1407/1407/1407
f 1407/1407/1407 1408/1408/1408 1406/1406/1406
f 1408/1408/1408 1407/1407/1407 1409/1409/1409
f 1409/1409/1409 1410/1410/1410 1408/1408/1408
f 1410/1410/1410 1409/1409/1409 1411/1411/1411
f 1411/1411/1411 1412/1412/1412 1410/1410/1410
f 1412/1412/1412 1411/1411/1411 1413/1413/1413
f 1413/1413/1413 1414/1414/1414 1412/1412/1412
f 1414/1414/1414 1413/1413/1413 1415/1415/1415
f 1415/1415/1415 1416/1416/1416 1414/1414/1414
f 1416/1416/1416 1415/1415/1415 1417/1417/1417
f 1417/1417/1417 1418/1418/1418 1416/1416/1416
f 1418/1418/1418 1417/1417/1417 1419/1419/1419
f 1419/1419/1419 1420/1420/1420 1418/1418/1418
f 1420/1420/1420 1419/1419/1419 1421/1421/1421
f 1421/1421/1421 1422/1422/1422 1420/1420/1420
f 1422/1422/1422 1421/1421/1421 1423/1423/1423
f 1423/1423/1423 1424/1424/1424 1422/1422/1422
f 1424/1424/1424 1423/1423/1423 1330/1330/1330
f 1330/1330/1330 1331/1331/1331 1424/1424/1424
f 1425/1425/1425 1426/1426/1426 1427/1427/1427
f 1427/1427/1427 1428/1428/1428 1425/1425/1425
f 1429/1429/1429 1425/1425/1425 1428/1428/1428
f 1428/1428/1428 1430/1430/1430 1429/1429/1429
f 1431/1431/1431 1429/1429/1429 1430/1430/1430
f 1430/1430/1430 1432/1432/1432 1431/1431/1431
f 1433/1433/1433 1431/1431/1431 1432/1432/1432
f 1432/1432/1432 1434/1434/1434 1433/1433/1433
f 1435/1435/1435 1433/1433/1433 1434/1434/1434
f 1434/1434/1434 1436/1436/1436 1435/1435/1435
f 1437/1437/1437 1435/1435/1435 1436/1436/1436
f 1436/1436/1436 1438/1438/1438 1437/1437/1437
f 1439/1439/1439 1437/1437/1437 1438/1438/1438
f 1438/1438/1438 1440/1440/1440 1439/1439/1439
f 1441/1441/1441 1439/1439/1439 1440/1440/1440
f 1440/1440/1440 1442/1442/1442 1441/1441/1441
f 1443/1443/1443 1441/1441/1441 1442/1442/1442
f 1442/1442/1442 1444/1444/1444 1443/1443/1443
f 1445/1445/1445 1443/1443/1443 1444/1444/1444
f 1444/1444/1444 1446/1446/1446 1445/1445/1445
f 1447/1447/1447 1445/1445/1445 1446/1446/1446
f 1446/1446/1446 1448/1448/1448 1447/1447/1447
f 1449/1449/1449 1447/1447/1447 1448/1448/1448
f 1448/1448/1448 1450/1450/1450 1449/1449/1449
f 1451/1451/1451 1449/1449/1449 1450/1450/1450
f 1450/1450/1450 1452/1452/1452 1451/1451/1451
f 1453/1453/1453 1451/1451/1451 1452/1452/1452
f 1452/1452/1452 1454/1454/1454 1453/1453/1453
f 1455/1455/1455 1453/1453/1453 1454/1454/1454
f 1454/1454/1454 1456/1456/1456 1455/1455/1455
f 1457/1457/1457 1455/1455/1455 1456/1456/1456
f 1456/1456/1456 1458/1458/1458 1457/1457/1457
f 1459/1459/1459 1457/1457/1457 1458/1458/1458
f 1458/1458/1458 1460/1460/1460 1459/1459/1459
f 1461/1461/1461 1459/1459/1459 1460/1460/1460
f 1460/1460/1460 1462/1462/1462 1461/1461/1461
f 1463/1463/1463 1461/1461/1461 1462/1462/1462
f 1462/1462/1462 1464/1464/1464 1463/1463/1463
f 1465/1465/1465 1463/1463/1463 1464/1464/1464
f 1464/1464/1464 1466/1466/1466 1465/1465/1465
f 1467/1467/1467 1465/1465/1465 1466/1466/1466
f 1466/1466/1466 1468/1468/1468 1467/1467/1467
f 1469/1469/1469 1467/1467/1467 1468/1468/1468
f 1468/1468/1468 1470/1470/1470 1469/1469/1469
f 1471/1471/1471 1469/1469/1469 1470/1470/1470
f 1470/1470/1470 1472/1472/1472 1471/1471/1471
f 1473/1473/1473 1471/1471/1471 1472/1472/1472
f 1472/1472/1472 1474/1474/1474 1473/1473/1473
f 1475/1475/1475 1473/1473/1473 1474/1474/1474
f 1474/1474/1474 1476/1476/1476 1475/1475/1475
f 1477/1477/1477 1475/1475/1475 1476/1476/1476
f 1476/1476/1476 1478/1478/1478 1477/1477/1477
f 1479/1479/1479 1477/1477/1477 1478/1478/1478
f 1478/1478/1478 1480/1480/1480 1479/1479/1479
f 1481/1481/1481 1479/1479/1479 1480/1480/1480
f 1480/1480/1480 1482/1482/1482 1481/1481/1481
f 1483/1483/1483 1481/1481/1481 1482/1482/1482
f 1482/1482/1482 1484/1484/1484 1483/1483/1483
f 1485/1485/1485 1483/1483/1483 1484/1484/1484
f 1484/1484/1484 1486/1486/1486 1485/1485/1485
f 1487/1487/1487 1485/1485/1485 1486/1486/1486
f 1486/1486/1486 1488/1488/1488 1487/1487/1487
f 1489/1489/1489 1487/1487/1487 1488/1488/1488
f 1488/1488/1488 1490/1490/1490 1489/1489/1489
f 1491/1491/1491 1489/1489/1489 1490/1490/1490
f 1490/1490/1490 1492/1492/1492 1491/1491/1491
f 1493/1493/1493 1491/1491/1491 1492/1492/1492
f 1492/1492/1492 1494/1494/1494 1493/1493/1493
f 1495/1495/1495 1493/1493/1493 1494/1494/1494
f 1494/1494/1494 1496/1496/1496 1495/1495/1495
f 1497/1497/1497 1495/1495/1495 1496/1496/1496
f 1496/1496/1496 1498/1498/1498 1497/1497/1497
f 1499/1499/1499 1497/1497/1497 1498/1498/1498
f 1498/1498/1498 1500/1500/1500 1499/1499/1499
f 1501/1501/1501 1499/1499/1499 1500/1500/1500
f 1500/1500/1500 1502/1502/1502 1501/1501/1501
f 1503/1503/1503 1501/1501/1501 1502/1502/1502
f 1502/1502/1502 1504/1504/1504 1503/1503/1503
f 1505/1505/1505 1503/1503/1503 1504/1504/1504
f 1504/1504/1504 1506/1506/1506 1505/1505/1505
f 1507/1507/1507 1505/1505/1505 1506/1506/1506
f 1506/1506/1506 1508/1508/1508 1507/1507/1507
f 1509/1509/1509 1507/1507/1507 1508/1508/1508
f 1508/1508/1508 1510/1510/1510 1509/1509/1509
f 1511/1511/1511 1509/1509/1509 1510/1510/1510
f 1510/1510/1510 1512/1512/1512 1511/1511/1511
f 1513/1513/1513 1511/1511/1511 1512/1512/1512
f 1512/1512/1512 1514/1514/1514 1513/1513/1513
f 1515/1515/1515 1513/1513/1513 1514/1514/1514
f 1514/1514/1514 1516/1516/1516 1515/1515/1515
f 1517/1517/1517 1515/1515/1515 1516/1516/1516
f 1516/1516/1516 1518/1518/1518 1517/1517/1517
f 1519/1519/1519 1517/1517/1517 1518/1518/1518
f 1518/1518/1518 1520/1520/1520 1519/1519/1519
f 1426/1426/1426 1519/1519/1519 1520/1520/1520
f 1520/1520/1520 1427/1427/1427 1426/1426/1426
f 1521/1521/1521 1522/1522/1522 1523/1523/1523
f 1522/1522/1522 1524/1524/1524 1523/1523/1523
f 1522/1522/1522 1525/1525/1525 1524/1524/1524
f 1525/1525/1525 1526/1526/1526 1524/1524/1524
f 1525/1525/1525 1527/1527/1527 1526/1526/1526
f 1527/1527/1527 1528/1528/1528 1526/1526/1526
f 1527/1527/1527 1529/1529/1529 1528/1528/1528
f 1529/1529/1529 1530/1530/1530 1528/1528/1528
f 1529/1529/1529 1531/1531/1531 1530/1530/1530
f 1531/1531/1531 1532/1532/1532 1530/1530/1530
f 1531/1531/1531 1533/1533/1533 1532/1532/1532
f 1533/1533/1533 1534/1534/1534 1532/1532/1532
f 1533/1533/1533 1535/1535/1535 1534/1534/1534
f 1535/1535/1535 1536/1536/1536 1534/1534/1534
f 1535/1535/1535 1537/1537/1537 1536/1536/1536
f 1537/1537/1537 1538/1538/1538 1536/1536/1536
f 1537/1537/1537 1539/1539/1539 1538/1538/1538
f 1539/1539/1539 1540/1540/1540 1538/1538/1538
f 1539/1539/1539 1541/1541/1541 1540/1540/1540
f 1541/1541/1541 1542/1542/1542 1540/1540/1540
f 1541/1541/1541 1543/1543/1543 1542/1542/1542
f 1543/1543/1543 1544/1544/1544 1542/1542/1542
f 1543/1543/1543 1545/1545/1545 1544/1544/1544
f 1523/1523/1523 1524/1524/1524 1546/1546/1546
f 1524/1524/1524 1547/1547/1547 1546/1546/1546
f 1524/1524/1524 1526/1526/1526 1547/1547/1547
f 1526/1526/1526 1548/1548/1548 1547/1547/1547
f 1526/1526/1526 1528/1528/1528 1548/1548/1548
f 1528/1528/1528 1549/1549/1549 1548/1548/1548
f 1528/1528/1528 1530/1530/1530 1549/1549/1549
f 1530/1530/1530 1550/1550/1550 1549/1549/1549
f 1530/1530/1530 1532/1532/1532 1550/1550/1550
f 1532/1532/1532 1551/1551/1551 1550/1550/1550
f 1532/1532/1532 1534/1534/1534 1551/1551/1551
f 1534/1534/1534 1552/1552/1552 1551/1551/1551
f 1534/1534/1534 1536/1536/1536 1552/1552/1552
f 1536/1536/1536 1553/1553/1553 1552/1552/1552
f 1536/1536/1536 1538/1538/1538 1553/1553/1553
f 1538/1538/1538 1554/1554/1554 1553/1553/1553
f 1538/1538/1538 1540/1540/1540 1554/1554/1554
f 1540/1540/1540 1555/1555/1555 1554/1554/1554
f 1540/1540/1540 1542/1542/1542 1555/1555/1555
f 1542/1542/1542 1556/1556/1556 1555/1555/1555
f 1542/1542/1542 1544/1544/1544 1556/1556/1556
f 1546/1546/1546 1547/1547/1547 1557/1557/1557
f 1547/1547/1547 1558/1558/1558 1557/1557/1557
f 1547/1547/1547 1548/1548/1548 1558/1558/1558
f 1548/1548/1548 1559/1559/1559 1558/1558/1558
f 1548/1548/1548 1549/1549/1549 1559/1559/1559
f 1549/1549/1549 1560/1560/1560 1559/1559/1559
f 1549/1549/1549 1550/1550/1550 1560/1560/1560
f 1550/1550/1550 1561/1561/1561 1560/1560/1560
f 1550/1550/1550 1551/1551/1551 1561/1561/1561
f 1551/1551/1551 1562/1562/1562 1561/1561/1561
f 1551/1551/1551 1552/1552/1552 1562/1562/1562
f 1552/1552/1552 1563/1563/1563 1562/1562/1562
f 1552/1552/1552 1553/1553/1553 1563/1563/1563
f 1553/1553/1553 1564/1564/1564 1563/1563/1563
f 1553/1553/1553 1554/1554/1554 1564/1564/1564
f 1554/1554/1554 1565/1565/1565 1564/1564/1564
f 1554/1554/1554 1555/1555/1555 1565/1565/1565
f 1555/1555/1555 1566/1566/1566 1565/1565/1565
f 1555/1555/1555 1556/1556/1556 1566/1566/1566
f 1557/1557/1557 1558/1558/1558 1567/1567/1567
f 1558/1558/1558 1568/1568/1568 1567/1567/1567
f 1558/1558/1558 1559/1559/1559 1568/1568/1568
f 1559/1559/1559 1569/1569/1569 1568/1568/1568
f 1559/1559/1559 1560/1560/1560 1569/1569/1569
f 1560/1560/1560 1570/1570/1570 1569/1569/1569
f 1560/1560/1560 1561/1561/1561 1570/1570/1570
f 1561/1561/1561 1571/1571/1571 1570/1570/1570
f 1561/1561/1561 1562/1562/1562 1571/1571/1571
f 1562/1562/1562 1572/1572/1572 1571/1571/1571
f 1562/1562/1562 1563/1563/1563 1572/1572/1572
f 1563/1563/1563 1573/1573/1573 1572/1572/1572
f 1563/1563/1563 1564/1564/1564 1573/1573/1573
f 1564/1564/1564 1574/1574/1574 1573/1573/1573
f 1564/1564/1564 1565/1565/1565 1574/1574/1574
f 1565/1565/1565 1575/1575/1575 1574/1574/1574
f 1565/1565/1565 1566/1566/1566 1575/1575/1575
f 1567/1567/1567 1568/1568/1568 1576/1576/1576
f 1568/1568/1568 1577/1577/1577 1576/1576/1576
f 1568/1568/1568 1569/1569/1569 1577/1577/1577
f 1569/1569/1569 1578/1578/1578 1577/1577/1577
f 1569/1569/1569 1570/1570/1570 1578/1578/1578
f 1570/1570/1570 1579/1579/1579 1578/1578/1578
f 1570/1570/1570 1571/1571/1571 1579/1579/1579
f 1571/1571/1571 1580/1580/1580 1579/1579/1579
f 1571/1571/1571 1572/1572/1572 1580/1580/1580
f 1572/1572/1572 1581/1581/1581 1580/1580/1580
f 1572/1572/1572 1573/1573/1573 1581/1581/1581
f 1573/1573/1573 1582/1582/1582 1581/1581/1581
f 1573/1573/1573 1574/1574/1574 1582/1582/1582
f 1574/1574/1574 1583/1583/1583 1582/1582/1582
f 1574/1574/1574 1575/1575/1575 1583/1583/1583
f 1576/1576/1576 1577/1577/1577 1584/1584/1584
f 1577/1577/1577 1585/1585/1585 1584/1584/1584
f 1577/1577/1577 1578/1578/1578 1585/1585/1585
f 1578/1578/1578 1586/1586/1586 1585/1585/1585
f 1578/1578/1578 1579/1579/1579 1586/1586/1586
f 1579/1579/1579 1587/1587/1587 1586/1586/1586
f 1579/1579/1579 1580/1580/1580 1587/1587/1587
f 1580/1580/1580 1588/1588/1588 1587/1587/1587
f 1580/1580/1580 1581/1581/1581 1588/1588/1588
f 1581/1581/1581 1589/1589/1589 1588/1588/1588
f 1581/1581/1581 1582/1582/1582 1589/1589/1589
f 1582/1582/1582 1590/1590/1590 1589/1589/1589
f 1582/1582/1582 1583/1583/1583 1590/1590/1590
f 1584/1584/1584 1585/1585/1585 1591/1591/1591
f 1585/1585/1585 1592/1592/1592 1591/1591/1591
f 1585/1585/1585 1586/1586/1586 1592/1592/1592
f 1586/1586/1586 1593/1593/1593 1592/1592/1592
f 1586/1586/1586 1587/1587/1587 1593/1593/1593
f 1587/1587/1587 1594/1594/1594 1593/1593/1593
f 1587/1587/1587 1588/1588/1588 1594/1594/1594
f 1588/1588/1588 1595/1595/1595 1594/1594/1594
f 1588/1588/1588 1589/1589/1589 1595/1595/1595
f 1589/1589/1589 1596/1596/1596 1595/1595/1595
f 1589/1589/1589 1590/1590/1590 1596/1596/1596
f 1591/1591/1591 1592/1592/1592 1597/1597/1597
f 1592/1592/1592 1598/1598/1598 1597/1597/1597
f 1592/1592/1592 1593/1593/1593 1598/1598/1598
f 1593/1593/1593 1599/1599/1599 1598/1598/1598
f 1593/1593/1593 1594/1594/1594 1599/1599/1599
f 1594/1594/1594 1600/1600/1600 1599/1599/1599
f 1594/1594/1594 1595/1595/1595 1600/1600/1600
f 1595/1595/1595 1601/1601/1601 1600/1600/1600
f 1595/1595/1595 1596/1596/1596 1601/1601/1601
f 1597/1597/1597 1598/1598/1598 1602/1602/1602
f 1598/1598/1598 1603/1603/1603 1602/1602/1602
f 1598/1598/1598 1599/1599/1599 1603/1603/1603
f 1599/1599/1599 1604/1604/1604 1603/1603/1603
f 1599/1599/1599 1600/1600/1600 1604/1604/1604
f 1600/1600/1600 1605/1605/1605 1604/1604/1604
f 1600/1600/1600 1601/1601/1601 1605/1605/1605
f 1602/1602/1602 1603/1603/1603 1606/1606/1606
f 1603/1603/1603 1607/1607/1607 1606/1606/1606
f 1603/1603/1603 1604/1604/1604 1607/1607/1607
f 1604/1604/1604 1608/1608/1608 1607/1607/1607
f 1604/1604/1604 1605/1605/1605 1608/1608/1608
f 1606/1606/1606 1607/1607/1607 1609/1609/1609
f 1607/1607/1607 1610/1610/1610 1609/1609/1609
f 1607/1607/1607 1608/1608/1608 1610/1610/1610
f 1609/1609/1609 1610/1610/1610 1611/1611/1611
f 1545/1545/1545 1612/1612/1612 1544/1544/1544
f 1612/1612/1612 1613/1613/1613 1544/1544/1544
f 1612/1612/1612 1614/1614/1614 1613/1613/1613
f 1614/1614/1614 1615/1615/1615 1613/1613/1613
f 1614/1614/1614 1616/1616/1616 1615/1615/1615
f 1616/1616/1616 1617/1617/1617 1615/1615/1615
f 1616/1616/1616 1618/1618/1618 1617/1617/1617
f 1618/1618/1618 1619/1619/1619 1617/1617/1617
f 1618/1618/1618 1620/1620/1620 1619/1619/1619
f 1620/1620/1620 1621/1621/1621 1619/1619/1619
f 1620/1620/1620 1622/1622/1622 1621/1621/1621
f 1622/1622/1622 1623/1623/1623 1621/1621/1621
f 1622/1622/1622 1624/1624/1624 1623/1623/1623
f 1624/1624/1624 1625/1625/1625 1623/1623/1623
f 1624/1624/1624 1626/1626/1626 1625/1625/1625
f 1626/1626/1626 1627/1627/1627 1625/1625/1625
f 1626/1626/1626 1628/1628/1628 1627/1627/1627
f 1628/1628/1628 1629/1629/1629 1627/1627/1627
f 1628/1628/1628 1630/1630/1630 1629/1629/1629
f 1630/1630/1630 1631/1631/1631 1629/1629/1629
f 1630/1630/1630 1632/1632/1632 1631/1631/1631
f 1632/1632/1632 1633/1633/1633 1631/1631/1631
f 1632/1632/1632 1634/1634/1634 1633/1633/1633
f 1544/1544/1544 1613/1613/1613 1556/1556/1556
f 1613/1613/1613 1635/1635/1635 1556/1556/1556
f 1613/1613/1613 1615/1615/1615 1635/1635/1635
f 1615/1615/1615 1636/1636/1636 1635/1635/1635
f 1615/1615/1615 1617/1617/1617 1636/1636/1636
f 1617/1617/1617 1637/1637/1637 1636/1636/1636
f 1617/1617/1617 1619/1619/1619 1637/1637/1637
f 1619/1619/1619 1638/1638/1638 1637/1637/1637
f 1619/1619/1619 1621/1621/1621 1638/1638/1638
f 1621/1621/1621 1639/1639/1639 1638/1638/1638
f 1621/1621/1621 1623/1623/1623 1639/1639/1639
f 1623/1623/1623 1640/1640/1640 1639/1639/1639
f 1623/1623/1623 1625/1625/1625 1640/1640/1640
f 1625/1625/1625 1641/1641/1641 1640/1640/1640
f 1625/1625/1625 1627/1627/1627 1641/1641/1641
f 1627/1627/1627 1642/1642/1642 1641/1641/1641
f 1627/1627/1627 1629/1629/1629 1642/1642/1642
f 1629/1629/1629 1643/1643/1643 1642/1642/1642
f 1629/1629/1629 1631/1631/1631 1643/1643/1643
f 1631/1631/1631 1644/1644/1644 1643/1643/1643
f 1631/1631/1631 1633/1633/1633 1644/1644/1644
f 1556/1556/1556 1635/1635/1635 1566/1566/1566
f 1635/1635/1635 1645/1645/1645 1566/1566/1566
f 1635/1635/1635 1636/1636/1636 1645/1645/1645
f 1636/1636/1636 1646/1646/1646 1645/1645/1645
f 1636/1636/1636 1637/1637/1637 1646/1646/1646
f 1637/1637/1637 1647/1647/1647 1646/1646/1646
f 1637/1637/1637 1638/1638/1638 1647/1647/1647
f 1638/1638/1638 1648/1648/1648 1647/1647/1647
f 1638/1638/1638 1639/1639/1639 1648/1648/1648
f 1639/1639/1639 1649/1649/1649 1648/1648/1648
f 1639/1639/1639 1640/1640/1640 1649/1649/1649
f 1640/1640/1640 1650/1650/1650 1649/1649/1649
f 1640/1640/1640 1641/1641/1641 1650/1650/1650
f 1641/1641/1641 1651/1651/1651 1650/1650/1650
f 1641/1641/1641 1642/1642/1642 1651/1651/1651
f 1642/1642/1642 1652/1652/1652 1651/1651/1651
f 1642/1642/1642 1643/1643/1643 1652/1652/1652
f 1643/1643/1643 1653/1653/1653 1652/1652/1652
f 1643/1643/1643 1644/1644/1644 1653/1653/1653
f 1566/1566/1566 1645/1645/1645 1575/1575/1575
f 1645/1645/1645 1654/1654/1654 1575/1575/1575
f 1645/1645/1645 1646/1646/1646 1654/1654/1654
f 1646/1646/1646 1655/1655/1655 1654/1654/1654
f 1646/1646/1646 1647/1647/1647 1655/1655/1655
f 1647/1647/1647 1656/1656/1656 1655/1655/1655
f 1647/1647/1647 1648/1648/1648 1656/1656/1656
f 1648/1648/1648 1657/1657/1657 1656/1656/1656
f 1648/1648/1648 1649/1649/1649 1657/1657/1657
f 1649/1649/1649 1658/1658/1658 1657/1657/1657
f 1649/1649/1649 1650/1650/1650 1658/1658/1658
f 1650/1650/1650 1659/1659/1659 1658/1658/1658
f 1650/1650/1650 1651/1651/1651 1659/1659/1659
f 1651/1651/1651 1660/1660/1660 1659/1659/1659
f 1651/1651/1651 1652/1652/1652 1660/1660/1660
f 1652/1652/1652 1661/1661/1661 1660/1660/1660
f 1652/1652/1652 1653/1653/1653 1661/1661/1661
f 1575/1575/1575 1654/1654/1654 1583/1583/1583
f 1654/1654/1654 1662/1662/1662 1583/1583/1583
f 1654/1654/1654 1655/1655/1655 1662/1662/1662
f 1655/1655/1655 1663/1663/1663 1662/1662/1662
f 1655/1655/1655 1656/1656/1656 1663/1663/1663
f 1656/1656/1656 1664/1664/1664 1663/1663/1663
f 1656/1656/1656 1657/1657/1657 1664/1664/1664
f 1657/1657/1657 1665/1665/1665 1664/1664/1664
f 1657/1657/1657 1658/1658/1658 1665/1665/1665
f 1658/1658/1658 1666/1666/1666 1665/1665/1665
f 1658/1658/1658 1659/1659/1659 1666/1666/1666
f 1659/1659/1659 1667/1667/1667 1666/1666/1666
f 1659/1659/1659 1660/1660/1660 1667/1667/1667
f 1660/1660/1660 1668/1668/1668 1667/1667/1667
f 1660/1660/1660 1661/1661/1661 1668/1668/1668
f 1583/1583/1583 1662/1662/1662 1590/1590/1590
f 1662/1662/1662 1669/1669/1669 1590/1590/1590
f 1662/1662/1662 1663/1663/1663 1669/1669/1669
f 1663/1663/1663 1670/1670/1670 1669/1669/1669
f 1663/1663/1663 1664/1664/1664 1670/1670/1670
f 1664/1664/1664 1671/1671/1671 1670/1670/1670
f 1664/1664/1664 1665/1665/1665 1671/1671/1671
f 1665/1665/1665 1672/1672/1672 1671/1671/1671
f 1665/1665/1665 1666/1666/1666 1672/1672/1672
f 1666/1666/1666 1673/1673/1673 1672/1672/1672
f 1666/1666/1666 1667/1667/1667 1673/1673/1673
f 1667/1667/1667 1674/1674/1674 1673/1673/1673
f 1667/1667/1667 1668/1668/1668 1674/1674/1674
f 1590/1590/1590 1669/1669/1669 1596/1596/1596
f 1669/1669/1669 1675/1675/1675 1596/1596/1596
f 1669/1669/1669 1670/1670/1670 1675/1675/1675
f 1670/1670/1670 1676/1676/1676 1675/1675/1675
f 1670/1670/1670 1671/1671/1671 1676/1676/1676
f 1671/1671/1671 1677/1677/1677 1676/1676/1676
f 1671/1671/1671 1672/1672/1672 1677/1677/1677
f 1672/1672/1672 1678/1678/1678 1677/1677/1677
f 1672/1672/1672 1673/1673/1673 1678/1678/1678
f 1673/1673/1673 1679/1679/1679 1678/1678/1678
f 1673/1673/1673 1674/1674/1674 1679/1679/1679
f 1596/1596/1596 1675/1675/1675 1601/1601/1601
f 1675/1675/1675 1680/1680/1680 1601/1601/1601
f 1675/1675/1675 1676/1676/1676 1680/1680/1680
f 1676/1676/1676 1681/1681/1681 1680/1680/1680
f 1676/1676/1676 1677/1677/1677 1681/1681/1681
f 1677/1677/1677 1682/1682/1682 1681/1681/1681
f 1677/1677/1677 1678/1678/1678 1682/1682/1682
f 1678/1678/1678 1683/1683/1683 1682/1682/1682
f 1678/1678/1678 1679/1679/1679 1683/1683/1683
f 1601/1601/1601 1680/1680/1680 1605/1605/1605
f 1680/1680/1680 1684/1684/1684 1605/1605/1605
f 1680/1680/1680 1681/1681/1681 1684/1684/1684
f 1681/1681/1681 1685/1685/1685 1684/1684/1684
f 1681/1681/1681 1682/1682/1682 1685/1685/1685
f 1682/1682/1682 1686/1686/1686 1685/1685/1685
f 1682/1682/1682 1683/1683/1683 1686/1686/1686
f 1605/1605/1605 1684/1684/1684 1608/1608/1608
f 1684/1684/1684 1687/1687/1687 1608/1608/1608
f 1684/1684/1684 1685/1685/1685 1687/1687/1687
f 1685/1685/1685 1688/1688/1688 1687/1687/1687
f 1685/1685/1685 1686/1686/1686 1688/1688/1688
f 1608/1608/1608 1687/1687/1687 1610/1610/1610
f 1687/1687/1687 1689/1689/1689 1610/1610/1610
f 1687/1687/1687 1688/1688/1688 1689/1689/1689
f 1610/1610/1610 1689/1689/1689 1611/1611/1611
f 1634/1634/1634 1690/1690/1690 1633/1633/1633
f 1690/1690/1690 1691/1691/1691 1633/1633/1633
f 1690/1690/1690 1692/1692/1692 1691/1691/1691
f 1692/1692/1692 1693/1693/1693 1691/1691/1691
f 1692/1692/1692 1694/1694/1694 1693/1693/1693
f 1694/1694/1694 1695/1695/1695 1693/1693/1693
f 1694/1694/1694 1696/1696/1696 1695/1695/1695
f 1696/1696/1696 1697/1697/1697 1695/1695/1695
f 1696/1696/1696 1698/1698/1698 1697/1697/1697
f 1698/1698/1698 1699/1699/1699 1697/1697/1697
f 1698/1698/1698 1700/1700/1700 1699/1699/1699
f 1700/1700/1700 1701/1701/1701 1699/1699/1699
f 1700/1700/1700 1702/1702/1702 1701/1701/1701
f 1702/1702/1702 1703/1703/1703 1701/1701/1701
f 1702/1702/1702 1704/1704/1704 1703/1703/1703
f 1704/1704/1704 1705/1705/1705 1703/1703/1703
f 1704/1704/1704 1706/1706/1706 1705/1705/1705
f 1706/1706/1706 1707/1707/1707 1705/1705/1705
f 1706/1706/1706 1708/1708/1708 1707/1707/1707
f 1708/1708/1708 1709/1709/1709 1707/1707/1707
f 1708/1708/1708 1710/1710/1710 1709/1709/1709
f 1710/1710/1710 1711/1711/1711 1709/1709/1709
f 1710/1710/1710 1712/1712/1712 1711/1711/1711
f 1633/1633/1633 1691/1691/1691 1644/1644/1644
f 1691/1691/1691 1713/1713/1713 1644/1644/1644
f 1691/1691/1691 1693/1693/1693 1713/1713/1713
f 1693/1693/1693 1714/1714/1714 1713/1713/1713
f 1693/1693/1693 1695/1695/1695 1714/1714/1714
f 1695/1695/1695 1715/1715/1715 1714/1714/1714
f 1695/1695/1695 1697/1697/1697 1715/1715/1715
f 1697/1697/1697 1716/1716/1716 1715/1715/1715
f 1697/1697/1697 1699/1699/1699 1716/1716/1716
f 1699/1699/1699 1717/1717/1717 1716/1716/1716
f 1699/1699/1699 1701/1701/1701 1717/1717/1717
f 1701/1701/1701 1718/1718/1718 1717/1717/1717
f 1701/1701/1701 1703/1703/1703 1718/1718/1718
f 1703/1703/1703 1719/1719/1719 1718/1718/1718
f 1703/1703/1703 1705/1705/1705 1719/1719/1719
f 1705/1705/1705 1720/1720/1720 1719/1719/1719
f 1705/1705/1705 1707/1707/1707 1720/1720/1720
f 1707/1707/1707 1721/1721/1721 1720/1720/1720
f 1707/1707/1707 1709/1709/1709 1721/1721/1721
f 1709/1709/1709 1722/1722/1722 1721/1721/1721
f 1709/1709/1709 1711/1711/1711 1722/1722/1722
f 1644/1644/1644 1713/1713/1713 1653/1653/1653
f 1713/1713/1713 1723/1723/1723 1653/1653/1653
f 1713/1713/1713 1714/1714/1714 1723/1723/1723
f 1714/1714/1714 1724/1724/1724 1723/1723/1723
f 1714/1714/1714 1715/1715/1715 1724/1724/1724
f 1715/1715/1715 1725/1725/1725 1724/1724/1724
f 1715/1715/1715 1716/1716/1716 1725/1725/1725
f 1716/1716/1716 1726/1726/1726 1725/1725/1725
f 1716/1716/1716 1717/1717/1717 1726/1726/1726
f 1717/1717/1717 1727/1727/1727 1726/1726/1726
f 1717/1717/1717 1718/1718/1718 1727/1727/1727
f 1718/1718/1718 1728/1728/1728 1727/1727/1727
f 1718/1718/1718 1719/1719/1719 1728/1728/1728
f 1719/1719/1719 1729/1729/1729 1728/1728/1728
f 1719/1719/1719 1720/1720/1720 1729/1729/1729
f 1720/1720/1720 1730/1730/1730 1729/1729/1729
f 1720/1720/1720 1721/1721/1721 1730/1730/1730
f 1721/1721/1721 1731/1731/1731 1730/1730/1730
f 1721/1721/1721 1722/1722/1722 1731/1731/1731
f 1653/1653/1653 1723/1723/1723 1661/1661/1661
f 1723/1723/1723 1732/1732/1732 1661/1661/1661
f 1723/1723/1723 1724/1724/1724 1732/1732/1732
f 1724/1724/1724 1733/1733/1733 1732/1732/1732
f 1724/1724/1724 1725/1725/1725 1733/1733/1733
f 1725/1725/1725 1734/1734/1734 1733/1733/1733
f 1725/1725/1725 1726/1726/1726 1734/1734/1734
f 1726/1726/1726 1735/1735/1735 1734/1734/1734
f 1726/1726/1726 1727/1727/1727 1735/1735/1735
f 1727/1727/1727 1736/1736/1736 1735/1735/1735
f 1727/1727/1727 1728/1728/1728 1736/1736/1736
f 1728/1728/1728 1737/1737/1737 1736/1736/1736
f 1728/1728/1728 1729/1729/1729 1737/1737/1737
f 1729/1729/1729 1738/1738/1738 1737/1737/1737
f 1729/1729/1729 1730/1730/1730 1738/1738/1738
f 1730/1730/1730 1739/1739/1739 1738/1738/1738
f 1730/1730/1730 1731/1731/1731 1739/1739/1739
f 1661/1661/1661 1732/1732/1732 1668/1668/1668
f 1732/1732/1732 1740/1740/1740 1668/1668/1668
f 1732/1732/1732 1733/1733/1733 1740/1740/1740
f 1733/1733/1733 1741/1741/1741 1740/1740/1740
f 1733/1733/1733 1734/1734/1734 1741/1741/1741
f 1734/1734/1734 1742/1742/1742 1741/1741/1741
f 1734/1734/1734 1735/1735/1735 1742/1742/1742
f 1735/1735/1735 1743/1743/1743 1742/1742/1742
f 1735/1735/1735 1736/1736/1736 1743/1743/1743
f 1736/1736/1736 1744/1744/1744 1743/1743/1743
f 1736/1736/1736 1737/1737/1737 1744/1744/1744
f 1737/1737/1737 1745/1745/1745 1744/1744/1744
f 1737/1737/1737 1738/1738/1738 1745/1745/1745
f 1738/1738/1738 1746/1746/1746 1745/1745/1745
f 1738/1738/1738 1739/1739/1739 1746/1746/1746
f 1668/1668/1668 1740/1740/1740 1674/1674/1674
f 1740/1740/1740 1747/1747/1747 1674/1674/1674
f 1740/1740/1740 1741/1741/1741 1747/1747/1747
f 1741/1741/1741 1748/1748/1748 1747/1747/1747
f 1741/1741/1741 1742/1742/1742 1748/1748/1748
f 1742/1742/1742 1749/1749/1749 1748/1748/1748
f 1742/1742/1742 1743/1743/1743 1749/1749/1749
f 1743/1743/1743 1750/1750/1750 1749/1749/1749
f 1743/1743/1743 1744/1744/1744 1750/1750/1750
f 1744/1744/1744 1751/1751/1751 1750/1750/1750
f 1744/1744/1744 1745/1745/1745 1751/1751/1751
f 1745/1745/1745 1752/1752/1752 1751/1751/1751
f 1745/1745/1745 1746/1746/1746 1752/1752/1752
f 1674/1674/1674 1747/1747/1747 1679/1679/1679
f 1747/1747/1747 1753/1753/1753 1679/1679/1679
f 1747/1747/1747 1748/1748/1748 1753/1753/1753
f 1748/1748/1748 1754/1754/1754 1753/1753/1753
f 1748/1748/1748 1749/1749/1749 1754/1754/1754
f 1749/1749/1749 1755/1755/1755 1754/1754/1754
f 1749/1749/1749 1750/1750/1750 1755/1755/1755
f 1750/1750/1750 1756/1756/1756 1755/1755/1755
f 1750/1750/1750 1751/1751/1751 1756/1756/1756
f 1751/1751/1751 1757/1757/1757 1756/1756/1756
f 1751/1751/1751 1752/1752/1752 1757/1757/1757
f 1679/1679/1679 1753/1753/1753 1683/1683/1683
f 1753/1753/1753 1758/1758/1758 1683/1683/1683
f 1753/1753/1753 1754/1754/1754 1758/1758/1758
f 1754/1754/1754 1759/1759/1759 1758/1758/1758
f 1754/1754/1754 1755/1755/1755 1759/1759/1759
f 1755/1755/1755 1760/1760/1760 1759/1759/1759
f 1755/1755/1755 1756/1756/1756 1760/1760/1760
f 1756/1756/1756 1761/1761/1761 1760/1760/1760
f 1756/1756/1756 1757/1757/1757 1761/1761/1761
f 1683/1683/1683 1758/1758/1758 1686/1686/1686
f 1758/1758/1758 1762/1762/1762 1686/1686/1686
f 1758/1758/1758 1759/1759/1759 1762/1762/1762
f 1759/1759/1759 1763/1763/1763 1762/1762/1762
f 1759/1759/1759 1760/1760/1760 1763/1763/1763
f 1760/1760/1760 1764/1764/1764 1763/1763/1763
f 1760/1760/1760 1761/1761/1761 1764/1764/1764
f 1686/1686/1686 1762/1762/1762 1688/1688/1688
f 1762/1762/1762 1765/1765/1765 1688/1688/1688
f 1762/1762/1762 1763/1763/1763 1765/1765/1765
f 1763/1763/1763 1766/1766/1766 1765/1765/1765
f 1763/1763/1763 1764/1764/1764 1766/1766/1766
f 1688/1688/1688 1765/1765/1765 1689/1689/1689
f 1765/1765/1765 1767/1767/1767 1689/1689/1689
f 1765/1765/1765 1766/1766/1766 1767/1767/1767
f 1689/1689/1689 1767/1767/1767 1611/1611/1611
f 1712/1712/1712 1768/1768/1768 1711/1711/1711
f 1768/1768/1768 1769/1769/1769 1711/1711/1711
f 1768/1768/1768 1770/1770/1770 1769/1769/1769
f 1770/1770/1770 1771/1771/1771 1769/1769/1769
f 1770/1770/1770 1772/1772/1772 1771/1771/1771
f 1772/1772/1772 1773/1773/1773 1771/1771/1771
f 1772/1772/1772 1774/1774/1774 1773/1773/1773
f 1774/1774/1774 1775/1775/1775 1773/1773/1773
f 1774/1774/1774 1776/1776/1776 1775/1775/1775
f 1776/1776/1776 1777/1777/1777 1775/1775/1775
f 1776/1776/1776 1778/1778/1778 1777/1777/1777
f 1778/1778/1778 1779/1779/1779 1777/1777/1777
f 1778/1778/1778 1780/1780/1780 1779/1779/1779
f 1780/1780/1780 1781/1781/1781 1779/1779/1779
f 1780/1780/1780 1782/1782/1782 1781/1781/1781
f 1782/1782/1782 1783/1783/1783 1781/1781/1781
f 1782/1782/1782 1784/1784/1784 1783/1783/1783
f 1784/1784/1784 1785/1785/1785 1783/1783/1783
f 1784/1784/1784 1786/1786/1786 1785/1785/1785
f 1786/1786/1786 1787/1787/1787 1785/1785/1785
f 1786/1786/1786 1788/1788/1788 1787/1787/1787
f 1788/1788/1788 1523/1523/1523 1787/1787/1787
f 1788/1788/1788 1521/1521/1521 1523/1523/1523
f 1711/1711/1711 1769/1769/1769 1722/1722/1722
f 1769/1769/1769 1789/1789/1789 1722/1722/1722
f 1769/1769/1769 1771/1771/1771 1789/1789/1789
f 1771/1771/1771 1790/1790/1790 1789/1789/1789
f 1771/1771/1771 1773/1773/1773 1790/1790/1790
f 1773/1773/1773 1791/1791/1791 1790/1790/1790
f 1773/1773/1773 1775/1775/1775 1791/1791/1791
f 1775/1775/1775 1792/1792/1792 1791/1791/1791
f 1775/1775/1775 1777/1777/1777 1792/1792/1792
f 1777/1777/1777 1793/1793/1793 1792/1792/1792
f 1777/1777/1777 1779/1779/1779 1793/1793/1793
f 1779/1779/1779 1794/1794/1794 1793/1793/1793
f 1779/1779/1779 1781/1781/1781 1794/1794/1794
f 1781/1781/1781 1795/1795/1795 1794/1794/1794
f 1781/1781/1781 1783/1783/1783 1795/1795/1795
f 1783/1783/1783 1796/1796/1796 1795/1795/1795
f 1783/1783/1783 1785/1785/1785 1796/1796/1796
f 1785/1785/1785 1797/1797/1797 1796/1796/1796
f 1785/1785/1785 1787/1787/1787 1797/1797/1797
f 1787/1787/1787 1546/1546/1546 1797/1797/1797
f 1787/1787/1787 1523/1523/1523 1546/1546/1546
f 1722/1722/1722 1789/1789/1789 1731/1731/1731
f 1789/1789/1789 1798/1798/1798 1731/1731/1731
f 1789/1789/1789 1790/1790/1790 1798/1798/1798
f 1790/1790/1790 1799/1799/1799 1798/1798/1798
f 1790/1790/1790 1791/1791/1791 1799/1799/1799
f 1791/1791/1791 1800/1800/1800 1799/1799/1799
f 1791/1791/1791 1792/1792/1792 1800/1800/1800
f 1792/1792/1792 1801/1801/1801 1800/1800/1800
f 1792/1792/1792 1793/1793/1793 1801/1801/1801
f 1793/1793/1793 1802/1802/1802 1801/1801/1801
f 1793/1793/1793 1794/1794/1794 1802/1802/1802
f 1794/1794/1794 1803/1803/1803 1802/1802/1802
f 1794/1794/1794 1795/1795/1795 1803/1803/1803
f 1795/1795/1795 1804/1804/1804 1803/1803/1803
f 1795/1795/1795 1796/1796/1796 1804/1804/1804
f 1796/1796/1796 1805/1805/1805 1804/1804/1804
f 1796/1796/1796 1797/1797/1797 1805/1805/1805
f 1797/1797/1797 1557/1557/1557 1805/1805/1805
f 1797/1797/1797 1546/1546/1546 1557/1557/1557
f 1731/1731/1731 1798/1798/1798 1739/1739/1739
f 1798/1798/1798 1806/1806/1806 1739/1739/1739
f 1798/1798/1798 1799/1799/1799 1806/1806/1806
f 1799/1799/1799 1807/1807/1807 1806/1806/1806
f 1799/1799/1799 1800/1800/1800 1807/1807/1807
f 1800/1800/1800 1808/1808/1808 1807/1807/1807
f 1800/1800/1800 1801/1801/1801 1808/1808/1808
f 1801/1801/1801 1809/1809/1809 1808/1808/1808
f 1801/1801/1801 1802/1802/1802 1809/1809/1809
f 1802/1802/1802 1810/1810/1810 1809/1809/1809
f 1802/1802/1802 1803/1803/1803 1810/1810/1810
f 1803/1803/1803 1811/1811/1811 1810/1810/1810
f 1803/1803/1803 1804/1804/1804 1811/1811/1811
f 1804/1804/1804 1812/1812/1812 1811/1811/1811
f 1804/1804/1804 1805/1805/1805 1812/1812/1812
f 1805/1805/1805 1567/1567/1567 1812/1812/1812
f 1805/1805/1805 1557/1557/1557 1567/1567/1567
f 1739/1739/1739 1806/1806/1806 1746/1746/1746
f 1806/1806/1806 1813/1813/1813 1746/1746/1746
f 1806/1806/1806 1807/1807/1807 1813/1813/1813
f 1807/1807/1807 1814/1814/1814 1813/1813/1813
f 1807/1807/1807 1808/1808/1808 1814/1814/1814
f 1808/1808/1808 1815/1815/1815 1814/1814/1814
f 1808/1808/1808 1809/1809/1809 1815/1815/1815
f 1809/1809/1809 1816/1816/1816 1815/1815/1815
f 1809/1809/1809 1810/1810/1810 1816/1816/1816
f 1810/1810/1810 1817/1817/1817 1816/1816/1816
f 1810/1810/1810 1811/1811/1811 1817/1817/1817
f 1811/1811/1811 1818/1818/1818 1817/1817/1817
f 1811/1811/1811 1812/1812/1812 1818/1818/1818
f 1812/1812/1812 1576/1576/1576 1818/1818/1818
f 1812/1812/1812 1567/1567/1567 1576/1576/1576
f 1746/1746/1746 1813/1813/1813 1752/1752/1752
f 1813/1813/1813 1819/1819/1819 1752/1752/1752
f 1813/1813/1813 1814/1814/1814 1819/1819/1819
f 1814/1814/1814 1820/1820/1820 1819/1819/1819
f 1814/1814/1814 1815/1815/1815 1820/1820/1820
f 1815/1815/1815 1821/1821/1821 1820/1820/1820
f 1815/1815/1815 1816/1816/1816 1821/1821/1821
f 1816/1816/1816 1822/1822/1822 1821/1821/1821
f 1816/1816/1816 1817/1817/1817 1822/1822/1822
f 1817/1817/1817 1823/1823/1823 1822/1822/1822
f 1817/1817/1817 1818/1818/1818 1823/1823/1823
f 1818/1818/1818 1584/1584/1584 1823/1823/1823
f 1818/1818/1818 1576/1576/1576 1584/1584/1584
f 1752/1752/1752 1819/1819/1819 1757/1757/1757
f 1819/1819/1819 1824/1824/1824 1757/1757/1757
f 1819/1819/1819 1820/1820/1820 1824/1824/1824
f 1820/1820/1820 1825/1825/1825 1824/1824/1824
f 1820/1820/1820 1821/1821/1821 1825/1825/1825
f 1821/1821/1821 1826/1826/1826 1825/1825/1825
f 1821/1821/1821 1822/1822/1822 1826/1826/1826
f 1822/1822/1822 1827/1827/1827 1826/1826/1826
f 1822/1822/1822 1823/1823/1823 1827/1827/1827
f 1823/1823/1823 1591/1591/1591 1827/1827/1827
f 1823/1823/1823 1584/1584/1584 1591/1591/1591
f 1757/1757/1757 1824/1824/1824 1761/1761/1761
f 1824/1824/1824 1828/1828/1828 1761/1761/1761
f 1824/1824/1824 1825/1825/1825 1828/1828/1828
f 1825/1825/1825 1829/1829/1829 1828/1828/1828
f 1825/1825/1825 1826/1826/1826 1829/1829/1829
f 1826/1826/1826 1830/1830/1830 1829/1829/1829
f 1826/1826/1826 1827/1827/1827 1830/1830/1830
f 1827/1827/1827 1597/1597/1597 1830/1830/1830
f 1827/1827/1827 1591/1591/1591 1597/1597/1597
f 1761/1761/1761 1828/1828/1828 1764/1764/1764
f 1828/1828/1828 1831/1831/1831 1764/1764/1764
f 1828/1828/1828 1829/1829/1829 1831/1831/1831
f 1829/1829/1829 1832/1832/1832 1831/1831/1831
f 1829/1829/1829 1830/1830/1830 1832/1832/1832
f 1830/1830/1830 1602/1602/1602 1832/1832/1832
f 1830/1830/1830 1597/1597/1597 1602/1602/1602
f 1764/1764/1764 1831/1831/1831 1766/1766/1766
f 1831/1831/1831 1833/1833/1833 1766/1766/1766
f 1831/1831/1831 1832/1832/1832 1833/1833/1833
f 1832/1832/1832 1606/1606/1606 1833/1833/1833
f 1832/1832/1832 1602/1602/1602 1606/1606/1606
f 1766/1766/1766 1833/1833/1833 1767/1767/1767
f 1833/1833/1833 1609/1609/1609 1767/1767/1767
f 1833/1833/1833 1606/1606/1606 1609/1609/1609
f 1767/1767/1767 1609/1609/1609 1611/1611/1611
