mtllib plant_stem_curved_with_bar_thorms_and_swirls_green.mtl
v 3.965601 80.77143 -49.99999
v 4.000001 80.24944 -49.99999
v 4.000001 80.24942 -39.99999
v 3.965601 80.77142 -39.99999
v 3.863601 81.28463 -49.99999
v 3.863601 81.28462 -39.99999
v 3.695601 81.78024 -49.99999
v 3.695601 81.78022 -39.99999
v 3.464001 82.24944 -49.99999
v 3.464001 82.24942 -39.99999
v 3.173601 82.68463 -49.99999
v 3.173601 82.68462 -39.99999
v 2.828401 83.07784 -49.99999
v 2.828401 83.07782 -39.99999
v 2.4352 83.42303 -49.99999
v 2.4352 83.42302 -39.99999
v 2 83.71343 -49.99999
v 2 83.71342 -39.99999
v 1.5308 83.94503 -49.99999
v 1.5308 83.94502 -39.99999
v 1.0352 84.11304 -49.99999
v 1.0352 84.11302 -39.99999
v 0.5220001 84.21503 -49.99999
v 0.5220001 84.21502 -39.99999
v 0 84.24944 -49.99999
v 0 84.24942 -39.99999
v -0.5220001 84.21503 -49.99999
v -0.5220001 84.21502 -39.99999
v -1.0352 84.11304 -49.99999
v -1.0352 84.11302 -39.99999
v -1.5308 83.94503 -49.99999
v -1.5308 83.94502 -39.99999
v -2 83.71343 -49.99999
v -2 83.71342 -39.99999
v -2.4352 83.42303 -49.99999
v -2.4352 83.42302 -39.99999
v -2.828401 83.07784 -49.99999
v -2.828401 83.07782 -39.99999
v -3.173601 82.68463 -49.99999
v -3.173601 82.68462 -39.99999
v -3.464001 82.24944 -49.99999
v -3.464001 82.24942 -39.99999
v -3.695601 81.78024 -49.99999
v -3.695601 81.78022 -39.99999
v -3.863601 81.28463 -49.99999
v -3.863601 81.28462 -39.99999
v -3.965601 80.77143 -49.99999
v -3.965601 80.77142 -39.99999
v -4.000001 80.24944 -49.99999
v -4.000001 80.24942 -39.99999
v -3.965601 79.72743 -49.99999
v -3.965601 79.72742 -39.99999
v -3.863601 79.21423 -50
v -3.863601 79.21422 -39.99999
v -3.695601 78.71864 -50
v -3.695601 78.71862 -39.99999
v -3.464001 78.24944 -50
v -3.464001 78.24942 -40
v -3.173601 77.81423 -50
v -3.173601 77.81422 -40
v -2.828401 77.42104 -50
v -2.828401 77.42102 -40
v -2.4352 77.07584 -50
v -2.4352 77.07582 -40
v -2 76.78543 -50
v -2 76.78542 -40
v -1.5308 76.55383 -50
v -1.5308 76.55382 -40
v -1.0352 76.38583 -50
v -1.0352 76.38582 -40
v -0.5220001 76.28383 -50
v -0.5220001 76.28382 -40
v 0 76.24944 -50
v 0 76.24942 -40
v 0.5220001 76.28383 -50
v 0.5220001 76.28382 -40
v 1.0352 76.38583 -50
v 1.0352 76.38582 -40
v 1.5308 76.55383 -50
v 1.5308 76.55382 -40
v 2 76.78543 -50
v 2 76.78542 -40
v 2.4352 77.07584 -50
v 2.4352 77.07582 -40
v 2.828401 77.42104 -50
v 2.828401 77.42102 -40
v 3.173601 77.81423 -50
v 3.173601 77.81422 -40
v 3.464001 78.24944 -50
v 3.464001 78.24942 -40
v 3.695601 78.71864 -50
v 3.695601 78.71862 -39.99999
v 3.863601 79.21423 -50
v 3.863601 79.21422 -39.99999
v 3.965601 79.72743 -49.99999
v 3.965601 79.72742 -39.99999
v 1.9828 80.51041 -29.99999
v 2 80.2494 -29.99999
v 0 80.2494 -29.99999
v 1.9318 80.76701 -29.99999
v 1.8478 81.01481 -29.99999
v 1.732 81.2494 -29.99999
v 1.5868 81.46701 -29.99999
v 1.4142 81.6636 -29.99999
v 1.2176 81.8362 -29.99999
v 1 81.98141 -29.99999
v 0.7654002 82.09721 -29.99999
v 0.5176001 82.18121 -29.99999
v 0.2610001 82.23221 -29.99999
v 0 82.2494 -29.99999
v -0.2610001 82.23221 -29.99999
v -0.5176001 82.18121 -29.99999
v -0.7654002 82.09721 -29.99999
v -1 81.98141 -29.99999
v -1.2176 81.8362 -29.99999
v -1.4142 81.6636 -29.99999
v -1.5868 81.46701 -29.99999
v -1.732 81.2494 -29.99999
v -1.8478 81.01481 -29.99999
v -1.9318 80.76701 -29.99999
v -1.9828 80.51041 -29.99999
v -2 80.2494 -29.99999
v -1.9828 79.98841 -29.99999
v -1.9318 79.7318 -29.99999
v -1.8478 79.48401 -29.99999
v -1.732 79.2494 -29.99999
v -1.5868 79.03181 -29.99999
v -1.4142 78.83521 -29.99999
v -1.2176 78.66261 -29.99999
v -1 78.51741 -29.99999
v -0.7654002 78.4016 -29.99999
v -0.5176001 78.3176 -29.99999
v -0.2610001 78.26661 -29.99999
v 0 78.2494 -29.99999
v 0.2610001 78.26661 -29.99999
v 0.5176001 78.3176 -29.99999
v 0.7654002 78.4016 -29.99999
v 1 78.51741 -29.99999
v 1.2176 78.66261 -29.99999
v 1.4142 78.83521 -29.99999
v 1.5868 79.03181 -29.99999
v 1.732 79.2494 -29.99999
v 1.8478 79.48401 -29.99999
v 1.9318 79.7318 -29.99999
v 1.9828 79.98841 -29.99999
v 1.9828 80.51043 -49.99999
v 2 80.24944 -49.99999
v 2 80.2494 -29.99999
v 1.9828 80.51041 -29.99999
v 1.9318 80.76704 -49.99999
v 1.9318 80.76701 -29.99999
v 1.8478 81.01483 -49.99999
v 1.8478 81.01481 -29.99999
v 1.732 81.24944 -49.99999
v 1.732 81.2494 -29.99999
v 1.5868 81.46703 -49.99999
v 1.5868 81.46701 -29.99999
v 1.4142 81.66364 -49.99999
v 1.4142 81.6636 -29.99999
v 1.2176 81.83624 -49.99999
v 1.2176 81.8362 -29.99999
v 1 81.98143 -49.99999
v 1 81.98141 -29.99999
v 0.7654002 82.09724 -49.99999
v 0.7654002 82.09721 -29.99999
v 0.5176001 82.18124 -49.99999
v 0.5176001 82.18121 -29.99999
v 0.2610001 82.23223 -49.99999
v 0.2610001 82.23221 -29.99999
v 0 82.24944 -49.99999
v 0 82.2494 -29.99999
v -0.2610001 82.23223 -49.99999
v -0.2610001 82.23221 -29.99999
v -0.5176001 82.18124 -49.99999
v -0.5176001 82.18121 -29.99999
v -0.7654002 82.09724 -49.99999
v -0.7654002 82.09721 -29.99999
v -1 81.98143 -49.99999
v -1 81.98141 -29.99999
v -1.2176 81.83624 -49.99999
v -1.2176 81.8362 -29.99999
v -1.4142 81.66364 -49.99999
v -1.4142 81.6636 -29.99999
v -1.5868 81.46703 -49.99999
v -1.5868 81.46701 -29.99999
v -1.732 81.24944 -49.99999
v -1.732 81.2494 -29.99999
v -1.8478 81.01483 -49.99999
v -1.8478 81.01481 -29.99999
v -1.9318 80.76704 -49.99999
v -1.9318 80.76701 -29.99999
v -1.9828 80.51043 -49.99999
v -1.9828 80.51041 -29.99999
v -2 80.24944 -49.99999
v -2 80.2494 -29.99999
v -1.9828 79.98843 -49.99999
v -1.9828 79.98841 -29.99999
v -1.9318 79.73183 -49.99999
v -1.9318 79.7318 -29.99999
v -1.8478 79.48403 -50
v -1.8478 79.48401 -29.99999
v -1.732 79.24944 -50
v -1.732 79.2494 -29.99999
v -1.5868 79.03183 -50
v -1.5868 79.03181 -29.99999
v -1.4142 78.83524 -50
v -1.4142 78.83521 -29.99999
v -1.2176 78.66264 -50
v -1.2176 78.66261 -29.99999
v -1 78.51743 -50
v -1 78.51741 -29.99999
v -0.7654002 78.40163 -50
v -0.7654002 78.4016 -29.99999
v -0.5176001 78.31763 -50
v -0.5176001 78.3176 -29.99999
v -0.2610001 78.26663 -50
v -0.2610001 78.26661 -29.99999
v 0 78.24944 -50
v 0 78.2494 -29.99999
v 0.2610001 78.26663 -50
v 0.2610001 78.26661 -29.99999
v 0.5176001 78.31763 -50
v 0.5176001 78.3176 -29.99999
v 0.7654002 78.40163 -50
v 0.7654002 78.4016 -29.99999
v 1 78.51743 -50
v 1 78.51741 -29.99999
v 1.2176 78.66264 -50
v 1.2176 78.66261 -29.99999
v 1.4142 78.83524 -50
v 1.4142 78.83521 -29.99999
v 1.5868 79.03183 -50
v 1.5868 79.03181 -29.99999
v 1.732 79.24944 -50
v 1.732 79.2494 -29.99999
v 1.8478 79.48403 -50
v 1.8478 79.48401 -29.99999
v 1.9318 79.73183 -49.99999
v 1.9318 79.7318 -29.99999
v 1.9828 79.98843 -49.99999
v 1.9828 79.98841 -29.99999
v 2 80.24944 -49.99999
v 1.9828 80.51043 -49.99999
v 3.965601 80.77143 -49.99999
v 4.000001 80.24944 -49.99999
v 1.9318 80.76704 -49.99999
v 3.863601 81.28463 -49.99999
v 1.8478 81.01483 -49.99999
v 3.695601 81.78024 -49.99999
v 1.732 81.24944 -49.99999
v 3.464001 82.24944 -49.99999
v 1.5868 81.46703 -49.99999
v 3.173601 82.68463 -49.99999
v 1.4142 81.66364 -49.99999
v 2.828401 83.07784 -49.99999
v 1.2176 81.83624 -49.99999
v 2.4352 83.42303 -49.99999
v 1 81.98143 -49.99999
v 2 83.71343 -49.99999
v 0.7654002 82.09724 -49.99999
v 1.5308 83.94503 -49.99999
v 0.5176001 82.18124 -49.99999
v 1.0352 84.11304 -49.99999
v 0.2610001 82.23223 -49.99999
v 0.5220001 84.21503 -49.99999
v 0 82.24944 -49.99999
v 0 84.24944 -49.99999
v -0.2610001 82.23223 -49.99999
v -0.5220001 84.21503 -49.99999
v -0.5176001 82.18124 -49.99999
v -1.0352 84.11304 -49.99999
v -0.7654002 82.09724 -49.99999
v -1.5308 83.94503 -49.99999
v -1 81.98143 -49.99999
v -2 83.71343 -49.99999
v -1.2176 81.83624 -49.99999
v -2.4352 83.42303 -49.99999
v -1.4142 81.66364 -49.99999
v -2.828401 83.07784 -49.99999
v -1.5868 81.46703 -49.99999
v -3.173601 82.68463 -49.99999
v -1.732 81.24944 -49.99999
v -3.464001 82.24944 -49.99999
v -1.8478 81.01483 -49.99999
v -3.695601 81.78024 -49.99999
v -1.9318 80.76704 -49.99999
v -3.863601 81.28463 -49.99999
v -1.9828 80.51043 -49.99999
v -3.965601 80.77143 -49.99999
v -2 80.24944 -49.99999
v -4.000001 80.24944 -49.99999
v -1.9828 79.98843 -49.99999
v -3.965601 79.72743 -49.99999
v -1.9318 79.73183 -49.99999
v -3.863601 79.21423 -50
v -1.8478 79.48403 -50
v -3.695601 78.71864 -50
v -1.732 79.24944 -50
v -3.464001 78.24944 -50
v -1.5868 79.03183 -50
v -3.173601 77.81423 -50
v -1.4142 78.83524 -50
v -2.828401 77.42104 -50
v -1.2176 78.66264 -50
v -2.4352 77.07584 -50
v -1 78.51743 -50
v -2 76.78543 -50
v -0.7654002 78.40163 -50
v -1.5308 76.55383 -50
v -0.5176001 78.31763 -50
v -1.0352 76.38583 -50
v -0.2610001 78.26663 -50
v -0.5220001 76.28383 -50
v 0 78.24944 -50
v 0 76.24944 -50
v 0.2610001 78.26663 -50
v 0.5220001 76.28383 -50
v 0.5176001 78.31763 -50
v 1.0352 76.38583 -50
v 0.7654002 78.40163 -50
v 1.5308 76.55383 -50
v 1 78.51743 -50
v 2 76.78543 -50
v 1.2176 78.66264 -50
v 2.4352 77.07584 -50
v 1.4142 78.83524 -50
v 2.828401 77.42104 -50
v 1.5868 79.03183 -50
v 3.173601 77.81423 -50
v 1.732 79.24944 -50
v 3.464001 78.24944 -50
v 1.8478 79.48403 -50
v 3.695601 78.71864 -50
v 1.9318 79.73183 -49.99999
v 3.863601 79.21423 -50
v 1.9828 79.98843 -49.99999
v 3.965601 79.72743 -49.99999
v 0 86.01002 -35.49829
v 0 86.24942 -39.99998
v 2.296201 85.79282 -39.99999
v 2.247 85.56381 -35.52079
v 4.242601 84.49202 -39.99999
v 4.151601 84.29252 -35.58489
v 5.543401 82.54562 -39.99999
v 5.424501 82.39021 -35.68069
v 6.000001 80.24942 -39.99999
v 5.871302 80.14612 -35.79379
v 5.543401 77.95322 -40
v 5.424501 77.90202 -35.90689
v 4.242601 76.00682 -40
v 4.151601 75.99982 -36.0028
v 2.296201 74.70602 -40
v 2.247 74.72852 -36.0669
v 0 74.24942 -40
v 0 74.28221 -36.0894
v 0 84.90631 -29.85629
v 2.244101 84.4659 -29.92849
v 4.146301 83.21131 -30.13419
v 5.417602 81.33421 -30.44189
v 5.863902 79.11961 -30.80499
v 5.417602 76.90511 -31.168
v 4.146301 75.02791 -31.4757
v 2.244101 73.77331 -31.6814
v 0 73.33301 -31.7536
v 0 82.3929 -24.46529
v 2.228601 81.9799 -24.62609
v 4.117801 80.8033 -25.08389
v 5.380301 79.0428 -25.76899
v 5.823401 76.96581 -26.57719
v 5.380301 74.8889 -27.3854
v 4.117801 73.1284 -28.0705
v 2.228601 71.95181 -28.5284
v 0 71.5388 -28.6891
v 0 77.67729 -19.09749
v 2.1129 77.33749 -19.34449
v 3.904001 76.36919 -20.04829
v 5.100901 74.92039 -21.1013
v 5.521101 73.2113 -22.3436
v 5.100902 71.5022 -23.5859
v 3.904001 70.0534 -24.6389
v 2.1129 69.0852 -25.3427
v 0 68.7453 -25.5897
v 0 71.41029 -15.1764
v 1.9799 71.17469 -15.4918
v 3.658201 70.50339 -16.3903
v 4.779801 69.49889 -17.7348
v 5.173501 68.31379 -19.3209
v 4.779801 67.12879 -20.9069
v 3.658201 66.1243 -22.2514
v 1.9799 65.4529 -23.14991
v 0 65.2173 -23.46531
v 0 63.59188 -12.70201
v 1.8662 63.48058 -13.05601
v 3.448201 63.16338 -14.06451
v 4.505401 62.68869 -15.57361
v 4.876501 62.12869 -17.35381
v 4.505401 61.56869 -19.13401
v 3.448201 61.09399 -20.64311
v 1.8662 60.77679 -21.65161
v 0 60.66549 -22.00561
v 0 56.09648 -12.44031
v 1.7608 56.09188 -12.79041
v 3.253401 56.07878 -13.78781
v 4.250901 56.05909 -15.28031
v 4.601101 56.03589 -17.04101
v 4.250901 56.01269 -18.80171
v 3.253401 55.99309 -20.29411
v 1.7608 55.97989 -21.29161
v 0 55.9753 -21.64171
v 0 48.34188 -13.87052
v 1.6801 48.41418 -14.19672
v 3.104201 48.62038 -15.12582
v 4.056001 48.92889 -16.51622
v 4.390101 49.29289 -18.15632
v 4.056001 49.65679 -19.79652
v 3.104201 49.96529 -21.18682
v 1.6801 50.17149 -22.11602
v 0 50.24389 -22.44212
v 0 40.62778 -17.00323
v 1.617 40.73138 -17.30763
v 2.987701 41.02649 -18.17483
v 3.903701 41.46809 -19.47243
v 4.225201 41.98909 -21.00323
v 3.903701 42.50999 -22.53393
v 2.987701 42.9516 -23.83153
v 1.617 43.2467 -24.69873
v 0 43.3503 -25.00313
v 0 31.33119 -23.46824
v 1.3607 31.45339 -23.70964
v 2.514201 31.8015 -24.39744
v 3.285101 32.3223 -25.42664
v 3.555601 32.9368 -26.64074
v 3.285101 33.5513 -27.85484
v 2.514201 34.0721 -28.88394
v 1.3607 34.4202 -29.57174
v 0 34.5424 -29.81314
v 0 22.5443 -30.02265
v 1.1803 22.628 -30.24185
v 2.180901 22.8666 -30.86655
v 2.849501 23.2236 -31.80115
v 3.084201 23.64471 -32.90385
v 2.849501 24.0658 -34.00645
v 2.180901 24.42281 -34.94115
v 1.1803 24.66141 -35.56585
v 0 24.74521 -35.78505
v 0 17.5939 -32.90945
v 1.054 17.6545 -33.11005
v 1.9474 17.82711 -33.68165
v 2.544501 18.0853 -34.53695
v 2.754101 18.39001 -35.54595
v 2.544501 18.69471 -36.55495
v 1.9474 18.95301 -37.41025
v 1.054 19.12561 -37.98185
v 0 19.18611 -38.18245
v 2.700001 49.51989 -23.11732
v 2.700001 54.20009 -20.90122
v 0 52.1675 -22.17352
v 0 49.64579 -23.33042
v 0 48.3772 -24.56702
v 2.700001 48.1718 -24.47102
v 2.700001 48.0776 -27.16942
v 2.700001 48.1718 -24.47102
v 0 48.3772 -24.56702
v 0 48.2911 -27.03422
v 0 49.8277 -28.91772
v 2.700001 48.0776 -27.16942
v 0 48.2911 -27.03422
v 2.700001 49.7067 -29.22752
v 2.700001 52.2017 -29.41472
v 2.700001 49.7067 -29.22752
v 0 49.8277 -28.91772
v 0 52.1782 -29.09122
v 2.700001 53.7706 -27.46832
v 2.700001 52.20171 -29.41472
v 0 52.1782 -29.09122
v 0 53.6543 -27.31302
v 2.700001 54.1682 -24.68042
v 2.700001 53.7706 -27.46832
v 0 53.6543 -27.31302
v 0 54.0261 -24.76432
v 2.700001 55.7846 -24.23661
v 2.700001 54.1682 -24.68042
v 0 54.0261 -24.76432
v 0 55.8867 -24.07281
v 2.700001 58.4062 -26.52951
v 2.700001 55.7846 -24.23661
v 0 55.8867 -24.07281
v 0 58.561 -26.41171
v 0 60.08891 -29.42521
v 2.700001 59.904 -29.48361
v 2.700001 59.74351 -34.08071
v 2.700001 59.904 -29.48361
v 0 60.08891 -29.42521
v 0 59.92511 -34.11481
v 2.700001 56.80212 -38.08052
v 2.700001 59.74351 -34.08071
v 0 59.92511 -34.11481
v 0 56.92461 -38.19501
v 0 52.57872 -39.88052
v 2.700001 52.54182 -39.73292
v 2.700001 56.80212 -38.08052
v 0 56.92461 -38.19501
v 2.700001 48.15152 -39.37943
v 0 48.10022 -39.52002
v 2.700001 43.72751 -37.12363
v 0 43.58731 -37.21893
v 0 41.06481 -33.45623
v 2.700001 41.25481 -33.43513
v 2.700001 43.72751 -37.12363
v 0 43.58731 -37.21893
v 0 40.4058 -28.94203
v 2.700001 40.6088 -29.00993
v 2.700001 40.8432 -25.16183
v 0 40.553 -26.52693
v 2.700001 50.02389 -21.45052
v 2.700001 54.20009 -20.90122
v 2.700001 49.51989 -23.11732
v 2.700001 45.6524 -24.98343
v 2.700001 48.1718 -24.47102
v 2.700001 44.3602 -24.73823
v 2.700001 43.01349 -24.01353
v 2.700001 42.8668 -27.38773
v 2.700001 40.8432 -25.16183
v 2.700001 42.73771 -31.08543
v 2.700001 40.6088 -29.00993
v 2.700001 44.41441 -34.64613
v 2.700001 41.25481 -33.43513
v 2.700001 47.83901 -36.86702
v 2.700001 43.72751 -37.12363
v 2.700001 51.41941 -37.49232
v 2.700001 48.15152 -39.37943
v 2.700001 55.36581 -36.22932
v 2.700001 52.54182 -39.73292
v 2.700001 56.80212 -38.08052
v 2.700001 59.74351 -34.08071
v 2.700001 57.49031 -32.70131
v 2.700001 59.904 -29.48361
v 2.700001 57.20221 -29.48931
v 2.700001 58.4062 -26.52951
v 2.700001 56.0657 -27.64852
v 2.700001 54.1682 -24.68042
v 2.700001 55.7846 -24.23661
v 2.700001 54.4654 -30.49442
v 2.700001 53.7706 -27.46832
v 2.700001 51.5149 -31.89222
v 2.700001 52.2017 -29.41472
v 2.700001 48.34821 -30.88112
v 2.700001 49.7067 -29.22752
v 2.700001 45.7511 -27.88862
v 2.700001 48.0776 -27.16942
v 1.7 45.7511 -27.88862
v 1.7 42.8668 -27.38773
v 1.7 44.3602 -24.73823
v 1.7 45.6524 -24.98343
v 1.7 48.34821 -30.88112
v 1.7 42.73771 -31.08543
v 1.7 51.5149 -31.89222
v 1.7 44.41441 -34.64613
v 1.7 51.41941 -37.49232
v 1.7 47.83901 -36.86702
v 1.7 57.49031 -32.70131
v 1.7 55.36581 -36.22932
v 1.7 57.20221 -29.48931
v 1.7 54.4654 -30.49442
v 1.7 56.0657 -27.64852
v 3.000001 20.51889 -22.85685
v 3.000001 21.83789 -23.93405
v 3.000001 20.37829 -26.25985
v 3.000001 19.84689 -24.46885
v 3.000001 18.77549 -20.38695
v 3.000001 20.58569 -20.95545
v 3.000001 16.64088 -18.42385
v 3.000001 18.23888 -18.29595
v 3.000001 13.11878 -17.18516
v 3.000001 14.89928 -16.05395
v 3.000001 9.62098 -17.34626
v 3.000001 10.88938 -15.52386
v 3.000001 6.445986 -18.80186
v 3.000001 7.109184 -16.68996
v 3.000001 4.193388 -21.54156
v 3.000001 3.755084 -19.34896
v 3.000001 3.163394 -25.56017
v 3.000001 1.723488 -23.28497
v 3.000001 3.524498 -29.05447
v 3.000001 1.295095 -27.39307
v 3.000001 5.895704 -33.11366
v 3.000001 2.573497 -31.87147
v 3.000001 10.64211 -35.73126
v 3.000001 5.535904 -35.42027
v 3.000001 8.972012 -37.46066
v 3.000001 13.54861 -36.08056
v 2.900001 13.07141 -37.38906
v 3.000001 10.6019 -33.43156
v 3.000001 13.54861 -36.08056
v 3.000001 7.383198 -32.38756
v 3.000001 7.509894 -28.18476
v 3.000001 8.367397 -31.47026
v 3.000001 6.425797 -29.10376
v 3.000001 8.053889 -24.97476
v 3.000001 6.568096 -25.80076
v 3.000001 9.615288 -22.74716
v 3.000001 7.817291 -22.87856
v 3.000001 12.49039 -21.29676
v 3.000001 10.37679 -20.53356
v 3.000001 15.89339 -21.43735
v 3.000001 14.46919 -20.06206
v 3.000001 18.62269 -23.09005
v 3.000001 18.18959 -21.19725
v 2.900001 13.72761 -34.87726
v 2.800001 15.54979 -18.94295
v 2.900001 18.28259 -20.79555
v 2.800001 14.95509 -19.25345
v 2.700001 12.63458 -18.09376
v 2.700001 12.35379 -19.19886
v 2.600001 9.04729 -18.85646
v 2.600001 9.566387 -19.94756
v 2.600001 7.101691 -21.99096
v 2.600001 6.282689 -20.90506
v 2.700001 5.66299 -25.51656
v 2.700001 4.650995 -24.83416
v 2.800001 5.527596 -29.21947
v 2.800001 4.619094 -28.73527
v 2.900001 6.486806 -32.60326
v 3.000001 20.87819 -26.25115
v 3.000001 21.85529 -24.93385
v 1.7 48.34821 -30.88112
v 1.7 45.7511 -27.88862
v 2.700001 45.7511 -27.88862
v 2.700001 48.34821 -30.88112
v 1.7 45.6524 -24.98343
v 1.7 44.3602 -24.73823
v 2.700001 44.3602 -24.73823
v 2.700001 45.6524 -24.98343
v 1.7 47.83901 -36.86702
v 1.7 51.41941 -37.49232
v 2.700001 51.41941 -37.49232
v 2.700001 47.83901 -36.86702
v 1.7 51.41941 -37.49232
v 1.7 55.36581 -36.22932
v 2.700001 55.36581 -36.22932
v 2.700001 51.41941 -37.49232
v 1.7 54.4654 -30.49442
v 1.7 51.5149 -31.89222
v 2.700001 51.5149 -31.89222
v 2.700001 54.4654 -30.49442
v 1.7 57.49031 -32.70131
v 1.7 57.20221 -29.48931
v 2.700001 57.20221 -29.48931
v 2.700001 57.49031 -32.70131
v 1.7 57.20221 -29.48931
v 1.7 56.0657 -27.64852
v 2.700001 56.0657 -27.64852
v 2.700001 57.20221 -29.48931
v 1.7 56.0657 -27.64852
v 1.7 54.4654 -30.49442
v 2.700001 54.4654 -30.49442
v 2.700001 56.0657 -27.64852
v 1.7 45.7511 -27.88862
v 1.7 45.6524 -24.98343
v 2.700001 45.6524 -24.98343
v 2.700001 45.7511 -27.88862
v 1.7 44.3602 -24.73823
v 1.7 42.8668 -27.38773
v 2.700001 42.8668 -27.38773
v 2.700001 44.3602 -24.73823
v 1.7 42.8668 -27.38773
v 1.7 42.73771 -31.08543
v 2.700001 42.73771 -31.08543
v 2.700001 42.8668 -27.38773
v 1.7 42.73771 -31.08543
v 1.7 44.41441 -34.64613
v 2.700001 44.41441 -34.64613
v 2.700001 42.73771 -31.08543
v 1.7 44.41441 -34.64613
v 2.700001 44.41441 -34.64613
v 1.7 55.36581 -36.22932
v 1.7 57.49031 -32.70131
v 2.700001 57.49031 -32.70131
v 2.700001 55.36581 -36.22932
v 1.7 51.5149 -31.89222
v 1.7 48.34821 -30.88112
v 2.700001 48.34821 -30.88112
v 2.700001 51.5149 -31.89222
v 2.700001 12.95801 -38.57826
v 2.700001 8.728314 -38.11686
v 2.700001 8.728307 -38.11686
v 2.700001 12.95801 -38.57826
v 1.7 12.87091 -39.07066
v 1.7 8.554311 -38.58556
v 0 12.85341 -39.16906
v 0 8.519513 -38.67936
v 2.700001 5.082009 -35.95317
v 2.700001 5.082009 -35.95317
v 1.7 4.757707 -36.33377
v 0 4.692903 -36.40997
v 2.700001 1.954799 -32.19887
v 2.700001 1.954799 -32.19887
v 1.7 1.512897 -32.43287
v 0 1.424503 -32.47957
v 2.700001 0.5977909 -27.45397
v 2.700001 0.5977909 -27.45397
v 1.7 0.09969826 -27.49747
v 0 -2.664432E-06 -27.50617
v 2.700001 1.052787 -23.08467
v 2.700001 1.052787 -23.08467
v 1.7 0.5736915 -22.94157
v 0 0.4778892 -22.91297
v 2.700001 3.214586 -18.90417
v 2.700001 3.214586 -18.90417
v 1.7 2.828485 -18.58647
v 0 2.751184 -18.52297
v 2.700001 6.78298 -16.07066
v 2.700001 6.78298 -16.07066
v 1.7 6.549978 -15.62826
v 0 6.503378 -15.53976
v 2.700001 10.83078 -14.82626
v 2.700001 10.83078 -14.82626
v 1.7 10.78888 -14.32806
v 0 10.78048 -14.22836
v 2.700001 15.14678 -15.39915
v 2.700001 15.14678 -15.39915
v 1.7 15.32348 -14.93135
v 0 15.35888 -14.83785
v 2.700001 18.70019 -17.76945
v 2.700001 18.70019 -17.76945
v 1.7 19.02978 -17.39345
v 0 19.09568 -17.31815
v 2.700001 21.17859 -20.58325
v 2.700001 21.17859 -20.58325
v 1.7 21.60209 -20.31745
v 0 21.68679 -20.26435
v 2.700001 22.52279 -23.78965
v 2.700001 22.52279 -23.78965
v 1.7 23.01209 -23.68655
v 0 23.10989 -23.66595
v 2.700001 22.52189 -25.14765
v 2.700001 22.52189 -25.14765
v 1.7 22.998 -25.30035
v 0 23.09319 -25.33095
v 2.700001 21.1983 -26.87365
v 2.700001 22.5219 -25.14765
v 2.700001 21.1983 -26.87365
v 2.700001 22.52189 -25.14765
v 1.7 22.998 -25.30035
v 1.7 21.427 -27.31825
v 0 23.09319 -25.33095
v 0 21.4727 -27.40715
v 3.000001 20.3783 -26.25985
v 2.700001 20.096 -26.82425
v 1.7 21.427 -27.31825
v 1.7 19.8582 -27.23975
v 2.700001 20.09599 -26.82425
v 2.700001 21.1983 -26.87365
v 0 21.4727 -27.40715
v 0 19.7973 -27.32285
v 3.000001 19.84689 -24.46885
v 3.000001 20.3783 -26.25985
v 2.700001 19.35189 -24.76825
v 2.700001 20.096 -26.82425
v 2.700001 19.35189 -24.76825
v 2.700001 20.096 -26.82425
v 1.7 18.9609 -24.99785
v 1.7 19.8582 -27.23975
v 0 19.7973 -27.32285
v 0 18.87089 -25.04785
v 3.000001 18.62269 -23.09005
v 2.700001 18.27019 -23.56345
v 2.700001 18.27019 -23.56345
v 1.7 17.98889 -23.92655
v 0 17.92299 -24.00565
v 3.000001 15.89339 -21.43735
v 2.700001 15.73689 -22.01265
v 2.700001 15.73689 -22.01265
v 1.7 15.61139 -22.45765
v 0 15.58159 -22.55625
v 3.000001 12.49039 -21.29676
v 2.700001 12.62269 -21.88346
v 2.700001 12.62269 -21.88346
v 2.700001 15.73689 -22.01265
v 1.7 15.61139 -22.45765
v 1.7 12.72349 -22.33746
v 0 15.58159 -22.55625
v 0 12.74529 -22.43816
v 3.000001 9.615288 -22.74716
v 2.700001 10.00609 -23.20506
v 2.700001 10.00609 -23.20506
v 2.700001 12.62269 -21.88346
v 1.7 12.72349 -22.33746
v 1.7 10.30899 -23.55826
v 0 12.74529 -22.43816
v 0 10.37639 -23.63626
v 3.000001 8.053889 -24.97476
v 2.700001 8.606593 -25.20866
v 2.700001 8.606593 -25.20866
v 1.7 9.034991 -25.38806
v 0 10.37639 -23.63626
v 0 9.130291 -25.42726
v 3.000001 7.509894 -28.18476
v 2.700001 8.104499 -28.18076
v 2.700001 8.104499 -28.18076
v 1.7 8.565993 -28.17166
v 0 8.668899 -28.16726
v 3.000001 8.367397 -31.47026
v 2.700001 8.8735 -31.18856
v 2.700001 8.8735 -31.18856
v 1.7 9.266398 -30.96156
v 0 9.354098 -30.90746
v 2.700001 10.8923 -32.94016
v 2.700001 10.8923 -32.94016
v 2.700001 8.8735 -31.18856
v 1.7 9.266398 -30.96156
v 1.7 11.1174 -32.55096
v 0 9.354098 -30.90746
v 0 11.1674 -32.46096
v 2.700001 13.9322 -33.84566
v 2.700001 13.9322 -33.84566
v 1.7 14.08691 -33.42286
v 0 14.11681 -33.32426
v 1.054 17.6545 -33.11005
v 1.4511 68.48438 -12.7647
v 1.9432 68.68768 -14.7045
v 0 67.50108 -13.9392
v 0 67.71008 -12.4515
v 2.0286 70.37029 -13.3232
v 2.974301 72.34439 -17.0231
v 1.9432 68.68768 -14.7045
v 1.4511 68.48438 -12.7647
v 1.3925 72.26308 -13.7999
v 2.0733 75.50099 -18.19639
v 2.974301 72.34439 -17.0231
v 2.0286 70.37029 -13.3232
v 1.3925 72.26308 -13.7999
v 0 77.19249 -18.79409
v 2.0733 75.50099 -18.19639
v 0 73.05418 -13.9156
v 0.8891003 69.90878 -9.298598
v 0 70.30038 -9.172897
v 0.8891002 69.90878 -9.2986
v 1.2447 68.96598 -9.4519
v 1.2447 68.96598 -9.4519
v 0.8678002 68.02428 -9.542901
v 0.8678002 68.02428 -9.542901
v 0 67.63528 -9.518302
v 0.8891002 69.90878 -9.2986
v 0 68.90658 -8.749201
v 0 70.30038 -9.172899
v 1.2447 68.96598 -9.4519
v 0.8678002 68.02428 -9.542901
v 0 68.90658 -8.749201
v 0 67.63528 -9.518302
v 1.1937 71.98851 -30.7031
v 0 72.22951 -29.8688
v 1.7334 73.41051 -30.9206
v 0 71.7085 -30.0305
v 1.6718 72.51781 -32.3499
v 1.7334 73.41051 -30.9206
v 2.4546 74.93121 -34.0056
v 1.1937 71.98851 -30.7031
v 1.1452 72.98621 -34.0062
v 1.6718 72.51781 -32.3499
v 2.454601 74.93121 -34.0056
v 1.3968 74.40411 -35.3651
v 1.1452 72.98621 -34.0062
v 1.3968 74.40411 -35.3651
v 0 74.28221 -36.0894
v 0 73.11942 -34.7018
v 0.7285002 69.47691 -32.0598
v 0 69.40591 -32.4116
v 0.7285002 69.47691 -32.0598
v 1.0229 69.53601 -31.2188
v 1.0229 69.53601 -31.2188
v 0.7109002 69.54861 -30.3813
v 0.7109002 69.54861 -30.3813
v 0 69.50721 -30.0379
v 0.7285002 69.47691 -32.0598
v 0 69.40591 -32.4116
v 0 69.00821 -31.2414
v 1.0229 69.53601 -31.2188
v 0.7109002 69.54861 -30.3813
v 0 69.00821 -31.2414
v 0 69.50721 -30.0379
v 2.296201 85.79282 -39.99999
v 0 86.24942 -39.99998
v 0 84.24942 -39.99999
v 1.5308 83.94502 -39.99999
v 2.828401 83.07782 -39.99999
v 4.242601 84.49202 -39.99999
v 5.543401 82.54562 -39.99999
v 3.695601 81.78022 -39.99999
v 6.000001 80.24942 -39.99999
v 4.000001 80.24942 -39.99999
v 3.695601 78.71862 -39.99999
v 5.543401 77.95322 -40
v 2.828401 77.42102 -40
v 4.242601 76.00682 -40
v 2.296201 74.70602 -40
v 1.5308 76.55382 -40
v 0 76.24942 -40
v 0 74.24942 -40
v -2.296201 85.79282 -39.99999
v -2.247 85.56381 -35.52079
v -4.242601 84.49202 -39.99999
v -4.151601 84.29252 -35.58489
v -5.543401 82.54562 -39.99999
v -5.424501 82.39021 -35.68069
v -6.000001 80.24942 -39.99999
v -5.871302 80.14612 -35.79379
v -5.543401 77.95322 -40
v -5.424501 77.90202 -35.90689
v -4.242601 76.00682 -40
v -4.151601 75.99982 -36.0028
v -2.296201 74.70602 -40
v -2.247 74.72852 -36.0669
v -2.244101 84.4659 -29.92849
v -4.146301 83.21131 -30.13419
v -5.417602 81.33421 -30.44189
v -5.863902 79.11961 -30.80499
v -5.417602 76.90511 -31.168
v -4.146301 75.02791 -31.4757
v -2.244101 73.77331 -31.6814
v -2.228601 81.9799 -24.62609
v -4.117801 80.8033 -25.08389
v -5.380301 79.0428 -25.76899
v -5.823401 76.96581 -26.57719
v -5.380301 74.8889 -27.3854
v -4.117801 73.1284 -28.0705
v -2.228601 71.95181 -28.5284
v -2.1129 77.33749 -19.34449
v -3.904001 76.36919 -20.04829
v -5.100901 74.92039 -21.1013
v -5.521101 73.2113 -22.3436
v -5.100902 71.5022 -23.5859
v -3.904001 70.0534 -24.6389
v -2.1129 69.0852 -25.3427
v -1.9799 71.17469 -15.4918
v -3.658201 70.50339 -16.3903
v -4.779801 69.49889 -17.7348
v -5.173501 68.31379 -19.3209
v -4.779801 67.12879 -20.9069
v -3.658201 66.1243 -22.2514
v -1.9799 65.4529 -23.14991
v -1.8662 63.48058 -13.05601
v -3.448201 63.16338 -14.06451
v -4.505401 62.68869 -15.57361
v -4.876501 62.12869 -17.35381
v -4.505401 61.56869 -19.13401
v -3.448201 61.09399 -20.64311
v -1.8662 60.77679 -21.65161
v -1.7608 56.09188 -12.79041
v -3.253401 56.07878 -13.78781
v -4.250901 56.05909 -15.28031
v -4.601101 56.03589 -17.04101
v -4.250901 56.01269 -18.80171
v -3.253401 55.99309 -20.29411
v -1.7608 55.97989 -21.29161
v -1.6801 48.41418 -14.19672
v -3.104201 48.62038 -15.12582
v -4.056001 48.92889 -16.51622
v -4.390101 49.29289 -18.15632
v -4.056001 49.65679 -19.79652
v -3.104201 49.96529 -21.18682
v -1.6801 50.17149 -22.11602
v -1.617 40.73138 -17.30763
v -2.987701 41.02649 -18.17483
v -3.903701 41.46809 -19.47243
v -4.225201 41.98909 -21.00323
v -3.903701 42.50999 -22.53393
v -2.987701 42.9516 -23.83153
v -1.617 43.2467 -24.69873
v -1.3607 31.45339 -23.70964
v -2.514201 31.8015 -24.39744
v -3.285101 32.3223 -25.42664
v -3.555601 32.9368 -26.64074
v -3.285101 33.5513 -27.85484
v -2.514201 34.0721 -28.88394
v -1.3607 34.4202 -29.57174
v -1.1803 22.628 -30.24185
v -2.180901 22.8666 -30.86655
v -2.849501 23.2236 -31.80115
v -3.084201 23.64471 -32.90385
v -2.849501 24.0658 -34.00645
v -2.180901 24.42281 -34.94115
v -1.1803 24.66141 -35.56585
v -1.054 17.6545 -33.11005
v -1.9474 17.82711 -33.68165
v -2.544501 18.0853 -34.53695
v -2.754101 18.39001 -35.54595
v -2.544501 18.69471 -36.55495
v -1.9474 18.95301 -37.41025
v -1.054 19.12561 -37.98185
v -2.700001 49.51989 -23.11732
v -2.700001 54.20009 -20.90122
v -2.700001 48.1718 -24.47102
v -2.700001 48.0776 -27.16942
v -2.700001 48.1718 -24.47102
v -2.700001 48.0776 -27.16942
v -2.700001 49.7067 -29.22752
v -2.700001 52.2017 -29.41472
v -2.700001 49.7067 -29.22752
v -2.700001 53.7706 -27.46832
v -2.700001 52.20171 -29.41472
v -2.700001 54.1682 -24.68042
v -2.700001 53.7706 -27.46832
v -2.700001 55.7846 -24.23661
v -2.700001 54.1682 -24.68042
v -2.700001 58.4062 -26.52951
v -2.700001 55.7846 -24.23661
v -2.700001 59.904 -29.48361
v -2.700001 59.74351 -34.08071
v -2.700001 59.904 -29.48361
v -2.700001 56.80212 -38.08052
v -2.700001 59.74351 -34.08071
v -2.700001 52.54182 -39.73292
v -2.700001 56.80212 -38.08052
v -2.700001 48.15152 -39.37943
v -2.700001 43.72751 -37.12363
v -2.700001 41.25481 -33.43513
v -2.700001 43.72751 -37.12363
v -2.700001 40.6088 -29.00993
v -2.700001 40.8432 -25.16183
v -2.700001 50.02389 -21.45052
v -2.700001 54.20009 -20.90122
v -2.700001 49.51989 -23.11732
v -2.700001 45.6524 -24.98343
v -2.700001 48.1718 -24.47102
v -2.700001 44.3602 -24.73823
v -2.700001 43.01349 -24.01353
v -2.700001 42.8668 -27.38773
v -2.700001 40.8432 -25.16183
v -2.700001 42.73771 -31.08543
v -2.700001 40.6088 -29.00993
v -2.700001 44.41441 -34.64613
v -2.700001 41.25481 -33.43513
v -2.700001 47.83901 -36.86702
v -2.700001 43.72751 -37.12363
v -2.700001 51.41941 -37.49232
v -2.700001 48.15152 -39.37943
v -2.700001 55.36581 -36.22932
v -2.700001 52.54182 -39.73292
v -2.700001 56.80212 -38.08052
v -2.700001 59.74351 -34.08071
v -2.700001 57.49031 -32.70131
v -2.700001 59.904 -29.48361
v -2.700001 57.20221 -29.48931
v -2.700001 58.4062 -26.52951
v -2.700001 56.0657 -27.64852
v -2.700001 54.1682 -24.68042
v -2.700001 55.7846 -24.23661
v -2.700001 54.4654 -30.49442
v -2.700001 53.7706 -27.46832
v -2.700001 51.5149 -31.89222
v -2.700001 52.2017 -29.41472
v -2.700001 48.34821 -30.88112
v -2.700001 49.7067 -29.22752
v -2.700001 45.7511 -27.88862
v -2.700001 48.0776 -27.16942
v -1.7 45.7511 -27.88862
v -1.7 42.8668 -27.38773
v -1.7 44.3602 -24.73823
v -1.7 45.6524 -24.98343
v -1.7 48.34821 -30.88112
v -1.7 42.73771 -31.08543
v -1.7 51.5149 -31.89222
v -1.7 44.41441 -34.64613
v -1.7 51.41941 -37.49232
v -1.7 47.83901 -36.86702
v -1.7 57.49031 -32.70131
v -1.7 55.36581 -36.22932
v -1.7 57.20221 -29.48931
v -1.7 54.4654 -30.49442
v -1.7 56.0657 -27.64852
v -3.000001 20.51889 -22.85685
v -3.000001 21.83789 -23.93405
v -3.000001 20.37829 -26.25985
v -3.000001 19.84689 -24.46885
v -3.000001 18.77549 -20.38695
v -3.000001 20.58569 -20.95545
v -3.000001 16.64088 -18.42385
v -3.000001 18.23888 -18.29595
v -3.000001 13.11878 -17.18516
v -3.000001 14.89928 -16.05395
v -3.000001 9.62098 -17.34626
v -3.000001 10.88938 -15.52386
v -3.000001 6.445986 -18.80186
v -3.000001 7.109184 -16.68996
v -3.000001 4.193388 -21.54156
v -3.000001 3.755084 -19.34896
v -3.000001 3.163394 -25.56017
v -3.000001 1.723488 -23.28497
v -3.000001 3.524498 -29.05447
v -3.000001 1.295095 -27.39307
v -3.000001 5.895704 -33.11366
v -3.000001 2.573497 -31.87147
v -3.000001 10.64211 -35.73126
v -3.000001 5.535904 -35.42027
v -3.000001 8.972012 -37.46066
v -3.000001 13.54861 -36.08056
v -2.900001 13.07141 -37.38906
v -3.000001 10.6019 -33.43156
v -3.000001 13.54861 -36.08056
v -3.000001 7.383198 -32.38756
v -3.000001 7.509894 -28.18476
v -3.000001 8.367397 -31.47026
v -3.000001 6.425797 -29.10376
v -3.000001 8.053889 -24.97476
v -3.000001 6.568096 -25.80076
v -3.000001 9.615288 -22.74716
v -3.000001 7.817291 -22.87856
v -3.000001 12.49039 -21.29676
v -3.000001 10.37679 -20.53356
v -3.000001 15.89339 -21.43735
v -3.000001 14.46919 -20.06206
v -3.000001 18.62269 -23.09005
v -3.000001 18.18959 -21.19725
v -2.900001 13.72761 -34.87726
v -2.800001 15.54979 -18.94295
v -2.900001 18.28259 -20.79555
v -2.800001 14.95509 -19.25345
v -2.700001 12.63458 -18.09376
v -2.700001 12.35379 -19.19886
v -2.600001 9.04729 -18.85646
v -2.600001 9.566387 -19.94756
v -2.600001 7.101691 -21.99096
v -2.600001 6.282689 -20.90506
v -2.700001 5.66299 -25.51656
v -2.700001 4.650995 -24.83416
v -2.800001 5.527596 -29.21947
v -2.800001 4.619094 -28.73527
v -2.900001 6.486806 -32.60326
v -3.000001 20.87819 -26.25115
v -3.000001 21.85529 -24.93385
v -1.7 48.34821 -30.88112
v -1.7 45.7511 -27.88862
v -2.700001 45.7511 -27.88862
v -2.700001 48.34821 -30.88112
v -1.7 45.6524 -24.98343
v -1.7 44.3602 -24.73823
v -2.700001 44.3602 -24.73823
v -2.700001 45.6524 -24.98343
v -1.7 47.83901 -36.86702
v -1.7 51.41941 -37.49232
v -2.700001 51.41941 -37.49232
v -2.700001 47.83901 -36.86702
v -1.7 51.41941 -37.49232
v -1.7 55.36581 -36.22932
v -2.700001 55.36581 -36.22932
v -2.700001 51.41941 -37.49232
v -1.7 54.4654 -30.49442
v -1.7 51.5149 -31.89222
v -2.700001 51.5149 -31.89222
v -2.700001 54.4654 -30.49442
v -1.7 57.49031 -32.70131
v -1.7 57.20221 -29.48931
v -2.700001 57.20221 -29.48931
v -2.700001 57.49031 -32.70131
v -1.7 57.20221 -29.48931
v -1.7 56.0657 -27.64852
v -2.700001 56.0657 -27.64852
v -2.700001 57.20221 -29.48931
v -1.7 56.0657 -27.64852
v -1.7 54.4654 -30.49442
v -2.700001 54.4654 -30.49442
v -2.700001 56.0657 -27.64852
v -1.7 45.7511 -27.88862
v -1.7 45.6524 -24.98343
v -2.700001 45.6524 -24.98343
v -2.700001 45.7511 -27.88862
v -1.7 44.3602 -24.73823
v -1.7 42.8668 -27.38773
v -2.700001 42.8668 -27.38773
v -2.700001 44.3602 -24.73823
v -1.7 42.8668 -27.38773
v -1.7 42.73771 -31.08543
v -2.700001 42.73771 -31.08543
v -2.700001 42.8668 -27.38773
v -1.7 42.73771 -31.08543
v -1.7 44.41441 -34.64613
v -2.700001 44.41441 -34.64613
v -2.700001 42.73771 -31.08543
v -1.7 44.41441 -34.64613
v -2.700001 44.41441 -34.64613
v -1.7 55.36581 -36.22932
v -1.7 57.49031 -32.70131
v -2.700001 57.49031 -32.70131
v -2.700001 55.36581 -36.22932
v -1.7 51.5149 -31.89222
v -1.7 48.34821 -30.88112
v -2.700001 48.34821 -30.88112
v -2.700001 51.5149 -31.89222
v -2.700001 12.95801 -38.57826
v -2.700001 8.728314 -38.11686
v -2.700001 8.728307 -38.11686
v -2.700001 12.95801 -38.57826
v -1.7 12.87091 -39.07066
v -1.7 8.554311 -38.58556
v -2.700001 5.082009 -35.95317
v -2.700001 5.082009 -35.95317
v -1.7 4.757707 -36.33377
v -2.700001 1.954799 -32.19887
v -2.700001 1.954799 -32.19887
v -1.7 1.512897 -32.43287
v -2.700001 0.5977909 -27.45397
v -2.700001 0.5977909 -27.45397
v -1.7 0.09969826 -27.49747
v -2.700001 1.052787 -23.08467
v -2.700001 1.052787 -23.08467
v -1.7 0.5736915 -22.94157
v -2.700001 3.214586 -18.90417
v -2.700001 3.214586 -18.90417
v -1.7 2.828485 -18.58647
v -2.700001 6.78298 -16.07066
v -2.700001 6.78298 -16.07066
v -1.7 6.549978 -15.62826
v -2.700001 10.83078 -14.82626
v -2.700001 10.83078 -14.82626
v -1.7 10.78888 -14.32806
v -2.700001 15.14678 -15.39915
v -2.700001 15.14678 -15.39915
v -1.7 15.32348 -14.93135
v -2.700001 18.70019 -17.76945
v -2.700001 18.70019 -17.76945
v -1.7 19.02978 -17.39345
v -2.700001 21.17859 -20.58325
v -2.700001 21.17859 -20.58325
v -1.7 21.60209 -20.31745
v -2.700001 22.52279 -23.78965
v -2.700001 22.52279 -23.78965
v -1.7 23.01209 -23.68655
v -2.700001 22.52189 -25.14765
v -2.700001 22.52189 -25.14765
v -1.7 22.998 -25.30035
v -2.700001 21.1983 -26.87365
v -2.700001 22.5219 -25.14765
v -2.700001 21.1983 -26.87365
v -2.700001 22.52189 -25.14765
v -1.7 22.998 -25.30035
v -1.7 21.427 -27.31825
v -3.000001 20.3783 -26.25985
v -2.700001 20.096 -26.82425
v -1.7 21.427 -27.31825
v -1.7 19.8582 -27.23975
v -2.700001 20.09599 -26.82425
v -2.700001 21.1983 -26.87365
v -3.000001 19.84689 -24.46885
v -3.000001 20.3783 -26.25985
v -2.700001 19.35189 -24.76825
v -2.700001 20.096 -26.82425
v -2.700001 19.35189 -24.76825
v -2.700001 20.096 -26.82425
v -1.7 18.9609 -24.99785
v -1.7 19.8582 -27.23975
v -3.000001 18.62269 -23.09005
v -2.700001 18.27019 -23.56345
v -2.700001 18.27019 -23.56345
v -1.7 17.98889 -23.92655
v -3.000001 15.89339 -21.43735
v -2.700001 15.73689 -22.01265
v -2.700001 15.73689 -22.01265
v -1.7 15.61139 -22.45765
v -3.000001 12.49039 -21.29676
v -2.700001 12.62269 -21.88346
v -2.700001 12.62269 -21.88346
v -2.700001 15.73689 -22.01265
v -1.7 15.61139 -22.45765
v -1.7 12.72349 -22.33746
v -3.000001 9.615288 -22.74716
v -2.700001 10.00609 -23.20506
v -2.700001 10.00609 -23.20506
v -2.700001 12.62269 -21.88346
v -1.7 12.72349 -22.33746
v -1.7 10.30899 -23.55826
v -3.000001 8.053889 -24.97476
v -2.700001 8.606593 -25.20866
v -2.700001 8.606593 -25.20866
v -1.7 9.034991 -25.38806
v -3.000001 7.509894 -28.18476
v -2.700001 8.104499 -28.18076
v -2.700001 8.104499 -28.18076
v -1.7 8.565993 -28.17166
v -3.000001 8.367397 -31.47026
v -2.700001 8.8735 -31.18856
v -2.700001 8.8735 -31.18856
v -1.7 9.266398 -30.96156
v -2.700001 10.8923 -32.94016
v -2.700001 10.8923 -32.94016
v -2.700001 8.8735 -31.18856
v -1.7 9.266398 -30.96156
v -1.7 11.1174 -32.55096
v -2.700001 13.9322 -33.84566
v -2.700001 13.9322 -33.84566
v -1.7 14.08691 -33.42286
v -1.054 17.6545 -33.11005
v -1.4511 68.48438 -12.7647
v -1.9432 68.68768 -14.7045
v 0 67.50108 -13.9392
v 0 67.71008 -12.4515
v -2.0286 70.37029 -13.3232
v -2.974301 72.34439 -17.0231
v -1.9432 68.68768 -14.7045
v -1.4511 68.48438 -12.7647
v -1.3925 72.26308 -13.7999
v -2.0733 75.50099 -18.19639
v -2.974301 72.34439 -17.0231
v -2.0286 70.37029 -13.3232
v -1.3925 72.26308 -13.7999
v 0 77.19249 -18.79409
v -2.0733 75.50099 -18.19639
v 0 73.05418 -13.9156
v -0.8891003 69.90878 -9.298598
v 0 70.30038 -9.172897
v -0.8891002 69.90878 -9.2986
v -1.2447 68.96598 -9.4519
v -1.2447 68.96598 -9.4519
v -0.8678002 68.02428 -9.542901
v -0.8678002 68.02428 -9.542901
v 0 67.63528 -9.518302
v -0.8891002 69.90878 -9.2986
v 0 68.90658 -8.749201
v 0 70.30038 -9.172899
v -1.2447 68.96598 -9.4519
v -0.8678002 68.02428 -9.542901
v 0 68.90658 -8.749201
v 0 67.63528 -9.518302
v -1.1937 71.98851 -30.7031
v 0 72.22951 -29.8688
v -1.7334 73.41051 -30.9206
v 0 71.7085 -30.0305
v -1.6718 72.51781 -32.3499
v -1.7334 73.41051 -30.9206
v -2.4546 74.93121 -34.0056
v -1.1937 71.98851 -30.7031
v -1.1452 72.98621 -34.0062
v -1.6718 72.51781 -32.3499
v -2.454601 74.93121 -34.0056
v -1.3968 74.40411 -35.3651
v -1.1452 72.98621 -34.0062
v -1.3968 74.40411 -35.3651
v 0 74.28221 -36.0894
v 0 73.11942 -34.7018
v -0.7285002 69.47691 -32.0598
v 0 69.40591 -32.4116
v -0.7285002 69.47691 -32.0598
v -1.0229 69.53601 -31.2188
v -1.0229 69.53601 -31.2188
v -0.7109002 69.54861 -30.3813
v -0.7109002 69.54861 -30.3813
v 0 69.50721 -30.0379
v -0.7285002 69.47691 -32.0598
v 0 69.40591 -32.4116
v 0 69.00821 -31.2414
v -1.0229 69.53601 -31.2188
v -0.7109002 69.54861 -30.3813
v 0 69.00821 -31.2414
v 0 69.50721 -30.0379
v -2.296201 85.79282 -39.99999
v -1.5308 83.94502 -39.99999
v -2.828401 83.07782 -39.99999
v -4.242601 84.49202 -39.99999
v -5.543401 82.54562 -39.99999
v -3.695601 81.78022 -39.99999
v -6.000001 80.24942 -39.99999
v -4.000001 80.24942 -39.99999
v -3.695601 78.71862 -39.99999
v -5.543401 77.95322 -40
v -2.828401 77.42102 -40
v -4.242601 76.00682 -40
v -2.296201 74.70602 -40
v -1.5308 76.55382 -40
vn 0.9940387 0.1090302 1.070123E-07
vn 0.9997591 -0.02196149 -2.155504E-08
vn 0.9997591 0.02196149 2.155504E-08
vn 0.9883543 0.1521723 1.49356E-07
vn 0.9714057 0.2374263 2.330321E-07
vn 0.9601344 0.2795392 2.743656E-07
vn 0.9320768 0.3622615 3.555569E-07
vn 0.9152588 0.402867 3.954109E-07
vn 0.8767223 0.4809973 4.720952E-07
vn 0.8550504 0.518545 5.08948E-07
vn 0.8065999 0.5910981 5.801583E-07
vn 0.7797716 0.6260644 6.144774E-07
vn 0.7222593 0.6916226 6.788223E-07
vn 0.6916227 0.7222592 7.088919E-07
vn 0.6260645 0.7797716 7.653398E-07
vn 0.5910982 0.8065998 7.916715E-07
vn 0.5185451 0.8550504 8.392254E-07
vn 0.4809974 0.8767222 8.604961E-07
vn 0.402867 0.9152586 8.983193E-07
vn 0.3622616 0.9320766 9.14826E-07
vn 0.2795393 0.9601344 9.423645E-07
vn 0.2374264 0.9714056 9.534272E-07
vn 0.1521723 0.9883541 9.70062E-07
vn 0.1090302 0.9940386 9.756412E-07
vn 0.02196149 0.999759 9.812558E-07
vn -0.02196149 0.999759 9.812558E-07
vn -0.1090302 0.9940386 9.756412E-07
vn -0.1521723 0.9883541 9.70062E-07
vn -0.2374264 0.9714056 9.534272E-07
vn -0.2795393 0.9601343 9.423645E-07
vn -0.3622616 0.9320766 9.14826E-07
vn -0.402867 0.9152586 8.983193E-07
vn -0.4809974 0.8767222 8.604961E-07
vn -0.5185451 0.8550504 8.392254E-07
vn -0.5910982 0.8065999 7.916715E-07
vn -0.6260645 0.7797716 7.653398E-07
vn -0.6916227 0.7222592 7.088919E-07
vn -0.7222593 0.6916226 6.788223E-07
vn -0.7797716 0.6260644 6.144774E-07
vn -0.8065999 0.5910981 5.801583E-07
vn -0.8550504 0.518545 5.08948E-07
vn -0.8767223 0.4809973 4.720952E-07
vn -0.9152587 0.402867 3.954109E-07
vn -0.9320768 0.3622615 3.555569E-07
vn -0.9601345 0.2795392 2.743656E-07
vn -0.9714057 0.2374263 2.330321E-07
vn -0.9883543 0.1521723 1.49356E-07
vn -0.9940387 0.1090302 1.070123E-07
vn -0.9997591 0.02196149 2.155504E-08
vn -0.9997591 -0.02196149 -2.155504E-08
vn -0.9940387 -0.1090302 -1.070123E-07
vn -0.9883543 -0.1521723 -1.49356E-07
vn -0.9714057 -0.2374263 -2.330321E-07
vn -0.9601344 -0.2795392 -2.743656E-07
vn -0.9320768 -0.3622615 -3.555569E-07
vn -0.9152588 -0.402867 -3.954109E-07
vn -0.8767223 -0.4809973 -4.720952E-07
vn -0.8550504 -0.518545 -5.08948E-07
vn -0.8065999 -0.5910981 -5.801583E-07
vn -0.7797716 -0.6260644 -6.144774E-07
vn -0.7222593 -0.6916226 -6.788223E-07
vn -0.6916227 -0.7222592 -7.088919E-07
vn -0.6260645 -0.7797716 -7.653398E-07
vn -0.5910982 -0.8065998 -7.916715E-07
vn -0.5185451 -0.8550504 -8.392254E-07
vn -0.4809974 -0.8767222 -8.604961E-07
vn -0.402867 -0.9152586 -8.983193E-07
vn -0.3622616 -0.9320766 -9.14826E-07
vn -0.2795393 -0.9601344 -9.423645E-07
vn -0.2374264 -0.9714056 -9.534272E-07
vn -0.1521723 -0.9883541 -9.70062E-07
vn -0.1090302 -0.9940386 -9.756412E-07
vn -0.02196149 -0.999759 -9.812558E-07
vn 0.02196149 -0.999759 -9.812558E-07
vn 0.1090302 -0.9940386 -9.756412E-07
vn 0.1521723 -0.9883541 -9.70062E-07
vn 0.2374264 -0.9714056 -9.534272E-07
vn 0.2795393 -0.9601343 -9.423645E-07
vn 0.3622616 -0.9320766 -9.14826E-07
vn 0.402867 -0.9152586 -8.983193E-07
vn 0.4809974 -0.8767222 -8.604961E-07
vn 0.5185451 -0.8550504 -8.392254E-07
vn 0.5910982 -0.8065999 -7.916715E-07
vn 0.6260645 -0.7797716 -7.653398E-07
vn 0.6916227 -0.7222592 -7.088919E-07
vn 0.7222593 -0.6916226 -6.788223E-07
vn 0.7797716 -0.6260644 -6.144774E-07
vn 0.8065999 -0.5910981 -5.801583E-07
vn 0.8550504 -0.518545 -5.08948E-07
vn 0.8767223 -0.4809973 -4.720952E-07
vn 0.9152587 -0.402867 -3.954109E-07
vn 0.9320768 -0.3622615 -3.555569E-07
vn 0.9601345 -0.2795392 -2.743656E-07
vn 0.9714057 -0.2374263 -2.330321E-07
vn 0.9883543 -0.1521723 -1.49356E-07
vn 0.9940387 -0.1090302 -1.070123E-07
vn 0 1.279516E-06 -1
vn 0 1.279516E-06 -1
vn 0 1.279516E-06 -1
vn 0 1.279516E-06 -1
vn 0 1.279516E-06 -1
vn 0 1.279516E-06 -1
vn 0 1.279516E-06 -1
vn 0 1.279516E-06 -1
vn 0 1.279516E-06 -1
vn 0 1.279516E-06 -1
vn 0 1.279516E-06 -1
vn 0 1.279516E-06 -1
vn 0 1.279516E-06 -1
vn 0 1.279516E-06 -1
vn 0 1.279516E-06 -1
vn 0 1.279516E-06 -1
vn 0 1.279516E-06 -1
vn 0 1.279516E-06 -1
vn 0 1.279516E-06 -1
vn 0 1.279516E-06 -1
vn 0 1.279516E-06 -1
vn 0 1.279516E-06 -1
vn 0 1.279516E-06 -1
vn 0 1.279516E-06 -1
vn 0 1.279516E-06 -1
vn 0 1.279516E-06 -1
vn 0 1.279516E-06 -1
vn 0 1.279516E-06 -1
vn 0 1.279516E-06 -1
vn 0 1.279516E-06 -1
vn 0 1.279516E-06 -1
vn 0 1.279516E-06 -1
vn 0 1.279516E-06 -1
vn 0 1.279516E-06 -1
vn 0 1.279516E-06 -1
vn 0 1.279516E-06 -1
vn 0 1.279516E-06 -1
vn 0 1.279516E-06 -1
vn 0 1.279516E-06 -1
vn 0 1.279516E-06 -1
vn 0 1.279516E-06 -1
vn 0 1.279516E-06 -1
vn 0 1.279516E-06 -1
vn 0 1.279516E-06 -1
vn 0 1.279516E-06 -1
vn 0 1.279516E-06 -1
vn 0 1.279516E-06 -1
vn 0 1.279516E-06 -1
vn 0 1.279516E-06 -1
vn -0.9940387 -0.1090302 -1.070123E-07
vn -0.9997591 0.02196149 2.155504E-08
vn -0.9997591 -0.02196149 -2.155504E-08
vn -0.9883543 -0.1521723 -1.49356E-07
vn -0.9714057 -0.2374263 -2.330321E-07
vn -0.9601344 -0.2795392 -2.743656E-07
vn -0.9320768 -0.3622615 -3.555569E-07
vn -0.9152588 -0.402867 -3.954109E-07
vn -0.8767223 -0.4809973 -4.720952E-07
vn -0.8550504 -0.518545 -5.08948E-07
vn -0.8065999 -0.5910981 -5.801583E-07
vn -0.7797716 -0.6260644 -6.144774E-07
vn -0.7222593 -0.6916226 -6.788223E-07
vn -0.6916227 -0.7222592 -7.088919E-07
vn -0.6260645 -0.7797716 -7.653398E-07
vn -0.5910982 -0.8065998 -7.916715E-07
vn -0.5185451 -0.8550504 -8.392254E-07
vn -0.4809974 -0.8767222 -8.604961E-07
vn -0.402867 -0.9152586 -8.983193E-07
vn -0.3622616 -0.9320766 -9.14826E-07
vn -0.2795393 -0.9601344 -9.423645E-07
vn -0.2374264 -0.9714056 -9.534272E-07
vn -0.1521723 -0.9883541 -9.70062E-07
vn -0.1090302 -0.9940386 -9.756412E-07
vn -0.02196149 -0.999759 -9.812558E-07
vn 0.02196149 -0.999759 -9.812558E-07
vn 0.1090302 -0.9940386 -9.756412E-07
vn 0.1521723 -0.9883541 -9.70062E-07
vn 0.2374264 -0.9714056 -9.534272E-07
vn 0.2795393 -0.9601343 -9.423645E-07
vn 0.3622616 -0.9320766 -9.14826E-07
vn 0.402867 -0.9152586 -8.983193E-07
vn 0.4809974 -0.8767222 -8.604961E-07
vn 0.5185451 -0.8550504 -8.392254E-07
vn 0.5910982 -0.8065999 -7.916715E-07
vn 0.6260645 -0.7797716 -7.653398E-07
vn 0.6916227 -0.7222592 -7.088919E-07
vn 0.7222593 -0.6916226 -6.788223E-07
vn 0.7797716 -0.6260644 -6.144774E-07
vn 0.8065999 -0.5910981 -5.801583E-07
vn 0.8550504 -0.518545 -5.08948E-07
vn 0.8767223 -0.4809973 -4.720952E-07
vn 0.9152587 -0.402867 -3.954109E-07
vn 0.9320768 -0.3622615 -3.555569E-07
vn 0.9601345 -0.2795392 -2.743656E-07
vn 0.9714057 -0.2374263 -2.330321E-07
vn 0.9883543 -0.1521723 -1.49356E-07
vn 0.9940387 -0.1090302 -1.070123E-07
vn 0.9997591 -0.02196149 -2.155504E-08
vn 0.9997591 0.02196149 2.155504E-08
vn 0.9940387 0.1090302 1.070123E-07
vn 0.9883543 0.1521723 1.49356E-07
vn 0.9714057 0.2374263 2.330321E-07
vn 0.9601344 0.2795392 2.743656E-07
vn 0.9320768 0.3622615 3.555569E-07
vn 0.9152588 0.402867 3.954109E-07
vn 0.8767223 0.4809973 4.720952E-07
vn 0.8550504 0.518545 5.08948E-07
vn 0.8065999 0.5910981 5.801583E-07
vn 0.7797716 0.6260644 6.144774E-07
vn 0.7222593 0.6916226 6.788223E-07
vn 0.6916227 0.7222592 7.088919E-07
vn 0.6260645 0.7797716 7.653398E-07
vn 0.5910982 0.8065998 7.916715E-07
vn 0.5185451 0.8550504 8.392254E-07
vn 0.4809974 0.8767222 8.604961E-07
vn 0.402867 0.9152586 8.983193E-07
vn 0.3622616 0.9320766 9.14826E-07
vn 0.2795393 0.9601344 9.423645E-07
vn 0.2374264 0.9714056 9.534272E-07
vn 0.1521723 0.9883541 9.70062E-07
vn 0.1090302 0.9940386 9.756412E-07
vn 0.02196149 0.999759 9.812558E-07
vn -0.02196149 0.999759 9.812558E-07
vn -0.1090302 0.9940386 9.756412E-07
vn -0.1521723 0.9883541 9.70062E-07
vn -0.2374264 0.9714056 9.534272E-07
vn -0.2795393 0.9601343 9.423645E-07
vn -0.3622616 0.9320766 9.14826E-07
vn -0.402867 0.9152586 8.983193E-07
vn -0.4809974 0.8767222 8.604961E-07
vn -0.5185451 0.8550504 8.392254E-07
vn -0.5910982 0.8065999 7.916715E-07
vn -0.6260645 0.7797716 7.653398E-07
vn -0.6916227 0.7222592 7.088919E-07
vn -0.7222593 0.6916226 6.788223E-07
vn -0.7797716 0.6260644 6.144774E-07
vn -0.8065999 0.5910981 5.801583E-07
vn -0.8550504 0.518545 5.08948E-07
vn -0.8767223 0.4809973 4.720952E-07
vn -0.9152587 0.402867 3.954109E-07
vn -0.9320768 0.3622615 3.555569E-07
vn -0.9601345 0.2795392 2.743656E-07
vn -0.9714057 0.2374263 2.330321E-07
vn -0.9883543 0.1521723 1.49356E-07
vn -0.9940387 0.1090302 1.070123E-07
vn 0 1.279516E-06 -1
vn 0 1.279516E-06 -1
vn 0 1.279516E-06 -1
vn 0 1.279516E-06 -1
vn 0 1.279516E-06 -1
vn 0 1.279516E-06 -1
vn 0 1.279516E-06 -1
vn 0 1.279516E-06 -1
vn 0 1.279516E-06 -1
vn 0 1.279516E-06 -1
vn 0 1.279516E-06 -1
vn 0 1.279516E-06 -1
vn 0 1.279516E-06 -1
vn 0 1.279516E-06 -1
vn 0 1.279516E-06 -1
vn 0 1.279516E-06 -1
vn 0 1.279516E-06 -1
vn 0 1.279516E-06 -1
vn 0 1.279516E-06 -1
vn 0 1.279516E-06 -1
vn 0 1.279516E-06 -1
vn 0 1.279516E-06 -1
vn 0 1.279516E-06 -1
vn 0 1.279516E-06 -1
vn 0 1.279516E-06 -1
vn 0 1.279516E-06 -1
vn 0 1.279516E-06 -1
vn 0 1.279516E-06 -1
vn 0 1.279516E-06 -1
vn 0 1.279516E-06 -1
vn 0 1.279516E-06 -1
vn 0 1.279516E-06 -1
vn 0 1.279516E-06 -1
vn 0 1.279516E-06 -1
vn 0 1.279516E-06 -1
vn 0 1.279516E-06 -1
vn 0 1.279516E-06 -1
vn 0 1.279516E-06 -1
vn 0 1.279516E-06 -1
vn 0 1.279516E-06 -1
vn 0 1.279516E-06 -1
vn 0 1.279516E-06 -1
vn 0 1.279516E-06 -1
vn 0 1.279516E-06 -1
vn 0 1.279516E-06 -1
vn 0 1.279516E-06 -1
vn 0 1.279516E-06 -1
vn 0 1.279516E-06 -1
vn 0 1.279516E-06 -1
vn 0 1.279516E-06 -1
vn 0 1.279516E-06 -1
vn 0 1.279516E-06 -1
vn 0 1.279516E-06 -1
vn 0 1.279516E-06 -1
vn 0 1.279516E-06 -1
vn 0 1.279516E-06 -1
vn 0 1.279516E-06 -1
vn 0 1.279516E-06 -1
vn 0 1.279516E-06 -1
vn 0 1.279516E-06 -1
vn 0 1.279516E-06 -1
vn 0 1.279516E-06 -1
vn 0 1.279516E-06 -1
vn 0 1.279516E-06 -1
vn 0 1.279516E-06 -1
vn 0 1.279516E-06 -1
vn 0 1.279516E-06 -1
vn 0 1.279516E-06 -1
vn 0 1.279516E-06 -1
vn 0 1.279516E-06 -1
vn 0 1.279516E-06 -1
vn 0 1.279516E-06 -1
vn 0 1.279516E-06 -1
vn 0 1.279516E-06 -1
vn 0 1.279516E-06 -1
vn 0 1.279516E-06 -1
vn 0 1.279516E-06 -1
vn 0 1.279516E-06 -1
vn 0 1.279516E-06 -1
vn 0 1.279516E-06 -1
vn 0 1.279516E-06 -1
vn 0 1.279516E-06 -1
vn 0 1.279516E-06 -1
vn 0 1.279516E-06 -1
vn 0 1.279516E-06 -1
vn 0 1.279516E-06 -1
vn 0 1.279516E-06 -1
vn 0 1.279516E-06 -1
vn 0 1.279516E-06 -1
vn 0 1.279516E-06 -1
vn 0 1.279516E-06 -1
vn 0 1.279516E-06 -1
vn 0 1.279516E-06 -1
vn 0 1.279516E-06 -1
vn 0 1.279516E-06 -1
vn 0 1.279516E-06 -1
vn -7.166236E-09 0.9942384 0.1071927
vn 0 0.998589 0.05310583
vn 0.3210453 0.9456447 0.05183008
vn 0.3746859 0.9186846 0.1250171
vn 0.6584953 0.7510927 0.04737018
vn 0.700225 0.7065329 0.1024525
vn 0.8959587 0.4423003 0.04035749
vn 0.9198766 0.3865645 0.06629737
vn 0.9973213 0.06584481 0.03186041
vn 0.9997471 0.006926938 0.02140757
vn 0.9468448 -0.3208535 0.02320195
vn 0.9268664 -0.3745104 -0.0257116
vn 0.7519991 -0.6589774 0.01570383
vn 0.7118293 -0.699079 -0.06773363
vn 0.4425015 -0.8967066 0.01048708
vn 0.3874541 -0.9167097 -0.09758526
vn 3.345022E-09 -0.9999658 0.00829534
vn 2.078209E-09 -0.9892121 -0.1464907
vn 9.217932E-09 0.9620589 0.2728421
vn 0.4043845 0.8626848 0.3037238
vn 0.7479802 0.628785 0.2124973
vn 0.9365011 0.3326806 0.1108589
vn 0.9999095 -0.001718903 0.01337101
vn 0.9133107 -0.3838992 -0.1359612
vn 0.6559539 -0.7100536 -0.2560248
vn 0.3377748 -0.8932749 -0.2965942
vn 1.157508E-08 -0.9180213 -0.3965313
vn 8.530087E-09 0.8556859 0.5174955
vn 0.3753002 0.7421346 0.5553252
vn 0.668676 0.6235085 0.4051049
vn 0.9038821 0.3434536 0.255024
vn 0.9990695 -0.00958002 0.04205744
vn 0.9253939 -0.3214033 -0.2008639
vn 0.6991522 -0.5875989 -0.4073252
vn 0.3719372 -0.7693084 -0.5194489
vn 1.139605E-08 -0.7837611 -0.6210623
vn 1.555823E-08 0.6825434 0.7308451
vn 0.3383798 0.5816938 0.7396834
vn 0.669493 0.4737994 0.5720958
vn 0.913609 0.220014 0.3419251
vn 0.9977424 -0.03886666 0.05477051
vn 0.926412 -0.2684522 -0.2639972
vn 0.7075995 -0.475961 -0.5222684
vn 0.3736431 -0.6362985 -0.6749185
vn -6.966937E-09 -0.6008248 -0.7993807
vn 2.596024E-08 0.452307 0.8918623
vn 0.3703447 0.3755162 0.8496072
vn 0.6912425 0.2724385 0.6692991
vn 0.9132848 0.1229704 0.3883165
vn 0.9980723 -0.04620626 0.04143722
vn 0.9261673 -0.1837043 -0.3293436
vn 0.7045697 -0.3175471 -0.6346225
vn 0.3736563 -0.4226559 -0.8256774
vn 6.714115E-09 -0.3729462 -0.927853
vn -1.061022E-08 0.2201278 0.9754712
vn 0.4048442 0.1372415 0.9040277
vn 0.7442088 0.09760371 0.6607776
vn 0.9423278 0.02292822 0.3339056
vn 0.9982389 -0.05535485 -0.0213441
vn 0.9381743 -0.1012742 -0.3310181
vn 0.7526299 -0.156115 -0.639669
vn 0.4055796 -0.2045235 -0.8908846
vn -9.164904E-09 -0.1566045 -0.9876615
vn 1.465058E-08 -0.03930761 0.9992273
vn 0.3448398 -0.09578399 0.9337618
vn 0.654314 -0.06734637 0.7532185
vn 0.8928024 -0.05673202 0.4468621
vn 0.9983816 -0.04235068 0.03796336
vn 0.9258452 -0.01922554 -0.3774143
vn 0.710658 0.008460116 -0.7034871
vn 0.3868251 0.03045119 -0.9216503
vn 4.227992E-09 0.07545184 -0.9971496
vn 1.168824E-08 -0.2493029 0.9684258
vn 0.3807451 -0.2661537 0.8855482
vn 0.7039447 -0.2146289 0.6770501
vn 0.9212332 -0.1334053 0.3654215
vn 0.9994535 -0.03297391 -0.00240167
vn 0.9259901 0.07225899 -0.3705691
vn 0.71142 0.1655523 -0.6829895
vn 0.3881473 0.2306315 -0.8922731
vn 3.520079E-09 0.2895141 -0.9571739
vn -1.311913E-08 -0.4570811 0.8894252
vn 0.374613 -0.4580803 0.806119
vn 0.698023 -0.365567 0.6157315
vn 0.9180448 -0.222607 0.3280859
vn 0.9986923 -0.04914801 -0.01408913
vn 0.9251703 0.1282604 -0.357225
vn 0.7088323 0.2810715 -0.6469591
vn 0.3848153 0.3845726 -0.83906
vn 1.998832E-08 0.442846 -0.896598
vn 4.908892E-09 -0.5795005 0.8149722
vn 0.3853875 -0.542818 0.7462076
vn 0.7050995 -0.4280181 0.5653634
vn 0.921714 -0.2537398 0.2933596
vn 0.9985371 -0.04500752 -0.02997365
vn 0.9206653 0.1652679 -0.3536416
vn 0.7006464 0.342901 -0.6257108
vn 0.3749049 0.4601837 -0.8047842
vn 3.623617E-08 0.5075443 -0.8616259
vn -2.582782E-08 -0.5799365 0.814662
vn 0.4017229 -0.5219465 0.7524568
vn 0.718163 -0.4039365 0.5666372
vn 0.9296061 -0.2294274 0.2884371
vn 0.9988341 -0.02482653 -0.04140803
vn 0.9120623 0.1767594 -0.3699986
vn 0.68418 0.3428323 -0.6437113
vn 0.3533923 0.4488615 -0.8207543
vn 2.208819E-09 0.4594964 -0.8881798
vn -1.351419E-08 -0.3337924 0.9426467
vn 0.4398862 -0.4566004 0.7733154
vn 0.743088 -0.2180737 0.6326647
vn 0.9426094 -0.1081569 0.3158957
vn 0.9984799 0.03658694 -0.0412275
vn 0.9060746 0.1498543 -0.395693
vn 0.6752221 0.261356 -0.6897599
vn 0.3555197 0.2904744 -0.8883866
vn 5.005102E-09 0.2301366 -0.9731585
vn 0.09521393 0.5167485 -0.8508264
vn 0.1031668 0.4256718 -0.8989776
vn -8.327724E-09 0.424137 -0.9055983
vn 3.693442E-09 0.5339346 -0.8455261
vn 5.995678E-09 0.7035138 -0.7106819
vn 0.07874757 0.706372 -0.7034472
vn 0.07704354 0.9964211 -0.03477804
vn 0.0770381 0.9964213 -0.03478371
vn 0 0.9993916 -0.03488172
vn 0 0.9993918 -0.03487551
vn 4.366709E-09 0.7796683 0.6261928
vn 0.09940413 0.7758066 0.6230913
vn 9.081762E-09 0.7748519 0.6321427
vn 0.1057562 0.7796906 0.6171693
vn 0.1174755 0.07371948 0.9903359
vn 0.1169639 0.07430481 0.9903526
vn 4.543369E-09 0.07423349 0.997241
vn 4.683238E-09 0.07361256 0.9972869
vn 0.07594371 -0.7719667 0.6311104
vn 0.08169413 -0.7759637 0.6254653
vn -2.294357E-09 -0.7742026 0.6329383
vn 2.38809E-09 -0.7694405 0.6387188
vn 0.04918966 -0.9885682 0.142525
vn 0.05069844 -0.98871 0.1410052
vn -2.047172E-09 -0.9897665 0.1426977
vn 2.142719E-09 -0.9895269 0.1443493
vn 0.0163624 -0.3103501 0.9504818
vn -0.01602859 -0.2647305 0.9641895
vn 7.544386E-10 -0.3103917 0.950609
vn 2.780406E-09 -0.3483737 0.9373561
vn 0.07184388 0.7845193 0.6159284
vn 0.07038521 0.6567084 0.7508528
vn 1.255085E-08 0.6583338 0.7527261
vn 3.244103E-09 0.7865502 0.6175264
vn -6.598829E-09 0.8919077 0.4522175
vn 0.07068318 0.8896758 0.4510885
vn 0.06751738 0.9971105 -0.0348191
vn 0.0675307 0.9971098 -0.03481133
vn 2.375693E-09 0.999391 -0.03489874
vn 0 0.9993907 -0.03490635
vn 0.06155396 0.8040898 -0.5913132
vn 0.06155007 0.8040888 -0.591315
vn 2.201068E-09 0.8056174 -0.5924366
vn 8.71754E-09 0.8056186 -0.5924349
vn 6.246373E-09 0.1484884 -0.9889143
vn 0.05600195 0.1482552 -0.9873623
vn 0.05583934 0.3610405 -0.9308771
vn -4.735971E-09 0.3615953 -0.9323354
vn 0.05486901 -0.2177092 -0.9744703
vn -3.862582E-09 -0.344156 -0.9389125
vn 0.0549441 -0.4535661 -0.8895273
vn -4.357895E-09 -0.4542499 -0.8908743
vn -1.000862E-08 -0.9041353 -0.4272463
vn 0.06949151 -0.9557326 -0.2859131
vn 0.06267109 -0.8289875 -0.5557448
vn -1.949297E-08 -0.8306172 -0.5568438
vn -2.898871E-09 -0.9981605 -0.06062892
vn 0.07364331 -0.9960528 -0.04955525
vn 0.07633237 -0.9952372 0.06063607
vn 0 -0.9981478 0.06083662
vn 1 0 0
vn 1 0 0
vn 1 0 0
vn 1 0 0
vn 1 0 0
vn 1 0 0
vn 1 0 0
vn 1 0 0
vn 1 0 0
vn 1 0 0
vn 1 0 0
vn 1 0 0
vn 1 0 0
vn 1 0 0
vn 1 0 0
vn 1 0 0
vn 1 0 0
vn 1 0 0
vn 1 0 0
vn 1 0 0
vn 1 0 0
vn 1 0 0
vn 1 0 0
vn 1 0 0
vn 1 0 0
vn 1 0 0
vn 1 0 0
vn 1 0 0
vn 1 0 0
vn 1 0 0
vn 1 0 0
vn 1 0 0
vn 1 0 0
vn 1 0 0
vn 1 0 0
vn 1 0 0
vn 1 0 0
vn 1 0 0
vn 1 0 0
vn 1 0 0
vn 1 0 0
vn 1 0 0
vn 1 0 0
vn 1 0 0
vn 1 0 0
vn 1 0 0
vn 1 0 0
vn 1 0 0
vn 1 -4.608367E-09 1.254814E-08
vn 1 -1.70192E-08 4.634163E-08
vn 1 -1.938736E-08 5.278991E-08
vn 0.9999806 -0.005073851 0.003668711
vn 0.9921175 0.1177617 0.04284135
vn 1 0 0
vn 1 0 0
vn 0.9970775 -0.05529996 -0.05271442
vn 0.9865595 0.1326671 0.09539548
vn 0.9966111 -0.04052015 -0.07158817
vn 0.9883616 0.09408102 0.1195428
vn 0.9936082 -0.02333296 -0.1104474
vn 0.9915908 0.03567104 0.1244014
vn 0.9907748 0.02813633 -0.1325672
vn 0.9915679 -0.02033009 0.1279853
vn 0.9892107 0.08880644 -0.1165167
vn 0.9906476 -0.0720787 0.1158554
vn 0.9917708 0.117439 -0.05098345
vn 0.9924921 -0.1001801 0.0701692
vn 0.9970131 0.07693053 -0.006849316
vn 0.9934578 -0.1111779 0.02610744
vn 0.9968891 0.07623186 0.02003828
vn 0.9942654 -0.105506 -0.01746652
vn 0.9984927 0.04186953 0.03549426
vn 0.9953371 -0.08178396 -0.05114679
vn 0.9999872 0.001055006 -0.004983187
vn 0.9942735 -0.06529608 -0.08459906
vn 0.9935736 -0.01608741 -0.1120405
vn 0.9990537 0.04276955 -0.007939097
vn 0.9901518 0.0336622 -0.135893
vn 0.9926816 0.06663732 0.1007141
vn 1 0 0
vn 0.9995661 -0.02485753 -0.01581397
vn 1 0 0
vn 1 0 0
vn 0.993889 -0.1103756 -0.001526712
vn 1 0 0
vn 0.988242 -0.1450328 0.04841139
vn 1 0 0
vn 0.9878371 -0.1180021 0.1012602
vn 1 0 0
vn 0.9891075 -0.05361596 0.1370845
vn 1 0 0
vn 0.9971943 0.006336359 0.07459007
vn 1 0 0
vn 0.9973222 0.0262413 0.06826675
vn 0.9904526 0.06436817 0.1219045
vn 0.986986 -0.08451696 -0.1368069
vn 0.9992639 -0.02641489 0.02782403
vn 0.986051 -0.00235789 0.1664286
vn 0.9866943 -0.02032454 -0.1613128
vn 0.9907946 -0.05021257 0.1257187
vn 0.9912169 0.04410258 -0.1246778
vn 0.9753416 -0.1316159 0.1771627
vn 0.98843 -0.1231616 0.08853237
vn 0.9908065 0.1144748 -0.07210123
vn 0.9933369 -0.1076531 0.04114917
vn 0.990899 0.1344214 -0.007102835
vn 0.9968533 -0.07719582 0.01802344
vn 0.9930779 0.104878 0.05288803
vn 0.9992628 -0.03555127 0.01450602
vn 0.978838 0.09077428 -0.1834034
vn 0.9444583 0.3026774 -0.1280062
vn 0 -0.7552384 -0.65545
vn 0 -0.7552384 -0.65545
vn 0 -0.7552384 -0.65545
vn 0 -0.7552384 -0.65545
vn 0 -0.1864264 -0.982469
vn 0 -0.1864264 -0.982469
vn 0 -0.1864264 -0.982469
vn 0 -0.1864264 -0.982469
vn 0 0.3116206 0.9502067
vn 0 0.17204 0.9850901
vn 0 0.17204 0.9850901
vn 0 0.4369932 0.8994648
vn 0 -0.3048103 0.9524133
vn 0 -0.3048103 0.9524133
vn 0 -0.3048103 0.9524133
vn 0 -0.3048103 0.9524133
vn 0 0.4281363 -0.9037144
vn 0 0.4281363 -0.9037144
vn 0 0.4281363 -0.9037144
vn 0 0.4281363 -0.9037144
vn 0 -0.9960015 -0.08933701
vn 0 -0.9960015 -0.08933701
vn 0 -0.9960015 -0.08933701
vn 0 -0.9960015 -0.08933701
vn 0 -0.850893 -0.5253388
vn 0 -0.850893 -0.5253388
vn 0 -0.850893 -0.5253388
vn 0 -0.850893 -0.5253388
vn 0 0.8716441 -0.4901397
vn 0 0.8716441 -0.4901397
vn 0 0.8716441 -0.4901397
vn 0 0.8716441 -0.4901397
vn 0 -0.9994234 -0.03395547
vn 0 -0.9994234 -0.03395547
vn 0 -0.9994234 -0.03395547
vn 0 -0.9994234 -0.03395547
vn 0 0.8711464 -0.4910238
vn 0 0.8711464 -0.4910238
vn 0 0.8711464 -0.4910238
vn 0 0.8711464 -0.4910238
vn 0 0.9993913 -0.03489158
vn 0 0.9993913 -0.03489158
vn 0 0.9993913 -0.03489158
vn 0 0.9993913 -0.03489158
vn 0 0.9047129 0.426022
vn 0 0.9047129 0.426022
vn 0 0.9047129 0.426022
vn 0 0.9047129 0.426022
vn 0 0.5441105 0.8390135
vn 0 0.5441105 0.8390135
vn 0 -0.8566677 0.5158691
vn 0 -0.8566677 0.5158691
vn 0 -0.8566677 0.5158691
vn 0 -0.8566677 0.5158691
vn 0 -0.3041625 -0.9526202
vn 0 -0.3041625 -0.9526202
vn 0 -0.3041625 -0.9526202
vn 0 -0.3041625 -0.9526202
vn 0.958077 0.09866651 -0.2689866
vn 0.9500911 -0.08957659 -0.2988363
vn 0.4486035 -0.220906 -0.8659997
vn 0.4803577 0.1330182 -0.8669273
vn 0.235028 0.06357744 -0.9699073
vn 0.2166268 -0.293727 -0.9310195
vn -7.020177E-09 0.0007888286 -0.9999998
vn 9.465412E-09 -0.3865046 -0.9222875
vn 0.9184735 -0.2757022 -0.2835402
vn 0.4466139 -0.5471614 -0.7079199
vn 0.2194766 -0.629997 -0.7449388
vn 2.425632E-09 -0.6987866 -0.7153301
vn 0.9189668 -0.3604018 -0.1600341
vn 0.4471815 -0.7590644 -0.4731278
vn 0.2160503 -0.8546674 -0.4720868
vn 1.158953E-09 -0.9149038 -0.403672
vn 0.918989 -0.3940311 -0.01411397
vn 0.4457578 -0.8832418 -0.1455478
vn 0.2117425 -0.9706932 -0.1136668
vn 4.342248E-09 -0.9994405 -0.03344679
vn 0.9185833 -0.370392 0.1378949
vn 0.4465046 -0.8708904 0.205387
vn 0.2172326 -0.9382712 0.2691793
vn -2.46102E-09 -0.9362343 0.351377
vn 0.9190752 -0.2872632 0.2697799
vn 0.4467631 -0.732122 0.5141991
vn 0.2146438 -0.768436 0.6028555
vn -4.937004E-09 -0.727381 0.6862343
vn 0.9186693 -0.1651281 0.3588593
vn 0.4457255 -0.4720275 0.7606046
vn 0.2126334 -0.47618 0.8532526
vn -5.200581E-09 -0.4149316 0.9098528
vn 0.9186269 -0.004515548 0.3951009
vn 0.446946 -0.1382739 0.8838099
vn 0.2159407 -0.09744533 0.9715319
vn 7.855196E-09 -0.00736476 0.9999731
vn 0.9196169 0.1649224 0.3565188
vn 0.4463648 0.2459937 0.8603754
vn 0.2154123 0.3208205 0.9223188
vn 1.191525E-08 0.4192759 0.907859
vn 0.9188523 0.2696768 0.2880716
vn 0.4445989 0.5531693 0.7045109
vn 0.2108493 0.6272795 0.7497085
vn -1.005512E-08 0.6842263 0.7292697
vn 0.9187737 0.343873 0.1939248
vn 0.4471455 0.7276145 0.5202288
vn 0.2129085 0.8174784 0.5351626
vn 7.08897E-09 0.8731659 0.487423
vn 0.9181823 0.3848191 0.09410612
vn 0.4450459 0.8460082 0.2936058
vn 0.1876644 0.9406962 0.2826181
vn 1.412955E-08 0.9789642 0.2040324
vn 0.9119388 0.4103266 -0.000271618
vn 0.4347936 0.9005189 -0.004544253
vn 0.1495288 0.9887153 -0.009140811
vn 0 0.9999499 -0.01002899
vn 0.9173671 0.2629221 -0.2988482
vn 0.9101478 0.3287482 -0.2521034
vn 0.4190028 0.7183283 -0.5553749
vn 0.4258972 0.7179661 -0.5505785
vn 0.2579323 0.763403 -0.5921885
vn 0.1425345 0.7807136 -0.6084166
vn 3.377097E-09 0.7886807 -0.6148034
vn 1.331243E-08 0.7883074 -0.615282
vn 0.8812703 0.008224871 -0.4725415
vn 0.8922432 -0.01146615 -0.4514102
vn 0.2338027 -0.04754451 -0.971121
vn 0.1328542 -0.04964176 -0.9898917
vn 0.394854 -0.04394064 -0.9176927
vn 0.3980568 -0.04106981 -0.9164411
vn 0 -0.05011745 -0.9987434
vn -2.612605E-09 -0.05025153 -0.9987368
vn 0.8875949 -0.4029498 -0.2231756
vn 0.8596602 -0.4849081 -0.1607759
vn 0.8770697 -0.4196677 -0.2337268
vn 0.8362572 -0.515608 -0.1866081
vn 0.4128869 -0.7946882 -0.4449664
vn 0.378392 -0.8647288 -0.330248
vn 0.2080086 -0.8658317 -0.4550471
vn 0.1688678 -0.9150661 -0.3662483
vn 3.598888E-09 -0.9272721 -0.3743884
vn 0 -0.838986 -0.5441532
vn 0.8903445 -0.2931102 -0.3483871
vn 0.8894921 -0.2607437 -0.3752559
vn 0.4156283 -0.5826642 -0.698395
vn 0.2238273 -0.5955693 -0.7714911
vn -1.014275E-08 -0.5728537 -0.8196576
vn 0.8938277 -0.1614396 -0.4183415
vn 0.8928207 -0.08882517 -0.4415673
vn 0.4109172 -0.4775373 -0.7765984
vn 0.1457456 -0.5202738 -0.841471
vn -2.228185E-08 -0.5263436 -0.8502719
vn 0.8940721 0.0558644 -0.4444262
vn 0.8944874 0.1312499 -0.4273946
vn 0.4100806 -0.03786359 -0.9112632
vn 0.4102279 -0.03780205 -0.9111994
vn 0.2640143 -0.04007202 -0.9636861
vn 0.1464918 -0.04114212 -0.9883561
vn 1.529962E-09 -0.04159271 -0.9991348
vn 0 -0.04160121 -0.9991344
vn 0.8941382 0.2589578 -0.3653194
vn 0.894906 0.3148494 -0.3162492
vn 0.4200303 0.5238664 -0.7410392
vn 0.4108859 0.4110255 -0.8137758
vn 0.2650224 0.4349789 -0.8605563
vn 0.203643 0.6106505 -0.7652686
vn 1.635266E-09 0.4512695 -0.892388
vn 0 0.4513227 -0.892361
vn 0.8939359 0.4054694 -0.1909806
vn 0.8935656 0.4301463 -0.1285119
vn 0.4201365 0.8223404 -0.3837214
vn 0.2153288 0.9077538 -0.3600238
vn 2.980429E-09 0.8207693 -0.5712603
vn 1.148573E-09 0.9584692 -0.2851966
vn 0.8925772 0.4508057 -0.0089798
vn 0.8898543 0.4529223 0.05496459
vn 0.4184585 0.9079946 -0.02093916
vn 0.206038 0.978192 0.02624502
vn 3.159997E-09 0.9938136 0.1110619
vn 0.8893609 0.4141421 0.1937111
vn 0.8880438 0.3682858 0.2752163
vn 0.4051164 0.8862443 0.2246152
vn 0.1435229 0.9599473 0.2406295
vn 3.103266E-09 0.9701301 0.2425852
vn 0.8849443 0.2165533 0.4122847
vn 0.4068 0.4783117 0.7782876
vn 0.3942099 0.6022813 0.6941584
vn 0.2571586 0.6306373 0.7322336
vn 0.2095515 0.4596156 0.8630421
vn -4.539286E-09 0.6510378 0.7590452
vn 2.086368E-09 0.3913926 0.9202238
vn 0.9442891 0.09647344 0.3146608
vn 0.4402043 0.1370648 0.8873746
vn 0.1697926 0.1075201 0.979597
vn 5.442539E-09 0.06961855 0.9975738
vn 0.378608 0.003733977 0.9255497
vn 0.494342 -0.8689393 0.02388973
vn 0.5339989 -0.8441784 0.04699359
vn 0.5167005 -0.8528219 0.07560218
vn 0.4556139 -0.890175 0.002164041
vn 0.9651133 -0.2165149 0.1472351
vn 0.9721615 -0.1761682 0.1544904
vn 0.9663184 -0.1908098 0.1726869
vn 0.9497887 -0.2827314 0.134033
vn 0.843128 0.3820976 0.3783346
vn 0.8231874 0.3887691 0.4137893
vn 0.8241684 0.3862374 0.4142069
vn 0.8696997 0.3596272 0.3380699
vn 0.3927625 0.7306847 0.558424
vn 0.3855217 0.7081729 0.5914932
vn 0.4069068 0.7043017 0.5817096
vn 0.3888685 0.7598206 0.5210126
vn 0.4106812 0.7883906 0.4580187
vn 0.4117918 0.7880645 0.4575827
vn 0.8918961 0.34524 0.2921149
vn 0.9097165 0.2957265 0.2914827
vn 0.9474783 -0.3027654 0.1030459
vn 0.9187419 -0.3785609 0.1122742
vn 0.4439502 -0.8953387 -0.03573773
vn 0.4083838 -0.9125137 -0.02327092
vn 0.3790278 0.1630949 0.9108997
vn 0.3790278 0.1630949 0.9108997
vn 0.2546849 0.2812554 0.9252194
vn 0.4924629 -0.1173633 0.8623841
vn 0.3727064 -0.3906216 0.8417274
vn 0.3727064 -0.3906216 0.8417274
vn 0.2482588 -0.5014166 0.8288241
vn 0.5196908 -0.05290263 0.8527151
vn 0.5504106 -0.1291987 0.824837
vn 0.559017 -0.08603026 0.8246812
vn 0.4780519 -0.02456428 0.8779882
vn 0.9684541 -0.2353596 0.08187302
vn 0.9551934 -0.2677851 0.1260837
vn 0.965002 -0.2390901 0.1077389
vn 0.9518464 -0.1792165 0.2487376
vn 0.8174507 -0.4299738 -0.3832715
vn 0.8350896 -0.3992774 -0.3784221
vn 0.7635103 -0.5138842 -0.3911207
vn 0.7623997 -0.5131356 -0.3942574
vn 0.3840571 -0.5943929 -0.7065389
vn 0.3858846 -0.6731077 -0.6308876
vn 0.3462136 -0.6993106 -0.6253806
vn 0.394479 -0.5330377 -0.7485033
vn 0.4165226 -0.4777265 -0.7734898
vn 0.4195444 -0.4764902 -0.7726186
vn 0.8876674 -0.3080136 -0.342308
vn 0.9043139 -0.3086523 -0.2948738
vn 0.9527304 -0.1246158 0.2770852
vn 0.9274822 -0.1376835 0.3475927
vn 0.4691896 0.01100899 0.8830289
vn 0.4351026 -0.003027721 0.9003759
vn 0.3556609 -0.9117298 -0.2055586
vn 0.2404048 -0.9190466 -0.3123444
vn 0.3556609 -0.9117298 -0.2055586
vn 0.4573762 -0.8882461 0.04273796
vn 0.3456318 -0.8963922 0.2775252
vn 0.3456318 -0.8963922 0.2775252
vn 0.2322753 -0.8984818 0.3725308
vn 0 1.279516E-06 -1
vn 0 1.279516E-06 -1
vn 0 1.279516E-06 -1
vn 0 1.279516E-06 -1
vn 0 1.279516E-06 -1
vn 0 1.279516E-06 -1
vn 0 1.279516E-06 -1
vn 0 1.279516E-06 -1
vn 0 1.279516E-06 -1
vn 0 1.279516E-06 -1
vn 0 1.279516E-06 -1
vn 0 1.279516E-06 -1
vn 0 1.279516E-06 -1
vn 0 1.279516E-06 -1
vn 0 1.279516E-06 -1
vn 0 1.279516E-06 -1
vn 0 1.279516E-06 -1
vn 0 1.279516E-06 -1
vn -0.3210453 0.9456447 0.05183008
vn -0.3746859 0.9186846 0.1250171
vn -0.6584952 0.7510927 0.04737018
vn -0.700225 0.7065329 0.1024525
vn -0.8959587 0.4423003 0.04035749
vn -0.9198766 0.3865645 0.06629737
vn -0.9973213 0.06584481 0.03186041
vn -0.9997471 0.006926946 0.02140757
vn -0.9468448 -0.3208535 0.02320195
vn -0.9268664 -0.3745105 -0.0257116
vn -0.7519991 -0.6589774 0.01570383
vn -0.7118293 -0.699079 -0.06773364
vn -0.4425015 -0.8967066 0.01048709
vn -0.3874541 -0.9167097 -0.09758527
vn -0.4043844 0.8626848 0.3037238
vn -0.7479803 0.6287851 0.2124973
vn -0.9365011 0.3326806 0.1108589
vn -0.9999095 -0.001718908 0.01337101
vn -0.9133107 -0.3838992 -0.1359612
vn -0.6559539 -0.7100536 -0.2560248
vn -0.3377748 -0.8932749 -0.2965942
vn -0.3753002 0.7421346 0.5553252
vn -0.668676 0.6235085 0.4051049
vn -0.903882 0.3434535 0.2550239
vn -0.9990695 -0.009580024 0.04205745
vn -0.9253939 -0.3214033 -0.2008639
vn -0.6991522 -0.5875989 -0.4073252
vn -0.3719372 -0.7693084 -0.5194489
vn -0.3383797 0.5816938 0.7396834
vn -0.669493 0.4737994 0.5720957
vn -0.913609 0.220014 0.3419251
vn -0.9977425 -0.03886665 0.05477051
vn -0.926412 -0.2684523 -0.2639972
vn -0.7075995 -0.475961 -0.5222684
vn -0.3736431 -0.6362985 -0.6749185
vn -0.3703447 0.3755163 0.8496072
vn -0.6912425 0.2724385 0.6692991
vn -0.9132848 0.1229704 0.3883165
vn -0.9980723 -0.04620628 0.04143723
vn -0.9261674 -0.1837043 -0.3293436
vn -0.7045697 -0.317547 -0.6346225
vn -0.3736563 -0.4226559 -0.8256774
vn -0.4048442 0.1372415 0.9040277
vn -0.7442088 0.09760372 0.6607777
vn -0.9423278 0.02292823 0.3339056
vn -0.9982389 -0.05535486 -0.0213441
vn -0.9381744 -0.1012742 -0.3310181
vn -0.75263 -0.156115 -0.639669
vn -0.4055796 -0.2045235 -0.8908846
vn -0.3448398 -0.09578399 0.9337618
vn -0.654314 -0.06734636 0.7532185
vn -0.8928024 -0.05673202 0.4468621
vn -0.9983816 -0.04235068 0.03796336
vn -0.9258452 -0.01922554 -0.3774143
vn -0.710658 0.008460116 -0.7034871
vn -0.3868251 0.03045119 -0.9216503
vn -0.3807451 -0.2661537 0.8855482
vn -0.7039447 -0.2146289 0.6770501
vn -0.9212332 -0.1334053 0.3654215
vn -0.9994535 -0.03297391 -0.002401666
vn -0.9259902 0.07225899 -0.370569
vn -0.71142 0.1655523 -0.6829895
vn -0.3881473 0.2306315 -0.8922731
vn -0.374613 -0.4580803 0.8061191
vn -0.698023 -0.365567 0.6157316
vn -0.9180448 -0.222607 0.3280859
vn -0.9986923 -0.049148 -0.01408914
vn -0.9251702 0.1282604 -0.357225
vn -0.7088323 0.2810715 -0.6469591
vn -0.3848153 0.3845726 -0.83906
vn -0.3853874 -0.5428179 0.7462076
vn -0.7050995 -0.4280181 0.5653634
vn -0.921714 -0.2537398 0.2933596
vn -0.9985371 -0.04500752 -0.02997366
vn -0.9206654 0.1652679 -0.3536415
vn -0.7006464 0.342901 -0.6257108
vn -0.3749049 0.4601837 -0.8047842
vn -0.4017229 -0.5219465 0.7524568
vn -0.718163 -0.4039365 0.5666372
vn -0.9296061 -0.2294274 0.2884371
vn -0.9988341 -0.02482653 -0.04140802
vn -0.9120623 0.1767594 -0.3699985
vn -0.68418 0.3428323 -0.6437113
vn -0.3533922 0.4488615 -0.8207544
vn -0.4398862 -0.4566004 0.7733154
vn -0.743088 -0.2180737 0.6326646
vn -0.9426094 -0.1081569 0.3158958
vn -0.99848 0.03658695 -0.0412275
vn -0.9060747 0.1498543 -0.395693
vn -0.6752222 0.261356 -0.6897599
vn -0.3555197 0.2904744 -0.8883866
vn -0.09521394 0.5167485 -0.8508265
vn -0.1031668 0.4256718 -0.8989776
vn -0.07874756 0.706372 -0.7034473
vn -0.07704354 0.9964212 -0.03477804
vn -0.07703809 0.9964213 -0.03478372
vn -0.09940412 0.7758066 0.6230913
vn -0.1057562 0.7796906 0.6171693
vn -0.1174755 0.07371946 0.9903359
vn -0.1169639 0.07430481 0.9903526
vn -0.07594372 -0.7719667 0.6311104
vn -0.08169413 -0.7759637 0.6254653
vn -0.04918966 -0.9885683 0.142525
vn -0.05069846 -0.98871 0.1410052
vn -0.0163624 -0.3103501 0.9504818
vn 0.01602858 -0.2647305 0.9641895
vn -0.07184388 0.7845193 0.6159284
vn -0.0703852 0.6567084 0.7508528
vn -0.07068317 0.8896758 0.4510885
vn -0.06751738 0.9971105 -0.0348191
vn -0.06753069 0.9971098 -0.03481133
vn -0.06155394 0.8040897 -0.5913132
vn -0.06155008 0.8040887 -0.591315
vn -0.05600192 0.1482552 -0.9873623
vn -0.05583932 0.3610404 -0.9308771
vn -0.05486901 -0.2177092 -0.9744703
vn -0.05494412 -0.4535661 -0.8895273
vn -0.06949153 -0.9557326 -0.2859131
vn -0.06267111 -0.8289874 -0.5557448
vn -0.07364331 -0.9960528 -0.04955525
vn -0.07633237 -0.9952372 0.06063607
vn -1 0 0
vn -1 0 0
vn -1 0 0
vn -1 0 0
vn -1 0 0
vn -1 0 0
vn -1 0 0
vn -1 0 0
vn -1 0 0
vn -1 0 0
vn -1 0 0
vn -1 0 0
vn -1 0 0
vn -1 0 0
vn -1 0 0
vn -1 0 0
vn -1 0 0
vn -1 0 0
vn -1 0 0
vn -1 0 0
vn -1 0 0
vn -1 0 0
vn -1 0 0
vn -1 0 0
vn -1 0 0
vn -1 0 0
vn -1 0 0
vn -1 0 0
vn -1 0 0
vn -1 0 0
vn -1 0 0
vn -1 0 0
vn -1 0 0
vn -1 0 0
vn -1 0 0
vn -1 0 0
vn -1 0 0
vn -1 0 0
vn -1 0 0
vn -1 0 0
vn -1 0 0
vn -1 0 0
vn -1 0 0
vn -1 0 0
vn -1 0 0
vn -1 0 0
vn -1 0 0
vn -1 0 0
vn -1 -4.608367E-09 1.254814E-08
vn -1 -1.70192E-08 4.634162E-08
vn -1 -1.938736E-08 5.27899E-08
vn -0.9999806 -0.005073851 0.003668711
vn -0.9921175 0.1177617 0.04284135
vn -1 0 0
vn -1 0 0
vn -0.9970775 -0.05529996 -0.05271442
vn -0.9865595 0.1326671 0.09539548
vn -0.9966111 -0.04052015 -0.07158817
vn -0.9883616 0.09408102 0.1195429
vn -0.9936082 -0.02333296 -0.1104474
vn -0.9915908 0.03567104 0.1244014
vn -0.9907748 0.02813632 -0.1325672
vn -0.9915679 -0.02033009 0.1279853
vn -0.9892107 0.08880644 -0.1165167
vn -0.9906477 -0.0720787 0.1158554
vn -0.9917708 0.117439 -0.05098345
vn -0.9924921 -0.1001801 0.0701692
vn -0.9970131 0.07693053 -0.006849317
vn -0.9934578 -0.1111779 0.02610745
vn -0.9968891 0.07623187 0.02003828
vn -0.9942655 -0.105506 -0.01746652
vn -0.9984927 0.04186953 0.03549426
vn -0.9953371 -0.08178398 -0.0511468
vn -0.9999872 0.001055007 -0.004983187
vn -0.9942735 -0.06529609 -0.08459908
vn -0.9935736 -0.01608741 -0.1120405
vn -0.9990537 0.04276955 -0.007939094
vn -0.9901518 0.0336622 -0.135893
vn -0.9926816 0.06663733 0.1007141
vn -1 0 0
vn -0.9995661 -0.02485753 -0.01581397
vn -1 0 0
vn -1 0 0
vn -0.993889 -0.1103756 -0.001526712
vn -1 0 0
vn -0.988242 -0.1450328 0.04841139
vn -1 0 0
vn -0.9878371 -0.1180021 0.1012602
vn -1 0 0
vn -0.9891075 -0.05361596 0.1370845
vn -1 0 0
vn -0.9971943 0.00633636 0.07459008
vn -1 0 0
vn -0.9973222 0.0262413 0.06826675
vn -0.9904526 0.06436818 0.1219045
vn -0.986986 -0.08451696 -0.1368069
vn -0.9992639 -0.02641489 0.02782403
vn -0.986051 -0.002357889 0.1664286
vn -0.9866943 -0.02032454 -0.1613128
vn -0.9907946 -0.05021258 0.1257187
vn -0.9912169 0.04410258 -0.1246778
vn -0.9753416 -0.1316158 0.1771627
vn -0.98843 -0.1231616 0.08853237
vn -0.9908065 0.1144748 -0.07210124
vn -0.9933369 -0.1076531 0.04114917
vn -0.990899 0.1344214 -0.007102836
vn -0.9968533 -0.07719582 0.01802344
vn -0.9930779 0.104878 0.05288803
vn -0.9992628 -0.03555127 0.01450602
vn -0.9788379 0.09077426 -0.1834034
vn -0.9444583 0.3026774 -0.1280062
vn 0 -0.7552384 -0.65545
vn 0 -0.7552384 -0.65545
vn 0 -0.7552384 -0.65545
vn 0 -0.7552384 -0.65545
vn 0 -0.1864264 -0.982469
vn 0 -0.1864264 -0.982469
vn 0 -0.1864264 -0.982469
vn 0 -0.1864264 -0.982469
vn 0 0.3116206 0.9502067
vn 0 0.17204 0.9850901
vn 0 0.17204 0.9850901
vn 0 0.4369932 0.8994648
vn 0 -0.3048103 0.9524133
vn 0 -0.3048103 0.9524133
vn 0 -0.3048103 0.9524133
vn 0 -0.3048103 0.9524133
vn 0 0.4281363 -0.9037144
vn 0 0.4281363 -0.9037144
vn 0 0.4281363 -0.9037144
vn 0 0.4281363 -0.9037144
vn 0 -0.9960015 -0.08933701
vn 0 -0.9960015 -0.08933701
vn 0 -0.9960015 -0.08933701
vn 0 -0.9960015 -0.08933701
vn 0 -0.850893 -0.5253388
vn 0 -0.850893 -0.5253388
vn 0 -0.850893 -0.5253388
vn 0 -0.850893 -0.5253388
vn 0 0.8716441 -0.4901397
vn 0 0.8716441 -0.4901397
vn 0 0.8716441 -0.4901397
vn 0 0.8716441 -0.4901397
vn 0 -0.9994234 -0.03395547
vn 0 -0.9994234 -0.03395547
vn 0 -0.9994234 -0.03395547
vn 0 -0.9994234 -0.03395547
vn 0 0.8711464 -0.4910238
vn 0 0.8711464 -0.4910238
vn 0 0.8711464 -0.4910238
vn 0 0.8711464 -0.4910238
vn 0 0.9993913 -0.03489158
vn 0 0.9993913 -0.03489158
vn 0 0.9993913 -0.03489158
vn 0 0.9993913 -0.03489158
vn 0 0.9047129 0.426022
vn 0 0.9047129 0.426022
vn 0 0.9047129 0.426022
vn 0 0.9047129 0.426022
vn 0 0.5441105 0.8390135
vn 0 0.5441105 0.8390135
vn 0 -0.8566677 0.5158691
vn 0 -0.8566677 0.5158691
vn 0 -0.8566677 0.5158691
vn 0 -0.8566677 0.5158691
vn 0 -0.3041625 -0.9526202
vn 0 -0.3041625 -0.9526202
vn 0 -0.3041625 -0.9526202
vn 0 -0.3041625 -0.9526202
vn -0.958077 0.09866651 -0.2689866
vn -0.9500911 -0.08957659 -0.2988363
vn -0.4486035 -0.220906 -0.8659998
vn -0.4803577 0.1330182 -0.8669273
vn -0.235028 0.06357744 -0.9699073
vn -0.2166267 -0.293727 -0.9310195
vn -0.9184735 -0.2757023 -0.2835402
vn -0.4466138 -0.5471615 -0.70792
vn -0.2194766 -0.6299971 -0.7449388
vn -0.9189668 -0.3604018 -0.1600341
vn -0.4471814 -0.7590644 -0.4731278
vn -0.2160503 -0.8546674 -0.4720868
vn -0.918989 -0.3940311 -0.01411397
vn -0.4457579 -0.8832418 -0.1455478
vn -0.2117425 -0.9706931 -0.1136668
vn -0.9185833 -0.3703921 0.1378949
vn -0.4465046 -0.8708904 0.205387
vn -0.2172326 -0.9382713 0.2691793
vn -0.9190752 -0.2872633 0.2697799
vn -0.4467631 -0.732122 0.5141991
vn -0.2146438 -0.768436 0.6028556
vn -0.9186693 -0.1651281 0.3588593
vn -0.4457255 -0.4720275 0.7606046
vn -0.2126334 -0.47618 0.8532526
vn -0.9186269 -0.004515546 0.3951009
vn -0.446946 -0.1382739 0.8838099
vn -0.2159407 -0.09744533 0.9715319
vn -0.9196169 0.1649224 0.3565188
vn -0.4463648 0.2459937 0.8603754
vn -0.2154123 0.3208205 0.9223188
vn -0.9188523 0.2696768 0.2880716
vn -0.444599 0.5531693 0.7045109
vn -0.2108493 0.6272795 0.7497085
vn -0.9187736 0.343873 0.1939248
vn -0.4471455 0.7276145 0.5202288
vn -0.2129085 0.8174784 0.5351626
vn -0.9181823 0.3848191 0.09410611
vn -0.4450459 0.8460082 0.2936058
vn -0.1876643 0.9406962 0.2826181
vn -0.9119389 0.4103266 -0.0002716211
vn -0.4347935 0.9005189 -0.004544253
vn -0.1495288 0.9887153 -0.009140809
vn -0.9173671 0.2629221 -0.2988482
vn -0.9101478 0.3287482 -0.2521034
vn -0.4190028 0.7183284 -0.555375
vn -0.4258972 0.7179661 -0.5505785
vn -0.2579322 0.7634031 -0.5921885
vn -0.1425344 0.7807136 -0.6084166
vn -0.8812703 0.008224844 -0.4725415
vn -0.8922432 -0.01146616 -0.4514102
vn -0.2338027 -0.04754451 -0.971121
vn -0.1328542 -0.04964176 -0.9898917
vn -0.394854 -0.04394064 -0.9176927
vn -0.3980568 -0.04106981 -0.9164411
vn -0.8875949 -0.4029498 -0.2231756
vn -0.8596602 -0.4849081 -0.1607759
vn -0.8770697 -0.4196677 -0.2337268
vn -0.8362573 -0.5156079 -0.1866081
vn -0.4128869 -0.7946882 -0.4449664
vn -0.378392 -0.8647288 -0.330248
vn -0.2080086 -0.8658317 -0.4550471
vn -0.1688678 -0.9150661 -0.3662483
vn -0.8903444 -0.2931102 -0.3483871
vn -0.8894921 -0.2607438 -0.3752559
vn -0.4156284 -0.5826642 -0.698395
vn -0.2238274 -0.5955693 -0.7714911
vn -0.8938277 -0.1614396 -0.4183415
vn -0.8928207 -0.08882517 -0.4415673
vn -0.4109173 -0.4775373 -0.7765984
vn -0.1457457 -0.5202738 -0.841471
vn -0.8940721 0.0558644 -0.4444262
vn -0.8944874 0.1312499 -0.4273946
vn -0.4100806 -0.03786359 -0.9112632
vn -0.4102279 -0.03780205 -0.9111994
vn -0.2640143 -0.04007202 -0.9636861
vn -0.1464918 -0.04114212 -0.9883561
vn -0.8941382 0.2589578 -0.3653194
vn -0.894906 0.3148494 -0.3162492
vn -0.4200303 0.5238664 -0.7410392
vn -0.4108859 0.4110255 -0.8137758
vn -0.2650225 0.4349789 -0.8605562
vn -0.203643 0.6106505 -0.7652686
vn -0.8939359 0.4054694 -0.1909806
vn -0.8935656 0.4301462 -0.1285119
vn -0.4201366 0.8223404 -0.3837214
vn -0.2153288 0.9077538 -0.3600238
vn -0.8925772 0.4508057 -0.0089798
vn -0.8898543 0.4529223 0.05496459
vn -0.4184585 0.9079946 -0.02093916
vn -0.206038 0.978192 0.02624501
vn -0.8893608 0.4141421 0.193711
vn -0.8880438 0.3682858 0.2752163
vn -0.4051164 0.8862443 0.2246152
vn -0.1435228 0.9599472 0.2406295
vn -0.8849443 0.2165533 0.4122847
vn -0.4068 0.4783117 0.7782876
vn -0.3942099 0.6022813 0.6941584
vn -0.2571586 0.6306373 0.7322336
vn -0.2095515 0.4596156 0.8630421
vn -0.9442891 0.09647344 0.3146608
vn -0.4402043 0.1370648 0.8873746
vn -0.1697926 0.1075201 0.979597
vn -0.378608 0.003733975 0.9255497
vn -0.494342 -0.8689393 0.02388972
vn -0.5339989 -0.8441784 0.04699359
vn -0.5167005 -0.8528219 0.07560217
vn -0.4556139 -0.890175 0.002164036
vn -0.9651133 -0.2165149 0.1472351
vn -0.9721614 -0.1761682 0.1544904
vn -0.9663184 -0.1908098 0.1726869
vn -0.9497887 -0.2827314 0.134033
vn -0.8431279 0.3820976 0.3783345
vn -0.8231874 0.3887691 0.4137893
vn -0.8241684 0.3862374 0.414207
vn -0.8696997 0.3596271 0.3380699
vn -0.3927625 0.7306847 0.558424
vn -0.3855217 0.7081729 0.5914932
vn -0.4069068 0.7043016 0.5817096
vn -0.3888685 0.7598206 0.5210126
vn -0.4106812 0.7883906 0.4580187
vn -0.4117917 0.7880646 0.4575827
vn -0.8918961 0.3452399 0.2921149
vn -0.9097166 0.2957264 0.2914827
vn -0.9474783 -0.3027654 0.1030459
vn -0.9187419 -0.3785609 0.1122742
vn -0.4439503 -0.8953387 -0.03573773
vn -0.4083838 -0.9125137 -0.02327092
vn -0.3790278 0.1630949 0.9108997
vn -0.3790278 0.1630949 0.9108997
vn -0.2546849 0.2812554 0.9252194
vn -0.4924629 -0.1173633 0.8623841
vn -0.3727064 -0.3906216 0.8417274
vn -0.3727064 -0.3906216 0.8417274
vn -0.2482588 -0.5014166 0.8288242
vn -0.5196908 -0.05290264 0.8527151
vn -0.5504106 -0.1291987 0.8248371
vn -0.559017 -0.08603027 0.8246812
vn -0.4780519 -0.02456428 0.8779882
vn -0.968454 -0.2353596 0.08187302
vn -0.9551934 -0.2677851 0.1260837
vn -0.965002 -0.2390901 0.1077389
vn -0.9518464 -0.1792165 0.2487377
vn -0.8174508 -0.4299738 -0.3832715
vn -0.8350897 -0.3992773 -0.3784221
vn -0.7635103 -0.5138842 -0.3911207
vn -0.7623996 -0.5131356 -0.3942574
vn -0.384057 -0.5943929 -0.7065389
vn -0.3858846 -0.6731077 -0.6308876
vn -0.3462135 -0.6993106 -0.6253806
vn -0.3944789 -0.5330377 -0.7485033
vn -0.4165224 -0.4777265 -0.7734898
vn -0.4195443 -0.4764903 -0.7726187
vn -0.8876674 -0.3080136 -0.342308
vn -0.9043139 -0.3086523 -0.2948738
vn -0.9527304 -0.1246158 0.2770853
vn -0.9274822 -0.1376835 0.3475927
vn -0.4691896 0.01100899 0.8830289
vn -0.4351026 -0.003027713 0.9003759
vn -0.3556609 -0.9117298 -0.2055586
vn -0.2404048 -0.9190466 -0.3123444
vn -0.3556609 -0.9117298 -0.2055586
vn -0.4573761 -0.8882459 0.04273793
vn -0.3456318 -0.8963922 0.2775251
vn -0.3456318 -0.8963922 0.2775251
vn -0.2322753 -0.8984818 0.3725308
vn 0 1.279516E-06 -1
vn 0 1.279516E-06 -1
vn 0 1.279516E-06 -1
vn 0 1.279516E-06 -1
vn 0 1.279516E-06 -1
vn 0 1.279516E-06 -1
vn 0 1.279516E-06 -1
vn 0 1.279516E-06 -1
vn 0 1.279516E-06 -1
vn 0 1.279516E-06 -1
vn 0 1.279516E-06 -1
vn 0 1.279516E-06 -1
vn 0 1.279516E-06 -1
vn 0 1.279516E-06 -1
vt 13.9656 3.4436
vt 14 4
vt 4 4
vt 3.9656 3.4436
vt 13.8636 2.8284
vt 3.8636 2.8284
vt 13.6956 2.1648
vt 3.6956 2.1648
vt 13.464 1.464
vt 3.464 1.464
vt 13.1736 0.7384
vt 3.1736 0.7384
vt 12.8284 0
vt 2.8284 0
vt 12.4352 -0.7384
vt 2.4352 -0.7384
vt 12 -1.464
vt 2 -1.464
vt 11.5308 -2.1648
vt 1.5308 -2.1648
vt 11.0352 -2.8284
vt 1.0352 -2.8284
vt 10.522 -3.4436
vt 0.522 -3.4436
vt 10 -4
vt -4 -4
vt 6.0344 -4.4876
vt -3.9656 -4.4876
vt 6.1364 -4.8988
vt -3.8636 -4.8988
vt 6.3044 -5.2264
vt -3.6956 -5.2264
vt 6.536 -5.464
vt -3.464 -5.464
vt 6.8264 -5.6088
vt -3.1736 -5.6088
vt 7.1716 -5.6568
vt -2.8284 -5.6568
vt 6.8264 -5.6088
vt -3.1736 -5.6088
vt 6.536 -5.464
vt -3.464 -5.464
vt 6.3044 -5.2264
vt -3.6956 -5.2264
vt 6.1364 -4.8988
vt -3.8636 -4.8988
vt 6.0344 -4.4876
vt -3.9656 -4.4876
vt 6 -4
vt 0 -4
vt 10.522 -3.4436
vt 0.522 -3.4436
vt 11.0352 -2.8284
vt 1.0352 -2.8284
vt 11.5308 -2.1648
vt 1.5308 -2.1648
vt 12 -1.464
vt 2 -1.464
vt 12.4352 -0.7384
vt 2.4352 -0.7384
vt 12.8284 0
vt 2.8284 0
vt 13.1736 0.7384
vt 3.1736 0.7384
vt 13.464 1.464
vt 3.464 1.464
vt 13.6956 2.1648
vt 3.6956 2.1648
vt 13.8636 2.8284
vt 3.8636 2.8284
vt 13.9656 3.4436
vt 3.9656 3.4436
vt 14 4
vt 4 4
vt 13.9656 4.4876
vt 3.9656 4.4876
vt 13.8636 4.8988
vt 3.8636 4.8988
vt 13.6956 5.2264
vt 3.6956 5.2264
vt 13.464 5.464
vt 3.464 5.464
vt 13.1736 5.6088
vt 3.1736 5.6088
vt 12.8284 5.6568
vt 2.8284 5.6568
vt 13.1736 5.6088
vt 3.1736 5.6088
vt 13.464 5.464
vt 3.464 5.464
vt 13.6956 5.2264
vt 3.6956 5.2264
vt 13.8636 4.8988
vt 3.8636 4.8988
vt 13.9656 4.4876
vt 3.9656 4.4876
vt -10.261 -8.0172
vt -10 -8
vt -10 -10
vt -10.5176 -8.0682
vt -10.7654 -8.1522
vt -11 -8.268
vt -11.2176 -8.4132
vt -11.4142 -8.5858
vt -11.5868 -8.7824
vt -11.732 -9
vt -11.8478 -9.2346
vt -11.9318 -9.4824
vt -11.9828 -9.739
vt -12 -10
vt -11.9828 -10.261
vt -11.9318 -10.5176
vt -11.8478 -10.7654
vt -11.732 -11
vt -11.5868 -11.2176
vt -11.4142 -11.4142
vt -11.2176 -11.5868
vt -11 -11.732
vt -10.7654 -11.8478
vt -10.5176 -11.9318
vt -10.261 -11.9828
vt -10 -12
vt -9.739 -11.9828
vt -9.4824 -11.9318
vt -9.2346 -11.8478
vt -9 -11.732
vt -8.7824 -11.5868
vt -8.5858 -11.4142
vt -8.4132 -11.2176
vt -8.268 -11
vt -8.1522 -10.7654
vt -8.0682 -10.5176
vt -8.0172 -10.261
vt -8 -10
vt -8.0172 -9.739
vt -8.0682 -9.4824
vt -8.1522 -9.2346
vt -8.268 -9
vt -8.4132 -8.7824
vt -8.5858 -8.5858
vt -8.7824 -8.4132
vt -9 -8.268
vt -9.2346 -8.1522
vt -9.4824 -8.0682
vt -9.739 -8.0172
vt 9.739 1.7218
vt 12 2
vt -10 2
vt -10.261 1.7218
vt 9.4824 1.4142
vt -10.5176 1.4142
vt 9.2346 1.0824
vt -10.7654 1.0824
vt 9 0.732
vt -11 0.732
vt 8.7824 0.3692
vt -11.2176 0.3692
vt 8.5858 0
vt -11.4142 0
vt 8.4132 -0.3692
vt -11.5868 -0.3692
vt 8.268 -0.732
vt -11.732 -0.732
vt 8.1522 -1.0824
vt -11.8478 -1.0824
vt 8.0682 -1.4142
vt -11.9318 -1.4142
vt 8.0172 -1.7218
vt -11.9828 -1.7218
vt 8 -2
vt -12 -2
vt 8.0172 -2.2438
vt -11.9828 -2.2438
vt 8.0682 -2.4494
vt -11.9318 -2.4494
vt 8.1522 -2.6132
vt -11.8478 -2.6132
vt 8.268 -2.732
vt -11.732 -2.732
vt 8.4132 -2.8044
vt -11.5868 -2.8044
vt 8.5858 -2.8284
vt -11.4142 -2.8284
vt 8.4132 -2.8044
vt -11.5868 -2.8044
vt 8.268 -2.732
vt -11.732 -2.732
vt 8.1522 -2.6132
vt -11.8478 -2.6132
vt 8.0682 -2.4494
vt -11.9318 -2.4494
vt 8.0172 -2.2438
vt -11.9828 -2.2438
vt 8 -2
vt -12 -2
vt 8.0172 -1.7218
vt -11.9828 -1.7218
vt 8.0682 -1.4142
vt -11.9318 -1.4142
vt 8.1522 -1.0824
vt -11.8478 -1.0824
vt 8.268 -0.732
vt -11.732 -0.732
vt 8.4132 -0.3692
vt -11.5868 -0.3692
vt 8.5858 0
vt -11.4142 0
vt 8.7824 0.3692
vt -11.2176 0.3692
vt 9 0.732
vt -11 0.732
vt 9.2346 1.0824
vt -10.7654 1.0824
vt 9.4824 1.4142
vt -10.5176 1.4142
vt 9.739 1.7218
vt -10.261 1.7218
vt 10 2
vt -8 2
vt 11.9828 2.2438
vt -8.0172 2.2438
vt 11.9318 2.4494
vt -8.0682 2.4494
vt 11.8478 2.6132
vt -8.1522 2.6132
vt 11.732 2.732
vt -8.268 2.732
vt 11.5868 2.8044
vt -8.4132 2.8044
vt 11.4142 2.8284
vt -8.5858 2.8284
vt 11.5868 2.8044
vt -8.4132 2.8044
vt 11.732 2.732
vt -8.268 2.732
vt 11.8478 2.6132
vt -8.1522 2.6132
vt 11.9318 2.4494
vt -8.0682 2.4494
vt 11.9828 2.2438
vt -8.0172 2.2438
vt 10 12
vt 9.739 11.9828
vt 9.478 13.9656
vt 10 14
vt 9.4824 11.9318
vt 8.9648 13.8636
vt 9.2346 11.8478
vt 8.4692 13.6956
vt 9 11.732
vt 8 13.464
vt 8.7824 11.5868
vt 7.5648 13.1736
vt 8.5858 11.4142
vt 7.1716 12.8284
vt 8.4132 11.2176
vt 6.8264 12.4352
vt 8.268 11
vt 6.536 12
vt 8.1522 10.7654
vt 6.3044 11.5308
vt 8.0682 10.5176
vt 6.1364 11.0352
vt 8.0172 10.261
vt 6.0344 10.522
vt 8 10
vt 6 10
vt 8.0172 9.739
vt 6.0344 9.478
vt 8.0682 9.4824
vt 6.1364 8.9648
vt 8.1522 9.2346
vt 6.3044 8.4692
vt 8.268 9
vt 6.536 8
vt 8.4132 8.7824
vt 6.8264 7.5648
vt 8.5858 8.5858
vt 7.1716 7.1716
vt 8.7824 8.4132
vt 7.5648 6.8264
vt 9 8.268
vt 8 6.536
vt 9.2346 8.1522
vt 8.4692 6.3044
vt 9.4824 8.0682
vt 8.9648 6.1364
vt 9.739 8.0172
vt 9.478 6.0344
vt 10 8
vt 10 6
vt 10.261 8.0172
vt 10.522 6.0344
vt 10.5176 8.0682
vt 11.0352 6.1364
vt 10.7654 8.1522
vt 11.5308 6.3044
vt 11 8.268
vt 12 6.536
vt 11.2176 8.4132
vt 12.4352 6.8264
vt 11.4142 8.5858
vt 12.8284 7.1716
vt 11.5868 8.7824
vt 13.1736 7.5648
vt 11.732 9
vt 13.464 8
vt 11.8478 9.2346
vt 13.6956 8.4692
vt 11.9318 9.4824
vt 13.8636 8.9648
vt 11.9828 9.739
vt 13.9656 9.478
vt 12 10
vt 14 10
vt 11.9828 10.261
vt 13.9656 10.522
vt 11.9318 10.5176
vt 13.8636 11.0352
vt 11.8478 10.7654
vt 13.6956 11.5308
vt 11.732 11
vt 13.464 12
vt 11.5868 11.2176
vt 13.1736 12.4352
vt 11.4142 11.4142
vt 12.8284 12.8284
vt 11.2176 11.5868
vt 12.4352 13.1736
vt 11 11.732
vt 12 13.464
vt 10.7654 11.8478
vt 11.5308 13.6956
vt 10.5176 11.9318
vt 11.0352 13.8636
vt 10.261 11.9828
vt 10.522 13.9656
vt -4.5017 -5.7606
vt 0 -6
vt 2.2962 -3.2472
vt -2.2322 -3.0674
vt 4.2426 0
vt -0.2635002 0.1085
vt 5.5434 3.2472
vt 1.1052 3.2837
vt 6 6
vt 1.6651 5.9746
vt 5.5434 7.8396
vt 1.3314 7.7719
vt 4.2426 8.4852
vt 0.1543999 8.401199
vt 5.5434 7.8396
vt 1.5878 7.7679
vt 6 6
vt 2.0566 5.9672
vt -10.1437 -4.6569
vt -7.8274 -1.9724
vt -5.7195 1.1844
vt -4.1405 4.3328
vt -3.3311 6.9937
vt -3.4144 8.7619
vt -3.3028 9.3678
vt -1.8425 8.7202
vt -1.33 6.9164
vt -15.5347 -2.1435
vt -13.1453 0.4981
vt -10.7983 3.5639
vt -8.8507 6.5869
vt -7.5994 9.107
vt -7.2343 10.7408
vt -7.8117 11.2388
vt -3.174 10.5262
vt -2.6003 8.7106
vt -20.9025 2.5721
vt -18.5426 5.0248
vt -16.0477 7.7842
vt -13.7978 10.4299
vt -12.1353 12.5592
vt -11.3132 13.8481
vt -11.4571 14.1
vt -12.5444 13.2771
vt -14.4103 11.5041
vt -24.8236 8.8391
vt -22.5283 11.0546
vt -19.9515 13.4042
vt -17.4854 15.5303
vt -15.5056 17.1091
vt -14.3133 17.9004
vt -14.0904 17.7833
vt -14.8702 16.7764
vt -16.5347 15.0321
vt -27.298 16.6575
vt -25.0778 18.635
vt -22.4873 20.5342
vt -19.921 22.0661
vt -17.7697 22.9972
vt -16.3606 23.1861
vt -15.9087 22.6036
vt 1.124199 21.3388
vt -17.9944 19.5839
vt -3.406799 24.1529
vt -25.4488 25.9183
vt -22.9588 27.424
vt -20.4688 28.4412
vt -18.3579 28.8146
vt -16.9474 28.4876
vt -16.4525 27.5097
vt 5.5611 26.0303
vt 5.9158 24.2741
vt 5.778 31.9075
vt -24.1232 33.5153
vt -21.77 34.7332
vt -19.4278 35.3765
vt -17.4536 35.3466
vt -16.1475 34.6486
vt -15.709 33.3883
vt 12.1939 31.758
vt 12.4476 30.0055
vt 16.6248 39.6216
vt 16.8256 41.135
vt -18.8375 42.2106
vt -16.6239 42.685
vt -14.7716 42.4855
vt -13.5624 41.6431
vt -13.1808 40.2855
vt 21.7014 38.6197
vt 21.9022 36.8991
vt 32.3864 48.9182
vt 32.5056 50.1567
vt -13.0884 50.9621
vt -11.2883 51.2122
vt -9.803699 50.8682
vt -8.8601 49.9832
vt -8.6019 48.6915
vt 35.4009 47.1899
vt 35.5201 45.707
vt 47.7277 57.7051
vt 47.8632 58.8017
vt -6.9526 59.5637
vt -5.349401 59.8753
vt -4.012 59.6889
vt -3.1441 59.0331
vt -2.878 58.0075
vt 51.1538 56.7683
vt 51.2892 55.5042
vt 55.5649 62.6555
vt 55.7049 63.6489
vt -4.371 64.3697
vt -2.9186 64.7086
vt -1.7 64.6135
vt -0.9006 64.0992
vt 58.7066 63.2438
vt 59.1056 62.1778
vt 59.2457 61.0633
vt 13.8468 33.4295
vt 6.9505 28.7493
vt 10.2554 28.0819
vt 13.934 30.6036
vt 16.4392 31.8722
vt 16.5486 34.7776
vt -10.1306 34.8718
vt -12.829 34.7776
vt 16.4392 31.8722
vt 18.9925 31.9583
vt -11.0823 30.4217
vt -10.1306 34.8718
vt -12.9658 31.9583
vt -8.0725 33.2427
vt -7.885301 30.7477
vt -8.0725 33.2427
vt -11.0823 30.4217
vt -10.9088 28.0712
vt 13.9471 29.1788
vt 17.4624 30.7477
vt 17.1624 28.0712
vt 13.9081 26.5951
vt 10.7616 28.7812
vt 13.9471 29.1788
vt 13.9081 26.5951
vt 10.9876 26.2233
vt 8.7014 27.1648
vt 10.7616 28.7812
vt 10.9876 26.2233
vt 8.4355 24.3627
vt -10.7705 24.5432
vt -13.0634 27.1648
vt -15.9272 24.3627
vt -13.5883 21.6884
vt -10.5748 20.1605
vt -7.816401 23.0454
vt -3.2193 23.2059
vt -7.816401 23.0454
vt 9.5857 20.1605
vt 14.4391 20.3243
vt 21.5278 26.1473
vt 14.5866 23.2059
vt 14.4391 20.3243
vt 21.5198 23.3248
vt 27.5512 27.6707
vt 27.4405 30.4076
vt 21.5278 26.1473
vt 21.5198 23.3248
vt 2.0794 34.7979
vt -0.48 32.1492
vt -0.1763999 39.2219
vt -2.7811 36.6621
vt 32.6408 39.1846
vt 32.4297 41.6946
vt 33.6455 39.2219
vt 33.881 36.6621
vt 28.7856 39.8436
vt 28.6505 42.3406
vt 24.568 42.1062
vt 26.2233 39.6964
vt -15.8495 32.9255
vt -16.3988 28.7493
vt -14.1827 33.4295
vt -12.3166 37.297
vt -12.829 34.7776
vt -12.5618 38.5892
vt -13.2865 39.9359
vt -9.9123 40.0826
vt -12.1382 42.1062
vt -6.214601 40.2117
vt -8.2901 42.3406
vt -2.6539 38.535
vt -3.8649 41.6946
vt -0.4329998 35.1104
vt -0.1763999 39.2219
vt 0.1923001 31.53
vt 2.0794 34.7979
vt -1.0707 27.5836
vt 2.4329 30.4076
vt 0.7805001 26.1473
vt -3.2193 23.2059
vt -4.5987 25.4591
vt -7.816401 23.0454
vt -7.8107 25.7472
vt -10.7705 24.5432
vt -9.6515 26.8837
vt -12.6196 28.7812
vt -13.0634 27.1648
vt -6.8056 28.484
vt -9.8317 29.1788
vt -5.4078 31.4345
vt -7.885301 30.7477
vt -6.4189 34.6012
vt -8.0725 33.2427
vt -9.4114 37.1983
vt -10.1306 34.8718
vt -10.4114 36.1983
vt -10.9123 39.0826
vt -13.5618 37.5892
vt -13.3166 36.297
vt -7.4189 33.6012
vt -7.214601 39.2117
vt -6.4078 30.4345
vt -3.6539 37.535
vt -0.8076999 30.53
vt -1.433 34.1104
vt -5.5987 24.4591
vt -2.0707 26.5836
vt -8.8107 24.7472
vt -7.8056 27.484
vt -10.6515 25.8837
vt -14.1432 62.7305
vt -13.066 61.4115
vt -10.7402 62.8711
vt -12.5312 63.4025
vt -16.6131 64.4739
vt -16.0446 62.6637
vt -18.5762 66.60851
vt -18.7041 65.0105
vt -19.8149 70.1306
vt -20.9461 68.3501
vt -19.6538 73.6284
vt -21.4762 72.36
vt -18.1982 76.8034
vt -20.3101 76.1402
vt -15.4585 79.056
vt -17.6511 79.4943
vt -11.4399 80.086
vt -13.7151 81.5259
vt -7.9456 79.7249
vt -9.607 81.9543
vt -3.8864 77.3537
vt -5.1286 80.6759
vt -1.2688 72.6073
vt -1.5798 77.7135
vt 0.4606001 74.2774
vt -0.9194999 69.7008
vt 0.289 70.078
vt -3.5685 72.6475
vt -0.9195001 69.7008
vt -4.6125 75.8662
vt -8.8153 75.7395
vt -5.5298 74.882
vt -7.8963 76.8236
vt -12.0253 75.1955
vt -11.1993 76.6813
vt -14.2529 73.6341
vt -14.1215 75.4321
vt -15.7033 70.759
vt -16.4665 72.8726
vt -15.5627 67.356
vt -16.938 68.7802
vt -13.91 64.6267
vt -15.8028 65.0598
vt -2.2228 69.4218
vt -18.2571 67.4996
vt -16.3045 64.8668
vt -17.9466 68.0943
vt -19.2063 70.3148
vt -18.1012 70.5956
vt -18.5436 73.80209
vt -17.4525 73.283
vt -15.4091 75.7477
vt -16.495 76.5667
vt -11.7835 77.2864
vt -12.4659 78.29839
vt -7.980599 77.5218
vt -8.4648 78.43031
vt -4.4968 76.6626
vt -10.7489 62.3712
vt -12.0662 61.3941
vt 22.7823 33.6012
vt 22.3869 36.1983
vt 22.3869 37.1983
vt 22.7823 34.6012
vt -13.3166 36.297
vt -13.5618 37.5892
vt -12.5618 38.5892
vt -12.3166 37.297
vt -1.433 34.1104
vt -0.8076999 30.53
vt 0.1923001 31.53
vt -0.4329998 35.1104
vt 26.3223 30.53
vt 21.1129 26.5836
vt 21.1129 27.5836
vt 26.3223 31.53
vt 16.2784 27.484
vt 20.6267 30.4345
vt 20.6267 31.4345
vt 16.2784 28.484
vt 15.4604 24.4591
vt 12.5365 24.7472
vt 12.5365 25.7472
vt 15.4604 25.4591
vt 12.5365 24.7472
vt 11.8322 25.8837
vt 11.8322 26.8837
vt 12.5365 25.7472
vt 11.8322 25.8837
vt 16.2784 27.484
vt 16.2784 28.484
vt 11.8322 26.8837
vt 22.3869 36.1983
vt 19.5804 36.297
vt 19.5804 37.297
vt 22.3869 37.1983
vt 20.6274 37.5892
vt 24.7703 39.0826
vt 24.7703 40.0826
vt 20.6274 38.5892
vt 24.7703 39.0826
vt 28.5971 39.2117
vt 28.5971 40.2117
vt 24.7703 40.0826
vt -7.214601 39.2117
vt -3.6539 37.535
vt -2.6539 38.535
vt -6.214601 40.2117
vt -3.6539 37.535
vt -2.6539 38.535
vt 21.1129 26.5836
vt 15.4604 24.4591
vt 15.4604 25.4591
vt 21.1129 27.5836
vt -6.4078 30.4345
vt -7.4189 33.6012
vt -6.4189 34.6012
vt -5.4078 31.4345
vt 1.2782 69.99139
vt 0.8168001 74.22109
vt 69.6379 74.2211
vt 65.8696 69.99139
vt 66.4491 69.0785
vt 0.2855 73.3951
vt 66.565 67.396
vt -1.3207 71.7299
vt -1.3469 77.86739
vt -1.3469 77.86739
vt -1.9663 77.1917
vt -3.5901 75.5565
vt -5.1012 80.9946
vt 70.4934 80.9946
vt 71.1693 80.4365
vt 71.3044 78.8249
vt -9.8461 82.3516
vt 67.10551 82.3516
vt 67.64709 81.84969
vt 67.75549 80.2494
vt -14.2154 81.8966
vt 62.2812 81.8966
vt 62.6172 81.37569
vt 62.6844 79.7715
vt -18.3959 79.73479
vt 55.9389 79.73479
vt 56.0073 79.1209
vt 56.0211 77.4982
vt -21.2294 76.1664
vt 49.537 76.1664
vt 49.3276 75.3994
vt 49.2857 73.746
vt -22.4738 72.1186
vt -22.4738 72.1186
vt -23.972 71.1605
vt 43.6972 69.4689
vt -21.9009 67.8026
vt -21.9009 67.8026
vt -23.3687 66.6259
vt -25.1622 64.8905
vt -19.5306 64.2492
vt -19.5306 64.2492
vt -20.9066 62.9196
vt -22.6819 61.1537
vt -16.7168 61.7708
vt -16.7168 61.7708
vt -17.9826 60.3473
vt -19.7357 58.5626
vt -13.5104 60.4266
vt -13.5104 60.4266
vt -14.6135 58.9373
vt -16.3341 57.1395
vt -12.1524 60.4275
vt -12.1524 60.4275
vt -12.9997 58.9514
vt 42.4871 57.1562
vt -10.4264 61.7511
vt -12.1524 60.4275
vt 45.9247 61.7511
vt 42.8751 60.4275
vt 42.5517 58.9514
vt 46.1406 60.5224
vt 42.4871 57.1562
vt 46.1838 58.7767
vt -10.7402 62.8711
vt -10.4758 62.8534
vt 46.1406 60.5224
vt 47.6309 62.0912
vt 46.9776 62.8534
vt 45.9247 61.7511
vt -12.5929 58.7767
vt -12.6772 60.4521
vt -12.5312 63.4025
vt -10.7402 62.8711
vt -12.5318 63.5975
vt -10.4758 62.8534
vt 45.6657 63.5975
vt 46.9776 62.8534
vt 46.2863 62.9885
vt 47.6309 62.0912
vt 47.7749 60.4521
vt 46.4263 61.3785
vt -13.91 64.6267
vt -13.7366 64.6792
vt -13.7366 64.6792
vt -14.3735 63.9605
vt -15.9944 62.3264
vt -15.5627 67.356
vt -15.2874 67.21249
vt -15.2874 67.21249
vt -15.8424 66.338
vt -17.4438 64.6678
vt -15.7033 70.759
vt -15.4166 70.3267
vt 49.5101 70.3267
vt 46.5251 67.21249
vt 47.0956 66.338
vt 49.8633 69.2259
vt -17.4438 64.6678
vt -17.5619 67.5041
vt -14.2529 73.6341
vt -14.095 72.9433
vt 53.4483 72.9433
vt 49.5101 70.3267
vt 49.8633 69.2259
vt 53.4986 71.6404
vt 49.9422 67.5041
vt 53.5092 69.873
vt -12.0253 75.1955
vt -12.0914 74.3428
vt -12.0914 74.3428
vt 56.6024 72.9144
vt 53.5092 69.873
vt 56.5463 71.1191
vt -8.8153 75.7395
vt -9.1193 74.84489
vt -9.1193 74.84489
vt -10.1284 73.3834
vt -11.8328 71.5805
vt -5.5298 74.882
vt -6.1115 74.0759
vt -6.1115 74.0759
vt -7.3385 72.683
vt -9.0926 70.8953
vt -4.3599 72.0571
vt -4.3599 72.0571
vt -6.1115 74.0759
vt -7.3385 72.683
vt -5.7491 70.832
vt -9.0926 70.8953
vt -7.5391 69.082
vt -3.4544 69.0172
vt -3.4544 69.0172
vt -4.8772 67.8625
vt -6.6758 66.1326
vt -5.836 63.6489
vt -15.4703 13.2161
vt -13.7338 13.5049
vt -13.3125 12.7483
vt -15.0092 12.5393
vt -24.6482 11.9077
vt -20.0026 10.8793
vt -23.3523 13.5049
vt -25.7842 13.2161
vt -24.8076 9.3788
vt -19.7303 6.8217
vt -20.0026 10.8793
vt -24.6482 11.9077
vt -24.8076 9.378799
vt -21.2059 3.0569
vt -19.7303 6.8217
vt -26.0844 7.1952
vt -29.8123 11.2297
vt -30.8271 9.949
vt -29.8123 11.2297
vt -29.3034 12.5281
vt -29.3034 12.5281
vt -29.5893 13.0929
vt -18.232 13.0929
vt -17.8676 12.6141
vt -29.8123 11.2297
vt -31.2508 11.3428
vt -30.8271 9.948999
vt -29.3034 12.5281
vt -18.232 13.0929
vt -19.908 11.3428
vt -17.8676 12.6141
vt -8.1032 9.454599
vt -10.1312 8.019899
vt -7.346 8.5723
vt -9.9695 8.5409
vt -5.9783 9.403399
vt -7.346 8.5723
vt -3.5398 7.772799
vt -8.1032 9.454599
vt -4.8486 8.4084
vt -5.9783 9.403399
vt -3.5398 7.7728
vt -3.2381 7.2421
vt -4.848599 8.4084
vt 1.2104 7.2421
vt 2.0566 5.9672
vt -5.2982 7.13
vt -7.2117 11.501
vt -7.5884 10.8435
vt -7.2117 11.501
vt -7.758299 11.7363
vt -7.758299 11.7363
vt -8.9078 11.4117
vt -8.9078 11.4117
vt -9.9621 10.7422
vt 2.8323 11.501
vt 3.2551 10.8435
vt 2.482599 11.2412
vt 1.9322 11.7363
vt 1.0821 11.4117
vt 2.482599 11.2412
vt 0.7800999 10.7422
vt -5.5434 2.2962
vt -6 0
vt -4 0
vt -3.6956 1.5308
vt -2.8284 2.8284
vt -4.2426 4.2426
vt -2.2962 5.5434
vt -1.5308 3.6956
vt 0 6
vt 0 4
vt 1.5308 3.6956
vt 2.2962 5.5434
vt 2.8284 2.8284
vt 4.2426 4.2426
vt 5.5434 2.2962
vt 3.6956 1.5308
vt 4 0
vt 6 0
vt -5.5434 -7.8396
vt -9.7936 -7.5614
vt -4.2426 -8.4852
vt -8.4582 -8.1947
vt -5.5434 -7.8396
vt -9.7438 -7.5653
vt -6 -6
vt -4.1029 -5.768
vt 2.2962 -3.2472
vt -1.7457 -3.0771
vt 4.2426 0
vt 0.2523999 0.09800005
vt 5.5434 3.2472
vt 1.5878 3.2739
vt -14.288 -6.4606
vt -14.0121 -7.1082
vt -14.9757 -6.5024
vt -8.0652 -4.7341
vt -5.4877 -2.0733
vt -3.3028 1.0752
vt -1.8425 4.232
vt -17.6025 -3.9591
vt -19.0339 -4.6717
vt -19.6113 -4.1737
vt -10.1392 -2.5398
vt -7.2541 -0.01980019
vt -4.8085 3.0032
vt -3.174 6.069
vt -22.7684 0.799
vt -16.0715 -0.0237999
vt -13.5697 0.2281003
vt -10.6183 1.517
vt -7.666901 3.6463
vt -19.2651 6.292
vt -16.7702 9.0513
vt -26.4881 7.0948
vt -13.8637 6.087799
vt -11.5147 5.9707
vt -8.743501 6.762099
vt -23.8729 8.340799
vt -21.4068 10.4669
vt -18.83 12.8166
vt -10.1752 14.9026
vt -8.849499 13.6378
vt -6.8657 13.0553
vt -4.525501 13.2442
vt -25.3714 14.1753
vt -22.8051 15.7072
vt -20.2146 17.6064
vt -3.052101 22.3967
vt -2.041601 20.9172
vt -0.5293999 19.9394
vt 1.254499 19.6124
vt -25.4492 19.9858
vt -22.9593 21.0029
vt -20.4692 22.5087
vt 6.031898 30.1551
vt 6.754799 28.5248
vt 7.836699 27.2645
vt 9.112799 26.5664
vt -24.2595 26.5366
vt -21.9174 27.1799
vt -19.5641 28.3978
vt 16.8256 37.901
vt 17.3977 36.2352
vt 18.2537 34.8776
vt 19.2635 34.0351
vt -21.3698 33.8357
vt -19.1562 34.3101
vt -16.9183 35.3857
vt 32.5056 47.4353
vt 32.8453 45.9337
vt 33.3537 44.642
vt 33.9533 43.757
vt -15.4303 43.413
vt -13.6303 43.6631
vt 35.4009 44.4685
vt 47.8632 56.4411
vt 48.2493 55.2019
vt 48.8269 54.1763
vt -10.1804 53.5205
vt -8.8431 53.3341
vt -7.2398 53.6457
vt 51.1538 54.4077
vt 55.7049 61.5409
vt 56.1039 60.4749
vt 56.701 59.6196
vt -7.2082 59.1053
vt -5.9896 59.0102
vt -4.5372 59.349
vt -3.0722 60.0698
vt 13.8468 28.0295
vt 6.9505 23.3493
vt 16.5486 29.3776
vt 19.3412 29.4718
vt 16.5486 29.3776
vt -15.5306 29.4718
vt -13.4725 27.8427
vt 17.4624 25.3477
vt 19.7702 27.8427
vt 13.9471 23.7788
vt 17.4624 25.3477
vt 10.7616 23.3812
vt 13.9471 23.7788
vt 8.7014 21.7648
vt 10.7616 23.3812
vt -16.1705 19.1432
vt -18.4634 21.7648
vt -13.2164 17.6454
vt 14.5866 17.8059
vt 9.829 17.6454
vt 21.5278 20.7473
vt 14.5866 17.8059
vt 27.4405 25.0076
vt 21.5278 20.7473
vt -3.3206 29.3979
vt -5.5764 33.8219
vt 32.4297 36.2946
vt 33.6455 33.8219
vt 28.6505 36.9406
vt 24.568 36.7062
vt -21.2495 27.5255
vt -21.7988 23.3493
vt -19.5827 28.0295
vt -17.7166 31.897
vt -18.229 29.3776
vt -17.9618 33.1892
vt -18.6865 34.5359
vt -15.3123 34.6826
vt -17.5382 36.7062
vt -11.6146 34.8117
vt -13.6901 36.9406
vt -8.0539 33.135
vt -9.2649 36.2946
vt -5.833 29.7104
vt -5.5764 33.8219
vt -5.2077 26.13
vt -3.3206 29.3979
vt -6.4707 22.1836
vt -2.9671 25.0076
vt -4.6195 20.7473
vt -8.6193 17.8059
vt -9.9987 20.0591
vt -13.2164 17.6454
vt -13.2107 20.3472
vt -16.1705 19.1432
vt -15.0515 21.4837
vt -18.0196 23.3812
vt -18.4634 21.7648
vt -12.2056 23.084
vt -15.2317 23.7788
vt -10.8078 26.0345
vt -13.2853 25.3477
vt -11.8189 29.2012
vt -13.4725 27.8427
vt -14.8114 31.7983
vt -15.5306 29.4718
vt -13.8114 32.7983
vt -14.3123 35.6826
vt -16.9618 34.1892
vt -16.7166 32.897
vt -10.8189 30.2012
vt -10.6146 35.8117
vt -9.807799 27.0345
vt -7.0539 34.135
vt -4.2077 27.13
vt -4.833 30.7104
vt -8.9987 21.0591
vt -5.4707 23.1836
vt 12.5365 21.3472
vt 16.2784 24.084
vt 11.8322 22.4837
vt 42.5873 56.7305
vt -19.066 55.4115
vt -16.7402 56.8711
vt -18.5312 57.4025
vt 41.8608 58.4739
vt -22.0446 56.6637
vt -24.5762 60.6085
vt 40.3064 59.0105
vt -25.8149 64.1306
vt 41.404 62.3501
vt -25.6538 67.6284
vt 44.8838 66.36
vt -24.1982 70.8034
vt 49.8301 70.1402
vt -21.4585 73.056
vt 55.8432 73.4943
vt -17.4399 74.086
vt 61.8108 75.5259
vt -13.9456 73.7249
vt 66.3473 75.9543
vt -9.8864 71.3537
vt 69.5473 74.6759
vt -7.2688 66.6073
vt -7.5798 71.7135
vt -5.5394 68.2774
vt -6.9195 63.7008
vt -5.511 64.278
vt 63.079 66.6475
vt -6.9195 63.7008
vt 65.2537 69.8662
vt -14.8153 69.7395
vt -11.5298 68.882
vt 62.9273 70.8236
vt -18.0253 69.1955
vt 59.482 70.6813
vt -20.2529 67.6341
vt 55.3106 69.4321
vt -21.7033 64.759
vt 50.4061 66.8726
vt -21.5627 61.356
vt 45.8422 62.7802
vt -19.91 58.6267
vt 43.257 59.0598
vt 61.399 63.6218
vt -23.8571 61.8996
vt 42.7623 59.0668
vt 44.5477 62.4943
vt -24.6063 64.9148
vt 47.0944 65.1956
vt -23.7436 68.6021
vt 50.6305 68.083
vt 55.1386 70.5477
vt -21.695 71.3667
vt 60.10291 71.88641
vt -17.8659 72.8984
vt 63.9412 71.9218
vt -14.0648 72.8303
vt 66.3658 70.86259
vt -16.7489 56.3712
vt -18.0662 55.3941
vt 22.7823 30.2012
vt 22.3869 32.7983
vt 22.3869 31.7983
vt 22.7823 29.2012
vt -16.7166 32.897
vt -16.9618 34.1892
vt -17.9618 33.1892
vt -17.7166 31.897
vt -4.833 30.7104
vt -4.2077 27.13
vt -5.2077 26.13
vt -5.833 29.7104
vt 26.3223 27.13
vt 21.1129 23.1836
vt 21.1129 22.1836
vt 26.3223 26.13
vt 16.2784 24.084
vt 20.6267 27.0345
vt 20.6267 26.0345
vt 16.2784 23.084
vt 15.4604 21.0591
vt 12.5365 21.3472
vt 12.5365 20.3472
vt 15.4604 20.0591
vt 12.5365 21.3472
vt 11.8322 22.4837
vt 11.8322 21.4837
vt 12.5365 20.3472
vt 11.8322 22.4837
vt 16.2784 24.084
vt 16.2784 23.084
vt 11.8322 21.4837
vt 22.3869 32.7983
vt 19.5804 32.897
vt 19.5804 31.897
vt 22.3869 31.7983
vt 20.6274 34.1892
vt 24.7703 35.6826
vt 24.7703 34.6826
vt 20.6274 33.1892
vt 24.7703 35.6826
vt 28.5971 35.8117
vt 28.5971 34.8117
vt 24.7703 34.6826
vt -10.6146 35.8117
vt -7.0539 34.135
vt -8.0539 33.135
vt -11.6146 34.8117
vt -7.0539 34.135
vt -8.0539 33.135
vt 21.1129 23.1836
vt 15.4604 21.0591
vt 15.4604 20.0591
vt 21.1129 22.1836
vt -9.807799 27.0345
vt -10.8189 30.2012
vt -11.8189 29.2012
vt -10.8078 26.0345
vt -4.1218 64.5914
vt -4.5832 68.8211
vt -4.5832 68.82111
vt -4.1218 64.5914
vt -2.6294 65.6785
vt -3.1145 69.9951
vt -6.7469 72.4674
vt -6.7469 72.4674
vt -5.3663 73.7917
vt 70.4934 75.5946
vt 70.4934 75.5946
vt 71.1693 77.03651
vt 67.10551 76.95161
vt 67.10551 76.95161
vt 67.64709 78.4497
vt 62.2812 76.4966
vt 62.2812 76.4966
vt 62.6172 77.9757
vt 55.9389 74.3348
vt 55.9389 74.3348
vt 56.0073 75.7209
vt 49.537 70.7664
vt 49.537 70.7664
vt 49.3276 71.9994
vt 44.2448 66.71861
vt 44.2448 66.71861
vt 43.7885 67.76051
vt 40.5017 62.4026
vt 40.5017 62.4026
vt -26.7687 63.2259
vt 39.3186 58.8492
vt -24.9306 58.8492
vt -24.3066 59.5196
vt -22.1168 56.3708
vt -22.1168 56.3708
vt -21.3826 56.9473
vt -18.9104 55.0266
vt 41.5162 55.0266
vt -18.0135 55.5373
vt -17.5524 55.0275
vt 42.8751 55.0275
vt 42.5517 55.5514
vt -15.8264 56.3511
vt -17.5524 55.0275
vt 45.9247 56.3511
vt 42.8751 55.0275
vt 42.5517 55.5514
vt 46.1406 57.1224
vt -16.7402 56.8711
vt -15.8758 57.4534
vt -14.3818 57.1224
vt -14.4603 58.6912
vt -15.8758 57.4534
vt -15.8264 56.3511
vt 44.8713 57.4025
vt 46.1309 56.8711
vt 45.6657 58.1975
vt 46.9776 57.4534
vt 45.6657 58.1975
vt 46.9776 57.4534
vt 46.2863 59.5885
vt 47.6309 58.6912
vt -19.91 58.6267
vt -19.1366 59.2792
vt -19.1366 59.2792
vt -17.7735 60.5605
vt -21.5627 61.356
vt -20.6874 61.8125
vt -20.6874 61.8125
vt -19.2424 62.938
vt -21.7033 64.759
vt -20.8166 64.9267
vt -20.8166 64.9267
vt -20.6874 61.8125
vt -19.2424 62.938
vt -19.3626 65.8259
vt -20.2529 67.6341
vt -19.495 67.5433
vt 53.4483 67.5433
vt 49.5101 64.9267
vt 49.8633 65.8259
vt 53.4986 68.2404
vt -18.0253 69.1955
vt -17.4914 68.9428
vt 56.8514 68.9428
vt 56.6024 69.5144
vt -14.8153 69.7395
vt -14.5193 69.4449
vt 60.3256 69.4449
vt 59.855 69.98341
vt -11.5298 68.882
vt -11.5115 68.6759
vt 62.5644 68.6759
vt -10.7385 69.283
vt 62.2972 66.6571
vt -9.7599 66.6571
vt -11.5115 68.6759
vt -10.7385 69.283
vt -9.1491 67.43201
vt 60.1628 63.6172
vt 60.1628 63.6172
vt 59.5853 64.4625
vt 55.7049 61.5409
vt -15.4703 10.3139
vt -13.7338 9.6185
vt -13.3125 12.7483
vt -15.0092 12.5393
vt -16.7977 7.8505
vt -15.0719 4.9307
vt -13.7338 9.6185
vt -15.4703 10.3139
vt -27.5926 6.5938
vt -17.0552 2.6751
vt -15.0719 4.9307
vt -28.7054 7.8505
vt -27.5926 6.5938
vt -21.2059 3.0569
vt -23.8769 2.6751
vt -26.0844 7.1952
vt -31.5905 9.4515
vt -30.8271 9.949
vt -31.5905 9.4515
vt -31.7928 10.0387
vt -19.2647 10.0387
vt -18.232 11.3573
vt -18.232 11.3573
vt -17.8676 12.6141
vt -20.3608 9.4515
vt -19.908 11.3428
vt -30.8271 9.948999
vt -19.2647 10.0387
vt -18.232 11.3573
vt -19.908 11.3428
vt -17.8676 12.6141
vt -1.036 7.0672
vt -2.1113 8.019899
vt -2.2405 5.1055
vt -1.428599 8.5409
vt 0.08150005 6.0598
vt -2.2405 5.1055
vt -0.6762004 2.8636
vt -1.036 7.0672
vt 1.2694 6.118
vt 0.08149958 6.0598
vt -0.6761999 2.8636
vt 1.2104 4.4485
vt -7.139 6.118
vt 1.2104 4.4485
vt 2.0566 5.9672
vt -5.2982 7.13
vt -8.6687 10.044
vt -7.5884 10.8435
vt -8.6687 10.044
vt 1.9322 9.6905
vt 1.9322 9.6905
vt 1.0821 9.9899
vt 1.0821 9.9899
vt 0.7800999 10.7422
vt 2.8323 10.044
vt 3.2551 10.8435
vt 2.482599 11.2412
vt 1.9322 9.6905
vt 1.0821 9.9899
vt 2.482599 11.2412
vt 0.7800999 10.7422
vt -5.5434 -2.2962
vt -3.6956 -1.5308
vt -2.8284 -2.8284
vt -4.2426 -4.2426
vt -2.2962 -5.5434
vt -1.5308 -3.6956
vt 0 -6
vt 0 -4
vt 1.5308 -3.6956
vt 2.2962 -5.5434
vt 2.8284 -2.8284
vt 4.2426 -4.2426
vt 5.5434 -2.2962
vt 3.6956 -1.5308
usemtl 2
f 3/3/3 2/2/2 1/1/1
f 1/1/1 4/4/4 3/3/3
f 4/4/4 1/1/1 5/5/5
f 5/5/5 6/6/6 4/4/4
f 6/6/6 5/5/5 7/7/7
f 7/7/7 8/8/8 6/6/6
f 8/8/8 7/7/7 9/9/9
f 9/9/9 10/10/10 8/8/8
f 10/10/10 9/9/9 11/11/11
f 11/11/11 12/12/12 10/10/10
f 12/12/12 11/11/11 13/13/13
f 13/13/13 14/14/14 12/12/12
f 14/14/14 13/13/13 15/15/15
f 15/15/15 16/16/16 14/14/14
f 16/16/16 15/15/15 17/17/17
f 17/17/17 18/18/18 16/16/16
f 18/18/18 17/17/17 19/19/19
f 19/19/19 20/20/20 18/18/18
f 20/20/20 19/19/19 21/21/21
f 21/21/21 22/22/22 20/20/20
f 22/22/22 21/21/21 23/23/23
f 23/23/23 24/24/24 22/22/22
f 24/24/24 23/23/23 25/25/25
f 25/25/25 26/26/26 24/24/24
f 26/26/26 25/25/25 27/27/27
f 27/27/27 28/28/28 26/26/26
f 28/28/28 27/27/27 29/29/29
f 29/29/29 30/30/30 28/28/28
f 30/30/30 29/29/29 31/31/31
f 31/31/31 32/32/32 30/30/30
f 32/32/32 31/31/31 33/33/33
f 33/33/33 34/34/34 32/32/32
f 34/34/34 33/33/33 35/35/35
f 35/35/35 36/36/36 34/34/34
f 36/36/36 35/35/35 37/37/37
f 37/37/37 38/38/38 36/36/36
f 38/38/38 37/37/37 39/39/39
f 39/39/39 40/40/40 38/38/38
f 40/40/40 39/39/39 41/41/41
f 41/41/41 42/42/42 40/40/40
f 42/42/42 41/41/41 43/43/43
f 43/43/43 44/44/44 42/42/42
f 44/44/44 43/43/43 45/45/45
f 45/45/45 46/46/46 44/44/44
f 46/46/46 45/45/45 47/47/47
f 47/47/47 48/48/48 46/46/46
f 48/48/48 47/47/47 49/49/49
f 49/49/49 50/50/50 48/48/48
f 50/50/50 49/49/49 51/51/51
f 51/51/51 52/52/52 50/50/50
f 52/52/52 51/51/51 53/53/53
f 53/53/53 54/54/54 52/52/52
f 54/54/54 53/53/53 55/55/55
f 55/55/55 56/56/56 54/54/54
f 56/56/56 55/55/55 57/57/57
f 57/57/57 58/58/58 56/56/56
f 58/58/58 57/57/57 59/59/59
f 59/59/59 60/60/60 58/58/58
f 60/60/60 59/59/59 61/61/61
f 61/61/61 62/62/62 60/60/60
f 62/62/62 61/61/61 63/63/63
f 63/63/63 64/64/64 62/62/62
f 64/64/64 63/63/63 65/65/65
f 65/65/65 66/66/66 64/64/64
f 66/66/66 65/65/65 67/67/67
f 67/67/67 68/68/68 66/66/66
f 68/68/68 67/67/67 69/69/69
f 69/69/69 70/70/70 68/68/68
f 70/70/70 69/69/69 71/71/71
f 71/71/71 72/72/72 70/70/70
f 72/72/72 71/71/71 73/73/73
f 73/73/73 74/74/74 72/72/72
f 74/74/74 73/73/73 75/75/75
f 75/75/75 76/76/76 74/74/74
f 76/76/76 75/75/75 77/77/77
f 77/77/77 78/78/78 76/76/76
f 78/78/78 77/77/77 79/79/79
f 79/79/79 80/80/80 78/78/78
f 80/80/80 79/79/79 81/81/81
f 81/81/81 82/82/82 80/80/80
f 82/82/82 81/81/81 83/83/83
f 83/83/83 84/84/84 82/82/82
f 84/84/84 83/83/83 85/85/85
f 85/85/85 86/86/86 84/84/84
f 86/86/86 85/85/85 87/87/87
f 87/87/87 88/88/88 86/86/86
f 88/88/88 87/87/87 89/89/89
f 89/89/89 90/90/90 88/88/88
f 90/90/90 89/89/89 91/91/91
f 91/91/91 92/92/92 90/90/90
f 92/92/92 91/91/91 93/93/93
f 93/93/93 94/94/94 92/92/92
f 94/94/94 93/93/93 95/95/95
f 95/95/95 96/96/96 94/94/94
f 96/96/96 95/95/95 2/2/2
f 2/2/2 3/3/3 96/96/96
f 97/97/97 98/98/98 99/99/99
f 100/100/100 97/97/97 99/99/99
f 101/101/101 100/100/100 99/99/99
f 102/102/102 101/101/101 99/99/99
f 103/103/103 102/102/102 99/99/99
f 104/104/104 103/103/103 99/99/99
f 105/105/105 104/104/104 99/99/99
f 106/106/106 105/105/105 99/99/99
f 107/107/107 106/106/106 99/99/99
f 108/108/108 107/107/107 99/99/99
f 109/109/109 108/108/108 99/99/99
f 110/110/110 109/109/109 99/99/99
f 111/111/111 110/110/110 99/99/99
f 112/112/112 111/111/111 99/99/99
f 113/113/113 112/112/112 99/99/99
f 114/114/114 113/113/113 99/99/99
f 115/115/115 114/114/114 99/99/99
f 116/116/116 115/115/115 99/99/99
f 117/117/117 116/116/116 99/99/99
f 118/118/118 117/117/117 99/99/99
f 119/119/119 118/118/118 99/99/99
f 120/120/120 119/119/119 99/99/99
f 121/121/121 120/120/120 99/99/99
f 122/122/122 121/121/121 99/99/99
f 123/123/123 122/122/122 99/99/99
f 124/124/124 123/123/123 99/99/99
f 125/125/125 124/124/124 99/99/99
f 126/126/126 125/125/125 99/99/99
f 127/127/127 126/126/126 99/99/99
f 128/128/128 127/127/127 99/99/99
f 129/129/129 128/128/128 99/99/99
f 130/130/130 129/129/129 99/99/99
f 131/131/131 130/130/130 99/99/99
f 132/132/132 131/131/131 99/99/99
f 133/133/133 132/132/132 99/99/99
f 134/134/134 133/133/133 99/99/99
f 135/135/135 134/134/134 99/99/99
f 136/136/136 135/135/135 99/99/99
f 137/137/137 136/136/136 99/99/99
f 138/138/138 137/137/137 99/99/99
f 139/139/139 138/138/138 99/99/99
f 140/140/140 139/139/139 99/99/99
f 141/141/141 140/140/140 99/99/99
f 142/142/142 141/141/141 99/99/99
f 143/143/143 142/142/142 99/99/99
f 144/144/144 143/143/143 99/99/99
f 145/145/145 144/144/144 99/99/99
f 98/98/98 145/145/145 99/99/99
f 146/146/146 147/147/147 148/148/148
f 148/148/148 149/149/149 146/146/146
f 150/150/150 146/146/146 149/149/149
f 149/149/149 151/151/151 150/150/150
f 152/152/152 150/150/150 151/151/151
f 151/151/151 153/153/153 152/152/152
f 154/154/154 152/152/152 153/153/153
f 153/153/153 155/155/155 154/154/154
f 156/156/156 154/154/154 155/155/155
f 155/155/155 157/157/157 156/156/156
f 158/158/158 156/156/156 157/157/157
f 157/157/157 159/159/159 158/158/158
f 160/160/160 158/158/158 159/159/159
f 159/159/159 161/161/161 160/160/160
f 162/162/162 160/160/160 161/161/161
f 161/161/161 163/163/163 162/162/162
f 164/164/164 162/162/162 163/163/163
f 163/163/163 165/165/165 164/164/164
f 166/166/166 164/164/164 165/165/165
f 165/165/165 167/167/167 166/166/166
f 168/168/168 166/166/166 167/167/167
f 167/167/167 169/169/169 168/168/168
f 170/170/170 168/168/168 169/169/169
f 169/169/169 171/171/171 170/170/170
f 172/172/172 170/170/170 171/171/171
f 171/171/171 173/173/173 172/172/172
f 174/174/174 172/172/172 173/173/173
f 173/173/173 175/175/175 174/174/174
f 176/176/176 174/174/174 175/175/175
f 175/175/175 177/177/177 176/176/176
f 178/178/178 176/176/176 177/177/177
f 177/177/177 179/179/179 178/178/178
f 180/180/180 178/178/178 179/179/179
f 179/179/179 181/181/181 180/180/180
f 182/182/182 180/180/180 181/181/181
f 181/181/181 183/183/183 182/182/182
f 184/184/184 182/182/182 183/183/183
f 183/183/183 185/185/185 184/184/184
f 186/186/186 184/184/184 185/185/185
f 185/185/185 187/187/187 186/186/186
f 188/188/188 186/186/186 187/187/187
f 187/187/187 189/189/189 188/188/188
f 190/190/190 188/188/188 189/189/189
f 189/189/189 191/191/191 190/190/190
f 192/192/192 190/190/190 191/191/191
f 191/191/191 193/193/193 192/192/192
f 194/194/194 192/192/192 193/193/193
f 193/193/193 195/195/195 194/194/194
f 196/196/196 194/194/194 195/195/195
f 195/195/195 197/197/197 196/196/196
f 198/198/198 196/196/196 197/197/197
f 197/197/197 199/199/199 198/198/198
f 200/200/200 198/198/198 199/199/199
f 199/199/199 201/201/201 200/200/200
f 202/202/202 200/200/200 201/201/201
f 201/201/201 203/203/203 202/202/202
f 204/204/204 202/202/202 203/203/203
f 203/203/203 205/205/205 204/204/204
f 206/206/206 204/204/204 205/205/205
f 205/205/205 207/207/207 206/206/206
f 208/208/208 206/206/206 207/207/207
f 207/207/207 209/209/209 208/208/208
f 210/210/210 208/208/208 209/209/209
f 209/209/209 211/211/211 210/210/210
f 212/212/212 210/210/210 211/211/211
f 211/211/211 213/213/213 212/212/212
f 214/214/214 212/212/212 213/213/213
f 213/213/213 215/215/215 214/214/214
f 216/216/216 214/214/214 215/215/215
f 215/215/215 217/217/217 216/216/216
f 218/218/218 216/216/216 217/217/217
f 217/217/217 219/219/219 218/218/218
f 220/220/220 218/218/218 219/219/219
f 219/219/219 221/221/221 220/220/220
f 222/222/222 220/220/220 221/221/221
f 221/221/221 223/223/223 222/222/222
f 224/224/224 222/222/222 223/223/223
f 223/223/223 225/225/225 224/224/224
f 226/226/226 224/224/224 225/225/225
f 225/225/225 227/227/227 226/226/226
f 228/228/228 226/226/226 227/227/227
f 227/227/227 229/229/229 228/228/228
f 230/230/230 228/228/228 229/229/229
f 229/229/229 231/231/231 230/230/230
f 232/232/232 230/230/230 231/231/231
f 231/231/231 233/233/233 232/232/232
f 234/234/234 232/232/232 233/233/233
f 233/233/233 235/235/235 234/234/234
f 236/236/236 234/234/234 235/235/235
f 235/235/235 237/237/237 236/236/236
f 238/238/238 236/236/236 237/237/237
f 237/237/237 239/239/239 238/238/238
f 240/240/240 238/238/238 239/239/239
f 239/239/239 241/241/241 240/240/240
f 147/147/147 240/240/240 241/241/241
f 241/241/241 148/148/148 147/147/147
f 242/242/242 243/243/243 244/244/244
f 244/244/244 245/245/245 242/242/242
f 243/243/243 246/246/246 247/247/247
f 247/247/247 244/244/244 243/243/243
f 246/246/246 248/248/248 249/249/249
f 249/249/249 247/247/247 246/246/246
f 248/248/248 250/250/250 251/251/251
f 251/251/251 249/249/249 248/248/248
f 250/250/250 252/252/252 253/253/253
f 253/253/253 251/251/251 250/250/250
f 252/252/252 254/254/254 255/255/255
f 255/255/255 253/253/253 252/252/252
f 254/254/254 256/256/256 257/257/257
f 257/257/257 255/255/255 254/254/254
f 256/256/256 258/258/258 259/259/259
f 259/259/259 257/257/257 256/256/256
f 258/258/258 260/260/260 261/261/261
f 261/261/261 259/259/259 258/258/258
f 260/260/260 262/262/262 263/263/263
f 263/263/263 261/261/261 260/260/260
f 262/262/262 264/264/264 265/265/265
f 265/265/265 263/263/263 262/262/262
f 264/264/264 266/266/266 267/267/267
f 267/267/267 265/265/265 264/264/264
f 266/266/266 268/268/268 269/269/269
f 269/269/269 267/267/267 266/266/266
f 268/268/268 270/270/270 271/271/271
f 271/271/271 269/269/269 268/268/268
f 270/270/270 272/272/272 273/273/273
f 273/273/273 271/271/271 270/270/270
f 272/272/272 274/274/274 275/275/275
f 275/275/275 273/273/273 272/272/272
f 274/274/274 276/276/276 277/277/277
f 277/277/277 275/275/275 274/274/274
f 276/276/276 278/278/278 279/279/279
f 279/279/279 277/277/277 276/276/276
f 278/278/278 280/280/280 281/281/281
f 281/281/281 279/279/279 278/278/278
f 280/280/280 282/282/282 283/283/283
f 283/283/283 281/281/281 280/280/280
f 282/282/282 284/284/284 285/285/285
f 285/285/285 283/283/283 282/282/282
f 284/284/284 286/286/286 287/287/287
f 287/287/287 285/285/285 284/284/284
f 286/286/286 288/288/288 289/289/289
f 289/289/289 287/287/287 286/286/286
f 288/288/288 290/290/290 291/291/291
f 291/291/291 289/289/289 288/288/288
f 290/290/290 292/292/292 293/293/293
f 293/293/293 291/291/291 290/290/290
f 292/292/292 294/294/294 295/295/295
f 295/295/295 293/293/293 292/292/292
f 294/294/294 296/296/296 297/297/297
f 297/297/297 295/295/295 294/294/294
f 296/296/296 298/298/298 299/299/299
f 299/299/299 297/297/297 296/296/296
f 298/298/298 300/300/300 301/301/301
f 301/301/301 299/299/299 298/298/298
f 300/300/300 302/302/302 303/303/303
f 303/303/303 301/301/301 300/300/300
f 302/302/302 304/304/304 305/305/305
f 305/305/305 303/303/303 302/302/302
f 304/304/304 306/306/306 307/307/307
f 307/307/307 305/305/305 304/304/304
f 306/306/306 308/308/308 309/309/309
f 309/309/309 307/307/307 306/306/306
f 308/308/308 310/310/310 311/311/311
f 311/311/311 309/309/309 308/308/308
f 310/310/310 312/312/312 313/313/313
f 313/313/313 311/311/311 310/310/310
f 312/312/312 314/314/314 315/315/315
f 315/315/315 313/313/313 312/312/312
f 314/314/314 316/316/316 317/317/317
f 317/317/317 315/315/315 314/314/314
f 316/316/316 318/318/318 319/319/319
f 319/319/319 317/317/317 316/316/316
f 318/318/318 320/320/320 321/321/321
f 321/321/321 319/319/319 318/318/318
f 320/320/320 322/322/322 323/323/323
f 323/323/323 321/321/321 320/320/320
f 322/322/322 324/324/324 325/325/325
f 325/325/325 323/323/323 322/322/322
f 324/324/324 326/326/326 327/327/327
f 327/327/327 325/325/325 324/324/324
f 326/326/326 328/328/328 329/329/329
f 329/329/329 327/327/327 326/326/326
f 328/328/328 330/330/330 331/331/331
f 331/331/331 329/329/329 328/328/328
f 330/330/330 332/332/332 333/333/333
f 333/333/333 331/331/331 330/330/330
f 332/332/332 334/334/334 335/335/335
f 335/335/335 333/333/333 332/332/332
f 334/334/334 336/336/336 337/337/337
f 337/337/337 335/335/335 334/334/334
f 336/336/336 242/242/242 245/245/245
f 245/245/245 337/337/337 336/336/336
f 340/340/340 339/339/339 338/338/338
f 338/338/338 341/341/341 340/340/340
f 342/342/342 340/340/340 341/341/341
f 341/341/341 343/343/343 342/342/342
f 344/344/344 342/342/342 343/343/343
f 343/343/343 345/345/345 344/344/344
f 346/346/346 344/344/344 345/345/345
f 345/345/345 347/347/347 346/346/346
f 348/348/348 346/346/346 347/347/347
f 347/347/347 349/349/349 348/348/348
f 350/350/350 348/348/348 349/349/349
f 349/349/349 351/351/351 350/350/350
f 352/352/352 350/350/350 351/351/351
f 351/351/351 353/353/353 352/352/352
f 354/354/354 352/352/352 353/353/353
f 353/353/353 355/355/355 354/354/354
f 341/341/341 338/338/338 356/356/356
f 356/356/356 357/357/357 341/341/341
f 343/343/343 341/341/341 357/357/357
f 357/357/357 358/358/358 343/343/343
f 345/345/345 343/343/343 358/358/358
f 358/358/358 359/359/359 345/345/345
f 347/347/347 345/345/345 359/359/359
f 359/359/359 360/360/360 347/347/347
f 349/349/349 347/347/347 360/360/360
f 360/360/360 361/361/361 349/349/349
f 351/351/351 349/349/349 361/361/361
f 361/361/361 362/362/362 351/351/351
f 353/353/353 351/351/351 362/362/362
f 362/362/362 363/363/363 353/353/353
f 355/355/355 353/353/353 363/363/363
f 363/363/363 364/364/364 355/355/355
f 357/357/357 356/356/356 365/365/365
f 365/365/365 366/366/366 357/357/357
f 367/367/367 357/357/357 366/366/366
f 358/358/358 357/357/357 367/367/367
f 368/368/368 358/358/358 367/367/367
f 359/359/359 358/358/358 368/368/368
f 360/360/360 359/359/359 368/368/368
f 368/368/368 369/369/369 360/360/360
f 361/361/361 360/360/360 369/369/369
f 369/369/369 370/370/370 361/361/361
f 371/371/371 361/361/361 370/370/370
f 362/362/362 361/361/361 371/371/371
f 372/372/372 362/362/362 371/371/371
f 363/363/363 362/362/362 372/372/372
f 364/364/364 363/363/363 372/372/372
f 372/372/372 373/373/373 364/364/364
f 366/366/366 365/365/365 374/374/374
f 374/374/374 375/375/375 366/366/366
f 376/376/376 366/366/366 375/375/375
f 367/367/367 366/366/366 376/376/376
f 376/376/376 377/377/377 368/368/368
f 368/368/368 367/367/367 376/376/376
f 377/377/377 378/378/378 369/369/369
f 369/369/369 368/368/368 377/377/377
f 370/370/370 369/369/369 378/378/378
f 378/378/378 379/379/379 370/370/370
f 380/380/380 370/370/370 379/379/379
f 371/371/371 370/370/370 380/380/380
f 381/381/381 371/371/371 380/380/380
f 372/372/372 371/371/371 381/381/381
f 373/373/373 372/372/372 381/381/381
f 381/381/381 382/382/382 373/373/373
f 375/375/375 374/374/374 383/383/383
f 383/383/383 384/384/384 375/375/375
f 384/384/384 385/385/385 376/376/376
f 376/376/376 375/375/375 384/384/384
f 385/385/385 386/386/386 377/377/377
f 377/377/377 376/376/376 385/385/385
f 386/386/386 387/387/387 378/378/378
f 378/378/378 377/377/377 386/386/386
f 379/379/379 378/378/378 387/387/387
f 387/387/387 388/388/388 379/379/379
f 389/389/389 379/379/379 388/388/388
f 380/380/380 379/379/379 389/389/389
f 390/390/390 380/380/380 389/389/389
f 381/381/381 380/380/380 390/390/390
f 382/382/382 381/381/381 390/390/390
f 390/390/390 391/391/391 382/382/382
f 384/384/384 383/383/383 392/392/392
f 392/392/392 393/393/393 384/384/384
f 393/393/393 394/394/394 385/385/385
f 385/385/385 384/384/384 393/393/393
f 394/394/394 395/395/395 386/386/386
f 386/386/386 385/385/385 394/394/394
f 395/395/395 396/396/396 387/387/387
f 387/387/387 386/386/386 395/395/395
f 388/388/388 387/387/387 396/396/396
f 396/396/396 397/397/397 388/388/388
f 398/398/398 388/388/388 397/397/397
f 389/389/389 388/388/388 398/398/398
f 399/399/399 389/389/389 398/398/398
f 390/390/390 389/389/389 399/399/399
f 391/391/391 390/390/390 399/399/399
f 399/399/399 400/400/400 391/391/391
f 393/393/393 392/392/392 401/401/401
f 401/401/401 402/402/402 393/393/393
f 403/403/403 393/393/393 402/402/402
f 394/394/394 393/393/393 403/403/403
f 404/404/404 394/394/394 403/403/403
f 395/395/395 394/394/394 404/404/404
f 405/405/405 395/395/395 404/404/404
f 396/396/396 395/395/395 405/405/405
f 397/397/397 396/396/396 405/405/405
f 405/405/405 406/406/406 397/397/397
f 398/398/398 397/397/397 406/406/406
f 406/406/406 407/407/407 398/398/398
f 399/399/399 398/398/398 407/407/407
f 407/407/407 408/408/408 399/399/399
f 400/400/400 399/399/399 408/408/408
f 408/408/408 409/409/409 400/400/400
f 402/402/402 401/401/401 410/410/410
f 410/410/410 411/411/411 402/402/402
f 403/403/403 402/402/402 411/411/411
f 411/411/411 412/412/412 403/403/403
f 404/404/404 403/403/403 412/412/412
f 412/412/412 413/413/413 404/404/404
f 405/405/405 404/404/404 413/413/413
f 413/413/413 414/414/414 405/405/405
f 406/406/406 405/405/405 414/414/414
f 414/414/414 415/415/415 406/406/406
f 407/407/407 406/406/406 415/415/415
f 415/415/415 416/416/416 407/407/407
f 408/408/408 407/407/407 416/416/416
f 416/416/416 417/417/417 408/408/408
f 409/409/409 408/408/408 417/417/417
f 417/417/417 418/418/418 409/409/409
f 411/411/411 410/410/410 419/419/419
f 419/419/419 420/420/420 411/411/411
f 412/412/412 411/411/411 420/420/420
f 420/420/420 421/421/421 412/412/412
f 413/413/413 412/412/412 421/421/421
f 421/421/421 422/422/422 413/413/413
f 414/414/414 413/413/413 422/422/422
f 422/422/422 423/423/423 414/414/414
f 415/415/415 414/414/414 423/423/423
f 423/423/423 424/424/424 415/415/415
f 416/416/416 415/415/415 424/424/424
f 424/424/424 425/425/425 416/416/416
f 417/417/417 416/416/416 425/425/425
f 425/425/425 426/426/426 417/417/417
f 418/418/418 417/417/417 426/426/426
f 426/426/426 427/427/427 418/418/418
f 420/420/420 419/419/419 428/428/428
f 428/428/428 429/429/429 420/420/420
f 421/421/421 420/420/420 429/429/429
f 429/429/429 430/430/430 421/421/421
f 422/422/422 421/421/421 430/430/430
f 430/430/430 431/431/431 422/422/422
f 423/423/423 422/422/422 431/431/431
f 431/431/431 432/432/432 423/423/423
f 424/424/424 423/423/423 432/432/432
f 432/432/432 433/433/433 424/424/424
f 425/425/425 424/424/424 433/433/433
f 433/433/433 434/434/434 425/425/425
f 426/426/426 425/425/425 434/434/434
f 434/434/434 435/435/435 426/426/426
f 427/427/427 426/426/426 435/435/435
f 435/435/435 436/436/436 427/427/427
f 429/429/429 428/428/428 437/437/437
f 437/437/437 438/438/438 429/429/429
f 430/430/430 429/429/429 438/438/438
f 438/438/438 439/439/439 430/430/430
f 431/431/431 430/430/430 439/439/439
f 439/439/439 440/440/440 431/431/431
f 432/432/432 431/431/431 440/440/440
f 440/440/440 441/441/441 432/432/432
f 433/433/433 432/432/432 441/441/441
f 441/441/441 442/442/442 433/433/433
f 434/434/434 433/433/433 442/442/442
f 442/442/442 443/443/443 434/434/434
f 435/435/435 434/434/434 443/443/443
f 443/443/443 444/444/444 435/435/435
f 436/436/436 435/435/435 444/444/444
f 444/444/444 445/445/445 436/436/436
f 438/438/438 437/437/437 446/446/446
f 446/446/446 447/447/447 438/438/438
f 439/439/439 438/438/438 447/447/447
f 447/447/447 448/448/448 439/439/439
f 440/440/440 439/439/439 448/448/448
f 448/448/448 449/449/449 440/440/440
f 441/441/441 440/440/440 449/449/449
f 449/449/449 450/450/450 441/441/441
f 442/442/442 441/441/441 450/450/450
f 450/450/450 451/451/451 442/442/442
f 443/443/443 442/442/442 451/451/451
f 451/451/451 452/452/452 443/443/443
f 444/444/444 443/443/443 452/452/452
f 452/452/452 453/453/453 444/444/444
f 445/445/445 444/444/444 453/453/453
f 453/453/453 454/454/454 445/445/445
f 457/457/457 456/456/456 455/455/455
f 457/457/457 455/455/455 458/458/458
f 458/458/458 455/455/455 459/459/459
f 459/459/459 455/455/455 460/460/460
f 463/463/463 462/462/462 461/461/461
f 461/461/461 464/464/464 463/463/463
f 467/467/467 466/466/466 465/465/465
f 465/465/465 466/466/466 468/468/468
f 471/471/471 470/470/470 469/469/469
f 469/469/469 472/472/472 471/471/471
f 475/475/475 474/474/474 473/473/473
f 475/475/475 473/473/473 476/476/476
f 479/479/479 478/478/478 477/477/477
f 477/477/477 480/480/480 479/479/479
f 483/483/483 482/482/482 481/481/481
f 483/483/483 481/481/481 484/484/484
f 487/487/487 486/486/486 485/485/485
f 485/485/485 488/488/488 487/487/487
f 485/485/485 490/490/490 489/489/489
f 489/489/489 488/488/488 485/485/485
f 493/493/493 492/492/492 491/491/491
f 491/491/491 494/494/494 493/493/493
f 497/497/497 496/496/496 495/495/495
f 495/495/495 498/498/498 497/497/497
f 501/501/501 500/500/500 499/499/499
f 499/499/499 502/502/502 501/501/501
f 499/499/499 500/500/500 503/503/503
f 503/503/503 504/504/504 499/499/499
f 504/504/504 503/503/503 505/505/505
f 505/505/505 506/506/506 504/504/504
f 509/509/509 508/508/508 507/507/507
f 507/507/507 510/510/510 509/509/509
f 508/508/508 512/512/512 511/511/511
f 511/511/511 507/507/507 508/508/508
f 511/511/511 512/512/512 513/513/513
f 513/513/513 514/514/514 511/511/511
f 517/517/517 516/516/516 515/515/515
f 517/517/517 515/515/515 518/518/518
f 518/518/518 519/519/519 517/517/517
f 515/515/515 521/521/521 520/520/520
f 520/520/520 518/518/518 515/515/515
f 521/521/521 523/523/523 522/522/522
f 522/522/522 520/520/520 521/521/521
f 523/523/523 525/525/525 524/524/524
f 524/524/524 522/522/522 523/523/523
f 525/525/525 527/527/527 526/526/526
f 526/526/526 524/524/524 525/525/525
f 527/527/527 529/529/529 528/528/528
f 528/528/528 526/526/526 527/527/527
f 529/529/529 531/531/531 530/530/530
f 530/530/530 528/528/528 529/529/529
f 531/531/531 533/533/533 532/532/532
f 532/532/532 530/530/530 531/531/531
f 534/534/534 532/532/532 533/533/533
f 532/532/532 534/534/534 535/535/535
f 535/535/535 536/536/536 532/532/532
f 536/536/536 535/535/535 537/537/537
f 537/537/537 538/538/538 536/536/536
f 538/538/538 537/537/537 539/539/539
f 539/539/539 540/540/540 538/538/538
f 539/539/539 542/542/542 541/541/541
f 541/541/541 540/540/540 539/539/539
f 541/541/541 544/544/544 543/543/543
f 543/543/543 540/540/540 541/541/541
f 544/544/544 546/546/546 545/545/545
f 545/545/545 543/543/543 544/544/544
f 546/546/546 548/548/548 547/547/547
f 547/547/547 545/545/545 546/546/546
f 548/548/548 550/550/550 549/549/549
f 549/549/549 547/547/547 548/548/548
f 550/550/550 519/519/519 518/518/518
f 518/518/518 549/549/549 550/550/550
f 553/553/553 552/552/552 551/551/551
f 551/551/551 554/554/554 553/553/553
f 552/552/552 556/556/556 555/555/555
f 555/555/555 551/551/551 552/552/552
f 556/556/556 558/558/558 557/557/557
f 557/557/557 555/555/555 556/556/556
f 558/558/558 560/560/560 559/559/559
f 559/559/559 557/557/557 558/558/558
f 559/559/559 562/562/562 561/561/561
f 561/561/561 557/557/557 559/559/559
f 557/557/557 561/561/561 563/563/563
f 563/563/563 564/564/564 557/557/557
f 563/563/563 565/565/565 564/564/564
f 568/568/568 567/567/567 566/566/566
f 566/566/566 569/569/569 568/568/568
f 567/567/567 571/571/571 570/570/570
f 570/570/570 566/566/566 567/567/567
f 571/571/571 573/573/573 572/572/572
f 572/572/572 570/570/570 571/571/571
f 573/573/573 575/575/575 574/574/574
f 574/574/574 572/572/572 573/573/573
f 575/575/575 577/577/577 576/576/576
f 576/576/576 574/574/574 575/575/575
f 577/577/577 579/579/579 578/578/578
f 578/578/578 576/576/576 577/577/577
f 579/579/579 581/581/581 580/580/580
f 580/580/580 578/578/578 579/579/579
f 581/581/581 583/583/583 582/582/582
f 582/582/582 580/580/580 581/581/581
f 583/583/583 585/585/585 584/584/584
f 584/584/584 582/582/582 583/583/583
f 585/585/585 587/587/587 586/586/586
f 586/586/586 584/584/584 585/585/585
f 587/587/587 589/589/589 588/588/588
f 588/588/588 586/586/586 587/587/587
f 588/588/588 589/589/589 590/590/590
f 592/592/592 591/591/591 588/588/588
f 588/588/588 594/594/594 593/593/593
f 593/593/593 595/595/595 588/588/588
f 595/595/595 597/597/597 596/596/596
f 596/596/596 598/598/598 595/595/595
f 598/598/598 596/596/596 599/599/599
f 599/599/599 600/600/600 598/598/598
f 600/600/600 599/599/599 601/601/601
f 601/601/601 602/602/602 600/600/600
f 602/602/602 601/601/601 603/603/603
f 603/603/603 604/604/604 602/602/602
f 604/604/604 603/603/603 605/605/605
f 605/605/605 606/606/606 604/604/604
f 606/606/606 605/605/605 607/607/607
f 607/607/607 608/608/608 606/606/606
f 608/608/608 607/607/607 569/569/569
f 569/569/569 566/566/566 608/608/608
f 590/590/590 592/592/592 588/588/588
f 609/609/609 593/593/593 591/591/591
f 593/593/593 597/597/597 595/595/595
f 612/612/612 611/611/611 610/610/610
f 610/610/610 613/613/613 612/612/612
f 614/614/614 612/612/612 613/613/613
f 613/613/613 615/615/615 614/614/614
f 614/614/614 615/615/615 616/616/616
f 615/615/615 618/618/618 617/617/617
f 617/617/617 616/616/616 615/615/615
f 618/618/618 620/620/620 619/619/619
f 619/619/619 617/617/617 618/618/618
f 620/620/620 622/622/622 621/621/621
f 621/621/621 619/619/619 620/620/620
f 621/621/621 622/622/622 623/623/623
f 567/567/567 568/568/568 624/624/624
f 624/624/624 625/625/625 567/567/567
f 611/611/611 608/608/608 566/566/566
f 566/566/566 570/570/570 611/611/611
f 570/570/570 572/572/572 610/610/610
f 610/610/610 611/611/611 570/570/570
f 610/610/610 572/572/572 574/574/574
f 574/574/574 613/613/613 610/610/610
f 613/613/613 574/574/574 576/576/576
f 576/576/576 615/615/615 613/613/613
f 615/615/615 576/576/576 578/578/578
f 578/578/578 618/618/618 615/615/615
f 618/618/618 578/578/578 580/580/580
f 580/580/580 620/620/620 618/618/618
f 620/620/620 580/580/580 582/582/582
f 620/620/620 582/582/582 584/584/584
f 584/584/584 622/622/622 620/620/620
f 622/622/622 584/584/584 586/586/586
f 586/586/586 623/623/623 622/622/622
f 623/623/623 586/586/586 588/588/588
f 588/588/588 595/595/595 623/623/623
f 623/623/623 595/595/595 598/598/598
f 598/598/598 621/621/621 623/623/623
f 619/619/619 621/621/621 598/598/598
f 598/598/598 600/600/600 619/619/619
f 617/617/617 619/619/619 600/600/600
f 600/600/600 602/602/602 617/617/617
f 616/616/616 617/617/617 602/602/602
f 602/602/602 604/604/604 616/616/616
f 614/614/614 616/616/616 604/604/604
f 604/604/604 606/606/606 612/612/612
f 612/612/612 614/614/614 604/604/604
f 606/606/606 608/608/608 612/612/612
f 611/611/611 612/612/612 608/608/608
f 628/628/628 627/627/627 626/626/626
f 626/626/626 629/629/629 628/628/628
f 632/632/632 631/631/631 630/630/630
f 630/630/630 633/633/633 632/632/632
f 636/636/636 635/635/635 634/634/634
f 634/634/634 637/637/637 636/636/636
f 640/640/640 639/639/639 638/638/638
f 638/638/638 641/641/641 640/640/640
f 644/644/644 643/643/643 642/642/642
f 642/642/642 645/645/645 644/644/644
f 648/648/648 647/647/647 646/646/646
f 646/646/646 649/649/649 648/648/648
f 652/652/652 651/651/651 650/650/650
f 650/650/650 653/653/653 652/652/652
f 656/656/656 655/655/655 654/654/654
f 654/654/654 657/657/657 656/656/656
f 660/660/660 659/659/659 658/658/658
f 658/658/658 661/661/661 660/660/660
f 664/664/664 663/663/663 662/662/662
f 662/662/662 665/665/665 664/664/664
f 668/668/668 667/667/667 666/666/666
f 666/666/666 669/669/669 668/668/668
f 672/672/672 671/671/671 670/670/670
f 670/670/670 673/673/673 672/672/672
f 637/637/637 634/634/634 674/674/674
f 674/674/674 675/675/675 637/637/637
f 678/678/678 677/677/677 676/676/676
f 676/676/676 679/679/679 678/678/678
f 682/682/682 681/681/681 680/680/680
f 680/680/680 683/683/683 682/682/682
f 685/685/685 684/684/684 592/592/592
f 592/592/592 590/590/590 685/685/685
f 688/688/688 687/687/687 686/686/686
f 686/686/686 689/689/689 688/688/688
f 690/690/690 688/688/688 689/689/689
f 689/689/689 691/691/691 690/690/690
f 685/685/685 590/590/590 589/589/589
f 589/589/589 692/692/692 685/685/685
f 689/689/689 686/686/686 693/693/693
f 693/693/693 694/694/694 689/689/689
f 691/691/691 689/689/689 694/694/694
f 694/694/694 695/695/695 691/691/691
f 692/692/692 589/589/589 587/587/587
f 587/587/587 696/696/696 692/692/692
f 694/694/694 693/693/693 697/697/697
f 697/697/697 698/698/698 694/694/694
f 695/695/695 694/694/694 698/698/698
f 698/698/698 699/699/699 695/695/695
f 696/696/696 587/587/587 585/585/585
f 585/585/585 700/700/700 696/696/696
f 698/698/698 697/697/697 701/701/701
f 701/701/701 702/702/702 698/698/698
f 699/699/699 698/698/698 702/702/702
f 702/702/702 703/703/703 699/699/699
f 700/700/700 585/585/585 583/583/583
f 583/583/583 704/704/704 700/700/700
f 702/702/702 701/701/701 705/705/705
f 705/705/705 706/706/706 702/702/702
f 703/703/703 702/702/702 706/706/706
f 706/706/706 707/707/707 703/703/703
f 704/704/704 583/583/583 581/581/581
f 581/581/581 708/708/708 704/704/704
f 706/706/706 705/705/705 709/709/709
f 709/709/709 710/710/710 706/706/706
f 707/707/707 706/706/706 710/710/710
f 710/710/710 711/711/711 707/707/707
f 708/708/708 581/581/581 579/579/579
f 579/579/579 712/712/712 708/708/708
f 710/710/710 709/709/709 713/713/713
f 713/713/713 714/714/714 710/710/710
f 711/711/711 710/710/710 714/714/714
f 714/714/714 715/715/715 711/711/711
f 712/712/712 579/579/579 577/577/577
f 577/577/577 716/716/716 712/712/712
f 714/714/714 713/713/713 717/717/717
f 717/717/717 718/718/718 714/714/714
f 715/715/715 714/714/714 718/718/718
f 718/718/718 719/719/719 715/715/715
f 716/716/716 577/577/577 575/575/575
f 575/575/575 720/720/720 716/716/716
f 718/718/718 717/717/717 721/721/721
f 721/721/721 722/722/722 718/718/718
f 719/719/719 718/718/718 722/722/722
f 722/722/722 723/723/723 719/719/719
f 720/720/720 575/575/575 573/573/573
f 573/573/573 724/724/724 720/720/720
f 722/722/722 721/721/721 725/725/725
f 725/725/725 726/726/726 722/722/722
f 723/723/723 722/722/722 726/726/726
f 726/726/726 727/727/727 723/723/723
f 724/724/724 573/573/573 571/571/571
f 571/571/571 728/728/728 724/724/724
f 726/726/726 725/725/725 729/729/729
f 729/729/729 730/730/730 726/726/726
f 727/727/727 726/726/726 730/730/730
f 730/730/730 731/731/731 727/727/727
f 728/728/728 571/571/571 567/567/567
f 567/567/567 732/732/732 728/728/728
f 730/730/730 729/729/729 733/733/733
f 733/733/733 734/734/734 730/730/730
f 731/731/731 730/730/730 734/734/734
f 734/734/734 735/735/735 731/731/731
f 732/732/732 567/567/567 625/625/625
f 625/625/625 736/736/736 732/732/732
f 734/734/734 733/733/733 737/737/737
f 737/737/737 738/738/738 734/734/734
f 735/735/735 734/734/734 738/738/738
f 738/738/738 739/739/739 735/735/735
f 740/740/740 625/625/625 624/624/624
f 741/741/741 625/625/625 740/740/740
f 744/744/744 743/743/743 742/742/742
f 742/742/742 745/745/745 744/744/744
f 746/746/746 744/744/744 745/745/745
f 745/745/745 747/747/747 746/746/746
f 749/749/749 624/624/624 748/748/748
f 740/740/740 624/624/624 749/749/749
f 752/752/752 751/751/751 750/750/750
f 750/750/750 753/753/753 752/752/752
f 754/754/754 750/750/750 751/751/751
f 751/751/751 755/755/755 754/754/754
f 758/758/758 757/757/757 756/756/756
f 759/759/759 757/757/757 758/758/758
f 762/762/762 761/761/761 760/760/760
f 763/763/763 761/761/761 762/762/762
f 764/764/764 763/763/763 762/762/762
f 762/762/762 765/765/765 764/764/764
f 758/758/758 756/756/756 766/766/766
f 766/766/766 767/767/767 758/758/758
f 762/762/762 760/760/760 768/768/768
f 768/768/768 769/769/769 762/762/762
f 765/765/765 762/762/762 769/769/769
f 769/769/769 770/770/770 765/765/765
f 767/767/767 766/766/766 771/771/771
f 771/771/771 772/772/772 767/767/767
f 769/769/769 768/768/768 773/773/773
f 773/773/773 774/774/774 769/769/769
f 770/770/770 769/769/769 774/774/774
f 774/774/774 775/775/775 770/770/770
f 772/772/772 771/771/771 776/776/776
f 776/776/776 777/777/777 772/772/772
f 780/780/780 779/779/779 778/778/778
f 778/778/778 781/781/781 780/780/780
f 782/782/782 780/780/780 781/781/781
f 781/781/781 783/783/783 782/782/782
f 777/777/777 776/776/776 784/784/784
f 784/784/784 785/785/785 777/777/777
f 788/788/788 787/787/787 786/786/786
f 786/786/786 789/789/789 788/788/788
f 790/790/790 788/788/788 789/789/789
f 789/789/789 791/791/791 790/790/790
f 785/785/785 784/784/784 792/792/792
f 792/792/792 793/793/793 785/785/785
f 789/789/789 786/786/786 794/794/794
f 794/794/794 795/795/795 789/789/789
f 796/796/796 789/789/789 795/795/795
f 795/795/795 797/797/797 796/796/796
f 793/793/793 792/792/792 798/798/798
f 798/798/798 799/799/799 793/793/793
f 795/795/795 794/794/794 800/800/800
f 800/800/800 801/801/801 795/795/795
f 797/797/797 795/795/795 801/801/801
f 801/801/801 802/802/802 797/797/797
f 799/799/799 798/798/798 803/803/803
f 803/803/803 804/804/804 799/799/799
f 801/801/801 800/800/800 805/805/805
f 805/805/805 806/806/806 801/801/801
f 802/802/802 801/801/801 806/806/806
f 806/806/806 807/807/807 802/802/802
f 804/804/804 803/803/803 593/593/593
f 593/593/593 808/808/808 804/804/804
f 811/811/811 810/810/810 809/809/809
f 809/809/809 812/812/812 811/811/811
f 813/813/813 811/811/811 812/812/812
f 812/812/812 814/814/814 813/813/813
f 815/815/815 808/808/808 593/593/593
f 593/593/593 609/609/609 815/815/815
f 812/812/812 809/809/809 816/816/816
f 816/816/816 817/817/817 812/812/812
f 814/814/814 812/812/812 817/817/817
f 817/817/817 818/818/818 814/814/814
f 446/446/446 818/818/818 817/817/817
f 817/817/817 819/819/819 446/446/446
f 819/819/819 817/817/817 816/816/816
f 816/816/816 448/448/448 819/819/819
f 448/448/448 815/815/815 449/449/449
f 815/815/815 609/609/609 450/450/450
f 450/450/450 449/449/449 815/815/815
f 450/450/450 609/609/609 591/591/591
f 450/450/450 591/591/591 592/592/592
f 450/450/450 592/592/592 684/684/684
f 684/684/684 451/451/451 450/450/450
f 684/684/684 452/452/452 451/451/451
f 452/452/452 687/687/687 453/453/453
f 453/453/453 687/687/687 688/688/688
f 453/453/453 688/688/688 454/454/454
f 454/454/454 688/688/688 690/690/690
f 822/822/822 821/821/821 820/820/820
f 820/820/820 823/823/823 822/822/822
f 826/826/826 825/825/825 824/824/824
f 824/824/824 827/827/827 826/826/826
f 830/830/830 829/829/829 828/828/828
f 828/828/828 831/831/831 830/830/830
f 834/834/834 833/833/833 832/832/832
f 832/832/832 833/833/833 835/835/835
f 835/835/835 837/837/837 836/836/836
f 836/836/836 832/832/832 835/835/835
f 828/828/828 838/838/838 831/831/831
f 831/831/831 838/838/838 839/839/839
f 824/824/824 840/840/840 827/827/827
f 827/827/827 840/840/840 841/841/841
f 820/820/820 842/842/842 823/823/823
f 823/823/823 842/842/842 843/843/843
f 846/846/846 845/845/845 844/844/844
f 844/844/844 845/845/845 847/847/847
f 847/847/847 849/849/849 848/848/848
f 848/848/848 849/849/849 850/850/850
f 853/853/853 852/852/852 851/851/851
f 854/854/854 851/851/851 852/852/852
f 857/857/857 856/856/856 855/855/855
f 858/858/858 855/855/855 856/856/856
f 861/861/861 860/860/860 859/859/859
f 859/859/859 862/862/862 861/861/861
f 865/865/865 864/864/864 863/863/863
f 865/865/865 863/863/863 866/866/866
f 866/866/866 863/863/863 867/867/867
f 867/867/867 868/868/868 866/866/866
f 869/869/869 859/859/859 860/860/860
f 869/869/869 855/855/855 870/870/870
f 871/871/871 855/855/855 858/858/858
f 871/871/871 858/858/858 872/872/872
f 873/873/873 851/851/851 854/854/854
f 873/873/873 854/854/854 874/874/874
f 877/877/877 876/876/876 875/875/875
f 877/877/877 875/875/875 878/878/878
f 880/880/880 878/878/878 879/879/879
f 880/880/880 879/879/879 881/881/881
f 884/884/884 883/883/883 882/882/882
f 882/882/882 885/885/885 884/884/884
f 882/882/882 887/887/887 886/886/886
f 886/886/886 885/885/885 882/882/882
f 886/886/886 887/887/887 888/888/888
f 888/888/888 889/889/889 886/886/886
f 889/889/889 888/888/888 890/890/890
f 890/890/890 891/891/891 889/889/889
f 892/892/892 891/891/891 890/890/890
f 890/890/890 893/893/893 892/892/892
f 894/894/894 892/892/892 893/893/893
f 893/893/893 895/895/895 894/894/894
f 894/894/894 895/895/895 896/896/896
f 896/896/896 897/897/897 894/894/894
f 896/896/896 899/899/899 898/898/898
f 898/898/898 897/897/897 896/896/896
f 338/338/338 339/339/339 900/900/900
f 900/900/900 901/901/901 338/338/338
f 901/901/901 900/900/900 902/902/902
f 902/902/902 903/903/903 901/901/901
f 903/903/903 902/902/902 904/904/904
f 904/904/904 905/905/905 903/903/903
f 905/905/905 904/904/904 906/906/906
f 906/906/906 907/907/907 905/905/905
f 907/907/907 906/906/906 908/908/908
f 908/908/908 909/909/909 907/907/907
f 909/909/909 908/908/908 910/910/910
f 910/910/910 911/911/911 909/909/909
f 911/911/911 910/910/910 912/912/912
f 912/912/912 913/913/913 911/911/911
f 913/913/913 912/912/912 354/354/354
f 354/354/354 355/355/355 913/913/913
f 356/356/356 338/338/338 901/901/901
f 901/901/901 914/914/914 356/356/356
f 914/914/914 901/901/901 903/903/903
f 903/903/903 915/915/915 914/914/914
f 915/915/915 903/903/903 905/905/905
f 905/905/905 916/916/916 915/915/915
f 916/916/916 905/905/905 907/907/907
f 907/907/907 917/917/917 916/916/916
f 917/917/917 907/907/907 909/909/909
f 909/909/909 918/918/918 917/917/917
f 918/918/918 909/909/909 911/911/911
f 911/911/911 919/919/919 918/918/918
f 919/919/919 911/911/911 913/913/913
f 913/913/913 920/920/920 919/919/919
f 920/920/920 913/913/913 355/355/355
f 355/355/355 364/364/364 920/920/920
f 365/365/365 356/356/356 914/914/914
f 914/914/914 921/921/921 365/365/365
f 921/921/921 914/914/914 922/922/922
f 922/922/922 914/914/914 915/915/915
f 922/922/922 915/915/915 923/923/923
f 923/923/923 915/915/915 916/916/916
f 923/923/923 916/916/916 917/917/917
f 917/917/917 924/924/924 923/923/923
f 924/924/924 917/917/917 918/918/918
f 918/918/918 925/925/925 924/924/924
f 925/925/925 918/918/918 926/926/926
f 926/926/926 918/918/918 919/919/919
f 926/926/926 919/919/919 927/927/927
f 927/927/927 919/919/919 920/920/920
f 927/927/927 920/920/920 364/364/364
f 364/364/364 373/373/373 927/927/927
f 374/374/374 365/365/365 921/921/921
f 921/921/921 928/928/928 374/374/374
f 928/928/928 921/921/921 929/929/929
f 929/929/929 921/921/921 922/922/922
f 923/923/923 930/930/930 929/929/929
f 929/929/929 922/922/922 923/923/923
f 924/924/924 931/931/931 930/930/930
f 930/930/930 923/923/923 924/924/924
f 931/931/931 924/924/924 925/925/925
f 925/925/925 932/932/932 931/931/931
f 932/932/932 925/925/925 933/933/933
f 933/933/933 925/925/925 926/926/926
f 933/933/933 926/926/926 934/934/934
f 934/934/934 926/926/926 927/927/927
f 934/934/934 927/927/927 373/373/373
f 373/373/373 382/382/382 934/934/934
f 383/383/383 374/374/374 928/928/928
f 928/928/928 935/935/935 383/383/383
f 929/929/929 936/936/936 935/935/935
f 935/935/935 928/928/928 929/929/929
f 930/930/930 937/937/937 936/936/936
f 936/936/936 929/929/929 930/930/930
f 931/931/931 938/938/938 937/937/937
f 937/937/937 930/930/930 931/931/931
f 938/938/938 931/931/931 932/932/932
f 932/932/932 939/939/939 938/938/938
f 939/939/939 932/932/932 940/940/940
f 940/940/940 932/932/932 933/933/933
f 940/940/940 933/933/933 941/941/941
f 941/941/941 933/933/933 934/934/934
f 941/941/941 934/934/934 382/382/382
f 382/382/382 391/391/391 941/941/941
f 392/392/392 383/383/383 935/935/935
f 935/935/935 942/942/942 392/392/392
f 936/936/936 943/943/943 942/942/942
f 942/942/942 935/935/935 936/936/936
f 937/937/937 944/944/944 943/943/943
f 943/943/943 936/936/936 937/937/937
f 938/938/938 945/945/945 944/944/944
f 944/944/944 937/937/937 938/938/938
f 945/945/945 938/938/938 939/939/939
f 939/939/939 946/946/946 945/945/945
f 946/946/946 939/939/939 947/947/947
f 947/947/947 939/939/939 940/940/940
f 947/947/947 940/940/940 948/948/948
f 948/948/948 940/940/940 941/941/941
f 948/948/948 941/941/941 391/391/391
f 391/391/391 400/400/400 948/948/948
f 401/401/401 392/392/392 942/942/942
f 942/942/942 949/949/949 401/401/401
f 949/949/949 942/942/942 950/950/950
f 950/950/950 942/942/942 943/943/943
f 950/950/950 943/943/943 951/951/951
f 951/951/951 943/943/943 944/944/944
f 951/951/951 944/944/944 952/952/952
f 952/952/952 944/944/944 945/945/945
f 952/952/952 945/945/945 946/946/946
f 946/946/946 953/953/953 952/952/952
f 953/953/953 946/946/946 947/947/947
f 947/947/947 954/954/954 953/953/953
f 954/954/954 947/947/947 948/948/948
f 948/948/948 955/955/955 954/954/954
f 955/955/955 948/948/948 400/400/400
f 400/400/400 409/409/409 955/955/955
f 410/410/410 401/401/401 949/949/949
f 949/949/949 956/956/956 410/410/410
f 956/956/956 949/949/949 950/950/950
f 950/950/950 957/957/957 956/956/956
f 957/957/957 950/950/950 951/951/951
f 951/951/951 958/958/958 957/957/957
f 958/958/958 951/951/951 952/952/952
f 952/952/952 959/959/959 958/958/958
f 959/959/959 952/952/952 953/953/953
f 953/953/953 960/960/960 959/959/959
f 960/960/960 953/953/953 954/954/954
f 954/954/954 961/961/961 960/960/960
f 961/961/961 954/954/954 955/955/955
f 955/955/955 962/962/962 961/961/961
f 962/962/962 955/955/955 409/409/409
f 409/409/409 418/418/418 962/962/962
f 419/419/419 410/410/410 956/956/956
f 956/956/956 963/963/963 419/419/419
f 963/963/963 956/956/956 957/957/957
f 957/957/957 964/964/964 963/963/963
f 964/964/964 957/957/957 958/958/958
f 958/958/958 965/965/965 964/964/964
f 965/965/965 958/958/958 959/959/959
f 959/959/959 966/966/966 965/965/965
f 966/966/966 959/959/959 960/960/960
f 960/960/960 967/967/967 966/966/966
f 967/967/967 960/960/960 961/961/961
f 961/961/961 968/968/968 967/967/967
f 968/968/968 961/961/961 962/962/962
f 962/962/962 969/969/969 968/968/968
f 969/969/969 962/962/962 418/418/418
f 418/418/418 427/427/427 969/969/969
f 428/428/428 419/419/419 963/963/963
f 963/963/963 970/970/970 428/428/428
f 970/970/970 963/963/963 964/964/964
f 964/964/964 971/971/971 970/970/970
f 971/971/971 964/964/964 965/965/965
f 965/965/965 972/972/972 971/971/971
f 972/972/972 965/965/965 966/966/966
f 966/966/966 973/973/973 972/972/972
f 973/973/973 966/966/966 967/967/967
f 967/967/967 974/974/974 973/973/973
f 974/974/974 967/967/967 968/968/968
f 968/968/968 975/975/975 974/974/974
f 975/975/975 968/968/968 969/969/969
f 969/969/969 976/976/976 975/975/975
f 976/976/976 969/969/969 427/427/427
f 427/427/427 436/436/436 976/976/976
f 437/437/437 428/428/428 970/970/970
f 970/970/970 977/977/977 437/437/437
f 977/977/977 970/970/970 971/971/971
f 971/971/971 978/978/978 977/977/977
f 978/978/978 971/971/971 972/972/972
f 972/972/972 979/979/979 978/978/978
f 979/979/979 972/972/972 973/973/973
f 973/973/973 980/980/980 979/979/979
f 980/980/980 973/973/973 974/974/974
f 974/974/974 981/981/981 980/980/980
f 981/981/981 974/974/974 975/975/975
f 975/975/975 982/982/982 981/981/981
f 982/982/982 975/975/975 976/976/976
f 976/976/976 983/983/983 982/982/982
f 983/983/983 976/976/976 436/436/436
f 436/436/436 445/445/445 983/983/983
f 446/446/446 437/437/437 977/977/977
f 977/977/977 984/984/984 446/446/446
f 984/984/984 977/977/977 978/978/978
f 978/978/978 985/985/985 984/984/984
f 985/985/985 978/978/978 979/979/979
f 979/979/979 986/986/986 985/985/985
f 986/986/986 979/979/979 980/980/980
f 980/980/980 987/987/987 986/986/986
f 987/987/987 980/980/980 981/981/981
f 981/981/981 988/988/988 987/987/987
f 988/988/988 981/981/981 982/982/982
f 982/982/982 989/989/989 988/988/988
f 989/989/989 982/982/982 983/983/983
f 983/983/983 990/990/990 989/989/989
f 990/990/990 983/983/983 445/445/445
f 445/445/445 454/454/454 990/990/990
f 991/991/991 992/992/992 457/457/457
f 458/458/458 991/991/991 457/457/457
f 459/459/459 991/991/991 458/458/458
f 993/993/993 991/991/991 459/459/459
f 994/994/994 995/995/995 463/463/463
f 463/463/463 464/464/464 994/994/994
f 465/465/465 996/996/996 467/467/467
f 997/997/997 996/996/996 465/465/465
f 998/998/998 999/999/999 471/471/471
f 471/471/471 472/472/472 998/998/998
f 1000/1000/1000 1001/1001/1001 475/475/475
f 476/476/476 1000/1000/1000 475/475/475
f 1002/1002/1002 1003/1003/1003 479/479/479
f 479/479/479 480/480/480 1002/1002/1002
f 1004/1004/1004 1005/1005/1005 483/483/483
f 484/484/484 1004/1004/1004 483/483/483
f 1006/1006/1006 1007/1007/1007 487/487/487
f 487/487/487 488/488/488 1006/1006/1006
f 489/489/489 1008/1008/1008 1006/1006/1006
f 1006/1006/1006 488/488/488 489/489/489
f 1009/1009/1009 1010/1010/1010 493/493/493
f 493/493/493 494/494/494 1009/1009/1009
f 1011/1011/1011 1012/1012/1012 497/497/497
f 497/497/497 498/498/498 1011/1011/1011
f 499/499/499 1013/1013/1013 1014/1014/1014
f 1014/1014/1014 502/502/502 499/499/499
f 1015/1015/1015 1013/1013/1013 499/499/499
f 499/499/499 504/504/504 1015/1015/1015
f 1016/1016/1016 1015/1015/1015 504/504/504
f 504/504/504 506/506/506 1016/1016/1016
f 507/507/507 1017/1017/1017 1018/1018/1018
f 1018/1018/1018 510/510/510 507/507/507
f 511/511/511 1019/1019/1019 1017/1017/1017
f 1017/1017/1017 507/507/507 511/511/511
f 1020/1020/1020 1019/1019/1019 511/511/511
f 511/511/511 514/514/514 1020/1020/1020
f 1021/1021/1021 1022/1022/1022 1023/1023/1023
f 1024/1024/1024 1021/1021/1021 1023/1023/1023
f 1023/1023/1023 1025/1025/1025 1024/1024/1024
f 1026/1026/1026 1027/1027/1027 1021/1021/1021
f 1021/1021/1021 1024/1024/1024 1026/1026/1026
f 1028/1028/1028 1029/1029/1029 1027/1027/1027
f 1027/1027/1027 1026/1026/1026 1028/1028/1028
f 1030/1030/1030 1031/1031/1031 1029/1029/1029
f 1029/1029/1029 1028/1028/1028 1030/1030/1030
f 1032/1032/1032 1033/1033/1033 1031/1031/1031
f 1031/1031/1031 1030/1030/1030 1032/1032/1032
f 1034/1034/1034 1035/1035/1035 1033/1033/1033
f 1033/1033/1033 1032/1032/1032 1034/1034/1034
f 1036/1036/1036 1037/1037/1037 1035/1035/1035
f 1035/1035/1035 1034/1034/1034 1036/1036/1036
f 1038/1038/1038 1039/1039/1039 1037/1037/1037
f 1037/1037/1037 1036/1036/1036 1038/1038/1038
f 1039/1039/1039 1038/1038/1038 1040/1040/1040
f 1041/1041/1041 1040/1040/1040 1038/1038/1038
f 1038/1038/1038 1042/1042/1042 1041/1041/1041
f 1043/1043/1043 1041/1041/1041 1042/1042/1042
f 1042/1042/1042 1044/1044/1044 1043/1043/1043
f 1045/1045/1045 1043/1043/1043 1044/1044/1044
f 1044/1044/1044 1046/1046/1046 1045/1045/1045
f 1047/1047/1047 1048/1048/1048 1045/1045/1045
f 1045/1045/1045 1046/1046/1046 1047/1047/1047
f 1049/1049/1049 1050/1050/1050 1047/1047/1047
f 1047/1047/1047 1046/1046/1046 1049/1049/1049
f 1051/1051/1051 1052/1052/1052 1050/1050/1050
f 1050/1050/1050 1049/1049/1049 1051/1051/1051
f 1053/1053/1053 1054/1054/1054 1052/1052/1052
f 1052/1052/1052 1051/1051/1051 1053/1053/1053
f 1055/1055/1055 1056/1056/1056 1054/1054/1054
f 1054/1054/1054 1053/1053/1053 1055/1055/1055
f 1024/1024/1024 1025/1025/1025 1056/1056/1056
f 1056/1056/1056 1055/1055/1055 1024/1024/1024
f 1057/1057/1057 1058/1058/1058 1059/1059/1059
f 1059/1059/1059 1060/1060/1060 1057/1057/1057
f 1061/1061/1061 1062/1062/1062 1058/1058/1058
f 1058/1058/1058 1057/1057/1057 1061/1061/1061
f 1063/1063/1063 1064/1064/1064 1062/1062/1062
f 1062/1062/1062 1061/1061/1061 1063/1063/1063
f 1065/1065/1065 1066/1066/1066 1064/1064/1064
f 1064/1064/1064 1063/1063/1063 1065/1065/1065
f 1067/1067/1067 1068/1068/1068 1065/1065/1065
f 1065/1065/1065 1063/1063/1063 1067/1067/1067
f 1069/1069/1069 1067/1067/1067 1063/1063/1063
f 1063/1063/1063 1070/1070/1070 1069/1069/1069
f 1070/1070/1070 1071/1071/1071 1069/1069/1069
f 1072/1072/1072 1073/1073/1073 1074/1074/1074
f 1074/1074/1074 1075/1075/1075 1072/1072/1072
f 1076/1076/1076 1077/1077/1077 1073/1073/1073
f 1073/1073/1073 1072/1072/1072 1076/1076/1076
f 1078/1078/1078 1079/1079/1079 1077/1077/1077
f 1077/1077/1077 1076/1076/1076 1078/1078/1078
f 1080/1080/1080 1081/1081/1081 1079/1079/1079
f 1079/1079/1079 1078/1078/1078 1080/1080/1080
f 1082/1082/1082 1083/1083/1083 1081/1081/1081
f 1081/1081/1081 1080/1080/1080 1082/1082/1082
f 1084/1084/1084 1085/1085/1085 1083/1083/1083
f 1083/1083/1083 1082/1082/1082 1084/1084/1084
f 1086/1086/1086 1087/1087/1087 1085/1085/1085
f 1085/1085/1085 1084/1084/1084 1086/1086/1086
f 1088/1088/1088 1089/1089/1089 1087/1087/1087
f 1087/1087/1087 1086/1086/1086 1088/1088/1088
f 1090/1090/1090 1091/1091/1091 1089/1089/1089
f 1089/1089/1089 1088/1088/1088 1090/1090/1090
f 1092/1092/1092 1093/1093/1093 1091/1091/1091
f 1091/1091/1091 1090/1090/1090 1092/1092/1092
f 1094/1094/1094 1095/1095/1095 1093/1093/1093
f 1093/1093/1093 1092/1092/1092 1094/1094/1094
f 1096/1096/1096 1095/1095/1095 1094/1094/1094
f 1094/1094/1094 1097/1097/1097 1098/1098/1098
f 1099/1099/1099 1100/1100/1100 1094/1094/1094
f 1094/1094/1094 1101/1101/1101 1099/1099/1099
f 1102/1102/1102 1103/1103/1103 1101/1101/1101
f 1101/1101/1101 1104/1104/1104 1102/1102/1102
f 1105/1105/1105 1102/1102/1102 1104/1104/1104
f 1104/1104/1104 1106/1106/1106 1105/1105/1105
f 1107/1107/1107 1105/1105/1105 1106/1106/1106
f 1106/1106/1106 1108/1108/1108 1107/1107/1107
f 1109/1109/1109 1107/1107/1107 1108/1108/1108
f 1108/1108/1108 1110/1110/1110 1109/1109/1109
f 1111/1111/1111 1109/1109/1109 1110/1110/1110
f 1110/1110/1110 1112/1112/1112 1111/1111/1111
f 1113/1113/1113 1111/1111/1111 1112/1112/1112
f 1112/1112/1112 1114/1114/1114 1113/1113/1113
f 1075/1075/1075 1113/1113/1113 1114/1114/1114
f 1114/1114/1114 1072/1072/1072 1075/1075/1075
f 1094/1094/1094 1098/1098/1098 1096/1096/1096
f 1097/1097/1097 1099/1099/1099 1115/1115/1115
f 1101/1101/1101 1103/1103/1103 1099/1099/1099
f 1116/1116/1116 1117/1117/1117 1118/1118/1118
f 1118/1118/1118 1119/1119/1119 1116/1116/1116
f 1119/1119/1119 1118/1118/1118 1120/1120/1120
f 1120/1120/1120 1121/1121/1121 1119/1119/1119
f 1122/1122/1122 1121/1121/1121 1120/1120/1120
f 1123/1123/1123 1124/1124/1124 1121/1121/1121
f 1121/1121/1121 1122/1122/1122 1123/1123/1123
f 1125/1125/1125 1126/1126/1126 1124/1124/1124
f 1124/1124/1124 1123/1123/1123 1125/1125/1125
f 1127/1127/1127 1128/1128/1128 1126/1126/1126
f 1126/1126/1126 1125/1125/1125 1127/1127/1127
f 1129/1129/1129 1128/1128/1128 1127/1127/1127
f 1130/1130/1130 1074/1074/1074 1073/1073/1073
f 1073/1073/1073 1131/1131/1131 1130/1130/1130
f 1072/1072/1072 1114/1114/1114 1117/1117/1117
f 1117/1117/1117 1076/1076/1076 1072/1072/1072
f 1116/1116/1116 1078/1078/1078 1076/1076/1076
f 1076/1076/1076 1117/1117/1117 1116/1116/1116
f 1080/1080/1080 1078/1078/1078 1116/1116/1116
f 1116/1116/1116 1119/1119/1119 1080/1080/1080
f 1082/1082/1082 1080/1080/1080 1119/1119/1119
f 1119/1119/1119 1121/1121/1121 1082/1082/1082
f 1084/1084/1084 1082/1082/1082 1121/1121/1121
f 1121/1121/1121 1124/1124/1124 1084/1084/1084
f 1086/1086/1086 1084/1084/1084 1124/1124/1124
f 1124/1124/1124 1126/1126/1126 1086/1086/1086
f 1088/1088/1088 1086/1086/1086 1126/1126/1126
f 1090/1090/1090 1088/1088/1088 1126/1126/1126
f 1126/1126/1126 1128/1128/1128 1090/1090/1090
f 1092/1092/1092 1090/1090/1090 1128/1128/1128
f 1128/1128/1128 1129/1129/1129 1092/1092/1092
f 1094/1094/1094 1092/1092/1092 1129/1129/1129
f 1129/1129/1129 1101/1101/1101 1094/1094/1094
f 1104/1104/1104 1101/1101/1101 1129/1129/1129
f 1129/1129/1129 1127/1127/1127 1104/1104/1104
f 1104/1104/1104 1127/1127/1127 1125/1125/1125
f 1125/1125/1125 1106/1106/1106 1104/1104/1104
f 1106/1106/1106 1125/1125/1125 1123/1123/1123
f 1123/1123/1123 1108/1108/1108 1106/1106/1106
f 1108/1108/1108 1123/1123/1123 1122/1122/1122
f 1122/1122/1122 1110/1110/1110 1108/1108/1108
f 1110/1110/1110 1122/1122/1122 1120/1120/1120
f 1118/1118/1118 1112/1112/1112 1110/1110/1110
f 1110/1110/1110 1120/1120/1120 1118/1118/1118
f 1118/1118/1118 1114/1114/1114 1112/1112/1112
f 1114/1114/1114 1118/1118/1118 1117/1117/1117
f 1132/1132/1132 1133/1133/1133 1134/1134/1134
f 1134/1134/1134 1135/1135/1135 1132/1132/1132
f 1136/1136/1136 1137/1137/1137 1138/1138/1138
f 1138/1138/1138 1139/1139/1139 1136/1136/1136
f 1140/1140/1140 1141/1141/1141 1142/1142/1142
f 1142/1142/1142 1143/1143/1143 1140/1140/1140
f 1144/1144/1144 1145/1145/1145 1146/1146/1146
f 1146/1146/1146 1147/1147/1147 1144/1144/1144
f 1148/1148/1148 1149/1149/1149 1150/1150/1150
f 1150/1150/1150 1151/1151/1151 1148/1148/1148
f 1152/1152/1152 1153/1153/1153 1154/1154/1154
f 1154/1154/1154 1155/1155/1155 1152/1152/1152
f 1156/1156/1156 1157/1157/1157 1158/1158/1158
f 1158/1158/1158 1159/1159/1159 1156/1156/1156
f 1160/1160/1160 1161/1161/1161 1162/1162/1162
f 1162/1162/1162 1163/1163/1163 1160/1160/1160
f 1164/1164/1164 1165/1165/1165 1166/1166/1166
f 1166/1166/1166 1167/1167/1167 1164/1164/1164
f 1168/1168/1168 1169/1169/1169 1170/1170/1170
f 1170/1170/1170 1171/1171/1171 1168/1168/1168
f 1172/1172/1172 1173/1173/1173 1174/1174/1174
f 1174/1174/1174 1175/1175/1175 1172/1172/1172
f 1176/1176/1176 1177/1177/1177 1178/1178/1178
f 1178/1178/1178 1179/1179/1179 1176/1176/1176
f 1180/1180/1180 1140/1140/1140 1143/1143/1143
f 1143/1143/1143 1181/1181/1181 1180/1180/1180
f 1182/1182/1182 1183/1183/1183 1184/1184/1184
f 1184/1184/1184 1185/1185/1185 1182/1182/1182
f 1186/1186/1186 1187/1187/1187 1188/1188/1188
f 1188/1188/1188 1189/1189/1189 1186/1186/1186
f 1098/1098/1098 1190/1190/1190 1191/1191/1191
f 1191/1191/1191 1096/1096/1096 1098/1098/1098
f 1192/1192/1192 1193/1193/1193 1194/1194/1194
f 1194/1194/1194 1195/1195/1195 1192/1192/1192
f 1195/1195/1195 1194/1194/1194 690/690/690
f 690/690/690 691/691/691 1195/1195/1195
f 1095/1095/1095 1096/1096/1096 1191/1191/1191
f 1191/1191/1191 1196/1196/1196 1095/1095/1095
f 1197/1197/1197 1192/1192/1192 1195/1195/1195
f 1195/1195/1195 1198/1198/1198 1197/1197/1197
f 1198/1198/1198 1195/1195/1195 691/691/691
f 691/691/691 695/695/695 1198/1198/1198
f 1093/1093/1093 1095/1095/1095 1196/1196/1196
f 1196/1196/1196 1199/1199/1199 1093/1093/1093
f 1200/1200/1200 1197/1197/1197 1198/1198/1198
f 1198/1198/1198 1201/1201/1201 1200/1200/1200
f 1201/1201/1201 1198/1198/1198 695/695/695
f 695/695/695 699/699/699 1201/1201/1201
f 1091/1091/1091 1093/1093/1093 1199/1199/1199
f 1199/1199/1199 1202/1202/1202 1091/1091/1091
f 1203/1203/1203 1200/1200/1200 1201/1201/1201
f 1201/1201/1201 1204/1204/1204 1203/1203/1203
f 1204/1204/1204 1201/1201/1201 699/699/699
f 699/699/699 703/703/703 1204/1204/1204
f 1089/1089/1089 1091/1091/1091 1202/1202/1202
f 1202/1202/1202 1205/1205/1205 1089/1089/1089
f 1206/1206/1206 1203/1203/1203 1204/1204/1204
f 1204/1204/1204 1207/1207/1207 1206/1206/1206
f 1207/1207/1207 1204/1204/1204 703/703/703
f 703/703/703 707/707/707 1207/1207/1207
f 1087/1087/1087 1089/1089/1089 1205/1205/1205
f 1205/1205/1205 1208/1208/1208 1087/1087/1087
f 1209/1209/1209 1206/1206/1206 1207/1207/1207
f 1207/1207/1207 1210/1210/1210 1209/1209/1209
f 1210/1210/1210 1207/1207/1207 707/707/707
f 707/707/707 711/711/711 1210/1210/1210
f 1085/1085/1085 1087/1087/1087 1208/1208/1208
f 1208/1208/1208 1211/1211/1211 1085/1085/1085
f 1212/1212/1212 1209/1209/1209 1210/1210/1210
f 1210/1210/1210 1213/1213/1213 1212/1212/1212
f 1213/1213/1213 1210/1210/1210 711/711/711
f 711/711/711 715/715/715 1213/1213/1213
f 1083/1083/1083 1085/1085/1085 1211/1211/1211
f 1211/1211/1211 1214/1214/1214 1083/1083/1083
f 1215/1215/1215 1212/1212/1212 1213/1213/1213
f 1213/1213/1213 1216/1216/1216 1215/1215/1215
f 1216/1216/1216 1213/1213/1213 715/715/715
f 715/715/715 719/719/719 1216/1216/1216
f 1081/1081/1081 1083/1083/1083 1214/1214/1214
f 1214/1214/1214 1217/1217/1217 1081/1081/1081
f 1218/1218/1218 1215/1215/1215 1216/1216/1216
f 1216/1216/1216 1219/1219/1219 1218/1218/1218
f 1219/1219/1219 1216/1216/1216 719/719/719
f 719/719/719 723/723/723 1219/1219/1219
f 1079/1079/1079 1081/1081/1081 1217/1217/1217
f 1217/1217/1217 1220/1220/1220 1079/1079/1079
f 1221/1221/1221 1218/1218/1218 1219/1219/1219
f 1219/1219/1219 1222/1222/1222 1221/1221/1221
f 1222/1222/1222 1219/1219/1219 723/723/723
f 723/723/723 727/727/727 1222/1222/1222
f 1077/1077/1077 1079/1079/1079 1220/1220/1220
f 1220/1220/1220 1223/1223/1223 1077/1077/1077
f 1224/1224/1224 1221/1221/1221 1222/1222/1222
f 1222/1222/1222 1225/1225/1225 1224/1224/1224
f 1225/1225/1225 1222/1222/1222 727/727/727
f 727/727/727 731/731/731 1225/1225/1225
f 1073/1073/1073 1077/1077/1077 1223/1223/1223
f 1223/1223/1223 1226/1226/1226 1073/1073/1073
f 1227/1227/1227 1224/1224/1224 1225/1225/1225
f 1225/1225/1225 1228/1228/1228 1227/1227/1227
f 1228/1228/1228 1225/1225/1225 731/731/731
f 731/731/731 735/735/735 1228/1228/1228
f 1131/1131/1131 1073/1073/1073 1226/1226/1226
f 1226/1226/1226 1229/1229/1229 1131/1131/1131
f 1230/1230/1230 1227/1227/1227 1228/1228/1228
f 1228/1228/1228 1231/1231/1231 1230/1230/1230
f 1231/1231/1231 1228/1228/1228 735/735/735
f 735/735/735 739/739/739 1231/1231/1231
f 1130/1130/1130 1131/1131/1131 1232/1232/1232
f 1232/1232/1232 1131/1131/1131 1233/1233/1233
f 1234/1234/1234 1235/1235/1235 1236/1236/1236
f 1236/1236/1236 1237/1237/1237 1234/1234/1234
f 1237/1237/1237 1236/1236/1236 746/746/746
f 746/746/746 747/747/747 1237/1237/1237
f 1238/1238/1238 1130/1130/1130 1239/1239/1239
f 1239/1239/1239 1130/1130/1130 1232/1232/1232
f 1240/1240/1240 1241/1241/1241 1242/1242/1242
f 1242/1242/1242 1243/1243/1243 1240/1240/1240
f 1241/1241/1241 1240/1240/1240 754/754/754
f 754/754/754 755/755/755 1241/1241/1241
f 1244/1244/1244 1245/1245/1245 1246/1246/1246
f 1246/1246/1246 1245/1245/1245 1247/1247/1247
f 1248/1248/1248 1249/1249/1249 1250/1250/1250
f 1250/1250/1250 1249/1249/1249 1251/1251/1251
f 1250/1250/1250 1251/1251/1251 764/764/764
f 764/764/764 765/765/765 1250/1250/1250
f 1252/1252/1252 1244/1244/1244 1246/1246/1246
f 1246/1246/1246 1253/1253/1253 1252/1252/1252
f 1254/1254/1254 1248/1248/1248 1250/1250/1250
f 1250/1250/1250 1255/1255/1255 1254/1254/1254
f 1255/1255/1255 1250/1250/1250 765/765/765
f 765/765/765 770/770/770 1255/1255/1255
f 1256/1256/1256 1252/1252/1252 1253/1253/1253
f 1253/1253/1253 1257/1257/1257 1256/1256/1256
f 1258/1258/1258 1254/1254/1254 1255/1255/1255
f 1255/1255/1255 1259/1259/1259 1258/1258/1258
f 1259/1259/1259 1255/1255/1255 770/770/770
f 770/770/770 775/775/775 1259/1259/1259
f 1260/1260/1260 1256/1256/1256 1257/1257/1257
f 1257/1257/1257 1261/1261/1261 1260/1260/1260
f 1262/1262/1262 1263/1263/1263 1264/1264/1264
f 1264/1264/1264 1265/1265/1265 1262/1262/1262
f 1265/1265/1265 1264/1264/1264 782/782/782
f 782/782/782 783/783/783 1265/1265/1265
f 1266/1266/1266 1260/1260/1260 1261/1261/1261
f 1261/1261/1261 1267/1267/1267 1266/1266/1266
f 1268/1268/1268 1269/1269/1269 1270/1270/1270
f 1270/1270/1270 1271/1271/1271 1268/1268/1268
f 1271/1271/1271 1270/1270/1270 790/790/790
f 790/790/790 791/791/791 1271/1271/1271
f 1272/1272/1272 1266/1266/1266 1267/1267/1267
f 1267/1267/1267 1273/1273/1273 1272/1272/1272
f 1274/1274/1274 1268/1268/1268 1271/1271/1271
f 1271/1271/1271 1275/1275/1275 1274/1274/1274
f 1275/1275/1275 1271/1271/1271 796/796/796
f 796/796/796 797/797/797 1275/1275/1275
f 1276/1276/1276 1272/1272/1272 1273/1273/1273
f 1273/1273/1273 1277/1277/1277 1276/1276/1276
f 1278/1278/1278 1274/1274/1274 1275/1275/1275
f 1275/1275/1275 1279/1279/1279 1278/1278/1278
f 1279/1279/1279 1275/1275/1275 797/797/797
f 797/797/797 802/802/802 1279/1279/1279
f 1280/1280/1280 1276/1276/1276 1277/1277/1277
f 1277/1277/1277 1281/1281/1281 1280/1280/1280
f 1282/1282/1282 1278/1278/1278 1279/1279/1279
f 1279/1279/1279 1283/1283/1283 1282/1282/1282
f 1283/1283/1283 1279/1279/1279 802/802/802
f 802/802/802 807/807/807 1283/1283/1283
f 1099/1099/1099 1280/1280/1280 1281/1281/1281
f 1281/1281/1281 1284/1284/1284 1099/1099/1099
f 1285/1285/1285 1286/1286/1286 1287/1287/1287
f 1287/1287/1287 1288/1288/1288 1285/1285/1285
f 1288/1288/1288 1287/1287/1287 813/813/813
f 813/813/813 814/814/814 1288/1288/1288
f 1099/1099/1099 1284/1284/1284 1289/1289/1289
f 1289/1289/1289 1115/1115/1115 1099/1099/1099
f 1290/1290/1290 1285/1285/1285 1288/1288/1288
f 1288/1288/1288 1291/1291/1291 1290/1290/1290
f 1291/1291/1291 1288/1288/1288 814/814/814
f 814/814/814 818/818/818 1291/1291/1291
f 1291/1291/1291 818/818/818 446/446/446
f 446/446/446 1292/1292/1292 1291/1291/1291
f 1290/1290/1290 1291/1291/1291 1292/1292/1292
f 1292/1292/1292 985/985/985 1290/1290/1290
f 986/986/986 1289/1289/1289 985/985/985
f 987/987/987 1115/1115/1115 1289/1289/1289
f 1289/1289/1289 986/986/986 987/987/987
f 1097/1097/1097 1115/1115/1115 987/987/987
f 1098/1098/1098 1097/1097/1097 987/987/987
f 1190/1190/1190 1098/1098/1098 987/987/987
f 987/987/987 988/988/988 1190/1190/1190
f 988/988/988 989/989/989 1190/1190/1190
f 990/990/990 1193/1193/1193 989/989/989
f 1194/1194/1194 1193/1193/1193 990/990/990
f 454/454/454 1194/1194/1194 990/990/990
f 690/690/690 1194/1194/1194 454/454/454
f 1293/1293/1293 1294/1294/1294 1295/1295/1295
f 1295/1295/1295 1296/1296/1296 1293/1293/1293
f 1297/1297/1297 1298/1298/1298 1299/1299/1299
f 1299/1299/1299 1300/1300/1300 1297/1297/1297
f 1301/1301/1301 1302/1302/1302 1303/1303/1303
f 1303/1303/1303 1304/1304/1304 1301/1301/1301
f 1305/1305/1305 1306/1306/1306 1307/1307/1307
f 1308/1308/1308 1306/1306/1306 1305/1305/1305
f 1309/1309/1309 1310/1310/1310 1308/1308/1308
f 1308/1308/1308 1305/1305/1305 1309/1309/1309
f 1304/1304/1304 1311/1311/1311 1301/1301/1301
f 1312/1312/1312 1311/1311/1311 1304/1304/1304
f 1300/1300/1300 1313/1313/1313 1297/1297/1297
f 1314/1314/1314 1313/1313/1313 1300/1300/1300
f 1296/1296/1296 1315/1315/1315 1293/1293/1293
f 1316/1316/1316 1315/1315/1315 1296/1296/1296
f 1317/1317/1317 1318/1318/1318 1319/1319/1319
f 1320/1320/1320 1318/1318/1318 1317/1317/1317
f 1321/1321/1321 1322/1322/1322 1320/1320/1320
f 1323/1323/1323 1322/1322/1322 1321/1321/1321
f 1324/1324/1324 1325/1325/1325 1326/1326/1326
f 1325/1325/1325 1324/1324/1324 1327/1327/1327
f 1328/1328/1328 1329/1329/1329 1330/1330/1330
f 1329/1329/1329 1328/1328/1328 1331/1331/1331
f 1332/1332/1332 1333/1333/1333 1334/1334/1334
f 1334/1334/1334 1335/1335/1335 1332/1332/1332
f 1336/1336/1336 1337/1337/1337 1338/1338/1338
f 1339/1339/1339 1336/1336/1336 1338/1338/1338
f 1340/1340/1340 1336/1336/1336 1339/1339/1339
f 1339/1339/1339 1341/1341/1341 1340/1340/1340
f 1333/1333/1333 1332/1332/1332 1342/1342/1342
f 1343/1343/1343 1328/1328/1328 1342/1342/1342
f 1331/1331/1331 1328/1328/1328 1344/1344/1344
f 1345/1345/1345 1331/1331/1331 1344/1344/1344
f 1327/1327/1327 1324/1324/1324 1346/1346/1346
f 1347/1347/1347 1327/1327/1327 1346/1346/1346
f 1348/1348/1348 1349/1349/1349 1350/1350/1350
f 1351/1351/1351 1348/1348/1348 1350/1350/1350
f 1352/1352/1352 1351/1351/1351 1353/1353/1353
f 1354/1354/1354 1352/1352/1352 1353/1353/1353
f 1355/1355/1355 883/883/883 884/884/884
f 884/884/884 1356/1356/1356 1355/1355/1355
f 1357/1357/1357 1358/1358/1358 1355/1355/1355
f 1355/1355/1355 1356/1356/1356 1357/1357/1357
f 1359/1359/1359 1358/1358/1358 1357/1357/1357
f 1357/1357/1357 1360/1360/1360 1359/1359/1359
f 1361/1361/1361 1359/1359/1359 1360/1360/1360
f 1360/1360/1360 1362/1362/1362 1361/1361/1361
f 1361/1361/1361 1362/1362/1362 1363/1363/1363
f 1363/1363/1363 1364/1364/1364 1361/1361/1361
f 1364/1364/1364 1363/1363/1363 1365/1365/1365
f 1365/1365/1365 1366/1366/1366 1364/1364/1364
f 1367/1367/1367 1366/1366/1366 1365/1365/1365
f 1365/1365/1365 1368/1368/1368 1367/1367/1367
f 898/898/898 899/899/899 1367/1367/1367
f 1367/1367/1367 1368/1368/1368 898/898/898
