mtllib plate_round1*1_with_flower_edge(5_petals)_medium_lavender.mtl
v 1.922562 10.02202 3.468393
v 1.93924 9.500021 3.49848
v -1.559239 9.500018 5.437719
v -1.575916 10.02202 5.407633
v 1.873112 10.53522 3.379183
v -1.625367 10.53522 5.318422
v 1.791664 11.03082 3.232247
v -1.706815 11.03082 5.171487
v 1.679382 11.50002 3.029686
v -1.819097 11.50002 4.968925
v 1.538593 11.93522 2.775697
v -1.959886 11.93522 4.714936
v 1.371236 12.32842 2.473778
v -2.127243 12.32842 4.413018
v 1.180609 12.67362 2.129879
v -2.31787 12.67362 4.069118
v 0.9696197 12.96402 1.749244
v -2.528859 12.96402 3.688484
v 0.7421468 13.19562 1.338873
v -2.756332 13.19562 3.278112
v 0.501875 13.36362 0.9054117
v -2.996604 13.36362 2.844651
v 0.2530705 13.46562 0.4565569
v -3.245409 13.46562 2.395797
v -3.576279E-07 13.50002 5.471744E-06
v -3.498479 13.50002 1.939245
v -0.2530712 13.46563 -0.4565461
v -3.75155 13.46562 1.482693
v -0.5018756 13.36363 -0.9054011
v -4.000355 13.36362 1.033839
v -0.7421474 13.19563 -1.338863
v -4.240626 13.19562 0.6003768
v -0.9696203 12.96403 -1.749235
v -4.468099 12.96402 0.1900049
v -1.18061 12.67363 -2.129869
v -4.679089 12.67362 -0.1906299
v -1.371237 12.32843 -2.47377
v -4.869716 12.32842 -0.5345307
v -1.538593 11.93523 -2.775689
v -5.037072 11.93523 -0.83645
v -1.679382 11.50003 -3.02968
v -5.177861 11.50003 -1.09044
v -1.791664 11.03083 -3.232242
v -5.290143 11.03083 -1.293003
v -1.873112 10.53523 -3.379179
v -5.371591 10.53523 -1.439939
v -1.922563 10.02203 -3.46839
v -5.421041 10.02203 -1.529151
v -1.93924 9.500029 -3.498478
v -5.437719 9.500026 -1.559239
v -1.922562 8.978028 -3.468392
v -5.421041 8.978025 -1.529152
v -1.873112 8.464828 -3.379181
v -5.371591 8.464826 -1.439942
v -1.791664 7.969228 -3.232246
v -5.290143 7.969225 -1.293006
v -1.679382 7.500028 -3.029684
v -5.177861 7.500025 -1.090445
v -1.538593 7.064828 -2.775695
v -5.037072 7.064825 -0.8364556
v -1.371236 6.671628 -2.473777
v -4.869715 6.671624 -0.5345373
v -1.180609 6.326427 -2.129877
v -4.679088 6.326424 -0.1906373
v -0.9696197 6.036026 -1.749243
v -4.468099 6.036023 0.1899969
v -0.7421468 5.804426 -1.338871
v -4.240626 5.804423 0.6003682
v -0.501875 5.636425 -0.90541
v -4.000354 5.636422 1.03383
v -0.2530705 5.534425 -0.4565553
v -3.751549 5.534422 1.482684
v 3.576279E-07 5.500024 -3.810707E-06
v -3.498478 5.500021 1.939236
v 0.2530712 5.534424 0.4565477
v -3.245408 5.534421 2.395787
v 0.5018756 5.636423 0.9054027
v -2.996603 5.63642 2.844642
v 0.7421474 5.804423 1.338864
v -2.756331 5.80442 3.278104
v 0.9696203 6.036022 1.749236
v -2.528859 6.036019 3.688476
v 1.18061 6.326422 2.129871
v -2.317869 6.326419 4.06911
v 1.371237 6.671622 2.473772
v -2.127242 6.671619 4.413012
v 1.538593 7.064821 2.775691
v -1.959886 7.064818 4.714931
v 1.679382 7.500021 3.029681
v -1.819097 7.500018 4.968921
v 1.791664 7.969221 3.232244
v -1.706815 7.969218 5.171483
v 1.873112 8.464821 3.37918
v -1.625367 8.464818 5.31842
v 1.922563 8.978021 3.468392
v -1.575916 8.978018 5.407632
v 2.883844 10.28302 5.20259
v 2.90886 9.500019 5.247719
v -0.5896189 9.500016 7.186959
v -0.6146352 10.28302 7.141829
v 2.809668 11.05282 5.068774
v -0.6888111 11.05282 7.008013
v 2.687495 11.79622 4.84837
v -0.8109835 11.79622 6.78761
v 2.519073 12.50002 4.544528
v -0.9794064 12.50002 6.483768
v 2.307889 13.15282 4.163545
v -1.19059 13.15282 6.102784
v 2.056854 13.74262 3.710667
v -1.441624 13.74262 5.649907
v 1.770914 14.26042 3.194817
v -1.727565 14.26042 5.134057
v 1.45443 14.69602 2.623866
v -2.044049 14.69602 4.563106
v 1.11322 15.04342 2.008309
v -2.385259 15.04342 3.947549
v 0.7528124 15.29542 1.358117
v -2.745667 15.29542 3.297357
v 0.3796057 15.44842 0.684835
v -3.118873 15.44842 2.624074
v -5.364418E-07 15.50003 7.792357E-06
v -3.498479 15.50002 1.939247
v -0.3796068 15.44843 -0.6848195
v -3.878086 15.44842 1.25442
v -0.7528135 15.29543 -1.358102
v -4.251292 15.29542 0.5811376
v -1.113221 15.04343 -2.008295
v -4.6117 15.04342 -0.06905507
v -1.45443 14.69603 -2.623852
v -4.952909 14.69603 -0.6846128
v -1.770914 14.26043 -3.194805
v -5.269393 14.26043 -1.255565
v -2.056855 13.74263 -3.710656
v -5.555334 13.74263 -1.771416
v -2.30789 13.15283 -4.163535
v -5.806369 13.15283 -2.224295
v -2.519073 12.50003 -4.54452
v -6.017552 12.50003 -2.60528
v -2.687496 11.79623 -4.848363
v -6.185975 11.79623 -2.909124
v -2.809668 11.05283 -5.068769
v -6.308147 11.05283 -3.129529
v -2.883844 10.28303 -5.202586
v -6.382323 10.28303 -3.263347
v -2.90886 9.500031 -5.247717
v -6.407339 9.500028 -3.308478
v -2.883844 8.717031 -5.202588
v -6.382323 8.717028 -3.263349
v -2.809668 7.94723 -5.068772
v -6.308146 7.947227 -3.129533
v -2.687495 7.20383 -4.848369
v -6.185974 7.203827 -2.909129
v -2.519073 6.50003 -4.544527
v -6.017551 6.500027 -2.605287
v -2.307889 5.847229 -4.163543
v -5.806368 5.847226 -2.224303
v -2.056854 5.257429 -3.710666
v -5.555334 5.257425 -1.771426
v -1.770914 4.739628 -3.194816
v -5.269392 4.739625 -1.255576
v -1.45443 4.304027 -2.623864
v -4.952909 4.304024 -0.6846249
v -1.11322 3.956627 -2.008307
v -4.611699 3.956624 -0.06906794
v -0.7528124 3.704626 -1.358115
v -4.251291 3.704623 0.5811241
v -0.3796057 3.551625 -0.6848333
v -3.878085 3.551622 1.254406
v 5.364418E-07 3.500024 -6.13132E-06
v -3.498478 3.500021 1.939233
v 0.3796068 3.551623 0.6848212
v -3.118872 3.55162 2.624061
v 0.7528135 3.704623 1.358104
v -2.745666 3.704619 3.297343
v 1.113221 3.956622 2.008296
v -2.385258 3.956619 3.947536
v 1.45443 4.304021 2.623854
v -2.044049 4.304018 4.563094
v 1.770914 4.739621 3.194806
v -1.727564 4.739618 5.134046
v 2.056855 5.25742 3.710658
v -1.441624 5.257417 5.649897
v 2.30789 5.847219 4.163536
v -1.190589 5.847217 6.102776
v 2.519073 6.500019 4.544521
v -0.9794058 6.500016 6.483761
v 2.687496 7.203819 4.848365
v -0.8109831 7.203816 6.787604
v 2.809668 7.947219 5.06877
v -0.6888108 7.947216 7.00801
v 2.883844 8.717019 5.202588
v -0.6146351 8.717015 7.141828
v -1.559239 9.500018 5.437719
v -1.575916 10.02202 5.407633
v -0.6146352 10.28302 7.141829
v -0.5896189 9.500016 7.186959
v -1.625367 10.53522 5.318422
v -0.6888111 11.05282 7.008013
v -1.706815 11.03082 5.171487
v -0.8109835 11.79622 6.78761
v -1.819097 11.50002 4.968925
v -0.9794064 12.50002 6.483768
v -1.959886 11.93522 4.714936
v -1.19059 13.15282 6.102784
v -2.127243 12.32842 4.413018
v -1.441624 13.74262 5.649907
v -2.31787 12.67362 4.069118
v -1.727565 14.26042 5.134057
v -2.528859 12.96402 3.688484
v -2.044049 14.69602 4.563106
v -2.756332 13.19562 3.278112
v -2.385259 15.04342 3.947549
v -2.996604 13.36362 2.844651
v -2.745667 15.29542 3.297357
v -3.245409 13.46562 2.395797
v -3.118873 15.44842 2.624074
v -3.498479 13.50002 1.939245
v -3.498479 15.50002 1.939247
v -3.75155 13.46562 1.482693
v -3.878086 15.44842 1.25442
v -4.000355 13.36362 1.033839
v -4.251292 15.29542 0.5811375
v -4.240626 13.19562 0.6003768
v -4.6117 15.04342 -0.06905507
v -4.468099 12.96402 0.1900049
v -4.952909 14.69603 -0.6846128
v -4.679089 12.67362 -0.1906299
v -5.269393 14.26043 -1.255565
v -4.869716 12.32842 -0.5345307
v -5.555334 13.74263 -1.771416
v -5.037072 11.93523 -0.83645
v -5.806369 13.15283 -2.224295
v -5.177861 11.50003 -1.09044
v -6.017552 12.50003 -2.60528
v -5.290143 11.03083 -1.293003
v -6.185975 11.79623 -2.909124
v -5.371591 10.53523 -1.439939
v -6.308147 11.05283 -3.129529
v -5.421041 10.02203 -1.529151
v -6.382323 10.28303 -3.263347
v -5.437719 9.500026 -1.559239
v -6.407339 9.500028 -3.308478
v -5.421041 8.978025 -1.529152
v -6.382323 8.717028 -3.263349
v -5.371591 8.464826 -1.439942
v -6.308146 7.947227 -3.129533
v -5.290143 7.969225 -1.293006
v -6.185974 7.203827 -2.909129
v -5.177861 7.500025 -1.090445
v -6.017551 6.500027 -2.605287
v -5.037072 7.064825 -0.8364556
v -5.806368 5.847226 -2.224303
v -4.869715 6.671624 -0.5345373
v -5.555334 5.257425 -1.771426
v -4.679088 6.326424 -0.1906373
v -5.269392 4.739625 -1.255576
v -4.468099 6.036023 0.1899969
v -4.952909 4.304024 -0.6846249
v -4.240626 5.804423 0.6003682
v -4.611699 3.956624 -0.06906794
v -4.000354 5.636422 1.03383
v -4.251291 3.704623 0.5811241
v -3.751549 5.534422 1.482684
v -3.878085 3.551622 1.254406
v -3.498478 5.500021 1.939236
v -3.498478 3.500021 1.939233
v -3.245408 5.534421 2.395787
v -3.118872 3.55162 2.624061
v -2.996603 5.63642 2.844642
v -2.745665 3.704619 3.297343
v -2.756331 5.80442 3.278104
v -2.385258 3.956619 3.947536
v -2.528859 6.036019 3.688476
v -2.044049 4.304018 4.563094
v -2.317869 6.326419 4.06911
v -1.727564 4.739618 5.134046
v -2.127242 6.671619 4.413012
v -1.441624 5.257417 5.649897
v -1.959886 7.064818 4.714931
v -1.190589 5.847217 6.102776
v -1.819097 7.500018 4.968921
v -0.9794058 6.500016 6.483761
v -1.706815 7.969218 5.171483
v -0.8109831 7.203816 6.787604
v -1.625367 8.464818 5.31842
v -0.6888108 7.947216 7.00801
v -1.575916 8.978018 5.407632
v -0.6146351 8.717015 7.141828
v 2.710521 9.761024 0.7645774
v 2.718859 9.500024 0.7796205
v 0.96962 9.500023 1.74924
v 0.9612812 9.761023 1.734197
v 2.685795 10.01762 0.7199721
v 0.9365559 10.01762 1.689592
v 2.645071 10.26542 0.6465043
v 0.8958318 10.26542 1.616124
v 2.58893 10.50002 0.5452236
v 0.8396908 10.50002 1.514843
v 2.518536 10.71762 0.418229
v 0.7692964 10.71762 1.387849
v 2.434858 10.91422 0.2672699
v 0.6856182 10.91422 1.23689
v 2.339544 11.08683 0.09531988
v 0.5903045 11.08682 1.06494
v 2.234049 11.23203 -0.09499719
v 0.4848098 11.23202 0.8746226
v 2.120313 11.34783 -0.3001828
v 0.3710734 11.34782 0.6694369
v 2.000177 11.43183 -0.5169135
v 0.2509375 11.43182 0.4527062
v 1.875775 11.48283 -0.7413409
v 0.1265352 11.48282 0.2282789
v 1.749239 11.50003 -0.9696166
v -1.788139E-07 11.50002 3.151131E-06
v 1.622704 11.48283 -1.197892
v -0.1265356 11.48283 -0.2282726
v 1.498302 11.43183 -1.42232
v -0.2509378 11.43183 -0.4527001
v 1.378166 11.34783 -1.639051
v -0.3710737 11.34783 -0.669431
v 1.264429 11.23203 -1.844237
v -0.4848101 11.23203 -0.8746169
v 1.158935 11.08683 -2.034554
v -0.5903048 11.08683 -1.064934
v 1.063621 10.91423 -2.206504
v -0.6856184 10.91423 -1.236885
v 0.9799429 10.71763 -2.357464
v -0.7692966 10.71763 -1.387844
v 0.9095485 10.50003 -2.484459
v -0.839691 10.50003 -1.514839
v 0.8534074 10.26543 -2.58574
v -0.895832 10.26543 -1.616121
v 0.8126835 10.01763 -2.659209
v -0.936556 10.01763 -1.689589
v 0.7879581 9.761028 -2.703815
v -0.9612813 9.761026 -1.734195
v 0.7796195 9.500029 -2.718858
v -0.96962 9.500027 -1.749239
v 0.7879582 9.239028 -2.703815
v -0.9612812 9.239027 -1.734195
v 0.8126835 8.982429 -2.65921
v -0.9365559 8.982427 -1.68959
v 0.8534076 8.734628 -2.585742
v -0.8958318 8.734627 -1.616122
v 0.9095486 8.500028 -2.484462
v -0.8396908 8.500027 -1.514842
v 0.979943 8.282428 -2.357467
v -0.7692964 8.282426 -1.387847
v 1.063621 8.085828 -2.206508
v -0.6856182 8.085826 -1.236888
v 1.158935 7.913228 -2.034558
v -0.5903045 7.913226 -1.064938
v 1.26443 7.768027 -1.844241
v -0.4848098 7.768025 -0.8746209
v 1.378166 7.652227 -1.639055
v -0.3710734 7.652225 -0.6694353
v 1.498302 7.568227 -1.422324
v -0.2509375 7.568225 -0.4527046
v 1.622704 7.517226 -1.197897
v -0.1265352 7.517225 -0.2282772
v 1.74924 7.500026 -0.9696212
v 1.788139E-07 7.500025 -1.490094E-06
v 1.875775 7.517226 -0.7413455
v 0.1265356 7.517224 0.2282743
v 2.000177 7.568225 -0.516918
v 0.2509378 7.568224 0.4527017
v 2.120313 7.652225 -0.3001871
v 0.3710737 7.652224 0.6694326
v 2.23405 7.768025 -0.09500121
v 0.4848101 7.768023 0.8746185
v 2.339544 7.913225 0.0953162
v 0.5903048 7.913223 1.064936
v 2.434858 8.085825 0.2672666
v 0.6856184 8.085823 1.236886
v 2.518536 8.282425 0.4182262
v 0.7692966 8.282423 1.387846
v 2.58893 8.500025 0.5452213
v 0.839691 8.500023 1.514841
v 2.645072 8.734624 0.6465026
v 0.895832 8.734623 1.616122
v 2.685796 8.982425 0.7199709
v 0.936556 8.982423 1.689591
v 2.710521 9.239024 0.7645768
v 0.9612813 9.239023 1.734197
v 0.96962 9.500023 1.74924
v 0.9612812 9.761023 1.734197
v 1.922562 10.02202 3.468393
v 1.93924 9.500021 3.49848
v 0.9365559 10.01762 1.689592
v 1.873112 10.53522 3.379183
v 0.8958318 10.26542 1.616124
v 1.791664 11.03082 3.232247
v 0.8396908 10.50002 1.514843
v 1.679382 11.50002 3.029686
v 0.7692964 10.71762 1.387849
v 1.538593 11.93522 2.775697
v 0.6856182 10.91422 1.23689
v 1.371236 12.32842 2.473778
v 0.5903045 11.08682 1.06494
v 1.180609 12.67362 2.129879
v 0.4848098 11.23202 0.8746226
v 0.9696197 12.96402 1.749244
v 0.3710734 11.34782 0.6694369
v 0.7421468 13.19562 1.338873
v 0.2509375 11.43182 0.4527062
v 0.501875 13.36362 0.9054117
v 0.1265352 11.48282 0.2282789
v 0.2530705 13.46562 0.4565569
v -1.788139E-07 11.50002 3.151131E-06
v -3.576279E-07 13.50002 5.471744E-06
v -0.1265356 11.48283 -0.2282726
v -0.2530712 13.46563 -0.4565461
v -0.2509378 11.43183 -0.4527001
v -0.5018756 13.36363 -0.9054011
v -0.3710737 11.34783 -0.669431
v -0.7421474 13.19563 -1.338863
v -0.4848101 11.23203 -0.8746169
v -0.9696203 12.96403 -1.749235
v -0.5903048 11.08683 -1.064934
v -1.18061 12.67363 -2.129869
v -0.6856184 10.91423 -1.236885
v -1.371237 12.32843 -2.47377
v -0.7692966 10.71763 -1.387844
v -1.538593 11.93523 -2.775689
v -0.839691 10.50003 -1.514839
v -1.679382 11.50003 -3.02968
v -0.895832 10.26543 -1.616121
v -1.791664 11.03083 -3.232242
v -0.936556 10.01763 -1.689589
v -1.873112 10.53523 -3.379179
v -0.9612813 9.761026 -1.734195
v -1.922563 10.02203 -3.46839
v -0.96962 9.500027 -1.749239
v -1.93924 9.500029 -3.498478
v -0.9612812 9.239027 -1.734195
v -1.922562 8.978028 -3.468392
v -0.9365559 8.982427 -1.68959
v -1.873112 8.464828 -3.379181
v -0.8958318 8.734627 -1.616122
v -1.791664 7.969228 -3.232246
v -0.8396908 8.500027 -1.514842
v -1.679382 7.500028 -3.029684
v -0.7692964 8.282426 -1.387847
v -1.538593 7.064828 -2.775695
v -0.6856182 8.085826 -1.236888
v -1.371236 6.671628 -2.473777
v -0.5903045 7.913226 -1.064938
v -1.180609 6.326427 -2.129877
v -0.4848098 7.768025 -0.8746209
v -0.9696197 6.036026 -1.749243
v -0.3710734 7.652225 -0.6694353
v -0.7421468 5.804426 -1.338871
v -0.2509375 7.568225 -0.4527046
v -0.501875 5.636425 -0.90541
v -0.1265352 7.517225 -0.2282772
v -0.2530705 5.534425 -0.4565553
v 1.788139E-07 7.500025 -1.490094E-06
v 3.576279E-07 5.500024 -3.810707E-06
v 0.1265356 7.517224 0.2282743
v 0.2530712 5.534424 0.4565477
v 0.2509378 7.568224 0.4527017
v 0.5018756 5.636423 0.9054027
v 0.3710737 7.652224 0.6694326
v 0.7421474 5.804423 1.338864
v 0.4848101 7.768023 0.8746185
v 0.9696203 6.036022 1.749236
v 0.5903048 7.913223 1.064936
v 1.18061 6.326422 2.129871
v 0.6856184 8.085823 1.236886
v 1.371237 6.671622 2.473772
v 0.7692966 8.282423 1.387846
v 1.538593 7.064821 2.775691
v 0.839691 8.500023 1.514841
v 1.679382 7.500021 3.029681
v 0.895832 8.734623 1.616122
v 1.791664 7.969221 3.232244
v 0.936556 8.982423 1.689591
v 1.873112 8.464821 3.37918
v 0.9612813 9.239023 1.734197
v 1.922563 8.978021 3.468392
v 2.718859 9.500024 0.7796205
v 2.710521 9.761024 0.7645774
v 3.671802 10.02202 2.498774
v 3.688479 9.500022 2.52886
v 2.685795 10.01762 0.7199721
v 3.622351 10.53522 2.409563
v 2.645071 10.26542 0.6465043
v 3.540903 11.03082 2.262628
v 2.58893 10.50002 0.5452236
v 3.428621 11.50002 2.060066
v 2.518536 10.71762 0.418229
v 3.287832 11.93522 1.806077
v 2.434858 10.91422 0.2672699
v 3.120476 12.32842 1.504159
v 2.339544 11.08683 0.09531988
v 2.929848 12.67362 1.160259
v 2.234049 11.23203 -0.09499719
v 2.718859 12.96402 0.7796245
v 2.120313 11.34783 -0.3001828
v 2.491386 13.19563 0.3692532
v 2.000177 11.43183 -0.5169135
v 2.251114 13.36363 -0.0642081
v 1.875775 11.48283 -0.7413409
v 2.00231 13.46563 -0.5130628
v 1.749239 11.50003 -0.9696166
v 1.749239 13.50003 -0.9696143
v 1.622704 11.48283 -1.197892
v 1.496168 13.46563 -1.426166
v 1.498302 11.43183 -1.42232
v 1.247364 13.36363 -1.875021
v 1.378166 11.34783 -1.639051
v 1.007092 13.19563 -2.308482
v 1.264429 11.23203 -1.844237
v 0.7796192 12.96403 -2.718854
v 1.158935 11.08683 -2.034554
v 0.5686299 12.67363 -3.099489
v 1.063621 10.91423 -2.206504
v 0.3780026 12.32843 -3.44339
v 0.9799429 10.71763 -2.357464
v 0.2106462 11.93523 -3.745309
v 0.9095485 10.50003 -2.484459
v 0.06985745 11.50003 -3.999299
v 0.8534074 10.26543 -2.58574
v -0.04242453 11.03083 -4.201862
v 0.8126835 10.01763 -2.659209
v -0.1238725 10.53523 -4.348798
v 0.7879581 9.761028 -2.703815
v -0.1733231 10.02203 -4.43801
v 0.7796195 9.500029 -2.718858
v -0.1900005 9.500031 -4.468098
v 0.7879582 9.239028 -2.703815
v -0.173323 8.97803 -4.438012
v 0.8126835 8.982429 -2.65921
v -0.1238724 8.46483 -4.348801
v 0.8534076 8.734628 -2.585742
v -0.04242425 7.96923 -4.201865
v 0.9095486 8.500028 -2.484462
v 0.06985781 7.50003 -3.999304
v 0.979943 8.282428 -2.357467
v 0.2106467 7.064829 -3.745315
v 1.063621 8.085828 -2.206508
v 0.3780032 6.671629 -3.443397
v 1.158935 7.913228 -2.034558
v 0.5686305 6.326428 -3.099497
v 1.26443 7.768027 -1.844241
v 0.7796198 6.036028 -2.718862
v 1.378166 7.652227 -1.639055
v 1.007093 5.804427 -2.308491
v 1.498302 7.568227 -1.422324
v 1.247365 5.636427 -1.87503
v 1.622704 7.517226 -1.197897
v 1.496169 5.534426 -1.426175
v 1.74924 7.500026 -0.9696212
v 1.74924 5.500026 -0.9696236
v 1.875775 7.517226 -0.7413455
v 2.002311 5.534425 -0.513072
v 2.000177 7.568225 -0.516918
v 2.251115 5.636425 -0.06421707
v 2.120313 7.652225 -0.3001871
v 2.491387 5.804424 0.3692446
v 2.23405 7.768025 -0.09500121
v 2.71886 6.036024 0.7796165
v 2.339544 7.913225 0.0953162
v 2.929849 6.326424 1.160251
v 2.434858 8.085825 0.2672666
v 3.120476 6.671623 1.504152
v 2.518536 8.282425 0.4182262
v 3.287833 7.064823 1.806071
v 2.58893 8.500025 0.5452213
v 3.428622 7.500022 2.060061
v 2.645072 8.734624 0.6465026
v 3.540903 7.969223 2.262624
v 2.685796 8.982425 0.7199709
v 3.622351 8.464823 2.409561
v 2.710521 9.239024 0.7645768
v 3.671802 8.978023 2.498772
v 4.633083 10.28302 4.23297
v 4.658099 9.50002 4.2781
v 4.558907 11.05282 4.099154
v 4.436735 11.79622 3.878751
v 4.268312 12.50002 3.574909
v 4.057128 13.15282 3.193925
v 3.806094 13.74262 2.741048
v 3.520153 14.26042 2.225198
v 3.203669 14.69602 1.654246
v 2.86246 15.04342 1.038689
v 2.502052 15.29543 0.3884974
v 2.128845 15.44843 -0.2847848
v 1.749239 15.50003 -0.9696119
v 1.369633 15.44843 -1.654439
v 0.9964259 15.29543 -2.327722
v 0.6360182 15.04343 -2.977914
v 0.294809 14.69603 -3.593472
v -0.02167497 14.26043 -4.164424
v -0.3076158 13.74263 -4.680275
v -0.5586503 13.15283 -5.133154
v -0.7698336 12.50003 -5.51414
v -0.9382564 11.79623 -5.817983
v -1.060429 11.05283 -6.038388
v -1.134604 10.28303 -6.172206
v -1.159621 9.500032 -6.217337
v -1.134604 8.717032 -6.172208
v -1.060428 7.947232 -6.038392
v -0.938256 7.203832 -5.817988
v -0.7698331 6.500031 -5.514146
v -0.5586497 5.84723 -5.133162
v -0.307615 5.25743 -4.680285
v -0.02167412 4.73963 -4.164435
v 0.2948099 4.304029 -3.593484
v 0.6360192 3.956628 -2.977927
v 0.996427 3.704627 -2.327735
v 1.369634 3.551626 -1.654453
v 1.74924 3.500026 -0.9696259
v 2.128846 3.551625 -0.2847986
v 2.502053 3.704624 0.3884839
v 2.862461 3.956624 1.038677
v 3.20367 4.304023 1.654234
v 3.520154 4.739622 2.225187
v 3.806095 5.257421 2.741038
v 4.057129 5.847221 3.193916
v 4.268312 6.500021 3.574902
v 4.436735 7.20382 3.878745
v 4.558908 7.94722 4.099151
v 4.633083 8.71702 4.232968
v 3.758463 10.28302 4.71778
v 3.78348 9.50002 4.762909
v 3.684288 11.05282 4.583964
v 3.562115 11.79622 4.36356
v 3.393692 12.50002 4.059719
v 3.182509 13.15282 3.678735
v 2.931474 13.74262 3.225857
v 2.645533 14.26042 2.710007
v 2.329049 14.69602 2.139056
v 1.98784 15.04342 1.523499
v 1.627432 15.29542 0.8733071
v 1.254225 15.44843 0.2000251
v 0.8746192 15.50003 -0.4848021
v 0.495013 15.44843 -1.169629
v 0.1218063 15.29543 -1.842912
v -0.2386015 15.04343 -2.493104
v -0.5798107 14.69603 -3.108662
v -0.8962947 14.26043 -3.679615
v -1.182235 13.74263 -4.195466
v -1.43327 13.15283 -4.648345
v -1.644453 12.50003 -5.02933
v -1.812876 11.79623 -5.333173
v -1.935048 11.05283 -5.553578
v -2.009224 10.28303 -5.687396
v -2.03424 9.500031 -5.732527
v -2.009224 8.717031 -5.687398
v -1.935048 7.947231 -5.553582
v -1.812876 7.203831 -5.333179
v -1.644453 6.500031 -5.029336
v -1.433269 5.84723 -4.648353
v -1.182235 5.257429 -4.195476
v -0.8962938 4.739629 -3.679626
v -0.5798098 4.304028 -3.108674
v -0.2386005 3.956627 -2.493117
v 0.1218073 3.704626 -1.842925
v 0.495014 3.551625 -1.169643
v 0.8746203 3.500025 -0.484816
v 1.254226 3.551624 0.2000113
v 1.627433 3.704623 0.8732937
v 1.987841 3.956623 1.523486
v 2.32905 4.304022 2.139044
v 2.645534 4.739622 2.709996
v 2.931475 5.257421 3.225848
v 3.182509 5.84722 3.678726
v 3.393693 6.50002 4.059711
v 3.562116 7.20382 4.363555
v 3.684288 7.94722 4.583961
v 3.758464 8.717019 4.717778
v -1.134604 10.28303 -6.172206
v -1.159621 9.500032 -6.217337
v 4.088098 9.500037 -9.126197
v 4.113114 10.28304 -9.081065
v -1.060429 11.05283 -6.038388
v 4.18729 11.05284 -8.947248
v -0.9382564 11.79623 -5.817983
v 4.309462 11.79624 -8.726842
v -0.7698336 12.50003 -5.51414
v 4.477885 12.50004 -8.422998
v -0.5586503 13.15283 -5.133154
v 4.689068 13.15284 -8.042013
v -0.3076158 13.74263 -4.680275
v 4.940103 13.74264 -7.589135
v -0.02167497 14.26043 -4.164424
v 5.226043 14.26044 -7.073284
v 0.294809 14.69603 -3.593472
v 5.542527 14.69603 -6.502331
v 0.6360182 15.04343 -2.977914
v 5.883737 15.04343 -5.886774
v 0.996426 15.29543 -2.327722
v 6.244144 15.29543 -5.236581
v 1.369633 15.44843 -1.654439
v 6.617351 15.44843 -4.563299
v 1.749239 15.50003 -0.9696119
v 6.996957 15.50003 -3.878471
v 2.128845 15.44843 -0.2847848
v 7.376564 15.44843 -3.193644
v 2.502052 15.29543 0.3884973
v 7.74977 15.29543 -2.520362
v 2.86246 15.04342 1.038689
v 8.110178 15.04343 -1.87017
v 3.203669 14.69602 1.654246
v 8.451387 14.69603 -1.254613
v 3.520153 14.26042 2.225198
v 8.767871 14.26043 -0.6836616
v 3.806094 13.74262 2.741048
v 9.053812 13.74263 -0.1678116
v 4.057128 13.15282 3.193925
v 9.304847 13.15283 0.2850656
v 4.268312 12.50002 3.574909
v 9.51603 12.50003 0.6660495
v 4.436735 11.79622 3.878751
v 9.684453 11.79623 0.9698913
v 4.558907 11.05282 4.099154
v 9.806625 11.05282 1.190295
v 4.633083 10.28302 4.23297
v 9.880801 10.28302 1.324111
v 4.658099 9.50002 4.2781
v 9.905818 9.500025 1.36924
v 4.633083 8.71702 4.232968
v 9.880801 8.717025 1.324109
v 4.558908 7.94722 4.099151
v 9.806625 7.947225 1.190291
v 4.436735 7.20382 3.878745
v 9.684454 7.203825 0.9698859
v 4.268312 6.500021 3.574902
v 9.516031 6.500025 0.6660425
v 4.057129 5.847221 3.193916
v 9.304848 5.847226 0.2850572
v 3.806095 5.257421 2.741038
v 9.053813 5.257426 -0.1678215
v 3.520154 4.739622 2.225187
v 8.767872 4.739627 -0.6836727
v 3.20367 4.304023 1.654234
v 8.451388 4.304027 -1.254625
v 2.862461 3.956624 1.038677
v 8.110179 3.956628 -1.870183
v 2.502053 3.704624 0.3884838
v 7.749771 3.704628 -2.520375
v 2.128846 3.551625 -0.2847986
v 7.376565 3.551629 -3.193658
v 1.74924 3.500026 -0.9696259
v 6.996958 3.50003 -3.878485
v 1.369634 3.551626 -1.654453
v 6.617352 3.551631 -4.563313
v 0.9964271 3.704627 -2.327735
v 6.244145 3.704632 -5.236594
v 0.6360192 3.956628 -2.977927
v 5.883738 3.956633 -5.886786
v 0.2948099 4.304029 -3.593484
v 5.542528 4.304033 -6.502343
v -0.02167412 4.73963 -4.164435
v 5.226044 4.739634 -7.073295
v -0.307615 5.25743 -4.680285
v 4.940103 5.257435 -7.589145
v -0.5586497 5.84723 -5.133162
v 4.689069 5.847235 -8.042022
v -0.7698331 6.500031 -5.514146
v 4.477885 6.500036 -8.423006
v -0.938256 7.203832 -5.817988
v 4.309463 7.203836 -8.726848
v -1.060428 7.947232 -6.038392
v 4.18729 7.947237 -8.947251
v -1.134604 8.717032 -6.172208
v 4.113114 8.717036 -9.081067
v -2.095886 10.54403 -7.906402
v -2.129241 9.500034 -7.966577
v 3.118478 9.500039 -10.87544
v 3.151833 10.54404 -10.81526
v -1.996985 11.57043 -7.727978
v 3.250734 11.57044 -10.63684
v -1.834088 12.56163 -7.434105
v 3.41363 12.56164 -10.34296
v -1.609524 13.50003 -7.02898
v 3.638194 13.50004 -9.937839
v -1.327947 14.37043 -6.520999
v 3.919771 14.37044 -9.429859
v -0.9932342 15.15683 -5.917161
v 4.254484 15.15684 -8.82602
v -0.6119797 15.84723 -5.22936
v 4.635739 15.84724 -8.138219
v -0.1900012 16.42803 -4.46809
v 5.057717 16.42804 -7.376949
v 0.2649445 16.89123 -3.647346
v 5.512663 16.89124 -6.556205
v 0.7454882 17.22723 -2.780423
v 5.993207 17.22723 -5.689282
v 1.243097 17.43123 -1.882713
v 6.490816 17.43123 -4.791572
v 1.749239 17.50003 -0.9696096
v 6.996957 17.50003 -3.878469
v 2.25538 17.43123 -0.0565067
v 7.503098 17.43123 -2.965366
v 2.752989 17.22722 0.8412027
v 8.000708 17.22723 -2.067657
v 3.233533 16.89122 1.708125
v 8.481252 16.89123 -1.200734
v 3.688479 16.42802 2.528868
v 8.936197 16.42803 -0.3799912
v 4.110457 15.84722 3.290136
v 9.358176 15.84723 0.3812771
v 4.491712 15.15682 3.977936
v 9.73943 15.15683 1.069077
v 4.826425 14.37042 4.581773
v 10.07414 14.37043 1.672914
v 5.108003 13.50002 5.089751
v 10.35572 13.50002 2.180892
v 5.332567 12.56162 5.494874
v 10.58029 12.56162 2.586015
v 5.495463 11.57042 5.788745
v 10.74318 11.57042 2.879886
v 5.594364 10.54402 5.967166
v 10.84208 10.54402 3.058307
v 5.627719 9.500018 6.027339
v 10.87544 9.500023 3.118479
v 5.594365 8.456018 5.967164
v 10.84208 8.456023 3.058305
v 5.495463 7.429618 5.78874
v 10.74318 7.429623 2.879881
v 5.332567 6.438418 5.494867
v 10.58029 6.438423 2.586008
v 5.108004 5.500019 5.089742
v 10.35572 5.500023 2.180883
v 4.826426 4.62962 4.581762
v 10.07414 4.629624 1.672902
v 4.491713 3.84322 3.977923
v 9.739431 3.843225 1.069064
v 4.110458 3.152821 3.290122
v 9.358177 3.152825 0.3812623
v 3.68848 2.572021 2.528852
v 8.936198 2.572026 -0.3800073
v 3.233534 2.108822 1.708108
v 8.481253 2.108827 -1.200751
v 2.752991 1.772823 0.8411848
v 8.00071 1.772828 -2.067674
v 2.255382 1.568824 -0.05652511
v 7.5031 1.568829 -2.965384
v 1.74924 1.500025 -0.9696282
v 6.996959 1.50003 -3.878487
v 1.243098 1.568826 -1.882731
v 6.490817 1.568831 -4.79159
v 0.7454895 1.772827 -2.780441
v 5.993208 1.772832 -5.6893
v 0.2649458 2.108829 -3.647363
v 5.512664 2.108833 -6.556222
v -0.1899999 2.57203 -4.468106
v 5.057718 2.572034 -7.376965
v -0.6119786 3.152831 -5.229374
v 4.63574 3.152835 -8.138233
v -0.9932331 3.843231 -5.917174
v 4.254485 3.843236 -8.826034
v -1.327946 4.629632 -6.521011
v 3.919772 4.629637 -9.42987
v -1.609524 5.500033 -7.028989
v 3.638195 5.500037 -9.937848
v -1.834088 6.438433 -7.434112
v 3.41363 6.438438 -10.34297
v -1.996984 7.429634 -7.727983
v 3.250734 7.429638 -10.63684
v -2.095886 8.456034 -7.906404
v 3.151833 8.456038 -10.81526
v 4.088098 9.500037 -9.126197
v 4.113114 10.28304 -9.081065
v 3.151833 10.54404 -10.81526
v 3.118478 9.500039 -10.87544
v 4.18729 11.05284 -8.947248
v 3.250734 11.57044 -10.63684
v 4.309462 11.79624 -8.726842
v 3.41363 12.56164 -10.34296
v 4.477885 12.50004 -8.422998
v 3.638194 13.50004 -9.937839
v 4.689068 13.15284 -8.042013
v 3.919771 14.37044 -9.429859
v 4.940103 13.74264 -7.589135
v 4.254484 15.15684 -8.82602
v 5.226043 14.26044 -7.073284
v 4.635739 15.84724 -8.138219
v 5.542527 14.69603 -6.502331
v 5.057717 16.42804 -7.376949
v 5.883737 15.04343 -5.886774
v 5.512663 16.89124 -6.556205
v 6.244144 15.29543 -5.236581
v 5.993207 17.22723 -5.689282
v 6.617351 15.44843 -4.563299
v 6.490816 17.43123 -4.791572
v 6.996957 15.50003 -3.878471
v 6.996957 17.50003 -3.878469
v 7.376564 15.44843 -3.193644
v 7.503098 17.43123 -2.965366
v 7.74977 15.29543 -2.520362
v 8.000708 17.22723 -2.067657
v 8.110178 15.04343 -1.87017
v 8.481252 16.89123 -1.200734
v 8.451387 14.69603 -1.254613
v 8.936197 16.42803 -0.3799912
v 8.767871 14.26043 -0.6836616
v 9.358176 15.84723 0.3812771
v 9.053812 13.74263 -0.1678116
v 9.73943 15.15683 1.069077
v 9.304847 13.15283 0.2850656
v 10.07414 14.37043 1.672914
v 9.51603 12.50003 0.6660495
v 10.35572 13.50002 2.180892
v 9.684453 11.79623 0.9698913
v 10.58029 12.56162 2.586015
v 9.806625 11.05282 1.190295
v 10.74318 11.57042 2.879886
v 9.880801 10.28302 1.324111
v 10.84208 10.54402 3.058307
v 9.905818 9.500025 1.36924
v 10.87544 9.500023 3.118479
v 9.880801 8.717025 1.324109
v 10.84208 8.456023 3.058305
v 9.806625 7.947225 1.190291
v 10.74318 7.429623 2.879881
v 9.684454 7.203825 0.9698859
v 10.58029 6.438423 2.586008
v 9.516031 6.500025 0.6660425
v 10.35572 5.500023 2.180883
v 9.304848 5.847226 0.2850572
v 10.07414 4.629624 1.672902
v 9.053813 5.257426 -0.1678215
v 9.739431 3.843225 1.069064
v 8.767872 4.739627 -0.6836727
v 9.358177 3.152825 0.3812623
v 8.451388 4.304027 -1.254625
v 8.936198 2.572026 -0.3800073
v 8.110179 3.956628 -1.870183
v 8.481253 2.108827 -1.200751
v 7.749771 3.704628 -2.520375
v 8.00071 1.772828 -2.067674
v 7.376565 3.551629 -3.193658
v 7.5031 1.568829 -2.965384
v 6.996958 3.50003 -3.878485
v 6.996959 1.50003 -3.878487
v 6.617352 3.551631 -4.563313
v 6.490817 1.568831 -4.79159
v 6.244145 3.704632 -5.236595
v 5.993208 1.772832 -5.6893
v 5.883738 3.956633 -5.886786
v 5.512664 2.108833 -6.556222
v 5.542528 4.304033 -6.502343
v 5.057718 2.572034 -7.376965
v 5.226044 4.739634 -7.073295
v 4.63574 3.152835 -8.138233
v 4.940103 5.257435 -7.589145
v 4.254485 3.843236 -8.826034
v 4.689069 5.847235 -8.042022
v 3.919772 4.629637 -9.42987
v 4.477885 6.500036 -8.423006
v 3.638195 5.500037 -9.937848
v 4.309463 7.203836 -8.726848
v 3.41363 6.438438 -10.34297
v 4.18729 7.947237 -8.947251
v 3.250734 7.429638 -10.63684
v 4.113114 8.717036 -9.081067
v 3.151833 8.456038 -10.81526
v -1.708511 17.38533 -3.907287
v -1.876749 16.69963 -3.385731
v -1.596372 16.46453 -3.911251
v -0.8334723 14.48473 -2.741214
v -0.9389737 14.71983 -2.312744
v -1.876749 16.69963 -3.385731
v -1.373207 16.40573 -4.12745
v -0.6977695 14.42593 -2.908933
v -1.098117 16.78813 -4.45624
v -1.373207 16.40573 -4.12745
v -0.6977694 14.42593 -2.908933
v -0.8543123 14.16023 -3.39761
v -1.521072 16.05303 -4.600472
v -1.373207 16.40573 -4.12745
v -1.372665 16.37663 -4.951538
v -1.098117 16.78813 -4.45624
v -1.373207 16.40573 -4.12745
v -1.521072 16.05303 -4.600472
v -1.297863 17.36893 -4.404058
v -1.844606 17.11863 -3.327743
v -1.733972 17.65523 -3.128155
v -1.52118 18.04433 -3.569333
v -1.708511 17.38533 -3.907287
v -1.137294 18.10403 -4.114383
v -1.297863 17.36893 -4.404058
v -1.275672 18.53833 -3.126425
v -1.52118 18.04433 -3.569333
v -0.8519834 18.65513 -3.599669
v -1.275672 18.53833 -3.126425
v -1.167084 18.25763 -2.105461
v -1.459424 18.06673 -2.632857
v -0.8645535 18.90223 -2.384747
v -0.8645535 18.90223 -2.384747
v -0.4027585 19.08113 -2.789246
v -0.5147236 18.61723 -0.9285724
v -0.248554 19.19493 -1.273455
v 0.3172812 19.41863 -1.49026
v -0.248554 19.19493 -1.273455
v 0.8746188 19.54313 -0.4847974
v 0.349847 19.31133 -0.1939117
v 0.349847 19.31133 -0.1939117
v -8.210152E-07 18.68293 1.14855E-05
v -0.3628255 15.16333 -1.273345
v -0.5147236 18.61723 -0.9285724
v -8.210153E-07 18.68293 1.14855E-05
v 0.2623854 15.30233 -0.1454354
v -0.9389737 14.71983 -2.312744
v -1.167084 18.25763 -2.105461
v -1.876749 16.69963 -3.385731
v -1.844606 17.11863 -3.327744
v -1.459424 18.06673 -2.632857
v -1.733972 17.65523 -3.128155
v -0.6729689 16.37663 -5.339386
v -0.4355572 15.70273 -4.911085
v 0.1502386 16.44753 -3.854281
v -0.3984211 16.78813 -4.844089
v 0.9170624 17.03793 -2.470895
v -0.2626743 18.10403 -4.599193
v -0.4232434 17.36893 -4.888868
v 0.4718612 19.08113 -3.274056
v 0.02263634 18.65513 -4.084479
v 1.191901 19.41863 -1.97507
v 1.749239 17.35603 -0.9696098
v 2.306576 19.41863 0.03585545
v 1.749238 19.54313 -0.9696073
v 0.1502386 16.44753 -3.854281
v 1.749238 19.54313 -0.9696073
v 1.191901 19.41863 -1.97507
v 0.4718612 19.08113 -3.274056
v 0.02263634 18.65513 -4.084479
v -0.2626743 18.10403 -4.599193
v -0.4232434 17.36893 -4.888868
v -0.3984211 16.78813 -4.844089
v -0.4232434 17.36893 -4.888868
v -0.6729689 16.37663 -5.339386
v -0.3984211 16.78813 -4.844089
v -1.098117 16.78813 -4.456241
v -1.372665 16.37663 -4.951538
v 2.408205 17.38532 3.519459
v 2.47099 16.46452 3.426459
v 1.876747 16.69962 3.38575
v 1.883015 14.48472 2.159455
v 1.463745 14.71982 2.021872
v 1.876747 16.69962 3.38575
v 2.772597 16.40572 3.351773
v 2.09716 14.42592 2.13325
v 3.197203 16.78812 3.292715
v 2.772597 16.40572 3.351773
v 2.09716 14.42592 2.13325
v 2.772597 16.40572 3.351773
v 3.095386 16.05302 3.727831
v 2.428627 14.16022 2.524965
v 3.471751 16.37662 3.788012
v 3.095386 16.05302 3.727831
v 2.772597 16.40572 3.351773
v 3.197203 16.78812 3.292715
v 3.047101 17.36892 3.434458
v 1.844604 17.11862 3.327763
v 1.733971 17.65522 3.128175
v 2.220874 18.04432 3.181507
v 2.886532 18.10402 3.144785
v 2.408205 17.38532 3.519459
v 3.047101 17.36892 3.434458
v 1.975366 18.53832 2.7386
v 2.601221 18.65512 2.630072
v 2.220874 18.04432 3.181507
v 1.975366 18.53832 2.7386
v 1.167082 18.25762 2.105483
v 1.564248 18.90222 1.996923
v 1.459423 18.06672 2.632879
v 1.564248 18.90222 1.996923
v 2.151996 19.08112 1.81965
v 0.5147219 18.61723 0.9285952
v 0.948248 19.19493 0.8856313
v 1.431956 19.41862 0.5206653
v 0.948248 19.19493 0.8856313
v 0.9360774 15.16332 1.069936
v 0.5147219 18.61723 0.9285952
v 1.463745 14.71982 2.021872
v 1.167082 18.25762 2.105483
v 1.876747 16.69962 3.38575
v 1.844604 17.11862 3.327763
v 1.459423 18.06672 2.632879
v 1.733971 17.65522 3.128175
v 4.171447 16.37662 3.400164
v 3.896899 16.78812 2.904868
v 3.348239 16.44752 1.91506
v 3.934035 15.70272 2.971862
v 2.645943 17.03793 0.6480864
v 3.921721 17.36892 2.949649
v 3.761152 18.10402 2.659976
v 3.026616 19.08113 1.33484
v 3.475841 18.65512 2.145262
v 3.348239 16.44752 1.91506
v 2.306576 19.41863 0.03585545
v 3.026616 19.08113 1.33484
v 3.475841 18.65512 2.145262
v 3.761152 18.10402 2.659976
v 3.921721 17.36892 2.949649
v 3.896899 16.78812 2.904868
v 3.921721 17.36892 2.949649
v 4.171447 16.37662 3.400164
v 3.471751 16.37662 3.788012
v 3.197203 16.78812 3.292716
v 3.896899 16.78812 2.904868
v 3.349554 15.97465 5.217695
v 2.739663 15.40649 4.942487
v 3.020077 15.6417 4.417035
v 2.403409 13.70488 3.098269
v 2.297905 13.46977 3.526734
v 2.739663 15.40649 4.942487
v 3.243231 15.70047 4.200816
v 2.539101 13.76365 2.930532
v 3.746295 15.96529 4.283302
v 3.243231 15.70047 4.200816
v 2.539101 13.76365 2.930532
v 3.243231 15.70047 4.200816
v 3.746295 15.96529 4.283302
v 3.243231 15.70047 4.200816
v 3.831497 16.19346 4.849545
v 2.94279 15.47291 5.308938
v 3.224395 15.4217 5.816967
v 3.711297 15.8108 5.870296
v 3.349554 15.97465 5.217695
v 4.220059 16.10563 5.550528
v 3.831497 16.19346 4.849545
v 4.014939 15.48184 6.418079
v 3.711297 15.8108 5.870296
v 4.562329 15.71623 6.167998
v 4.014939 15.48184 6.418079
v 3.677331 14.49578 6.634084
v 3.498971 15.01028 6.312315
v 4.309772 14.7878 6.94997
v 4.309772 14.7878 6.94997
v 4.89757 14.96662 6.772787
v 4.044729 13.32715 7.296885
v 4.635087 13.66983 7.536853
v 5.275692 13.6584 7.454936
v 4.635087 13.66983 7.536853
v 5.505326 12.60353 7.869204
v 4.873674 12.5319 7.967274
v 4.873674 12.5319 7.967274
v 4.234082 12.33772 7.638485
v 2.680436 12.47658 4.216837
v 4.044729 13.32715 7.296885
v 4.234083 12.33772 7.638486
v 2.93773 11.29305 4.681005
v 2.297905 13.46977 3.526734
v 3.677331 14.49578 6.634084
v 2.739663 15.40649 4.942487
v 2.94279 15.47291 5.308938
v 3.498971 15.01028 6.312315
v 3.224395 15.4217 5.816967
v 3.934055 15.70273 2.971898
v 4.458493 14.78372 3.918007
v 4.445991 15.96529 3.895454
v 4.96768 13.46188 4.836603
v 5.094679 16.10563 5.065718
v 4.706117 16.19346 4.364735
v 5.77219 14.96662 6.287978
v 5.436949 15.71623 5.683188
v 6.150312 13.6584 6.970126
v 5.37151 11.92768 5.565129
v 6.49477 11.47172 7.59154
v 6.379946 12.60354 7.384395
v 6.379946 12.60354 7.384395
v 6.150312 13.6584 6.970126
v 5.77219 14.96662 6.287978
v 5.436949 15.71623 5.683188
v 5.094679 16.10563 5.065718
v 4.706117 16.19346 4.364735
v 4.445991 15.96529 3.895454
v 4.706117 16.19346 4.364735
v 4.445991 15.96529 3.895454
v 3.746295 15.96529 4.283302
v 4.621703 7.898816 7.512699
v 4.276973 7.662681 6.684525
v 3.899569 8.043189 7.035002
v 3.242858 8.375902 4.612668
v 3.040393 8.756315 4.86621
v 3.899569 8.043189 7.035002
v 4.524367 7.567569 6.512036
v 3.402791 8.280791 4.488661
v 5.073636 7.539085 6.677875
v 4.524367 7.567569 6.512036
v 3.402791 8.280791 4.488661
v 4.524368 7.56757 6.512036
v 4.521926 6.996934 6.301364
v 3.443146 7.720016 4.355195
v 4.96874 6.873338 6.488638
v 4.521926 6.996934 6.301364
v 4.524367 7.567569 6.512036
v 5.073636 7.539085 6.677875
v 5.17418 7.669869 7.271794
v 4.08283 8.235723 7.365614
v 4.296059 8.618575 7.750289
v 4.867668 8.46995 7.956432
v 5.463503 8.21202 7.793747
v 4.621703 7.898816 7.512699
v 5.17418 7.669869 7.271794
v 5.019576 9.104221 8.230482
v 5.629439 8.942019 8.093105
v 4.867668 8.46995 7.956432
v 5.019576 9.104221 8.230482
v 4.398636 9.916802 7.935345
v 5.06032 10.02317 8.303988
v 4.400954 9.284322 7.939526
v 5.06032 10.02317 8.303988
v 5.687041 9.954914 8.197022
v 4.362849 11.30767 7.870786
v 5.004923 11.32204 8.20405
v 5.62015 11.47172 8.07635
v 5.004923 11.32204 8.20405
v 3.081824 9.928499 4.940955
v 4.362849 11.30767 7.870786
v 3.040393 8.756315 4.86621
v 4.398636 9.916802 7.935345
v 3.899569 8.043189 7.035002
v 4.08283 8.235723 7.365614
v 4.400954 9.284322 7.939526
v 4.296059 8.618574 7.750289
v 5.668436 6.873339 6.10079
v 5.773332 7.539085 6.290027
v 5.44674 8.510149 5.700842
v 5.284348 7.130826 5.407876
v 5.501939 10.0703 5.800426
v 6.048799 7.66987 6.786984
v 6.338122 8.212021 7.308938
v 6.561661 9.954915 7.712214
v 6.504059 8.94202 7.608295
v 6.49477 11.47172 7.59154
v 6.561661 9.954915 7.712214
v 6.504059 8.94202 7.608295
v 6.338122 8.212021 7.308938
v 6.048799 7.66987 6.786984
v 5.773332 7.539085 6.290027
v 6.048799 7.66987 6.786984
v 5.668436 6.873339 6.10079
v 4.96874 6.873338 6.488638
v 5.073636 7.539085 6.677875
v 5.773332 7.539085 6.290027
v 4.262147 5.616231 6.86404
v 3.569972 5.950791 6.440391
v 4.067248 6.331259 6.306168
v 3.044091 7.11405 4.25408
v 2.721778 6.733641 4.291411
v 3.569972 5.950791 6.440391
v 4.344608 6.426382 6.187739
v 3.233989 7.209173 4.184133
v 4.863907 6.20765 6.299514
v 4.344608 6.426382 6.187739
v 3.233989 7.209173 4.184133
v 4.344608 6.426382 6.18774
v 4.863907 6.20765 6.299514
v 4.344608 6.426382 6.187739
v 4.874574 5.767866 6.73129
v 3.663368 5.572841 6.608882
v 3.726777 5.004587 6.723273
v 4.298386 4.855965 6.929417
v 4.262147 5.616231 6.86404
v 4.95415 4.978479 6.874846
v 4.874574 5.767866 6.73129
v 4.240538 4.158652 6.825056
v 4.298386 4.855965 6.929417
v 4.880373 4.186714 6.741747
v 4.240538 4.158652 6.825056
v 3.439816 3.82993 6.205582
v 3.621926 4.338809 6.534116
v 4.011634 3.365805 6.412102
v 4.011634 3.365805 6.412102
v 4.638337 3.297425 6.305102
v 3.014518 2.748078 5.438322
v 3.596688 2.382159 5.663518
v 4.151986 2.151396 5.427702
v 3.596688 2.382159 5.663518
v 3.736567 1.374951 4.678266
v 3.14574 1.562481 4.849986
v 3.14574 1.562481 4.849986
v 2.616819 2.070869 4.720854
v 2.382045 5.676311 3.678516
v 3.014518 2.748078 5.438322
v 2.616819 2.070868 4.720855
v 1.915847 4.805844 2.837473
v 2.721778 6.733641 4.291411
v 3.439816 3.82993 6.205582
v 3.569972 5.950791 6.440391
v 3.663368 5.572841 6.608882
v 3.621926 4.338809 6.534116
v 3.726777 5.004587 6.723273
v 5.022667 5.818002 4.935792
v 5.563604 6.207651 5.911667
v 4.570536 4.41065 4.120124
v 5.828769 4.978479 6.390037
v 5.749194 5.767867 6.24648
v 5.512956 3.297425 5.820292
v 5.754992 4.186715 6.256938
v 5.026606 2.151397 4.942893
v 3.987936 3.14436 3.069086
v 4.124812 0.7999519 3.316012
v 4.611187 1.374951 4.193457
v 4.611187 1.374951 4.193457
v 5.026606 2.151397 4.942893
v 5.512956 3.297425 5.820292
v 5.754992 4.186715 6.256938
v 5.828769 4.978479 6.390037
v 5.749194 5.767867 6.24648
v 5.563604 6.207651 5.911667
v 5.749194 5.767867 6.24648
v 5.563604 6.207651 5.911667
v 4.863908 6.20765 6.299515
v 0.9316423 0.6250781 0.8556493
v 0.7766711 1.399943 0.3698087
v 0.5333187 1.400009 0.9621218
v 0.8463984 3.82055 0.2893366
v 0.7779309 3.820558 0.7846174
v 0.5333187 1.400009 0.9621218
v 0.9905701 1.399961 0.136893
v 0.9728357 3.820568 0.1049026
v 1.388909 0.9999554 0.03044841
v 0.9905701 1.399961 0.136893
v 0.9728357 3.820568 0.1049025
v 0.9905703 1.399961 0.1368934
v 0.7871405 1.39999 -0.4363698
v 0.7871773 3.73969 -0.4363003
v 1.04953 1.000002 -0.5818063
v 0.7871405 1.39999 -0.4363698
v 0.9905701 1.399961 0.136893
v 1.388909 0.9999554 0.03044841
v 1.359412 0.4999806 0.3897665
v 0.6787241 1.1 1.224439
v 0.921142 0.8000125 1.661772
v 1.270989 0.3190548 1.467847
v 1.698794 0.09994491 1.002028
v 0.9316423 0.6250781 0.8556493
v 1.359412 0.4999806 0.3897665
v 1.610383 0.2170557 2.080129
v 2.086661 7.6147E-06 1.701758
v 1.270989 0.3190548 1.467847
v 1.610383 0.2170557 2.080129
v 1.55143 0.9999605 2.798841
v 2.046686 0.4210982 2.86724
v 1.26052 0.7999651 2.274027
v 2.046686 0.4210982 2.86724
v 2.571489 0.2000112 2.576409
v 2.181676 1.499966 3.935835
v 2.628452 0.9311422 3.916772
v 3.250192 0.7999511 3.800822
v 2.628452 0.9311422 3.916772
v 1.331207 4.101507 1.782753
v 2.181676 1.499966 3.935835
v 0.7779309 3.820558 0.7846173
v 1.55143 0.9999605 2.798841
v 0.5333187 1.400009 0.9621218
v 0.6787241 1.1 1.224439
v 1.26052 0.7999651 2.274027
v 0.9211419 0.8000125 1.661772
v 1.749226 1.000002 -0.9696542
v 2.088604 0.999955 -0.3573999
v 2.435421 1.940708 0.2682753
v 1.749258 1.833042 -0.9695955
v 3.171837 2.314534 1.596804
v 2.234031 0.4999813 -0.09504342
v 2.573414 0.09994567 0.5172179
v 3.446109 0.200011 2.0916
v 2.961281 8.372339E-06 1.216948
v 4.124812 0.7999519 3.316012
v 3.446109 0.200011 2.0916
v 2.961281 8.372339E-06 1.216948
v 2.573414 0.09994567 0.5172179
v 2.234031 0.4999813 -0.09504342
v 2.088604 0.999955 -0.3573999
v 2.234031 0.4999813 -0.09504342
v 1.749226 1.000002 -0.9696542
v 1.04953 1.000002 -0.5818064
v 1.388909 0.9999544 0.03044794
v 2.088604 0.999955 -0.3573999
v -0.231945 0.6250805 -1.243516
v -0.5333173 1.400011 -0.962139
v 0.09795004 1.399944 -0.8546357
v 0.2031463 3.820551 -0.87112
v -0.253158 3.82056 -1.075515
v -0.5333173 1.400011 -0.962139
v 0.4088229 1.399962 -0.9126059
v 0.4265568 3.820569 -0.8806098
v 0.7101799 0.9999567 -1.19401
v 0.4088229 1.399962 -0.9126059
v 0.4265569 3.820569 -0.8806099
v 0.4088227 1.399962 -0.9126064
v 0.7101799 0.9999567 -1.19401
v 0.4088229 1.399962 -0.9126059
v 0.3898292 0.4999826 -1.359405
v -0.6787226 1.100003 -1.224457
v -0.9211404 0.8000163 -1.661791
v -0.5712921 0.3190586 -1.855714
v -0.231945 0.6250805 -1.243516
v 0.05044679 0.09994832 -1.971668
v 0.3898292 0.4999826 -1.359405
v -0.9106859 0.2170609 -2.467997
v -0.5712921 0.3190586 -1.855714
v -0.3374201 1.261643E-05 -2.671398
v -0.9106859 0.2170609 -2.467997
v -1.551428 0.9999669 -2.798859
v -1.260519 0.7999703 -2.274045
v -1.346989 0.4211052 -3.255107
v -1.346989 0.4211052 -3.255107
v -0.8222478 0.2000182 -3.546049
v -2.181675 1.499975 -3.935852
v -1.928754 0.9311516 -4.304638
v -1.500951 0.799961 -4.77046
v -1.928754 0.9311516 -4.304638
v -1.987326 1.374963 -5.647903
v -2.446043 1.562493 -5.23785
v -2.446043 1.562493 -5.23785
v -2.616818 2.07088 -4.72087
v -0.8456561 4.16029 -2.144408
v -2.181675 1.499975 -3.935852
v -2.616818 2.070879 -4.72087
v -1.391075 4.805851 -3.128368
v -0.253158 3.82056 -1.075515
v -1.551428 0.9999669 -2.798859
v -0.5333173 1.400011 -0.962139
v -0.6787224 1.100003 -1.224457
v -1.260519 0.7999703 -2.274045
v -0.9211404 0.8000163 -1.661791
v 1.063059 1.940711 -2.207531
v 1.409876 0.9999564 -1.581858
v 0.2744387 2.392775 -3.630237
v 0.9250665 0.09994907 -2.456478
v 1.264449 0.4999833 -1.844215
v 0.05237166 0.200018 -4.030859
v 0.5371996 1.337407E-05 -3.156208
v -0.6263311 0.7999617 -5.25527
v -0.4894565 3.144369 -5.008339
v -1.528126 2.15141 -6.882147
v -1.112707 1.374963 -6.132713
v -1.112707 1.374963 -6.132713
v -0.6263311 0.7999617 -5.25527
v 0.05237166 0.200018 -4.030859
v 0.5371996 1.337407E-05 -3.156208
v 0.9250665 0.09994907 -2.456478
v 1.264449 0.4999833 -1.844215
v 1.409876 0.9999564 -1.581858
v 1.264449 0.4999833 -1.844215
v 1.409876 0.9999564 -1.581858
v 0.7101802 0.9999558 -1.19401
v -3.56245 5.616248 -7.251896
v -3.192628 6.331275 -6.790984
v -3.569971 5.950806 -6.440397
v -1.994547 7.114061 -4.835855
v -2.197006 6.733651 -4.582302
v -3.569971 5.950806 -6.440397
v -2.945216 6.426397 -6.963441
v -1.834597 7.209184 -4.959833
v -2.76482 6.207666 -7.463063
v -2.945216 6.426397 -6.963441
v -1.834597 7.209184 -4.959833
v -2.945216 6.426397 -6.963441
v -2.947631 6.997052 -7.174063
v -1.868825 7.719975 -5.227846
v -2.869671 6.873443 -7.65222
v -2.947631 6.997052 -7.174063
v -2.945216 6.426397 -6.963441
v -2.76482 6.207666 -7.463063
v -3.125334 5.767882 -7.700917
v -3.663368 5.572855 -6.60889
v -3.726776 5.004602 -6.723281
v -3.598689 4.855981 -7.317274
v -3.204909 4.978496 -7.844475
v -3.56245 5.616248 -7.251896
v -3.125334 5.767882 -7.700917
v -3.540841 4.158669 -7.212914
v -3.131132 4.18673 -7.711378
v -3.598689 4.855981 -7.317274
v -3.540841 4.158669 -7.212914
v -3.439815 3.829944 -6.205593
v -3.311938 3.36582 -6.799962
v -3.621925 4.338824 -6.534126
v -3.311938 3.36582 -6.799962
v -2.889096 3.297441 -7.274735
v -3.014517 2.74809 -5.438336
v -2.896991 2.382173 -6.051381
v -2.402745 2.15141 -6.397337
v -2.896991 2.382173 -6.051381
v -1.896495 5.735099 -4.040168
v -3.014517 2.74809 -5.438336
v -2.197006 6.733651 -4.582302
v -3.439815 3.829944 -6.205593
v -3.569971 5.950806 -6.440397
v -3.663368 5.572855 -6.60889
v -3.621925 4.338824 -6.534126
v -3.726776 5.004602 -6.723281
v -2.169975 6.873444 -8.040068
v -2.065124 6.207666 -7.850912
v -1.524188 5.818015 -6.875039
v -1.785866 7.1308 -7.347116
v -1.124261 4.488896 -6.153553
v -2.250715 5.767883 -8.185726
v -2.33029 4.978497 -8.329285
v -2.014476 3.297441 -7.759545
v -2.256512 4.186731 -8.196188
v -1.528126 2.15141 -6.882147
v -2.014476 3.297441 -7.759545
v -2.256512 4.186731 -8.196188
v -2.33029 4.978497 -8.329285
v -2.250715 5.767883 -8.185726
v -2.065124 6.207666 -7.850912
v -2.250715 5.767883 -8.185726
v -2.169975 6.873444 -8.040068
v -2.869671 6.873443 -7.65222
v -2.76482 6.207666 -7.463064
v -2.065124 6.207666 -7.850912
v -3.922007 7.898834 -7.900549
v -3.899569 8.043205 -7.035004
v -3.402353 7.662696 -7.169337
v -2.193315 8.375913 -5.194441
v -2.515621 8.756327 -5.157096
v -3.899569 8.043205 -7.035004
v -3.124976 7.567585 -7.287734
v -2.0034 8.280802 -5.264358
v -2.974548 7.539102 -7.841422
v -3.124976 7.567585 -7.287734
v -2.003399 8.280802 -5.264358
v -3.124976 7.567585 -7.287735
v -2.974548 7.539102 -7.841422
v -3.124976 7.567585 -7.287734
v -3.42494 7.669887 -8.241416
v -4.082829 8.23574 -7.365615
v -4.296059 8.618592 -7.75029
v -4.167972 8.469968 -8.34428
v -3.922007 7.898834 -7.900549
v -3.714263 8.212039 -8.763369
v -3.42494 7.669887 -8.241416
v -4.31988 9.104241 -8.618329
v -4.167972 8.469968 -8.34428
v -3.880199 8.942039 -9.062724
v -4.31988 9.104241 -8.618329
v -4.398636 9.916821 -7.935342
v -4.400954 9.28434 -7.939525
v -4.360624 10.02319 -8.691833
v -4.360624 10.02319 -8.691833
v -3.937802 9.954934 -9.166639
v -4.36285 11.30769 -7.87078
v -4.305227 11.32206 -8.591892
v -3.870911 11.47174 -9.045963
v -4.305227 11.32206 -8.591892
v -3.756087 12.60355 -8.838815
v -4.173979 12.53192 -8.355113
v -4.173979 12.53192 -8.355113
v -4.234083 12.33773 -7.638477
v -2.54207 10.02362 -5.204811
v -4.36285 11.30769 -7.87078
v -4.234083 12.33773 -7.638478
v -2.412958 11.29306 -4.971885
v -2.515621 8.756327 -5.157096
v -4.398636 9.916821 -7.935342
v -3.899569 8.043205 -7.035004
v -4.082829 8.23574 -7.365615
v -4.400954 9.28434 -7.939525
v -4.296059 8.618592 -7.75029
v -1.948261 8.510164 -7.640082
v -2.274852 7.539102 -8.22927
v -1.98352 10.1969 -7.70369
v -2.839643 8.21204 -9.248178
v -2.55032 7.669888 -8.726226
v -3.063182 9.954935 -9.65145
v -3.00558 8.94204 -9.547534
v -2.996291 11.47174 -9.530773
v -1.873032 11.9277 -7.504361
v -2.651834 13.65842 -8.909354
v -2.881468 12.60355 -9.323626
v -2.881468 12.60355 -9.323626
v -2.996291 11.47174 -9.530773
v -3.063182 9.954935 -9.65145
v -3.00558 8.94204 -9.547534
v -2.839643 8.21204 -9.248178
v -2.55032 7.669888 -8.726226
v -2.274852 7.539102 -8.22927
v -2.55032 7.669888 -8.726226
v -2.274852 7.539102 -8.22927
v -2.974548 7.539102 -7.841422
v -2.649859 15.97466 -5.605526
v -2.145458 15.64171 -4.901829
v -2.739664 15.4065 -4.942472
v -1.353866 13.70489 -3.68003
v -1.773134 13.46978 -3.817609
v -2.739664 15.4065 -4.942472
v -1.84384 15.70048 -4.976496
v -1.139711 13.76366 -3.706216
v -1.647209 15.9653 -5.446829
v -1.84384 15.70048 -4.976496
v -1.139711 13.76366 -3.706216
v -1.84384 15.70048 -4.976496
v -1.84384 15.70048 -4.976496
v -1.647209 15.9653 -5.446829
v -2.082259 16.19348 -5.819147
v -2.942791 15.47292 -5.308922
v -3.224396 15.42171 -5.816951
v -3.011603 15.81082 -6.258127
v -2.470821 16.10564 -6.520131
v -2.649859 15.97466 -5.605526
v -2.082259 16.19348 -5.819147
v -3.315244 15.48186 -6.805912
v -2.813091 15.71625 -7.137601
v -3.011603 15.81082 -6.258127
v -3.315244 15.48186 -6.805912
v -3.677332 14.49579 -6.634071
v -3.610077 14.78781 -7.337803
v -3.498972 15.01029 -6.312301
v -3.610077 14.78781 -7.337803
v -3.148331 14.96664 -7.742393
v -4.04473 13.32717 -7.296875
v -3.935392 13.66985 -7.924689
v -3.526454 13.65842 -8.424544
v -3.935392 13.66985 -7.924689
v -2.140684 12.5717 -4.480687
v -4.04473 13.32717 -7.296875
v -1.773134 13.46978 -3.817609
v -3.677332 14.49579 -6.634071
v -2.739664 15.4065 -4.942472
v -2.942791 15.47292 -5.308922
v -3.498972 15.01029 -6.312301
v -3.224396 15.42171 -5.816951
v -0.947513 15.9653 -5.834677
v -0.9600149 14.78374 -5.857233
v -0.4355774 15.70274 -4.911121
v -1.449262 13.58848 -6.739858
v -1.207639 16.19348 -6.303957
v -1.596201 16.10565 -7.004941
v -2.273712 14.96664 -8.227203
v -1.938471 15.71625 -7.622411
v -2.651834 13.65842 -8.909354
v -2.273712 14.96664 -8.227203
v -1.938471 15.71625 -7.622411
v -1.596201 16.10565 -7.004941
v -1.207639 16.19348 -6.303957
v -0.947513 15.9653 -5.834677
v -1.207639 16.19348 -6.303957
v -1.647209 15.9653 -5.446829
v -0.947513 15.9653 -5.834677
vn -0.4819197 -0.1090292 -0.8694057
vn -0.4846931 0.02196249 -0.8744087
vn -0.4846931 -0.02196049 -0.8744088
vn -0.4791639 -0.1521713 -0.8644341
vn -0.4709471 -0.2374254 -0.8496107
vn -0.4654827 -0.2795383 -0.8397527
vn -0.45188 -0.3622606 -0.8152129
vn -0.4437265 -0.4028661 -0.8005036
vn -0.4250436 -0.4809965 -0.766799
vn -0.4145368 -0.5185443 -0.7478444
vn -0.3910476 -0.5910974 -0.7054687
vn -0.378041 -0.6260635 -0.6820043
vn -0.3501584 -0.6916219 -0.6317029
vn -0.3353055 -0.7222586 -0.6049076
vn -0.3035221 -0.779771 -0.547569
vn -0.2865702 -0.8065993 -0.516987
vn -0.2513957 -0.8550498 -0.4535307
vn -0.2331922 -0.8767218 -0.4206908
vn -0.1953139 -0.9152582 -0.3523565
vn -0.1756279 -0.9320763 -0.3168421
vn -0.1355233 -0.9601341 -0.2444916
vn -0.1151066 -0.9714054 -0.2076588
vn -0.07377456 -0.988354 -0.133094
vn -0.05285881 -0.9940384 -0.09536107
vn -0.01064706 -0.9997589 -0.01920911
vn 0.01064724 -0.9997589 0.01920679
vn 0.05285899 -0.9940386 0.09535876
vn 0.07377474 -0.9883543 0.1330917
vn 0.1151067 -0.9714059 0.2076566
vn 0.1355235 -0.9601347 0.2444894
vn 0.1756281 -0.932077 0.31684
vn 0.195314 -0.9152591 0.3523543
vn 0.2331924 -0.8767228 0.4206887
vn 0.2513959 -0.8550508 0.4535287
vn 0.2865703 -0.8066005 0.5169851
vn 0.3035223 -0.7797722 0.5475672
vn 0.3353056 -0.7222599 0.6049059
vn 0.3501585 -0.6916234 0.6317013
vn 0.3780411 -0.6260651 0.6820028
vn 0.3910477 -0.591099 0.7054673
vn 0.4145369 -0.5185459 0.7478431
vn 0.4250437 -0.4809982 0.766798
vn 0.4437265 -0.4028679 0.8005027
vn 0.45188 -0.3622625 0.8152121
vn 0.4654827 -0.2795402 0.8397521
vn 0.4709471 -0.2374273 0.8496102
vn 0.4791639 -0.1521733 0.8644338
vn 0.4819198 -0.1090311 0.8694054
vn 0.4846931 -0.02196249 0.8744087
vn 0.4846931 0.02196049 0.8744088
vn 0.4819197 0.1090292 0.8694057
vn 0.4791639 0.1521713 0.8644341
vn 0.4709471 0.2374254 0.8496107
vn 0.4654827 0.2795383 0.8397527
vn 0.45188 0.3622606 0.8152129
vn 0.4437265 0.4028661 0.8005036
vn 0.4250436 0.4809965 0.766799
vn 0.4145368 0.5185443 0.7478444
vn 0.3910476 0.5910974 0.7054687
vn 0.378041 0.6260635 0.6820043
vn 0.3501584 0.6916219 0.6317029
vn 0.3353055 0.7222586 0.6049076
vn 0.3035221 0.779771 0.547569
vn 0.2865702 0.8065993 0.516987
vn 0.2513957 0.8550498 0.4535307
vn 0.2331922 0.8767218 0.4206908
vn 0.1953139 0.9152582 0.3523565
vn 0.1756279 0.9320763 0.3168421
vn 0.1355233 0.9601341 0.2444916
vn 0.1151066 0.9714054 0.2076588
vn 0.07377456 0.988354 0.133094
vn 0.05285881 0.9940384 0.09536107
vn 0.01064706 0.9997589 0.01920911
vn -0.01064724 0.9997589 -0.01920679
vn -0.05285899 0.9940386 -0.09535876
vn -0.07377474 0.9883543 -0.1330917
vn -0.1151067 0.9714059 -0.2076566
vn -0.1355235 0.9601347 -0.2444894
vn -0.1756281 0.932077 -0.31684
vn -0.195314 0.9152591 -0.3523543
vn -0.2331924 0.8767228 -0.4206887
vn -0.2513959 0.8550508 -0.4535287
vn -0.2865703 0.8066005 -0.5169851
vn -0.3035223 0.7797722 -0.5475672
vn -0.3353056 0.7222599 -0.6049059
vn -0.3501585 0.6916234 -0.6317013
vn -0.3780411 0.6260651 -0.6820028
vn -0.3910477 0.591099 -0.7054673
vn -0.4145369 0.5185459 -0.7478431
vn -0.4250437 0.4809982 -0.766798
vn -0.4437265 0.4028679 -0.8005027
vn -0.45188 0.3622625 -0.8152121
vn -0.4654827 0.2795402 -0.8397521
vn -0.4709471 0.2374273 -0.8496102
vn -0.4791639 0.1521733 -0.8644338
vn -0.4819198 0.1090311 -0.8694054
vn 0.4814415 0.1176758 0.868543
vn 0.4847679 -0.01317993 0.8745437
vn 0.4846931 0.02196049 0.8744088
vn 0.4791639 0.1521712 0.8644341
vn 0.4699256 0.2458857 0.847768
vn 0.4654826 0.2795385 0.8397526
vn 0.4503189 0.3704388 0.8123967
vn 0.4437265 0.402866 0.8005037
vn 0.4230059 0.4885792 0.763123
vn 0.4145369 0.5185443 0.7478445
vn 0.3885066 0.5981837 0.7008846
vn 0.378041 0.6260635 0.6820043
vn 0.34724 0.697854 0.626438
vn 0.3353054 0.7222586 0.6049075
vn 0.3001784 0.7852585 0.5415369
vn 0.2865702 0.8065993 0.516987
vn 0.2477922 0.8595136 0.4470297
vn 0.2331921 0.8767218 0.4206906
vn 0.1914061 0.9187639 0.3453066
vn 0.1756279 0.9320763 0.3168422
vn 0.1314602 0.9625345 0.2371615
vn 0.1151066 0.9714054 0.2076589
vn 0.06960213 0.9896408 0.1255668
vn 0.05285879 0.9940385 0.09536102
vn 0.006389186 0.9999133 0.01152771
vn -0.01064724 0.9997589 -0.01920679
vn -0.05705098 0.9930522 -0.1029213
vn -0.07377469 0.9883543 -0.1330917
vn -0.1192084 0.969299 -0.2150562
vn -0.1355236 0.9601346 -0.2444896
vn -0.1795929 0.928857 -0.3239928
vn -0.195314 0.9152592 -0.3523543
vn -0.2368685 0.8725197 -0.4273207
vn -0.2513959 0.8550509 -0.4535288
vn -0.2900059 0.8013592 -0.5231829
vn -0.3035222 0.7797723 -0.5475672
vn -0.338327 0.7162402 -0.6103566
vn -0.3501585 0.6916233 -0.6317013
vn -0.3807015 0.6191682 -0.6868023
vn -0.3910477 0.591099 -0.7054673
vn -0.416701 0.511113 -0.7517474
vn -0.4250437 0.480998 -0.766798
vn -0.4454261 0.3948075 -0.8035688
vn -0.45188 0.3622625 -0.8152121
vn -0.4666465 0.2711593 -0.8418515
vn -0.4709471 0.2374274 -0.8496102
vn -0.4797877 0.143567 -0.8655592
vn -0.4819198 0.1090311 -0.8694055
vn -0.4847679 0.01317993 -0.8745437
vn -0.4846931 -0.02196049 -0.8744088
vn -0.4814415 -0.1176758 -0.868543
vn -0.4791639 -0.1521712 -0.8644341
vn -0.4699256 -0.2458857 -0.847768
vn -0.4654826 -0.2795385 -0.8397526
vn -0.4503189 -0.3704388 -0.8123967
vn -0.4437265 -0.402866 -0.8005037
vn -0.4230059 -0.4885792 -0.763123
vn -0.4145369 -0.5185443 -0.7478445
vn -0.3885066 -0.5981837 -0.7008846
vn -0.378041 -0.6260635 -0.6820043
vn -0.34724 -0.697854 -0.626438
vn -0.3353054 -0.7222586 -0.6049075
vn -0.3001784 -0.7852585 -0.5415369
vn -0.2865702 -0.8065993 -0.516987
vn -0.2477922 -0.8595136 -0.4470297
vn -0.2331921 -0.8767218 -0.4206906
vn -0.1914061 -0.9187639 -0.3453066
vn -0.1756279 -0.9320763 -0.3168422
vn -0.1314602 -0.9625345 -0.2371615
vn -0.1151066 -0.9714054 -0.2076589
vn -0.06960213 -0.9896408 -0.1255668
vn -0.05285879 -0.9940385 -0.09536102
vn -0.006389186 -0.9999133 -0.01152771
vn 0.01064724 -0.9997589 0.01920679
vn 0.05705098 -0.9930522 0.1029213
vn 0.07377469 -0.9883543 0.1330917
vn 0.1192084 -0.969299 0.2150562
vn 0.1355236 -0.9601346 0.2444896
vn 0.1795929 -0.928857 0.3239928
vn 0.195314 -0.9152592 0.3523543
vn 0.2368685 -0.8725197 0.4273207
vn 0.2513959 -0.8550509 0.4535288
vn 0.2900059 -0.8013592 0.5231829
vn 0.3035222 -0.7797723 0.5475672
vn 0.338327 -0.7162402 0.6103566
vn 0.3501585 -0.6916233 0.6317013
vn 0.3807015 -0.6191682 0.6868023
vn 0.3910477 -0.591099 0.7054673
vn 0.416701 -0.511113 0.7517474
vn 0.4250437 -0.480998 0.766798
vn 0.4454261 -0.3948075 0.8035688
vn 0.45188 -0.3622625 0.8152121
vn 0.4666465 -0.2711593 0.8418515
vn 0.4709471 -0.2374274 0.8496102
vn 0.4797877 -0.143567 0.8655592
vn 0.4819198 -0.1090311 0.8694055
vn -0.8746197 -7.576392E-07 0.4848099
vn -0.8746197 -7.576391E-07 0.4848098
vn -0.8746197 -7.576392E-07 0.4848099
vn -0.8746197 -7.576392E-07 0.4848099
vn -0.8746197 -7.576392E-07 0.4848099
vn -0.8746197 -7.576392E-07 0.4848099
vn -0.8746197 -7.576391E-07 0.4848098
vn -0.8746197 -7.576392E-07 0.4848099
vn -0.8746197 -7.576392E-07 0.4848099
vn -0.8746197 -7.576392E-07 0.4848099
vn -0.8746197 -7.576391E-07 0.4848098
vn -0.8746197 -7.576392E-07 0.4848099
vn -0.8746197 -7.576392E-07 0.4848099
vn -0.8746197 -7.576392E-07 0.4848099
vn -0.8746197 -7.576391E-07 0.4848098
vn -0.8746197 -7.576392E-07 0.4848099
vn -0.8746197 -7.576392E-07 0.4848099
vn -0.8746197 -7.576391E-07 0.4848098
vn -0.8746197 -7.576392E-07 0.4848099
vn -0.8746197 -7.576392E-07 0.4848099
vn -0.8746197 -7.576391E-07 0.4848098
vn -0.8746197 -7.576392E-07 0.4848099
vn -0.8746197 -7.576391E-07 0.4848098
vn -0.8746197 -7.576392E-07 0.4848099
vn -0.8746197 -7.576392E-07 0.4848099
vn -0.8746197 -7.576392E-07 0.4848099
vn -0.8746197 -7.576391E-07 0.4848098
vn -0.8746197 -7.576392E-07 0.4848099
vn -0.8746197 -7.576392E-07 0.4848099
vn -0.8746197 -7.576392E-07 0.4848099
vn -0.8746197 -7.576391E-07 0.4848098
vn -0.8746197 -7.576392E-07 0.4848099
vn -0.8746197 -7.576392E-07 0.4848099
vn -0.8746197 -7.576392E-07 0.4848099
vn -0.8746197 -7.576391E-07 0.4848098
vn -0.8746197 -7.576392E-07 0.4848099
vn -0.8746197 -7.576392E-07 0.4848099
vn -0.8746197 -7.576392E-07 0.4848099
vn -0.8746197 -7.576391E-07 0.4848098
vn -0.8746197 -7.576392E-07 0.4848099
vn -0.8746197 -7.576392E-07 0.4848099
vn -0.8746197 -7.576391E-07 0.4848098
vn -0.8746197 -7.576392E-07 0.4848099
vn -0.8746197 -7.576392E-07 0.4848099
vn -0.8746197 -7.576391E-07 0.4848098
vn -0.8746197 -7.576392E-07 0.4848099
vn -0.8746197 -7.576391E-07 0.4848098
vn -0.8746197 -7.576392E-07 0.4848099
vn -0.8746197 -7.576392E-07 0.4848099
vn -0.8746197 -7.576392E-07 0.4848099
vn -0.8746197 -7.576391E-07 0.4848098
vn -0.8746197 -7.576392E-07 0.4848099
vn -0.8746197 -7.576392E-07 0.4848099
vn -0.8746197 -7.576392E-07 0.4848099
vn -0.8746197 -7.576391E-07 0.4848098
vn -0.8746197 -7.576392E-07 0.4848099
vn -0.8746197 -7.576392E-07 0.4848099
vn -0.8746197 -7.576392E-07 0.4848099
vn -0.8746197 -7.576391E-07 0.4848098
vn -0.8746197 -7.576392E-07 0.4848099
vn -0.8746197 -7.576392E-07 0.4848099
vn -0.8746197 -7.576392E-07 0.4848099
vn -0.8746197 -7.576391E-07 0.4848098
vn -0.8746197 -7.576392E-07 0.4848099
vn -0.8746197 -7.576392E-07 0.4848099
vn -0.8746197 -7.576391E-07 0.4848098
vn -0.8746197 -7.576392E-07 0.4848099
vn -0.8746197 -7.576392E-07 0.4848099
vn -0.8746197 -7.576391E-07 0.4848098
vn -0.8746197 -7.576392E-07 0.4848099
vn -0.8746197 -7.576391E-07 0.4848098
vn -0.8746197 -7.576392E-07 0.4848099
vn -0.8746197 -7.576392E-07 0.4848099
vn -0.8746197 -7.576392E-07 0.4848099
vn -0.8746197 -7.576391E-07 0.4848098
vn -0.8746197 -7.576392E-07 0.4848099
vn -0.8746197 -7.576392E-07 0.4848099
vn -0.8746197 -7.576392E-07 0.4848099
vn -0.8746197 -7.576391E-07 0.4848098
vn -0.8746197 -7.576392E-07 0.4848099
vn -0.8746197 -7.576392E-07 0.4848099
vn -0.8746197 -7.576392E-07 0.4848099
vn -0.8746197 -7.576391E-07 0.4848098
vn -0.8746197 -7.576392E-07 0.4848099
vn -0.8746197 -7.576392E-07 0.4848099
vn -0.8746197 -7.576392E-07 0.4848099
vn -0.8746197 -7.576391E-07 0.4848098
vn -0.8746197 -7.576392E-07 0.4848099
vn -0.8746197 -7.576392E-07 0.4848099
vn -0.8746197 -7.576391E-07 0.4848098
vn -0.8746197 -7.576392E-07 0.4848099
vn -0.8746197 -7.576392E-07 0.4848099
vn -0.8746197 -7.576391E-07 0.4848098
vn -0.8746197 -7.576392E-07 0.4848099
vn -0.8746197 -7.576391E-07 0.4848098
vn -0.8746197 -7.576392E-07 0.4848099
vn -0.4819197 -0.1090292 -0.8694057
vn -0.4846931 0.02196249 -0.8744087
vn -0.4846931 -0.02196049 -0.8744088
vn -0.4791639 -0.1521713 -0.8644341
vn -0.4709471 -0.2374254 -0.8496107
vn -0.4654827 -0.2795383 -0.8397527
vn -0.45188 -0.3622606 -0.8152129
vn -0.4437265 -0.4028661 -0.8005036
vn -0.4250436 -0.4809965 -0.766799
vn -0.4145368 -0.5185443 -0.7478444
vn -0.3910476 -0.5910974 -0.7054687
vn -0.378041 -0.6260635 -0.6820043
vn -0.3501584 -0.6916219 -0.6317029
vn -0.3353055 -0.7222586 -0.6049076
vn -0.3035221 -0.779771 -0.547569
vn -0.2865702 -0.8065993 -0.516987
vn -0.2513957 -0.8550498 -0.4535307
vn -0.2331922 -0.8767218 -0.4206908
vn -0.1953139 -0.9152582 -0.3523565
vn -0.1756279 -0.9320763 -0.3168421
vn -0.1355233 -0.9601341 -0.2444916
vn -0.1151066 -0.9714054 -0.2076588
vn -0.07377456 -0.988354 -0.133094
vn -0.05285881 -0.9940384 -0.09536107
vn -0.01064706 -0.9997589 -0.01920911
vn 0.01064724 -0.9997589 0.01920679
vn 0.05285899 -0.9940386 0.09535876
vn 0.07377474 -0.9883543 0.1330917
vn 0.1151067 -0.9714059 0.2076566
vn 0.1355235 -0.9601347 0.2444894
vn 0.1756281 -0.932077 0.31684
vn 0.195314 -0.9152591 0.3523543
vn 0.2331924 -0.8767228 0.4206887
vn 0.2513959 -0.8550508 0.4535287
vn 0.2865703 -0.8066005 0.5169851
vn 0.3035223 -0.7797722 0.5475672
vn 0.3353056 -0.7222599 0.6049059
vn 0.3501585 -0.6916234 0.6317013
vn 0.3780411 -0.6260651 0.6820028
vn 0.3910477 -0.591099 0.7054673
vn 0.4145369 -0.5185459 0.7478431
vn 0.4250437 -0.4809982 0.766798
vn 0.4437265 -0.4028679 0.8005027
vn 0.45188 -0.3622625 0.8152121
vn 0.4654827 -0.2795402 0.8397521
vn 0.4709471 -0.2374273 0.8496102
vn 0.4791639 -0.1521733 0.8644338
vn 0.4819198 -0.1090311 0.8694054
vn 0.4846931 -0.02196249 0.8744087
vn 0.4846931 0.02196049 0.8744088
vn 0.4819197 0.1090292 0.8694057
vn 0.4791639 0.1521713 0.8644341
vn 0.4709471 0.2374254 0.8496107
vn 0.4654827 0.2795383 0.8397527
vn 0.45188 0.3622606 0.8152129
vn 0.4437265 0.4028661 0.8005036
vn 0.4250436 0.4809965 0.766799
vn 0.4145368 0.5185443 0.7478444
vn 0.3910476 0.5910974 0.7054687
vn 0.378041 0.6260635 0.6820043
vn 0.3501584 0.6916219 0.6317029
vn 0.3353055 0.7222586 0.6049076
vn 0.3035221 0.779771 0.547569
vn 0.2865702 0.8065993 0.516987
vn 0.2513957 0.8550498 0.4535307
vn 0.2331922 0.8767218 0.4206908
vn 0.1953139 0.9152582 0.3523565
vn 0.1756279 0.9320763 0.3168421
vn 0.1355233 0.9601341 0.2444916
vn 0.1151066 0.9714054 0.2076588
vn 0.07377456 0.988354 0.133094
vn 0.05285881 0.9940384 0.09536107
vn 0.01064706 0.9997589 0.01920911
vn -0.01064724 0.9997589 -0.01920679
vn -0.05285899 0.9940386 -0.09535876
vn -0.07377474 0.9883543 -0.1330917
vn -0.1151067 0.9714059 -0.2076566
vn -0.1355235 0.9601347 -0.2444894
vn -0.1756281 0.932077 -0.31684
vn -0.195314 0.9152591 -0.3523543
vn -0.2331924 0.8767228 -0.4206887
vn -0.2513959 0.8550508 -0.4535287
vn -0.2865703 0.8066005 -0.5169851
vn -0.3035223 0.7797722 -0.5475672
vn -0.3353056 0.7222599 -0.6049059
vn -0.3501585 0.6916234 -0.6317013
vn -0.3780411 0.6260651 -0.6820028
vn -0.3910477 0.591099 -0.7054673
vn -0.4145369 0.5185459 -0.7478431
vn -0.4250437 0.4809982 -0.766798
vn -0.4437265 0.4028679 -0.8005027
vn -0.45188 0.3622625 -0.8152121
vn -0.4654827 0.2795402 -0.8397521
vn -0.4709471 0.2374273 -0.8496102
vn -0.4791639 0.1521733 -0.8644338
vn -0.4819198 0.1090311 -0.8694054
vn -0.8746197 -7.576392E-07 0.4848099
vn -0.8746197 -7.576392E-07 0.4848099
vn -0.8746197 -7.576392E-07 0.4848099
vn -0.8746197 -7.576392E-07 0.4848099
vn -0.8746197 -7.576392E-07 0.4848099
vn -0.8746197 -7.576392E-07 0.4848099
vn -0.8746197 -7.576392E-07 0.4848099
vn -0.8746197 -7.576392E-07 0.4848099
vn -0.8746197 -7.576392E-07 0.4848099
vn -0.8746197 -7.576391E-07 0.4848098
vn -0.8746197 -7.576392E-07 0.4848099
vn -0.8746197 -7.576392E-07 0.4848099
vn -0.8746197 -7.576392E-07 0.4848099
vn -0.8746197 -7.576392E-07 0.4848099
vn -0.8746197 -7.576392E-07 0.4848099
vn -0.8746197 -7.576391E-07 0.4848098
vn -0.8746197 -7.576392E-07 0.4848099
vn -0.8746197 -7.576391E-07 0.4848098
vn -0.8746197 -7.576392E-07 0.4848099
vn -0.8746197 -7.576392E-07 0.4848099
vn -0.8746197 -7.576392E-07 0.4848099
vn -0.8746197 -7.576392E-07 0.4848099
vn -0.8746197 -7.576392E-07 0.4848099
vn -0.8746197 -7.576392E-07 0.4848099
vn -0.8746197 -7.576392E-07 0.4848099
vn -0.8746197 -7.576392E-07 0.4848099
vn -0.8746197 -7.576392E-07 0.4848099
vn -0.8746197 -7.576392E-07 0.4848099
vn -0.8746197 -7.576392E-07 0.4848099
vn -0.8746197 -7.576392E-07 0.4848099
vn -0.8746197 -7.576392E-07 0.4848099
vn -0.8746197 -7.576392E-07 0.4848099
vn -0.8746197 -7.576392E-07 0.4848099
vn -0.8746197 -7.576391E-07 0.4848098
vn -0.8746197 -7.576392E-07 0.4848099
vn -0.8746197 -7.576392E-07 0.4848099
vn -0.8746197 -7.576392E-07 0.4848099
vn -0.8746197 -7.576392E-07 0.4848099
vn -0.8746197 -7.576392E-07 0.4848099
vn -0.8746197 -7.576391E-07 0.4848098
vn -0.8746197 -7.576392E-07 0.4848099
vn -0.8746197 -7.576391E-07 0.4848098
vn -0.8746197 -7.576392E-07 0.4848099
vn -0.8746197 -7.576392E-07 0.4848099
vn -0.8746197 -7.576392E-07 0.4848099
vn -0.8746197 -7.576392E-07 0.4848099
vn -0.8746197 -7.576392E-07 0.4848099
vn -0.8746197 -7.576392E-07 0.4848099
vn -0.8746197 -7.576392E-07 0.4848099
vn -0.8746197 -7.576392E-07 0.4848099
vn -0.8746197 -7.576392E-07 0.4848099
vn -0.8746197 -7.576392E-07 0.4848099
vn -0.8746197 -7.576392E-07 0.4848099
vn -0.8746197 -7.576392E-07 0.4848099
vn -0.8746197 -7.576392E-07 0.4848099
vn -0.8746197 -7.576392E-07 0.4848099
vn -0.8746197 -7.576392E-07 0.4848099
vn -0.8746197 -7.576391E-07 0.4848098
vn -0.8746197 -7.576392E-07 0.4848099
vn -0.8746197 -7.576392E-07 0.4848099
vn -0.8746197 -7.576392E-07 0.4848099
vn -0.8746197 -7.576392E-07 0.4848099
vn -0.8746197 -7.576392E-07 0.4848099
vn -0.8746197 -7.576391E-07 0.4848098
vn -0.8746197 -7.576392E-07 0.4848099
vn -0.8746197 -7.576391E-07 0.4848098
vn -0.8746197 -7.576392E-07 0.4848099
vn -0.8746197 -7.576392E-07 0.4848099
vn -0.8746197 -7.576392E-07 0.4848099
vn -0.8746197 -7.576392E-07 0.4848099
vn -0.8746197 -7.576392E-07 0.4848099
vn -0.8746197 -7.576392E-07 0.4848099
vn -0.8746197 -7.576392E-07 0.4848099
vn -0.8746197 -7.576392E-07 0.4848099
vn -0.8746197 -7.576392E-07 0.4848099
vn -0.8746197 -7.576392E-07 0.4848099
vn -0.8746197 -7.576392E-07 0.4848099
vn -0.8746197 -7.576392E-07 0.4848099
vn -0.8746197 -7.576392E-07 0.4848099
vn -0.8746197 -7.576392E-07 0.4848099
vn -0.8746197 -7.576392E-07 0.4848099
vn -0.8746197 -7.576391E-07 0.4848098
vn -0.8746197 -7.576392E-07 0.4848099
vn -0.8746197 -7.576392E-07 0.4848099
vn -0.8746197 -7.576392E-07 0.4848099
vn -0.8746197 -7.576392E-07 0.4848099
vn -0.8746197 -7.576392E-07 0.4848099
vn -0.8746197 -7.576391E-07 0.4848098
vn -0.8746197 -7.576392E-07 0.4848099
vn -0.8746197 -7.576391E-07 0.4848098
vn -0.8746197 -7.576392E-07 0.4848099
vn -0.8746197 -7.576392E-07 0.4848099
vn -0.8746197 -7.576392E-07 0.4848099
vn -0.8746197 -7.576392E-07 0.4848099
vn -0.8746197 -7.576392E-07 0.4848099
vn -0.8746197 -7.576392E-07 0.4848099
vn 0.8746197 7.576392E-07 -0.4848099
vn 0.8746197 7.576392E-07 -0.4848099
vn 0.8746197 7.576392E-07 -0.4848099
vn 0.8746197 7.576391E-07 -0.4848098
vn 0.8746197 7.576392E-07 -0.4848099
vn 0.8746197 7.576392E-07 -0.4848099
vn 0.8746197 7.576392E-07 -0.4848099
vn 0.8746197 7.576392E-07 -0.4848099
vn 0.8746197 7.576392E-07 -0.4848099
vn 0.8746197 7.576392E-07 -0.4848099
vn 0.8746197 7.576392E-07 -0.4848099
vn 0.8746197 7.576392E-07 -0.4848099
vn 0.8746197 7.576392E-07 -0.4848099
vn 0.8746197 7.576392E-07 -0.4848099
vn 0.8746197 7.576392E-07 -0.4848099
vn 0.8746197 7.576392E-07 -0.4848099
vn 0.8746197 7.576392E-07 -0.4848099
vn 0.8746197 7.576392E-07 -0.4848099
vn 0.8746197 7.576392E-07 -0.4848099
vn 0.8746197 7.576392E-07 -0.4848099
vn 0.8746197 7.576392E-07 -0.4848099
vn 0.8746197 7.576392E-07 -0.4848099
vn 0.8746197 7.576392E-07 -0.4848099
vn 0.8746197 7.576392E-07 -0.4848099
vn 0.8746197 7.576392E-07 -0.4848099
vn 0.8746197 7.576391E-07 -0.4848098
vn 0.8746197 7.576392E-07 -0.4848099
vn 0.8746197 7.576392E-07 -0.4848099
vn 0.8746197 7.576392E-07 -0.4848099
vn 0.8746197 7.576392E-07 -0.4848099
vn 0.8746197 7.576392E-07 -0.4848099
vn 0.8746197 7.576392E-07 -0.4848099
vn 0.8746197 7.576392E-07 -0.4848099
vn 0.8746197 7.576392E-07 -0.4848099
vn 0.8746197 7.576392E-07 -0.4848099
vn 0.8746197 7.576392E-07 -0.4848099
vn 0.8746197 7.576392E-07 -0.4848099
vn 0.8746197 7.576392E-07 -0.4848099
vn 0.8746197 7.576392E-07 -0.4848099
vn 0.8746197 7.576392E-07 -0.4848099
vn 0.8746197 7.576392E-07 -0.4848099
vn 0.8746197 7.576392E-07 -0.4848099
vn 0.8746197 7.576392E-07 -0.4848099
vn 0.8746197 7.576392E-07 -0.4848099
vn 0.8746197 7.576392E-07 -0.4848099
vn 0.8746197 7.576392E-07 -0.4848099
vn 0.8746197 7.576392E-07 -0.4848099
vn 0.8746197 7.576392E-07 -0.4848099
vn 0.8746197 7.576392E-07 -0.4848099
vn 0.8746197 7.576391E-07 -0.4848098
vn 0.8746197 7.576392E-07 -0.4848099
vn 0.8746197 7.576392E-07 -0.4848099
vn 0.8746197 7.576392E-07 -0.4848099
vn 0.8746197 7.576392E-07 -0.4848099
vn 0.8746197 7.576392E-07 -0.4848099
vn 0.8746197 7.576392E-07 -0.4848099
vn 0.8746197 7.576392E-07 -0.4848099
vn 0.8746197 7.576392E-07 -0.4848099
vn 0.8746197 7.576392E-07 -0.4848099
vn 0.8746197 7.576392E-07 -0.4848099
vn 0.8746197 7.576392E-07 -0.4848099
vn 0.8746197 7.576392E-07 -0.4848099
vn 0.8746197 7.576392E-07 -0.4848099
vn 0.8746197 7.576392E-07 -0.4848099
vn 0.8746197 7.576392E-07 -0.4848099
vn 0.8746197 7.576392E-07 -0.4848099
vn 0.8746197 7.576392E-07 -0.4848099
vn 0.8746197 7.576392E-07 -0.4848099
vn 0.8746197 7.576392E-07 -0.4848099
vn 0.8746197 7.576392E-07 -0.4848099
vn 0.8746197 7.576392E-07 -0.4848099
vn 0.8746197 7.576392E-07 -0.4848099
vn 0.8746197 7.576392E-07 -0.4848099
vn 0.8746197 7.576391E-07 -0.4848098
vn 0.8746197 7.576392E-07 -0.4848099
vn 0.8746197 7.576392E-07 -0.4848099
vn 0.8746197 7.576392E-07 -0.4848099
vn 0.8746197 7.576392E-07 -0.4848099
vn 0.8746197 7.576392E-07 -0.4848099
vn 0.8746197 7.576392E-07 -0.4848099
vn 0.8746197 7.576392E-07 -0.4848099
vn 0.8746197 7.576392E-07 -0.4848099
vn 0.8746197 7.576392E-07 -0.4848099
vn 0.8746197 7.576392E-07 -0.4848099
vn 0.8746197 7.576392E-07 -0.4848099
vn 0.8746197 7.576392E-07 -0.4848099
vn 0.8746197 7.576392E-07 -0.4848099
vn 0.8746197 7.576392E-07 -0.4848099
vn 0.8746197 7.576392E-07 -0.4848099
vn 0.8746197 7.576392E-07 -0.4848099
vn 0.8746197 7.576392E-07 -0.4848099
vn 0.8746197 7.576392E-07 -0.4848099
vn 0.8746197 7.576392E-07 -0.4848099
vn 0.8746197 7.576392E-07 -0.4848099
vn 0.8746197 7.576392E-07 -0.4848099
vn 0.8746197 7.576392E-07 -0.4848099
vn 0.8746197 7.576392E-07 -0.4848099
vn 0.8746197 7.576392E-07 -0.4848099
vn 0.8746197 7.576392E-07 -0.4848099
vn 0.8746197 7.576392E-07 -0.4848099
vn 0.8746197 7.576392E-07 -0.4848099
vn 0.8746197 7.576392E-07 -0.4848099
vn 0.8746197 7.576392E-07 -0.4848099
vn 0.8746197 7.576392E-07 -0.4848099
vn 0.8746197 7.576391E-07 -0.4848098
vn 0.8746197 7.576392E-07 -0.4848099
vn 0.8746197 7.576392E-07 -0.4848099
vn 0.8746197 7.576392E-07 -0.4848099
vn 0.8746197 7.576392E-07 -0.4848099
vn 0.8746197 7.576392E-07 -0.4848099
vn 0.8746197 7.576392E-07 -0.4848099
vn 0.8746197 7.576392E-07 -0.4848099
vn 0.8746197 7.576392E-07 -0.4848099
vn 0.8746197 7.576392E-07 -0.4848099
vn 0.8746197 7.576392E-07 -0.4848099
vn 0.8746197 7.576392E-07 -0.4848099
vn 0.8746197 7.576391E-07 -0.4848098
vn 0.8746197 7.576392E-07 -0.4848099
vn 0.8746197 7.576392E-07 -0.4848099
vn 0.8746197 7.576392E-07 -0.4848099
vn 0.8746197 7.576392E-07 -0.4848099
vn 0.8746197 7.576392E-07 -0.4848099
vn 0.8746197 7.576392E-07 -0.4848099
vn 0.8746197 7.576392E-07 -0.4848099
vn 0.8746197 7.576392E-07 -0.4848099
vn 0.8746197 7.576392E-07 -0.4848099
vn 0.8746197 7.576392E-07 -0.4848099
vn 0.8746197 7.576392E-07 -0.4848099
vn 0.8746197 7.576391E-07 -0.4848098
vn 0.8746197 7.576392E-07 -0.4848099
vn 0.8746197 7.576392E-07 -0.4848099
vn 0.8746197 7.576392E-07 -0.4848099
vn 0.8746197 7.576392E-07 -0.4848099
vn 0.8746197 7.576392E-07 -0.4848099
vn 0.8746197 7.576392E-07 -0.4848099
vn 0.8746197 7.576392E-07 -0.4848099
vn 0.8746197 7.576392E-07 -0.4848099
vn 0.8746197 7.576392E-07 -0.4848099
vn 0.8746197 7.576392E-07 -0.4848099
vn 0.8746197 7.576392E-07 -0.4848099
vn 0.8746197 7.576391E-07 -0.4848098
vn 0.8746197 7.576392E-07 -0.4848099
vn 0.8746197 7.576392E-07 -0.4848099
vn 0.8746197 7.576392E-07 -0.4848099
vn 0.4819198 0.1090291 0.8694057
vn 0.4846931 -0.02196249 0.8744087
vn 0.4709471 0.2374254 0.8496107
vn 0.45188 0.3622607 0.8152129
vn 0.4250436 0.4809963 0.766799
vn 0.3910476 0.5910974 0.7054687
vn 0.3501584 0.6916218 0.6317029
vn 0.3035221 0.779771 0.547569
vn 0.2513958 0.8550499 0.4535308
vn 0.1953138 0.9152583 0.3523564
vn 0.1355234 0.960134 0.2444918
vn 0.07377451 0.9883539 0.133094
vn 0.01064706 0.9997589 0.01920911
vn -0.05285897 0.9940387 -0.09535872
vn -0.1151068 0.9714059 -0.2076567
vn -0.1756281 0.932077 -0.31684
vn -0.2331923 0.8767228 -0.4206885
vn -0.2865703 0.8066005 -0.5169851
vn -0.3353056 0.7222599 -0.6049058
vn -0.3780411 0.626065 -0.6820028
vn -0.414537 0.518546 -0.7478433
vn -0.4437266 0.4028678 -0.8005028
vn -0.4654827 0.2795404 -0.839752
vn -0.4791639 0.1521732 -0.8644337
vn -0.4846931 0.02196249 -0.8744087
vn -0.4819198 -0.1090291 -0.8694057
vn -0.4709471 -0.2374254 -0.8496107
vn -0.45188 -0.3622607 -0.8152129
vn -0.4250436 -0.4809963 -0.766799
vn -0.3910476 -0.5910974 -0.7054687
vn -0.3501584 -0.6916218 -0.6317029
vn -0.3035221 -0.779771 -0.547569
vn -0.2513958 -0.8550499 -0.4535308
vn -0.1953138 -0.9152583 -0.3523564
vn -0.1355234 -0.960134 -0.2444918
vn -0.07377451 -0.9883539 -0.133094
vn -0.01064706 -0.9997589 -0.01920911
vn 0.05285897 -0.9940387 0.09535872
vn 0.1151068 -0.9714059 0.2076567
vn 0.1756281 -0.932077 0.31684
vn 0.2331923 -0.8767228 0.4206885
vn 0.2865703 -0.8066005 0.5169851
vn 0.3353056 -0.7222599 0.6049058
vn 0.3780411 -0.626065 0.6820028
vn 0.414537 -0.518546 0.7478433
vn 0.4437266 -0.4028678 0.8005028
vn 0.4654827 -0.2795404 0.839752
vn 0.4791639 -0.1521732 0.8644337
vn 0.4819198 -0.1090311 0.8694055
vn 0.4846931 0.02196049 0.8744088
vn 0.4846931 -0.02196249 0.8744087
vn 0.4791639 -0.1521732 0.8644338
vn 0.4709471 -0.2374274 0.8496102
vn 0.4654827 -0.2795404 0.839752
vn 0.45188 -0.3622625 0.815212
vn 0.4437265 -0.4028678 0.8005027
vn 0.4250437 -0.480998 0.766798
vn 0.414537 -0.5185459 0.7478432
vn 0.3910477 -0.591099 0.7054673
vn 0.3780411 -0.626065 0.6820028
vn 0.3501585 -0.6916233 0.6317013
vn 0.3353056 -0.7222599 0.6049058
vn 0.3035222 -0.7797723 0.5475672
vn 0.2865703 -0.8066005 0.5169851
vn 0.2513959 -0.8550509 0.4535288
vn 0.2331923 -0.8767228 0.4206885
vn 0.195314 -0.9152591 0.3523543
vn 0.1756281 -0.932077 0.31684
vn 0.1355236 -0.9601346 0.2444896
vn 0.1151068 -0.9714059 0.2076567
vn 0.07377469 -0.9883543 0.1330917
vn 0.05285897 -0.9940387 0.09535872
vn 0.01064724 -0.9997589 0.01920679
vn -0.01064706 -0.9997589 -0.01920911
vn -0.05285879 -0.9940385 -0.09536102
vn -0.07377452 -0.988354 -0.133094
vn -0.1151066 -0.9714054 -0.2076589
vn -0.1355234 -0.9601341 -0.2444918
vn -0.1756279 -0.9320762 -0.3168422
vn -0.1953138 -0.9152583 -0.3523564
vn -0.2331921 -0.8767218 -0.4206906
vn -0.2513957 -0.8550498 -0.4535307
vn -0.2865702 -0.8065993 -0.516987
vn -0.3035221 -0.779771 -0.547569
vn -0.3353054 -0.7222586 -0.6049075
vn -0.3501584 -0.6916218 -0.6317029
vn -0.378041 -0.6260635 -0.6820043
vn -0.3910476 -0.5910974 -0.7054687
vn -0.4145369 -0.5185443 -0.7478445
vn -0.4250436 -0.4809963 -0.766799
vn -0.4437265 -0.402866 -0.8005037
vn -0.45188 -0.3622607 -0.8152129
vn -0.4654826 -0.2795385 -0.8397526
vn -0.4709471 -0.2374254 -0.8496107
vn -0.4791639 -0.1521712 -0.8644341
vn -0.4819198 -0.1090291 -0.8694057
vn -0.4846931 -0.02196049 -0.8744088
vn -0.4846931 0.02196249 -0.8744087
vn -0.4819198 0.1090311 -0.8694055
vn -0.4791639 0.1521732 -0.8644338
vn -0.4709471 0.2374274 -0.8496102
vn -0.4654827 0.2795404 -0.839752
vn -0.45188 0.3622625 -0.815212
vn -0.4437265 0.4028678 -0.8005027
vn -0.4250437 0.480998 -0.766798
vn -0.414537 0.5185459 -0.7478432
vn -0.3910477 0.591099 -0.7054673
vn -0.3780411 0.626065 -0.6820028
vn -0.3501585 0.6916233 -0.6317013
vn -0.3353056 0.7222599 -0.6049058
vn -0.3035222 0.7797723 -0.5475672
vn -0.2865703 0.8066005 -0.5169851
vn -0.2513959 0.8550509 -0.4535288
vn -0.2331923 0.8767228 -0.4206885
vn -0.195314 0.9152591 -0.3523543
vn -0.1756281 0.932077 -0.31684
vn -0.1355236 0.9601346 -0.2444896
vn -0.1151068 0.9714059 -0.2076567
vn -0.07377469 0.9883543 -0.1330917
vn -0.05285897 0.9940387 -0.09535872
vn -0.01064724 0.9997589 -0.01920679
vn 0.01064706 0.9997589 0.01920911
vn 0.05285879 0.9940385 0.09536102
vn 0.07377452 0.988354 0.133094
vn 0.1151066 0.9714054 0.2076589
vn 0.1355234 0.9601341 0.2444918
vn 0.1756279 0.9320762 0.3168422
vn 0.1953138 0.9152583 0.3523564
vn 0.2331921 0.8767218 0.4206906
vn 0.2513957 0.8550498 0.4535307
vn 0.2865702 0.8065993 0.516987
vn 0.3035221 0.779771 0.547569
vn 0.3353054 0.7222586 0.6049075
vn 0.3501584 0.6916218 0.6317029
vn 0.378041 0.6260635 0.6820043
vn 0.3910476 0.5910974 0.7054687
vn 0.4145369 0.5185443 0.7478445
vn 0.4250436 0.4809963 0.766799
vn 0.4437265 0.402866 0.8005037
vn 0.45188 0.3622607 0.8152129
vn 0.4654826 0.2795385 0.8397526
vn 0.4709471 0.2374254 0.8496107
vn 0.4791639 0.1521712 0.8644341
vn 0.4819198 0.1090291 0.8694057
vn -0.4819198 0.1090312 -0.8694055
vn -0.4846931 -0.02196049 -0.8744088
vn -0.4846931 0.02196249 -0.8744087
vn -0.4791639 0.1521733 -0.8644337
vn -0.4709471 0.2374273 -0.8496102
vn -0.4654827 0.2795402 -0.8397521
vn -0.45188 0.3622625 -0.8152121
vn -0.4437265 0.4028679 -0.8005027
vn -0.4250437 0.4809982 -0.7667979
vn -0.414537 0.5185459 -0.7478432
vn -0.3910477 0.591099 -0.7054673
vn -0.3780411 0.6260651 -0.6820028
vn -0.3501585 0.6916234 -0.6317012
vn -0.3353056 0.7222599 -0.6049059
vn -0.3035223 0.7797722 -0.5475673
vn -0.2865703 0.8066005 -0.5169851
vn -0.2513959 0.8550509 -0.4535287
vn -0.2331924 0.8767227 -0.4206887
vn -0.195314 0.9152591 -0.3523543
vn -0.1756281 0.932077 -0.31684
vn -0.1355235 0.9601347 -0.2444894
vn -0.1151067 0.9714059 -0.2076566
vn -0.07377474 0.9883543 -0.1330917
vn -0.05285899 0.9940387 -0.09535877
vn -0.01064724 0.9997589 -0.01920679
vn 0.01064706 0.9997589 0.01920911
vn 0.05285882 0.9940385 0.09536108
vn 0.07377456 0.9883539 0.133094
vn 0.1151066 0.9714054 0.2076589
vn 0.1355233 0.9601341 0.2444916
vn 0.1756279 0.9320763 0.3168421
vn 0.1953139 0.9152582 0.3523565
vn 0.2331922 0.8767217 0.4206907
vn 0.2513957 0.8550498 0.4535307
vn 0.2865702 0.8065993 0.516987
vn 0.3035222 0.779771 0.5475691
vn 0.3353055 0.7222585 0.6049076
vn 0.3501584 0.6916219 0.6317028
vn 0.378041 0.6260636 0.6820043
vn 0.3910476 0.5910974 0.7054687
vn 0.4145369 0.5185443 0.7478444
vn 0.4250436 0.4809964 0.766799
vn 0.4437265 0.4028661 0.8005036
vn 0.45188 0.3622606 0.8152129
vn 0.4654827 0.2795383 0.8397527
vn 0.4709471 0.2374254 0.8496107
vn 0.4791639 0.1521713 0.8644341
vn 0.4819198 0.1090292 0.8694057
vn 0.4846931 0.02196049 0.8744088
vn 0.4846931 -0.02196249 0.8744087
vn 0.4819198 -0.1090312 0.8694055
vn 0.4791639 -0.1521733 0.8644337
vn 0.4709471 -0.2374273 0.8496102
vn 0.4654827 -0.2795402 0.8397521
vn 0.45188 -0.3622625 0.8152121
vn 0.4437265 -0.4028679 0.8005027
vn 0.4250437 -0.4809982 0.7667979
vn 0.414537 -0.5185459 0.7478432
vn 0.3910477 -0.591099 0.7054673
vn 0.3780411 -0.6260651 0.6820028
vn 0.3501585 -0.6916234 0.6317012
vn 0.3353056 -0.7222599 0.6049059
vn 0.3035223 -0.7797722 0.5475673
vn 0.2865703 -0.8066005 0.5169851
vn 0.2513959 -0.8550509 0.4535287
vn 0.2331924 -0.8767227 0.4206887
vn 0.195314 -0.9152591 0.3523543
vn 0.1756281 -0.932077 0.31684
vn 0.1355235 -0.9601347 0.2444894
vn 0.1151067 -0.9714059 0.2076566
vn 0.07377474 -0.9883543 0.1330917
vn 0.05285899 -0.9940387 0.09535877
vn 0.01064724 -0.9997589 0.01920679
vn -0.01064706 -0.9997589 -0.01920911
vn -0.05285882 -0.9940385 -0.09536108
vn -0.07377456 -0.9883539 -0.133094
vn -0.1151066 -0.9714054 -0.2076589
vn -0.1355233 -0.9601341 -0.2444916
vn -0.1756279 -0.9320763 -0.3168421
vn -0.1953139 -0.9152582 -0.3523565
vn -0.2331922 -0.8767217 -0.4206907
vn -0.2513957 -0.8550498 -0.4535307
vn -0.2865702 -0.8065993 -0.516987
vn -0.3035222 -0.779771 -0.5475691
vn -0.3353055 -0.7222585 -0.6049076
vn -0.3501584 -0.6916219 -0.6317028
vn -0.378041 -0.6260636 -0.6820043
vn -0.3910476 -0.5910974 -0.7054687
vn -0.4145369 -0.5185443 -0.7478444
vn -0.4250436 -0.4809964 -0.766799
vn -0.4437265 -0.4028661 -0.8005036
vn -0.45188 -0.3622606 -0.8152129
vn -0.4654827 -0.2795383 -0.8397527
vn -0.4709471 -0.2374254 -0.8496107
vn -0.4791639 -0.1521713 -0.8644341
vn -0.4819198 -0.1090292 -0.8694057
vn 0.8746197 7.576392E-07 -0.4848099
vn 0.8746197 7.576391E-07 -0.4848098
vn 0.8746197 7.576391E-07 -0.4848098
vn 0.8746197 7.576392E-07 -0.4848099
vn 0.8746197 7.576392E-07 -0.4848099
vn 0.8746197 7.576392E-07 -0.4848099
vn 0.8746197 7.576392E-07 -0.4848099
vn 0.8746197 7.576392E-07 -0.4848099
vn 0.8746197 7.576392E-07 -0.4848099
vn 0.8746197 7.576392E-07 -0.4848099
vn 0.8746197 7.576392E-07 -0.4848099
vn 0.8746197 7.576392E-07 -0.4848099
vn 0.8746197 7.576392E-07 -0.4848099
vn 0.8746197 7.576392E-07 -0.4848099
vn 0.8746197 7.576392E-07 -0.4848099
vn 0.8746197 7.576392E-07 -0.4848099
vn 0.8746197 7.576391E-07 -0.4848098
vn 0.8746197 7.576392E-07 -0.4848099
vn 0.8746197 7.576391E-07 -0.4848098
vn 0.8746197 7.576392E-07 -0.4848099
vn 0.8746197 7.576392E-07 -0.4848099
vn 0.8746197 7.576391E-07 -0.4848098
vn 0.8746197 7.576392E-07 -0.4848099
vn 0.8746197 7.576392E-07 -0.4848099
vn 0.8746197 7.576392E-07 -0.4848099
vn 0.8746197 7.576392E-07 -0.4848099
vn 0.8746197 7.576391E-07 -0.4848098
vn 0.8746197 7.576391E-07 -0.4848098
vn 0.8746197 7.576392E-07 -0.4848099
vn 0.8746197 7.576392E-07 -0.4848099
vn 0.8746197 7.576392E-07 -0.4848099
vn 0.8746197 7.576392E-07 -0.4848099
vn 0.8746197 7.576392E-07 -0.4848099
vn 0.8746197 7.576392E-07 -0.4848099
vn 0.8746197 7.576392E-07 -0.4848099
vn 0.8746197 7.576392E-07 -0.4848099
vn 0.8746197 7.576392E-07 -0.4848099
vn 0.8746197 7.576392E-07 -0.4848099
vn 0.8746197 7.576392E-07 -0.4848099
vn 0.8746197 7.576392E-07 -0.4848099
vn 0.8746197 7.576391E-07 -0.4848098
vn 0.8746197 7.576392E-07 -0.4848099
vn 0.8746197 7.576391E-07 -0.4848098
vn 0.8746197 7.576392E-07 -0.4848099
vn 0.8746197 7.576392E-07 -0.4848099
vn 0.8746197 7.576391E-07 -0.4848098
vn 0.8746197 7.576392E-07 -0.4848099
vn 0.8746197 7.576392E-07 -0.4848099
vn 0.8746197 7.576392E-07 -0.4848099
vn 0.8746197 7.576392E-07 -0.4848099
vn 0.8746197 7.576391E-07 -0.4848098
vn 0.8746197 7.576391E-07 -0.4848098
vn 0.8746197 7.576392E-07 -0.4848099
vn 0.8746197 7.576392E-07 -0.4848099
vn 0.8746197 7.576392E-07 -0.4848099
vn 0.8746197 7.576392E-07 -0.4848099
vn 0.8746197 7.576392E-07 -0.4848099
vn 0.8746197 7.576392E-07 -0.4848099
vn 0.8746197 7.576392E-07 -0.4848099
vn 0.8746197 7.576392E-07 -0.4848099
vn 0.8746197 7.576392E-07 -0.4848099
vn 0.8746197 7.576392E-07 -0.4848099
vn 0.8746197 7.576392E-07 -0.4848099
vn 0.8746197 7.576392E-07 -0.4848099
vn 0.8746197 7.576391E-07 -0.4848098
vn 0.8746197 7.576392E-07 -0.4848099
vn 0.8746197 7.576391E-07 -0.4848098
vn 0.8746197 7.576392E-07 -0.4848099
vn 0.8746197 7.576392E-07 -0.4848099
vn 0.8746197 7.576391E-07 -0.4848098
vn 0.8746197 7.576392E-07 -0.4848099
vn 0.8746197 7.576392E-07 -0.4848099
vn 0.8746197 7.576392E-07 -0.4848099
vn 0.8746197 7.576392E-07 -0.4848099
vn 0.8746197 7.576391E-07 -0.4848098
vn 0.8746197 7.576391E-07 -0.4848098
vn 0.8746197 7.576392E-07 -0.4848099
vn 0.8746197 7.576392E-07 -0.4848099
vn 0.8746197 7.576392E-07 -0.4848099
vn 0.8746197 7.576392E-07 -0.4848099
vn 0.8746197 7.576392E-07 -0.4848099
vn 0.8746197 7.576392E-07 -0.4848099
vn 0.8746197 7.576392E-07 -0.4848099
vn 0.8746197 7.576392E-07 -0.4848099
vn 0.8746197 7.576392E-07 -0.4848099
vn 0.8746197 7.576392E-07 -0.4848099
vn 0.8746197 7.576392E-07 -0.4848099
vn 0.8746197 7.576392E-07 -0.4848099
vn 0.8746197 7.576391E-07 -0.4848098
vn 0.8746197 7.576392E-07 -0.4848099
vn 0.8746197 7.576391E-07 -0.4848098
vn 0.8746197 7.576392E-07 -0.4848099
vn 0.8746197 7.576392E-07 -0.4848099
vn 0.8746197 7.576391E-07 -0.4848098
vn 0.8746197 7.576392E-07 -0.4848099
vn 0.8746197 7.576392E-07 -0.4848099
vn -0.930088 0.07518245 -0.3595614
vn -0.8986202 -0.3321698 -0.2866101
vn -0.8125153 -0.3475473 -0.4680068
vn -0.8349783 -0.4905958 -0.2492537
vn -0.9056928 -0.4238274 0.009545206
vn -0.9056928 -0.4238274 0.009545206
vn -0.6908154 -0.5405825 -0.4801511
vn -0.7457628 -0.5147392 -0.4229443
vn -0.6035284 -0.125805 -0.7873544
vn -0.7055386 -0.09613752 -0.7021205
vn -0.9287763 -0.09848723 0.3573164
vn -0.8746197 -7.576391E-07 0.4848098
vn -0.8749951 0.001067362 0.4841309
vn -0.9279045 -0.09462071 0.3606113
vn -0.8438854 0.5360515 0.02250444
vn -0.8199673 0.5720348 -0.02073853
vn -0.865069 0.5013203 -0.01827127
vn -0.8706625 0.4854311 0.07939632
vn -0.6157361 -0.1087102 -0.7804176
vn -0.9723696 0.1840061 -0.1436651
vn -0.9218671 0.3856341 -0.03804867
vn -0.8718123 0.430802 -0.2331378
vn -0.7285439 0.4240149 -0.5379922
vn -0.5482667 0.5487469 -0.631095
vn -0.551024 0.4073592 -0.7283074
vn -0.5476146 0.7904578 -0.2743995
vn -0.6446886 0.6624441 -0.3815033
vn -0.3670192 0.8141742 -0.4499085
vn -0.8649037 0.4899097 0.1092251
vn -0.8132038 0.5061315 0.2872815
vn -0.8436772 0.5008143 0.1933754
vn -0.8090065 0.5213212 0.2715378
vn -0.4052727 0.9120228 -0.06299707
vn -0.2689694 0.9357746 -0.2279949
vn -0.7788432 0.5346974 0.3278753
vn -0.7704142 0.5487336 0.324582
vn -0.1775043 0.9786131 -0.1039654
vn -0.3603753 0.9317593 0.04420988
vn -0.1768694 0.9793392 0.09804142
vn -0.315191 0.9328074 0.1747143
vn -0.7313578 0.5484228 0.4053991
vn -0.737825 0.5369792 0.4089839
vn -0.8632956 -0.08802675 0.4969631
vn -0.8609753 -0.08671235 0.5012014
vn -0.8712455 -0.08775614 0.4829394
vn -0.8711962 -0.08839504 0.4829121
vn -0.8454567 -0.08642639 0.5270046
vn -0.8448265 -0.07817008 0.5292995
vn -0.8285422 -0.07820556 0.5544385
vn -0.8746197 -7.576392E-07 0.4848099
vn -0.8746197 -7.576392E-07 0.4848099
vn -0.8746197 -7.576391E-07 0.4848098
vn 0.8746197 7.576391E-07 -0.4848098
vn 0.8746197 7.576392E-07 -0.4848099
vn 0.8746197 7.576392E-07 -0.4848099
vn 0.8746197 7.576392E-07 -0.4848099
vn 0.8746197 7.576392E-07 -0.4848099
vn 0.8746197 7.576392E-07 -0.4848099
vn 0.8746197 7.576391E-07 -0.4848098
vn 0.8746197 7.576392E-07 -0.4848099
vn 0.8746197 7.576392E-07 -0.4848099
vn 0.8746197 7.576392E-07 -0.4848099
vn 0.8746197 7.576392E-07 -0.4848099
vn 0.8746197 7.576392E-07 -0.4848099
vn 0.8746197 7.576392E-07 -0.4848099
vn 0.8746197 7.576392E-07 -0.4848099
vn -5.076644E-07 1 1.39215E-06
vn -0.08373179 0.984973 -0.1510547
vn -0.131812 0.9623308 -0.2377925
vn -0.2415506 0.8670415 -0.4357667
vn -0.3747265 0.6344864 -0.6760232
vn -0.4420175 0.4107833 -0.7974196
vn -0.4829373 -0.08781303 -0.871241
vn -0.4829371 -0.08781257 -0.871241
vn -0.2849538 0.8090334 -0.5140688
vn -0.284991 0.8089775 -0.5141358
vn -0.284991 0.8089775 -0.5141358
vn -0.2849538 0.8090333 -0.5140688
vn -0.1879455 0.07518091 0.979298
vn -0.03367503 -0.3475489 0.9370571
vn -0.2331368 -0.3321712 0.9139528
vn -0.2310919 -0.490597 0.8401853
vn -0.4880389 -0.4238283 0.7630123
vn -0.4880389 -0.4238283 0.7630123
vn 0.04111484 -0.540584 0.8402849
vn -0.03651683 -0.5147406 0.856568
vn 0.3478935 -0.125807 0.9290549
vn 0.2215539 -0.09613943 0.9703975
vn -0.7951977 -0.0984875 0.5982983
vn -0.7975299 -0.09462098 0.595813
vn -0.8742428 0.00106736 0.485488
vn -0.8746197 -7.576391E-07 0.4848098
vn -0.4662751 0.5360507 0.7037309
vn -0.5287119 0.4854304 0.696291
vn -0.442921 0.5013194 0.7433034
vn -0.4169283 0.5720341 0.7063625
vn 0.3355417 -0.1087122 0.9357317
vn -0.3934417 0.1840049 0.9007475
vn -0.4562473 0.3856331 0.8019512
vn -0.2642772 0.4308007 0.8628838
vn 0.2446628 0.5487453 0.7993867
vn 0.07017474 0.4240133 0.9029332
vn 0.3256424 0.4073574 0.8532394
vn -0.05748641 0.7904568 0.6098145
vn 0.1870546 0.814173 0.5496665
vn -0.01809865 0.6624429 0.748894
vn -0.5509565 0.4899091 0.6756005
vn -0.6745602 0.5061312 0.537401
vn -0.6589845 0.5213209 0.5421845
vn -0.6110716 0.5008138 0.6130066
vn -0.1613362 0.9120222 0.3770757
vn 0.0508197 0.9357739 0.3489195
vn -0.6907773 0.5346972 0.4867503
vn -0.6835178 0.5487334 0.4813473
vn -0.005894226 0.9786128 0.2056272
vn -0.2284609 0.931759 0.2821896
vn -0.8789291 -0.08845211 0.4686791
vn -0.8815842 -0.08708205 0.463925
vn -0.8955768 -0.08670331 0.4363772
vn -0.8965611 -0.07816996 0.4359677
vn -0.9092509 -0.0782054 0.4088363
vn -0.8746197 -7.576392E-07 0.4848099
vn -0.8746197 -7.576392E-07 0.4848099
vn -0.8746197 -7.576392E-07 0.4848099
vn 0.8746197 7.576392E-07 -0.4848099
vn 0.8746197 7.576392E-07 -0.4848099
vn 0.8746197 7.576392E-07 -0.4848099
vn 0.8746197 7.576392E-07 -0.4848099
vn 0.8746197 7.576392E-07 -0.4848099
vn 0.8746197 7.576391E-07 -0.4848098
vn 0.8746197 7.576392E-07 -0.4848099
vn 0.8746197 7.576391E-07 -0.4848098
vn 0.8746197 7.576392E-07 -0.4848099
vn 0.8746197 7.576392E-07 -0.4848099
vn 0.08373162 0.9849726 0.151057
vn 0.1318108 0.9623303 0.2377953
vn 0.2415499 0.8670405 0.435769
vn 0.3747264 0.6344849 0.6760247
vn 0.4420175 0.4107815 0.7974206
vn 0.4829369 -0.08781502 0.871241
vn 0.4829371 -0.08781456 0.8712409
vn 0.2849536 0.8090323 0.5140706
vn 0.2849537 0.8090322 0.5140707
vn 0.2849908 0.8089764 0.5141377
vn 0.2849908 0.8089764 0.5141377
vn -0.6390208 0.7511648 0.1655414
vn -0.8218606 0.5500945 -0.1481271
vn -0.7036823 0.6565297 -0.2716624
vn -0.8525468 0.4407208 -0.2809436
vn -0.9568167 0.2786863 -0.08268079
vn -0.9568167 0.2786863 -0.08268079
vn -0.6871937 0.550867 -0.4736144
vn -0.7380628 0.5366029 -0.4090491
vn -0.3328283 0.8943303 -0.2989965
vn -0.4295654 0.879634 -0.2042501
vn -0.9280373 0.1005971 0.3586464
vn -0.9264967 0.09865773 0.3631402
vn -0.416977 0.572115 0.7062681
vn -0.4880859 0.5690091 0.6618162
vn -0.3372038 0.8994716 -0.2779295
vn -0.6875145 0.6247033 0.370229
vn -0.5831925 0.5758713 0.5729387
vn -0.4632816 0.7290276 0.5038741
vn -0.2570904 0.914454 0.3125356
vn -0.02130114 0.9473208 0.3195774
vn -0.06031916 0.9857631 0.1569489
vn -0.01381589 0.7250093 0.6886006
vn -0.1227693 0.8193001 0.5600672
vn 0.1998081 0.79506 0.5726749
vn -0.5305513 0.4593256 0.7124153
vn -0.5319371 0.2923915 0.7947014
vn -0.5323994 0.382911 0.7549372
vn -0.5168053 0.3082458 0.7986845
vn 0.0995207 0.5210971 0.8476754
vn 0.2729823 0.6028373 0.7497119
vn -0.5018797 0.2516095 0.8275322
vn -0.4873833 0.2547998 0.8351855
vn 0.3330054 0.4707333 0.8170177
vn 0.114816 0.4173186 0.901478
vn 0.2746851 0.302633 0.9126675
vn 0.1149075 0.2882534 0.9506348
vn -0.4784915 0.1694714 0.8615832
vn -0.4902351 0.1659354 0.855649
vn -0.9092826 -0.04253279 0.4140006
vn -0.9079748 -0.04672194 0.4164121
vn -0.9117076 -0.02711862 0.4099438
vn -0.9119529 -0.02731604 0.409385
vn -0.9024049 -0.07525218 0.4242674
vn -0.8987426 -0.07490037 0.4320323
vn -0.892485 -0.1033305 0.4390828
vn -0.8746197 -7.576392E-07 0.4848099
vn -0.8746197 -7.576392E-07 0.4848099
vn -0.8746197 -7.576392E-07 0.4848099
vn 0.8746197 7.576392E-07 -0.4848099
vn 0.8746197 7.576392E-07 -0.4848099
vn 0.8746197 7.576392E-07 -0.4848099
vn 0.8746197 7.576392E-07 -0.4848099
vn 0.8746197 7.576392E-07 -0.4848099
vn 0.8746197 7.576392E-07 -0.4848099
vn 0.8746197 7.576392E-07 -0.4848099
vn 0.8746197 7.576392E-07 -0.4848099
vn 0.8746197 7.576392E-07 -0.4848099
vn 0.8746197 7.576392E-07 -0.4848099
vn 0.8746197 7.576392E-07 -0.4848099
vn 0.8746197 7.576392E-07 -0.4848099
vn 0.461081 0.3090177 0.8318129
vn 0.4282779 0.4686313 0.7726339
vn 0.4029799 0.5559528 0.7269965
vn 0.3251325 0.7417825 0.5865559
vn 0.1767518 0.9311719 0.3188697
vn 0.05281235 0.9940489 0.09527723
vn -0.1897263 0.9202463 -0.3422733
vn -0.1897259 0.9202465 -0.3422731
vn 0.2849164 0.809088 0.5140035
vn 0.2849164 0.809088 0.5140035
vn -0.4096852 -0.7047006 0.5792714
vn -0.4630063 -0.871327 0.1625266
vn -0.6162139 -0.755388 0.222867
vn -0.6659349 -0.743927 0.05571158
vn -0.827754 -0.5406271 0.150153
vn -0.827754 -0.5406271 0.150153
vn -0.4610138 -0.8849669 -0.06557668
vn -0.518892 -0.8547309 -0.01365824
vn -0.0388212 -0.972083 0.2314042
vn -0.1430766 -0.9390516 0.3125882
vn -0.8867583 -0.1614554 0.4331191
vn -0.8862007 -0.1571179 0.435847
vn -0.8740103 -0.0004086822 0.4859076
vn -0.8746197 -7.576391E-07 0.4848098
vn -0.3495775 -0.2047451 0.9142621
vn -0.4230328 -0.1854104 0.8869423
vn -0.3576218 -0.2591492 0.8971893
vn -0.2924226 -0.2185545 0.9309798
vn -0.04324109 -0.9666589 0.2523904
vn -0.5086155 -0.5109823 0.6929702
vn -0.4393075 -0.3375373 0.832513
vn -0.275542 -0.4627779 0.8425636
vn 0.2237291 -0.6081763 0.7616214
vn -0.01027127 -0.6523987 0.7578065
vn 0.2105874 -0.7340013 0.6456743
vn 0.1376421 -0.2364792 0.961838
vn 0.3710271 -0.2918722 0.8815611
vn 0.07085928 -0.4098868 0.9093801
vn -0.4335357 -0.1565458 0.8874347
vn -0.4890931 0.02041362 0.8719928
vn -0.4704452 0.01394708 0.8823192
vn -0.4605198 -0.07339221 0.8846102
vn 0.1749005 0.04256479 0.9836658
vn 0.3718028 -0.0244958 0.9279887
vn -0.4746652 0.07885056 0.8766274
vn -0.4605298 0.08433496 0.883629
vn 0.3860358 0.1340843 0.9126872
vn 0.1555793 0.1585409 0.975018
vn -0.9142863 -0.01192905 0.4048935
vn -0.9144855 -0.006327019 0.4045698
vn -0.9179595 0.02315625 0.3959978
vn -0.9147296 0.02658769 0.4031913
vn -0.9174254 0.05499589 0.3940894
vn -0.8746197 -7.576392E-07 0.4848099
vn -0.8746197 -7.576392E-07 0.4848099
vn -0.8746197 -7.576391E-07 0.4848098
vn 0.8746197 7.576391E-07 -0.4848098
vn 0.8746197 7.576392E-07 -0.4848099
vn 0.8746197 7.576392E-07 -0.4848099
vn 0.8746197 7.576392E-07 -0.4848099
vn 0.8746197 7.576392E-07 -0.4848099
vn 0.8746197 7.576391E-07 -0.4848098
vn 0.8746197 7.576392E-07 -0.4848099
vn 0.8746197 7.576392E-07 -0.4848099
vn 0.8746197 7.576392E-07 -0.4848099
vn 0.4800273 0.140117 0.8659916
vn 0.4844443 0.03880174 0.8739613
vn 0.4744197 -0.2059206 0.8558756
vn 0.408347 -0.5390372 0.7366763
vn 0.3259959 -0.7401708 0.5881107
vn 0.1087472 -0.9745184 0.1961842
vn 0.1087476 -0.9745184 0.1961845
vn 0.4610829 -0.3090107 0.8318145
vn 0.4610829 -0.3090107 0.8318145
vn 0.4610716 -0.3090821 0.8317941
vn 0.4610716 -0.3090821 0.8317941
vn -0.2373925 0.3890636 0.8900979
vn -0.3913447 0.6721466 0.6285446
vn -0.207089 0.7533057 0.6242154
vn -0.4285631 0.7629758 0.4839441
vn -0.648699 0.5960636 0.4731785
vn -0.648699 0.5960636 0.4731785
vn -0.1828269 0.8810379 0.4362874
vn -0.2509291 0.8463781 0.4697647
vn 0.2211894 0.6785344 0.7004759
vn 0.1056279 0.6397858 0.7612603
vn -0.836014 0.1606569 0.524662
vn -0.8369345 0.1556088 0.5247158
vn -0.2924053 -0.2184547 0.9310086
vn -0.3403723 -0.1496532 0.9283053
vn 0.2137223 0.6646165 0.7159666
vn -0.3962916 0.2020825 0.8956092
vn -0.3908202 -0.02972505 0.919987
vn -0.1995313 0.01976318 0.9796923
vn 0.1147305 0.1411505 0.9833177
vn 0.3253168 0.03673077 0.9448916
vn 0.3580096 0.2018775 0.9116331
vn 0.1209611 -0.3423761 0.9317443
vn 0.1108391 -0.1560891 0.9815046
vn 0.3661554 -0.3227988 0.8727724
vn -0.4413306 -0.2060297 0.8733724
vn -0.5435714 -0.3254225 0.7737123
vn -0.4905706 -0.264161 0.8303975
vn -0.5247537 -0.3308135 0.7843445
vn 0.07526254 -0.5899662 0.8039128
vn 0.2869448 -0.5631996 0.7748995
vn -0.5468185 -0.3791928 0.7464601
vn -0.5354475 -0.3912572 0.7484745
vn 0.2565884 -0.6876836 0.6791569
vn 0.02445997 -0.6738416 0.7384711
vn 0.1022076 -0.7923017 0.6015082
vn -0.04937432 -0.7546566 0.6542599
vn -0.575078 -0.4436825 0.6873366
vn -0.5848062 -0.4344243 0.6850383
vn -0.9025172 0.06173853 0.4262059
vn -0.9040599 0.05783507 0.423475
vn -0.8962526 0.07099442 0.4378257
vn -0.8963853 0.07151129 0.4374699
vn -0.9148508 0.03991642 0.4018145
vn -0.9138963 0.03187758 0.4046947
vn -0.9238293 0.01434228 0.3825365
vn -0.8746197 -7.576392E-07 0.4848099
vn -0.8746197 -7.576392E-07 0.4848099
vn -0.8746197 -7.576391E-07 0.4848098
vn 0.8746197 7.576392E-07 -0.4848099
vn 0.8746197 7.576392E-07 -0.4848099
vn 0.8746197 7.576392E-07 -0.4848099
vn 0.8746197 7.576392E-07 -0.4848099
vn 0.8746197 7.576392E-07 -0.4848099
vn 0.8746197 7.576392E-07 -0.4848099
vn 0.8746197 7.576392E-07 -0.4848099
vn 0.8746197 7.576392E-07 -0.4848099
vn 0.8746197 7.576392E-07 -0.4848099
vn 0.8746197 7.576391E-07 -0.4848098
vn 0.8746197 7.576392E-07 -0.4848099
vn 0.2849646 -0.8090165 0.5140893
vn 0.348423 -0.6953424 0.6285704
vn 0.3808677 -0.6187323 0.687103
vn 0.4424942 -0.4085934 0.7982799
vn 0.4839658 -0.0589894 0.8730967
vn 0.4746577 0.2035744 0.8563048
vn 0.365679 0.6565593 0.6597037
vn 0.3656797 0.6565588 0.659704
vn 0.4610941 -0.3089392 0.8318347
vn 0.4610941 -0.3089392 0.8318347
vn -0.837796 -0.5107117 -0.1930594
vn -0.8371823 -0.1909635 -0.5125027
vn -0.9297296 -0.1346871 -0.3427285
vn -0.9171157 0.03082205 -0.3974283
vn -0.9865865 0.08969931 -0.136387
vn -0.9865865 0.08969931 -0.136387
vn -0.7749705 -0.006357824 -0.6319658
vn -0.8247194 -0.01351427 -0.5653811
vn -0.5485263 -0.4749758 -0.6881258
vn -0.6444062 -0.4842311 -0.5918288
vn -0.9440857 -0.00129915 0.3296982
vn -0.9424179 -0.002484918 0.3344288
vn -0.874619 -0.001321109 0.4848095
vn -0.8746197 -7.576402E-07 0.4848099
vn -0.655082 -0.6625811 0.3631174
vn -0.6996883 -0.6000119 0.3878431
vn -0.6818995 -0.6614828 0.3121763
vn -0.618471 -0.7071084 0.3427706
vn -0.5558762 -0.4887182 -0.6724258
vn -0.8646519 -0.4998105 0.05066466
vn -0.7675129 -0.5942431 0.2404152
vn -0.6910356 -0.716814 0.09299456
vn -0.3161757 -0.9246205 -0.2123916
vn -0.5314448 -0.8272193 -0.1824139
vn -0.351227 -0.8609968 -0.3678645
vn -0.2755601 -0.9366095 0.2164013
vn -0.08209912 -0.9945608 0.06409994
vn -0.3960822 -0.9157679 0.06699587
vn -0.6953181 -0.58666 0.4151666
vn -0.6557358 -0.493514 0.5713623
vn -0.6461235 -0.5127004 0.5653875
vn -0.6787515 -0.5461724 0.4909097
vn -0.1220851 -0.8857163 0.4478864
vn 0.02823038 -0.9509137 0.3081664
vn -0.6180651 -0.4859639 0.6179281
vn -0.6057481 -0.4966105 0.6216492
vn 0.1177534 -0.8957444 0.4286913
vn -0.08226006 -0.8337756 0.5459413
vn -0.8899289 0.08107808 0.4488352
vn -0.887418 0.0831703 0.4534008
vn -0.8742222 0.1010133 0.4749022
vn -0.8720422 0.09460068 0.4802013
vn -0.8585349 0.1121934 0.5003305
vn -0.8746197 -7.576392E-07 0.4848099
vn -0.8746197 -7.576392E-07 0.4848099
vn -0.8746197 -7.576392E-07 0.4848099
vn 0.8746197 7.576392E-07 -0.4848099
vn 0.8746197 7.576392E-07 -0.4848099
vn 0.8746197 7.576392E-07 -0.4848099
vn 0.8746197 7.576392E-07 -0.4848099
vn 0.8746197 7.576392E-07 -0.4848099
vn 0.8746197 7.576392E-07 -0.4848099
vn 0.8746197 7.576392E-07 -0.4848099
vn 0.8746197 7.576392E-07 -0.4848099
vn 0.8746197 7.576392E-07 -0.4848099
vn 0.2129425 -0.8983757 0.384157
vn 0.1675926 -0.93835 0.3023449
vn 0.05165824 -0.9943071 0.09319331
vn -0.1223535 -0.9676296 -0.2207327
vn -0.2405406 -0.8682339 -0.4339475
vn -0.4157279 -0.5144729 -0.7499921
vn -0.4157273 -0.5144736 -0.749992
vn 8.940697E-08 -1 -1.160306E-06
vn 8.940697E-08 -1 -1.160306E-06
vn -3.227407E-05 -1 -5.954551E-05
vn -3.227407E-05 -1 -5.954551E-05
vn -0.2802407 -0.5107129 0.8127964
vn -0.2020309 -0.1346886 0.9700736
vn -0.009011684 -0.1909652 0.9815556
vn -0.1489583 0.03082047 0.9883632
vn -0.4071479 0.08969811 0.9089472
vn -0.4071479 0.08969811 0.9089472
vn 0.1252662 -0.006359682 0.992103
vn 0.04243628 -0.01351606 0.9990079
vn 0.2928892 -0.4749776 0.8298268
vn 0.1604161 -0.4842327 0.860108
vn -0.7798895 -0.001304909 0.6259161
vn -0.7830044 -0.002485544 0.6220114
vn -0.6184261 -0.7071084 0.3428515
vn -0.6260898 -0.6614825 0.4128596
vn 0.27568 -0.48872 0.8277401
vn -0.5011619 -0.4998113 0.7064176
vn -0.6106039 -0.5942435 0.5234864
vn -0.4450573 -0.7168145 0.5367507
vn -0.1269275 -0.8272201 0.547354
vn 0.0125701 -0.9246212 0.380681
vn 0.1258443 -0.8609979 0.4927943
vn -0.3295442 -0.9366094 0.1190115
vn -0.266708 -0.9157682 0.3003928
vn -0.09786666 -0.9945608 0.03565457
vn -0.7205441 -0.5866599 0.3696577
vn -0.8320301 -0.4935136 0.2533191
vn -0.7759989 -0.5461723 0.3154708
vn -0.8218695 -0.5127 0.2483336
vn -0.4445254 -0.8857157 -0.1338109
vn -0.2463812 -0.9509131 -0.1872456
vn -0.8515577 -0.4859635 0.1966965
vn -0.8481864 -0.49661 0.1842792
vn -0.3011521 -0.8957436 -0.3270337
vn -0.5065766 -0.8337747 -0.2195455
vn -0.4559472 -0.7923005 -0.4054288
vn -0.5810093 -0.7546555 -0.3048341
vn -0.8876398 -0.4436817 0.1234606
vn -0.8908459 -0.4344237 0.1329285
vn -0.8523487 0.08068809 0.516712
vn -0.8546406 0.08246479 0.5126296
vn -0.8462384 0.07099432 0.5280535
vn -0.846007 0.07151118 0.5283546
vn -0.8655946 0.09992076 0.4906751
vn -0.8693455 0.09460066 0.4850664
vn -0.8792582 0.1121935 0.4629447
vn -0.8746197 -7.576392E-07 0.4848099
vn -0.8746197 -7.576392E-07 0.4848099
vn -0.8746197 -7.576392E-07 0.4848099
vn 0.8746197 7.576391E-07 -0.4848098
vn 0.8746197 7.576392E-07 -0.4848099
vn 0.8746197 7.576392E-07 -0.4848099
vn 0.8746197 7.576392E-07 -0.4848099
vn 0.8746197 7.576392E-07 -0.4848099
vn 0.8746197 7.576392E-07 -0.4848099
vn 0.8746197 7.576392E-07 -0.4848099
vn 0.8746197 7.576392E-07 -0.4848099
vn 0.8746197 7.576392E-07 -0.4848099
vn 0.8746197 7.576392E-07 -0.4848099
vn 0.8746197 7.576392E-07 -0.4848099
vn -0.2849654 -0.8090153 -0.5140907
vn -0.2129424 -0.8983749 -0.3841591
vn -0.1675936 -0.9383492 -0.3023465
vn -0.05165871 -0.9943069 -0.09319526
vn 0.1223537 -0.96763 0.2207304
vn 0.2405407 -0.8682349 0.4339455
vn 0.4157272 -0.5144746 0.7499915
vn 0.4157274 -0.5144752 0.7499908
vn 3.245557E-05 -1 5.722976E-05
vn 3.245557E-05 -1 5.722976E-05
vn -0.8806446 0.389065 -0.2703587
vn -0.6391045 0.7533066 -0.1551607
vn -0.7404166 0.6721473 -0.001197312
vn -0.637511 0.7629762 0.1069924
vn -0.7450355 0.5960638 0.2993829
vn -0.7450355 0.5960638 0.2993829
vn -0.4668754 0.8810385 -0.07614941
vn -0.5313545 0.8463786 -0.03613565
vn -0.4768245 0.6785359 -0.5587735
vn -0.5896109 0.6397872 -0.4929826
vn -0.8879555 0.1606515 0.4309599
vn -0.8884914 0.1555811 0.431715
vn -0.8752277 -0.000408674 0.4837113
vn -0.8746197 -7.576392E-07 0.4848099
vn -0.9605867 -0.2047435 -0.1880254
vn -0.9763432 -0.185409 -0.111255
vn -0.9676164 -0.1496687 -0.2032688
vn -0.9444908 -0.2184615 -0.2453818
vn -0.4939183 0.664618 -0.5606499
vn -0.9695222 0.2020837 -0.1385254
vn -0.9872966 -0.02972382 -0.1560841
vn -0.9365619 0.0197647 -0.3499452
vn -0.6289223 0.03673274 -0.7766002
vn -0.7731031 0.1411523 -0.6183754
vn -0.5833928 0.2018794 -0.7867006
vn -0.7260651 -0.3423744 -0.5963303
vn -0.546121 -0.3227969 -0.7730165
vn -0.7736279 -0.1560872 -0.6141149
vn -0.9745317 -0.2060286 -0.08854719
vn -0.9441946 -0.3254217 0.05096947
vn -0.9432394 -0.3308127 0.02937703
vn -0.9641801 -0.26416 -0.02401617
vn -0.6418745 -0.5899647 -0.4898357
vn -0.5050955 -0.563198 -0.6539779
vn -0.9228041 -0.3791921 0.06816458
vn -0.9184867 -0.3912564 0.05745389
vn -0.4399876 -0.6876822 -0.5774985
vn -0.6132981 -0.6738403 -0.412074
vn -0.8395181 0.06203673 0.5397786
vn -0.837788 0.05772775 0.5429355
vn -0.8248081 0.039272 0.5640475
vn -0.8274915 0.03187741 0.5605729
vn -0.813964 0.01434206 0.5807385
vn -0.8746197 -7.576392E-07 0.4848099
vn -0.8746197 -7.576392E-07 0.4848099
vn -0.8746197 -7.576392E-07 0.4848099
vn 0.8746197 7.576392E-07 -0.4848099
vn 0.8746197 7.576392E-07 -0.4848099
vn 0.8746197 7.576392E-07 -0.4848099
vn 0.8746197 7.576392E-07 -0.4848099
vn 0.8746197 7.576392E-07 -0.4848099
vn 0.8746197 7.576392E-07 -0.4848099
vn 0.8746197 7.576392E-07 -0.4848099
vn 0.8746197 7.576392E-07 -0.4848099
vn 0.8746197 7.576392E-07 -0.4848099
vn -0.3484229 -0.6953409 -0.628572
vn -0.3808682 -0.6187307 -0.687104
vn -0.4424944 -0.4085915 -0.7982807
vn -0.4839658 -0.0589874 -0.8730968
vn -0.4746577 0.2035764 -0.8563043
vn -0.3656799 0.6565609 -0.6597017
vn -0.3656798 0.6565602 -0.6597024
vn -0.4610828 -0.3090088 -0.8318152
vn -0.4610828 -0.3090087 -0.8318152
vn -0.4610922 -0.3089493 -0.8318322
vn -0.4610922 -0.3089493 -0.8318322
vn -0.7083508 -0.7047 0.0404648
vn -0.5155461 -0.7553882 0.4044765
vn -0.383187 -0.8713272 0.3065243
vn -0.4001382 -0.7439275 0.535221
vn -0.56598 -0.5406277 0.6224055
vn -0.56598 -0.5406277 0.6224055
vn -0.1886885 -0.8849674 0.4257107
vn -0.2633887 -0.8547313 0.4472817
vn -0.216815 -0.9720826 -0.08970482
vn -0.3409098 -0.9390512 -0.04431214
vn -0.8372165 -0.1614647 0.5224922
vn -0.8392255 -0.1571461 0.5205824
vn -0.9444782 -0.2185443 -0.2453565
vn -0.9503709 -0.2591482 -0.1721563
vn -0.2369545 -0.9666586 -0.09707756
vn -0.8571978 -0.5109816 0.06411164
vn -0.938809 -0.3375362 -0.06861088
vn -0.8605502 -0.4627767 -0.2128182
vn -0.6481003 -0.6523974 -0.3928665
vn -0.5273342 -0.6081747 -0.5933316
vn -0.4359697 -0.734 -0.5207445
vn -0.7427464 -0.2364774 -0.6264237
vn -0.7336491 -0.4098851 -0.5419903
vn -0.5509926 -0.2918703 -0.7818052
vn -0.9823265 -0.1565447 -0.1026094
vn -0.9986717 0.02041467 -0.04731077
vn -0.9942305 -0.07339111 -0.07822873
vn -0.9975471 0.01394816 -0.06859727
vn -0.7415131 0.04256668 -0.6695871
vn -0.5899541 -0.02449382 -0.8070654
vn -0.9949566 0.07885163 -0.06200222
vn -0.9934036 0.08433606 -0.07769997
vn -0.5694353 0.1340863 -0.8110269
vn -0.744418 0.1585428 -0.6486188
vn -0.6284252 0.3026348 -0.7165853
vn -0.7452925 0.2882552 -0.6012059
vn -0.9842257 0.1694725 -0.05078487
vn -0.9854165 0.1659364 -0.03768119
vn -0.8281087 -0.01187186 0.5604422
vn -0.828013 -0.006870344 0.560667
vn -0.8307832 -0.02711879 0.5559351
vn -0.8304394 -0.02731621 0.5564393
vn -0.8227068 0.02183663 0.5680466
vn -0.8266582 0.0265875 0.5620762
vn -0.8203678 0.05499569 0.5691857
vn -0.8746197 -7.576392E-07 0.4848099
vn -0.8746197 -7.576392E-07 0.4848099
vn -0.8746197 -7.576392E-07 0.4848099
vn 0.8746197 7.576392E-07 -0.4848099
vn 0.8746197 7.576392E-07 -0.4848099
vn 0.8746197 7.576391E-07 -0.4848098
vn 0.8746197 7.576392E-07 -0.4848099
vn 0.8746197 7.576392E-07 -0.4848099
vn 0.8746197 7.576391E-07 -0.4848098
vn 0.8746197 7.576392E-07 -0.4848099
vn 0.8746197 7.576392E-07 -0.4848099
vn 0.8746197 7.576391E-07 -0.4848098
vn 0.8746197 7.576392E-07 -0.4848099
vn 0.8746197 7.576392E-07 -0.4848099
vn -0.4610819 0.3090197 -0.8318117
vn -0.4800273 0.140119 -0.8659913
vn -0.4844454 0.03880374 -0.8739607
vn -0.4744202 -0.2059187 -0.8558757
vn -0.408347 -0.5390356 -0.7366775
vn -0.3259958 -0.7401695 -0.5881125
vn -0.1087474 -0.9745179 -0.1961862
vn -0.1087474 -0.9745179 -0.1961867
vn -0.4610735 -0.3090682 -0.8317983
vn -0.4610735 -0.3090682 -0.8317983
vn -0.4790156 0.7511645 0.4541983
vn -0.142511 0.6565284 0.7407166
vn -0.3098999 0.5500935 0.7754737
vn -0.2135265 0.4407195 0.8718789
vn -0.4369176 0.2786852 0.8552414
vn -0.4369176 0.2786852 0.8552414
vn 0.03749142 0.5508655 0.8337516
vn -0.04421962 0.5366013 0.8426766
vn 0.07719243 0.8943294 0.4406999
vn -0.05441998 0.8796332 0.4725297
vn -0.7959338 0.1005968 0.5969672
vn -0.7989284 0.09865747 0.5932793
vn -0.8198977 0.5690098 0.06321254
vn -0.819913 0.5721158 -0.02064714
vn 0.05700792 0.8994707 0.4332468
vn -0.6782985 0.6247033 0.3868553
vn -0.794924 0.5758718 0.1909653
vn -0.6728106 0.729028 0.125874
vn -0.2823041 0.9473213 -0.1512841
vn -0.4012814 0.9144543 0.05240813
vn -0.1650636 0.9857633 -0.03201494
vn -0.5912873 0.7250105 -0.3531846
vn -0.3797733 0.7950612 -0.4729168
vn -0.5400211 0.8193008 -0.1926745
vn -0.8853114 0.4593264 0.07241157
vn -0.9558285 0.2923923 0.02998161
vn -0.9511877 0.3082467 0.0150384
vn -0.9223514 0.3829118 0.05144558
vn -0.6661314 0.5210986 -0.5335966
vn -0.491133 0.6028389 -0.6287876
vn -0.9677427 0.2516105 -0.01290624
vn -0.9665511 0.2548008 -0.02925552
vn -0.5164044 0.4707351 -0.7153569
vn -0.7036535 0.4173204 -0.575079
vn -0.83272 -0.04273847 0.5520427
vn -0.8341826 -0.04749377 0.5494397
vn -0.838006 -0.07674296 0.5402377
vn -0.842645 -0.07490049 0.533235
vn -0.8453082 -0.1033306 0.5241919
vn -0.8746197 -7.576392E-07 0.4848099
vn -0.8746197 -7.576392E-07 0.4848099
vn -0.8746197 -7.576392E-07 0.4848099
vn 0.8746197 7.576391E-07 -0.4848098
vn 0.8746197 7.576392E-07 -0.4848099
vn 0.8746197 7.576392E-07 -0.4848099
vn 0.8746197 7.576392E-07 -0.4848099
vn 0.8746197 7.576392E-07 -0.4848099
vn 0.8746197 7.576392E-07 -0.4848099
vn 0.8746197 7.576392E-07 -0.4848099
vn 0.8746197 7.576392E-07 -0.4848099
vn -0.428278 0.4686331 -0.7726328
vn -0.4029811 0.5559545 -0.7269946
vn -0.3251333 0.7417839 -0.5865538
vn -0.176752 0.9311726 -0.3188675
vn -0.05281252 0.9940491 -0.09527493
vn 0.1897257 0.9202455 0.3422757
vn 0.1897257 0.9202457 0.3422752
vn -0.2849165 0.8090891 -0.5140015
vn -0.2849165 0.8090891 -0.5140015
vt -0.522 3.4436
vt 4 4
vt -4 4
vt -4.522 3.4436
vt -1.0352 2.8284
vt -5.0352 2.8284
vt -1.5308 2.1648
vt -5.5308 2.1648
vt -2 1.464
vt -6 1.464
vt -2.4352 0.7384
vt -6.4352 0.7384
vt -2.8284 0
vt -6.8284 0
vt -3.1736 -0.7384
vt -7.1736 -0.7384
vt -3.464 -1.464
vt -7.464 -1.464
vt -3.6956 -2.1648
vt -7.6956 -2.1648
vt -3.8636 -2.8284
vt -7.8636 -2.8284
vt -3.9656 -3.4436
vt -7.9656 -3.4436
vt -4 -4
vt -8 -4
vt -3.9656 -4.4876
vt -7.9656 -4.4876
vt -3.8636 -4.8988
vt -7.8636 -4.8988
vt -3.6956 -5.2264
vt -7.6956 -5.2264
vt -3.464 -5.464
vt -7.464 -5.464
vt -3.1736 -5.6088
vt -7.1736 -5.6088
vt -2.8284 -5.6568
vt -6.8284 -5.6568
vt -3.1736 -5.6088
vt -7.1736 -5.6088
vt -3.464 -5.464
vt -7.464 -5.464
vt -3.6956 -5.2264
vt -7.6956 -5.2264
vt -3.8636 -4.8988
vt -7.8636 -4.8988
vt -3.9656 -4.4876
vt -7.9656 -4.4876
vt -4 -4
vt -8 -4
vt -3.9656 -3.4436
vt -7.9656 -3.4436
vt -3.8636 -2.8284
vt -7.8636 -2.8284
vt -3.6956 -2.1648
vt -7.6956 -2.1648
vt -3.464 -1.464
vt -7.464 -1.464
vt -3.1736 -0.7384
vt -7.1736 -0.7384
vt -2.8284 0
vt -6.8284 0
vt -2.4352 0.7384
vt -6.4352 0.7384
vt -2 1.464
vt -6 1.464
vt -1.5308 2.1648
vt -5.5308 2.1648
vt -1.0352 2.8284
vt -5.0352 2.8284
vt -0.522 3.4436
vt -4.522 3.4436
vt 0 4
vt 0 4
vt 3.9656 4.4876
vt -0.03439999 4.4876
vt 3.8636 4.8988
vt -0.1364 4.8988
vt 3.6956 5.2264
vt -0.3044 5.2264
vt 3.464 5.464
vt -0.536 5.464
vt 3.1736 5.6088
vt -0.8264 5.6088
vt 2.8284 5.6568
vt -1.1716 5.6568
vt 3.1736 5.6088
vt -0.8264 5.6088
vt 3.464 5.464
vt -0.536 5.464
vt 3.6956 5.2264
vt -0.3044 5.2264
vt 3.8636 4.8988
vt -0.1364 4.8988
vt 3.9656 4.4876
vt -0.03439999 4.4876
vt 5.9484 5.1654
vt 6 6
vt 2 6
vt 1.9484 5.1654
vt 5.7954 4.2426
vt 1.7954 4.2426
vt 5.5434 3.2472
vt 1.5434 3.2472
vt 5.196 2.196
vt 1.196 2.196
vt 4.7604 1.1076
vt 0.7603998 1.1076
vt 4.2426 0
vt 0.2426 0
vt 3.6528 -1.1076
vt -0.3471999 -1.1076
vt 3 -2.196
vt -1 -2.196
vt 2.2962 -3.2472
vt -1.7038 -3.2472
vt 1.5528 -4.2426
vt -2.4472 -4.2426
vt 0.783 -5.1654
vt -3.217 -5.1654
vt 0 -6
vt -10 -6
vt -5.9484 -6.7314
vt -9.9484 -6.7314
vt -5.7954 -7.3482
vt -9.795401 -7.3482
vt -5.5434 -7.8396
vt -9.5434 -7.8396
vt -5.196 -8.196
vt -9.196 -8.196
vt -4.7604 -8.4132
vt -8.7604 -8.4132
vt -4.2426 -8.4852
vt -8.242599 -8.4852
vt -4.7604 -8.4132
vt -8.7604 -8.4132
vt -5.196 -8.196
vt -9.196 -8.196
vt -5.5434 -7.8396
vt -9.5434 -7.8396
vt -5.7954 -7.3482
vt -9.795401 -7.3482
vt -5.9484 -6.7314
vt -9.9484 -6.7314
vt -6 -6
vt -4 -6
vt 0.783 -5.1654
vt -3.217 -5.1654
vt 1.5528 -4.2426
vt -2.4472 -4.2426
vt 2.2962 -3.2472
vt -1.7038 -3.2472
vt 3 -2.196
vt -1 -2.196
vt 3.6528 -1.1076
vt -0.3471999 -1.1076
vt 4.2426 0
vt 0.2426 0
vt 4.7604 1.1076
vt 0.7603998 1.1076
vt 5.196 2.196
vt 1.196 2.196
vt 5.5434 3.2472
vt 1.5434 3.2472
vt 5.7954 4.2426
vt 1.7954 4.2426
vt 5.9484 5.1654
vt 1.9484 5.1654
vt 6 6
vt 2 6
vt 5.9484 6.7314
vt 1.9484 6.7314
vt 5.7954 7.3482
vt 1.7954 7.3482
vt 5.5434 7.8396
vt 1.5434 7.8396
vt 5.196 8.196
vt 1.196 8.196
vt 4.7604 8.4132
vt 0.7603998 8.4132
vt 4.2426 8.4852
vt 0.2426 8.4852
vt 4.7604 8.4132
vt 0.7603998 8.4132
vt 5.196 8.196
vt 1.196 8.196
vt 5.5434 7.8396
vt 1.5434 7.8396
vt 5.7954 7.3482
vt 1.7954 7.3482
vt 5.9484 6.7314
vt 1.9484 6.7314
vt -4 0
vt -4.522 -0.03439999
vt -4.783 1.9484
vt -4 2
vt -5.0352 -0.1364
vt -5.5528 1.7954
vt -5.5308 -0.3044
vt -6.2962 1.5434
vt -6 -0.536
vt -7 1.196
vt -6.4352 -0.8264
vt -7.6528 0.7603998
vt -6.8284 -1.1716
vt -8.242599 0.2426
vt -7.1736 -1.5648
vt -8.7604 -0.3471999
vt -7.464 -2
vt -9.196 -1
vt -7.6956 -2.4692
vt -9.5434 -1.7038
vt -7.8636 -2.9648
vt -9.795401 -2.4472
vt -7.9656 -3.478
vt -9.9484 -3.217
vt -8 -4
vt -10 -4
vt -7.9656 -4.522
vt -9.9484 -4.783
vt -7.8636 -5.0352
vt -9.795401 -5.5528
vt -7.6956 -5.5308
vt -9.5434 -6.2962
vt -7.464 -6
vt -9.196 -7
vt -7.1736 -6.4352
vt -8.7604 -7.6528
vt -6.8284 -6.8284
vt -8.242599 -8.242599
vt -6.4352 -7.1736
vt -7.6528 -8.7604
vt -6 -7.464
vt -7 -9.196
vt -5.5308 -7.6956
vt -6.2962 -9.5434
vt -5.0352 -7.8636
vt -5.5528 -9.795401
vt -4.522 -7.9656
vt -4.783 -9.9484
vt -4 -8
vt -4 -10
vt -3.478 -7.9656
vt -3.217 -9.9484
vt -2.9648 -7.8636
vt -2.4472 -9.795401
vt -2.4692 -7.6956
vt -1.7038 -9.5434
vt -2 -7.464
vt -1 -9.196
vt -1.5648 -7.1736
vt -0.3471999 -8.7604
vt -1.1716 -6.8284
vt 0.2426 -8.242599
vt -0.8264 -6.4352
vt 0.7603998 -7.6528
vt -0.536 -6
vt 1.196 -7
vt -0.3044 -5.5308
vt 1.5434 -6.2962
vt -0.1364 -5.0352
vt 1.7954 -5.5528
vt -0.03439999 -4.522
vt 1.9484 -4.783
vt 0 -4
vt 2 -4
vt -0.03439999 -3.478
vt 1.9484 -3.217
vt -0.1364 -2.9648
vt 1.7954 -2.4472
vt -0.3044 -2.4692
vt 1.5434 -1.7038
vt -0.536 -2
vt 1.196 -1
vt -0.8264 -1.5648
vt 0.7603998 -0.3471999
vt -1.1716 -1.1716
vt 0.2426 0.2426
vt -1.5648 -0.8264
vt -0.3471999 0.7603998
vt -2 -0.536
vt -1 1.196
vt -2.4692 -0.3044
vt -1.7038 1.5434
vt -2.9648 -0.1364
vt -2.4472 1.7954
vt -3.478 -0.03439999
vt -3.217 1.9484
vt 1.739 1.7218
vt 4 2
vt 0 2
vt -0.261 1.7218
vt 1.4824 1.4142
vt -0.5176 1.4142
vt 1.2346 1.0824
vt -0.7654 1.0824
vt 1 0.732
vt -1 0.732
vt 0.7824 0.3692
vt -1.2176 0.3692
vt 0.5858001 0
vt -1.4142 0
vt 0.4132 -0.3692
vt -1.5868 -0.3692
vt 0.268 -0.732
vt -1.732 -0.732
vt 0.1522 -1.0824
vt -1.8478 -1.0824
vt 0.06819999 -1.4142
vt -1.9318 -1.4142
vt 0.01719999 -1.7218
vt -1.9828 -1.7218
vt 0 -2
vt -2 -2
vt 0.01719999 -2.2438
vt -1.9828 -2.2438
vt 0.06819999 -2.4494
vt -1.9318 -2.4494
vt 0.1522 -2.6132
vt -1.8478 -2.6132
vt 0.268 -2.732
vt -1.732 -2.732
vt 0.4132 -2.8044
vt -1.5868 -2.8044
vt 0.5858001 -2.8284
vt -1.4142 -2.8284
vt 0.4132 -2.8044
vt -1.5868 -2.8044
vt 0.268 -2.732
vt -1.732 -2.732
vt 0.1522 -2.6132
vt -1.8478 -2.6132
vt 0.06819999 -2.4494
vt -1.9318 -2.4494
vt 0.01719999 -2.2438
vt -1.9828 -2.2438
vt 0 -2
vt -2 -2
vt 0.01719999 -1.7218
vt -1.9828 -1.7218
vt 0.06819999 -1.4142
vt -1.9318 -1.4142
vt 0.1522 -1.0824
vt -1.8478 -1.0824
vt 0.268 -0.732
vt -1.732 -0.732
vt 0.4132 -0.3692
vt -1.5868 -0.3692
vt 0.5858001 0
vt -1.4142 0
vt 0.7824 0.3692
vt -1.2176 0.3692
vt 1 0.732
vt -1 0.732
vt 1.2346 1.0824
vt -0.7654 1.0824
vt 1.4824 1.4142
vt -0.5176 1.4142
vt 1.739 1.7218
vt -0.261 1.7218
vt 2 2
vt 2 2
vt 3.9828 2.2438
vt 1.9828 2.2438
vt 3.9318 2.4494
vt 1.9318 2.4494
vt 3.8478 2.6132
vt 1.8478 2.6132
vt 3.732 2.732
vt 1.732 2.732
vt 3.5868 2.8044
vt 1.5868 2.8044
vt 3.4142 2.8284
vt 1.4142 2.8284
vt 3.5868 2.8044
vt 1.5868 2.8044
vt 3.732 2.732
vt 1.732 2.732
vt 3.8478 2.6132
vt 1.8478 2.6132
vt 3.9318 2.4494
vt 1.9318 2.4494
vt 3.9828 2.2438
vt 1.9828 2.2438
vt 0 2
vt -0.261 1.9828
vt -0.522 3.9656
vt 0 4
vt -0.5176 1.9318
vt -1.0352 3.8636
vt -0.7654 1.8478
vt -1.5308 3.6956
vt -1 1.732
vt -2 3.464
vt -1.2176 1.5868
vt -2.4352 3.1736
vt -1.4142 1.4142
vt -2.8284 2.8284
vt -1.5868 1.2176
vt -3.1736 2.4352
vt -1.732 1
vt -3.464 2
vt -1.8478 0.7654
vt -3.6956 1.5308
vt -1.9318 0.5176
vt -3.8636 1.0352
vt -1.9828 0.261
vt -3.9656 0.522
vt -2 0
vt -4 0
vt -1.9828 -0.261
vt -3.9656 -0.522
vt -1.9318 -0.5176
vt -3.8636 -1.0352
vt -1.8478 -0.7654
vt -3.6956 -1.5308
vt -1.732 -1
vt -3.464 -2
vt -1.5868 -1.2176
vt -3.1736 -2.4352
vt -1.4142 -1.4142
vt -2.8284 -2.8284
vt -1.2176 -1.5868
vt -2.4352 -3.1736
vt -1 -1.732
vt -2 -3.464
vt -0.7654 -1.8478
vt -1.5308 -3.6956
vt -0.5176 -1.9318
vt -1.0352 -3.8636
vt -0.261 -1.9828
vt -0.522 -3.9656
vt 0 -2
vt 0 -4
vt 0.261 -1.9828
vt 0.522 -3.9656
vt 0.5176 -1.9318
vt 1.0352 -3.8636
vt 0.7654 -1.8478
vt 1.5308 -3.6956
vt 1 -1.732
vt 2 -3.464
vt 1.2176 -1.5868
vt 2.4352 -3.1736
vt 1.4142 -1.4142
vt 2.8284 -2.8284
vt 1.5868 -1.2176
vt 3.1736 -2.4352
vt 1.732 -1
vt 3.464 -2
vt 1.8478 -0.7654
vt 3.6956 -1.5308
vt 1.9318 -0.5176
vt 3.8636 -1.0352
vt 1.9828 -0.261
vt 3.9656 -0.522
vt 2 0
vt 4 0
vt 1.9828 0.261
vt 3.9656 0.522
vt 1.9318 0.5176
vt 3.8636 1.0352
vt 1.8478 0.7654
vt 3.6956 1.5308
vt 1.732 1
vt 3.464 2
vt 1.5868 1.2176
vt 3.1736 2.4352
vt 1.4142 1.4142
vt 2.8284 2.8284
vt 1.2176 1.5868
vt 2.4352 3.1736
vt 1 1.732
vt 2 3.464
vt 0.7654 1.8478
vt 1.5308 3.6956
vt 0.5176 1.9318
vt 1.0352 3.8636
vt 0.261 1.9828
vt 0.522 3.9656
vt 2 4
vt 1.739 3.9828
vt 1.478 5.9656
vt 2 6
vt 1.4824 3.9318
vt 0.9648 5.8636
vt 1.2346 3.8478
vt 0.4692 5.6956
vt 1 3.732
vt 0 5.464
vt 0.7824 3.5868
vt -0.4352 5.1736
vt 0.5858001 3.4142
vt -0.8283999 4.8284
vt 0.4132 3.2176
vt -1.1736 4.4352
vt 0.268 3
vt -1.464 4
vt 0.1522 2.7654
vt -1.6956 3.5308
vt 0.06819999 2.5176
vt -1.8636 3.0352
vt 0.01719999 2.261
vt -1.9656 2.522
vt 0 2
vt -2 2
vt 0.01719999 1.739
vt -1.9656 1.478
vt 0.06819999 1.4824
vt -1.8636 0.9648
vt 0.1522 1.2346
vt -1.6956 0.4692
vt 0.268 1
vt -1.464 0
vt 0.4132 0.7824
vt -1.1736 -0.4352
vt 0.5858001 0.5858001
vt -0.8283999 -0.8283999
vt 0.7824 0.4132
vt -0.4352 -1.1736
vt 1 0.268
vt 0 -1.464
vt 1.2346 0.1522
vt 0.4692 -1.6956
vt 1.4824 0.06819999
vt 0.9648 -1.8636
vt 1.739 0.01719999
vt 1.478 -1.9656
vt 2 0
vt 2 -2
vt 2.261 0.01719999
vt 2.522 -1.9656
vt 2.5176 0.06819999
vt 3.0352 -1.8636
vt 2.7654 0.1522
vt 3.5308 -1.6956
vt 3 0.268
vt 4 -1.464
vt 3.2176 0.4132
vt 4.4352 -1.1736
vt 3.4142 0.5858001
vt 4.8284 -0.8283999
vt 3.5868 0.7824
vt 5.1736 -0.4352
vt 3.732 1
vt 5.464 0
vt 3.8478 1.2346
vt 5.6956 0.4692
vt 3.9318 1.4824
vt 5.8636 0.9648
vt 3.9828 1.739
vt 5.9656 1.478
vt 4 2
vt 6 2
vt 3.9828 2.261
vt 5.9656 2.522
vt 3.9318 2.5176
vt 5.8636 3.0352
vt 3.8478 2.7654
vt 5.6956 3.5308
vt 3.732 3
vt 5.464 4
vt 3.5868 3.2176
vt 5.1736 4.4352
vt 3.4142 3.4142
vt 4.8284 4.8284
vt 3.2176 3.5868
vt 4.4352 5.1736
vt 3 3.732
vt 4 5.464
vt 2.7654 3.8478
vt 3.5308 5.6956
vt 2.5176 3.9318
vt 3.0352 5.8636
vt 2.261 3.9828
vt 2.522 5.9656
vt 1.217 7.9484
vt 2 8
vt 0.4471999 7.7954
vt -0.2962 7.5434
vt -1 7.196
vt -1.6528 6.7604
vt -2.2426 6.2426
vt -2.7604 5.6528
vt -3.196 5
vt -3.5434 4.2962
vt -3.7954 3.5528
vt -3.9484 2.783
vt -4 2
vt -3.9484 1.217
vt -3.7954 0.4471999
vt -3.5434 -0.2962
vt -3.196 -1
vt -2.7604 -1.6528
vt -2.2426 -2.2426
vt -1.6528 -2.7604
vt -1 -3.196
vt -0.2962 -3.5434
vt 0.4471999 -3.7954
vt 1.217 -3.9484
vt 2 -4
vt 2.783 -3.9484
vt 3.5528 -3.7954
vt 4.2962 -3.5434
vt 5 -3.196
vt 5.6528 -2.7604
vt 6.2426 -2.2426
vt 6.7604 -1.6528
vt 7.196 -1
vt 7.5434 -0.2962
vt 7.7954 0.4471999
vt 7.9484 1.217
vt 8 2
vt 7.9484 2.783
vt 7.7954 3.5528
vt 7.5434 4.2962
vt 7.196 5
vt 6.7604 5.6528
vt 6.2426 6.2426
vt 5.6528 6.7604
vt 5 7.196
vt 4.2962 7.5434
vt 3.5528 7.7954
vt 2.783 7.9484
vt 6.9484 5.1654
vt 7 6
vt 6.7954 4.2426
vt 6.5434 3.2472
vt 6.196 2.196
vt 5.7604 1.1076
vt 5.2426 0
vt 4.6528 -1.1076
vt 4 -2.196
vt 3.2962 -3.2472
vt 2.5528 -4.2426
vt 1.783 -5.1654
vt 1 -6
vt -4.9484 -6.7314
vt -4.7954 -7.3482
vt -4.5434 -7.8396
vt -4.196 -8.196
vt -3.7604 -8.4132
vt -3.2426 -8.4852
vt -3.7604 -8.4132
vt -4.196 -8.196
vt -4.5434 -7.8396
vt -4.7954 -7.3482
vt -4.9484 -6.7314
vt -5 -6
vt 1.783 -5.1654
vt 2.5528 -4.2426
vt 3.2962 -3.2472
vt 4 -2.196
vt 4.6528 -1.1076
vt 5.2426 0
vt 5.7604 1.1076
vt 6.196 2.196
vt 6.5434 3.2472
vt 6.7954 4.2426
vt 6.9484 5.1654
vt 7 6
vt 6.9484 6.7314
vt 6.7954 7.3482
vt 6.5434 7.8396
vt 6.196 8.196
vt 5.7604 8.4132
vt 5.2426 8.4852
vt 5.7604 8.4132
vt 6.196 8.196
vt 6.5434 7.8396
vt 6.7954 7.3482
vt 6.9484 6.7314
vt -3.9484 -6.7314
vt -4 -6
vt 2 -6
vt 2.0516 -6.7314
vt -3.7954 -7.3482
vt 2.2046 -7.3482
vt -3.5434 -7.8396
vt 2.4566 -7.8396
vt -3.196 -8.196
vt 2.804 -8.196
vt -2.7604 -8.4132
vt 3.2396 -8.4132
vt -2.2426 -8.4852
vt 3.7574 -8.4852
vt -2.7604 -8.4132
vt 3.2396 -8.4132
vt -3.196 -8.196
vt 2.804 -8.196
vt -3.5434 -7.8396
vt 2.4566 -7.8396
vt -3.7954 -7.3482
vt 2.2046 -7.3482
vt -3.9484 -6.7314
vt 2.0516 -6.7314
vt -4 -6
vt 2 -6
vt -3.9484 -5.1654
vt 2.0516 -5.1654
vt -3.7954 -4.2426
vt 2.2046 -4.2426
vt -3.5434 -3.2472
vt 2.4566 -3.2472
vt -3.196 -2.196
vt 2.804 -2.196
vt -2.7604 -1.1076
vt 3.2396 -1.1076
vt -2.2426 0
vt 3.7574 0
vt -1.6528 1.1076
vt 4.3472 1.1076
vt -1 2.196
vt 5 2.196
vt -0.2962 3.2472
vt 5.7038 3.2472
vt 0.4472001 4.2426
vt 6.4472 4.2426
vt 1.217 5.1654
vt 7.217 5.1654
vt 2 6
vt 14 6
vt 7.9484 6.7314
vt 13.9484 6.7314
vt 7.7954 7.3482
vt 13.7954 7.3482
vt 7.5434 7.8396
vt 13.5434 7.8396
vt 7.196 8.196
vt 13.196 8.196
vt 6.7604 8.4132
vt 12.7604 8.4132
vt 6.2426 8.4852
vt 12.2426 8.4852
vt 6.7604 8.4132
vt 12.7604 8.4132
vt 7.196 8.196
vt 13.196 8.196
vt 7.5434 7.8396
vt 13.5434 7.8396
vt 7.7954 7.3482
vt 13.7954 7.3482
vt 7.9484 6.7314
vt 13.9484 6.7314
vt 8 6
vt 8 6
vt 1.217 5.1654
vt 7.217 5.1654
vt 0.4472001 4.2426
vt 6.4472 4.2426
vt -0.2962 3.2472
vt 5.7038 3.2472
vt -1 2.196
vt 5 2.196
vt -1.6528 1.1076
vt 4.3472 1.1076
vt -2.2426 0
vt 3.7574 0
vt -2.7604 -1.1076
vt 3.2396 -1.1076
vt -3.196 -2.196
vt 2.804 -2.196
vt -3.5434 -3.2472
vt 2.4566 -3.2472
vt -3.7954 -4.2426
vt 2.2046 -4.2426
vt -3.9484 -5.1654
vt 2.0516 -5.1654
vt -5.9312 -8.9752
vt 2 -8
vt 0 -8
vt 0.06879997 -8.9752
vt -5.7272 -9.7976
vt 0.2728 -9.7976
vt -5.3912 -10.4528
vt 0.6087999 -10.4528
vt -4.928 -10.928
vt 1.072 -10.928
vt -4.3472 -11.2176
vt 1.6528 -11.2176
vt -3.6568 -11.3136
vt 2.3432 -11.3136
vt -4.3472 -11.2176
vt 1.6528 -11.2176
vt -4.928 -10.928
vt 1.072 -10.928
vt -5.3912 -10.4528
vt 0.6087999 -10.4528
vt -5.7272 -9.7976
vt 0.2728 -9.7976
vt -5.9312 -8.9752
vt 0.06879997 -8.9752
vt -6 -8
vt 8 -8
vt 3.044 -6.8872
vt 9.044 -6.8872
vt 4.0704 -5.6568
vt 10.0704 -5.6568
vt 5.0616 -4.3296
vt 11.0616 -4.3296
vt 6 -2.928
vt 12 -2.928
vt 6.8704 -1.4768
vt 12.8704 -1.4768
vt 7.6568 0
vt 13.6568 0
vt 8.3472 1.4768
vt 14.3472 1.4768
vt 8.927999 2.928
vt 14.928 2.928
vt 9.3912 4.3296
vt 15.3912 4.3296
vt 9.7272 5.6568
vt 15.7272 5.6568
vt 9.9312 6.8872
vt 15.9312 6.8872
vt 10 8
vt 16 8
vt 9.9312 8.9752
vt 15.9312 8.9752
vt 9.7272 9.7976
vt 15.7272 9.7976
vt 9.3912 10.4528
vt 15.3912 10.4528
vt 8.927999 10.928
vt 14.928 10.928
vt 8.3472 11.2176
vt 14.3472 11.2176
vt 7.6568 11.3136
vt 13.6568 11.3136
vt 8.3472 11.2176
vt 14.3472 11.2176
vt 8.927999 10.928
vt 14.928 10.928
vt 9.3912 10.4528
vt 15.3912 10.4528
vt 9.7272 9.7976
vt 15.7272 9.7976
vt 9.9312 8.9752
vt 15.9312 8.9752
vt 10 8
vt 16 8
vt 9.9312 6.8872
vt 15.9312 6.8872
vt 9.7272 5.6568
vt 15.7272 5.6568
vt 9.3912 4.3296
vt 15.3912 4.3296
vt 8.927999 2.928
vt 14.928 2.928
vt 8.3472 1.4768
vt 14.3472 1.4768
vt 7.6568 0
vt 13.6568 0
vt 6.8704 -1.4768
vt 12.8704 -1.4768
vt 6 -2.928
vt 12 -2.928
vt 5.0616 -4.3296
vt 11.0616 -4.3296
vt 4.0704 -5.6568
vt 10.0704 -5.6568
vt 3.044 -6.8872
vt 9.044 -6.8872
vt 8 2
vt 7.217 2.0516
vt 6.956 0.06879997
vt 8 0
vt 6.4472 2.2046
vt 5.9296 0.2728
vt 5.7038 2.4566
vt 4.9384 0.6087999
vt 5 2.804
vt 4 1.072
vt 4.3472 3.2396
vt 3.1296 1.6528
vt 3.7574 3.7574
vt 2.3432 2.3432
vt 3.2396 4.3472
vt 1.6528 3.1296
vt 2.804 5
vt 1.072 4
vt 2.4566 5.7038
vt 0.6087999 4.9384
vt 2.2046 6.4472
vt 0.2728 5.9296
vt 2.0516 7.217
vt 0.06879997 6.956
vt 2 8
vt 0 8
vt 2.0516 8.783
vt 0.06879997 9.044
vt 2.2046 9.5528
vt 0.2728 10.0704
vt 2.4566 10.2962
vt 0.6087999 11.0616
vt 2.804 11
vt 1.072 12
vt 3.2396 11.6528
vt 1.6528 12.8704
vt 3.7574 12.2426
vt 2.3432 13.6568
vt 4.3472 12.7604
vt 3.1296 14.3472
vt 5 13.196
vt 4 14.928
vt 5.7038 13.5434
vt 4.9384 15.3912
vt 6.4472 13.7954
vt 5.9296 15.7272
vt 7.217 13.9484
vt 6.956 15.9312
vt 8 14
vt 8 16
vt 8.783 13.9484
vt 9.044 15.9312
vt 9.5528 13.7954
vt 10.0704 15.7272
vt 10.2962 13.5434
vt 11.0616 15.3912
vt 11 13.196
vt 12 14.928
vt 11.6528 12.7604
vt 12.8704 14.3472
vt 12.2426 12.2426
vt 13.6568 13.6568
vt 12.7604 11.6528
vt 14.3472 12.8704
vt 13.196 11
vt 14.928 12
vt 13.5434 10.2962
vt 15.3912 11.0616
vt 13.7954 9.5528
vt 15.7272 10.0704
vt 13.9484 8.783
vt 15.9312 9.044
vt 14 8
vt 16 8
vt 13.9484 7.217
vt 15.9312 6.956
vt 13.7954 6.4472
vt 15.7272 5.9296
vt 13.5434 5.7038
vt 15.3912 4.9384
vt 13.196 5
vt 14.928 4
vt 12.7604 4.3472
vt 14.3472 3.1296
vt 12.2426 3.7574
vt 13.6568 2.3432
vt 11.6528 3.2396
vt 12.8704 1.6528
vt 11 2.804
vt 12 1.072
vt 10.2962 2.4566
vt 11.0616 0.6087999
vt 9.5528 2.2046
vt 10.0704 0.2728
vt 8.783 2.0516
vt 9.044 0.06879997
vt -7.4853 -12.131
vt -7.1996 -11.0707
vt -6.4645 -11.1593
vt -4.3847 -7.7863
vt -4.9198 -7.6978
vt -7.1996 -11.0707
vt -6.1057 -11.1814
vt -4.1259 -7.8084
vt -6.0881 -11.718
vt -6.1057 -11.1814
vt -4.1259 -7.8084
vt -3.7602 -2.4858
vt -3.8611 -11.3141
vt -6.1057 -11.1814
vt -3.7962 -11.8728
vt -3.2299 -11.718
vt -3.4757 -11.1814
vt -3.8611 -11.3141
vt -6.8689 -12.35
vt -7.6186 -11.4234
vt -8.1552 -11.7318
vt -8.1443 -12.4036
vt -3.8457 -12.131
vt -3.1499 -12.7539
vt -3.4811 -12.35
vt -8.6383 -12.3912
vt -8.1443 -12.4036
vt -8.1551 -12.7165
vt -2.9529 -12.3912
vt -2.4073 -11.1649
vt -3.0103 -11.577
vt -2.1049 -11.9071
vt -2.1049 -11.9071
vt -8.5811 -12.2159
vt -1.0617 -10.1789
vt -0.8343 -10.9292
vt -8.9186 -11.0682
vt -0.8343 -10.9292
vt 1 -10.0431
vt 0.4 -9.811299
vt 0.4 -9.811299
vt 0 -9.182899
vt -5.3633 -6.9529
vt -9.1172 -10.1789
vt -9.1829 -9.1829
vt -5.5023 -5.8023
vt -4.9198 -7.6978
vt -8.7576 -11.1649
vt -3.8711 -11.0707
vt -7.6186 -3.8048
vt -8.5667 -3.0103
vt -8.1552 -3.5766
vt -4.8766 -2.9962
vt -4.2027 -2.5065
vt -4.9475 -1.2982
vt -5.2881 -2.4299
vt -5.5379 0.2835
vt -6.604 -2.1499
vt -5.8689 -2.4811
vt -7.5811 -0.6348
vt -7.1551 -1.5614
vt -7.9186 0.8504
vt -5.856 2
vt -7.9186 3.1496
vt -8.0431 2
vt -4.9475 -1.2982
vt 2 -10.0431
vt -7.9186 -11.0682
vt -7.5811 -12.2159
vt -7.1551 -12.7165
vt -2.1499 -12.7539
vt -2.4811 -12.35
vt -5.2881 -11.718
vt -5.8689 -12.35
vt -4.8766 -11.8728
vt -5.2881 -11.718
vt -6.088099 -11.718
vt -5.6766 -11.8728
vt 4.6457 -3.6396
vt 4.6948 -2.7697
vt 3.8711 -3.3285
vt 3.4016 -2.1831
vt 2.778 -2.7418
vt 3.8711 -3.3285
vt 5.0757 -2.63
vt 3.6825 -2.0434
vt 5.6299 -2.8582
vt 5.0757 -2.63
vt 3.6825 -2.0434
vt 5.0757 -2.63
vt 5.6611 -1.7919
vt -3.7602 4.2858
vt 6.1962 -1.8804
vt 5.6611 -1.7919
vt 5.0757 -2.63
vt 5.6299 -2.8582
vt 5.4811 -3.3878
vt 3.8048 -3.8138
vt 3.5766 -4.5786
vt 4.2593 -4.685
vt 5.1499 -4.4541
vt 4.6457 -3.6396
vt 5.4811 -3.3878
vt 3.7529 -5.6854
vt 4.5614 -5.5937
vt 4.2593 -4.685
vt 3.7529 -5.6854
vt 2.4073 -6.3503
vt 2.9049 -6.8973
vt 3.0103 -5.5564
vt 2.9049 -6.8973
vt 3.6348 -6.9463
vt 1.0617 -8.0555
vt 1.6343 -8.4606
vt 2.1496 -8.769
vt 1.6343 -8.4606
vt -5.3633 -4.2737
vt -9.1172 -8.0555
vt -4.9198 -2.7418
vt -8.7576 -6.3503
vt -7.1996 -3.3285
vt -7.6186 3.8048
vt -8.5667 3.0103
vt -8.1552 3.5766
vt -4.8766 6.9962
vt -5.2881 6.4299
vt -4.9475 5.2982
vt -4.2027 6.5065
vt -5.5379 3.8496
vt -5.8689 6.4811
vt -6.604 6.1499
vt -7.5811 4.6348
vt -7.1551 5.5614
vt -4.9475 5.2982
vt 3.1496 -8.769
vt 4.6348 -6.946301
vt 5.5614 -5.5937
vt 6.1499 -4.4541
vt 6.4811 -3.3878
vt 6.4299 -2.8582
vt 6.4811 -3.3878
vt 6.9962 -1.8804
vt 6.1962 -1.8804
vt 5.6299 -2.8582
vt 6.4299 -2.8582
vt 6.587387 -0.2872438
vt 5.651004 -0.2554646
vt -5.641676 -0.8142962
vt -3.604862 -0.3298635
vt -3.669749 0.2288423
vt -5.906468 -0.2554646
vt 6.046458 -0.9539886
vt 4.594076 -0.4695556
vt -5.265269 -0.9027767
vt -5.400447 -0.9539886
vt -3.463632 -0.4695556
vt -5.400447 -0.953989
vt 6.762492 -0.9027767
vt 6.046458 -0.9539886
vt -5.693442 -0.5943966
vt 6.069986 0.09709358
vt 6.650844 0.7291627
vt 7.333541 0.6227555
vt 6.587387 -0.2872438
vt 7.900518 0.2949066
vt 7.099046 -0.5943966
vt 7.959852 1.578027
vt 7.333541 0.6227555
vt 8.606505 1.390291
vt 7.959852 1.578027
vt 7.585099 2.589339
vt 7.217203 1.706945
vt 8.567991 2.880214
vt 8.567991 2.880214
vt 9.297995 2.83139
vt 8.342917 4.51578
vt 9.239008 4.669197
vt 10.07793 4.91955
vt 9.239008 4.669197
vt 10.55159 6.448071
vt 9.731133 6.299246
vt 9.731133 6.299246
vt 8.733488 5.895788
vt -2.67656 2.011065
vt -3.827137 4.51578
vt -2.8377 5.895789
vt -1.493027 3.725308
vt -3.669749 0.2288423
vt -4.99576 2.589339
vt -5.906468 -0.2554646
vt -5.972893 6.069986
vt -5.510258 7.217203
vt -5.921681 6.650844
vt -4.20271 6.506541
vt -3.283703 7.58828
vt -4.46527 7.562492
vt -1.961856 8.638562
vt -4.605612 8.900518
vt -4.693442 8.099046
vt -3.466605 10.298
vt -4.216214 9.606505
vt -2.158384 11.07793
vt -0.4276612 9.471527
vt 0.02829278 11.78843
vt -1.103519 11.55159
vt 11.55159 6.448072
vt 11.07793 4.91955
vt 10.298 2.831391
vt 9.606505 1.390291
vt 8.900518 0.2949066
vt 8.099046 -0.5943966
vt -4.46527 -0.9027772
vt -4.693442 -0.5943966
vt 7.562492 -0.9027772
vt 6.762492 -0.9027772
vt 2.0012 10.4126
vt 2.337337 9.757271
vt 1.456828 9.500327
vt 1.724118 6.730617
vt 1.043704 6.473798
vt 1.456828 9.500327
vt 2.732448 9.821459
vt 2.019228 6.794806
vt 3.160932 10.26128
vt 2.732448 9.821459
vt 2.019229 6.794806
vt 2.732448 9.82146
vt 8.603571 10.20665
vt 2.680004 6.37841
vt 9.283984 10.71066
vt 8.603571 10.20665
vt 8.689012 9.821459
vt 9.500348 10.26128
vt 2.830148 10.69869
vt 1.264293 9.685799
vt 8.861325 9.742766
vt 9.718742 10.34881
vt 10.46532 10.75332
vt 9.211399 10.4126
vt 2.830148 10.69869
vt 10.03208 10.02787
vt 10.80759 10.36559
vt 9.718742 10.34881
vt 10.03208 10.02787
vt 9.072907 8.65612
vt 10.11612 9.192962
vt 9.077688 9.293383
vt 10.11612 9.192962
vt 10.92641 9.471508
vt 8.999091 7.191434
vt 10.00185 7.77983
vt 10.78843 7.816726
vt 10.00185 7.77983
vt -0.12848 5.387072
vt -1.807657 7.191434
vt 1.043704 6.473798
vt -0.4167869 8.65612
vt 1.456828 9.500327
vt 1.264293 8.421505
vt 0.2156942 9.077688
vt 0.8814414 8.861325
vt 4.626679 10.08398
vt 3.960932 10.30035
vt 2.989869 9.626699
vt 4.369193 9.291739
vt 1.429719 9.740559
vt 3.830148 10.86855
vt 3.287996 11.46532
vt 1.545101 11.92641
vt 2.557996 11.80759
vt 11.78843 7.816726
vt 11.92641 9.471509
vt 11.80759 10.36559
vt 11.46532 10.75332
vt 3.830148 10.69869
vt 3.960932 10.26128
vt 3.830148 10.69869
vt 10.08398 10.71066
vt 9.283984 10.71066
vt 9.500348 10.26128
vt 10.30035 10.26128
vt 8.469756 11.95354
vt 7.36365 10.91288
vt 7.987341 10.6561
vt 5.796507 7.582476
vt 5.372898 7.839277
vt 7.36365 10.91288
vt 8.318228 10.59186
vt 6.027395 7.518242
vt 9.067749 11.16012
vt 8.318228 10.59186
vt 6.027395 7.518242
vt 8.318229 10.59186
vt 9.067749 11.16012
vt 8.318228 10.59186
vt 9.250561 11.98271
vt 7.556296 11.48347
vt 7.687086 12.18252
vt 8.544505 12.78856
vt 8.469756 11.95354
vt 9.414698 12.93624
vt 9.250561 11.98271
vt 8.425184 13.36655
vt 8.544505 12.78856
vt 9.26252 13.57582
vt 8.425184 13.36655
vt 7.095183 12.76527
vt 7.470814 12.63202
vt 7.953033 13.68725
vt 7.953033 13.68725
vt 8.763281 13.96587
vt 6.217936 12.96988
vt 7.097138 13.815
vt 7.760104 14.10873
vt 7.517859 13.815
vt 9.125068 14.0283
vt 8.337537 13.70452
vt 8.337537 13.70452
vt 7.429149 12.82677
vt 4.123709 8.195852
vt 6.75194 12.96988
vt 5.397617 12.82677
vt 3.710534 8.104711
vt 3.066379 7.839277
vt 5.670087 12.76527
vt 3.549226 10.91288
vt 3.927176 7.556296
vt 5.161207 7.470814
vt 4.49543 7.687086
vt 5.682017 8.751981
vt 5.292367 9.86775
vt 7.08937 7.819385
vt 6.521538 10.4147
vt 5.732151 10.25056
vt 8.202593 9.763281
vt 7.313303 10.26252
vt 9.348621 8.760103
vt 8.355661 6.617678
vt 10.70007 6.900005
vt 10.12507 7.903234
vt 10.12507 14.0283
vt 8.760103 14.10873
vt 9.763281 13.96587
vt 10.26252 13.57582
vt 10.4147 12.93624
vt 10.25056 11.98271
vt 9.86775 11.16012
vt 10.25056 11.98271
vt 9.86775 11.16012
vt 9.06775 11.16012
vt 9.274944 10.07499
vt 8.60008 8.800067
vt 8.100014 9.200069
vt 6.279474 6.34288
vt 5.979466 6.742861
vt 8.100014 9.200069
vt 8.900064 8.700038
vt 6.479456 6.242851
vt 9.700068 9.200064
vt 8.900064 8.700038
vt 6.479456 6.242851
vt 8.900064 8.700038
vt 9.000034 8.099998
vt 6.660335 5.760374
vt 9.700023 8.499994
vt 9.000034 8.099998
vt 8.900064 8.700038
vt 9.700068 9.200064
vt 10.00004 10
vt 8.400023 9.8
vt 8.700009 10.60001
vt 9.580967 11.08097
vt 10.40008 11.10007
vt 9.274944 10.07499
vt 10.00004 10
vt 9.682965 11.88302
vt 10.50001 12.00005
vt 9.580967 11.08097
vt 9.682965 11.88302
vt 8.50006 11.70014
vt 9.478922 12.57893
vt 8.700056 11.30008
vt 9.478922 12.57893
vt 10.30001 12.80008
vt 8.000053 12.50012
vt 8.968877 13.26887
vt 9.700068 13.60007
vt 8.968877 13.26887
vt 2.504617 7.603133
vt 4.500063 12.50012
vt 1.363395 6.742861
vt 3.200076 11.70014
vt 1.100056 9.200069
vt 8.400023 1.399978
vt 8.700056 2.600028
vt 8.700009 1.900004
vt 10.50002 1.999971
vt 10.50007 2.699994
vt 9.559316 3.415361
vt 9.666984 2.000037
vt 9.185488 4.934339
vt 11.00004 2.999961
vt 11.40008 3.699993
vt 11.30001 5.50007
vt 11.50001 4.500032
vt 10.70007 13.60007
vt 11.30001 12.80008
vt 11.50001 12.00005
vt 11.40008 11.10007
vt 11.00004 10
vt 10.50007 9.200064
vt 11.00004 10
vt 10.50002 8.499994
vt 9.700023 8.499994
vt 9.700069 9.200064
vt 10.50007 9.200064
vt -0.8000447 7.6749
vt -1.100056 6.999958
vt -0.1999867 7.400094
vt -0.06340641 5.016068
vt -0.7633948 4.616071
vt -1.100056 6.999958
vt 0.2000256 7.500089
vt 0.2366052 5.116061
vt 0.5000051 7.800074
vt 0.2000256 7.500089
vt 0.2366052 5.116061
vt 0.2000251 7.500089
vt 9.700068 7.800074
vt 8.900064 7.500089
vt 3.862381E-05 8.000082
vt 8.400023 7.000045
vt 8.700009 6.800005
vt 9.580967 7.280964
vt 9.274944 7.6749
vt 10.40008 7.700085
vt 10.00004 8.000082
vt 9.682965 6.682907
vt 9.580967 7.280964
vt 10.50001 6.999982
vt 9.682965 6.682907
vt 8.50006 5.299984
vt 8.700056 6.100028
vt 9.478922 5.578917
vt 9.478922 5.578917
vt 10.30001 5.799941
vt 8.000053 3.49999
vt 8.968877 3.868886
vt 9.700068 3.800064
vt 8.968877 3.868886
vt 9.125068 2.221834
vt 8.337537 2.170553
vt 8.337537 2.170553
vt 7.429149 2.031533
vt -1.985519 3.054218
vt -4.500063 3.49999
vt -5.397617 2.031533
vt -3.110534 1.283643
vt -0.7633948 4.616071
vt -3.200076 5.299984
vt -1.100056 6.999958
vt 8.400023 -1.399978
vt 8.700056 -2.600028
vt 8.700009 -1.900005
vt 9.559316 0.5846386
vt 10.50007 1.300006
vt 9.107254 -1.042019
vt 11.40008 0.3000066
vt 11.00004 1.000039
vt 11.30001 -1.500069
vt 11.50001 -0.5000324
vt 10.70007 -2.900005
vt 8.355661 -2.617678
vt 9.348621 -4.760104
vt 10.12507 -3.903234
vt 10.12507 2.221835
vt 10.70007 3.800064
vt 11.30001 5.799941
vt 11.50001 6.999982
vt 11.40008 7.700085
vt 11.00004 8.000082
vt 1.300006 7.800076
vt 1.000039 8.000082
vt 10.50007 7.800076
vt 9.700069 7.800076
vt 4.283785 -4.185971
vt -6.987341 -4.318583
vt -7.36365 -3.814424
vt -4.596507 -2.810538
vt -4.772898 -2.306519
vt -7.36365 -3.814424
vt -6.718227 -4.444592
vt -4.427395 -2.936548
vt -6.667749 -4.575382
vt -6.718227 -4.444592
vt -4.427395 -2.936548
vt -6.718228 -4.444592
vt 3.402981 -5.200632
vt 2.680056 -4.578399
vt 3.82659 -5.457432
vt 3.402981 -5.200632
vt 3.873635 -4.444592
vt 4.492367 -4.575382
vt -7.250561 -4.51841
vt 3.927176 -3.62912
vt 4.49543 -3.191656
vt 5.044052 -3.500454
vt 5.521538 -3.89316
vt 4.283785 -4.185971
vt -7.250561 -4.51841
vt 5.741364 -2.683821
vt 6.313303 -2.949217
vt 5.044052 -3.500454
vt 5.741364 -2.683821
vt 5.670087 -1.425097
vt 6.534212 -1.418821
vt 5.161207 -2.309607
vt 6.534212 -1.418821
vt 7.202592 -1.560689
vt 6.75194 0.5340047
vt 7.517859 0.4207201
vt 8.348621 0.5885181
vt 7.517859 0.4207201
vt -4.153045 -0.6881156
vt -6.217936 0.5340047
vt -4.772898 -2.306519
vt -7.095183 -1.425097
vt -7.36365 -3.814424
vt 3.927176 -7.556296
vt 5.161207 -7.470814
vt 4.49543 -7.687086
vt 4.62659 -6.084023
vt 5.292367 -5.86775
vt 5.682017 -4.751981
vt 4.369233 -5.291734
vt 7.011136 -3.927065
vt 5.732151 -6.250561
vt 6.521538 -6.414698
vt 8.202593 -5.763281
vt 7.313303 -6.26252
vt 9.348621 0.5885181
vt 8.202593 -1.560688
vt 7.313303 -2.949217
vt 6.521538 -3.89316
vt -6.250561 -4.51841
vt -5.86775 -4.575383
vt -6.250561 -4.51841
vt 4.62659 -5.457432
vt 3.82659 -5.457432
vt 4.492367 -4.575383
vt 5.292367 -4.575383
vt 2.0012 -7.210199
vt 1.456828 -6.586671
vt 2.337337 -6.082598
vt 1.724118 -4.482381
vt 1.043704 -4.986391
vt 1.456828 -6.586671
vt 2.732448 -5.956563
vt 2.019228 -4.356348
vt 3.160932 -6.339417
vt 2.732448 -5.956563
vt 2.019229 -4.356348
vt 2.732448 -5.956565
vt 3.160932 -6.339417
vt 2.732448 -5.956563
vt 2.830148 -7.038398
vt 1.264293 -7.157212
vt 0.8814411 -7.979884
vt 1.430066 -8.288677
vt 2.0012 -7.210199
vt 2.287996 -8.177327
vt 2.830148 -7.038398
vt 0.7957937 -9.236284
vt 1.430066 -8.288677
vt 1.557996 -9.249598
vt 0.7957937 -9.236284
vt -0.4167869 -9.489695
vt 0.2156942 -8.861994
vt -0.1231579 -10.23928
vt -0.1231579 -10.23928
vt 0.5451014 -10.38131
vt -1.807657 -10.80675
vt -1.422025 -11.42388
vt -8.788433 -11.76014
vt -1.422025 -11.42388
vt -8.55159 -12.65511
vt -2.631888 -12.36302
vt -2.631888 -12.36302
vt -2.8377 -11.57119
vt -5.48465 -6.308236
vt -8.999091 -10.80675
vt -8.733489 -11.57119
vt -5.218335 -7.311362
vt -5.430094 -4.986391
vt -9.072907 -9.489695
vt -8.043499 -6.586671
vt 1.264293 -8.421505
vt 0.2156942 -9.077688
vt 0.8814411 -8.861325
vt 2.989869 -5.626699
vt 3.960932 -6.300348
vt 1.303133 -5.699428
vt 3.287996 -7.465322
vt 3.830148 -6.868546
vt 1.545101 -7.926408
vt 2.557996 -7.807593
vt 0.02829278 -7.788433
vt -0.4276612 -5.471527
vt -2.158384 -7.077934
vt -1.103519 -7.551591
vt -7.551591 -12.65511
vt -7.788433 -11.76014
vt -7.926408 -10.38131
vt 2.557996 -9.249598
vt 3.287996 -8.177327
vt 3.830148 -7.038398
vt 3.960932 -6.339416
vt 3.830148 -7.038398
vt 3.960932 -6.339416
vt 3.160932 -6.339416
vt -5.787386 -12.66202
vt -4.82738 -11.46906
vt -5.651004 -11.55747
vt -3.274998 -8.07986
vt -3.898592 -8.168341
vt -5.651004 -11.55747
vt -4.446458 -11.44691
vt -2.994076 -8.057708
vt -4.362493 -12.02776
vt -4.446458 -11.44691
vt -2.994076 -8.057708
vt -4.446458 -11.44691
vt -4.446458 -11.44691
vt -4.362493 -12.02776
vt -5.099046 -12.79249
vt -6.069986 -12.04288
vt -6.650844 -12.57253
vt -6.533541 -13.24433
vt -5.605612 -13.50613
vt -5.787386 -12.66202
vt -5.099046 -12.79249
vt -5.581825 -13.54168
vt -5.216214 -13.82272
vt -5.910785 -13.24433
vt -7.159852 -13.54168
vt -4.99576 -12.58086
vt -4.887778 -13.45577
vt -5.510258 -12.72746
vt -7.767992 -13.45577
vt -7.297995 -13.7646
vt -3.827137 -12.17006
vt -3.769811 -13.00882
vt -8.077934 -13.23632
vt -8.439009 -13.00882
vt -4.656723 -8.02839
vt -8.342917 -12.17006
vt -3.669749 -8.168341
vt -4.99576 -12.58086
vt -5.906468 -11.55747
vt -5.972893 -6.069986
vt -5.510258 -7.217203
vt -5.921681 -6.650844
vt -4.46527 -3.562492
vt -3.283703 -3.58828
vt -4.20271 -2.506541
vt -2.088442 -4.597432
vt -4.693442 -4.099046
vt -4.605612 -4.900518
vt -3.466605 -6.297996
vt -4.216214 -5.606505
vt -7.077934 -13.23632
vt -6.297996 -13.7646
vt -4.216214 -13.82272
vt -4.605612 -13.50613
vt -4.693442 -12.79249
vt -3.562492 -12.02776
vt -4.099046 -12.79249
vt -5.265269 -12.02776
vt -4.46527 -12.02776
usemtl 30
f 1/1/1 2/2/2 3/3/3
f 3/3/3 4/4/4 1/1/1
f 5/5/5 1/1/1 4/4/4
f 4/4/4 6/6/6 5/5/5
f 7/7/7 5/5/5 6/6/6
f 6/6/6 8/8/8 7/7/7
f 9/9/9 7/7/7 8/8/8
f 8/8/8 10/10/10 9/9/9
f 11/11/11 9/9/9 10/10/10
f 10/10/10 12/12/12 11/11/11
f 13/13/13 11/11/11 12/12/12
f 12/12/12 14/14/14 13/13/13
f 15/15/15 13/13/13 14/14/14
f 14/14/14 16/16/16 15/15/15
f 17/17/17 15/15/15 16/16/16
f 16/16/16 18/18/18 17/17/17
f 19/19/19 17/17/17 18/18/18
f 18/18/18 20/20/20 19/19/19
f 21/21/21 19/19/19 20/20/20
f 20/20/20 22/22/22 21/21/21
f 23/23/23 21/21/21 22/22/22
f 22/22/22 24/24/24 23/23/23
f 25/25/25 23/23/23 24/24/24
f 24/24/24 26/26/26 25/25/25
f 27/27/27 25/25/25 26/26/26
f 26/26/26 28/28/28 27/27/27
f 29/29/29 27/27/27 28/28/28
f 28/28/28 30/30/30 29/29/29
f 31/31/31 29/29/29 30/30/30
f 30/30/30 32/32/32 31/31/31
f 33/33/33 31/31/31 32/32/32
f 32/32/32 34/34/34 33/33/33
f 35/35/35 33/33/33 34/34/34
f 34/34/34 36/36/36 35/35/35
f 37/37/37 35/35/35 36/36/36
f 36/36/36 38/38/38 37/37/37
f 39/39/39 37/37/37 38/38/38
f 38/38/38 40/40/40 39/39/39
f 41/41/41 39/39/39 40/40/40
f 40/40/40 42/42/42 41/41/41
f 43/43/43 41/41/41 42/42/42
f 42/42/42 44/44/44 43/43/43
f 45/45/45 43/43/43 44/44/44
f 44/44/44 46/46/46 45/45/45
f 47/47/47 45/45/45 46/46/46
f 46/46/46 48/48/48 47/47/47
f 49/49/49 47/47/47 48/48/48
f 48/48/48 50/50/50 49/49/49
f 51/51/51 49/49/49 50/50/50
f 50/50/50 52/52/52 51/51/51
f 53/53/53 51/51/51 52/52/52
f 52/52/52 54/54/54 53/53/53
f 55/55/55 53/53/53 54/54/54
f 54/54/54 56/56/56 55/55/55
f 57/57/57 55/55/55 56/56/56
f 56/56/56 58/58/58 57/57/57
f 59/59/59 57/57/57 58/58/58
f 58/58/58 60/60/60 59/59/59
f 61/61/61 59/59/59 60/60/60
f 60/60/60 62/62/62 61/61/61
f 63/63/63 61/61/61 62/62/62
f 62/62/62 64/64/64 63/63/63
f 65/65/65 63/63/63 64/64/64
f 64/64/64 66/66/66 65/65/65
f 67/67/67 65/65/65 66/66/66
f 66/66/66 68/68/68 67/67/67
f 69/69/69 67/67/67 68/68/68
f 68/68/68 70/70/70 69/69/69
f 71/71/71 69/69/69 70/70/70
f 70/70/70 72/72/72 71/71/71
f 73/73/73 71/71/71 72/72/72
f 72/72/72 74/74/74 73/73/73
f 75/75/75 73/73/73 74/74/74
f 74/74/74 76/76/76 75/75/75
f 77/77/77 75/75/75 76/76/76
f 76/76/76 78/78/78 77/77/77
f 79/79/79 77/77/77 78/78/78
f 78/78/78 80/80/80 79/79/79
f 81/81/81 79/79/79 80/80/80
f 80/80/80 82/82/82 81/81/81
f 83/83/83 81/81/81 82/82/82
f 82/82/82 84/84/84 83/83/83
f 85/85/85 83/83/83 84/84/84
f 84/84/84 86/86/86 85/85/85
f 87/87/87 85/85/85 86/86/86
f 86/86/86 88/88/88 87/87/87
f 89/89/89 87/87/87 88/88/88
f 88/88/88 90/90/90 89/89/89
f 91/91/91 89/89/89 90/90/90
f 90/90/90 92/92/92 91/91/91
f 93/93/93 91/91/91 92/92/92
f 92/92/92 94/94/94 93/93/93
f 95/95/95 93/93/93 94/94/94
f 94/94/94 96/96/96 95/95/95
f 2/2/2 95/95/95 96/96/96
f 96/96/96 3/3/3 2/2/2
f 99/99/99 98/98/98 97/97/97
f 97/97/97 100/100/100 99/99/99
f 100/100/100 97/97/97 101/101/101
f 101/101/101 102/102/102 100/100/100
f 102/102/102 101/101/101 103/103/103
f 103/103/103 104/104/104 102/102/102
f 104/104/104 103/103/103 105/105/105
f 105/105/105 106/106/106 104/104/104
f 106/106/106 105/105/105 107/107/107
f 107/107/107 108/108/108 106/106/106
f 108/108/108 107/107/107 109/109/109
f 109/109/109 110/110/110 108/108/108
f 110/110/110 109/109/109 111/111/111
f 111/111/111 112/112/112 110/110/110
f 112/112/112 111/111/111 113/113/113
f 113/113/113 114/114/114 112/112/112
f 114/114/114 113/113/113 115/115/115
f 115/115/115 116/116/116 114/114/114
f 116/116/116 115/115/115 117/117/117
f 117/117/117 118/118/118 116/116/116
f 118/118/118 117/117/117 119/119/119
f 119/119/119 120/120/120 118/118/118
f 120/120/120 119/119/119 121/121/121
f 121/121/121 122/122/122 120/120/120
f 122/122/122 121/121/121 123/123/123
f 123/123/123 124/124/124 122/122/122
f 124/124/124 123/123/123 125/125/125
f 125/125/125 126/126/126 124/124/124
f 126/126/126 125/125/125 127/127/127
f 127/127/127 128/128/128 126/126/126
f 128/128/128 127/127/127 129/129/129
f 129/129/129 130/130/130 128/128/128
f 130/130/130 129/129/129 131/131/131
f 131/131/131 132/132/132 130/130/130
f 132/132/132 131/131/131 133/133/133
f 133/133/133 134/134/134 132/132/132
f 134/134/134 133/133/133 135/135/135
f 135/135/135 136/136/136 134/134/134
f 136/136/136 135/135/135 137/137/137
f 137/137/137 138/138/138 136/136/136
f 138/138/138 137/137/137 139/139/139
f 139/139/139 140/140/140 138/138/138
f 140/140/140 139/139/139 141/141/141
f 141/141/141 142/142/142 140/140/140
f 142/142/142 141/141/141 143/143/143
f 143/143/143 144/144/144 142/142/142
f 144/144/144 143/143/143 145/145/145
f 145/145/145 146/146/146 144/144/144
f 146/146/146 145/145/145 147/147/147
f 147/147/147 148/148/148 146/146/146
f 148/148/148 147/147/147 149/149/149
f 149/149/149 150/150/150 148/148/148
f 150/150/150 149/149/149 151/151/151
f 151/151/151 152/152/152 150/150/150
f 152/152/152 151/151/151 153/153/153
f 153/153/153 154/154/154 152/152/152
f 154/154/154 153/153/153 155/155/155
f 155/155/155 156/156/156 154/154/154
f 156/156/156 155/155/155 157/157/157
f 157/157/157 158/158/158 156/156/156
f 158/158/158 157/157/157 159/159/159
f 159/159/159 160/160/160 158/158/158
f 160/160/160 159/159/159 161/161/161
f 161/161/161 162/162/162 160/160/160
f 162/162/162 161/161/161 163/163/163
f 163/163/163 164/164/164 162/162/162
f 164/164/164 163/163/163 165/165/165
f 165/165/165 166/166/166 164/164/164
f 166/166/166 165/165/165 167/167/167
f 167/167/167 168/168/168 166/166/166
f 168/168/168 167/167/167 169/169/169
f 169/169/169 170/170/170 168/168/168
f 170/170/170 169/169/169 171/171/171
f 171/171/171 172/172/172 170/170/170
f 172/172/172 171/171/171 173/173/173
f 173/173/173 174/174/174 172/172/172
f 174/174/174 173/173/173 175/175/175
f 175/175/175 176/176/176 174/174/174
f 176/176/176 175/175/175 177/177/177
f 177/177/177 178/178/178 176/176/176
f 178/178/178 177/177/177 179/179/179
f 179/179/179 180/180/180 178/178/178
f 180/180/180 179/179/179 181/181/181
f 181/181/181 182/182/182 180/180/180
f 182/182/182 181/181/181 183/183/183
f 183/183/183 184/184/184 182/182/182
f 184/184/184 183/183/183 185/185/185
f 185/185/185 186/186/186 184/184/184
f 186/186/186 185/185/185 187/187/187
f 187/187/187 188/188/188 186/186/186
f 188/188/188 187/187/187 189/189/189
f 189/189/189 190/190/190 188/188/188
f 190/190/190 189/189/189 191/191/191
f 191/191/191 192/192/192 190/190/190
f 192/192/192 191/191/191 98/98/98
f 98/98/98 99/99/99 192/192/192
f 195/195/195 194/194/194 193/193/193
f 193/193/193 196/196/196 195/195/195
f 198/198/198 197/197/197 194/194/194
f 194/194/194 195/195/195 198/198/198
f 200/200/200 199/199/199 197/197/197
f 197/197/197 198/198/198 200/200/200
f 202/202/202 201/201/201 199/199/199
f 199/199/199 200/200/200 202/202/202
f 204/204/204 203/203/203 201/201/201
f 201/201/201 202/202/202 204/204/204
f 206/206/206 205/205/205 203/203/203
f 203/203/203 204/204/204 206/206/206
f 208/208/208 207/207/207 205/205/205
f 205/205/205 206/206/206 208/208/208
f 210/210/210 209/209/209 207/207/207
f 207/207/207 208/208/208 210/210/210
f 212/212/212 211/211/211 209/209/209
f 209/209/209 210/210/210 212/212/212
f 214/214/214 213/213/213 211/211/211
f 211/211/211 212/212/212 214/214/214
f 216/216/216 215/215/215 213/213/213
f 213/213/213 214/214/214 216/216/216
f 218/218/218 217/217/217 215/215/215
f 215/215/215 216/216/216 218/218/218
f 220/220/220 219/219/219 217/217/217
f 217/217/217 218/218/218 220/220/220
f 222/222/222 221/221/221 219/219/219
f 219/219/219 220/220/220 222/222/222
f 224/224/224 223/223/223 221/221/221
f 221/221/221 222/222/222 224/224/224
f 226/226/226 225/225/225 223/223/223
f 223/223/223 224/224/224 226/226/226
f 228/228/228 227/227/227 225/225/225
f 225/225/225 226/226/226 228/228/228
f 230/230/230 229/229/229 227/227/227
f 227/227/227 228/228/228 230/230/230
f 232/232/232 231/231/231 229/229/229
f 229/229/229 230/230/230 232/232/232
f 234/234/234 233/233/233 231/231/231
f 231/231/231 232/232/232 234/234/234
f 236/236/236 235/235/235 233/233/233
f 233/233/233 234/234/234 236/236/236
f 238/238/238 237/237/237 235/235/235
f 235/235/235 236/236/236 238/238/238
f 240/240/240 239/239/239 237/237/237
f 237/237/237 238/238/238 240/240/240
f 242/242/242 241/241/241 239/239/239
f 239/239/239 240/240/240 242/242/242
f 244/244/244 243/243/243 241/241/241
f 241/241/241 242/242/242 244/244/244
f 246/246/246 245/245/245 243/243/243
f 243/243/243 244/244/244 246/246/246
f 248/248/248 247/247/247 245/245/245
f 245/245/245 246/246/246 248/248/248
f 250/250/250 249/249/249 247/247/247
f 247/247/247 248/248/248 250/250/250
f 252/252/252 251/251/251 249/249/249
f 249/249/249 250/250/250 252/252/252
f 254/254/254 253/253/253 251/251/251
f 251/251/251 252/252/252 254/254/254
f 256/256/256 255/255/255 253/253/253
f 253/253/253 254/254/254 256/256/256
f 258/258/258 257/257/257 255/255/255
f 255/255/255 256/256/256 258/258/258
f 260/260/260 259/259/259 257/257/257
f 257/257/257 258/258/258 260/260/260
f 262/262/262 261/261/261 259/259/259
f 259/259/259 260/260/260 262/262/262
f 264/264/264 263/263/263 261/261/261
f 261/261/261 262/262/262 264/264/264
f 266/266/266 265/265/265 263/263/263
f 263/263/263 264/264/264 266/266/266
f 268/268/268 267/267/267 265/265/265
f 265/265/265 266/266/266 268/268/268
f 270/270/270 269/269/269 267/267/267
f 267/267/267 268/268/268 270/270/270
f 272/272/272 271/271/271 269/269/269
f 269/269/269 270/270/270 272/272/272
f 274/274/274 273/273/273 271/271/271
f 271/271/271 272/272/272 274/274/274
f 276/276/276 275/275/275 273/273/273
f 273/273/273 274/274/274 276/276/276
f 278/278/278 277/277/277 275/275/275
f 275/275/275 276/276/276 278/278/278
f 280/280/280 279/279/279 277/277/277
f 277/277/277 278/278/278 280/280/280
f 282/282/282 281/281/281 279/279/279
f 279/279/279 280/280/280 282/282/282
f 284/284/284 283/283/283 281/281/281
f 281/281/281 282/282/282 284/284/284
f 286/286/286 285/285/285 283/283/283
f 283/283/283 284/284/284 286/286/286
f 288/288/288 287/287/287 285/285/285
f 285/285/285 286/286/286 288/288/288
f 196/196/196 193/193/193 287/287/287
f 287/287/287 288/288/288 196/196/196
f 289/289/289 290/290/290 291/291/291
f 291/291/291 292/292/292 289/289/289
f 293/293/293 289/289/289 292/292/292
f 292/292/292 294/294/294 293/293/293
f 295/295/295 293/293/293 294/294/294
f 294/294/294 296/296/296 295/295/295
f 297/297/297 295/295/295 296/296/296
f 296/296/296 298/298/298 297/297/297
f 299/299/299 297/297/297 298/298/298
f 298/298/298 300/300/300 299/299/299
f 301/301/301 299/299/299 300/300/300
f 300/300/300 302/302/302 301/301/301
f 303/303/303 301/301/301 302/302/302
f 302/302/302 304/304/304 303/303/303
f 305/305/305 303/303/303 304/304/304
f 304/304/304 306/306/306 305/305/305
f 307/307/307 305/305/305 306/306/306
f 306/306/306 308/308/308 307/307/307
f 309/309/309 307/307/307 308/308/308
f 308/308/308 310/310/310 309/309/309
f 311/311/311 309/309/309 310/310/310
f 310/310/310 312/312/312 311/311/311
f 313/313/313 311/311/311 312/312/312
f 312/312/312 314/314/314 313/313/313
f 315/315/315 313/313/313 314/314/314
f 314/314/314 316/316/316 315/315/315
f 317/317/317 315/315/315 316/316/316
f 316/316/316 318/318/318 317/317/317
f 319/319/319 317/317/317 318/318/318
f 318/318/318 320/320/320 319/319/319
f 321/321/321 319/319/319 320/320/320
f 320/320/320 322/322/322 321/321/321
f 323/323/323 321/321/321 322/322/322
f 322/322/322 324/324/324 323/323/323
f 325/325/325 323/323/323 324/324/324
f 324/324/324 326/326/326 325/325/325
f 327/327/327 325/325/325 326/326/326
f 326/326/326 328/328/328 327/327/327
f 329/329/329 327/327/327 328/328/328
f 328/328/328 330/330/330 329/329/329
f 331/331/331 329/329/329 330/330/330
f 330/330/330 332/332/332 331/331/331
f 333/333/333 331/331/331 332/332/332
f 332/332/332 334/334/334 333/333/333
f 335/335/335 333/333/333 334/334/334
f 334/334/334 336/336/336 335/335/335
f 337/337/337 335/335/335 336/336/336
f 336/336/336 338/338/338 337/337/337
f 339/339/339 337/337/337 338/338/338
f 338/338/338 340/340/340 339/339/339
f 341/341/341 339/339/339 340/340/340
f 340/340/340 342/342/342 341/341/341
f 343/343/343 341/341/341 342/342/342
f 342/342/342 344/344/344 343/343/343
f 345/345/345 343/343/343 344/344/344
f 344/344/344 346/346/346 345/345/345
f 347/347/347 345/345/345 346/346/346
f 346/346/346 348/348/348 347/347/347
f 349/349/349 347/347/347 348/348/348
f 348/348/348 350/350/350 349/349/349
f 351/351/351 349/349/349 350/350/350
f 350/350/350 352/352/352 351/351/351
f 353/353/353 351/351/351 352/352/352
f 352/352/352 354/354/354 353/353/353
f 355/355/355 353/353/353 354/354/354
f 354/354/354 356/356/356 355/355/355
f 357/357/357 355/355/355 356/356/356
f 356/356/356 358/358/358 357/357/357
f 359/359/359 357/357/357 358/358/358
f 358/358/358 360/360/360 359/359/359
f 361/361/361 359/359/359 360/360/360
f 360/360/360 362/362/362 361/361/361
f 363/363/363 361/361/361 362/362/362
f 362/362/362 364/364/364 363/363/363
f 365/365/365 363/363/363 364/364/364
f 364/364/364 366/366/366 365/365/365
f 367/367/367 365/365/365 366/366/366
f 366/366/366 368/368/368 367/367/367
f 369/369/369 367/367/367 368/368/368
f 368/368/368 370/370/370 369/369/369
f 371/371/371 369/369/369 370/370/370
f 370/370/370 372/372/372 371/371/371
f 373/373/373 371/371/371 372/372/372
f 372/372/372 374/374/374 373/373/373
f 375/375/375 373/373/373 374/374/374
f 374/374/374 376/376/376 375/375/375
f 377/377/377 375/375/375 376/376/376
f 376/376/376 378/378/378 377/377/377
f 379/379/379 377/377/377 378/378/378
f 378/378/378 380/380/380 379/379/379
f 381/381/381 379/379/379 380/380/380
f 380/380/380 382/382/382 381/381/381
f 383/383/383 381/381/381 382/382/382
f 382/382/382 384/384/384 383/383/383
f 290/290/290 383/383/383 384/384/384
f 384/384/384 291/291/291 290/290/290
f 387/387/387 386/386/386 385/385/385
f 385/385/385 388/388/388 387/387/387
f 390/390/390 389/389/389 386/386/386
f 386/386/386 387/387/387 390/390/390
f 392/392/392 391/391/391 389/389/389
f 389/389/389 390/390/390 392/392/392
f 394/394/394 393/393/393 391/391/391
f 391/391/391 392/392/392 394/394/394
f 396/396/396 395/395/395 393/393/393
f 393/393/393 394/394/394 396/396/396
f 398/398/398 397/397/397 395/395/395
f 395/395/395 396/396/396 398/398/398
f 400/400/400 399/399/399 397/397/397
f 397/397/397 398/398/398 400/400/400
f 402/402/402 401/401/401 399/399/399
f 399/399/399 400/400/400 402/402/402
f 404/404/404 403/403/403 401/401/401
f 401/401/401 402/402/402 404/404/404
f 406/406/406 405/405/405 403/403/403
f 403/403/403 404/404/404 406/406/406
f 408/408/408 407/407/407 405/405/405
f 405/405/405 406/406/406 408/408/408
f 410/410/410 409/409/409 407/407/407
f 407/407/407 408/408/408 410/410/410
f 412/412/412 411/411/411 409/409/409
f 409/409/409 410/410/410 412/412/412
f 414/414/414 413/413/413 411/411/411
f 411/411/411 412/412/412 414/414/414
f 416/416/416 415/415/415 413/413/413
f 413/413/413 414/414/414 416/416/416
f 418/418/418 417/417/417 415/415/415
f 415/415/415 416/416/416 418/418/418
f 420/420/420 419/419/419 417/417/417
f 417/417/417 418/418/418 420/420/420
f 422/422/422 421/421/421 419/419/419
f 419/419/419 420/420/420 422/422/422
f 424/424/424 423/423/423 421/421/421
f 421/421/421 422/422/422 424/424/424
f 426/426/426 425/425/425 423/423/423
f 423/423/423 424/424/424 426/426/426
f 428/428/428 427/427/427 425/425/425
f 425/425/425 426/426/426 428/428/428
f 430/430/430 429/429/429 427/427/427
f 427/427/427 428/428/428 430/430/430
f 432/432/432 431/431/431 429/429/429
f 429/429/429 430/430/430 432/432/432
f 434/434/434 433/433/433 431/431/431
f 431/431/431 432/432/432 434/434/434
f 436/436/436 435/435/435 433/433/433
f 433/433/433 434/434/434 436/436/436
f 438/438/438 437/437/437 435/435/435
f 435/435/435 436/436/436 438/438/438
f 440/440/440 439/439/439 437/437/437
f 437/437/437 438/438/438 440/440/440
f 442/442/442 441/441/441 439/439/439
f 439/439/439 440/440/440 442/442/442
f 444/444/444 443/443/443 441/441/441
f 441/441/441 442/442/442 444/444/444
f 446/446/446 445/445/445 443/443/443
f 443/443/443 444/444/444 446/446/446
f 448/448/448 447/447/447 445/445/445
f 445/445/445 446/446/446 448/448/448
f 450/450/450 449/449/449 447/447/447
f 447/447/447 448/448/448 450/450/450
f 452/452/452 451/451/451 449/449/449
f 449/449/449 450/450/450 452/452/452
f 454/454/454 453/453/453 451/451/451
f 451/451/451 452/452/452 454/454/454
f 456/456/456 455/455/455 453/453/453
f 453/453/453 454/454/454 456/456/456
f 458/458/458 457/457/457 455/455/455
f 455/455/455 456/456/456 458/458/458
f 460/460/460 459/459/459 457/457/457
f 457/457/457 458/458/458 460/460/460
f 462/462/462 461/461/461 459/459/459
f 459/459/459 460/460/460 462/462/462
f 464/464/464 463/463/463 461/461/461
f 461/461/461 462/462/462 464/464/464
f 466/466/466 465/465/465 463/463/463
f 463/463/463 464/464/464 466/466/466
f 468/468/468 467/467/467 465/465/465
f 465/465/465 466/466/466 468/468/468
f 470/470/470 469/469/469 467/467/467
f 467/467/467 468/468/468 470/470/470
f 472/472/472 471/471/471 469/469/469
f 469/469/469 470/470/470 472/472/472
f 474/474/474 473/473/473 471/471/471
f 471/471/471 472/472/472 474/474/474
f 476/476/476 475/475/475 473/473/473
f 473/473/473 474/474/474 476/476/476
f 478/478/478 477/477/477 475/475/475
f 475/475/475 476/476/476 478/478/478
f 480/480/480 479/479/479 477/477/477
f 477/477/477 478/478/478 480/480/480
f 388/388/388 385/385/385 479/479/479
f 479/479/479 480/480/480 388/388/388
f 481/481/481 482/482/482 483/483/483
f 483/483/483 484/484/484 481/481/481
f 482/482/482 485/485/485 486/486/486
f 486/486/486 483/483/483 482/482/482
f 485/485/485 487/487/487 488/488/488
f 488/488/488 486/486/486 485/485/485
f 487/487/487 489/489/489 490/490/490
f 490/490/490 488/488/488 487/487/487
f 489/489/489 491/491/491 492/492/492
f 492/492/492 490/490/490 489/489/489
f 491/491/491 493/493/493 494/494/494
f 494/494/494 492/492/492 491/491/491
f 493/493/493 495/495/495 496/496/496
f 496/496/496 494/494/494 493/493/493
f 495/495/495 497/497/497 498/498/498
f 498/498/498 496/496/496 495/495/495
f 497/497/497 499/499/499 500/500/500
f 500/500/500 498/498/498 497/497/497
f 499/499/499 501/501/501 502/502/502
f 502/502/502 500/500/500 499/499/499
f 501/501/501 503/503/503 504/504/504
f 504/504/504 502/502/502 501/501/501
f 503/503/503 505/505/505 506/506/506
f 506/506/506 504/504/504 503/503/503
f 505/505/505 507/507/507 508/508/508
f 508/508/508 506/506/506 505/505/505
f 507/507/507 509/509/509 510/510/510
f 510/510/510 508/508/508 507/507/507
f 509/509/509 511/511/511 512/512/512
f 512/512/512 510/510/510 509/509/509
f 511/511/511 513/513/513 514/514/514
f 514/514/514 512/512/512 511/511/511
f 513/513/513 515/515/515 516/516/516
f 516/516/516 514/514/514 513/513/513
f 515/515/515 517/517/517 518/518/518
f 518/518/518 516/516/516 515/515/515
f 517/517/517 519/519/519 520/520/520
f 520/520/520 518/518/518 517/517/517
f 519/519/519 521/521/521 522/522/522
f 522/522/522 520/520/520 519/519/519
f 521/521/521 523/523/523 524/524/524
f 524/524/524 522/522/522 521/521/521
f 523/523/523 525/525/525 526/526/526
f 526/526/526 524/524/524 523/523/523
f 525/525/525 527/527/527 528/528/528
f 528/528/528 526/526/526 525/525/525
f 527/527/527 529/529/529 530/530/530
f 530/530/530 528/528/528 527/527/527
f 529/529/529 531/531/531 532/532/532
f 532/532/532 530/530/530 529/529/529
f 531/531/531 533/533/533 534/534/534
f 534/534/534 532/532/532 531/531/531
f 533/533/533 535/535/535 536/536/536
f 536/536/536 534/534/534 533/533/533
f 535/535/535 537/537/537 538/538/538
f 538/538/538 536/536/536 535/535/535
f 537/537/537 539/539/539 540/540/540
f 540/540/540 538/538/538 537/537/537
f 539/539/539 541/541/541 542/542/542
f 542/542/542 540/540/540 539/539/539
f 541/541/541 543/543/543 544/544/544
f 544/544/544 542/542/542 541/541/541
f 543/543/543 545/545/545 546/546/546
f 546/546/546 544/544/544 543/543/543
f 545/545/545 547/547/547 548/548/548
f 548/548/548 546/546/546 545/545/545
f 547/547/547 549/549/549 550/550/550
f 550/550/550 548/548/548 547/547/547
f 549/549/549 551/551/551 552/552/552
f 552/552/552 550/550/550 549/549/549
f 551/551/551 553/553/553 554/554/554
f 554/554/554 552/552/552 551/551/551
f 553/553/553 555/555/555 556/556/556
f 556/556/556 554/554/554 553/553/553
f 555/555/555 557/557/557 558/558/558
f 558/558/558 556/556/556 555/555/555
f 557/557/557 559/559/559 560/560/560
f 560/560/560 558/558/558 557/557/557
f 559/559/559 561/561/561 562/562/562
f 562/562/562 560/560/560 559/559/559
f 561/561/561 563/563/563 564/564/564
f 564/564/564 562/562/562 561/561/561
f 563/563/563 565/565/565 566/566/566
f 566/566/566 564/564/564 563/563/563
f 565/565/565 567/567/567 568/568/568
f 568/568/568 566/566/566 565/565/565
f 567/567/567 569/569/569 570/570/570
f 570/570/570 568/568/568 567/567/567
f 569/569/569 571/571/571 572/572/572
f 572/572/572 570/570/570 569/569/569
f 571/571/571 573/573/573 574/574/574
f 574/574/574 572/572/572 571/571/571
f 573/573/573 575/575/575 576/576/576
f 576/576/576 574/574/574 573/573/573
f 575/575/575 481/481/481 484/484/484
f 484/484/484 576/576/576 575/575/575
f 484/484/484 483/483/483 577/577/577
f 577/577/577 578/578/578 484/484/484
f 483/483/483 486/486/486 579/579/579
f 579/579/579 577/577/577 483/483/483
f 486/486/486 488/488/488 580/580/580
f 580/580/580 579/579/579 486/486/486
f 488/488/488 490/490/490 581/581/581
f 581/581/581 580/580/580 488/488/488
f 490/490/490 492/492/492 582/582/582
f 582/582/582 581/581/581 490/490/490
f 492/492/492 494/494/494 583/583/583
f 583/583/583 582/582/582 492/492/492
f 494/494/494 496/496/496 584/584/584
f 584/584/584 583/583/583 494/494/494
f 496/496/496 498/498/498 585/585/585
f 585/585/585 584/584/584 496/496/496
f 498/498/498 500/500/500 586/586/586
f 586/586/586 585/585/585 498/498/498
f 500/500/500 502/502/502 587/587/587
f 587/587/587 586/586/586 500/500/500
f 502/502/502 504/504/504 588/588/588
f 588/588/588 587/587/587 502/502/502
f 504/504/504 506/506/506 589/589/589
f 589/589/589 588/588/588 504/504/504
f 506/506/506 508/508/508 590/590/590
f 590/590/590 589/589/589 506/506/506
f 508/508/508 510/510/510 591/591/591
f 591/591/591 590/590/590 508/508/508
f 510/510/510 512/512/512 592/592/592
f 592/592/592 591/591/591 510/510/510
f 512/512/512 514/514/514 593/593/593
f 593/593/593 592/592/592 512/512/512
f 514/514/514 516/516/516 594/594/594
f 594/594/594 593/593/593 514/514/514
f 516/516/516 518/518/518 595/595/595
f 595/595/595 594/594/594 516/516/516
f 518/518/518 520/520/520 596/596/596
f 596/596/596 595/595/595 518/518/518
f 520/520/520 522/522/522 597/597/597
f 597/597/597 596/596/596 520/520/520
f 522/522/522 524/524/524 598/598/598
f 598/598/598 597/597/597 522/522/522
f 524/524/524 526/526/526 599/599/599
f 599/599/599 598/598/598 524/524/524
f 526/526/526 528/528/528 600/600/600
f 600/600/600 599/599/599 526/526/526
f 528/528/528 530/530/530 601/601/601
f 601/601/601 600/600/600 528/528/528
f 530/530/530 532/532/532 602/602/602
f 602/602/602 601/601/601 530/530/530
f 532/532/532 534/534/534 603/603/603
f 603/603/603 602/602/602 532/532/532
f 534/534/534 536/536/536 604/604/604
f 604/604/604 603/603/603 534/534/534
f 536/536/536 538/538/538 605/605/605
f 605/605/605 604/604/604 536/536/536
f 538/538/538 540/540/540 606/606/606
f 606/606/606 605/605/605 538/538/538
f 540/540/540 542/542/542 607/607/607
f 607/607/607 606/606/606 540/540/540
f 542/542/542 544/544/544 608/608/608
f 608/608/608 607/607/607 542/542/542
f 544/544/544 546/546/546 609/609/609
f 609/609/609 608/608/608 544/544/544
f 546/546/546 548/548/548 610/610/610
f 610/610/610 609/609/609 546/546/546
f 548/548/548 550/550/550 611/611/611
f 611/611/611 610/610/610 548/548/548
f 550/550/550 552/552/552 612/612/612
f 612/612/612 611/611/611 550/550/550
f 552/552/552 554/554/554 613/613/613
f 613/613/613 612/612/612 552/552/552
f 554/554/554 556/556/556 614/614/614
f 614/614/614 613/613/613 554/554/554
f 556/556/556 558/558/558 615/615/615
f 615/615/615 614/614/614 556/556/556
f 558/558/558 560/560/560 616/616/616
f 616/616/616 615/615/615 558/558/558
f 560/560/560 562/562/562 617/617/617
f 617/617/617 616/616/616 560/560/560
f 562/562/562 564/564/564 618/618/618
f 618/618/618 617/617/617 562/562/562
f 564/564/564 566/566/566 619/619/619
f 619/619/619 618/618/618 564/564/564
f 566/566/566 568/568/568 620/620/620
f 620/620/620 619/619/619 566/566/566
f 568/568/568 570/570/570 621/621/621
f 621/621/621 620/620/620 568/568/568
f 570/570/570 572/572/572 622/622/622
f 622/622/622 621/621/621 570/570/570
f 572/572/572 574/574/574 623/623/623
f 623/623/623 622/622/622 572/572/572
f 574/574/574 576/576/576 624/624/624
f 624/624/624 623/623/623 574/574/574
f 576/576/576 484/484/484 578/578/578
f 578/578/578 624/624/624 576/576/576
f 98/98/98 626/626/626 625/625/625
f 625/625/625 97/97/97 98/98/98
f 97/97/97 625/625/625 627/627/627
f 627/627/627 101/101/101 97/97/97
f 101/101/101 627/627/627 628/628/628
f 628/628/628 103/103/103 101/101/101
f 103/103/103 628/628/628 629/629/629
f 629/629/629 105/105/105 103/103/103
f 105/105/105 629/629/629 630/630/630
f 630/630/630 107/107/107 105/105/105
f 107/107/107 630/630/630 631/631/631
f 631/631/631 109/109/109 107/107/107
f 109/109/109 631/631/631 632/632/632
f 632/632/632 111/111/111 109/109/109
f 111/111/111 632/632/632 633/633/633
f 633/633/633 113/113/113 111/111/111
f 113/113/113 633/633/633 634/634/634
f 634/634/634 115/115/115 113/113/113
f 115/115/115 634/634/634 635/635/635
f 635/635/635 117/117/117 115/115/115
f 117/117/117 635/635/635 636/636/636
f 636/636/636 119/119/119 117/117/117
f 119/119/119 636/636/636 637/637/637
f 637/637/637 121/121/121 119/119/119
f 121/121/121 637/637/637 638/638/638
f 638/638/638 123/123/123 121/121/121
f 123/123/123 638/638/638 639/639/639
f 639/639/639 125/125/125 123/123/123
f 125/125/125 639/639/639 640/640/640
f 640/640/640 127/127/127 125/125/125
f 127/127/127 640/640/640 641/641/641
f 641/641/641 129/129/129 127/127/127
f 129/129/129 641/641/641 642/642/642
f 642/642/642 131/131/131 129/129/129
f 131/131/131 642/642/642 643/643/643
f 643/643/643 133/133/133 131/131/131
f 133/133/133 643/643/643 644/644/644
f 644/644/644 135/135/135 133/133/133
f 135/135/135 644/644/644 645/645/645
f 645/645/645 137/137/137 135/135/135
f 137/137/137 645/645/645 646/646/646
f 646/646/646 139/139/139 137/137/137
f 139/139/139 646/646/646 647/647/647
f 647/647/647 141/141/141 139/139/139
f 141/141/141 647/647/647 648/648/648
f 648/648/648 143/143/143 141/141/141
f 143/143/143 648/648/648 649/649/649
f 649/649/649 145/145/145 143/143/143
f 145/145/145 649/649/649 650/650/650
f 650/650/650 147/147/147 145/145/145
f 147/147/147 650/650/650 651/651/651
f 651/651/651 149/149/149 147/147/147
f 149/149/149 651/651/651 652/652/652
f 652/652/652 151/151/151 149/149/149
f 151/151/151 652/652/652 653/653/653
f 653/653/653 153/153/153 151/151/151
f 153/153/153 653/653/653 654/654/654
f 654/654/654 155/155/155 153/153/153
f 155/155/155 654/654/654 655/655/655
f 655/655/655 157/157/157 155/155/155
f 157/157/157 655/655/655 656/656/656
f 656/656/656 159/159/159 157/157/157
f 159/159/159 656/656/656 657/657/657
f 657/657/657 161/161/161 159/159/159
f 161/161/161 657/657/657 658/658/658
f 658/658/658 163/163/163 161/161/161
f 163/163/163 658/658/658 659/659/659
f 659/659/659 165/165/165 163/163/163
f 165/165/165 659/659/659 660/660/660
f 660/660/660 167/167/167 165/165/165
f 167/167/167 660/660/660 661/661/661
f 661/661/661 169/169/169 167/167/167
f 169/169/169 661/661/661 662/662/662
f 662/662/662 171/171/171 169/169/169
f 171/171/171 662/662/662 663/663/663
f 663/663/663 173/173/173 171/171/171
f 173/173/173 663/663/663 664/664/664
f 664/664/664 175/175/175 173/173/173
f 175/175/175 664/664/664 665/665/665
f 665/665/665 177/177/177 175/175/175
f 177/177/177 665/665/665 666/666/666
f 666/666/666 179/179/179 177/177/177
f 179/179/179 666/666/666 667/667/667
f 667/667/667 181/181/181 179/179/179
f 181/181/181 667/667/667 668/668/668
f 668/668/668 183/183/183 181/181/181
f 183/183/183 668/668/668 669/669/669
f 669/669/669 185/185/185 183/183/183
f 185/185/185 669/669/669 670/670/670
f 670/670/670 187/187/187 185/185/185
f 187/187/187 670/670/670 671/671/671
f 671/671/671 189/189/189 187/187/187
f 189/189/189 671/671/671 672/672/672
f 672/672/672 191/191/191 189/189/189
f 191/191/191 672/672/672 626/626/626
f 626/626/626 98/98/98 191/191/191
f 673/673/673 674/674/674 675/675/675
f 675/675/675 676/676/676 673/673/673
f 677/677/677 673/673/673 676/676/676
f 676/676/676 678/678/678 677/677/677
f 679/679/679 677/677/677 678/678/678
f 678/678/678 680/680/680 679/679/679
f 681/681/681 679/679/679 680/680/680
f 680/680/680 682/682/682 681/681/681
f 683/683/683 681/681/681 682/682/682
f 682/682/682 684/684/684 683/683/683
f 685/685/685 683/683/683 684/684/684
f 684/684/684 686/686/686 685/685/685
f 687/687/687 685/685/685 686/686/686
f 686/686/686 688/688/688 687/687/687
f 689/689/689 687/687/687 688/688/688
f 688/688/688 690/690/690 689/689/689
f 691/691/691 689/689/689 690/690/690
f 690/690/690 692/692/692 691/691/691
f 693/693/693 691/691/691 692/692/692
f 692/692/692 694/694/694 693/693/693
f 695/695/695 693/693/693 694/694/694
f 694/694/694 696/696/696 695/695/695
f 697/697/697 695/695/695 696/696/696
f 696/696/696 698/698/698 697/697/697
f 699/699/699 697/697/697 698/698/698
f 698/698/698 700/700/700 699/699/699
f 701/701/701 699/699/699 700/700/700
f 700/700/700 702/702/702 701/701/701
f 703/703/703 701/701/701 702/702/702
f 702/702/702 704/704/704 703/703/703
f 705/705/705 703/703/703 704/704/704
f 704/704/704 706/706/706 705/705/705
f 707/707/707 705/705/705 706/706/706
f 706/706/706 708/708/708 707/707/707
f 709/709/709 707/707/707 708/708/708
f 708/708/708 710/710/710 709/709/709
f 711/711/711 709/709/709 710/710/710
f 710/710/710 712/712/712 711/711/711
f 713/713/713 711/711/711 712/712/712
f 712/712/712 714/714/714 713/713/713
f 715/715/715 713/713/713 714/714/714
f 714/714/714 716/716/716 715/715/715
f 717/717/717 715/715/715 716/716/716
f 716/716/716 718/718/718 717/717/717
f 719/719/719 717/717/717 718/718/718
f 718/718/718 720/720/720 719/719/719
f 721/721/721 719/719/719 720/720/720
f 720/720/720 722/722/722 721/721/721
f 723/723/723 721/721/721 722/722/722
f 722/722/722 724/724/724 723/723/723
f 725/725/725 723/723/723 724/724/724
f 724/724/724 726/726/726 725/725/725
f 727/727/727 725/725/725 726/726/726
f 726/726/726 728/728/728 727/727/727
f 729/729/729 727/727/727 728/728/728
f 728/728/728 730/730/730 729/729/729
f 731/731/731 729/729/729 730/730/730
f 730/730/730 732/732/732 731/731/731
f 733/733/733 731/731/731 732/732/732
f 732/732/732 734/734/734 733/733/733
f 735/735/735 733/733/733 734/734/734
f 734/734/734 736/736/736 735/735/735
f 737/737/737 735/735/735 736/736/736
f 736/736/736 738/738/738 737/737/737
f 739/739/739 737/737/737 738/738/738
f 738/738/738 740/740/740 739/739/739
f 741/741/741 739/739/739 740/740/740
f 740/740/740 742/742/742 741/741/741
f 743/743/743 741/741/741 742/742/742
f 742/742/742 744/744/744 743/743/743
f 745/745/745 743/743/743 744/744/744
f 744/744/744 746/746/746 745/745/745
f 747/747/747 745/745/745 746/746/746
f 746/746/746 748/748/748 747/747/747
f 749/749/749 747/747/747 748/748/748
f 748/748/748 750/750/750 749/749/749
f 751/751/751 749/749/749 750/750/750
f 750/750/750 752/752/752 751/751/751
f 753/753/753 751/751/751 752/752/752
f 752/752/752 754/754/754 753/753/753
f 755/755/755 753/753/753 754/754/754
f 754/754/754 756/756/756 755/755/755
f 757/757/757 755/755/755 756/756/756
f 756/756/756 758/758/758 757/757/757
f 759/759/759 757/757/757 758/758/758
f 758/758/758 760/760/760 759/759/759
f 761/761/761 759/759/759 760/760/760
f 760/760/760 762/762/762 761/761/761
f 763/763/763 761/761/761 762/762/762
f 762/762/762 764/764/764 763/763/763
f 765/765/765 763/763/763 764/764/764
f 764/764/764 766/766/766 765/765/765
f 767/767/767 765/765/765 766/766/766
f 766/766/766 768/768/768 767/767/767
f 674/674/674 767/767/767 768/768/768
f 768/768/768 675/675/675 674/674/674
f 771/771/771 770/770/770 769/769/769
f 769/769/769 772/772/772 771/771/771
f 772/772/772 769/769/769 773/773/773
f 773/773/773 774/774/774 772/772/772
f 774/774/774 773/773/773 775/775/775
f 775/775/775 776/776/776 774/774/774
f 776/776/776 775/775/775 777/777/777
f 777/777/777 778/778/778 776/776/776
f 778/778/778 777/777/777 779/779/779
f 779/779/779 780/780/780 778/778/778
f 780/780/780 779/779/779 781/781/781
f 781/781/781 782/782/782 780/780/780
f 782/782/782 781/781/781 783/783/783
f 783/783/783 784/784/784 782/782/782
f 784/784/784 783/783/783 785/785/785
f 785/785/785 786/786/786 784/784/784
f 786/786/786 785/785/785 787/787/787
f 787/787/787 788/788/788 786/786/786
f 788/788/788 787/787/787 789/789/789
f 789/789/789 790/790/790 788/788/788
f 790/790/790 789/789/789 791/791/791
f 791/791/791 792/792/792 790/790/790
f 792/792/792 791/791/791 793/793/793
f 793/793/793 794/794/794 792/792/792
f 794/794/794 793/793/793 795/795/795
f 795/795/795 796/796/796 794/794/794
f 796/796/796 795/795/795 797/797/797
f 797/797/797 798/798/798 796/796/796
f 798/798/798 797/797/797 799/799/799
f 799/799/799 800/800/800 798/798/798
f 800/800/800 799/799/799 801/801/801
f 801/801/801 802/802/802 800/800/800
f 802/802/802 801/801/801 803/803/803
f 803/803/803 804/804/804 802/802/802
f 804/804/804 803/803/803 805/805/805
f 805/805/805 806/806/806 804/804/804
f 806/806/806 805/805/805 807/807/807
f 807/807/807 808/808/808 806/806/806
f 808/808/808 807/807/807 809/809/809
f 809/809/809 810/810/810 808/808/808
f 810/810/810 809/809/809 811/811/811
f 811/811/811 812/812/812 810/810/810
f 812/812/812 811/811/811 813/813/813
f 813/813/813 814/814/814 812/812/812
f 814/814/814 813/813/813 815/815/815
f 815/815/815 816/816/816 814/814/814
f 816/816/816 815/815/815 817/817/817
f 817/817/817 818/818/818 816/816/816
f 818/818/818 817/817/817 819/819/819
f 819/819/819 820/820/820 818/818/818
f 820/820/820 819/819/819 821/821/821
f 821/821/821 822/822/822 820/820/820
f 822/822/822 821/821/821 823/823/823
f 823/823/823 824/824/824 822/822/822
f 824/824/824 823/823/823 825/825/825
f 825/825/825 826/826/826 824/824/824
f 826/826/826 825/825/825 827/827/827
f 827/827/827 828/828/828 826/826/826
f 828/828/828 827/827/827 829/829/829
f 829/829/829 830/830/830 828/828/828
f 830/830/830 829/829/829 831/831/831
f 831/831/831 832/832/832 830/830/830
f 832/832/832 831/831/831 833/833/833
f 833/833/833 834/834/834 832/832/832
f 834/834/834 833/833/833 835/835/835
f 835/835/835 836/836/836 834/834/834
f 836/836/836 835/835/835 837/837/837
f 837/837/837 838/838/838 836/836/836
f 838/838/838 837/837/837 839/839/839
f 839/839/839 840/840/840 838/838/838
f 840/840/840 839/839/839 841/841/841
f 841/841/841 842/842/842 840/840/840
f 842/842/842 841/841/841 843/843/843
f 843/843/843 844/844/844 842/842/842
f 844/844/844 843/843/843 845/845/845
f 845/845/845 846/846/846 844/844/844
f 846/846/846 845/845/845 847/847/847
f 847/847/847 848/848/848 846/846/846
f 848/848/848 847/847/847 849/849/849
f 849/849/849 850/850/850 848/848/848
f 850/850/850 849/849/849 851/851/851
f 851/851/851 852/852/852 850/850/850
f 852/852/852 851/851/851 853/853/853
f 853/853/853 854/854/854 852/852/852
f 854/854/854 853/853/853 855/855/855
f 855/855/855 856/856/856 854/854/854
f 856/856/856 855/855/855 857/857/857
f 857/857/857 858/858/858 856/856/856
f 858/858/858 857/857/857 859/859/859
f 859/859/859 860/860/860 858/858/858
f 860/860/860 859/859/859 861/861/861
f 861/861/861 862/862/862 860/860/860
f 862/862/862 861/861/861 863/863/863
f 863/863/863 864/864/864 862/862/862
f 864/864/864 863/863/863 770/770/770
f 770/770/770 771/771/771 864/864/864
f 867/867/867 866/866/866 865/865/865
f 865/865/865 868/868/868 867/867/867
f 870/870/870 869/869/869 866/866/866
f 866/866/866 867/867/867 870/870/870
f 872/872/872 871/871/871 869/869/869
f 869/869/869 870/870/870 872/872/872
f 874/874/874 873/873/873 871/871/871
f 871/871/871 872/872/872 874/874/874
f 876/876/876 875/875/875 873/873/873
f 873/873/873 874/874/874 876/876/876
f 878/878/878 877/877/877 875/875/875
f 875/875/875 876/876/876 878/878/878
f 880/880/880 879/879/879 877/877/877
f 877/877/877 878/878/878 880/880/880
f 882/882/882 881/881/881 879/879/879
f 879/879/879 880/880/880 882/882/882
f 884/884/884 883/883/883 881/881/881
f 881/881/881 882/882/882 884/884/884
f 886/886/886 885/885/885 883/883/883
f 883/883/883 884/884/884 886/886/886
f 888/888/888 887/887/887 885/885/885
f 885/885/885 886/886/886 888/888/888
f 890/890/890 889/889/889 887/887/887
f 887/887/887 888/888/888 890/890/890
f 892/892/892 891/891/891 889/889/889
f 889/889/889 890/890/890 892/892/892
f 894/894/894 893/893/893 891/891/891
f 891/891/891 892/892/892 894/894/894
f 896/896/896 895/895/895 893/893/893
f 893/893/893 894/894/894 896/896/896
f 898/898/898 897/897/897 895/895/895
f 895/895/895 896/896/896 898/898/898
f 900/900/900 899/899/899 897/897/897
f 897/897/897 898/898/898 900/900/900
f 902/902/902 901/901/901 899/899/899
f 899/899/899 900/900/900 902/902/902
f 904/904/904 903/903/903 901/901/901
f 901/901/901 902/902/902 904/904/904
f 906/906/906 905/905/905 903/903/903
f 903/903/903 904/904/904 906/906/906
f 908/908/908 907/907/907 905/905/905
f 905/905/905 906/906/906 908/908/908
f 910/910/910 909/909/909 907/907/907
f 907/907/907 908/908/908 910/910/910
f 912/912/912 911/911/911 909/909/909
f 909/909/909 910/910/910 912/912/912
f 914/914/914 913/913/913 911/911/911
f 911/911/911 912/912/912 914/914/914
f 916/916/916 915/915/915 913/913/913
f 913/913/913 914/914/914 916/916/916
f 918/918/918 917/917/917 915/915/915
f 915/915/915 916/916/916 918/918/918
f 920/920/920 919/919/919 917/917/917
f 917/917/917 918/918/918 920/920/920
f 922/922/922 921/921/921 919/919/919
f 919/919/919 920/920/920 922/922/922
f 924/924/924 923/923/923 921/921/921
f 921/921/921 922/922/922 924/924/924
f 926/926/926 925/925/925 923/923/923
f 923/923/923 924/924/924 926/926/926
f 928/928/928 927/927/927 925/925/925
f 925/925/925 926/926/926 928/928/928
f 930/930/930 929/929/929 927/927/927
f 927/927/927 928/928/928 930/930/930
f 932/932/932 931/931/931 929/929/929
f 929/929/929 930/930/930 932/932/932
f 934/934/934 933/933/933 931/931/931
f 931/931/931 932/932/932 934/934/934
f 936/936/936 935/935/935 933/933/933
f 933/933/933 934/934/934 936/936/936
f 938/938/938 937/937/937 935/935/935
f 935/935/935 936/936/936 938/938/938
f 940/940/940 939/939/939 937/937/937
f 937/937/937 938/938/938 940/940/940
f 942/942/942 941/941/941 939/939/939
f 939/939/939 940/940/940 942/942/942
f 944/944/944 943/943/943 941/941/941
f 941/941/941 942/942/942 944/944/944
f 946/946/946 945/945/945 943/943/943
f 943/943/943 944/944/944 946/946/946
f 948/948/948 947/947/947 945/945/945
f 945/945/945 946/946/946 948/948/948
f 950/950/950 949/949/949 947/947/947
f 947/947/947 948/948/948 950/950/950
f 952/952/952 951/951/951 949/949/949
f 949/949/949 950/950/950 952/952/952
f 954/954/954 953/953/953 951/951/951
f 951/951/951 952/952/952 954/954/954
f 956/956/956 955/955/955 953/953/953
f 953/953/953 954/954/954 956/956/956
f 958/958/958 957/957/957 955/955/955
f 955/955/955 956/956/956 958/958/958
f 960/960/960 959/959/959 957/957/957
f 957/957/957 958/958/958 960/960/960
f 868/868/868 865/865/865 959/959/959
f 959/959/959 960/960/960 868/868/868
f 963/963/963 962/962/962 961/961/961
f 962/962/962 963/963/963 964/964/964
f 966/966/966 964/964/964 965/965/965
f 964/964/964 963/963/963 967/967/967
f 967/967/967 968/968/968 964/964/964
f 970/970/970 963/963/963 969/969/969
f 973/973/973 972/972/972 971/971/971
f 971/971/971 974/974/974 973/973/973
f 977/977/977 976/976/976 975/975/975
f 975/975/975 978/978/978 977/977/977
f 963/963/963 961/961/961 979/979/979
f 979/979/979 969/969/969 963/963/963
f 961/961/961 962/962/962 980/980/980
f 981/981/981 961/961/961 980/980/980
f 982/982/982 961/961/961 981/981/981
f 984/984/984 983/983/983 982/982/982
f 984/984/984 985/985/985 983/983/983
f 984/984/984 987/987/987 986/986/986
f 986/986/986 988/988/988 984/984/984
f 989/989/989 982/982/982 981/981/981
f 992/992/992 991/991/991 990/990/990
f 991/991/991 992/992/992 989/989/989
f 994/994/994 986/986/986 993/993/993
f 988/988/988 986/986/986 994/994/994
f 981/981/981 991/991/991 989/989/989
f 992/992/992 990/990/990 995/995/995
f 992/992/992 995/995/995 996/996/996
f 993/993/993 998/998/998 997/997/997
f 997/997/997 994/994/994 993/993/993
f 997/997/997 998/998/998 999/999/999
f 998/998/998 1000/1000/1000 999/999/999
f 1001/1001/1001 996/996/996 995/995/995
f 995/995/995 1002/1002/1002 1001/1001/1001
f 1005/1005/1005 1004/1004/1004 1003/1003/1003
f 1003/1003/1003 1006/1006/1006 1005/1005/1005
f 1004/1004/1004 1008/1008/1008 1007/1007/1007
f 1007/1007/1007 1003/1003/1003 1004/1004/1004
f 1008/1008/1008 1009/1009/1009 1007/1007/1007
f 1008/1008/1008 1011/1011/1011 1010/1010/1010
f 1010/1010/1010 1009/1009/1009 1008/1008/1008
f 1011/1011/1011 1012/1012/1012 1010/1010/1010
f 1015/1015/1015 1014/1014/1014 1013/1013/1013
f 1013/1013/1013 1016/1016/1016 1015/1015/1015
f 1019/1019/1019 1018/1018/1018 1017/1017/1017
f 1017/1017/1017 1016/1016/1016 1019/1019/1019
f 1018/1018/1018 1021/1021/1021 1020/1020/1020
f 1020/1020/1020 1017/1017/1017 1018/1018/1018
f 1017/1017/1017 1020/1020/1020 1022/1022/1022
f 1022/1022/1022 1023/1023/1023 1017/1017/1017
f 1022/1022/1022 1025/1025/1025 1024/1024/1024
f 1024/1024/1024 1023/1023/1023 1022/1022/1022
f 1016/1016/1016 1017/1017/1017 1026/1026/1026
f 997/997/997 999/999/999 1027/1027/1027
f 1027/1027/1027 1028/1028/1028 997/997/997
f 997/997/997 1028/1028/1028 1029/1029/1029
f 1029/1029/1029 994/994/994 997/997/997
f 994/994/994 1029/1029/1029 1030/1030/1030
f 1030/1030/1030 988/988/988 994/994/994
f 988/988/988 1030/1030/1030 1031/1031/1031
f 1031/1031/1031 984/984/984 988/988/988
f 984/984/984 1031/1031/1031 1032/1032/1032
f 1032/1032/1032 985/985/985 984/984/984
f 979/979/979 1034/1034/1034 1033/1033/1033
f 1033/1033/1033 969/969/969 979/979/979
f 1037/1037/1037 1036/1036/1036 1035/1035/1035
f 1035/1035/1035 1038/1038/1038 1037/1037/1037
f 1041/1041/1041 1040/1040/1040 1039/1039/1039
f 1040/1040/1040 1041/1041/1041 1042/1042/1042
f 1042/1042/1042 1044/1044/1044 1043/1043/1043
f 1045/1045/1045 1040/1040/1040 1042/1042/1042
f 1042/1042/1042 1046/1046/1046 1045/1045/1045
f 1040/1040/1040 1048/1048/1048 1047/1047/1047
f 1051/1051/1051 1050/1050/1050 1049/1049/1049
f 1049/1049/1049 1052/1052/1052 1051/1051/1051
f 1055/1055/1055 1054/1054/1054 1053/1053/1053
f 1053/1053/1053 1056/1056/1056 1055/1055/1055
f 1039/1039/1039 1040/1040/1040 1057/1057/1057
f 1047/1047/1047 1057/1057/1057 1040/1040/1040
f 1041/1041/1041 1039/1039/1039 1058/1058/1058
f 1039/1039/1039 1059/1059/1059 1058/1058/1058
f 1039/1039/1039 1060/1060/1060 1059/1059/1059
f 1062/1062/1062 1061/1061/1061 1060/1060/1060
f 1063/1063/1063 1061/1061/1061 1062/1062/1062
f 1061/1061/1061 1065/1065/1065 1064/1064/1064
f 1064/1064/1064 1066/1066/1066 1061/1061/1061
f 1060/1060/1060 1067/1067/1067 1059/1059/1059
f 1070/1070/1070 1069/1069/1069 1068/1068/1068
f 1069/1069/1069 1070/1070/1070 1067/1067/1067
f 1064/1064/1064 1072/1072/1072 1071/1071/1071
f 1064/1064/1064 1065/1065/1065 1072/1072/1072
f 1070/1070/1070 1059/1059/1059 1067/1067/1067
f 1068/1068/1068 1069/1069/1069 1073/1073/1073
f 1073/1073/1073 1069/1069/1069 1074/1074/1074
f 1071/1071/1071 1072/1072/1072 1075/1075/1075
f 1075/1075/1075 1076/1076/1076 1071/1071/1071
f 1076/1076/1076 1075/1075/1075 999/999/999
f 1000/1000/1000 1076/1076/1076 999/999/999
f 1074/1074/1074 1001/1001/1001 1073/1073/1073
f 1002/1002/1002 1073/1073/1073 1001/1001/1001
f 1005/1005/1005 1006/1006/1006 1077/1077/1077
f 1077/1077/1077 1078/1078/1078 1005/1005/1005
f 1078/1078/1078 1077/1077/1077 1079/1079/1079
f 1079/1079/1079 1080/1080/1080 1078/1078/1078
f 1081/1081/1081 1080/1080/1080 1079/1079/1079
f 1082/1082/1082 1080/1080/1080 1081/1081/1081
f 1082/1082/1082 1084/1084/1084 1083/1083/1083
f 1083/1083/1083 1080/1080/1080 1082/1082/1082
f 1087/1087/1087 1086/1086/1086 1085/1085/1085
f 1085/1085/1085 1088/1088/1088 1087/1087/1087
f 1090/1090/1090 1086/1086/1086 1089/1089/1089
f 1089/1089/1089 1091/1091/1091 1090/1090/1090
f 1091/1091/1091 1089/1089/1089 1092/1092/1092
f 1092/1092/1092 1093/1093/1093 1091/1091/1091
f 1089/1089/1089 1023/1023/1023 1024/1024/1024
f 1024/1024/1024 1092/1092/1092 1089/1089/1089
f 1089/1089/1089 1086/1086/1086 1094/1094/1094
f 1075/1075/1075 1095/1095/1095 1027/1027/1027
f 1027/1027/1027 999/999/999 1075/1075/1075
f 1075/1075/1075 1072/1072/1072 1096/1096/1096
f 1096/1096/1096 1095/1095/1095 1075/1075/1075
f 1072/1072/1072 1065/1065/1065 1097/1097/1097
f 1097/1097/1097 1096/1096/1096 1072/1072/1072
f 1065/1065/1065 1061/1061/1061 1098/1098/1098
f 1098/1098/1098 1097/1097/1097 1065/1065/1065
f 1061/1061/1061 1063/1063/1063 1099/1099/1099
f 1099/1099/1099 1098/1098/1098 1061/1061/1061
f 1057/1057/1057 1047/1047/1047 1100/1100/1100
f 1100/1100/1100 1101/1101/1101 1057/1057/1057
f 1104/1104/1104 1103/1103/1103 1102/1102/1102
f 1102/1102/1102 1105/1105/1105 1104/1104/1104
f 1108/1108/1108 1107/1107/1107 1106/1106/1106
f 1107/1107/1107 1108/1108/1108 1109/1109/1109
f 1111/1111/1111 1109/1109/1109 1110/1110/1110
f 1109/1109/1109 1108/1108/1108 1112/1112/1112
f 1112/1112/1112 1113/1113/1113 1109/1109/1109
f 1115/1115/1115 1108/1108/1108 1114/1114/1114
f 1051/1051/1051 1052/1052/1052 1116/1116/1116
f 1116/1116/1116 1117/1117/1117 1051/1051/1051
f 1119/1119/1119 1118/1118/1118 1053/1053/1053
f 1053/1053/1053 1054/1054/1054 1119/1119/1119
f 1108/1108/1108 1106/1106/1106 1120/1120/1120
f 1120/1120/1120 1114/1114/1114 1108/1108/1108
f 1106/1106/1106 1107/1107/1107 1121/1121/1121
f 1122/1122/1122 1106/1106/1106 1121/1121/1121
f 1123/1123/1123 1106/1106/1106 1122/1122/1122
f 1125/1125/1125 1124/1124/1124 1123/1123/1123
f 1125/1125/1125 1126/1126/1126 1124/1124/1124
f 1125/1125/1125 1128/1128/1128 1127/1127/1127
f 1127/1127/1127 1129/1129/1129 1125/1125/1125
f 1130/1130/1130 1123/1123/1123 1122/1122/1122
f 1133/1133/1133 1132/1132/1132 1131/1131/1131
f 1132/1132/1132 1133/1133/1133 1130/1130/1130
f 1135/1135/1135 1127/1127/1127 1134/1134/1134
f 1129/1129/1129 1127/1127/1127 1135/1135/1135
f 1122/1122/1122 1132/1132/1132 1130/1130/1130
f 1133/1133/1133 1131/1131/1131 1136/1136/1136
f 1133/1133/1133 1136/1136/1136 1137/1137/1137
f 1134/1134/1134 1139/1139/1139 1138/1138/1138
f 1138/1138/1138 1135/1135/1135 1134/1134/1134
f 1138/1138/1138 1139/1139/1139 1140/1140/1140
f 1139/1139/1139 1141/1141/1141 1140/1140/1140
f 1142/1142/1142 1137/1137/1137 1136/1136/1136
f 1136/1136/1136 1143/1143/1143 1142/1142/1142
f 1146/1146/1146 1145/1145/1145 1144/1144/1144
f 1144/1144/1144 1147/1147/1147 1146/1146/1146
f 1145/1145/1145 1149/1149/1149 1148/1148/1148
f 1148/1148/1148 1144/1144/1144 1145/1145/1145
f 1149/1149/1149 1150/1150/1150 1148/1148/1148
f 1149/1149/1149 1152/1152/1152 1151/1151/1151
f 1151/1151/1151 1150/1150/1150 1149/1149/1149
f 1152/1152/1152 1153/1153/1153 1151/1151/1151
f 1155/1155/1155 1154/1154/1154 1085/1085/1085
f 1085/1085/1085 1156/1156/1156 1155/1155/1155
f 1159/1159/1159 1158/1158/1158 1157/1157/1157
f 1157/1157/1157 1156/1156/1156 1159/1159/1159
f 1158/1158/1158 1161/1161/1161 1160/1160/1160
f 1160/1160/1160 1157/1157/1157 1158/1158/1158
f 1157/1157/1157 1160/1160/1160 1162/1162/1162
f 1162/1162/1162 1163/1163/1163 1157/1157/1157
f 1162/1162/1162 1165/1165/1165 1164/1164/1164
f 1164/1164/1164 1163/1163/1163 1162/1162/1162
f 1156/1156/1156 1157/1157/1157 1155/1155/1155
f 1138/1138/1138 1140/1140/1140 1166/1166/1166
f 1166/1166/1166 1167/1167/1167 1138/1138/1138
f 1138/1138/1138 1167/1167/1167 1168/1168/1168
f 1168/1168/1168 1135/1135/1135 1138/1138/1138
f 1135/1135/1135 1168/1168/1168 1169/1169/1169
f 1169/1169/1169 1129/1129/1129 1135/1135/1135
f 1129/1129/1129 1169/1169/1169 1170/1170/1170
f 1170/1170/1170 1125/1125/1125 1129/1129/1129
f 1125/1125/1125 1170/1170/1170 1171/1171/1171
f 1171/1171/1171 1126/1126/1126 1125/1125/1125
f 1120/1120/1120 1173/1173/1173 1172/1172/1172
f 1172/1172/1172 1114/1114/1114 1120/1120/1120
f 1175/1175/1175 1174/1174/1174 1102/1102/1102
f 1102/1102/1102 1103/1103/1103 1175/1175/1175
f 1178/1178/1178 1177/1177/1177 1176/1176/1176
f 1177/1177/1177 1178/1178/1178 1179/1179/1179
f 1179/1179/1179 1181/1181/1181 1180/1180/1180
f 1182/1182/1182 1177/1177/1177 1179/1179/1179
f 1179/1179/1179 1183/1183/1183 1182/1182/1182
f 1177/1177/1177 1185/1185/1185 1184/1184/1184
f 1188/1188/1188 1187/1187/1187 1186/1186/1186
f 1186/1186/1186 1189/1189/1189 1188/1188/1188
f 1192/1192/1192 1191/1191/1191 1190/1190/1190
f 1190/1190/1190 1193/1193/1193 1192/1192/1192
f 1176/1176/1176 1177/1177/1177 1194/1194/1194
f 1184/1184/1184 1194/1194/1194 1177/1177/1177
f 1178/1178/1178 1176/1176/1176 1195/1195/1195
f 1176/1176/1176 1196/1196/1196 1195/1195/1195
f 1176/1176/1176 1197/1197/1197 1196/1196/1196
f 1199/1199/1199 1198/1198/1198 1197/1197/1197
f 1200/1200/1200 1198/1198/1198 1199/1199/1199
f 1198/1198/1198 1202/1202/1202 1201/1201/1201
f 1201/1201/1201 1203/1203/1203 1198/1198/1198
f 1197/1197/1197 1204/1204/1204 1196/1196/1196
f 1207/1207/1207 1206/1206/1206 1205/1205/1205
f 1206/1206/1206 1207/1207/1207 1204/1204/1204
f 1201/1201/1201 1209/1209/1209 1208/1208/1208
f 1201/1201/1201 1202/1202/1202 1209/1209/1209
f 1207/1207/1207 1196/1196/1196 1204/1204/1204
f 1205/1205/1205 1206/1206/1206 1210/1210/1210
f 1210/1210/1210 1206/1206/1206 1211/1211/1211
f 1208/1208/1208 1209/1209/1209 1212/1212/1212
f 1212/1212/1212 1213/1213/1213 1208/1208/1208
f 1213/1213/1213 1212/1212/1212 1140/1140/1140
f 1141/1141/1141 1213/1213/1213 1140/1140/1140
f 1211/1211/1211 1142/1142/1142 1210/1210/1210
f 1143/1143/1143 1210/1210/1210 1142/1142/1142
f 1146/1146/1146 1147/1147/1147 1214/1214/1214
f 1214/1214/1214 1215/1215/1215 1146/1146/1146
f 1215/1215/1215 1214/1214/1214 1216/1216/1216
f 1216/1216/1216 1217/1217/1217 1215/1215/1215
f 1218/1218/1218 1217/1217/1217 1216/1216/1216
f 1219/1219/1219 1217/1217/1217 1218/1218/1218
f 1219/1219/1219 1221/1221/1221 1220/1220/1220
f 1220/1220/1220 1217/1217/1217 1219/1219/1219
f 1224/1224/1224 1223/1223/1223 1222/1222/1222
f 1222/1222/1222 1225/1225/1225 1224/1224/1224
f 1227/1227/1227 1223/1223/1223 1226/1226/1226
f 1226/1226/1226 1228/1228/1228 1227/1227/1227
f 1228/1228/1228 1226/1226/1226 1229/1229/1229
f 1229/1229/1229 1230/1230/1230 1228/1228/1228
f 1226/1226/1226 1163/1163/1163 1164/1164/1164
f 1164/1164/1164 1229/1229/1229 1226/1226/1226
f 1226/1226/1226 1223/1223/1223 1224/1224/1224
f 1212/1212/1212 1231/1231/1231 1166/1166/1166
f 1166/1166/1166 1140/1140/1140 1212/1212/1212
f 1212/1212/1212 1209/1209/1209 1232/1232/1232
f 1232/1232/1232 1231/1231/1231 1212/1212/1212
f 1209/1209/1209 1202/1202/1202 1233/1233/1233
f 1233/1233/1233 1232/1232/1232 1209/1209/1209
f 1202/1202/1202 1198/1198/1198 1234/1234/1234
f 1234/1234/1234 1233/1233/1233 1202/1202/1202
f 1198/1198/1198 1200/1200/1200 1235/1235/1235
f 1235/1235/1235 1234/1234/1234 1198/1198/1198
f 1194/1194/1194 1184/1184/1184 1236/1236/1236
f 1236/1236/1236 1237/1237/1237 1194/1194/1194
f 1240/1240/1240 1239/1239/1239 1238/1238/1238
f 1238/1238/1238 1241/1241/1241 1240/1240/1240
f 1244/1244/1244 1243/1243/1243 1242/1242/1242
f 1243/1243/1243 1244/1244/1244 1245/1245/1245
f 1247/1247/1247 1245/1245/1245 1246/1246/1246
f 1245/1245/1245 1244/1244/1244 1248/1248/1248
f 1248/1248/1248 1249/1249/1249 1245/1245/1245
f 1251/1251/1251 1244/1244/1244 1250/1250/1250
f 1188/1188/1188 1189/1189/1189 1252/1252/1252
f 1252/1252/1252 1253/1253/1253 1188/1188/1188
f 1255/1255/1255 1254/1254/1254 1190/1190/1190
f 1190/1190/1190 1191/1191/1191 1255/1255/1255
f 1244/1244/1244 1242/1242/1242 1256/1256/1256
f 1256/1256/1256 1250/1250/1250 1244/1244/1244
f 1242/1242/1242 1243/1243/1243 1257/1257/1257
f 1258/1258/1258 1242/1242/1242 1257/1257/1257
f 1259/1259/1259 1242/1242/1242 1258/1258/1258
f 1261/1261/1261 1260/1260/1260 1259/1259/1259
f 1261/1261/1261 1262/1262/1262 1260/1260/1260
f 1261/1261/1261 1264/1264/1264 1263/1263/1263
f 1263/1263/1263 1265/1265/1265 1261/1261/1261
f 1266/1266/1266 1259/1259/1259 1258/1258/1258
f 1269/1269/1269 1268/1268/1268 1267/1267/1267
f 1268/1268/1268 1269/1269/1269 1266/1266/1266
f 1271/1271/1271 1263/1263/1263 1270/1270/1270
f 1265/1265/1265 1263/1263/1263 1271/1271/1271
f 1258/1258/1258 1268/1268/1268 1266/1266/1266
f 1269/1269/1269 1267/1267/1267 1272/1272/1272
f 1269/1269/1269 1272/1272/1272 1273/1273/1273
f 1270/1270/1270 1275/1275/1275 1274/1274/1274
f 1274/1274/1274 1271/1271/1271 1270/1270/1270
f 1274/1274/1274 1275/1275/1275 1276/1276/1276
f 1275/1275/1275 1277/1277/1277 1276/1276/1276
f 1278/1278/1278 1273/1273/1273 1272/1272/1272
f 1272/1272/1272 1279/1279/1279 1278/1278/1278
f 1282/1282/1282 1281/1281/1281 1280/1280/1280
f 1280/1280/1280 1283/1283/1283 1282/1282/1282
f 1281/1281/1281 1285/1285/1285 1284/1284/1284
f 1284/1284/1284 1280/1280/1280 1281/1281/1281
f 1285/1285/1285 1286/1286/1286 1284/1284/1284
f 1285/1285/1285 1288/1288/1288 1287/1287/1287
f 1287/1287/1287 1286/1286/1286 1285/1285/1285
f 1288/1288/1288 1289/1289/1289 1287/1287/1287
f 1290/1290/1290 1225/1225/1225 1222/1222/1222
f 1222/1222/1222 1291/1291/1291 1290/1290/1290
f 1294/1294/1294 1293/1293/1293 1292/1292/1292
f 1292/1292/1292 1291/1291/1291 1294/1294/1294
f 1293/1293/1293 1296/1296/1296 1295/1295/1295
f 1295/1295/1295 1292/1292/1292 1293/1293/1293
f 1292/1292/1292 1295/1295/1295 1297/1297/1297
f 1297/1297/1297 1298/1298/1298 1292/1292/1292
f 1297/1297/1297 1300/1300/1300 1299/1299/1299
f 1299/1299/1299 1298/1298/1298 1297/1297/1297
f 1291/1291/1291 1292/1292/1292 1290/1290/1290
f 1274/1274/1274 1276/1276/1276 1301/1301/1301
f 1301/1301/1301 1302/1302/1302 1274/1274/1274
f 1274/1274/1274 1302/1302/1302 1303/1303/1303
f 1303/1303/1303 1271/1271/1271 1274/1274/1274
f 1271/1271/1271 1303/1303/1303 1304/1304/1304
f 1304/1304/1304 1265/1265/1265 1271/1271/1271
f 1265/1265/1265 1304/1304/1304 1305/1305/1305
f 1305/1305/1305 1261/1261/1261 1265/1265/1265
f 1261/1261/1261 1305/1305/1305 1306/1306/1306
f 1306/1306/1306 1262/1262/1262 1261/1261/1261
f 1256/1256/1256 1308/1308/1308 1307/1307/1307
f 1307/1307/1307 1250/1250/1250 1256/1256/1256
f 1310/1310/1310 1309/1309/1309 1238/1238/1238
f 1238/1238/1238 1239/1239/1239 1310/1310/1310
f 1313/1313/1313 1312/1312/1312 1311/1311/1311
f 1312/1312/1312 1313/1313/1313 1314/1314/1314
f 1314/1314/1314 1316/1316/1316 1315/1315/1315
f 1317/1317/1317 1312/1312/1312 1314/1314/1314
f 1314/1314/1314 1318/1318/1318 1317/1317/1317
f 1312/1312/1312 1320/1320/1320 1319/1319/1319
f 1323/1323/1323 1322/1322/1322 1321/1321/1321
f 1321/1321/1321 1324/1324/1324 1323/1323/1323
f 1327/1327/1327 1326/1326/1326 1325/1325/1325
f 1325/1325/1325 1328/1328/1328 1327/1327/1327
f 1311/1311/1311 1312/1312/1312 1329/1329/1329
f 1319/1319/1319 1329/1329/1329 1312/1312/1312
f 1313/1313/1313 1311/1311/1311 1330/1330/1330
f 1311/1311/1311 1331/1331/1331 1330/1330/1330
f 1311/1311/1311 1332/1332/1332 1331/1331/1331
f 1334/1334/1334 1333/1333/1333 1332/1332/1332
f 1335/1335/1335 1333/1333/1333 1334/1334/1334
f 1333/1333/1333 1337/1337/1337 1336/1336/1336
f 1336/1336/1336 1338/1338/1338 1333/1333/1333
f 1332/1332/1332 1339/1339/1339 1331/1331/1331
f 1342/1342/1342 1341/1341/1341 1340/1340/1340
f 1341/1341/1341 1342/1342/1342 1339/1339/1339
f 1336/1336/1336 1344/1344/1344 1343/1343/1343
f 1336/1336/1336 1337/1337/1337 1344/1344/1344
f 1342/1342/1342 1331/1331/1331 1339/1339/1339
f 1340/1340/1340 1341/1341/1341 1345/1345/1345
f 1345/1345/1345 1341/1341/1341 1346/1346/1346
f 1343/1343/1343 1344/1344/1344 1347/1347/1347
f 1347/1347/1347 1348/1348/1348 1343/1343/1343
f 1348/1348/1348 1347/1347/1347 1276/1276/1276
f 1277/1277/1277 1348/1348/1348 1276/1276/1276
f 1346/1346/1346 1278/1278/1278 1345/1345/1345
f 1279/1279/1279 1345/1345/1345 1278/1278/1278
f 1282/1282/1282 1283/1283/1283 1349/1349/1349
f 1349/1349/1349 1350/1350/1350 1282/1282/1282
f 1350/1350/1350 1349/1349/1349 1351/1351/1351
f 1351/1351/1351 1352/1352/1352 1350/1350/1350
f 1353/1353/1353 1352/1352/1352 1351/1351/1351
f 1354/1354/1354 1352/1352/1352 1353/1353/1353
f 1354/1354/1354 1356/1356/1356 1355/1355/1355
f 1355/1355/1355 1352/1352/1352 1354/1354/1354
f 1359/1359/1359 1358/1358/1358 1357/1357/1357
f 1357/1357/1357 1360/1360/1360 1359/1359/1359
f 1362/1362/1362 1358/1358/1358 1361/1361/1361
f 1361/1361/1361 1363/1363/1363 1362/1362/1362
f 1363/1363/1363 1361/1361/1361 1364/1364/1364
f 1364/1364/1364 1365/1365/1365 1363/1363/1363
f 1361/1361/1361 1298/1298/1298 1299/1299/1299
f 1299/1299/1299 1364/1364/1364 1361/1361/1361
f 1361/1361/1361 1358/1358/1358 1359/1359/1359
f 1347/1347/1347 1366/1366/1366 1301/1301/1301
f 1301/1301/1301 1276/1276/1276 1347/1347/1347
f 1347/1347/1347 1344/1344/1344 1367/1367/1367
f 1367/1367/1367 1366/1366/1366 1347/1347/1347
f 1344/1344/1344 1337/1337/1337 1368/1368/1368
f 1368/1368/1368 1367/1367/1367 1344/1344/1344
f 1337/1337/1337 1333/1333/1333 1369/1369/1369
f 1369/1369/1369 1368/1368/1368 1337/1337/1337
f 1333/1333/1333 1335/1335/1335 1370/1370/1370
f 1370/1370/1370 1369/1369/1369 1333/1333/1333
f 1329/1329/1329 1319/1319/1319 1371/1371/1371
f 1371/1371/1371 1372/1372/1372 1329/1329/1329
f 1375/1375/1375 1374/1374/1374 1373/1373/1373
f 1373/1373/1373 1376/1376/1376 1375/1375/1375
f 1379/1379/1379 1378/1378/1378 1377/1377/1377
f 1378/1378/1378 1379/1379/1379 1380/1380/1380
f 1382/1382/1382 1380/1380/1380 1381/1381/1381
f 1380/1380/1380 1379/1379/1379 1383/1383/1383
f 1383/1383/1383 1384/1384/1384 1380/1380/1380
f 1386/1386/1386 1379/1379/1379 1385/1385/1385
f 1323/1323/1323 1324/1324/1324 1387/1387/1387
f 1387/1387/1387 1388/1388/1388 1323/1323/1323
f 1390/1390/1390 1389/1389/1389 1325/1325/1325
f 1325/1325/1325 1326/1326/1326 1390/1390/1390
f 1379/1379/1379 1377/1377/1377 1391/1391/1391
f 1391/1391/1391 1385/1385/1385 1379/1379/1379
f 1377/1377/1377 1378/1378/1378 1392/1392/1392
f 1393/1393/1393 1377/1377/1377 1392/1392/1392
f 1394/1394/1394 1377/1377/1377 1393/1393/1393
f 1396/1396/1396 1395/1395/1395 1394/1394/1394
f 1396/1396/1396 1397/1397/1397 1395/1395/1395
f 1396/1396/1396 1399/1399/1399 1398/1398/1398
f 1398/1398/1398 1400/1400/1400 1396/1396/1396
f 1401/1401/1401 1394/1394/1394 1393/1393/1393
f 1404/1404/1404 1403/1403/1403 1402/1402/1402
f 1403/1403/1403 1404/1404/1404 1401/1401/1401
f 1406/1406/1406 1398/1398/1398 1405/1405/1405
f 1400/1400/1400 1398/1398/1398 1406/1406/1406
f 1393/1393/1393 1403/1403/1403 1401/1401/1401
f 1404/1404/1404 1402/1402/1402 1407/1407/1407
f 1404/1404/1404 1407/1407/1407 1408/1408/1408
f 1405/1405/1405 1410/1410/1410 1409/1409/1409
f 1409/1409/1409 1406/1406/1406 1405/1405/1405
f 1409/1409/1409 1410/1410/1410 1411/1411/1411
f 1410/1410/1410 1412/1412/1412 1411/1411/1411
f 1413/1413/1413 1408/1408/1408 1407/1407/1407
f 1407/1407/1407 1414/1414/1414 1413/1413/1413
f 1417/1417/1417 1416/1416/1416 1415/1415/1415
f 1415/1415/1415 1418/1418/1418 1417/1417/1417
f 1416/1416/1416 1420/1420/1420 1419/1419/1419
f 1419/1419/1419 1415/1415/1415 1416/1416/1416
f 1420/1420/1420 1421/1421/1421 1419/1419/1419
f 1420/1420/1420 1423/1423/1423 1422/1422/1422
f 1422/1422/1422 1421/1421/1421 1420/1420/1420
f 1423/1423/1423 1424/1424/1424 1422/1422/1422
f 1425/1425/1425 1360/1360/1360 1357/1357/1357
f 1357/1357/1357 1426/1426/1426 1425/1425/1425
f 1429/1429/1429 1428/1428/1428 1427/1427/1427
f 1427/1427/1427 1426/1426/1426 1429/1429/1429
f 1428/1428/1428 1431/1431/1431 1430/1430/1430
f 1430/1430/1430 1427/1427/1427 1428/1428/1428
f 1427/1427/1427 1430/1430/1430 1432/1432/1432
f 1432/1432/1432 1433/1433/1433 1427/1427/1427
f 1432/1432/1432 1435/1435/1435 1434/1434/1434
f 1434/1434/1434 1433/1433/1433 1432/1432/1432
f 1426/1426/1426 1427/1427/1427 1425/1425/1425
f 1409/1409/1409 1411/1411/1411 1436/1436/1436
f 1436/1436/1436 1437/1437/1437 1409/1409/1409
f 1409/1409/1409 1437/1437/1437 1438/1438/1438
f 1438/1438/1438 1406/1406/1406 1409/1409/1409
f 1406/1406/1406 1438/1438/1438 1439/1439/1439
f 1439/1439/1439 1400/1400/1400 1406/1406/1406
f 1400/1400/1400 1439/1439/1439 1440/1440/1440
f 1440/1440/1440 1396/1396/1396 1400/1400/1400
f 1396/1396/1396 1440/1440/1440 1441/1441/1441
f 1441/1441/1441 1397/1397/1397 1396/1396/1396
f 1391/1391/1391 1443/1443/1443 1442/1442/1442
f 1442/1442/1442 1385/1385/1385 1391/1391/1391
f 1445/1445/1445 1444/1444/1444 1373/1373/1373
f 1373/1373/1373 1374/1374/1374 1445/1445/1445
f 1448/1448/1448 1447/1447/1447 1446/1446/1446
f 1447/1447/1447 1448/1448/1448 1449/1449/1449
f 1449/1449/1449 1451/1451/1451 1450/1450/1450
f 1452/1452/1452 1447/1447/1447 1449/1449/1449
f 1449/1449/1449 1453/1453/1453 1452/1452/1452
f 1447/1447/1447 1455/1455/1455 1454/1454/1454
f 1458/1458/1458 1457/1457/1457 1456/1456/1456
f 1456/1456/1456 1459/1459/1459 1458/1458/1458
f 1462/1462/1462 1461/1461/1461 1460/1460/1460
f 1460/1460/1460 1463/1463/1463 1462/1462/1462
f 1446/1446/1446 1447/1447/1447 1464/1464/1464
f 1454/1454/1454 1464/1464/1464 1447/1447/1447
f 1448/1448/1448 1446/1446/1446 1465/1465/1465
f 1446/1446/1446 1466/1466/1466 1465/1465/1465
f 1446/1446/1446 1467/1467/1467 1466/1466/1466
f 1469/1469/1469 1468/1468/1468 1467/1467/1467
f 1470/1470/1470 1468/1468/1468 1469/1469/1469
f 1468/1468/1468 1472/1472/1472 1471/1471/1471
f 1471/1471/1471 1473/1473/1473 1468/1468/1468
f 1467/1467/1467 1474/1474/1474 1466/1466/1466
f 1477/1477/1477 1476/1476/1476 1475/1475/1475
f 1476/1476/1476 1477/1477/1477 1474/1474/1474
f 1471/1471/1471 1479/1479/1479 1478/1478/1478
f 1471/1471/1471 1472/1472/1472 1479/1479/1479
f 1477/1477/1477 1466/1466/1466 1474/1474/1474
f 1475/1475/1475 1476/1476/1476 1480/1480/1480
f 1480/1480/1480 1476/1476/1476 1481/1481/1481
f 1478/1478/1478 1479/1479/1479 1482/1482/1482
f 1482/1482/1482 1483/1483/1483 1478/1478/1478
f 1483/1483/1483 1482/1482/1482 1411/1411/1411
f 1412/1412/1412 1483/1483/1483 1411/1411/1411
f 1481/1481/1481 1413/1413/1413 1480/1480/1480
f 1414/1414/1414 1480/1480/1480 1413/1413/1413
f 1417/1417/1417 1418/1418/1418 1484/1484/1484
f 1484/1484/1484 1485/1485/1485 1417/1417/1417
f 1485/1485/1485 1484/1484/1484 1486/1486/1486
f 1486/1486/1486 1487/1487/1487 1485/1485/1485
f 1488/1488/1488 1487/1487/1487 1486/1486/1486
f 1489/1489/1489 1487/1487/1487 1488/1488/1488
f 1489/1489/1489 1491/1491/1491 1490/1490/1490
f 1490/1490/1490 1487/1487/1487 1489/1489/1489
f 1494/1494/1494 1493/1493/1493 1492/1492/1492
f 1492/1492/1492 1495/1495/1495 1494/1494/1494
f 1497/1497/1497 1493/1493/1493 1496/1496/1496
f 1496/1496/1496 1498/1498/1498 1497/1497/1497
f 1498/1498/1498 1496/1496/1496 1499/1499/1499
f 1499/1499/1499 1500/1500/1500 1498/1498/1498
f 1496/1496/1496 1433/1433/1433 1434/1434/1434
f 1434/1434/1434 1499/1499/1499 1496/1496/1496
f 1496/1496/1496 1493/1493/1493 1494/1494/1494
f 1482/1482/1482 1501/1501/1501 1436/1436/1436
f 1436/1436/1436 1411/1411/1411 1482/1482/1482
f 1482/1482/1482 1479/1479/1479 1502/1502/1502
f 1502/1502/1502 1501/1501/1501 1482/1482/1482
f 1479/1479/1479 1472/1472/1472 1503/1503/1503
f 1503/1503/1503 1502/1502/1502 1479/1479/1479
f 1472/1472/1472 1468/1468/1468 1504/1504/1504
f 1504/1504/1504 1503/1503/1503 1472/1472/1472
f 1468/1468/1468 1470/1470/1470 1505/1505/1505
f 1505/1505/1505 1504/1504/1504 1468/1468/1468
f 1464/1464/1464 1454/1454/1454 1506/1506/1506
f 1506/1506/1506 1507/1507/1507 1464/1464/1464
f 1510/1510/1510 1509/1509/1509 1508/1508/1508
f 1508/1508/1508 1511/1511/1511 1510/1510/1510
f 1514/1514/1514 1513/1513/1513 1512/1512/1512
f 1513/1513/1513 1514/1514/1514 1515/1515/1515
f 1517/1517/1517 1515/1515/1515 1516/1516/1516
f 1515/1515/1515 1514/1514/1514 1518/1518/1518
f 1518/1518/1518 1519/1519/1519 1515/1515/1515
f 1521/1521/1521 1514/1514/1514 1520/1520/1520
f 1458/1458/1458 1459/1459/1459 1522/1522/1522
f 1522/1522/1522 1523/1523/1523 1458/1458/1458
f 1525/1525/1525 1524/1524/1524 1460/1460/1460
f 1460/1460/1460 1461/1461/1461 1525/1525/1525
f 1514/1514/1514 1512/1512/1512 1526/1526/1526
f 1526/1526/1526 1520/1520/1520 1514/1514/1514
f 1512/1512/1512 1513/1513/1513 1527/1527/1527
f 1528/1528/1528 1512/1512/1512 1527/1527/1527
f 1529/1529/1529 1512/1512/1512 1528/1528/1528
f 1531/1531/1531 1530/1530/1530 1529/1529/1529
f 1531/1531/1531 1532/1532/1532 1530/1530/1530
f 1531/1531/1531 1534/1534/1534 1533/1533/1533
f 1533/1533/1533 1535/1535/1535 1531/1531/1531
f 1536/1536/1536 1529/1529/1529 1528/1528/1528
f 1539/1539/1539 1538/1538/1538 1537/1537/1537
f 1538/1538/1538 1539/1539/1539 1536/1536/1536
f 1541/1541/1541 1533/1533/1533 1540/1540/1540
f 1535/1535/1535 1533/1533/1533 1541/1541/1541
f 1528/1528/1528 1538/1538/1538 1536/1536/1536
f 1539/1539/1539 1537/1537/1537 1542/1542/1542
f 1539/1539/1539 1542/1542/1542 1543/1543/1543
f 1540/1540/1540 1545/1545/1545 1544/1544/1544
f 1544/1544/1544 1541/1541/1541 1540/1540/1540
f 1544/1544/1544 1545/1545/1545 1546/1546/1546
f 1545/1545/1545 1547/1547/1547 1546/1546/1546
f 1548/1548/1548 1543/1543/1543 1542/1542/1542
f 1542/1542/1542 1549/1549/1549 1548/1548/1548
f 1552/1552/1552 1551/1551/1551 1550/1550/1550
f 1550/1550/1550 1553/1553/1553 1552/1552/1552
f 1551/1551/1551 1555/1555/1555 1554/1554/1554
f 1554/1554/1554 1550/1550/1550 1551/1551/1551
f 1555/1555/1555 1556/1556/1556 1554/1554/1554
f 1555/1555/1555 1558/1558/1558 1557/1557/1557
f 1557/1557/1557 1556/1556/1556 1555/1555/1555
f 1558/1558/1558 1559/1559/1559 1557/1557/1557
f 1560/1560/1560 1495/1495/1495 1492/1492/1492
f 1492/1492/1492 1561/1561/1561 1560/1560/1560
f 1564/1564/1564 1563/1563/1563 1562/1562/1562
f 1562/1562/1562 1561/1561/1561 1564/1564/1564
f 1563/1563/1563 1566/1566/1566 1565/1565/1565
f 1565/1565/1565 1562/1562/1562 1563/1563/1563
f 1562/1562/1562 1565/1565/1565 1567/1567/1567
f 1567/1567/1567 1568/1568/1568 1562/1562/1562
f 1567/1567/1567 1570/1570/1570 1569/1569/1569
f 1569/1569/1569 1568/1568/1568 1567/1567/1567
f 1561/1561/1561 1562/1562/1562 1560/1560/1560
f 1544/1544/1544 1546/1546/1546 1571/1571/1571
f 1571/1571/1571 1572/1572/1572 1544/1544/1544
f 1544/1544/1544 1572/1572/1572 1573/1573/1573
f 1573/1573/1573 1541/1541/1541 1544/1544/1544
f 1541/1541/1541 1573/1573/1573 1574/1574/1574
f 1574/1574/1574 1535/1535/1535 1541/1541/1541
f 1535/1535/1535 1574/1574/1574 1575/1575/1575
f 1575/1575/1575 1531/1531/1531 1535/1535/1535
f 1531/1531/1531 1575/1575/1575 1576/1576/1576
f 1576/1576/1576 1532/1532/1532 1531/1531/1531
f 1526/1526/1526 1578/1578/1578 1577/1577/1577
f 1577/1577/1577 1520/1520/1520 1526/1526/1526
f 1580/1580/1580 1579/1579/1579 1508/1508/1508
f 1508/1508/1508 1509/1509/1509 1580/1580/1580
f 1583/1583/1583 1582/1582/1582 1581/1581/1581
f 1582/1582/1582 1583/1583/1583 1584/1584/1584
f 1584/1584/1584 1586/1586/1586 1585/1585/1585
f 1587/1587/1587 1582/1582/1582 1584/1584/1584
f 1584/1584/1584 1588/1588/1588 1587/1587/1587
f 1582/1582/1582 1590/1590/1590 1589/1589/1589
f 973/973/973 1592/1592/1592 1591/1591/1591
f 1591/1591/1591 972/972/972 973/973/973
f 1593/1593/1593 978/978/978 975/975/975
f 975/975/975 1594/1594/1594 1593/1593/1593
f 1581/1581/1581 1582/1582/1582 1595/1595/1595
f 1589/1589/1589 1595/1595/1595 1582/1582/1582
f 1583/1583/1583 1581/1581/1581 1596/1596/1596
f 1581/1581/1581 1597/1597/1597 1596/1596/1596
f 1581/1581/1581 1598/1598/1598 1597/1597/1597
f 1600/1600/1600 1599/1599/1599 1598/1598/1598
f 1601/1601/1601 1599/1599/1599 1600/1600/1600
f 1599/1599/1599 1603/1603/1603 1602/1602/1602
f 1602/1602/1602 1604/1604/1604 1599/1599/1599
f 1598/1598/1598 1605/1605/1605 1597/1597/1597
f 1608/1608/1608 1607/1607/1607 1606/1606/1606
f 1607/1607/1607 1608/1608/1608 1605/1605/1605
f 1602/1602/1602 1610/1610/1610 1609/1609/1609
f 1602/1602/1602 1603/1603/1603 1610/1610/1610
f 1608/1608/1608 1597/1597/1597 1605/1605/1605
f 1606/1606/1606 1607/1607/1607 1611/1611/1611
f 1611/1611/1611 1607/1607/1607 1612/1612/1612
f 1609/1609/1609 1610/1610/1610 1613/1613/1613
f 1613/1613/1613 1614/1614/1614 1609/1609/1609
f 1614/1614/1614 1613/1613/1613 1546/1546/1546
f 1547/1547/1547 1614/1614/1614 1546/1546/1546
f 1612/1612/1612 1548/1548/1548 1611/1611/1611
f 1549/1549/1549 1611/1611/1611 1548/1548/1548
f 1552/1552/1552 1553/1553/1553 1615/1615/1615
f 1615/1615/1615 1616/1616/1616 1552/1552/1552
f 1616/1616/1616 1615/1615/1615 1617/1617/1617
f 1617/1617/1617 1618/1618/1618 1616/1616/1616
f 1619/1619/1619 1618/1618/1618 1617/1617/1617
f 1620/1620/1620 1618/1618/1618 1619/1619/1619
f 1620/1620/1620 1622/1622/1622 1621/1621/1621
f 1621/1621/1621 1618/1618/1618 1620/1620/1620
f 1624/1624/1624 1623/1623/1623 1013/1013/1013
f 1013/1013/1013 1625/1625/1625 1624/1624/1624
f 1627/1627/1627 1623/1623/1623 1626/1626/1626
f 1626/1626/1626 1628/1628/1628 1627/1627/1627
f 1628/1628/1628 1626/1626/1626 1629/1629/1629
f 1629/1629/1629 1630/1630/1630 1628/1628/1628
f 1626/1626/1626 1568/1568/1568 1569/1569/1569
f 1569/1569/1569 1629/1629/1629 1626/1626/1626
f 1626/1626/1626 1623/1623/1623 1624/1624/1624
f 1613/1613/1613 1631/1631/1631 1571/1571/1571
f 1571/1571/1571 1546/1546/1546 1613/1613/1613
f 1613/1613/1613 1610/1610/1610 1632/1632/1632
f 1632/1632/1632 1631/1631/1631 1613/1613/1613
f 1610/1610/1610 1603/1603/1603 1633/1633/1633
f 1633/1633/1633 1632/1632/1632 1610/1610/1610
f 1603/1603/1603 1599/1599/1599 1634/1634/1634
f 1634/1634/1634 1633/1633/1633 1603/1603/1603
f 1599/1599/1599 1601/1601/1601 1635/1635/1635
f 1635/1635/1635 1634/1634/1634 1599/1599/1599
f 1595/1595/1595 1589/1589/1589 1636/1636/1636
f 1636/1636/1636 1637/1637/1637 1595/1595/1595
f 1638/1638/1638 1038/1038/1038 1035/1035/1035
f 1035/1035/1035 1639/1639/1639 1638/1638/1638
