# Blender 4.5.2 LTS
# www.blender.org
mtllib plate3_3_tan.mtl
o plate3_3_tan.001
v 20.000000 8.999992 17.000000
v 20.585270 8.999992 17.057648
v 21.148048 8.999992 17.228363
v 21.666710 8.999992 17.505592
v 22.121319 8.999992 17.878677
v 22.494408 8.999992 18.333290
v 22.771637 8.999992 18.851952
v 22.942356 8.999992 19.414726
v 23.000000 8.999992 20.000000
v 22.942356 8.999993 20.585274
v 22.771637 8.999993 21.148048
v 22.494408 8.999993 21.666710
v 22.121319 8.999993 22.121323
v 21.666710 8.999993 22.494408
v 21.148048 8.999993 22.771637
v 20.585270 8.999993 22.942352
v 20.000000 8.999993 23.000000
v 19.414730 8.999993 22.942352
v 18.851952 8.999993 22.771637
v 18.333290 8.999993 22.494408
v 17.878681 8.999993 22.121323
v 17.505592 8.999993 21.666710
v 17.228363 8.999993 21.148048
v 17.057644 8.999993 20.585274
v 17.000000 8.999992 20.000000
v 17.057644 8.999992 19.414726
v 17.228363 8.999992 18.851952
v 17.505592 8.999992 18.333290
v 17.878681 8.999992 17.878677
v 18.333290 8.999992 17.505592
v 18.851952 8.999992 17.228363
v 19.414730 8.999992 17.057648
v -0.099998 8.999992 17.000000
v 0.485271 8.999992 17.057648
v 1.048050 8.999992 17.228363
v 1.566711 8.999992 17.505592
v 2.021320 8.999992 17.878677
v 2.394409 8.999992 18.333290
v 2.671638 8.999992 18.851952
v 2.842358 8.999992 19.414726
v 2.900002 8.999992 20.000000
v 2.842358 8.999993 20.585274
v 2.671638 8.999993 21.148048
v 2.394409 8.999993 21.666710
v 2.021320 8.999993 22.121323
v 1.566711 8.999993 22.494408
v 1.048050 8.999993 22.771637
v 0.485271 8.999993 22.942352
v -0.099998 8.999993 23.000000
v -0.685270 8.999993 22.942352
v -1.248049 8.999993 22.771637
v -1.766710 8.999993 22.494408
v -2.221319 8.999993 22.121323
v -2.594408 8.999993 21.666710
v -2.871639 8.999993 21.148048
v -3.042355 8.999993 20.585274
v -3.099998 8.999992 20.000000
v -3.042355 8.999992 19.414726
v -2.871639 8.999992 18.851952
v -2.594408 8.999992 18.333290
v -2.221319 8.999992 17.878677
v -1.766710 8.999992 17.505592
v -1.248049 8.999992 17.228363
v -0.685270 8.999992 17.057648
v -20.199997 8.999992 17.000000
v -19.614727 8.999992 17.057648
v -19.051949 8.999992 17.228363
v -18.533287 8.999992 17.505592
v -18.078678 8.999992 17.878677
v -17.705589 8.999992 18.333290
v -17.428360 8.999992 18.851952
v -17.257645 8.999992 19.414726
v -17.199997 8.999992 20.000000
v -17.257645 8.999993 20.585274
v -17.428360 8.999993 21.148048
v -17.705589 8.999993 21.666710
v -18.078678 8.999993 22.121323
v -18.533287 8.999993 22.494408
v -19.051949 8.999993 22.771637
v -19.614727 8.999993 22.942352
v -20.199997 8.999993 23.000000
v -20.785271 8.999993 22.942352
v -21.348049 8.999993 22.771637
v -21.866711 8.999993 22.494408
v -22.321320 8.999993 22.121323
v -22.694408 8.999993 21.666710
v -22.971638 8.999993 21.148048
v -23.142357 8.999993 20.585274
v -23.199997 8.999992 20.000000
v -23.142357 8.999992 19.414726
v -22.971638 8.999992 18.851952
v -22.694408 8.999992 18.333290
v -22.321320 8.999992 17.878677
v -21.866711 8.999992 17.505592
v -21.348049 8.999992 17.228363
v -20.785271 8.999992 17.057648
v 20.000000 8.999990 -3.099998
v 20.585270 8.999990 -3.042358
v 21.148048 8.999990 -2.871643
v 21.666710 8.999990 -2.594406
v 22.121319 8.999990 -2.221321
v 22.494408 8.999989 -1.766708
v 22.771637 8.999989 -1.248047
v 22.942356 8.999989 -0.685272
v 23.000000 8.999989 -0.099998
v 22.942356 8.999989 0.485275
v 22.771637 8.999990 1.048050
v 22.494408 8.999990 1.566711
v 22.121319 8.999990 2.021317
v 21.666710 8.999990 2.394409
v 21.148048 8.999990 2.671638
v 20.585270 8.999990 2.842361
v 20.000000 8.999990 2.900002
v 19.414730 8.999990 2.842361
v 18.851952 8.999990 2.671638
v 18.333290 8.999990 2.394409
v 17.878681 8.999990 2.021317
v 17.505592 8.999990 1.566711
v 17.228363 8.999990 1.048050
v 17.057644 8.999989 0.485275
v 17.000000 8.999989 -0.099998
v 17.057644 8.999989 -0.685272
v 17.228363 8.999989 -1.248047
v 17.505592 8.999989 -1.766708
v 17.878681 8.999990 -2.221321
v 18.333290 8.999990 -2.594406
v 18.851952 8.999990 -2.871643
v 19.414730 8.999990 -3.042358
v -0.099998 8.999990 -3.099998
v 0.485271 8.999990 -3.042358
v 1.048050 8.999990 -2.871643
v 1.566711 8.999990 -2.594406
v 2.021320 8.999990 -2.221321
v 2.394409 8.999989 -1.766708
v 2.671638 8.999989 -1.248047
v 2.842358 8.999989 -0.685272
v 2.900002 8.999989 -0.099998
v 2.842358 8.999989 0.485275
v 2.671638 8.999990 1.048050
v 2.394409 8.999990 1.566711
v 2.021320 8.999990 2.021317
v 1.566711 8.999990 2.394409
v 1.048050 8.999990 2.671638
v 0.485271 8.999990 2.842361
v -0.099998 8.999990 2.900002
v -0.685270 8.999990 2.842361
v -1.248049 8.999990 2.671638
v -1.766710 8.999990 2.394409
v -2.221319 8.999990 2.021317
v -2.594408 8.999990 1.566711
v -2.871639 8.999990 1.048050
v -3.042355 8.999989 0.485275
v -3.099998 8.999989 -0.099998
v -3.042355 8.999989 -0.685272
v -2.871639 8.999989 -1.248047
v -2.594408 8.999989 -1.766708
v -2.221319 8.999990 -2.221321
v -1.766710 8.999990 -2.594406
v -1.248049 8.999990 -2.871643
v -0.685270 8.999990 -3.042358
v -20.199997 8.999990 -3.099998
v -19.614727 8.999990 -3.042358
v -19.051949 8.999990 -2.871643
v -18.533287 8.999990 -2.594406
v -18.078678 8.999990 -2.221321
v -17.705589 8.999989 -1.766708
v -17.428360 8.999989 -1.248047
v -17.257645 8.999989 -0.685272
v -17.199997 8.999989 -0.099998
v -17.257645 8.999989 0.485275
v -17.428360 8.999990 1.048050
v -17.705589 8.999990 1.566711
v -18.078678 8.999990 2.021317
v -18.533287 8.999990 2.394409
v -19.051949 8.999990 2.671638
v -19.614727 8.999990 2.842361
v -20.199997 8.999990 2.900002
v -20.785271 8.999990 2.842361
v -21.348049 8.999990 2.671638
v -21.866711 8.999990 2.394409
v -22.321320 8.999990 2.021317
v -22.694408 8.999990 1.566711
v -22.971638 8.999990 1.048050
v -23.142357 8.999989 0.485275
v -23.199997 8.999989 -0.099998
v -23.142357 8.999989 -0.685272
v -22.971638 8.999989 -1.248047
v -22.694408 8.999989 -1.766708
v -22.321320 8.999990 -2.221321
v -21.866711 8.999990 -2.594406
v -21.348049 8.999990 -2.871643
v -20.785271 8.999990 -3.042358
v 20.000000 8.999987 -23.199997
v 20.585270 8.999987 -23.142357
v 21.148048 8.999987 -22.971634
v 21.666710 8.999987 -22.694412
v 22.121319 8.999987 -22.321320
v 22.494408 8.999987 -21.866714
v 22.771637 8.999987 -21.348053
v 22.942356 8.999986 -20.785271
v 23.000000 8.999986 -20.199997
v 22.942356 8.999986 -19.614731
v 22.771637 8.999986 -19.051949
v 22.494408 8.999986 -18.533287
v 22.121319 8.999986 -18.078674
v 21.666710 8.999986 -17.705589
v 21.148048 8.999986 -17.428360
v 20.585270 8.999987 -17.257645
v 20.000000 8.999987 -17.199997
v 19.414730 8.999987 -17.257645
v 18.851952 8.999986 -17.428360
v 18.333290 8.999986 -17.705589
v 17.878681 8.999986 -18.078674
v 17.505592 8.999986 -18.533287
v 17.228363 8.999986 -19.051949
v 17.057644 8.999986 -19.614731
v 17.000000 8.999986 -20.199997
v 17.057644 8.999986 -20.785271
v 17.228363 8.999987 -21.348053
v 17.505592 8.999987 -21.866714
v 17.878681 8.999987 -22.321320
v 18.333290 8.999987 -22.694412
v 18.851952 8.999987 -22.971634
v 19.414730 8.999987 -23.142357
v -0.099998 8.999987 -23.199997
v 0.485271 8.999987 -23.142357
v 1.048050 8.999987 -22.971634
v 1.566711 8.999987 -22.694412
v 2.021320 8.999987 -22.321320
v 2.394409 8.999987 -21.866714
v 2.671638 8.999987 -21.348053
v 2.842358 8.999986 -20.785271
v 2.900002 8.999986 -20.199997
v 2.842358 8.999986 -19.614731
v 2.671638 8.999986 -19.051949
v 2.394409 8.999986 -18.533287
v 2.021320 8.999986 -18.078674
v 1.566711 8.999986 -17.705589
v 1.048050 8.999986 -17.428360
v 0.485271 8.999987 -17.257645
v -0.099998 8.999987 -17.199997
v -0.685270 8.999987 -17.257645
v -1.248049 8.999986 -17.428360
v -1.766710 8.999986 -17.705589
v -2.221319 8.999986 -18.078674
v -2.594408 8.999986 -18.533287
v -2.871639 8.999986 -19.051949
v -3.042355 8.999986 -19.614731
v -3.099998 8.999986 -20.199997
v -3.042355 8.999986 -20.785271
v -2.871639 8.999987 -21.348053
v -2.594408 8.999987 -21.866714
v -2.221319 8.999987 -22.321320
v -1.766710 8.999987 -22.694412
v -1.248049 8.999987 -22.971634
v -0.685270 8.999987 -23.142357
v -20.199997 8.999987 -23.199997
v -19.614727 8.999987 -23.142357
v -19.051949 8.999987 -22.971634
v -18.533287 8.999987 -22.694412
v -18.078678 8.999987 -22.321320
v -17.705589 8.999987 -21.866714
v -17.428360 8.999987 -21.348053
v -17.257645 8.999986 -20.785271
v -17.199997 8.999986 -20.199997
v -17.257645 8.999986 -19.614731
v -17.428360 8.999986 -19.051949
v -17.705589 8.999986 -18.533287
v -18.078678 8.999986 -18.078674
v -18.533287 8.999986 -17.705589
v -19.051949 8.999986 -17.428360
v -19.614727 8.999987 -17.257645
v -20.199997 8.999987 -17.199997
v -20.785271 8.999987 -17.257645
v -21.348049 8.999986 -17.428360
v -21.866711 8.999986 -17.705589
v -22.321320 8.999986 -18.078674
v -22.694408 8.999986 -18.533287
v -22.971638 8.999986 -19.051949
v -23.142357 8.999986 -19.614731
v -23.199997 8.999986 -20.199997
v -23.142357 8.999986 -20.785271
v -22.971638 8.999987 -21.348053
v -22.694408 8.999987 -21.866714
v -22.321320 8.999987 -22.321320
v -21.866711 8.999987 -22.694412
v -21.348049 8.999987 -22.971634
v -20.785271 8.999987 -23.142357
v 4.051601 3.999989 -9.217003
v 4.000000 3.999989 -10.000000
v 4.000000 -0.000011 -10.000000
v 4.051601 -0.000011 -9.217003
v 4.204601 3.999989 -8.447197
v 4.204601 -0.000011 -8.447197
v 4.456600 3.999989 -7.703796
v 4.456600 -0.000011 -7.703796
v 4.804001 3.999989 -7.000000
v 4.804001 -0.000011 -7.000000
v 5.239601 3.999989 -6.347198
v 5.239601 -0.000011 -6.347198
v 5.757401 3.999989 -5.757401
v 5.757401 -0.000011 -5.757401
v 6.347198 3.999989 -5.239601
v 6.347198 -0.000011 -5.239601
v 7.000000 3.999989 -4.804001
v 7.000000 -0.000011 -4.804001
v 7.703800 3.999989 -4.456596
v 7.703800 -0.000011 -4.456596
v 8.447201 3.999990 -4.204597
v 8.447201 -0.000011 -4.204597
v 9.216999 3.999990 -4.051598
v 9.216999 -0.000011 -4.051598
v 10.000000 3.999990 -4.000000
v 10.000000 -0.000011 -4.000000
v 10.783001 3.999990 -4.051598
v 10.783001 -0.000011 -4.051598
v 11.552799 3.999990 -4.204597
v 11.552799 -0.000011 -4.204597
v 12.296200 3.999989 -4.456596
v 12.296200 -0.000011 -4.456596
v 13.000000 3.999989 -4.804001
v 13.000000 -0.000011 -4.804001
v 13.652802 3.999989 -5.239601
v 13.652802 -0.000011 -5.239601
v 14.242599 3.999989 -5.757401
v 14.242599 -0.000011 -5.757401
v 14.760399 3.999989 -6.347198
v 14.760399 -0.000011 -6.347198
v 15.195999 3.999989 -7.000000
v 15.195999 -0.000011 -7.000000
v 15.543400 3.999989 -7.703796
v 15.543400 -0.000011 -7.703796
v 15.795399 3.999989 -8.447197
v 15.795399 -0.000011 -8.447197
v 15.948399 3.999989 -9.217003
v 15.948399 -0.000011 -9.217003
v 16.000000 3.999989 -10.000000
v 16.000000 -0.000011 -10.000000
v 15.948399 3.999989 -10.782997
v 15.948399 -0.000011 -10.782997
v 15.795399 3.999989 -11.552803
v 15.795399 -0.000011 -11.552803
v 15.543400 3.999989 -12.296204
v 15.543400 -0.000011 -12.296204
v 15.195999 3.999989 -13.000000
v 15.195999 -0.000011 -13.000000
v 14.760399 3.999989 -13.652802
v 14.760399 -0.000011 -13.652802
v 14.242599 3.999989 -14.242599
v 14.242599 -0.000011 -14.242599
v 13.652802 3.999989 -14.760399
v 13.652802 -0.000011 -14.760399
v 13.000000 3.999989 -15.195999
v 13.000000 -0.000011 -15.195999
v 12.296200 3.999989 -15.543404
v 12.296200 -0.000011 -15.543404
v 11.552799 3.999989 -15.795403
v 11.552799 -0.000011 -15.795403
v 10.783001 3.999989 -15.948402
v 10.783001 -0.000011 -15.948402
v 10.000000 3.999989 -16.000000
v 10.000000 -0.000011 -16.000000
v 9.216999 3.999989 -15.948402
v 9.216999 -0.000011 -15.948402
v 8.447201 3.999989 -15.795403
v 8.447201 -0.000011 -15.795403
v 7.703800 3.999989 -15.543404
v 7.703800 -0.000011 -15.543404
v 7.000000 3.999989 -15.195999
v 7.000000 -0.000011 -15.195999
v 6.347198 3.999989 -14.760399
v 6.347198 -0.000011 -14.760399
v 5.757401 3.999989 -14.242599
v 5.757401 -0.000011 -14.242599
v 5.239601 3.999989 -13.652802
v 5.239601 -0.000011 -13.652802
v 4.804001 3.999989 -13.000000
v 4.804001 -0.000011 -13.000000
v 4.456600 3.999989 -12.296204
v 4.456600 -0.000011 -12.296204
v 4.204601 3.999989 -11.552803
v 4.204601 -0.000011 -11.552803
v 4.051601 3.999989 -10.782997
v 4.051601 -0.000011 -10.782997
v 2.068802 3.999989 -8.956001
v 2.000000 3.999989 -10.000000
v 2.000000 -0.000011 -10.000000
v 2.068802 -0.000011 -8.956001
v 2.272800 3.999988 -7.929604
v 2.272800 -0.000011 -7.929604
v 2.608799 3.999989 -6.938400
v 2.608799 -0.000011 -6.938400
v 3.071999 3.999989 -6.000000
v 3.071999 -0.000011 -6.000000
v 3.652802 3.999989 -5.129601
v 3.652802 -0.000011 -5.129601
v 4.343201 3.999989 -4.343201
v 4.343201 -0.000011 -4.343201
v 5.129601 3.999990 -3.652802
v 5.129601 -0.000011 -3.652802
v 6.000000 3.999990 -3.071999
v 6.000000 -0.000011 -3.071999
v 6.938400 3.999990 -2.608803
v 6.938400 -0.000009 -2.608803
v 7.929600 3.999990 -2.272797
v 7.929600 -0.000009 -2.272797
v 8.956001 3.999990 -2.068802
v 8.956001 -0.000009 -2.068802
v 10.000000 3.999990 -2.000000
v 10.000000 -0.000009 -2.000000
v 11.043999 3.999990 -2.068802
v 11.043999 -0.000009 -2.068802
v 12.070400 3.999990 -2.272797
v 12.070400 -0.000009 -2.272797
v 13.061600 3.999990 -2.608803
v 13.061600 -0.000009 -2.608803
v 14.000000 3.999990 -3.071999
v 14.000000 -0.000011 -3.071999
v 14.870399 3.999990 -3.652802
v 14.870399 -0.000011 -3.652802
v 15.656799 3.999989 -4.343201
v 15.656799 -0.000011 -4.343201
v 16.347198 3.999989 -5.129601
v 16.347198 -0.000011 -5.129601
v 16.928001 3.999989 -6.000000
v 16.928001 -0.000011 -6.000000
v 17.391201 3.999989 -6.938400
v 17.391201 -0.000011 -6.938400
v 17.727200 3.999988 -7.929604
v 17.727200 -0.000011 -7.929604
v 17.931198 3.999989 -8.956001
v 17.931198 -0.000011 -8.956001
v 18.000000 3.999989 -10.000000
v 18.000000 -0.000011 -10.000000
v 17.931198 3.999989 -11.043999
v 17.931198 -0.000011 -11.043999
v 17.727200 3.999989 -12.070396
v 17.727200 -0.000011 -12.070396
v 17.391201 3.999989 -13.061600
v 17.391201 -0.000011 -13.061600
v 16.928001 3.999989 -14.000000
v 16.928001 -0.000011 -14.000000
v 16.347198 3.999989 -14.870399
v 16.347198 -0.000011 -14.870399
v 15.656799 3.999989 -15.656799
v 15.656799 -0.000011 -15.656799
v 14.870399 3.999989 -16.347198
v 14.870399 -0.000013 -16.347198
v 14.000000 3.999987 -16.928001
v 14.000000 -0.000013 -16.928001
v 13.061600 3.999987 -17.391197
v 13.061600 -0.000013 -17.391197
v 12.070400 3.999987 -17.727203
v 12.070400 -0.000013 -17.727203
v 11.043999 3.999987 -17.931198
v 11.043999 -0.000013 -17.931198
v 10.000000 3.999987 -18.000000
v 10.000000 -0.000013 -18.000000
v 8.956001 3.999987 -17.931198
v 8.956001 -0.000013 -17.931198
v 7.929600 3.999987 -17.727203
v 7.929600 -0.000013 -17.727203
v 6.938400 3.999987 -17.391197
v 6.938400 -0.000013 -17.391197
v 6.000000 3.999987 -16.928001
v 6.000000 -0.000013 -16.928001
v 5.129601 3.999989 -16.347198
v 5.129601 -0.000013 -16.347198
v 4.343201 3.999989 -15.656799
v 4.343201 -0.000011 -15.656799
v 3.652802 3.999989 -14.870399
v 3.652802 -0.000011 -14.870399
v 3.071999 3.999989 -14.000000
v 3.071999 -0.000011 -14.000000
v 2.608799 3.999989 -13.061600
v 2.608799 -0.000011 -13.061600
v 2.272800 3.999989 -12.070396
v 2.272800 -0.000011 -12.070396
v 2.068802 3.999989 -11.043999
v 2.068802 -0.000011 -11.043999
v 4.000000 -0.000011 -10.000000
v 4.051601 -0.000011 -9.217003
v 2.068802 -0.000011 -8.956001
v 2.000000 -0.000011 -10.000000
v 4.204601 -0.000011 -8.447197
v 2.272800 -0.000011 -7.929604
v 4.456600 -0.000011 -7.703796
v 2.608799 -0.000011 -6.938400
v 4.804001 -0.000011 -7.000000
v 3.071999 -0.000011 -6.000000
v 5.239601 -0.000011 -6.347198
v 3.652802 -0.000011 -5.129601
v 5.757401 -0.000011 -5.757401
v 4.343201 -0.000011 -4.343201
v 6.347198 -0.000011 -5.239601
v 5.129601 -0.000011 -3.652802
v 7.000000 -0.000011 -4.804001
v 6.000000 -0.000011 -3.071999
v 7.703800 -0.000011 -4.456596
v 6.938400 -0.000009 -2.608803
v 8.447201 -0.000011 -4.204597
v 7.929600 -0.000009 -2.272797
v 9.216999 -0.000011 -4.051598
v 8.956001 -0.000009 -2.068802
v 10.000000 -0.000011 -4.000000
v 10.000000 -0.000009 -2.000000
v 10.783001 -0.000011 -4.051598
v 11.043999 -0.000009 -2.068802
v 11.552799 -0.000011 -4.204597
v 12.070400 -0.000009 -2.272797
v 12.296200 -0.000011 -4.456596
v 13.061600 -0.000009 -2.608803
v 13.000000 -0.000011 -4.804001
v 14.000000 -0.000011 -3.071999
v 13.652802 -0.000011 -5.239601
v 14.870399 -0.000011 -3.652802
v 14.242599 -0.000011 -5.757401
v 15.656799 -0.000011 -4.343201
v 14.760399 -0.000011 -6.347198
v 16.347198 -0.000011 -5.129601
v 15.195999 -0.000011 -7.000000
v 16.928001 -0.000011 -6.000000
v 15.543400 -0.000011 -7.703796
v 17.391201 -0.000011 -6.938400
v 15.795399 -0.000011 -8.447197
v 17.727200 -0.000011 -7.929604
v 15.948399 -0.000011 -9.217003
v 17.931198 -0.000011 -8.956001
v 16.000000 -0.000011 -10.000000
v 18.000000 -0.000011 -10.000000
v 15.948399 -0.000011 -10.782997
v 17.931198 -0.000011 -11.043999
v 15.795399 -0.000011 -11.552803
v 17.727200 -0.000011 -12.070396
v 15.543400 -0.000011 -12.296204
v 17.391201 -0.000011 -13.061600
v 15.195999 -0.000011 -13.000000
v 16.928001 -0.000011 -14.000000
v 14.760399 -0.000011 -13.652802
v 16.347198 -0.000011 -14.870399
v 14.242599 -0.000011 -14.242599
v 15.656799 -0.000011 -15.656799
v 13.652802 -0.000011 -14.760399
v 14.870399 -0.000013 -16.347198
v 13.000000 -0.000011 -15.195999
v 14.000000 -0.000013 -16.928001
v 12.296200 -0.000011 -15.543404
v 13.061600 -0.000013 -17.391197
v 11.552799 -0.000011 -15.795403
v 12.070400 -0.000013 -17.727203
v 10.783001 -0.000011 -15.948402
v 11.043999 -0.000013 -17.931198
v 10.000000 -0.000011 -16.000000
v 10.000000 -0.000013 -18.000000
v 9.216999 -0.000011 -15.948402
v 8.956001 -0.000013 -17.931198
v 8.447201 -0.000011 -15.795403
v 7.929600 -0.000013 -17.727203
v 7.703800 -0.000011 -15.543404
v 6.938400 -0.000013 -17.391197
v 7.000000 -0.000011 -15.195999
v 6.000000 -0.000013 -16.928001
v 6.347198 -0.000011 -14.760399
v 5.129601 -0.000013 -16.347198
v 5.757401 -0.000011 -14.242599
v 4.343201 -0.000011 -15.656799
v 5.239601 -0.000011 -13.652802
v 3.652802 -0.000011 -14.870399
v 4.804001 -0.000011 -13.000000
v 3.071999 -0.000011 -14.000000
v 4.456600 -0.000011 -12.296204
v 2.608799 -0.000011 -13.061600
v 4.204601 -0.000011 -11.552803
v 2.272800 -0.000011 -12.070396
v 4.051601 -0.000011 -10.782997
v 2.068802 -0.000011 -11.043999
v -15.948400 3.999989 -9.217003
v -16.000000 3.999989 -10.000000
v -16.000000 -0.000011 -10.000000
v -15.948400 -0.000011 -9.217003
v -15.795400 3.999989 -8.447197
v -15.795400 -0.000011 -8.447197
v -15.543400 3.999989 -7.703796
v -15.543400 -0.000011 -7.703796
v -15.196000 3.999989 -7.000000
v -15.196000 -0.000011 -7.000000
v -14.760400 3.999989 -6.347198
v -14.760400 -0.000011 -6.347198
v -14.242600 3.999989 -5.757401
v -14.242600 -0.000011 -5.757401
v -13.652800 3.999989 -5.239601
v -13.652800 -0.000011 -5.239601
v -13.000000 3.999989 -4.804001
v -13.000000 -0.000011 -4.804001
v -12.296200 3.999989 -4.456596
v -12.296200 -0.000011 -4.456596
v -11.552799 3.999990 -4.204597
v -11.552799 -0.000011 -4.204597
v -10.783001 3.999990 -4.051598
v -10.783001 -0.000011 -4.051598
v -10.000000 3.999990 -4.000000
v -10.000000 -0.000011 -4.000000
v -9.216999 3.999990 -4.051598
v -9.216999 -0.000011 -4.051598
v -8.447201 3.999990 -4.204597
v -8.447201 -0.000011 -4.204597
v -7.703800 3.999989 -4.456596
v -7.703800 -0.000011 -4.456596
v -7.000000 3.999989 -4.804001
v -7.000000 -0.000011 -4.804001
v -6.347200 3.999989 -5.239601
v -6.347200 -0.000011 -5.239601
v -5.757401 3.999989 -5.757401
v -5.757401 -0.000011 -5.757401
v -5.239599 3.999989 -6.347198
v -5.239599 -0.000011 -6.347198
v -4.804001 3.999989 -7.000000
v -4.804001 -0.000011 -7.000000
v -4.456600 3.999989 -7.703796
v -4.456600 -0.000011 -7.703796
v -4.204599 3.999989 -8.447197
v -4.204599 -0.000011 -8.447197
v -4.051600 3.999989 -9.217003
v -4.051600 -0.000011 -9.217003
v -4.000000 3.999989 -10.000000
v -4.000000 -0.000011 -10.000000
v -4.051600 3.999989 -10.782997
v -4.051600 -0.000011 -10.782997
v -4.204599 3.999989 -11.552803
v -4.204599 -0.000011 -11.552803
v -4.456600 3.999989 -12.296204
v -4.456600 -0.000011 -12.296204
v -4.804001 3.999989 -13.000000
v -4.804001 -0.000011 -13.000000
v -5.239599 3.999989 -13.652802
v -5.239599 -0.000011 -13.652802
v -5.757401 3.999989 -14.242599
v -5.757401 -0.000011 -14.242599
v -6.347200 3.999989 -14.760399
v -6.347200 -0.000011 -14.760399
v -7.000000 3.999989 -15.195999
v -7.000000 -0.000011 -15.195999
v -7.703800 3.999989 -15.543404
v -7.703800 -0.000011 -15.543404
v -8.447201 3.999989 -15.795403
v -8.447201 -0.000011 -15.795403
v -9.216999 3.999989 -15.948402
v -9.216999 -0.000011 -15.948402
v -10.000000 3.999989 -16.000000
v -10.000000 -0.000011 -16.000000
v -10.783001 3.999989 -15.948402
v -10.783001 -0.000011 -15.948402
v -11.552799 3.999989 -15.795403
v -11.552799 -0.000011 -15.795403
v -12.296200 3.999989 -15.543404
v -12.296200 -0.000011 -15.543404
v -13.000000 3.999989 -15.195999
v -13.000000 -0.000011 -15.195999
v -13.652800 3.999989 -14.760399
v -13.652800 -0.000011 -14.760399
v -14.242600 3.999989 -14.242599
v -14.242600 -0.000011 -14.242599
v -14.760400 3.999989 -13.652802
v -14.760400 -0.000011 -13.652802
v -15.196000 3.999989 -13.000000
v -15.196000 -0.000011 -13.000000
v -15.543400 3.999989 -12.296204
v -15.543400 -0.000011 -12.296204
v -15.795400 3.999989 -11.552803
v -15.795400 -0.000011 -11.552803
v -15.948400 3.999989 -10.782997
v -15.948400 -0.000011 -10.782997
v -17.931200 3.999989 -8.956001
v -18.000000 3.999989 -10.000000
v -18.000000 -0.000011 -10.000000
v -17.931200 -0.000011 -8.956001
v -17.727200 3.999988 -7.929604
v -17.727200 -0.000011 -7.929604
v -17.391201 3.999989 -6.938400
v -17.391201 -0.000011 -6.938400
v -16.928001 3.999989 -6.000000
v -16.928001 -0.000011 -6.000000
v -16.347200 3.999989 -5.129601
v -16.347200 -0.000011 -5.129601
v -15.656800 3.999989 -4.343201
v -15.656800 -0.000011 -4.343201
v -14.870400 3.999990 -3.652802
v -14.870400 -0.000011 -3.652802
v -14.000000 3.999990 -3.071999
v -14.000000 -0.000011 -3.071999
v -13.061600 3.999990 -2.608803
v -13.061600 -0.000009 -2.608803
v -12.070400 3.999990 -2.272797
v -12.070400 -0.000009 -2.272797
v -11.044001 3.999990 -2.068802
v -11.044001 -0.000009 -2.068802
v -10.000000 3.999990 -2.000000
v -10.000000 -0.000009 -2.000000
v -8.955999 3.999990 -2.068802
v -8.955999 -0.000009 -2.068802
v -7.929600 3.999990 -2.272797
v -7.929600 -0.000009 -2.272797
v -6.938400 3.999990 -2.608803
v -6.938400 -0.000009 -2.608803
v -6.000000 3.999990 -3.071999
v -6.000000 -0.000011 -3.071999
v -5.129601 3.999990 -3.652802
v -5.129601 -0.000011 -3.652802
v -4.343201 3.999989 -4.343201
v -4.343201 -0.000011 -4.343201
v -3.652800 3.999989 -5.129601
v -3.652800 -0.000011 -5.129601
v -3.072001 3.999989 -6.000000
v -3.072001 -0.000011 -6.000000
v -2.608801 3.999989 -6.938400
v -2.608801 -0.000011 -6.938400
v -2.272800 3.999988 -7.929604
v -2.272800 -0.000011 -7.929604
v -2.068800 3.999989 -8.956001
v -2.068800 -0.000011 -8.956001
v -2.000000 3.999989 -10.000000
v -2.000000 -0.000011 -10.000000
v -2.068800 3.999989 -11.043999
v -2.068800 -0.000011 -11.043999
v -2.272800 3.999989 -12.070396
v -2.272800 -0.000011 -12.070396
v -2.608801 3.999989 -13.061600
v -2.608801 -0.000011 -13.061600
v -3.072001 3.999989 -14.000000
v -3.072001 -0.000011 -14.000000
v -3.652800 3.999989 -14.870399
v -3.652800 -0.000011 -14.870399
v -4.343201 3.999989 -15.656799
v -4.343201 -0.000011 -15.656799
v -5.129601 3.999989 -16.347198
v -5.129601 -0.000013 -16.347198
v -6.000000 3.999987 -16.928001
v -6.000000 -0.000013 -16.928001
v -6.938400 3.999987 -17.391197
v -6.938400 -0.000013 -17.391197
v -7.929600 3.999987 -17.727203
v -7.929600 -0.000013 -17.727203
v -8.955999 3.999987 -17.931198
v -8.955999 -0.000013 -17.931198
v -10.000000 3.999987 -18.000000
v -10.000000 -0.000013 -18.000000
v -11.044001 3.999987 -17.931198
v -11.044001 -0.000013 -17.931198
v -12.070400 3.999987 -17.727203
v -12.070400 -0.000013 -17.727203
v -13.061600 3.999987 -17.391197
v -13.061600 -0.000013 -17.391197
v -14.000000 3.999987 -16.928001
v -14.000000 -0.000013 -16.928001
v -14.870400 3.999989 -16.347198
v -14.870400 -0.000013 -16.347198
v -15.656800 3.999989 -15.656799
v -15.656800 -0.000011 -15.656799
v -16.347200 3.999989 -14.870399
v -16.347200 -0.000011 -14.870399
v -16.928001 3.999989 -14.000000
v -16.928001 -0.000011 -14.000000
v -17.391201 3.999989 -13.061600
v -17.391201 -0.000011 -13.061600
v -17.727200 3.999989 -12.070396
v -17.727200 -0.000011 -12.070396
v -17.931200 3.999989 -11.043999
v -17.931200 -0.000011 -11.043999
v -16.000000 -0.000011 -10.000000
v -15.948400 -0.000011 -9.217003
v -17.931200 -0.000011 -8.956001
v -18.000000 -0.000011 -10.000000
v -15.795400 -0.000011 -8.447197
v -17.727200 -0.000011 -7.929604
v -15.543400 -0.000011 -7.703796
v -17.391201 -0.000011 -6.938400
v -15.196000 -0.000011 -7.000000
v -16.928001 -0.000011 -6.000000
v -14.760400 -0.000011 -6.347198
v -16.347200 -0.000011 -5.129601
v -14.242600 -0.000011 -5.757401
v -15.656800 -0.000011 -4.343201
v -13.652800 -0.000011 -5.239601
v -14.870400 -0.000011 -3.652802
v -13.000000 -0.000011 -4.804001
v -14.000000 -0.000011 -3.071999
v -12.296200 -0.000011 -4.456596
v -13.061600 -0.000009 -2.608803
v -11.552799 -0.000011 -4.204597
v -12.070400 -0.000009 -2.272797
v -10.783001 -0.000011 -4.051598
v -11.044001 -0.000009 -2.068802
v -10.000000 -0.000011 -4.000000
v -10.000000 -0.000009 -2.000000
v -9.216999 -0.000011 -4.051598
v -8.955999 -0.000009 -2.068802
v -8.447201 -0.000011 -4.204597
v -7.929600 -0.000009 -2.272797
v -7.703800 -0.000011 -4.456596
v -6.938400 -0.000009 -2.608803
v -7.000000 -0.000011 -4.804001
v -6.000000 -0.000011 -3.071999
v -6.347200 -0.000011 -5.239601
v -5.129601 -0.000011 -3.652802
v -5.757401 -0.000011 -5.757401
v -4.343201 -0.000011 -4.343201
v -5.239599 -0.000011 -6.347198
v -3.652800 -0.000011 -5.129601
v -4.804001 -0.000011 -7.000000
v -3.072001 -0.000011 -6.000000
v -4.456600 -0.000011 -7.703796
v -2.608801 -0.000011 -6.938400
v -4.204599 -0.000011 -8.447197
v -2.272800 -0.000011 -7.929604
v -4.051600 -0.000011 -9.217003
v -2.068800 -0.000011 -8.956001
v -4.000000 -0.000011 -10.000000
v -2.000000 -0.000011 -10.000000
v -4.051600 -0.000011 -10.782997
v -2.068800 -0.000011 -11.043999
v -4.204599 -0.000011 -11.552803
v -2.272800 -0.000011 -12.070396
v -4.456600 -0.000011 -12.296204
v -2.608801 -0.000011 -13.061600
v -4.804001 -0.000011 -13.000000
v -3.072001 -0.000011 -14.000000
v -5.239599 -0.000011 -13.652802
v -3.652800 -0.000011 -14.870399
v -5.757401 -0.000011 -14.242599
v -4.343201 -0.000011 -15.656799
v -6.347200 -0.000011 -14.760399
v -5.129601 -0.000013 -16.347198
v -7.000000 -0.000011 -15.195999
v -6.000000 -0.000013 -16.928001
v -7.703800 -0.000011 -15.543404
v -6.938400 -0.000013 -17.391197
v -8.447201 -0.000011 -15.795403
v -7.929600 -0.000013 -17.727203
v -9.216999 -0.000011 -15.948402
v -8.955999 -0.000013 -17.931198
v -10.000000 -0.000011 -16.000000
v -10.000000 -0.000013 -18.000000
v -10.783001 -0.000011 -15.948402
v -11.044001 -0.000013 -17.931198
v -11.552799 -0.000011 -15.795403
v -12.070400 -0.000013 -17.727203
v -12.296200 -0.000011 -15.543404
v -13.061600 -0.000013 -17.391197
v -13.000000 -0.000011 -15.195999
v -14.000000 -0.000013 -16.928001
v -13.652800 -0.000011 -14.760399
v -14.870400 -0.000013 -16.347198
v -14.242600 -0.000011 -14.242599
v -15.656800 -0.000011 -15.656799
v -14.760400 -0.000011 -13.652802
v -16.347200 -0.000011 -14.870399
v -15.196000 -0.000011 -13.000000
v -16.928001 -0.000011 -14.000000
v -15.543400 -0.000011 -12.296204
v -17.391201 -0.000011 -13.061600
v -15.795400 -0.000011 -11.552803
v -17.727200 -0.000011 -12.070396
v -15.948400 -0.000011 -10.782997
v -17.931200 -0.000011 -11.043999
v 4.051601 3.999991 10.782997
v 4.000000 3.999991 10.000000
v 4.000000 -0.000009 10.000000
v 4.051601 -0.000007 10.782997
v 4.204601 3.999991 11.552803
v 4.204601 -0.000007 11.552803
v 4.456600 3.999993 12.296204
v 4.456600 -0.000007 12.296204
v 4.804001 3.999993 13.000000
v 4.804001 -0.000007 13.000000
v 5.239601 3.999992 13.652802
v 5.239601 -0.000007 13.652802
v 5.757401 3.999992 14.242599
v 5.757401 -0.000007 14.242599
v 6.347198 3.999992 14.760399
v 6.347198 -0.000007 14.760399
v 7.000000 3.999992 15.195999
v 7.000000 -0.000007 15.195999
v 7.703800 3.999992 15.543404
v 7.703800 -0.000007 15.543404
v 8.447201 3.999992 15.795403
v 8.447201 -0.000007 15.795403
v 9.216999 3.999992 15.948402
v 9.216999 -0.000007 15.948402
v 10.000000 3.999992 16.000000
v 10.000000 -0.000007 16.000000
v 10.783001 3.999992 15.948402
v 10.783001 -0.000007 15.948402
v 11.552799 3.999992 15.795403
v 11.552799 -0.000007 15.795403
v 12.296200 3.999992 15.543404
v 12.296200 -0.000007 15.543404
v 13.000000 3.999992 15.195999
v 13.000000 -0.000007 15.195999
v 13.652802 3.999992 14.760399
v 13.652802 -0.000007 14.760399
v 14.242599 3.999992 14.242599
v 14.242599 -0.000007 14.242599
v 14.760399 3.999992 13.652802
v 14.760399 -0.000007 13.652802
v 15.195999 3.999993 13.000000
v 15.195999 -0.000007 13.000000
v 15.543400 3.999993 12.296204
v 15.543400 -0.000007 12.296204
v 15.795399 3.999991 11.552803
v 15.795399 -0.000007 11.552803
v 15.948399 3.999991 10.782997
v 15.948399 -0.000007 10.782997
v 16.000000 3.999991 10.000000
v 16.000000 -0.000009 10.000000
v 15.948399 3.999991 9.217003
v 15.948399 -0.000009 9.217003
v 15.795399 3.999991 8.447197
v 15.795399 -0.000009 8.447197
v 15.543400 3.999991 7.703796
v 15.543400 -0.000009 7.703796
v 15.195999 3.999991 7.000000
v 15.195999 -0.000009 7.000000
v 14.760399 3.999991 6.347198
v 14.760399 -0.000009 6.347198
v 14.242599 3.999991 5.757401
v 14.242599 -0.000009 5.757401
v 13.652802 3.999991 5.239601
v 13.652802 -0.000009 5.239601
v 13.000000 3.999991 4.804001
v 13.000000 -0.000009 4.804001
v 12.296200 3.999990 4.456596
v 12.296200 -0.000009 4.456596
v 11.552799 3.999990 4.204597
v 11.552799 -0.000009 4.204597
v 10.783001 3.999990 4.051598
v 10.783001 -0.000009 4.051598
v 10.000000 3.999990 4.000000
v 10.000000 -0.000009 4.000000
v 9.216999 3.999990 4.051598
v 9.216999 -0.000009 4.051598
v 8.447201 3.999990 4.204597
v 8.447201 -0.000009 4.204597
v 7.703800 3.999990 4.456596
v 7.703800 -0.000009 4.456596
v 7.000000 3.999991 4.804001
v 7.000000 -0.000009 4.804001
v 6.347198 3.999991 5.239601
v 6.347198 -0.000009 5.239601
v 5.757401 3.999991 5.757401
v 5.757401 -0.000009 5.757401
v 5.239601 3.999991 6.347198
v 5.239601 -0.000009 6.347198
v 4.804001 3.999991 7.000000
v 4.804001 -0.000009 7.000000
v 4.456600 3.999991 7.703796
v 4.456600 -0.000009 7.703796
v 4.204601 3.999991 8.447197
v 4.204601 -0.000009 8.447197
v 4.051601 3.999991 9.217003
v 4.051601 -0.000009 9.217003
v 2.068802 3.999991 11.043999
v 2.000000 3.999991 10.000000
v 2.000000 -0.000009 10.000000
v 2.068802 -0.000007 11.043999
v 2.272800 3.999993 12.070396
v 2.272800 -0.000007 12.070396
v 2.608799 3.999993 13.061600
v 2.608799 -0.000007 13.061600
v 3.071999 3.999992 14.000000
v 3.071999 -0.000007 14.000000
v 3.652802 3.999992 14.870399
v 3.652802 -0.000007 14.870399
v 4.343201 3.999992 15.656799
v 4.343201 -0.000007 15.656799
v 5.129601 3.999992 16.347198
v 5.129601 -0.000007 16.347198
v 6.000000 3.999992 16.928001
v 6.000000 -0.000007 16.928001
v 6.938400 3.999993 17.391197
v 6.938400 -0.000007 17.391197
v 7.929600 3.999993 17.727203
v 7.929600 -0.000007 17.727203
v 8.956001 3.999993 17.931198
v 8.956001 -0.000007 17.931198
v 10.000000 3.999993 18.000000
v 10.000000 -0.000007 18.000000
v 11.043999 3.999993 17.931198
v 11.043999 -0.000007 17.931198
v 12.070400 3.999993 17.727203
v 12.070400 -0.000007 17.727203
v 13.061600 3.999993 17.391197
v 13.061600 -0.000007 17.391197
v 14.000000 3.999992 16.928001
v 14.000000 -0.000007 16.928001
v 14.870399 3.999992 16.347198
v 14.870399 -0.000007 16.347198
v 15.656799 3.999992 15.656799
v 15.656799 -0.000007 15.656799
v 16.347198 3.999992 14.870399
v 16.347198 -0.000007 14.870399
v 16.928001 3.999992 14.000000
v 16.928001 -0.000007 14.000000
v 17.391201 3.999993 13.061600
v 17.391201 -0.000007 13.061600
v 17.727200 3.999993 12.070396
v 17.727200 -0.000007 12.070396
v 17.931198 3.999991 11.043999
v 17.931198 -0.000007 11.043999
v 18.000000 3.999991 10.000000
v 18.000000 -0.000009 10.000000
v 17.931198 3.999991 8.956001
v 17.931198 -0.000009 8.956001
v 17.727200 3.999991 7.929604
v 17.727200 -0.000009 7.929604
v 17.391201 3.999991 6.938400
v 17.391201 -0.000009 6.938400
v 16.928001 3.999991 6.000000
v 16.928001 -0.000009 6.000000
v 16.347198 3.999991 5.129601
v 16.347198 -0.000009 5.129601
v 15.656799 3.999990 4.343201
v 15.656799 -0.000009 4.343201
v 14.870399 3.999990 3.652802
v 14.870399 -0.000009 3.652802
v 14.000000 3.999990 3.071999
v 14.000000 -0.000009 3.071999
v 13.061600 3.999991 2.608803
v 13.061600 -0.000009 2.608803
v 12.070400 3.999991 2.272797
v 12.070400 -0.000009 2.272797
v 11.043999 3.999991 2.068802
v 11.043999 -0.000009 2.068802
v 10.000000 3.999991 2.000000
v 10.000000 -0.000009 2.000000
v 8.956001 3.999991 2.068802
v 8.956001 -0.000009 2.068802
v 7.929600 3.999991 2.272797
v 7.929600 -0.000009 2.272797
v 6.938400 3.999991 2.608803
v 6.938400 -0.000009 2.608803
v 6.000000 3.999990 3.071999
v 6.000000 -0.000009 3.071999
v 5.129601 3.999990 3.652802
v 5.129601 -0.000009 3.652802
v 4.343201 3.999990 4.343201
v 4.343201 -0.000009 4.343201
v 3.652802 3.999991 5.129601
v 3.652802 -0.000009 5.129601
v 3.071999 3.999991 6.000000
v 3.071999 -0.000009 6.000000
v 2.608799 3.999991 6.938400
v 2.608799 -0.000009 6.938400
v 2.272800 3.999991 7.929604
v 2.272800 -0.000009 7.929604
v 2.068802 3.999991 8.956001
v 2.068802 -0.000009 8.956001
v 4.000000 -0.000009 10.000000
v 4.051601 -0.000007 10.782997
v 2.068802 -0.000007 11.043999
v 2.000000 -0.000009 10.000000
v 4.204601 -0.000007 11.552803
v 2.272800 -0.000007 12.070396
v 4.456600 -0.000007 12.296204
v 2.608799 -0.000007 13.061600
v 4.804001 -0.000007 13.000000
v 3.071999 -0.000007 14.000000
v 5.239601 -0.000007 13.652802
v 3.652802 -0.000007 14.870399
v 5.757401 -0.000007 14.242599
v 4.343201 -0.000007 15.656799
v 6.347198 -0.000007 14.760399
v 5.129601 -0.000007 16.347198
v 7.000000 -0.000007 15.195999
v 6.000000 -0.000007 16.928001
v 7.703800 -0.000007 15.543404
v 6.938400 -0.000007 17.391197
v 8.447201 -0.000007 15.795403
v 7.929600 -0.000007 17.727203
v 9.216999 -0.000007 15.948402
v 8.956001 -0.000007 17.931198
v 10.000000 -0.000007 16.000000
v 10.000000 -0.000007 18.000000
v 10.783001 -0.000007 15.948402
v 11.043999 -0.000007 17.931198
v 11.552799 -0.000007 15.795403
v 12.070400 -0.000007 17.727203
v 12.296200 -0.000007 15.543404
v 13.061600 -0.000007 17.391197
v 13.000000 -0.000007 15.195999
v 14.000000 -0.000007 16.928001
v 13.652802 -0.000007 14.760399
v 14.870399 -0.000007 16.347198
v 14.242599 -0.000007 14.242599
v 15.656799 -0.000007 15.656799
v 14.760399 -0.000007 13.652802
v 16.347198 -0.000007 14.870399
v 15.195999 -0.000007 13.000000
v 16.928001 -0.000007 14.000000
v 15.543400 -0.000007 12.296204
v 17.391201 -0.000007 13.061600
v 15.795399 -0.000007 11.552803
v 17.727200 -0.000007 12.070396
v 15.948399 -0.000007 10.782997
v 17.931198 -0.000007 11.043999
v 16.000000 -0.000009 10.000000
v 18.000000 -0.000009 10.000000
v 15.948399 -0.000009 9.217003
v 17.931198 -0.000009 8.956001
v 15.795399 -0.000009 8.447197
v 17.727200 -0.000009 7.929604
v 15.543400 -0.000009 7.703796
v 17.391201 -0.000009 6.938400
v 15.195999 -0.000009 7.000000
v 16.928001 -0.000009 6.000000
v 14.760399 -0.000009 6.347198
v 16.347198 -0.000009 5.129601
v 14.242599 -0.000009 5.757401
v 15.656799 -0.000009 4.343201
v 13.652802 -0.000009 5.239601
v 14.870399 -0.000009 3.652802
v 13.000000 -0.000009 4.804001
v 14.000000 -0.000009 3.071999
v 12.296200 -0.000009 4.456596
v 13.061600 -0.000009 2.608803
v 11.552799 -0.000009 4.204597
v 12.070400 -0.000009 2.272797
v 10.783001 -0.000009 4.051598
v 11.043999 -0.000009 2.068802
v 10.000000 -0.000009 4.000000
v 10.000000 -0.000009 2.000000
v 9.216999 -0.000009 4.051598
v 8.956001 -0.000009 2.068802
v 8.447201 -0.000009 4.204597
v 7.929600 -0.000009 2.272797
v 7.703800 -0.000009 4.456596
v 6.938400 -0.000009 2.608803
v 7.000000 -0.000009 4.804001
v 6.000000 -0.000009 3.071999
v 6.347198 -0.000009 5.239601
v 5.129601 -0.000009 3.652802
v 5.757401 -0.000009 5.757401
v 4.343201 -0.000009 4.343201
v 5.239601 -0.000009 6.347198
v 3.652802 -0.000009 5.129601
v 4.804001 -0.000009 7.000000
v 3.071999 -0.000009 6.000000
v 4.456600 -0.000009 7.703796
v 2.608799 -0.000009 6.938400
v 4.204601 -0.000009 8.447197
v 2.272800 -0.000009 7.929604
v 4.051601 -0.000009 9.217003
v 2.068802 -0.000009 8.956001
v -15.948400 3.999991 10.782997
v -16.000000 3.999991 10.000000
v -16.000000 -0.000009 10.000000
v -15.948400 -0.000007 10.782997
v -15.795400 3.999991 11.552803
v -15.795400 -0.000007 11.552803
v -15.543400 3.999993 12.296204
v -15.543400 -0.000007 12.296204
v -15.196000 3.999993 13.000000
v -15.196000 -0.000007 13.000000
v -14.760400 3.999992 13.652802
v -14.760400 -0.000007 13.652802
v -14.242600 3.999992 14.242599
v -14.242600 -0.000007 14.242599
v -13.652800 3.999992 14.760399
v -13.652800 -0.000007 14.760399
v -13.000000 3.999992 15.195999
v -13.000000 -0.000007 15.195999
v -12.296200 3.999992 15.543404
v -12.296200 -0.000007 15.543404
v -11.552799 3.999992 15.795403
v -11.552799 -0.000007 15.795403
v -10.783001 3.999992 15.948402
v -10.783001 -0.000007 15.948402
v -10.000000 3.999992 16.000000
v -10.000000 -0.000007 16.000000
v -9.216999 3.999992 15.948402
v -9.216999 -0.000007 15.948402
v -8.447201 3.999992 15.795403
v -8.447201 -0.000007 15.795403
v -7.703800 3.999992 15.543404
v -7.703800 -0.000007 15.543404
v -7.000000 3.999992 15.195999
v -7.000000 -0.000007 15.195999
v -6.347200 3.999992 14.760399
v -6.347200 -0.000007 14.760399
v -5.757401 3.999992 14.242599
v -5.757401 -0.000007 14.242599
v -5.239599 3.999992 13.652802
v -5.239599 -0.000007 13.652802
v -4.804001 3.999993 13.000000
v -4.804001 -0.000007 13.000000
v -4.456600 3.999993 12.296204
v -4.456600 -0.000007 12.296204
v -4.204599 3.999991 11.552803
v -4.204599 -0.000007 11.552803
v -4.051600 3.999991 10.782997
v -4.051600 -0.000007 10.782997
v -4.000000 3.999991 10.000000
v -4.000000 -0.000009 10.000000
v -4.051600 3.999991 9.217003
v -4.051600 -0.000009 9.217003
v -4.204599 3.999991 8.447197
v -4.204599 -0.000009 8.447197
v -4.456600 3.999991 7.703796
v -4.456600 -0.000009 7.703796
v -4.804001 3.999991 7.000000
v -4.804001 -0.000009 7.000000
v -5.239599 3.999991 6.347198
v -5.239599 -0.000009 6.347198
v -5.757401 3.999991 5.757401
v -5.757401 -0.000009 5.757401
v -6.347200 3.999991 5.239601
v -6.347200 -0.000009 5.239601
v -7.000000 3.999991 4.804001
v -7.000000 -0.000009 4.804001
v -7.703800 3.999990 4.456596
v -7.703800 -0.000009 4.456596
v -8.447201 3.999990 4.204597
v -8.447201 -0.000009 4.204597
v -9.216999 3.999990 4.051598
v -9.216999 -0.000009 4.051598
v -10.000000 3.999990 4.000000
v -10.000000 -0.000009 4.000000
v -10.783001 3.999990 4.051598
v -10.783001 -0.000009 4.051598
v -11.552799 3.999990 4.204597
v -11.552799 -0.000009 4.204597
v -12.296200 3.999990 4.456596
v -12.296200 -0.000009 4.456596
v -13.000000 3.999991 4.804001
v -13.000000 -0.000009 4.804001
v -13.652800 3.999991 5.239601
v -13.652800 -0.000009 5.239601
v -14.242600 3.999991 5.757401
v -14.242600 -0.000009 5.757401
v -14.760400 3.999991 6.347198
v -14.760400 -0.000009 6.347198
v -15.196000 3.999991 7.000000
v -15.196000 -0.000009 7.000000
v -15.543400 3.999991 7.703796
v -15.543400 -0.000009 7.703796
v -15.795400 3.999991 8.447197
v -15.795400 -0.000009 8.447197
v -15.948400 3.999991 9.217003
v -15.948400 -0.000009 9.217003
v -17.931200 3.999991 11.043999
v -18.000000 3.999991 10.000000
v -18.000000 -0.000009 10.000000
v -17.931200 -0.000007 11.043999
v -17.727200 3.999993 12.070396
v -17.727200 -0.000007 12.070396
v -17.391201 3.999993 13.061600
v -17.391201 -0.000007 13.061600
v -16.928001 3.999992 14.000000
v -16.928001 -0.000007 14.000000
v -16.347200 3.999992 14.870399
v -16.347200 -0.000007 14.870399
v -15.656800 3.999992 15.656799
v -15.656800 -0.000007 15.656799
v -14.870400 3.999992 16.347198
v -14.870400 -0.000007 16.347198
v -14.000000 3.999992 16.928001
v -14.000000 -0.000007 16.928001
v -13.061600 3.999993 17.391197
v -13.061600 -0.000007 17.391197
v -12.070400 3.999993 17.727203
v -12.070400 -0.000007 17.727203
v -11.044001 3.999993 17.931198
v -11.044001 -0.000007 17.931198
v -10.000000 3.999993 18.000000
v -10.000000 -0.000007 18.000000
v -8.955999 3.999993 17.931198
v -8.955999 -0.000007 17.931198
v -7.929600 3.999993 17.727203
v -7.929600 -0.000007 17.727203
v -6.938400 3.999993 17.391197
v -6.938400 -0.000007 17.391197
v -6.000000 3.999992 16.928001
v -6.000000 -0.000007 16.928001
v -5.129601 3.999992 16.347198
v -5.129601 -0.000007 16.347198
v -4.343201 3.999992 15.656799
v -4.343201 -0.000007 15.656799
v -3.652800 3.999992 14.870399
v -3.652800 -0.000007 14.870399
v -3.072001 3.999992 14.000000
v -3.072001 -0.000007 14.000000
v -2.608801 3.999993 13.061600
v -2.608801 -0.000007 13.061600
v -2.272800 3.999993 12.070396
v -2.272800 -0.000007 12.070396
v -2.068800 3.999991 11.043999
v -2.068800 -0.000007 11.043999
v -2.000000 3.999991 10.000000
v -2.000000 -0.000009 10.000000
v -2.068800 3.999991 8.956001
v -2.068800 -0.000009 8.956001
v -2.272800 3.999991 7.929604
v -2.272800 -0.000009 7.929604
v -2.608801 3.999991 6.938400
v -2.608801 -0.000009 6.938400
v -3.072001 3.999991 6.000000
v -3.072001 -0.000009 6.000000
v -3.652800 3.999991 5.129601
v -3.652800 -0.000009 5.129601
v -4.343201 3.999990 4.343201
v -4.343201 -0.000009 4.343201
v -5.129601 3.999990 3.652802
v -5.129601 -0.000009 3.652802
v -6.000000 3.999990 3.071999
v -6.000000 -0.000009 3.071999
v -6.938400 3.999991 2.608803
v -6.938400 -0.000009 2.608803
v -7.929600 3.999991 2.272797
v -7.929600 -0.000009 2.272797
v -8.955999 3.999991 2.068802
v -8.955999 -0.000009 2.068802
v -10.000000 3.999991 2.000000
v -10.000000 -0.000009 2.000000
v -11.044001 3.999991 2.068802
v -11.044001 -0.000009 2.068802
v -12.070400 3.999991 2.272797
v -12.070400 -0.000009 2.272797
v -13.061600 3.999991 2.608803
v -13.061600 -0.000009 2.608803
v -14.000000 3.999990 3.071999
v -14.000000 -0.000009 3.071999
v -14.870400 3.999990 3.652802
v -14.870400 -0.000009 3.652802
v -15.656800 3.999990 4.343201
v -15.656800 -0.000009 4.343201
v -16.347200 3.999991 5.129601
v -16.347200 -0.000009 5.129601
v -16.928001 3.999991 6.000000
v -16.928001 -0.000009 6.000000
v -17.391201 3.999991 6.938400
v -17.391201 -0.000009 6.938400
v -17.727200 3.999991 7.929604
v -17.727200 -0.000009 7.929604
v -17.931200 3.999991 8.956001
v -17.931200 -0.000009 8.956001
v -16.000000 -0.000009 10.000000
v -15.948400 -0.000007 10.782997
v -17.931200 -0.000007 11.043999
v -18.000000 -0.000009 10.000000
v -15.795400 -0.000007 11.552803
v -17.727200 -0.000007 12.070396
v -15.543400 -0.000007 12.296204
v -17.391201 -0.000007 13.061600
v -15.196000 -0.000007 13.000000
v -16.928001 -0.000007 14.000000
v -14.760400 -0.000007 13.652802
v -16.347200 -0.000007 14.870399
v -14.242600 -0.000007 14.242599
v -15.656800 -0.000007 15.656799
v -13.652800 -0.000007 14.760399
v -14.870400 -0.000007 16.347198
v -13.000000 -0.000007 15.195999
v -14.000000 -0.000007 16.928001
v -12.296200 -0.000007 15.543404
v -13.061600 -0.000007 17.391197
v -11.552799 -0.000007 15.795403
v -12.070400 -0.000007 17.727203
v -10.783001 -0.000007 15.948402
v -11.044001 -0.000007 17.931198
v -10.000000 -0.000007 16.000000
v -10.000000 -0.000007 18.000000
v -9.216999 -0.000007 15.948402
v -8.955999 -0.000007 17.931198
v -8.447201 -0.000007 15.795403
v -7.929600 -0.000007 17.727203
v -7.703800 -0.000007 15.543404
v -6.938400 -0.000007 17.391197
v -7.000000 -0.000007 15.195999
v -6.000000 -0.000007 16.928001
v -6.347200 -0.000007 14.760399
v -5.129601 -0.000007 16.347198
v -5.757401 -0.000007 14.242599
v -4.343201 -0.000007 15.656799
v -5.239599 -0.000007 13.652802
v -3.652800 -0.000007 14.870399
v -4.804001 -0.000007 13.000000
v -3.072001 -0.000007 14.000000
v -4.456600 -0.000007 12.296204
v -2.608801 -0.000007 13.061600
v -4.204599 -0.000007 11.552803
v -2.272800 -0.000007 12.070396
v -4.051600 -0.000007 10.782997
v -2.068800 -0.000007 11.043999
v -4.000000 -0.000009 10.000000
v -2.000000 -0.000009 10.000000
v -4.051600 -0.000009 9.217003
v -2.068800 -0.000009 8.956001
v -4.204599 -0.000009 8.447197
v -2.272800 -0.000009 7.929604
v -4.456600 -0.000009 7.703796
v -2.608801 -0.000009 6.938400
v -4.804001 -0.000009 7.000000
v -3.072001 -0.000009 6.000000
v -5.239599 -0.000009 6.347198
v -3.652800 -0.000009 5.129601
v -5.757401 -0.000009 5.757401
v -4.343201 -0.000009 4.343201
v -6.347200 -0.000009 5.239601
v -5.129601 -0.000009 3.652802
v -7.000000 -0.000009 4.804001
v -6.000000 -0.000009 3.071999
v -7.703800 -0.000009 4.456596
v -6.938400 -0.000009 2.608803
v -8.447201 -0.000009 4.204597
v -7.929600 -0.000009 2.272797
v -9.216999 -0.000009 4.051598
v -8.955999 -0.000009 2.068802
v -10.000000 -0.000009 4.000000
v -10.000000 -0.000009 2.000000
v -10.783001 -0.000009 4.051598
v -11.044001 -0.000009 2.068802
v -11.552799 -0.000009 4.204597
v -12.070400 -0.000009 2.272797
v -12.296200 -0.000009 4.456596
v -13.061600 -0.000009 2.608803
v -13.000000 -0.000009 4.804001
v -14.000000 -0.000009 3.071999
v -13.652800 -0.000009 5.239601
v -14.870400 -0.000009 3.652802
v -14.242600 -0.000009 5.757401
v -15.656800 -0.000009 4.343201
v -14.760400 -0.000009 6.347198
v -16.347200 -0.000009 5.129601
v -15.196000 -0.000009 7.000000
v -16.928001 -0.000009 6.000000
v -15.543400 -0.000009 7.703796
v -17.391201 -0.000009 6.938400
v -15.795400 -0.000009 8.447197
v -17.727200 -0.000009 7.929604
v -15.948400 -0.000009 9.217003
v -17.931200 -0.000009 8.956001
v 30.000000 7.999985 -30.000000
v -30.000000 7.999985 -30.000000
v -30.000000 7.999994 30.000000
v 30.000000 7.999994 30.000000
v -30.000000 7.999994 30.000000
v -30.000000 -0.000006 30.000000
v 30.000000 -0.000006 30.000000
v 30.000000 7.999994 30.000000
v 30.000000 7.999994 30.000000
v 30.000000 -0.000006 30.000000
v 30.000000 -0.000015 -30.000000
v 30.000000 7.999985 -30.000000
v 30.000000 7.999985 -30.000000
v 30.000000 -0.000015 -30.000000
v -30.000000 -0.000015 -30.000000
v -30.000000 7.999985 -30.000000
v -30.000000 7.999985 -30.000000
v -30.000000 -0.000015 -30.000000
v -30.000000 -0.000006 30.000000
v -30.000000 7.999994 30.000000
v 26.000000 3.999987 -26.000000
v -26.000000 3.999987 -26.000000
v -26.000000 3.999994 26.000000
v 26.000000 3.999994 26.000000
v -26.000000 3.999994 26.000000
v -26.000000 -0.000005 26.000000
v 26.000000 -0.000005 26.000000
v 26.000000 3.999994 26.000000
v 26.000000 3.999994 26.000000
v 26.000000 -0.000005 26.000000
v 26.000000 -0.000013 -26.000000
v 26.000000 3.999987 -26.000000
v 26.000000 3.999987 -26.000000
v 26.000000 -0.000013 -26.000000
v -26.000000 -0.000013 -26.000000
v -26.000000 3.999987 -26.000000
v -26.000000 3.999987 -26.000000
v -26.000000 -0.000013 -26.000000
v -26.000000 -0.000005 26.000000
v -26.000000 3.999994 26.000000
v 14.051601 11.999988 -19.217003
v 14.000000 11.999988 -20.000000
v 14.000000 7.999987 -20.000000
v 14.051601 7.999987 -19.217003
v 14.204601 11.999988 -18.447197
v 14.204601 7.999987 -18.447197
v 14.456600 11.999988 -17.703796
v 14.456600 7.999987 -17.703796
v 14.804001 11.999989 -17.000000
v 14.804001 7.999989 -17.000000
v 15.239601 11.999989 -16.347198
v 15.239601 7.999987 -16.347198
v 15.757401 11.999989 -15.757401
v 15.757401 7.999987 -15.757401
v 16.347198 11.999989 -15.239601
v 16.347198 7.999989 -15.239601
v 17.000000 11.999989 -14.804001
v 17.000000 7.999989 -14.804001
v 17.703800 11.999989 -14.456596
v 17.703800 7.999989 -14.456596
v 18.447201 11.999989 -14.204597
v 18.447201 7.999989 -14.204597
v 19.216999 11.999989 -14.051598
v 19.216999 7.999989 -14.051598
v 20.000000 11.999989 -14.000000
v 20.000000 7.999989 -14.000000
v 20.783001 11.999989 -14.051598
v 20.783001 7.999989 -14.051598
v 21.552799 11.999989 -14.204597
v 21.552799 7.999989 -14.204597
v 22.296200 11.999989 -14.456596
v 22.296200 7.999989 -14.456596
v 23.000000 11.999989 -14.804001
v 23.000000 7.999989 -14.804001
v 23.652802 11.999989 -15.239601
v 23.652802 7.999989 -15.239601
v 24.242599 11.999989 -15.757401
v 24.242599 7.999987 -15.757401
v 24.760399 11.999989 -16.347198
v 24.760399 7.999987 -16.347198
v 25.195999 11.999989 -17.000000
v 25.195999 7.999989 -17.000000
v 25.543400 11.999988 -17.703796
v 25.543400 7.999987 -17.703796
v 25.795399 11.999988 -18.447197
v 25.795399 7.999987 -18.447197
v 25.948399 11.999988 -19.217003
v 25.948399 7.999987 -19.217003
v 26.000000 11.999988 -20.000000
v 26.000000 7.999987 -20.000000
v 25.948399 11.999988 -20.782997
v 25.948399 7.999987 -20.782997
v 25.795399 11.999988 -21.552803
v 25.795399 7.999987 -21.552803
v 25.543400 11.999988 -22.296204
v 25.543400 7.999987 -22.296204
v 25.195999 11.999988 -23.000000
v 25.195999 7.999987 -23.000000
v 24.760399 11.999988 -23.652802
v 24.760399 7.999987 -23.652802
v 24.242599 11.999988 -24.242599
v 24.242599 7.999987 -24.242599
v 23.652802 11.999986 -24.760399
v 23.652802 7.999987 -24.760399
v 23.000000 11.999986 -25.195999
v 23.000000 7.999987 -25.195999
v 22.296200 11.999986 -25.543404
v 22.296200 7.999987 -25.543404
v 21.552799 11.999986 -25.795403
v 21.552799 7.999987 -25.795403
v 20.783001 11.999986 -25.948402
v 20.783001 7.999987 -25.948402
v 20.000000 11.999986 -26.000000
v 20.000000 7.999987 -26.000000
v 19.216999 11.999986 -25.948402
v 19.216999 7.999987 -25.948402
v 18.447201 11.999986 -25.795403
v 18.447201 7.999987 -25.795403
v 17.703800 11.999986 -25.543404
v 17.703800 7.999987 -25.543404
v 17.000000 11.999986 -25.195999
v 17.000000 7.999987 -25.195999
v 16.347198 11.999986 -24.760399
v 16.347198 7.999987 -24.760399
v 15.757401 11.999988 -24.242599
v 15.757401 7.999987 -24.242599
v 15.239601 11.999988 -23.652802
v 15.239601 7.999987 -23.652802
v 14.804001 11.999988 -23.000000
v 14.804001 7.999987 -23.000000
v 14.456600 11.999988 -22.296204
v 14.456600 7.999987 -22.296204
v 14.204601 11.999988 -21.552803
v 14.204601 7.999987 -21.552803
v 14.051601 11.999988 -20.782997
v 14.051601 7.999987 -20.782997
v 14.051601 11.999988 -19.217003
v 14.000000 11.999988 -20.000000
v 20.000000 11.999988 -20.000000
v 14.204601 11.999988 -18.447197
v 14.456600 11.999988 -17.703796
v 14.804001 11.999989 -17.000000
v 15.239601 11.999989 -16.347198
v 15.757401 11.999989 -15.757401
v 16.347198 11.999989 -15.239601
v 17.000000 11.999989 -14.804001
v 17.703800 11.999989 -14.456596
v 18.447201 11.999989 -14.204597
v 19.216999 11.999989 -14.051598
v 20.000000 11.999989 -14.000000
v 20.783001 11.999989 -14.051598
v 21.552799 11.999989 -14.204597
v 22.296200 11.999989 -14.456596
v 23.000000 11.999989 -14.804001
v 23.652802 11.999989 -15.239601
v 24.242599 11.999989 -15.757401
v 24.760399 11.999989 -16.347198
v 25.195999 11.999989 -17.000000
v 25.543400 11.999988 -17.703796
v 25.795399 11.999988 -18.447197
v 25.948399 11.999988 -19.217003
v 26.000000 11.999988 -20.000000
v 25.948399 11.999988 -20.782997
v 25.795399 11.999988 -21.552803
v 25.543400 11.999988 -22.296204
v 25.195999 11.999988 -23.000000
v 24.760399 11.999988 -23.652802
v 24.242599 11.999988 -24.242599
v 23.652802 11.999986 -24.760399
v 23.000000 11.999986 -25.195999
v 22.296200 11.999986 -25.543404
v 21.552799 11.999986 -25.795403
v 20.783001 11.999986 -25.948402
v 20.000000 11.999986 -26.000000
v 19.216999 11.999986 -25.948402
v 18.447201 11.999986 -25.795403
v 17.703800 11.999986 -25.543404
v 17.000000 11.999986 -25.195999
v 16.347198 11.999986 -24.760399
v 15.757401 11.999988 -24.242599
v 15.239601 11.999988 -23.652802
v 14.804001 11.999988 -23.000000
v 14.456600 11.999988 -22.296204
v 14.204601 11.999988 -21.552803
v 14.051601 11.999988 -20.782997
v 14.051601 11.999993 0.782997
v 14.000000 11.999991 0.000000
v 14.000000 7.999991 0.000000
v 14.051601 7.999991 0.782997
v 14.204601 11.999993 1.552803
v 14.204601 7.999991 1.552803
v 14.456600 11.999993 2.296204
v 14.456600 7.999991 2.296204
v 14.804001 11.999993 3.000000
v 14.804001 7.999991 3.000000
v 15.239601 11.999993 3.652802
v 15.239601 7.999991 3.652802
v 15.757401 11.999993 4.242599
v 15.757401 7.999991 4.242599
v 16.347198 11.999993 4.760399
v 16.347198 7.999991 4.760399
v 17.000000 11.999993 5.195999
v 17.000000 7.999991 5.195999
v 17.703800 11.999993 5.543404
v 17.703800 7.999990 5.543404
v 18.447201 11.999993 5.795403
v 18.447201 7.999990 5.795403
v 19.216999 11.999993 5.948402
v 19.216999 7.999990 5.948402
v 20.000000 11.999993 6.000000
v 20.000000 7.999990 6.000000
v 20.783001 11.999993 5.948402
v 20.783001 7.999990 5.948402
v 21.552799 11.999993 5.795403
v 21.552799 7.999990 5.795403
v 22.296200 11.999993 5.543404
v 22.296200 7.999990 5.543404
v 23.000000 11.999993 5.195999
v 23.000000 7.999991 5.195999
v 23.652802 11.999993 4.760399
v 23.652802 7.999991 4.760399
v 24.242599 11.999993 4.242599
v 24.242599 7.999991 4.242599
v 24.760399 11.999993 3.652802
v 24.760399 7.999991 3.652802
v 25.195999 11.999993 3.000000
v 25.195999 7.999991 3.000000
v 25.543400 11.999993 2.296204
v 25.543400 7.999991 2.296204
v 25.795399 11.999993 1.552803
v 25.795399 7.999991 1.552803
v 25.948399 11.999993 0.782997
v 25.948399 7.999991 0.782997
v 26.000000 11.999991 0.000000
v 26.000000 7.999991 0.000000
v 25.948399 11.999991 -0.782997
v 25.948399 7.999991 -0.782997
v 25.795399 11.999991 -1.552803
v 25.795399 7.999991 -1.552803
v 25.543400 11.999991 -2.296204
v 25.543400 7.999991 -2.296204
v 25.195999 11.999991 -3.000000
v 25.195999 7.999990 -3.000000
v 24.760399 11.999991 -3.652802
v 24.760399 7.999990 -3.652802
v 24.242599 11.999991 -4.242599
v 24.242599 7.999990 -4.242599
v 23.652802 11.999990 -4.760399
v 23.652802 7.999988 -4.760399
v 23.000000 11.999990 -5.195999
v 23.000000 7.999988 -5.195999
v 22.296200 11.999990 -5.543404
v 22.296200 7.999990 -5.543404
v 21.552799 11.999990 -5.795403
v 21.552799 7.999990 -5.795403
v 20.783001 11.999990 -5.948402
v 20.783001 7.999990 -5.948402
v 20.000000 11.999990 -6.000000
v 20.000000 7.999990 -6.000000
v 19.216999 11.999990 -5.948402
v 19.216999 7.999990 -5.948402
v 18.447201 11.999990 -5.795403
v 18.447201 7.999990 -5.795403
v 17.703800 11.999990 -5.543404
v 17.703800 7.999990 -5.543404
v 17.000000 11.999990 -5.195999
v 17.000000 7.999988 -5.195999
v 16.347198 11.999990 -4.760399
v 16.347198 7.999988 -4.760399
v 15.757401 11.999991 -4.242599
v 15.757401 7.999990 -4.242599
v 15.239601 11.999991 -3.652802
v 15.239601 7.999990 -3.652802
v 14.804001 11.999991 -3.000000
v 14.804001 7.999990 -3.000000
v 14.456600 11.999991 -2.296204
v 14.456600 7.999991 -2.296204
v 14.204601 11.999991 -1.552803
v 14.204601 7.999991 -1.552803
v 14.051601 11.999991 -0.782997
v 14.051601 7.999991 -0.782997
v 14.051601 11.999993 0.782997
v 14.000000 11.999991 0.000000
v 20.000000 11.999991 0.000000
v 14.204601 11.999993 1.552803
v 14.456600 11.999993 2.296204
v 14.804001 11.999993 3.000000
v 15.239601 11.999993 3.652802
v 15.757401 11.999993 4.242599
v 16.347198 11.999993 4.760399
v 17.000000 11.999993 5.195999
v 17.703800 11.999993 5.543404
v 18.447201 11.999993 5.795403
v 19.216999 11.999993 5.948402
v 20.000000 11.999993 6.000000
v 20.783001 11.999993 5.948402
v 21.552799 11.999993 5.795403
v 22.296200 11.999993 5.543404
v 23.000000 11.999993 5.195999
v 23.652802 11.999993 4.760399
v 24.242599 11.999993 4.242599
v 24.760399 11.999993 3.652802
v 25.195999 11.999993 3.000000
v 25.543400 11.999993 2.296204
v 25.795399 11.999993 1.552803
v 25.948399 11.999993 0.782997
v 26.000000 11.999991 0.000000
v 25.948399 11.999991 -0.782997
v 25.795399 11.999991 -1.552803
v 25.543400 11.999991 -2.296204
v 25.195999 11.999991 -3.000000
v 24.760399 11.999991 -3.652802
v 24.242599 11.999991 -4.242599
v 23.652802 11.999990 -4.760399
v 23.000000 11.999990 -5.195999
v 22.296200 11.999990 -5.543404
v 21.552799 11.999990 -5.795403
v 20.783001 11.999990 -5.948402
v 20.000000 11.999990 -6.000000
v 19.216999 11.999990 -5.948402
v 18.447201 11.999990 -5.795403
v 17.703800 11.999990 -5.543404
v 17.000000 11.999990 -5.195999
v 16.347198 11.999990 -4.760399
v 15.757401 11.999991 -4.242599
v 15.239601 11.999991 -3.652802
v 14.804001 11.999991 -3.000000
v 14.456600 11.999991 -2.296204
v 14.204601 11.999991 -1.552803
v 14.051601 11.999991 -0.782997
v 14.051601 11.999997 20.782997
v 14.000000 11.999996 20.000000
v 14.000000 7.999992 20.000000
v 14.051601 7.999993 20.782997
v 14.204601 11.999997 21.552803
v 14.204601 7.999993 21.552803
v 14.456600 11.999997 22.296204
v 14.456600 7.999993 22.296204
v 14.804001 11.999997 23.000000
v 14.804001 7.999995 23.000000
v 15.239601 11.999997 23.652802
v 15.239601 7.999995 23.652802
v 15.757401 11.999997 24.242599
v 15.757401 7.999995 24.242599
v 16.347198 11.999997 24.760399
v 16.347198 7.999995 24.760399
v 17.000000 11.999997 25.195999
v 17.000000 7.999995 25.195999
v 17.703800 11.999997 25.543404
v 17.703800 7.999995 25.543404
v 18.447201 11.999999 25.795403
v 18.447201 7.999995 25.795403
v 19.216999 11.999999 25.948402
v 19.216999 7.999995 25.948402
v 20.000000 11.999999 26.000000
v 20.000000 7.999995 26.000000
v 20.783001 11.999999 25.948402
v 20.783001 7.999995 25.948402
v 21.552799 11.999999 25.795403
v 21.552799 7.999995 25.795403
v 22.296200 11.999997 25.543404
v 22.296200 7.999995 25.543404
v 23.000000 11.999997 25.195999
v 23.000000 7.999995 25.195999
v 23.652802 11.999997 24.760399
v 23.652802 7.999995 24.760399
v 24.242599 11.999997 24.242599
v 24.242599 7.999995 24.242599
v 24.760399 11.999997 23.652802
v 24.760399 7.999995 23.652802
v 25.195999 11.999997 23.000000
v 25.195999 7.999995 23.000000
v 25.543400 11.999997 22.296204
v 25.543400 7.999993 22.296204
v 25.795399 11.999997 21.552803
v 25.795399 7.999993 21.552803
v 25.948399 11.999997 20.782997
v 25.948399 7.999993 20.782997
v 26.000000 11.999996 20.000000
v 26.000000 7.999992 20.000000
v 25.948399 11.999996 19.217003
v 25.948399 7.999992 19.217003
v 25.795399 11.999996 18.447197
v 25.795399 7.999992 18.447197
v 25.543400 11.999996 17.703796
v 25.543400 7.999992 17.703796
v 25.195999 11.999996 17.000000
v 25.195999 7.999992 17.000000
v 24.760399 11.999996 16.347198
v 24.760399 7.999993 16.347198
v 24.242599 11.999996 15.757401
v 24.242599 7.999993 15.757401
v 23.652802 11.999996 15.239601
v 23.652802 7.999993 15.239601
v 23.000000 11.999996 14.804001
v 23.000000 7.999993 14.804001
v 22.296200 11.999996 14.456596
v 22.296200 7.999993 14.456596
v 21.552799 11.999996 14.204597
v 21.552799 7.999993 14.204597
v 20.783001 11.999996 14.051598
v 20.783001 7.999993 14.051598
v 20.000000 11.999996 14.000000
v 20.000000 7.999993 14.000000
v 19.216999 11.999996 14.051598
v 19.216999 7.999993 14.051598
v 18.447201 11.999996 14.204597
v 18.447201 7.999993 14.204597
v 17.703800 11.999996 14.456596
v 17.703800 7.999993 14.456596
v 17.000000 11.999996 14.804001
v 17.000000 7.999993 14.804001
v 16.347198 11.999996 15.239601
v 16.347198 7.999993 15.239601
v 15.757401 11.999996 15.757401
v 15.757401 7.999993 15.757401
v 15.239601 11.999996 16.347198
v 15.239601 7.999993 16.347198
v 14.804001 11.999996 17.000000
v 14.804001 7.999992 17.000000
v 14.456600 11.999996 17.703796
v 14.456600 7.999992 17.703796
v 14.204601 11.999996 18.447197
v 14.204601 7.999992 18.447197
v 14.051601 11.999996 19.217003
v 14.051601 7.999992 19.217003
v 14.051601 11.999997 20.782997
v 14.000000 11.999996 20.000000
v 20.000000 11.999996 20.000000
v 14.204601 11.999997 21.552803
v 14.456600 11.999997 22.296204
v 14.804001 11.999997 23.000000
v 15.239601 11.999997 23.652802
v 15.757401 11.999997 24.242599
v 16.347198 11.999997 24.760399
v 17.000000 11.999997 25.195999
v 17.703800 11.999997 25.543404
v 18.447201 11.999999 25.795403
v 19.216999 11.999999 25.948402
v 20.000000 11.999999 26.000000
v 20.783001 11.999999 25.948402
v 21.552799 11.999999 25.795403
v 22.296200 11.999997 25.543404
v 23.000000 11.999997 25.195999
v 23.652802 11.999997 24.760399
v 24.242599 11.999997 24.242599
v 24.760399 11.999997 23.652802
v 25.195999 11.999997 23.000000
v 25.543400 11.999997 22.296204
v 25.795399 11.999997 21.552803
v 25.948399 11.999997 20.782997
v 26.000000 11.999996 20.000000
v 25.948399 11.999996 19.217003
v 25.795399 11.999996 18.447197
v 25.543400 11.999996 17.703796
v 25.195999 11.999996 17.000000
v 24.760399 11.999996 16.347198
v 24.242599 11.999996 15.757401
v 23.652802 11.999996 15.239601
v 23.000000 11.999996 14.804001
v 22.296200 11.999996 14.456596
v 21.552799 11.999996 14.204597
v 20.783001 11.999996 14.051598
v 20.000000 11.999996 14.000000
v 19.216999 11.999996 14.051598
v 18.447201 11.999996 14.204597
v 17.703800 11.999996 14.456596
v 17.000000 11.999996 14.804001
v 16.347198 11.999996 15.239601
v 15.757401 11.999996 15.757401
v 15.239601 11.999996 16.347198
v 14.804001 11.999996 17.000000
v 14.456600 11.999996 17.703796
v 14.204601 11.999996 18.447197
v 14.051601 11.999996 19.217003
v -5.948400 11.999988 -19.217003
v -6.000000 11.999988 -20.000000
v -6.000000 7.999987 -20.000000
v -5.948400 7.999987 -19.217003
v -5.795401 11.999988 -18.447197
v -5.795401 7.999987 -18.447197
v -5.543400 11.999988 -17.703796
v -5.543400 7.999987 -17.703796
v -5.195999 11.999989 -17.000000
v -5.195999 7.999989 -17.000000
v -4.760401 11.999989 -16.347198
v -4.760401 7.999987 -16.347198
v -4.242599 11.999989 -15.757401
v -4.242599 7.999987 -15.757401
v -3.652800 11.999989 -15.239601
v -3.652800 7.999989 -15.239601
v -3.000000 11.999989 -14.804001
v -3.000000 7.999989 -14.804001
v -2.296200 11.999989 -14.456596
v -2.296200 7.999989 -14.456596
v -1.552799 11.999989 -14.204597
v -1.552799 7.999989 -14.204597
v -0.783001 11.999989 -14.051598
v -0.783001 7.999989 -14.051598
v 0.000000 11.999989 -14.000000
v 0.000000 7.999989 -14.000000
v 0.783001 11.999989 -14.051598
v 0.783001 7.999989 -14.051598
v 1.552799 11.999989 -14.204597
v 1.552799 7.999989 -14.204597
v 2.296200 11.999989 -14.456596
v 2.296200 7.999989 -14.456596
v 3.000000 11.999989 -14.804001
v 3.000000 7.999989 -14.804001
v 3.652802 11.999989 -15.239601
v 3.652802 7.999989 -15.239601
v 4.242599 11.999989 -15.757401
v 4.242599 7.999987 -15.757401
v 4.760399 11.999989 -16.347198
v 4.760399 7.999987 -16.347198
v 5.195999 11.999989 -17.000000
v 5.195999 7.999989 -17.000000
v 5.543400 11.999988 -17.703796
v 5.543400 7.999987 -17.703796
v 5.795399 11.999988 -18.447197
v 5.795399 7.999987 -18.447197
v 5.948399 11.999988 -19.217003
v 5.948399 7.999987 -19.217003
v 6.000000 11.999988 -20.000000
v 6.000000 7.999987 -20.000000
v 5.948399 11.999988 -20.782997
v 5.948399 7.999987 -20.782997
v 5.795399 11.999988 -21.552803
v 5.795399 7.999987 -21.552803
v 5.543400 11.999988 -22.296204
v 5.543400 7.999987 -22.296204
v 5.195999 11.999988 -23.000000
v 5.195999 7.999987 -23.000000
v 4.760399 11.999988 -23.652802
v 4.760399 7.999987 -23.652802
v 4.242599 11.999988 -24.242599
v 4.242599 7.999987 -24.242599
v 3.652802 11.999986 -24.760399
v 3.652802 7.999987 -24.760399
v 3.000000 11.999986 -25.195999
v 3.000000 7.999987 -25.195999
v 2.296200 11.999986 -25.543404
v 2.296200 7.999987 -25.543404
v 1.552799 11.999986 -25.795403
v 1.552799 7.999987 -25.795403
v 0.783001 11.999986 -25.948402
v 0.783001 7.999987 -25.948402
v 0.000000 11.999986 -26.000000
v 0.000000 7.999987 -26.000000
v -0.783001 11.999986 -25.948402
v -0.783001 7.999987 -25.948402
v -1.552799 11.999986 -25.795403
v -1.552799 7.999987 -25.795403
v -2.296200 11.999986 -25.543404
v -2.296200 7.999987 -25.543404
v -3.000000 11.999986 -25.195999
v -3.000000 7.999987 -25.195999
v -3.652800 11.999986 -24.760399
v -3.652800 7.999987 -24.760399
v -4.242599 11.999988 -24.242599
v -4.242599 7.999987 -24.242599
v -4.760401 11.999988 -23.652802
v -4.760401 7.999987 -23.652802
v -5.195999 11.999988 -23.000000
v -5.195999 7.999987 -23.000000
v -5.543400 11.999988 -22.296204
v -5.543400 7.999987 -22.296204
v -5.795401 11.999988 -21.552803
v -5.795401 7.999987 -21.552803
v -5.948400 11.999988 -20.782997
v -5.948400 7.999987 -20.782997
v -5.948400 11.999988 -19.217003
v -6.000000 11.999988 -20.000000
v 0.000000 11.999988 -20.000000
v -5.795401 11.999988 -18.447197
v -5.543400 11.999988 -17.703796
v -5.195999 11.999989 -17.000000
v -4.760401 11.999989 -16.347198
v -4.242599 11.999989 -15.757401
v -3.652800 11.999989 -15.239601
v -3.000000 11.999989 -14.804001
v -2.296200 11.999989 -14.456596
v -1.552799 11.999989 -14.204597
v -0.783001 11.999989 -14.051598
v 0.000000 11.999989 -14.000000
v 0.783001 11.999989 -14.051598
v 1.552799 11.999989 -14.204597
v 2.296200 11.999989 -14.456596
v 3.000000 11.999989 -14.804001
v 3.652802 11.999989 -15.239601
v 4.242599 11.999989 -15.757401
v 4.760399 11.999989 -16.347198
v 5.195999 11.999989 -17.000000
v 5.543400 11.999988 -17.703796
v 5.795399 11.999988 -18.447197
v 5.948399 11.999988 -19.217003
v 6.000000 11.999988 -20.000000
v 5.948399 11.999988 -20.782997
v 5.795399 11.999988 -21.552803
v 5.543400 11.999988 -22.296204
v 5.195999 11.999988 -23.000000
v 4.760399 11.999988 -23.652802
v 4.242599 11.999988 -24.242599
v 3.652802 11.999986 -24.760399
v 3.000000 11.999986 -25.195999
v 2.296200 11.999986 -25.543404
v 1.552799 11.999986 -25.795403
v 0.783001 11.999986 -25.948402
v 0.000000 11.999986 -26.000000
v -0.783001 11.999986 -25.948402
v -1.552799 11.999986 -25.795403
v -2.296200 11.999986 -25.543404
v -3.000000 11.999986 -25.195999
v -3.652800 11.999986 -24.760399
v -4.242599 11.999988 -24.242599
v -4.760401 11.999988 -23.652802
v -5.195999 11.999988 -23.000000
v -5.543400 11.999988 -22.296204
v -5.795401 11.999988 -21.552803
v -5.948400 11.999988 -20.782997
v -5.948400 11.999993 0.782997
v -6.000000 11.999991 0.000000
v -6.000000 7.999991 0.000000
v -5.948400 7.999991 0.782997
v -5.795401 11.999993 1.552803
v -5.795401 7.999991 1.552803
v -5.543400 11.999993 2.296204
v -5.543400 7.999991 2.296204
v -5.195999 11.999993 3.000000
v -5.195999 7.999991 3.000000
v -4.760401 11.999993 3.652802
v -4.760401 7.999991 3.652802
v -4.242599 11.999993 4.242599
v -4.242599 7.999991 4.242599
v -3.652800 11.999993 4.760399
v -3.652800 7.999991 4.760399
v -3.000000 11.999993 5.195999
v -3.000000 7.999991 5.195999
v -2.296200 11.999993 5.543404
v -2.296200 7.999990 5.543404
v -1.552799 11.999993 5.795403
v -1.552799 7.999990 5.795403
v -0.783001 11.999993 5.948402
v -0.783001 7.999990 5.948402
v 0.000000 11.999993 6.000000
v 0.000000 7.999990 6.000000
v 0.783001 11.999993 5.948402
v 0.783001 7.999990 5.948402
v 1.552799 11.999993 5.795403
v 1.552799 7.999990 5.795403
v 2.296200 11.999993 5.543404
v 2.296200 7.999990 5.543404
v 3.000000 11.999993 5.195999
v 3.000000 7.999991 5.195999
v 3.652802 11.999993 4.760399
v 3.652802 7.999991 4.760399
v 4.242599 11.999993 4.242599
v 4.242599 7.999991 4.242599
v 4.760399 11.999993 3.652802
v 4.760399 7.999991 3.652802
v 5.195999 11.999993 3.000000
v 5.195999 7.999991 3.000000
v 5.543400 11.999993 2.296204
v 5.543400 7.999991 2.296204
v 5.795399 11.999993 1.552803
v 5.795399 7.999991 1.552803
v 5.948399 11.999993 0.782997
v 5.948399 7.999991 0.782997
v 6.000000 11.999991 0.000000
v 6.000000 7.999991 0.000000
v 5.948399 11.999991 -0.782997
v 5.948399 7.999991 -0.782997
v 5.795399 11.999991 -1.552803
v 5.795399 7.999991 -1.552803
v 5.543400 11.999991 -2.296204
v 5.543400 7.999991 -2.296204
v 5.195999 11.999991 -3.000000
v 5.195999 7.999990 -3.000000
v 4.760399 11.999991 -3.652802
v 4.760399 7.999990 -3.652802
v 4.242599 11.999991 -4.242599
v 4.242599 7.999990 -4.242599
v 3.652802 11.999990 -4.760399
v 3.652802 7.999988 -4.760399
v 3.000000 11.999990 -5.195999
v 3.000000 7.999988 -5.195999
v 2.296200 11.999990 -5.543404
v 2.296200 7.999990 -5.543404
v 1.552799 11.999990 -5.795403
v 1.552799 7.999990 -5.795403
v 0.783001 11.999990 -5.948402
v 0.783001 7.999990 -5.948402
v 0.000000 11.999990 -6.000000
v 0.000000 7.999990 -6.000000
v -0.783001 11.999990 -5.948402
v -0.783001 7.999990 -5.948402
v -1.552799 11.999990 -5.795403
v -1.552799 7.999990 -5.795403
v -2.296200 11.999990 -5.543404
v -2.296200 7.999990 -5.543404
v -3.000000 11.999990 -5.195999
v -3.000000 7.999988 -5.195999
v -3.652800 11.999990 -4.760399
v -3.652800 7.999988 -4.760399
v -4.242599 11.999991 -4.242599
v -4.242599 7.999990 -4.242599
v -4.760401 11.999991 -3.652802
v -4.760401 7.999990 -3.652802
v -5.195999 11.999991 -3.000000
v -5.195999 7.999990 -3.000000
v -5.543400 11.999991 -2.296204
v -5.543400 7.999991 -2.296204
v -5.795401 11.999991 -1.552803
v -5.795401 7.999991 -1.552803
v -5.948400 11.999991 -0.782997
v -5.948400 7.999991 -0.782997
v -5.948400 11.999993 0.782997
v -6.000000 11.999991 0.000000
v 0.000000 11.999991 0.000000
v -5.795401 11.999993 1.552803
v -5.543400 11.999993 2.296204
v -5.195999 11.999993 3.000000
v -4.760401 11.999993 3.652802
v -4.242599 11.999993 4.242599
v -3.652800 11.999993 4.760399
v -3.000000 11.999993 5.195999
v -2.296200 11.999993 5.543404
v -1.552799 11.999993 5.795403
v -0.783001 11.999993 5.948402
v 0.000000 11.999993 6.000000
v 0.783001 11.999993 5.948402
v 1.552799 11.999993 5.795403
v 2.296200 11.999993 5.543404
v 3.000000 11.999993 5.195999
v 3.652802 11.999993 4.760399
v 4.242599 11.999993 4.242599
v 4.760399 11.999993 3.652802
v 5.195999 11.999993 3.000000
v 5.543400 11.999993 2.296204
v 5.795399 11.999993 1.552803
v 5.948399 11.999993 0.782997
v 6.000000 11.999991 0.000000
v 5.948399 11.999991 -0.782997
v 5.795399 11.999991 -1.552803
v 5.543400 11.999991 -2.296204
v 5.195999 11.999991 -3.000000
v 4.760399 11.999991 -3.652802
v 4.242599 11.999991 -4.242599
v 3.652802 11.999990 -4.760399
v 3.000000 11.999990 -5.195999
v 2.296200 11.999990 -5.543404
v 1.552799 11.999990 -5.795403
v 0.783001 11.999990 -5.948402
v 0.000000 11.999990 -6.000000
v -0.783001 11.999990 -5.948402
v -1.552799 11.999990 -5.795403
v -2.296200 11.999990 -5.543404
v -3.000000 11.999990 -5.195999
v -3.652800 11.999990 -4.760399
v -4.242599 11.999991 -4.242599
v -4.760401 11.999991 -3.652802
v -5.195999 11.999991 -3.000000
v -5.543400 11.999991 -2.296204
v -5.795401 11.999991 -1.552803
v -5.948400 11.999991 -0.782997
v -5.948400 11.999997 20.782997
v -6.000000 11.999996 20.000000
v -6.000000 7.999992 20.000000
v -5.948400 7.999993 20.782997
v -5.795401 11.999997 21.552803
v -5.795401 7.999993 21.552803
v -5.543400 11.999997 22.296204
v -5.543400 7.999993 22.296204
v -5.195999 11.999997 23.000000
v -5.195999 7.999995 23.000000
v -4.760401 11.999997 23.652802
v -4.760401 7.999995 23.652802
v -4.242599 11.999997 24.242599
v -4.242599 7.999995 24.242599
v -3.652800 11.999997 24.760399
v -3.652800 7.999995 24.760399
v -3.000000 11.999997 25.195999
v -3.000000 7.999995 25.195999
v -2.296200 11.999997 25.543404
v -2.296200 7.999995 25.543404
v -1.552799 11.999999 25.795403
v -1.552799 7.999995 25.795403
v -0.783001 11.999999 25.948402
v -0.783001 7.999995 25.948402
v 0.000000 11.999999 26.000000
v 0.000000 7.999995 26.000000
v 0.783001 11.999999 25.948402
v 0.783001 7.999995 25.948402
v 1.552799 11.999999 25.795403
v 1.552799 7.999995 25.795403
v 2.296200 11.999997 25.543404
v 2.296200 7.999995 25.543404
v 3.000000 11.999997 25.195999
v 3.000000 7.999995 25.195999
v 3.652802 11.999997 24.760399
v 3.652802 7.999995 24.760399
v 4.242599 11.999997 24.242599
v 4.242599 7.999995 24.242599
v 4.760399 11.999997 23.652802
v 4.760399 7.999995 23.652802
v 5.195999 11.999997 23.000000
v 5.195999 7.999995 23.000000
v 5.543400 11.999997 22.296204
v 5.543400 7.999993 22.296204
v 5.795399 11.999997 21.552803
v 5.795399 7.999993 21.552803
v 5.948399 11.999997 20.782997
v 5.948399 7.999993 20.782997
v 6.000000 11.999996 20.000000
v 6.000000 7.999992 20.000000
v 5.948399 11.999996 19.217003
v 5.948399 7.999992 19.217003
v 5.795399 11.999996 18.447197
v 5.795399 7.999992 18.447197
v 5.543400 11.999996 17.703796
v 5.543400 7.999992 17.703796
v 5.195999 11.999996 17.000000
v 5.195999 7.999992 17.000000
v 4.760399 11.999996 16.347198
v 4.760399 7.999993 16.347198
v 4.242599 11.999996 15.757401
v 4.242599 7.999993 15.757401
v 3.652802 11.999996 15.239601
v 3.652802 7.999993 15.239601
v 3.000000 11.999996 14.804001
v 3.000000 7.999993 14.804001
v 2.296200 11.999996 14.456596
v 2.296200 7.999993 14.456596
v 1.552799 11.999996 14.204597
v 1.552799 7.999993 14.204597
v 0.783001 11.999996 14.051598
v 0.783001 7.999993 14.051598
v 0.000000 11.999996 14.000000
v 0.000000 7.999993 14.000000
v -0.783001 11.999996 14.051598
v -0.783001 7.999993 14.051598
v -1.552799 11.999996 14.204597
v -1.552799 7.999993 14.204597
v -2.296200 11.999996 14.456596
v -2.296200 7.999993 14.456596
v -3.000000 11.999996 14.804001
v -3.000000 7.999993 14.804001
v -3.652800 11.999996 15.239601
v -3.652800 7.999993 15.239601
v -4.242599 11.999996 15.757401
v -4.242599 7.999993 15.757401
v -4.760401 11.999996 16.347198
v -4.760401 7.999993 16.347198
v -5.195999 11.999996 17.000000
v -5.195999 7.999992 17.000000
v -5.543400 11.999996 17.703796
v -5.543400 7.999992 17.703796
v -5.795401 11.999996 18.447197
v -5.795401 7.999992 18.447197
v -5.948400 11.999996 19.217003
v -5.948400 7.999992 19.217003
v -5.948400 11.999997 20.782997
v -6.000000 11.999996 20.000000
v 0.000000 11.999996 20.000000
v -5.795401 11.999997 21.552803
v -5.543400 11.999997 22.296204
v -5.195999 11.999997 23.000000
v -4.760401 11.999997 23.652802
v -4.242599 11.999997 24.242599
v -3.652800 11.999997 24.760399
v -3.000000 11.999997 25.195999
v -2.296200 11.999997 25.543404
v -1.552799 11.999999 25.795403
v -0.783001 11.999999 25.948402
v 0.000000 11.999999 26.000000
v 0.783001 11.999999 25.948402
v 1.552799 11.999999 25.795403
v 2.296200 11.999997 25.543404
v 3.000000 11.999997 25.195999
v 3.652802 11.999997 24.760399
v 4.242599 11.999997 24.242599
v 4.760399 11.999997 23.652802
v 5.195999 11.999997 23.000000
v 5.543400 11.999997 22.296204
v 5.795399 11.999997 21.552803
v 5.948399 11.999997 20.782997
v 6.000000 11.999996 20.000000
v 5.948399 11.999996 19.217003
v 5.795399 11.999996 18.447197
v 5.543400 11.999996 17.703796
v 5.195999 11.999996 17.000000
v 4.760399 11.999996 16.347198
v 4.242599 11.999996 15.757401
v 3.652802 11.999996 15.239601
v 3.000000 11.999996 14.804001
v 2.296200 11.999996 14.456596
v 1.552799 11.999996 14.204597
v 0.783001 11.999996 14.051598
v 0.000000 11.999996 14.000000
v -0.783001 11.999996 14.051598
v -1.552799 11.999996 14.204597
v -2.296200 11.999996 14.456596
v -3.000000 11.999996 14.804001
v -3.652800 11.999996 15.239601
v -4.242599 11.999996 15.757401
v -4.760401 11.999996 16.347198
v -5.195999 11.999996 17.000000
v -5.543400 11.999996 17.703796
v -5.795401 11.999996 18.447197
v -5.948400 11.999996 19.217003
v -25.948400 11.999988 -19.217003
v -26.000000 11.999988 -20.000000
v -26.000000 7.999987 -20.000000
v -25.948400 7.999987 -19.217003
v -25.795401 11.999988 -18.447197
v -25.795401 7.999987 -18.447197
v -25.543400 11.999988 -17.703796
v -25.543400 7.999987 -17.703796
v -25.195999 11.999989 -17.000000
v -25.195999 7.999989 -17.000000
v -24.760399 11.999989 -16.347198
v -24.760399 7.999987 -16.347198
v -24.242599 11.999989 -15.757401
v -24.242599 7.999987 -15.757401
v -23.652800 11.999989 -15.239601
v -23.652800 7.999989 -15.239601
v -23.000000 11.999989 -14.804001
v -23.000000 7.999989 -14.804001
v -22.296200 11.999989 -14.456596
v -22.296200 7.999989 -14.456596
v -21.552799 11.999989 -14.204597
v -21.552799 7.999989 -14.204597
v -20.783001 11.999989 -14.051598
v -20.783001 7.999989 -14.051598
v -20.000000 11.999989 -14.000000
v -20.000000 7.999989 -14.000000
v -19.216999 11.999989 -14.051598
v -19.216999 7.999989 -14.051598
v -18.447201 11.999989 -14.204597
v -18.447201 7.999989 -14.204597
v -17.703800 11.999989 -14.456596
v -17.703800 7.999989 -14.456596
v -17.000000 11.999989 -14.804001
v -17.000000 7.999989 -14.804001
v -16.347200 11.999989 -15.239601
v -16.347200 7.999989 -15.239601
v -15.757400 11.999989 -15.757401
v -15.757400 7.999987 -15.757401
v -15.239600 11.999989 -16.347198
v -15.239600 7.999987 -16.347198
v -14.804000 11.999989 -17.000000
v -14.804000 7.999989 -17.000000
v -14.456600 11.999988 -17.703796
v -14.456600 7.999987 -17.703796
v -14.204600 11.999988 -18.447197
v -14.204600 7.999987 -18.447197
v -14.051600 11.999988 -19.217003
v -14.051600 7.999987 -19.217003
v -14.000000 11.999988 -20.000000
v -14.000000 7.999987 -20.000000
v -14.051600 11.999988 -20.782997
v -14.051600 7.999987 -20.782997
v -14.204600 11.999988 -21.552803
v -14.204600 7.999987 -21.552803
v -14.456600 11.999988 -22.296204
v -14.456600 7.999987 -22.296204
v -14.804000 11.999988 -23.000000
v -14.804000 7.999987 -23.000000
v -15.239600 11.999988 -23.652802
v -15.239600 7.999987 -23.652802
v -15.757400 11.999988 -24.242599
v -15.757400 7.999987 -24.242599
v -16.347200 11.999986 -24.760399
v -16.347200 7.999987 -24.760399
v -17.000000 11.999986 -25.195999
v -17.000000 7.999987 -25.195999
v -17.703800 11.999986 -25.543404
v -17.703800 7.999987 -25.543404
v -18.447201 11.999986 -25.795403
v -18.447201 7.999987 -25.795403
v -19.216999 11.999986 -25.948402
v -19.216999 7.999987 -25.948402
v -20.000000 11.999986 -26.000000
v -20.000000 7.999987 -26.000000
v -20.783001 11.999986 -25.948402
v -20.783001 7.999987 -25.948402
v -21.552799 11.999986 -25.795403
v -21.552799 7.999987 -25.795403
v -22.296200 11.999986 -25.543404
v -22.296200 7.999987 -25.543404
v -23.000000 11.999986 -25.195999
v -23.000000 7.999987 -25.195999
v -23.652800 11.999986 -24.760399
v -23.652800 7.999987 -24.760399
v -24.242599 11.999988 -24.242599
v -24.242599 7.999987 -24.242599
v -24.760399 11.999988 -23.652802
v -24.760399 7.999987 -23.652802
v -25.195999 11.999988 -23.000000
v -25.195999 7.999987 -23.000000
v -25.543400 11.999988 -22.296204
v -25.543400 7.999987 -22.296204
v -25.795401 11.999988 -21.552803
v -25.795401 7.999987 -21.552803
v -25.948400 11.999988 -20.782997
v -25.948400 7.999987 -20.782997
v -25.948400 11.999988 -19.217003
v -26.000000 11.999988 -20.000000
v -20.000000 11.999988 -20.000000
v -25.795401 11.999988 -18.447197
v -25.543400 11.999988 -17.703796
v -25.195999 11.999989 -17.000000
v -24.760399 11.999989 -16.347198
v -24.242599 11.999989 -15.757401
v -23.652800 11.999989 -15.239601
v -23.000000 11.999989 -14.804001
v -22.296200 11.999989 -14.456596
v -21.552799 11.999989 -14.204597
v -20.783001 11.999989 -14.051598
v -20.000000 11.999989 -14.000000
v -19.216999 11.999989 -14.051598
v -18.447201 11.999989 -14.204597
v -17.703800 11.999989 -14.456596
v -17.000000 11.999989 -14.804001
v -16.347200 11.999989 -15.239601
v -15.757400 11.999989 -15.757401
v -15.239600 11.999989 -16.347198
v -14.804000 11.999989 -17.000000
v -14.456600 11.999988 -17.703796
v -14.204600 11.999988 -18.447197
v -14.051600 11.999988 -19.217003
v -14.000000 11.999988 -20.000000
v -14.051600 11.999988 -20.782997
v -14.204600 11.999988 -21.552803
v -14.456600 11.999988 -22.296204
v -14.804000 11.999988 -23.000000
v -15.239600 11.999988 -23.652802
v -15.757400 11.999988 -24.242599
v -16.347200 11.999986 -24.760399
v -17.000000 11.999986 -25.195999
v -17.703800 11.999986 -25.543404
v -18.447201 11.999986 -25.795403
v -19.216999 11.999986 -25.948402
v -20.000000 11.999986 -26.000000
v -20.783001 11.999986 -25.948402
v -21.552799 11.999986 -25.795403
v -22.296200 11.999986 -25.543404
v -23.000000 11.999986 -25.195999
v -23.652800 11.999986 -24.760399
v -24.242599 11.999988 -24.242599
v -24.760399 11.999988 -23.652802
v -25.195999 11.999988 -23.000000
v -25.543400 11.999988 -22.296204
v -25.795401 11.999988 -21.552803
v -25.948400 11.999988 -20.782997
v -25.948400 11.999993 0.782997
v -26.000000 11.999991 0.000000
v -26.000000 7.999991 0.000000
v -25.948400 7.999991 0.782997
v -25.795401 11.999993 1.552803
v -25.795401 7.999991 1.552803
v -25.543400 11.999993 2.296204
v -25.543400 7.999991 2.296204
v -25.195999 11.999993 3.000000
v -25.195999 7.999991 3.000000
v -24.760399 11.999993 3.652802
v -24.760399 7.999991 3.652802
v -24.242599 11.999993 4.242599
v -24.242599 7.999991 4.242599
v -23.652800 11.999993 4.760399
v -23.652800 7.999991 4.760399
v -23.000000 11.999993 5.195999
v -23.000000 7.999991 5.195999
v -22.296200 11.999993 5.543404
v -22.296200 7.999990 5.543404
v -21.552799 11.999993 5.795403
v -21.552799 7.999990 5.795403
v -20.783001 11.999993 5.948402
v -20.783001 7.999990 5.948402
v -20.000000 11.999993 6.000000
v -20.000000 7.999990 6.000000
v -19.216999 11.999993 5.948402
v -19.216999 7.999990 5.948402
v -18.447201 11.999993 5.795403
v -18.447201 7.999990 5.795403
v -17.703800 11.999993 5.543404
v -17.703800 7.999990 5.543404
v -17.000000 11.999993 5.195999
v -17.000000 7.999991 5.195999
v -16.347200 11.999993 4.760399
v -16.347200 7.999991 4.760399
v -15.757400 11.999993 4.242599
v -15.757400 7.999991 4.242599
v -15.239600 11.999993 3.652802
v -15.239600 7.999991 3.652802
v -14.804000 11.999993 3.000000
v -14.804000 7.999991 3.000000
v -14.456600 11.999993 2.296204
v -14.456600 7.999991 2.296204
v -14.204600 11.999993 1.552803
v -14.204600 7.999991 1.552803
v -14.051600 11.999993 0.782997
v -14.051600 7.999991 0.782997
v -14.000000 11.999991 0.000000
v -14.000000 7.999991 0.000000
v -14.051600 11.999991 -0.782997
v -14.051600 7.999991 -0.782997
v -14.204600 11.999991 -1.552803
v -14.204600 7.999991 -1.552803
v -14.456600 11.999991 -2.296204
v -14.456600 7.999991 -2.296204
v -14.804000 11.999991 -3.000000
v -14.804000 7.999990 -3.000000
v -15.239600 11.999991 -3.652802
v -15.239600 7.999990 -3.652802
v -15.757400 11.999991 -4.242599
v -15.757400 7.999990 -4.242599
v -16.347200 11.999990 -4.760399
v -16.347200 7.999988 -4.760399
v -17.000000 11.999990 -5.195999
v -17.000000 7.999988 -5.195999
v -17.703800 11.999990 -5.543404
v -17.703800 7.999990 -5.543404
v -18.447201 11.999990 -5.795403
v -18.447201 7.999990 -5.795403
v -19.216999 11.999990 -5.948402
v -19.216999 7.999990 -5.948402
v -20.000000 11.999990 -6.000000
v -20.000000 7.999990 -6.000000
v -20.783001 11.999990 -5.948402
v -20.783001 7.999990 -5.948402
v -21.552799 11.999990 -5.795403
v -21.552799 7.999990 -5.795403
v -22.296200 11.999990 -5.543404
v -22.296200 7.999990 -5.543404
v -23.000000 11.999990 -5.195999
v -23.000000 7.999988 -5.195999
v -23.652800 11.999990 -4.760399
v -23.652800 7.999988 -4.760399
v -24.242599 11.999991 -4.242599
v -24.242599 7.999990 -4.242599
v -24.760399 11.999991 -3.652802
v -24.760399 7.999990 -3.652802
v -25.195999 11.999991 -3.000000
v -25.195999 7.999990 -3.000000
v -25.543400 11.999991 -2.296204
v -25.543400 7.999991 -2.296204
v -25.795401 11.999991 -1.552803
v -25.795401 7.999991 -1.552803
v -25.948400 11.999991 -0.782997
v -25.948400 7.999991 -0.782997
v -25.948400 11.999993 0.782997
v -26.000000 11.999991 0.000000
v -20.000000 11.999991 0.000000
v -25.795401 11.999993 1.552803
v -25.543400 11.999993 2.296204
v -25.195999 11.999993 3.000000
v -24.760399 11.999993 3.652802
v -24.242599 11.999993 4.242599
v -23.652800 11.999993 4.760399
v -23.000000 11.999993 5.195999
v -22.296200 11.999993 5.543404
v -21.552799 11.999993 5.795403
v -20.783001 11.999993 5.948402
v -20.000000 11.999993 6.000000
v -19.216999 11.999993 5.948402
v -18.447201 11.999993 5.795403
v -17.703800 11.999993 5.543404
v -17.000000 11.999993 5.195999
v -16.347200 11.999993 4.760399
v -15.757400 11.999993 4.242599
v -15.239600 11.999993 3.652802
v -14.804000 11.999993 3.000000
v -14.456600 11.999993 2.296204
v -14.204600 11.999993 1.552803
v -14.051600 11.999993 0.782997
v -14.000000 11.999991 0.000000
v -14.051600 11.999991 -0.782997
v -14.204600 11.999991 -1.552803
v -14.456600 11.999991 -2.296204
v -14.804000 11.999991 -3.000000
v -15.239600 11.999991 -3.652802
v -15.757400 11.999991 -4.242599
v -16.347200 11.999990 -4.760399
v -17.000000 11.999990 -5.195999
v -17.703800 11.999990 -5.543404
v -18.447201 11.999990 -5.795403
v -19.216999 11.999990 -5.948402
v -20.000000 11.999990 -6.000000
v -20.783001 11.999990 -5.948402
v -21.552799 11.999990 -5.795403
v -22.296200 11.999990 -5.543404
v -23.000000 11.999990 -5.195999
v -23.652800 11.999990 -4.760399
v -24.242599 11.999991 -4.242599
v -24.760399 11.999991 -3.652802
v -25.195999 11.999991 -3.000000
v -25.543400 11.999991 -2.296204
v -25.795401 11.999991 -1.552803
v -25.948400 11.999991 -0.782997
v -25.948400 11.999997 20.782997
v -26.000000 11.999996 20.000000
v -26.000000 7.999992 20.000000
v -25.948400 7.999993 20.782997
v -25.795401 11.999997 21.552803
v -25.795401 7.999993 21.552803
v -25.543400 11.999997 22.296204
v -25.543400 7.999993 22.296204
v -25.195999 11.999997 23.000000
v -25.195999 7.999995 23.000000
v -24.760399 11.999997 23.652802
v -24.760399 7.999995 23.652802
v -24.242599 11.999997 24.242599
v -24.242599 7.999995 24.242599
v -23.652800 11.999997 24.760399
v -23.652800 7.999995 24.760399
v -23.000000 11.999997 25.195999
v -23.000000 7.999995 25.195999
v -22.296200 11.999997 25.543404
v -22.296200 7.999995 25.543404
v -21.552799 11.999999 25.795403
v -21.552799 7.999995 25.795403
v -20.783001 11.999999 25.948402
v -20.783001 7.999995 25.948402
v -20.000000 11.999999 26.000000
v -20.000000 7.999995 26.000000
v -19.216999 11.999999 25.948402
v -19.216999 7.999995 25.948402
v -18.447201 11.999999 25.795403
v -18.447201 7.999995 25.795403
v -17.703800 11.999997 25.543404
v -17.703800 7.999995 25.543404
v -17.000000 11.999997 25.195999
v -17.000000 7.999995 25.195999
v -16.347200 11.999997 24.760399
v -16.347200 7.999995 24.760399
v -15.757400 11.999997 24.242599
v -15.757400 7.999995 24.242599
v -15.239600 11.999997 23.652802
v -15.239600 7.999995 23.652802
v -14.804000 11.999997 23.000000
v -14.804000 7.999995 23.000000
v -14.456600 11.999997 22.296204
v -14.456600 7.999993 22.296204
v -14.204600 11.999997 21.552803
v -14.204600 7.999993 21.552803
v -14.051600 11.999997 20.782997
v -14.051600 7.999993 20.782997
v -14.000000 11.999996 20.000000
v -14.000000 7.999992 20.000000
v -14.051600 11.999996 19.217003
v -14.051600 7.999992 19.217003
v -14.204600 11.999996 18.447197
v -14.204600 7.999992 18.447197
v -14.456600 11.999996 17.703796
v -14.456600 7.999992 17.703796
v -14.804000 11.999996 17.000000
v -14.804000 7.999992 17.000000
v -15.239600 11.999996 16.347198
v -15.239600 7.999993 16.347198
v -15.757400 11.999996 15.757401
v -15.757400 7.999993 15.757401
v -16.347200 11.999996 15.239601
v -16.347200 7.999993 15.239601
v -17.000000 11.999996 14.804001
v -17.000000 7.999993 14.804001
v -17.703800 11.999996 14.456596
v -17.703800 7.999993 14.456596
v -18.447201 11.999996 14.204597
v -18.447201 7.999993 14.204597
v -19.216999 11.999996 14.051598
v -19.216999 7.999993 14.051598
v -20.000000 11.999996 14.000000
v -20.000000 7.999993 14.000000
v -20.783001 11.999996 14.051598
v -20.783001 7.999993 14.051598
v -21.552799 11.999996 14.204597
v -21.552799 7.999993 14.204597
v -22.296200 11.999996 14.456596
v -22.296200 7.999993 14.456596
v -23.000000 11.999996 14.804001
v -23.000000 7.999993 14.804001
v -23.652800 11.999996 15.239601
v -23.652800 7.999993 15.239601
v -24.242599 11.999996 15.757401
v -24.242599 7.999993 15.757401
v -24.760399 11.999996 16.347198
v -24.760399 7.999993 16.347198
v -25.195999 11.999996 17.000000
v -25.195999 7.999992 17.000000
v -25.543400 11.999996 17.703796
v -25.543400 7.999992 17.703796
v -25.795401 11.999996 18.447197
v -25.795401 7.999992 18.447197
v -25.948400 11.999996 19.217003
v -25.948400 7.999992 19.217003
v -25.948400 11.999997 20.782997
v -26.000000 11.999996 20.000000
v -20.000000 11.999996 20.000000
v -25.795401 11.999997 21.552803
v -25.543400 11.999997 22.296204
v -25.195999 11.999997 23.000000
v -24.760399 11.999997 23.652802
v -24.242599 11.999997 24.242599
v -23.652800 11.999997 24.760399
v -23.000000 11.999997 25.195999
v -22.296200 11.999997 25.543404
v -21.552799 11.999999 25.795403
v -20.783001 11.999999 25.948402
v -20.000000 11.999999 26.000000
v -19.216999 11.999999 25.948402
v -18.447201 11.999999 25.795403
v -17.703800 11.999997 25.543404
v -17.000000 11.999997 25.195999
v -16.347200 11.999997 24.760399
v -15.757400 11.999997 24.242599
v -15.239600 11.999997 23.652802
v -14.804000 11.999997 23.000000
v -14.456600 11.999997 22.296204
v -14.204600 11.999997 21.552803
v -14.051600 11.999997 20.782997
v -14.000000 11.999996 20.000000
v -14.051600 11.999996 19.217003
v -14.204600 11.999996 18.447197
v -14.456600 11.999996 17.703796
v -14.804000 11.999996 17.000000
v -15.239600 11.999996 16.347198
v -15.757400 11.999996 15.757401
v -16.347200 11.999996 15.239601
v -17.000000 11.999996 14.804001
v -17.703800 11.999996 14.456596
v -18.447201 11.999996 14.204597
v -19.216999 11.999996 14.051598
v -20.000000 11.999996 14.000000
v -20.783001 11.999996 14.051598
v -21.552799 11.999996 14.204597
v -22.296200 11.999996 14.456596
v -23.000000 11.999996 14.804001
v -23.652800 11.999996 15.239601
v -24.242599 11.999996 15.757401
v -24.760399 11.999996 16.347198
v -25.195999 11.999996 17.000000
v -25.543400 11.999996 17.703796
v -25.795401 11.999996 18.447197
v -25.948400 11.999996 19.217003
v 30.000000 -0.000006 30.000000
v 26.000000 -0.000005 26.000000
v -26.000000 -0.000005 26.000000
v -30.000000 -0.000006 30.000000
v -30.000000 -0.000015 -30.000000
v -26.000000 -0.000013 -26.000000
v 26.000000 -0.000013 -26.000000
v 30.000000 -0.000015 -30.000000
v 22.771637 7.999990 -1.248047
v 22.771637 3.999990 -1.248047
v 22.942356 7.999990 -0.685272
v 22.942356 3.999991 -0.685272
v 22.494408 7.999990 -1.766708
v 22.494408 3.999990 -1.766708
v 22.121319 7.999991 -2.221321
v 22.121319 3.999990 -2.221321
v 21.666710 7.999991 -2.594406
v 21.666710 3.999990 -2.594406
v 21.148048 7.999986 -17.428360
v 21.148048 3.999987 -17.428360
v 22.121319 7.999986 -18.078674
v 22.121319 3.999987 -18.078674
v 22.494408 7.999986 -18.533287
v 22.494408 3.999987 -18.533287
v 21.666710 7.999986 -17.705589
v 21.666710 3.999987 -17.705589
v 22.942356 7.999986 -19.614731
v 22.942356 3.999987 -19.614731
v 22.771637 7.999986 -19.051949
v 22.771637 3.999987 -19.051949
v 23.000000 7.999986 -20.199997
v 23.000000 3.999987 -20.199997
v 22.494408 7.999986 -21.866714
v 22.494408 3.999986 -21.866714
v 22.942356 7.999985 -20.785271
v 22.942356 3.999986 -20.785271
v 22.771637 7.999986 -21.348053
v 22.771637 3.999986 -21.348053
v 21.666710 7.999986 -22.694412
v 21.666710 3.999987 -22.694412
v 22.121319 7.999986 -22.321320
v 22.121319 3.999987 -22.321320
v 21.148048 7.999986 -22.971634
v 21.148048 3.999987 -22.971634
v 22.211468 7.999986 -22.211464
v 22.211468 3.999987 -22.211464
v 18.333290 7.999991 -2.594406
v 18.333290 3.999990 -2.594406
v 18.851952 7.999990 -2.871643
v 18.851952 3.999990 -2.871643
v 21.148048 7.999990 -2.871643
v 21.148048 3.999990 -2.871643
v 20.585270 7.999990 -3.042358
v 20.585270 3.999990 -3.042358
v 19.414730 7.999990 -3.042358
v 19.414730 3.999990 -3.042358
v 20.000000 7.999990 -3.099998
v 20.000000 3.999990 -3.099998
v 20.000000 7.999986 -17.199997
v 20.000000 3.999986 -17.199997
v 19.414730 7.999986 -17.257645
v 19.414730 3.999986 -17.257645
v 20.585270 7.999986 -17.257645
v 20.585270 3.999986 -17.257645
v 18.851952 7.999986 -17.428360
v 18.851952 3.999987 -17.428360
v 18.333290 7.999986 -17.705589
v 18.333290 3.999987 -17.705589
v 17.878685 7.999986 -22.321320
v 17.878681 3.999987 -22.321320
v 18.333290 7.999986 -22.694412
v 18.333290 3.999987 -22.694412
v 18.851952 7.999986 -22.971634
v 18.851952 3.999987 -22.971634
v 20.585270 7.999986 -23.142357
v 20.585270 3.999987 -23.142357
v 20.000000 7.999986 -23.199997
v 20.000000 3.999987 -23.199997
v 19.414730 7.999986 -23.142357
v 19.414730 3.999987 -23.142357
v 17.228363 7.999990 -1.248047
v 17.228363 3.999990 -1.248047
v 17.057648 7.999990 -0.685272
v 17.057644 3.999991 -0.685272
v 2.842358 7.999990 -0.685272
v 2.842358 3.999991 -0.685272
v 17.505592 7.999990 -1.766708
v 17.505592 3.999990 -1.766708
v 17.878685 7.999991 -2.221321
v 17.878681 3.999990 -2.221321
v 17.505592 7.999986 -18.533287
v 17.505592 3.999987 -18.533287
v 17.988529 7.999986 -17.988533
v 17.878681 7.999986 -18.078674
v 17.878681 3.999987 -18.078674
v 17.988529 3.999987 -17.988525
v 17.228363 7.999986 -19.051949
v 17.228363 3.999987 -19.051949
v 2.842358 7.999986 -19.614731
v 2.842358 3.999987 -19.614731
v 2.671638 7.999986 -19.051949
v 2.671638 3.999987 -19.051949
v 17.057644 7.999986 -19.614731
v 17.057644 3.999987 -19.614731
v 2.900002 7.999986 -20.199997
v 2.900002 3.999987 -20.199997
v 17.000000 7.999986 -20.199997
v 17.000000 3.999987 -20.199997
v 17.057644 7.999986 -20.785278
v 17.057644 3.999986 -20.785271
v 17.228363 7.999986 -21.348053
v 17.228363 3.999987 -21.348053
v 2.842358 7.999986 -20.785278
v 2.842358 3.999986 -20.785271
v 2.671638 7.999986 -21.348053
v 2.671638 3.999987 -21.348053
v 17.505592 7.999986 -21.866714
v 17.505592 3.999987 -21.866714
v 1.566711 7.999991 -2.594406
v 1.566711 3.999990 -2.594406
v 2.394409 7.999990 -1.766708
v 2.111469 7.999991 -2.111465
v 2.394409 3.999990 -1.766708
v 2.021320 7.999991 -2.221321
v 2.021320 3.999990 -2.221321
v 2.111469 3.999990 -2.111473
v 2.671638 7.999990 -1.248047
v 2.671638 3.999990 -1.248047
v 0.485271 7.999990 -3.042358
v 0.485271 3.999990 -3.042358
v 1.048050 7.999990 -2.871643
v 1.048050 3.999990 -2.871643
v 0.485271 7.999987 -17.257645
v 0.485271 3.999986 -17.257645
v 1.048050 7.999986 -17.428360
v 1.048050 3.999986 -17.428360
v 1.566711 7.999986 -17.705589
v 1.566711 3.999987 -17.705589
v 2.021320 7.999986 -18.078674
v 2.021320 3.999987 -18.078674
v 2.394409 7.999986 -18.533287
v 2.394409 3.999987 -18.533287
v 2.394409 7.999986 -21.866714
v 2.394409 3.999987 -21.866714
v 2.021320 7.999986 -22.321320
v 2.021320 3.999987 -22.321320
v 1.566711 7.999986 -22.694412
v 1.566711 3.999987 -22.694412
v 0.485271 7.999986 -23.142357
v 0.485271 3.999987 -23.142357
v 1.048050 7.999986 -22.971634
v 1.048050 3.999987 -22.971634
v -1.766710 7.999991 -2.594406
v -1.766710 3.999990 -2.594406
v -2.221319 7.999991 -2.221321
v -2.221319 3.999990 -2.221321
v -2.594408 7.999991 -1.766708
v -2.594408 3.999990 -1.766708
v -0.685272 7.999990 -3.042358
v -0.685270 3.999990 -3.042358
v -1.248049 7.999990 -2.871643
v -1.248049 3.999990 -2.871643
v -0.099998 7.999990 -3.099998
v -0.099998 3.999990 -3.099998
v -0.685270 7.999987 -17.257645
v -0.685270 3.999986 -17.257645
v -0.099998 7.999987 -17.199997
v -0.099998 3.999986 -17.199997
v -1.248049 7.999986 -17.428360
v -1.248049 3.999986 -17.428360
v -2.221321 7.999986 -18.078674
v -2.221319 3.999987 -18.078674
v -1.766710 7.999986 -17.705589
v -1.766710 3.999987 -17.705589
v -2.871639 7.999986 -21.348053
v -2.871639 3.999987 -21.348053
v -2.221319 7.999986 -22.321320
v -2.221319 3.999987 -22.321320
v -2.871639 7.999986 -19.051949
v -2.871639 3.999987 -19.051949
v -2.594408 7.999986 -18.533287
v -2.594408 3.999987 -18.533287
v -1.766710 7.999986 -22.694412
v -1.766710 3.999987 -22.694412
v -2.594408 7.999986 -21.866714
v -2.594408 3.999987 -21.866714
v -0.099998 7.999986 -23.199997
v -0.099998 3.999987 -23.199997
v -1.248049 7.999986 -22.971634
v -1.248049 3.999987 -22.971634
v -0.685272 7.999986 -23.142357
v -0.685270 3.999987 -23.142357
v -2.871639 7.999991 -1.248047
v -2.871639 3.999990 -1.248047
v -3.042355 7.999991 -0.685272
v -3.042355 3.999991 -0.685272
v -17.428360 7.999991 -1.248047
v -17.428360 3.999990 -1.248047
v -17.257645 7.999991 -0.685272
v -17.257645 3.999991 -0.685272
v -17.705589 7.999991 -1.766708
v -17.705589 3.999990 -1.766708
v -18.078678 7.999991 -2.221321
v -18.078678 3.999990 -2.221321
v -18.078678 7.999986 -18.078674
v -18.078678 3.999987 -18.078674
v -17.428360 7.999986 -19.051949
v -17.428360 3.999987 -19.051949
v -17.705589 7.999986 -18.533287
v -17.705589 3.999987 -18.533287
v -17.257645 7.999986 -19.614731
v -17.257645 3.999987 -19.614731
v -3.042355 7.999986 -19.614731
v -3.042355 3.999987 -19.614731
v -17.199997 7.999986 -20.199997
v -17.199997 3.999987 -20.199997
v -3.042355 7.999986 -20.785278
v -3.042355 3.999986 -20.785271
v -3.099998 7.999986 -20.199997
v -3.099998 3.999987 -20.199997
v -17.257645 7.999986 -20.785278
v -17.257645 3.999986 -20.785271
v -17.428360 7.999986 -21.348053
v -17.428360 3.999987 -21.348053
v -17.705589 7.999986 -21.866714
v -17.705589 3.999987 -21.866714
v -18.533287 7.999991 -2.594406
v -18.533287 3.999990 -2.594406
v -19.051949 7.999990 -2.871643
v -19.051949 3.999990 -2.871643
v -19.614727 7.999990 -3.042358
v -19.614727 3.999990 -3.042358
v -20.199997 7.999990 -3.099998
v -20.199997 3.999990 -3.099998
v -20.785271 7.999990 -3.042358
v -20.785271 3.999990 -3.042358
v -20.785271 7.999987 -17.257645
v -20.785271 3.999986 -17.257645
v -20.199997 7.999987 -17.199997
v -20.199997 3.999986 -17.199997
v -19.614727 7.999987 -17.257645
v -19.614727 3.999986 -17.257645
v -19.051949 7.999986 -17.428360
v -19.051949 3.999986 -17.428360
v -18.533287 7.999986 -17.705589
v -18.533287 3.999987 -17.705589
v -18.078678 7.999986 -22.321320
v -18.078678 3.999987 -22.321320
v -19.051949 7.999986 -22.971634
v -19.051949 3.999987 -22.971634
v -18.533287 7.999986 -22.694412
v -18.533287 3.999987 -22.694412
v -20.199997 7.999986 -23.199997
v -20.199997 3.999987 -23.199997
v -20.785271 7.999986 -23.142357
v -20.785271 3.999987 -23.142357
v -19.614727 7.999986 -23.142357
v -19.614727 3.999987 -23.142357
v -22.321320 7.999991 -2.221321
v -22.321320 3.999990 -2.221321
v -22.971638 7.999991 -1.248047
v -22.971638 3.999990 -1.248047
v -22.694408 7.999991 -1.766708
v -22.694408 3.999990 -1.766708
v -23.142357 7.999991 -0.685272
v -23.142357 3.999991 -0.685272
v -21.866711 7.999991 -2.594406
v -21.866711 3.999990 -2.594406
v -21.348049 7.999990 -2.871643
v -21.348049 3.999990 -2.871643
v -21.348049 7.999986 -17.428360
v -21.348049 3.999986 -17.428360
v -21.866711 7.999986 -17.705589
v -21.866711 3.999987 -17.705589
v -22.321320 7.999986 -18.078674
v -22.321320 3.999987 -18.078674
v -22.694408 7.999986 -18.533287
v -22.694408 3.999987 -18.533287
v -22.971638 7.999986 -19.051949
v -22.971638 3.999987 -19.051949
v -23.142357 7.999986 -19.614731
v -23.142357 3.999987 -19.614731
v -23.199997 7.999986 -20.199997
v -23.199997 3.999987 -20.199997
v -23.142357 7.999986 -20.785278
v -23.142357 3.999986 -20.785271
v -22.971638 7.999986 -21.348053
v -22.971638 3.999987 -21.348053
v -22.321320 7.999986 -22.321320
v -22.321320 3.999987 -22.321320
v -22.694408 7.999986 -21.866714
v -22.694408 3.999987 -21.866714
v -21.348049 7.999986 -22.971634
v -21.348049 3.999987 -22.971634
v -21.866711 7.999986 -22.694412
v -21.866711 3.999987 -22.694412
v 22.942356 7.999990 0.485275
v 22.942356 3.999990 0.485275
v 23.000000 7.999990 -0.099998
v 23.000000 3.999991 -0.099998
v 22.771637 7.999990 1.048050
v 22.771637 3.999990 1.048050
v 22.494408 7.999990 1.566711
v 22.494408 3.999990 1.566711
v 22.121319 7.999990 2.021317
v 22.121319 3.999990 2.021317
v 21.148048 7.999990 2.671638
v 21.148048 3.999990 2.671638
v 21.666710 7.999990 2.394409
v 21.666710 3.999990 2.394409
v 20.585270 7.999990 2.842361
v 20.585270 3.999990 2.842361
v 18.851952 7.999990 2.671638
v 18.851952 3.999990 2.671638
v 18.333290 7.999990 2.394409
v 18.333290 3.999990 2.394409
v 19.414730 7.999990 2.842361
v 19.414730 3.999990 2.842361
v 17.505592 7.999990 1.566711
v 17.505592 3.999990 1.566711
v 17.878685 7.999990 2.021317
v 17.878681 3.999990 2.021317
v 17.228363 7.999990 1.048050
v 17.228363 3.999990 1.048050
v 17.057648 7.999990 0.485275
v 17.057644 3.999990 0.485275
v 17.000000 7.999990 -0.099998
v 17.000000 3.999991 -0.099998
v 2.900002 7.999990 -0.099998
v 2.900002 3.999991 -0.099998
v 2.842358 7.999990 0.485275
v 2.842358 3.999990 0.485275
v 2.671638 7.999990 1.048050
v 2.671638 3.999990 1.048050
v 2.394409 7.999990 1.566711
v 2.394409 3.999990 1.566711
v 2.021320 7.999990 2.021317
v 2.021320 3.999990 2.021317
v 1.048050 7.999990 2.671638
v 1.048050 3.999990 2.671638
v 1.566711 7.999990 2.394409
v 1.566711 3.999990 2.394409
v 0.485271 7.999990 2.842361
v 0.485271 3.999990 2.842361
v -0.099998 7.999990 2.900002
v -0.099998 3.999990 2.900002
v -0.685272 7.999990 2.842361
v -0.685270 3.999990 2.842361
v -1.248049 7.999990 2.671638
v -1.248049 3.999990 2.671638
v -2.111464 7.999990 2.111465
v -2.221319 7.999990 2.021317
v -2.221319 3.999990 2.021317
v -2.111471 3.999990 2.111465
v -1.766710 7.999990 2.394409
v -1.766710 3.999990 2.394409
v -2.594408 7.999990 1.566711
v -2.594408 3.999990 1.566711
v -2.871639 7.999990 1.048050
v -2.871639 3.999990 1.048050
v -3.042355 7.999991 0.485275
v -3.042355 3.999990 0.485275
v -3.099998 7.999991 -0.099998
v -3.099998 3.999990 -0.099998
v -23.142357 7.999991 0.485275
v -23.142357 3.999990 0.485275
v -22.694408 7.999990 1.566711
v -22.694408 3.999990 1.566711
v -17.199997 7.999991 -0.099998
v -17.199997 3.999990 -0.099998
v -20.199997 7.999990 2.900002
v -20.199997 3.999990 2.900002
v -18.533287 7.999990 2.394409
v -18.533287 3.999990 2.394409
v -17.257645 7.999991 0.485275
v -17.257645 3.999990 0.485275
v -17.428360 7.999990 1.048050
v -17.428360 3.999990 1.048050
v -18.078678 7.999990 2.021317
v -18.078678 3.999990 2.021317
v -21.866711 7.999990 2.394409
v -21.866711 3.999990 2.394409
v -22.971638 7.999990 1.048050
v -22.971638 3.999990 1.048050
v -23.199997 7.999991 -0.099998
v -23.199997 3.999990 -0.099998
v -21.348049 7.999990 2.671638
v -21.348049 3.999990 2.671638
v -22.321320 7.999990 2.021317
v -22.321320 3.999990 2.021317
v -19.051949 7.999990 2.671638
v -19.051949 3.999990 2.671638
v -17.705589 7.999990 1.566711
v -17.705589 3.999990 1.566711
v -20.785271 7.999990 2.842361
v -20.785271 3.999990 2.842361
v -19.614727 7.999990 2.842361
v -19.614727 3.999990 2.842361
v 20.585270 7.999993 17.057648
v 20.585270 3.999992 17.057648
v 21.148048 7.999993 17.228363
v 21.148048 3.999992 17.228363
v 19.414730 7.999993 17.057648
v 19.414730 3.999992 17.057648
v 20.000000 7.999993 17.000000
v 20.000000 3.999992 17.000000
v 20.000000 7.999990 2.900002
v 20.000000 3.999990 2.900002
v 18.851952 7.999993 17.228363
v 18.851952 3.999992 17.228363
v 18.333290 7.999993 17.505592
v 18.333290 3.999993 17.505592
v 1.566711 7.999993 17.505592
v 1.566711 3.999993 17.505592
v 1.048050 7.999993 17.228363
v 1.048050 3.999992 17.228363
v 0.485271 7.999993 17.057648
v 0.485271 3.999992 17.057648
v -0.099998 7.999993 17.000000
v -0.099998 3.999992 17.000000
v -0.685270 7.999993 17.057648
v -0.685270 3.999992 17.057648
v -1.766710 7.999993 17.505592
v -1.766710 3.999993 17.505592
v -1.248049 7.999993 17.228363
v -1.248049 3.999992 17.228363
v -19.051949 7.999992 17.228363
v -19.051949 3.999992 17.228363
v -19.614727 7.999992 17.057648
v -19.614727 3.999992 17.057648
v -20.199997 7.999992 17.000000
v -20.199997 3.999992 17.000000
v -21.866711 7.999992 17.505592
v -21.866711 3.999992 17.505592
v -21.348049 7.999992 17.228363
v -21.348049 3.999992 17.228363
v -20.785271 7.999992 17.057648
v -20.785271 3.999992 17.057648
v 22.121319 7.999993 17.878677
v 22.121319 3.999992 17.878677
v 22.771637 7.999993 18.851952
v 22.771637 3.999992 18.851952
v 22.494408 7.999993 18.333290
v 22.494408 3.999992 18.333290
v 21.666710 7.999993 17.505592
v 21.666710 3.999993 17.505592
v 17.878681 7.999993 17.878677
v 17.878681 3.999992 17.878677
v 17.505592 7.999993 18.333290
v 17.505592 3.999992 18.333290
v 2.394409 7.999993 18.333290
v 2.394409 3.999992 18.333290
v 2.021320 7.999993 17.878677
v 2.021320 3.999992 17.878677
v -2.594408 7.999993 18.333290
v -2.594408 3.999992 18.333290
v -2.221321 7.999993 17.878677
v -2.221319 3.999992 17.878677
v -2.871639 7.999993 18.851952
v -2.871639 3.999992 18.851952
v -18.078678 7.999992 17.878677
v -18.078678 3.999992 17.878677
v -17.988533 3.999992 17.988533
v -17.705589 7.999993 18.333290
v -17.705589 3.999992 18.333290
v -17.428360 7.999993 18.851952
v -17.428360 3.999992 18.851952
v -17.988529 7.999992 17.988525
v -18.533287 7.999992 17.505592
v -18.533287 3.999992 17.505592
v -22.694408 7.999992 18.333290
v -22.694408 3.999992 18.333290
v -22.971638 7.999992 18.851952
v -22.971638 3.999992 18.851952
v -22.321320 7.999992 17.878677
v -22.321320 3.999992 17.878677
v 23.000000 7.999992 20.000000
v 23.000000 3.999992 20.000000
v 22.942356 7.999993 19.414726
v 22.942356 3.999992 19.414726
v 22.942356 7.999993 20.585274
v 22.942356 3.999992 20.585274
v 17.228363 7.999993 18.851952
v 17.228363 3.999992 18.851952
v 17.057644 7.999993 19.414726
v 17.057644 3.999992 19.414726
v 17.000000 7.999992 20.000000
v 17.000000 3.999992 20.000000
v 17.057648 7.999993 20.585274
v 17.057644 3.999992 20.585274
v 2.900002 7.999992 20.000000
v 2.900002 3.999992 20.000000
v 2.842358 7.999993 20.585274
v 2.842358 3.999992 20.585274
v 2.842358 7.999993 19.414726
v 2.842358 3.999992 19.414726
v 2.671638 7.999993 18.851952
v 2.671638 3.999992 18.851952
v -3.042355 7.999993 19.414726
v -3.042355 3.999992 19.414726
v -3.099998 7.999992 20.000000
v -3.099998 3.999992 20.000000
v -3.042355 7.999993 20.585274
v -3.042355 3.999992 20.585274
v -17.199997 7.999992 20.000000
v -17.199997 3.999992 20.000000
v -17.257645 7.999993 19.414726
v -17.257645 3.999992 19.414726
v -17.257645 7.999993 20.585274
v -17.257645 3.999992 20.585274
v -23.199997 7.999992 20.000000
v -23.199997 3.999992 20.000000
v -23.142357 7.999992 19.414726
v -23.142357 3.999992 19.414726
v 22.771637 7.999993 21.148048
v 22.771637 3.999992 21.148048
v 22.494408 7.999993 21.666710
v 22.494408 3.999992 21.666710
v 17.228363 7.999993 21.148048
v 17.228363 3.999992 21.148048
v 17.505592 7.999993 21.666710
v 17.505592 3.999992 21.666710
v 2.671638 7.999993 21.148048
v 2.671638 3.999992 21.148048
v 2.394409 7.999993 21.666710
v 2.394409 3.999992 21.666710
v -2.594408 7.999993 21.666710
v -2.594408 3.999992 21.666710
v -2.871639 7.999993 21.148048
v -2.871639 3.999992 21.148048
v -17.705589 7.999993 21.666710
v -17.705589 3.999992 21.666710
v -17.428360 7.999993 21.148048
v -17.428360 3.999992 21.148048
v -22.321320 7.999993 22.121323
v -22.321320 3.999992 22.121323
v -18.078678 7.999993 22.121323
v -18.078678 3.999992 22.121323
v -22.694408 7.999993 21.666710
v -22.694408 3.999992 21.666710
v -23.142357 7.999993 20.585274
v -23.142357 3.999992 20.585274
v -22.971638 7.999993 21.148048
v -22.971638 3.999992 21.148048
v 22.121319 7.999993 22.121323
v 22.121319 3.999992 22.121323
v 18.333290 7.999993 22.494408
v 18.333290 3.999992 22.494408
v 21.666710 7.999993 22.494408
v 21.666710 3.999992 22.494408
v 21.148048 7.999995 22.771637
v 21.148048 3.999992 22.771637
v 18.851952 7.999995 22.771637
v 18.851952 3.999992 22.771637
v 17.878685 7.999993 22.121323
v 17.878681 3.999992 22.121323
v 1.048050 7.999995 22.771637
v 1.048050 3.999992 22.771637
v 2.021320 7.999993 22.121323
v 2.021320 3.999992 22.121323
v 1.566711 7.999993 22.494408
v 1.566711 3.999992 22.494408
v -1.248049 7.999995 22.771637
v -1.248049 3.999992 22.771637
v -1.766710 7.999993 22.494408
v -1.766710 3.999992 22.494408
v -2.221319 7.999993 22.121323
v -2.221319 3.999992 22.121323
v -20.785271 7.999995 22.942352
v -20.785271 3.999992 22.942352
v -18.533287 7.999993 22.494408
v -18.533287 3.999992 22.494408
v -19.051949 7.999995 22.771637
v -19.051949 3.999992 22.771637
v -21.866711 7.999993 22.494408
v -21.866711 3.999992 22.494408
v -21.348049 7.999995 22.771637
v -21.348049 3.999992 22.771637
v -22.211470 7.999993 22.211472
v -22.211472 3.999992 22.211472
v 20.585270 7.999995 22.942352
v 20.585270 3.999992 22.942352
v 20.000000 7.999995 23.000000
v 20.000000 3.999992 23.000000
v 19.414730 7.999995 22.942352
v 19.414730 3.999992 22.942352
v 0.485271 7.999995 22.942352
v 0.485271 3.999992 22.942352
v -0.685272 7.999995 22.942352
v -0.685270 3.999992 22.942352
v -0.099998 7.999995 23.000000
v -0.099998 3.999992 23.000000
v -19.614727 7.999995 22.942352
v -19.614727 3.999992 22.942352
v -20.199997 7.999995 23.000000
v -20.199997 3.999992 23.000000
vn -0.0000 -1.0000 -0.0000
vn 0.9998 -0.0000 -0.0220
vn 0.9998 -0.0000 0.0220
vn 0.9940 -0.0000 -0.1090
vn 0.9884 -0.0000 -0.1521
vn 0.9714 -0.0000 -0.2374
vn 0.9601 -0.0000 -0.2795
vn 0.9321 -0.0000 -0.3623
vn 0.9153 -0.0000 -0.4029
vn 0.8767 -0.0000 -0.4810
vn 0.8551 -0.0000 -0.5185
vn 0.8066 -0.0000 -0.5911
vn 0.7798 -0.0000 -0.6260
vn 0.7222 -0.0000 -0.6916
vn 0.6916 -0.0000 -0.7222
vn 0.6261 -0.0000 -0.7798
vn 0.5911 -0.0000 -0.8066
vn 0.5185 -0.0000 -0.8551
vn 0.4810 -0.0000 -0.8767
vn 0.4029 -0.0000 -0.9153
vn 0.3623 -0.0000 -0.9321
vn 0.2795 -0.0000 -0.9601
vn 0.2374 -0.0000 -0.9714
vn 0.1521 -0.0000 -0.9884
vn 0.1090 -0.0000 -0.9940
vn 0.0220 -0.0000 -0.9998
vn -0.0220 -0.0000 -0.9998
vn -0.1090 -0.0000 -0.9940
vn -0.1522 -0.0000 -0.9884
vn -0.2374 -0.0000 -0.9714
vn -0.2795 -0.0000 -0.9601
vn -0.3623 -0.0000 -0.9321
vn -0.4029 -0.0000 -0.9153
vn -0.4810 -0.0000 -0.8767
vn -0.5185 -0.0000 -0.8551
vn -0.5911 -0.0000 -0.8066
vn -0.6261 -0.0000 -0.7798
vn -0.6916 -0.0000 -0.7222
vn -0.7222 -0.0000 -0.6916
vn -0.7798 -0.0000 -0.6260
vn -0.8066 -0.0000 -0.5911
vn -0.8551 -0.0000 -0.5185
vn -0.8767 -0.0000 -0.4810
vn -0.9153 -0.0000 -0.4029
vn -0.9321 -0.0000 -0.3623
vn -0.9601 -0.0000 -0.2795
vn -0.9714 -0.0000 -0.2374
vn -0.9884 -0.0000 -0.1521
vn -0.9940 -0.0000 -0.1090
vn -0.9998 -0.0000 -0.0220
vn -0.9998 -0.0000 0.0220
vn -0.9940 -0.0000 0.1090
vn -0.9884 -0.0000 0.1521
vn -0.9714 -0.0000 0.2374
vn -0.9601 -0.0000 0.2795
vn -0.9321 -0.0000 0.3623
vn -0.9153 -0.0000 0.4029
vn -0.8767 -0.0000 0.4810
vn -0.8551 -0.0000 0.5185
vn -0.8066 -0.0000 0.5911
vn -0.7798 -0.0000 0.6260
vn -0.7222 -0.0000 0.6916
vn -0.6916 -0.0000 0.7222
vn -0.6261 -0.0000 0.7798
vn -0.5911 -0.0000 0.8066
vn -0.5185 -0.0000 0.8551
vn -0.4810 -0.0000 0.8767
vn -0.4029 -0.0000 0.9153
vn -0.3623 -0.0000 0.9321
vn -0.2795 -0.0000 0.9601
vn -0.2374 -0.0000 0.9714
vn -0.1522 -0.0000 0.9884
vn -0.1090 -0.0000 0.9940
vn -0.0220 -0.0000 0.9998
vn 0.0220 -0.0000 0.9998
vn 0.1090 -0.0000 0.9940
vn 0.1522 -0.0000 0.9884
vn 0.2374 -0.0000 0.9714
vn 0.2795 -0.0000 0.9601
vn 0.3623 -0.0000 0.9321
vn 0.4029 -0.0000 0.9153
vn 0.4810 -0.0000 0.8767
vn 0.5185 -0.0000 0.8551
vn 0.5911 -0.0000 0.8066
vn 0.6261 -0.0000 0.7798
vn 0.6916 -0.0000 0.7222
vn 0.7222 -0.0000 0.6916
vn 0.7798 -0.0000 0.6260
vn 0.8066 -0.0000 0.5911
vn 0.8551 -0.0000 0.5185
vn 0.8767 -0.0000 0.4810
vn 0.9153 -0.0000 0.4029
vn 0.9321 -0.0000 0.3623
vn 0.9601 -0.0000 0.2795
vn 0.9714 -0.0000 0.2374
vn 0.9884 -0.0000 0.1521
vn 0.9940 -0.0000 0.1090
vn -0.9940 -0.0000 0.1091
vn -0.9998 -0.0000 -0.0219
vn -0.9998 -0.0000 0.0219
vn -0.9884 -0.0000 0.1522
vn -0.8550 -0.0000 0.5186
vn -0.7798 -0.0000 0.6261
vn -0.5186 -0.0000 0.8550
vn -0.1091 -0.0000 0.9940
vn -0.0219 -0.0000 0.9998
vn 0.0219 -0.0000 0.9998
vn 0.1091 -0.0000 0.9940
vn 0.6916 -0.0000 0.7223
vn 0.7223 -0.0000 0.6916
vn 0.7798 -0.0000 0.6261
vn 0.8550 -0.0000 0.5185
vn 0.9940 -0.0000 0.1091
vn 0.9998 -0.0000 0.0219
vn 0.9998 -0.0000 -0.0219
vn 0.9940 -0.0000 -0.1091
vn 0.8550 -0.0000 -0.5186
vn 0.7798 -0.0000 -0.6261
vn 0.7223 -0.0000 -0.6916
vn 0.6916 -0.0000 -0.7223
vn 0.5186 -0.0000 -0.8550
vn 0.1091 -0.0000 -0.9940
vn 0.0219 -0.0000 -0.9998
vn -0.0219 -0.0000 -0.9998
vn -0.1091 -0.0000 -0.9940
vn -0.1521 -0.0000 -0.9884
vn -0.5186 -0.0000 -0.8550
vn -0.6916 -0.0000 -0.7223
vn -0.7223 -0.0000 -0.6916
vn -0.7798 -0.0000 -0.6261
vn -0.8550 -0.0000 -0.5185
vn -0.9940 -0.0000 -0.1091
vn -0.8550 -0.0000 -0.5186
vn -0.7223 -0.0000 0.6916
vn -0.6916 -0.0000 0.7223
vn 0.1521 -0.0000 0.9884
vn 0.9884 -0.0000 0.1522
vn 0.9884 -0.0000 -0.1522
vn 0.1522 -0.0000 -0.9884
vn 0.6260 -0.0000 0.7798
vn -0.1521 -0.0000 0.9884
vn 0.5186 -0.0000 0.8550
vn 0.8550 -0.0000 0.5186
vn 0.8550 -0.0000 -0.5185
vn 0.4028 -0.0000 -0.9153
vn 0.3622 -0.0000 -0.9321
vn -0.9884 -0.0000 -0.1522
vn -0.0000 1.0000 -0.0000
vn -0.0000 -0.0000 1.0000
vn 1.0000 -0.0000 -0.0000
vn -0.0000 -0.0000 -1.0000
vn -1.0000 -0.0000 -0.0000
vn -0.9714 -0.0000 0.2375
vn -0.9601 -0.0000 0.2796
vn -0.6260 -0.0000 0.7798
vn -0.2796 -0.0000 0.9601
vn -0.2375 -0.0000 0.9714
vn 0.2375 -0.0000 0.9714
vn 0.2796 -0.0000 0.9601
vn 0.9601 -0.0000 0.2796
vn 0.9714 -0.0000 0.2375
vn 0.9714 -0.0000 -0.2375
vn 0.9601 -0.0000 -0.2796
vn 0.6260 -0.0000 -0.7798
vn 0.2796 -0.0000 -0.9601
vn 0.2375 -0.0000 -0.9714
vn -0.2375 -0.0000 -0.9714
vn -0.2796 -0.0000 -0.9601
vn -0.6260 -0.0000 -0.7798
vn -0.9601 -0.0000 -0.2796
vn -0.9714 -0.0000 -0.2375
vn -0.2903 -0.0000 -0.9569
vn -0.8819 -0.0000 -0.4714
vn 0.7730 -0.0000 -0.6344
vn -0.2903 -0.0000 0.9569
vn 0.6344 -0.0000 -0.7730
vn -0.9569 -0.0000 -0.2903
vn -0.7730 -0.0000 0.6344
vn 0.4714 -0.0000 0.8819
vn -0.4714 -0.0000 -0.8819
vn -0.8819 -0.0000 0.4714
vn 0.9569 -0.0000 -0.2903
vn -0.6344 -0.0000 -0.7730
vn 0.0980 -0.0000 -0.9952
vn 0.2903 -0.0000 -0.9569
vn 0.8819 -0.0000 0.4714
vn -0.0980 -0.0000 -0.9952
vn -0.7730 -0.0000 -0.6344
vn -0.4714 -0.0000 0.8819
vn 0.9952 -0.0000 0.0980
vn 0.9952 -0.0000 -0.0980
vn -0.0980 -0.0000 0.9952
vn -0.6344 -0.0000 0.7730
vn -0.9952 -0.0000 0.0980
vn 0.8819 -0.0000 -0.4714
vn 0.4714 -0.0000 -0.8819
vn -0.9569 -0.0000 0.2903
vn 0.6344 -0.0000 0.7730
vn -0.9952 -0.0000 -0.0980
vn 0.9569 -0.0000 0.2903
vn 0.2903 -0.0000 0.9569
vn 0.0980 -0.0000 0.9952
vn 0.7730 -0.0000 0.6344
vt 0.296822 0.485388
vt 0.341844 0.471731
vt 0.383337 0.449553
vt 0.419706 0.419706
vt 0.449553 0.383337
vt 0.471731 0.341844
vt 0.485388 0.296822
vt 0.490000 0.250000
vt 0.485388 0.203178
vt 0.471731 0.158156
vt 0.449553 0.116663
vt 0.419706 0.080294
vt 0.383337 0.050447
vt 0.341844 0.028269
vt 0.296822 0.014612
vt 0.250000 0.010000
vt 0.203178 0.014612
vt 0.158156 0.028269
vt 0.116663 0.050447
vt 0.080294 0.080294
vt 0.050447 0.116663
vt 0.028269 0.158156
vt 0.014612 0.203178
vt 0.010000 0.250000
vt 0.014612 0.296822
vt 0.028269 0.341844
vt 0.050447 0.383337
vt 0.080294 0.419706
vt 0.116663 0.449553
vt 0.158156 0.471731
vt 0.203178 0.485388
vt 0.250000 0.490000
vt 18.000000 6.000000
vt 0.000000 6.000000
vt 13.217000 5.165400
vt 17.216999 5.165400
vt 12.447200 4.242600
vt 16.447201 4.242600
vt 11.703800 3.247200
vt 15.703800 3.247200
vt 11.000000 2.196000
vt 15.000000 2.196000
vt 10.347200 1.107600
vt 14.347200 1.107600
vt 9.757401 0.000000
vt 13.757400 0.000000
vt 9.239600 -1.107600
vt 13.239600 -1.107600
vt 8.804000 -2.196000
vt 12.804000 -2.196000
vt 8.456600 -3.247200
vt 12.456600 -3.247200
vt 8.204599 -4.242600
vt 12.204600 -4.242600
vt 8.051600 -5.165400
vt 12.051600 -5.165400
vt 8.000000 -6.000000
vt 12.000000 -6.000000
vt 8.051600 -6.731400
vt 12.051600 -6.731400
vt 8.204599 -7.348200
vt 12.204600 -7.348200
vt 8.456600 -7.839600
vt 12.456600 -7.839600
vt 8.804000 -8.196000
vt 12.804000 -8.196000
vt 9.239600 -8.413199
vt 13.239600 -8.413199
vt 9.757401 -8.485199
vt -6.242599 -8.485199
vt -10.760400 -8.413200
vt -6.760400 -8.413200
vt -11.196000 -8.196000
vt -7.196000 -8.196000
vt -11.543400 -7.839600
vt -7.543400 -7.839600
vt -11.795400 -7.348201
vt -7.795401 -7.348201
vt -11.948400 -6.731400
vt -7.948400 -6.731400
vt -12.000000 -6.000000
vt -8.000000 -6.000000
vt -11.948400 -5.165401
vt -7.948400 -5.165401
vt -11.795400 -4.242600
vt -7.795401 -4.242600
vt -11.543400 -3.247200
vt -7.543400 -3.247200
vt -11.196000 -2.196000
vt -7.196000 -2.196000
vt -10.760400 -1.107600
vt -6.760400 -1.107600
vt -10.242600 0.000000
vt -6.242599 0.000000
vt -9.652800 1.107600
vt -5.652800 1.107600
vt -9.000000 2.196000
vt -5.000000 2.196000
vt -8.296200 3.247200
vt -4.296200 3.247200
vt -7.552800 4.242600
vt -3.552800 4.242600
vt -6.783000 5.165401
vt -2.783000 5.165401
vt -6.000000 6.000000
vt 24.000000 6.000000
vt 19.948400 6.731400
vt 23.948400 6.731400
vt 19.795401 7.348201
vt 23.795401 7.348201
vt 19.543400 7.839600
vt 23.543400 7.839600
vt 19.195999 8.196000
vt 23.195999 8.196000
vt 18.760401 8.413200
vt 22.760401 8.413200
vt 18.242599 8.485199
vt 2.242600 8.485199
vt -1.239600 8.413199
vt 2.760400 8.413199
vt -0.804000 8.196000
vt 3.196000 8.196000
vt -0.456600 7.839600
vt 3.543400 7.839600
vt -0.204600 7.348200
vt 3.795400 7.348200
vt -0.051600 6.731400
vt 3.948400 6.731400
vt 1.931200 6.887200
vt 2.000000 8.000000
vt 6.000000 8.000000
vt 5.931200 6.887200
vt 1.727200 5.656800
vt 5.727200 5.656800
vt 1.391200 4.329600
vt 5.391200 4.329600
vt 0.928000 2.928000
vt 4.928000 2.928000
vt 0.347200 1.476800
vt 4.347200 1.476800
vt -0.343200 0.000000
vt 3.656800 0.000000
vt -1.129600 -1.476800
vt 2.870400 -1.476800
vt -2.000000 -2.928000
vt 2.000000 -2.928000
vt -2.938400 -4.329600
vt 1.061600 -4.329600
vt -3.929600 -5.656800
vt 0.070400 -5.656800
vt -4.956000 -6.887200
vt -0.956000 -6.887200
vt -6.000000 -8.000000
vt 10.000000 -8.000000
vt 6.068800 -8.975200
vt 10.068800 -8.975200
vt 6.272800 -9.797600
vt 10.272800 -9.797600
vt 6.608800 -10.452800
vt 10.608800 -10.452800
vt 7.072000 -10.928000
vt 11.072000 -10.928000
vt 7.652800 -11.217600
vt 11.652800 -11.217600
vt 8.343201 -11.313600
vt -7.656799 -11.313600
vt -12.347200 -11.217600
vt -8.347200 -11.217600
vt -12.928000 -10.928000
vt -8.927999 -10.928000
vt -13.391200 -10.452800
vt -9.391201 -10.452800
vt -13.727200 -9.797600
vt -9.727200 -9.797600
vt -13.931200 -8.975200
vt -9.931200 -8.975200
vt -14.000000 -8.000000
vt 18.000000 -8.000000
vt 15.044000 -6.887200
vt 19.044001 -6.887200
vt 16.070400 -5.656799
vt 20.070400 -5.656799
vt 17.061600 -4.329601
vt 21.061600 -4.329601
vt 18.000000 -2.927999
vt 22.000000 -2.927999
vt 18.870399 -1.476801
vt 22.870399 -1.476801
vt 19.656799 0.000000
vt 23.656799 0.000000
vt 20.347200 1.476801
vt 24.347200 1.476801
vt 20.927999 2.927999
vt 24.927999 2.927999
vt 21.391199 4.329601
vt 25.391199 4.329601
vt 21.727200 5.656799
vt 25.727200 5.656799
vt 21.931200 6.887200
vt 25.931200 6.887200
vt 22.000000 8.000000
vt 26.000000 8.000000
vt 21.931200 8.975200
vt 25.931200 8.975200
vt 21.727200 9.797600
vt 25.727200 9.797600
vt 21.391199 10.452800
vt 25.391199 10.452800
vt 20.927999 10.928000
vt 24.927999 10.928000
vt 20.347200 11.217600
vt 24.347200 11.217600
vt 19.656799 11.313600
vt 3.656800 11.313600
vt 0.347200 11.217600
vt 4.347200 11.217600
vt 0.928000 10.928000
vt 4.928000 10.928000
vt 1.391200 10.452800
vt 5.391200 10.452800
vt 1.727200 9.797600
vt 5.727200 9.797600
vt 1.931200 8.975200
vt 5.931200 8.975200
vt 18.000000 4.000000
vt 17.216999 3.948400
vt 16.955999 5.931200
vt 16.447201 3.795400
vt 15.929600 5.727200
vt 15.703800 3.543400
vt 14.938400 5.391200
vt 15.000000 3.196000
vt 14.000000 4.928000
vt 14.347200 2.760400
vt 13.129600 4.347200
vt 13.757400 2.242600
vt 12.343200 3.656800
vt 13.239600 1.652800
vt 11.652800 2.870400
vt 12.804000 1.000000
vt 11.072000 2.000000
vt 12.456600 0.296200
vt 10.608800 1.061600
vt 12.204600 -0.447200
vt 10.272800 0.070400
vt 12.051600 -1.217000
vt 10.068800 -0.956000
vt 12.000000 -2.000000
vt 10.000000 -2.000000
vt 12.051600 -2.783000
vt 10.068800 -3.044000
vt 12.204600 -3.552800
vt 10.272800 -4.070400
vt 12.456600 -4.296200
vt 10.608800 -5.061600
vt 12.804000 -5.000000
vt 11.072000 -6.000000
vt 13.239600 -5.652800
vt 11.652800 -6.870399
vt 13.757400 -6.242599
vt 12.343200 -7.656799
vt 14.347200 -6.760400
vt 13.129600 -8.347200
vt 15.000000 -7.196000
vt 14.000000 -8.927999
vt 15.703800 -7.543400
vt 14.938400 -9.391201
vt 16.447201 -7.795401
vt 15.929600 -9.727200
vt 17.216999 -7.948400
vt 16.955999 -9.931200
vt 18.000000 -10.000000
vt 18.783001 -7.948400
vt 19.044001 -9.931200
vt 19.552799 -7.795401
vt 20.070400 -9.727200
vt 20.296200 -7.543400
vt 21.061600 -9.391201
vt 21.000000 -7.196000
vt 22.000000 -8.927999
vt 21.652800 -6.760400
vt 22.870399 -8.347200
vt 22.242599 -6.242599
vt 23.656799 -7.656799
vt 22.760401 -5.652800
vt 24.347200 -6.870399
vt 23.195999 -5.000000
vt 24.927999 -6.000000
vt 23.543400 -4.296200
vt 25.391199 -5.061600
vt 23.795401 -3.552800
vt 25.727200 -4.070400
vt 23.948400 -2.783000
vt 25.931200 -3.044000
vt 24.000000 -2.000000
vt 26.000000 -2.000000
vt 23.948400 -1.217000
vt 25.931200 -0.956000
vt 23.795401 -0.447200
vt 25.727200 0.070400
vt 23.543400 0.296200
vt 25.391199 1.061600
vt 23.195999 1.000000
vt 24.927999 2.000000
vt 22.760401 1.652800
vt 24.347200 2.870400
vt 22.242599 2.242600
vt 23.656799 3.656800
vt 21.652800 2.760400
vt 22.870399 4.347200
vt 21.000000 3.196000
vt 22.000000 4.928000
vt 20.296200 3.543400
vt 21.061600 5.391200
vt 19.552799 3.795400
vt 20.070400 5.727200
vt 18.783001 3.948400
vt 19.044001 5.931200
vt 18.000000 26.000000
vt 20.000000 26.000000
vt 13.217000 25.165400
vt 17.216999 25.165400
vt 12.447200 24.242599
vt 16.447201 24.242599
vt 11.703800 23.247200
vt 15.703800 23.247200
vt 11.000000 22.195999
vt 15.000000 22.195999
vt 10.347200 21.107599
vt 14.347200 21.107599
vt 9.757401 20.000000
vt 13.757400 20.000000
vt 9.239600 18.892401
vt 13.239600 18.892401
vt 8.804000 17.804001
vt 12.804000 17.804001
vt 8.456600 16.752800
vt 12.456600 16.752800
vt 8.204599 15.757400
vt 12.204600 15.757400
vt 8.051600 14.834600
vt 12.051600 14.834600
vt 8.000000 14.000000
vt 12.000000 14.000000
vt 8.051600 13.268600
vt 12.051600 13.268600
vt 8.204599 12.651800
vt 12.204600 12.651800
vt 8.456600 12.160400
vt 12.456600 12.160400
vt 8.804000 11.804000
vt 12.804000 11.804000
vt 9.239600 11.586800
vt 13.239600 11.586800
vt 9.757401 11.514800
vt 13.757400 11.514800
vt 14.000000 26.000000
vt 24.000000 26.000000
vt 19.948400 26.731400
vt 23.948400 26.731400
vt 19.795401 27.348200
vt 23.795401 27.348200
vt 19.543400 27.839600
vt 23.543400 27.839600
vt 19.195999 28.195999
vt 23.195999 28.195999
vt 18.760401 28.413200
vt 22.760401 28.413200
vt 18.242599 28.485201
vt 22.242599 28.485201
vt 21.931200 26.887199
vt 22.000000 28.000000
vt 26.000000 28.000000
vt 25.931200 26.887199
vt 21.727200 25.656799
vt 25.727200 25.656799
vt 21.391199 24.329599
vt 25.391199 24.329599
vt 20.927999 22.927999
vt 24.927999 22.927999
vt 20.347200 21.476801
vt 24.347200 21.476801
vt 19.656799 20.000000
vt 23.656799 20.000000
vt 18.870399 18.523199
vt 22.870399 18.523199
vt 18.000000 17.072001
vt 22.000000 17.072001
vt 17.061600 15.670400
vt 21.061600 15.670400
vt 16.070400 14.343200
vt 20.070400 14.343200
vt 15.044000 13.112800
vt 19.044001 13.112800
vt 14.000000 12.000000
vt 10.000000 12.000000
vt 6.068800 11.024800
vt 10.068800 11.024800
vt 6.272800 10.202400
vt 10.272800 10.202400
vt 6.608800 9.547200
vt 10.608800 9.547200
vt 7.072000 9.072001
vt 11.072000 9.072001
vt 7.652800 8.782400
vt 11.652800 8.782400
vt 8.343201 8.686400
vt 12.343200 8.686400
vt 6.000000 12.000000
vt 18.000000 12.000000
vt 21.931200 28.975201
vt 25.931200 28.975201
vt 21.727200 29.797600
vt 25.727200 29.797600
vt 21.391199 30.452801
vt 25.391199 30.452801
vt 20.927999 30.927999
vt 24.927999 30.927999
vt 20.347200 31.217600
vt 24.347200 31.217600
vt 19.656799 31.313601
vt 23.656799 31.313601
vt 18.000000 24.000000
vt 17.216999 23.948400
vt 16.955999 25.931200
vt 16.447201 23.795401
vt 15.929600 25.727200
vt 15.703800 23.543400
vt 14.938400 25.391199
vt 15.000000 23.195999
vt 14.000000 24.927999
vt 14.347200 22.760401
vt 13.129600 24.347200
vt 13.757400 22.242599
vt 12.343200 23.656799
vt 13.239600 21.652800
vt 11.652800 22.870399
vt 12.804000 21.000000
vt 11.072000 22.000000
vt 12.456600 20.296200
vt 10.608800 21.061600
vt 12.204600 19.552799
vt 10.272800 20.070400
vt 12.051600 18.783001
vt 10.068800 19.044001
vt 12.000000 18.000000
vt 10.000000 18.000000
vt 12.051600 17.216999
vt 10.068800 16.955999
vt 12.204600 16.447201
vt 10.272800 15.929600
vt 12.456600 15.703800
vt 10.608800 14.938400
vt 12.804000 15.000000
vt 11.072000 14.000000
vt 13.239600 14.347200
vt 11.652800 13.129600
vt 13.757400 13.757400
vt 12.343200 12.343200
vt 14.347200 13.239600
vt 13.129600 11.652800
vt 15.000000 12.804000
vt 14.000000 11.072000
vt 15.703800 12.456600
vt 14.938400 10.608800
vt 16.447201 12.204600
vt 15.929600 10.272800
vt 17.216999 12.051600
vt 16.955999 10.068800
vt 18.000000 10.000000
vt 18.783001 12.051600
vt 19.044001 10.068800
vt 19.552799 12.204600
vt 20.070400 10.272800
vt 20.296200 12.456600
vt 21.061600 10.608800
vt 21.000000 12.804000
vt 22.000000 11.072000
vt 21.652800 13.239600
vt 22.870399 11.652800
vt 22.242599 13.757400
vt 23.656799 12.343200
vt 22.760401 14.347200
vt 24.347200 13.129600
vt 23.195999 15.000000
vt 24.927999 14.000000
vt 23.543400 15.703800
vt 25.391199 14.938400
vt 23.795401 16.447201
vt 25.727200 15.929600
vt 23.948400 17.216999
vt 25.931200 16.955999
vt 24.000000 18.000000
vt 26.000000 18.000000
vt 23.948400 18.783001
vt 25.931200 19.044001
vt 23.795401 19.552799
vt 25.727200 20.070400
vt 23.543400 20.296200
vt 25.391199 21.061600
vt 23.195999 21.000000
vt 24.927999 22.000000
vt 22.760401 21.652800
vt 24.347200 22.870399
vt 22.242599 22.242599
vt 23.656799 23.656799
vt 21.652800 22.760401
vt 22.870399 24.347200
vt 21.000000 23.195999
vt 22.000000 24.927999
vt 20.296200 23.543400
vt 21.061600 25.391199
vt 19.552799 23.795401
vt 20.070400 25.727200
vt 18.783001 23.948400
vt 19.044001 25.931200
vt -2.000000 -14.000000
vt 0.000000 -14.000000
vt -6.783000 -14.834600
vt -2.783000 -14.834600
vt -7.552800 -15.757400
vt -3.552800 -15.757400
vt -8.296200 -16.752800
vt -4.296200 -16.752800
vt -9.000000 -17.804001
vt -5.000000 -17.804001
vt -9.652800 -18.892401
vt -5.652800 -18.892401
vt -10.242600 -20.000000
vt -6.242599 -20.000000
vt -10.760400 -21.107599
vt -6.760400 -21.107599
vt -11.196000 -22.195999
vt -7.196000 -22.195999
vt -11.543400 -23.247200
vt -7.543400 -23.247200
vt -11.795400 -24.242599
vt -7.795401 -24.242599
vt -11.948400 -25.165400
vt -7.948400 -25.165400
vt -12.000000 -26.000000
vt -8.000000 -26.000000
vt -11.948400 -26.731400
vt -7.948400 -26.731400
vt -11.795400 -27.348200
vt -7.795401 -27.348200
vt -11.543400 -27.839600
vt -7.543400 -27.839600
vt -11.196000 -28.195999
vt -7.196000 -28.195999
vt -10.760400 -28.413200
vt -6.760400 -28.413200
vt -10.242600 -28.485201
vt -6.242599 -28.485201
vt -6.000000 -14.000000
vt 4.000000 -14.000000
vt -0.051600 -13.268600
vt 3.948400 -13.268600
vt -0.204600 -12.651800
vt 3.795400 -12.651800
vt -0.456600 -12.160400
vt 3.543400 -12.160400
vt -0.804000 -11.804000
vt 3.196000 -11.804000
vt -1.239600 -11.586800
vt 2.760400 -11.586800
vt -1.757400 -11.514800
vt 2.242600 -11.514800
vt 1.931200 -13.112800
vt 2.000000 -12.000000
vt 6.000000 -12.000000
vt 5.931200 -13.112800
vt 1.727200 -14.343200
vt 5.727200 -14.343200
vt 1.391200 -15.670400
vt 5.391200 -15.670400
vt 0.928000 -17.072001
vt 4.928000 -17.072001
vt 0.347200 -18.523199
vt 4.347200 -18.523199
vt -0.343200 -20.000000
vt 3.656800 -20.000000
vt -1.129600 -21.476801
vt 2.870400 -21.476801
vt -2.000000 -22.927999
vt 2.000000 -22.927999
vt -2.938400 -24.329599
vt 1.061600 -24.329599
vt -3.929600 -25.656799
vt 0.070400 -25.656799
vt -4.956000 -26.887199
vt -0.956000 -26.887199
vt -6.000000 -28.000000
vt -10.000000 -28.000000
vt -13.931200 -28.975201
vt -9.931200 -28.975201
vt -13.727200 -29.797600
vt -9.727200 -29.797600
vt -13.391200 -30.452801
vt -9.391201 -30.452801
vt -12.928000 -30.927999
vt -8.927999 -30.927999
vt -12.347200 -31.217600
vt -8.347200 -31.217600
vt -11.656800 -31.313601
vt -7.656799 -31.313601
vt -14.000000 -28.000000
vt -2.000000 -28.000000
vt 1.931200 -11.024800
vt 5.931200 -11.024800
vt 1.727200 -10.202400
vt 5.727200 -10.202400
vt 1.391200 -9.547200
vt 5.391200 -9.547200
vt 0.928000 -9.072001
vt 4.928000 -9.072001
vt 0.347200 -8.782400
vt 4.347200 -8.782400
vt -0.343200 -8.686400
vt 3.656800 -8.686400
vt -2.000000 4.000000
vt -2.783000 3.948400
vt -3.044000 5.931200
vt -2.000000 6.000000
vt -3.552800 3.795400
vt -4.070400 5.727200
vt -4.296200 3.543400
vt -5.061600 5.391200
vt -5.000000 3.196000
vt -6.000000 4.928000
vt -5.652800 2.760400
vt -6.870399 4.347200
vt -6.242599 2.242600
vt -7.656799 3.656800
vt -6.760400 1.652800
vt -8.347200 2.870400
vt -7.196000 1.000000
vt -8.927999 2.000000
vt -7.543400 0.296200
vt -9.391201 1.061600
vt -7.795401 -0.447200
vt -9.727200 0.070400
vt -7.948400 -1.217000
vt -9.931200 -0.956000
vt -8.000000 -2.000000
vt -10.000000 -2.000000
vt -7.948400 -2.783000
vt -9.931200 -3.044000
vt -7.795401 -3.552800
vt -9.727200 -4.070400
vt -7.543400 -4.296200
vt -9.391201 -5.061600
vt -7.196000 -5.000000
vt -8.927999 -6.000000
vt -6.760400 -5.652800
vt -8.347200 -6.870399
vt -6.242599 -6.242599
vt -7.656799 -7.656799
vt -5.652800 -6.760400
vt -6.870399 -8.347200
vt -5.000000 -7.196000
vt -6.000000 -8.927999
vt -4.296200 -7.543400
vt -5.061600 -9.391201
vt -3.552800 -7.795401
vt -4.070400 -9.727200
vt -2.783000 -7.948400
vt -3.044000 -9.931200
vt -2.000000 -8.000000
vt -2.000000 -10.000000
vt -1.217000 -7.948400
vt -0.956000 -9.931200
vt -0.447200 -7.795401
vt 0.070400 -9.727200
vt 0.296200 -7.543400
vt 1.061600 -9.391201
vt 1.000000 -7.196000
vt 2.000000 -8.927999
vt 1.652800 -6.760400
vt 2.870400 -8.347200
vt 2.242600 -6.242599
vt 3.656800 -7.656799
vt 2.760400 -5.652800
vt 4.347200 -6.870399
vt 3.196000 -5.000000
vt 4.928000 -6.000000
vt 3.543400 -4.296200
vt 5.391200 -5.061600
vt 3.795400 -3.552800
vt 5.727200 -4.070400
vt 3.948400 -2.783000
vt 5.931200 -3.044000
vt 4.000000 -2.000000
vt 6.000000 -2.000000
vt 3.948400 -1.217000
vt 5.931200 -0.956000
vt 3.795400 -0.447200
vt 5.727200 0.070400
vt 3.543400 0.296200
vt 5.391200 1.061600
vt 3.196000 1.000000
vt 4.928000 2.000000
vt 2.760400 1.652800
vt 4.347200 2.870400
vt 2.242600 2.242600
vt 3.656800 3.656800
vt 1.652800 2.760400
vt 2.870400 4.347200
vt 1.000000 3.196000
vt 2.000000 4.928000
vt 0.296200 3.543400
vt 1.061600 5.391200
vt -0.447200 3.795400
vt 0.070400 5.727200
vt -1.217000 3.948400
vt -0.956000 5.931200
vt 20.000000 6.000000
vt -10.242600 -8.485199
vt 13.757400 -8.485199
vt 14.000000 6.000000
vt 4.000000 6.000000
vt -1.757400 8.485199
vt 22.242599 8.485199
vt 14.000000 -8.000000
vt -10.000000 -8.000000
vt -11.656800 -11.313600
vt 12.343200 -11.313600
vt 6.000000 -8.000000
vt -0.343200 11.313600
vt 23.656799 11.313600
vt -2.000000 24.000000
vt -2.783000 23.948400
vt -3.044000 25.931200
vt -2.000000 26.000000
vt -3.552800 23.795401
vt -4.070400 25.727200
vt -4.296200 23.543400
vt -5.061600 25.391199
vt -5.000000 23.195999
vt -6.000000 24.927999
vt -5.652800 22.760401
vt -6.870399 24.347200
vt -6.242599 22.242599
vt -7.656799 23.656799
vt -6.760400 21.652800
vt -8.347200 22.870399
vt -7.196000 21.000000
vt -8.927999 22.000000
vt -7.543400 20.296200
vt -9.391201 21.061600
vt -7.795401 19.552799
vt -9.727200 20.070400
vt -7.948400 18.783001
vt -9.931200 19.044001
vt -8.000000 18.000000
vt -10.000000 18.000000
vt -7.948400 17.216999
vt -9.931200 16.955999
vt -7.795401 16.447201
vt -9.727200 15.929600
vt -7.543400 15.703800
vt -9.391201 14.938400
vt -7.196000 15.000000
vt -8.927999 14.000000
vt -6.760400 14.347200
vt -8.347200 13.129600
vt -6.242599 13.757400
vt -7.656799 12.343200
vt -5.652800 13.239600
vt -6.870399 11.652800
vt -5.000000 12.804000
vt -6.000000 11.072000
vt -4.296200 12.456600
vt -5.061600 10.608800
vt -3.552800 12.204600
vt -4.070400 10.272800
vt -2.783000 12.051600
vt -3.044000 10.068800
vt -2.000000 12.000000
vt -2.000000 10.000000
vt -1.217000 12.051600
vt -0.956000 10.068800
vt -0.447200 12.204600
vt 0.070400 10.272800
vt 0.296200 12.456600
vt 1.061600 10.608800
vt 1.000000 12.804000
vt 2.000000 11.072000
vt 1.652800 13.239600
vt 2.870400 11.652800
vt 2.242600 13.757400
vt 3.656800 12.343200
vt 2.760400 14.347200
vt 4.347200 13.129600
vt 3.196000 15.000000
vt 4.928000 14.000000
vt 3.543400 15.703800
vt 5.391200 14.938400
vt 3.795400 16.447201
vt 5.727200 15.929600
vt 3.948400 17.216999
vt 5.931200 16.955999
vt 4.000000 18.000000
vt 6.000000 18.000000
vt 3.948400 18.783001
vt 5.931200 19.044001
vt 3.795400 19.552799
vt 5.727200 20.070400
vt 3.543400 20.296200
vt 5.391200 21.061600
vt 3.196000 21.000000
vt 4.928000 22.000000
vt 2.760400 21.652800
vt 4.347200 22.870399
vt 2.242600 22.242599
vt 3.656800 23.656799
vt 1.652800 22.760401
vt 2.870400 24.347200
vt 1.000000 23.195999
vt 2.000000 24.927999
vt 0.296200 23.543400
vt 1.061600 25.391199
vt -0.447200 23.795401
vt 0.070400 25.727200
vt -1.217000 23.948400
vt -0.956000 25.931200
vt 30.000000 -30.000000
vt 30.000000 30.000000
vt 20.199999 23.199995
vt 20.785276 23.142359
vt 21.348053 22.971642
vt 21.866718 22.694412
vt 22.321318 22.321318
vt 22.694414 21.866713
vt 22.971636 21.348043
vt 23.142357 20.785275
vt 23.199995 20.199999
vt 23.142359 19.614725
vt 22.971634 19.051949
vt 22.694412 18.533291
vt 22.321320 18.078678
vt 21.866714 17.705591
vt 21.348051 17.428356
vt 20.785275 17.257645
vt 20.199999 17.199999
vt 20.199997 3.099999
vt 20.785278 3.042354
vt 21.348057 2.871639
vt 21.866714 2.594409
vt 22.321321 2.221320
vt 22.694408 1.766711
vt 22.971634 1.248049
vt 23.142355 0.685274
vt 23.199997 0.099999
vt 23.142357 -0.485270
vt 22.971636 -1.048050
vt 22.694410 -1.566711
vt 22.321318 -2.021319
vt 21.866714 -2.394408
vt 21.348053 -2.671638
vt 20.785278 -2.842356
vt 20.199995 -2.900002
vt 20.199997 -17.000000
vt 20.785275 -17.057642
vt 21.348051 -17.228361
vt 21.866713 -17.505592
vt 22.321320 -17.878685
vt 22.694412 -18.333290
vt 22.971630 -18.851948
vt 23.142357 -19.414730
vt 23.199995 -19.999996
vt 23.142357 -20.585266
vt 22.971630 -21.148045
vt 22.694412 -21.666706
vt 22.321320 -22.121315
vt 22.211464 -22.211464
vt -30.000000 30.000000
vt -30.000000 -30.000000
vt -20.000002 -22.999998
vt -20.585270 -22.942356
vt -21.148048 -22.771637
vt -21.666708 -22.494410
vt -22.121323 -22.121319
vt -22.494410 -21.666708
vt -22.771641 -21.148045
vt -22.942354 -20.585268
vt -22.999998 -20.000002
vt -22.942352 -19.414730
vt -22.771637 -18.851952
vt -22.494408 -18.333290
vt -22.121323 -17.878685
vt -21.666708 -17.505594
vt -21.148046 -17.228365
vt -20.585272 -17.057642
vt -19.999998 -16.999994
vt -20.000000 -2.900000
vt -20.585272 -2.842357
vt -21.148050 -2.671639
vt -21.666712 -2.394408
vt -22.121323 -2.021320
vt -22.494410 -1.566712
vt -22.771637 -1.048050
vt -22.942352 -0.485271
vt -23.000000 0.099999
vt -22.942356 0.685272
vt -22.771639 1.248050
vt -22.494408 1.766711
vt -22.121319 2.221319
vt -21.666710 2.594408
vt -21.148048 2.871640
vt -20.585276 3.042355
vt -20.000000 3.099998
vt -20.000004 17.199997
vt -20.585274 17.257645
vt -21.148048 17.428360
vt -21.666710 17.705589
vt -22.121323 18.078678
vt -22.494408 18.533287
vt -22.771641 19.051952
vt -22.942354 19.614727
vt -23.000000 20.199997
vt -22.942356 20.785275
vt -22.771639 21.348053
vt -22.494406 21.866711
vt -22.211472 22.211472
vt -30.000000 0.000000
vt -22.000000 0.000000
vt -22.000000 -60.000000
vt -30.000000 -60.000000
vt 30.000000 0.000000
vt 38.000000 0.000000
vt 38.000000 60.000000
vt 30.000000 60.000000
vt -22.000000 30.000000
vt 4.100000 27.199997
vt 3.514723 27.142353
vt 2.951950 26.971636
vt 2.433289 26.694407
vt 1.978683 26.321318
vt 1.605592 25.866713
vt 1.328361 25.348047
vt 1.157638 24.785271
vt 1.099998 24.199995
vt 1.157639 23.614729
vt 1.328360 23.051947
vt 1.605590 22.533281
vt 1.978682 22.078674
vt 2.433288 21.705585
vt 2.951951 21.428360
vt 3.514724 21.257645
vt 4.099998 21.199997
vt 4.099995 7.099995
vt 3.514722 7.042351
vt 2.951947 6.871635
vt 2.433285 6.594404
vt 1.978680 6.221316
vt 1.888531 6.111467
vt -13.988533 21.988533
vt -13.878677 22.078678
vt -13.505593 22.533289
vt -13.228364 23.051949
vt -13.057648 23.614727
vt -13.000000 24.199999
vt -13.057649 24.785273
vt -13.228363 25.348047
vt -13.505592 25.866711
vt -13.878677 26.321320
vt -14.333290 26.694408
vt -14.851950 26.971636
vt -15.414725 27.142353
vt -16.000000 27.199997
vt -16.585274 27.142355
vt -17.148048 26.971638
vt -17.666710 26.694407
vt -18.121323 26.321320
vt -18.211472 26.211472
vt 30.000000 -22.000000
vt 4.099999 -18.999998
vt 4.685272 -18.942358
vt 5.248047 -18.771637
vt 5.766708 -18.494410
vt 6.221321 -18.121321
vt 6.594405 -17.666708
vt 6.871644 -17.148050
vt 7.042357 -16.585270
vt 7.099998 -16.000002
vt 7.042359 -15.414731
vt 6.871643 -14.851952
vt 6.594405 -14.333290
vt 6.221321 -13.878683
vt 5.766710 -13.505592
vt 5.248047 -13.228364
vt 4.685272 -13.057644
vt 4.099998 -13.000002
vt 4.099996 1.099996
vt 4.685271 1.157640
vt 5.248045 1.328359
vt 5.766706 1.605588
vt 6.111471 1.888528
vt 21.988527 -13.988529
vt 21.705591 -14.333291
vt 21.428364 -14.851952
vt 21.257647 -15.414730
vt 21.199999 -16.000002
vt 21.257647 -16.585270
vt 21.428360 -17.148046
vt 21.705589 -17.666708
vt 22.078678 -18.121321
vt 22.533291 -18.494408
vt 23.051950 -18.771637
vt 23.614733 -18.942356
vt 24.199997 -18.999998
vt 24.785271 -18.942354
vt 25.348057 -18.771637
vt 25.866716 -18.494408
vt 26.211468 -18.211468
vt -18.000000 -52.000000
vt -18.000000 0.000000
vt -22.000000 -52.000000
vt 34.000000 52.000000
vt 34.000000 0.000000
vt 30.000000 52.000000
vt -18.051600 5.165400
vt -18.000000 6.000000
vt -14.000000 6.000000
vt -14.051600 5.165400
vt -18.204599 4.242601
vt -14.204600 4.242601
vt -18.456600 3.247200
vt -14.456600 3.247200
vt -18.804001 2.196000
vt -14.804000 2.196000
vt -19.239599 1.107600
vt -15.239600 1.107600
vt -19.757401 0.000000
vt -15.757400 0.000000
vt -20.347200 -1.107600
vt -16.347200 -1.107600
vt -21.000000 -2.196000
vt -17.000000 -2.196000
vt -21.703800 -3.247200
vt -17.703800 -3.247200
vt -22.447201 -4.242601
vt -18.447201 -4.242601
vt -23.216999 -5.165400
vt -19.216999 -5.165400
vt -24.000000 -6.000000
vt 14.000000 -6.000000
vt 10.051600 -6.731401
vt 14.051600 -6.731401
vt 10.204600 -7.348200
vt 14.204600 -7.348200
vt 10.456600 -7.839600
vt 14.456600 -7.839600
vt 10.804000 -8.196000
vt 14.804000 -8.196000
vt 11.239600 -8.413199
vt 15.239600 -8.413199
vt 11.757400 -8.485199
vt -24.242599 -8.485199
vt -28.760401 -8.413198
vt -24.760401 -8.413198
vt -29.195999 -8.195999
vt -25.195999 -8.195999
vt -29.543400 -7.839600
vt -25.543400 -7.839600
vt -29.795401 -7.348200
vt -25.795401 -7.348200
vt -29.948400 -6.731401
vt -25.948400 -6.731401
vt -30.000000 -6.000000
vt 20.000000 -6.000000
vt 16.783001 -5.165400
vt 20.783001 -5.165400
vt 17.552799 -4.242601
vt 21.552799 -4.242601
vt 18.296200 -3.247200
vt 22.296200 -3.247200
vt 19.000000 -2.195999
vt 23.000000 -2.195999
vt 19.652800 -1.107599
vt 23.652800 -1.107599
vt 20.242599 0.000000
vt 24.242599 0.000000
vt 20.760401 1.107599
vt 24.760401 1.107599
vt 21.195999 2.195999
vt 25.195999 2.195999
vt 21.543400 3.247200
vt 25.543400 3.247200
vt 21.795401 4.242601
vt 25.795401 4.242601
vt 21.948400 5.165400
vt 25.948400 5.165400
vt 22.000000 6.000000
vt 26.000000 6.000000
vt 21.948400 6.731401
vt 25.948400 6.731401
vt 21.795401 7.348200
vt 25.795401 7.348200
vt 21.543400 7.839600
vt 25.543400 7.839600
vt 21.195999 8.195999
vt 25.195999 8.195999
vt 20.760401 8.413198
vt 24.760401 8.413198
vt 20.242599 8.485199
vt -15.757400 8.485199
vt -19.239599 8.413199
vt -15.239600 8.413199
vt -18.804001 8.196000
vt -14.804000 8.196000
vt -18.456600 7.839600
vt -14.456600 7.839600
vt -18.204599 7.348200
vt -14.204600 7.348200
vt -18.051600 6.731401
vt -14.051600 6.731401
vt 16.000000 -24.000000
vt 16.000000 -18.000000
vt 15.217000 -18.051600
vt 14.447200 -18.204599
vt 13.703800 -18.456600
vt 13.000000 -18.804001
vt 12.347200 -19.239599
vt 11.757400 -19.757401
vt 11.239600 -20.347200
vt 10.804000 -21.000000
vt 10.456600 -21.703800
vt 10.204600 -22.447201
vt 10.051600 -23.216999
vt 10.000000 -24.000000
vt 10.051600 -24.783001
vt 10.204600 -25.552799
vt 10.456600 -26.296200
vt 10.804000 -27.000000
vt 11.239600 -27.652800
vt 11.757400 -28.242599
vt 12.347200 -28.760401
vt 13.000000 -29.195999
vt 13.703800 -29.543400
vt 14.447200 -29.795401
vt 15.217000 -29.948400
vt 16.000000 -30.000000
vt 16.783001 -29.948400
vt 17.552799 -29.795401
vt 18.296200 -29.543400
vt 19.000000 -29.195999
vt 19.652800 -28.760401
vt 20.242599 -28.242599
vt 20.760401 -27.652800
vt 21.195999 -27.000000
vt 21.543400 -26.296200
vt 21.795401 -25.552799
vt 21.948400 -24.783001
vt 22.000000 -24.000000
vt 21.948400 -23.216999
vt 21.795401 -22.447201
vt 21.543400 -21.703800
vt 21.195999 -21.000000
vt 20.760401 -20.347200
vt 20.242599 -19.757401
vt 19.652800 -19.239599
vt 19.000000 -18.804001
vt 18.296200 -18.456600
vt 17.552799 -18.204599
vt 16.783001 -18.051600
vt -18.051600 -14.834600
vt -18.000000 -14.000000
vt -14.000000 -14.000000
vt -14.051600 -14.834600
vt -18.204599 -15.757400
vt -14.204600 -15.757400
vt -18.456600 -16.752800
vt -14.456600 -16.752800
vt -18.804001 -17.804001
vt -14.804000 -17.804001
vt -19.239599 -18.892401
vt -15.239600 -18.892401
vt -19.757401 -20.000000
vt -15.757400 -20.000000
vt -20.347200 -21.107599
vt -16.347200 -21.107599
vt -21.000000 -22.195999
vt -17.000000 -22.195999
vt -21.703800 -23.247200
vt -17.703800 -23.247200
vt -22.447201 -24.242599
vt -18.447201 -24.242599
vt -23.216999 -25.165400
vt -19.216999 -25.165400
vt -24.000000 -26.000000
vt -6.000000 -26.000000
vt -9.948400 -26.731400
vt -5.948400 -26.731400
vt -9.795401 -27.348200
vt -5.795400 -27.348200
vt -9.543400 -27.839600
vt -5.543400 -27.839600
vt -9.196000 -28.195999
vt -5.196000 -28.195999
vt -8.760400 -28.413200
vt -4.760400 -28.413200
vt -8.242599 -28.485201
vt -24.242599 -28.485201
vt -28.760401 -28.413200
vt -24.760401 -28.413200
vt -29.195999 -28.195999
vt -25.195999 -28.195999
vt -29.543400 -27.839600
vt -25.543400 -27.839600
vt -29.795401 -27.348200
vt -25.795401 -27.348200
vt -29.948400 -26.731400
vt -25.948400 -26.731400
vt -30.000000 -26.000000
vt 0.000000 -26.000000
vt -3.217000 -25.165400
vt 0.783000 -25.165400
vt -2.447200 -24.242599
vt 1.552800 -24.242599
vt -1.703800 -23.247200
vt 2.296200 -23.247200
vt -1.000000 -22.195999
vt 3.000000 -22.195999
vt -0.347200 -21.107599
vt 3.652800 -21.107599
vt 0.242600 -20.000000
vt 4.242600 -20.000000
vt 0.760400 -18.892401
vt 4.760400 -18.892401
vt 1.196000 -17.804001
vt 5.196000 -17.804001
vt 1.543400 -16.752800
vt 5.543400 -16.752800
vt 1.795400 -15.757400
vt 5.795400 -15.757400
vt 1.948400 -14.834600
vt 5.948400 -14.834600
vt 2.000000 -14.000000
vt 6.000000 -14.000000
vt 1.948400 -13.268600
vt 5.948400 -13.268600
vt 1.795400 -12.651800
vt 5.795400 -12.651800
vt 1.543400 -12.160400
vt 5.543400 -12.160400
vt 1.196000 -11.804000
vt 5.196000 -11.804000
vt 0.760400 -11.586800
vt 4.760400 -11.586800
vt 0.242600 -11.514800
vt -15.757400 -11.514800
vt -19.239599 -11.586800
vt -15.239600 -11.586800
vt -18.804001 -11.804000
vt -14.804000 -11.804000
vt -18.456600 -12.160400
vt -14.456600 -12.160400
vt -18.204599 -12.651800
vt -14.204600 -12.651800
vt -18.051600 -13.268600
vt -14.051600 -13.268600
vt -4.000000 -24.000000
vt -4.000000 -18.000000
vt -4.783000 -18.051600
vt -5.552800 -18.204599
vt -6.296200 -18.456600
vt -7.000000 -18.804001
vt -7.652800 -19.239599
vt -8.242599 -19.757401
vt -8.760400 -20.347200
vt -9.196000 -21.000000
vt -9.543400 -21.703800
vt -9.795401 -22.447201
vt -9.948400 -23.216999
vt -10.000000 -24.000000
vt -9.948400 -24.783001
vt -9.795401 -25.552799
vt -9.543400 -26.296200
vt -9.196000 -27.000000
vt -8.760400 -27.652800
vt -8.242599 -28.242599
vt -7.652800 -28.760401
vt -7.000000 -29.195999
vt -6.296200 -29.543400
vt -5.552800 -29.795401
vt -4.783000 -29.948400
vt -4.000000 -30.000000
vt -3.217000 -29.948400
vt -2.447200 -29.795401
vt -1.703800 -29.543400
vt -1.000000 -29.195999
vt -0.347200 -28.760401
vt 0.242600 -28.242599
vt 0.760400 -27.652800
vt 1.196000 -27.000000
vt 1.543400 -26.296200
vt 1.795400 -25.552799
vt 1.948400 -24.783001
vt 2.000000 -24.000000
vt 1.948400 -23.216999
vt 1.795400 -22.447201
vt 1.543400 -21.703800
vt 1.196000 -21.000000
vt 0.760400 -20.347200
vt 0.242600 -19.757401
vt -0.347200 -19.239599
vt -1.000000 -18.804001
vt -1.703800 -18.456600
vt -2.447200 -18.204599
vt -3.217000 -18.051600
vt -18.051600 -34.834599
vt -18.000000 -34.000000
vt -14.000000 -34.000000
vt -14.051600 -34.834599
vt -18.204599 -35.757401
vt -14.204600 -35.757401
vt -18.456600 -36.752800
vt -14.456600 -36.752800
vt -18.804001 -37.804001
vt -14.804000 -37.804001
vt -19.239599 -38.892399
vt -15.239600 -38.892399
vt -19.757401 -40.000000
vt -15.757400 -40.000000
vt -20.347200 -41.107601
vt -16.347200 -41.107601
vt -21.000000 -42.195999
vt -17.000000 -42.195999
vt -21.703800 -43.247200
vt -17.703800 -43.247200
vt -22.447201 -44.242599
vt -18.447201 -44.242599
vt -23.216999 -45.165401
vt -19.216999 -45.165401
vt -24.000000 -46.000000
vt -26.000000 -46.000000
vt -29.948400 -46.731400
vt -25.948400 -46.731400
vt -29.795401 -47.348202
vt -25.795401 -47.348202
vt -29.543400 -47.839600
vt -25.543400 -47.839600
vt -29.195999 -48.195999
vt -25.195999 -48.195999
vt -28.760401 -48.413200
vt -24.760401 -48.413200
vt -28.242599 -48.485199
vt -24.242599 -48.485199
vt -30.000000 -46.000000
vt -20.000000 -46.000000
vt -18.051600 -33.268600
vt -14.051600 -33.268600
vt -18.204599 -32.651798
vt -14.204600 -32.651798
vt -18.456600 -32.160400
vt -14.456600 -32.160400
vt -18.804001 -31.804001
vt -14.804000 -31.804001
vt -19.239599 -31.586800
vt -15.239600 -31.586800
vt -19.757401 -31.514799
vt -15.757400 -31.514799
vt -24.000000 -24.000000
vt -24.000000 -18.000000
vt -24.783001 -18.051600
vt -25.552799 -18.204599
vt -26.296200 -18.456600
vt -27.000000 -18.804001
vt -27.652800 -19.239599
vt -28.242599 -19.757401
vt -28.760401 -20.347200
vt -29.195999 -21.000000
vt -29.543400 -21.703800
vt -29.795401 -22.447201
vt -29.948400 -23.216999
vt -30.000000 -24.000000
vt -29.948400 -24.783001
vt -29.795401 -25.552799
vt -29.543400 -26.296200
vt -29.195999 -27.000000
vt -28.760401 -27.652800
vt -28.242599 -28.242599
vt -27.652800 -28.760401
vt -27.000000 -29.195999
vt -26.296200 -29.543400
vt -25.552799 -29.795401
vt -24.783001 -29.948400
vt -24.000000 -30.000000
vt -23.216999 -29.948400
vt -22.447201 -29.795401
vt -21.703800 -29.543400
vt -21.000000 -29.195999
vt -20.347200 -28.760401
vt -19.757401 -28.242599
vt -19.239599 -27.652800
vt -18.804001 -27.000000
vt -18.456600 -26.296200
vt -18.204599 -25.552799
vt -18.051600 -24.783001
vt -18.000000 -24.000000
vt -18.051600 -23.216999
vt -18.204599 -22.447201
vt -18.456600 -21.703800
vt -18.804001 -21.000000
vt -19.239599 -20.347200
vt -19.757401 -19.757401
vt -20.347200 -19.239599
vt -21.000000 -18.804001
vt -21.703800 -18.456600
vt -22.447201 -18.204599
vt -23.216999 -18.051600
vt 1.948400 25.165400
vt 2.000000 26.000000
vt 6.000000 26.000000
vt 5.948400 25.165400
vt 1.795400 24.242599
vt 5.795400 24.242599
vt 1.543400 23.247200
vt 5.543400 23.247200
vt 1.196000 22.195999
vt 5.196000 22.195999
vt 0.760400 21.107599
vt 4.760400 21.107599
vt 0.242600 20.000000
vt 4.242600 20.000000
vt -0.347200 18.892401
vt 3.652800 18.892401
vt -1.000000 17.804001
vt 3.000000 17.804001
vt -1.703800 16.752800
vt 2.296200 16.752800
vt -2.447200 15.757400
vt 1.552800 15.757400
vt -3.217000 14.834600
vt 0.783000 14.834600
vt -4.000000 14.000000
vt 14.000000 14.000000
vt 10.051600 13.268600
vt 14.051600 13.268600
vt 10.204600 12.651800
vt 14.204600 12.651800
vt 10.456600 12.160400
vt 14.456600 12.160400
vt 10.804000 11.804000
vt 14.804000 11.804000
vt 11.239600 11.586800
vt 15.239600 11.586800
vt 11.757400 11.514800
vt -4.242600 11.514800
vt -8.760400 11.586800
vt -4.760400 11.586800
vt -9.196000 11.804000
vt -5.196000 11.804000
vt -9.543400 12.160400
vt -5.543400 12.160400
vt -9.795401 12.651800
vt -5.795400 12.651800
vt -9.948400 13.268600
vt -5.948400 13.268600
vt -10.000000 14.000000
vt 20.000000 14.000000
vt 16.783001 14.834600
vt 20.783001 14.834600
vt 17.552799 15.757400
vt 21.552799 15.757400
vt 18.296200 16.752800
vt 22.296200 16.752800
vt 19.000000 17.804001
vt 23.000000 17.804001
vt 19.652800 18.892401
vt 23.652800 18.892401
vt 20.242599 20.000000
vt 24.242599 20.000000
vt 20.760401 21.107599
vt 24.760401 21.107599
vt 21.195999 22.195999
vt 25.195999 22.195999
vt 21.543400 23.247200
vt 25.543400 23.247200
vt 21.795401 24.242599
vt 25.795401 24.242599
vt 21.948400 25.165400
vt 25.948400 25.165400
vt 22.000000 26.000000
vt 26.000000 26.000000
vt 21.948400 26.731400
vt 25.948400 26.731400
vt 21.795401 27.348200
vt 25.795401 27.348200
vt 21.543400 27.839600
vt 25.543400 27.839600
vt 21.195999 28.195999
vt 25.195999 28.195999
vt 20.760401 28.413200
vt 24.760401 28.413200
vt 20.242599 28.485201
vt 4.242600 28.485201
vt 0.760400 28.413200
vt 4.760400 28.413200
vt 1.196000 28.195999
vt 5.196000 28.195999
vt 1.543400 27.839600
vt 5.543400 27.839600
vt 1.795400 27.348200
vt 5.795400 27.348200
vt 1.948400 26.731400
vt 5.948400 26.731400
vt 16.000000 -4.000000
vt 16.000000 2.000000
vt 15.217000 1.948400
vt 14.447200 1.795400
vt 13.703800 1.543400
vt 13.000000 1.196000
vt 12.347200 0.760400
vt 11.757400 0.242600
vt 11.239600 -0.347200
vt 10.804000 -1.000000
vt 10.456600 -1.703800
vt 10.204600 -2.447200
vt 10.051600 -3.217000
vt 10.000000 -4.000000
vt 10.051600 -4.783000
vt 10.204600 -5.552800
vt 10.456600 -6.296200
vt 10.804000 -7.000000
vt 11.239600 -7.652800
vt 11.757400 -8.242599
vt 12.347200 -8.760400
vt 13.000000 -9.196000
vt 13.703800 -9.543400
vt 14.447200 -9.795401
vt 15.217000 -9.948400
vt 16.000000 -10.000000
vt 16.783001 -9.948400
vt 17.552799 -9.795401
vt 18.296200 -9.543400
vt 19.000000 -9.196000
vt 19.652800 -8.760400
vt 20.242599 -8.242599
vt 20.760401 -7.652800
vt 21.195999 -7.000000
vt 21.543400 -6.296200
vt 21.795401 -5.552800
vt 21.948400 -4.783000
vt 22.000000 -4.000000
vt 21.948400 -3.217000
vt 21.795401 -2.447200
vt 21.543400 -1.703800
vt 21.195999 -1.000000
vt 20.760401 -0.347200
vt 20.242599 0.242600
vt 19.652800 0.760400
vt 19.000000 1.196000
vt 18.296200 1.543400
vt 17.552799 1.795400
vt 16.783001 1.948400
vt 1.948400 5.165400
vt 2.000000 6.000000
vt 6.000000 6.000000
vt 5.948400 5.165400
vt 1.795400 4.242600
vt 5.795400 4.242600
vt 1.543400 3.247200
vt 5.543400 3.247200
vt 1.196000 2.196000
vt 5.196000 2.196000
vt 0.760400 1.107600
vt 4.760400 1.107600
vt 0.242600 0.000000
vt 4.242600 0.000000
vt -0.347200 -1.107600
vt 3.652800 -1.107600
vt -1.000000 -2.196000
vt 3.000000 -2.196000
vt -1.703800 -3.247200
vt 2.296200 -3.247200
vt -2.447200 -4.242600
vt 1.552800 -4.242600
vt -3.217000 -5.165400
vt 0.783000 -5.165400
vt -4.000000 -6.000000
vt -6.000000 -6.000000
vt -9.948400 -6.731400
vt -5.948400 -6.731400
vt -9.795401 -7.348200
vt -5.795400 -7.348200
vt -9.543400 -7.839600
vt -5.543400 -7.839600
vt -9.196000 -8.196000
vt -5.196000 -8.196000
vt -8.760400 -8.413200
vt -4.760400 -8.413200
vt -8.242599 -8.485200
vt -4.242600 -8.485200
vt -10.000000 -6.000000
vt 0.000000 -6.000000
vt 1.948400 6.731400
vt 5.948400 6.731400
vt 1.795400 7.348200
vt 5.795400 7.348200
vt 1.543400 7.839600
vt 5.543400 7.839600
vt 1.196000 8.196000
vt 5.196000 8.196000
vt 0.760400 8.413200
vt 4.760400 8.413200
vt 0.242600 8.485200
vt 4.242600 8.485200
vt -4.000000 -4.000000
vt -4.000000 2.000000
vt -4.783000 1.948400
vt -5.552800 1.795400
vt -6.296200 1.543400
vt -7.000000 1.196000
vt -7.652800 0.760400
vt -8.242599 0.242600
vt -8.760400 -0.347200
vt -9.196000 -1.000000
vt -9.543400 -1.703800
vt -9.795401 -2.447200
vt -9.948400 -3.217000
vt -10.000000 -4.000000
vt -9.948400 -4.783000
vt -9.795401 -5.552800
vt -9.543400 -6.296200
vt -9.196000 -7.000000
vt -8.760400 -7.652800
vt -8.242599 -8.242599
vt -7.652800 -8.760400
vt -7.000000 -9.196000
vt -6.296200 -9.543400
vt -5.552800 -9.795401
vt -4.783000 -9.948400
vt -4.000000 -10.000000
vt -3.217000 -9.948400
vt -2.447200 -9.795401
vt -1.703800 -9.543400
vt -1.000000 -9.196000
vt -0.347200 -8.760400
vt 0.242600 -8.242599
vt 0.760400 -7.652800
vt 1.196000 -7.000000
vt 1.543400 -6.296200
vt 1.795400 -5.552800
vt 1.948400 -4.783000
vt 2.000000 -4.000000
vt 1.948400 -3.217000
vt 1.795400 -2.447200
vt 1.543400 -1.703800
vt 1.196000 -1.000000
vt 0.760400 -0.347200
vt 0.242600 0.242600
vt -0.347200 0.760400
vt -1.000000 1.196000
vt -1.703800 1.543400
vt -2.447200 1.795400
vt -3.217000 1.948400
vt -4.000000 -26.000000
vt -26.000000 -26.000000
vt -28.242599 -28.485201
vt -4.242600 -28.485201
vt -10.000000 -26.000000
vt -20.000000 -26.000000
vt -19.757401 -11.514800
vt 4.242600 -11.514800
vt -24.000000 -4.000000
vt -24.000000 2.000000
vt -24.783001 1.948400
vt -25.552799 1.795400
vt -26.296200 1.543400
vt -27.000000 1.196000
vt -27.652800 0.760400
vt -28.242599 0.242600
vt -28.760401 -0.347200
vt -29.195999 -1.000000
vt -29.543400 -1.703800
vt -29.795401 -2.447200
vt -29.948400 -3.217000
vt -30.000000 -4.000000
vt -29.948400 -4.783000
vt -29.795401 -5.552800
vt -29.543400 -6.296200
vt -29.195999 -7.000000
vt -28.760401 -7.652800
vt -28.242599 -8.242599
vt -27.652800 -8.760400
vt -27.000000 -9.196000
vt -26.296200 -9.543400
vt -25.552799 -9.795401
vt -24.783001 -9.948400
vt -24.000000 -10.000000
vt -23.216999 -9.948400
vt -22.447201 -9.795401
vt -21.703800 -9.543400
vt -21.000000 -9.196000
vt -20.347200 -8.760400
vt -19.757401 -8.242599
vt -19.239599 -7.652800
vt -18.804001 -7.000000
vt -18.456600 -6.296200
vt -18.204599 -5.552800
vt -18.051600 -4.783000
vt -18.000000 -4.000000
vt -18.051600 -3.217000
vt -18.204599 -2.447200
vt -18.456600 -1.703800
vt -18.804001 -1.000000
vt -19.239599 -0.347200
vt -19.757401 0.242600
vt -20.347200 0.760400
vt -21.000000 1.196000
vt -21.703800 1.543400
vt -22.447201 1.795400
vt -23.216999 1.948400
vt 21.948400 45.165401
vt 22.000000 46.000000
vt 26.000000 46.000000
vt 25.948400 45.165401
vt 21.795401 44.242599
vt 25.795401 44.242599
vt 21.543400 43.247200
vt 25.543400 43.247200
vt 21.195999 42.195999
vt 25.195999 42.195999
vt 20.760401 41.107601
vt 24.760401 41.107601
vt 20.242599 40.000000
vt 24.242599 40.000000
vt 19.652800 38.892399
vt 23.652800 38.892399
vt 19.000000 37.804001
vt 23.000000 37.804001
vt 18.296200 36.752800
vt 22.296200 36.752800
vt 17.552799 35.757401
vt 21.552799 35.757401
vt 16.783001 34.834599
vt 20.783001 34.834599
vt 16.000000 34.000000
vt 14.000000 34.000000
vt 10.051600 33.268600
vt 14.051600 33.268600
vt 10.204600 32.651798
vt 14.204600 32.651798
vt 10.456600 32.160400
vt 14.456600 32.160400
vt 10.804000 31.804001
vt 14.804000 31.804001
vt 11.239600 31.586800
vt 15.239600 31.586800
vt 11.757400 31.514799
vt 15.757400 31.514799
vt 10.000000 34.000000
vt 20.000000 34.000000
vt 21.948400 46.731400
vt 25.948400 46.731400
vt 21.795401 47.348202
vt 25.795401 47.348202
vt 21.543400 47.839600
vt 25.543400 47.839600
vt 21.195999 48.195999
vt 25.195999 48.195999
vt 20.760401 48.413200
vt 24.760401 48.413200
vt 20.242599 48.485199
vt 24.242599 48.485199
vt 16.000000 16.000000
vt 16.000000 22.000000
vt 15.217000 21.948400
vt 14.447200 21.795401
vt 13.703800 21.543400
vt 13.000000 21.195999
vt 12.347200 20.760401
vt 11.757400 20.242599
vt 11.239600 19.652800
vt 10.804000 19.000000
vt 10.456600 18.296200
vt 10.204600 17.552799
vt 10.051600 16.783001
vt 10.000000 16.000000
vt 10.051600 15.217000
vt 10.204600 14.447200
vt 10.456600 13.703800
vt 10.804000 13.000000
vt 11.239600 12.347200
vt 11.757400 11.757400
vt 12.347200 11.239600
vt 13.000000 10.804000
vt 13.703800 10.456600
vt 14.447200 10.204600
vt 15.217000 10.051600
vt 16.000000 10.000000
vt 16.783001 10.051600
vt 17.552799 10.204600
vt 18.296200 10.456600
vt 19.000000 10.804000
vt 19.652800 11.239600
vt 20.242599 11.757400
vt 20.760401 12.347200
vt 21.195999 13.000000
vt 21.543400 13.703800
vt 21.795401 14.447200
vt 21.948400 15.217000
vt 22.000000 16.000000
vt 21.948400 16.783001
vt 21.795401 17.552799
vt 21.543400 18.296200
vt 21.195999 19.000000
vt 20.760401 19.652800
vt 20.242599 20.242599
vt 19.652800 20.760401
vt 19.000000 21.195999
vt 18.296200 21.543400
vt 17.552799 21.795401
vt 16.783001 21.948400
vt 16.000000 14.000000
vt -6.000000 14.000000
vt -8.242599 11.514800
vt 15.757400 11.514800
vt 10.000000 14.000000
vt 0.000000 14.000000
vt 0.242600 28.485201
vt 24.242599 28.485201
vt -4.000000 16.000000
vt -4.000000 22.000000
vt -4.783000 21.948400
vt -5.552800 21.795401
vt -6.296200 21.543400
vt -7.000000 21.195999
vt -7.652800 20.760401
vt -8.242599 20.242599
vt -8.760400 19.652800
vt -9.196000 19.000000
vt -9.543400 18.296200
vt -9.795401 17.552799
vt -9.948400 16.783001
vt -10.000000 16.000000
vt -9.948400 15.217000
vt -9.795401 14.447200
vt -9.543400 13.703800
vt -9.196000 13.000000
vt -8.760400 12.347200
vt -8.242599 11.757400
vt -7.652800 11.239600
vt -7.000000 10.804000
vt -6.296200 10.456600
vt -5.552800 10.204600
vt -4.783000 10.051600
vt -4.000000 10.000000
vt -3.217000 10.051600
vt -2.447200 10.204600
vt -1.703800 10.456600
vt -1.000000 10.804000
vt -0.347200 11.239600
vt 0.242600 11.757400
vt 0.760400 12.347200
vt 1.196000 13.000000
vt 1.543400 13.703800
vt 1.795400 14.447200
vt 1.948400 15.217000
vt 2.000000 16.000000
vt 1.948400 16.783001
vt 1.795400 17.552799
vt 1.543400 18.296200
vt 1.196000 19.000000
vt 0.760400 19.652800
vt 0.242600 20.242599
vt -0.347200 20.760401
vt -1.000000 21.195999
vt -1.703800 21.543400
vt -2.447200 21.795401
vt -3.217000 21.948400
vt 16.000000 -6.000000
vt -26.000000 -6.000000
vt -28.242599 -8.485199
vt 15.757400 -8.485199
vt 10.000000 -6.000000
vt -20.000000 -6.000000
vt -19.757401 8.485199
vt 24.242599 8.485199
vt -24.000000 16.000000
vt -24.000000 22.000000
vt -24.783001 21.948400
vt -25.552799 21.795401
vt -26.296200 21.543400
vt -27.000000 21.195999
vt -27.652800 20.760401
vt -28.242599 20.242599
vt -28.760401 19.652800
vt -29.195999 19.000000
vt -29.543400 18.296200
vt -29.795401 17.552799
vt -29.948400 16.783001
vt -30.000000 16.000000
vt -29.948400 15.217000
vt -29.795401 14.447200
vt -29.543400 13.703800
vt -29.195999 13.000000
vt -28.760401 12.347200
vt -28.242599 11.757400
vt -27.652800 11.239600
vt -27.000000 10.804000
vt -26.296200 10.456600
vt -25.552799 10.204600
vt -24.783001 10.051600
vt -24.000000 10.000000
vt -23.216999 10.051600
vt -22.447201 10.204600
vt -21.703800 10.456600
vt -21.000000 10.804000
vt -20.347200 11.239600
vt -19.757401 11.757400
vt -19.239599 12.347200
vt -18.804001 13.000000
vt -18.456600 13.703800
vt -18.204599 14.447200
vt -18.051600 15.217000
vt -18.000000 16.000000
vt -18.051600 16.783001
vt -18.204599 17.552799
vt -18.456600 18.296200
vt -18.804001 19.000000
vt -19.239599 19.652800
vt -19.757401 20.242599
vt -20.347200 20.760401
vt -21.000000 21.195999
vt -21.703800 21.543400
vt -22.447201 21.795401
vt -23.216999 21.948400
vt -18.000000 34.000000
vt -18.000000 -18.000000
vt -22.000000 -22.000000
vt -22.000000 38.000000
vt 34.000000 -18.000000
vt 34.000000 34.000000
vt 38.000000 38.000000
vt 38.000000 -22.000000
vt 0.531250 0.750000
vt 0.531250 0.950000
vt 0.562500 0.950000
vt 0.562500 0.750000
vt 0.531250 1.000000
vt 0.562500 1.000000
vt 0.656250 0.750000
vt 0.656250 0.950000
vt 0.687500 0.950000
vt 0.687500 0.750000
vt 0.656250 1.000000
vt 0.687500 1.000000
vt 0.343750 0.750000
vt 0.343750 0.950000
vt 0.375000 0.950000
vt 0.375000 0.750000
vt 0.343750 1.000000
vt 0.375000 1.000000
vt 0.937500 0.750000
vt 0.937500 0.950000
vt 0.968750 0.950000
vt 0.968750 0.750000
vt 0.937500 1.000000
vt 0.968750 1.000000
vt 0.406250 0.950000
vt 0.406250 0.750000
vt 0.406250 1.000000
vt 0.718750 0.950000
vt 0.718750 0.750000
vt 0.718750 1.000000
vt 0.843750 0.750000
vt 0.843750 0.950000
vt 0.867449 0.950000
vt 0.875000 0.950000
vt 0.875000 0.750000
vt 0.867449 0.750000
vt 0.843750 1.000000
vt 0.875000 1.000000
vt 0.062500 0.750000
vt 0.062500 0.950000
vt 0.093750 0.950000
vt 0.093750 0.750000
vt 0.062500 1.000000
vt 0.093750 1.000000
vt 0.593750 0.950000
vt 0.593750 0.750000
vt 0.593750 1.000000
vt 0.812500 0.750000
vt 0.812500 0.950000
vt 0.812500 1.000000
vt 0.281250 0.750000
vt 0.281250 0.950000
vt 0.312500 0.950000
vt 0.312500 0.750000
vt 0.281250 1.000000
vt 0.312500 1.000000
vt 0.625000 0.950000
vt 0.625000 0.750000
vt 0.625000 1.000000
vt 0.468750 0.750000
vt 0.468750 0.950000
vt 0.500000 0.950000
vt 0.500000 0.750000
vt 0.468750 1.000000
vt 0.500000 1.000000
vt 0.437500 0.750000
vt 0.437500 0.950000
vt 0.437500 1.000000
vt 0.156250 0.750000
vt 0.156250 0.950000
vt 0.187500 0.950000
vt 0.187500 0.750000
vt 0.156250 1.000000
vt 0.187500 1.000000
vt 0.906250 0.750000
vt 0.906250 0.950000
vt 0.906250 1.000000
vt 0.218750 0.750000
vt 0.218750 0.950000
vt 0.250000 0.950000
vt 0.250000 0.750000
vt 0.218750 1.000000
vt 0.250000 1.000000
vt 1.000000 0.950000
vt 1.000000 0.750000
vt 1.000000 1.000000
vt 0.750000 0.750000
vt 0.750000 0.950000
vt 0.781250 0.950000
vt 0.781250 0.750000
vt 0.750000 1.000000
vt 0.781250 1.000000
vt 0.125000 0.950000
vt 0.125000 0.750000
vt 0.125000 1.000000
vt 0.382551 0.950000
vt 0.382551 0.750000
vt 0.031250 0.750000
vt 0.031250 0.950000
vt 0.031250 1.000000
vt 0.000000 0.750000
vt 0.000000 0.950000
vt 0.000000 1.000000
vt 0.867448 0.950000
vt -17.988527 17.988527
vt -18.333290 17.705587
vt -18.851954 17.428360
vt -19.414728 17.257645
vt -19.414728 3.042355
vt -18.851952 2.871640
vt -18.333290 2.594408
vt -17.878679 2.221322
vt -17.505594 1.766711
vt -17.228365 1.248050
vt -17.057650 0.685272
vt -17.000000 0.100000
vt -17.057648 -0.485271
vt -17.228363 -1.048050
vt -17.505594 -1.566712
vt -17.878679 -2.021321
vt -18.333290 -2.394407
vt -18.851954 -2.671639
vt -19.414724 -2.842358
vt -19.414728 -17.057642
vt -18.851952 -17.228363
vt -18.333290 -17.505592
vt -17.878677 -17.878681
vt -17.505592 -18.333290
vt -17.228369 -18.851950
vt -17.057648 -19.414730
vt -16.999996 -20.000000
vt -17.057644 -20.585270
vt -17.228367 -21.148048
vt -17.505594 -21.666708
vt -17.878675 -22.121317
vt -18.333288 -22.494406
vt -18.851952 -22.771637
vt -19.414728 -22.942354
vt 0.099998 -23.000000
vt -0.485275 -22.942352
vt -1.048051 -22.771639
vt -1.566711 -22.494408
vt -2.021317 -22.121317
vt -2.394410 -21.666710
vt -2.671638 -21.148048
vt -2.842362 -20.585268
vt -2.900003 -20.000002
vt -2.842360 -19.414728
vt -2.671639 -18.851948
vt -2.394409 -18.333286
vt -2.021317 -17.878683
vt -1.566713 -17.505594
vt -1.048051 -17.228363
vt -0.485275 -17.057644
vt 0.099999 -16.999998
vt 0.099998 -2.899998
vt -0.485276 -2.842355
vt -1.048050 -2.671636
vt -1.566712 -2.394407
vt -2.021317 -2.021318
vt -2.394410 -1.566709
vt -2.671639 -1.048047
vt -2.842362 -0.485269
vt -2.900002 0.100001
vt -2.842362 0.685275
vt -2.671639 1.248052
vt -2.394410 1.766713
vt -2.111466 2.111466
vt 2.111465 -2.111465
vt 1.766708 -2.394406
vt 1.248047 -2.671635
vt 0.685272 -2.842354
vt 0.685271 -17.057648
vt 1.248046 -17.228361
vt 1.766708 -17.505589
vt 2.221320 -17.878683
vt 2.594405 -18.333290
vt 2.871642 -18.851952
vt 3.042359 -19.414734
vt 3.099998 -20.000002
vt 3.042357 -20.585270
vt 2.871643 -21.148048
vt 2.594405 -21.666710
vt 2.221320 -22.121317
vt 1.766708 -22.494408
vt 1.248046 -22.771635
vt 0.685272 -22.942356
vt 21.866714 -22.494404
vt 21.348053 -22.771633
vt 20.785271 -22.942356
vt 20.199995 -22.999996
vt 19.614731 -22.942354
vt 19.051949 -22.771637
vt 18.533287 -22.494408
vt 18.078672 -22.121317
vt 17.705585 -21.666706
vt 17.428358 -21.148046
vt 17.257647 -20.585272
vt 17.199995 -19.999998
vt 17.257643 -19.414730
vt 17.428354 -18.851950
vt 17.705585 -18.333288
vt 17.988529 -17.988529
vt 18.078671 -17.878681
vt 18.533283 -17.505592
vt 19.051947 -17.228363
vt 19.614727 -17.057644
vt 19.614733 -2.842356
vt 19.051947 -2.671637
vt 18.533287 -2.394408
vt 18.078676 -2.021319
vt 17.705585 -1.566711
vt 17.428360 -1.048049
vt 17.257643 -0.485271
vt 17.199997 0.099999
vt 17.257645 0.685272
vt 17.428358 1.248049
vt 17.705591 1.766712
vt 18.078676 2.221323
vt 18.533287 2.594409
vt 19.051949 2.871639
vt 19.614733 3.042355
vt 19.614731 17.257645
vt 19.051949 17.428360
vt 18.533285 17.705589
vt 18.078672 18.078676
vt 17.705587 18.533289
vt 17.428358 19.051947
vt 17.257645 19.614727
vt 17.199995 20.199999
vt 17.257643 20.785269
vt 17.428358 21.348051
vt 17.705593 21.866714
vt 18.078674 22.321323
vt 18.533289 22.694410
vt 19.051949 22.971638
vt 19.614727 23.142361
vt 0.099997 23.199997
vt 0.685273 23.142355
vt 1.248046 22.971636
vt 1.766707 22.694407
vt 2.221322 22.321318
vt 2.594406 21.866713
vt 2.871642 21.348045
vt 3.042359 20.785273
vt 3.099998 20.199995
vt 3.042358 19.614729
vt 2.871643 19.051949
vt 2.594407 18.533287
vt 2.221321 18.078680
vt 1.766710 17.705593
vt 1.248047 17.428358
vt 0.685271 17.257643
vt 0.099998 17.199997
vt 0.099998 3.100001
vt 0.685272 3.042357
vt 1.248046 2.871642
vt 1.766708 2.594411
vt 2.221321 2.221322
vt 2.594406 1.766713
vt 2.871643 1.248052
vt 3.042358 0.685275
vt 3.099998 0.100002
vt 3.042358 -0.485268
vt 2.871643 -1.048046
vt 2.594406 -1.566708
vt 2.221321 -2.021317
vt -2.021317 2.221322
vt -1.566712 2.594411
vt -1.048051 2.871642
vt -0.485276 3.042357
vt -0.485276 17.257645
vt -1.048049 17.428360
vt -1.566712 17.705589
vt -2.021317 18.078680
vt -2.394409 18.533285
vt -2.671638 19.051949
vt -2.842362 19.614729
vt -2.900003 20.199997
vt -2.842363 20.785273
vt -2.671639 21.348049
vt -2.394410 21.866713
vt -2.021317 22.321318
vt -1.566713 22.694410
vt -1.048050 22.971638
vt -0.485274 23.142359
vt -22.121321 22.321320
vt -21.666710 22.694408
vt -21.148050 22.971640
vt -20.585272 23.142357
vt -20.000002 23.200001
vt -19.414726 23.142357
vt -18.851954 22.971640
vt -18.333290 22.694410
vt -17.878679 22.321321
vt -17.505594 21.866713
vt -17.228361 21.348047
vt -17.057646 20.785269
vt -17.000000 20.199993
vt -17.057648 19.614727
vt -17.228365 19.051949
vt -17.505594 18.533285
vt -17.878677 18.078676
vt 1.605588 5.766707
vt 1.328359 5.248046
vt 1.157636 4.685267
vt 1.099996 4.099996
vt 1.157636 3.514726
vt 1.328359 2.951947
vt 1.605589 2.433286
vt 1.978681 1.978677
vt 2.433287 1.605588
vt 2.951947 1.328359
vt 3.514722 1.157639
vt 3.514725 -13.057643
vt 2.951951 -13.228363
vt 2.433288 -13.505592
vt 1.978682 -13.878684
vt 1.605591 -14.333291
vt 1.328361 -14.851951
vt 1.157637 -15.414731
vt 1.099999 -16.000004
vt 1.157639 -16.585270
vt 1.328361 -17.148052
vt 1.605592 -17.666714
vt 1.978683 -18.121317
vt 2.433289 -18.494410
vt 2.951950 -18.771633
vt 3.514725 -18.942358
vt -15.999999 -18.999998
vt -15.414726 -18.942356
vt -14.851953 -18.771637
vt -14.333291 -18.494410
vt -13.878676 -18.121321
vt -13.505591 -17.666712
vt -13.228364 -17.148048
vt -13.057651 -16.585272
vt -13.000003 -16.000002
vt -13.057648 -15.414730
vt -13.228362 -14.851950
vt -13.505592 -14.333292
vt -13.878677 -13.878680
vt -14.333290 -13.505590
vt -14.851952 -13.228364
vt -15.414724 -13.057644
vt -16.000004 -13.000000
vt -16.000002 1.099998
vt -15.414727 1.157643
vt -14.851949 1.328361
vt -14.333290 1.605590
vt -13.878677 1.978679
vt -13.505592 2.433288
vt -13.228365 2.951951
vt -13.057649 3.514729
vt -13.000001 4.099997
vt -13.057647 4.685269
vt -13.228363 5.248047
vt -13.505592 5.766710
vt -13.878679 6.221320
vt -14.333289 6.594408
vt -14.851953 6.871639
vt -15.414728 7.042353
vt -16.000000 7.099998
vt -15.999996 21.199995
vt -15.414725 21.257645
vt -14.851952 21.428362
vt -14.333290 21.705589
vt -18.494408 25.866711
vt -18.771639 25.348049
vt -18.942350 24.785271
vt -18.999998 24.199995
vt -18.942352 23.614725
vt -18.771639 23.051949
vt -18.494408 22.533285
vt -18.121325 22.078680
vt -17.666708 21.705589
vt -17.148048 21.428360
vt -16.585276 21.257648
vt -16.585276 7.042356
vt -17.148046 6.871638
vt -17.666712 6.594409
vt -18.121326 6.221321
vt -18.494408 5.766709
vt -18.771633 5.248049
vt -18.942352 4.685270
vt -18.999998 4.099998
vt -18.942352 3.514728
vt -18.771633 2.951950
vt -18.494410 2.433289
vt -18.121323 1.978680
vt -17.666710 1.605591
vt -17.148048 1.328360
vt -16.585274 1.157644
vt -16.585276 -13.057643
vt -17.148045 -13.228361
vt -17.666712 -13.505593
vt -18.121325 -13.878682
vt -18.494408 -14.333292
vt -18.771641 -14.851954
vt -18.942352 -15.414731
vt -19.000000 -16.000004
vt -18.942354 -16.585266
vt -18.771637 -17.148046
vt -18.494408 -17.666710
vt -18.121325 -18.121321
vt -17.666710 -18.494408
vt -17.148046 -18.771637
vt -16.585272 -18.942358
vt 6.221319 1.978677
vt 6.594404 2.433286
vt 6.871641 2.951947
vt 7.042356 3.514726
vt 7.099997 4.099996
vt 7.042356 4.685267
vt 6.871641 5.248046
vt 6.594404 5.766708
vt 6.221318 6.221316
vt 5.766706 6.594405
vt 5.248044 6.871636
vt 4.685269 7.042351
vt 4.685272 21.257643
vt 5.248046 21.428360
vt 5.766709 21.705591
vt 6.221321 22.078676
vt 6.594406 22.533289
vt 6.871644 23.051950
vt 7.042359 23.614727
vt 7.099998 24.199997
vt 7.042359 24.785273
vt 6.871644 25.348045
vt 6.594407 25.866714
vt 6.221321 26.321320
vt 5.766708 26.694410
vt 5.248046 26.971638
vt 4.685273 27.142357
vt 24.199997 27.199999
vt 23.614729 27.142353
vt 23.051950 26.971642
vt 22.533287 26.694408
vt 22.078671 26.321320
vt 21.705587 25.866709
vt 21.428362 25.348049
vt 21.257643 24.785269
vt 21.199995 24.199995
vt 21.257643 23.614725
vt 21.428358 23.051947
vt 21.705587 22.533289
vt 22.078674 22.078680
vt 22.533289 21.705591
vt 23.051949 21.428360
vt 23.614727 21.257641
vt 24.199997 21.199997
vt 24.199997 7.099998
vt 23.614731 7.042354
vt 23.051950 6.871640
vt 22.533287 6.594407
vt 22.078674 6.221319
vt 21.705591 5.766710
vt 21.428362 5.248047
vt 21.257643 4.685270
vt 21.199995 4.099998
vt 21.257648 3.514729
vt 21.428360 2.951951
vt 21.705589 2.433289
vt 22.078672 1.978679
vt 22.533283 1.605591
vt 23.051952 1.328361
vt 23.614727 1.157642
vt 24.199995 1.099998
vt 24.199999 -12.999999
vt 23.614733 -13.057643
vt 23.051950 -13.228363
vt 22.533289 -13.505593
vt 22.078678 -13.878680
vt 26.321321 -18.121319
vt 26.694414 -17.666708
vt 26.971636 -17.148046
vt 27.142355 -16.585268
vt 27.200001 -16.000004
vt 27.142361 -15.414730
vt 26.971636 -14.851951
vt 26.694416 -14.333292
vt 26.321323 -13.878682
vt 25.866713 -13.505591
vt 25.348055 -13.228362
vt 24.785271 -13.057646
vt 24.785271 1.157642
vt 25.348051 1.328361
vt 25.866714 1.605591
vt 26.321318 1.978680
vt 26.694410 2.433289
vt 26.971634 2.951950
vt 27.142359 3.514727
vt 27.200001 4.099998
vt 27.142359 4.685270
vt 26.971636 5.248048
vt 26.694407 5.766709
vt 26.321318 6.221318
vt 25.866716 6.594409
vt 25.348055 6.871638
vt 24.785271 7.042354
vt 24.785269 21.257645
vt 25.348053 21.428360
vt 25.866716 21.705591
vt 26.321323 22.078680
vt 26.694414 22.533289
vt 26.971632 23.051949
vt 27.142355 23.614725
vt 27.199997 24.199997
vt 27.142357 24.785271
vt 26.971634 25.348051
vt 26.694414 25.866711
vt 26.321321 26.321321
vt 25.866714 26.694408
vt 25.348053 26.971636
vt 24.785273 27.142357
s 1
usemtl 15.001
f 2/1/1 3/2/1 4/3/1 5/4/1 6/5/1 7/6/1 8/7/1 9/8/1 10/9/1 11/10/1 12/11/1 13/12/1 14/13/1 15/14/1 16/15/1 17/16/1 18/17/1 19/18/1 20/19/1 21/20/1 22/21/1 23/22/1 24/23/1 25/24/1 26/25/1 27/26/1 28/27/1 29/28/1 30/29/1 31/30/1 32/31/1 1/32/1
f 34/1/1 35/2/1 36/3/1 37/4/1 38/5/1 39/6/1 40/7/1 41/8/1 42/9/1 43/10/1 44/11/1 45/12/1 46/13/1 47/14/1 48/15/1 49/16/1 50/17/1 51/18/1 52/19/1 53/20/1 54/21/1 55/22/1 56/23/1 57/24/1 58/25/1 59/26/1 60/27/1 61/28/1 62/29/1 63/30/1 64/31/1 33/32/1
f 66/1/1 67/2/1 68/3/1 69/4/1 70/5/1 71/6/1 72/7/1 73/8/1 74/9/1 75/10/1 76/11/1 77/12/1 78/13/1 79/14/1 80/15/1 81/16/1 82/17/1 83/18/1 84/19/1 85/20/1 86/21/1 87/22/1 88/23/1 89/24/1 90/25/1 91/26/1 92/27/1 93/28/1 94/29/1 95/30/1 96/31/1 65/32/1
f 98/1/1 99/2/1 100/3/1 101/4/1 102/5/1 103/6/1 104/7/1 105/8/1 106/9/1 107/10/1 108/11/1 109/12/1 110/13/1 111/14/1 112/15/1 113/16/1 114/17/1 115/18/1 116/19/1 117/20/1 118/21/1 119/22/1 120/23/1 121/24/1 122/25/1 123/26/1 124/27/1 125/28/1 126/29/1 127/30/1 128/31/1 97/32/1
f 130/1/1 131/2/1 132/3/1 133/4/1 134/5/1 135/6/1 136/7/1 137/8/1 138/9/1 139/10/1 140/11/1 141/12/1 142/13/1 143/14/1 144/15/1 145/16/1 146/17/1 147/18/1 148/19/1 149/20/1 150/21/1 151/22/1 152/23/1 153/24/1 154/25/1 155/26/1 156/27/1 157/28/1 158/29/1 159/30/1 160/31/1 129/32/1
f 162/1/1 163/2/1 164/3/1 165/4/1 166/5/1 167/6/1 168/7/1 169/8/1 170/9/1 171/10/1 172/11/1 173/12/1 174/13/1 175/14/1 176/15/1 177/16/1 178/17/1 179/18/1 180/19/1 181/20/1 182/21/1 183/22/1 184/23/1 185/24/1 186/25/1 187/26/1 188/27/1 189/28/1 190/29/1 191/30/1 192/31/1 161/32/1
f 194/1/1 195/2/1 196/3/1 197/4/1 198/5/1 199/6/1 200/7/1 201/8/1 202/9/1 203/10/1 204/11/1 205/12/1 206/13/1 207/14/1 208/15/1 209/16/1 210/17/1 211/18/1 212/19/1 213/20/1 214/21/1 215/22/1 216/23/1 217/24/1 218/25/1 219/26/1 220/27/1 221/28/1 222/29/1 223/30/1 224/31/1 193/32/1
f 226/1/1 227/2/1 228/3/1 229/4/1 230/5/1 231/6/1 232/7/1 233/8/1 234/9/1 235/10/1 236/11/1 237/12/1 238/13/1 239/14/1 240/15/1 241/16/1 242/17/1 243/18/1 244/19/1 245/20/1 246/21/1 247/22/1 248/23/1 249/24/1 250/25/1 251/26/1 252/27/1 253/28/1 254/29/1 255/30/1 256/31/1 225/32/1
f 258/1/1 259/2/1 260/3/1 261/4/1 262/5/1 263/6/1 264/7/1 265/8/1 266/9/1 267/10/1 268/11/1 269/12/1 270/13/1 271/14/1 272/15/1 273/16/1 274/17/1 275/18/1 276/19/1 277/20/1 278/21/1 279/22/1 280/23/1 281/24/1 282/25/1 283/26/1 284/27/1 285/28/1 286/29/1 287/30/1 288/31/1 257/32/1
f 291/33/2 290/34/3 289/35/4
f 289/35/4 292/36/5 291/33/2
f 292/36/5 289/35/4 293/37/6
f 293/37/6 294/38/7 292/36/5
f 294/38/7 293/37/6 295/39/8
f 295/39/8 296/40/9 294/38/7
f 296/40/9 295/39/8 297/41/10
f 297/41/10 298/42/11 296/40/9
f 298/42/11 297/41/10 299/43/12
f 299/43/12 300/44/13 298/42/11
f 300/44/13 299/43/12 301/45/14
f 301/45/14 302/46/15 300/44/13
f 302/46/15 301/45/14 303/47/16
f 303/47/16 304/48/17 302/46/15
f 304/48/17 303/47/16 305/49/18
f 305/49/18 306/50/19 304/48/17
f 306/50/19 305/49/18 307/51/20
f 307/51/20 308/52/21 306/50/19
f 308/52/21 307/51/20 309/53/22
f 309/53/22 310/54/23 308/52/21
f 310/54/23 309/53/22 311/55/24
f 311/55/24 312/56/25 310/54/23
f 312/56/25 311/55/24 313/57/26
f 313/57/26 314/58/27 312/56/25
f 314/58/27 313/57/26 315/59/28
f 315/59/28 316/60/29 314/58/27
f 316/60/29 315/59/28 317/61/30
f 317/61/30 318/62/31 316/60/29
f 318/62/31 317/61/30 319/63/32
f 319/63/32 320/64/33 318/62/31
f 320/64/33 319/63/32 321/65/34
f 321/65/34 322/66/35 320/64/33
f 322/66/35 321/65/34 323/67/36
f 323/67/36 324/68/37 322/66/35
f 324/68/37 323/67/36 325/69/38
f 325/69/38 326/70/39 324/68/37
f 326/70/39 325/69/38 327/71/40
f 327/71/40 328/72/41 326/70/39
f 328/72/41 327/71/40 329/73/42
f 329/73/42 330/74/43 328/72/41
f 330/74/43 329/73/42 331/75/44
f 331/75/44 332/76/45 330/74/43
f 332/76/45 331/75/44 333/77/46
f 333/77/46 334/78/47 332/76/45
f 334/78/47 333/77/46 335/79/48
f 335/79/48 336/80/49 334/78/47
f 336/80/49 335/79/48 337/81/50
f 337/81/50 338/82/51 336/80/49
f 338/82/51 337/81/50 339/83/52
f 339/83/52 340/84/53 338/82/51
f 340/84/53 339/83/52 341/85/54
f 341/85/54 342/86/55 340/84/53
f 342/86/55 341/85/54 343/87/56
f 343/87/56 344/88/57 342/86/55
f 344/88/57 343/87/56 345/89/58
f 345/89/58 346/90/59 344/88/57
f 346/90/59 345/89/58 347/91/60
f 347/91/60 348/92/61 346/90/59
f 348/92/61 347/91/60 349/93/62
f 349/93/62 350/94/63 348/92/61
f 350/94/63 349/93/62 351/95/64
f 351/95/64 352/96/65 350/94/63
f 352/96/65 351/95/64 353/97/66
f 353/97/66 354/98/67 352/96/65
f 354/98/67 353/97/66 355/99/68
f 355/99/68 356/100/69 354/98/67
f 356/100/69 355/99/68 357/101/70
f 357/101/70 358/102/71 356/100/69
f 358/102/71 357/101/70 359/103/72
f 359/103/72 360/104/73 358/102/71
f 360/104/73 359/103/72 361/105/74
f 361/105/74 362/106/75 360/104/73
f 362/106/75 361/105/74 363/107/76
f 363/107/76 364/108/77 362/106/75
f 364/108/77 363/107/76 365/109/78
f 365/109/78 366/110/79 364/108/77
f 366/110/79 365/109/78 367/111/80
f 367/111/80 368/112/81 366/110/79
f 368/112/81 367/111/80 369/113/82
f 369/113/82 370/114/83 368/112/81
f 370/114/83 369/113/82 371/115/84
f 371/115/84 372/116/85 370/114/83
f 372/116/85 371/115/84 373/117/86
f 373/117/86 374/118/87 372/116/85
f 374/118/87 373/117/86 375/119/88
f 375/119/88 376/120/89 374/118/87
f 376/120/89 375/119/88 377/121/90
f 377/121/90 378/122/91 376/120/89
f 378/122/91 377/121/90 379/123/92
f 379/123/92 380/124/93 378/122/91
f 380/124/93 379/123/92 381/125/94
f 381/125/94 382/126/95 380/124/93
f 382/126/95 381/125/94 383/127/96
f 383/127/96 384/128/97 382/126/95
f 384/128/97 383/127/96 290/34/3
f 290/34/3 291/33/2 384/128/97
f 385/129/98 386/130/99 387/131/100
f 387/131/100 388/132/101 385/129/98
f 389/133/54 385/129/98 388/132/101
f 388/132/101 390/134/55 389/133/54
f 391/135/56 389/133/54 390/134/55
f 390/134/55 392/136/57 391/135/56
f 393/137/58 391/135/56 392/136/57
f 392/136/57 394/138/102 393/137/58
f 395/139/60 393/137/58 394/138/102
f 394/138/102 396/140/103 395/139/60
f 397/141/62 395/139/60 396/140/103
f 396/140/103 398/142/63 397/141/62
f 399/143/64 397/141/62 398/142/63
f 398/142/63 400/144/65 399/143/64
f 401/145/104 399/143/64 400/144/65
f 400/144/65 402/146/67 401/145/104
f 403/147/68 401/145/104 402/146/67
f 402/146/67 404/148/69 403/147/68
f 405/149/70 403/147/68 404/148/69
f 404/148/69 406/150/71 405/149/70
f 407/151/72 405/149/70 406/150/71
f 406/150/71 408/152/105 407/151/72
f 409/153/106 407/151/72 408/152/105
f 408/152/105 410/154/107 409/153/106
f 411/155/108 409/153/106 410/154/107
f 410/154/107 412/156/77 411/155/108
f 413/157/78 411/155/108 412/156/77
f 412/156/77 414/158/79 413/157/78
f 415/159/80 413/157/78 414/158/79
f 414/158/79 416/160/81 415/159/80
f 417/161/82 415/159/80 416/160/81
f 416/160/81 418/162/83 417/161/82
f 419/163/84 417/161/82 418/162/83
f 418/162/83 420/164/85 419/163/84
f 421/165/109 419/163/84 420/164/85
f 420/164/85 422/166/110 421/165/109
f 423/167/111 421/165/109 422/166/110
f 422/166/110 424/168/89 423/167/111
f 425/169/112 423/167/111 424/168/89
f 424/168/89 426/170/91 425/169/112
f 427/171/92 425/169/112 426/170/91
f 426/170/91 428/172/93 427/171/92
f 429/173/94 427/171/92 428/172/93
f 428/172/93 430/174/95 429/173/94
f 431/175/96 429/173/94 430/174/95
f 430/174/95 432/176/113 431/175/96
f 433/177/114 431/175/96 432/176/113
f 432/176/113 434/178/115 433/177/114
f 435/179/116 433/177/114 434/178/115
f 434/178/115 436/180/5 435/179/116
f 437/181/6 435/179/116 436/180/5
f 436/180/5 438/182/7 437/181/6
f 439/183/8 437/181/6 438/182/7
f 438/182/7 440/184/9 439/183/8
f 441/185/10 439/183/8 440/184/9
f 440/184/9 442/186/117 441/185/10
f 443/187/12 441/185/10 442/186/117
f 442/186/117 444/188/118 443/187/12
f 445/189/119 443/187/12 444/188/118
f 444/188/118 446/190/120 445/189/119
f 447/191/16 445/189/119 446/190/120
f 446/190/120 448/192/17 447/191/16
f 449/193/121 447/191/16 448/192/17
f 448/192/17 450/194/19 449/193/121
f 451/195/20 449/193/121 450/194/19
f 450/194/19 452/196/21 451/195/20
f 453/197/22 451/195/20 452/196/21
f 452/196/21 454/198/23 453/197/22
f 455/199/24 453/197/22 454/198/23
f 454/198/23 456/200/122 455/199/24
f 457/201/123 455/199/24 456/200/122
f 456/200/122 458/202/124 457/201/123
f 459/203/125 457/201/123 458/202/124
f 458/202/124 460/204/126 459/203/125
f 461/205/30 459/203/125 460/204/126
f 460/204/126 462/206/31 461/205/30
f 463/207/32 461/205/30 462/206/31
f 462/206/31 464/208/33 463/207/32
f 465/209/34 463/207/32 464/208/33
f 464/208/33 466/210/127 465/209/34
f 467/211/36 465/209/34 466/210/127
f 466/210/127 468/212/37 467/211/36
f 469/213/128 467/211/36 468/212/37
f 468/212/37 470/214/129 469/213/128
f 471/215/130 469/213/128 470/214/129
f 470/214/129 472/216/41 471/215/130
f 473/217/131 471/215/130 472/216/41
f 472/216/41 474/218/43 473/217/131
f 475/219/44 473/217/131 474/218/43
f 474/218/43 476/220/45 475/219/44
f 477/221/46 475/219/44 476/220/45
f 476/220/45 478/222/47 477/221/46
f 479/223/48 477/221/46 478/222/47
f 478/222/47 480/224/132 479/223/48
f 386/130/99 479/223/48 480/224/132
f 480/224/132 387/131/100 386/130/99
f 481/225/1 482/226/1 483/227/1
f 483/227/1 484/33/1 481/225/1
f 482/226/1 485/228/1 486/229/1
f 486/229/1 483/227/1 482/226/1
f 485/228/1 487/230/1 488/231/1
f 488/231/1 486/229/1 485/228/1
f 487/230/1 489/232/1 490/233/1
f 490/233/1 488/231/1 487/230/1
f 489/232/1 491/234/1 492/235/1
f 492/235/1 490/233/1 489/232/1
f 491/234/1 493/236/1 494/237/1
f 494/237/1 492/235/1 491/234/1
f 493/236/1 495/238/1 496/239/1
f 496/239/1 494/237/1 493/236/1
f 495/238/1 497/240/1 498/241/1
f 498/241/1 496/239/1 495/238/1
f 497/240/1 499/242/1 500/243/1
f 500/243/1 498/241/1 497/240/1
f 499/242/1 501/244/1 502/245/1
f 502/245/1 500/243/1 499/242/1
f 501/244/1 503/246/1 504/247/1
f 504/247/1 502/245/1 501/244/1
f 503/246/1 505/248/1 506/249/1
f 506/249/1 504/247/1 503/246/1
f 505/248/1 507/250/1 508/251/1
f 508/251/1 506/249/1 505/248/1
f 507/250/1 509/252/1 510/253/1
f 510/253/1 508/251/1 507/250/1
f 509/252/1 511/254/1 512/255/1
f 512/255/1 510/253/1 509/252/1
f 511/254/1 513/256/1 514/257/1
f 514/257/1 512/255/1 511/254/1
f 513/256/1 515/258/1 516/259/1
f 516/259/1 514/257/1 513/256/1
f 515/258/1 517/260/1 518/261/1
f 518/261/1 516/259/1 515/258/1
f 517/260/1 519/262/1 520/263/1
f 520/263/1 518/261/1 517/260/1
f 519/262/1 521/264/1 522/265/1
f 522/265/1 520/263/1 519/262/1
f 521/264/1 523/266/1 524/267/1
f 524/267/1 522/265/1 521/264/1
f 523/266/1 525/268/1 526/269/1
f 526/269/1 524/267/1 523/266/1
f 525/268/1 527/270/1 528/271/1
f 528/271/1 526/269/1 525/268/1
f 527/270/1 529/178/1 530/272/1
f 530/272/1 528/271/1 527/270/1
f 529/178/1 531/273/1 532/274/1
f 532/274/1 530/272/1 529/178/1
f 531/273/1 533/275/1 534/276/1
f 534/276/1 532/274/1 531/273/1
f 533/275/1 535/277/1 536/278/1
f 536/278/1 534/276/1 533/275/1
f 535/277/1 537/279/1 538/280/1
f 538/280/1 536/278/1 535/277/1
f 537/279/1 539/281/1 540/282/1
f 540/282/1 538/280/1 537/279/1
f 539/281/1 541/283/1 542/284/1
f 542/284/1 540/282/1 539/281/1
f 541/283/1 543/285/1 544/286/1
f 544/286/1 542/284/1 541/283/1
f 543/285/1 545/287/1 546/288/1
f 546/288/1 544/286/1 543/285/1
f 545/287/1 547/289/1 548/290/1
f 548/290/1 546/288/1 545/287/1
f 547/289/1 549/291/1 550/292/1
f 550/292/1 548/290/1 547/289/1
f 549/291/1 551/293/1 552/294/1
f 552/294/1 550/292/1 549/291/1
f 551/293/1 553/295/1 554/296/1
f 554/296/1 552/294/1 551/293/1
f 553/295/1 555/297/1 556/298/1
f 556/298/1 554/296/1 553/295/1
f 555/297/1 557/299/1 558/300/1
f 558/300/1 556/298/1 555/297/1
f 557/299/1 559/301/1 560/302/1
f 560/302/1 558/300/1 557/299/1
f 559/301/1 561/303/1 562/304/1
f 562/304/1 560/302/1 559/301/1
f 561/303/1 563/305/1 564/306/1
f 564/306/1 562/304/1 561/303/1
f 563/305/1 565/307/1 566/308/1
f 566/308/1 564/306/1 563/305/1
f 565/307/1 567/309/1 568/310/1
f 568/310/1 566/308/1 565/307/1
f 567/309/1 569/311/1 570/312/1
f 570/312/1 568/310/1 567/309/1
f 569/311/1 571/313/1 572/314/1
f 572/314/1 570/312/1 569/311/1
f 571/313/1 573/315/1 574/316/1
f 574/316/1 572/314/1 571/313/1
f 573/315/1 575/317/1 576/318/1
f 576/318/1 574/316/1 573/315/1
f 575/317/1 481/225/1 484/33/1
f 484/33/1 576/318/1 575/317/1
f 579/319/2 578/320/3 577/321/4
f 577/321/4 580/322/5 579/319/2
f 580/322/5 577/321/4 581/323/6
f 581/323/6 582/324/7 580/322/5
f 582/324/7 581/323/6 583/325/8
f 583/325/8 584/326/9 582/324/7
f 584/326/9 583/325/8 585/327/10
f 585/327/10 586/328/11 584/326/9
f 586/328/11 585/327/10 587/329/12
f 587/329/12 588/330/13 586/328/11
f 588/330/13 587/329/12 589/331/14
f 589/331/14 590/332/15 588/330/13
f 590/332/15 589/331/14 591/333/16
f 591/333/16 592/334/17 590/332/15
f 592/334/17 591/333/16 593/335/18
f 593/335/18 594/336/19 592/334/17
f 594/336/19 593/335/18 595/337/20
f 595/337/20 596/338/21 594/336/19
f 596/338/21 595/337/20 597/339/22
f 597/339/22 598/340/23 596/338/21
f 598/340/23 597/339/22 599/341/24
f 599/341/24 600/342/25 598/340/23
f 600/342/25 599/341/24 601/343/26
f 601/343/26 602/344/27 600/342/25
f 602/344/27 601/343/26 603/345/28
f 603/345/28 604/346/29 602/344/27
f 604/346/29 603/345/28 605/347/30
f 605/347/30 606/348/31 604/346/29
f 606/348/31 605/347/30 607/349/32
f 607/349/32 608/350/33 606/348/31
f 608/350/33 607/349/32 609/351/34
f 609/351/34 610/352/35 608/350/33
f 610/352/35 609/351/34 611/353/36
f 611/353/36 612/354/37 610/352/35
f 612/354/37 611/353/36 613/355/38
f 613/355/38 614/356/39 612/354/37
f 614/356/39 613/355/38 615/353/40
f 615/353/40 616/354/41 614/356/39
f 616/354/41 615/353/40 617/351/133
f 617/351/133 618/352/43 616/354/41
f 618/352/43 617/351/133 619/349/44
f 619/349/44 620/350/45 618/352/43
f 620/350/45 619/349/44 621/347/46
f 621/347/46 622/348/47 620/350/45
f 622/348/47 621/347/46 623/345/48
f 623/345/48 624/346/49 622/348/47
f 624/346/49 623/345/48 625/343/50
f 625/343/50 626/344/51 624/346/49
f 626/344/51 625/343/50 627/341/52
f 627/341/52 628/342/53 626/344/51
f 628/342/53 627/341/52 629/339/54
f 629/339/54 630/340/55 628/342/53
f 630/340/55 629/339/54 631/337/56
f 631/337/56 632/338/57 630/340/55
f 632/338/57 631/337/56 633/335/58
f 633/335/58 634/336/59 632/338/57
f 634/336/59 633/335/58 635/333/60
f 635/333/60 636/334/61 634/336/59
f 636/334/61 635/333/60 637/331/62
f 637/331/62 638/332/63 636/334/61
f 638/332/63 637/331/62 639/329/64
f 639/329/64 640/330/65 638/332/63
f 640/330/65 639/329/64 641/327/66
f 641/327/66 642/328/67 640/330/65
f 642/328/67 641/327/66 643/325/68
f 643/325/68 644/326/69 642/328/67
f 644/326/69 643/325/68 645/323/70
f 645/323/70 646/324/71 644/326/69
f 646/324/71 645/323/70 647/321/72
f 647/321/72 648/322/73 646/324/71
f 648/322/73 647/321/72 649/357/74
f 649/357/74 650/358/75 648/322/73
f 650/358/75 649/357/74 651/359/76
f 651/359/76 652/360/77 650/358/75
f 652/360/77 651/359/76 653/361/78
f 653/361/78 654/362/79 652/360/77
f 654/362/79 653/361/78 655/363/80
f 655/363/80 656/364/81 654/362/79
f 656/364/81 655/363/80 657/365/82
f 657/365/82 658/366/83 656/364/81
f 658/366/83 657/365/82 659/367/84
f 659/367/84 660/368/85 658/366/83
f 660/368/85 659/367/84 661/369/86
f 661/369/86 662/370/87 660/368/85
f 662/370/87 661/369/86 663/367/88
f 663/367/88 664/368/89 662/370/87
f 664/368/89 663/367/88 665/365/90
f 665/365/90 666/366/91 664/368/89
f 666/366/91 665/365/90 667/363/92
f 667/363/92 668/364/93 666/366/91
f 668/364/93 667/363/92 669/361/94
f 669/361/94 670/362/95 668/364/93
f 670/362/95 669/361/94 671/359/96
f 671/359/96 672/360/97 670/362/95
f 672/360/97 671/359/96 578/320/3
f 578/320/3 579/319/2 672/360/97
f 673/371/98 674/372/99 675/373/100
f 675/373/100 676/374/53 673/371/98
f 677/375/54 673/371/98 676/374/53
f 676/374/53 678/376/55 677/375/54
f 679/377/56 677/375/54 678/376/55
f 678/376/55 680/378/57 679/377/56
f 681/379/58 679/377/56 680/378/57
f 680/378/57 682/380/102 681/379/58
f 683/381/60 681/379/58 682/380/102
f 682/380/102 684/382/103 683/381/60
f 685/383/134 683/381/60 684/382/103
f 684/382/103 686/384/135 685/383/134
f 687/385/64 685/383/134 686/384/135
f 686/384/135 688/386/65 687/385/64
f 689/387/104 687/385/64 688/386/65
f 688/386/65 690/388/67 689/387/104
f 691/389/68 689/387/104 690/388/67
f 690/388/67 692/390/69 691/389/68
f 693/391/70 691/389/68 692/390/69
f 692/390/69 694/392/71 693/391/70
f 695/393/72 693/391/70 694/392/71
f 694/392/71 696/394/105 695/393/72
f 697/395/106 695/393/72 696/394/105
f 696/394/105 698/396/107 697/395/106
f 699/397/108 697/395/106 698/396/107
f 698/396/107 700/398/136 699/397/108
f 701/399/78 699/397/108 700/398/136
f 700/398/136 702/400/79 701/399/78
f 703/401/80 701/399/78 702/400/79
f 702/400/79 704/402/81 703/401/80
f 705/403/82 703/401/80 704/402/81
f 704/402/81 706/404/83 705/403/82
f 707/405/84 705/403/82 706/404/83
f 706/404/83 708/406/85 707/405/84
f 709/407/86 707/405/84 708/406/85
f 708/406/85 710/408/110 709/407/86
f 711/405/111 709/407/86 710/408/110
f 710/408/110 712/406/89 711/405/111
f 713/403/112 711/405/111 712/406/89
f 712/406/89 714/404/91 713/403/112
f 715/401/92 713/403/112 714/404/91
f 714/404/91 716/402/93 715/401/92
f 717/399/94 715/401/92 716/402/93
f 716/402/93 718/400/95 717/399/94
f 719/397/137 717/399/94 718/400/95
f 718/400/95 720/398/113 719/397/137
f 721/409/114 719/397/137 720/398/113
f 720/398/113 722/410/115 721/409/114
f 723/393/116 721/409/114 722/410/115
f 722/410/115 724/394/138 723/393/116
f 725/391/6 723/393/116 724/394/138
f 724/394/138 726/392/7 725/391/6
f 727/389/8 725/391/6 726/392/7
f 726/392/7 728/390/9 727/389/8
f 729/387/10 727/389/8 728/390/9
f 728/390/9 730/388/117 729/387/10
f 731/385/12 729/387/10 730/388/117
f 730/388/117 732/386/118 731/385/12
f 733/383/119 731/385/12 732/386/118
f 732/386/118 734/384/120 733/383/119
f 735/381/16 733/383/119 734/384/120
f 734/384/120 736/382/17 735/381/16
f 737/379/121 735/381/16 736/382/17
f 736/382/17 738/380/19 737/379/121
f 739/377/20 737/379/121 738/380/19
f 738/380/19 740/378/21 739/377/20
f 741/375/22 739/377/20 740/378/21
f 740/378/21 742/376/23 741/375/22
f 743/371/24 741/375/22 742/376/23
f 742/376/23 744/374/122 743/371/24
f 745/372/123 743/371/24 744/374/122
f 744/374/122 746/373/124 745/372/123
f 747/411/125 745/372/123 746/373/124
f 746/373/124 748/412/126 747/411/125
f 749/413/30 747/411/125 748/412/126
f 748/412/126 750/414/31 749/413/30
f 751/415/32 749/413/30 750/414/31
f 750/414/31 752/416/33 751/415/32
f 753/417/34 751/415/32 752/416/33
f 752/416/33 754/418/127 753/417/34
f 755/419/36 753/417/34 754/418/127
f 754/418/127 756/420/37 755/419/36
f 757/421/128 755/419/36 756/420/37
f 756/420/37 758/422/129 757/421/128
f 759/419/130 757/421/128 758/422/129
f 758/422/129 760/420/41 759/419/130
f 761/417/131 759/419/130 760/420/41
f 760/420/41 762/418/43 761/417/131
f 763/415/44 761/417/131 762/418/43
f 762/418/43 764/416/45 763/415/44
f 765/413/46 763/415/44 764/416/45
f 764/416/45 766/414/47 765/413/46
f 767/411/48 765/413/46 766/414/47
f 766/414/47 768/412/132 767/411/48
f 674/372/99 767/411/48 768/412/132
f 768/412/132 675/373/100 674/372/99
f 769/423/1 770/424/1 771/425/1
f 771/425/1 772/319/1 769/423/1
f 770/424/1 773/426/1 774/427/1
f 774/427/1 771/425/1 770/424/1
f 773/426/1 775/428/1 776/429/1
f 776/429/1 774/427/1 773/426/1
f 775/428/1 777/430/1 778/431/1
f 778/431/1 776/429/1 775/428/1
f 777/430/1 779/432/1 780/433/1
f 780/433/1 778/431/1 777/430/1
f 779/432/1 781/434/1 782/435/1
f 782/435/1 780/433/1 779/432/1
f 781/434/1 783/436/1 784/437/1
f 784/437/1 782/435/1 781/434/1
f 783/436/1 785/438/1 786/439/1
f 786/439/1 784/437/1 783/436/1
f 785/438/1 787/440/1 788/441/1
f 788/441/1 786/439/1 785/438/1
f 787/440/1 789/442/1 790/443/1
f 790/443/1 788/441/1 787/440/1
f 789/442/1 791/444/1 792/445/1
f 792/445/1 790/443/1 789/442/1
f 791/444/1 793/446/1 794/447/1
f 794/447/1 792/445/1 791/444/1
f 793/446/1 795/448/1 796/449/1
f 796/449/1 794/447/1 793/446/1
f 795/448/1 797/450/1 798/451/1
f 798/451/1 796/449/1 795/448/1
f 797/450/1 799/452/1 800/453/1
f 800/453/1 798/451/1 797/450/1
f 799/452/1 801/454/1 802/455/1
f 802/455/1 800/453/1 799/452/1
f 801/454/1 803/456/1 804/457/1
f 804/457/1 802/455/1 801/454/1
f 803/456/1 805/458/1 806/459/1
f 806/459/1 804/457/1 803/456/1
f 805/458/1 807/460/1 808/461/1
f 808/461/1 806/459/1 805/458/1
f 807/460/1 809/462/1 810/463/1
f 810/463/1 808/461/1 807/460/1
f 809/462/1 811/464/1 812/465/1
f 812/465/1 810/463/1 809/462/1
f 811/464/1 813/466/1 814/467/1
f 814/467/1 812/465/1 811/464/1
f 813/466/1 815/468/1 816/469/1
f 816/469/1 814/467/1 813/466/1
f 815/468/1 817/410/1 818/470/1
f 818/470/1 816/469/1 815/468/1
f 817/410/1 819/471/1 820/472/1
f 820/472/1 818/470/1 817/410/1
f 819/471/1 821/473/1 822/474/1
f 822/474/1 820/472/1 819/471/1
f 821/473/1 823/475/1 824/476/1
f 824/476/1 822/474/1 821/473/1
f 823/475/1 825/477/1 826/478/1
f 826/478/1 824/476/1 823/475/1
f 825/477/1 827/479/1 828/480/1
f 828/480/1 826/478/1 825/477/1
f 827/479/1 829/481/1 830/482/1
f 830/482/1 828/480/1 827/479/1
f 829/481/1 831/483/1 832/484/1
f 832/484/1 830/482/1 829/481/1
f 831/483/1 833/485/1 834/486/1
f 834/486/1 832/484/1 831/483/1
f 833/485/1 835/487/1 836/488/1
f 836/488/1 834/486/1 833/485/1
f 835/487/1 837/489/1 838/490/1
f 838/490/1 836/488/1 835/487/1
f 837/489/1 839/491/1 840/492/1
f 840/492/1 838/490/1 837/489/1
f 839/491/1 841/493/1 842/494/1
f 842/494/1 840/492/1 839/491/1
f 841/493/1 843/495/1 844/496/1
f 844/496/1 842/494/1 841/493/1
f 843/495/1 845/497/1 846/498/1
f 846/498/1 844/496/1 843/495/1
f 845/497/1 847/499/1 848/500/1
f 848/500/1 846/498/1 845/497/1
f 847/499/1 849/501/1 850/502/1
f 850/502/1 848/500/1 847/499/1
f 849/501/1 851/503/1 852/504/1
f 852/504/1 850/502/1 849/501/1
f 851/503/1 853/505/1 854/506/1
f 854/506/1 852/504/1 851/503/1
f 853/505/1 855/507/1 856/508/1
f 856/508/1 854/506/1 853/505/1
f 855/507/1 857/509/1 858/510/1
f 858/510/1 856/508/1 855/507/1
f 857/509/1 859/511/1 860/512/1
f 860/512/1 858/510/1 857/509/1
f 859/511/1 861/513/1 862/514/1
f 862/514/1 860/512/1 859/511/1
f 861/513/1 863/515/1 864/516/1
f 864/516/1 862/514/1 861/513/1
f 863/515/1 769/423/1 772/319/1
f 772/319/1 864/516/1 863/515/1
f 867/517/2 866/518/3 865/519/4
f 865/519/4 868/520/5 867/517/2
f 868/520/5 865/519/4 869/521/6
f 869/521/6 870/522/7 868/520/5
f 870/522/7 869/521/6 871/523/8
f 871/523/8 872/524/9 870/522/7
f 872/524/9 871/523/8 873/525/10
f 873/525/10 874/526/11 872/524/9
f 874/526/11 873/525/10 875/527/12
f 875/527/12 876/528/13 874/526/11
f 876/528/13 875/527/12 877/529/14
f 877/529/14 878/530/15 876/528/13
f 878/530/15 877/529/14 879/531/16
f 879/531/16 880/532/17 878/530/15
f 880/532/17 879/531/16 881/533/18
f 881/533/18 882/534/19 880/532/17
f 882/534/19 881/533/18 883/535/20
f 883/535/20 884/536/21 882/534/19
f 884/536/21 883/535/20 885/537/22
f 885/537/22 886/538/23 884/536/21
f 886/538/23 885/537/22 887/539/139
f 887/539/139 888/540/25 886/538/23
f 888/540/25 887/539/139 889/541/26
f 889/541/26 890/542/27 888/540/25
f 890/542/27 889/541/26 891/543/28
f 891/543/28 892/544/29 890/542/27
f 892/544/29 891/543/28 893/545/30
f 893/545/30 894/546/31 892/544/29
f 894/546/31 893/545/30 895/547/32
f 895/547/32 896/548/33 894/546/31
f 896/548/33 895/547/32 897/549/34
f 897/549/34 898/550/35 896/548/33
f 898/550/35 897/549/34 899/551/36
f 899/551/36 900/552/37 898/550/35
f 900/552/37 899/551/36 901/553/38
f 901/553/38 902/554/39 900/552/37
f 902/554/39 901/553/38 903/551/130
f 903/551/130 904/552/41 902/554/39
f 904/552/41 903/551/130 905/549/133
f 905/549/133 906/550/43 904/552/41
f 906/550/43 905/549/133 907/547/44
f 907/547/44 908/548/45 906/550/43
f 908/548/45 907/547/44 909/545/46
f 909/545/46 910/546/47 908/548/45
f 910/546/47 909/545/46 911/543/48
f 911/543/48 912/544/49 910/546/47
f 912/544/49 911/543/48 913/541/50
f 913/541/50 914/542/51 912/544/49
f 914/542/51 913/541/50 915/539/52
f 915/539/52 916/540/53 914/542/51
f 916/540/53 915/539/52 917/537/54
f 917/537/54 918/538/55 916/540/53
f 918/538/55 917/537/54 919/535/56
f 919/535/56 920/536/57 918/538/55
f 920/536/57 919/535/56 921/533/58
f 921/533/58 922/534/102 920/536/57
f 922/534/102 921/533/58 923/531/60
f 923/531/60 924/532/103 922/534/102
f 924/532/103 923/531/60 925/529/62
f 925/529/62 926/530/63 924/532/103
f 926/530/63 925/529/62 927/527/64
f 927/527/64 928/528/65 926/530/63
f 928/528/65 927/527/64 929/525/66
f 929/525/66 930/526/67 928/528/65
f 930/526/67 929/525/66 931/523/68
f 931/523/68 932/524/69 930/526/67
f 932/524/69 931/523/68 933/521/70
f 933/521/70 934/522/71 932/524/69
f 934/522/71 933/521/70 935/519/72
f 935/519/72 936/520/73 934/522/71
f 936/520/73 935/519/72 937/555/74
f 937/555/74 938/556/75 936/520/73
f 938/556/75 937/555/74 939/557/76
f 939/557/76 940/558/77 938/556/75
f 940/558/77 939/557/76 941/559/78
f 941/559/78 942/560/79 940/558/77
f 942/560/79 941/559/78 943/561/80
f 943/561/80 944/562/81 942/560/79
f 944/562/81 943/561/80 945/563/82
f 945/563/82 946/564/83 944/562/81
f 946/564/83 945/563/82 947/565/84
f 947/565/84 948/566/140 946/564/83
f 948/566/140 947/565/84 949/567/86
f 949/567/86 950/568/87 948/566/140
f 950/568/87 949/567/86 951/565/88
f 951/565/88 952/566/89 950/568/87
f 952/566/89 951/565/88 953/563/90
f 953/563/90 954/564/91 952/566/89
f 954/564/91 953/563/90 955/561/92
f 955/561/92 956/562/93 954/564/91
f 956/562/93 955/561/92 957/559/94
f 957/559/94 958/560/95 956/562/93
f 958/560/95 957/559/94 959/557/96
f 959/557/96 960/558/97 958/560/95
f 960/558/97 959/557/96 866/518/3
f 866/518/3 867/517/2 960/558/97
f 961/569/98 962/570/99 963/571/100
f 963/571/100 964/572/53 961/569/98
f 965/573/54 961/569/98 964/572/53
f 964/572/53 966/574/55 965/573/54
f 967/575/56 965/573/54 966/574/55
f 966/574/55 968/576/57 967/575/56
f 969/577/58 967/575/56 968/576/57
f 968/576/57 970/578/102 969/577/58
f 971/579/60 969/577/58 970/578/102
f 970/578/102 972/580/103 971/579/60
f 973/581/134 971/579/60 972/580/103
f 972/580/103 974/582/63 973/581/134
f 975/583/64 973/581/134 974/582/63
f 974/582/63 976/584/65 975/583/64
f 977/585/104 975/583/64 976/584/65
f 976/584/65 978/586/67 977/585/104
f 979/587/68 977/585/104 978/586/67
f 978/586/67 980/588/69 979/587/68
f 981/589/70 979/587/68 980/588/69
f 980/588/69 982/590/71 981/589/70
f 983/591/141 981/589/70 982/590/71
f 982/590/71 984/592/105 983/591/141
f 985/593/106 983/591/141 984/592/105
f 984/592/105 986/594/107 985/593/106
f 987/595/108 985/593/106 986/594/107
f 986/594/107 988/596/136 987/595/108
f 989/597/78 987/595/108 988/596/136
f 988/596/136 990/598/79 989/597/78
f 991/599/80 989/597/78 990/598/79
f 990/598/79 992/600/81 991/599/80
f 993/601/82 991/599/80 992/600/81
f 992/600/81 994/602/142 993/601/82
f 995/603/84 993/601/82 994/602/142
f 994/602/142 996/604/85 995/603/84
f 997/605/109 995/603/84 996/604/85
f 996/604/85 998/606/110 997/605/109
f 999/603/111 997/605/109 998/606/110
f 998/606/110 1000/604/89 999/603/111
f 1001/601/143 999/603/111 1000/604/89
f 1000/604/89 1002/602/91 1001/601/143
f 1003/599/92 1001/601/143 1002/602/91
f 1002/602/91 1004/600/93 1003/599/92
f 1005/597/94 1003/599/92 1004/600/93
f 1004/600/93 1006/598/95 1005/597/94
f 1007/595/96 1005/597/94 1006/598/95
f 1006/598/95 1008/596/113 1007/595/96
f 1009/607/114 1007/595/96 1008/596/113
f 1008/596/113 1010/608/115 1009/607/114
f 1011/591/116 1009/607/114 1010/608/115
f 1010/608/115 1012/592/5 1011/591/116
f 1013/589/6 1011/591/116 1012/592/5
f 1012/592/5 1014/590/7 1013/589/6
f 1015/587/8 1013/589/6 1014/590/7
f 1014/590/7 1016/588/9 1015/587/8
f 1017/585/10 1015/587/8 1016/588/9
f 1016/588/9 1018/586/144 1017/585/10
f 1019/583/12 1017/585/10 1018/586/144
f 1018/586/144 1020/584/118 1019/583/12
f 1021/581/119 1019/583/12 1020/584/118
f 1020/584/118 1022/582/120 1021/581/119
f 1023/579/16 1021/581/119 1022/582/120
f 1022/582/120 1024/580/17 1023/579/16
f 1025/577/121 1023/579/16 1024/580/17
f 1024/580/17 1026/578/19 1025/577/121
f 1027/575/145 1025/577/121 1026/578/19
f 1026/578/19 1028/576/146 1027/575/145
f 1029/573/22 1027/575/145 1028/576/146
f 1028/576/146 1030/574/23 1029/573/22
f 1031/569/139 1029/573/22 1030/574/23
f 1030/574/23 1032/572/122 1031/569/139
f 1033/570/123 1031/569/139 1032/572/122
f 1032/572/122 1034/571/124 1033/570/123
f 1035/609/125 1033/570/123 1034/571/124
f 1034/571/124 1036/610/29 1035/609/125
f 1037/611/30 1035/609/125 1036/610/29
f 1036/610/29 1038/612/31 1037/611/30
f 1039/613/32 1037/611/30 1038/612/31
f 1038/612/31 1040/614/33 1039/613/32
f 1041/615/34 1039/613/32 1040/614/33
f 1040/614/33 1042/616/127 1041/615/34
f 1043/617/36 1041/615/34 1042/616/127
f 1042/616/127 1044/618/37 1043/617/36
f 1045/619/38 1043/617/36 1044/618/37
f 1044/618/37 1046/620/129 1045/619/38
f 1047/617/130 1045/619/38 1046/620/129
f 1046/620/129 1048/618/41 1047/617/130
f 1049/615/131 1047/617/130 1048/618/41
f 1048/618/41 1050/616/43 1049/615/131
f 1051/613/44 1049/615/131 1050/616/43
f 1050/616/43 1052/614/45 1051/613/44
f 1053/611/46 1051/613/44 1052/614/45
f 1052/614/45 1054/612/47 1053/611/46
f 1055/609/147 1053/611/46 1054/612/47
f 1054/612/47 1056/610/132 1055/609/147
f 962/570/99 1055/609/147 1056/610/132
f 1056/610/132 963/571/100 962/570/99
f 1057/621/1 1058/622/1 1059/623/1
f 1059/623/1 1060/624/1 1057/621/1
f 1058/622/1 1061/625/1 1062/626/1
f 1062/626/1 1059/623/1 1058/622/1
f 1061/625/1 1063/627/1 1064/628/1
f 1064/628/1 1062/626/1 1061/625/1
f 1063/627/1 1065/629/1 1066/630/1
f 1066/630/1 1064/628/1 1063/627/1
f 1065/629/1 1067/631/1 1068/632/1
f 1068/632/1 1066/630/1 1065/629/1
f 1067/631/1 1069/633/1 1070/634/1
f 1070/634/1 1068/632/1 1067/631/1
f 1069/633/1 1071/635/1 1072/636/1
f 1072/636/1 1070/634/1 1069/633/1
f 1071/635/1 1073/637/1 1074/638/1
f 1074/638/1 1072/636/1 1071/635/1
f 1073/637/1 1075/639/1 1076/640/1
f 1076/640/1 1074/638/1 1073/637/1
f 1075/639/1 1077/641/1 1078/642/1
f 1078/642/1 1076/640/1 1075/639/1
f 1077/641/1 1079/643/1 1080/644/1
f 1080/644/1 1078/642/1 1077/641/1
f 1079/643/1 1081/645/1 1082/646/1
f 1082/646/1 1080/644/1 1079/643/1
f 1081/645/1 1083/647/1 1084/648/1
f 1084/648/1 1082/646/1 1081/645/1
f 1083/647/1 1085/649/1 1086/650/1
f 1086/650/1 1084/648/1 1083/647/1
f 1085/649/1 1087/651/1 1088/652/1
f 1088/652/1 1086/650/1 1085/649/1
f 1087/651/1 1089/653/1 1090/654/1
f 1090/654/1 1088/652/1 1087/651/1
f 1089/653/1 1091/655/1 1092/656/1
f 1092/656/1 1090/654/1 1089/653/1
f 1091/655/1 1093/657/1 1094/658/1
f 1094/658/1 1092/656/1 1091/655/1
f 1093/657/1 1095/659/1 1096/660/1
f 1096/660/1 1094/658/1 1093/657/1
f 1095/659/1 1097/661/1 1098/662/1
f 1098/662/1 1096/660/1 1095/659/1
f 1097/661/1 1099/663/1 1100/664/1
f 1100/664/1 1098/662/1 1097/661/1
f 1099/663/1 1101/665/1 1102/666/1
f 1102/666/1 1100/664/1 1099/663/1
f 1101/665/1 1103/667/1 1104/668/1
f 1104/668/1 1102/666/1 1101/665/1
f 1103/667/1 1105/669/1 1106/670/1
f 1106/670/1 1104/668/1 1103/667/1
f 1105/669/1 1107/671/1 1108/672/1
f 1108/672/1 1106/670/1 1105/669/1
f 1107/671/1 1109/673/1 1110/674/1
f 1110/674/1 1108/672/1 1107/671/1
f 1109/673/1 1111/675/1 1112/676/1
f 1112/676/1 1110/674/1 1109/673/1
f 1111/675/1 1113/677/1 1114/678/1
f 1114/678/1 1112/676/1 1111/675/1
f 1113/677/1 1115/679/1 1116/680/1
f 1116/680/1 1114/678/1 1113/677/1
f 1115/679/1 1117/681/1 1118/682/1
f 1118/682/1 1116/680/1 1115/679/1
f 1117/681/1 1119/683/1 1120/684/1
f 1120/684/1 1118/682/1 1117/681/1
f 1119/683/1 1121/685/1 1122/686/1
f 1122/686/1 1120/684/1 1119/683/1
f 1121/685/1 1123/687/1 1124/688/1
f 1124/688/1 1122/686/1 1121/685/1
f 1123/687/1 1125/689/1 1126/690/1
f 1126/690/1 1124/688/1 1123/687/1
f 1125/689/1 1127/691/1 1128/692/1
f 1128/692/1 1126/690/1 1125/689/1
f 1127/691/1 1129/693/1 1130/694/1
f 1130/694/1 1128/692/1 1127/691/1
f 1129/693/1 1131/695/1 1132/696/1
f 1132/696/1 1130/694/1 1129/693/1
f 1131/695/1 1133/697/1 1134/698/1
f 1134/698/1 1132/696/1 1131/695/1
f 1133/697/1 1135/699/1 1136/700/1
f 1136/700/1 1134/698/1 1133/697/1
f 1135/699/1 1137/701/1 1138/702/1
f 1138/702/1 1136/700/1 1135/699/1
f 1137/701/1 1139/703/1 1140/704/1
f 1140/704/1 1138/702/1 1137/701/1
f 1139/703/1 1141/705/1 1142/706/1
f 1142/706/1 1140/704/1 1139/703/1
f 1141/705/1 1143/707/1 1144/708/1
f 1144/708/1 1142/706/1 1141/705/1
f 1143/707/1 1145/709/1 1146/710/1
f 1146/710/1 1144/708/1 1143/707/1
f 1145/709/1 1147/711/1 1148/712/1
f 1148/712/1 1146/710/1 1145/709/1
f 1147/711/1 1149/713/1 1150/714/1
f 1150/714/1 1148/712/1 1147/711/1
f 1149/713/1 1151/715/1 1152/716/1
f 1152/716/1 1150/714/1 1149/713/1
f 1151/715/1 1057/621/1 1060/624/1
f 1060/624/1 1152/716/1 1151/715/1
f 1155/624/2 1154/717/3 1153/103/4
f 1153/103/4 1156/104/5 1155/624/2
f 1156/104/5 1153/103/4 1157/101/6
f 1157/101/6 1158/102/7 1156/104/5
f 1158/102/7 1157/101/6 1159/99/8
f 1159/99/8 1160/100/9 1158/102/7
f 1160/100/9 1159/99/8 1161/97/10
f 1161/97/10 1162/98/11 1160/100/9
f 1162/98/11 1161/97/10 1163/95/12
f 1163/95/12 1164/96/118 1162/98/11
f 1164/96/118 1163/95/12 1165/93/14
f 1165/93/14 1166/94/15 1164/96/118
f 1166/94/15 1165/93/14 1167/91/16
f 1167/91/16 1168/92/17 1166/94/15
f 1168/92/17 1167/91/16 1169/89/18
f 1169/89/18 1170/90/19 1168/92/17
f 1170/90/19 1169/89/18 1171/87/20
f 1171/87/20 1172/88/21 1170/90/19
f 1172/88/21 1171/87/20 1173/85/22
f 1173/85/22 1174/86/23 1172/88/21
f 1174/86/23 1173/85/22 1175/83/139
f 1175/83/139 1176/84/25 1174/86/23
f 1176/84/25 1175/83/139 1177/81/26
f 1177/81/26 1178/82/27 1176/84/25
f 1178/82/27 1177/81/26 1179/79/28
f 1179/79/28 1180/80/29 1178/82/27
f 1180/80/29 1179/79/28 1181/77/30
f 1181/77/30 1182/78/31 1180/80/29
f 1182/78/31 1181/77/30 1183/75/32
f 1183/75/32 1184/76/33 1182/78/31
f 1184/76/33 1183/75/32 1185/73/34
f 1185/73/34 1186/74/127 1184/76/33
f 1186/74/127 1185/73/34 1187/71/36
f 1187/71/36 1188/72/37 1186/74/127
f 1188/72/37 1187/71/36 1189/718/38
f 1189/718/38 1190/719/39 1188/72/37
f 1190/719/39 1189/718/38 1191/67/130
f 1191/67/130 1192/68/41 1190/719/39
f 1192/68/41 1191/67/130 1193/65/133
f 1193/65/133 1194/66/43 1192/68/41
f 1194/66/43 1193/65/133 1195/63/44
f 1195/63/44 1196/64/45 1194/66/43
f 1196/64/45 1195/63/44 1197/61/46
f 1197/61/46 1198/62/47 1196/64/45
f 1198/62/47 1197/61/46 1199/59/48
f 1199/59/48 1200/60/49 1198/62/47
f 1200/60/49 1199/59/48 1201/57/50
f 1201/57/50 1202/58/51 1200/60/49
f 1202/58/51 1201/57/50 1203/55/52
f 1203/55/52 1204/56/53 1202/58/51
f 1204/56/53 1203/55/52 1205/53/54
f 1205/53/54 1206/54/55 1204/56/53
f 1206/54/55 1205/53/54 1207/51/56
f 1207/51/56 1208/52/57 1206/54/55
f 1208/52/57 1207/51/56 1209/49/58
f 1209/49/58 1210/50/102 1208/52/57
f 1210/50/102 1209/49/58 1211/47/60
f 1211/47/60 1212/48/61 1210/50/102
f 1212/48/61 1211/47/60 1213/45/62
f 1213/45/62 1214/46/63 1212/48/61
f 1214/46/63 1213/45/62 1215/43/64
f 1215/43/64 1216/44/65 1214/46/63
f 1216/44/65 1215/43/64 1217/41/66
f 1217/41/66 1218/42/67 1216/44/65
f 1218/42/67 1217/41/66 1219/39/68
f 1219/39/68 1220/40/69 1218/42/67
f 1220/40/69 1219/39/68 1221/37/70
f 1221/37/70 1222/38/71 1220/40/69
f 1222/38/71 1221/37/70 1223/35/72
f 1223/35/72 1224/36/73 1222/38/71
f 1224/36/73 1223/35/72 1225/720/74
f 1225/720/74 1226/721/75 1224/36/73
f 1226/721/75 1225/720/74 1227/127/76
f 1227/127/76 1228/128/77 1226/721/75
f 1228/128/77 1227/127/76 1229/125/78
f 1229/125/78 1230/126/79 1228/128/77
f 1230/126/79 1229/125/78 1231/123/80
f 1231/123/80 1232/124/81 1230/126/79
f 1232/124/81 1231/123/80 1233/121/82
f 1233/121/82 1234/122/83 1232/124/81
f 1234/122/83 1233/121/82 1235/119/84
f 1235/119/84 1236/120/85 1234/122/83
f 1236/120/85 1235/119/84 1237/722/86
f 1237/722/86 1238/723/87 1236/120/85
f 1238/723/87 1237/722/86 1239/115/88
f 1239/115/88 1240/116/89 1238/723/87
f 1240/116/89 1239/115/88 1241/113/90
f 1241/113/90 1242/114/91 1240/116/89
f 1242/114/91 1241/113/90 1243/111/92
f 1243/111/92 1244/112/93 1242/114/91
f 1244/112/93 1243/111/92 1245/109/94
f 1245/109/94 1246/110/95 1244/112/93
f 1246/110/95 1245/109/94 1247/107/96
f 1247/107/96 1248/108/97 1246/110/95
f 1248/108/97 1247/107/96 1154/717/3
f 1154/717/3 1155/624/2 1248/108/97
f 1249/199/98 1250/201/99 1251/202/100
f 1251/202/100 1252/200/53 1249/199/98
f 1253/197/54 1249/199/98 1252/200/53
f 1252/200/53 1254/198/55 1253/197/54
f 1255/195/56 1253/197/54 1254/198/55
f 1254/198/55 1256/196/57 1255/195/56
f 1257/193/58 1255/195/56 1256/196/57
f 1256/196/57 1258/194/59 1257/193/58
f 1259/191/60 1257/193/58 1258/194/59
f 1258/194/59 1260/192/103 1259/191/60
f 1261/189/134 1259/191/60 1260/192/103
f 1260/192/103 1262/190/135 1261/189/134
f 1263/187/64 1261/189/134 1262/190/135
f 1262/190/135 1264/188/65 1263/187/64
f 1265/185/104 1263/187/64 1264/188/65
f 1264/188/65 1266/186/67 1265/185/104
f 1267/183/68 1265/185/104 1266/186/67
f 1266/186/67 1268/184/69 1267/183/68
f 1269/181/70 1267/183/68 1268/184/69
f 1268/184/69 1270/182/71 1269/181/70
f 1271/179/141 1269/181/70 1270/182/71
f 1270/182/71 1272/180/105 1271/179/141
f 1273/724/106 1271/179/141 1272/180/105
f 1272/180/105 1274/725/107 1273/724/106
f 1275/175/108 1273/724/106 1274/725/107
f 1274/725/107 1276/176/136 1275/175/108
f 1277/173/78 1275/175/108 1276/176/136
f 1276/176/136 1278/174/79 1277/173/78
f 1279/171/80 1277/173/78 1278/174/79
f 1278/174/79 1280/172/81 1279/171/80
f 1281/169/82 1279/171/80 1280/172/81
f 1280/172/81 1282/170/142 1281/169/82
f 1283/167/84 1281/169/82 1282/170/142
f 1282/170/142 1284/168/85 1283/167/84
f 1285/726/109 1283/167/84 1284/168/85
f 1284/168/85 1286/727/110 1285/726/109
f 1287/163/111 1285/726/109 1286/727/110
f 1286/727/110 1288/164/89 1287/163/111
f 1289/161/90 1287/163/111 1288/164/89
f 1288/164/89 1290/162/91 1289/161/90
f 1291/159/92 1289/161/90 1290/162/91
f 1290/162/91 1292/160/93 1291/159/92
f 1293/157/94 1291/159/92 1292/160/93
f 1292/160/93 1294/158/95 1293/157/94
f 1295/155/137 1293/157/94 1294/158/95
f 1294/158/95 1296/156/113 1295/155/137
f 1297/728/114 1295/155/137 1296/156/113
f 1296/156/113 1298/669/115 1297/728/114
f 1299/151/116 1297/728/114 1298/669/115
f 1298/669/115 1300/152/5 1299/151/116
f 1301/149/6 1299/151/116 1300/152/5
f 1300/152/5 1302/150/7 1301/149/6
f 1303/147/8 1301/149/6 1302/150/7
f 1302/150/7 1304/148/9 1303/147/8
f 1305/145/10 1303/147/8 1304/148/9
f 1304/148/9 1306/146/144 1305/145/10
f 1307/143/12 1305/145/10 1306/146/144
f 1306/146/144 1308/144/118 1307/143/12
f 1309/141/119 1307/143/12 1308/144/118
f 1308/144/118 1310/142/15 1309/141/119
f 1311/139/16 1309/141/119 1310/142/15
f 1310/142/15 1312/140/17 1311/139/16
f 1313/137/121 1311/139/16 1312/140/17
f 1312/140/17 1314/138/19 1313/137/121
f 1315/135/145 1313/137/121 1314/138/19
f 1314/138/19 1316/136/146 1315/135/145
f 1317/133/22 1315/135/145 1316/136/146
f 1316/136/146 1318/134/23 1317/133/22
f 1319/129/139 1317/133/22 1318/134/23
f 1318/134/23 1320/132/122 1319/129/139
f 1321/130/123 1319/129/139 1320/132/122
f 1320/132/122 1322/131/124 1321/130/123
f 1323/223/125 1321/130/123 1322/131/124
f 1322/131/124 1324/224/126 1323/223/125
f 1325/221/30 1323/223/125 1324/224/126
f 1324/224/126 1326/222/31 1325/221/30
f 1327/219/32 1325/221/30 1326/222/31
f 1326/222/31 1328/220/33 1327/219/32
f 1329/217/34 1327/219/32 1328/220/33
f 1328/220/33 1330/218/127 1329/217/34
f 1331/215/36 1329/217/34 1330/218/127
f 1330/218/127 1332/216/37 1331/215/36
f 1333/729/128 1331/215/36 1332/216/37
f 1332/216/37 1334/730/129 1333/729/128
f 1335/211/130 1333/729/128 1334/730/129
f 1334/730/129 1336/212/41 1335/211/130
f 1337/209/131 1335/211/130 1336/212/41
f 1336/212/41 1338/210/43 1337/209/131
f 1339/207/44 1337/209/131 1338/210/43
f 1338/210/43 1340/208/45 1339/207/44
f 1341/205/46 1339/207/44 1340/208/45
f 1340/208/45 1342/206/47 1341/205/46
f 1343/203/48 1341/205/46 1342/206/47
f 1342/206/47 1344/204/132 1343/203/48
f 1250/201/99 1343/203/48 1344/204/132
f 1344/204/132 1251/202/100 1250/201/99
f 1345/731/1 1346/732/1 1347/733/1
f 1347/733/1 1348/734/1 1345/731/1
f 1346/732/1 1349/735/1 1350/736/1
f 1350/736/1 1347/733/1 1346/732/1
f 1349/735/1 1351/737/1 1352/738/1
f 1352/738/1 1350/736/1 1349/735/1
f 1351/737/1 1353/739/1 1354/740/1
f 1354/740/1 1352/738/1 1351/737/1
f 1353/739/1 1355/741/1 1356/742/1
f 1356/742/1 1354/740/1 1353/739/1
f 1355/741/1 1357/743/1 1358/744/1
f 1358/744/1 1356/742/1 1355/741/1
f 1357/743/1 1359/745/1 1360/746/1
f 1360/746/1 1358/744/1 1357/743/1
f 1359/745/1 1361/747/1 1362/748/1
f 1362/748/1 1360/746/1 1359/745/1
f 1361/747/1 1363/749/1 1364/750/1
f 1364/750/1 1362/748/1 1361/747/1
f 1363/749/1 1365/751/1 1366/752/1
f 1366/752/1 1364/750/1 1363/749/1
f 1365/751/1 1367/753/1 1368/754/1
f 1368/754/1 1366/752/1 1365/751/1
f 1367/753/1 1369/755/1 1370/756/1
f 1370/756/1 1368/754/1 1367/753/1
f 1369/755/1 1371/757/1 1372/758/1
f 1372/758/1 1370/756/1 1369/755/1
f 1371/757/1 1373/759/1 1374/760/1
f 1374/760/1 1372/758/1 1371/757/1
f 1373/759/1 1375/761/1 1376/762/1
f 1376/762/1 1374/760/1 1373/759/1
f 1375/761/1 1377/763/1 1378/764/1
f 1378/764/1 1376/762/1 1375/761/1
f 1377/763/1 1379/765/1 1380/766/1
f 1380/766/1 1378/764/1 1377/763/1
f 1379/765/1 1381/767/1 1382/768/1
f 1382/768/1 1380/766/1 1379/765/1
f 1381/767/1 1383/769/1 1384/770/1
f 1384/770/1 1382/768/1 1381/767/1
f 1383/769/1 1385/771/1 1386/772/1
f 1386/772/1 1384/770/1 1383/769/1
f 1385/771/1 1387/773/1 1388/774/1
f 1388/774/1 1386/772/1 1385/771/1
f 1387/773/1 1389/775/1 1390/776/1
f 1390/776/1 1388/774/1 1387/773/1
f 1389/775/1 1391/777/1 1392/778/1
f 1392/778/1 1390/776/1 1389/775/1
f 1391/777/1 1393/779/1 1394/780/1
f 1394/780/1 1392/778/1 1391/777/1
f 1393/779/1 1395/781/1 1396/782/1
f 1396/782/1 1394/780/1 1393/779/1
f 1395/781/1 1397/783/1 1398/784/1
f 1398/784/1 1396/782/1 1395/781/1
f 1397/783/1 1399/785/1 1400/786/1
f 1400/786/1 1398/784/1 1397/783/1
f 1399/785/1 1401/787/1 1402/788/1
f 1402/788/1 1400/786/1 1399/785/1
f 1401/787/1 1403/789/1 1404/790/1
f 1404/790/1 1402/788/1 1401/787/1
f 1403/789/1 1405/791/1 1406/792/1
f 1406/792/1 1404/790/1 1403/789/1
f 1405/791/1 1407/793/1 1408/794/1
f 1408/794/1 1406/792/1 1405/791/1
f 1407/793/1 1409/795/1 1410/796/1
f 1410/796/1 1408/794/1 1407/793/1
f 1409/795/1 1411/797/1 1412/798/1
f 1412/798/1 1410/796/1 1409/795/1
f 1411/797/1 1413/799/1 1414/800/1
f 1414/800/1 1412/798/1 1411/797/1
f 1413/799/1 1415/801/1 1416/802/1
f 1416/802/1 1414/800/1 1413/799/1
f 1415/801/1 1417/803/1 1418/804/1
f 1418/804/1 1416/802/1 1415/801/1
f 1417/803/1 1419/805/1 1420/806/1
f 1420/806/1 1418/804/1 1417/803/1
f 1419/805/1 1421/807/1 1422/808/1
f 1422/808/1 1420/806/1 1419/805/1
f 1421/807/1 1423/809/1 1424/810/1
f 1424/810/1 1422/808/1 1421/807/1
f 1423/809/1 1425/811/1 1426/812/1
f 1426/812/1 1424/810/1 1423/809/1
f 1425/811/1 1427/813/1 1428/814/1
f 1428/814/1 1426/812/1 1425/811/1
f 1427/813/1 1429/815/1 1430/816/1
f 1430/816/1 1428/814/1 1427/813/1
f 1429/815/1 1431/817/1 1432/818/1
f 1432/818/1 1430/816/1 1429/815/1
f 1431/817/1 1433/819/1 1434/820/1
f 1434/820/1 1432/818/1 1431/817/1
f 1433/819/1 1435/821/1 1436/822/1
f 1436/822/1 1434/820/1 1433/819/1
f 1435/821/1 1437/823/1 1438/824/1
f 1438/824/1 1436/822/1 1435/821/1
f 1437/823/1 1439/825/1 1440/826/1
f 1440/826/1 1438/824/1 1437/823/1
f 1439/825/1 1345/731/1 1348/734/1
f 1348/734/1 1440/826/1 1439/825/1
f 1441/827/148 1442/828/148 3068/829/148 3070/830/148 3072/831/148 3076/832/148 3074/833/148 3080/834/148 3078/835/148 3040/836/148 3038/837/148 3042/838/148 3034/839/148 3036/840/148 3032/841/148 3010/842/148 3008/843/148 3006/844/148 3000/845/148 3004/846/148 3002/847/148 2960/848/148 2970/849/148 2962/850/148 2968/851/148 2974/852/148 2976/853/148 2972/854/148 2934/855/148 2936/856/148 2932/857/148 2930/858/148 2928/859/148 2900/860/148 2898/861/148 2890/862/148 2892/863/148 2894/864/148 2896/865/148 2902/866/148 2854/867/148 2856/868/148 2858/869/148 2864/870/148 2862/871/148 2860/872/148 2828/873/148 2824/874/148 2826/875/148 2830/876/148
f 1443/877/148 1444/878/148 3262/879/148 3266/880/148 3300/881/148 3302/882/148 3330/883/148 3334/884/148 3336/885/148 3366/886/148 3368/887/148 3370/888/148 3338/889/148 3332/890/148 3340/891/148 3306/892/148 3304/893/148 3274/894/148 3272/895/148 3276/896/148 3278/897/148 3308/898/148 3310/899/148 3344/900/148 3346/901/148 3342/902/148 3372/903/148 3376/904/148 3374/905/148 3348/906/148 3350/907/148 3352/908/148 3312/909/148 3314/910/148 3288/911/148 3286/912/148 3290/913/148 3294/914/148 3318/915/148 3316/916/148 3322/917/148 3356/918/148 3358/919/148 3378/920/148 3380/921/148 3354/922/148 3362/923/148 3360/924/148 3364/925/148
f 1445/926/149 1446/927/149 1447/928/149
f 1447/928/149 1448/929/149 1445/926/149
f 1449/929/150 1450/928/150 1451/927/150
f 1451/927/150 1452/926/150 1449/929/150
f 1453/930/151 1454/931/151 1455/932/151
f 1455/932/151 1456/933/151 1453/930/151
f 1457/933/152 1458/932/152 1459/931/152
f 1459/931/152 1460/930/152 1457/933/152
f 1463/934/1 1462/828/1 3171/935/1 3151/936/1 3169/937/1 3153/938/1 3175/939/1 3167/940/1 3173/941/1 3181/942/1 3157/943/1 3183/944/1 3177/945/1 3159/946/1 3165/947/1 3179/948/1 3163/949/1 3161/950/1 3155/951/1 3149/952/1 3147/953/1 3145/954/1 3143/955/1 3138/956/1 3139/957/1 3248/958/1 3247/959/1 3255/960/1 3213/961/1 3215/962/1 3217/963/1 3223/964/1 3221/965/1 3219/966/1 3261/967/1 3257/968/1 3259/969/1 3299/970/1 3297/971/1 3327/972/1 3329/973/1 3325/974/1 3321/975/1 3365/976/1
f 1461/977/1 3085/978/1 2797/979/1 2795/980/1 2799/981/1 2801/982/1 2803/983/1 2837/984/1 2839/985/1 2843/986/1 2841/987/1 2835/988/1 2833/989/1 2875/990/1 2873/991/1 2867/992/1 2869/993/1 3113/994/1 3115/995/1 2871/996/1 2913/997/1 2908/998/1 2911/999/1 2881/1000/1 2853/1001/1 2851/1002/1 2847/1003/1 2845/1004/1 2849/1005/1 2805/1006/1 2811/1007/1 2807/1008/1 2809/1009/1 2815/1010/1 2813/1011/1 2817/1012/1 2821/1013/1 2823/1014/1 2819/1015/1 2831/1016/1
f 1467/1017/151 1466/1018/151 1465/927/151
f 1465/927/151 1468/1019/151 1467/1017/151
f 1471/1018/152 1470/1017/152 1469/1019/152
f 1469/1019/152 1472/927/152 1471/1018/152
f 1475/1020/149 1474/1021/149 1473/930/149
f 1473/930/149 1476/1022/149 1475/1020/149
f 1479/1021/150 1478/1020/150 1477/1022/150
f 1477/1022/150 1480/930/150 1479/1021/150
f 1481/1023/52 1482/1024/50 1483/1025/51
f 1483/1025/51 1484/1026/101 1481/1023/52
f 1485/1027/153 1481/1023/52 1484/1026/101
f 1484/1026/101 1486/1028/154 1485/1027/153
f 1487/1029/56 1485/1027/153 1486/1028/154
f 1486/1028/154 1488/1030/57 1487/1029/56
f 1489/1031/58 1487/1029/56 1488/1030/57
f 1488/1030/57 1490/1032/59 1489/1031/58
f 1491/1033/60 1489/1031/58 1490/1032/59
f 1490/1032/59 1492/1034/61 1491/1033/60
f 1493/1035/134 1491/1033/60 1492/1034/61
f 1492/1034/61 1494/1036/135 1493/1035/134
f 1495/1037/155 1493/1035/134 1494/1036/135
f 1494/1036/135 1496/1038/65 1495/1037/155
f 1497/1039/66 1495/1037/155 1496/1038/65
f 1496/1038/65 1498/1040/67 1497/1039/66
f 1499/1041/68 1497/1039/66 1498/1040/67
f 1498/1040/67 1500/1042/69 1499/1041/68
f 1501/1043/156 1499/1041/68 1500/1042/69
f 1500/1042/69 1502/1044/157 1501/1043/156
f 1503/1045/72 1501/1043/156 1502/1044/157
f 1502/1044/157 1504/1046/73 1503/1045/72
f 1505/1047/74 1503/1045/72 1504/1046/73
f 1504/1046/73 1506/1048/75 1505/1047/74
f 1507/1049/76 1505/1047/74 1506/1048/75
f 1506/1048/75 1508/1050/77 1507/1049/76
f 1509/1051/158 1507/1049/76 1508/1050/77
f 1508/1050/77 1510/1052/159 1509/1051/158
f 1511/1053/80 1509/1051/158 1510/1052/159
f 1510/1052/159 1512/1054/81 1511/1053/80
f 1513/1055/82 1511/1053/80 1512/1054/81
f 1512/1054/81 1514/1056/83 1513/1055/82
f 1515/1057/84 1513/1055/82 1514/1056/83
f 1514/1056/83 1516/1058/140 1515/1057/84
f 1517/1059/109 1515/1057/84 1516/1058/140
f 1516/1058/140 1518/1060/110 1517/1059/109
f 1519/1061/88 1517/1059/109 1518/1060/110
f 1518/1060/110 1520/1062/89 1519/1061/88
f 1521/1063/90 1519/1061/88 1520/1062/89
f 1520/1062/89 1522/1064/91 1521/1063/90
f 1523/1065/92 1521/1063/90 1522/1064/91
f 1522/1064/91 1524/1066/93 1523/1065/92
f 1525/1067/160 1523/1065/92 1524/1066/93
f 1524/1066/93 1526/1068/161 1525/1067/160
f 1527/1069/137 1525/1067/160 1526/1068/161
f 1526/1068/161 1528/1070/97 1527/1069/137
f 1529/1071/3 1527/1069/137 1528/1070/97
f 1528/1070/97 1530/1072/2 1529/1071/3
f 1531/1073/4 1529/1071/3 1530/1072/2
f 1530/1072/2 1532/1074/138 1531/1073/4
f 1533/1075/162 1531/1073/4 1532/1074/138
f 1532/1074/138 1534/1076/163 1533/1075/162
f 1535/1077/8 1533/1075/162 1534/1076/163
f 1534/1076/163 1536/1078/9 1535/1077/8
f 1537/1079/10 1535/1077/8 1536/1078/9
f 1536/1078/9 1538/1080/11 1537/1079/10
f 1539/1081/12 1537/1079/10 1538/1080/11
f 1538/1080/11 1540/1082/13 1539/1081/12
f 1541/1083/119 1539/1081/12 1540/1082/13
f 1540/1082/13 1542/1084/120 1541/1083/119
f 1543/1085/164 1541/1083/119 1542/1084/120
f 1542/1084/120 1544/1086/17 1543/1085/164
f 1545/1087/18 1543/1085/164 1544/1086/17
f 1544/1086/17 1546/1088/19 1545/1087/18
f 1547/1089/20 1545/1087/18 1546/1088/19
f 1546/1088/19 1548/1090/21 1547/1089/20
f 1549/1091/165 1547/1089/20 1548/1090/21
f 1548/1090/21 1550/1092/166 1549/1091/165
f 1551/1093/139 1549/1091/165 1550/1092/166
f 1550/1092/166 1552/1094/25 1551/1093/139
f 1553/1095/26 1551/1093/139 1552/1094/25
f 1552/1094/25 1554/1096/27 1553/1095/26
f 1555/1097/28 1553/1095/26 1554/1096/27
f 1554/1096/27 1556/1098/29 1555/1097/28
f 1557/1099/167 1555/1097/28 1556/1098/29
f 1556/1098/29 1558/1100/168 1557/1099/167
f 1559/1101/32 1557/1099/167 1558/1100/168
f 1558/1100/168 1560/1102/33 1559/1101/32
f 1561/1103/34 1559/1101/32 1560/1102/33
f 1560/1102/33 1562/1104/35 1561/1103/34
f 1563/1105/36 1561/1103/34 1562/1104/35
f 1562/1104/35 1564/1106/169 1563/1105/36
f 1565/1107/128 1563/1105/36 1564/1106/169
f 1564/1106/169 1566/1108/129 1565/1107/128
f 1567/1109/40 1565/1107/128 1566/1108/129
f 1566/1108/129 1568/1110/41 1567/1109/40
f 1569/1111/42 1567/1109/40 1568/1110/41
f 1568/1110/41 1570/1112/43 1569/1111/42
f 1571/1113/44 1569/1111/42 1570/1112/43
f 1570/1112/43 1572/1114/45 1571/1113/44
f 1573/1115/170 1571/1113/44 1572/1114/45
f 1572/1114/45 1574/1116/171 1573/1115/170
f 1575/1117/147 1573/1115/170 1574/1116/171
f 1574/1116/171 1576/1118/49 1575/1117/147
f 1482/1024/50 1575/1117/147 1576/1118/49
f 1576/1118/49 1483/1025/51 1482/1024/50
f 1579/1119/148 1578/1120/148 1577/1121/148
f 1579/1119/148 1577/1121/148 1580/1122/148
f 1579/1119/148 1580/1122/148 1581/1123/148
f 1579/1119/148 1581/1123/148 1582/1124/148
f 1579/1119/148 1582/1124/148 1583/1125/148
f 1579/1119/148 1583/1125/148 1584/1126/148
f 1579/1119/148 1584/1126/148 1585/1127/148
f 1579/1119/148 1585/1127/148 1586/1128/148
f 1579/1119/148 1586/1128/148 1587/1129/148
f 1579/1119/148 1587/1129/148 1588/1130/148
f 1579/1119/148 1588/1130/148 1589/1131/148
f 1579/1119/148 1589/1131/148 1590/1132/148
f 1579/1119/148 1590/1132/148 1591/1133/148
f 1579/1119/148 1591/1133/148 1592/1134/148
f 1579/1119/148 1592/1134/148 1593/1135/148
f 1579/1119/148 1593/1135/148 1594/1136/148
f 1579/1119/148 1594/1136/148 1595/1137/148
f 1579/1119/148 1595/1137/148 1596/1138/148
f 1579/1119/148 1596/1138/148 1597/1139/148
f 1579/1119/148 1597/1139/148 1598/1140/148
f 1579/1119/148 1598/1140/148 1599/1141/148
f 1579/1119/148 1599/1141/148 1600/1142/148
f 1579/1119/148 1600/1142/148 1601/1143/148
f 1579/1119/148 1601/1143/148 1602/1144/148
f 1579/1119/148 1602/1144/148 1603/1145/148
f 1579/1119/148 1603/1145/148 1604/1146/148
f 1579/1119/148 1604/1146/148 1605/1147/148
f 1579/1119/148 1605/1147/148 1606/1148/148
f 1579/1119/148 1606/1148/148 1607/1149/148
f 1579/1119/148 1607/1149/148 1608/1150/148
f 1579/1119/148 1608/1150/148 1609/1151/148
f 1579/1119/148 1609/1151/148 1610/1152/148
f 1579/1119/148 1610/1152/148 1611/1153/148
f 1579/1119/148 1611/1153/148 1612/1154/148
f 1579/1119/148 1612/1154/148 1613/1155/148
f 1579/1119/148 1613/1155/148 1614/1156/148
f 1579/1119/148 1614/1156/148 1615/1157/148
f 1579/1119/148 1615/1157/148 1616/1158/148
f 1579/1119/148 1616/1158/148 1617/1159/148
f 1579/1119/148 1617/1159/148 1618/1160/148
f 1579/1119/148 1618/1160/148 1619/1161/148
f 1579/1119/148 1619/1161/148 1620/1162/148
f 1579/1119/148 1620/1162/148 1621/1163/148
f 1579/1119/148 1621/1163/148 1622/1164/148
f 1579/1119/148 1622/1164/148 1623/1165/148
f 1579/1119/148 1623/1165/148 1624/1166/148
f 1579/1119/148 1624/1166/148 1625/1167/148
f 1579/1119/148 1625/1167/148 1578/1120/148
f 1626/1168/52 1627/1169/50 1628/1170/51
f 1628/1170/51 1629/1171/101 1626/1168/52
f 1630/1172/153 1626/1168/52 1629/1171/101
f 1629/1171/101 1631/1173/55 1630/1172/153
f 1632/1174/56 1630/1172/153 1631/1173/55
f 1631/1173/55 1633/1175/57 1632/1174/56
f 1634/1176/58 1632/1174/56 1633/1175/57
f 1633/1175/57 1635/1177/59 1634/1176/58
f 1636/1178/60 1634/1176/58 1635/1177/59
f 1635/1177/59 1637/1179/61 1636/1178/60
f 1638/1180/134 1636/1178/60 1637/1179/61
f 1637/1179/61 1639/1181/135 1638/1180/134
f 1640/1182/155 1638/1180/134 1639/1181/135
f 1639/1181/135 1641/1183/65 1640/1182/155
f 1642/1184/66 1640/1182/155 1641/1183/65
f 1641/1183/65 1643/1185/67 1642/1184/66
f 1644/1186/68 1642/1184/66 1643/1185/67
f 1643/1185/67 1645/1187/69 1644/1186/68
f 1646/1188/156 1644/1186/68 1645/1187/69
f 1645/1187/69 1647/1189/157 1646/1188/156
f 1648/1190/72 1646/1188/156 1647/1189/157
f 1647/1189/157 1649/1191/73 1648/1190/72
f 1650/1192/74 1648/1190/72 1649/1191/73
f 1649/1191/73 1651/1193/75 1650/1192/74
f 1652/1194/76 1650/1192/74 1651/1193/75
f 1651/1193/75 1653/1195/77 1652/1194/76
f 1654/1196/158 1652/1194/76 1653/1195/77
f 1653/1195/77 1655/1197/159 1654/1196/158
f 1656/1198/80 1654/1196/158 1655/1197/159
f 1655/1197/159 1657/1199/81 1656/1198/80
f 1658/1200/82 1656/1198/80 1657/1199/81
f 1657/1199/81 1659/1201/83 1658/1200/82
f 1660/1202/84 1658/1200/82 1659/1201/83
f 1659/1201/83 1661/1203/140 1660/1202/84
f 1662/1204/109 1660/1202/84 1661/1203/140
f 1661/1203/140 1663/1205/110 1662/1204/109
f 1664/1206/88 1662/1204/109 1663/1205/110
f 1663/1205/110 1665/1207/89 1664/1206/88
f 1666/1208/90 1664/1206/88 1665/1207/89
f 1665/1207/89 1667/1209/91 1666/1208/90
f 1668/1210/92 1666/1208/90 1667/1209/91
f 1667/1209/91 1669/1211/93 1668/1210/92
f 1670/1212/94 1668/1210/92 1669/1211/93
f 1669/1211/93 1671/1213/161 1670/1212/94
f 1672/1214/137 1670/1212/94 1671/1213/161
f 1671/1213/161 1673/1215/97 1672/1214/137
f 1674/1216/3 1672/1214/137 1673/1215/97
f 1673/1215/97 1675/1217/2 1674/1216/3
f 1676/1218/4 1674/1216/3 1675/1217/2
f 1675/1217/2 1677/1219/138 1676/1218/4
f 1678/1220/162 1676/1218/4 1677/1219/138
f 1677/1219/138 1679/1221/163 1678/1220/162
f 1680/1222/8 1678/1220/162 1679/1221/163
f 1679/1221/163 1681/1223/9 1680/1222/8
f 1682/1224/10 1680/1222/8 1681/1223/9
f 1681/1223/9 1683/1225/11 1682/1224/10
f 1684/1226/12 1682/1224/10 1683/1225/11
f 1683/1225/11 1685/1227/13 1684/1226/12
f 1686/1228/119 1684/1226/12 1685/1227/13
f 1685/1227/13 1687/1229/120 1686/1228/119
f 1688/1230/164 1686/1228/119 1687/1229/120
f 1687/1229/120 1689/1231/17 1688/1230/164
f 1690/1232/18 1688/1230/164 1689/1231/17
f 1689/1231/17 1691/1233/19 1690/1232/18
f 1692/1234/20 1690/1232/18 1691/1233/19
f 1691/1233/19 1693/1235/21 1692/1234/20
f 1694/1236/165 1692/1234/20 1693/1235/21
f 1693/1235/21 1695/1237/166 1694/1236/165
f 1696/1238/139 1694/1236/165 1695/1237/166
f 1695/1237/166 1697/1239/25 1696/1238/139
f 1698/1240/26 1696/1238/139 1697/1239/25
f 1697/1239/25 1699/1241/27 1698/1240/26
f 1700/1242/28 1698/1240/26 1699/1241/27
f 1699/1241/27 1701/1243/29 1700/1242/28
f 1702/1244/167 1700/1242/28 1701/1243/29
f 1701/1243/29 1703/1245/168 1702/1244/167
f 1704/1246/32 1702/1244/167 1703/1245/168
f 1703/1245/168 1705/1247/33 1704/1246/32
f 1706/1248/34 1704/1246/32 1705/1247/33
f 1705/1247/33 1707/1249/35 1706/1248/34
f 1708/1250/36 1706/1248/34 1707/1249/35
f 1707/1249/35 1709/1251/169 1708/1250/36
f 1710/1252/128 1708/1250/36 1709/1251/169
f 1709/1251/169 1711/1253/129 1710/1252/128
f 1712/1254/40 1710/1252/128 1711/1253/129
f 1711/1253/129 1713/1255/41 1712/1254/40
f 1714/1256/42 1712/1254/40 1713/1255/41
f 1713/1255/41 1715/1257/43 1714/1256/42
f 1716/1258/44 1714/1256/42 1715/1257/43
f 1715/1257/43 1717/1259/45 1716/1258/44
f 1718/1260/170 1716/1258/44 1717/1259/45
f 1717/1259/45 1719/1261/171 1718/1260/170
f 1720/1262/147 1718/1260/170 1719/1261/171
f 1719/1261/171 1721/1263/49 1720/1262/147
f 1627/1169/50 1720/1262/147 1721/1263/49
f 1721/1263/49 1628/1170/51 1627/1169/50
f 1724/1264/148 1723/1265/148 1722/1266/148
f 1724/1264/148 1722/1266/148 1725/1267/148
f 1724/1264/148 1725/1267/148 1726/1268/148
f 1724/1264/148 1726/1268/148 1727/1269/148
f 1724/1264/148 1727/1269/148 1728/1270/148
f 1724/1264/148 1728/1270/148 1729/1271/148
f 1724/1264/148 1729/1271/148 1730/1272/148
f 1724/1264/148 1730/1272/148 1731/1273/148
f 1724/1264/148 1731/1273/148 1732/1274/148
f 1724/1264/148 1732/1274/148 1733/1275/148
f 1724/1264/148 1733/1275/148 1734/1276/148
f 1724/1264/148 1734/1276/148 1735/1277/148
f 1724/1264/148 1735/1277/148 1736/1278/148
f 1724/1264/148 1736/1278/148 1737/1279/148
f 1724/1264/148 1737/1279/148 1738/1280/148
f 1724/1264/148 1738/1280/148 1739/1281/148
f 1724/1264/148 1739/1281/148 1740/1282/148
f 1724/1264/148 1740/1282/148 1741/1283/148
f 1724/1264/148 1741/1283/148 1742/1284/148
f 1724/1264/148 1742/1284/148 1743/1285/148
f 1724/1264/148 1743/1285/148 1744/1286/148
f 1724/1264/148 1744/1286/148 1745/1287/148
f 1724/1264/148 1745/1287/148 1746/1288/148
f 1724/1264/148 1746/1288/148 1747/1289/148
f 1724/1264/148 1747/1289/148 1748/1290/148
f 1724/1264/148 1748/1290/148 1749/1291/148
f 1724/1264/148 1749/1291/148 1750/1292/148
f 1724/1264/148 1750/1292/148 1751/1293/148
f 1724/1264/148 1751/1293/148 1752/1294/148
f 1724/1264/148 1752/1294/148 1753/1295/148
f 1724/1264/148 1753/1295/148 1754/1296/148
f 1724/1264/148 1754/1296/148 1755/1297/148
f 1724/1264/148 1755/1297/148 1756/1298/148
f 1724/1264/148 1756/1298/148 1757/1299/148
f 1724/1264/148 1757/1299/148 1758/1300/148
f 1724/1264/148 1758/1300/148 1759/1301/148
f 1724/1264/148 1759/1301/148 1760/1302/148
f 1724/1264/148 1760/1302/148 1761/1303/148
f 1724/1264/148 1761/1303/148 1762/1304/148
f 1724/1264/148 1762/1304/148 1763/1305/148
f 1724/1264/148 1763/1305/148 1764/1306/148
f 1724/1264/148 1764/1306/148 1765/1307/148
f 1724/1264/148 1765/1307/148 1766/1308/148
f 1724/1264/148 1766/1308/148 1767/1309/148
f 1724/1264/148 1767/1309/148 1768/1310/148
f 1724/1264/148 1768/1310/148 1769/1311/148
f 1724/1264/148 1769/1311/148 1770/1312/148
f 1724/1264/148 1770/1312/148 1723/1265/148
f 1771/1313/52 1772/1314/50 1773/1315/51
f 1773/1315/51 1774/1316/101 1771/1313/52
f 1775/1317/153 1771/1313/52 1774/1316/101
f 1774/1316/101 1776/1318/55 1775/1317/153
f 1777/1319/56 1775/1317/153 1776/1318/55
f 1776/1318/55 1778/1320/57 1777/1319/56
f 1779/1321/58 1777/1319/56 1778/1320/57
f 1778/1320/57 1780/1322/59 1779/1321/58
f 1781/1323/60 1779/1321/58 1780/1322/59
f 1780/1322/59 1782/1324/61 1781/1323/60
f 1783/1325/134 1781/1323/60 1782/1324/61
f 1782/1324/61 1784/1326/135 1783/1325/134
f 1785/1327/155 1783/1325/134 1784/1326/135
f 1784/1326/135 1786/1328/65 1785/1327/155
f 1787/1329/66 1785/1327/155 1786/1328/65
f 1786/1328/65 1788/1330/67 1787/1329/66
f 1789/1331/68 1787/1329/66 1788/1330/67
f 1788/1330/67 1790/1332/69 1789/1331/68
f 1791/1333/156 1789/1331/68 1790/1332/69
f 1790/1332/69 1792/1334/157 1791/1333/156
f 1793/1335/72 1791/1333/156 1792/1334/157
f 1792/1334/157 1794/1336/73 1793/1335/72
f 1795/1337/74 1793/1335/72 1794/1336/73
f 1794/1336/73 1796/1338/75 1795/1337/74
f 1797/1339/76 1795/1337/74 1796/1338/75
f 1796/1338/75 1798/1340/77 1797/1339/76
f 1799/1341/158 1797/1339/76 1798/1340/77
f 1798/1340/77 1800/1342/159 1799/1341/158
f 1801/1343/80 1799/1341/158 1800/1342/159
f 1800/1342/159 1802/1344/81 1801/1343/80
f 1803/1345/82 1801/1343/80 1802/1344/81
f 1802/1344/81 1804/1346/83 1803/1345/82
f 1805/1347/84 1803/1345/82 1804/1346/83
f 1804/1346/83 1806/1348/140 1805/1347/84
f 1807/1349/109 1805/1347/84 1806/1348/140
f 1806/1348/140 1808/1350/110 1807/1349/109
f 1809/1347/88 1807/1349/109 1808/1350/110
f 1808/1350/110 1810/1348/89 1809/1347/88
f 1811/1345/90 1809/1347/88 1810/1348/89
f 1810/1348/89 1812/1346/91 1811/1345/90
f 1813/1343/92 1811/1345/90 1812/1346/91
f 1812/1346/91 1814/1344/93 1813/1343/92
f 1815/1341/94 1813/1343/92 1814/1344/93
f 1814/1344/93 1816/1342/161 1815/1341/94
f 1817/1339/137 1815/1341/94 1816/1342/161
f 1816/1342/161 1818/1340/97 1817/1339/137
f 1819/1351/3 1817/1339/137 1818/1340/97
f 1818/1340/97 1820/1352/2 1819/1351/3
f 1821/1335/4 1819/1351/3 1820/1352/2
f 1820/1352/2 1822/1336/138 1821/1335/4
f 1823/1333/162 1821/1335/4 1822/1336/138
f 1822/1336/138 1824/1334/163 1823/1333/162
f 1825/1331/8 1823/1333/162 1824/1334/163
f 1824/1334/163 1826/1332/9 1825/1331/8
f 1827/1329/10 1825/1331/8 1826/1332/9
f 1826/1332/9 1828/1330/11 1827/1329/10
f 1829/1327/12 1827/1329/10 1828/1330/11
f 1828/1330/11 1830/1328/13 1829/1327/12
f 1831/1325/119 1829/1327/12 1830/1328/13
f 1830/1328/13 1832/1326/120 1831/1325/119
f 1833/1323/164 1831/1325/119 1832/1326/120
f 1832/1326/120 1834/1324/17 1833/1323/164
f 1835/1321/18 1833/1323/164 1834/1324/17
f 1834/1324/17 1836/1322/19 1835/1321/18
f 1837/1319/20 1835/1321/18 1836/1322/19
f 1836/1322/19 1838/1320/21 1837/1319/20
f 1839/1317/165 1837/1319/20 1838/1320/21
f 1838/1320/21 1840/1318/166 1839/1317/165
f 1841/1313/139 1839/1317/165 1840/1318/166
f 1840/1318/166 1842/1316/25 1841/1313/139
f 1843/1314/26 1841/1313/139 1842/1316/25
f 1842/1316/25 1844/1315/27 1843/1314/26
f 1845/1353/28 1843/1314/26 1844/1315/27
f 1844/1315/27 1846/1354/29 1845/1353/28
f 1847/1355/167 1845/1353/28 1846/1354/29
f 1846/1354/29 1848/1356/168 1847/1355/167
f 1849/1357/32 1847/1355/167 1848/1356/168
f 1848/1356/168 1850/1358/33 1849/1357/32
f 1851/1359/34 1849/1357/32 1850/1358/33
f 1850/1358/33 1852/1360/35 1851/1359/34
f 1853/1361/36 1851/1359/34 1852/1360/35
f 1852/1360/35 1854/1362/169 1853/1361/36
f 1855/1363/128 1853/1361/36 1854/1362/169
f 1854/1362/169 1856/1364/129 1855/1363/128
f 1857/1361/40 1855/1363/128 1856/1364/129
f 1856/1364/129 1858/1362/41 1857/1361/40
f 1859/1359/42 1857/1361/40 1858/1362/41
f 1858/1362/41 1860/1360/43 1859/1359/42
f 1861/1357/44 1859/1359/42 1860/1360/43
f 1860/1360/43 1862/1358/45 1861/1357/44
f 1863/1355/170 1861/1357/44 1862/1358/45
f 1862/1358/45 1864/1356/171 1863/1355/170
f 1865/1353/147 1863/1355/170 1864/1356/171
f 1864/1356/171 1866/1354/49 1865/1353/147
f 1772/1314/50 1865/1353/147 1866/1354/49
f 1866/1354/49 1773/1315/51 1772/1314/50
f 1869/1365/148 1868/1366/148 1867/1367/148
f 1869/1365/148 1867/1367/148 1870/1368/148
f 1869/1365/148 1870/1368/148 1871/1369/148
f 1869/1365/148 1871/1369/148 1872/1370/148
f 1869/1365/148 1872/1370/148 1873/1371/148
f 1869/1365/148 1873/1371/148 1874/1372/148
f 1869/1365/148 1874/1372/148 1875/1373/148
f 1869/1365/148 1875/1373/148 1876/1374/148
f 1869/1365/148 1876/1374/148 1877/1375/148
f 1869/1365/148 1877/1375/148 1878/1376/148
f 1869/1365/148 1878/1376/148 1879/1377/148
f 1869/1365/148 1879/1377/148 1880/1378/148
f 1869/1365/148 1880/1378/148 1881/1379/148
f 1869/1365/148 1881/1379/148 1882/1380/148
f 1869/1365/148 1882/1380/148 1883/1381/148
f 1869/1365/148 1883/1381/148 1884/1382/148
f 1869/1365/148 1884/1382/148 1885/1383/148
f 1869/1365/148 1885/1383/148 1886/1384/148
f 1869/1365/148 1886/1384/148 1887/1385/148
f 1869/1365/148 1887/1385/148 1888/1386/148
f 1869/1365/148 1888/1386/148 1889/1387/148
f 1869/1365/148 1889/1387/148 1890/1388/148
f 1869/1365/148 1890/1388/148 1891/1389/148
f 1869/1365/148 1891/1389/148 1892/1390/148
f 1869/1365/148 1892/1390/148 1893/1391/148
f 1869/1365/148 1893/1391/148 1894/1392/148
f 1869/1365/148 1894/1392/148 1895/1393/148
f 1869/1365/148 1895/1393/148 1896/1394/148
f 1869/1365/148 1896/1394/148 1897/1395/148
f 1869/1365/148 1897/1395/148 1898/1396/148
f 1869/1365/148 1898/1396/148 1899/1397/148
f 1869/1365/148 1899/1397/148 1900/1398/148
f 1869/1365/148 1900/1398/148 1901/1399/148
f 1869/1365/148 1901/1399/148 1902/1400/148
f 1869/1365/148 1902/1400/148 1903/1401/148
f 1869/1365/148 1903/1401/148 1904/1402/148
f 1869/1365/148 1904/1402/148 1905/1403/148
f 1869/1365/148 1905/1403/148 1906/1404/148
f 1869/1365/148 1906/1404/148 1907/1405/148
f 1869/1365/148 1907/1405/148 1908/1406/148
f 1869/1365/148 1908/1406/148 1909/1407/148
f 1869/1365/148 1909/1407/148 1910/1408/148
f 1869/1365/148 1910/1408/148 1911/1409/148
f 1869/1365/148 1911/1409/148 1912/1410/148
f 1869/1365/148 1912/1410/148 1913/1411/148
f 1869/1365/148 1913/1411/148 1914/1412/148
f 1869/1365/148 1914/1412/148 1915/1413/148
f 1869/1365/148 1915/1413/148 1868/1366/148
f 1916/1414/52 1917/1415/50 1918/1416/51
f 1918/1416/51 1919/1417/101 1916/1414/52
f 1920/1418/153 1916/1414/52 1919/1417/101
f 1919/1417/101 1921/1419/154 1920/1418/153
f 1922/1420/56 1920/1418/153 1921/1419/154
f 1921/1419/154 1923/1421/57 1922/1420/56
f 1924/1422/58 1922/1420/56 1923/1421/57
f 1923/1421/57 1925/1423/59 1924/1422/58
f 1926/1424/60 1924/1422/58 1925/1423/59
f 1925/1423/59 1927/1425/61 1926/1424/60
f 1928/1426/134 1926/1424/60 1927/1425/61
f 1927/1425/61 1929/1427/135 1928/1426/134
f 1930/1428/155 1928/1426/134 1929/1427/135
f 1929/1427/135 1931/1429/65 1930/1428/155
f 1932/1430/66 1930/1428/155 1931/1429/65
f 1931/1429/65 1933/1431/67 1932/1430/66
f 1934/1432/68 1932/1430/66 1933/1431/67
f 1933/1431/67 1935/1433/69 1934/1432/68
f 1936/1434/156 1934/1432/68 1935/1433/69
f 1935/1433/69 1937/1435/157 1936/1434/156
f 1938/1436/72 1936/1434/156 1937/1435/157
f 1937/1435/157 1939/1437/73 1938/1436/72
f 1940/1438/74 1938/1436/72 1939/1437/73
f 1939/1437/73 1941/1439/75 1940/1438/74
f 1942/1440/76 1940/1438/74 1941/1439/75
f 1941/1439/75 1943/1441/77 1942/1440/76
f 1944/1442/158 1942/1440/76 1943/1441/77
f 1943/1441/77 1945/1443/159 1944/1442/158
f 1946/1444/80 1944/1442/158 1945/1443/159
f 1945/1443/159 1947/1445/81 1946/1444/80
f 1948/1446/82 1946/1444/80 1947/1445/81
f 1947/1445/81 1949/1447/83 1948/1446/82
f 1950/1448/84 1948/1446/82 1949/1447/83
f 1949/1447/83 1951/1449/140 1950/1448/84
f 1952/1450/109 1950/1448/84 1951/1449/140
f 1951/1449/140 1953/1451/110 1952/1450/109
f 1954/1452/88 1952/1450/109 1953/1451/110
f 1953/1451/110 1955/1453/89 1954/1452/88
f 1956/1454/90 1954/1452/88 1955/1453/89
f 1955/1453/89 1957/1455/91 1956/1454/90
f 1958/1456/92 1956/1454/90 1957/1455/91
f 1957/1455/91 1959/1457/93 1958/1456/92
f 1960/1458/160 1958/1456/92 1959/1457/93
f 1959/1457/93 1961/1459/161 1960/1458/160
f 1962/1460/137 1960/1458/160 1961/1459/161
f 1961/1459/161 1963/1461/113 1962/1460/137
f 1964/1462/3 1962/1460/137 1963/1461/113
f 1963/1461/113 1965/1463/2 1964/1462/3
f 1966/1464/116 1964/1462/3 1965/1463/2
f 1965/1463/2 1967/1465/138 1966/1464/116
f 1968/1466/162 1966/1464/116 1967/1465/138
f 1967/1465/138 1969/1467/163 1968/1466/162
f 1970/1468/8 1968/1466/162 1969/1467/163
f 1969/1467/163 1971/1469/9 1970/1468/8
f 1972/1470/10 1970/1468/8 1971/1469/9
f 1971/1469/9 1973/1471/11 1972/1470/10
f 1974/1472/12 1972/1470/10 1973/1471/11
f 1973/1471/11 1975/1473/13 1974/1472/12
f 1976/1474/119 1974/1472/12 1975/1473/13
f 1975/1473/13 1977/1475/120 1976/1474/119
f 1978/1476/164 1976/1474/119 1977/1475/120
f 1977/1475/120 1979/1477/17 1978/1476/164
f 1980/1478/18 1978/1476/164 1979/1477/17
f 1979/1477/17 1981/1479/19 1980/1478/18
f 1982/1480/20 1980/1478/18 1981/1479/19
f 1981/1479/19 1983/1481/21 1982/1480/20
f 1984/1482/165 1982/1480/20 1983/1481/21
f 1983/1481/21 1985/1483/166 1984/1482/165
f 1986/1484/139 1984/1482/165 1985/1483/166
f 1985/1483/166 1987/1485/25 1986/1484/139
f 1988/1486/26 1986/1484/139 1987/1485/25
f 1987/1485/25 1989/1487/27 1988/1486/26
f 1990/1488/28 1988/1486/26 1989/1487/27
f 1989/1487/27 1991/1489/29 1990/1488/28
f 1992/1490/167 1990/1488/28 1991/1489/29
f 1991/1489/29 1993/1491/168 1992/1490/167
f 1994/1492/32 1992/1490/167 1993/1491/168
f 1993/1491/168 1995/1493/33 1994/1492/32
f 1996/1494/34 1994/1492/32 1995/1493/33
f 1995/1493/33 1997/1495/35 1996/1494/34
f 1998/1496/36 1996/1494/34 1997/1495/35
f 1997/1495/35 1999/1497/169 1998/1496/36
f 2000/1498/128 1998/1496/36 1999/1497/169
f 1999/1497/169 2001/1499/129 2000/1498/128
f 2002/1500/40 2000/1498/128 2001/1499/129
f 2001/1499/129 2003/1501/41 2002/1500/40
f 2004/1502/42 2002/1500/40 2003/1501/41
f 2003/1501/41 2005/1503/43 2004/1502/42
f 2006/1504/44 2004/1502/42 2005/1503/43
f 2005/1503/43 2007/1505/45 2006/1504/44
f 2008/1506/170 2006/1504/44 2007/1505/45
f 2007/1505/45 2009/1507/171 2008/1506/170
f 2010/1508/147 2008/1506/170 2009/1507/171
f 2009/1507/171 2011/1509/49 2010/1508/147
f 1917/1415/50 2010/1508/147 2011/1509/49
f 2011/1509/49 1918/1416/51 1917/1415/50
f 2014/1510/148 2013/1511/148 2012/1512/148
f 2014/1510/148 2012/1512/148 2015/1513/148
f 2014/1510/148 2015/1513/148 2016/1514/148
f 2014/1510/148 2016/1514/148 2017/1515/148
f 2014/1510/148 2017/1515/148 2018/1516/148
f 2014/1510/148 2018/1516/148 2019/1517/148
f 2014/1510/148 2019/1517/148 2020/1518/148
f 2014/1510/148 2020/1518/148 2021/1519/148
f 2014/1510/148 2021/1519/148 2022/1520/148
f 2014/1510/148 2022/1520/148 2023/1521/148
f 2014/1510/148 2023/1521/148 2024/1522/148
f 2014/1510/148 2024/1522/148 2025/1523/148
f 2014/1510/148 2025/1523/148 2026/1524/148
f 2014/1510/148 2026/1524/148 2027/1525/148
f 2014/1510/148 2027/1525/148 2028/1526/148
f 2014/1510/148 2028/1526/148 2029/1527/148
f 2014/1510/148 2029/1527/148 2030/1528/148
f 2014/1510/148 2030/1528/148 2031/1529/148
f 2014/1510/148 2031/1529/148 2032/1530/148
f 2014/1510/148 2032/1530/148 2033/1531/148
f 2014/1510/148 2033/1531/148 2034/1532/148
f 2014/1510/148 2034/1532/148 2035/1533/148
f 2014/1510/148 2035/1533/148 2036/1534/148
f 2014/1510/148 2036/1534/148 2037/1535/148
f 2014/1510/148 2037/1535/148 2038/1536/148
f 2014/1510/148 2038/1536/148 2039/1537/148
f 2014/1510/148 2039/1537/148 2040/1538/148
f 2014/1510/148 2040/1538/148 2041/1539/148
f 2014/1510/148 2041/1539/148 2042/1540/148
f 2014/1510/148 2042/1540/148 2043/1541/148
f 2014/1510/148 2043/1541/148 2044/1542/148
f 2014/1510/148 2044/1542/148 2045/1543/148
f 2014/1510/148 2045/1543/148 2046/1544/148
f 2014/1510/148 2046/1544/148 2047/1545/148
f 2014/1510/148 2047/1545/148 2048/1546/148
f 2014/1510/148 2048/1546/148 2049/1547/148
f 2014/1510/148 2049/1547/148 2050/1548/148
f 2014/1510/148 2050/1548/148 2051/1549/148
f 2014/1510/148 2051/1549/148 2052/1550/148
f 2014/1510/148 2052/1550/148 2053/1551/148
f 2014/1510/148 2053/1551/148 2054/1552/148
f 2014/1510/148 2054/1552/148 2055/1553/148
f 2014/1510/148 2055/1553/148 2056/1554/148
f 2014/1510/148 2056/1554/148 2057/1555/148
f 2014/1510/148 2057/1555/148 2058/1556/148
f 2014/1510/148 2058/1556/148 2059/1557/148
f 2014/1510/148 2059/1557/148 2060/1558/148
f 2014/1510/148 2060/1558/148 2013/1511/148
f 2061/1559/98 2062/1560/50 2063/1561/51
f 2063/1561/51 2064/1562/101 2061/1559/98
f 2065/1563/153 2061/1559/98 2064/1562/101
f 2064/1562/101 2066/1564/55 2065/1563/153
f 2067/1565/56 2065/1563/153 2066/1564/55
f 2066/1564/55 2068/1566/57 2067/1565/56
f 2069/1567/58 2067/1565/56 2068/1566/57
f 2068/1566/57 2070/1568/59 2069/1567/58
f 2071/1569/60 2069/1567/58 2070/1568/59
f 2070/1568/59 2072/1570/61 2071/1569/60
f 2073/1571/134 2071/1569/60 2072/1570/61
f 2072/1570/61 2074/1572/135 2073/1571/134
f 2075/1573/155 2073/1571/134 2074/1572/135
f 2074/1572/135 2076/1574/65 2075/1573/155
f 2077/1575/66 2075/1573/155 2076/1574/65
f 2076/1574/65 2078/1576/67 2077/1575/66
f 2079/1577/68 2077/1575/66 2078/1576/67
f 2078/1576/67 2080/1578/69 2079/1577/68
f 2081/1579/156 2079/1577/68 2080/1578/69
f 2080/1578/69 2082/1580/157 2081/1579/156
f 2083/1581/72 2081/1579/156 2082/1580/157
f 2082/1580/157 2084/1582/73 2083/1581/72
f 2085/1583/74 2083/1581/72 2084/1582/73
f 2084/1582/73 2086/1584/75 2085/1583/74
f 2087/1585/76 2085/1583/74 2086/1584/75
f 2086/1584/75 2088/1586/77 2087/1585/76
f 2089/1587/158 2087/1585/76 2088/1586/77
f 2088/1586/77 2090/1588/159 2089/1587/158
f 2091/1589/80 2089/1587/158 2090/1588/159
f 2090/1588/159 2092/1590/81 2091/1589/80
f 2093/1591/82 2091/1589/80 2092/1590/81
f 2092/1590/81 2094/1592/83 2093/1591/82
f 2095/1593/84 2093/1591/82 2094/1592/83
f 2094/1592/83 2096/1594/140 2095/1593/84
f 2097/1595/109 2095/1593/84 2096/1594/140
f 2096/1594/140 2098/1596/110 2097/1595/109
f 2099/1593/88 2097/1595/109 2098/1596/110
f 2098/1596/110 2100/1594/89 2099/1593/88
f 2101/1591/90 2099/1593/88 2100/1594/89
f 2100/1594/89 2102/1592/91 2101/1591/90
f 2103/1589/92 2101/1591/90 2102/1592/91
f 2102/1592/91 2104/1590/93 2103/1589/92
f 2105/1587/94 2103/1589/92 2104/1590/93
f 2104/1590/93 2106/1588/161 2105/1587/94
f 2107/1585/137 2105/1587/94 2106/1588/161
f 2106/1588/161 2108/1586/113 2107/1585/137
f 2109/1597/3 2107/1585/137 2108/1586/113
f 2108/1586/113 2110/1598/2 2109/1597/3
f 2111/1581/116 2109/1597/3 2110/1598/2
f 2110/1598/2 2112/1582/138 2111/1581/116
f 2113/1579/162 2111/1581/116 2112/1582/138
f 2112/1582/138 2114/1580/163 2113/1579/162
f 2115/1577/8 2113/1579/162 2114/1580/163
f 2114/1580/163 2116/1578/9 2115/1577/8
f 2117/1575/10 2115/1577/8 2116/1578/9
f 2116/1578/9 2118/1576/11 2117/1575/10
f 2119/1573/12 2117/1575/10 2118/1576/11
f 2118/1576/11 2120/1574/13 2119/1573/12
f 2121/1571/119 2119/1573/12 2120/1574/13
f 2120/1574/13 2122/1572/120 2121/1571/119
f 2123/1569/164 2121/1571/119 2122/1572/120
f 2122/1572/120 2124/1570/17 2123/1569/164
f 2125/1567/18 2123/1569/164 2124/1570/17
f 2124/1570/17 2126/1568/19 2125/1567/18
f 2127/1565/20 2125/1567/18 2126/1568/19
f 2126/1568/19 2128/1566/21 2127/1565/20
f 2129/1563/165 2127/1565/20 2128/1566/21
f 2128/1566/21 2130/1564/166 2129/1563/165
f 2131/1559/139 2129/1563/165 2130/1564/166
f 2130/1564/166 2132/1562/25 2131/1559/139
f 2133/1560/26 2131/1559/139 2132/1562/25
f 2132/1562/25 2134/1561/27 2133/1560/26
f 2135/1599/28 2133/1560/26 2134/1561/27
f 2134/1561/27 2136/1600/29 2135/1599/28
f 2137/1601/167 2135/1599/28 2136/1600/29
f 2136/1600/29 2138/1602/168 2137/1601/167
f 2139/1603/32 2137/1601/167 2138/1602/168
f 2138/1602/168 2140/1604/33 2139/1603/32
f 2141/1605/34 2139/1603/32 2140/1604/33
f 2140/1604/33 2142/1606/35 2141/1605/34
f 2143/1607/36 2141/1605/34 2142/1606/35
f 2142/1606/35 2144/1608/169 2143/1607/36
f 2145/1609/128 2143/1607/36 2144/1608/169
f 2144/1608/169 2146/1610/129 2145/1609/128
f 2147/1607/40 2145/1609/128 2146/1610/129
f 2146/1610/129 2148/1608/41 2147/1607/40
f 2149/1605/42 2147/1607/40 2148/1608/41
f 2148/1608/41 2150/1606/43 2149/1605/42
f 2151/1603/44 2149/1605/42 2150/1606/43
f 2150/1606/43 2152/1604/45 2151/1603/44
f 2153/1601/170 2151/1603/44 2152/1604/45
f 2152/1604/45 2154/1602/171 2153/1601/170
f 2155/1599/147 2153/1601/170 2154/1602/171
f 2154/1602/171 2156/1600/49 2155/1599/147
f 2062/1560/50 2155/1599/147 2156/1600/49
f 2156/1600/49 2063/1561/51 2062/1560/50
f 2159/1611/148 2158/1612/148 2157/1613/148
f 2159/1611/148 2157/1613/148 2160/1614/148
f 2159/1611/148 2160/1614/148 2161/1615/148
f 2159/1611/148 2161/1615/148 2162/1616/148
f 2159/1611/148 2162/1616/148 2163/1617/148
f 2159/1611/148 2163/1617/148 2164/1618/148
f 2159/1611/148 2164/1618/148 2165/1619/148
f 2159/1611/148 2165/1619/148 2166/1620/148
f 2159/1611/148 2166/1620/148 2167/1621/148
f 2159/1611/148 2167/1621/148 2168/1622/148
f 2159/1611/148 2168/1622/148 2169/1623/148
f 2159/1611/148 2169/1623/148 2170/1624/148
f 2159/1611/148 2170/1624/148 2171/1625/148
f 2159/1611/148 2171/1625/148 2172/1626/148
f 2159/1611/148 2172/1626/148 2173/1627/148
f 2159/1611/148 2173/1627/148 2174/1628/148
f 2159/1611/148 2174/1628/148 2175/1629/148
f 2159/1611/148 2175/1629/148 2176/1630/148
f 2159/1611/148 2176/1630/148 2177/1631/148
f 2159/1611/148 2177/1631/148 2178/1632/148
f 2159/1611/148 2178/1632/148 2179/1633/148
f 2159/1611/148 2179/1633/148 2180/1634/148
f 2159/1611/148 2180/1634/148 2181/1635/148
f 2159/1611/148 2181/1635/148 2182/1636/148
f 2159/1611/148 2182/1636/148 2183/1637/148
f 2159/1611/148 2183/1637/148 2184/1638/148
f 2159/1611/148 2184/1638/148 2185/1639/148
f 2159/1611/148 2185/1639/148 2186/1640/148
f 2159/1611/148 2186/1640/148 2187/1641/148
f 2159/1611/148 2187/1641/148 2188/1642/148
f 2159/1611/148 2188/1642/148 2189/1643/148
f 2159/1611/148 2189/1643/148 2190/1644/148
f 2159/1611/148 2190/1644/148 2191/1645/148
f 2159/1611/148 2191/1645/148 2192/1646/148
f 2159/1611/148 2192/1646/148 2193/1647/148
f 2159/1611/148 2193/1647/148 2194/1648/148
f 2159/1611/148 2194/1648/148 2195/1649/148
f 2159/1611/148 2195/1649/148 2196/1650/148
f 2159/1611/148 2196/1650/148 2197/1651/148
f 2159/1611/148 2197/1651/148 2198/1652/148
f 2159/1611/148 2198/1652/148 2199/1653/148
f 2159/1611/148 2199/1653/148 2200/1654/148
f 2159/1611/148 2200/1654/148 2201/1655/148
f 2159/1611/148 2201/1655/148 2202/1656/148
f 2159/1611/148 2202/1656/148 2203/1657/148
f 2159/1611/148 2203/1657/148 2204/1658/148
f 2159/1611/148 2204/1658/148 2205/1659/148
f 2159/1611/148 2205/1659/148 2158/1612/148
f 2206/1238/98 2207/1240/50 2208/1241/51
f 2208/1241/51 2209/1239/101 2206/1238/98
f 2210/1236/153 2206/1238/98 2209/1239/101
f 2209/1239/101 2211/1237/55 2210/1236/153
f 2212/1234/56 2210/1236/153 2211/1237/55
f 2211/1237/55 2213/1235/57 2212/1234/56
f 2214/1232/58 2212/1234/56 2213/1235/57
f 2213/1235/57 2215/1233/59 2214/1232/58
f 2216/1230/60 2214/1232/58 2215/1233/59
f 2215/1233/59 2217/1231/61 2216/1230/60
f 2218/1228/134 2216/1230/60 2217/1231/61
f 2217/1231/61 2219/1229/135 2218/1228/134
f 2220/1226/155 2218/1228/134 2219/1229/135
f 2219/1229/135 2221/1227/65 2220/1226/155
f 2222/1224/66 2220/1226/155 2221/1227/65
f 2221/1227/65 2223/1225/67 2222/1224/66
f 2224/1222/68 2222/1224/66 2223/1225/67
f 2223/1225/67 2225/1223/69 2224/1222/68
f 2226/1220/156 2224/1222/68 2225/1223/69
f 2225/1223/69 2227/1221/157 2226/1220/156
f 2228/1218/72 2226/1220/156 2227/1221/157
f 2227/1221/157 2229/1219/73 2228/1218/72
f 2230/1660/74 2228/1218/72 2229/1219/73
f 2229/1219/73 2231/1661/75 2230/1660/74
f 2232/1214/76 2230/1660/74 2231/1661/75
f 2231/1661/75 2233/1215/77 2232/1214/76
f 2234/1212/158 2232/1214/76 2233/1215/77
f 2233/1215/77 2235/1213/159 2234/1212/158
f 2236/1210/80 2234/1212/158 2235/1213/159
f 2235/1213/159 2237/1211/81 2236/1210/80
f 2238/1208/82 2236/1210/80 2237/1211/81
f 2237/1211/81 2239/1209/83 2238/1208/82
f 2240/1206/84 2238/1208/82 2239/1209/83
f 2239/1209/83 2241/1207/140 2240/1206/84
f 2242/1662/109 2240/1206/84 2241/1207/140
f 2241/1207/140 2243/1663/110 2242/1662/109
f 2244/1202/88 2242/1662/109 2243/1663/110
f 2243/1663/110 2245/1203/89 2244/1202/88
f 2246/1200/90 2244/1202/88 2245/1203/89
f 2245/1203/89 2247/1201/91 2246/1200/90
f 2248/1198/92 2246/1200/90 2247/1201/91
f 2247/1201/91 2249/1199/93 2248/1198/92
f 2250/1196/94 2248/1198/92 2249/1199/93
f 2249/1199/93 2251/1197/161 2250/1196/94
f 2252/1194/137 2250/1196/94 2251/1197/161
f 2251/1197/161 2253/1195/113 2252/1194/137
f 2254/1664/3 2252/1194/137 2253/1195/113
f 2253/1195/113 2255/1665/2 2254/1664/3
f 2256/1190/116 2254/1664/3 2255/1665/2
f 2255/1665/2 2257/1191/138 2256/1190/116
f 2258/1188/162 2256/1190/116 2257/1191/138
f 2257/1191/138 2259/1189/163 2258/1188/162
f 2260/1186/8 2258/1188/162 2259/1189/163
f 2259/1189/163 2261/1187/9 2260/1186/8
f 2262/1184/10 2260/1186/8 2261/1187/9
f 2261/1187/9 2263/1185/11 2262/1184/10
f 2264/1182/12 2262/1184/10 2263/1185/11
f 2263/1185/11 2265/1183/13 2264/1182/12
f 2266/1180/119 2264/1182/12 2265/1183/13
f 2265/1183/13 2267/1181/120 2266/1180/119
f 2268/1178/164 2266/1180/119 2267/1181/120
f 2267/1181/120 2269/1179/17 2268/1178/164
f 2270/1176/18 2268/1178/164 2269/1179/17
f 2269/1179/17 2271/1177/19 2270/1176/18
f 2272/1174/20 2270/1176/18 2271/1177/19
f 2271/1177/19 2273/1175/21 2272/1174/20
f 2274/1172/165 2272/1174/20 2273/1175/21
f 2273/1175/21 2275/1173/166 2274/1172/165
f 2276/1168/139 2274/1172/165 2275/1173/166
f 2275/1173/166 2277/1171/25 2276/1168/139
f 2278/1169/26 2276/1168/139 2277/1171/25
f 2277/1171/25 2279/1170/27 2278/1169/26
f 2280/1262/28 2278/1169/26 2279/1170/27
f 2279/1170/27 2281/1263/29 2280/1262/28
f 2282/1260/167 2280/1262/28 2281/1263/29
f 2281/1263/29 2283/1261/168 2282/1260/167
f 2284/1258/32 2282/1260/167 2283/1261/168
f 2283/1261/168 2285/1259/33 2284/1258/32
f 2286/1256/34 2284/1258/32 2285/1259/33
f 2285/1259/33 2287/1257/35 2286/1256/34
f 2288/1254/36 2286/1256/34 2287/1257/35
f 2287/1257/35 2289/1255/169 2288/1254/36
f 2290/1666/128 2288/1254/36 2289/1255/169
f 2289/1255/169 2291/1667/129 2290/1666/128
f 2292/1250/40 2290/1666/128 2291/1667/129
f 2291/1667/129 2293/1251/41 2292/1250/40
f 2294/1248/42 2292/1250/40 2293/1251/41
f 2293/1251/41 2295/1249/43 2294/1248/42
f 2296/1246/44 2294/1248/42 2295/1249/43
f 2295/1249/43 2297/1247/45 2296/1246/44
f 2298/1244/170 2296/1246/44 2297/1247/45
f 2297/1247/45 2299/1245/171 2298/1244/170
f 2300/1242/147 2298/1244/170 2299/1245/171
f 2299/1245/171 2301/1243/132 2300/1242/147
f 2207/1240/50 2300/1242/147 2301/1243/132
f 2301/1243/132 2208/1241/51 2207/1240/50
f 2304/1668/148 2303/1669/148 2302/1670/148
f 2304/1668/148 2302/1670/148 2305/1671/148
f 2304/1668/148 2305/1671/148 2306/1672/148
f 2304/1668/148 2306/1672/148 2307/1673/148
f 2304/1668/148 2307/1673/148 2308/1674/148
f 2304/1668/148 2308/1674/148 2309/1675/148
f 2304/1668/148 2309/1675/148 2310/1676/148
f 2304/1668/148 2310/1676/148 2311/1677/148
f 2304/1668/148 2311/1677/148 2312/1678/148
f 2304/1668/148 2312/1678/148 2313/1679/148
f 2304/1668/148 2313/1679/148 2314/1680/148
f 2304/1668/148 2314/1680/148 2315/1681/148
f 2304/1668/148 2315/1681/148 2316/1682/148
f 2304/1668/148 2316/1682/148 2317/1683/148
f 2304/1668/148 2317/1683/148 2318/1684/148
f 2304/1668/148 2318/1684/148 2319/1685/148
f 2304/1668/148 2319/1685/148 2320/1686/148
f 2304/1668/148 2320/1686/148 2321/1687/148
f 2304/1668/148 2321/1687/148 2322/1688/148
f 2304/1668/148 2322/1688/148 2323/1689/148
f 2304/1668/148 2323/1689/148 2324/1690/148
f 2304/1668/148 2324/1690/148 2325/1691/148
f 2304/1668/148 2325/1691/148 2326/1692/148
f 2304/1668/148 2326/1692/148 2327/1693/148
f 2304/1668/148 2327/1693/148 2328/1694/148
f 2304/1668/148 2328/1694/148 2329/1695/148
f 2304/1668/148 2329/1695/148 2330/1696/148
f 2304/1668/148 2330/1696/148 2331/1697/148
f 2304/1668/148 2331/1697/148 2332/1698/148
f 2304/1668/148 2332/1698/148 2333/1699/148
f 2304/1668/148 2333/1699/148 2334/1700/148
f 2304/1668/148 2334/1700/148 2335/1701/148
f 2304/1668/148 2335/1701/148 2336/1702/148
f 2304/1668/148 2336/1702/148 2337/1703/148
f 2304/1668/148 2337/1703/148 2338/1704/148
f 2304/1668/148 2338/1704/148 2339/1705/148
f 2304/1668/148 2339/1705/148 2340/1706/148
f 2304/1668/148 2340/1706/148 2341/1707/148
f 2304/1668/148 2341/1707/148 2342/1708/148
f 2304/1668/148 2342/1708/148 2343/1709/148
f 2304/1668/148 2343/1709/148 2344/1710/148
f 2304/1668/148 2344/1710/148 2345/1711/148
f 2304/1668/148 2345/1711/148 2346/1712/148
f 2304/1668/148 2346/1712/148 2347/1713/148
f 2304/1668/148 2347/1713/148 2348/1714/148
f 2304/1668/148 2348/1714/148 2349/1715/148
f 2304/1668/148 2349/1715/148 2350/1716/148
f 2304/1668/148 2350/1716/148 2303/1669/148
f 2351/1717/98 2352/1718/50 2353/1719/51
f 2353/1719/51 2354/1720/101 2351/1717/98
f 2355/1721/153 2351/1717/98 2354/1720/101
f 2354/1720/101 2356/1722/154 2355/1721/153
f 2357/1723/56 2355/1721/153 2356/1722/154
f 2356/1722/154 2358/1724/57 2357/1723/56
f 2359/1725/58 2357/1723/56 2358/1724/57
f 2358/1724/57 2360/1726/59 2359/1725/58
f 2361/1727/60 2359/1725/58 2360/1726/59
f 2360/1726/59 2362/1728/61 2361/1727/60
f 2363/1729/134 2361/1727/60 2362/1728/61
f 2362/1728/61 2364/1730/135 2363/1729/134
f 2365/1731/155 2363/1729/134 2364/1730/135
f 2364/1730/135 2366/1732/65 2365/1731/155
f 2367/1733/66 2365/1731/155 2366/1732/65
f 2366/1732/65 2368/1734/67 2367/1733/66
f 2369/1735/68 2367/1733/66 2368/1734/67
f 2368/1734/67 2370/1736/69 2369/1735/68
f 2371/1737/156 2369/1735/68 2370/1736/69
f 2370/1736/69 2372/1738/157 2371/1737/156
f 2373/1739/72 2371/1737/156 2372/1738/157
f 2372/1738/157 2374/1740/73 2373/1739/72
f 2375/1741/74 2373/1739/72 2374/1740/73
f 2374/1740/73 2376/1742/75 2375/1741/74
f 2377/1743/76 2375/1741/74 2376/1742/75
f 2376/1742/75 2378/1744/77 2377/1743/76
f 2379/1745/158 2377/1743/76 2378/1744/77
f 2378/1744/77 2380/1746/159 2379/1745/158
f 2381/1747/80 2379/1745/158 2380/1746/159
f 2380/1746/159 2382/1748/81 2381/1747/80
f 2383/1749/82 2381/1747/80 2382/1748/81
f 2382/1748/81 2384/1750/83 2383/1749/82
f 2385/1751/84 2383/1749/82 2384/1750/83
f 2384/1750/83 2386/1752/140 2385/1751/84
f 2387/1753/109 2385/1751/84 2386/1752/140
f 2386/1752/140 2388/1754/110 2387/1753/109
f 2389/1751/88 2387/1753/109 2388/1754/110
f 2388/1754/110 2390/1752/89 2389/1751/88
f 2391/1749/90 2389/1751/88 2390/1752/89
f 2390/1752/89 2392/1750/91 2391/1749/90
f 2393/1747/92 2391/1749/90 2392/1750/91
f 2392/1750/91 2394/1748/93 2393/1747/92
f 2395/1745/160 2393/1747/92 2394/1748/93
f 2394/1748/93 2396/1746/161 2395/1745/160
f 2397/1743/137 2395/1745/160 2396/1746/161
f 2396/1746/161 2398/1744/97 2397/1743/137
f 2399/1755/3 2397/1743/137 2398/1744/97
f 2398/1744/97 2400/1756/2 2399/1755/3
f 2401/1739/4 2399/1755/3 2400/1756/2
f 2400/1756/2 2402/1740/138 2401/1739/4
f 2403/1737/162 2401/1739/4 2402/1740/138
f 2402/1740/138 2404/1738/163 2403/1737/162
f 2405/1735/8 2403/1737/162 2404/1738/163
f 2404/1738/163 2406/1736/9 2405/1735/8
f 2407/1733/10 2405/1735/8 2406/1736/9
f 2406/1736/9 2408/1734/11 2407/1733/10
f 2409/1731/12 2407/1733/10 2408/1734/11
f 2408/1734/11 2410/1732/13 2409/1731/12
f 2411/1729/119 2409/1731/12 2410/1732/13
f 2410/1732/13 2412/1730/120 2411/1729/119
f 2413/1727/164 2411/1729/119 2412/1730/120
f 2412/1730/120 2414/1728/17 2413/1727/164
f 2415/1725/18 2413/1727/164 2414/1728/17
f 2414/1728/17 2416/1726/19 2415/1725/18
f 2417/1723/20 2415/1725/18 2416/1726/19
f 2416/1726/19 2418/1724/21 2417/1723/20
f 2419/1721/165 2417/1723/20 2418/1724/21
f 2418/1724/21 2420/1722/166 2419/1721/165
f 2421/1717/139 2419/1721/165 2420/1722/166
f 2420/1722/166 2422/1720/25 2421/1717/139
f 2423/1718/26 2421/1717/139 2422/1720/25
f 2422/1720/25 2424/1719/27 2423/1718/26
f 2425/1757/28 2423/1718/26 2424/1719/27
f 2424/1719/27 2426/1758/29 2425/1757/28
f 2427/1759/167 2425/1757/28 2426/1758/29
f 2426/1758/29 2428/1760/168 2427/1759/167
f 2429/1761/32 2427/1759/167 2428/1760/168
f 2428/1760/168 2430/1762/33 2429/1761/32
f 2431/1763/34 2429/1761/32 2430/1762/33
f 2430/1762/33 2432/1764/35 2431/1763/34
f 2433/1765/36 2431/1763/34 2432/1764/35
f 2432/1764/35 2434/1766/169 2433/1765/36
f 2435/1767/128 2433/1765/36 2434/1766/169
f 2434/1766/169 2436/1768/129 2435/1767/128
f 2437/1765/40 2435/1767/128 2436/1768/129
f 2436/1768/129 2438/1766/41 2437/1765/40
f 2439/1763/42 2437/1765/40 2438/1766/41
f 2438/1766/41 2440/1764/43 2439/1763/42
f 2441/1761/44 2439/1763/42 2440/1764/43
f 2440/1764/43 2442/1762/45 2441/1761/44
f 2443/1759/170 2441/1761/44 2442/1762/45
f 2442/1762/45 2444/1760/171 2443/1759/170
f 2445/1757/147 2443/1759/170 2444/1760/171
f 2444/1760/171 2446/1758/132 2445/1757/147
f 2352/1718/50 2445/1757/147 2446/1758/132
f 2446/1758/132 2353/1719/51 2352/1718/50
f 2449/1769/148 2448/1770/148 2447/1771/148
f 2449/1769/148 2447/1771/148 2450/1772/148
f 2449/1769/148 2450/1772/148 2451/1773/148
f 2449/1769/148 2451/1773/148 2452/1774/148
f 2449/1769/148 2452/1774/148 2453/1775/148
f 2449/1769/148 2453/1775/148 2454/1776/148
f 2449/1769/148 2454/1776/148 2455/1777/148
f 2449/1769/148 2455/1777/148 2456/1778/148
f 2449/1769/148 2456/1778/148 2457/1779/148
f 2449/1769/148 2457/1779/148 2458/1780/148
f 2449/1769/148 2458/1780/148 2459/1781/148
f 2449/1769/148 2459/1781/148 2460/1782/148
f 2449/1769/148 2460/1782/148 2461/1783/148
f 2449/1769/148 2461/1783/148 2462/1784/148
f 2449/1769/148 2462/1784/148 2463/1785/148
f 2449/1769/148 2463/1785/148 2464/1786/148
f 2449/1769/148 2464/1786/148 2465/1787/148
f 2449/1769/148 2465/1787/148 2466/1788/148
f 2449/1769/148 2466/1788/148 2467/1789/148
f 2449/1769/148 2467/1789/148 2468/1790/148
f 2449/1769/148 2468/1790/148 2469/1791/148
f 2449/1769/148 2469/1791/148 2470/1792/148
f 2449/1769/148 2470/1792/148 2471/1793/148
f 2449/1769/148 2471/1793/148 2472/1794/148
f 2449/1769/148 2472/1794/148 2473/1795/148
f 2449/1769/148 2473/1795/148 2474/1796/148
f 2449/1769/148 2474/1796/148 2475/1797/148
f 2449/1769/148 2475/1797/148 2476/1798/148
f 2449/1769/148 2476/1798/148 2477/1799/148
f 2449/1769/148 2477/1799/148 2478/1800/148
f 2449/1769/148 2478/1800/148 2479/1801/148
f 2449/1769/148 2479/1801/148 2480/1802/148
f 2449/1769/148 2480/1802/148 2481/1803/148
f 2449/1769/148 2481/1803/148 2482/1804/148
f 2449/1769/148 2482/1804/148 2483/1805/148
f 2449/1769/148 2483/1805/148 2484/1806/148
f 2449/1769/148 2484/1806/148 2485/1807/148
f 2449/1769/148 2485/1807/148 2486/1808/148
f 2449/1769/148 2486/1808/148 2487/1809/148
f 2449/1769/148 2487/1809/148 2488/1810/148
f 2449/1769/148 2488/1810/148 2489/1811/148
f 2449/1769/148 2489/1811/148 2490/1812/148
f 2449/1769/148 2490/1812/148 2491/1813/148
f 2449/1769/148 2491/1813/148 2492/1814/148
f 2449/1769/148 2492/1814/148 2493/1815/148
f 2449/1769/148 2493/1815/148 2494/1816/148
f 2449/1769/148 2494/1816/148 2495/1817/148
f 2449/1769/148 2495/1817/148 2448/1770/148
f 2496/1484/98 2497/1486/50 2498/1487/51
f 2498/1487/51 2499/1485/101 2496/1484/98
f 2500/1482/153 2496/1484/98 2499/1485/101
f 2499/1485/101 2501/1483/55 2500/1482/153
f 2502/1480/56 2500/1482/153 2501/1483/55
f 2501/1483/55 2503/1481/57 2502/1480/56
f 2504/1478/58 2502/1480/56 2503/1481/57
f 2503/1481/57 2505/1479/59 2504/1478/58
f 2506/1476/60 2504/1478/58 2505/1479/59
f 2505/1479/59 2507/1477/61 2506/1476/60
f 2508/1474/134 2506/1476/60 2507/1477/61
f 2507/1477/61 2509/1475/135 2508/1474/134
f 2510/1472/155 2508/1474/134 2509/1475/135
f 2509/1475/135 2511/1473/65 2510/1472/155
f 2512/1470/66 2510/1472/155 2511/1473/65
f 2511/1473/65 2513/1471/67 2512/1470/66
f 2514/1468/68 2512/1470/66 2513/1471/67
f 2513/1471/67 2515/1469/69 2514/1468/68
f 2516/1466/156 2514/1468/68 2515/1469/69
f 2515/1469/69 2517/1467/157 2516/1466/156
f 2518/1464/72 2516/1466/156 2517/1467/157
f 2517/1467/157 2519/1465/73 2518/1464/72
f 2520/1818/74 2518/1464/72 2519/1465/73
f 2519/1465/73 2521/1819/75 2520/1818/74
f 2522/1460/76 2520/1818/74 2521/1819/75
f 2521/1819/75 2523/1461/77 2522/1460/76
f 2524/1458/158 2522/1460/76 2523/1461/77
f 2523/1461/77 2525/1459/159 2524/1458/158
f 2526/1456/80 2524/1458/158 2525/1459/159
f 2525/1459/159 2527/1457/81 2526/1456/80
f 2528/1454/82 2526/1456/80 2527/1457/81
f 2527/1457/81 2529/1455/83 2528/1454/82
f 2530/1452/84 2528/1454/82 2529/1455/83
f 2529/1455/83 2531/1453/140 2530/1452/84
f 2532/1820/109 2530/1452/84 2531/1453/140
f 2531/1453/140 2533/1821/110 2532/1820/109
f 2534/1448/88 2532/1820/109 2533/1821/110
f 2533/1821/110 2535/1449/89 2534/1448/88
f 2536/1446/90 2534/1448/88 2535/1449/89
f 2535/1449/89 2537/1447/91 2536/1446/90
f 2538/1444/92 2536/1446/90 2537/1447/91
f 2537/1447/91 2539/1445/93 2538/1444/92
f 2540/1442/94 2538/1444/92 2539/1445/93
f 2539/1445/93 2541/1443/161 2540/1442/94
f 2542/1440/137 2540/1442/94 2541/1443/161
f 2541/1443/161 2543/1441/97 2542/1440/137
f 2544/1822/3 2542/1440/137 2543/1441/97
f 2543/1441/97 2545/1823/2 2544/1822/3
f 2546/1436/4 2544/1822/3 2545/1823/2
f 2545/1823/2 2547/1437/138 2546/1436/4
f 2548/1434/162 2546/1436/4 2547/1437/138
f 2547/1437/138 2549/1435/163 2548/1434/162
f 2550/1432/8 2548/1434/162 2549/1435/163
f 2549/1435/163 2551/1433/9 2550/1432/8
f 2552/1430/10 2550/1432/8 2551/1433/9
f 2551/1433/9 2553/1431/11 2552/1430/10
f 2554/1428/12 2552/1430/10 2553/1431/11
f 2553/1431/11 2555/1429/13 2554/1428/12
f 2556/1426/119 2554/1428/12 2555/1429/13
f 2555/1429/13 2557/1427/120 2556/1426/119
f 2558/1424/164 2556/1426/119 2557/1427/120
f 2557/1427/120 2559/1425/17 2558/1424/164
f 2560/1422/18 2558/1424/164 2559/1425/17
f 2559/1425/17 2561/1423/19 2560/1422/18
f 2562/1420/20 2560/1422/18 2561/1423/19
f 2561/1423/19 2563/1421/21 2562/1420/20
f 2564/1418/165 2562/1420/20 2563/1421/21
f 2563/1421/21 2565/1419/166 2564/1418/165
f 2566/1414/139 2564/1418/165 2565/1419/166
f 2565/1419/166 2567/1417/25 2566/1414/139
f 2568/1415/26 2566/1414/139 2567/1417/25
f 2567/1417/25 2569/1416/27 2568/1415/26
f 2570/1508/28 2568/1415/26 2569/1416/27
f 2569/1416/27 2571/1509/29 2570/1508/28
f 2572/1506/167 2570/1508/28 2571/1509/29
f 2571/1509/29 2573/1507/168 2572/1506/167
f 2574/1504/32 2572/1506/167 2573/1507/168
f 2573/1507/168 2575/1505/33 2574/1504/32
f 2576/1502/34 2574/1504/32 2575/1505/33
f 2575/1505/33 2577/1503/35 2576/1502/34
f 2578/1500/36 2576/1502/34 2577/1503/35
f 2577/1503/35 2579/1501/169 2578/1500/36
f 2580/1824/128 2578/1500/36 2579/1501/169
f 2579/1501/169 2581/1825/129 2580/1824/128
f 2582/1496/40 2580/1824/128 2581/1825/129
f 2581/1825/129 2583/1497/41 2582/1496/40
f 2584/1494/42 2582/1496/40 2583/1497/41
f 2583/1497/41 2585/1495/43 2584/1494/42
f 2586/1492/44 2584/1494/42 2585/1495/43
f 2585/1495/43 2587/1493/45 2586/1492/44
f 2588/1490/170 2586/1492/44 2587/1493/45
f 2587/1493/45 2589/1491/171 2588/1490/170
f 2590/1488/147 2588/1490/170 2589/1491/171
f 2589/1491/171 2591/1489/132 2590/1488/147
f 2497/1486/50 2590/1488/147 2591/1489/132
f 2591/1489/132 2498/1487/51 2497/1486/50
f 2594/1826/148 2593/1827/148 2592/1828/148
f 2594/1826/148 2592/1828/148 2595/1829/148
f 2594/1826/148 2595/1829/148 2596/1830/148
f 2594/1826/148 2596/1830/148 2597/1831/148
f 2594/1826/148 2597/1831/148 2598/1832/148
f 2594/1826/148 2598/1832/148 2599/1833/148
f 2594/1826/148 2599/1833/148 2600/1834/148
f 2594/1826/148 2600/1834/148 2601/1835/148
f 2594/1826/148 2601/1835/148 2602/1836/148
f 2594/1826/148 2602/1836/148 2603/1837/148
f 2594/1826/148 2603/1837/148 2604/1838/148
f 2594/1826/148 2604/1838/148 2605/1839/148
f 2594/1826/148 2605/1839/148 2606/1840/148
f 2594/1826/148 2606/1840/148 2607/1841/148
f 2594/1826/148 2607/1841/148 2608/1842/148
f 2594/1826/148 2608/1842/148 2609/1843/148
f 2594/1826/148 2609/1843/148 2610/1844/148
f 2594/1826/148 2610/1844/148 2611/1845/148
f 2594/1826/148 2611/1845/148 2612/1846/148
f 2594/1826/148 2612/1846/148 2613/1847/148
f 2594/1826/148 2613/1847/148 2614/1848/148
f 2594/1826/148 2614/1848/148 2615/1849/148
f 2594/1826/148 2615/1849/148 2616/1850/148
f 2594/1826/148 2616/1850/148 2617/1851/148
f 2594/1826/148 2617/1851/148 2618/1852/148
f 2594/1826/148 2618/1852/148 2619/1853/148
f 2594/1826/148 2619/1853/148 2620/1854/148
f 2594/1826/148 2620/1854/148 2621/1855/148
f 2594/1826/148 2621/1855/148 2622/1856/148
f 2594/1826/148 2622/1856/148 2623/1857/148
f 2594/1826/148 2623/1857/148 2624/1858/148
f 2594/1826/148 2624/1858/148 2625/1859/148
f 2594/1826/148 2625/1859/148 2626/1860/148
f 2594/1826/148 2626/1860/148 2627/1861/148
f 2594/1826/148 2627/1861/148 2628/1862/148
f 2594/1826/148 2628/1862/148 2629/1863/148
f 2594/1826/148 2629/1863/148 2630/1864/148
f 2594/1826/148 2630/1864/148 2631/1865/148
f 2594/1826/148 2631/1865/148 2632/1866/148
f 2594/1826/148 2632/1866/148 2633/1867/148
f 2594/1826/148 2633/1867/148 2634/1868/148
f 2594/1826/148 2634/1868/148 2635/1869/148
f 2594/1826/148 2635/1869/148 2636/1870/148
f 2594/1826/148 2636/1870/148 2637/1871/148
f 2594/1826/148 2637/1871/148 2638/1872/148
f 2594/1826/148 2638/1872/148 2639/1873/148
f 2594/1826/148 2639/1873/148 2640/1874/148
f 2594/1826/148 2640/1874/148 2593/1827/148
f 2641/1093/98 2642/1095/50 2643/1096/51
f 2643/1096/51 2644/1094/101 2641/1093/98
f 2645/1091/153 2641/1093/98 2644/1094/101
f 2644/1094/101 2646/1092/55 2645/1091/153
f 2647/1089/56 2645/1091/153 2646/1092/55
f 2646/1092/55 2648/1090/57 2647/1089/56
f 2649/1087/58 2647/1089/56 2648/1090/57
f 2648/1090/57 2650/1088/59 2649/1087/58
f 2651/1085/60 2649/1087/58 2650/1088/59
f 2650/1088/59 2652/1086/61 2651/1085/60
f 2653/1083/134 2651/1085/60 2652/1086/61
f 2652/1086/61 2654/1084/135 2653/1083/134
f 2655/1081/155 2653/1083/134 2654/1084/135
f 2654/1084/135 2656/1082/65 2655/1081/155
f 2657/1079/66 2655/1081/155 2656/1082/65
f 2656/1082/65 2658/1080/67 2657/1079/66
f 2659/1077/68 2657/1079/66 2658/1080/67
f 2658/1080/67 2660/1078/69 2659/1077/68
f 2661/1075/156 2659/1077/68 2660/1078/69
f 2660/1078/69 2662/1076/157 2661/1075/156
f 2663/1073/72 2661/1075/156 2662/1076/157
f 2662/1076/157 2664/1074/73 2663/1073/72
f 2665/1875/74 2663/1073/72 2664/1074/73
f 2664/1074/73 2666/1876/75 2665/1875/74
f 2667/1069/76 2665/1875/74 2666/1876/75
f 2666/1876/75 2668/1070/77 2667/1069/76
f 2669/1067/158 2667/1069/76 2668/1070/77
f 2668/1070/77 2670/1068/159 2669/1067/158
f 2671/1065/80 2669/1067/158 2670/1068/159
f 2670/1068/159 2672/1066/81 2671/1065/80
f 2673/1063/82 2671/1065/80 2672/1066/81
f 2672/1066/81 2674/1064/83 2673/1063/82
f 2675/1061/84 2673/1063/82 2674/1064/83
f 2674/1064/83 2676/1062/140 2675/1061/84
f 2677/1877/109 2675/1061/84 2676/1062/140
f 2676/1062/140 2678/1878/110 2677/1877/109
f 2679/1057/88 2677/1877/109 2678/1878/110
f 2678/1878/110 2680/1058/89 2679/1057/88
f 2681/1055/90 2679/1057/88 2680/1058/89
f 2680/1058/89 2682/1056/91 2681/1055/90
f 2683/1053/92 2681/1055/90 2682/1056/91
f 2682/1056/91 2684/1054/93 2683/1053/92
f 2685/1051/94 2683/1053/92 2684/1054/93
f 2684/1054/93 2686/1052/161 2685/1051/94
f 2687/1049/137 2685/1051/94 2686/1052/161
f 2686/1052/161 2688/1050/97 2687/1049/137
f 2689/1879/3 2687/1049/137 2688/1050/97
f 2688/1050/97 2690/1880/2 2689/1879/3
f 2691/1045/4 2689/1879/3 2690/1880/2
f 2690/1880/2 2692/1046/138 2691/1045/4
f 2693/1043/162 2691/1045/4 2692/1046/138
f 2692/1046/138 2694/1044/163 2693/1043/162
f 2695/1041/8 2693/1043/162 2694/1044/163
f 2694/1044/163 2696/1042/9 2695/1041/8
f 2697/1039/10 2695/1041/8 2696/1042/9
f 2696/1042/9 2698/1040/11 2697/1039/10
f 2699/1037/12 2697/1039/10 2698/1040/11
f 2698/1040/11 2700/1038/13 2699/1037/12
f 2701/1035/119 2699/1037/12 2700/1038/13
f 2700/1038/13 2702/1036/120 2701/1035/119
f 2703/1033/164 2701/1035/119 2702/1036/120
f 2702/1036/120 2704/1034/17 2703/1033/164
f 2705/1031/18 2703/1033/164 2704/1034/17
f 2704/1034/17 2706/1032/19 2705/1031/18
f 2707/1029/20 2705/1031/18 2706/1032/19
f 2706/1032/19 2708/1030/21 2707/1029/20
f 2709/1027/165 2707/1029/20 2708/1030/21
f 2708/1030/21 2710/1028/166 2709/1027/165
f 2711/1023/139 2709/1027/165 2710/1028/166
f 2710/1028/166 2712/1026/25 2711/1023/139
f 2713/1024/26 2711/1023/139 2712/1026/25
f 2712/1026/25 2714/1025/27 2713/1024/26
f 2715/1117/28 2713/1024/26 2714/1025/27
f 2714/1025/27 2716/1118/29 2715/1117/28
f 2717/1115/167 2715/1117/28 2716/1118/29
f 2716/1118/29 2718/1116/168 2717/1115/167
f 2719/1113/32 2717/1115/167 2718/1116/168
f 2718/1116/168 2720/1114/33 2719/1113/32
f 2721/1111/34 2719/1113/32 2720/1114/33
f 2720/1114/33 2722/1112/35 2721/1111/34
f 2723/1109/36 2721/1111/34 2722/1112/35
f 2722/1112/35 2724/1110/169 2723/1109/36
f 2725/1881/128 2723/1109/36 2724/1110/169
f 2724/1110/169 2726/1882/129 2725/1881/128
f 2727/1105/40 2725/1881/128 2726/1882/129
f 2726/1882/129 2728/1106/41 2727/1105/40
f 2729/1103/42 2727/1105/40 2728/1106/41
f 2728/1106/41 2730/1104/43 2729/1103/42
f 2731/1101/44 2729/1103/42 2730/1104/43
f 2730/1104/43 2732/1102/45 2731/1101/44
f 2733/1099/170 2731/1101/44 2732/1102/45
f 2732/1102/45 2734/1100/171 2733/1099/170
f 2735/1097/147 2733/1099/170 2734/1100/171
f 2734/1100/171 2736/1098/132 2735/1097/147
f 2642/1095/50 2735/1097/147 2736/1098/132
f 2736/1098/132 2643/1096/51 2642/1095/50
f 2739/1883/148 2738/1884/148 2737/1885/148
f 2739/1883/148 2737/1885/148 2740/1886/148
f 2739/1883/148 2740/1886/148 2741/1887/148
f 2739/1883/148 2741/1887/148 2742/1888/148
f 2739/1883/148 2742/1888/148 2743/1889/148
f 2739/1883/148 2743/1889/148 2744/1890/148
f 2739/1883/148 2744/1890/148 2745/1891/148
f 2739/1883/148 2745/1891/148 2746/1892/148
f 2739/1883/148 2746/1892/148 2747/1893/148
f 2739/1883/148 2747/1893/148 2748/1894/148
f 2739/1883/148 2748/1894/148 2749/1895/148
f 2739/1883/148 2749/1895/148 2750/1896/148
f 2739/1883/148 2750/1896/148 2751/1897/148
f 2739/1883/148 2751/1897/148 2752/1898/148
f 2739/1883/148 2752/1898/148 2753/1899/148
f 2739/1883/148 2753/1899/148 2754/1900/148
f 2739/1883/148 2754/1900/148 2755/1901/148
f 2739/1883/148 2755/1901/148 2756/1902/148
f 2739/1883/148 2756/1902/148 2757/1903/148
f 2739/1883/148 2757/1903/148 2758/1904/148
f 2739/1883/148 2758/1904/148 2759/1905/148
f 2739/1883/148 2759/1905/148 2760/1906/148
f 2739/1883/148 2760/1906/148 2761/1907/148
f 2739/1883/148 2761/1907/148 2762/1908/148
f 2739/1883/148 2762/1908/148 2763/1909/148
f 2739/1883/148 2763/1909/148 2764/1910/148
f 2739/1883/148 2764/1910/148 2765/1911/148
f 2739/1883/148 2765/1911/148 2766/1912/148
f 2739/1883/148 2766/1912/148 2767/1913/148
f 2739/1883/148 2767/1913/148 2768/1914/148
f 2739/1883/148 2768/1914/148 2769/1915/148
f 2739/1883/148 2769/1915/148 2770/1916/148
f 2739/1883/148 2770/1916/148 2771/1917/148
f 2739/1883/148 2771/1917/148 2772/1918/148
f 2739/1883/148 2772/1918/148 2773/1919/148
f 2739/1883/148 2773/1919/148 2774/1920/148
f 2739/1883/148 2774/1920/148 2775/1921/148
f 2739/1883/148 2775/1921/148 2776/1922/148
f 2739/1883/148 2776/1922/148 2777/1923/148
f 2739/1883/148 2777/1923/148 2778/1924/148
f 2739/1883/148 2778/1924/148 2779/1925/148
f 2739/1883/148 2779/1925/148 2780/1926/148
f 2739/1883/148 2780/1926/148 2781/1927/148
f 2739/1883/148 2781/1927/148 2782/1928/148
f 2739/1883/148 2782/1928/148 2783/1929/148
f 2739/1883/148 2783/1929/148 2784/1930/148
f 2739/1883/148 2784/1930/148 2785/1931/148
f 2739/1883/148 2785/1931/148 2738/1884/148
f 2788/1932/1 2787/1933/1 2786/1934/1
f 2786/1934/1 2789/1935/1 2788/1932/1
f 2792/1936/1 2791/1937/1 2790/1938/1
f 2790/1938/1 2793/1939/1 2792/1936/1
f 2791/1937/1 2788/1932/1 2789/1935/1
f 2789/1935/1 2790/1938/1 2791/1937/1
f 2787/1933/1 2792/1936/1 2793/1939/1
f 2793/1939/1 2786/1934/1 2787/1933/1
f 3373/1940/172 3372/1941/172 3342/1942/172 3343/1943/172
f 3372/1941/172 48/1944/172 47/1945/172 3342/1942/172
f 2927/1946/173 2926/1947/173 2886/1948/173 2887/1949/173
f 2926/1947/173 236/1950/173 235/1951/173 2886/1948/173
f 3143/1952/174 3142/1953/174 3137/1954/174 3138/1955/174
f 3142/1953/174 150/1956/174 149/1957/174 3137/1954/174
f 2837/1958/175 2836/1959/175 2838/1960/175 2839/1961/175
f 2836/1959/175 99/1962/175 98/1963/175 2838/1960/175
f 3353/1955/176 3352/1954/176 3350/1964/176 3351/1965/176
f 3352/1954/176 53/1957/176 52/1966/176 3350/1964/176
f 3301/1949/177 3300/1948/177 3266/1967/177 3267/1968/177
f 3300/1948/177 11/1951/177 10/1969/177 3266/1967/177
f 3250/1970/178 3249/1971/178 3253/1972/178 3246/1973/178 3247/1974/178 3248/1975/178
f 3249/1971/178 70/1976/178 69/1977/178 3246/1973/178 3253/1972/178
f 3079/1978/179 3078/1979/179 3080/1980/179 3081/1981/179
f 3078/1979/179 287/1982/179 286/1983/179 3080/1980/179
f 3093/1943/180 3092/1942/180 3094/1984/180 3095/1985/180
f 3092/1942/180 111/1945/180 110/1986/180 3094/1984/180
f 3227/1987/181 3226/1988/181 3228/1971/181 3229/1970/181
f 3226/1988/181 7/1989/181 6/1976/181 3228/1971/181
f 3367/1940/172 3366/1941/172 3336/1942/172 3337/1943/172
f 3366/1941/172 16/1944/172 15/1945/172 3336/1942/172
f 3029/1943/180 3028/1942/180 3030/1984/180 3031/1985/180
f 3028/1942/180 271/1945/180 270/1986/180 3030/1984/180
f 2999/1990/182 2998/1991/182 2964/1992/182 2965/1993/182
f 2998/1991/182 248/1994/182 247/1995/182 2964/1992/182
f 3335/1985/183 3334/1984/183 3330/1996/183 3331/1997/183
f 3334/1984/183 14/1986/183 13/1998/183 3330/1996/183
f 3103/1999/184 3102/2000/184 3192/2001/184 3193/2002/184
f 3102/2000/184 114/2003/184 113/2004/184 3192/2001/184
f 3339/2005/185 3338/2006/185 3370/2000/185 3371/1999/185
f 3338/2006/185 19/2007/185 18/2003/185 3370/2000/185
f 2971/2008/186 2970/2009/186 2960/2010/186 2961/2011/186
f 2970/2009/186 252/2012/186 251/2013/186 2960/2010/186
f 3237/1970/178 3236/1971/178 3238/1973/178 3239/1974/178
f 3236/1971/178 38/1976/178 37/1977/178 3238/1973/178
f 3119/1949/177 3118/1948/177 3116/1967/177 3117/1968/177
f 3118/1948/177 139/1951/177 138/1969/177 3116/1967/177
f 2877/1952/174 2876/1953/174 2879/1954/174 2880/1955/174
f 2876/1953/174 214/1956/174 213/1957/174 2879/1954/174
f 2851/2005/185 2850/2006/185 2846/2000/185 2847/1999/185
f 2850/2006/185 211/2007/185 210/2003/185 2846/2000/185
f 2845/2002/187 2844/2001/187 2848/1941/187 2849/1940/187
f 2844/2001/187 209/2004/187 208/1944/187 2848/1941/187
f 3121/1946/173 3120/1947/173 3118/1948/173 3119/1949/173
f 3120/1947/173 140/1950/173 139/1951/173 3118/1948/173
f 3165/1997/188 3164/1996/188 3178/1947/188 3179/1946/188
f 3164/1996/188 173/1998/188 172/1950/188 3178/1947/188
f 3183/1940/172 3182/1941/172 3176/1942/172 3177/1943/172
f 3182/1941/172 176/1944/172 175/1945/172 3176/1942/172
f 2921/1943/180 2920/1942/180 2922/1984/180 2923/1985/180
f 2920/1942/180 239/1945/180 238/1986/180 2922/1984/180
f 3231/2014/189 3230/2015/189 3186/1959/189 3187/1958/189
f 3230/2015/189 4/2016/189 3/1962/189 3186/1959/189
f 3003/2017/190 3002/2018/190 3004/2019/190 3005/2020/190
f 3002/2018/190 250/2021/190 249/2022/190 3004/2019/190
f 2919/1940/172 2918/1941/172 2920/1942/172 2921/1943/172
f 2918/1941/172 240/1944/172 239/1945/172 2920/1942/172
f 2893/2020/191 2892/2019/191 2888/1991/191 2889/1990/191
f 2892/2019/191 217/2022/191 216/1994/191 2888/1991/191
f 2861/1961/192 2860/1960/192 2862/2023/192 2863/2024/192
f 2860/1960/192 194/1963/192 193/2025/192 2862/2023/192
f 3337/1943/180 3336/1942/180 3334/1984/180 3335/1985/180
f 3336/1942/180 15/1945/180 14/1986/180 3334/1984/180
f 2931/1974/193 2930/1973/193 2932/2015/193 2933/2014/193
f 2930/1973/193 229/1977/193 228/2016/193 2932/2015/193
f 3371/1999/184 3370/2000/184 3368/2001/184 3369/2002/184
f 3370/2000/184 18/2003/184 17/2004/184 3368/2001/184
f 2891/2026/194 2890/2027/194 2898/2028/194 2899/2029/194
f 2890/2027/194 233/2030/194 232/2031/194 2898/2028/194
f 2905/2014/189 2904/2015/189 2916/1959/189 2917/1958/189
f 2904/2015/189 132/2016/189 131/1962/189 2916/1959/189
f 3309/1949/177 3308/1948/177 3278/1967/177 3279/1968/177
f 3308/1948/177 43/1951/177 42/1969/177 3278/1967/177
f 3215/1961/192 3214/1960/192 3216/2023/192 3217/2024/192
f 3214/1960/192 66/1963/192 65/2025/192 3216/2023/192
f 3305/1993/195 3304/1992/195 3306/1953/195 3307/1952/195
f 3304/1992/195 23/1995/195 22/1956/195 3306/1953/195
f 3287/2020/191 3286/2019/191 3288/1991/191 3289/1990/191
f 3286/2019/191 57/2022/191 56/1994/191 3288/1991/191
f 3091/1997/188 3090/1996/188 3088/1947/188 3089/1946/188
f 3090/1996/188 109/1998/188 108/1950/188 3088/1947/188
f 2853/1965/196 2852/1964/196 2850/2006/196 2851/2005/196
f 2852/1964/196 212/1966/196 211/2007/196 2850/2006/196
f 3381/2002/187 3380/2001/187 3378/1941/187 3379/1940/187
f 3380/2001/187 81/2004/187 80/1944/187 3378/1941/187
f 2887/1949/177 2886/1948/177 2884/1967/177 2885/1968/177
f 2886/1948/177 235/1951/177 234/1969/177 2884/1967/177
f 2925/1997/188 2924/1996/188 2926/1947/188 2927/1946/188
f 2924/1996/188 237/1998/188 236/1950/188 2926/1947/188
f 2965/1993/195 2964/1992/195 2966/1953/195 2967/1952/195
f 2964/1992/195 247/1995/195 246/1956/195 2966/1953/195
f 3265/2029/197 3264/2028/197 3226/1988/197 3227/1987/197
f 3264/2028/197 8/2031/197 7/1989/197 3226/1988/197
f 3005/2020/191 3004/2019/191 2998/1991/191 2999/1990/191
f 3004/2019/191 249/2022/191 248/1994/191 2998/1991/191
f 2857/1981/198 2856/1980/198 2854/2032/198 2855/2033/198
f 2856/1980/198 222/1983/198 221/2034/198 2854/2032/198
f 3235/2008/186 3234/2009/186 3268/2010/186 3269/2011/186
f 3234/2009/186 28/2012/186 27/2013/186 3268/2010/186
f 3013/2014/189 3012/2015/189 3014/1959/189 3015/1958/189
f 3012/2015/189 164/2016/189 163/1962/189 3014/1959/189
f 2889/1990/182 2888/1991/182 2882/1992/182 2883/1993/182
f 2888/1991/182 216/1994/182 215/1995/182 2882/1992/182
f 3113/2020/191 3112/2019/191 3110/1991/191 3111/1990/191
f 3112/2019/191 121/2022/191 120/1994/191 3110/1991/191
f 3359/1943/180 3358/1942/180 3356/1984/180 3357/1985/180
f 3358/1942/180 79/1945/180 78/1986/180 3356/1984/180
f 3329/1993/195 3328/1992/195 3324/1953/195 3325/1952/195
f 3328/1992/195 87/1995/195 86/1956/195 3324/1953/195
f 2799/1970/178 2798/1971/178 2800/1973/178 2801/1974/178
f 2798/1971/178 102/1976/178 101/1977/178 2800/1973/178
f 2807/1997/188 2806/1996/188 2808/1947/188 2809/1946/188
f 2806/1996/188 205/1998/188 204/1950/188 2808/1947/188
f 2903/2008/186 2902/2009/186 2896/2010/186 2897/2011/186
f 2902/2009/186 220/2012/186 219/2013/186 2896/2010/186
f 2873/2008/186 2872/2009/186 2866/2010/186 2867/2011/186
f 2872/2009/186 124/2012/186 123/2013/186 2866/2010/186
f 3138/1955/176 3137/1954/176 3136/2035/176 3140/1964/176 3141/1965/176 3139/2036/176
f 3137/1954/176 149/1957/176 148/1966/176 3140/1964/176 3136/2035/176
f 3083/1968/199 3082/1967/199 3084/2027/199 3085/2026/199
f 3082/1967/199 106/1969/199 105/2030/199 3084/2027/199
f 3037/2014/189 3036/2015/189 3034/1959/189 3035/1958/189
f 3036/2015/189 260/2016/189 259/1962/189 3034/1959/189
f 2867/2011/200 2866/2010/200 2868/2018/200 2869/2017/200
f 2866/2010/200 123/2013/200 122/2021/200 2868/2018/200
f 3341/1955/176 3340/1954/176 3332/1964/176 3333/1965/176
f 3340/1954/176 21/1957/176 20/1966/176 3332/1964/176
f 3135/2005/185 3134/2006/185 3132/2000/185 3133/1999/185
f 3134/2006/185 147/2007/185 146/2003/185 3132/2000/185
f 3067/1990/182 3066/1991/182 3064/1992/182 3065/1993/182
f 3066/1991/182 280/1994/182 279/1995/182 3064/1992/182
f 3223/2037/201 3222/2038/201 3220/1979/201 3221/1978/201
f 3222/2038/201 96/2039/201 95/1982/201 3220/1979/201
f 3019/2040/202 3018/2041/202 3020/2038/202 3021/2037/202
f 3018/2041/202 161/2042/202 192/2039/202 3020/2038/202
f 3323/1997/188 3322/1996/188 3316/1947/188 3317/1946/188
f 3322/1996/188 77/1998/188 76/1950/188 3316/1947/188
f 3087/1949/177 3086/1948/177 3082/1967/177 3083/1968/177
f 3086/1948/177 107/1951/177 106/1969/177 3082/1967/177
f 3011/1970/178 3010/1971/178 3032/1973/178 3033/1974/178
f 3010/1971/178 262/1976/178 261/1977/178 3032/1973/178
f 3001/2026/194 3000/2027/194 3006/2028/194 3007/2029/194
f 3000/2027/194 265/2030/194 264/2031/194 3006/2028/194
f 3303/1946/173 3302/1947/173 3300/1948/173 3301/1949/173
f 3302/1947/173 12/1950/173 11/1951/173 3300/1948/173
f 3219/1981/198 3218/1980/198 3260/2032/198 3261/2033/198
f 3218/1980/198 94/1983/198 93/2034/198 3260/2032/198
f 3175/1955/176 3174/1954/176 3166/1964/176 3167/1965/176
f 3174/1954/176 181/1957/176 180/1966/176 3166/1964/176
f 3195/1978/179 3194/1979/179 3196/1980/179 3197/1981/179
f 3194/1979/179 31/1982/179 30/1983/179 3196/1980/179
f 2910/1974/193 2909/1973/193 2904/2015/193 2905/2014/193
f 2909/1973/193 133/1977/193 132/2016/193 2904/2015/193
f 3159/1985/183 3158/1984/183 3164/1996/183 3165/1997/183
f 3158/1984/183 174/1986/183 173/1998/183 3164/1996/183
f 3169/1993/195 3168/1992/195 3152/1953/195 3153/1952/195
f 3168/1992/195 183/1995/195 182/1956/195 3152/1953/195
f 3357/1985/183 3356/1984/183 3322/1996/183 3323/1997/183
f 3356/1984/183 78/1986/183 77/1998/183 3322/1996/183
f 3125/1943/180 3124/1942/180 3126/1984/180 3127/1985/180
f 3124/1942/180 143/1945/180 142/1986/180 3126/1984/180
f 2977/2037/201 2976/2038/201 2974/1979/201 2975/1978/201
f 2976/2038/201 256/2039/201 255/1982/201 2974/1979/201
f 3075/2033/203 3074/2032/203 3076/2009/203 3077/2008/203
f 3074/2032/203 285/2034/203 284/2012/203 3076/2009/203
f 3153/1952/174 3152/1953/174 3174/1954/174 3175/1955/174
f 3152/1953/174 182/1956/174 181/1957/174 3174/1954/174
f 3059/1965/196 3058/1964/196 3056/2006/196 3057/2005/196
f 3058/1964/196 276/1966/196 275/2007/196 3056/2006/196
f 2880/1955/176 2879/1954/176 2878/2035/176 2852/1964/176 2853/1965/176 2881/2036/176
f 2879/1954/176 213/1957/176 212/1966/176 2852/1964/176 2878/2035/176
f 3319/1949/177 3318/1948/177 3294/1967/177 3295/1968/177
f 3318/1948/177 75/1951/177 74/1969/177 3294/1967/177
f 2895/2017/190 2894/2018/190 2892/2019/190 2893/2020/190
f 2894/2018/190 218/2021/190 217/2022/190 2892/2019/190
f 3277/2026/194 3276/2027/194 3280/2028/194 3281/2029/194
f 3276/2027/194 41/2030/194 40/2031/194 3280/2028/194
f 3229/1970/178 3228/1971/178 3224/1973/178 3225/1974/178
f 3228/1971/178 6/1976/178 5/1977/178 3224/1973/178
f 3057/2005/185 3056/2006/185 3022/2000/185 3023/1999/185
f 3056/2006/185 275/2007/185 274/2003/185 3022/2000/185
f 3197/1981/198 3196/1980/198 3232/2032/198 3233/2033/198
f 3196/1980/198 30/1983/198 29/2034/198 3232/2032/198
f 3203/1961/192 3202/1960/192 3204/2023/192 3205/2024/192
f 3202/1960/192 34/1963/192 33/2025/192 3204/2023/192
f 2997/1968/199 2996/1967/199 3000/2027/199 3001/2026/199
f 2996/1967/199 266/1969/199 265/2030/199 3000/2027/199
f 3131/2002/187 3130/2001/187 3128/1941/187 3129/1940/187
f 3130/2001/187 145/2004/187 144/1944/187 3128/1941/187
f 3221/1978/179 3220/1979/179 3218/1980/179 3219/1981/179
f 3220/1979/179 95/1982/179 94/1983/179 3218/1980/179
f 3157/2002/187 3156/2001/187 3182/1941/187 3183/1940/187
f 3156/2001/187 177/2004/187 176/1944/187 3182/1941/187
f 3225/1974/193 3224/1973/193 3230/2015/193 3231/2014/193
f 3224/1973/193 5/1977/193 4/2016/193 3230/2015/193
f 2819/1970/178 2818/1971/178 2830/2043/178 2826/1973/178 2827/1974/178 2831/1975/178
f 2818/1971/178 198/1976/178 197/1977/178 2826/1973/178 2830/2043/178
f 3105/1952/174 3104/1953/174 3106/1954/174 3107/1955/174
f 3104/1953/174 118/1956/174 117/1957/174 3106/1954/174
f 3189/2037/201 3188/2038/201 3194/1979/201 3195/1978/201
f 3188/2038/201 32/2039/201 31/1982/201 3194/1979/201
f 3161/1968/199 3160/1967/199 3154/2027/199 3155/2026/199
f 3160/1967/199 170/1969/199 169/2030/199 3154/2027/199
f 2985/2029/197 2984/2028/197 2982/1988/197 2983/1987/197
f 2984/2028/197 168/2031/197 167/1989/197 2982/1988/197
f 3061/1955/176 3060/1954/176 3058/1964/176 3059/1965/176
f 3060/1954/176 277/1957/176 276/1966/176 3058/1964/176
f 3267/1968/199 3266/1967/199 3262/2027/199 3263/2026/199
f 3266/1967/199 10/1969/199 9/2030/199 3262/2027/199
f 2983/1987/181 2982/1988/181 2986/1971/181 2987/1970/181
f 2982/1988/181 167/1989/181 166/1976/181 2986/1971/181
f 2933/2014/189 2932/2015/189 2936/1959/189 2937/1958/189
f 2932/2015/189 228/2016/189 227/1962/189 2936/1959/189
f 3205/2040/202 3204/2041/202 3206/2038/202 3207/2037/202
f 3204/2041/202 33/2042/202 64/2039/202 3206/2038/202
f 2923/1985/183 2922/1984/183 2924/1996/183 2925/1997/183
f 2922/1984/183 238/1986/183 237/1998/183 2924/1996/183
f 3281/2029/197 3280/2028/197 3282/1988/197 3283/1987/197
f 3280/2028/197 40/2031/197 39/1989/197 3282/1988/197
f 3247/1974/193 3246/1973/193 3254/2015/193 3255/2014/193
f 3246/1973/193 69/1977/193 68/2016/193 3254/2015/193
f 3069/2020/191 3068/2019/191 3066/1991/191 3067/1990/191
f 3068/2019/191 281/2022/191 280/1994/191 3066/1991/191
f 2967/1952/174 2966/1953/174 2956/1954/174 2957/1955/174
f 2966/1953/174 246/1956/174 245/1957/174 2956/1954/174
f 3111/1990/182 3110/1991/182 3108/1992/182 3109/1993/182
f 3110/1991/182 120/1994/182 119/1995/182 3108/1992/182
f 3291/2026/194 3290/2027/194 3292/2028/194 3293/2029/194
f 3290/2027/194 73/2030/194 72/2031/194 3292/2028/194
f 3009/1987/181 3008/1988/181 3010/1971/181 3011/1970/181
f 3008/1988/181 263/1989/181 262/1976/181 3010/1971/181
f 3185/1961/192 3184/1960/192 3190/2023/192 3191/2024/192
f 3184/1960/192 2/1963/192 1/2025/192 3190/2023/192
f 3041/2037/201 3040/2038/201 3078/1979/201 3079/1978/201
f 3040/2038/201 288/2039/201 287/1982/201 3078/1979/201
f 3217/2040/202 3216/2041/202 3222/2038/202 3223/2037/202
f 3216/2041/202 65/2042/202 96/2039/202 3222/2038/202
f 3257/2008/186 3256/2009/186 3258/2010/186 3259/2011/186
f 3256/2009/186 92/2012/186 91/2013/186 3258/2010/186
f 3199/2014/189 3198/2015/189 3200/1959/189 3201/1958/189
f 3198/2015/189 36/2016/189 35/1962/189 3200/1959/189
f 3051/2017/190 3050/2018/190 3170/2019/190 3171/2020/190
f 3050/2018/190 186/2021/190 185/2022/190 3170/2019/190
f 3317/1946/173 3316/1947/173 3318/1948/173 3319/1949/173
f 3316/1947/173 76/1950/173 75/1951/173 3318/1948/173
f 3031/1985/183 3030/1984/183 2990/1996/183 2991/1997/183
f 3030/1984/183 270/1986/183 269/1998/183 2990/1996/183
f 3107/1955/176 3106/1954/176 3100/1964/176 3101/1965/176
f 3106/1954/176 117/1957/176 116/1966/176 3100/1964/176
f 3295/1968/199 3294/1967/199 3290/2027/199 3291/2026/199
f 3294/1967/199 74/1969/199 73/2030/199 3290/2027/199
f 3177/1943/180 3176/1942/180 3158/1984/180 3159/1985/180
f 3176/1942/180 175/1945/180 174/1986/180 3158/1984/180
f 2875/2033/203 2874/2032/203 2872/2009/203 2873/2008/203
f 2874/2032/203 125/2034/203 124/2012/203 2872/2009/203
f 2847/1999/184 2846/2000/184 2844/2001/184 2845/2002/184
f 2846/2000/184 210/2003/184 209/2004/184 2844/2001/184
f 3261/2033/203 3260/2032/203 3256/2009/203 3257/2008/203
f 3260/2032/203 93/2034/203 92/2012/203 3256/2009/203
f 3187/1958/175 3186/1959/175 3184/1960/175 3185/1961/175
f 3186/1959/175 3/1962/175 2/1963/175 3184/1960/175
f 2979/2011/200 2978/2010/200 2980/2018/200 2981/2017/200
f 2978/2010/200 155/2013/200 154/2021/200 2980/2018/200
f 3085/2026/194 3084/2027/194 2796/2028/194 2797/2029/194
f 3084/2027/194 105/2030/194 104/2031/194 2796/2028/194
f 2883/1993/195 2882/1992/195 2876/1953/195 2877/1952/195
f 2882/1992/195 215/1995/195 214/1956/195 2876/1953/195
f 2995/1946/173 2994/1947/173 2992/1948/173 2993/1949/173
f 2994/1947/173 268/1950/173 267/1951/173 2992/1948/173
f 2841/2037/201 2840/2038/201 2834/1979/201 2835/1978/201
f 2840/2038/201 128/2039/201 127/1982/201 2834/1979/201
f 2865/2037/201 2864/2038/201 2858/1979/201 2859/1978/201
f 2864/2038/201 224/2039/201 223/1982/201 2858/1979/201
f 3035/1958/175 3034/1959/175 3042/1960/175 3043/1961/175
f 3034/1959/175 259/1962/175 258/1963/175 3042/1960/175
f 2957/1955/176 2956/1954/176 2958/1964/176 2959/1965/176
f 2956/1954/176 245/1957/176 244/1966/176 2958/1964/176
f 3279/1968/199 3278/1967/199 3276/2027/199 3277/2026/199
f 3278/1967/199 42/1969/199 41/2030/199 3276/2027/199
f 3361/1965/196 3360/1964/196 3362/2006/196 3363/2005/196
f 3360/1964/196 84/1966/196 83/2007/196 3362/2006/196
f 3147/1990/182 3146/1991/182 3144/1992/182 3145/1993/182
f 3146/1991/182 152/1994/182 151/1995/182 3144/1992/182
f 2839/1961/192 2838/1960/192 2842/2023/192 2843/2024/192
f 2838/1960/192 98/1963/192 97/2025/192 2842/2023/192
f 2899/2029/197 2898/2028/197 2900/1988/197 2901/1987/197
f 2898/2028/197 232/2031/197 231/1989/197 2900/1988/197
f 2871/2029/197 2870/2028/197 2912/1988/197 2913/1987/197
f 2870/2028/197 136/2031/197 135/1989/197 2912/1988/197
f 3007/2029/197 3006/2028/197 3008/1988/197 3009/1987/197
f 3006/2028/197 264/2031/197 263/1989/197 3008/1988/197
f 3209/1981/198 3208/1980/198 3242/2032/198 3243/2033/198
f 3208/1980/198 62/1983/198 61/2034/198 3242/2032/198
f 3191/2040/202 3190/2041/202 3188/2038/202 3189/2037/202
f 3190/2041/202 1/2042/202 32/2039/202 3188/2038/202
f 3271/2017/190 3270/2018/190 3272/2019/190 3273/2020/190
f 3270/2018/190 26/2021/190 25/2022/190 3272/2019/190
f 3273/2020/191 3272/2019/191 3274/1991/191 3275/1990/191
f 3272/2019/191 25/2022/191 24/1994/191 3274/1991/191
f 2955/2005/185 2954/2006/185 2950/2000/185 2951/1999/185
f 2954/2006/185 243/2007/185 242/2003/185 2950/2000/185
f 3379/1940/172 3378/1941/172 3358/1942/172 3359/1943/172
f 3378/1941/172 80/1944/172 79/1945/172 3358/1942/172
f 3259/2011/200 3258/2010/200 3298/2018/200 3299/2017/200
f 3258/2010/200 91/2013/200 90/2021/200 3298/2018/200
f 2833/1981/198 2832/1980/198 2874/2032/198 2875/2033/198
f 2832/1980/198 126/1983/198 125/2034/198 2874/2032/198
f 3141/1965/196 3140/1964/196 3134/2006/196 3135/2005/196
f 3140/1964/196 148/1966/196 147/2007/196 3134/2006/196
f 3263/2026/194 3262/2027/194 3264/2028/194 3265/2029/194
f 3262/2027/194 9/2030/194 8/2031/194 3264/2028/194
f 2949/2040/202 2948/2041/202 2944/2038/202 2945/2037/202
f 2948/2041/202 129/2042/202 160/2039/202 2944/2038/202
f 3297/2020/191 3296/2019/191 3326/1991/191 3327/1990/191
f 3296/2019/191 89/2022/191 88/1994/191 3326/1991/191
f 3283/1987/181 3282/1988/181 3236/1971/181 3237/1970/181
f 3282/1988/181 39/1989/181 38/1976/181 3236/1971/181
f 3081/1981/198 3080/1980/198 3074/2032/198 3075/2033/198
f 3080/1980/198 286/1983/198 285/2034/198 3074/2032/198
f 3117/1968/199 3116/1967/199 3114/2027/199 3115/2026/199
f 3116/1967/199 138/1969/199 137/2030/199 3114/2027/199
f 2937/1958/175 2936/1959/175 2934/1960/175 2935/1961/175
f 2936/1959/175 227/1962/175 226/1963/175 2934/1960/175
f 3255/2014/189 3254/2015/189 3212/1959/189 3213/1958/189
f 3254/2015/189 68/2016/189 67/1962/189 3212/1959/189
f 3129/1940/172 3128/1941/172 3124/1942/172 3125/1943/172
f 3128/1941/172 144/1944/172 143/1945/172 3124/1942/172
f 3063/1952/174 3062/1953/174 3060/1954/174 3061/1955/174
f 3062/1953/174 278/1956/174 277/1957/174 3060/1954/174
f 3213/1958/175 3212/1959/175 3214/1960/175 3215/1961/175
f 3212/1959/175 67/1962/175 66/1963/175 3214/1960/175
f 3101/1965/196 3100/1964/196 3098/2006/196 3099/2005/196
f 3100/1964/196 116/1966/196 115/2007/196 3098/2006/196
f 2797/2029/197 2796/2028/197 2794/1988/197 2795/1987/197
f 2796/2028/197 104/2031/197 103/1989/197 2794/1988/197
f 3133/1999/184 3132/2000/184 3130/2001/184 3131/2002/184
f 3132/2000/184 146/2003/184 145/2004/184 3130/2001/184
f 2975/1978/179 2974/1979/179 2968/1980/179 2969/1981/179
f 2974/1979/179 255/1982/179 254/1983/179 2968/1980/179
f 3347/1985/183 3346/1984/183 3344/1996/183 3345/1997/183
f 3346/1984/183 46/1986/183 45/1998/183 3344/1996/183
f 3325/1952/174 3324/1953/174 3320/1954/174 3321/1955/174
f 3324/1953/174 86/1956/174 85/1957/174 3320/1954/174
f 3375/1999/184 3374/2000/184 3376/2001/184 3377/2002/184
f 3374/2000/184 50/2003/184 49/2004/184 3376/2001/184
f 3269/2011/200 3268/2010/200 3270/2018/200 3271/2017/200
f 3268/2010/200 27/2013/200 26/2021/200 3270/2018/200
f 3363/2005/185 3362/2006/185 3354/2000/185 3355/1999/185
f 3362/2006/185 83/2007/185 82/2003/185 3354/2000/185
f 3097/1940/172 3096/1941/172 3092/1942/172 3093/1943/172
f 3096/1941/172 112/1944/172 111/1945/172 3092/1942/172
f 2953/2002/187 2952/2001/187 2918/1941/187 2919/1940/187
f 2952/2001/187 241/2004/187 240/1944/187 2918/1941/187
f 3021/2037/201 3020/2038/201 3054/1979/201 3055/1978/201
f 3020/2038/201 192/2039/201 191/1982/201 3054/1979/201
f 3149/2020/191 3148/2019/191 3146/1991/191 3147/1990/191
f 3148/2019/191 153/2022/191 152/1994/191 3146/1991/191
f 3233/2033/203 3232/2032/203 3234/2009/203 3235/2008/203
f 3232/2032/203 29/2034/203 28/2012/203 3234/2009/203
f 2945/2037/201 2944/2038/201 2946/1979/201 2947/1978/201
f 2944/2038/201 160/2039/201 159/1982/201 2946/1979/201
f 2829/1958/175 2828/1959/175 2860/1960/175 2861/1961/175
f 2828/1959/175 195/1962/175 194/1963/175 2860/1960/175
f 3293/2029/197 3292/2028/197 3251/1988/197 3252/1987/197
f 3292/2028/197 72/2031/197 71/1989/197 3251/1988/197
f 2849/1940/172 2848/1941/172 2804/1942/172 2805/1943/172
f 2848/1941/172 208/1944/172 207/1945/172 2804/1942/172
f 3023/1999/184 3022/2000/184 3024/2001/184 3025/2002/184
f 3022/2000/184 274/2003/184 273/2004/184 3024/2001/184
f 3315/1993/195 3314/1992/195 3312/1953/195 3313/1952/195
f 3314/1992/195 55/1995/195 54/1956/195 3312/1953/195
f 2991/1997/188 2990/1996/188 2994/1947/188 2995/1946/188
f 2990/1996/188 269/1998/188 268/1950/188 2994/1947/188
f 2959/1965/196 2958/1964/196 2954/2006/196 2955/2005/196
f 2958/1964/196 244/1966/196 243/2007/196 2954/2006/196
f 2939/1981/198 2938/1980/198 2940/2032/198 2941/2033/198
f 2938/1980/198 158/1983/198 157/2034/198 2940/2032/198
f 3275/1990/182 3274/1991/182 3304/1992/182 3305/1993/182
f 3274/1991/182 24/1994/182 23/1995/182 3304/1992/182
f 2913/1987/181 2912/1988/181 2906/1971/181 2908/1970/181
f 2912/1988/181 135/1989/181 134/1976/181 2906/1971/181
f 3289/1990/182 3288/1991/182 3314/1992/182 3315/1993/182
f 3288/1991/182 56/1994/182 55/1995/182 3314/1992/182
f 3345/1997/188 3344/1996/188 3310/1947/188 3311/1946/188
f 3344/1996/188 45/1998/188 44/1950/188 3310/1947/188
f 3047/2011/200 3046/2010/200 3050/2018/200 3051/2017/200
f 3046/2010/200 187/2013/200 186/2021/200 3050/2018/200
f 2855/2033/203 2854/2032/203 2902/2009/203 2903/2008/203
f 2854/2032/203 221/2034/203 220/2012/203 2902/2009/203
f 2963/2033/203 2962/2032/203 2970/2009/203 2971/2008/203
f 2962/2032/203 253/2034/203 252/2012/203 2970/2009/203
f 3355/1999/184 3354/2000/184 3380/2001/184 3381/2002/184
f 3354/2000/184 82/2003/184 81/2004/184 3380/2001/184
f 2809/1946/173 2808/1947/173 2814/1948/173 2815/1949/173
f 2808/1947/173 204/1950/173 203/1951/173 2814/1948/173
f 3201/1958/175 3200/1959/175 3202/1960/175 3203/1961/175
f 3200/1959/175 35/1962/175 34/1963/175 3202/1960/175
f 3127/1985/183 3126/1984/183 3122/1996/183 3123/1997/183
f 3126/1984/183 142/1986/183 141/1998/183 3122/1996/183
f 3181/1999/184 3180/2000/184 3156/2001/184 3157/2002/184
f 3180/2000/184 178/2003/184 177/2004/184 3156/2001/184
f 3207/2037/201 3206/2038/201 3210/1979/201 3211/1978/201
f 3206/2038/201 64/2039/201 63/1982/201 3210/1979/201
f 2811/1985/183 2810/1984/183 2806/1996/183 2807/1997/183
f 2810/1984/183 206/1986/183 205/1998/183 2806/1996/183
f 3045/2033/203 3044/2032/203 3048/2009/203 3049/2008/203
f 3044/2032/203 189/2034/203 188/2012/203 3048/2009/203
f 3171/2020/191 3170/2019/191 3150/1991/191 3151/1990/191
f 3170/2019/191 185/2022/191 184/1994/191 3150/1991/191
f 3089/1946/173 3088/1947/173 3086/1948/173 3087/1949/173
f 3088/1947/173 108/1950/173 107/1951/173 3086/1948/173
f 3027/1940/172 3026/1941/172 3028/1942/172 3029/1943/172
f 3026/1941/172 272/1944/172 271/1945/172 3028/1942/172
f 2969/1981/198 2968/1980/198 2962/2032/198 2963/2033/198
f 2968/1980/198 254/1983/198 253/2034/198 2962/2032/198
f 3065/1993/195 3064/1992/195 3062/1953/195 3063/1952/195
f 3064/1992/195 279/1995/195 278/1956/195 3062/1953/195
f 2843/2040/202 2842/2041/202 2840/2038/202 2841/2037/202
f 2842/2041/202 97/2042/202 128/2039/202 2840/2038/202
f 3049/2008/186 3048/2009/186 3046/2010/186 3047/2011/186
f 3048/2009/186 188/2012/186 187/2013/186 3046/2010/186
f 2823/1987/181 2822/1988/181 2818/1971/181 2819/1970/181
f 2822/1988/181 199/1989/181 198/1976/181 2818/1971/181
f 3015/1958/175 3014/1959/175 3016/1960/175 3017/1961/175
f 3014/1959/175 163/1962/175 162/1963/175 3016/1960/175
f 3285/2017/190 3284/2018/190 3286/2019/190 3287/2020/190
f 3284/2018/190 58/2021/190 57/2022/190 3286/2019/190
f 2859/1978/179 2858/1979/179 2856/1980/179 2857/1981/179
f 2858/1979/179 223/1982/179 222/1983/179 2856/1980/179
f 3053/1981/198 3052/1980/198 3044/2032/198 3045/2033/198
f 3052/1980/198 190/1983/198 189/2034/198 3044/2032/198
f 3351/1965/196 3350/1964/196 3348/2006/196 3349/2005/196
f 3350/1964/196 52/1966/196 51/2007/196 3348/2006/196
f 2805/1943/180 2804/1942/180 2810/1984/180 2811/1985/180
f 2804/1942/180 207/1945/180 206/1986/180 2810/1984/180
f 2943/2008/186 2942/2009/186 2978/2010/186 2979/2011/186
f 2942/2009/186 156/2012/186 155/2013/186 2978/2010/186
f 3173/2005/185 3172/2006/185 3180/2000/185 3181/1999/185
f 3172/2006/185 179/2007/185 178/2003/185 3180/2000/185
f 3109/1993/195 3108/1992/195 3104/1953/195 3105/1952/195
f 3108/1992/195 119/1995/195 118/1956/195 3104/1953/195
f 3311/1946/173 3310/1947/173 3308/1948/173 3309/1949/173
f 3310/1947/173 44/1950/173 43/1951/173 3308/1948/173
f 3099/2005/185 3098/2006/185 3102/2000/185 3103/1999/185
f 3098/2006/185 115/2007/185 114/2003/185 3102/2000/185
f 3299/2017/190 3298/2018/190 3296/2019/190 3297/2020/190
f 3298/2018/190 90/2021/190 89/2022/190 3296/2019/190
f 2973/2040/202 2972/2041/202 2976/2038/202 2977/2037/202
f 2972/2041/202 225/2042/202 256/2039/202 2976/2038/202
f 2835/1978/179 2834/1979/179 2832/1980/179 2833/1981/179
f 2834/1979/179 127/1982/179 126/1983/179 2832/1980/179
f 3252/1987/181 3251/1988/181 3249/1971/181 3250/1970/181
f 3251/1988/181 71/1989/181 70/1976/181 3249/1971/181
f 2917/1958/175 2916/1959/175 2914/1960/175 2915/1961/175
f 2916/1959/175 131/1962/175 130/1963/175 2914/1960/175
f 2915/1961/192 2914/1960/192 2948/2023/192 2949/2024/192
f 2914/1960/192 130/1963/192 129/2025/192 2948/2023/192
f 3055/1978/179 3054/1979/179 3052/1980/179 3053/1981/179
f 3054/1979/179 191/1982/179 190/1983/179 3052/1980/179
f 3253/2044/148 3249/2045/148 3251/2046/148 3292/2047/148 3290/913/148 3286/912/148 3284/2048/148 3244/2049/148 3240/2050/148 3242/2051/148 3208/2052/148 3210/2053/148 3206/2054/148 3204/2055/148 3202/2056/148 3200/2057/148 3198/2058/148 3238/2059/148 3236/2060/148 3282/2061/148 3280/2062/148 3276/896/148 3272/895/148 3270/2063/148 3268/2064/148 3234/2065/148 3232/2066/148 3196/2067/148 3194/2068/148 3188/2069/148 3190/2070/148 3184/2071/148 3186/2072/148 3230/2073/148 3224/2074/148 3228/2075/148 3226/2076/148 3264/2077/148 3262/879/148 1444/878/148 1441/827/148 3084/2078/148 3082/2079/148 3086/2080/148 3088/2081/148 3090/2082/148 3094/2083/148 3092/2084/148 3096/2085/148 3192/2086/148 3102/2087/148 3098/2088/148 3100/2089/148 3106/2090/148 3104/2091/148 3108/2092/148 3110/2093/148 3112/2094/148 3114/2095/148 3116/2096/148 3118/2097/148 3120/2098/148 3122/2099/148 3126/2100/148 3124/2101/148 3128/2102/148 3130/2103/148 3132/2104/148 3134/2105/148 3140/2106/148 3136/2107/148
f 2907/2108/148 2906/2109/148 2912/2110/148 2870/2111/148 3114/2095/148 3112/2094/148 2868/2112/148 2866/2113/148 2872/2114/148 2874/2115/148 2832/2116/148 2834/2117/148 2840/2118/148 2842/2119/148 2838/2120/148 2836/2121/148 2802/2122/148 2800/2123/148 2798/2124/148 2794/2125/148 2796/2126/148 3084/2078/148 1441/827/148 2830/876/148 2818/2127/148 2822/2128/148 2820/2129/148 2816/2130/148 2812/2131/148 2814/2132/148 2808/2133/148 2806/2134/148 2810/2135/148 2804/2136/148 2848/2137/148 2844/2138/148 2846/2139/148 2850/2140/148 2852/2141/148 2878/2142/148
f 3193/2002/187 3192/2001/187 3096/1941/187 3097/1940/187
f 3192/2001/187 113/2004/187 112/1944/187 3096/1941/187
f 2901/1987/181 2900/1988/181 2928/1971/181 2929/1970/181
f 2900/1988/181 231/1989/181 230/1976/181 2928/1971/181
f 3025/2002/187 3024/2001/187 3026/1941/187 3027/1940/187
f 3024/2001/187 273/2004/187 272/1944/187 3026/1941/187
f 2981/2017/190 2980/2018/190 3148/2019/190 3149/2020/190
f 2980/2018/190 154/2021/190 153/2022/190 3148/2019/190
f 2869/2017/190 2868/2018/190 3112/2019/190 3113/2020/190
f 2868/2018/190 122/2021/190 121/2022/190 3112/2019/190
f 3211/1978/179 3210/1979/179 3208/1980/179 3209/1981/179
f 3210/1979/179 63/1982/179 62/1983/179 3208/1980/179
f 3313/1952/174 3312/1953/174 3352/1954/174 3353/1955/174
f 3312/1953/174 54/1956/174 53/1957/174 3352/1954/174
f 3307/1952/174 3306/1953/174 3340/1954/174 3341/1955/174
f 3306/1953/174 22/1956/174 21/1957/174 3340/1954/174
f 3331/1997/188 3330/1996/188 3302/1947/188 3303/1946/188
f 3330/1996/188 13/1998/188 12/1950/188 3302/1947/188
f 3377/2002/187 3376/2001/187 3372/1941/187 3373/1940/187
f 3376/2001/187 49/2004/187 48/1944/187 3372/1941/187
f 2878/2142/148 2879/2143/148 2876/2144/148 2882/2145/148 2888/2146/148 2892/863/148 2890/862/148 2884/2147/148 2886/2148/148 2926/2149/148 2924/2150/148 2922/2151/148 2920/2152/148 2918/2153/148 2952/2154/148 2950/2155/148 2954/2156/148 2958/2157/148 2956/2158/148 2966/2159/148 2964/2160/148 2998/2161/148 3004/846/148 3000/845/148 2996/2162/148 2992/2163/148 2994/2164/148 2990/2165/148 3030/2166/148 3028/2167/148 3026/2168/148 3024/2169/148 3022/2170/148 3056/2171/148 3058/2172/148 3060/2173/148 3062/2174/148 3064/2175/148 3066/2176/148 3068/829/148 1442/828/148 3170/2177/148 3050/2178/148 3046/2179/148 3048/2180/148 3044/2181/148 3052/2182/148 3054/2183/148 3020/2184/148 3018/2185/148 3016/2186/148 3014/2187/148 3012/2188/148 2988/2189/148 2986/2190/148 2982/2191/148 2984/2192/148 3154/2193/148 3148/2194/148 2980/2195/148 2978/2196/148 2942/2197/148 2940/2198/148 2938/2199/148 2946/2200/148 2944/2201/148 2948/2202/148 2914/2203/148 2916/2204/148 2904/2205/148 2909/2206/148 2907/2108/148
f 3136/2107/148 3137/2207/148 3142/2208/148 3144/2209/148 3146/2210/148 3148/2194/148 3154/2193/148 3160/2211/148 3162/2212/148 3178/2213/148 3164/2214/148 3158/2215/148 3176/2216/148 3182/2217/148 3156/2218/148 3180/2219/148 3172/2220/148 3166/2221/148 3174/2222/148 3152/2223/148 3168/2224/148 3150/2225/148 3170/2177/148 1442/828/148 1443/877/148 3364/925/148 3320/2226/148 3324/2227/148 3328/2228/148 3326/2229/148 3296/2230/148 3298/2231/148 3258/2232/148 3256/2233/148 3260/2234/148 3218/2235/148 3220/2236/148 3222/2237/148 3216/2238/148 3214/2239/148 3212/2240/148 3254/2241/148 3246/2242/148 3253/2044/148
f 3327/1990/182 3326/1991/182 3328/1992/182 3329/1993/182
f 3326/1991/182 88/1994/182 87/1995/182 3328/1992/182
f 3163/1949/177 3162/1948/177 3160/1967/177 3161/1968/177
f 3162/1948/177 171/1951/177 170/1969/177 3160/1967/177
f 3017/1961/192 3016/1960/192 3018/2023/192 3019/2024/192
f 3016/1960/192 162/1963/192 161/2025/192 3018/2023/192
f 2993/1949/177 2992/1948/177 2996/1967/177 2997/1968/177
f 2992/1948/177 267/1951/177 266/1969/177 2996/1967/177
f 3139/957/1 3141/2243/1 3135/2244/1 3133/2245/1 3131/2246/1 3129/2247/1 3125/2248/1 3127/2249/1 3123/2250/1 3121/2251/1 3119/2252/1 3117/2253/1 3115/995/1 3113/994/1 3111/2254/1 3109/2255/1 3105/2256/1 3107/2257/1 3101/2258/1 3099/2259/1 3103/2260/1 3193/2261/1 3097/2262/1 3093/2263/1 3095/2264/1 3091/2265/1 3089/2266/1 3087/2267/1 3083/2268/1 3085/978/1 1461/977/1 1464/1934/1 3263/2269/1 3265/2270/1 3227/2271/1 3229/2272/1 3225/2273/1 3231/2274/1 3187/2275/1 3185/2276/1 3191/2277/1 3189/2278/1 3195/2279/1 3197/2280/1 3233/2281/1 3235/2282/1 3269/2283/1 3271/2284/1 3273/2285/1 3277/2286/1 3281/2287/1 3283/2288/1 3237/2289/1 3239/2290/1 3199/2291/1 3201/2292/1 3203/2293/1 3205/2294/1 3207/2295/1 3211/2296/1 3209/2297/1 3243/2298/1 3241/2299/1 3245/2300/1 3285/2301/1 3287/2302/1 3291/2303/1 3293/2304/1 3252/2305/1 3250/2306/1 3248/958/1
f 3365/976/1 3361/2307/1 3363/2308/1 3355/2309/1 3381/2310/1 3379/2311/1 3359/2312/1 3357/2313/1 3323/2314/1 3317/2315/1 3319/2316/1 3295/2317/1 3291/2303/1 3287/2302/1 3289/2318/1 3315/2319/1 3313/2320/1 3353/2321/1 3351/2322/1 3349/2323/1 3375/2324/1 3377/2325/1 3373/2326/1 3343/2327/1 3347/2328/1 3345/2329/1 3311/2330/1 3309/2331/1 3279/2332/1 3277/2286/1 3273/2285/1 3275/2333/1 3305/2334/1 3307/2335/1 3341/2336/1 3333/2337/1 3339/2338/1 3371/2339/1 3369/2340/1 3367/2341/1 3337/2342/1 3335/2343/1 3331/2344/1 3303/2345/1 3301/2346/1 3267/2347/1 3263/2269/1 1464/1934/1 1463/934/1
f 3167/1965/196 3166/1964/196 3172/2006/196 3173/2005/196
f 3166/1964/196 180/1966/196 179/2007/196 3172/2006/196
f 3077/2008/186 3076/2009/186 3072/2010/186 3073/2011/186
f 3076/2009/186 284/2012/186 283/2013/186 3072/2010/186
f 3043/1961/192 3042/1960/192 3038/2023/192 3039/2024/192
f 3042/1960/192 258/1963/192 257/2025/192 3038/2023/192
f 2803/2014/189 2802/2015/189 2836/1959/189 2837/1958/189
f 2802/2015/189 100/2016/189 99/1962/189 2836/1959/189
f 2827/1974/193 2826/1973/193 2824/2015/193 2825/2014/193
f 2826/1973/193 197/1977/193 196/2016/193 2824/2015/193
f 3073/2011/200 3072/2010/200 3070/2018/200 3071/2017/200
f 3072/2010/200 283/2013/200 282/2021/200 3070/2018/200
f 3115/2026/194 3114/2027/194 2870/2028/194 2871/2029/194
f 3114/2027/194 137/2030/194 136/2031/194 2870/2028/194
f 2815/1949/177 2814/1948/177 2812/1967/177 2813/1968/177
f 2814/1948/177 203/1951/177 202/1969/177 2812/1967/177
f 2987/1970/178 2986/1971/178 2988/1973/178 2989/1974/178
f 2986/1971/178 166/1976/178 165/1977/178 2988/1973/178
f 2951/1999/184 2950/2000/184 2952/2001/184 2953/2002/184
f 2950/2000/184 242/2003/184 241/2004/184 2952/2001/184
f 2885/1968/199 2884/1967/199 2890/2027/199 2891/2026/199
f 2884/1967/199 234/1969/199 233/2030/199 2890/2027/199
f 3095/1985/183 3094/1984/183 3090/1996/183 3091/1997/183
f 3094/1984/183 110/1986/183 109/1998/183 3090/1996/183
f 3179/1946/173 3178/1947/173 3162/1948/173 3163/1949/173
f 3178/1947/173 172/1950/173 171/1951/173 3162/1948/173
f 3343/1943/180 3342/1942/180 3346/1984/180 3347/1985/180
f 3342/1942/180 47/1945/180 46/1986/180 3346/1984/180
f 2908/1970/178 2906/1971/178 2907/1972/178 2909/1973/178 2910/1974/178 2911/1975/178
f 2906/1971/178 134/1976/178 133/1977/178 2909/1973/178 2907/1972/178
f 2941/2033/203 2940/2032/203 2942/2009/203 2943/2008/203
f 2940/2032/203 157/2034/203 156/2012/203 2942/2009/203
f 2817/2026/194 2816/2027/194 2820/2028/194 2821/2029/194
f 2816/2027/194 201/2030/194 200/2031/194 2820/2028/194
f 2801/1974/193 2800/1973/193 2802/2015/193 2803/2014/193
f 2800/1973/193 101/1977/193 100/2016/193 2802/2015/193
f 2897/2011/200 2896/2010/200 2894/2018/200 2895/2017/200
f 2896/2010/200 219/2013/200 218/2021/200 2894/2018/200
f 3243/2033/203 3242/2032/203 3240/2009/203 3241/2008/203
f 3242/2032/203 61/2034/203 60/2012/203 3240/2009/203
f 2935/1961/192 2934/1960/192 2972/2023/192 2973/2024/192
f 2934/1960/192 226/1963/192 225/2025/192 2972/2023/192
f 3241/2008/186 3240/2009/186 3244/2010/186 3245/2011/186
f 3240/2009/186 60/2012/186 59/2013/186 3244/2010/186
f 2929/1970/178 2928/1971/178 2930/1973/178 2931/1974/178
f 2928/1971/178 230/1976/178 229/1977/178 2930/1973/178
f 3145/1993/195 3144/1992/195 3142/1953/195 3143/1952/195
f 3144/1992/195 151/1995/195 150/1956/195 3142/1953/195
f 3033/1974/193 3032/1973/193 3036/2015/193 3037/2014/193
f 3032/1973/193 261/1977/193 260/2016/193 3036/2015/193
f 3245/2011/200 3244/2010/200 3284/2018/200 3285/2017/200
f 3244/2010/200 59/2013/200 58/2021/200 3284/2018/200
f 3151/1990/182 3150/1991/182 3168/1992/182 3169/1993/182
f 3150/1991/182 184/1994/182 183/1995/182 3168/1992/182
f 2863/2040/202 2862/2041/202 2864/2038/202 2865/2037/202
f 2862/2041/202 193/2042/202 224/2039/202 2864/2038/202
f 3071/2017/190 3070/2018/190 3068/2019/190 3069/2020/190
f 3070/2018/190 282/2021/190 281/2022/190 3068/2019/190
f 3321/1955/176 3320/1954/176 3364/2035/176 3360/1964/176 3361/1965/176 3365/2036/176
f 3320/1954/176 85/1957/176 84/1966/176 3360/1964/176 3364/2035/176
f 3369/2002/187 3368/2001/187 3366/1941/187 3367/1940/187
f 3368/2001/187 17/2004/187 16/1944/187 3366/1941/187
f 3155/2026/194 3154/2027/194 2984/2028/194 2985/2029/194
f 3154/2027/194 169/2030/194 168/2031/194 2984/2028/194
f 3123/1997/188 3122/1996/188 3120/1947/188 3121/1946/188
f 3122/1996/188 141/1998/188 140/1950/188 3120/1947/188
f 3333/1965/196 3332/1964/196 3338/2006/196 3339/2005/196
f 3332/1964/196 20/1966/196 19/2007/196 3338/2006/196
f 2947/1978/179 2946/1979/179 2938/1980/179 2939/1981/179
f 2946/1979/179 159/1982/179 158/1983/179 2938/1980/179
f 2795/1987/181 2794/1988/181 2798/1971/181 2799/1970/181
f 2794/1988/181 103/1989/181 102/1976/181 2798/1971/181
f 2989/1974/193 2988/1973/193 3012/2015/193 3013/2014/193
f 2988/1973/193 165/1977/193 164/2016/193 3012/2015/193
f 3039/2040/202 3038/2041/202 3040/2038/202 3041/2037/202
f 3038/2041/202 257/2042/202 288/2039/202 3040/2038/202
f 2825/2014/189 2824/2015/189 2828/1959/189 2829/1958/189
f 2824/2015/189 196/2016/189 195/1962/189 2828/1959/189
f 3349/2005/185 3348/2006/185 3374/2000/185 3375/1999/185
f 3348/2006/185 51/2007/185 50/2003/185 3374/2000/185
f 3239/1974/193 3238/1973/193 3198/2015/193 3199/2014/193
f 3238/1973/193 37/1977/193 36/2016/193 3198/2015/193
f 2813/1968/199 2812/1967/199 2816/2027/199 2817/2026/199
f 2812/1967/199 202/1969/199 201/2030/199 2816/2027/199
f 2821/2029/197 2820/2028/197 2822/1988/197 2823/1987/197
f 2820/2028/197 200/2031/197 199/1989/197 2822/1988/197
f 2911/999/1 2910/2348/1 2905/2349/1 2917/2350/1 2915/2351/1 2949/2352/1 2945/2353/1 2947/2354/1 2939/2355/1 2941/2356/1 2943/2357/1 2979/2358/1 2981/2359/1 3149/952/1 3155/951/1 2985/2360/1 2983/2361/1 2987/2362/1 2989/2363/1 3013/2364/1 3015/2365/1 3017/2366/1 3019/2367/1 3021/2368/1 3055/2369/1 3053/2370/1 3045/2371/1 3049/2372/1 3047/2373/1 3051/2374/1 3171/935/1 1462/828/1 3069/2375/1 3067/2376/1 3065/2377/1 3063/2378/1 3061/2379/1 3059/2380/1 3057/2381/1 3023/2382/1 3025/2383/1 3027/2384/1 3029/2385/1 3031/2386/1 2991/2387/1 2995/2388/1 2993/2389/1 2997/2390/1 3001/2391/1 3005/2392/1 2999/2393/1 2965/2394/1 2967/2395/1 2957/2396/1 2959/2397/1 2955/2398/1 2951/2399/1 2953/2400/1 2919/2401/1 2921/2402/1 2923/2403/1 2925/2404/1 2927/2405/1 2887/2406/1 2885/2407/1 2891/2408/1 2893/2409/1 2889/2410/1 2883/2411/1 2877/2412/1 2880/2413/1 2881/1000/1
f 2831/1016/1 2827/2414/1 2825/2415/1 2829/2416/1 2861/2417/1 2863/2418/1 2865/2419/1 2859/2420/1 2857/2421/1 2855/2422/1 2903/2423/1 2897/2424/1 2895/2425/1 2893/2409/1 2891/2408/1 2899/2426/1 2901/2427/1 2929/2428/1 2931/2429/1 2933/2430/1 2937/2431/1 2935/2432/1 2973/2433/1 2977/2434/1 2975/2435/1 2969/2436/1 2963/2437/1 2971/2438/1 2961/2439/1 3003/2440/1 3005/2392/1 3001/2391/1 3007/2441/1 3009/2442/1 3011/2443/1 3033/2444/1 3037/2445/1 3035/2446/1 3043/2447/1 3039/2448/1 3041/2449/1 3079/2450/1 3081/2451/1 3075/2452/1 3077/2453/1 3073/2454/1 3071/2455/1 3069/2375/1 1462/828/1 1461/977/1
f 2961/2011/200 2960/2010/200 3002/2018/200 3003/2017/200
f 2960/2010/200 251/2013/200 250/2021/200 3002/2018/200
