mtllib plate1*4_magenta.mtl
v 0.5219924 16.0344 -7.999976
v -7.629395E-06 16 -7.999976
v -7.629395E-06 20 -7.999979
v 1.035192 16.1364 -7.999977
v 1.530792 16.3044 -7.999978
v 1.999992 16.536 -7.999978
v 2.435192 16.8264 -7.999979
v 2.828392 17.1716 -7.999979
v 3.173592 17.5648 -7.99998
v 3.463992 18 -7.999981
v 3.695592 18.4692 -7.999981
v 3.863592 18.9648 -7.999982
v 3.965592 19.478 -7.999982
v 3.999992 20 -7.999983
v 3.965592 20.522 -7.999983
v 3.863592 21.0352 -7.999984
v 3.695592 21.5308 -7.999984
v 3.463992 22 -7.999984
v 3.173592 22.4352 -7.999984
v 2.828392 22.8284 -7.999984
v 2.435192 23.1736 -7.999984
v 1.999992 23.464 -7.999984
v 1.530792 23.6956 -7.999984
v 1.035192 23.8636 -7.999983
v 0.5219924 23.9656 -7.999983
v -7.629395E-06 24 -7.999983
v -0.5220076 23.9656 -7.999982
v -1.035208 23.8636 -7.999981
v -1.530808 23.6956 -7.999981
v -2.000008 23.464 -7.99998
v -2.435208 23.1736 -7.999979
v -2.828408 22.8284 -7.999979
v -3.173608 22.4352 -7.999978
v -3.464008 22 -7.999978
v -3.695607 21.5308 -7.999977
v -3.863608 21.0352 -7.999976
v -3.965608 20.522 -7.999976
v -4.000008 20 -7.999975
v -3.965608 19.478 -7.999975
v -3.863608 18.9648 -7.999975
v -3.695607 18.4692 -7.999974
v -3.464008 18 -7.999974
v -3.173608 17.5648 -7.999974
v -2.828408 17.1716 -7.999974
v -2.435208 16.8264 -7.999974
v -2.000008 16.536 -7.999974
v -1.530808 16.3044 -7.999975
v -1.035208 16.1364 -7.999975
v -0.5220076 16.0344 -7.999975
v 0.5219962 16.0344 -3.999976
v -3.814697E-06 16 -3.999976
v -7.629395E-06 16 -7.999976
v 0.5219924 16.0344 -7.999976
v 1.035196 16.1364 -3.999977
v 1.035192 16.1364 -7.999977
v 1.530796 16.3044 -3.999977
v 1.530792 16.3044 -7.999978
v 1.999996 16.536 -3.999978
v 1.999992 16.536 -7.999978
v 2.435196 16.8264 -3.999979
v 2.435192 16.8264 -7.999979
v 2.828396 17.1716 -3.999979
v 2.828392 17.1716 -7.999979
v 3.173596 17.5648 -3.99998
v 3.173592 17.5648 -7.99998
v 3.463996 18 -3.999981
v 3.463992 18 -7.999981
v 3.695596 18.4692 -3.999981
v 3.695592 18.4692 -7.999981
v 3.863596 18.9648 -3.999982
v 3.863592 18.9648 -7.999982
v 3.965596 19.478 -3.999983
v 3.965592 19.478 -7.999982
v 3.999996 20 -3.999983
v 3.999992 20 -7.999983
v 3.965596 20.522 -3.999983
v 3.965592 20.522 -7.999983
v 3.863596 21.0352 -3.999984
v 3.863592 21.0352 -7.999984
v 3.695596 21.5308 -3.999984
v 3.695592 21.5308 -7.999984
v 3.463996 22 -3.999984
v 3.463992 22 -7.999984
v 3.173596 22.4352 -3.999984
v 3.173592 22.4352 -7.999984
v 2.828396 22.8284 -3.999984
v 2.828392 22.8284 -7.999984
v 2.435196 23.1736 -3.999984
v 2.435192 23.1736 -7.999984
v 1.999996 23.464 -3.999984
v 1.999992 23.464 -7.999984
v 1.530796 23.6956 -3.999984
v 1.530792 23.6956 -7.999984
v 1.035196 23.8636 -3.999984
v 1.035192 23.8636 -7.999983
v 0.5219962 23.9656 -3.999983
v 0.5219924 23.9656 -7.999983
v -3.814697E-06 24 -3.999983
v -7.629395E-06 24 -7.999983
v -0.5220038 23.9656 -3.999982
v -0.5220076 23.9656 -7.999982
v -1.035204 23.8636 -3.999982
v -1.035208 23.8636 -7.999981
v -1.530804 23.6956 -3.999981
v -1.530808 23.6956 -7.999981
v -2.000004 23.464 -3.99998
v -2.000008 23.464 -7.99998
v -2.435204 23.1736 -3.999979
v -2.435208 23.1736 -7.999979
v -2.828404 22.8284 -3.999979
v -2.828408 22.8284 -7.999979
v -3.173604 22.4352 -3.999978
v -3.173608 22.4352 -7.999978
v -3.464004 22 -3.999978
v -3.464008 22 -7.999978
v -3.695604 21.5308 -3.999977
v -3.695608 21.5308 -7.999977
v -3.863604 21.0352 -3.999976
v -3.863608 21.0352 -7.999976
v -3.965604 20.522 -3.999976
v -3.965608 20.522 -7.999976
v -4.000004 20 -3.999975
v -4.000008 20 -7.999975
v -3.965604 19.478 -3.999975
v -3.965608 19.478 -7.999975
v -3.863604 18.9648 -3.999974
v -3.863608 18.9648 -7.999975
v -3.695604 18.4692 -3.999974
v -3.695608 18.4692 -7.999974
v -3.464004 18 -3.999974
v -3.464008 18 -7.999974
v -3.173604 17.5648 -3.999974
v -3.173608 17.5648 -7.999974
v -2.828404 17.1716 -3.999974
v -2.828408 17.1716 -7.999974
v -2.435204 16.8264 -3.999974
v -2.435208 16.8264 -7.999974
v -2.000004 16.536 -3.999974
v -2.000008 16.536 -7.999974
v -1.530804 16.3044 -3.999974
v -1.530808 16.3044 -7.999975
v -1.035204 16.1364 -3.999975
v -1.035208 16.1364 -7.999975
v -0.5220038 16.0344 -3.999975
v -0.5220076 16.0344 -7.999975
v 0.5219924 36.0344 -7.999994
v -7.629395E-06 36 -7.999993
v -7.629395E-06 40 -7.999997
v 1.035192 36.1364 -7.999994
v 1.530792 36.3044 -7.999995
v 1.999992 36.536 -7.999995
v 2.435192 36.8264 -7.999996
v 2.828392 37.1716 -7.999997
v 3.173592 37.5648 -7.999998
v 3.463992 38 -7.999998
v 3.695592 38.4692 -7.999999
v 3.863592 38.9648 -8
v 3.965592 39.478 -8
v 3.999992 40 -8
v 3.965592 40.522 -8.000001
v 3.863592 41.0352 -8.000001
v 3.695592 41.5308 -8.000001
v 3.463992 42 -8.000002
v 3.173592 42.4352 -8.000002
v 2.828392 42.8284 -8.000002
v 2.435192 43.1736 -8.000002
v 1.999992 43.464 -8.000001
v 1.530792 43.6956 -8.000001
v 1.035192 43.8636 -8.000001
v 0.5219924 43.9656 -8
v -7.629395E-06 44 -8
v -0.5220076 43.9656 -8
v -1.035208 43.8636 -7.999999
v -1.530808 43.6956 -7.999998
v -2.000008 43.464 -7.999998
v -2.435208 43.1736 -7.999997
v -2.828408 42.8284 -7.999996
v -3.173608 42.4352 -7.999996
v -3.464008 42 -7.999995
v -3.695607 41.5308 -7.999994
v -3.863608 41.0352 -7.999994
v -3.965608 40.522 -7.999993
v -4.000008 40 -7.999993
v -3.965608 39.478 -7.999992
v -3.863608 38.9648 -7.999992
v -3.695607 38.4692 -7.999991
v -3.464008 38 -7.999991
v -3.173608 37.5648 -7.999991
v -2.828408 37.1716 -7.999991
v -2.435208 36.8264 -7.999991
v -2.000008 36.536 -7.999991
v -1.530808 36.3044 -7.999992
v -1.035208 36.1364 -7.999992
v -0.5220076 36.0344 -7.999992
v 0.5219962 36.0344 -3.999994
v -3.814697E-06 36 -3.999993
v -7.629395E-06 36 -7.999993
v 0.5219924 36.0344 -7.999994
v 1.035196 36.13641 -3.999994
v 1.035192 36.1364 -7.999994
v 1.530796 36.30441 -3.999995
v 1.530792 36.3044 -7.999995
v 1.999996 36.536 -3.999995
v 1.999992 36.536 -7.999995
v 2.435196 36.8264 -3.999996
v 2.435192 36.8264 -7.999996
v 2.828396 37.1716 -3.999997
v 2.828392 37.1716 -7.999997
v 3.173596 37.5648 -3.999997
v 3.173592 37.5648 -7.999998
v 3.463996 38 -3.999998
v 3.463992 38 -7.999998
v 3.695596 38.4692 -3.999999
v 3.695592 38.4692 -7.999999
v 3.863596 38.96481 -3.999999
v 3.863592 38.9648 -8
v 3.965596 39.478 -4
v 3.965592 39.478 -8
v 3.999996 40 -4
v 3.999992 40 -8
v 3.965596 40.522 -4.000001
v 3.965592 40.522 -8.000001
v 3.863596 41.03521 -4.000001
v 3.863592 41.0352 -8.000001
v 3.695596 41.5308 -4.000001
v 3.695592 41.5308 -8.000001
v 3.463996 42 -4.000001
v 3.463992 42 -8.000002
v 3.173596 42.4352 -4.000001
v 3.173592 42.4352 -8.000002
v 2.828396 42.8284 -4.000001
v 2.828392 42.8284 -8.000002
v 2.435196 43.1736 -4.000001
v 2.435192 43.1736 -8.000002
v 1.999996 43.464 -4.000001
v 1.999992 43.464 -8.000001
v 1.530796 43.6956 -4.000001
v 1.530792 43.6956 -8.000001
v 1.035196 43.86361 -4.000001
v 1.035192 43.8636 -8.000001
v 0.5219962 43.9656 -4
v 0.5219924 43.9656 -8
v -3.814697E-06 44 -4
v -7.629395E-06 44 -8
v -0.5220038 43.9656 -4
v -0.5220076 43.9656 -8
v -1.035204 43.86361 -3.999999
v -1.035208 43.8636 -7.999999
v -1.530804 43.6956 -3.999998
v -1.530808 43.6956 -7.999998
v -2.000004 43.464 -3.999998
v -2.000008 43.464 -7.999998
v -2.435204 43.1736 -3.999997
v -2.435208 43.1736 -7.999997
v -2.828404 42.8284 -3.999996
v -2.828408 42.8284 -7.999996
v -3.173604 42.4352 -3.999995
v -3.173608 42.4352 -7.999996
v -3.464004 42 -3.999995
v -3.464008 42 -7.999995
v -3.695604 41.5308 -3.999994
v -3.695608 41.5308 -7.999994
v -3.863604 41.03521 -3.999994
v -3.863608 41.0352 -7.999994
v -3.965604 40.522 -3.999993
v -3.965608 40.522 -7.999993
v -4.000004 40 -3.999993
v -4.000008 40 -7.999993
v -3.965604 39.478 -3.999992
v -3.965608 39.478 -7.999992
v -3.863604 38.96481 -3.999992
v -3.863608 38.9648 -7.999992
v -3.695604 38.4692 -3.999992
v -3.695608 38.4692 -7.999991
v -3.464004 38 -3.999991
v -3.464008 38 -7.999991
v -3.173604 37.5648 -3.999991
v -3.173608 37.5648 -7.999991
v -2.828404 37.1716 -3.999991
v -2.828408 37.1716 -7.999991
v -2.435204 36.8264 -3.999991
v -2.435208 36.8264 -7.999991
v -2.000004 36.536 -3.999992
v -2.000008 36.536 -7.999991
v -1.530804 36.30441 -3.999992
v -1.530808 36.3044 -7.999992
v -1.035204 36.13641 -3.999992
v -1.035208 36.1364 -7.999992
v -0.5220038 36.0344 -3.999993
v -0.5220076 36.0344 -7.999992
v 0.5219924 56.0344 -8.00001
v -7.629395E-06 56 -8.00001
v -7.629395E-06 60 -8.000013
v 1.035192 56.1364 -8.000011
v 1.530792 56.3044 -8.000012
v 1.999992 56.536 -8.000012
v 2.435192 56.8264 -8.000013
v 2.828392 57.1716 -8.000014
v 3.173592 57.5648 -8.000014
v 3.463992 58 -8.000015
v 3.695592 58.4692 -8.000016
v 3.863592 58.9648 -8.000016
v 3.965592 59.478 -8.000017
v 3.999992 60 -8.000017
v 3.965592 60.522 -8.000018
v 3.863592 61.0352 -8.000018
v 3.695592 61.5308 -8.000019
v 3.463992 62 -8.000019
v 3.173592 62.4352 -8.000019
v 2.828392 62.8284 -8.000019
v 2.435192 63.1736 -8.000019
v 1.999992 63.464 -8.000019
v 1.530792 63.6956 -8.000018
v 1.035192 63.8636 -8.000018
v 0.5219924 63.9656 -8.000018
v -7.629395E-06 64 -8.000017
v -0.5220076 63.9656 -8.000017
v -1.035208 63.8636 -8.000016
v -1.530808 63.6956 -8.000015
v -2.000008 63.464 -8.000015
v -2.435208 63.1736 -8.000014
v -2.828408 62.8284 -8.000013
v -3.173608 62.4352 -8.000013
v -3.464008 62 -8.000012
v -3.695607 61.5308 -8.000011
v -3.863608 61.0352 -8.000011
v -3.965608 60.522 -8.00001
v -4.000008 60 -8.00001
v -3.965608 59.478 -8.00001
v -3.863608 58.9648 -8.00001
v -3.695607 58.4692 -8.000009
v -3.464008 58 -8.000009
v -3.173608 57.5648 -8.000009
v -2.828408 57.1716 -8.000009
v -2.435208 56.8264 -8.000009
v -2.000008 56.536 -8.000009
v -1.530808 56.3044 -8.00001
v -1.035208 56.1364 -8.00001
v -0.5220076 56.0344 -8.00001
v 0.5219962 56.0344 -4.000011
v -3.814697E-06 56 -4.00001
v -7.629395E-06 56 -8.00001
v 0.5219924 56.0344 -8.00001
v 1.035196 56.13641 -4.000011
v 1.035192 56.1364 -8.000011
v 1.530796 56.30441 -4.000012
v 1.530792 56.3044 -8.000012
v 1.999996 56.536 -4.000013
v 1.999992 56.536 -8.000012
v 2.435196 56.8264 -4.000013
v 2.435192 56.8264 -8.000013
v 2.828396 57.1716 -4.000014
v 2.828392 57.1716 -8.000014
v 3.173596 57.5648 -4.000015
v 3.173592 57.5648 -8.000014
v 3.463996 58 -4.000015
v 3.463992 58 -8.000015
v 3.695596 58.4692 -4.000016
v 3.695592 58.4692 -8.000016
v 3.863596 58.96481 -4.000017
v 3.863592 58.9648 -8.000016
v 3.965596 59.478 -4.000017
v 3.965592 59.478 -8.000017
v 3.999996 60 -4.000018
v 3.999992 60 -8.000017
v 3.965596 60.522 -4.000018
v 3.965592 60.522 -8.000018
v 3.863596 61.03521 -4.000019
v 3.863592 61.0352 -8.000018
v 3.695596 61.5308 -4.000019
v 3.695592 61.5308 -8.000019
v 3.463996 62 -4.000019
v 3.463992 62 -8.000019
v 3.173596 62.4352 -4.000019
v 3.173592 62.4352 -8.000019
v 2.828396 62.8284 -4.000019
v 2.828392 62.8284 -8.000019
v 2.435196 63.1736 -4.000019
v 2.435192 63.1736 -8.000019
v 1.999996 63.464 -4.000019
v 1.999992 63.464 -8.000019
v 1.530796 63.69561 -4.000019
v 1.530792 63.6956 -8.000018
v 1.035196 63.86361 -4.000018
v 1.035192 63.8636 -8.000018
v 0.5219962 63.9656 -4.000018
v 0.5219924 63.9656 -8.000018
v -3.814697E-06 64.00001 -4.000017
v -7.629395E-06 64 -8.000017
v -0.5220038 63.9656 -4.000017
v -0.5220076 63.9656 -8.000017
v -1.035204 63.86361 -4.000016
v -1.035208 63.8636 -8.000016
v -1.530804 63.69561 -4.000016
v -1.530808 63.6956 -8.000015
v -2.000004 63.464 -4.000015
v -2.000008 63.464 -8.000015
v -2.435204 63.1736 -4.000014
v -2.435208 63.1736 -8.000014
v -2.828404 62.8284 -4.000013
v -2.828408 62.8284 -8.000013
v -3.173604 62.4352 -4.000013
v -3.173608 62.4352 -8.000013
v -3.464004 62 -4.000012
v -3.464008 62 -8.000012
v -3.695604 61.5308 -4.000011
v -3.695608 61.5308 -8.000011
v -3.863604 61.03521 -4.000011
v -3.863608 61.0352 -8.000011
v -3.965604 60.522 -4.00001
v -3.965608 60.522 -8.00001
v -4.000004 60 -4.00001
v -4.000008 60 -8.00001
v -3.965604 59.478 -4.00001
v -3.965608 59.478 -8.00001
v -3.863604 58.96481 -4.000009
v -3.863608 58.9648 -8.00001
v -3.695604 58.4692 -4.000009
v -3.695608 58.4692 -8.000009
v -3.464004 58 -4.000009
v -3.464008 58 -8.000009
v -3.173604 57.5648 -4.000009
v -3.173608 57.5648 -8.000009
v -2.828404 57.1716 -4.000009
v -2.828408 57.1716 -8.000009
v -2.435204 56.8264 -4.000009
v -2.435208 56.8264 -8.000009
v -2.000004 56.536 -4.000009
v -2.000008 56.536 -8.000009
v -1.530804 56.30441 -4.000009
v -1.530808 56.3044 -8.00001
v -1.035204 56.13641 -4.00001
v -1.035208 56.1364 -8.00001
v -0.5220038 56.0344 -4.00001
v -0.5220076 56.0344 -8.00001
v -6.000004 76.00001 -4.000022
v -6.000004 4.000004 -3.99996
v 5.999996 4.000004 -3.999971
v 5.999996 76.00001 -4.000033
v 5.999996 4.000004 -3.999971
v 5.999992 4 -7.999971
v 5.999992 76 -8.000033
v 5.999996 76.00001 -4.000033
v 5.999996 76.00001 -4.000033
v 5.999992 76 -8.000033
v -6.000008 76 -8.000022
v -6.000004 76.00001 -4.000022
v -6.000004 76.00001 -4.000022
v -6.000008 76 -8.000022
v -6.000008 4 -7.999959
v -6.000004 4.000004 -3.99996
v -6.000004 4.000004 -3.99996
v -6.000008 4 -7.999959
v 5.999992 4 -7.999971
v 5.999996 4.000004 -3.999971
v 9.999992 80 -8.000041
v 5.999992 76 -8.000033
v 5.999992 4 -7.999971
v 9.999992 6.993832E-07 -7.999971
v -10.00001 80 -8.000022
v -6.000008 76 -8.000022
v -10.00001 6.993815E-07 -7.999952
v -6.000008 4 -7.999959
v -10 80.00001 -2.161641E-05
v -10 7.629394E-06 4.768372E-05
v 10 7.629395E-06 2.861023E-05
v 10 80.00001 -4.068989E-05
v 10 7.629395E-06 2.861023E-05
v 9.999992 6.993832E-07 -7.999971
v 9.999992 80 -8.000041
v 10 80.00001 -4.068989E-05
v 10 80.00001 -4.068989E-05
v 9.999992 80 -8.000041
v -10.00001 80 -8.000022
v -10 80.00001 -2.161641E-05
v -10 80.00001 -2.161641E-05
v -10.00001 80 -8.000022
v -10.00001 6.993815E-07 -7.999952
v -10 7.629394E-06 4.768372E-05
v -10 7.629394E-06 4.768372E-05
v -10.00001 6.993815E-07 -7.999952
v 9.999992 6.993832E-07 -7.999971
v 10 7.629395E-06 2.861023E-05
v 0.7830038 4.051612 4.000034
v 3.814697E-06 4.000011 4.000035
v 0 4.000008 3.468197E-05
v 0.783 4.051609 3.389054E-05
v 1.552804 4.204612 4.000033
v 1.5528 4.204609 3.302387E-05
v 2.296204 4.456611 4.000032
v 2.2962 4.456608 3.209661E-05
v 3.000004 4.804012 4.000031
v 3 4.804008 3.112448E-05
v 3.652804 5.239612 4.00003
v 3.6528 5.239609 3.012458E-05
v 4.242604 5.757411 4.000029
v 4.2426 5.757408 2.911356E-05
v 4.760404 6.347209 4.000028
v 4.7604 6.347206 2.810883E-05
v 5.196004 7.000011 4.000027
v 5.196 7.000008 2.712792E-05
v 5.543404 7.703811 4.000026
v 5.5434 7.703808 2.618695E-05
v 5.795404 8.447212 4.000025
v 5.7954 8.447208 2.530265E-05
v 5.948404 9.21701 4.000024
v 5.9484 9.217007 2.44899E-05
v 6.000004 10.00001 4.000024
v 6 10.00001 2.376241E-05
v 5.948404 10.78301 4.000023
v 5.9484 10.78301 2.313335E-05
v 5.795404 11.55281 4.000022
v 5.7954 11.55281 2.261242E-05
v 5.543404 12.29621 4.000022
v 5.5434 12.29621 2.220877E-05
v 5.196004 13.00001 4.000022
v 5.196 13.00001 2.193041E-05
v 4.760404 13.65281 4.000022
v 4.7604 13.65281 2.178034E-05
v 4.242604 14.24261 4.000022
v 4.2426 14.24261 2.176324E-05
v 3.652804 14.76041 4.000022
v 3.6528 14.76041 2.187717E-05
v 3.000004 15.19601 4.000022
v 3 15.19601 2.212239E-05
v 2.296204 15.54341 4.000022
v 2.2962 15.54341 2.249265E-05
v 1.552804 15.79541 4.000023
v 1.5528 15.79541 2.298332E-05
v 0.7830038 15.94841 4.000023
v 0.783 15.94841 2.358492E-05
v 3.814697E-06 16.00001 4.000024
v 0 16.00001 2.428695E-05
v -0.7829962 15.94841 4.000025
v -0.783 15.94841 2.507837E-05
v -1.552796 15.79541 4.000026
v -1.5528 15.79541 2.594505E-05
v -2.296196 15.54341 4.000027
v -2.2962 15.54341 2.687231E-05
v -2.999996 15.19601 4.000028
v -3 15.19601 2.784444E-05
v -3.652796 14.76041 4.000029
v -3.6528 14.76041 2.884434E-05
v -4.242596 14.24261 4.00003
v -4.2426 14.24261 2.985536E-05
v -4.760396 13.65281 4.000031
v -4.7604 13.65281 3.086009E-05
v -5.195996 13.00001 4.000032
v -5.196 13.00001 3.184099E-05
v -5.543396 12.29621 4.000033
v -5.5434 12.29621 3.278197E-05
v -5.795396 11.55281 4.000034
v -5.7954 11.55281 3.366627E-05
v -5.948396 10.78301 4.000034
v -5.9484 10.78301 3.447902E-05
v -5.999996 10.00001 4.000035
v -6 10.00001 3.52065E-05
v -5.948396 9.21701 4.000036
v -5.9484 9.217007 3.583557E-05
v -5.795396 8.447212 4.000036
v -5.7954 8.447208 3.63565E-05
v -5.543396 7.703811 4.000037
v -5.5434 7.703808 3.676014E-05
v -5.195996 7.000011 4.000037
v -5.196 7.000008 3.70385E-05
v -4.760396 6.347209 4.000037
v -4.7604 6.347206 3.718857E-05
v -4.242596 5.757411 4.000037
v -4.2426 5.757408 3.720567E-05
v -3.652796 5.239612 4.000037
v -3.6528 5.239609 3.709174E-05
v -2.999996 4.804012 4.000037
v -3 4.804008 3.684652E-05
v -2.296196 4.456611 4.000036
v -2.2962 4.456608 3.647626E-05
v -1.552796 4.204612 4.000036
v -1.5528 4.204609 3.598559E-05
v -0.7829962 4.051612 4.000035
v -0.783 4.051609 3.538399E-05
v 0.7830038 4.051612 4.000034
v 3.814697E-06 4.000011 4.000035
v 3.814697E-06 10.00001 4.00003
v 1.552804 4.204612 4.000033
v 2.296204 4.456611 4.000032
v 3.000004 4.804012 4.000031
v 3.652804 5.239612 4.00003
v 4.242604 5.757411 4.000029
v 4.760404 6.347209 4.000028
v 5.196004 7.000011 4.000027
v 5.543404 7.703811 4.000026
v 5.795404 8.447212 4.000025
v 5.948404 9.21701 4.000024
v 6.000004 10.00001 4.000024
v 5.948404 10.78301 4.000023
v 5.795404 11.55281 4.000022
v 5.543404 12.29621 4.000022
v 5.196004 13.00001 4.000022
v 4.760404 13.65281 4.000022
v 4.242604 14.24261 4.000022
v 3.652804 14.76041 4.000022
v 3.000004 15.19601 4.000022
v 2.296204 15.54341 4.000022
v 1.552804 15.79541 4.000023
v 0.7830038 15.94841 4.000023
v 3.814697E-06 16.00001 4.000024
v -0.7829962 15.94841 4.000025
v -1.552796 15.79541 4.000026
v -2.296196 15.54341 4.000027
v -2.999996 15.19601 4.000028
v -3.652796 14.76041 4.000029
v -4.242596 14.24261 4.00003
v -4.760396 13.65281 4.000031
v -5.195996 13.00001 4.000032
v -5.543396 12.29621 4.000033
v -5.795396 11.55281 4.000034
v -5.948396 10.78301 4.000034
v -5.999996 10.00001 4.000035
v -5.948396 9.21701 4.000036
v -5.795396 8.447212 4.000036
v -5.543396 7.703811 4.000037
v -5.195996 7.000011 4.000037
v -4.760396 6.347209 4.000037
v -4.242596 5.757411 4.000037
v -3.652796 5.239612 4.000037
v -2.999996 4.804012 4.000037
v -2.296196 4.456611 4.000036
v -1.552796 4.204612 4.000036
v -0.7829962 4.051612 4.000035
v 0.7830038 24.05161 4.000017
v 3.814697E-06 24.00001 4.000017
v 0 24.00001 1.735694E-05
v 0.783 24.05161 1.656551E-05
v 1.552804 24.20461 4.000016
v 1.5528 24.20461 1.569884E-05
v 2.296204 24.45661 4.000015
v 2.2962 24.45661 1.477158E-05
v 3.000004 24.80401 4.000014
v 3 24.80401 1.379945E-05
v 3.652804 25.23961 4.000013
v 3.6528 25.23961 1.279955E-05
v 4.242604 25.75741 4.000012
v 4.2426 25.75741 1.178853E-05
v 4.760404 26.34721 4.000011
v 4.7604 26.34721 1.07838E-05
v 5.196004 27.00001 4.00001
v 5.196 27.00001 9.80289E-06
v 5.543404 27.70381 4.000009
v 5.5434 27.70381 8.861915E-06
v 5.795404 28.44721 4.000008
v 5.7954 28.44721 7.977618E-06
v 5.948404 29.21701 4.000007
v 5.9484 29.21701 7.164866E-06
v 6.000004 30.00001 4.000007
v 6 30.00001 6.437381E-06
v 5.948404 30.78301 4.000006
v 5.9484 30.78301 5.808316E-06
v 5.795404 31.55281 4.000005
v 5.7954 31.55281 5.287387E-06
v 5.543404 32.29621 4.000005
v 5.5434 32.29621 4.883742E-06
v 5.196004 33.00001 4.000005
v 5.196 33.00001 4.605381E-06
v 4.760404 33.65281 4.000004
v 4.7604 33.65281 4.455312E-06
v 4.242604 34.24261 4.000004
v 4.2426 34.24261 4.43821E-06
v 3.652804 34.76041 4.000005
v 3.6528 34.76041 4.552141E-06
v 3.000004 35.19601 4.000005
v 3 35.19601 4.797361E-06
v 2.296204 35.54341 4.000005
v 2.2962 35.54341 5.167622E-06
v 1.552804 35.79541 4.000006
v 1.5528 35.79541 5.658287E-06
v 0.7830038 35.94841 4.000006
v 0.783 35.94841 6.259889E-06
v 3.814697E-06 36.00001 4.000007
v 0 36.00001 6.961918E-06
v -0.7829962 35.94841 4.000008
v -0.783 35.94841 7.753343E-06
v -1.552796 35.79541 4.000009
v -1.5528 35.79541 8.620018E-06
v -2.296196 35.54341 4.00001
v -2.2962 35.54341 9.547275E-06
v -2.999996 35.19601 4.00001
v -3 35.19601 1.051941E-05
v -3.652796 34.76041 4.000011
v -3.6528 34.76041 1.151931E-05
v -4.242596 34.24261 4.000012
v -4.2426 34.24261 1.253033E-05
v -4.760396 33.65281 4.000013
v -4.7604 33.65281 1.353505E-05
v -5.195996 33.00001 4.000014
v -5.196 33.00001 1.451596E-05
v -5.543396 32.29621 4.000015
v -5.5434 32.29621 1.545694E-05
v -5.795396 31.55281 4.000016
v -5.7954 31.55281 1.634124E-05
v -5.948396 30.78301 4.000017
v -5.9484 30.78301 1.715399E-05
v -5.999996 30.00001 4.000018
v -6 30.00001 1.788147E-05
v -5.948396 29.21701 4.000019
v -5.9484 29.21701 1.851054E-05
v -5.795396 28.44721 4.000019
v -5.7954 28.44721 1.903147E-05
v -5.543396 27.70381 4.00002
v -5.5434 27.70381 1.943511E-05
v -5.195996 27.00001 4.00002
v -5.196 27.00001 1.971347E-05
v -4.760396 26.34721 4.00002
v -4.7604 26.34721 1.986354E-05
v -4.242596 25.75741 4.00002
v -4.2426 25.75741 1.988064E-05
v -3.652796 25.23961 4.00002
v -3.6528 25.23961 1.976671E-05
v -2.999996 24.80401 4.00002
v -3 24.80401 1.952149E-05
v -2.296196 24.45661 4.000019
v -2.2962 24.45661 1.915123E-05
v -1.552796 24.20461 4.000019
v -1.5528 24.20461 1.866057E-05
v -0.7829962 24.05161 4.000018
v -0.783 24.05161 1.805896E-05
v 0.7830038 24.05161 4.000017
v 3.814697E-06 24.00001 4.000017
v 3.814697E-06 30.00001 4.000012
v 1.552804 24.20461 4.000016
v 2.296204 24.45661 4.000015
v 3.000004 24.80401 4.000014
v 3.652804 25.23961 4.000013
v 4.242604 25.75741 4.000012
v 4.760404 26.34721 4.000011
v 5.196004 27.00001 4.00001
v 5.543404 27.70381 4.000009
v 5.795404 28.44721 4.000008
v 5.948404 29.21701 4.000007
v 6.000004 30.00001 4.000007
v 5.948404 30.78301 4.000006
v 5.795404 31.55281 4.000005
v 5.543404 32.29621 4.000005
v 5.196004 33.00001 4.000005
v 4.760404 33.65281 4.000004
v 4.242604 34.24261 4.000004
v 3.652804 34.76041 4.000005
v 3.000004 35.19601 4.000005
v 2.296204 35.54341 4.000005
v 1.552804 35.79541 4.000006
v 0.7830038 35.94841 4.000006
v 3.814697E-06 36.00001 4.000007
v -0.7829962 35.94841 4.000008
v -1.552796 35.79541 4.000009
v -2.296196 35.54341 4.00001
v -2.999996 35.19601 4.00001
v -3.652796 34.76041 4.000011
v -4.242596 34.24261 4.000012
v -4.760396 33.65281 4.000013
v -5.195996 33.00001 4.000014
v -5.543396 32.29621 4.000015
v -5.795396 31.55281 4.000016
v -5.948396 30.78301 4.000017
v -5.999996 30.00001 4.000018
v -5.948396 29.21701 4.000019
v -5.795396 28.44721 4.000019
v -5.543396 27.70381 4.00002
v -5.195996 27.00001 4.00002
v -4.760396 26.34721 4.00002
v -4.242596 25.75741 4.00002
v -3.652796 25.23961 4.00002
v -2.999996 24.80401 4.00002
v -2.296196 24.45661 4.000019
v -1.552796 24.20461 4.000019
v -0.7829962 24.05161 4.000018
v 0.7830038 44.05161 3.999999
v 3.814697E-06 44.00001 4
v 0 44.00001 3.190553E-08
v 0.783 44.05161 -7.5952E-07
v 1.552804 44.20461 3.999998
v 1.5528 44.20461 -1.626195E-06
v 2.296204 44.45661 3.999997
v 2.2962 44.45661 -2.553452E-06
v 3.000004 44.80401 3.999996
v 3 44.80401 -3.525583E-06
v 3.652804 45.23961 3.999995
v 3.6528 45.23961 -4.525481E-06
v 4.242604 45.75741 3.999995
v 4.2426 45.75741 -5.536504E-06
v 4.760404 46.34721 3.999994
v 4.7604 46.34721 -6.541231E-06
v 5.196004 47.00001 3.999992
v 5.196 47.00001 -7.522141E-06
v 5.543404 47.70381 3.999992
v 5.5434 47.70381 -8.463115E-06
v 5.795404 48.44721 3.999991
v 5.7954 48.44721 -9.347413E-06
v 5.948404 49.21701 3.99999
v 5.9484 49.21701 -1.016017E-05
v 6.000004 50.00001 3.999989
v 6 50.00001 -1.088765E-05
v 5.948404 50.78301 3.999989
v 5.9484 50.78301 -1.151671E-05
v 5.795404 51.55281 3.999988
v 5.7954 51.55281 -1.203764E-05
v 5.543404 52.29621 3.999988
v 5.5434 52.29621 -1.244129E-05
v 5.196004 53.00001 3.999987
v 5.196 53.00001 -1.271965E-05
v 4.760404 53.65281 3.999987
v 4.7604 53.65281 -1.286972E-05
v 4.242604 54.24261 3.999987
v 4.2426 54.24261 -1.288682E-05
v 3.652804 54.76041 3.999987
v 3.6528 54.76041 -1.277289E-05
v 3.000004 55.19601 3.999987
v 3 55.19601 -1.252767E-05
v 2.296204 55.54341 3.999988
v 2.2962 55.54341 -1.215741E-05
v 1.552804 55.79541 3.999988
v 1.5528 55.79541 -1.166674E-05
v 0.7830038 55.94841 3.999989
v 0.783 55.94841 -1.106514E-05
v 3.814697E-06 56.00001 3.99999
v 0 56.00001 -1.036311E-05
v -0.7829962 55.94841 3.99999
v -0.783 55.94841 -9.571688E-06
v -1.552796 55.79541 3.999991
v -1.5528 55.79541 -8.705013E-06
v -2.296196 55.54341 3.999992
v -2.2962 55.54341 -7.777755E-06
v -2.999996 55.19601 3.999993
v -3 55.19601 -6.805624E-06
v -3.652796 54.76041 3.999994
v -3.6528 54.76041 -5.805726E-06
v -4.242596 54.24261 3.999995
v -4.2426 54.24261 -4.794703E-06
v -4.760396 53.65281 3.999996
v -4.7604 53.65281 -3.789976E-06
v -5.195996 53.00001 3.999997
v -5.196 53.00001 -2.809066E-06
v -5.543396 52.29621 3.999998
v -5.5434 52.29621 -1.868092E-06
v -5.795396 51.55281 3.999999
v -5.7954 51.55281 -9.837948E-07
v -5.948396 50.78301 4
v -5.9484 50.78301 -1.710422E-07
v -5.999996 50.00001 4
v -6 50.00001 5.564423E-07
v -5.948396 49.21701 4.000001
v -5.9484 49.21701 1.185508E-06
v -5.795396 48.44721 4.000002
v -5.7954 48.44721 1.706436E-06
v -5.543396 47.70381 4.000002
v -5.5434 47.70381 2.110081E-06
v -5.195996 47.00001 4.000002
v -5.196 47.00001 2.388443E-06
v -4.760396 46.34721 4.000002
v -4.7604 46.34721 2.538511E-06
v -4.242596 45.75741 4.000002
v -4.2426 45.75741 2.555614E-06
v -3.652796 45.23961 4.000002
v -3.6528 45.23961 2.441682E-06
v -2.999996 44.80401 4.000002
v -3 44.80401 2.196462E-06
v -2.296196 44.45661 4.000002
v -2.2962 44.45661 1.826202E-06
v -1.552796 44.20461 4.000001
v -1.5528 44.20461 1.335536E-06
v -0.7829962 44.05161 4.000001
v -0.783 44.05161 7.33934E-07
v 0.7830038 44.05161 3.999999
v 3.814697E-06 44.00001 4
v 3.814697E-06 50.00001 3.999995
v 1.552804 44.20461 3.999998
v 2.296204 44.45661 3.999997
v 3.000004 44.80401 3.999996
v 3.652804 45.23961 3.999995
v 4.242604 45.75741 3.999995
v 4.760404 46.34721 3.999994
v 5.196004 47.00001 3.999992
v 5.543404 47.70381 3.999992
v 5.795404 48.44721 3.999991
v 5.948404 49.21701 3.99999
v 6.000004 50.00001 3.999989
v 5.948404 50.78301 3.999989
v 5.795404 51.55281 3.999988
v 5.543404 52.29621 3.999988
v 5.196004 53.00001 3.999987
v 4.760404 53.65281 3.999987
v 4.242604 54.24261 3.999987
v 3.652804 54.76041 3.999987
v 3.000004 55.19601 3.999987
v 2.296204 55.54341 3.999988
v 1.552804 55.79541 3.999988
v 0.7830038 55.94841 3.999989
v 3.814697E-06 56.00001 3.99999
v -0.7829962 55.94841 3.99999
v -1.552796 55.79541 3.999991
v -2.296196 55.54341 3.999992
v -2.999996 55.19601 3.999993
v -3.652796 54.76041 3.999994
v -4.242596 54.24261 3.999995
v -4.760396 53.65281 3.999996
v -5.195996 53.00001 3.999997
v -5.543396 52.29621 3.999998
v -5.795396 51.55281 3.999999
v -5.948396 50.78301 4
v -5.999996 50.00001 4
v -5.948396 49.21701 4.000001
v -5.795396 48.44721 4.000002
v -5.543396 47.70381 4.000002
v -5.195996 47.00001 4.000002
v -4.760396 46.34721 4.000002
v -4.242596 45.75741 4.000002
v -3.652796 45.23961 4.000002
v -2.999996 44.80401 4.000002
v -2.296196 44.45661 4.000002
v -1.552796 44.20461 4.000001
v -0.7829962 44.05161 4.000001
v 0.7830038 64.05161 3.999982
v 3.814697E-06 64.00001 3.999983
v 0 64.00001 -1.729312E-05
v 0.783 64.05161 -1.808455E-05
v 1.552804 64.20461 3.999981
v 1.5528 64.20461 -1.895122E-05
v 2.296204 64.45661 3.99998
v 2.2962 64.45661 -1.987848E-05
v 3.000004 64.80401 3.999979
v 3 64.80401 -2.085062E-05
v 3.652804 65.23961 3.999978
v 3.6528 65.23961 -2.185051E-05
v 4.242604 65.75741 3.999977
v 4.2426 65.75741 -2.286153E-05
v 4.760404 66.34721 3.999976
v 4.7604 66.34721 -2.386626E-05
v 5.196004 67.00001 3.999975
v 5.196 67.00001 -2.484717E-05
v 5.543404 67.70381 3.999974
v 5.5434 67.70381 -2.578815E-05
v 5.795404 68.44721 3.999973
v 5.7954 68.44721 -2.667244E-05
v 5.948404 69.21701 3.999973
v 5.9484 69.21701 -2.74852E-05
v 6.000004 70.00001 3.999972
v 6 70.00001 -2.821268E-05
v 5.948404 70.78301 3.999971
v 5.9484 70.78301 -2.884175E-05
v 5.795404 71.55281 3.999971
v 5.7954 71.55281 -2.936267E-05
v 5.543404 72.29621 3.99997
v 5.5434 72.29621 -2.976632E-05
v 5.196004 73.00001 3.99997
v 5.196 73.00001 -3.004468E-05
v 4.760404 73.65281 3.99997
v 4.7604 73.65281 -3.019475E-05
v 4.242604 74.24261 3.99997
v 4.2426 74.24261 -3.021185E-05
v 3.652804 74.76041 3.99997
v 3.6528 74.76041 -3.009792E-05
v 3.000004 75.19601 3.99997
v 3 75.19601 -2.98527E-05
v 2.296204 75.54341 3.99997
v 2.2962 75.54341 -2.948244E-05
v 1.552804 75.79541 3.999971
v 1.5528 75.79541 -2.899177E-05
v 0.7830038 75.94841 3.999972
v 0.783 75.94841 -2.839017E-05
v 3.814697E-06 76.00001 3.999972
v 0 76.00001 -2.768814E-05
v -0.7829962 75.94841 3.999973
v -0.783 75.9484 -2.689672E-05
v -1.552796 75.79541 3.999974
v -1.5528 75.7954 -2.603004E-05
v -2.296196 75.54341 3.999975
v -2.2962 75.5434 -2.510279E-05
v -2.999996 75.19601 3.999976
v -3 75.19601 -2.413065E-05
v -3.652796 74.76041 3.999977
v -3.6528 74.76041 -2.313075E-05
v -4.242596 74.24261 3.999978
v -4.2426 74.24261 -2.211973E-05
v -4.760396 73.65281 3.999979
v -4.7604 73.65281 -2.111501E-05
v -5.195996 73.00001 3.99998
v -5.196 73.00001 -2.01341E-05
v -5.543396 72.29621 3.999981
v -5.5434 72.2962 -1.919312E-05
v -5.795396 71.55281 3.999982
v -5.7954 71.5528 -1.830883E-05
v -5.948396 70.78301 3.999983
v -5.9484 70.783 -1.749607E-05
v -5.999996 70.00001 3.999983
v -6 70.00001 -1.676859E-05
v -5.948396 69.21701 3.999984
v -5.9484 69.217 -1.613952E-05
v -5.795396 68.44721 3.999984
v -5.7954 68.4472 -1.561859E-05
v -5.543396 67.70381 3.999985
v -5.5434 67.7038 -1.521495E-05
v -5.195996 67.00001 3.999985
v -5.196 67.00001 -1.493659E-05
v -4.760396 66.34721 3.999985
v -4.7604 66.34721 -1.478652E-05
v -4.242596 65.75741 3.999985
v -4.2426 65.75741 -1.476942E-05
v -3.652796 65.23961 3.999985
v -3.6528 65.23961 -1.488335E-05
v -2.999996 64.80401 3.999985
v -3 64.80401 -1.512857E-05
v -2.296196 64.45661 3.999985
v -2.2962 64.4566 -1.549883E-05
v -1.552796 64.20461 3.999984
v -1.5528 64.20461 -1.598949E-05
v -0.7829962 64.05161 3.999983
v -0.783 64.05161 -1.65911E-05
v 0.7830038 64.05161 3.999982
v 3.814697E-06 64.00001 3.999983
v 3.814697E-06 70.00001 3.999978
v 1.552804 64.20461 3.999981
v 2.296204 64.45661 3.99998
v 3.000004 64.80401 3.999979
v 3.652804 65.23961 3.999978
v 4.242604 65.75741 3.999977
v 4.760404 66.34721 3.999976
v 5.196004 67.00001 3.999975
v 5.543404 67.70381 3.999974
v 5.795404 68.44721 3.999973
v 5.948404 69.21701 3.999973
v 6.000004 70.00001 3.999972
v 5.948404 70.78301 3.999971
v 5.795404 71.55281 3.999971
v 5.543404 72.29621 3.99997
v 5.196004 73.00001 3.99997
v 4.760404 73.65281 3.99997
v 4.242604 74.24261 3.99997
v 3.652804 74.76041 3.99997
v 3.000004 75.19601 3.99997
v 2.296204 75.54341 3.99997
v 1.552804 75.79541 3.999971
v 0.7830038 75.94841 3.999972
v 3.814697E-06 76.00001 3.999972
v -0.7829962 75.94841 3.999973
v -1.552796 75.79541 3.999974
v -2.296196 75.54341 3.999975
v -2.999996 75.19601 3.999976
v -3.652796 74.76041 3.999977
v -4.242596 74.24261 3.999978
v -4.760396 73.65281 3.999979
v -5.195996 73.00001 3.99998
v -5.543396 72.29621 3.999981
v -5.795396 71.55281 3.999982
v -5.948396 70.78301 3.999983
v -5.999996 70.00001 3.999983
v -5.948396 69.21701 3.999984
v -5.795396 68.44721 3.999984
v -5.543396 67.70381 3.999985
v -5.195996 67.00001 3.999985
v -4.760396 66.34721 3.999985
v -4.242596 65.75741 3.999985
v -3.652796 65.23961 3.999985
v -2.999996 64.80401 3.999985
v -2.296196 64.45661 3.999985
v -1.552796 64.20461 3.999984
v -0.7829962 64.05161 3.999983
vn -9.536743E-07 -8.662515E-07 -1
vn -9.536743E-07 -8.662515E-07 -1
vn -9.536743E-07 -8.662515E-07 -1
vn -9.536743E-07 -8.662515E-07 -1
vn -9.536743E-07 -8.662515E-07 -1
vn -9.536743E-07 -8.662515E-07 -1
vn -9.536743E-07 -8.662515E-07 -1
vn -9.536743E-07 -8.662515E-07 -1
vn -9.536743E-07 -8.662515E-07 -1
vn -9.536743E-07 -8.662515E-07 -1
vn -9.536743E-07 -8.662515E-07 -1
vn -9.536743E-07 -8.662515E-07 -1
vn -9.536743E-07 -8.662515E-07 -1
vn -9.536743E-07 -8.662515E-07 -1
vn -9.536743E-07 -8.662515E-07 -1
vn -9.536743E-07 -8.662515E-07 -1
vn -9.536743E-07 -8.662515E-07 -1
vn -9.536743E-07 -8.662515E-07 -1
vn -9.536743E-07 -8.662515E-07 -1
vn -9.536743E-07 -8.662515E-07 -1
vn -9.536743E-07 -8.662515E-07 -1
vn -9.536743E-07 -8.662515E-07 -1
vn -9.536743E-07 -8.662515E-07 -1
vn -9.536743E-07 -8.662515E-07 -1
vn -9.536743E-07 -8.662515E-07 -1
vn -9.536743E-07 -8.662515E-07 -1
vn -9.536743E-07 -8.662515E-07 -1
vn -9.536743E-07 -8.662515E-07 -1
vn -9.536743E-07 -8.662515E-07 -1
vn -9.536743E-07 -8.662515E-07 -1
vn -9.536743E-07 -8.662515E-07 -1
vn -9.536743E-07 -8.662515E-07 -1
vn -9.536743E-07 -8.662515E-07 -1
vn -9.536743E-07 -8.662515E-07 -1
vn -9.536743E-07 -8.662515E-07 -1
vn -9.536743E-07 -8.662515E-07 -1
vn -9.536743E-07 -8.662515E-07 -1
vn -9.536743E-07 -8.662515E-07 -1
vn -9.536743E-07 -8.662515E-07 -1
vn -9.536743E-07 -8.662515E-07 -1
vn -9.536743E-07 -8.662515E-07 -1
vn -9.536743E-07 -8.662515E-07 -1
vn -9.536743E-07 -8.662515E-07 -1
vn -9.536743E-07 -8.662515E-07 -1
vn -9.536743E-07 -8.662515E-07 -1
vn -9.536743E-07 -8.662515E-07 -1
vn -9.536743E-07 -8.662515E-07 -1
vn -9.536743E-07 -8.662515E-07 -1
vn -9.536743E-07 -8.662515E-07 -1
vn 0.1090309 -0.9940383 7.571073E-07
vn -0.0219621 -0.9997588 8.869873E-07
vn 0.0219621 -0.9997588 8.450979E-07
vn 0.152172 -0.988354 7.110407E-07
vn 0.237425 -0.9714059 6.150557E-07
vn 0.2795379 -0.9601347 5.6513E-07
vn 0.3622606 -0.9320769 4.619344E-07
vn 0.4028663 -0.9152588 4.08641E-07
vn 0.4809977 -0.8767218 3.007464E-07
vn 0.5185462 -0.8550495 2.461637E-07
vn 0.591099 -0.806599 1.350016E-07
vn 0.6260644 -0.7797713 7.841649E-08
vn 0.6916222 -0.7222594 -3.392402E-08
vn 0.722259 -0.6916228 -8.96806E-08
vn 0.7797714 -0.6260643 -2.013188E-07
vn 0.8065996 -0.5910982 -2.571936E-07
vn 0.8550503 -0.5185452 -3.66249E-07
vn 0.8767222 -0.4809973 -4.194427E-07
vn 0.9152585 -0.402867 -5.238744E-07
vn 0.9320766 -0.3622616 -5.750879E-07
vn 0.9601343 -0.2795392 -6.735042E-07
vn 0.9714057 -0.2374261 -7.207339E-07
vn 0.9883541 -0.1521722 -8.107485E-07
vn 0.9940385 -0.1090302 -8.535414E-07
vn 0.9997588 -0.02196151 -9.344201E-07
vn 0.9997588 0.02196151 -9.724685E-07
vn 0.9940385 0.1090302 -1.042437E-06
vn 0.9883541 0.1521722 -1.074387E-06
vn 0.9714057 0.2374261 -1.132075E-06
vn 0.9601343 0.2795392 -1.157807E-06
vn 0.9320766 0.3622616 -1.202707E-06
vn 0.9152585 0.402867 -1.221843E-06
vn 0.8767222 0.4809973 -1.252772E-06
vn 0.8550503 0.5185452 -1.26463E-06
vn 0.8065996 0.5910982 -1.281273E-06
vn 0.7797714 0.6260643 -1.285977E-06
vn 0.722259 0.6916228 -1.287919E-06
vn 0.6916222 0.7222594 -1.285241E-06
vn 0.6260644 0.7797713 -1.27254E-06
vn 0.591099 0.806599 -1.262434E-06
vn 0.5185462 0.8550495 -1.235212E-06
vn 0.4809977 0.8767218 -1.218177E-06
vn 0.4028663 0.9152588 -1.177048E-06
vn 0.3622606 0.9320769 -1.152892E-06
vn 0.2795379 0.9601347 -1.098306E-06
vn 0.237425 0.9714058 -1.067908E-06
vn 0.152172 0.988354 -1.001286E-06
vn 0.1090309 0.9940383 -9.650672E-07
vn 0.0219621 0.9997588 -8.869873E-07
vn -0.0219621 0.9997588 -8.450979E-07
vn -0.1090309 0.9940383 -7.571073E-07
vn -0.152172 0.988354 -7.110407E-07
vn -0.237425 0.9714059 -6.150557E-07
vn -0.2795379 0.9601347 -5.6513E-07
vn -0.3622606 0.9320769 -4.619344E-07
vn -0.4028663 0.9152588 -4.08641E-07
vn -0.4809977 0.8767218 -3.007464E-07
vn -0.5185462 0.8550495 -2.461637E-07
vn -0.591099 0.806599 -1.350016E-07
vn -0.6260644 0.7797713 -7.841649E-08
vn -0.6916222 0.7222594 3.392402E-08
vn -0.722259 0.6916228 8.96806E-08
vn -0.7797714 0.6260643 2.013188E-07
vn -0.8065996 0.5910982 2.571936E-07
vn -0.8550503 0.5185452 3.66249E-07
vn -0.8767222 0.4809973 4.194427E-07
vn -0.9152585 0.402867 5.238744E-07
vn -0.9320766 0.3622616 5.750879E-07
vn -0.9601343 0.2795392 6.735042E-07
vn -0.9714057 0.2374261 7.207339E-07
vn -0.9883541 0.1521722 8.107485E-07
vn -0.9940385 0.1090302 8.535414E-07
vn -0.9997588 0.02196151 9.344201E-07
vn -0.9997588 -0.02196151 9.724685E-07
vn -0.9940385 -0.1090302 1.042437E-06
vn -0.9883541 -0.1521722 1.074387E-06
vn -0.9714057 -0.2374261 1.132075E-06
vn -0.9601343 -0.2795392 1.157807E-06
vn -0.9320766 -0.3622616 1.202707E-06
vn -0.9152585 -0.402867 1.221843E-06
vn -0.8767222 -0.4809973 1.252772E-06
vn -0.8550503 -0.5185452 1.26463E-06
vn -0.8065996 -0.5910982 1.281273E-06
vn -0.7797714 -0.6260643 1.285977E-06
vn -0.722259 -0.6916228 1.287919E-06
vn -0.6916222 -0.7222594 1.285241E-06
vn -0.6260644 -0.7797713 1.27254E-06
vn -0.591099 -0.806599 1.262434E-06
vn -0.5185462 -0.8550495 1.235212E-06
vn -0.4809977 -0.8767218 1.218177E-06
vn -0.4028663 -0.9152588 1.177048E-06
vn -0.3622606 -0.9320769 1.152892E-06
vn -0.2795379 -0.9601347 1.098306E-06
vn -0.237425 -0.9714058 1.067908E-06
vn -0.152172 -0.988354 1.001286E-06
vn -0.1090309 -0.9940383 9.650672E-07
vn -9.536743E-07 -8.662515E-07 -1
vn -9.536743E-07 -8.662515E-07 -1
vn -9.536743E-07 -8.662515E-07 -1
vn -9.536743E-07 -8.662515E-07 -1
vn -9.536743E-07 -8.662515E-07 -1
vn -9.536743E-07 -8.662515E-07 -1
vn -9.536743E-07 -8.662515E-07 -1
vn -9.536743E-07 -8.662515E-07 -1
vn -9.536743E-07 -8.662515E-07 -1
vn -9.536743E-07 -8.662515E-07 -1
vn -9.536743E-07 -8.662515E-07 -1
vn -9.536743E-07 -8.662515E-07 -1
vn -9.536743E-07 -8.662515E-07 -1
vn -9.536743E-07 -8.662515E-07 -1
vn -9.536743E-07 -8.662515E-07 -1
vn -9.536743E-07 -8.662515E-07 -1
vn -9.536743E-07 -8.662515E-07 -1
vn -9.536743E-07 -8.662515E-07 -1
vn -9.536743E-07 -8.662515E-07 -1
vn -9.536743E-07 -8.662515E-07 -1
vn -9.536743E-07 -8.662515E-07 -1
vn -9.536743E-07 -8.662515E-07 -1
vn -9.536743E-07 -8.662515E-07 -1
vn -9.536743E-07 -8.662515E-07 -1
vn -9.536743E-07 -8.662515E-07 -1
vn -9.536743E-07 -8.662515E-07 -1
vn -9.536743E-07 -8.662515E-07 -1
vn -9.536743E-07 -8.662515E-07 -1
vn -9.536743E-07 -8.662515E-07 -1
vn -9.536743E-07 -8.662515E-07 -1
vn -9.536743E-07 -8.662515E-07 -1
vn -9.536743E-07 -8.662515E-07 -1
vn -9.536743E-07 -8.662515E-07 -1
vn -9.536743E-07 -8.662515E-07 -1
vn -9.536743E-07 -8.662515E-07 -1
vn -9.536743E-07 -8.662515E-07 -1
vn -9.536743E-07 -8.662515E-07 -1
vn -9.536743E-07 -8.662515E-07 -1
vn -9.536743E-07 -8.662515E-07 -1
vn -9.536743E-07 -8.662515E-07 -1
vn -9.536743E-07 -8.662515E-07 -1
vn -9.536743E-07 -8.662515E-07 -1
vn -9.536743E-07 -8.662515E-07 -1
vn -9.536743E-07 -8.662515E-07 -1
vn -9.536743E-07 -8.662515E-07 -1
vn -9.536743E-07 -8.662515E-07 -1
vn -9.536743E-07 -8.662515E-07 -1
vn -9.536743E-07 -8.662515E-07 -1
vn -9.536743E-07 -8.662515E-07 -1
vn 0.1090301 -0.9940384 7.57108E-07
vn -0.02196149 -0.9997588 8.869867E-07
vn 0.02196149 -0.9997588 8.450984E-07
vn 0.1521723 -0.988354 7.110404E-07
vn 0.2374263 -0.9714056 6.150541E-07
vn 0.2795392 -0.9601343 5.651285E-07
vn 0.3622615 -0.9320765 4.619332E-07
vn 0.402867 -0.9152585 4.086402E-07
vn 0.4809973 -0.8767222 3.007471E-07
vn 0.518545 -0.8550502 2.461655E-07
vn 0.5910981 -0.8065997 1.350032E-07
vn 0.6260642 -0.7797715 7.841687E-08
vn 0.6916226 -0.7222592 -3.392456E-08
vn 0.7222592 -0.6916226 -8.968092E-08
vn 0.7797715 -0.6260642 -2.01319E-07
vn 0.8065997 -0.5910981 -2.571938E-07
vn 0.8550502 -0.518545 -3.66249E-07
vn 0.8767222 -0.4809973 -4.194427E-07
vn 0.9152585 -0.402867 -5.238744E-07
vn 0.9320765 -0.3622615 -5.750879E-07
vn 0.9601343 -0.2795392 -6.735042E-07
vn 0.9714056 -0.2374263 -7.207336E-07
vn 0.988354 -0.1521723 -8.107484E-07
vn 0.9940384 -0.1090301 -8.535414E-07
vn 0.9997588 -0.02196149 -9.344201E-07
vn 0.9997588 0.02196149 -9.724685E-07
vn 0.9940384 0.1090301 -1.042436E-06
vn 0.988354 0.1521723 -1.074387E-06
vn 0.9714056 0.2374263 -1.132075E-06
vn 0.9601343 0.2795392 -1.157807E-06
vn 0.9320765 0.3622615 -1.202707E-06
vn 0.9152585 0.402867 -1.221843E-06
vn 0.8767222 0.4809973 -1.252772E-06
vn 0.8550502 0.518545 -1.26463E-06
vn 0.8065997 0.5910981 -1.281273E-06
vn 0.7797715 0.6260642 -1.285977E-06
vn 0.7222592 0.6916226 -1.287919E-06
vn 0.6916226 0.7222592 -1.285241E-06
vn 0.6260642 0.7797715 -1.27254E-06
vn 0.5910981 0.8065997 -1.262433E-06
vn 0.518545 0.8550502 -1.235212E-06
vn 0.4809973 0.8767222 -1.218177E-06
vn 0.402867 0.9152585 -1.177048E-06
vn 0.3622615 0.9320765 -1.152892E-06
vn 0.2795392 0.9601343 -1.098307E-06
vn 0.2374263 0.9714056 -1.067909E-06
vn 0.1521723 0.988354 -1.001286E-06
vn 0.1090301 0.9940384 -9.650665E-07
vn 0.02196149 0.9997588 -8.869867E-07
vn -0.02196149 0.9997588 -8.450984E-07
vn -0.1090301 0.9940384 -7.57108E-07
vn -0.1521723 0.988354 -7.110404E-07
vn -0.2374263 0.9714056 -6.150541E-07
vn -0.2795392 0.9601343 -5.651285E-07
vn -0.3622615 0.9320765 -4.619332E-07
vn -0.402867 0.9152585 -4.086402E-07
vn -0.4809973 0.8767222 -3.007471E-07
vn -0.518545 0.8550502 -2.461655E-07
vn -0.5910981 0.8065997 -1.350032E-07
vn -0.6260642 0.7797715 -7.841687E-08
vn -0.6916226 0.7222592 3.392456E-08
vn -0.7222592 0.6916226 8.968092E-08
vn -0.7797715 0.6260642 2.01319E-07
vn -0.8065997 0.5910981 2.571938E-07
vn -0.8550502 0.518545 3.66249E-07
vn -0.8767222 0.4809973 4.194427E-07
vn -0.9152585 0.402867 5.238744E-07
vn -0.9320765 0.3622615 5.750879E-07
vn -0.9601343 0.2795392 6.735042E-07
vn -0.9714056 0.2374263 7.207336E-07
vn -0.988354 0.1521723 8.107484E-07
vn -0.9940384 0.1090301 8.535414E-07
vn -0.9997588 0.02196149 9.344201E-07
vn -0.9997588 -0.02196149 9.724685E-07
vn -0.9940384 -0.1090301 1.042436E-06
vn -0.988354 -0.1521723 1.074387E-06
vn -0.9714056 -0.2374263 1.132075E-06
vn -0.9601343 -0.2795392 1.157807E-06
vn -0.9320765 -0.3622615 1.202707E-06
vn -0.9152585 -0.402867 1.221843E-06
vn -0.8767222 -0.4809973 1.252772E-06
vn -0.8550502 -0.518545 1.26463E-06
vn -0.8065997 -0.5910981 1.281273E-06
vn -0.7797715 -0.6260642 1.285977E-06
vn -0.7222592 -0.6916226 1.287919E-06
vn -0.6916226 -0.7222592 1.285241E-06
vn -0.6260642 -0.7797715 1.27254E-06
vn -0.5910981 -0.8065997 1.262433E-06
vn -0.518545 -0.8550502 1.235212E-06
vn -0.4809973 -0.8767222 1.218177E-06
vn -0.402867 -0.9152585 1.177048E-06
vn -0.3622615 -0.9320765 1.152892E-06
vn -0.2795392 -0.9601343 1.098307E-06
vn -0.2374263 -0.9714056 1.067909E-06
vn -0.1521723 -0.988354 1.001286E-06
vn -0.1090301 -0.9940384 9.650665E-07
vn -9.536743E-07 -8.662515E-07 -1
vn -9.536743E-07 -8.662515E-07 -1
vn -9.536743E-07 -8.662515E-07 -1
vn -9.536743E-07 -8.662515E-07 -1
vn -9.536743E-07 -8.662515E-07 -1
vn -9.536743E-07 -8.662515E-07 -1
vn -9.536743E-07 -8.662515E-07 -1
vn -9.536743E-07 -8.662515E-07 -1
vn -9.536743E-07 -8.662515E-07 -1
vn -9.536743E-07 -8.662515E-07 -1
vn -9.536743E-07 -8.662515E-07 -1
vn -9.536743E-07 -8.662515E-07 -1
vn -9.536743E-07 -8.662515E-07 -1
vn -9.536743E-07 -8.662515E-07 -1
vn -9.536743E-07 -8.662515E-07 -1
vn -9.536743E-07 -8.662515E-07 -1
vn -9.536743E-07 -8.662515E-07 -1
vn -9.536743E-07 -8.662515E-07 -1
vn -9.536743E-07 -8.662515E-07 -1
vn -9.536743E-07 -8.662515E-07 -1
vn -9.536743E-07 -8.662515E-07 -1
vn -9.536743E-07 -8.662515E-07 -1
vn -9.536743E-07 -8.662515E-07 -1
vn -9.536743E-07 -8.662515E-07 -1
vn -9.536743E-07 -8.662515E-07 -1
vn -9.536743E-07 -8.662515E-07 -1
vn -9.536743E-07 -8.662515E-07 -1
vn -9.536743E-07 -8.662515E-07 -1
vn -9.536743E-07 -8.662515E-07 -1
vn -9.536743E-07 -8.662515E-07 -1
vn -9.536743E-07 -8.662515E-07 -1
vn -9.536743E-07 -8.662515E-07 -1
vn -9.536743E-07 -8.662515E-07 -1
vn -9.536743E-07 -8.662515E-07 -1
vn -9.536743E-07 -8.662515E-07 -1
vn -9.536743E-07 -8.662515E-07 -1
vn -9.536743E-07 -8.662515E-07 -1
vn -9.536743E-07 -8.662515E-07 -1
vn -9.536743E-07 -8.662515E-07 -1
vn -9.536743E-07 -8.662515E-07 -1
vn -9.536743E-07 -8.662515E-07 -1
vn -9.536743E-07 -8.662515E-07 -1
vn -9.536743E-07 -8.662515E-07 -1
vn -9.536743E-07 -8.662515E-07 -1
vn -9.536743E-07 -8.662515E-07 -1
vn -9.536743E-07 -8.662515E-07 -1
vn -9.536743E-07 -8.662515E-07 -1
vn -9.536743E-07 -8.662515E-07 -1
vn -9.536743E-07 -8.662515E-07 -1
vn 0.1090309 -0.9940383 7.571073E-07
vn -0.0219621 -0.9997588 8.869873E-07
vn 0.0219621 -0.9997588 8.450979E-07
vn 0.152172 -0.988354 7.110407E-07
vn 0.237425 -0.9714059 6.150557E-07
vn 0.2795379 -0.9601347 5.6513E-07
vn 0.3622606 -0.9320769 4.619344E-07
vn 0.4028663 -0.9152588 4.08641E-07
vn 0.4809977 -0.8767218 3.007464E-07
vn 0.5185462 -0.8550495 2.461637E-07
vn 0.591099 -0.806599 1.350016E-07
vn 0.6260644 -0.7797713 7.841649E-08
vn 0.6916222 -0.7222594 -3.392402E-08
vn 0.722259 -0.6916228 -8.96806E-08
vn 0.7797714 -0.6260643 -2.013188E-07
vn 0.8065996 -0.5910982 -2.571936E-07
vn 0.8550503 -0.5185452 -3.66249E-07
vn 0.8767222 -0.4809973 -4.194427E-07
vn 0.9152585 -0.402867 -5.238744E-07
vn 0.9320766 -0.3622616 -5.750879E-07
vn 0.9601343 -0.2795392 -6.735042E-07
vn 0.9714057 -0.2374261 -7.207339E-07
vn 0.9883541 -0.1521722 -8.107485E-07
vn 0.9940385 -0.1090302 -8.535414E-07
vn 0.9997588 -0.02196151 -9.344201E-07
vn 0.9997588 0.02196151 -9.724685E-07
vn 0.9940385 0.1090302 -1.042437E-06
vn 0.9883541 0.1521722 -1.074387E-06
vn 0.9714057 0.2374261 -1.132075E-06
vn 0.9601343 0.2795392 -1.157807E-06
vn 0.9320766 0.3622616 -1.202707E-06
vn 0.9152585 0.402867 -1.221843E-06
vn 0.8767222 0.4809973 -1.252772E-06
vn 0.8550503 0.5185452 -1.26463E-06
vn 0.8065996 0.5910982 -1.281273E-06
vn 0.7797714 0.6260643 -1.285977E-06
vn 0.722259 0.6916228 -1.287919E-06
vn 0.6916222 0.7222594 -1.285241E-06
vn 0.6260644 0.7797713 -1.27254E-06
vn 0.591099 0.806599 -1.262434E-06
vn 0.5185462 0.8550495 -1.235212E-06
vn 0.4809977 0.8767218 -1.218177E-06
vn 0.4028663 0.9152588 -1.177048E-06
vn 0.3622606 0.9320769 -1.152892E-06
vn 0.2795379 0.9601347 -1.098306E-06
vn 0.237425 0.9714058 -1.067908E-06
vn 0.152172 0.988354 -1.001286E-06
vn 0.1090309 0.9940383 -9.650672E-07
vn 0.0219621 0.9997588 -8.869873E-07
vn -0.0219621 0.9997588 -8.450979E-07
vn -0.1090309 0.9940383 -7.571073E-07
vn -0.152172 0.988354 -7.110407E-07
vn -0.237425 0.9714059 -6.150557E-07
vn -0.2795379 0.9601347 -5.6513E-07
vn -0.3622606 0.9320769 -4.619344E-07
vn -0.4028663 0.9152588 -4.08641E-07
vn -0.4809977 0.8767218 -3.007464E-07
vn -0.5185462 0.8550495 -2.461637E-07
vn -0.591099 0.806599 -1.350016E-07
vn -0.6260644 0.7797713 -7.841649E-08
vn -0.6916222 0.7222594 3.392402E-08
vn -0.722259 0.6916228 8.96806E-08
vn -0.7797714 0.6260643 2.013188E-07
vn -0.8065996 0.5910982 2.571936E-07
vn -0.8550503 0.5185452 3.66249E-07
vn -0.8767222 0.4809973 4.194427E-07
vn -0.9152585 0.402867 5.238744E-07
vn -0.9320766 0.3622616 5.750879E-07
vn -0.9601343 0.2795392 6.735042E-07
vn -0.9714057 0.2374261 7.207339E-07
vn -0.9883541 0.1521722 8.107485E-07
vn -0.9940385 0.1090302 8.535414E-07
vn -0.9997588 0.02196151 9.344201E-07
vn -0.9997588 -0.02196151 9.724685E-07
vn -0.9940385 -0.1090302 1.042437E-06
vn -0.9883541 -0.1521722 1.074387E-06
vn -0.9714057 -0.2374261 1.132075E-06
vn -0.9601343 -0.2795392 1.157807E-06
vn -0.9320766 -0.3622616 1.202707E-06
vn -0.9152585 -0.402867 1.221843E-06
vn -0.8767222 -0.4809973 1.252772E-06
vn -0.8550503 -0.5185452 1.26463E-06
vn -0.8065996 -0.5910982 1.281273E-06
vn -0.7797714 -0.6260643 1.285977E-06
vn -0.722259 -0.6916228 1.287919E-06
vn -0.6916222 -0.7222594 1.285241E-06
vn -0.6260644 -0.7797713 1.27254E-06
vn -0.591099 -0.806599 1.262434E-06
vn -0.5185462 -0.8550495 1.235212E-06
vn -0.4809977 -0.8767218 1.218177E-06
vn -0.4028663 -0.9152588 1.177048E-06
vn -0.3622606 -0.9320769 1.152892E-06
vn -0.2795379 -0.9601347 1.098306E-06
vn -0.237425 -0.9714058 1.067908E-06
vn -0.152172 -0.988354 1.001286E-06
vn -0.1090309 -0.9940383 9.650672E-07
vn -9.536743E-07 -8.662515E-07 -1
vn -9.536743E-07 -8.662515E-07 -1
vn -9.536743E-07 -8.662515E-07 -1
vn -9.536743E-07 -8.662515E-07 -1
vn -1 -8.337286E-14 9.536743E-07
vn -1 -8.337286E-14 9.536743E-07
vn -1 -8.337286E-14 9.536743E-07
vn -1 -8.337286E-14 9.536743E-07
vn 0 -1 8.662515E-07
vn 0 -1 8.662515E-07
vn 0 -1 8.662515E-07
vn 0 -1 8.662515E-07
vn 1 8.337286E-14 -9.536743E-07
vn 1 8.337286E-14 -9.536743E-07
vn 1 8.337286E-14 -9.536743E-07
vn 1 8.337286E-14 -9.536743E-07
vn 0 1 -8.662515E-07
vn 0 1 -8.662515E-07
vn 0 1 -8.662515E-07
vn 0 1 -8.662515E-07
vn -9.536743E-07 -8.662515E-07 -1
vn -9.536743E-07 -8.662515E-07 -1
vn -9.536743E-07 -8.662515E-07 -0.9999999
vn -9.536743E-07 -8.662515E-07 -1
vn -9.536743E-07 -8.662515E-07 -1
vn -9.536743E-07 -8.662515E-07 -0.9999999
vn -9.536743E-07 -8.662515E-07 -1
vn -9.536743E-07 -8.662515E-07 -1
vn 9.536743E-07 8.662515E-07 1
vn 9.536743E-07 8.662515E-07 1
vn 9.536743E-07 8.662515E-07 1
vn 9.536743E-07 8.662515E-07 1
vn 1 8.337286E-14 -9.536743E-07
vn 1 8.337286E-14 -9.536743E-07
vn 1 8.337286E-14 -9.536743E-07
vn 1 8.337286E-14 -9.536743E-07
vn 0 1 -8.662515E-07
vn 0 1 -8.662515E-07
vn 0 1 -8.662515E-07
vn 0 1 -8.662515E-07
vn -1 -8.337286E-14 9.536743E-07
vn -1 -8.337286E-14 9.536743E-07
vn -1 -8.337286E-14 9.536743E-07
vn -1 -8.337286E-14 9.536743E-07
vn 0 -1 8.662515E-07
vn 0 -1 8.662515E-07
vn 0 -1 8.662515E-07
vn 0 -1 8.662515E-07
vn 0.1090313 -0.9940383 7.571069E-07
vn -0.0219621 -0.9997588 8.869873E-07
vn 0.0219621 -0.9997588 8.450979E-07
vn 0.1521728 -0.9883538 7.110398E-07
vn 0.2374258 -0.9714056 6.150547E-07
vn 0.2795383 -0.9601346 5.651295E-07
vn 0.3622609 -0.9320768 4.619341E-07
vn 0.402867 -0.9152585 4.086402E-07
vn 0.4809977 -0.8767217 3.007464E-07
vn 0.5185454 -0.8550501 2.461651E-07
vn 0.591098 -0.8065999 1.350034E-07
vn 0.6260639 -0.7797717 7.841736E-08
vn 0.6916218 -0.7222598 -3.392337E-08
vn 0.7222583 -0.6916234 -8.967935E-08
vn 0.7797711 -0.6260647 -2.013183E-07
vn 0.8065998 -0.5910978 -2.571941E-07
vn 0.8550507 -0.5185445 -3.662499E-07
vn 0.8767223 -0.4809968 -4.194434E-07
vn 0.9152586 -0.4028667 -5.238748E-07
vn 0.9320765 -0.3622614 -5.750879E-07
vn 0.9601343 -0.2795395 -6.735038E-07
vn 0.9714055 -0.2374266 -7.207333E-07
vn 0.9883539 -0.1521723 -8.107482E-07
vn 0.9940384 -0.1090301 -8.535414E-07
vn 0.9997588 -0.02196146 -9.344202E-07
vn 0.9997588 0.02196146 -9.724685E-07
vn 0.9940384 0.1090301 -1.042436E-06
vn 0.9883539 0.1521723 -1.074387E-06
vn 0.9714055 0.2374266 -1.132076E-06
vn 0.9601343 0.2795395 -1.157807E-06
vn 0.9320765 0.3622614 -1.202707E-06
vn 0.9152586 0.4028667 -1.221843E-06
vn 0.8767222 0.4809971 -1.252772E-06
vn 0.8550503 0.5185452 -1.26463E-06
vn 0.8065996 0.5910982 -1.281273E-06
vn 0.7797715 0.6260643 -1.285977E-06
vn 0.7222591 0.6916226 -1.287919E-06
vn 0.6916223 0.7222593 -1.285241E-06
vn 0.6260639 0.7797717 -1.27254E-06
vn 0.591098 0.8065999 -1.262433E-06
vn 0.5185454 0.8550501 -1.235212E-06
vn 0.4809977 0.8767217 -1.218177E-06
vn 0.4028677 0.9152582 -1.177048E-06
vn 0.3622623 0.9320762 -1.152893E-06
vn 0.2795398 0.9601341 -1.098308E-06
vn 0.2374266 0.9714056 -1.067909E-06
vn 0.152172 0.988354 -1.001286E-06
vn 0.1090297 0.9940385 -9.650662E-07
vn 0.02196128 0.9997588 -8.869865E-07
vn -0.02196128 0.9997588 -8.450987E-07
vn -0.1090297 0.9940385 -7.571085E-07
vn -0.152172 0.988354 -7.110407E-07
vn -0.2374266 0.9714056 -6.150539E-07
vn -0.2795398 0.9601341 -5.651278E-07
vn -0.3622623 0.9320762 -4.619322E-07
vn -0.4028677 0.9152582 -4.086393E-07
vn -0.4809977 0.8767217 -3.007464E-07
vn -0.5185454 0.8550501 -2.461651E-07
vn -0.591098 0.8065999 -1.350034E-07
vn -0.6260639 0.7797717 -7.841736E-08
vn -0.6916223 0.7222593 3.392413E-08
vn -0.7222591 0.6916226 8.968081E-08
vn -0.7797715 0.6260643 2.013189E-07
vn -0.8065996 0.5910982 2.571935E-07
vn -0.8550503 0.5185452 3.662489E-07
vn -0.8767222 0.4809971 4.194429E-07
vn -0.9152586 0.4028667 5.238748E-07
vn -0.9320765 0.3622614 5.750879E-07
vn -0.9601343 0.2795395 6.735038E-07
vn -0.9714055 0.2374266 7.207333E-07
vn -0.9883539 0.1521723 8.107482E-07
vn -0.9940384 0.1090301 8.535414E-07
vn -0.9997588 0.02196146 9.344202E-07
vn -0.9997588 -0.02196146 9.724685E-07
vn -0.9940384 -0.1090301 1.042436E-06
vn -0.9883539 -0.1521723 1.074387E-06
vn -0.9714055 -0.2374266 1.132076E-06
vn -0.9601343 -0.2795395 1.157807E-06
vn -0.9320765 -0.3622614 1.202707E-06
vn -0.9152586 -0.4028667 1.221843E-06
vn -0.8767223 -0.4809968 1.252772E-06
vn -0.8550507 -0.5185445 1.26463E-06
vn -0.8065998 -0.5910978 1.281273E-06
vn -0.7797711 -0.6260647 1.285977E-06
vn -0.7222583 -0.6916234 1.287919E-06
vn -0.6916218 -0.7222598 1.285241E-06
vn -0.6260639 -0.7797717 1.27254E-06
vn -0.591098 -0.8065999 1.262433E-06
vn -0.5185454 -0.8550501 1.235212E-06
vn -0.4809977 -0.8767217 1.218177E-06
vn -0.402867 -0.9152585 1.177048E-06
vn -0.3622609 -0.9320768 1.152892E-06
vn -0.2795383 -0.9601346 1.098306E-06
vn -0.2374258 -0.9714056 1.067908E-06
vn -0.1521728 -0.9883538 1.001286E-06
vn -0.1090313 -0.9940383 9.650676E-07
vn 9.536743E-07 8.662515E-07 1
vn 9.536743E-07 8.662515E-07 1
vn 9.536743E-07 8.662515E-07 1
vn 9.536743E-07 8.662515E-07 1
vn 9.536743E-07 8.662515E-07 1
vn 9.536743E-07 8.662515E-07 1
vn 9.536743E-07 8.662515E-07 1
vn 9.536743E-07 8.662515E-07 1
vn 9.536743E-07 8.662515E-07 1
vn 9.536743E-07 8.662515E-07 1
vn 9.536743E-07 8.662515E-07 0.9999999
vn 9.536743E-07 8.662515E-07 1
vn 9.536743E-07 8.662515E-07 0.9999999
vn 9.536743E-07 8.662515E-07 1
vn 9.536743E-07 8.662515E-07 1
vn 9.536743E-07 8.662515E-07 1
vn 9.536743E-07 8.662515E-07 1
vn 9.536743E-07 8.662515E-07 1
vn 9.536743E-07 8.662515E-07 1
vn 9.536743E-07 8.662515E-07 1
vn 9.536743E-07 8.662515E-07 1
vn 9.536743E-07 8.662515E-07 1
vn 9.536743E-07 8.662515E-07 0.9999999
vn 9.536743E-07 8.662515E-07 1
vn 9.536743E-07 8.662515E-07 1
vn 9.536743E-07 8.662515E-07 1
vn 9.536743E-07 8.662515E-07 1
vn 9.536743E-07 8.662515E-07 1
vn 9.536743E-07 8.662515E-07 0.9999999
vn 9.536743E-07 8.662515E-07 1
vn 9.536743E-07 8.662515E-07 1
vn 9.536743E-07 8.662515E-07 1
vn 9.536743E-07 8.662515E-07 1
vn 9.536743E-07 8.662515E-07 0.9999999
vn 9.536743E-07 8.662515E-07 0.9999999
vn 9.536743E-07 8.662515E-07 1
vn 9.536743E-07 8.662515E-07 0.9999999
vn 9.536743E-07 8.662515E-07 1
vn 9.536743E-07 8.662515E-07 1
vn 9.536743E-07 8.662515E-07 1
vn 9.536743E-07 8.662515E-07 1
vn 9.536743E-07 8.662515E-07 1
vn 9.536743E-07 8.662515E-07 1
vn 9.536743E-07 8.662515E-07 1
vn 9.536743E-07 8.662515E-07 1
vn 9.536743E-07 8.662515E-07 1
vn 9.536743E-07 8.662515E-07 1
vn 9.536743E-07 8.662515E-07 1
vn 9.536743E-07 8.662515E-07 1
vn 0.1090297 -0.9940385 7.571085E-07
vn -0.02196128 -0.9997588 8.869865E-07
vn 0.02196128 -0.9997588 8.450987E-07
vn 0.152172 -0.988354 7.110407E-07
vn 0.2374266 -0.9714056 6.150539E-07
vn 0.2795398 -0.9601341 5.651278E-07
vn 0.3622619 -0.9320763 4.619326E-07
vn 0.402867 -0.9152585 4.086402E-07
vn 0.4809971 -0.8767222 3.007473E-07
vn 0.5185451 -0.8550503 2.461655E-07
vn 0.5910982 -0.8065996 1.350029E-07
vn 0.6260644 -0.7797713 7.841655E-08
vn 0.6916227 -0.722259 -3.392489E-08
vn 0.7222592 -0.6916224 -8.968113E-08
vn 0.7797715 -0.6260643 -2.013189E-07
vn 0.8065996 -0.5910982 -2.571935E-07
vn 0.8550503 -0.5185452 -3.662489E-07
vn 0.8767222 -0.4809971 -4.194429E-07
vn 0.9152586 -0.4028669 -5.238746E-07
vn 0.9320764 -0.3622617 -5.750876E-07
vn 0.9601343 -0.2795395 -6.735038E-07
vn 0.9714056 -0.2374264 -7.207336E-07
vn 0.988354 -0.1521722 -8.107484E-07
vn 0.9940384 -0.1090301 -8.535414E-07
vn 0.9997588 -0.02196149 -9.344201E-07
vn 0.9997588 0.02196149 -9.724685E-07
vn 0.9940384 0.1090301 -1.042436E-06
vn 0.988354 0.1521722 -1.074387E-06
vn 0.9714056 0.2374264 -1.132075E-06
vn 0.9601343 0.2795395 -1.157807E-06
vn 0.9320764 0.3622617 -1.202707E-06
vn 0.9152586 0.4028669 -1.221843E-06
vn 0.8767223 0.4809971 -1.252772E-06
vn 0.8550503 0.518545 -1.26463E-06
vn 0.8065997 0.5910981 -1.281273E-06
vn 0.7797716 0.6260642 -1.285977E-06
vn 0.7222592 0.6916225 -1.287919E-06
vn 0.6916225 0.7222592 -1.285241E-06
vn 0.6260642 0.7797716 -1.27254E-06
vn 0.5910981 0.8065997 -1.262433E-06
vn 0.5185451 0.8550503 -1.235212E-06
vn 0.4809971 0.8767222 -1.218177E-06
vn 0.4028669 0.9152586 -1.177048E-06
vn 0.3622616 0.9320765 -1.152892E-06
vn 0.2795394 0.9601342 -1.098307E-06
vn 0.2374264 0.9714056 -1.067909E-06
vn 0.1521722 0.988354 -1.001286E-06
vn 0.1090301 0.9940385 -9.650665E-07
vn 0.02196149 0.9997588 -8.869867E-07
vn -0.02196149 0.9997588 -8.450984E-07
vn -0.1090301 0.9940385 -7.571081E-07
vn -0.1521722 0.988354 -7.110404E-07
vn -0.2374264 0.9714056 -6.150541E-07
vn -0.2795394 0.9601342 -5.651282E-07
vn -0.3622616 0.9320765 -4.619332E-07
vn -0.4028669 0.9152586 -4.086404E-07
vn -0.4809971 0.8767222 -3.007473E-07
vn -0.5185451 0.8550503 -2.461655E-07
vn -0.5910981 0.8065997 -1.350032E-07
vn -0.6260642 0.7797716 -7.841698E-08
vn -0.6916225 0.7222592 3.392451E-08
vn -0.7222592 0.6916225 8.968097E-08
vn -0.7797716 0.6260642 2.013191E-07
vn -0.8065997 0.5910981 2.571938E-07
vn -0.8550503 0.518545 3.662491E-07
vn -0.8767223 0.4809971 4.194431E-07
vn -0.9152586 0.4028669 5.238746E-07
vn -0.9320764 0.3622617 5.750876E-07
vn -0.9601343 0.2795395 6.735038E-07
vn -0.9714056 0.2374264 7.207336E-07
vn -0.988354 0.1521722 8.107484E-07
vn -0.9940384 0.1090301 8.535414E-07
vn -0.9997588 0.02196149 9.344201E-07
vn -0.9997588 -0.02196149 9.724685E-07
vn -0.9940384 -0.1090301 1.042436E-06
vn -0.988354 -0.1521722 1.074387E-06
vn -0.9714056 -0.2374264 1.132075E-06
vn -0.9601343 -0.2795395 1.157807E-06
vn -0.9320764 -0.3622617 1.202707E-06
vn -0.9152586 -0.4028669 1.221843E-06
vn -0.8767222 -0.4809971 1.252772E-06
vn -0.8550503 -0.5185452 1.26463E-06
vn -0.8065996 -0.5910982 1.281273E-06
vn -0.7797715 -0.6260643 1.285977E-06
vn -0.7222592 -0.6916224 1.287919E-06
vn -0.6916227 -0.722259 1.285241E-06
vn -0.6260644 -0.7797713 1.27254E-06
vn -0.5910982 -0.8065996 1.262433E-06
vn -0.5185451 -0.8550503 1.235212E-06
vn -0.4809971 -0.8767222 1.218177E-06
vn -0.402867 -0.9152585 1.177048E-06
vn -0.3622619 -0.9320763 1.152892E-06
vn -0.2795398 -0.9601341 1.098308E-06
vn -0.2374266 -0.9714056 1.067909E-06
vn -0.152172 -0.988354 1.001286E-06
vn -0.1090297 -0.9940385 9.650662E-07
vn 9.536743E-07 8.662515E-07 1
vn 9.536743E-07 8.662515E-07 1
vn 9.536743E-07 8.662515E-07 1
vn 9.536743E-07 8.662515E-07 1
vn 9.536743E-07 8.662515E-07 1
vn 9.536743E-07 8.662515E-07 1
vn 9.536743E-07 8.662515E-07 1
vn 9.536743E-07 8.662515E-07 1
vn 9.536743E-07 8.662515E-07 1
vn 9.536743E-07 8.662515E-07 0.9999999
vn 9.536743E-07 8.662515E-07 1
vn 9.536743E-07 8.662515E-07 1
vn 9.536743E-07 8.662515E-07 1
vn 9.536743E-07 8.662515E-07 1
vn 9.536743E-07 8.662515E-07 1
vn 9.536743E-07 8.662515E-07 1
vn 9.536743E-07 8.662515E-07 1
vn 9.536743E-07 8.662515E-07 1
vn 9.536743E-07 8.662515E-07 1
vn 9.536743E-07 8.662515E-07 1
vn 9.536743E-07 8.662515E-07 1
vn 9.536743E-07 8.662515E-07 1
vn 9.536743E-07 8.662515E-07 1
vn 9.536743E-07 8.662515E-07 1
vn 9.536743E-07 8.662515E-07 1
vn 9.536743E-07 8.662515E-07 1
vn 9.536743E-07 8.662515E-07 1
vn 9.536743E-07 8.662515E-07 1
vn 9.536743E-07 8.662515E-07 1
vn 9.536743E-07 8.662515E-07 1
vn 9.536743E-07 8.662515E-07 1
vn 9.536743E-07 8.662515E-07 1
vn 9.536743E-07 8.662515E-07 1
vn 9.536743E-07 8.662515E-07 1
vn 9.536743E-07 8.662515E-07 1
vn 9.536743E-07 8.662515E-07 1
vn 9.536743E-07 8.662515E-07 1
vn 9.536743E-07 8.662515E-07 1
vn 9.536743E-07 8.662515E-07 1
vn 9.536743E-07 8.662515E-07 1
vn 9.536743E-07 8.662515E-07 1
vn 9.536743E-07 8.662515E-07 1
vn 9.536743E-07 8.662515E-07 1
vn 9.536743E-07 8.662515E-07 1
vn 9.536743E-07 8.662515E-07 1
vn 9.536743E-07 8.662515E-07 1
vn 9.536743E-07 8.662515E-07 1
vn 9.536743E-07 8.662515E-07 1
vn 9.536743E-07 8.662515E-07 1
vn 0.1090301 -0.9940385 7.571081E-07
vn -0.02196149 -0.9997588 8.869867E-07
vn 0.02196149 -0.9997588 8.450984E-07
vn 0.1521722 -0.988354 7.110404E-07
vn 0.2374264 -0.9714056 6.150541E-07
vn 0.2795394 -0.9601342 5.651282E-07
vn 0.3622616 -0.9320765 4.619332E-07
vn 0.4028669 -0.9152586 4.086404E-07
vn 0.4809971 -0.8767222 3.007473E-07
vn 0.5185451 -0.8550503 2.461655E-07
vn 0.5910981 -0.8065997 1.350032E-07
vn 0.6260642 -0.7797716 7.841698E-08
vn 0.6916225 -0.7222592 -3.392451E-08
vn 0.7222592 -0.6916225 -8.968097E-08
vn 0.7797716 -0.6260642 -2.013191E-07
vn 0.8065997 -0.5910981 -2.571938E-07
vn 0.8550503 -0.518545 -3.662491E-07
vn 0.8767223 -0.4809971 -4.194431E-07
vn 0.9152586 -0.4028669 -5.238746E-07
vn 0.9320764 -0.3622617 -5.750876E-07
vn 0.9601343 -0.2795395 -6.735038E-07
vn 0.9714056 -0.2374264 -7.207336E-07
vn 0.988354 -0.1521722 -8.107484E-07
vn 0.9940384 -0.1090301 -8.535414E-07
vn 0.9997588 -0.02196149 -9.344201E-07
vn 0.9997588 0.02196149 -9.724685E-07
vn 0.9940384 0.1090301 -1.042436E-06
vn 0.988354 0.1521722 -1.074387E-06
vn 0.9714056 0.2374264 -1.132075E-06
vn 0.9601343 0.2795395 -1.157807E-06
vn 0.9320764 0.3622617 -1.202707E-06
vn 0.9152586 0.4028669 -1.221843E-06
vn 0.8767222 0.4809971 -1.252772E-06
vn 0.8550503 0.5185452 -1.26463E-06
vn 0.8065996 0.5910982 -1.281273E-06
vn 0.7797715 0.6260643 -1.285977E-06
vn 0.7222592 0.6916224 -1.287919E-06
vn 0.6916227 0.722259 -1.285241E-06
vn 0.6260644 0.7797713 -1.27254E-06
vn 0.5910982 0.8065996 -1.262433E-06
vn 0.5185451 0.8550503 -1.235212E-06
vn 0.4809971 0.8767222 -1.218177E-06
vn 0.402867 0.9152585 -1.177048E-06
vn 0.3622619 0.9320763 -1.152892E-06
vn 0.2795398 0.9601341 -1.098308E-06
vn 0.2374266 0.9714056 -1.067909E-06
vn 0.152172 0.988354 -1.001286E-06
vn 0.1090297 0.9940385 -9.650662E-07
vn 0.02196128 0.9997588 -8.869865E-07
vn -0.02196128 0.9997588 -8.450987E-07
vn -0.1090297 0.9940385 -7.571085E-07
vn -0.152172 0.988354 -7.110407E-07
vn -0.2374266 0.9714056 -6.150539E-07
vn -0.2795398 0.9601341 -5.651278E-07
vn -0.3622619 0.9320763 -4.619326E-07
vn -0.402867 0.9152585 -4.086402E-07
vn -0.4809971 0.8767222 -3.007473E-07
vn -0.5185451 0.8550503 -2.461655E-07
vn -0.5910982 0.8065996 -1.350029E-07
vn -0.6260644 0.7797713 -7.841655E-08
vn -0.6916227 0.722259 3.392489E-08
vn -0.7222592 0.6916224 8.968113E-08
vn -0.7797715 0.6260643 2.013189E-07
vn -0.8065996 0.5910982 2.571935E-07
vn -0.8550503 0.5185452 3.662489E-07
vn -0.8767222 0.4809971 4.194429E-07
vn -0.9152586 0.4028669 5.238746E-07
vn -0.9320764 0.3622617 5.750876E-07
vn -0.9601343 0.2795395 6.735038E-07
vn -0.9714056 0.2374264 7.207336E-07
vn -0.988354 0.1521722 8.107484E-07
vn -0.9940384 0.1090301 8.535414E-07
vn -0.9997588 0.02196149 9.344201E-07
vn -0.9997588 -0.02196149 9.724685E-07
vn -0.9940384 -0.1090301 1.042436E-06
vn -0.988354 -0.1521722 1.074387E-06
vn -0.9714056 -0.2374264 1.132075E-06
vn -0.9601343 -0.2795395 1.157807E-06
vn -0.9320764 -0.3622617 1.202707E-06
vn -0.9152586 -0.4028669 1.221843E-06
vn -0.8767223 -0.4809971 1.252772E-06
vn -0.8550503 -0.518545 1.26463E-06
vn -0.8065997 -0.5910981 1.281273E-06
vn -0.7797716 -0.6260642 1.285977E-06
vn -0.7222592 -0.6916225 1.287919E-06
vn -0.6916225 -0.7222592 1.285241E-06
vn -0.6260642 -0.7797716 1.27254E-06
vn -0.5910981 -0.8065997 1.262433E-06
vn -0.5185451 -0.8550503 1.235212E-06
vn -0.4809971 -0.8767222 1.218177E-06
vn -0.4028669 -0.9152586 1.177048E-06
vn -0.3622616 -0.9320765 1.152892E-06
vn -0.2795394 -0.9601342 1.098307E-06
vn -0.2374264 -0.9714056 1.067909E-06
vn -0.1521722 -0.988354 1.001286E-06
vn -0.1090301 -0.9940385 9.650665E-07
vn 9.536743E-07 8.662515E-07 1
vn 9.536743E-07 8.662515E-07 1
vn 9.536743E-07 8.662515E-07 1
vn 9.536743E-07 8.662515E-07 1
vn 9.536743E-07 8.662515E-07 1
vn 9.536743E-07 8.662515E-07 1
vn 9.536743E-07 8.662515E-07 1
vn 9.536743E-07 8.662515E-07 1
vn 9.536743E-07 8.662515E-07 1
vn 9.536743E-07 8.662515E-07 1
vn 9.536743E-07 8.662515E-07 1
vn 9.536743E-07 8.662515E-07 1
vn 9.536743E-07 8.662515E-07 1
vn 9.536743E-07 8.662515E-07 1
vn 9.536743E-07 8.662515E-07 1
vn 9.536743E-07 8.662515E-07 1
vn 9.536743E-07 8.662515E-07 1
vn 9.536743E-07 8.662515E-07 1
vn 9.536743E-07 8.662515E-07 1
vn 9.536743E-07 8.662515E-07 1
vn 9.536743E-07 8.662515E-07 1
vn 9.536743E-07 8.662515E-07 1
vn 9.536743E-07 8.662515E-07 1
vn 9.536743E-07 8.662515E-07 1
vn 9.536743E-07 8.662515E-07 1
vn 9.536743E-07 8.662515E-07 1
vn 9.536743E-07 8.662515E-07 1
vn 9.536743E-07 8.662515E-07 1
vn 9.536743E-07 8.662515E-07 1
vn 9.536743E-07 8.662515E-07 1
vn 9.536743E-07 8.662515E-07 1
vn 9.536743E-07 8.662515E-07 1
vn 9.536743E-07 8.662515E-07 1
vn 9.536743E-07 8.662515E-07 0.9999999
vn 9.536743E-07 8.662515E-07 1
vn 9.536743E-07 8.662515E-07 1
vn 9.536743E-07 8.662515E-07 1
vn 9.536743E-07 8.662515E-07 1
vn 9.536743E-07 8.662515E-07 1
vn 9.536743E-07 8.662515E-07 1
vn 9.536743E-07 8.662515E-07 1
vn 9.536743E-07 8.662515E-07 1
vn 9.536743E-07 8.662515E-07 1
vn 9.536743E-07 8.662515E-07 1
vn 9.536743E-07 8.662515E-07 1
vn 9.536743E-07 8.662515E-07 1
vn 9.536743E-07 8.662515E-07 1
vn 9.536743E-07 8.662515E-07 1
vn 9.536743E-07 8.662515E-07 1
vn 0.1090297 -0.9940385 7.571085E-07
vn -0.02196128 -0.9997588 8.869865E-07
vn 0.02196128 -0.9997588 8.450987E-07
vn 0.152172 -0.988354 7.110407E-07
vn 0.2374266 -0.9714056 6.150539E-07
vn 0.2795398 -0.9601341 5.651278E-07
vn 0.3622623 -0.9320762 4.619322E-07
vn 0.4028677 -0.9152582 4.086393E-07
vn 0.4809977 -0.8767217 3.007464E-07
vn 0.5185454 -0.8550501 2.461651E-07
vn 0.591098 -0.8065999 1.350034E-07
vn 0.6260639 -0.7797717 7.841736E-08
vn 0.6916223 -0.7222593 -3.392413E-08
vn 0.7222591 -0.6916226 -8.968081E-08
vn 0.7797715 -0.6260643 -2.013189E-07
vn 0.8065996 -0.5910982 -2.571935E-07
vn 0.8550503 -0.5185452 -3.662489E-07
vn 0.8767222 -0.4809971 -4.194429E-07
vn 0.9152586 -0.4028667 -5.238748E-07
vn 0.9320765 -0.3622614 -5.750879E-07
vn 0.9601343 -0.2795395 -6.735038E-07
vn 0.9714055 -0.2374266 -7.207333E-07
vn 0.9883539 -0.1521723 -8.107482E-07
vn 0.9940384 -0.1090301 -8.535414E-07
vn 0.9997588 -0.02196146 -9.344202E-07
vn 0.9997588 0.02196146 -9.724685E-07
vn 0.9940384 0.1090301 -1.042436E-06
vn 0.9883539 0.1521723 -1.074387E-06
vn 0.9714055 0.2374266 -1.132076E-06
vn 0.9601343 0.2795395 -1.157807E-06
vn 0.9320765 0.3622614 -1.202707E-06
vn 0.9152586 0.4028667 -1.221843E-06
vn 0.8767223 0.4809968 -1.252772E-06
vn 0.8550507 0.5185445 -1.26463E-06
vn 0.8065998 0.5910978 -1.281273E-06
vn 0.7797711 0.6260647 -1.285977E-06
vn 0.7222583 0.6916234 -1.287919E-06
vn 0.6916218 0.7222598 -1.285241E-06
vn 0.6260639 0.7797717 -1.27254E-06
vn 0.591098 0.8065999 -1.262433E-06
vn 0.5185454 0.8550501 -1.235212E-06
vn 0.4809977 0.8767217 -1.218177E-06
vn 0.402867 0.9152585 -1.177048E-06
vn 0.3622609 0.9320768 -1.152892E-06
vn 0.2795383 0.9601346 -1.098306E-06
vn 0.2374258 0.9714056 -1.067908E-06
vn 0.1521728 0.9883538 -1.001286E-06
vn 0.1090313 0.9940383 -9.650676E-07
vn 0.0219621 0.9997588 -8.869873E-07
vn -0.0219621 0.9997588 -8.450979E-07
vn -0.1090313 0.9940383 -7.571069E-07
vn -0.1521728 0.9883538 -7.110398E-07
vn -0.2374258 0.9714056 -6.150547E-07
vn -0.2795383 0.9601346 -5.651295E-07
vn -0.3622609 0.9320768 -4.619341E-07
vn -0.402867 0.9152585 -4.086402E-07
vn -0.4809977 0.8767217 -3.007464E-07
vn -0.5185454 0.8550501 -2.461651E-07
vn -0.591098 0.8065999 -1.350034E-07
vn -0.6260639 0.7797717 -7.841736E-08
vn -0.6916218 0.7222598 3.392337E-08
vn -0.7222583 0.6916234 8.967935E-08
vn -0.7797711 0.6260647 2.013183E-07
vn -0.8065998 0.5910978 2.571941E-07
vn -0.8550507 0.5185445 3.662499E-07
vn -0.8767223 0.4809968 4.194434E-07
vn -0.9152586 0.4028667 5.238748E-07
vn -0.9320765 0.3622614 5.750879E-07
vn -0.9601343 0.2795395 6.735038E-07
vn -0.9714055 0.2374266 7.207333E-07
vn -0.9883539 0.1521723 8.107482E-07
vn -0.9940384 0.1090301 8.535414E-07
vn -0.9997588 0.02196146 9.344202E-07
vn -0.9997588 -0.02196146 9.724685E-07
vn -0.9940384 -0.1090301 1.042436E-06
vn -0.9883539 -0.1521723 1.074387E-06
vn -0.9714055 -0.2374266 1.132076E-06
vn -0.9601343 -0.2795395 1.157807E-06
vn -0.9320765 -0.3622614 1.202707E-06
vn -0.9152586 -0.4028667 1.221843E-06
vn -0.8767222 -0.4809971 1.252772E-06
vn -0.8550503 -0.5185452 1.26463E-06
vn -0.8065996 -0.5910982 1.281273E-06
vn -0.7797715 -0.6260643 1.285977E-06
vn -0.7222591 -0.6916226 1.287919E-06
vn -0.6916223 -0.7222593 1.285241E-06
vn -0.6260639 -0.7797717 1.27254E-06
vn -0.591098 -0.8065999 1.262433E-06
vn -0.5185454 -0.8550501 1.235212E-06
vn -0.4809977 -0.8767217 1.218177E-06
vn -0.4028677 -0.9152582 1.177048E-06
vn -0.3622623 -0.9320762 1.152893E-06
vn -0.2795398 -0.9601341 1.098308E-06
vn -0.2374266 -0.9714056 1.067909E-06
vn -0.152172 -0.988354 1.001286E-06
vn -0.1090297 -0.9940385 9.650662E-07
vn 9.536743E-07 8.662515E-07 1
vn 9.536743E-07 8.662515E-07 1
vn 9.536743E-07 8.662515E-07 1
vn 9.536743E-07 8.662515E-07 1
vn 9.536743E-07 8.662515E-07 0.9999999
vn 9.536743E-07 8.662515E-07 1
vn 9.536743E-07 8.662515E-07 1
vn 9.536743E-07 8.662515E-07 1
vn 9.536743E-07 8.662515E-07 1
vn 9.536743E-07 8.662515E-07 0.9999999
vn 9.536743E-07 8.662515E-07 0.9999999
vn 9.536743E-07 8.662515E-07 1
vn 9.536743E-07 8.662515E-07 0.9999999
vn 9.536743E-07 8.662515E-07 1
vn 9.536743E-07 8.662515E-07 1
vn 9.536743E-07 8.662515E-07 1
vn 9.536743E-07 8.662515E-07 1
vn 9.536743E-07 8.662515E-07 1
vn 9.536743E-07 8.662515E-07 1
vn 9.536743E-07 8.662515E-07 1
vn 9.536743E-07 8.662515E-07 1
vn 9.536743E-07 8.662515E-07 1
vn 9.536743E-07 8.662515E-07 1
vn 9.536743E-07 8.662515E-07 1
vn 9.536743E-07 8.662515E-07 1
vn 9.536743E-07 8.662515E-07 1
vn 9.536743E-07 8.662515E-07 1
vn 9.536743E-07 8.662515E-07 1
vn 9.536743E-07 8.662515E-07 1
vn 9.536743E-07 8.662515E-07 1
vn 9.536743E-07 8.662515E-07 1
vn 9.536743E-07 8.662515E-07 1
vn 9.536743E-07 8.662515E-07 1
vn 9.536743E-07 8.662515E-07 1
vn 9.536743E-07 8.662515E-07 0.9999999
vn 9.536743E-07 8.662515E-07 1
vn 9.536743E-07 8.662515E-07 0.9999999
vn 9.536743E-07 8.662515E-07 1
vn 9.536743E-07 8.662515E-07 1
vn 9.536743E-07 8.662515E-07 1
vn 9.536743E-07 8.662515E-07 1
vn 9.536743E-07 8.662515E-07 1
vn 9.536743E-07 8.662515E-07 1
vn 9.536743E-07 8.662515E-07 1
vn 9.536743E-07 8.662515E-07 1
vn 9.536743E-07 8.662515E-07 1
vn 9.536743E-07 8.662515E-07 0.9999999
vn 9.536743E-07 8.662515E-07 1
vn 9.536743E-07 8.662515E-07 1
vt 7.478 31.9656
vt 8 32
vt 8 28
vt 6.9648 31.8636
vt 6.4692 31.6956
vt 6 31.464
vt 5.5648 31.1736
vt 5.1716 30.8284
vt 4.8264 30.4352
vt 4.536 30
vt 4.3044 29.5308
vt 4.1364 29.0352
vt 4.0344 28.522
vt 4 28
vt 4.0344 27.478
vt 4.1364 26.9648
vt 4.3044 26.4692
vt 4.536 26
vt 4.8264 25.5648
vt 5.1716 25.1716
vt 5.5648 24.8264
vt 6 24.536
vt 6.4692 24.3044
vt 6.9648 24.1364
vt 7.478 24.0344
vt 8 24
vt 8.522 24.0344
vt 9.0352 24.1364
vt 9.5308 24.3044
vt 10 24.536
vt 10.4352 24.8264
vt 10.8284 25.1716
vt 11.1736 25.5648
vt 11.464 26
vt 11.6956 26.4692
vt 11.8636 26.9648
vt 11.9656 27.478
vt 12 28
vt 11.9656 28.522
vt 11.8636 29.0352
vt 11.6956 29.5308
vt 11.464 30
vt 11.1736 30.4352
vt 10.8284 30.8284
vt 10.4352 31.1736
vt 10 31.464
vt 9.5308 31.6956
vt 9.0352 31.8636
vt 8.522 31.9656
vt 27.9656 23.4436
vt 28 24
vt 32 24
vt 31.9656 23.4436
vt 27.8636 22.8284
vt 31.8636 22.8284
vt 27.6956 22.1648
vt 31.6956 22.1648
vt 27.464 21.464
vt 31.464 21.464
vt 27.1736 20.7384
vt 31.1736 20.7384
vt 26.8284 20
vt 30.8284 20
vt 26.4352 19.2616
vt 30.4352 19.2616
vt 26 18.536
vt 30 18.536
vt 25.5308 17.8352
vt 29.5308 17.8352
vt 25.0352 17.1716
vt 29.0352 17.1716
vt 24.522 16.5564
vt 28.522 16.5564
vt 24 16
vt 4 16
vt 0.03439999 15.5124
vt 4.0344 15.5124
vt 0.1364 15.1012
vt 4.1364 15.1012
vt 0.3044 14.7736
vt 4.3044 14.7736
vt 0.536 14.536
vt 4.536 14.536
vt 0.8264 14.3912
vt 4.8264 14.3912
vt 1.1716 14.3432
vt 25.1716 14.3432
vt 20.8264 14.3912
vt 24.8264 14.3912
vt 20.536 14.536
vt 24.536 14.536
vt 20.3044 14.7736
vt 24.3044 14.7736
vt 20.1364 15.1012
vt 24.1364 15.1012
vt 20.0344 15.5124
vt 24.0344 15.5124
vt 20 16
vt 8 16
vt 4.522 16.5564
vt 8.522 16.5564
vt 5.0352 17.1716
vt 9.0352 17.1716
vt 5.5308 17.8352
vt 9.5308 17.8352
vt 6 18.536
vt 10 18.536
vt 6.4352 19.2616
vt 10.4352 19.2616
vt 6.8284 20
vt 10.8284 20
vt 7.1736 20.7384
vt 11.1736 20.7384
vt 7.464 21.464
vt 11.464 21.464
vt 7.6956 22.1648
vt 11.6956 22.1648
vt 7.8636 22.8284
vt 11.8636 22.8284
vt 7.9656 23.4436
vt 11.9656 23.4436
vt 8 24
vt 12 24
vt 7.9656 24.4876
vt 11.9656 24.4876
vt 7.8636 24.8988
vt 11.8636 24.8988
vt 7.6956 25.2264
vt 11.6956 25.2264
vt 7.464 25.464
vt 11.464 25.464
vt 7.1736 25.6088
vt 11.1736 25.6088
vt 6.8284 25.6568
vt 30.8284 25.6568
vt 27.1736 25.6088
vt 31.1736 25.6088
vt 27.464 25.464
vt 31.464 25.464
vt 27.6956 25.2264
vt 31.6956 25.2264
vt 27.8636 24.8988
vt 31.8636 24.8988
vt 27.9656 24.4876
vt 31.9656 24.4876
vt 7.478 11.9656
vt 8 12
vt 8 8
vt 6.9648 11.8636
vt 6.4692 11.6956
vt 6 11.464
vt 5.5648 11.1736
vt 5.1716 10.8284
vt 4.8264 10.4352
vt 4.536 10
vt 4.3044 9.5308
vt 4.1364 9.0352
vt 4.0344 8.522
vt 4 8
vt 4.0344 7.478
vt 4.1364 6.9648
vt 4.3044 6.4692
vt 4.536 6
vt 4.8264 5.5648
vt 5.1716 5.1716
vt 5.5648 4.8264
vt 6 4.536
vt 6.4692 4.3044
vt 6.9648 4.1364
vt 7.478 4.0344
vt 8 4
vt 8.522 4.0344
vt 9.0352 4.1364
vt 9.5308 4.3044
vt 10 4.536
vt 10.4352 4.8264
vt 10.8284 5.1716
vt 11.1736 5.5648
vt 11.464 6
vt 11.6956 6.4692
vt 11.8636 6.9648
vt 11.9656 7.478
vt 12 8
vt 11.9656 8.522
vt 11.8636 9.0352
vt 11.6956 9.5308
vt 11.464 10
vt 11.1736 10.4352
vt 10.8284 10.8284
vt 10.4352 11.1736
vt 10 11.464
vt 9.5308 11.6956
vt 9.0352 11.8636
vt 8.522 11.9656
vt 7.9656 3.4436
vt 8 4
vt 12 4
vt 11.9656 3.4436
vt 7.8636 2.8284
vt 11.8636 2.8284
vt 7.6956 2.1648
vt 11.6956 2.1648
vt 7.464 1.464
vt 11.464 1.464
vt 7.1736 0.7384
vt 11.1736 0.7384
vt 6.8284 0
vt 10.8284 0
vt 6.4352 -0.7384
vt 10.4352 -0.7384
vt 6 -1.464
vt 10 -1.464
vt 5.5308 -2.1648
vt 9.5308 -2.1648
vt 5.0352 -2.8284
vt 9.0352 -2.8284
vt 4.522 -3.4436
vt 8.522 -3.4436
vt 4 -4
vt 4 -4
vt 0.03439999 -4.4876
vt 4.0344 -4.4876
vt 0.1364 -4.8988
vt 4.1364 -4.8988
vt 0.3044 -5.2264
vt 4.3044 -5.2264
vt 0.536 -5.464
vt 4.536 -5.464
vt 0.8264 -5.6088
vt 4.8264 -5.6088
vt 1.1716 -5.6568
vt 5.1716 -5.6568
vt 0.8264 -5.6088
vt 4.8264 -5.6088
vt 0.536 -5.464
vt 4.536 -5.464
vt 0.3044 -5.2264
vt 4.3044 -5.2264
vt 0.1364 -4.8988
vt 4.1364 -4.8988
vt 0.03439999 -4.4876
vt 4.0344 -4.4876
vt 0 -4
vt 8 -4
vt 4.522 -3.4436
vt 8.522 -3.4436
vt 5.0352 -2.8284
vt 9.0352 -2.8284
vt 5.5308 -2.1648
vt 9.5308 -2.1648
vt 6 -1.464
vt 10 -1.464
vt 6.4352 -0.7384
vt 10.4352 -0.7384
vt 6.8284 0
vt 10.8284 0
vt 7.1736 0.7384
vt 11.1736 0.7384
vt 7.464 1.464
vt 11.464 1.464
vt 7.6956 2.1648
vt 11.6956 2.1648
vt 7.8636 2.8284
vt 11.8636 2.8284
vt 7.9656 3.4436
vt 11.9656 3.4436
vt 8 4
vt 12 4
vt 7.9656 4.4876
vt 11.9656 4.4876
vt 7.8636 4.8988
vt 11.8636 4.8988
vt 7.6956 5.2264
vt 11.6956 5.2264
vt 7.464 5.464
vt 11.464 5.464
vt 7.1736 5.6088
vt 11.1736 5.6088
vt 6.8284 5.6568
vt 10.8284 5.6568
vt 7.1736 5.6088
vt 11.1736 5.6088
vt 7.464 5.464
vt 11.464 5.464
vt 7.6956 5.2264
vt 11.6956 5.2264
vt 7.8636 4.8988
vt 11.8636 4.8988
vt 7.9656 4.4876
vt 11.9656 4.4876
vt 7.478 -8.034401
vt 8 -8
vt 8 -12
vt 6.9648 -8.1364
vt 6.4692 -8.304399
vt 6 -8.535999
vt 5.5648 -8.826401
vt 5.1716 -9.1716
vt 4.8264 -9.5648
vt 4.536 -10
vt 4.3044 -10.4692
vt 4.1364 -10.9648
vt 4.0344 -11.478
vt 4 -12
vt 4.0344 -12.522
vt 4.1364 -13.0352
vt 4.3044 -13.5308
vt 4.536 -14
vt 4.8264 -14.4352
vt 5.1716 -14.8284
vt 5.5648 -15.1736
vt 6 -15.464
vt 6.4692 -15.6956
vt 6.9648 -15.8636
vt 7.478 -15.9656
vt 8 -16
vt 8.522 -15.9656
vt 9.0352 -15.8636
vt 9.5308 -15.6956
vt 10 -15.464
vt 10.4352 -15.1736
vt 10.8284 -14.8284
vt 11.1736 -14.4352
vt 11.464 -14
vt 11.6956 -13.5308
vt 11.8636 -13.0352
vt 11.9656 -12.522
vt 12 -12
vt 11.9656 -11.478
vt 11.8636 -10.9648
vt 11.6956 -10.4692
vt 11.464 -10
vt 11.1736 -9.5648
vt 10.8284 -9.1716
vt 10.4352 -8.826401
vt 10 -8.535999
vt 9.5308 -8.304399
vt 9.0352 -8.1364
vt 8.522 -8.034401
vt -12.0344 -16.5564
vt -12 -16
vt -8 -16
vt -8.034401 -16.5564
vt -12.1364 -17.1716
vt -8.1364 -17.1716
vt -12.3044 -17.8352
vt -8.304399 -17.8352
vt -12.536 -18.536
vt -8.535999 -18.536
vt -12.8264 -19.2616
vt -8.826401 -19.2616
vt -13.1716 -20
vt -9.1716 -20
vt -13.5648 -20.7384
vt -9.5648 -20.7384
vt -14 -21.464
vt -10 -21.464
vt -14.4692 -22.1648
vt -10.4692 -22.1648
vt -14.9648 -22.8284
vt -10.9648 -22.8284
vt -15.478 -23.4436
vt -11.478 -23.4436
vt -16 -24
vt 4 -24
vt 0.03439999 -24.4876
vt 4.0344 -24.4876
vt 0.1364 -24.8988
vt 4.1364 -24.8988
vt 0.3044 -25.2264
vt 4.3044 -25.2264
vt 0.536 -25.464
vt 4.536 -25.464
vt 0.8264 -25.6088
vt 4.8264 -25.6088
vt 1.1716 -25.6568
vt -14.8284 -25.6568
vt -19.1736 -25.6088
vt -15.1736 -25.6088
vt -19.464 -25.464
vt -15.464 -25.464
vt -19.6956 -25.2264
vt -15.6956 -25.2264
vt -19.8636 -24.8988
vt -15.8636 -24.8988
vt -19.9656 -24.4876
vt -15.9656 -24.4876
vt -20 -24
vt 8 -24
vt 4.522 -23.4436
vt 8.522 -23.4436
vt 5.0352 -22.8284
vt 9.0352 -22.8284
vt 5.5308 -22.1648
vt 9.5308 -22.1648
vt 6 -21.464
vt 10 -21.464
vt 6.4352 -20.7384
vt 10.4352 -20.7384
vt 6.8284 -20
vt 10.8284 -20
vt 7.1736 -19.2616
vt 11.1736 -19.2616
vt 7.464 -18.536
vt 11.464 -18.536
vt 7.6956 -17.8352
vt 11.6956 -17.8352
vt 7.8636 -17.1716
vt 11.8636 -17.1716
vt 7.9656 -16.5564
vt 11.9656 -16.5564
vt 8 -16
vt 12 -16
vt 7.9656 -15.5124
vt 11.9656 -15.5124
vt 7.8636 -15.1012
vt 11.8636 -15.1012
vt 7.6956 -14.7736
vt 11.6956 -14.7736
vt 7.464 -14.536
vt 11.464 -14.536
vt 7.1736 -14.3912
vt 11.1736 -14.3912
vt 6.8284 -14.3432
vt -9.1716 -14.3432
vt -12.8264 -14.3912
vt -8.826401 -14.3912
vt -12.536 -14.536
vt -8.535999 -14.536
vt -12.3044 -14.7736
vt -8.304399 -14.7736
vt -12.1364 -15.1012
vt -8.1364 -15.1012
vt -12.0344 -15.5124
vt -8.034401 -15.5124
vt 10 -32
vt 10 40
vt -2 40
vt -2 -32
vt -2 30
vt 2 30
vt 2 -42
vt -2 -42
vt -32 -42
vt -28 -42
vt -28 -30
vt -32 -30
vt 10 -30
vt 14 -30
vt 14 42
vt 10 42
vt 40 42
vt 44 42
vt 44 30
vt 40 30
vt -2 -32
vt 2 -28
vt 2 44
vt -2 48
vt 18 -32
vt 14 -28
vt 18 48
vt 14 44
vt 10 -40
vt 10 40
vt -10 40
vt -10 -40
vt -10 30
vt -2 30
vt -2 -50
vt -10 -50
vt -40 -50
vt -32 -50
vt -32 -30
vt -40 -30
vt 10 -30
vt 18 -30
vt 18 50
vt 10 50
vt 40 50
vt 48 50
vt 48 30
vt 40 30
vt 31.9484 35.1654
vt 32 36
vt 36 36
vt 35.9484 35.1654
vt 31.7954 34.2426
vt 35.7954 34.2426
vt 31.5434 33.2472
vt 35.5434 33.2472
vt 31.196 32.196
vt 35.196 32.196
vt 30.7604 31.1076
vt 34.7604 31.1076
vt 30.2426 30
vt 34.2426 30
vt 29.6528 28.8924
vt 33.6528 28.8924
vt 29 27.804
vt 33 27.804
vt 28.2962 26.7528
vt 32.2962 26.7528
vt 27.5528 25.7574
vt 31.5528 25.7574
vt 26.783 24.8346
vt 30.783 24.8346
vt 26 24
vt -6 24
vt -9.9484 23.2686
vt -5.9484 23.2686
vt -9.795401 22.6518
vt -5.7954 22.6518
vt -9.5434 22.1604
vt -5.5434 22.1604
vt -9.196 21.804
vt -5.196 21.804
vt -8.7604 21.5868
vt -4.7604 21.5868
vt -8.242599 21.5148
vt 25.7574 21.5148
vt 21.2396 21.5868
vt 25.2396 21.5868
vt 20.804 21.804
vt 24.804 21.804
vt 20.4566 22.1604
vt 24.4566 22.1604
vt 20.2046 22.6518
vt 24.2046 22.6518
vt 20.0516 23.2686
vt 24.0516 23.2686
vt 20 24
vt 0 24
vt -3.217 24.8346
vt 0.783 24.8346
vt -2.4472 25.7574
vt 1.5528 25.7574
vt -1.7038 26.7528
vt 2.2962 26.7528
vt -1 27.804
vt 3 27.804
vt -0.3471999 28.8924
vt 3.6528 28.8924
vt 0.2426 30
vt 4.2426 30
vt 0.7603998 31.1076
vt 4.7604 31.1076
vt 1.196 32.196
vt 5.196 32.196
vt 1.5434 33.2472
vt 5.5434 33.2472
vt 1.7954 34.2426
vt 5.7954 34.2426
vt 1.9484 35.1654
vt 5.9484 35.1654
vt 2 36
vt 6 36
vt 1.9484 36.7314
vt 5.9484 36.7314
vt 1.7954 37.3482
vt 5.7954 37.3482
vt 1.5434 37.8396
vt 5.5434 37.8396
vt 1.196 38.196
vt 5.196 38.196
vt 0.7603998 38.4132
vt 4.7604 38.4132
vt 0.2426 38.4852
vt 34.2426 38.4852
vt 30.7604 38.4132
vt 34.7604 38.4132
vt 31.196 38.196
vt 35.196 38.196
vt 31.5434 37.8396
vt 35.5434 37.8396
vt 31.7954 37.3482
vt 35.7954 37.3482
vt 31.9484 36.7314
vt 35.9484 36.7314
vt -4.783 31.9484
vt -4 32
vt -4 26
vt -5.5528 31.7954
vt -6.2962 31.5434
vt -7 31.196
vt -7.6528 30.7604
vt -8.242599 30.2426
vt -8.7604 29.6528
vt -9.196 29
vt -9.5434 28.2962
vt -9.795401 27.5528
vt -9.9484 26.783
vt -10 26
vt -9.9484 25.217
vt -9.795401 24.4472
vt -9.5434 23.7038
vt -9.196 23
vt -8.7604 22.3472
vt -8.242599 21.7574
vt -7.6528 21.2396
vt -7 20.804
vt -6.2962 20.4566
vt -5.5528 20.2046
vt -4.783 20.0516
vt -4 20
vt -3.217 20.0516
vt -2.4472 20.2046
vt -1.7038 20.4566
vt -1 20.804
vt -0.3471999 21.2396
vt 0.2426 21.7574
vt 0.7603998 22.3472
vt 1.196 23
vt 1.5434 23.7038
vt 1.7954 24.4472
vt 1.9484 25.217
vt 2 26
vt 1.9484 26.783
vt 1.7954 27.5528
vt 1.5434 28.2962
vt 1.196 29
vt 0.7603998 29.6528
vt 0.2426 30.2426
vt -0.3471999 30.7604
vt -1 31.196
vt -1.7038 31.5434
vt -2.4472 31.7954
vt -3.217 31.9484
vt 11.9484 15.1654
vt 12 16
vt 16 16
vt 15.9484 15.1654
vt 11.7954 14.2426
vt 15.7954 14.2426
vt 11.5434 13.2472
vt 15.5434 13.2472
vt 11.196 12.196
vt 15.196 12.196
vt 10.7604 11.1076
vt 14.7604 11.1076
vt 10.2426 10
vt 14.2426 10
vt 9.6528 8.8924
vt 13.6528 8.8924
vt 9 7.804
vt 13 7.804
vt 8.2962 6.7528
vt 12.2962 6.7528
vt 7.5528 5.7574
vt 11.5528 5.7574
vt 6.783 4.8346
vt 10.783 4.8346
vt 6 4
vt -6 4
vt -9.9484 3.2686
vt -5.9484 3.2686
vt -9.795401 2.6518
vt -5.7954 2.6518
vt -9.5434 2.1604
vt -5.5434 2.1604
vt -9.196 1.804
vt -5.196 1.804
vt -8.7604 1.5868
vt -4.7604 1.5868
vt -8.242599 1.5148
vt 5.7574 1.5148
vt 1.2396 1.5868
vt 5.2396 1.5868
vt 0.8039999 1.804
vt 4.804 1.804
vt 0.4566002 2.1604
vt 4.4566 2.1604
vt 0.2045999 2.6518
vt 4.2046 2.6518
vt 0.05159998 3.2686
vt 4.0516 3.2686
vt 0 4
vt 0 4
vt -3.217 4.8346
vt 0.783 4.8346
vt -2.4472 5.7574
vt 1.5528 5.7574
vt -1.7038 6.7528
vt 2.2962 6.7528
vt -1 7.804
vt 3 7.804
vt -0.3471999 8.892401
vt 3.6528 8.892401
vt 0.2426 10
vt 4.2426 10
vt 0.7603998 11.1076
vt 4.7604 11.1076
vt 1.196 12.196
vt 5.196 12.196
vt 1.5434 13.2472
vt 5.5434 13.2472
vt 1.7954 14.2426
vt 5.7954 14.2426
vt 1.9484 15.1654
vt 5.9484 15.1654
vt 2 16
vt 6 16
vt 1.9484 16.7314
vt 5.9484 16.7314
vt 1.7954 17.3482
vt 5.7954 17.3482
vt 1.5434 17.8396
vt 5.5434 17.8396
vt 1.196 18.196
vt 5.196 18.196
vt 0.7603998 18.4132
vt 4.7604 18.4132
vt 0.2426 18.4852
vt 14.2426 18.4852
vt 10.7604 18.4132
vt 14.7604 18.4132
vt 11.196 18.196
vt 15.196 18.196
vt 11.5434 17.8396
vt 15.5434 17.8396
vt 11.7954 17.3482
vt 15.7954 17.3482
vt 11.9484 16.7314
vt 15.9484 16.7314
vt -4.783 11.9484
vt -4 12
vt -4 6
vt -5.5528 11.7954
vt -6.2962 11.5434
vt -7 11.196
vt -7.6528 10.7604
vt -8.242599 10.2426
vt -8.7604 9.6528
vt -9.196 9
vt -9.5434 8.2962
vt -9.795401 7.5528
vt -9.9484 6.783
vt -10 6
vt -9.9484 5.217
vt -9.795401 4.4472
vt -9.5434 3.7038
vt -9.196 3
vt -8.7604 2.3472
vt -8.242599 1.7574
vt -7.6528 1.2396
vt -7 0.8039999
vt -6.2962 0.4566002
vt -5.5528 0.2045999
vt -4.783 0.05159998
vt -4 0
vt -3.217 0.05159998
vt -2.4472 0.2045999
vt -1.7038 0.4566002
vt -1 0.8039999
vt -0.3471999 1.2396
vt 0.2426 1.7574
vt 0.7603998 2.3472
vt 1.196 3
vt 1.5434 3.7038
vt 1.7954 4.4472
vt 1.9484 5.217
vt 2 6
vt 1.9484 6.783
vt 1.7954 7.5528
vt 1.5434 8.2962
vt 1.196 9
vt 0.7603998 9.6528
vt 0.2426 10.2426
vt -0.3471999 10.7604
vt -1 11.196
vt -1.7038 11.5434
vt -2.4472 11.7954
vt -3.217 11.9484
vt -8.0516 -4.8346
vt -8 -4
vt -4 -4
vt -4.0516 -4.8346
vt -8.204599 -5.7574
vt -4.2046 -5.7574
vt -8.4566 -6.7528
vt -4.4566 -6.7528
vt -8.804 -7.804
vt -4.804 -7.804
vt -9.2396 -8.892401
vt -5.2396 -8.892401
vt -9.757401 -10
vt -5.7574 -10
vt -10.3472 -11.1076
vt -6.3472 -11.1076
vt -11 -12.196
vt -7 -12.196
vt -11.7038 -13.2472
vt -7.7038 -13.2472
vt -12.4472 -14.2426
vt -8.4472 -14.2426
vt -13.217 -15.1654
vt -9.217 -15.1654
vt -14 -16
vt -6 -16
vt -9.9484 -16.7314
vt -5.9484 -16.7314
vt -9.795401 -17.3482
vt -5.7954 -17.3482
vt -9.5434 -17.8396
vt -5.5434 -17.8396
vt -9.196 -18.196
vt -5.196 -18.196
vt -8.7604 -18.4132
vt -4.7604 -18.4132
vt -8.242599 -18.4852
vt -14.2426 -18.4852
vt -18.7604 -18.4132
vt -14.7604 -18.4132
vt -19.196 -18.196
vt -15.196 -18.196
vt -19.5434 -17.8396
vt -15.5434 -17.8396
vt -19.7954 -17.3482
vt -15.7954 -17.3482
vt -19.9484 -16.7314
vt -15.9484 -16.7314
vt -20 -16
vt 0 -16
vt -3.217 -15.1654
vt 0.783 -15.1654
vt -2.4472 -14.2426
vt 1.5528 -14.2426
vt -1.7038 -13.2472
vt 2.2962 -13.2472
vt -1 -12.196
vt 3 -12.196
vt -0.3471999 -11.1076
vt 3.6528 -11.1076
vt 0.2426 -10
vt 4.2426 -10
vt 0.7603998 -8.8924
vt 4.7604 -8.8924
vt 1.196 -7.804
vt 5.196 -7.804
vt 1.5434 -6.7528
vt 5.5434 -6.7528
vt 1.7954 -5.7574
vt 5.7954 -5.7574
vt 1.9484 -4.8346
vt 5.9484 -4.8346
vt 2 -4
vt 6 -4
vt 1.9484 -3.2686
vt 5.9484 -3.2686
vt 1.7954 -2.6518
vt 5.7954 -2.6518
vt 1.5434 -2.1604
vt 5.5434 -2.1604
vt 1.196 -1.804
vt 5.196 -1.804
vt 0.7603998 -1.5868
vt 4.7604 -1.5868
vt 0.2426 -1.5148
vt -5.7574 -1.5148
vt -9.2396 -1.5868
vt -5.2396 -1.5868
vt -8.804 -1.804
vt -4.804 -1.804
vt -8.4566 -2.1604
vt -4.4566 -2.1604
vt -8.204599 -2.6518
vt -4.2046 -2.6518
vt -8.0516 -3.2686
vt -4.0516 -3.2686
vt -4.783 -8.0516
vt -4 -8
vt -4 -14
vt -5.5528 -8.204599
vt -6.2962 -8.4566
vt -7 -8.804
vt -7.6528 -9.2396
vt -8.242599 -9.757401
vt -8.7604 -10.3472
vt -9.196 -11
vt -9.5434 -11.7038
vt -9.795401 -12.4472
vt -9.9484 -13.217
vt -10 -14
vt -9.9484 -14.783
vt -9.795401 -15.5528
vt -9.5434 -16.2962
vt -9.196 -17
vt -8.7604 -17.6528
vt -8.242599 -18.2426
vt -7.6528 -18.7604
vt -7 -19.196
vt -6.2962 -19.5434
vt -5.5528 -19.7954
vt -4.783 -19.9484
vt -4 -20
vt -3.217 -19.9484
vt -2.4472 -19.7954
vt -1.7038 -19.5434
vt -1 -19.196
vt -0.3471999 -18.7604
vt 0.2426 -18.2426
vt 0.7603998 -17.6528
vt 1.196 -17
vt 1.5434 -16.2962
vt 1.7954 -15.5528
vt 1.9484 -14.783
vt 2 -14
vt 1.9484 -13.217
vt 1.7954 -12.4472
vt 1.5434 -11.7038
vt 1.196 -11
vt 0.7603998 -10.3472
vt 0.2426 -9.757401
vt -0.3471999 -9.2396
vt -1 -8.804
vt -1.7038 -8.4566
vt -2.4472 -8.204599
vt -3.217 -8.0516
vt -28.0516 -24.8346
vt -28 -24
vt -24 -24
vt -24.0516 -24.8346
vt -28.2046 -25.7574
vt -24.2046 -25.7574
vt -28.4566 -26.7528
vt -24.4566 -26.7528
vt -28.804 -27.804
vt -24.804 -27.804
vt -29.2396 -28.8924
vt -25.2396 -28.8924
vt -29.7574 -30
vt -25.7574 -30
vt -30.3472 -31.1076
vt -26.3472 -31.1076
vt -31 -32.196
vt -27 -32.196
vt -31.7038 -33.2472
vt -27.7038 -33.2472
vt -32.4472 -34.2426
vt -28.4472 -34.2426
vt -33.217 -35.1654
vt -29.217 -35.1654
vt -34 -36
vt -6 -36
vt -9.9484 -36.7314
vt -5.9484 -36.7314
vt -9.795401 -37.3482
vt -5.7954 -37.3482
vt -9.5434 -37.8396
vt -5.5434 -37.8396
vt -9.196 -38.196
vt -5.196 -38.196
vt -8.7604 -38.4132
vt -4.7604 -38.4132
vt -8.242599 -38.4852
vt -34.2426 -38.4852
vt -38.7604 -38.4132
vt -34.7604 -38.4132
vt -39.196 -38.196
vt -35.196 -38.196
vt -39.5434 -37.8396
vt -35.5434 -37.8396
vt -39.7954 -37.3482
vt -35.7954 -37.3482
vt -39.9484 -36.7314
vt -35.9484 -36.7314
vt -40 -36
vt 0 -36
vt -3.217 -35.1654
vt 0.783 -35.1654
vt -2.4472 -34.2426
vt 1.5528 -34.2426
vt -1.7038 -33.2472
vt 2.2962 -33.2472
vt -1 -32.196
vt 3 -32.196
vt -0.3471999 -31.1076
vt 3.6528 -31.1076
vt 0.2426 -30
vt 4.2426 -30
vt 0.7603998 -28.8924
vt 4.7604 -28.8924
vt 1.196 -27.804
vt 5.196 -27.804
vt 1.5434 -26.7528
vt 5.5434 -26.7528
vt 1.7954 -25.7574
vt 5.7954 -25.7574
vt 1.9484 -24.8346
vt 5.9484 -24.8346
vt 2 -24
vt 6 -24
vt 1.9484 -23.2686
vt 5.9484 -23.2686
vt 1.7954 -22.6518
vt 5.7954 -22.6518
vt 1.5434 -22.1604
vt 5.5434 -22.1604
vt 1.196 -21.804
vt 5.196 -21.804
vt 0.7603998 -21.5868
vt 4.7604 -21.5868
vt 0.2426 -21.5148
vt -25.7574 -21.5148
vt -29.2396 -21.5868
vt -25.2396 -21.5868
vt -28.804 -21.804
vt -24.804 -21.804
vt -28.4566 -22.1604
vt -24.4566 -22.1604
vt -28.2046 -22.6518
vt -24.2046 -22.6518
vt -28.0516 -23.2686
vt -24.0516 -23.2686
vt -4.783 -28.0516
vt -4 -28
vt -4 -34
vt -5.5528 -28.2046
vt -6.2962 -28.4566
vt -7 -28.804
vt -7.6528 -29.2396
vt -8.242599 -29.7574
vt -8.7604 -30.3472
vt -9.196 -31
vt -9.5434 -31.7038
vt -9.795401 -32.4472
vt -9.9484 -33.217
vt -10 -34
vt -9.9484 -34.783
vt -9.795401 -35.5528
vt -9.5434 -36.2962
vt -9.196 -37
vt -8.7604 -37.6528
vt -8.242599 -38.2426
vt -7.6528 -38.7604
vt -7 -39.196
vt -6.2962 -39.5434
vt -5.5528 -39.7954
vt -4.783 -39.9484
vt -4 -40
vt -3.217 -39.9484
vt -2.4472 -39.7954
vt -1.7038 -39.5434
vt -1 -39.196
vt -0.3471999 -38.7604
vt 0.2426 -38.2426
vt 0.7603998 -37.6528
vt 1.196 -37
vt 1.5434 -36.2962
vt 1.7954 -35.5528
vt 1.9484 -34.783
vt 2 -34
vt 1.9484 -33.217
vt 1.7954 -32.4472
vt 1.5434 -31.7038
vt 1.196 -31
vt 0.7603998 -30.3472
vt 0.2426 -29.7574
vt -0.3471999 -29.2396
vt -1 -28.804
vt -1.7038 -28.4566
vt -2.4472 -28.2046
vt -3.217 -28.0516
usemtl 26
f 1/1/1 2/2/2 3/3/3
f 4/4/4 1/1/1 3/3/3
f 5/5/5 4/4/4 3/3/3
f 6/6/6 5/5/5 3/3/3
f 7/7/7 6/6/6 3/3/3
f 8/8/8 7/7/7 3/3/3
f 9/9/9 8/8/8 3/3/3
f 10/10/10 9/9/9 3/3/3
f 11/11/11 10/10/10 3/3/3
f 12/12/12 11/11/11 3/3/3
f 13/13/13 12/12/12 3/3/3
f 14/14/14 13/13/13 3/3/3
f 15/15/15 14/14/14 3/3/3
f 16/16/16 15/15/15 3/3/3
f 17/17/17 16/16/16 3/3/3
f 18/18/18 17/17/17 3/3/3
f 19/19/19 18/18/18 3/3/3
f 20/20/20 19/19/19 3/3/3
f 21/21/21 20/20/20 3/3/3
f 22/22/22 21/21/21 3/3/3
f 23/23/23 22/22/22 3/3/3
f 24/24/24 23/23/23 3/3/3
f 25/25/25 24/24/24 3/3/3
f 26/26/26 25/25/25 3/3/3
f 27/27/27 26/26/26 3/3/3
f 28/28/28 27/27/27 3/3/3
f 29/29/29 28/28/28 3/3/3
f 30/30/30 29/29/29 3/3/3
f 31/31/31 30/30/30 3/3/3
f 32/32/32 31/31/31 3/3/3
f 33/33/33 32/32/32 3/3/3
f 34/34/34 33/33/33 3/3/3
f 35/35/35 34/34/34 3/3/3
f 36/36/36 35/35/35 3/3/3
f 37/37/37 36/36/36 3/3/3
f 38/38/38 37/37/37 3/3/3
f 39/39/39 38/38/38 3/3/3
f 40/40/40 39/39/39 3/3/3
f 41/41/41 40/40/40 3/3/3
f 42/42/42 41/41/41 3/3/3
f 43/43/43 42/42/42 3/3/3
f 44/44/44 43/43/43 3/3/3
f 45/45/45 44/44/44 3/3/3
f 46/46/46 45/45/45 3/3/3
f 47/47/47 46/46/46 3/3/3
f 48/48/48 47/47/47 3/3/3
f 49/49/49 48/48/48 3/3/3
f 2/2/2 49/49/49 3/3/3
f 50/50/50 51/51/51 52/52/52
f 52/52/52 53/53/53 50/50/50
f 54/54/54 50/50/50 53/53/53
f 53/53/53 55/55/55 54/54/54
f 56/56/56 54/54/54 55/55/55
f 55/55/55 57/57/57 56/56/56
f 58/58/58 56/56/56 57/57/57
f 57/57/57 59/59/59 58/58/58
f 60/60/60 58/58/58 59/59/59
f 59/59/59 61/61/61 60/60/60
f 62/62/62 60/60/60 61/61/61
f 61/61/61 63/63/63 62/62/62
f 64/64/64 62/62/62 63/63/63
f 63/63/63 65/65/65 64/64/64
f 66/66/66 64/64/64 65/65/65
f 65/65/65 67/67/67 66/66/66
f 68/68/68 66/66/66 67/67/67
f 67/67/67 69/69/69 68/68/68
f 70/70/70 68/68/68 69/69/69
f 69/69/69 71/71/71 70/70/70
f 72/72/72 70/70/70 71/71/71
f 71/71/71 73/73/73 72/72/72
f 74/74/74 72/72/72 73/73/73
f 73/73/73 75/75/75 74/74/74
f 76/76/76 74/74/74 75/75/75
f 75/75/75 77/77/77 76/76/76
f 78/78/78 76/76/76 77/77/77
f 77/77/77 79/79/79 78/78/78
f 80/80/80 78/78/78 79/79/79
f 79/79/79 81/81/81 80/80/80
f 82/82/82 80/80/80 81/81/81
f 81/81/81 83/83/83 82/82/82
f 84/84/84 82/82/82 83/83/83
f 83/83/83 85/85/85 84/84/84
f 86/86/86 84/84/84 85/85/85
f 85/85/85 87/87/87 86/86/86
f 88/88/88 86/86/86 87/87/87
f 87/87/87 89/89/89 88/88/88
f 90/90/90 88/88/88 89/89/89
f 89/89/89 91/91/91 90/90/90
f 92/92/92 90/90/90 91/91/91
f 91/91/91 93/93/93 92/92/92
f 94/94/94 92/92/92 93/93/93
f 93/93/93 95/95/95 94/94/94
f 96/96/96 94/94/94 95/95/95
f 95/95/95 97/97/97 96/96/96
f 98/98/98 96/96/96 97/97/97
f 97/97/97 99/99/99 98/98/98
f 100/100/100 98/98/98 99/99/99
f 99/99/99 101/101/101 100/100/100
f 102/102/102 100/100/100 101/101/101
f 101/101/101 103/103/103 102/102/102
f 104/104/104 102/102/102 103/103/103
f 103/103/103 105/105/105 104/104/104
f 106/106/106 104/104/104 105/105/105
f 105/105/105 107/107/107 106/106/106
f 108/108/108 106/106/106 107/107/107
f 107/107/107 109/109/109 108/108/108
f 110/110/110 108/108/108 109/109/109
f 109/109/109 111/111/111 110/110/110
f 112/112/112 110/110/110 111/111/111
f 111/111/111 113/113/113 112/112/112
f 114/114/114 112/112/112 113/113/113
f 113/113/113 115/115/115 114/114/114
f 116/116/116 114/114/114 115/115/115
f 115/115/115 117/117/117 116/116/116
f 118/118/118 116/116/116 117/117/117
f 117/117/117 119/119/119 118/118/118
f 120/120/120 118/118/118 119/119/119
f 119/119/119 121/121/121 120/120/120
f 122/122/122 120/120/120 121/121/121
f 121/121/121 123/123/123 122/122/122
f 124/124/124 122/122/122 123/123/123
f 123/123/123 125/125/125 124/124/124
f 126/126/126 124/124/124 125/125/125
f 125/125/125 127/127/127 126/126/126
f 128/128/128 126/126/126 127/127/127
f 127/127/127 129/129/129 128/128/128
f 130/130/130 128/128/128 129/129/129
f 129/129/129 131/131/131 130/130/130
f 132/132/132 130/130/130 131/131/131
f 131/131/131 133/133/133 132/132/132
f 134/134/134 132/132/132 133/133/133
f 133/133/133 135/135/135 134/134/134
f 136/136/136 134/134/134 135/135/135
f 135/135/135 137/137/137 136/136/136
f 138/138/138 136/136/136 137/137/137
f 137/137/137 139/139/139 138/138/138
f 140/140/140 138/138/138 139/139/139
f 139/139/139 141/141/141 140/140/140
f 142/142/142 140/140/140 141/141/141
f 141/141/141 143/143/143 142/142/142
f 144/144/144 142/142/142 143/143/143
f 143/143/143 145/145/145 144/144/144
f 51/51/51 144/144/144 145/145/145
f 145/145/145 52/52/52 51/51/51
f 146/146/146 147/147/147 148/148/148
f 149/149/149 146/146/146 148/148/148
f 150/150/150 149/149/149 148/148/148
f 151/151/151 150/150/150 148/148/148
f 152/152/152 151/151/151 148/148/148
f 153/153/153 152/152/152 148/148/148
f 154/154/154 153/153/153 148/148/148
f 155/155/155 154/154/154 148/148/148
f 156/156/156 155/155/155 148/148/148
f 157/157/157 156/156/156 148/148/148
f 158/158/158 157/157/157 148/148/148
f 159/159/159 158/158/158 148/148/148
f 160/160/160 159/159/159 148/148/148
f 161/161/161 160/160/160 148/148/148
f 162/162/162 161/161/161 148/148/148
f 163/163/163 162/162/162 148/148/148
f 164/164/164 163/163/163 148/148/148
f 165/165/165 164/164/164 148/148/148
f 166/166/166 165/165/165 148/148/148
f 167/167/167 166/166/166 148/148/148
f 168/168/168 167/167/167 148/148/148
f 169/169/169 168/168/168 148/148/148
f 170/170/170 169/169/169 148/148/148
f 171/171/171 170/170/170 148/148/148
f 172/172/172 171/171/171 148/148/148
f 173/173/173 172/172/172 148/148/148
f 174/174/174 173/173/173 148/148/148
f 175/175/175 174/174/174 148/148/148
f 176/176/176 175/175/175 148/148/148
f 177/177/177 176/176/176 148/148/148
f 178/178/178 177/177/177 148/148/148
f 179/179/179 178/178/178 148/148/148
f 180/180/180 179/179/179 148/148/148
f 181/181/181 180/180/180 148/148/148
f 182/182/182 181/181/181 148/148/148
f 183/183/183 182/182/182 148/148/148
f 184/184/184 183/183/183 148/148/148
f 185/185/185 184/184/184 148/148/148
f 186/186/186 185/185/185 148/148/148
f 187/187/187 186/186/186 148/148/148
f 188/188/188 187/187/187 148/148/148
f 189/189/189 188/188/188 148/148/148
f 190/190/190 189/189/189 148/148/148
f 191/191/191 190/190/190 148/148/148
f 192/192/192 191/191/191 148/148/148
f 193/193/193 192/192/192 148/148/148
f 194/194/194 193/193/193 148/148/148
f 147/147/147 194/194/194 148/148/148
f 195/195/195 196/196/196 197/197/197
f 197/197/197 198/198/198 195/195/195
f 199/199/199 195/195/195 198/198/198
f 198/198/198 200/200/200 199/199/199
f 201/201/201 199/199/199 200/200/200
f 200/200/200 202/202/202 201/201/201
f 203/203/203 201/201/201 202/202/202
f 202/202/202 204/204/204 203/203/203
f 205/205/205 203/203/203 204/204/204
f 204/204/204 206/206/206 205/205/205
f 207/207/207 205/205/205 206/206/206
f 206/206/206 208/208/208 207/207/207
f 209/209/209 207/207/207 208/208/208
f 208/208/208 210/210/210 209/209/209
f 211/211/211 209/209/209 210/210/210
f 210/210/210 212/212/212 211/211/211
f 213/213/213 211/211/211 212/212/212
f 212/212/212 214/214/214 213/213/213
f 215/215/215 213/213/213 214/214/214
f 214/214/214 216/216/216 215/215/215
f 217/217/217 215/215/215 216/216/216
f 216/216/216 218/218/218 217/217/217
f 219/219/219 217/217/217 218/218/218
f 218/218/218 220/220/220 219/219/219
f 221/221/221 219/219/219 220/220/220
f 220/220/220 222/222/222 221/221/221
f 223/223/223 221/221/221 222/222/222
f 222/222/222 224/224/224 223/223/223
f 225/225/225 223/223/223 224/224/224
f 224/224/224 226/226/226 225/225/225
f 227/227/227 225/225/225 226/226/226
f 226/226/226 228/228/228 227/227/227
f 229/229/229 227/227/227 228/228/228
f 228/228/228 230/230/230 229/229/229
f 231/231/231 229/229/229 230/230/230
f 230/230/230 232/232/232 231/231/231
f 233/233/233 231/231/231 232/232/232
f 232/232/232 234/234/234 233/233/233
f 235/235/235 233/233/233 234/234/234
f 234/234/234 236/236/236 235/235/235
f 237/237/237 235/235/235 236/236/236
f 236/236/236 238/238/238 237/237/237
f 239/239/239 237/237/237 238/238/238
f 238/238/238 240/240/240 239/239/239
f 241/241/241 239/239/239 240/240/240
f 240/240/240 242/242/242 241/241/241
f 243/243/243 241/241/241 242/242/242
f 242/242/242 244/244/244 243/243/243
f 245/245/245 243/243/243 244/244/244
f 244/244/244 246/246/246 245/245/245
f 247/247/247 245/245/245 246/246/246
f 246/246/246 248/248/248 247/247/247
f 249/249/249 247/247/247 248/248/248
f 248/248/248 250/250/250 249/249/249
f 251/251/251 249/249/249 250/250/250
f 250/250/250 252/252/252 251/251/251
f 253/253/253 251/251/251 252/252/252
f 252/252/252 254/254/254 253/253/253
f 255/255/255 253/253/253 254/254/254
f 254/254/254 256/256/256 255/255/255
f 257/257/257 255/255/255 256/256/256
f 256/256/256 258/258/258 257/257/257
f 259/259/259 257/257/257 258/258/258
f 258/258/258 260/260/260 259/259/259
f 261/261/261 259/259/259 260/260/260
f 260/260/260 262/262/262 261/261/261
f 263/263/263 261/261/261 262/262/262
f 262/262/262 264/264/264 263/263/263
f 265/265/265 263/263/263 264/264/264
f 264/264/264 266/266/266 265/265/265
f 267/267/267 265/265/265 266/266/266
f 266/266/266 268/268/268 267/267/267
f 269/269/269 267/267/267 268/268/268
f 268/268/268 270/270/270 269/269/269
f 271/271/271 269/269/269 270/270/270
f 270/270/270 272/272/272 271/271/271
f 273/273/273 271/271/271 272/272/272
f 272/272/272 274/274/274 273/273/273
f 275/275/275 273/273/273 274/274/274
f 274/274/274 276/276/276 275/275/275
f 277/277/277 275/275/275 276/276/276
f 276/276/276 278/278/278 277/277/277
f 279/279/279 277/277/277 278/278/278
f 278/278/278 280/280/280 279/279/279
f 281/281/281 279/279/279 280/280/280
f 280/280/280 282/282/282 281/281/281
f 283/283/283 281/281/281 282/282/282
f 282/282/282 284/284/284 283/283/283
f 285/285/285 283/283/283 284/284/284
f 284/284/284 286/286/286 285/285/285
f 287/287/287 285/285/285 286/286/286
f 286/286/286 288/288/288 287/287/287
f 289/289/289 287/287/287 288/288/288
f 288/288/288 290/290/290 289/289/289
f 196/196/196 289/289/289 290/290/290
f 290/290/290 197/197/197 196/196/196
f 291/291/291 292/292/292 293/293/293
f 294/294/294 291/291/291 293/293/293
f 295/295/295 294/294/294 293/293/293
f 296/296/296 295/295/295 293/293/293
f 297/297/297 296/296/296 293/293/293
f 298/298/298 297/297/297 293/293/293
f 299/299/299 298/298/298 293/293/293
f 300/300/300 299/299/299 293/293/293
f 301/301/301 300/300/300 293/293/293
f 302/302/302 301/301/301 293/293/293
f 303/303/303 302/302/302 293/293/293
f 304/304/304 303/303/303 293/293/293
f 305/305/305 304/304/304 293/293/293
f 306/306/306 305/305/305 293/293/293
f 307/307/307 306/306/306 293/293/293
f 308/308/308 307/307/307 293/293/293
f 309/309/309 308/308/308 293/293/293
f 310/310/310 309/309/309 293/293/293
f 311/311/311 310/310/310 293/293/293
f 312/312/312 311/311/311 293/293/293
f 313/313/313 312/312/312 293/293/293
f 314/314/314 313/313/313 293/293/293
f 315/315/315 314/314/314 293/293/293
f 316/316/316 315/315/315 293/293/293
f 317/317/317 316/316/316 293/293/293
f 318/318/318 317/317/317 293/293/293
f 319/319/319 318/318/318 293/293/293
f 320/320/320 319/319/319 293/293/293
f 321/321/321 320/320/320 293/293/293
f 322/322/322 321/321/321 293/293/293
f 323/323/323 322/322/322 293/293/293
f 324/324/324 323/323/323 293/293/293
f 325/325/325 324/324/324 293/293/293
f 326/326/326 325/325/325 293/293/293
f 327/327/327 326/326/326 293/293/293
f 328/328/328 327/327/327 293/293/293
f 329/329/329 328/328/328 293/293/293
f 330/330/330 329/329/329 293/293/293
f 331/331/331 330/330/330 293/293/293
f 332/332/332 331/331/331 293/293/293
f 333/333/333 332/332/332 293/293/293
f 334/334/334 333/333/333 293/293/293
f 335/335/335 334/334/334 293/293/293
f 336/336/336 335/335/335 293/293/293
f 337/337/337 336/336/336 293/293/293
f 338/338/338 337/337/337 293/293/293
f 339/339/339 338/338/338 293/293/293
f 292/292/292 339/339/339 293/293/293
f 340/340/340 341/341/341 342/342/342
f 342/342/342 343/343/343 340/340/340
f 344/344/344 340/340/340 343/343/343
f 343/343/343 345/345/345 344/344/344
f 346/346/346 344/344/344 345/345/345
f 345/345/345 347/347/347 346/346/346
f 348/348/348 346/346/346 347/347/347
f 347/347/347 349/349/349 348/348/348
f 350/350/350 348/348/348 349/349/349
f 349/349/349 351/351/351 350/350/350
f 352/352/352 350/350/350 351/351/351
f 351/351/351 353/353/353 352/352/352
f 354/354/354 352/352/352 353/353/353
f 353/353/353 355/355/355 354/354/354
f 356/356/356 354/354/354 355/355/355
f 355/355/355 357/357/357 356/356/356
f 358/358/358 356/356/356 357/357/357
f 357/357/357 359/359/359 358/358/358
f 360/360/360 358/358/358 359/359/359
f 359/359/359 361/361/361 360/360/360
f 362/362/362 360/360/360 361/361/361
f 361/361/361 363/363/363 362/362/362
f 364/364/364 362/362/362 363/363/363
f 363/363/363 365/365/365 364/364/364
f 366/366/366 364/364/364 365/365/365
f 365/365/365 367/367/367 366/366/366
f 368/368/368 366/366/366 367/367/367
f 367/367/367 369/369/369 368/368/368
f 370/370/370 368/368/368 369/369/369
f 369/369/369 371/371/371 370/370/370
f 372/372/372 370/370/370 371/371/371
f 371/371/371 373/373/373 372/372/372
f 374/374/374 372/372/372 373/373/373
f 373/373/373 375/375/375 374/374/374
f 376/376/376 374/374/374 375/375/375
f 375/375/375 377/377/377 376/376/376
f 378/378/378 376/376/376 377/377/377
f 377/377/377 379/379/379 378/378/378
f 380/380/380 378/378/378 379/379/379
f 379/379/379 381/381/381 380/380/380
f 382/382/382 380/380/380 381/381/381
f 381/381/381 383/383/383 382/382/382
f 384/384/384 382/382/382 383/383/383
f 383/383/383 385/385/385 384/384/384
f 386/386/386 384/384/384 385/385/385
f 385/385/385 387/387/387 386/386/386
f 388/388/388 386/386/386 387/387/387
f 387/387/387 389/389/389 388/388/388
f 390/390/390 388/388/388 389/389/389
f 389/389/389 391/391/391 390/390/390
f 392/392/392 390/390/390 391/391/391
f 391/391/391 393/393/393 392/392/392
f 394/394/394 392/392/392 393/393/393
f 393/393/393 395/395/395 394/394/394
f 396/396/396 394/394/394 395/395/395
f 395/395/395 397/397/397 396/396/396
f 398/398/398 396/396/396 397/397/397
f 397/397/397 399/399/399 398/398/398
f 400/400/400 398/398/398 399/399/399
f 399/399/399 401/401/401 400/400/400
f 402/402/402 400/400/400 401/401/401
f 401/401/401 403/403/403 402/402/402
f 404/404/404 402/402/402 403/403/403
f 403/403/403 405/405/405 404/404/404
f 406/406/406 404/404/404 405/405/405
f 405/405/405 407/407/407 406/406/406
f 408/408/408 406/406/406 407/407/407
f 407/407/407 409/409/409 408/408/408
f 410/410/410 408/408/408 409/409/409
f 409/409/409 411/411/411 410/410/410
f 412/412/412 410/410/410 411/411/411
f 411/411/411 413/413/413 412/412/412
f 414/414/414 412/412/412 413/413/413
f 413/413/413 415/415/415 414/414/414
f 416/416/416 414/414/414 415/415/415
f 415/415/415 417/417/417 416/416/416
f 418/418/418 416/416/416 417/417/417
f 417/417/417 419/419/419 418/418/418
f 420/420/420 418/418/418 419/419/419
f 419/419/419 421/421/421 420/420/420
f 422/422/422 420/420/420 421/421/421
f 421/421/421 423/423/423 422/422/422
f 424/424/424 422/422/422 423/423/423
f 423/423/423 425/425/425 424/424/424
f 426/426/426 424/424/424 425/425/425
f 425/425/425 427/427/427 426/426/426
f 428/428/428 426/426/426 427/427/427
f 427/427/427 429/429/429 428/428/428
f 430/430/430 428/428/428 429/429/429
f 429/429/429 431/431/431 430/430/430
f 432/432/432 430/430/430 431/431/431
f 431/431/431 433/433/433 432/432/432
f 434/434/434 432/432/432 433/433/433
f 433/433/433 435/435/435 434/434/434
f 341/341/341 434/434/434 435/435/435
f 435/435/435 342/342/342 341/341/341
f 438/438/438 437/437/437 436/436/436
f 436/436/436 439/439/439 438/438/438
f 442/442/442 441/441/441 440/440/440
f 440/440/440 443/443/443 442/442/442
f 446/446/446 445/445/445 444/444/444
f 444/444/444 447/447/447 446/446/446
f 450/450/450 449/449/449 448/448/448
f 448/448/448 451/451/451 450/450/450
f 454/454/454 453/453/453 452/452/452
f 452/452/452 455/455/455 454/454/454
f 458/458/458 457/457/457 456/456/456
f 456/456/456 459/459/459 458/458/458
f 457/457/457 461/461/461 460/460/460
f 460/460/460 456/456/456 457/457/457
f 461/461/461 463/463/463 462/462/462
f 462/462/462 460/460/460 461/461/461
f 463/463/463 458/458/458 459/459/459
f 459/459/459 462/462/462 463/463/463
f 464/464/464 465/465/465 466/466/466
f 466/466/466 467/467/467 464/464/464
f 468/468/468 469/469/469 470/470/470
f 470/470/470 471/471/471 468/468/468
f 472/472/472 473/473/473 474/474/474
f 474/474/474 475/475/475 472/472/472
f 476/476/476 477/477/477 478/478/478
f 478/478/478 479/479/479 476/476/476
f 480/480/480 481/481/481 482/482/482
f 482/482/482 483/483/483 480/480/480
f 484/484/484 485/485/485 486/486/486
f 486/486/486 487/487/487 484/484/484
f 488/488/488 484/484/484 487/487/487
f 487/487/487 489/489/489 488/488/488
f 490/490/490 488/488/488 489/489/489
f 489/489/489 491/491/491 490/490/490
f 492/492/492 490/490/490 491/491/491
f 491/491/491 493/493/493 492/492/492
f 494/494/494 492/492/492 493/493/493
f 493/493/493 495/495/495 494/494/494
f 496/496/496 494/494/494 495/495/495
f 495/495/495 497/497/497 496/496/496
f 498/498/498 496/496/496 497/497/497
f 497/497/497 499/499/499 498/498/498
f 500/500/500 498/498/498 499/499/499
f 499/499/499 501/501/501 500/500/500
f 502/502/502 500/500/500 501/501/501
f 501/501/501 503/503/503 502/502/502
f 504/504/504 502/502/502 503/503/503
f 503/503/503 505/505/505 504/504/504
f 506/506/506 504/504/504 505/505/505
f 505/505/505 507/507/507 506/506/506
f 508/508/508 506/506/506 507/507/507
f 507/507/507 509/509/509 508/508/508
f 510/510/510 508/508/508 509/509/509
f 509/509/509 511/511/511 510/510/510
f 512/512/512 510/510/510 511/511/511
f 511/511/511 513/513/513 512/512/512
f 514/514/514 512/512/512 513/513/513
f 513/513/513 515/515/515 514/514/514
f 516/516/516 514/514/514 515/515/515
f 515/515/515 517/517/517 516/516/516
f 518/518/518 516/516/516 517/517/517
f 517/517/517 519/519/519 518/518/518
f 520/520/520 518/518/518 519/519/519
f 519/519/519 521/521/521 520/520/520
f 522/522/522 520/520/520 521/521/521
f 521/521/521 523/523/523 522/522/522
f 524/524/524 522/522/522 523/523/523
f 523/523/523 525/525/525 524/524/524
f 526/526/526 524/524/524 525/525/525
f 525/525/525 527/527/527 526/526/526
f 528/528/528 526/526/526 527/527/527
f 527/527/527 529/529/529 528/528/528
f 530/530/530 528/528/528 529/529/529
f 529/529/529 531/531/531 530/530/530
f 532/532/532 530/530/530 531/531/531
f 531/531/531 533/533/533 532/532/532
f 534/534/534 532/532/532 533/533/533
f 533/533/533 535/535/535 534/534/534
f 536/536/536 534/534/534 535/535/535
f 535/535/535 537/537/537 536/536/536
f 538/538/538 536/536/536 537/537/537
f 537/537/537 539/539/539 538/538/538
f 540/540/540 538/538/538 539/539/539
f 539/539/539 541/541/541 540/540/540
f 542/542/542 540/540/540 541/541/541
f 541/541/541 543/543/543 542/542/542
f 544/544/544 542/542/542 543/543/543
f 543/543/543 545/545/545 544/544/544
f 546/546/546 544/544/544 545/545/545
f 545/545/545 547/547/547 546/546/546
f 548/548/548 546/546/546 547/547/547
f 547/547/547 549/549/549 548/548/548
f 550/550/550 548/548/548 549/549/549
f 549/549/549 551/551/551 550/550/550
f 552/552/552 550/550/550 551/551/551
f 551/551/551 553/553/553 552/552/552
f 554/554/554 552/552/552 553/553/553
f 553/553/553 555/555/555 554/554/554
f 556/556/556 554/554/554 555/555/555
f 555/555/555 557/557/557 556/556/556
f 558/558/558 556/556/556 557/557/557
f 557/557/557 559/559/559 558/558/558
f 560/560/560 558/558/558 559/559/559
f 559/559/559 561/561/561 560/560/560
f 562/562/562 560/560/560 561/561/561
f 561/561/561 563/563/563 562/562/562
f 564/564/564 562/562/562 563/563/563
f 563/563/563 565/565/565 564/564/564
f 566/566/566 564/564/564 565/565/565
f 565/565/565 567/567/567 566/566/566
f 568/568/568 566/566/566 567/567/567
f 567/567/567 569/569/569 568/568/568
f 570/570/570 568/568/568 569/569/569
f 569/569/569 571/571/571 570/570/570
f 572/572/572 570/570/570 571/571/571
f 571/571/571 573/573/573 572/572/572
f 574/574/574 572/572/572 573/573/573
f 573/573/573 575/575/575 574/574/574
f 576/576/576 574/574/574 575/575/575
f 575/575/575 577/577/577 576/576/576
f 578/578/578 576/576/576 577/577/577
f 577/577/577 579/579/579 578/578/578
f 485/485/485 578/578/578 579/579/579
f 579/579/579 486/486/486 485/485/485
f 582/582/582 581/581/581 580/580/580
f 582/582/582 580/580/580 583/583/583
f 582/582/582 583/583/583 584/584/584
f 582/582/582 584/584/584 585/585/585
f 582/582/582 585/585/585 586/586/586
f 582/582/582 586/586/586 587/587/587
f 582/582/582 587/587/587 588/588/588
f 582/582/582 588/588/588 589/589/589
f 582/582/582 589/589/589 590/590/590
f 582/582/582 590/590/590 591/591/591
f 582/582/582 591/591/591 592/592/592
f 582/582/582 592/592/592 593/593/593
f 582/582/582 593/593/593 594/594/594
f 582/582/582 594/594/594 595/595/595
f 582/582/582 595/595/595 596/596/596
f 582/582/582 596/596/596 597/597/597
f 582/582/582 597/597/597 598/598/598
f 582/582/582 598/598/598 599/599/599
f 582/582/582 599/599/599 600/600/600
f 582/582/582 600/600/600 601/601/601
f 582/582/582 601/601/601 602/602/602
f 582/582/582 602/602/602 603/603/603
f 582/582/582 603/603/603 604/604/604
f 582/582/582 604/604/604 605/605/605
f 582/582/582 605/605/605 606/606/606
f 582/582/582 606/606/606 607/607/607
f 582/582/582 607/607/607 608/608/608
f 582/582/582 608/608/608 609/609/609
f 582/582/582 609/609/609 610/610/610
f 582/582/582 610/610/610 611/611/611
f 582/582/582 611/611/611 612/612/612
f 582/582/582 612/612/612 613/613/613
f 582/582/582 613/613/613 614/614/614
f 582/582/582 614/614/614 615/615/615
f 582/582/582 615/615/615 616/616/616
f 582/582/582 616/616/616 617/617/617
f 582/582/582 617/617/617 618/618/618
f 582/582/582 618/618/618 619/619/619
f 582/582/582 619/619/619 620/620/620
f 582/582/582 620/620/620 621/621/621
f 582/582/582 621/621/621 622/622/622
f 582/582/582 622/622/622 623/623/623
f 582/582/582 623/623/623 624/624/624
f 582/582/582 624/624/624 625/625/625
f 582/582/582 625/625/625 626/626/626
f 582/582/582 626/626/626 627/627/627
f 582/582/582 627/627/627 628/628/628
f 582/582/582 628/628/628 581/581/581
f 629/629/629 630/630/630 631/631/631
f 631/631/631 632/632/632 629/629/629
f 633/633/633 629/629/629 632/632/632
f 632/632/632 634/634/634 633/633/633
f 635/635/635 633/633/633 634/634/634
f 634/634/634 636/636/636 635/635/635
f 637/637/637 635/635/635 636/636/636
f 636/636/636 638/638/638 637/637/637
f 639/639/639 637/637/637 638/638/638
f 638/638/638 640/640/640 639/639/639
f 641/641/641 639/639/639 640/640/640
f 640/640/640 642/642/642 641/641/641
f 643/643/643 641/641/641 642/642/642
f 642/642/642 644/644/644 643/643/643
f 645/645/645 643/643/643 644/644/644
f 644/644/644 646/646/646 645/645/645
f 647/647/647 645/645/645 646/646/646
f 646/646/646 648/648/648 647/647/647
f 649/649/649 647/647/647 648/648/648
f 648/648/648 650/650/650 649/649/649
f 651/651/651 649/649/649 650/650/650
f 650/650/650 652/652/652 651/651/651
f 653/653/653 651/651/651 652/652/652
f 652/652/652 654/654/654 653/653/653
f 655/655/655 653/653/653 654/654/654
f 654/654/654 656/656/656 655/655/655
f 657/657/657 655/655/655 656/656/656
f 656/656/656 658/658/658 657/657/657
f 659/659/659 657/657/657 658/658/658
f 658/658/658 660/660/660 659/659/659
f 661/661/661 659/659/659 660/660/660
f 660/660/660 662/662/662 661/661/661
f 663/663/663 661/661/661 662/662/662
f 662/662/662 664/664/664 663/663/663
f 665/665/665 663/663/663 664/664/664
f 664/664/664 666/666/666 665/665/665
f 667/667/667 665/665/665 666/666/666
f 666/666/666 668/668/668 667/667/667
f 669/669/669 667/667/667 668/668/668
f 668/668/668 670/670/670 669/669/669
f 671/671/671 669/669/669 670/670/670
f 670/670/670 672/672/672 671/671/671
f 673/673/673 671/671/671 672/672/672
f 672/672/672 674/674/674 673/673/673
f 675/675/675 673/673/673 674/674/674
f 674/674/674 676/676/676 675/675/675
f 677/677/677 675/675/675 676/676/676
f 676/676/676 678/678/678 677/677/677
f 679/679/679 677/677/677 678/678/678
f 678/678/678 680/680/680 679/679/679
f 681/681/681 679/679/679 680/680/680
f 680/680/680 682/682/682 681/681/681
f 683/683/683 681/681/681 682/682/682
f 682/682/682 684/684/684 683/683/683
f 685/685/685 683/683/683 684/684/684
f 684/684/684 686/686/686 685/685/685
f 687/687/687 685/685/685 686/686/686
f 686/686/686 688/688/688 687/687/687
f 689/689/689 687/687/687 688/688/688
f 688/688/688 690/690/690 689/689/689
f 691/691/691 689/689/689 690/690/690
f 690/690/690 692/692/692 691/691/691
f 693/693/693 691/691/691 692/692/692
f 692/692/692 694/694/694 693/693/693
f 695/695/695 693/693/693 694/694/694
f 694/694/694 696/696/696 695/695/695
f 697/697/697 695/695/695 696/696/696
f 696/696/696 698/698/698 697/697/697
f 699/699/699 697/697/697 698/698/698
f 698/698/698 700/700/700 699/699/699
f 701/701/701 699/699/699 700/700/700
f 700/700/700 702/702/702 701/701/701
f 703/703/703 701/701/701 702/702/702
f 702/702/702 704/704/704 703/703/703
f 705/705/705 703/703/703 704/704/704
f 704/704/704 706/706/706 705/705/705
f 707/707/707 705/705/705 706/706/706
f 706/706/706 708/708/708 707/707/707
f 709/709/709 707/707/707 708/708/708
f 708/708/708 710/710/710 709/709/709
f 711/711/711 709/709/709 710/710/710
f 710/710/710 712/712/712 711/711/711
f 713/713/713 711/711/711 712/712/712
f 712/712/712 714/714/714 713/713/713
f 715/715/715 713/713/713 714/714/714
f 714/714/714 716/716/716 715/715/715
f 717/717/717 715/715/715 716/716/716
f 716/716/716 718/718/718 717/717/717
f 719/719/719 717/717/717 718/718/718
f 718/718/718 720/720/720 719/719/719
f 721/721/721 719/719/719 720/720/720
f 720/720/720 722/722/722 721/721/721
f 723/723/723 721/721/721 722/722/722
f 722/722/722 724/724/724 723/723/723
f 630/630/630 723/723/723 724/724/724
f 724/724/724 631/631/631 630/630/630
f 727/727/727 726/726/726 725/725/725
f 727/727/727 725/725/725 728/728/728
f 727/727/727 728/728/728 729/729/729
f 727/727/727 729/729/729 730/730/730
f 727/727/727 730/730/730 731/731/731
f 727/727/727 731/731/731 732/732/732
f 727/727/727 732/732/732 733/733/733
f 727/727/727 733/733/733 734/734/734
f 727/727/727 734/734/734 735/735/735
f 727/727/727 735/735/735 736/736/736
f 727/727/727 736/736/736 737/737/737
f 727/727/727 737/737/737 738/738/738
f 727/727/727 738/738/738 739/739/739
f 727/727/727 739/739/739 740/740/740
f 727/727/727 740/740/740 741/741/741
f 727/727/727 741/741/741 742/742/742
f 727/727/727 742/742/742 743/743/743
f 727/727/727 743/743/743 744/744/744
f 727/727/727 744/744/744 745/745/745
f 727/727/727 745/745/745 746/746/746
f 727/727/727 746/746/746 747/747/747
f 727/727/727 747/747/747 748/748/748
f 727/727/727 748/748/748 749/749/749
f 727/727/727 749/749/749 750/750/750
f 727/727/727 750/750/750 751/751/751
f 727/727/727 751/751/751 752/752/752
f 727/727/727 752/752/752 753/753/753
f 727/727/727 753/753/753 754/754/754
f 727/727/727 754/754/754 755/755/755
f 727/727/727 755/755/755 756/756/756
f 727/727/727 756/756/756 757/757/757
f 727/727/727 757/757/757 758/758/758
f 727/727/727 758/758/758 759/759/759
f 727/727/727 759/759/759 760/760/760
f 727/727/727 760/760/760 761/761/761
f 727/727/727 761/761/761 762/762/762
f 727/727/727 762/762/762 763/763/763
f 727/727/727 763/763/763 764/764/764
f 727/727/727 764/764/764 765/765/765
f 727/727/727 765/765/765 766/766/766
f 727/727/727 766/766/766 767/767/767
f 727/727/727 767/767/767 768/768/768
f 727/727/727 768/768/768 769/769/769
f 727/727/727 769/769/769 770/770/770
f 727/727/727 770/770/770 771/771/771
f 727/727/727 771/771/771 772/772/772
f 727/727/727 772/772/772 773/773/773
f 727/727/727 773/773/773 726/726/726
f 774/774/774 775/775/775 776/776/776
f 776/776/776 777/777/777 774/774/774
f 778/778/778 774/774/774 777/777/777
f 777/777/777 779/779/779 778/778/778
f 780/780/780 778/778/778 779/779/779
f 779/779/779 781/781/781 780/780/780
f 782/782/782 780/780/780 781/781/781
f 781/781/781 783/783/783 782/782/782
f 784/784/784 782/782/782 783/783/783
f 783/783/783 785/785/785 784/784/784
f 786/786/786 784/784/784 785/785/785
f 785/785/785 787/787/787 786/786/786
f 788/788/788 786/786/786 787/787/787
f 787/787/787 789/789/789 788/788/788
f 790/790/790 788/788/788 789/789/789
f 789/789/789 791/791/791 790/790/790
f 792/792/792 790/790/790 791/791/791
f 791/791/791 793/793/793 792/792/792
f 794/794/794 792/792/792 793/793/793
f 793/793/793 795/795/795 794/794/794
f 796/796/796 794/794/794 795/795/795
f 795/795/795 797/797/797 796/796/796
f 798/798/798 796/796/796 797/797/797
f 797/797/797 799/799/799 798/798/798
f 800/800/800 798/798/798 799/799/799
f 799/799/799 801/801/801 800/800/800
f 802/802/802 800/800/800 801/801/801
f 801/801/801 803/803/803 802/802/802
f 804/804/804 802/802/802 803/803/803
f 803/803/803 805/805/805 804/804/804
f 806/806/806 804/804/804 805/805/805
f 805/805/805 807/807/807 806/806/806
f 808/808/808 806/806/806 807/807/807
f 807/807/807 809/809/809 808/808/808
f 810/810/810 808/808/808 809/809/809
f 809/809/809 811/811/811 810/810/810
f 812/812/812 810/810/810 811/811/811
f 811/811/811 813/813/813 812/812/812
f 814/814/814 812/812/812 813/813/813
f 813/813/813 815/815/815 814/814/814
f 816/816/816 814/814/814 815/815/815
f 815/815/815 817/817/817 816/816/816
f 818/818/818 816/816/816 817/817/817
f 817/817/817 819/819/819 818/818/818
f 820/820/820 818/818/818 819/819/819
f 819/819/819 821/821/821 820/820/820
f 822/822/822 820/820/820 821/821/821
f 821/821/821 823/823/823 822/822/822
f 824/824/824 822/822/822 823/823/823
f 823/823/823 825/825/825 824/824/824
f 826/826/826 824/824/824 825/825/825
f 825/825/825 827/827/827 826/826/826
f 828/828/828 826/826/826 827/827/827
f 827/827/827 829/829/829 828/828/828
f 830/830/830 828/828/828 829/829/829
f 829/829/829 831/831/831 830/830/830
f 832/832/832 830/830/830 831/831/831
f 831/831/831 833/833/833 832/832/832
f 834/834/834 832/832/832 833/833/833
f 833/833/833 835/835/835 834/834/834
f 836/836/836 834/834/834 835/835/835
f 835/835/835 837/837/837 836/836/836
f 838/838/838 836/836/836 837/837/837
f 837/837/837 839/839/839 838/838/838
f 840/840/840 838/838/838 839/839/839
f 839/839/839 841/841/841 840/840/840
f 842/842/842 840/840/840 841/841/841
f 841/841/841 843/843/843 842/842/842
f 844/844/844 842/842/842 843/843/843
f 843/843/843 845/845/845 844/844/844
f 846/846/846 844/844/844 845/845/845
f 845/845/845 847/847/847 846/846/846
f 848/848/848 846/846/846 847/847/847
f 847/847/847 849/849/849 848/848/848
f 850/850/850 848/848/848 849/849/849
f 849/849/849 851/851/851 850/850/850
f 852/852/852 850/850/850 851/851/851
f 851/851/851 853/853/853 852/852/852
f 854/854/854 852/852/852 853/853/853
f 853/853/853 855/855/855 854/854/854
f 856/856/856 854/854/854 855/855/855
f 855/855/855 857/857/857 856/856/856
f 858/858/858 856/856/856 857/857/857
f 857/857/857 859/859/859 858/858/858
f 860/860/860 858/858/858 859/859/859
f 859/859/859 861/861/861 860/860/860
f 862/862/862 860/860/860 861/861/861
f 861/861/861 863/863/863 862/862/862
f 864/864/864 862/862/862 863/863/863
f 863/863/863 865/865/865 864/864/864
f 866/866/866 864/864/864 865/865/865
f 865/865/865 867/867/867 866/866/866
f 868/868/868 866/866/866 867/867/867
f 867/867/867 869/869/869 868/868/868
f 775/775/775 868/868/868 869/869/869
f 869/869/869 776/776/776 775/775/775
f 872/872/872 871/871/871 870/870/870
f 872/872/872 870/870/870 873/873/873
f 872/872/872 873/873/873 874/874/874
f 872/872/872 874/874/874 875/875/875
f 872/872/872 875/875/875 876/876/876
f 872/872/872 876/876/876 877/877/877
f 872/872/872 877/877/877 878/878/878
f 872/872/872 878/878/878 879/879/879
f 872/872/872 879/879/879 880/880/880
f 872/872/872 880/880/880 881/881/881
f 872/872/872 881/881/881 882/882/882
f 872/872/872 882/882/882 883/883/883
f 872/872/872 883/883/883 884/884/884
f 872/872/872 884/884/884 885/885/885
f 872/872/872 885/885/885 886/886/886
f 872/872/872 886/886/886 887/887/887
f 872/872/872 887/887/887 888/888/888
f 872/872/872 888/888/888 889/889/889
f 872/872/872 889/889/889 890/890/890
f 872/872/872 890/890/890 891/891/891
f 872/872/872 891/891/891 892/892/892
f 872/872/872 892/892/892 893/893/893
f 872/872/872 893/893/893 894/894/894
f 872/872/872 894/894/894 895/895/895
f 872/872/872 895/895/895 896/896/896
f 872/872/872 896/896/896 897/897/897
f 872/872/872 897/897/897 898/898/898
f 872/872/872 898/898/898 899/899/899
f 872/872/872 899/899/899 900/900/900
f 872/872/872 900/900/900 901/901/901
f 872/872/872 901/901/901 902/902/902
f 872/872/872 902/902/902 903/903/903
f 872/872/872 903/903/903 904/904/904
f 872/872/872 904/904/904 905/905/905
f 872/872/872 905/905/905 906/906/906
f 872/872/872 906/906/906 907/907/907
f 872/872/872 907/907/907 908/908/908
f 872/872/872 908/908/908 909/909/909
f 872/872/872 909/909/909 910/910/910
f 872/872/872 910/910/910 911/911/911
f 872/872/872 911/911/911 912/912/912
f 872/872/872 912/912/912 913/913/913
f 872/872/872 913/913/913 914/914/914
f 872/872/872 914/914/914 915/915/915
f 872/872/872 915/915/915 916/916/916
f 872/872/872 916/916/916 917/917/917
f 872/872/872 917/917/917 918/918/918
f 872/872/872 918/918/918 871/871/871
f 919/919/919 920/920/920 921/921/921
f 921/921/921 922/922/922 919/919/919
f 923/923/923 919/919/919 922/922/922
f 922/922/922 924/924/924 923/923/923
f 925/925/925 923/923/923 924/924/924
f 924/924/924 926/926/926 925/925/925
f 927/927/927 925/925/925 926/926/926
f 926/926/926 928/928/928 927/927/927
f 929/929/929 927/927/927 928/928/928
f 928/928/928 930/930/930 929/929/929
f 931/931/931 929/929/929 930/930/930
f 930/930/930 932/932/932 931/931/931
f 933/933/933 931/931/931 932/932/932
f 932/932/932 934/934/934 933/933/933
f 935/935/935 933/933/933 934/934/934
f 934/934/934 936/936/936 935/935/935
f 937/937/937 935/935/935 936/936/936
f 936/936/936 938/938/938 937/937/937
f 939/939/939 937/937/937 938/938/938
f 938/938/938 940/940/940 939/939/939
f 941/941/941 939/939/939 940/940/940
f 940/940/940 942/942/942 941/941/941
f 943/943/943 941/941/941 942/942/942
f 942/942/942 944/944/944 943/943/943
f 945/945/945 943/943/943 944/944/944
f 944/944/944 946/946/946 945/945/945
f 947/947/947 945/945/945 946/946/946
f 946/946/946 948/948/948 947/947/947
f 949/949/949 947/947/947 948/948/948
f 948/948/948 950/950/950 949/949/949
f 951/951/951 949/949/949 950/950/950
f 950/950/950 952/952/952 951/951/951
f 953/953/953 951/951/951 952/952/952
f 952/952/952 954/954/954 953/953/953
f 955/955/955 953/953/953 954/954/954
f 954/954/954 956/956/956 955/955/955
f 957/957/957 955/955/955 956/956/956
f 956/956/956 958/958/958 957/957/957
f 959/959/959 957/957/957 958/958/958
f 958/958/958 960/960/960 959/959/959
f 961/961/961 959/959/959 960/960/960
f 960/960/960 962/962/962 961/961/961
f 963/963/963 961/961/961 962/962/962
f 962/962/962 964/964/964 963/963/963
f 965/965/965 963/963/963 964/964/964
f 964/964/964 966/966/966 965/965/965
f 967/967/967 965/965/965 966/966/966
f 966/966/966 968/968/968 967/967/967
f 969/969/969 967/967/967 968/968/968
f 968/968/968 970/970/970 969/969/969
f 971/971/971 969/969/969 970/970/970
f 970/970/970 972/972/972 971/971/971
f 973/973/973 971/971/971 972/972/972
f 972/972/972 974/974/974 973/973/973
f 975/975/975 973/973/973 974/974/974
f 974/974/974 976/976/976 975/975/975
f 977/977/977 975/975/975 976/976/976
f 976/976/976 978/978/978 977/977/977
f 979/979/979 977/977/977 978/978/978
f 978/978/978 980/980/980 979/979/979
f 981/981/981 979/979/979 980/980/980
f 980/980/980 982/982/982 981/981/981
f 983/983/983 981/981/981 982/982/982
f 982/982/982 984/984/984 983/983/983
f 985/985/985 983/983/983 984/984/984
f 984/984/984 986/986/986 985/985/985
f 987/987/987 985/985/985 986/986/986
f 986/986/986 988/988/988 987/987/987
f 989/989/989 987/987/987 988/988/988
f 988/988/988 990/990/990 989/989/989
f 991/991/991 989/989/989 990/990/990
f 990/990/990 992/992/992 991/991/991
f 993/993/993 991/991/991 992/992/992
f 992/992/992 994/994/994 993/993/993
f 995/995/995 993/993/993 994/994/994
f 994/994/994 996/996/996 995/995/995
f 997/997/997 995/995/995 996/996/996
f 996/996/996 998/998/998 997/997/997
f 999/999/999 997/997/997 998/998/998
f 998/998/998 1000/1000/1000 999/999/999
f 1001/1001/1001 999/999/999 1000/1000/1000
f 1000/1000/1000 1002/1002/1002 1001/1001/1001
f 1003/1003/1003 1001/1001/1001 1002/1002/1002
f 1002/1002/1002 1004/1004/1004 1003/1003/1003
f 1005/1005/1005 1003/1003/1003 1004/1004/1004
f 1004/1004/1004 1006/1006/1006 1005/1005/1005
f 1007/1007/1007 1005/1005/1005 1006/1006/1006
f 1006/1006/1006 1008/1008/1008 1007/1007/1007
f 1009/1009/1009 1007/1007/1007 1008/1008/1008
f 1008/1008/1008 1010/1010/1010 1009/1009/1009
f 1011/1011/1011 1009/1009/1009 1010/1010/1010
f 1010/1010/1010 1012/1012/1012 1011/1011/1011
f 1013/1013/1013 1011/1011/1011 1012/1012/1012
f 1012/1012/1012 1014/1014/1014 1013/1013/1013
f 920/920/920 1013/1013/1013 1014/1014/1014
f 1014/1014/1014 921/921/921 920/920/920
f 1017/1017/1017 1016/1016/1016 1015/1015/1015
f 1017/1017/1017 1015/1015/1015 1018/1018/1018
f 1017/1017/1017 1018/1018/1018 1019/1019/1019
f 1017/1017/1017 1019/1019/1019 1020/1020/1020
f 1017/1017/1017 1020/1020/1020 1021/1021/1021
f 1017/1017/1017 1021/1021/1021 1022/1022/1022
f 1017/1017/1017 1022/1022/1022 1023/1023/1023
f 1017/1017/1017 1023/1023/1023 1024/1024/1024
f 1017/1017/1017 1024/1024/1024 1025/1025/1025
f 1017/1017/1017 1025/1025/1025 1026/1026/1026
f 1017/1017/1017 1026/1026/1026 1027/1027/1027
f 1017/1017/1017 1027/1027/1027 1028/1028/1028
f 1017/1017/1017 1028/1028/1028 1029/1029/1029
f 1017/1017/1017 1029/1029/1029 1030/1030/1030
f 1017/1017/1017 1030/1030/1030 1031/1031/1031
f 1017/1017/1017 1031/1031/1031 1032/1032/1032
f 1017/1017/1017 1032/1032/1032 1033/1033/1033
f 1017/1017/1017 1033/1033/1033 1034/1034/1034
f 1017/1017/1017 1034/1034/1034 1035/1035/1035
f 1017/1017/1017 1035/1035/1035 1036/1036/1036
f 1017/1017/1017 1036/1036/1036 1037/1037/1037
f 1017/1017/1017 1037/1037/1037 1038/1038/1038
f 1017/1017/1017 1038/1038/1038 1039/1039/1039
f 1017/1017/1017 1039/1039/1039 1040/1040/1040
f 1017/1017/1017 1040/1040/1040 1041/1041/1041
f 1017/1017/1017 1041/1041/1041 1042/1042/1042
f 1017/1017/1017 1042/1042/1042 1043/1043/1043
f 1017/1017/1017 1043/1043/1043 1044/1044/1044
f 1017/1017/1017 1044/1044/1044 1045/1045/1045
f 1017/1017/1017 1045/1045/1045 1046/1046/1046
f 1017/1017/1017 1046/1046/1046 1047/1047/1047
f 1017/1017/1017 1047/1047/1047 1048/1048/1048
f 1017/1017/1017 1048/1048/1048 1049/1049/1049
f 1017/1017/1017 1049/1049/1049 1050/1050/1050
f 1017/1017/1017 1050/1050/1050 1051/1051/1051
f 1017/1017/1017 1051/1051/1051 1052/1052/1052
f 1017/1017/1017 1052/1052/1052 1053/1053/1053
f 1017/1017/1017 1053/1053/1053 1054/1054/1054
f 1017/1017/1017 1054/1054/1054 1055/1055/1055
f 1017/1017/1017 1055/1055/1055 1056/1056/1056
f 1017/1017/1017 1056/1056/1056 1057/1057/1057
f 1017/1017/1017 1057/1057/1057 1058/1058/1058
f 1017/1017/1017 1058/1058/1058 1059/1059/1059
f 1017/1017/1017 1059/1059/1059 1060/1060/1060
f 1017/1017/1017 1060/1060/1060 1061/1061/1061
f 1017/1017/1017 1061/1061/1061 1062/1062/1062
f 1017/1017/1017 1062/1062/1062 1063/1063/1063
f 1017/1017/1017 1063/1063/1063 1016/1016/1016
