mtllib plate_round2*2_with_axle_hole(x_shape)_medium_lavender.mtl
v 4.000008 14.05216 -19.21699
v 4.000008 14.00056 -19.99999
v 8.000008 14.00056 -19.99999
v 8.000008 14.05216 -19.21699
v 4.000007 14.20516 -18.44719
v 8.000008 14.20516 -18.44719
v 4.000007 14.45716 -17.70379
v 8.000008 14.45716 -17.70379
v 4.000007 14.80456 -16.99999
v 8.000007 14.80456 -16.99999
v 4.000006 15.24016 -16.34719
v 8.000007 15.24016 -16.34719
v 4.000006 15.75796 -15.75739
v 8.000006 15.75796 -15.75739
v 4.000005 16.34776 -15.2396
v 8.000006 16.34776 -15.2396
v 4.000004 17.00056 -14.804
v 8.000005 17.00056 -14.804
v 4.000003 17.70436 -14.4566
v 8.000004 17.70436 -14.4566
v 4.000002 18.44776 -14.2046
v 8.000003 18.44777 -14.2046
v 4.000001 19.21756 -14.0516
v 8.000002 19.21757 -14.0516
v 4 20.00056 -14
v 8.000001 20.00057 -14
v 4 20.78356 -14.0516
v 8 20.78357 -14.0516
v 3.999999 21.55336 -14.2046
v 7.999999 21.55337 -14.2046
v 3.999998 22.29676 -14.4566
v 7.999998 22.29677 -14.4566
v 3.999997 23.00056 -14.804
v 7.999997 23.00057 -14.804
v 3.999996 23.65336 -15.2396
v 7.999997 23.65337 -15.2396
v 3.999995 24.24316 -15.7574
v 7.999996 24.24317 -15.7574
v 3.999995 24.76096 -16.3472
v 7.999995 24.76097 -16.3472
v 3.999994 25.19656 -17
v 7.999995 25.19656 -17
v 3.999994 25.54396 -17.7038
v 7.999994 25.54396 -17.7038
v 3.999994 25.79596 -18.4472
v 7.999994 25.79596 -18.4472
v 3.999993 25.94896 -19.217
v 7.999994 25.94896 -19.217
v 3.999993 26.00056 -20
v 7.999994 26.00056 -20
v 3.999993 25.94896 -20.783
v 7.999994 25.94896 -20.783
v 3.999994 25.79596 -21.5528
v 7.999994 25.79596 -21.5528
v 3.999994 25.54395 -22.2962
v 7.999994 25.54396 -22.2962
v 3.999994 25.19655 -23
v 7.999995 25.19656 -23
v 3.999995 24.76095 -23.6528
v 7.999995 24.76096 -23.6528
v 3.999995 24.24315 -24.2426
v 7.999996 24.24316 -24.2426
v 3.999996 23.65335 -24.7604
v 7.999997 23.65336 -24.7604
v 3.999997 23.00055 -25.196
v 7.999997 23.00056 -25.196
v 3.999998 22.29675 -25.5434
v 7.999998 22.29676 -25.5434
v 3.999999 21.55335 -25.7954
v 7.999999 21.55336 -25.7954
v 4 20.78355 -25.9484
v 8 20.78356 -25.9484
v 4 20.00055 -26
v 8.000001 20.00056 -26
v 4.000001 19.21755 -25.9484
v 8.000002 19.21756 -25.9484
v 4.000002 18.44775 -25.7954
v 8.000003 18.44776 -25.7954
v 4.000003 17.70435 -25.5434
v 8.000004 17.70436 -25.5434
v 4.000004 17.00055 -25.196
v 8.000005 17.00056 -25.196
v 4.000005 16.34775 -24.7604
v 8.000006 16.34776 -24.7604
v 4.000006 15.75795 -24.24259
v 8.000006 15.75796 -24.24259
v 4.000006 15.24015 -23.65279
v 8.000007 15.24016 -23.65279
v 4.000007 14.80455 -22.99999
v 8.000007 14.80456 -22.99999
v 4.000007 14.45715 -22.29619
v 8.000008 14.45716 -22.29619
v 4.000007 14.20515 -21.55279
v 8.000008 14.20516 -21.55279
v 4.000008 14.05215 -20.78299
v 8.000008 14.05216 -20.78299
v 4.00001 12.06936 -18.95599
v 4.00001 12.00056 -19.99999
v 8.00001 12.00056 -19.99999
v 8.00001 12.06936 -18.95599
v 4.00001 12.27336 -17.92959
v 8.00001 12.27336 -17.92959
v 4.000009 12.60936 -16.93839
v 8.00001 12.60936 -16.93839
v 4.000009 13.07256 -15.99999
v 8.00001 13.07256 -15.99999
v 4.000008 13.65336 -15.12959
v 8.000009 13.65336 -15.12959
v 4.000007 14.34376 -14.34319
v 8.000008 14.34377 -14.34319
v 4.000006 15.13016 -13.65279
v 8.000007 15.13017 -13.65279
v 4.000005 16.00056 -13.07199
v 8.000006 16.00057 -13.07199
v 4.000004 16.93896 -12.6088
v 8.000005 16.93897 -12.6088
v 4.000003 17.93016 -12.2728
v 8.000004 17.93017 -12.2728
v 4.000002 18.95656 -12.0688
v 8.000002 18.95657 -12.0688
v 4 20.00056 -12
v 8.000001 20.00057 -12
v 3.999999 21.04456 -12.0688
v 8 21.04457 -12.0688
v 3.999998 22.07096 -12.2728
v 7.999999 22.07097 -12.2728
v 3.999997 23.06216 -12.6088
v 7.999997 23.06217 -12.6088
v 3.999996 24.00056 -13.072
v 7.999996 24.00057 -13.072
v 3.999995 24.87096 -13.6528
v 7.999995 24.87097 -13.6528
v 3.999994 25.65736 -14.3432
v 7.999994 25.65737 -14.3432
v 3.999993 26.34776 -15.1296
v 7.999993 26.34776 -15.1296
v 3.999992 26.92856 -16
v 7.999993 26.92857 -16
v 3.999992 27.39176 -16.9384
v 7.999992 27.39176 -16.9384
v 3.999991 27.72776 -17.92961
v 7.999992 27.72776 -17.92961
v 3.999991 27.93176 -18.95601
v 7.999991 27.93176 -18.95601
v 3.999991 28.00056 -20.00001
v 7.999991 28.00056 -20.00001
v 3.999991 27.93176 -21.044
v 7.999991 27.93176 -21.044
v 3.999991 27.72775 -22.07041
v 7.999992 27.72776 -22.07041
v 3.999992 27.39175 -23.06161
v 7.999992 27.39176 -23.06161
v 3.999992 26.92855 -24
v 7.999993 26.92856 -24
v 3.999993 26.34775 -24.8704
v 7.999993 26.34776 -24.8704
v 3.999994 25.65735 -25.6568
v 7.999994 25.65736 -25.6568
v 3.999995 24.87095 -26.3472
v 7.999995 24.87096 -26.3472
v 3.999996 24.00055 -26.928
v 7.999996 24.00056 -26.928
v 3.999997 23.06215 -27.3912
v 7.999997 23.06215 -27.3912
v 3.999998 22.07095 -27.7272
v 7.999999 22.07095 -27.7272
v 3.999999 21.04455 -27.9312
v 8 21.04455 -27.9312
v 4 20.00055 -28
v 8.000001 20.00055 -28
v 4.000002 18.95655 -27.9312
v 8.000002 18.95655 -27.9312
v 4.000003 17.93015 -27.7272
v 8.000004 17.93015 -27.7272
v 4.000004 16.93895 -27.3912
v 8.000005 16.93895 -27.3912
v 4.000005 16.00055 -26.92799
v 8.000006 16.00055 -26.92799
v 4.000006 15.13015 -26.34719
v 8.000007 15.13015 -26.34719
v 4.000007 14.34375 -25.65679
v 8.000008 14.34375 -25.65679
v 4.000008 13.65335 -24.87039
v 8.000009 13.65336 -24.87039
v 4.000009 13.07255 -23.99999
v 8.00001 13.07256 -23.99999
v 4.000009 12.60935 -23.06159
v 8.00001 12.60936 -23.06159
v 4.00001 12.27335 -22.07039
v 8.00001 12.27336 -22.07039
v 4.00001 12.06935 -21.04399
v 8.00001 12.06936 -21.04399
v 8.000008 14.00056 -19.99999
v 8.000008 14.05216 -19.21699
v 8.00001 12.06936 -18.95599
v 8.00001 12.00056 -19.99999
v 8.000008 14.20516 -18.44719
v 8.00001 12.27336 -17.92959
v 8.000008 14.45716 -17.70379
v 8.00001 12.60936 -16.93839
v 8.000007 14.80456 -16.99999
v 8.00001 13.07256 -15.99999
v 8.000007 15.24016 -16.34719
v 8.000009 13.65336 -15.12959
v 8.000006 15.75796 -15.75739
v 8.000008 14.34377 -14.34319
v 8.000006 16.34776 -15.2396
v 8.000007 15.13017 -13.65279
v 8.000005 17.00056 -14.804
v 8.000006 16.00057 -13.07199
v 8.000004 17.70436 -14.4566
v 8.000005 16.93897 -12.6088
v 8.000003 18.44777 -14.2046
v 8.000004 17.93017 -12.2728
v 8.000002 19.21757 -14.0516
v 8.000002 18.95657 -12.0688
v 8.000001 20.00057 -14
v 8.000001 20.00057 -12
v 8 20.78357 -14.0516
v 8 21.04457 -12.0688
v 7.999999 21.55337 -14.2046
v 7.999999 22.07097 -12.2728
v 7.999998 22.29677 -14.4566
v 7.999997 23.06217 -12.6088
v 7.999997 23.00057 -14.804
v 7.999996 24.00057 -13.072
v 7.999997 23.65337 -15.2396
v 7.999995 24.87097 -13.6528
v 7.999996 24.24317 -15.7574
v 7.999994 25.65737 -14.3432
v 7.999995 24.76097 -16.3472
v 7.999993 26.34776 -15.1296
v 7.999995 25.19656 -17
v 7.999993 26.92857 -16
v 7.999994 25.54396 -17.7038
v 7.999992 27.39176 -16.9384
v 7.999994 25.79596 -18.4472
v 7.999992 27.72776 -17.92961
v 7.999994 25.94896 -19.217
v 7.999991 27.93176 -18.95601
v 7.999994 26.00056 -20
v 7.999991 28.00056 -20.00001
v 7.999994 25.94896 -20.783
v 7.999991 27.93176 -21.044
v 7.999994 25.79596 -21.5528
v 7.999992 27.72776 -22.07041
v 7.999994 25.54396 -22.2962
v 7.999992 27.39176 -23.06161
v 7.999995 25.19656 -23
v 7.999993 26.92856 -24
v 7.999995 24.76096 -23.6528
v 7.999993 26.34776 -24.8704
v 7.999996 24.24316 -24.2426
v 7.999994 25.65736 -25.6568
v 7.999997 23.65336 -24.7604
v 7.999995 24.87096 -26.3472
v 7.999997 23.00056 -25.196
v 7.999996 24.00056 -26.928
v 7.999998 22.29676 -25.5434
v 7.999997 23.06215 -27.3912
v 7.999999 21.55336 -25.7954
v 7.999999 22.07095 -27.7272
v 8 20.78356 -25.9484
v 8 21.04455 -27.9312
v 8.000001 20.00056 -26
v 8.000001 20.00055 -28
v 8.000002 19.21756 -25.9484
v 8.000002 18.95655 -27.9312
v 8.000003 18.44776 -25.7954
v 8.000004 17.93015 -27.7272
v 8.000004 17.70436 -25.5434
v 8.000005 16.93895 -27.3912
v 8.000005 17.00056 -25.196
v 8.000006 16.00055 -26.92799
v 8.000006 16.34776 -24.7604
v 8.000007 15.13015 -26.34719
v 8.000006 15.75796 -24.24259
v 8.000008 14.34375 -25.65679
v 8.000007 15.24016 -23.65279
v 8.000009 13.65336 -24.87039
v 8.000007 14.80456 -22.99999
v 8.00001 13.07256 -23.99999
v 8.000008 14.45716 -22.29619
v 8.00001 12.60936 -23.06159
v 8.000008 14.20516 -21.55279
v 8.00001 12.27336 -22.07039
v 8.000008 14.05216 -20.78299
v 8.00001 12.06936 -21.04399
v 4.00001 12.00056 -11.99999
v 4.00001 12.00056 -19.99999
v 4.00001 12.06936 -18.95599
v 4.00001 12.27336 -17.92959
v 4.000009 12.60936 -16.93839
v 4.000009 13.07256 -15.99999
v 4.000008 13.65336 -15.12959
v 4.000007 14.34376 -14.34319
v 4.000006 15.13016 -13.65279
v 4.000005 16.00056 -13.07199
v 4.000004 16.93896 -12.6088
v 4.000003 17.93016 -12.2728
v 4.000002 18.95656 -12.0688
v 4 20.00056 -12
v 3.999991 28.00056 -12.00001
v 3.999999 21.04456 -12.0688
v 3.999998 22.07096 -12.2728
v 3.999997 23.06216 -12.6088
v 3.999996 24.00056 -13.072
v 3.999995 24.87096 -13.6528
v 3.999994 25.65736 -14.3432
v 3.999993 26.34776 -15.1296
v 3.999992 26.92856 -16
v 3.999992 27.39176 -16.9384
v 3.999991 27.72776 -17.92961
v 3.999991 27.93176 -18.95601
v 3.999991 28.00056 -20.00001
v 3.999991 28.00055 -28.00001
v 3.999991 27.93176 -21.044
v 3.999991 27.72775 -22.07041
v 3.999992 27.39175 -23.06161
v 3.999992 26.92855 -24
v 3.999993 26.34775 -24.8704
v 3.999994 25.65735 -25.6568
v 3.999995 24.87095 -26.3472
v 3.999996 24.00055 -26.928
v 3.999997 23.06215 -27.3912
v 3.999998 22.07095 -27.7272
v 3.999999 21.04455 -27.9312
v 4 20.00055 -28
v 4.00001 12.00055 -27.99999
v 4.000002 18.95655 -27.9312
v 4.000003 17.93015 -27.7272
v 4.000004 16.93895 -27.3912
v 4.000005 16.00055 -26.92799
v 4.000006 15.13015 -26.34719
v 4.000007 14.34375 -25.65679
v 4.000008 13.65335 -24.87039
v 4.000009 13.07255 -23.99999
v 4.000009 12.60935 -23.06159
v 4.00001 12.27335 -22.07039
v 4.00001 12.06935 -21.04399
v 4.768372E-06 16.00055 -17.99999
v 6.728173E-06 14.35655 -17.99999
v 4.000007 14.35656 -17.99999
v 4.000005 16.00056 -17.99999
v 4.000003 17.50056 -17.5
v 2.980232E-06 17.50055 -17.5
v 4.000003 18.00056 -16
v 2.384186E-06 18.00056 -16
v 2.980232E-06 17.50055 -17.5
v 4.000003 17.50056 -17.5
v 4.000003 18.00056 -14.356
v 2.384186E-06 18.00056 -14.356
v 3.999998 22.50056 -17.5
v -2.980232E-06 22.50055 -17.5
v -4.506111E-06 23.78056 -15.36
v 3.999996 23.78056 -15.36
v 3.999995 24.64056 -16.22
v -5.531311E-06 24.64055 -16.22
v -2.980232E-06 22.50055 -17.5
v 3.999998 22.50056 -17.5
v 4.000003 17.50055 -22.5
v 2.980232E-06 17.50055 -22.5
v 4.506111E-06 16.22055 -24.63999
v 4.000005 16.22055 -24.63999
v 4.000006 15.36055 -23.77999
v 5.531311E-06 15.36055 -23.77999
v 2.980232E-06 17.50055 -22.5
v 4.000003 17.50055 -22.5
v 3.999996 24.00056 -22
v -4.768372E-06 24.00055 -22
v -6.728173E-06 25.64455 -22
v 3.999994 25.64455 -22
v 3.999998 22.50055 -22.5
v -2.980232E-06 22.50055 -22.5
v 3.999998 22.00055 -24
v -2.384186E-06 22.00055 -24
v -2.980232E-06 22.50055 -22.5
v 3.999998 22.50055 -22.5
v 3.999998 22.00055 -25.644
v -2.384186E-06 22.00055 -25.644
v -2.384186E-06 22.00055 -25.644
v 3.999998 22.00055 -25.644
v -1.851082E-06 21.55335 -25.7954
v 4 20.78375 -25.949
v -9.336472E-07 20.78375 -25.949
v 0 20.00055 -25.9999
v 9.336472E-07 19.21735 -25.949
v 4.000001 19.21735 -25.949
v 1.851082E-06 18.44775 -25.7954
v 2.737164E-06 17.70445 -25.5434
v 3.576279E-06 17.00055 -25.196
v 4.000005 16.34805 -24.75979
v 4.354119E-06 16.34805 -24.75979
v 4.000005 16.22055 -24.63999
v 4.506111E-06 16.22055 -24.63999
v 5.531311E-06 15.36055 -23.77999
v 4.000006 15.36055 -23.77999
v 4.000006 15.24075 -23.65249
v 5.674124E-06 15.24075 -23.65249
v 6.194115E-06 14.80455 -22.99999
v 6.607771E-06 14.45755 -22.29599
v 6.908655E-06 14.20515 -21.55279
v 4.000008 14.05155 -20.78319
v 7.09176E-06 14.05155 -20.78319
v 7.152557E-06 14.00055 -19.99999
v 4.000008 14.05156 -19.21679
v 7.09176E-06 14.05155 -19.21679
v 6.908655E-06 14.20515 -18.44719
v 4.000007 14.35656 -17.99999
v 6.728173E-06 14.35655 -17.99999
v 2.384186E-06 18.00056 -14.356
v 4.000003 18.00056 -14.356
v 1.851082E-06 18.44776 -14.2046
v 4.000001 19.21736 -14.051
v 9.336472E-07 19.21736 -14.051
v 0 20.00056 -14
v 4 20.78376 -14.051
v -9.336472E-07 20.78376 -14.051
v -1.851082E-06 21.55336 -14.2046
v -2.737164E-06 22.29666 -14.4566
v -3.576279E-06 23.00056 -14.804
v 3.999996 23.65306 -15.2402
v -4.354119E-06 23.65306 -15.2402
v 3.999996 23.78056 -15.36
v -4.506111E-06 23.78056 -15.36
v -5.531311E-06 24.64055 -16.22
v 3.999995 24.64056 -16.22
v 3.999995 24.76036 -16.3475
v -5.674124E-06 24.76035 -16.3475
v -6.194115E-06 25.19655 -17
v -6.607771E-06 25.54355 -17.704
v -6.908655E-06 25.79595 -18.4472
v 3.999993 25.94956 -19.2168
v -7.09176E-06 25.94955 -19.2168
v -7.152438E-06 26.00045 -20
v 3.999993 25.94956 -20.7832
v -7.09176E-06 25.94955 -20.7832
v -6.908655E-06 25.79595 -21.5528
v 3.999994 25.64455 -22
v -6.728173E-06 25.64455 -22
v 4.768372E-06 16.00055 -17.99999
v 5.05805E-06 15.75756 -15.75699
v 6.607771E-06 14.45755 -17.70399
v 6.729364E-06 14.35555 -17.99999
v 2.980232E-06 17.50055 -17.5
v 2.384186E-06 18.00056 -16
v 2.384186E-06 18.00056 -14.356
v 2.737045E-06 17.70456 -14.457
v -4.768372E-06 24.00055 -22
v -5.05805E-06 24.24355 -24.243
v -6.607771E-06 25.54355 -22.296
v -6.728173E-06 25.64455 -22
v -2.980232E-06 22.50055 -22.5
v -2.384186E-06 22.00055 -24
v -2.384186E-06 22.00055 -25.644
v -2.737045E-06 22.29655 -25.543
v 2.980232E-06 17.50055 -22.5
v 5.531311E-06 15.36055 -23.77999
v 5.05805E-06 15.75755 -24.24299
v 4.506111E-06 16.22055 -24.63999
v -2.980232E-06 22.50055 -17.5
v -5.531311E-06 24.64055 -16.22
v -5.05805E-06 24.24356 -15.757
v -4.506111E-06 23.78056 -15.36
v -3.576279E-06 23.00055 -25.196
v -4.354119E-06 23.65305 -24.7598
v -5.674124E-06 24.76035 -23.6525
v -6.194115E-06 25.19655 -23
v 3.576279E-06 17.00056 -14.804
v 4.354119E-06 16.34805 -15.2402
v 5.674124E-06 15.24075 -16.34749
v 6.194115E-06 14.80455 -16.99999
v 4.000003 18.00056 -16
v 4.000006 15.75756 -15.75699
v 4.000003 17.70456 -14.457
v 4.000003 18.00056 -14.355
v 4.000003 17.50056 -17.5
v 4.000005 16.00056 -17.99999
v 4.000007 14.35656 -17.99999
v 4.000007 14.45756 -17.70399
v 3.999998 22.00055 -24
v 3.999995 24.24355 -24.243
v 3.999998 22.29655 -25.543
v 3.999998 22.00055 -25.644
v 3.999998 22.50055 -22.5
v 3.999996 24.00056 -22
v 3.999994 25.64455 -22
v 3.999994 25.54355 -22.296
v 3.999998 22.50056 -17.5
v 3.999996 23.78056 -15.36
v 3.999995 24.24356 -15.757
v 3.999995 24.64056 -16.22
v 4.000003 17.50055 -22.5
v 4.000005 16.22055 -24.63999
v 4.000006 15.75755 -24.24299
v 4.000006 15.36055 -23.77999
v 3.999994 25.19655 -23
v 3.999995 24.76035 -23.6525
v 3.999996 23.65305 -24.7598
v 3.999997 23.00055 -25.196
v 4.000007 14.80456 -16.99999
v 4.000006 15.24076 -16.34749
v 4.000005 16.34806 -15.2402
v 4.000004 17.00056 -14.804
v 7.152557E-06 14.00055 -19.99999
v 7.091046E-06 14.05215 -19.21699
v 1.418209E-05 8.103751 -18.43399
v 1.430511E-05 8.000549 -19.99999
v 6.908655E-06 14.20515 -18.44719
v 1.381731E-05 8.409753 -16.89439
v 1.32165E-05 8.913754 -15.40759
v 1.238823E-05 9.608555 -13.99999
v 5.674839E-06 15.24015 -16.34719
v 1.134968E-05 10.47976 -12.69439
v 1.011515E-05 11.51536 -11.51479
v 4.354477E-06 16.34776 -15.2396
v 8.708954E-06 12.69496 -10.47919
v 7.152557E-06 14.00056 -9.607992
v 5.474567E-06 15.40816 -8.913195
v 1.851082E-06 18.44776 -14.2046
v 3.702164E-06 16.89496 -8.409195
v 9.334087E-07 19.21756 -14.0516
v 1.866817E-06 18.43456 -8.103197
v 0 20.00056 -14
v 0 20.00056 -7.999998
v -9.334087E-07 20.78356 -14.0516
v -1.866817E-06 21.56656 -8.103199
v -1.851082E-06 21.55336 -14.2046
v -3.702164E-06 23.10616 -8.409201
v -2.737284E-06 22.29676 -14.4566
v -5.474567E-06 24.59296 -8.913202
v -3.576279E-06 23.00056 -14.804
v -7.152557E-06 26.00056 -9.608004
v -4.354477E-06 23.65336 -15.2396
v -8.708954E-06 27.30616 -10.47921
v -1.011515E-05 28.48576 -11.51481
v -5.674839E-06 24.76096 -16.3472
v -1.134968E-05 29.52136 -12.69441
v -6.194115E-06 25.19655 -17
v -1.238823E-05 30.39256 -14.00001
v -6.608248E-06 25.54395 -17.7038
v -1.32165E-05 31.08736 -15.40761
v -6.908655E-06 25.79595 -18.4472
v -1.381731E-05 31.59136 -16.89441
v -7.091046E-06 25.94895 -19.217
v -1.418209E-05 31.89735 -18.43401
v -7.152557E-06 26.00055 -20
v -1.430511E-05 32.00055 -20.00001
v -7.091046E-06 25.94895 -20.783
v -1.418209E-05 31.89735 -21.56601
v -6.908655E-06 25.79595 -21.5528
v -1.381731E-05 31.59135 -23.10561
v -1.32165E-05 31.08735 -24.59241
v -1.238823E-05 30.39255 -26.00001
v -5.674839E-06 24.76095 -23.6528
v -1.134968E-05 29.52135 -27.30561
v -1.011515E-05 28.48574 -28.48521
v -4.354477E-06 23.65335 -24.7604
v -8.708954E-06 27.30614 -29.5208
v -7.152557E-06 26.00054 -30.392
v -5.474567E-06 24.59294 -31.0868
v -1.851082E-06 21.55335 -25.7954
v -3.702164E-06 23.10614 -31.5908
v -9.334087E-07 20.78355 -25.9484
v -1.866817E-06 21.56654 -31.8968
v 0 20.00055 -26
v 0 20.00054 -32
v 9.334087E-07 19.21755 -25.9484
v 1.866817E-06 18.43454 -31.8968
v 1.851082E-06 18.44775 -25.7954
v 3.702164E-06 16.89494 -31.5908
v 2.737284E-06 17.70435 -25.5434
v 5.474567E-06 15.40814 -31.08679
v 3.576279E-06 17.00055 -25.196
v 7.152557E-06 14.00054 -30.39199
v 4.354477E-06 16.34775 -24.7604
v 8.708954E-06 12.69494 -29.52079
v 1.011515E-05 11.51534 -28.48519
v 5.674839E-06 15.24015 -23.65279
v 1.134968E-05 10.47974 -27.30559
v 6.194115E-06 14.80455 -22.99999
v 1.238823E-05 9.608544 -25.99999
v 6.608248E-06 14.45715 -22.29619
v 1.32165E-05 8.913746 -24.59239
v 6.908655E-06 14.20515 -21.55279
v 1.381731E-05 8.409747 -23.10559
v 7.091046E-06 14.05215 -20.78299
v 1.418209E-05 8.103748 -21.56599
v 1.192093E-05 10.00055 -19.99999
v 1.181841E-05 10.08655 -18.69499
v 2.363682E-05 0.1725521 -17.38998
v 2.384186E-05 0.0005488396 -19.99998
v 1.151443E-05 10.34155 -17.41199
v 2.302885E-05 0.6825529 -14.82398
v 1.101375E-05 10.76155 -16.17299
v 2.202749E-05 1.522555 -12.34598
v 1.032352E-05 11.34056 -14.99999
v 2.064705E-05 2.680559 -9.999982
v 9.458065E-06 12.06656 -13.91199
v 1.891613E-05 4.13256 -7.823984
v 8.429289E-06 12.92956 -12.92899
v 1.685858E-05 5.858563 -5.857986
v 7.257461E-06 13.91256 -12.06599
v 1.451492E-05 7.824564 -4.131987
v 5.960464E-06 15.00056 -11.33999
v 1.192093E-05 10.00057 -2.679989
v 4.56214E-06 16.17356 -10.76099
v 9.124279E-06 12.34657 -1.52199
v 3.085137E-06 17.41256 -10.341
v 6.170273E-06 14.82457 -0.6819926
v 1.555681E-06 18.69556 -10.086
v 3.111363E-06 17.39057 -0.1719966
v 0 20.00056 -9.999998
v 0 20.00057 1.907349E-06
v -1.555681E-06 21.30556 -10.086
v -3.111363E-06 22.61057 -0.1720014
v -3.085137E-06 22.58856 -10.341
v -6.170273E-06 25.17657 -0.682002
v -4.56214E-06 23.82756 -10.761
v -9.124279E-06 27.65457 -1.522004
v -5.960464E-06 25.00056 -11.34
v -1.192093E-05 30.00057 -2.680007
v -7.257461E-06 26.08856 -12.066
v -1.451492E-05 32.17657 -4.132009
v -8.429289E-06 27.07156 -12.929
v -1.685858E-05 34.14257 -5.858012
v -9.458065E-06 27.93456 -13.91201
v -1.891613E-05 35.86856 -7.824013
v -1.032352E-05 28.66056 -15.00001
v -2.064705E-05 37.32056 -10.00001
v -1.101375E-05 29.23956 -16.17301
v -2.202749E-05 38.47856 -12.34601
v -1.151443E-05 29.65956 -17.41201
v -2.302885E-05 39.31856 -14.82402
v -1.181841E-05 29.91455 -18.69501
v -2.363682E-05 39.82856 -17.39002
v -1.192093E-05 30.00055 -20.00001
v -2.384186E-05 40.00055 -20.00002
v -1.181841E-05 29.91455 -21.30501
v -2.363682E-05 39.82855 -22.61002
v -1.151443E-05 29.65955 -22.58801
v -2.302885E-05 39.31855 -25.17602
v -1.101375E-05 29.23955 -23.82701
v -2.202749E-05 38.47855 -27.65401
v -1.032352E-05 28.66055 -25.00001
v -2.064705E-05 37.32055 -30.00001
v -9.458065E-06 27.93455 -26.08801
v -1.891613E-05 35.86854 -32.17601
v -8.429289E-06 27.07154 -27.071
v -1.685858E-05 34.14254 -34.14201
v -7.257461E-06 26.08854 -27.934
v -1.451492E-05 32.17654 -35.86801
v -5.960464E-06 25.00054 -28.66
v -1.192093E-05 30.00054 -37.32001
v -4.56214E-06 23.82754 -29.239
v -9.124279E-06 27.65454 -38.478
v -3.085137E-06 22.58854 -29.659
v -6.170273E-06 25.17653 -39.318
v -1.555681E-06 21.30554 -29.914
v -3.111363E-06 22.61053 -39.828
v 0 20.00054 -30
v 0 20.00053 -40
v 1.555681E-06 18.69554 -29.914
v 3.111363E-06 17.39053 -39.828
v 3.085137E-06 17.41254 -29.659
v 6.170273E-06 14.82453 -39.31799
v 4.56214E-06 16.17354 -29.23899
v 9.124279E-06 12.34653 -38.47799
v 5.960464E-06 15.00054 -28.65999
v 1.192093E-05 10.00053 -37.31999
v 7.257461E-06 13.91254 -27.93399
v 1.451492E-05 7.824536 -35.86799
v 8.429289E-06 12.92954 -27.07099
v 1.685858E-05 5.858537 -34.14198
v 9.458065E-06 12.06654 -26.08799
v 1.891613E-05 4.132538 -32.17598
v 1.032352E-05 11.34055 -24.99999
v 2.064705E-05 2.68054 -29.99998
v 1.101375E-05 10.76155 -23.82699
v 2.202749E-05 1.522541 -27.65398
v 1.151443E-05 10.34155 -22.58799
v 2.302885E-05 0.6825434 -25.17598
v 1.181841E-05 10.08655 -21.30499
v 2.363682E-05 0.1725474 -22.60998
v 4.000024 0.1725569 -17.38998
v 4.000024 0.0005536079 -19.99998
v 2.384186E-05 0.0005488396 -19.99998
v 2.363682E-05 0.1725521 -17.38998
v 4.000023 0.6825576 -14.82398
v 2.302885E-05 0.6825529 -14.82398
v 4.000022 1.52256 -12.34598
v 2.202749E-05 1.522555 -12.34598
v 4.000021 2.680563 -9.999982
v 2.064705E-05 2.680559 -9.999982
v 4.00002 4.132565 -7.823984
v 1.891613E-05 4.13256 -7.823984
v 4.000017 5.858568 -5.857986
v 1.685858E-05 5.858563 -5.857986
v 4.000015 7.824569 -4.131987
v 1.451492E-05 7.824564 -4.131987
v 4.000012 10.00057 -2.679989
v 1.192093E-05 10.00057 -2.679989
v 4.00001 12.34657 -1.52199
v 9.124279E-06 12.34657 -1.52199
v 4.000007 14.82457 -0.6819926
v 6.170273E-06 14.82457 -0.6819926
v 4.000004 17.39057 -0.1719966
v 3.111363E-06 17.39057 -0.1719966
v 4 20.00057 1.907345E-06
v 0 20.00057 1.907349E-06
v 3.999997 22.61057 -0.1720014
v -3.111363E-06 22.61057 -0.1720014
v 3.999994 25.17657 -0.682002
v -6.170273E-06 25.17657 -0.682002
v 3.999991 27.65457 -1.522004
v -9.124279E-06 27.65457 -1.522004
v 3.999989 30.00057 -2.680007
v -1.192093E-05 30.00057 -2.680007
v 3.999986 32.17657 -4.132009
v -1.451492E-05 32.17657 -4.132009
v 3.999984 34.14257 -5.858012
v -1.685858E-05 34.14257 -5.858012
v 3.999982 35.86857 -7.824013
v -1.891613E-05 35.86856 -7.824013
v 3.99998 37.32057 -10.00001
v -2.064705E-05 37.32056 -10.00001
v 3.999979 38.47857 -12.34601
v -2.202749E-05 38.47856 -12.34601
v 3.999977 39.31857 -14.82402
v -2.302885E-05 39.31856 -14.82402
v 3.999977 39.82856 -17.39002
v -2.363682E-05 39.82856 -17.39002
v 3.999977 40.00056 -20.00002
v -2.384186E-05 40.00055 -20.00002
v 3.999977 39.82856 -22.61002
v -2.363682E-05 39.82855 -22.61002
v 3.999977 39.31855 -25.17602
v -2.302885E-05 39.31855 -25.17602
v 3.999979 38.47855 -27.65401
v -2.202749E-05 38.47855 -27.65401
v 3.99998 37.32055 -30.00001
v -2.064705E-05 37.32055 -30.00001
v 3.999982 35.86855 -32.17601
v -1.891613E-05 35.86854 -32.17601
v 3.999984 34.14254 -34.14201
v -1.685858E-05 34.14254 -34.14201
v 3.999986 32.17654 -35.86801
v -1.451492E-05 32.17654 -35.86801
v 3.999989 30.00054 -37.32001
v -1.192093E-05 30.00054 -37.32001
v 3.999991 27.65454 -38.478
v -9.124279E-06 27.65454 -38.478
v 3.999994 25.17654 -39.318
v -6.170273E-06 25.17653 -39.318
v 3.999997 22.61054 -39.828
v -3.111363E-06 22.61053 -39.828
v 4 20.00054 -40
v 0 20.00053 -40
v 4.000004 17.39054 -39.828
v 3.111363E-06 17.39053 -39.828
v 4.000007 14.82454 -39.31799
v 6.170273E-06 14.82453 -39.31799
v 4.00001 12.34654 -38.47799
v 9.124279E-06 12.34653 -38.47799
v 4.000012 10.00054 -37.31999
v 1.192093E-05 10.00053 -37.31999
v 4.000015 7.824541 -35.86799
v 1.451492E-05 7.824536 -35.86799
v 4.000017 5.858542 -34.14198
v 1.685858E-05 5.858537 -34.14198
v 4.00002 4.132543 -32.17598
v 1.891613E-05 4.132538 -32.17598
v 4.000021 2.680545 -29.99998
v 2.064705E-05 2.68054 -29.99998
v 4.000022 1.522546 -27.65398
v 2.202749E-05 1.522541 -27.65398
v 4.000023 0.6825482 -25.17598
v 2.302885E-05 0.6825434 -25.17598
v 4.000024 0.1725521 -22.60998
v 2.363682E-05 0.1725474 -22.60998
v 1.098752E-05 10.78356 -4.051589
v 1.192093E-05 10.00056 -3.999989
v -3.999989 10.00056 -3.999989
v -3.99999 10.78356 -4.051589
v 1.006985E-05 11.55336 -4.20459
v -3.99999 11.55336 -4.20459
v 9.183645E-06 12.29676 -4.456591
v -3.999991 12.29676 -4.456591
v 8.34465E-06 13.00056 -4.803992
v -3.999992 13.00056 -4.803992
v 7.566452E-06 13.65336 -5.239593
v -3.999993 13.65336 -5.239593
v 6.863356E-06 14.24316 -5.757393
v -3.999994 14.24316 -5.757393
v 6.24609E-06 14.76096 -6.347194
v -3.999994 14.76096 -6.347194
v 5.726814E-06 15.19656 -6.999994
v -3.999995 15.19656 -6.999994
v 5.312681E-06 15.54396 -7.703794
v -3.999995 15.54396 -7.703794
v 5.012274E-06 15.79596 -8.447194
v -3.999995 15.79596 -8.447194
v 4.829883E-06 15.94896 -9.216994
v -3.999996 15.94896 -9.216994
v 4.768372E-06 16.00056 -9.999994
v -3.999996 16.00056 -9.999994
v 4.829883E-06 15.94896 -10.78299
v -3.999996 15.94895 -10.78299
v 5.012274E-06 15.79596 -11.55279
v -3.999995 15.79595 -11.55279
v 5.312681E-06 15.54396 -12.29619
v -3.999995 15.54395 -12.29619
v 5.726814E-06 15.19656 -12.99999
v -3.999995 15.19655 -12.99999
v 6.24609E-06 14.76096 -13.65279
v -3.999994 14.76095 -13.65279
v 6.863356E-06 14.24316 -14.24259
v -3.999994 14.24315 -14.24259
v 7.566452E-06 13.65336 -14.76039
v -3.999993 13.65335 -14.76039
v 8.34465E-06 13.00056 -15.19599
v -3.999992 13.00055 -15.19599
v 9.183645E-06 12.29675 -15.54339
v -3.999991 12.29675 -15.54339
v 1.006985E-05 11.55335 -15.79539
v -3.99999 11.55335 -15.79539
v 1.098752E-05 10.78355 -15.94839
v -3.99999 10.78355 -15.94839
v 1.192093E-05 10.00055 -15.99999
v -3.999989 10.00055 -15.99999
v 1.285434E-05 9.217554 -15.94839
v -3.999988 9.217549 -15.94839
v 1.377201E-05 8.447754 -15.79539
v -3.999987 8.447749 -15.79539
v 1.465821E-05 7.704354 -15.54339
v -3.999986 7.704349 -15.54339
v 1.549721E-05 7.000554 -15.19599
v -3.999985 7.000549 -15.19599
v 1.627541E-05 6.347755 -14.76039
v -3.999984 6.34775 -14.76039
v 1.69785E-05 5.757955 -14.24259
v -3.999984 5.75795 -14.24259
v 1.759577E-05 5.240155 -13.65278
v -3.999983 5.24015 -13.65278
v 1.811504E-05 4.804556 -12.99998
v -3.999982 4.804551 -12.99998
v 1.852918E-05 4.457157 -12.29618
v -3.999982 4.457152 -12.29618
v 1.882959E-05 4.205156 -11.55278
v -3.999982 4.205152 -11.55278
v 1.901198E-05 4.052157 -10.78298
v -3.999981 4.052153 -10.78298
v 1.907349E-05 4.000558 -9.999984
v -3.999981 4.000554 -9.999984
v -3.99999 11.55347 -4.204435
v -3.99999 10.78372 -4.05132
v -3.999989 10.00056 -3.999989
v -3.999989 10.00055 -9.999989
v -3.999992 13.00056 -4.80384
v -3.999991 12.29666 -4.456714
v -3.999994 14.2432 -5.757351
v -3.999993 13.65313 -5.239872
v -3.999995 15.19671 -6.999994
v -3.999994 14.76068 -6.347425
v -3.999995 15.79611 -8.44708
v -3.999995 15.54383 -7.703893
v -3.999996 16.00056 -9.999994
v -3.999996 15.94923 -9.216838
v -3.999995 15.79611 -11.55291
v -3.999996 15.94922 -10.78315
v -3.999995 15.1967 -12.99999
v -3.999995 15.54383 -12.29609
v -3.999994 14.24319 -14.24263
v -3.999994 14.76067 -13.65256
v -3.999992 13.00055 -15.19614
v -3.999993 13.65312 -14.76011
v -3.99999 11.55346 -15.79555
v -3.999991 12.29665 -15.54327
v -3.999989 10.00055 -15.99999
v -3.99999 10.78371 -15.94866
v -3.999987 8.447635 -15.79554
v -3.999988 9.217392 -15.94866
v -3.999985 7.000548 -15.19614
v -3.999986 7.704448 -15.54326
v -3.999984 5.757908 -14.24262
v -3.999984 6.34798 -14.76011
v -3.999982 4.804399 -12.99998
v -3.999983 5.24043 -13.65255
v -3.999982 4.204997 -11.5529
v -3.999982 4.457274 -12.29608
v -3.999981 4.000554 -9.999984
v -3.999981 4.051884 -10.78314
v -3.999982 4.385556 -8.059984
v -3.999984 5.858558 -5.857985
v -3.999986 8.060559 -4.384987
v -3.999982 4.386055 -8.060284
v 1.861394E-05 4.38606 -8.060284
v -3.999984 5.858558 -5.857985
v -3.999986 8.061859 -4.385487
v 1.423204E-05 8.061864 -4.385487
v -1.901198E-05 35.94896 -10.78301
v -1.907349E-05 36.00056 -10.00001
v -4.00002 36.00056 -10.00001
v -4.00002 35.94896 -10.78301
v -1.882959E-05 35.79596 -11.55281
v -4.000019 35.79596 -11.55281
v -1.852918E-05 35.54396 -12.29621
v -4.000019 35.54396 -12.29621
v -1.811504E-05 35.19656 -13.00001
v -4.000019 35.19656 -13.00001
v -1.759577E-05 34.76096 -13.65281
v -4.000018 34.76095 -13.65281
v -1.69785E-05 34.24316 -14.24261
v -4.000018 34.24315 -14.24261
v -1.627541E-05 33.65336 -14.76041
v -4.000017 33.65335 -14.76041
v -1.549721E-05 33.00056 -15.19601
v -4.000016 33.00055 -15.19601
v -1.465821E-05 32.29676 -15.54341
v -4.000015 32.29675 -15.54341
v -1.377201E-05 31.55336 -15.79541
v -4.000014 31.55335 -15.79541
v -1.285434E-05 30.78356 -15.94841
v -4.000013 30.78355 -15.94841
v -1.192093E-05 30.00056 -16.00001
v -4.000012 30.00055 -16.00001
v -1.098752E-05 29.21756 -15.94841
v -4.000011 29.21755 -15.94841
v -1.006985E-05 28.44776 -15.79541
v -4.00001 28.44775 -15.79541
v -9.183645E-06 27.70436 -15.5434
v -4.00001 27.70435 -15.5434
v -8.34465E-06 27.00056 -15.196
v -4.000009 27.00055 -15.196
v -7.566452E-06 26.34776 -14.7604
v -4.000008 26.34775 -14.7604
v -6.863356E-06 25.75796 -14.2426
v -4.000007 25.75795 -14.2426
v -6.24609E-06 25.24016 -13.6528
v -4.000007 25.24015 -13.6528
v -5.726814E-06 24.80456 -13
v -4.000006 24.80455 -13
v -5.312681E-06 24.45716 -12.2962
v -4.000006 24.45715 -12.2962
v -5.012274E-06 24.20516 -11.5528
v -4.000006 24.20515 -11.5528
v -4.829883E-06 24.05216 -10.783
v -4.000005 24.05215 -10.783
v -4.768372E-06 24.00056 -10
v -4.000005 24.00056 -10
v -4.829883E-06 24.05216 -9.217002
v -4.000005 24.05216 -9.217002
v -5.012274E-06 24.20516 -8.447202
v -4.000006 24.20516 -8.447202
v -5.312681E-06 24.45716 -7.703803
v -4.000006 24.45716 -7.703803
v -5.726814E-06 24.80456 -7.000002
v -4.000006 24.80456 -7.000002
v -6.24609E-06 25.24016 -6.347203
v -4.000007 25.24016 -6.347203
v -6.863356E-06 25.75797 -5.757404
v -4.000007 25.75796 -5.757404
v -7.566452E-06 26.34776 -5.239604
v -4.000008 26.34776 -5.239604
v -8.34465E-06 27.00057 -4.804004
v -4.000009 27.00056 -4.804004
v -9.183645E-06 27.70437 -4.456605
v -4.00001 27.70436 -4.456605
v -1.006985E-05 28.44777 -4.204605
v -4.00001 28.44776 -4.204605
v -1.098752E-05 29.21757 -4.051606
v -4.000011 29.21756 -4.051606
v -1.192093E-05 30.00057 -4.000007
v -4.000012 30.00056 -4.000007
v -4.000019 35.79611 -11.55293
v -4.00002 35.94923 -10.78317
v -4.00002 36.00056 -10.00001
v -4.000012 30.00056 -10.00001
v -4.000019 35.1967 -13.00001
v -4.000019 35.54383 -12.29611
v -4.000018 34.24319 -14.24265
v -4.000018 34.76067 -13.65258
v -4.000016 33.00055 -15.19616
v -4.000017 33.65312 -14.76013
v -4.000014 31.55347 -15.79556
v -4.000015 32.29665 -15.54329
v -4.000012 30.00055 -16.00001
v -4.000013 30.78371 -15.94868
v -4.00001 28.44764 -15.79556
v -4.000011 29.21739 -15.94868
v -4.000009 27.00055 -15.19616
v -4.00001 27.70445 -15.54328
v -4.000007 25.75791 -14.24264
v -4.000008 26.34798 -14.76012
v -4.000006 24.8044 -13
v -4.000007 25.24043 -13.65257
v -4.000006 24.205 -11.55292
v -4.000006 24.45728 -12.2961
v -4.000005 24.00056 -10
v -4.000005 24.05189 -10.78316
v -4.000006 24.205 -8.447087
v -4.000005 24.05189 -9.216845
v -4.000006 24.80441 -7.000001
v -4.000006 24.45728 -7.703902
v -4.000007 25.75792 -5.757362
v -4.000007 25.24044 -6.347433
v -4.000009 27.00056 -4.803853
v -4.000008 26.34799 -5.239883
v -4.00001 28.44765 -4.204451
v -4.00001 27.70446 -4.456728
v -4.000012 30.00056 -4.000007
v -4.000011 29.21741 -4.051337
v -4.000015 31.94056 -4.385009
v -4.000017 34.14256 -5.858011
v -4.000019 35.61556 -8.060013
v -4.000015 31.94026 -4.385509
v -1.423323E-05 31.94027 -4.385509
v -4.000017 34.14256 -5.858011
v -4.000019 35.61506 -8.061313
v -1.861394E-05 35.61506 -8.061313
v 1.901198E-05 4.05214 -29.21698
v 1.907349E-05 4.00054 -29.99998
v -3.999981 4.000535 -29.99998
v -3.999981 4.052135 -29.21698
v 1.882959E-05 4.205141 -28.44718
v -3.999982 4.205136 -28.44718
v 1.852918E-05 4.457142 -27.70378
v -3.999982 4.457138 -27.70378
v 1.811504E-05 4.804543 -26.99998
v -3.999982 4.804538 -26.99998
v 1.759577E-05 5.240144 -26.34719
v -3.999983 5.240139 -26.34719
v 1.69785E-05 5.757945 -25.75739
v -3.999984 5.75794 -25.75739
v 1.627541E-05 6.347745 -25.23959
v -3.999984 6.347741 -25.23959
v 1.549721E-05 7.000546 -24.80399
v -3.999985 7.000541 -24.80399
v 1.465821E-05 7.704346 -24.45659
v -3.999986 7.704341 -24.45659
v 1.377201E-05 8.447746 -24.20459
v -3.999987 8.447742 -24.20459
v 1.285434E-05 9.217546 -24.05159
v -3.999988 9.217542 -24.05159
v 1.192093E-05 10.00055 -23.99999
v -3.999989 10.00054 -23.99999
v 1.098752E-05 10.78355 -24.05159
v -3.99999 10.78354 -24.05159
v 1.006985E-05 11.55335 -24.20459
v -3.99999 11.55334 -24.20459
v 9.183645E-06 12.29675 -24.45659
v -3.999991 12.29674 -24.45659
v 8.34465E-06 13.00055 -24.80399
v -3.999992 13.00054 -24.80399
v 7.566452E-06 13.65335 -25.23959
v -3.999993 13.65334 -25.23959
v 6.863356E-06 14.24314 -25.75739
v -3.999994 14.24314 -25.75739
v 6.24609E-06 14.76094 -26.34719
v -3.999994 14.76094 -26.34719
v 5.726814E-06 15.19654 -26.99999
v -3.999995 15.19654 -26.99999
v 5.312681E-06 15.54394 -27.70379
v -3.999995 15.54394 -27.70379
v 5.012274E-06 15.79594 -28.44719
v -3.999995 15.79594 -28.44719
v 4.829883E-06 15.94894 -29.217
v -3.999996 15.94894 -29.217
v 4.768372E-06 16.00054 -29.99999
v -3.999996 16.00054 -29.99999
v 4.829883E-06 15.94894 -30.783
v -3.999996 15.94894 -30.783
v 5.012274E-06 15.79594 -31.55279
v -3.999995 15.79594 -31.55279
v 5.312681E-06 15.54394 -32.29619
v -3.999995 15.54393 -32.29619
v 5.726814E-06 15.19654 -32.99999
v -3.999995 15.19653 -32.99999
v 6.24609E-06 14.76094 -33.65279
v -3.999994 14.76093 -33.65279
v 6.863356E-06 14.24314 -34.24259
v -3.999994 14.24313 -34.24259
v 7.566452E-06 13.65334 -34.76039
v -3.999993 13.65333 -34.76039
v 8.34465E-06 13.00054 -35.19599
v -3.999992 13.00053 -35.19599
v 9.183645E-06 12.29674 -35.54339
v -3.999991 12.29673 -35.54339
v 1.006985E-05 11.55334 -35.79539
v -3.99999 11.55333 -35.79539
v 1.098752E-05 10.78354 -35.94839
v -3.99999 10.78353 -35.94839
v 1.192093E-05 10.00054 -35.99999
v -3.999989 10.00053 -35.99999
v -3.999982 4.204982 -28.44707
v -3.999981 4.051867 -29.21683
v -3.999981 4.000535 -29.99998
v -3.999989 10.00054 -29.99999
v -3.999982 4.804387 -26.99998
v -3.999982 4.457261 -27.70388
v -3.999984 5.757898 -25.75734
v -3.999983 5.240418 -26.34742
v -3.999985 7.000541 -24.80383
v -3.999984 6.347971 -25.23986
v -3.999987 8.447627 -24.20443
v -3.999986 7.70444 -24.45671
v -3.999989 10.00054 -23.99999
v -3.999988 9.217385 -24.05132
v -3.99999 11.55346 -24.20444
v -3.99999 10.7837 -24.05132
v -3.999992 13.00054 -24.80384
v -3.999991 12.29664 -24.45671
v -3.999994 14.24318 -25.75735
v -3.999993 13.65311 -25.23987
v -3.999995 15.19669 -26.99999
v -3.999994 14.76066 -26.34742
v -3.999995 15.79609 -28.44708
v -3.999995 15.54382 -27.70389
v -3.999996 16.00054 -30
v -3.999996 15.94921 -29.21684
v -3.999995 15.79609 -31.55291
v -3.999996 15.94921 -30.78315
v -3.999995 15.19669 -33
v -3.999995 15.54381 -32.29609
v -3.999994 14.24317 -34.24263
v -3.999994 14.76065 -33.65256
v -3.999992 13.00053 -35.19614
v -3.999993 13.6531 -34.76011
v -3.99999 11.55344 -35.79554
v -3.999991 12.29663 -35.54327
v -3.999989 10.00053 -35.99999
v -3.99999 10.78369 -35.94866
v -3.999986 8.060532 -35.61499
v -3.999984 5.858531 -34.14199
v -3.999982 4.385534 -31.93998
v -3.999986 8.060831 -35.61449
v 1.423323E-05 8.060836 -35.61449
v -3.999984 5.858531 -34.14199
v -3.999982 4.386034 -31.93868
v 1.861394E-05 4.386038 -31.93868
v -1.098752E-05 29.21754 -35.94841
v -1.192093E-05 30.00054 -36.00001
v -4.000012 30.00053 -36.00001
v -4.000011 29.21753 -35.94841
v -1.006985E-05 28.44774 -35.79541
v -4.00001 28.44773 -35.79541
v -9.183645E-06 27.70434 -35.5434
v -4.00001 27.70433 -35.5434
v -8.34465E-06 27.00054 -35.196
v -4.000009 27.00053 -35.196
v -7.566452E-06 26.34774 -34.7604
v -4.000008 26.34773 -34.7604
v -6.863356E-06 25.75794 -34.2426
v -4.000007 25.75793 -34.2426
v -6.24609E-06 25.24014 -33.6528
v -4.000007 25.24014 -33.6528
v -5.726814E-06 24.80454 -33
v -4.000006 24.80453 -33
v -5.312681E-06 24.45714 -32.2962
v -4.000006 24.45714 -32.2962
v -5.012274E-06 24.20514 -31.5528
v -4.000006 24.20514 -31.5528
v -4.829883E-06 24.05214 -30.783
v -4.000005 24.05214 -30.783
v -4.768372E-06 24.00054 -30
v -4.000005 24.00054 -30
v -4.829883E-06 24.05214 -29.217
v -4.000005 24.05214 -29.217
v -5.012274E-06 24.20514 -28.4472
v -4.000006 24.20514 -28.4472
v -5.312681E-06 24.45715 -27.7038
v -4.000006 24.45714 -27.7038
v -5.726814E-06 24.80454 -27
v -4.000006 24.80454 -27
v -6.24609E-06 25.24015 -26.3472
v -4.000007 25.24014 -26.3472
v -6.863356E-06 25.75795 -25.7574
v -4.000007 25.75794 -25.7574
v -7.566452E-06 26.34775 -25.2396
v -4.000008 26.34774 -25.2396
v -8.34465E-06 27.00055 -24.804
v -4.000009 27.00054 -24.804
v -9.183645E-06 27.70435 -24.45661
v -4.00001 27.70434 -24.45661
v -1.006985E-05 28.44775 -24.20461
v -4.00001 28.44774 -24.20461
v -1.098752E-05 29.21755 -24.05161
v -4.000011 29.21754 -24.05161
v -1.192093E-05 30.00055 -24.00001
v -4.000012 30.00054 -24.00001
v -1.285434E-05 30.78355 -24.05161
v -4.000013 30.78354 -24.05161
v -1.377201E-05 31.55335 -24.20461
v -4.000014 31.55334 -24.20461
v -1.465821E-05 32.29675 -24.45661
v -4.000015 32.29675 -24.45661
v -1.549721E-05 33.00055 -24.80401
v -4.000016 33.00055 -24.80401
v -1.627541E-05 33.65335 -25.23961
v -4.000017 33.65334 -25.23961
v -1.69785E-05 34.24315 -25.75741
v -4.000018 34.24314 -25.75741
v -1.759577E-05 34.76095 -26.34721
v -4.000018 34.76094 -26.34721
v -1.811504E-05 35.19655 -27.00001
v -4.000019 35.19654 -27.00001
v -1.852918E-05 35.54395 -27.70381
v -4.000019 35.54394 -27.70381
v -1.882959E-05 35.79594 -28.44721
v -4.000019 35.79594 -28.44721
v -1.901198E-05 35.94894 -29.21701
v -4.00002 35.94894 -29.21701
v -1.907349E-05 36.00055 -30.00001
v -4.00002 36.00054 -30.00001
v -4.00001 28.44762 -35.79556
v -4.000011 29.21737 -35.94868
v -4.000012 30.00053 -36.00001
v -4.000012 30.00054 -30.00001
v -4.000009 27.00053 -35.19616
v -4.00001 27.70443 -35.54328
v -4.000007 25.75789 -34.24265
v -4.000008 26.34797 -34.76012
v -4.000006 24.80438 -33
v -4.000007 25.24041 -33.65257
v -4.000006 24.20498 -31.55292
v -4.000006 24.45726 -32.2961
v -4.000005 24.00054 -30
v -4.000005 24.05187 -30.78316
v -4.000006 24.20498 -28.44709
v -4.000005 24.05187 -29.21684
v -4.000006 24.80439 -27
v -4.000006 24.45726 -27.7039
v -4.000007 25.7579 -25.75736
v -4.000007 25.24042 -26.34743
v -4.000009 27.00054 -24.80385
v -4.000008 26.34797 -25.23988
v -4.00001 28.44763 -24.20445
v -4.00001 27.70444 -24.45673
v -4.000012 30.00055 -24.00001
v -4.000011 29.21739 -24.05134
v -4.000014 31.55346 -24.20445
v -4.000013 30.7837 -24.05134
v -4.000016 33.00055 -24.80386
v -4.000015 32.29665 -24.45673
v -4.000018 34.24318 -25.75737
v -4.000017 33.65311 -25.23989
v -4.000019 35.19669 -27.00001
v -4.000018 34.76066 -26.34744
v -4.000019 35.7961 -28.4471
v -4.000019 35.54382 -27.70391
v -4.00002 36.00054 -30.00001
v -4.00002 35.94921 -29.21686
v -4.000019 35.61554 -31.94001
v -4.000017 34.14254 -34.14201
v -4.000015 31.94053 -35.61501
v -4.000019 35.61504 -31.93971
v -1.861394E-05 35.61504 -31.93971
v -4.000017 34.14254 -34.14201
v -4.000015 31.93923 -35.61451
v -1.423204E-05 31.93924 -35.61451
v 3.999987 31.36054 -36.00001
v 4.000014 8.64054 -35.99999
v 3.999981 36.00055 -31.36001
v 3.999984 34.14054 -34.14001
v 4.000014 8.64054 -35.99999
v 8.000014 8.640545 -35.99999
v 7.999988 31.36055 -36.00001
v 3.999987 31.36054 -36.00001
v 8.000014 8.640545 -35.99999
v 7.999988 31.36055 -36.00001
v 7.999992 27.65425 -38.4776
v 8.00001 12.34684 -38.47759
v 8.000007 14.82382 -39.31969
v 7.999995 25.1771 -39.3175
v 8.00001 12.34696 -38.47743
v 8.000004 17.38985 -39.82845
v 7.999998 22.61125 -39.82829
v 8.000001 20.00042 -40.00052
v 7.999992 27.65425 -38.4776
v 3.999994 25.17709 -39.3175
v 7.999995 25.1771 -39.3175
v 3.999997 22.61124 -39.82829
v 7.999998 22.61125 -39.82829
v 4 20.00041 -40.00052
v 8.000001 20.00042 -40.00052
v 4.000004 17.38984 -39.82845
v 8.000004 17.38985 -39.82845
v 4.000007 14.82382 -39.31969
v 8.000007 14.82382 -39.31969
v 4.00001 12.34696 -38.47743
v 8.00001 12.34696 -38.47743
v 4.000014 8.64054 -35.99999
v 8.000014 8.640545 -35.99999
v 8.00001 12.34684 -38.47759
v 7.999988 31.36055 -36.00001
v 3.999987 31.36054 -36.00001
v 4.00002 4.000544 -31.35998
v 4.00002 4.000565 -8.639984
v 4.000017 5.860541 -34.13998
v 4.00002 4.000565 -8.639984
v 8.00002 4.000569 -8.639984
v 8.00002 4.000548 -31.35998
v 4.00002 4.000544 -31.35998
v 8.00002 4.000569 -8.639984
v 8.00002 4.000548 -31.35998
v 8.000023 1.522951 -27.65368
v 8.000023 1.522965 -12.34628
v 8.000024 0.680863 -14.82326
v 8.000024 0.6830527 -25.17653
v 8.000023 1.523124 -12.3464
v 8.000025 0.1721077 -17.38928
v 8.000025 0.1722651 -22.61069
v 8.000025 3.385549E-05 -19.99986
v 8.000023 1.522951 -27.65368
v 4.000023 0.6830479 -25.17653
v 8.000024 0.6830527 -25.17653
v 4.000024 0.1722603 -22.61069
v 8.000025 0.1722651 -22.61069
v 4.000024 2.717977E-05 -19.99986
v 8.000025 3.194814E-05 -19.99986
v 4.000024 0.1721029 -17.38928
v 8.000025 0.1721077 -17.38928
v 4.000023 0.6808582 -14.82326
v 8.000024 0.680863 -14.82326
v 4.000022 1.523119 -12.3464
v 8.000023 1.523124 -12.3464
v 4.00002 4.000565 -8.639984
v 8.00002 4.000569 -8.639984
v 8.000023 1.522965 -12.34628
v 8.00002 4.000548 -31.35998
v 4.00002 4.000544 -31.35998
v 4.000014 8.64057 -3.999988
v 3.999987 31.36057 -4.000009
v 4.000017 5.860567 -5.859985
v 3.999987 31.36057 -4.000009
v 7.999988 31.36058 -4.000009
v 8.000014 8.640574 -3.999988
v 4.000014 8.64057 -3.999988
v 7.999988 31.36058 -4.000009
v 8.000014 8.640574 -3.999988
v 8.00001 12.34688 -1.522391
v 7.999992 27.65428 -1.522405
v 7.999995 25.1773 -0.6803026
v 8.000007 14.82403 -0.6824923
v 7.999992 27.65416 -1.522563
v 7.999998 22.61127 -0.1715474
v 8.000004 17.38987 -0.1717048
v 8.000001 20.0007 0.0005264281
v 8.00001 12.34688 -1.522391
v 4.000007 14.82402 -0.6824923
v 8.000007 14.82403 -0.6824923
v 4.000004 17.38987 -0.1717048
v 8.000004 17.38987 -0.1717048
v 4 20.0007 0.0005283355
v 8.000001 20.0007 0.0005283355
v 3.999997 22.61127 -0.1715474
v 7.999998 22.61127 -0.1715474
v 3.999994 25.17729 -0.6803026
v 7.999995 25.1773 -0.6803026
v 3.999991 27.65415 -1.522563
v 7.999992 27.65416 -1.522563
v 3.999987 31.36057 -4.000009
v 7.999988 31.36058 -4.000009
v 7.999992 27.65428 -1.522405
v 8.000014 8.640574 -3.999988
v 4.000014 8.64057 -3.999988
v 3.999981 36.00057 -8.640013
v 3.999984 34.14057 -5.860011
v 3.999981 36.00055 -31.36001
v 7.999982 36.00055 -31.36001
v 7.999982 36.00057 -8.640013
v 3.999981 36.00057 -8.640013
v 7.999982 36.00055 -31.36001
v 7.999982 36.00057 -8.640013
v 7.999979 38.47817 -12.34632
v 7.999979 38.47816 -27.65372
v 7.999978 39.32026 -25.17673
v 7.999978 39.31807 -14.82346
v 7.999979 38.478 -27.65359
v 7.999977 39.82901 -22.61071
v 7.999977 39.82886 -17.38931
v 7.999977 40.00109 -20.00014
v 7.999979 38.47817 -12.34632
v 3.999977 39.31807 -14.82346
v 7.999978 39.31807 -14.82346
v 3.999977 39.82885 -17.38931
v 7.999977 39.82886 -17.38931
v 3.999977 40.00108 -20.00014
v 7.999977 40.00109 -20.00014
v 3.999977 39.82901 -22.61071
v 7.999977 39.82901 -22.61071
v 3.999977 39.32026 -25.17673
v 7.999978 39.32026 -25.17673
v 3.999979 38.47799 -27.65359
v 7.999979 38.478 -27.65359
v 3.999981 36.00055 -31.36001
v 7.999982 36.00055 -31.36001
v 7.999979 38.47816 -27.65372
v 7.999982 36.00057 -8.640013
v 3.999981 36.00057 -8.640013
vn -1.184986E-06 0.9940385 -0.109031
vn -1.191809E-06 0.9997618 0.0218302
vn -1.191805E-06 0.9997589 -0.0219624
vn -1.17821E-06 0.988354 -0.1521731
vn -1.161742E-06 0.9728022 -0.2316378
vn -1.144569E-06 0.9601341 -0.2795403
vn -1.111122E-06 0.9320763 -0.3622624
vn -1.091073E-06 0.9152584 -0.4028677
vn -1.045134E-06 0.8767218 -0.4809979
vn -1.019299E-06 0.85505 -0.5185459
vn -9.615418E-07 0.8065993 -0.5910988
vn -9.295601E-07 0.7797711 -0.6260649
vn -8.61E-07 0.7222586 -0.6916232
vn -8.244783E-07 0.6916219 -0.7222598
vn -7.463267E-07 0.6260635 -0.7797722
vn -7.046438E-07 0.5910974 -0.8066003
vn -6.181539E-07 0.5185444 -0.8550508
vn -5.733933E-07 0.4809964 -0.8767226
vn -4.802548E-07 0.4028661 -0.915259
vn -4.318494E-07 0.3622608 -0.9320769
vn -3.27892E-07 0.273184 -0.9619618
vn -2.830343E-07 0.2374255 -0.9714058
vn -1.814034E-07 0.1521713 -0.9883541
vn -1.29974E-07 0.1090292 -0.9940386
vn -2.602471E-08 0.0218302 -0.9997617
vn 2.618013E-08 -0.0219624 -0.9997588
vn 1.29974E-07 -0.109031 -0.9940383
vn 1.814034E-07 -0.1521731 -0.9883538
vn 2.807731E-07 -0.2376877 -0.9713416
vn 3.332369E-07 -0.2795403 -0.960134
vn 3.622631E-06 -0.3622697 -0.9320732
vn 4.802548E-07 -0.4028678 -0.9152583
vn 2.423775E-06 -0.481114 -0.876658
vn 6.181539E-07 -0.5185459 -0.8550498
vn 7.046438E-07 -0.5910989 -0.8065992
vn 7.463267E-07 -0.626065 -0.779771
vn 8.244783E-07 -0.6916232 -0.7222585
vn 8.61E-07 -0.7222599 -0.6916218
vn 9.295601E-07 -0.7797722 -0.6260635
vn 9.615418E-07 -0.8066004 -0.5910974
vn 1.019123E-06 -0.8549033 -0.5187875
vn 1.045134E-06 -0.8767227 -0.4809963
vn 3.822603E-05 -0.9152973 -0.4027791
vn 1.111122E-06 -0.9320769 -0.3622607
vn 1.962209E-05 -0.9600708 -0.2797574
vn 1.158006E-06 -0.9714059 -0.2374255
vn 1.17821E-06 -0.9883542 -0.1521713
vn 1.184986E-06 -0.9940387 -0.1090292
vn 9.535542E-06 -0.9997623 -0.0218089
vn 1.191805E-06 -0.9997589 0.0219624
vn 1.184986E-06 -0.9940385 0.109031
vn 1.17821E-06 -0.988354 0.1521731
vn 1.1576E-06 -0.9728022 0.2316378
vn 1.144569E-06 -0.9601341 0.2795403
vn 1.111122E-06 -0.9320763 0.3622624
vn 1.091073E-06 -0.9152584 0.4028677
vn 1.045134E-06 -0.8767218 0.4809979
vn 1.019299E-06 -0.85505 0.5185459
vn 9.615418E-07 -0.8065993 0.5910988
vn 9.295601E-07 -0.7797711 0.6260649
vn 8.61E-07 -0.7222586 0.6916232
vn 8.244783E-07 -0.6916219 0.7222598
vn 7.463267E-07 -0.6260635 0.7797722
vn 7.046438E-07 -0.5910974 0.8066003
vn 6.181539E-07 -0.5185444 0.8550508
vn 5.733933E-07 -0.4809964 0.8767226
vn 4.802548E-07 -0.4028661 0.915259
vn 4.318494E-07 -0.3622608 0.9320769
vn 3.234314E-07 -0.273184 0.9619618
vn 2.830343E-07 -0.2374255 0.9714058
vn 1.814034E-07 -0.1521713 0.9883541
vn 1.29974E-07 -0.1090292 0.9940386
vn 7.164174E-06 -0.009411634 0.9999558
vn -2.618013E-08 0.0219624 0.9997588
vn -1.29974E-07 0.109031 0.9940383
vn -1.814034E-07 0.1521731 0.9883538
vn -2.859165E-07 0.2376877 0.9713416
vn -3.332369E-07 0.2795403 0.960134
vn 2.758915E-06 0.3622697 0.9320732
vn -4.802548E-07 0.4028678 0.9152583
vn 1.276712E-06 0.481114 0.876658
vn -6.181539E-07 0.5185459 0.8550498
vn -7.046438E-07 0.5910989 0.8065992
vn -7.463267E-07 0.626065 0.779771
vn -8.244783E-07 0.6916232 0.7222585
vn -8.61E-07 0.7222599 0.6916218
vn -9.295601E-07 0.7797722 0.6260635
vn -9.615418E-07 0.8066004 0.5910974
vn -1.019123E-06 0.8549033 0.5187875
vn -1.045134E-06 0.8767227 0.4809963
vn 3.60438E-05 0.9152973 0.4027791
vn -1.111122E-06 0.9320769 0.3622607
vn 1.73331E-05 0.9600708 0.2797574
vn -1.158006E-06 0.9714059 0.2374255
vn -1.17821E-06 0.9883542 0.1521713
vn -1.184986E-06 0.9940387 0.1090292
vn 1.184986E-06 -0.9940384 0.1090311
vn 1.191805E-06 -0.9997589 -0.02196058
vn 1.191805E-06 -0.9997589 0.0219624
vn 1.17821E-06 -0.988354 0.1521732
vn 1.158006E-06 -0.9714054 0.2374272
vn 1.144569E-06 -0.9601342 0.2795401
vn 1.111122E-06 -0.9320763 0.3622623
vn 1.091073E-06 -0.9152583 0.4028678
vn 1.045134E-06 -0.8767218 0.4809981
vn 1.019299E-06 -0.8550498 0.5185458
vn 9.615418E-07 -0.8065993 0.5910988
vn 9.295601E-07 -0.779771 0.626065
vn 8.61E-07 -0.7222586 0.6916232
vn 8.244783E-07 -0.691622 0.7222598
vn 7.463267E-07 -0.6260636 0.7797721
vn 7.046438E-07 -0.5910974 0.8066003
vn 6.181539E-07 -0.5185443 0.8550507
vn 5.733935E-07 -0.4809966 0.8767226
vn 4.802549E-07 -0.4028662 0.9152589
vn 4.318493E-07 -0.3622607 0.9320769
vn 3.332367E-07 -0.2795384 0.9601346
vn 2.830342E-07 -0.2374254 0.9714058
vn 1.814035E-07 -0.1521714 0.9883541
vn 1.299741E-07 -0.1090292 0.9940385
vn 2.618013E-08 -0.02196058 0.9997588
vn -2.618013E-08 0.0219624 0.9997588
vn -1.299741E-07 0.1090311 0.9940383
vn -1.814035E-07 0.1521732 0.9883539
vn -2.830342E-07 0.2374272 0.9714053
vn -3.332367E-07 0.2795402 0.9601341
vn -4.318493E-07 0.3622624 0.9320762
vn -4.802549E-07 0.4028679 0.9152582
vn -5.733935E-07 0.4809982 0.8767217
vn -6.181539E-07 0.5185459 0.8550497
vn -7.046438E-07 0.5910989 0.8065992
vn -7.463267E-07 0.626065 0.7797709
vn -8.244783E-07 0.6916233 0.7222585
vn -8.61E-07 0.7222599 0.6916219
vn -9.295601E-07 0.7797722 0.6260635
vn -9.615418E-07 0.8066004 0.5910974
vn -1.019299E-06 0.8550508 0.5185443
vn -1.045134E-06 0.8767227 0.4809965
vn -1.091073E-06 0.915259 0.4028662
vn -1.111122E-06 0.9320769 0.3622606
vn -1.144569E-06 0.9601347 0.2795384
vn -1.158006E-06 0.9714059 0.2374254
vn -1.17821E-06 0.9883543 0.1521714
vn -1.184986E-06 0.9940386 0.1090292
vn -1.191805E-06 0.9997589 0.02196058
vn -1.191805E-06 0.9997589 -0.0219624
vn -1.184986E-06 0.9940384 -0.1090311
vn -1.17821E-06 0.988354 -0.1521732
vn -1.158006E-06 0.9714054 -0.2374272
vn -1.144569E-06 0.9601342 -0.2795401
vn -1.111122E-06 0.9320763 -0.3622623
vn -1.091073E-06 0.9152583 -0.4028678
vn -1.045134E-06 0.8767218 -0.4809981
vn -1.019299E-06 0.8550498 -0.5185458
vn -9.615418E-07 0.8065993 -0.5910988
vn -9.295601E-07 0.779771 -0.626065
vn -8.61E-07 0.7222586 -0.6916232
vn -8.244783E-07 0.691622 -0.7222598
vn -7.463267E-07 0.6260636 -0.7797721
vn -7.046438E-07 0.5910974 -0.8066003
vn -6.181539E-07 0.5185443 -0.8550507
vn -5.733935E-07 0.4809966 -0.8767226
vn -4.802549E-07 0.4028662 -0.9152589
vn -4.318493E-07 0.3622607 -0.9320769
vn -3.332367E-07 0.2795384 -0.9601346
vn -2.830342E-07 0.2374254 -0.9714058
vn -1.814035E-07 0.1521714 -0.9883541
vn -1.299741E-07 0.1090292 -0.9940385
vn -2.618013E-08 0.02196058 -0.9997588
vn 2.618013E-08 -0.0219624 -0.9997588
vn 1.299741E-07 -0.1090311 -0.9940383
vn 1.814035E-07 -0.1521732 -0.9883539
vn 2.830342E-07 -0.2374272 -0.9714053
vn 3.332367E-07 -0.2795402 -0.9601341
vn 4.318493E-07 -0.3622624 -0.9320762
vn 4.802549E-07 -0.4028679 -0.9152582
vn 5.733935E-07 -0.4809982 -0.8767217
vn 6.181539E-07 -0.5185459 -0.8550497
vn 7.046438E-07 -0.5910989 -0.8065992
vn 7.463267E-07 -0.626065 -0.7797709
vn 8.244783E-07 -0.6916233 -0.7222585
vn 8.61E-07 -0.7222599 -0.6916219
vn 9.295601E-07 -0.7797722 -0.6260635
vn 9.615418E-07 -0.8066004 -0.5910974
vn 1.019299E-06 -0.8550508 -0.5185443
vn 1.045134E-06 -0.8767227 -0.4809965
vn 1.091073E-06 -0.915259 -0.4028662
vn 1.111122E-06 -0.9320769 -0.3622606
vn 1.144569E-06 -0.9601347 -0.2795384
vn 1.158006E-06 -0.9714059 -0.2374254
vn 1.17821E-06 -0.9883543 -0.1521714
vn 1.184986E-06 -0.9940386 -0.1090292
vn 1 1.192093E-06 -9.189654E-13
vn 1 1.192093E-06 -9.189653E-13
vn 1 1.192093E-06 -9.189653E-13
vn 1 1.192093E-06 -9.189654E-13
vn 1 1.192093E-06 -9.189654E-13
vn 1 1.192093E-06 -9.189654E-13
vn 1 1.192093E-06 -9.189654E-13
vn 1 1.192093E-06 -9.189654E-13
vn 1 1.192093E-06 -9.189654E-13
vn 1 1.192093E-06 -9.189654E-13
vn 1 1.192093E-06 -9.189654E-13
vn 1 1.192093E-06 -9.189654E-13
vn 1 1.192093E-06 -9.189653E-13
vn 1 1.192093E-06 -9.189654E-13
vn 1 1.192093E-06 -9.189654E-13
vn 1 1.192093E-06 -9.189654E-13
vn 1 1.192093E-06 -9.189653E-13
vn 1 1.192093E-06 -9.189654E-13
vn 1 1.192093E-06 -9.189653E-13
vn 1 1.192093E-06 -9.189654E-13
vn 1 1.192093E-06 -9.189654E-13
vn 1 1.192093E-06 -9.189653E-13
vn 1 1.192093E-06 -9.189654E-13
vn 1 1.192093E-06 -9.189654E-13
vn 1 1.192093E-06 -9.189654E-13
vn 1 1.192093E-06 -9.189654E-13
vn 1 1.192093E-06 -9.189653E-13
vn 1 1.192093E-06 -9.189653E-13
vn 1 1.192093E-06 -9.189654E-13
vn 1 1.192093E-06 -9.189654E-13
vn 1 1.192093E-06 -9.189654E-13
vn 1 1.192093E-06 -9.189654E-13
vn 1 1.192093E-06 -9.189654E-13
vn 1 1.192093E-06 -9.189654E-13
vn 1 1.192093E-06 -9.189654E-13
vn 1 1.192093E-06 -9.189654E-13
vn 1 1.192093E-06 -9.189653E-13
vn 1 1.192093E-06 -9.189654E-13
vn 1 1.192093E-06 -9.189654E-13
vn 1 1.192093E-06 -9.189654E-13
vn 1 1.192093E-06 -9.189653E-13
vn 1 1.192093E-06 -9.189654E-13
vn 1 1.192093E-06 -9.189653E-13
vn 1 1.192093E-06 -9.189654E-13
vn 1 1.192093E-06 -9.189654E-13
vn 1 1.192093E-06 -9.189653E-13
vn 1 1.192093E-06 -9.189654E-13
vn 1 1.192093E-06 -9.189654E-13
vn 1 1.192093E-06 -9.189654E-13
vn 1 1.192093E-06 -9.189654E-13
vn 1 1.192093E-06 -9.189653E-13
vn 1 1.192093E-06 -9.189653E-13
vn 1 1.192093E-06 -9.189654E-13
vn 1 1.192093E-06 -9.189654E-13
vn 1 1.192093E-06 -9.189654E-13
vn 1 1.192093E-06 -9.189654E-13
vn 1 1.192093E-06 -9.189654E-13
vn 1 1.192093E-06 -9.189654E-13
vn 1 1.192093E-06 -9.189654E-13
vn 1 1.192093E-06 -9.189654E-13
vn 1 1.192093E-06 -9.189653E-13
vn 1 1.192093E-06 -9.189654E-13
vn 1 1.192093E-06 -9.189654E-13
vn 1 1.192093E-06 -9.189654E-13
vn 1 1.192093E-06 -9.189653E-13
vn 1 1.192093E-06 -9.189654E-13
vn 1 1.192093E-06 -9.189653E-13
vn 1 1.192093E-06 -9.189654E-13
vn 1 1.192093E-06 -9.189654E-13
vn 1 1.192093E-06 -9.189653E-13
vn 1 1.192093E-06 -9.189654E-13
vn 1 1.192093E-06 -9.189654E-13
vn 1 1.192093E-06 -9.189654E-13
vn 1 1.192093E-06 -9.189654E-13
vn 1 1.192093E-06 -9.189653E-13
vn 1 1.192093E-06 -9.189653E-13
vn 1 1.192093E-06 -9.189654E-13
vn 1 1.192093E-06 -9.189654E-13
vn 1 1.192093E-06 -9.189654E-13
vn 1 1.192093E-06 -9.189654E-13
vn 1 1.192093E-06 -9.189654E-13
vn 1 1.192093E-06 -9.189654E-13
vn 1 1.192093E-06 -9.189654E-13
vn 1 1.192093E-06 -9.189654E-13
vn 1 1.192093E-06 -9.189653E-13
vn 1 1.192093E-06 -9.189654E-13
vn 1 1.192093E-06 -9.189654E-13
vn 1 1.192093E-06 -9.189654E-13
vn 1 1.192093E-06 -9.189653E-13
vn 1 1.192093E-06 -9.189654E-13
vn 1 1.192093E-06 -9.189653E-13
vn 1 1.192093E-06 -9.189654E-13
vn 1 1.192093E-06 -9.189654E-13
vn 1 1.192093E-06 -9.189653E-13
vn 1 1.192093E-06 -9.189654E-13
vn 1 1.192093E-06 -9.189654E-13
vn 1 1.192093E-06 -9.189654E-13
vn 1 1.192093E-06 -9.189654E-13
vn 1 1.192093E-06 -9.189654E-13
vn 1 1.192093E-06 -9.189654E-13
vn 1 1.192093E-06 -9.189654E-13
vn 1 1.192093E-06 -9.189654E-13
vn 1 1.192093E-06 -9.189654E-13
vn 1 1.192093E-06 -9.189654E-13
vn 1 1.192093E-06 -9.189654E-13
vn 1 1.192093E-06 -9.189654E-13
vn 1 1.192093E-06 -9.189654E-13
vn 1 1.192093E-06 -9.189654E-13
vn 1 1.192093E-06 -9.189654E-13
vn 1 1.192093E-06 -9.189654E-13
vn 1 1.192093E-06 -9.189654E-13
vn 1 1.192093E-06 -9.189654E-13
vn 1 1.192093E-06 -9.189654E-13
vn 1 1.192093E-06 -9.189654E-13
vn 1 1.192093E-06 -9.189654E-13
vn 1 1.192093E-06 -9.189654E-13
vn 1 1.192093E-06 -9.189654E-13
vn 1 1.192093E-06 -9.189654E-13
vn 1 1.192093E-06 -9.189654E-13
vn 1 1.192093E-06 -9.189654E-13
vn 1 1.192093E-06 -9.189654E-13
vn 1 1.192093E-06 -9.189654E-13
vn 1 1.192093E-06 -9.189654E-13
vn 1 1.192093E-06 -9.189654E-13
vn 1 1.192093E-06 -9.189654E-13
vn 1 1.192093E-06 -9.189654E-13
vn 1 1.192093E-06 -9.189654E-13
vn 1 1.192093E-06 -9.189654E-13
vn 1 1.192093E-06 -9.189654E-13
vn 1 1.192093E-06 -9.189654E-13
vn 1 1.192093E-06 -9.189654E-13
vn 1 1.192093E-06 -9.189654E-13
vn 1 1.192093E-06 -9.189654E-13
vn 1 1.192093E-06 -9.189654E-13
vn 1 1.192093E-06 -9.189654E-13
vn 1 1.192093E-06 -9.189654E-13
vn 1 1.192093E-06 -9.189654E-13
vn 1 1.192093E-06 -9.189654E-13
vn 1 1.192093E-06 -9.189654E-13
vn 1 1.192093E-06 -9.189654E-13
vn 1 1.192093E-06 -9.189654E-13
vn 1 1.192093E-06 -9.189654E-13
vn 1 1.192093E-06 -9.189654E-13
vn 1 1.192093E-06 -9.189654E-13
vn 1 1.192093E-06 -9.189654E-13
vn 1 1.192093E-06 -9.189654E-13
vn 1 1.192093E-06 -9.189654E-13
vn 1 1.192093E-06 -9.189654E-13
vn -1.872293E-07 0.1570585 -0.9875893
vn 0 -9.125773E-07 -1
vn 0 -9.125773E-07 -1
vn -1.872293E-07 0.1570585 -0.9875893
vn -3.769729E-07 0.3162269 -0.9486836
vn -3.769729E-07 0.3162269 -0.9486836
vn -1.165381E-06 0.9775924 -0.2105075
vn -1.185646E-06 0.9945916 -0.1038639
vn -1.130919E-06 0.9486831 -0.3162286
vn -1.130919E-06 0.9486831 -0.3162286
vn -1.192093E-06 1 -9.125773E-07
vn -1.192093E-06 1 -9.125773E-07
vn 1.023054E-06 -0.8581994 0.5133165
vn 1.023054E-06 -0.8581994 0.5133165
vn 1.023054E-06 -0.8581994 0.5133165
vn 1.023054E-06 -0.8581994 0.5133165
vn -6.1192E-07 0.513315 -0.8582003
vn -6.1192E-07 0.513315 -0.8582003
vn -6.1192E-07 0.513315 -0.8582003
vn -6.1192E-07 0.513315 -0.8582003
vn -1.023054E-06 0.8581994 -0.5133165
vn -1.023054E-06 0.8581994 -0.5133165
vn -1.023054E-06 0.8581994 -0.5133165
vn -1.023054E-06 0.8581994 -0.5133165
vn 6.1192E-07 -0.513315 0.8582003
vn 6.1192E-07 -0.513315 0.8582003
vn 6.1192E-07 -0.513315 0.8582003
vn 6.1192E-07 -0.513315 0.8582003
vn 1.238143E-07 -0.1038621 0.9945917
vn 2.509434E-07 -0.2105057 0.9775926
vn 0 9.125773E-07 1
vn 0 9.125773E-07 1
vn 3.769729E-07 -0.3162269 0.9486836
vn 3.769729E-07 -0.3162269 0.9486836
vn 1.165381E-06 -0.9775924 0.2105075
vn 1.185646E-06 -0.9945916 0.1038639
vn 1.130919E-06 -0.9486831 0.3162286
vn 1.130919E-06 -0.9486831 0.3162286
vn 1.192093E-06 -1 9.125773E-07
vn 1.192093E-06 -1 9.125773E-07
vn 3.774929E-07 -0.3206715 0.9471905
vn 3.822712E-07 -0.3206715 0.9471905
vn 2.637055E-07 -0.2249516 0.9743698
vn 1.797678E-07 -0.1524335 0.9883137
vn 8.473088E-06 -0.1087256 0.9940718
vn 2.503371E-05 9.126072E-07 1
vn 6.101955E-06 0.1306023 0.9914349
vn -1.557264E-07 0.1306337 0.9914308
vn 2.345593E-06 0.2798099 0.9600555
vn 5.90458E-06 0.4028678 0.9152583
vn -6.187112E-07 0.5190134 0.8547661
vn -6.787684E-07 0.569393 0.8220655
vn -7.119984E-07 0.5972683 0.8020416
vn -8.162956E-07 0.6847591 0.7287695
vn -8.162956E-07 0.6847591 0.7287695
vn -8.687617E-07 0.7287709 0.6847577
vn -8.687617E-07 0.7287709 0.6847577
vn -9.561087E-07 0.8020428 0.5972669
vn -9.799792E-07 0.8220667 0.5693914
vn 3.626384E-05 0.8766769 0.4810798
vn 7.315331E-05 0.9320769 0.3622608
vn -1.16295E-06 0.9712343 0.2381265
vn -1.18011E-06 0.9883139 0.1524334
vn -1.18502E-06 0.9940673 0.1087677
vn -1.191812E-06 0.9997646 -0.02170167
vn -1.18502E-06 0.9940671 -0.1087695
vn -1.18011E-06 0.9883136 -0.1524352
vn -1.154902E-06 0.9643829 -0.2645107
vn -1.133917E-06 0.94719 -0.3206732
vn -1.129139E-06 0.94719 -0.3206733
vn -3.870496E-07 0.3206715 -0.9471905
vn -3.822712E-07 0.3206715 -0.9471905
vn -2.726229E-07 0.2249516 -0.9743698
vn -1.836639E-07 0.1524335 -0.9883137
vn -1.296623E-07 0.1087677 -0.9940672
vn 2.586932E-08 -0.02170167 -0.9997645
vn 1.296623E-07 -0.1087695 -0.994067
vn 1.797678E-07 -0.1524353 -0.9883135
vn 3.012709E-06 -0.2798099 -0.9600555
vn 6.865089E-06 -0.4028678 -0.9152583
vn 6.187112E-07 -0.5190134 -0.8547661
vn 6.787684E-07 -0.569393 -0.8220655
vn 7.119984E-07 -0.5972683 -0.8020416
vn 8.162956E-07 -0.6847591 -0.7287695
vn 8.162956E-07 -0.6847591 -0.7287695
vn 8.687617E-07 -0.7287709 -0.6847577
vn 8.687617E-07 -0.7287709 -0.6847577
vn 9.561087E-07 -0.8020428 -0.5972669
vn 9.799792E-07 -0.8220667 -0.5693914
vn 3.8354E-05 -0.8766769 -0.4810798
vn 7.537556E-05 -0.9320769 -0.3622608
vn 1.152652E-06 -0.9712343 -0.2381265
vn 1.176214E-06 -0.9883139 -0.1524334
vn 9.528502E-06 -0.994072 -0.1087256
vn 1.787718E-05 -0.9997646 0.02170167
vn 9.528502E-06 -0.9940717 0.1087274
vn 1.176221E-06 -0.9883199 0.1523936
vn 1.144366E-06 -0.9643829 0.2645107
vn 1.12436E-06 -0.94719 0.3206732
vn 1.129139E-06 -0.94719 0.3206733
vn -1 -1.192093E-06 9.189654E-13
vn -1 -1.192093E-06 9.189654E-13
vn -1 -1.192093E-06 9.189654E-13
vn -1 -1.192093E-06 9.189654E-13
vn -1 -1.192093E-06 9.189653E-13
vn -1 -1.192093E-06 9.189653E-13
vn -1 -1.192093E-06 9.189654E-13
vn -1 -1.192093E-06 9.189654E-13
vn -1 -1.192093E-06 9.189654E-13
vn -1 -1.192093E-06 9.189654E-13
vn -1 -1.192093E-06 9.189654E-13
vn -1 -1.192093E-06 9.189654E-13
vn -1 -1.192093E-06 9.189653E-13
vn -1 -1.192093E-06 9.189653E-13
vn -1 -1.192093E-06 9.189654E-13
vn -1 -1.192093E-06 9.189654E-13
vn -1 -1.192093E-06 9.189654E-13
vn -1 -1.192093E-06 9.189654E-13
vn -1 -1.192093E-06 9.189654E-13
vn -1 -1.192093E-06 9.189654E-13
vn -1 -1.192093E-06 9.189654E-13
vn -1 -1.192093E-06 9.189654E-13
vn -1 -1.192093E-06 9.189654E-13
vn -1 -1.192093E-06 9.189654E-13
vn -1 -1.192093E-06 9.189654E-13
vn -1 -1.192093E-06 9.189654E-13
vn -1 -1.192093E-06 9.189654E-13
vn -1 -1.192093E-06 9.189654E-13
vn -1 -1.192093E-06 9.189654E-13
vn -1 -1.192093E-06 9.189654E-13
vn -1 -1.192093E-06 9.189654E-13
vn -1 -1.192093E-06 9.189654E-13
vn 1 1.192093E-06 -9.189654E-13
vn 1 1.192093E-06 -9.189654E-13
vn 1 1.192093E-06 -9.189654E-13
vn 1 1.192093E-06 -9.189654E-13
vn 1 1.192093E-06 -9.189653E-13
vn 1 1.192093E-06 -9.189653E-13
vn 1 1.192093E-06 -9.189654E-13
vn 1 1.192093E-06 -9.189654E-13
vn 1 1.192093E-06 -9.189654E-13
vn 1 1.192093E-06 -9.189654E-13
vn 1 1.192093E-06 -9.189654E-13
vn 1 1.192093E-06 -9.189654E-13
vn 1 1.192093E-06 -9.189653E-13
vn 1 1.192093E-06 -9.189653E-13
vn 1 1.192093E-06 -9.189654E-13
vn 1 1.192093E-06 -9.189654E-13
vn 1 1.192093E-06 -9.189654E-13
vn 1 1.192093E-06 -9.189654E-13
vn 1 1.192093E-06 -9.189654E-13
vn 1 1.192093E-06 -9.189654E-13
vn 1 1.192093E-06 -9.189654E-13
vn 1 1.192093E-06 -9.189654E-13
vn 1 1.192093E-06 -9.189654E-13
vn 1 1.192093E-06 -9.189654E-13
vn 1 1.192093E-06 -9.189654E-13
vn 1 1.192093E-06 -9.189654E-13
vn 1 1.192093E-06 -9.189654E-13
vn 1 1.192093E-06 -9.189654E-13
vn 1 1.192093E-06 -9.189654E-13
vn 1 1.192093E-06 -9.189654E-13
vn 1 1.192093E-06 -9.189654E-13
vn 1 1.192093E-06 -9.189654E-13
vn -1 -1.192093E-06 9.189654E-13
vn -1 -1.192093E-06 9.189654E-13
vn -1 -1.192093E-06 9.189654E-13
vn -1 -1.192093E-06 9.189654E-13
vn -1 -1.192093E-06 9.189654E-13
vn -1 -1.192093E-06 9.189654E-13
vn -1 -1.192093E-06 9.189654E-13
vn -1 -1.192093E-06 9.189654E-13
vn -1 -1.192093E-06 9.189653E-13
vn -1 -1.192093E-06 9.189654E-13
vn -1 -1.192093E-06 9.189654E-13
vn -1 -1.192093E-06 9.189654E-13
vn -1 -1.192093E-06 9.189654E-13
vn -1 -1.192093E-06 9.189654E-13
vn -1 -1.192093E-06 9.189654E-13
vn -1 -1.192093E-06 9.189654E-13
vn -1 -1.192093E-06 9.189654E-13
vn -1 -1.192093E-06 9.189653E-13
vn -1 -1.192093E-06 9.189654E-13
vn -1 -1.192093E-06 9.189654E-13
vn -1 -1.192093E-06 9.189654E-13
vn -1 -1.192093E-06 9.189654E-13
vn -1 -1.192093E-06 9.189654E-13
vn -1 -1.192093E-06 9.189654E-13
vn -1 -1.192093E-06 9.189654E-13
vn -1 -1.192093E-06 9.189654E-13
vn -1 -1.192093E-06 9.189654E-13
vn -1 -1.192093E-06 9.189654E-13
vn -1 -1.192093E-06 9.189654E-13
vn -1 -1.192093E-06 9.189653E-13
vn -1 -1.192093E-06 9.189654E-13
vn -1 -1.192093E-06 9.189654E-13
vn -1 -1.192093E-06 9.189654E-13
vn -1 -1.192093E-06 9.189654E-13
vn -1 -1.192093E-06 9.189654E-13
vn -1 -1.192093E-06 9.189654E-13
vn -1 -1.192093E-06 9.189654E-13
vn -1 -1.192093E-06 9.189653E-13
vn -1 -1.192093E-06 9.189654E-13
vn -1 -1.192093E-06 9.189654E-13
vn -1 -1.192093E-06 9.189653E-13
vn -1 -1.192093E-06 9.189654E-13
vn -1 -1.192093E-06 9.189654E-13
vn -1 -1.192093E-06 9.189654E-13
vn -1 -1.192093E-06 9.189654E-13
vn -1 -1.192093E-06 9.189654E-13
vn -1 -1.192093E-06 9.189654E-13
vn -1 -1.192093E-06 9.189654E-13
vn -1 -1.192093E-06 9.189654E-13
vn -1 -1.192093E-06 9.189654E-13
vn -1 -1.192093E-06 9.189653E-13
vn -1 -1.192093E-06 9.189654E-13
vn -1 -1.192093E-06 9.189654E-13
vn -1 -1.192093E-06 9.189654E-13
vn -1 -1.192093E-06 9.189654E-13
vn -1 -1.192093E-06 9.189654E-13
vn -1 -1.192093E-06 9.189654E-13
vn -1 -1.192093E-06 9.189654E-13
vn -1 -1.192093E-06 9.189654E-13
vn -1 -1.192093E-06 9.189653E-13
vn -1 -1.192093E-06 9.189654E-13
vn -1 -1.192093E-06 9.189654E-13
vn -1 -1.192093E-06 9.189654E-13
vn -1 -1.192093E-06 9.189654E-13
vn -1 -1.192093E-06 9.189654E-13
vn -1 -1.192093E-06 9.189654E-13
vn -1 -1.192093E-06 9.189654E-13
vn -1 -1.192093E-06 9.189654E-13
vn -1 -1.192093E-06 9.189654E-13
vn -1 -1.192093E-06 9.189654E-13
vn -1 -1.192093E-06 9.189654E-13
vn -1 -1.192093E-06 9.189653E-13
vn -1 -1.192093E-06 9.189654E-13
vn -1 -1.192093E-06 9.189654E-13
vn -1 -1.192093E-06 9.189654E-13
vn -1 -1.192093E-06 9.189654E-13
vn -1 -1.192093E-06 9.189654E-13
vn -1 -1.192093E-06 9.189654E-13
vn -1 -1.192093E-06 9.189654E-13
vn -1 -1.192093E-06 9.189653E-13
vn -1 -1.192093E-06 9.189654E-13
vn -1 -1.192093E-06 9.189654E-13
vn -1 -1.192093E-06 9.189653E-13
vn -1 -1.192093E-06 9.189654E-13
vn -1 -1.192093E-06 9.189653E-13
vn -1 -1.192093E-06 9.189654E-13
vn -1 -1.192093E-06 9.189654E-13
vn -1 -1.192093E-06 9.189654E-13
vn -1 -1.192093E-06 9.189654E-13
vn -1 -1.192093E-06 9.189654E-13
vn -1 -1.192093E-06 9.189653E-13
vn -1 -1.192093E-06 9.189654E-13
vn -1 -1.192093E-06 9.189654E-13
vn -1 -1.192093E-06 9.189654E-13
vn -1 -1.192093E-06 9.189654E-13
vn -1 -1.192093E-06 9.189654E-13
vn -1 -1.192093E-06 9.189654E-13
vn -1 -1.192093E-06 9.189654E-13
vn -1 -1.192093E-06 9.189654E-13
vn -1 -1.192093E-06 9.189654E-13
vn -1 -1.192093E-06 9.189654E-13
vn -1 -1.192093E-06 9.189654E-13
vn -1 -1.192093E-06 9.189654E-13
vn -1 -1.192093E-06 9.189654E-13
vn -1 -1.192093E-06 9.189654E-13
vn -1 -1.192093E-06 9.189654E-13
vn -1 -1.192093E-06 9.189654E-13
vn -1 -1.192093E-06 9.189654E-13
vn -1 -1.192093E-06 9.189653E-13
vn -1 -1.192093E-06 9.189654E-13
vn -1 -1.192093E-06 9.189654E-13
vn -1 -1.192093E-06 9.189654E-13
vn -1 -1.192093E-06 9.189654E-13
vn -1 -1.192093E-06 9.189654E-13
vn -1 -1.192093E-06 9.189653E-13
vn -1 -1.192093E-06 9.189654E-13
vn -1 -1.192093E-06 9.189654E-13
vn -1 -1.192093E-06 9.189654E-13
vn -1 -1.192093E-06 9.189654E-13
vn -1 -1.192093E-06 9.189654E-13
vn -1 -1.192093E-06 9.189654E-13
vn -1 -1.192093E-06 9.189654E-13
vn -1 -1.192093E-06 9.189654E-13
vn -1 -1.192093E-06 9.189654E-13
vn -1 -1.192093E-06 9.189654E-13
vn -1 -1.192093E-06 9.189654E-13
vn -1 -1.192093E-06 9.189654E-13
vn -1 -1.192093E-06 9.189654E-13
vn -1 -1.192093E-06 9.189654E-13
vn -1 -1.192093E-06 9.189654E-13
vn -1 -1.192093E-06 9.189654E-13
vn -1 -1.192093E-06 9.189654E-13
vn -1 -1.192093E-06 9.189653E-13
vn -1 -1.192093E-06 9.189654E-13
vn -1 -1.192093E-06 9.189654E-13
vn -1 -1.192093E-06 9.189654E-13
vn -1 -1.192093E-06 9.189654E-13
vn -1 -1.192093E-06 9.189654E-13
vn -1 -1.192093E-06 9.189653E-13
vn -1 -1.192093E-06 9.189654E-13
vn -1 -1.192093E-06 9.189654E-13
vn -1 -1.192093E-06 9.189654E-13
vn -1 -1.192093E-06 9.189654E-13
vn -1 -1.192093E-06 9.189654E-13
vn -1 -1.192093E-06 9.189654E-13
vn -1 -1.192093E-06 9.189654E-13
vn -1 -1.192093E-06 9.189654E-13
vn -1 -1.192093E-06 9.189654E-13
vn -1 -1.192093E-06 9.189654E-13
vn -1 -1.192093E-06 9.189654E-13
vn -1 -1.192093E-06 9.189654E-13
vn -1 -1.192093E-06 9.189654E-13
vn -1 -1.192093E-06 9.189654E-13
vn -1 -1.192093E-06 9.189654E-13
vn -1 -1.192093E-06 9.189654E-13
vn -1 -1.192093E-06 9.189654E-13
vn -1 -1.192093E-06 9.189653E-13
vn -1 -1.192093E-06 9.189654E-13
vn -1 -1.192093E-06 9.189654E-13
vn -1 -1.192093E-06 9.189654E-13
vn -1 -1.192093E-06 9.189654E-13
vn -1 -1.192093E-06 9.189654E-13
vn -1 -1.192093E-06 9.189653E-13
vn -1 -1.192093E-06 9.189654E-13
vn -1 -1.192093E-06 9.189654E-13
vn -1 -1.192093E-06 9.189654E-13
vn -1 -1.192093E-06 9.189654E-13
vn -1 -1.192093E-06 9.189654E-13
vn -1 -1.192093E-06 9.189654E-13
vn -1 -1.192093E-06 9.189654E-13
vn -1 -1.192093E-06 9.189654E-13
vn -1 -1.192093E-06 9.189654E-13
vn -1 -1.192093E-06 9.189654E-13
vn -1 -1.192093E-06 9.189654E-13
vn -1 -1.192093E-06 9.189654E-13
vn -1 -1.192093E-06 9.189654E-13
vn -1 -1.192093E-06 9.189654E-13
vn -1 -1.192093E-06 9.189654E-13
vn -1 -1.192093E-06 9.189654E-13
vn -1 -1.192093E-06 9.189654E-13
vn 1.184986E-06 -0.9940385 0.1090311
vn 1.191805E-06 -0.999759 -0.0219607
vn 1.191805E-06 -0.999759 0.02196252
vn 1.17821E-06 -0.988354 0.1521729
vn 1.158006E-06 -0.9714055 0.2374268
vn 1.144569E-06 -0.9601341 0.2795399
vn 4.663075E-05 -0.9004938 0.434869
vn 1.091073E-06 -0.9152582 0.402868
vn 1.045134E-06 -0.8767217 0.4809982
vn 1.019299E-06 -0.8550499 0.5185458
vn 9.615418E-07 -0.8065993 0.5910988
vn 9.2956E-07 -0.779771 0.6260651
vn 8.609999E-07 -0.7222586 0.6916232
vn 9.719465E-07 -0.7225681 0.6912998
vn 7.463269E-07 -0.6260637 0.779772
vn 7.046438E-07 -0.5910974 0.8066003
vn 6.181539E-07 -0.5185443 0.8550507
vn 5.733935E-07 -0.4809966 0.8767225
vn 4.56055E-05 -0.4646189 0.8855107
vn 4.318495E-07 -0.3622608 0.9320768
vn 3.332366E-07 -0.2795382 0.9601345
vn 2.830338E-07 -0.2374251 0.9714059
vn 1.814032E-07 -0.1521711 0.9883541
vn 1.299741E-07 -0.1090293 0.9940386
vn 2.618028E-08 -0.0219607 0.9997588
vn -2.618028E-08 0.02196252 0.9997588
vn -1.299741E-07 0.1090311 0.9940383
vn -1.814032E-07 0.1521729 0.9883539
vn -2.830338E-07 0.2374268 0.9714054
vn -3.332366E-07 0.27954 0.960134
vn 4.503888E-05 0.434869 0.9004937
vn -4.802551E-07 0.4028681 0.9152581
vn -5.733935E-07 0.4809982 0.8767216
vn -6.181539E-07 0.5185459 0.8550498
vn -7.046438E-07 0.5910989 0.8065992
vn -7.463269E-07 0.6260651 0.7797709
vn -8.244783E-07 0.6916233 0.7222584
vn -7.135152E-07 0.6912999 0.722568
vn -9.2956E-07 0.7797721 0.6260636
vn -9.615418E-07 0.8066004 0.5910974
vn -1.019299E-06 0.8550509 0.5185443
vn -1.045134E-06 0.8767226 0.4809966
vn 4.399602E-05 0.8855109 0.4646188
vn -1.111122E-06 0.9320769 0.3622608
vn -1.144569E-06 0.9601346 0.2795382
vn -1.158006E-06 0.971406 0.2374251
vn -1.17821E-06 0.9883543 0.1521711
vn -1.184986E-06 0.9940387 0.1090293
vn -1.191805E-06 0.999759 0.0219607
vn -1.191805E-06 0.999759 -0.02196252
vn -1.184986E-06 0.9940385 -0.1090311
vn -1.17821E-06 0.988354 -0.1521729
vn -1.158006E-06 0.9714055 -0.2374268
vn -1.144569E-06 0.9601341 -0.2795399
vn 4.448381E-05 0.9004938 -0.434869
vn -1.091073E-06 0.9152582 -0.402868
vn -1.045134E-06 0.8767217 -0.4809982
vn -1.019299E-06 0.8550499 -0.5185458
vn -9.615418E-07 0.8065993 -0.5910988
vn -9.2956E-07 0.779771 -0.6260651
vn -8.609999E-07 0.7222586 -0.6916232
vn -7.507913E-07 0.7225681 -0.6912998
vn -7.463269E-07 0.6260637 -0.779772
vn -7.046438E-07 0.5910974 -0.8066003
vn -6.181539E-07 0.5185443 -0.8550507
vn -5.733935E-07 0.4809966 -0.8767225
vn 4.449776E-05 0.4646189 -0.8855107
vn -4.318495E-07 0.3622608 -0.9320768
vn -3.332366E-07 0.2795382 -0.9601345
vn -2.830338E-07 0.2374251 -0.9714059
vn -1.814032E-07 0.1521711 -0.9883541
vn -1.299741E-07 0.1090293 -0.9940386
vn -2.618028E-08 0.0219607 -0.9997588
vn 2.618028E-08 -0.02196252 -0.9997588
vn 1.299741E-07 -0.1090311 -0.9940383
vn 1.814032E-07 -0.1521729 -0.9883539
vn 2.830338E-07 -0.2374268 -0.9714054
vn 3.332366E-07 -0.27954 -0.960134
vn 4.607568E-05 -0.434869 -0.9004937
vn 4.802551E-07 -0.4028681 -0.9152581
vn 5.733935E-07 -0.4809982 -0.8767216
vn 6.181539E-07 -0.5185459 -0.8550498
vn 7.046438E-07 -0.5910989 -0.8065992
vn 7.463269E-07 -0.6260651 -0.7797709
vn 8.244783E-07 -0.6916233 -0.7222584
vn 9.346704E-07 -0.6912999 -0.722568
vn 9.2956E-07 -0.7797721 -0.6260636
vn 9.615418E-07 -0.8066004 -0.5910974
vn 1.019299E-06 -0.8550509 -0.5185443
vn 1.045134E-06 -0.8767226 -0.4809966
vn 4.610724E-05 -0.8855109 -0.4646188
vn 1.111122E-06 -0.9320769 -0.3622608
vn 1.144569E-06 -0.9601346 -0.2795382
vn 1.158006E-06 -0.971406 -0.2374251
vn 1.17821E-06 -0.9883543 -0.1521711
vn 1.184986E-06 -0.9940387 -0.1090293
vn -1.299735E-07 0.1090306 0.9940383
vn 1.818629E-07 -0.1525568 0.9882948
vn 9.57122E-08 -0.08028831 0.9967717
vn -1.814031E-07 0.1521729 0.9883539
vn -2.830345E-07 0.2374275 0.9714053
vn -3.332375E-07 0.2795408 0.9601339
vn -4.3185E-07 0.3622629 0.932076
vn -4.802549E-07 0.4028679 0.9152582
vn -5.733932E-07 0.4809979 0.8767219
vn -6.181539E-07 0.5185459 0.8550498
vn -7.04644E-07 0.591099 0.806599
vn -7.463269E-07 0.6260651 0.7797707
vn -8.244785E-07 0.6916234 0.7222583
vn -8.610001E-07 0.7222599 0.6916217
vn -9.295601E-07 0.7797722 0.6260636
vn -9.615416E-07 0.8066002 0.5910975
vn -1.019299E-06 0.8550509 0.5185444
vn -1.045134E-06 0.8767227 0.4809963
vn -1.091073E-06 0.9152591 0.402866
vn -1.111122E-06 0.9320768 0.3622608
vn -1.144569E-06 0.9601346 0.2795387
vn -1.158006E-06 0.9714059 0.2374255
vn -1.17821E-06 0.9883542 0.1521713
vn -1.184986E-06 0.9940386 0.1090292
vn -1.191805E-06 0.9997589 0.02196058
vn -1.191805E-06 0.9997589 -0.0219624
vn -1.184986E-06 0.9940384 -0.109031
vn -1.17821E-06 0.988354 -0.1521731
vn -1.158006E-06 0.9714054 -0.2374272
vn -1.144569E-06 0.9601341 -0.2795404
vn -1.111122E-06 0.9320762 -0.3622625
vn -1.091073E-06 0.9152584 -0.4028677
vn -1.045134E-06 0.8767219 -0.4809979
vn -1.019299E-06 0.8550499 -0.5185458
vn -9.615418E-07 0.8065993 -0.5910988
vn -9.295601E-07 0.7797711 -0.6260649
vn -8.61E-07 0.7222586 -0.6916232
vn -8.244783E-07 0.6916219 -0.7222598
vn -7.463267E-07 0.6260635 -0.7797722
vn -7.046438E-07 0.5910974 -0.8066003
vn -6.181539E-07 0.5185443 -0.8550507
vn -5.733932E-07 0.4809963 -0.8767227
vn -4.802548E-07 0.4028661 -0.915259
vn -4.318495E-07 0.3622608 -0.9320768
vn -3.332371E-07 0.2795387 -0.9601345
vn -2.830343E-07 0.2374255 -0.9714058
vn -1.814034E-07 0.1521713 -0.9883541
vn -1.29974E-07 0.1090292 -0.9940385
vn -2.618013E-08 0.02196058 -0.9997588
vn 2.618013E-08 -0.0219624 -0.9997588
vn 1.29974E-07 -0.109031 -0.9940383
vn 1.814034E-07 -0.1521731 -0.9883538
vn 2.830343E-07 -0.2374273 -0.9714053
vn 3.332371E-07 -0.2795404 -0.960134
vn 4.318495E-07 -0.3622625 -0.932076
vn 4.802548E-07 -0.4028678 -0.9152583
vn 5.733933E-07 -0.480998 -0.8767217
vn 6.18154E-07 -0.518546 -0.8550498
vn 7.04644E-07 -0.5910991 -0.806599
vn 7.463268E-07 -0.6260651 -0.7797709
vn 8.244781E-07 -0.6916231 -0.7222586
vn 8.609998E-07 -0.7222597 -0.6916221
vn 9.295598E-07 -0.7797719 -0.6260636
vn 9.615416E-07 -0.8066002 -0.5910975
vn 1.019299E-06 -0.8550509 -0.5185443
vn 1.045134E-06 -0.8767228 -0.4809963
vn 1.091073E-06 -0.915259 -0.4028662
vn 1.111122E-06 -0.9320768 -0.3622612
vn 1.144569E-06 -0.9601344 -0.279539
vn 1.158006E-06 -0.9714059 -0.2374257
vn 1.17821E-06 -0.9883543 -0.1521711
vn 1.184986E-06 -0.9940386 -0.1090288
vn 1.188247E-06 -0.9967735 0.08026735
vn 1.178151E-06 -0.9883045 0.1524946
vn -1 -1.192093E-06 9.189654E-13
vn -1 -1.192093E-06 9.189653E-13
vn -1 -1.192093E-06 9.189654E-13
vn -1 -1.192093E-06 9.189654E-13
vn -1 -1.192093E-06 9.189654E-13
vn -1 -1.192093E-06 9.189654E-13
vn -1 -1.192093E-06 9.189654E-13
vn -1 -1.192093E-06 9.189654E-13
vn -1 -1.192093E-06 9.189654E-13
vn -1 -1.192093E-06 9.189654E-13
vn -1 -1.192093E-06 9.189654E-13
vn -1 -1.192093E-06 9.189654E-13
vn -1 -1.192093E-06 9.189654E-13
vn -1 -1.192093E-06 9.189654E-13
vn -1 -1.192093E-06 9.189654E-13
vn -1 -1.192093E-06 9.189654E-13
vn -1 -1.192093E-06 9.189654E-13
vn -1 -1.192093E-06 9.189654E-13
vn -1 -1.192093E-06 9.189654E-13
vn -1 -1.192093E-06 9.189654E-13
vn -1 -1.192093E-06 9.189654E-13
vn -1 -1.192093E-06 9.189654E-13
vn -1 -1.192093E-06 9.189653E-13
vn -1 -1.192093E-06 9.189654E-13
vn -1 -1.192093E-06 9.189654E-13
vn -1 -1.192093E-06 9.189654E-13
vn -1 -1.192093E-06 9.189654E-13
vn -1 -1.192093E-06 9.189654E-13
vn -1 -1.192093E-06 9.189654E-13
vn -1 -1.192093E-06 9.189654E-13
vn -1 -1.192093E-06 9.189654E-13
vn -1 -1.192093E-06 9.189654E-13
vn -1 -1.192093E-06 9.189654E-13
vn -1 -1.192093E-06 9.189654E-13
vn -1 -1.192093E-06 9.189654E-13
vn -1 -1.192093E-06 9.189654E-13
vn -1 -1.192093E-06 9.189654E-13
vn -1 -1.192093E-06 9.189654E-13
vn -1 -1.192093E-06 9.189654E-13
vn -1 -1.192093E-06 9.189654E-13
vn -1 -1.192093E-06 9.189654E-13
vn 1.180271E-06 -0.8854123 0.4648066
vn 1.118421E-06 -0.938199 0.3460966
vn 1.006476E-06 -0.6587278 0.7523814
vn 4.126379E-07 -0.3461449 0.9381811
vn 6.704671E-07 -0.4647476 0.8854432
vn -1.184986E-06 0.9940384 -0.1090306
vn -1.178139E-06 0.9882949 0.1525567
vn -1.188244E-06 0.9967718 0.08028831
vn -1.17821E-06 0.988354 -0.1521729
vn -1.158006E-06 0.9714054 -0.2374274
vn -1.144569E-06 0.960134 -0.2795407
vn -1.111122E-06 0.9320761 -0.3622629
vn -1.091073E-06 0.9152583 -0.4028679
vn -1.045134E-06 0.8767219 -0.4809979
vn -1.019299E-06 0.8550499 -0.5185458
vn -9.615416E-07 0.8065991 -0.5910989
vn -9.295598E-07 0.7797708 -0.6260651
vn -8.609998E-07 0.7222584 -0.6916234
vn -8.244781E-07 0.6916218 -0.7222599
vn -7.463268E-07 0.6260636 -0.7797721
vn -7.04644E-07 0.5910976 -0.8066001
vn -6.18154E-07 0.5185445 -0.8550507
vn -5.733933E-07 0.4809964 -0.8767226
vn -4.802548E-07 0.4028661 -0.915259
vn -4.318495E-07 0.3622608 -0.9320768
vn -3.332371E-07 0.2795387 -0.9601345
vn -2.830343E-07 0.2374255 -0.9714058
vn -1.814034E-07 0.1521713 -0.9883541
vn -1.29974E-07 0.1090292 -0.9940385
vn -2.618013E-08 0.02196058 -0.9997588
vn 2.618013E-08 -0.0219624 -0.9997588
vn 1.29974E-07 -0.109031 -0.9940383
vn 1.814034E-07 -0.1521731 -0.9883538
vn 2.830343E-07 -0.2374273 -0.9714053
vn 3.332371E-07 -0.2795404 -0.960134
vn 4.318495E-07 -0.3622625 -0.932076
vn 4.802548E-07 -0.4028678 -0.9152583
vn 5.733932E-07 -0.4809979 -0.8767219
vn 6.181539E-07 -0.5185459 -0.8550498
vn 7.046438E-07 -0.5910989 -0.8065992
vn 7.463267E-07 -0.626065 -0.779771
vn 8.244783E-07 -0.6916232 -0.7222585
vn 8.61E-07 -0.7222599 -0.6916218
vn 9.295601E-07 -0.7797722 -0.6260635
vn 9.615418E-07 -0.8066004 -0.5910974
vn 1.019299E-06 -0.8550509 -0.5185443
vn 1.045134E-06 -0.8767228 -0.4809963
vn 1.091073E-06 -0.9152591 -0.402866
vn 1.111122E-06 -0.9320768 -0.3622608
vn 1.144569E-06 -0.9601346 -0.2795387
vn 1.158006E-06 -0.9714059 -0.2374255
vn 1.17821E-06 -0.9883542 -0.1521713
vn 1.184986E-06 -0.9940386 -0.1090292
vn 1.191805E-06 -0.9997589 -0.02196058
vn 1.191805E-06 -0.9997589 0.0219624
vn 1.184986E-06 -0.9940384 0.109031
vn 1.17821E-06 -0.988354 0.1521731
vn 1.158006E-06 -0.9714054 0.2374272
vn 1.144569E-06 -0.9601341 0.2795404
vn 1.111122E-06 -0.9320762 0.3622625
vn 1.091073E-06 -0.9152584 0.4028677
vn 1.045134E-06 -0.8767218 0.4809979
vn 1.019299E-06 -0.8550499 0.518546
vn 9.615416E-07 -0.8065991 0.591099
vn 9.295601E-07 -0.779771 0.626065
vn 8.610001E-07 -0.7222587 0.691623
vn 8.244785E-07 -0.6916221 0.7222596
vn 7.463269E-07 -0.6260637 0.7797719
vn 7.04644E-07 -0.5910975 0.8066001
vn 6.181539E-07 -0.5185443 0.8550507
vn 5.733932E-07 -0.4809963 0.8767227
vn 4.802549E-07 -0.4028662 0.9152589
vn 4.3185E-07 -0.3622612 0.9320767
vn 3.332375E-07 -0.279539 0.9601343
vn 2.830345E-07 -0.2374257 0.9714058
vn 1.814031E-07 -0.1521711 0.9883541
vn 1.299735E-07 -0.1090288 0.9940385
vn -9.568506E-08 0.08026736 0.9967734
vn -1.817867E-07 0.1524946 0.9883044
vn -1 -1.192093E-06 9.189654E-13
vn -1 -1.192093E-06 9.189653E-13
vn -1 -1.192093E-06 9.189654E-13
vn -1 -1.192093E-06 9.189654E-13
vn -1 -1.192093E-06 9.189654E-13
vn -1 -1.192093E-06 9.189654E-13
vn -1 -1.192093E-06 9.189654E-13
vn -1 -1.192093E-06 9.189654E-13
vn -1 -1.192093E-06 9.189654E-13
vn -1 -1.192093E-06 9.189654E-13
vn -1 -1.192093E-06 9.189654E-13
vn -1 -1.192093E-06 9.189654E-13
vn -1 -1.192093E-06 9.189654E-13
vn -1 -1.192093E-06 9.189654E-13
vn -1 -1.192093E-06 9.189654E-13
vn -1 -1.192093E-06 9.189654E-13
vn -1 -1.192093E-06 9.189654E-13
vn -1 -1.192093E-06 9.189654E-13
vn -1 -1.192093E-06 9.189654E-13
vn -1 -1.192093E-06 9.189654E-13
vn -1 -1.192093E-06 9.189654E-13
vn -1 -1.192093E-06 9.189654E-13
vn -1 -1.192093E-06 9.189653E-13
vn -1 -1.192093E-06 9.189654E-13
vn -1 -1.192093E-06 9.189654E-13
vn -1 -1.192093E-06 9.189654E-13
vn -1 -1.192093E-06 9.189654E-13
vn -1 -1.192093E-06 9.189654E-13
vn -1 -1.192093E-06 9.189654E-13
vn -1 -1.192093E-06 9.189654E-13
vn -1 -1.192093E-06 9.189654E-13
vn -1 -1.192093E-06 9.189654E-13
vn -1 -1.192093E-06 9.189654E-13
vn -1 -1.192093E-06 9.189654E-13
vn -1 -1.192093E-06 9.189654E-13
vn -1 -1.192093E-06 9.189654E-13
vn -1 -1.192093E-06 9.189654E-13
vn -1 -1.192093E-06 9.189654E-13
vn -1 -1.192093E-06 9.189654E-13
vn -1 -1.192093E-06 9.189654E-13
vn -1 -1.192093E-06 9.189654E-13
vn -4.29315E-07 0.4648067 0.8854122
vn -4.125783E-07 0.3460967 0.9381989
vn -6.756977E-07 0.7523815 0.6587277
vn -1.118399E-06 0.9381812 0.3461449
vn -9.390862E-07 0.8854433 0.4647476
vn 1.184986E-06 -0.9940384 0.1090306
vn 1.178139E-06 -0.9882949 -0.1525567
vn 1.188244E-06 -0.9967718 -0.08028831
vn 1.17821E-06 -0.988354 0.1521729
vn 1.158006E-06 -0.9714054 0.2374274
vn 1.144569E-06 -0.960134 0.2795407
vn 1.111122E-06 -0.9320761 0.3622629
vn 1.091073E-06 -0.9152583 0.4028679
vn 1.045134E-06 -0.8767219 0.4809979
vn 1.019299E-06 -0.8550499 0.5185458
vn 9.615416E-07 -0.8065991 0.5910989
vn 9.295598E-07 -0.7797708 0.6260651
vn 8.609998E-07 -0.7222584 0.6916234
vn 8.244781E-07 -0.6916218 0.7222599
vn 7.463268E-07 -0.6260636 0.7797721
vn 7.04644E-07 -0.5910976 0.8066001
vn 6.18154E-07 -0.5185445 0.8550507
vn 5.733933E-07 -0.4809964 0.8767226
vn 4.802548E-07 -0.4028661 0.915259
vn 4.318495E-07 -0.3622608 0.9320768
vn 3.332371E-07 -0.2795387 0.9601345
vn 2.830343E-07 -0.2374255 0.9714058
vn 1.814034E-07 -0.1521713 0.9883541
vn 1.29974E-07 -0.1090292 0.9940385
vn 2.618013E-08 -0.02196058 0.9997588
vn -2.618013E-08 0.0219624 0.9997588
vn -1.29974E-07 0.109031 0.9940383
vn -1.814034E-07 0.1521731 0.9883538
vn -2.830343E-07 0.2374273 0.9714053
vn -3.332371E-07 0.2795404 0.960134
vn -4.318495E-07 0.3622625 0.932076
vn -4.802548E-07 0.4028678 0.9152583
vn -5.733932E-07 0.4809979 0.8767219
vn -6.181539E-07 0.5185459 0.8550498
vn -7.046438E-07 0.5910989 0.8065992
vn -7.463267E-07 0.626065 0.779771
vn -8.244783E-07 0.6916232 0.7222585
vn -8.61E-07 0.7222599 0.6916218
vn -9.295601E-07 0.7797722 0.6260635
vn -9.615418E-07 0.8066004 0.5910974
vn -1.019299E-06 0.8550509 0.5185443
vn -1.045134E-06 0.8767228 0.4809963
vn -1.091073E-06 0.9152591 0.402866
vn -1.111122E-06 0.9320768 0.3622608
vn -1.144569E-06 0.9601346 0.2795387
vn -1.158006E-06 0.9714059 0.2374255
vn -1.17821E-06 0.9883542 0.1521713
vn -1.184986E-06 0.9940386 0.1090292
vn -1.191805E-06 0.9997589 0.02196058
vn -1.191805E-06 0.9997589 -0.0219624
vn -1.184986E-06 0.9940384 -0.109031
vn -1.17821E-06 0.988354 -0.1521731
vn -1.158006E-06 0.9714054 -0.2374272
vn -1.144569E-06 0.9601341 -0.2795404
vn -1.111122E-06 0.9320762 -0.3622625
vn -1.091073E-06 0.9152584 -0.4028677
vn -1.045134E-06 0.8767218 -0.4809979
vn -1.019299E-06 0.8550499 -0.518546
vn -9.615416E-07 0.8065991 -0.591099
vn -9.295601E-07 0.779771 -0.626065
vn -8.610001E-07 0.7222587 -0.691623
vn -8.244785E-07 0.6916221 -0.7222596
vn -7.463269E-07 0.6260637 -0.7797719
vn -7.04644E-07 0.5910975 -0.8066001
vn -6.181539E-07 0.5185443 -0.8550507
vn -5.733932E-07 0.4809963 -0.8767227
vn -4.802549E-07 0.4028662 -0.9152589
vn -4.3185E-07 0.3622612 -0.9320767
vn -3.332375E-07 0.279539 -0.9601343
vn -2.830345E-07 0.2374257 -0.9714058
vn -1.814031E-07 0.1521711 -0.9883541
vn -1.299735E-07 0.1090288 -0.9940385
vn 9.568506E-08 -0.08026736 -0.9967734
vn 1.817867E-07 -0.1524946 -0.9883044
vn -1 -1.192093E-06 9.189654E-13
vn -1 -1.192093E-06 9.189653E-13
vn -1 -1.192093E-06 9.189654E-13
vn -1 -1.192093E-06 9.189654E-13
vn -1 -1.192093E-06 9.189654E-13
vn -1 -1.192093E-06 9.189654E-13
vn -1 -1.192093E-06 9.189654E-13
vn -1 -1.192093E-06 9.189654E-13
vn -1 -1.192093E-06 9.189654E-13
vn -1 -1.192093E-06 9.189654E-13
vn -1 -1.192093E-06 9.189654E-13
vn -1 -1.192093E-06 9.189654E-13
vn -1 -1.192093E-06 9.189654E-13
vn -1 -1.192093E-06 9.189654E-13
vn -1 -1.192093E-06 9.189654E-13
vn -1 -1.192093E-06 9.189654E-13
vn -1 -1.192093E-06 9.189654E-13
vn -1 -1.192093E-06 9.189654E-13
vn -1 -1.192093E-06 9.189654E-13
vn -1 -1.192093E-06 9.189654E-13
vn -1 -1.192093E-06 9.189654E-13
vn -1 -1.192093E-06 9.189654E-13
vn -1 -1.192093E-06 9.189653E-13
vn -1 -1.192093E-06 9.189654E-13
vn -1 -1.192093E-06 9.189654E-13
vn -1 -1.192093E-06 9.189654E-13
vn -1 -1.192093E-06 9.189654E-13
vn -1 -1.192093E-06 9.189654E-13
vn -1 -1.192093E-06 9.189654E-13
vn -1 -1.192093E-06 9.189654E-13
vn -1 -1.192093E-06 9.189654E-13
vn -1 -1.192093E-06 9.189654E-13
vn -1 -1.192093E-06 9.189654E-13
vn -1 -1.192093E-06 9.189654E-13
vn -1 -1.192093E-06 9.189654E-13
vn -1 -1.192093E-06 9.189654E-13
vn -1 -1.192093E-06 9.189654E-13
vn -1 -1.192093E-06 9.189654E-13
vn -1 -1.192093E-06 9.189654E-13
vn -1 -1.192093E-06 9.189654E-13
vn -1 -1.192093E-06 9.189654E-13
vn 6.788684E-07 -0.4648067 -0.8854122
vn 4.125783E-07 -0.3460967 -0.9381989
vn 1.118118E-06 -0.7523815 -0.6587277
vn 1.118399E-06 -0.9381812 -0.3461449
vn 1.171974E-06 -0.8854433 -0.4647476
vn 1.299735E-07 -0.1090306 -0.9940383
vn -1.818629E-07 0.1525568 -0.9882948
vn -9.57122E-08 0.08028831 -0.9967717
vn 1.814031E-07 -0.1521729 -0.9883539
vn 2.830345E-07 -0.2374275 -0.9714053
vn 3.332375E-07 -0.2795408 -0.9601339
vn 4.3185E-07 -0.3622629 -0.932076
vn 4.802549E-07 -0.4028679 -0.9152582
vn 5.733932E-07 -0.4809979 -0.8767219
vn 6.181539E-07 -0.5185459 -0.8550498
vn 7.04644E-07 -0.591099 -0.806599
vn 7.463269E-07 -0.6260651 -0.7797707
vn 8.244785E-07 -0.6916234 -0.7222583
vn 8.610001E-07 -0.7222599 -0.6916217
vn 9.295601E-07 -0.7797722 -0.6260636
vn 9.615416E-07 -0.8066002 -0.5910975
vn 1.019299E-06 -0.8550509 -0.5185444
vn 1.045134E-06 -0.8767227 -0.4809963
vn 1.091073E-06 -0.9152591 -0.402866
vn 1.111122E-06 -0.9320768 -0.3622608
vn 1.144569E-06 -0.9601346 -0.2795387
vn 1.158006E-06 -0.9714059 -0.2374255
vn 1.17821E-06 -0.9883542 -0.1521713
vn 1.184986E-06 -0.9940386 -0.1090292
vn 1.191805E-06 -0.9997589 -0.02196058
vn 1.191805E-06 -0.9997589 0.0219624
vn 1.184986E-06 -0.9940384 0.109031
vn 1.17821E-06 -0.988354 0.1521731
vn 1.158006E-06 -0.9714054 0.2374272
vn 1.144569E-06 -0.9601341 0.2795404
vn 1.111122E-06 -0.9320762 0.3622625
vn 1.091073E-06 -0.9152584 0.4028677
vn 1.045134E-06 -0.8767219 0.4809979
vn 1.019299E-06 -0.8550499 0.5185458
vn 9.615418E-07 -0.8065993 0.5910988
vn 9.295601E-07 -0.7797711 0.6260649
vn 8.61E-07 -0.7222586 0.6916232
vn 8.244783E-07 -0.6916219 0.7222598
vn 7.463267E-07 -0.6260635 0.7797722
vn 7.046438E-07 -0.5910974 0.8066003
vn 6.181539E-07 -0.5185443 0.8550507
vn 5.733932E-07 -0.4809963 0.8767227
vn 4.802548E-07 -0.4028661 0.915259
vn 4.318495E-07 -0.3622608 0.9320768
vn 3.332371E-07 -0.2795387 0.9601345
vn 2.830343E-07 -0.2374255 0.9714058
vn 1.814034E-07 -0.1521713 0.9883541
vn 1.29974E-07 -0.1090292 0.9940385
vn 2.618013E-08 -0.02196058 0.9997588
vn -2.618013E-08 0.0219624 0.9997588
vn -1.29974E-07 0.109031 0.9940383
vn -1.814034E-07 0.1521731 0.9883538
vn -2.830343E-07 0.2374273 0.9714053
vn -3.332371E-07 0.2795404 0.960134
vn -4.318495E-07 0.3622625 0.932076
vn -4.802548E-07 0.4028678 0.9152583
vn -5.733933E-07 0.480998 0.8767217
vn -6.18154E-07 0.518546 0.8550498
vn -7.04644E-07 0.5910991 0.806599
vn -7.463268E-07 0.6260651 0.7797709
vn -8.244781E-07 0.6916231 0.7222586
vn -8.609998E-07 0.7222597 0.6916221
vn -9.295598E-07 0.7797719 0.6260636
vn -9.615416E-07 0.8066002 0.5910975
vn -1.019299E-06 0.8550509 0.5185443
vn -1.045134E-06 0.8767228 0.4809963
vn -1.091073E-06 0.915259 0.4028662
vn -1.111122E-06 0.9320768 0.3622612
vn -1.144569E-06 0.9601344 0.279539
vn -1.158006E-06 0.9714059 0.2374257
vn -1.17821E-06 0.9883543 0.1521711
vn -1.184986E-06 0.9940386 0.1090288
vn -1.188247E-06 0.9967735 -0.08026735
vn -1.178151E-06 0.9883045 -0.1524946
vn -1 -1.192093E-06 9.189654E-13
vn -1 -1.192093E-06 9.189653E-13
vn -1 -1.192093E-06 9.189654E-13
vn -1 -1.192093E-06 9.189654E-13
vn -1 -1.192093E-06 9.189654E-13
vn -1 -1.192093E-06 9.189654E-13
vn -1 -1.192093E-06 9.189654E-13
vn -1 -1.192093E-06 9.189654E-13
vn -1 -1.192093E-06 9.189654E-13
vn -1 -1.192093E-06 9.189654E-13
vn -1 -1.192093E-06 9.189654E-13
vn -1 -1.192093E-06 9.189654E-13
vn -1 -1.192093E-06 9.189654E-13
vn -1 -1.192093E-06 9.189654E-13
vn -1 -1.192093E-06 9.189654E-13
vn -1 -1.192093E-06 9.189654E-13
vn -1 -1.192093E-06 9.189654E-13
vn -1 -1.192093E-06 9.189654E-13
vn -1 -1.192093E-06 9.189654E-13
vn -1 -1.192093E-06 9.189654E-13
vn -1 -1.192093E-06 9.189654E-13
vn -1 -1.192093E-06 9.189654E-13
vn -1 -1.192093E-06 9.189653E-13
vn -1 -1.192093E-06 9.189654E-13
vn -1 -1.192093E-06 9.189654E-13
vn -1 -1.192093E-06 9.189654E-13
vn -1 -1.192093E-06 9.189654E-13
vn -1 -1.192093E-06 9.189654E-13
vn -1 -1.192093E-06 9.189654E-13
vn -1 -1.192093E-06 9.189654E-13
vn -1 -1.192093E-06 9.189654E-13
vn -1 -1.192093E-06 9.189654E-13
vn -1 -1.192093E-06 9.189654E-13
vn -1 -1.192093E-06 9.189654E-13
vn -1 -1.192093E-06 9.189654E-13
vn -1 -1.192093E-06 9.189654E-13
vn -1 -1.192093E-06 9.189654E-13
vn -1 -1.192093E-06 9.189654E-13
vn -1 -1.192093E-06 9.189654E-13
vn -1 -1.192093E-06 9.189654E-13
vn -1 -1.192093E-06 9.189654E-13
vn -9.307174E-07 0.8854123 -0.4648066
vn -1.118421E-06 0.938199 -0.3460966
vn -5.640554E-07 0.6587278 -0.7523814
vn -4.126379E-07 0.3461449 -0.9381811
vn -4.375794E-07 0.4647476 -0.8854432
vn 1 1.192093E-06 -9.189654E-13
vn 1 1.192093E-06 -9.189654E-13
vn 1 1.192093E-06 -9.189654E-13
vn 1 1.192093E-06 -9.189654E-13
vn 0 9.125773E-07 1
vn 0 9.125773E-07 1
vn 0 9.125773E-07 1
vn 0 9.125773E-07 1
vn 1 1.192093E-06 -9.189654E-13
vn 1 1.192093E-06 -9.189654E-13
vn 1 1.192093E-06 -9.189654E-13
vn 1 1.192093E-06 -9.189654E-13
vn 1 1.192093E-06 -9.189654E-13
vn 1 1.192093E-06 -9.189654E-13
vn 1 1.192093E-06 -9.189654E-13
vn 1 1.192093E-06 -9.189654E-13
vn 1 1.192093E-06 -9.189654E-13
vn 1 1.192093E-06 -9.189654E-13
vn 8.982998E-05 0.4327109 -0.9015328
vn 3.937485E-05 0.2796143 -0.9601124
vn -2.832876E-07 0.237638 -0.9713538
vn -1.816614E-07 0.1523878 -0.9883208
vn -1.301388E-07 0.1091675 -0.9940234
vn -2.623316E-08 0.02200506 -0.9997579
vn 2.616005E-08 -0.02194555 -0.9997592
vn 1.297894E-07 -0.1088761 -0.9940553
vn 1.810295E-07 -0.1518595 -0.9884021
vn 2.830388E-07 -0.237431 -0.9714044
vn 3.337875E-07 -0.2800021 -0.9599994
vn 3.837891E-07 -0.3219465 -0.9467579
vn 3.837891E-07 -0.3219465 -0.9467579
vn 6.312245E-05 -0.5557928 -0.8313208
vn 6.625002E-07 -0.5557463 -0.831352
vn 6.312245E-05 -0.5557928 -0.8313208
vn 6.179734E-05 0.5557913 -0.8313219
vn -6.626112E-07 0.5558379 -0.8312908
vn 1 1.192093E-06 -9.189654E-13
vn 1 1.192093E-06 -9.189654E-13
vn 1 1.192093E-06 -9.189654E-13
vn -1.192093E-06 1 -9.125773E-07
vn -1.192093E-06 1 -9.125773E-07
vn -1.192093E-06 1 -9.125773E-07
vn -1.192093E-06 1 -9.125773E-07
vn 1 1.192093E-06 -9.189654E-13
vn 1 1.192093E-06 -9.189654E-13
vn 1 1.192093E-06 -9.189654E-13
vn 1 1.192093E-06 -9.189654E-13
vn 1 1.192093E-06 -9.189654E-13
vn 1 1.192093E-06 -9.189654E-13
vn 1 1.192093E-06 -9.189654E-13
vn 1 1.192093E-06 -9.189654E-13
vn 1 1.192093E-06 -9.189654E-13
vn 1 1.192093E-06 -9.189654E-13
vn 9.142052E-05 -0.9015328 -0.4327109
vn 4.085272E-05 -0.9601125 -0.2796142
vn 1.157944E-06 -0.9713539 -0.237638
vn 1.17817E-06 -0.9883209 -0.1523878
vn 1.184968E-06 -0.9940236 -0.1091675
vn 1.191804E-06 -0.9997581 -0.02200506
vn 1.191806E-06 -0.9997593 0.02194555
vn 1.185006E-06 -0.9940554 0.1088761
vn 1.178267E-06 -0.9884022 0.1518595
vn 1.158005E-06 -0.9714045 0.237431
vn 1.144409E-06 -0.9599996 0.2800021
vn 1.128624E-06 -0.946758 0.3219465
vn 1.128624E-06 -0.946758 0.3219465
vn 6.345091E-05 -0.8313209 0.5557927
vn 9.910494E-07 -0.8313521 0.5557462
vn 6.345091E-05 -0.8313209 0.5557927
vn 6.345091E-05 -0.831322 -0.5557912
vn 9.909752E-07 -0.8312908 -0.5558378
vn 1 1.192093E-06 -9.189654E-13
vn 1 1.192093E-06 -9.189654E-13
vn 1 1.192093E-06 -9.189654E-13
vn 0 -9.125773E-07 -1
vn 0 -9.125773E-07 -1
vn 0 -9.125773E-07 -1
vn 0 -9.125773E-07 -1
vn 1 1.192093E-06 -9.189654E-13
vn 1 1.192093E-06 -9.189654E-13
vn 1 1.192093E-06 -9.189654E-13
vn 1 1.192093E-06 -9.189654E-13
vn 1 1.192093E-06 -9.189654E-13
vn 1 1.192093E-06 -9.189654E-13
vn 1 1.192093E-06 -9.189654E-13
vn 1 1.192093E-06 -9.189654E-13
vn 1 1.192093E-06 -9.189654E-13
vn 1 1.192093E-06 -9.189654E-13
vn 9.086164E-05 -0.4327109 0.9015328
vn 4.00415E-05 -0.2796143 0.9601124
vn 2.832876E-07 -0.237638 0.9713538
vn 1.816614E-07 -0.1523878 0.9883208
vn 1.301388E-07 -0.1091675 0.9940234
vn 2.623316E-08 -0.02200506 0.9997579
vn -2.616005E-08 0.02194555 0.9997592
vn -1.297894E-07 0.1088761 0.9940553
vn -1.810295E-07 0.1518595 0.9884021
vn -2.830388E-07 0.237431 0.9714044
vn -3.337875E-07 0.2800021 0.9599994
vn -3.837891E-07 0.3219465 0.9467579
vn -3.837891E-07 0.3219465 0.9467579
vn 6.179734E-05 0.5557928 0.8313208
vn -6.625002E-07 0.5557463 0.831352
vn 6.179734E-05 0.5557928 0.8313208
vn 6.312245E-05 -0.5557913 0.8313219
vn 6.626112E-07 -0.5558379 0.8312908
vn 1 1.192093E-06 -9.189654E-13
vn 1 1.192093E-06 -9.189654E-13
vn 1.192093E-06 -1 9.125773E-07
vn 1.192093E-06 -1 9.125773E-07
vn 1.192093E-06 -1 9.125773E-07
vn 1.192093E-06 -1 9.125773E-07
vn 1 1.192093E-06 -9.189654E-13
vn 1 1.192093E-06 -9.189654E-13
vn 1 1.192093E-06 -9.189654E-13
vn 1 1.192093E-06 -9.189654E-13
vn 1 1.192093E-06 -9.189654E-13
vn 1 1.192093E-06 -9.189654E-13
vn 1 1.192093E-06 -9.189654E-13
vn 1 1.192093E-06 -9.189654E-13
vn 1 1.192093E-06 -9.189654E-13
vn 1 1.192093E-06 -9.189654E-13
vn 8.92711E-05 0.9015328 0.4327109
vn 3.856363E-05 0.9601125 0.2796142
vn -1.157944E-06 0.9713539 0.237638
vn -1.17817E-06 0.9883209 0.1523878
vn -1.184968E-06 0.9940236 0.1091675
vn -1.191804E-06 0.9997581 0.02200506
vn -1.191806E-06 0.9997593 -0.02194555
vn -1.185006E-06 0.9940554 -0.1088761
vn -1.178267E-06 0.9884022 -0.1518595
vn -1.158005E-06 0.9714045 -0.237431
vn -1.144409E-06 0.9599996 -0.2800021
vn -1.128624E-06 0.946758 -0.3219465
vn -1.128624E-06 0.946758 -0.3219465
vn 6.146888E-05 0.8313209 -0.5557927
vn -9.910494E-07 0.8313521 -0.5557462
vn 6.146888E-05 0.8313209 -0.5557927
vn 6.146888E-05 0.831322 0.5557912
vn -9.909752E-07 0.8312908 0.5558378
vt 3.217 5.1654
vt 10 6
vt 8 6
vt 7.217 5.1654
vt 2.4472 4.2426
vt 6.4472 4.2426
vt 1.7038 3.2472
vt 5.7038 3.2472
vt 1 2.196
vt 5 2.196
vt 0.3471999 1.1076
vt 4.3472 1.1076
vt -0.2426 0
vt 3.7574 0
vt -0.7603998 -1.1076
vt 3.2396 -1.1076
vt -1.196 -2.196
vt 2.804 -2.196
vt -1.5434 -3.2472
vt 2.4566 -3.2472
vt -1.7954 -4.2426
vt 2.2046 -4.2426
vt -1.9484 -5.1654
vt 2.0516 -5.1654
vt -2 -6
vt 2 -6
vt -1.9484 -6.7314
vt 2.0516 -6.7314
vt -1.7954 -7.3482
vt 2.2046 -7.3482
vt -1.5434 -7.8396
vt 2.4566 -7.8396
vt -1.196 -8.196
vt 2.804 -8.196
vt -0.7603998 -8.4132
vt 3.2396 -8.4132
vt -0.2426 -8.4852
vt 3.7574 -8.4852
vt -0.7603998 -8.4132
vt 3.2396 -8.4132
vt -1.196 -8.196
vt 2.804 -8.196
vt -1.5434 -7.8396
vt 2.4566 -7.8396
vt -1.7954 -7.3482
vt 2.2046 -7.3482
vt -1.9484 -6.7314
vt 2.0516 -6.7314
vt -2 -6
vt 2 -6
vt -1.9484 -5.1654
vt 2.0516 -5.1654
vt -1.7954 -4.2426
vt 2.2046 -4.2426
vt -1.5434 -3.2472
vt 2.4566 -3.2472
vt -1.196 -2.196
vt 2.804 -2.196
vt -0.7603998 -1.1076
vt 3.2396 -1.1076
vt -0.2426 0
vt 3.7574 0
vt 0.3471999 1.1076
vt 4.3472 1.1076
vt 1 2.196
vt 5 2.196
vt 1.7038 3.2472
vt 5.7038 3.2472
vt 2.4472 4.2426
vt 6.4472 4.2426
vt 3.217 5.1654
vt 7.217 5.1654
vt 4 6
vt 14 6
vt 9.9484 6.7314
vt 13.9484 6.7314
vt 9.795401 7.3482
vt 13.7954 7.3482
vt 9.5434 7.8396
vt 13.5434 7.8396
vt 9.196 8.196
vt 13.196 8.196
vt 8.7604 8.4132
vt 12.7604 8.4132
vt 8.242599 8.4852
vt 12.2426 8.4852
vt 8.7604 8.4132
vt 12.7604 8.4132
vt 9.196 8.196
vt 13.196 8.196
vt 9.5434 7.8396
vt 13.5434 7.8396
vt 9.795401 7.3482
vt 13.7954 7.3482
vt 9.9484 6.7314
vt 13.9484 6.7314
vt 11.9312 6.8872
vt 12 8
vt 16 8
vt 15.9312 6.8872
vt 11.7272 5.6568
vt 15.7272 5.6568
vt 11.3912 4.3296
vt 15.3912 4.3296
vt 10.928 2.928
vt 14.928 2.928
vt 10.3472 1.4768
vt 14.3472 1.4768
vt 9.656799 0
vt 13.6568 0
vt 8.870399 -1.4768
vt 12.8704 -1.4768
vt 8 -2.928
vt 12 -2.928
vt 7.0616 -4.3296
vt 11.0616 -4.3296
vt 6.0704 -5.6568
vt 10.0704 -5.6568
vt 5.044 -6.8872
vt 9.044 -6.8872
vt 4 -8
vt 0 -8
vt -3.9312 -8.9752
vt 0.06879997 -8.9752
vt -3.7272 -9.7976
vt 0.2728 -9.7976
vt -3.3912 -10.4528
vt 0.6087999 -10.4528
vt -2.928 -10.928
vt 1.072 -10.928
vt -2.3472 -11.2176
vt 1.6528 -11.2176
vt -1.6568 -11.3136
vt 2.3432 -11.3136
vt -2.3472 -11.2176
vt 1.6528 -11.2176
vt -2.928 -10.928
vt 1.072 -10.928
vt -3.3912 -10.4528
vt 0.6087999 -10.4528
vt -3.7272 -9.7976
vt 0.2728 -9.7976
vt -3.9312 -8.9752
vt 0.06879997 -8.9752
vt -4 -8
vt 8 -8
vt 5.044 -6.8872
vt 9.044 -6.8872
vt 6.0704 -5.6568
vt 10.0704 -5.6568
vt 7.0616 -4.3296
vt 11.0616 -4.3296
vt 8 -2.928
vt 12 -2.928
vt 8.870399 -1.4768
vt 12.8704 -1.4768
vt 9.656799 0
vt 13.6568 0
vt 10.3472 1.4768
vt 14.3472 1.4768
vt 10.928 2.928
vt 14.928 2.928
vt 11.3912 4.3296
vt 15.3912 4.3296
vt 11.7272 5.6568
vt 15.7272 5.6568
vt 11.9312 6.8872
vt 15.9312 6.8872
vt 12 8
vt 16 8
vt 11.9312 8.9752
vt 15.9312 8.9752
vt 11.7272 9.7976
vt 15.7272 9.7976
vt 11.3912 10.4528
vt 15.3912 10.4528
vt 10.928 10.928
vt 14.928 10.928
vt 10.3472 11.2176
vt 14.3472 11.2176
vt 9.656799 11.3136
vt 13.6568 11.3136
vt 10.3472 11.2176
vt 14.3472 11.2176
vt 10.928 10.928
vt 14.928 10.928
vt 11.3912 10.4528
vt 15.3912 10.4528
vt 11.7272 9.7976
vt 15.7272 9.7976
vt 11.9312 8.9752
vt 15.9312 8.9752
vt 8 14
vt 7.217 13.9484
vt 6.956 15.9312
vt 8 16
vt 6.4472 13.7954
vt 5.9296 15.7272
vt 5.7038 13.5434
vt 4.9384 15.3912
vt 5 13.196
vt 4 14.928
vt 4.3472 12.7604
vt 3.1296 14.3472
vt 3.7574 12.2426
vt 2.3432 13.6568
vt 3.2396 11.6528
vt 1.6528 12.8704
vt 2.804 11
vt 1.072 12
vt 2.4566 10.2962
vt 0.6087999 11.0616
vt 2.2046 9.5528
vt 0.2728 10.0704
vt 2.0516 8.783
vt 0.06879997 9.044
vt 2 8
vt 0 8
vt 2.0516 7.217
vt 0.06879997 6.956
vt 2.2046 6.4472
vt 0.2728 5.9296
vt 2.4566 5.7038
vt 0.6087999 4.9384
vt 2.804 5
vt 1.072 4
vt 3.2396 4.3472
vt 1.6528 3.1296
vt 3.7574 3.7574
vt 2.3432 2.3432
vt 4.3472 3.2396
vt 3.1296 1.6528
vt 5 2.804
vt 4 1.072
vt 5.7038 2.4566
vt 4.9384 0.6087999
vt 6.4472 2.2046
vt 5.9296 0.2728
vt 7.217 2.0516
vt 6.956 0.06879997
vt 8 2
vt 8 0
vt 8.783 2.0516
vt 9.044 0.06879997
vt 9.5528 2.2046
vt 10.0704 0.2728
vt 10.2962 2.4566
vt 11.0616 0.6087999
vt 11 2.804
vt 12 1.072
vt 11.6528 3.2396
vt 12.8704 1.6528
vt 12.2426 3.7574
vt 13.6568 2.3432
vt 12.7604 4.3472
vt 14.3472 3.1296
vt 13.196 5
vt 14.928 4
vt 13.5434 5.7038
vt 15.3912 4.9384
vt 13.7954 6.4472
vt 15.7272 5.9296
vt 13.9484 7.217
vt 15.9312 6.956
vt 14 8
vt 16 8
vt 13.9484 8.783
vt 15.9312 9.044
vt 13.7954 9.5528
vt 15.7272 10.0704
vt 13.5434 10.2962
vt 15.3912 11.0616
vt 13.196 11
vt 14.928 12
vt 12.7604 11.6528
vt 14.3472 12.8704
vt 12.2426 12.2426
vt 13.6568 13.6568
vt 11.6528 12.7604
vt 12.8704 14.3472
vt 11 13.196
vt 12 14.928
vt 10.2962 13.5434
vt 11.0616 15.3912
vt 9.5528 13.7954
vt 10.0704 15.7272
vt 8.783 13.9484
vt 9.044 15.9312
vt -4 12
vt 4 12
vt 2.956 11.9312
vt 1.9296 11.7272
vt 0.9384 11.3912
vt 0 10.928
vt -0.8704 10.3472
vt -1.6568 9.656799
vt -2.3472 8.870399
vt -2.928 8
vt -3.3912 7.0616
vt -3.7272 6.0704
vt -3.9312 5.044
vt -4 4
vt -4 -4
vt -3.9312 2.956
vt -3.7272 1.9296
vt -3.3912 0.9384
vt -2.928 0
vt -2.3472 -0.8704
vt -1.6568 -1.6568
vt -0.8704 -2.3472
vt 0 -2.928
vt 0.9384 -3.3912
vt 1.9296 -3.7272
vt 2.956 -3.9312
vt 4 -4
vt 12 -4
vt 5.044 -3.9312
vt 6.0704 -3.7272
vt 7.0616 -3.3912
vt 8 -2.928
vt 8.870399 -2.3472
vt 9.656799 -1.6568
vt 10.3472 -0.8704
vt 10.928 0
vt 11.3912 0.9384
vt 11.7272 1.9296
vt 11.9312 2.956
vt 12 4
vt 12 12
vt 11.9312 5.044
vt 11.7272 6.0704
vt 11.3912 7.0616
vt 10.928 8
vt 10.3472 8.870399
vt 9.656799 9.656799
vt 8.870399 10.3472
vt 8 10.928
vt 7.0616 11.3912
vt 6.0704 11.7272
vt 5.044 11.9312
vt -2 2
vt -2 3.644
vt 2 3.644
vt 2 2
vt 1.5 0
vt -2.5 0
vt 0 -2
vt -4 -2
vt -2.5 0
vt 1.5 0
vt 6 -3.644
vt 2 -3.644
vt 1.5 -5
vt -2.5 -5
vt -3.78 -8.42
vt 0.22 -8.42
vt 0.22 -8.42
vt -3.78 -8.42
vt -2.5 -5
vt 1.5 -5
vt 6.5 5
vt 2.5 5
vt 4.64 8.42
vt 8.639999 8.42
vt 8.639999 8.42
vt 4.64 8.42
vt 2.5 5
vt 6.5 5
vt 0 -2
vt -4 -2
vt 2 -3.644
vt 6 -3.644
vt 1.5 0
vt -2.5 0
vt 2 2
vt -2 2
vt -2.5 0
vt 1.5 0
vt 2 3.644
vt -2 3.644
vt -2 3.644
vt 2 3.644
vt -1.5528 4.2426
vt 3.2168 5.1658
vt -0.7832 5.1658
vt 5.9999 5.9999
vt 5.949 6.7322
vt 9.948999 6.7322
vt 5.7954 7.3482
vt 5.5434 7.839499
vt 5.196 8.196
vt 8.7598 8.4123
vt 4.7598 8.4123
vt 8.639999 8.42
vt 4.64 8.42
vt 4.64 8.42
vt 8.639999 8.42
vt 8.7598 8.4123
vt 4.7598 8.4123
vt 5.196 8.196
vt 5.543 7.839
vt 5.7954 7.3482
vt 9.948999 6.7322
vt 5.949 6.7322
vt 0 6
vt 3.2168 5.1658
vt -0.7832 5.1658
vt -1.5528 4.2426
vt 2 3.644
vt -2 3.644
vt -5.644 -3.644
vt -1.644 -3.644
vt -5.7954 -4.2426
vt -1.949 -5.1658
vt -5.949 -5.1658
vt -6 -6
vt -1.949 -6.7322
vt -5.949 -6.7322
vt -5.7954 -7.3482
vt -5.5434 -7.839499
vt -5.196 -8.196
vt -0.7598 -8.4123
vt -4.7598 -8.4123
vt -0.6399999 -8.42
vt -4.64 -8.42
vt -4.64 -8.42
vt -0.6399999 -8.42
vt -0.7598 -8.4123
vt -4.7598 -8.4123
vt -5.196 -8.196
vt -5.543 -7.839
vt -5.7954 -7.3482
vt -1.949 -6.7322
vt -5.949 -6.7322
vt -5.9999 -5.9999
vt -1.949 -5.1658
vt -5.949 -5.1658
vt -5.7954 -4.2426
vt -1.644 -3.644
vt -5.644 -3.644
vt -2 4
vt -4.243 4.243
vt -2.296 5.543
vt -2 5.645
vt -2.5 2.5
vt -4 2
vt -5.644 2
vt -5.543 2.296
vt 2 -4
vt 4.243 -4.243
vt 2.296 -5.543
vt 2 -5.644
vt 2.5 -2.5
vt 4 -2
vt 5.644 -2
vt 5.543 -2.296
vt 2.5 2.5
vt 3.78 4.64
vt 4.243 4.243
vt 4.64 3.78
vt -2.5 -2.5
vt -3.78 -4.64
vt -4.243 -4.243
vt -4.64 -3.78
vt 5.196 -3
vt 4.7598 -3.6525
vt 3.6525 -4.7598
vt 3 -5.196
vt -5.196 3
vt -4.7598 3.6525
vt -3.6525 4.7598
vt -3 5.196
vt 0 6
vt -0.243 8.243
vt -1.543 6.296
vt -1.645 6
vt 1.5 6.5
vt 2 8
vt 2 9.644
vt 1.704 9.543
vt 8 2
vt 8.243 -0.243
vt 9.543 1.704
vt 9.644 2
vt 6.5 1.5
vt 6 0
vt 6 -1.644
vt 6.296 -1.543
vt 1.5 1.5
vt -0.6399999 0.22
vt -0.243 -0.243
vt 0.22 -0.6399999
vt 6.5 6.5
vt 8.639999 7.78
vt 8.243 8.243
vt 7.78 8.639999
vt 7 -1.196
vt 7.6525 -0.7598
vt 8.7598 0.3475001
vt 9.196 1
vt 1 9.196
vt 0.3475001 8.7598
vt -0.7598 7.6525
vt -1.196 7
vt 0 6
vt -0.783 5.9484
vt -1.566 11.8968
vt 0 12
vt -1.5528 5.7954
vt -3.1056 11.5908
vt -4.5924 11.0868
vt -6 10.392
vt -3.6528 4.7604
vt -7.3056 9.5208
vt -8.4852 8.4852
vt -4.7604 3.6528
vt -9.5208 7.3056
vt -10.392 6
vt -11.0868 4.5924
vt -5.7954 1.5528
vt -11.5908 3.1056
vt -5.9484 0.783
vt -11.8968 1.566
vt -6 0
vt -12 0
vt -5.9484 -0.783
vt -11.8968 -1.566
vt -5.7954 -1.5528
vt -11.5908 -3.1056
vt -5.5434 -2.2962
vt -11.0868 -4.5924
vt -5.196 -3
vt -10.392 -6
vt -4.7604 -3.6528
vt -9.5208 -7.3056
vt -8.4852 -8.4852
vt -3.6528 -4.7604
vt -7.3056 -9.5208
vt -3 -5.196
vt -6 -10.392
vt -2.2962 -5.5434
vt -4.5924 -11.0868
vt -1.5528 -5.7954
vt -3.1056 -11.5908
vt -0.783 -5.9484
vt -1.566 -11.8968
vt 0 -6
vt 0 -12
vt 0.783 -5.9484
vt 1.566 -11.8968
vt 1.5528 -5.7954
vt 3.1056 -11.5908
vt 4.5924 -11.0868
vt 6 -10.392
vt 3.6528 -4.7604
vt 7.3056 -9.5208
vt 8.4852 -8.4852
vt 4.7604 -3.6528
vt 9.5208 -7.3056
vt 10.392 -6
vt 11.0868 -4.5924
vt 5.7954 -1.5528
vt 11.5908 -3.1056
vt 5.9484 -0.783
vt 11.8968 -1.566
vt 6 0
vt 12 0
vt 5.9484 0.783
vt 11.8968 1.566
vt 5.7954 1.5528
vt 11.5908 3.1056
vt 5.5434 2.2962
vt 11.0868 4.5924
vt 5.196 3
vt 10.392 6
vt 4.7604 3.6528
vt 9.5208 7.3056
vt 8.4852 8.4852
vt 3.6528 4.7604
vt 7.3056 9.5208
vt 3 5.196
vt 6 10.392
vt 2.2962 5.5434
vt 4.5924 11.0868
vt 1.5528 5.7954
vt 3.1056 11.5908
vt 0.783 5.9484
vt 1.566 11.8968
vt 0 10
vt -1.305 9.914
vt -2.61 19.828
vt 0 20
vt -2.588 9.659
vt -5.176 19.318
vt -3.827 9.239
vt -7.654 18.478
vt -5 8.66
vt -10 17.32
vt -6.088 7.934
vt -12.176 15.868
vt -7.071 7.071
vt -14.142 14.142
vt -7.934 6.088
vt -15.868 12.176
vt -8.66 5
vt -17.32 10
vt -9.239 3.827
vt -18.478 7.654
vt -9.659 2.588
vt -19.318 5.176
vt -9.914 1.305
vt -19.828 2.61
vt -10 0
vt -20 0
vt -9.914 -1.305
vt -19.828 -2.61
vt -9.659 -2.588
vt -19.318 -5.176
vt -9.239 -3.827
vt -18.478 -7.654
vt -8.66 -5
vt -17.32 -10
vt -7.934 -6.088
vt -15.868 -12.176
vt -7.071 -7.071
vt -14.142 -14.142
vt -6.088 -7.934
vt -12.176 -15.868
vt -5 -8.66
vt -10 -17.32
vt -3.827 -9.239
vt -7.654 -18.478
vt -2.588 -9.659
vt -5.176 -19.318
vt -1.305 -9.914
vt -2.61 -19.828
vt 0 -10
vt 0 -20
vt 1.305 -9.914
vt 2.61 -19.828
vt 2.588 -9.659
vt 5.176 -19.318
vt 3.827 -9.239
vt 7.654 -18.478
vt 5 -8.66
vt 10 -17.32
vt 6.088 -7.934
vt 12.176 -15.868
vt 7.071 -7.071
vt 14.142 -14.142
vt 7.934 -6.088
vt 15.868 -12.176
vt 8.66 -5
vt 17.32 -10
vt 9.239 -3.827
vt 18.478 -7.654
vt 9.659 -2.588
vt 19.318 -5.176
vt 9.914 -1.305
vt 19.828 -2.61
vt 10 0
vt 20 0
vt 9.914 1.305
vt 19.828 2.61
vt 9.659 2.588
vt 19.318 5.176
vt 9.239 3.827
vt 18.478 7.654
vt 8.66 5
vt 17.32 10
vt 7.934 6.088
vt 15.868 12.176
vt 7.071 7.071
vt 14.142 14.142
vt 6.088 7.934
vt 12.176 15.868
vt 5 8.66
vt 10 17.32
vt 3.827 9.239
vt 7.654 18.478
vt 2.588 9.659
vt 5.176 19.318
vt 1.305 9.914
vt 2.61 19.828
vt 23.828 17.218
vt 24 20
vt 20 20
vt 19.828 17.218
vt 23.318 14.142
vt 19.318 14.142
vt 22.478 10.824
vt 18.478 10.824
vt 21.32 7.32
vt 17.32 7.32
vt 19.868 3.692
vt 15.868 3.692
vt 18.142 0
vt 14.142 0
vt 16.176 -3.692
vt 12.176 -3.692
vt 14 -7.32
vt 10 -7.32
vt 11.654 -10.824
vt 7.654 -10.824
vt 9.176001 -14.142
vt 5.176 -14.142
vt 6.61 -17.218
vt 2.61 -17.218
vt 4 -20
vt -20 -20
vt -15.828 -22.438
vt -19.828 -22.438
vt -15.318 -24.494
vt -19.318 -24.494
vt -14.478 -26.132
vt -18.478 -26.132
vt -13.32 -27.32
vt -17.32 -27.32
vt -11.868 -28.044
vt -15.868 -28.044
vt -10.142 -28.284
vt -14.142 -28.284
vt -11.868 -28.044
vt -15.868 -28.044
vt -13.32 -27.32
vt -17.32 -27.32
vt -14.478 -26.132
vt -18.478 -26.132
vt -15.318 -24.494
vt -19.318 -24.494
vt -15.828 -22.438
vt -19.828 -22.438
vt -16 -20
vt 0 -20
vt 6.61 -17.218
vt 2.61 -17.218
vt 9.176001 -14.142
vt 5.176 -14.142
vt 11.654 -10.824
vt 7.654 -10.824
vt 14 -7.32
vt 10 -7.32
vt 16.176 -3.692
vt 12.176 -3.692
vt 18.142 0
vt 14.142 0
vt 19.868 3.692
vt 15.868 3.692
vt 21.32 7.32
vt 17.32 7.32
vt 22.478 10.824
vt 18.478 10.824
vt 23.318 14.142
vt 19.318 14.142
vt 23.828 17.218
vt 19.828 17.218
vt 24 20
vt 20 20
vt 23.828 22.438
vt 19.828 22.438
vt 23.318 24.494
vt 19.318 24.494
vt 22.478 26.132
vt 18.478 26.132
vt 21.32 27.32
vt 17.32 27.32
vt 19.868 28.044
vt 15.868 28.044
vt 18.142 28.284
vt 14.142 28.284
vt 19.868 28.044
vt 15.868 28.044
vt 21.32 27.32
vt 17.32 27.32
vt 22.478 26.132
vt 18.478 26.132
vt 23.318 24.494
vt 19.318 24.494
vt 23.828 22.438
vt 19.828 22.438
vt -15.9484 -6.7314
vt 10 -6
vt 6 -6
vt -19.9484 -6.7314
vt -15.7954 -7.348201
vt -19.7954 -7.348201
vt -15.5434 -7.8396
vt -19.5434 -7.8396
vt -15.196 -8.196
vt -19.196 -8.196
vt -14.7604 -8.4132
vt -18.7604 -8.4132
vt -14.2426 -8.485199
vt 1.7574 -8.485199
vt 5.2396 -8.413199
vt 1.2396 -8.413199
vt 4.804 -8.196
vt 0.8039999 -8.196
vt 4.4566 -7.8396
vt 0.4566002 -7.8396
vt 4.2046 -7.3482
vt 0.2045999 -7.3482
vt 4.0516 -6.7314
vt 0.05159998 -6.7314
vt 4 -6
vt -14 -6
vt -9.217 -5.1654
vt -13.217 -5.1654
vt -8.4472 -4.2426
vt -12.4472 -4.2426
vt -7.7038 -3.2472
vt -11.7038 -3.2472
vt -7 -2.196
vt -11 -2.196
vt -6.3472 -1.1076
vt -10.3472 -1.1076
vt -5.7574 0
vt -9.757401 0
vt -5.2396 1.1076
vt -9.2396 1.1076
vt -4.804 2.196
vt -8.804 2.196
vt -4.4566 3.2472
vt -8.4566 3.2472
vt -4.2046 4.2426
vt -8.204599 4.2426
vt -4.0516 5.1654
vt -8.0516 5.1654
vt -4 6
vt -8 6
vt -4.0516 6.7314
vt -8.0516 6.7314
vt -4.2046 7.3482
vt -8.204599 7.3482
vt -4.4566 7.8396
vt -8.4566 7.8396
vt -4.804 8.196
vt -8.804 8.196
vt -5.2396 8.413199
vt -9.2396 8.413199
vt -5.7574 8.485199
vt 10.2426 8.485199
vt 14.7604 8.4132
vt 10.7604 8.4132
vt 15.196 8.196
vt 11.196 8.196
vt 15.5434 7.8396
vt 11.5434 7.8396
vt 15.7954 7.348201
vt 11.7954 7.348201
vt 15.9484 6.7314
vt 11.9484 6.7314
vt 16 6
vt 12 6
vt -19.79556 4.447086
vt -19.94867 5.216843
vt -20 6
vt -14 6
vt -19.19615 3
vt -19.54328 3.703899
vt -18.24264 1.757359
vt -18.76012 2.347431
vt -17 0.8038478
vt -17.65257 1.23988
vt -15.55291 0.2044449
vt -16.2961 0.4567232
vt -14 0
vt -14.78316 0.05133057
vt -12.44708 0.2044449
vt -13.21684 0.05133057
vt -11 0.8038478
vt -11.7039 0.4567232
vt -9.757359 1.757359
vt -10.34743 1.23988
vt -8.803848 2.999999
vt -9.23988 2.347431
vt -8.204445 4.447086
vt -8.456722 3.7039
vt -8 6.000001
vt -8.051331 5.216844
vt -8.204445 7.552915
vt -8.051331 6.783157
vt -8.803848 9.000001
vt -8.456723 8.296101
vt -9.75736 10.24264
vt -9.239881 9.65257
vt -11 11.19615
vt -10.34743 10.76012
vt -12.44709 11.79556
vt -11.7039 11.54328
vt -14 12
vt -13.21684 11.94867
vt -15.94 11.615
vt -18.142 10.142
vt -19.615 7.94
vt 11.6145 3.6748
vt 15.6145 3.6748
vt 10.142 0
vt 7.9387 -3.6758
vt 11.9387 -3.6758
vt -9.217 -25.1654
vt -16 -26
vt -20 -26
vt -13.217 -25.1654
vt -8.4472 -24.2426
vt -12.4472 -24.2426
vt -7.7038 -23.2472
vt -11.7038 -23.2472
vt -7 -22.196
vt -11 -22.196
vt -6.3472 -21.1076
vt -10.3472 -21.1076
vt -5.7574 -20
vt -9.757401 -20
vt -5.2396 -18.8924
vt -9.2396 -18.8924
vt -4.804 -17.804
vt -8.804 -17.804
vt -4.4566 -16.7528
vt -8.4566 -16.7528
vt -4.2046 -15.7574
vt -8.204599 -15.7574
vt -4.0516 -14.8346
vt -8.0516 -14.8346
vt -4 -14
vt -8 -14
vt -4.0516 -13.2686
vt -8.0516 -13.2686
vt -4.2046 -12.6518
vt -8.204599 -12.6518
vt -4.4566 -12.1604
vt -8.4566 -12.1604
vt -4.804 -11.804
vt -8.804 -11.804
vt -5.2396 -11.5868
vt -9.2396 -11.5868
vt -5.7574 -11.5148
vt -9.757401 -11.5148
vt -5.2396 -11.5868
vt -9.2396 -11.5868
vt -4.804 -11.804
vt -8.804 -11.804
vt -4.4566 -12.1604
vt -8.4566 -12.1604
vt -4.2046 -12.6518
vt -8.204599 -12.6518
vt -4.0516 -13.2686
vt -8.0516 -13.2686
vt -4 -14
vt -8 -14
vt -4.0516 -14.8346
vt -8.0516 -14.8346
vt -4.2046 -15.7574
vt -8.204599 -15.7574
vt -4.4566 -16.7528
vt -8.4566 -16.7528
vt -4.804 -17.804
vt -8.804 -17.804
vt -5.2396 -18.8924
vt -9.2396 -18.8924
vt -5.7574 -20
vt -9.757401 -20
vt -6.3472 -21.1076
vt -10.3472 -21.1076
vt -7 -22.196
vt -11 -22.196
vt -7.7038 -23.2472
vt -11.7038 -23.2472
vt -8.4472 -24.2426
vt -12.4472 -24.2426
vt -9.217 -25.1654
vt -13.217 -25.1654
vt -16 -26
vt -20 -26
vt -12.44709 -19.79556
vt -13.21684 -19.94867
vt -14 -20
vt -14 -14
vt -11 -19.19615
vt -11.7039 -19.54328
vt -9.757359 -18.24264
vt -10.34743 -18.76012
vt -8.803848 -17
vt -9.23988 -17.65257
vt -8.204445 -15.55291
vt -8.456723 -16.2961
vt -8 -14
vt -8.051331 -14.78316
vt -8.204445 -12.44708
vt -8.051331 -13.21684
vt -8.803848 -11
vt -8.456723 -11.7039
vt -9.757359 -9.757359
vt -9.23988 -10.34743
vt -11 -8.803848
vt -10.34743 -9.23988
vt -12.44709 -8.204445
vt -11.7039 -8.456722
vt -14 -8
vt -13.21684 -8.051331
vt -15.55291 -8.204445
vt -14.78316 -8.051331
vt -17 -8.803848
vt -16.2961 -8.456723
vt -18.24264 -9.75736
vt -17.65257 -9.239881
vt -19.19615 -11
vt -18.76012 -10.34743
vt -19.79556 -12.44709
vt -19.54328 -11.7039
vt -20 -14
vt -19.94867 -13.21684
vt -19.615 -15.94
vt -18.142 -18.142
vt -15.94 -19.615
vt -19.6145 -27.5542
vt -15.6145 -27.5542
vt -18.142 -28.284
vt -19.6145 -27.5532
vt -15.6145 -27.5532
vt 15.9484 25.1654
vt 16 26
vt 12 26
vt 11.9484 25.1654
vt 15.7954 24.2426
vt 11.7954 24.2426
vt 15.5434 23.2472
vt 11.5434 23.2472
vt 15.196 22.196
vt 11.196 22.196
vt 14.7604 21.1076
vt 10.7604 21.1076
vt 14.2426 20
vt 10.2426 20
vt 13.6528 18.8924
vt 9.6528 18.8924
vt 13 17.804
vt 9 17.804
vt 12.2962 16.7528
vt 8.2962 16.7528
vt 11.5528 15.7574
vt 7.5528 15.7574
vt 10.783 14.8346
vt 6.783 14.8346
vt 10 14
vt 0 14
vt 4.0516 13.2686
vt 0.05159998 13.2686
vt 4.2046 12.6518
vt 0.2045999 12.6518
vt 4.4566 12.1604
vt 0.4566002 12.1604
vt 4.804 11.804
vt 0.8039999 11.804
vt 5.2396 11.5868
vt 1.2396 11.5868
vt 5.7574 11.5148
vt 1.7574 11.5148
vt 5.2396 11.5868
vt 1.2396 11.5868
vt 4.804 11.804
vt 0.8039999 11.804
vt 4.4566 12.1604
vt 0.4566002 12.1604
vt 4.2046 12.6518
vt 0.2045999 12.6518
vt 4.0516 13.2686
vt 0.05159998 13.2686
vt 4 14
vt 6 14
vt 10.783 14.8346
vt 6.783 14.8346
vt 11.5528 15.7574
vt 7.5528 15.7574
vt 12.2962 16.7528
vt 8.2962 16.7528
vt 13 17.804
vt 9 17.804
vt 13.6528 18.8924
vt 9.6528 18.8924
vt 14.2426 20
vt 10.2426 20
vt 14.7604 21.1076
vt 10.7604 21.1076
vt 15.196 22.196
vt 11.196 22.196
vt 15.5434 23.2472
vt 11.5434 23.2472
vt 15.7954 24.2426
vt 11.7954 24.2426
vt 15.9484 25.1654
vt 11.9484 25.1654
vt 16 26
vt 12 26
vt 4.447086 11.79556
vt 5.216843 11.94867
vt 6 12
vt 6 6
vt 3 11.19615
vt 3.703899 11.54328
vt 1.757359 10.24264
vt 2.347431 10.76012
vt 0.8038478 9
vt 1.23988 9.652569
vt 0.2044449 7.552915
vt 0.4567232 8.296101
vt 0 6
vt 0.05133057 6.783156
vt 0.2044449 4.447084
vt 0.05133057 5.216843
vt 0.8038478 2.999999
vt 0.4567232 3.703899
vt 1.757359 1.757359
vt 1.23988 2.347431
vt 2.999999 0.8038478
vt 2.347431 1.23988
vt 4.447086 0.2044449
vt 3.7039 0.4567223
vt 6.000001 0
vt 5.216844 0.05133057
vt 7.552915 0.2044449
vt 6.783157 0.05133104
vt 9.000001 0.8038483
vt 8.296101 0.4567232
vt 10.24264 1.75736
vt 9.65257 1.239881
vt 11.19615 3
vt 10.76012 2.347431
vt 11.79556 4.447086
vt 11.54328 3.703901
vt 12 6
vt 11.94867 5.216845
vt 11.615 7.94
vt 10.142 10.142
vt 7.94 11.615
vt 11.6145 27.5542
vt 15.6145 27.5542
vt 10.142 28.284
vt 11.6145 27.5532
vt 15.6145 27.5532
vt 15.9484 6.7314
vt 16 6
vt 12 6
vt 11.9484 6.7314
vt 15.7954 7.348201
vt 11.7954 7.348201
vt 15.5434 7.8396
vt 11.5434 7.8396
vt 15.196 8.196
vt 11.196 8.196
vt 14.7604 8.4132
vt 10.7604 8.4132
vt 14.2426 8.485199
vt -9.757401 8.485199
vt -5.2396 8.413199
vt -9.2396 8.413199
vt -4.804 8.196
vt -8.804 8.196
vt -4.4566 7.8396
vt -8.4566 7.8396
vt -4.2046 7.3482
vt -8.204599 7.3482
vt -4.0516 6.7314
vt -8.0516 6.7314
vt -4 6
vt -8 6
vt -4.0516 5.1654
vt -8.0516 5.1654
vt -4.2046 4.2426
vt -8.204599 4.2426
vt -4.4566 3.2472
vt -8.4566 3.2472
vt -4.804 2.196
vt -8.804 2.196
vt -5.2396 1.1076
vt -9.2396 1.1076
vt -5.7574 0
vt -9.757401 0
vt -6.3472 -1.1076
vt -10.3472 -1.1076
vt -7 -2.196
vt -11 -2.196
vt -7.7038 -3.2472
vt -11.7038 -3.2472
vt -8.4472 -4.2426
vt -12.4472 -4.2426
vt -9.217 -5.1654
vt -13.217 -5.1654
vt -10 -6
vt 0 -6
vt 4.0516 -6.7314
vt 0.05159998 -6.7314
vt 4.2046 -7.3482
vt 0.2045999 -7.3482
vt 4.4566 -7.8396
vt 0.4566002 -7.8396
vt 4.804 -8.196
vt 0.8039999 -8.196
vt 5.2396 -8.413199
vt 1.2396 -8.413199
vt 5.7574 -8.485199
vt -18.2426 -8.485199
vt -14.7604 -8.4132
vt -18.7604 -8.4132
vt -15.196 -8.196
vt -19.196 -8.196
vt -15.5434 -7.8396
vt -19.5434 -7.8396
vt -15.7954 -7.348201
vt -19.7954 -7.348201
vt -15.9484 -6.7314
vt -19.9484 -6.7314
vt 10 -6
vt 6 -6
vt 11.79556 -12.44709
vt 11.94867 -13.21684
vt 12 -14
vt 6 -14
vt 11.19615 -11
vt 11.54328 -11.7039
vt 10.24264 -9.757359
vt 10.76012 -10.34743
vt 9 -8.803848
vt 9.652569 -9.23988
vt 7.552915 -8.204445
vt 8.296101 -8.456723
vt 6 -8
vt 6.783156 -8.051331
vt 4.447084 -8.204445
vt 5.216843 -8.051331
vt 2.999999 -8.803848
vt 3.703899 -8.456723
vt 1.757359 -9.757359
vt 2.347431 -9.23988
vt 0.8038478 -11
vt 1.23988 -10.34743
vt 0.2044449 -12.44709
vt 0.4567223 -11.7039
vt 0 -14
vt 0.05133057 -13.21684
vt 0.2044449 -15.55291
vt 0.05133104 -14.78316
vt 0.8038483 -17
vt 0.4567232 -16.2961
vt 1.75736 -18.24264
vt 1.239881 -17.65257
vt 3 -19.19615
vt 2.347431 -18.76012
vt 4.447086 -19.79556
vt 3.703901 -19.54328
vt 6 -20
vt 5.216845 -19.94867
vt 7.94 -19.615
vt 10.142 -18.142
vt 11.615 -15.94
vt 7.9397 -3.6748
vt 11.9397 -3.6748
vt 10.142 0
vt 11.6145 3.6758
vt 15.6145 3.6758
vt 20 -7.36
vt 20 15.36
vt 15.36 -12
vt 18.14 -10.14
vt 20 27.36
vt 24 27.36
vt 24 4.64
vt 20 4.64
vt 24 19.36
vt 24 -3.36
vt 26.4776 0.3463001
vt 26.4776 15.6537
vt 27.3197 13.17672
vt 27.3175 2.823449
vt 26.47744 15.65358
vt 27.82845 10.6107
vt 27.82829 5.389294
vt 28.00052 8.000124
vt 26.4776 10.8239
vt 23.3175 14.14095
vt 27.3175 14.14095
vt 23.82829 17.21758
vt 27.82829 17.21758
vt 24.00053 20.00065
vt 28.00053 20.00065
vt 23.82845 22.43915
vt 27.82845 22.43915
vt 23.3197 24.49642
vt 27.3197 24.49642
vt 22.47744 26.13102
vt 26.47744 26.13102
vt 20 27.36
vt 24 27.36
vt 26.4776 26.1313
vt 24 4.64
vt 20 4.64
vt 15.36 20
vt -7.36 20
vt 18.14 18.14
vt 20 4.64
vt 24 4.64
vt 24 27.36
vt 20 27.36
vt -3.36 24
vt 19.36 24
vt 15.6537 26.4776
vt 0.3463001 26.4776
vt 2.823283 27.3197
vt 13.17655 27.3175
vt 0.3464203 26.47744
vt 5.389304 27.82845
vt 10.61071 27.82829
vt 7.999876 28.00052
vt 26.4776 26.1313
vt 23.3175 24.49405
vt 27.3175 24.49405
vt 23.82829 22.439
vt 27.82829 22.439
vt 24.00053 20.0004
vt 28.00053 20.0004
vt 23.82845 17.21776
vt 27.82845 17.21776
vt 23.3197 14.14298
vt 27.3197 14.14298
vt 22.47744 10.82386
vt 26.47744 10.82386
vt 20 4.64
vt 24 4.64
vt 26.4776 10.8239
vt 24 27.36
vt 20 27.36
vt -12 15.36
vt -12 -7.36
vt -10.14 18.14
vt -12 -27.36
vt -8 -27.36
vt -8 -4.64
vt -12 -4.64
vt -8 -3.36
vt -8 19.36
vt -10.4776 15.6537
vt -10.4776 0.3463001
vt -11.3197 2.823283
vt -11.3175 13.17655
vt -10.47744 0.3464203
vt -11.82845 5.389304
vt -11.82829 10.61071
vt -12.00052 7.999876
vt 15.6537 -10.8239
vt 9.176552 -14.14095
vt 13.17655 -14.14095
vt 6.610706 -17.21758
vt 10.61071 -17.21758
vt 3.999876 -20.00065
vt -12.00053 -20.00065
vt -15.82845 -22.43915
vt -11.82845 -22.43915
vt -15.3197 -24.49642
vt -11.3197 -24.49642
vt -14.47744 -26.13102
vt -10.47744 -26.13102
vt -12 -27.36
vt -8 -27.36
vt -10.4776 -26.1313
vt 19.36 -4.64
vt 15.36 -4.64
vt -7.36 -12
vt -10.14 -10.14
vt -12 -4.64
vt -8 -4.64
vt -8 -27.36
vt -12 -27.36
vt 19.36 -8
vt -3.36 -8
vt 0.3463001 -10.4776
vt 15.6537 -10.4776
vt 13.17672 -11.3197
vt 2.823449 -11.3175
vt 15.65358 -10.47744
vt 10.6107 -11.82845
vt 5.389294 -11.82829
vt 8.000124 -12.00052
vt -10.4776 -26.1313
vt -15.3175 -24.49405
vt -11.3175 -24.49405
vt -15.82829 -22.439
vt -11.82829 -22.439
vt -16.00053 -20.0004
vt 8.000124 -20.0004
vt 6.610696 -17.21776
vt 10.6107 -17.21776
vt 9.176718 -14.14298
vt 13.17672 -14.14298
vt 11.65358 -10.82386
vt 15.65358 -10.82386
vt 15.36 -4.64
vt 19.36 -4.64
vt 15.6537 -10.8239
vt -8 -27.36
vt -12 -27.36
usemtl 30
f 3/3/3 2/2/2 1/1/1
f 1/1/1 4/4/4 3/3/3
f 4/4/4 1/1/1 5/5/5
f 5/5/5 6/6/6 4/4/4
f 6/6/6 5/5/5 7/7/7
f 7/7/7 8/8/8 6/6/6
f 8/8/8 7/7/7 9/9/9
f 9/9/9 10/10/10 8/8/8
f 10/10/10 9/9/9 11/11/11
f 11/11/11 12/12/12 10/10/10
f 12/12/12 11/11/11 13/13/13
f 13/13/13 14/14/14 12/12/12
f 14/14/14 13/13/13 15/15/15
f 15/15/15 16/16/16 14/14/14
f 16/16/16 15/15/15 17/17/17
f 17/17/17 18/18/18 16/16/16
f 18/18/18 17/17/17 19/19/19
f 19/19/19 20/20/20 18/18/18
f 20/20/20 19/19/19 21/21/21
f 21/21/21 22/22/22 20/20/20
f 22/22/22 21/21/21 23/23/23
f 23/23/23 24/24/24 22/22/22
f 24/24/24 23/23/23 25/25/25
f 25/25/25 26/26/26 24/24/24
f 26/26/26 25/25/25 27/27/27
f 27/27/27 28/28/28 26/26/26
f 28/28/28 27/27/27 29/29/29
f 29/29/29 30/30/30 28/28/28
f 30/30/30 29/29/29 31/31/31
f 31/31/31 32/32/32 30/30/30
f 32/32/32 31/31/31 33/33/33
f 33/33/33 34/34/34 32/32/32
f 34/34/34 33/33/33 35/35/35
f 35/35/35 36/36/36 34/34/34
f 36/36/36 35/35/35 37/37/37
f 37/37/37 38/38/38 36/36/36
f 38/38/38 37/37/37 39/39/39
f 39/39/39 40/40/40 38/38/38
f 40/40/40 39/39/39 41/41/41
f 41/41/41 42/42/42 40/40/40
f 42/42/42 41/41/41 43/43/43
f 43/43/43 44/44/44 42/42/42
f 44/44/44 43/43/43 45/45/45
f 45/45/45 46/46/46 44/44/44
f 46/46/46 45/45/45 47/47/47
f 47/47/47 48/48/48 46/46/46
f 48/48/48 47/47/47 49/49/49
f 49/49/49 50/50/50 48/48/48
f 50/50/50 49/49/49 51/51/51
f 51/51/51 52/52/52 50/50/50
f 52/52/52 51/51/51 53/53/53
f 53/53/53 54/54/54 52/52/52
f 54/54/54 53/53/53 55/55/55
f 55/55/55 56/56/56 54/54/54
f 56/56/56 55/55/55 57/57/57
f 57/57/57 58/58/58 56/56/56
f 58/58/58 57/57/57 59/59/59
f 59/59/59 60/60/60 58/58/58
f 60/60/60 59/59/59 61/61/61
f 61/61/61 62/62/62 60/60/60
f 62/62/62 61/61/61 63/63/63
f 63/63/63 64/64/64 62/62/62
f 64/64/64 63/63/63 65/65/65
f 65/65/65 66/66/66 64/64/64
f 66/66/66 65/65/65 67/67/67
f 67/67/67 68/68/68 66/66/66
f 68/68/68 67/67/67 69/69/69
f 69/69/69 70/70/70 68/68/68
f 70/70/70 69/69/69 71/71/71
f 71/71/71 72/72/72 70/70/70
f 72/72/72 71/71/71 73/73/73
f 73/73/73 74/74/74 72/72/72
f 74/74/74 73/73/73 75/75/75
f 75/75/75 76/76/76 74/74/74
f 76/76/76 75/75/75 77/77/77
f 77/77/77 78/78/78 76/76/76
f 78/78/78 77/77/77 79/79/79
f 79/79/79 80/80/80 78/78/78
f 80/80/80 79/79/79 81/81/81
f 81/81/81 82/82/82 80/80/80
f 82/82/82 81/81/81 83/83/83
f 83/83/83 84/84/84 82/82/82
f 84/84/84 83/83/83 85/85/85
f 85/85/85 86/86/86 84/84/84
f 86/86/86 85/85/85 87/87/87
f 87/87/87 88/88/88 86/86/86
f 88/88/88 87/87/87 89/89/89
f 89/89/89 90/90/90 88/88/88
f 90/90/90 89/89/89 91/91/91
f 91/91/91 92/92/92 90/90/90
f 92/92/92 91/91/91 93/93/93
f 93/93/93 94/94/94 92/92/92
f 94/94/94 93/93/93 95/95/95
f 95/95/95 96/96/96 94/94/94
f 96/96/96 95/95/95 2/2/2
f 2/2/2 3/3/3 96/96/96
f 97/97/97 98/98/98 99/99/99
f 99/99/99 100/100/100 97/97/97
f 101/101/101 97/97/97 100/100/100
f 100/100/100 102/102/102 101/101/101
f 103/103/103 101/101/101 102/102/102
f 102/102/102 104/104/104 103/103/103
f 105/105/105 103/103/103 104/104/104
f 104/104/104 106/106/106 105/105/105
f 107/107/107 105/105/105 106/106/106
f 106/106/106 108/108/108 107/107/107
f 109/109/109 107/107/107 108/108/108
f 108/108/108 110/110/110 109/109/109
f 111/111/111 109/109/109 110/110/110
f 110/110/110 112/112/112 111/111/111
f 113/113/113 111/111/111 112/112/112
f 112/112/112 114/114/114 113/113/113
f 115/115/115 113/113/113 114/114/114
f 114/114/114 116/116/116 115/115/115
f 117/117/117 115/115/115 116/116/116
f 116/116/116 118/118/118 117/117/117
f 119/119/119 117/117/117 118/118/118
f 118/118/118 120/120/120 119/119/119
f 121/121/121 119/119/119 120/120/120
f 120/120/120 122/122/122 121/121/121
f 123/123/123 121/121/121 122/122/122
f 122/122/122 124/124/124 123/123/123
f 125/125/125 123/123/123 124/124/124
f 124/124/124 126/126/126 125/125/125
f 127/127/127 125/125/125 126/126/126
f 126/126/126 128/128/128 127/127/127
f 129/129/129 127/127/127 128/128/128
f 128/128/128 130/130/130 129/129/129
f 131/131/131 129/129/129 130/130/130
f 130/130/130 132/132/132 131/131/131
f 133/133/133 131/131/131 132/132/132
f 132/132/132 134/134/134 133/133/133
f 135/135/135 133/133/133 134/134/134
f 134/134/134 136/136/136 135/135/135
f 137/137/137 135/135/135 136/136/136
f 136/136/136 138/138/138 137/137/137
f 139/139/139 137/137/137 138/138/138
f 138/138/138 140/140/140 139/139/139
f 141/141/141 139/139/139 140/140/140
f 140/140/140 142/142/142 141/141/141
f 143/143/143 141/141/141 142/142/142
f 142/142/142 144/144/144 143/143/143
f 145/145/145 143/143/143 144/144/144
f 144/144/144 146/146/146 145/145/145
f 147/147/147 145/145/145 146/146/146
f 146/146/146 148/148/148 147/147/147
f 149/149/149 147/147/147 148/148/148
f 148/148/148 150/150/150 149/149/149
f 151/151/151 149/149/149 150/150/150
f 150/150/150 152/152/152 151/151/151
f 153/153/153 151/151/151 152/152/152
f 152/152/152 154/154/154 153/153/153
f 155/155/155 153/153/153 154/154/154
f 154/154/154 156/156/156 155/155/155
f 157/157/157 155/155/155 156/156/156
f 156/156/156 158/158/158 157/157/157
f 159/159/159 157/157/157 158/158/158
f 158/158/158 160/160/160 159/159/159
f 161/161/161 159/159/159 160/160/160
f 160/160/160 162/162/162 161/161/161
f 163/163/163 161/161/161 162/162/162
f 162/162/162 164/164/164 163/163/163
f 165/165/165 163/163/163 164/164/164
f 164/164/164 166/166/166 165/165/165
f 167/167/167 165/165/165 166/166/166
f 166/166/166 168/168/168 167/167/167
f 169/169/169 167/167/167 168/168/168
f 168/168/168 170/170/170 169/169/169
f 171/171/171 169/169/169 170/170/170
f 170/170/170 172/172/172 171/171/171
f 173/173/173 171/171/171 172/172/172
f 172/172/172 174/174/174 173/173/173
f 175/175/175 173/173/173 174/174/174
f 174/174/174 176/176/176 175/175/175
f 177/177/177 175/175/175 176/176/176
f 176/176/176 178/178/178 177/177/177
f 179/179/179 177/177/177 178/178/178
f 178/178/178 180/180/180 179/179/179
f 181/181/181 179/179/179 180/180/180
f 180/180/180 182/182/182 181/181/181
f 183/183/183 181/181/181 182/182/182
f 182/182/182 184/184/184 183/183/183
f 185/185/185 183/183/183 184/184/184
f 184/184/184 186/186/186 185/185/185
f 187/187/187 185/185/185 186/186/186
f 186/186/186 188/188/188 187/187/187
f 189/189/189 187/187/187 188/188/188
f 188/188/188 190/190/190 189/189/189
f 191/191/191 189/189/189 190/190/190
f 190/190/190 192/192/192 191/191/191
f 98/98/98 191/191/191 192/192/192
f 192/192/192 99/99/99 98/98/98
f 193/193/193 194/194/194 195/195/195
f 195/195/195 196/196/196 193/193/193
f 194/194/194 197/197/197 198/198/198
f 198/198/198 195/195/195 194/194/194
f 197/197/197 199/199/199 200/200/200
f 200/200/200 198/198/198 197/197/197
f 199/199/199 201/201/201 202/202/202
f 202/202/202 200/200/200 199/199/199
f 201/201/201 203/203/203 204/204/204
f 204/204/204 202/202/202 201/201/201
f 203/203/203 205/205/205 206/206/206
f 206/206/206 204/204/204 203/203/203
f 205/205/205 207/207/207 208/208/208
f 208/208/208 206/206/206 205/205/205
f 207/207/207 209/209/209 210/210/210
f 210/210/210 208/208/208 207/207/207
f 209/209/209 211/211/211 212/212/212
f 212/212/212 210/210/210 209/209/209
f 211/211/211 213/213/213 214/214/214
f 214/214/214 212/212/212 211/211/211
f 213/213/213 215/215/215 216/216/216
f 216/216/216 214/214/214 213/213/213
f 215/215/215 217/217/217 218/218/218
f 218/218/218 216/216/216 215/215/215
f 217/217/217 219/219/219 220/220/220
f 220/220/220 218/218/218 217/217/217
f 219/219/219 221/221/221 222/222/222
f 222/222/222 220/220/220 219/219/219
f 221/221/221 223/223/223 224/224/224
f 224/224/224 222/222/222 221/221/221
f 223/223/223 225/225/225 226/226/226
f 226/226/226 224/224/224 223/223/223
f 225/225/225 227/227/227 228/228/228
f 228/228/228 226/226/226 225/225/225
f 227/227/227 229/229/229 230/230/230
f 230/230/230 228/228/228 227/227/227
f 229/229/229 231/231/231 232/232/232
f 232/232/232 230/230/230 229/229/229
f 231/231/231 233/233/233 234/234/234
f 234/234/234 232/232/232 231/231/231
f 233/233/233 235/235/235 236/236/236
f 236/236/236 234/234/234 233/233/233
f 235/235/235 237/237/237 238/238/238
f 238/238/238 236/236/236 235/235/235
f 237/237/237 239/239/239 240/240/240
f 240/240/240 238/238/238 237/237/237
f 239/239/239 241/241/241 242/242/242
f 242/242/242 240/240/240 239/239/239
f 241/241/241 243/243/243 244/244/244
f 244/244/244 242/242/242 241/241/241
f 243/243/243 245/245/245 246/246/246
f 246/246/246 244/244/244 243/243/243
f 245/245/245 247/247/247 248/248/248
f 248/248/248 246/246/246 245/245/245
f 247/247/247 249/249/249 250/250/250
f 250/250/250 248/248/248 247/247/247
f 249/249/249 251/251/251 252/252/252
f 252/252/252 250/250/250 249/249/249
f 251/251/251 253/253/253 254/254/254
f 254/254/254 252/252/252 251/251/251
f 253/253/253 255/255/255 256/256/256
f 256/256/256 254/254/254 253/253/253
f 255/255/255 257/257/257 258/258/258
f 258/258/258 256/256/256 255/255/255
f 257/257/257 259/259/259 260/260/260
f 260/260/260 258/258/258 257/257/257
f 259/259/259 261/261/261 262/262/262
f 262/262/262 260/260/260 259/259/259
f 261/261/261 263/263/263 264/264/264
f 264/264/264 262/262/262 261/261/261
f 263/263/263 265/265/265 266/266/266
f 266/266/266 264/264/264 263/263/263
f 265/265/265 267/267/267 268/268/268
f 268/268/268 266/266/266 265/265/265
f 267/267/267 269/269/269 270/270/270
f 270/270/270 268/268/268 267/267/267
f 269/269/269 271/271/271 272/272/272
f 272/272/272 270/270/270 269/269/269
f 271/271/271 273/273/273 274/274/274
f 274/274/274 272/272/272 271/271/271
f 273/273/273 275/275/275 276/276/276
f 276/276/276 274/274/274 273/273/273
f 275/275/275 277/277/277 278/278/278
f 278/278/278 276/276/276 275/275/275
f 277/277/277 279/279/279 280/280/280
f 280/280/280 278/278/278 277/277/277
f 279/279/279 281/281/281 282/282/282
f 282/282/282 280/280/280 279/279/279
f 281/281/281 283/283/283 284/284/284
f 284/284/284 282/282/282 281/281/281
f 283/283/283 285/285/285 286/286/286
f 286/286/286 284/284/284 283/283/283
f 285/285/285 287/287/287 288/288/288
f 288/288/288 286/286/286 285/285/285
f 287/287/287 193/193/193 196/196/196
f 196/196/196 288/288/288 287/287/287
f 289/289/289 290/290/290 291/291/291
f 289/289/289 291/291/291 292/292/292
f 289/289/289 292/292/292 293/293/293
f 289/289/289 293/293/293 294/294/294
f 289/289/289 294/294/294 295/295/295
f 289/289/289 295/295/295 296/296/296
f 289/289/289 296/296/296 297/297/297
f 289/289/289 297/297/297 298/298/298
f 289/289/289 298/298/298 299/299/299
f 289/289/289 299/299/299 300/300/300
f 289/289/289 300/300/300 301/301/301
f 289/289/289 301/301/301 302/302/302
f 303/303/303 302/302/302 304/304/304
f 303/303/303 304/304/304 305/305/305
f 303/303/303 305/305/305 306/306/306
f 303/303/303 306/306/306 307/307/307
f 303/303/303 307/307/307 308/308/308
f 303/303/303 308/308/308 309/309/309
f 303/303/303 309/309/309 310/310/310
f 303/303/303 310/310/310 311/311/311
f 303/303/303 311/311/311 312/312/312
f 303/303/303 312/312/312 313/313/313
f 303/303/303 313/313/313 314/314/314
f 303/303/303 314/314/314 315/315/315
f 316/316/316 315/315/315 317/317/317
f 316/316/316 317/317/317 318/318/318
f 316/316/316 318/318/318 319/319/319
f 316/316/316 319/319/319 320/320/320
f 316/316/316 320/320/320 321/321/321
f 316/316/316 321/321/321 322/322/322
f 316/316/316 322/322/322 323/323/323
f 316/316/316 323/323/323 324/324/324
f 316/316/316 324/324/324 325/325/325
f 316/316/316 325/325/325 326/326/326
f 316/316/316 326/326/326 327/327/327
f 316/316/316 327/327/327 328/328/328
f 329/329/329 328/328/328 330/330/330
f 329/329/329 330/330/330 331/331/331
f 329/329/329 331/331/331 332/332/332
f 329/329/329 332/332/332 333/333/333
f 329/329/329 333/333/333 334/334/334
f 329/329/329 334/334/334 335/335/335
f 329/329/329 335/335/335 336/336/336
f 329/329/329 336/336/336 337/337/337
f 329/329/329 337/337/337 338/338/338
f 329/329/329 338/338/338 339/339/339
f 329/329/329 339/339/339 340/340/340
f 329/329/329 340/340/340 290/290/290
f 343/343/343 342/342/342 341/341/341
f 341/341/341 344/344/344 343/343/343
f 341/341/341 346/346/346 345/345/345
f 345/345/345 344/344/344 341/341/341
f 349/349/349 348/348/348 347/347/347
f 347/347/347 350/350/350 349/349/349
f 348/348/348 352/352/352 351/351/351
f 351/351/351 347/347/347 348/348/348
f 355/355/355 354/354/354 353/353/353
f 353/353/353 356/356/356 355/355/355
f 359/359/359 358/358/358 357/357/357
f 357/357/357 360/360/360 359/359/359
f 363/363/363 362/362/362 361/361/361
f 361/361/361 364/364/364 363/363/363
f 367/367/367 366/366/366 365/365/365
f 365/365/365 368/368/368 367/367/367
f 371/371/371 370/370/370 369/369/369
f 369/369/369 372/372/372 371/371/371
f 370/370/370 374/374/374 373/373/373
f 373/373/373 369/369/369 370/370/370
f 377/377/377 376/376/376 375/375/375
f 375/375/375 378/378/378 377/377/377
f 376/376/376 380/380/380 379/379/379
f 379/379/379 375/375/375 376/376/376
f 69/69/69 382/382/382 381/381/381
f 381/381/381 383/383/383 69/69/69
f 384/384/384 69/69/69 383/383/383
f 383/383/383 385/385/385 384/384/384
f 73/73/73 384/384/384 385/385/385
f 385/385/385 386/386/386 73/73/73
f 73/73/73 386/386/386 387/387/387
f 387/387/387 388/388/388 73/73/73
f 77/77/77 388/388/388 387/387/387
f 387/387/387 389/389/389 77/77/77
f 79/79/79 77/77/77 389/389/389
f 389/389/389 390/390/390 79/79/79
f 81/81/81 79/79/79 390/390/390
f 390/390/390 391/391/391 81/81/81
f 392/392/392 81/81/81 391/391/391
f 391/391/391 393/393/393 392/392/392
f 394/394/394 392/392/392 393/393/393
f 393/393/393 395/395/395 394/394/394
f 398/398/398 397/397/397 396/396/396
f 396/396/396 399/399/399 398/398/398
f 89/89/89 398/398/398 399/399/399
f 399/399/399 400/400/400 89/89/89
f 91/91/91 89/89/89 400/400/400
f 400/400/400 401/401/401 91/91/91
f 93/93/93 91/91/91 401/401/401
f 401/401/401 402/402/402 93/93/93
f 403/403/403 93/93/93 402/402/402
f 402/402/402 404/404/404 403/403/403
f 2/2/2 403/403/403 404/404/404
f 404/404/404 405/405/405 2/2/2
f 406/406/406 2/2/2 405/405/405
f 405/405/405 407/407/407 406/406/406
f 5/5/5 406/406/406 407/407/407
f 407/407/407 408/408/408 5/5/5
f 409/409/409 5/5/5 408/408/408
f 408/408/408 410/410/410 409/409/409
f 21/21/21 412/412/412 411/411/411
f 411/411/411 413/413/413 21/21/21
f 414/414/414 21/21/21 413/413/413
f 413/413/413 415/415/415 414/414/414
f 25/25/25 414/414/414 415/415/415
f 415/415/415 416/416/416 25/25/25
f 417/417/417 25/25/25 416/416/416
f 416/416/416 418/418/418 417/417/417
f 29/29/29 417/417/417 418/418/418
f 418/418/418 419/419/419 29/29/29
f 31/31/31 29/29/29 419/419/419
f 419/419/419 420/420/420 31/31/31
f 33/33/33 31/31/31 420/420/420
f 420/420/420 421/421/421 33/33/33
f 422/422/422 33/33/33 421/421/421
f 421/421/421 423/423/423 422/422/422
f 424/424/424 422/422/422 423/423/423
f 423/423/423 425/425/425 424/424/424
f 428/428/428 427/427/427 426/426/426
f 426/426/426 429/429/429 428/428/428
f 41/41/41 428/428/428 429/429/429
f 429/429/429 430/430/430 41/41/41
f 43/43/43 41/41/41 430/430/430
f 430/430/430 431/431/431 43/43/43
f 45/45/45 43/43/43 431/431/431
f 431/431/431 432/432/432 45/45/45
f 433/433/433 45/45/45 432/432/432
f 432/432/432 434/434/434 433/433/433
f 49/49/49 433/433/433 434/434/434
f 434/434/434 435/435/435 49/49/49
f 436/436/436 49/49/49 435/435/435
f 435/435/435 437/437/437 436/436/436
f 53/53/53 436/436/436 437/437/437
f 437/437/437 438/438/438 53/53/53
f 439/439/439 53/53/53 438/438/438
f 438/438/438 440/440/440 439/439/439
f 443/443/443 442/442/442 441/441/441
f 441/441/441 444/444/444 443/443/443
f 442/442/442 446/446/446 445/445/445
f 445/445/445 441/441/441 442/442/442
f 447/447/447 446/446/446 442/442/442
f 442/442/442 448/448/448 447/447/447
f 451/451/451 450/450/450 449/449/449
f 449/449/449 452/452/452 451/451/451
f 450/450/450 454/454/454 453/453/453
f 453/453/453 449/449/449 450/450/450
f 455/455/455 454/454/454 450/450/450
f 450/450/450 456/456/456 455/455/455
f 459/459/459 458/458/458 457/457/457
f 457/457/457 460/460/460 459/459/459
f 463/463/463 462/462/462 461/461/461
f 461/461/461 464/464/464 463/463/463
f 466/466/466 465/465/465 456/456/456
f 456/456/456 450/450/450 466/466/466
f 468/468/468 467/467/467 450/450/450
f 450/450/450 451/451/451 468/468/468
f 470/470/470 469/469/469 448/448/448
f 448/448/448 442/442/442 470/470/470
f 472/472/472 471/471/471 442/442/442
f 442/442/442 443/443/443 472/472/472
f 475/475/475 474/474/474 473/473/473
f 473/473/473 476/476/476 475/475/475
f 474/474/474 478/478/478 477/477/477
f 477/477/477 473/473/473 474/474/474
f 479/479/479 478/478/478 474/474/474
f 474/474/474 480/480/480 479/479/479
f 483/483/483 482/482/482 481/481/481
f 481/481/481 484/484/484 483/483/483
f 482/482/482 486/486/486 485/485/485
f 485/485/485 481/481/481 482/482/482
f 487/487/487 486/486/486 482/482/482
f 482/482/482 488/488/488 487/487/487
f 491/491/491 490/490/490 489/489/489
f 489/489/489 492/492/492 491/491/491
f 495/495/495 494/494/494 493/493/493
f 493/493/493 496/496/496 495/495/495
f 498/498/498 497/497/497 488/488/488
f 488/488/488 482/482/482 498/498/498
f 500/500/500 499/499/499 482/482/482
f 482/482/482 483/483/483 500/500/500
f 502/502/502 501/501/501 480/480/480
f 480/480/480 474/474/474 502/502/502
f 504/504/504 503/503/503 474/474/474
f 474/474/474 475/475/475 504/504/504
f 507/507/507 506/506/506 505/505/505
f 505/505/505 508/508/508 507/507/507
f 510/510/510 509/509/509 506/506/506
f 506/506/506 507/507/507 510/510/510
f 511/511/511 443/443/443 509/509/509
f 509/509/509 510/510/510 511/511/511
f 512/512/512 472/472/472 443/443/443
f 443/443/443 511/511/511 512/512/512
f 514/514/514 513/513/513 472/472/472
f 472/472/472 512/512/512 514/514/514
f 515/515/515 442/442/442 513/513/513
f 513/513/513 514/514/514 515/515/515
f 517/517/517 516/516/516 442/442/442
f 442/442/442 515/515/515 517/517/517
f 518/518/518 469/469/469 516/516/516
f 516/516/516 517/517/517 518/518/518
f 519/519/519 448/448/448 469/469/469
f 469/469/469 518/518/518 519/519/519
f 521/521/521 520/520/520 448/448/448
f 448/448/448 519/519/519 521/521/521
f 523/523/523 522/522/522 520/520/520
f 520/520/520 521/521/521 523/523/523
f 525/525/525 524/524/524 522/522/522
f 522/522/522 523/523/523 525/525/525
f 527/527/527 526/526/526 524/524/524
f 524/524/524 525/525/525 527/527/527
f 529/529/529 528/528/528 526/526/526
f 526/526/526 527/527/527 529/529/529
f 531/531/531 530/530/530 528/528/528
f 528/528/528 529/529/529 531/531/531
f 533/533/533 532/532/532 530/530/530
f 530/530/530 531/531/531 533/533/533
f 535/535/535 534/534/534 532/532/532
f 532/532/532 533/533/533 535/535/535
f 536/536/536 463/463/463 534/534/534
f 534/534/534 535/535/535 536/536/536
f 538/538/538 537/537/537 463/463/463
f 463/463/463 536/536/536 538/538/538
f 540/540/540 539/539/539 537/537/537
f 537/537/537 538/538/538 540/540/540
f 542/542/542 541/541/541 539/539/539
f 539/539/539 540/540/540 542/542/542
f 544/544/544 543/543/543 541/541/541
f 541/541/541 542/542/542 544/544/544
f 546/546/546 545/545/545 543/543/543
f 543/543/543 544/544/544 546/546/546
f 548/548/548 547/547/547 545/545/545
f 545/545/545 546/546/546 548/548/548
f 550/550/550 549/549/549 547/547/547
f 547/547/547 548/548/548 550/550/550
f 552/552/552 551/551/551 549/549/549
f 549/549/549 550/550/550 552/552/552
f 553/553/553 451/451/451 551/551/551
f 551/551/551 552/552/552 553/553/553
f 554/554/554 468/468/468 451/451/451
f 451/451/451 553/553/553 554/554/554
f 556/556/556 555/555/555 468/468/468
f 468/468/468 554/554/554 556/556/556
f 557/557/557 450/450/450 555/555/555
f 555/555/555 556/556/556 557/557/557
f 559/559/559 558/558/558 450/450/450
f 450/450/450 557/557/557 559/559/559
f 560/560/560 465/465/465 558/558/558
f 558/558/558 559/559/559 560/560/560
f 561/561/561 456/456/456 465/465/465
f 465/465/465 560/560/560 561/561/561
f 563/563/563 562/562/562 456/456/456
f 456/456/456 561/561/561 563/563/563
f 565/565/565 564/564/564 562/562/562
f 562/562/562 563/563/563 565/565/565
f 567/567/567 566/566/566 564/564/564
f 564/564/564 565/565/565 567/567/567
f 569/569/569 568/568/568 566/566/566
f 566/566/566 567/567/567 569/569/569
f 571/571/571 570/570/570 568/568/568
f 568/568/568 569/569/569 571/571/571
f 573/573/573 572/572/572 570/570/570
f 570/570/570 571/571/571 573/573/573
f 575/575/575 574/574/574 572/572/572
f 572/572/572 573/573/573 575/575/575
f 577/577/577 576/576/576 574/574/574
f 574/574/574 575/575/575 577/577/577
f 578/578/578 459/459/459 576/576/576
f 576/576/576 577/577/577 578/578/578
f 580/580/580 579/579/579 459/459/459
f 459/459/459 578/578/578 580/580/580
f 582/582/582 581/581/581 579/579/579
f 579/579/579 580/580/580 582/582/582
f 584/584/584 583/583/583 581/581/581
f 581/581/581 582/582/582 584/584/584
f 586/586/586 585/585/585 583/583/583
f 583/583/583 584/584/584 586/586/586
f 588/588/588 587/587/587 585/585/585
f 585/585/585 586/586/586 588/588/588
f 508/508/508 505/505/505 587/587/587
f 587/587/587 588/588/588 508/508/508
f 591/591/591 590/590/590 589/589/589
f 589/589/589 592/592/592 591/591/591
f 594/594/594 593/593/593 590/590/590
f 590/590/590 591/591/591 594/594/594
f 596/596/596 595/595/595 593/593/593
f 593/593/593 594/594/594 596/596/596
f 598/598/598 597/597/597 595/595/595
f 595/595/595 596/596/596 598/598/598
f 600/600/600 599/599/599 597/597/597
f 597/597/597 598/598/598 600/600/600
f 602/602/602 601/601/601 599/599/599
f 599/599/599 600/600/600 602/602/602
f 604/604/604 603/603/603 601/601/601
f 601/601/601 602/602/602 604/604/604
f 606/606/606 605/605/605 603/603/603
f 603/603/603 604/604/604 606/606/606
f 608/608/608 607/607/607 605/605/605
f 605/605/605 606/606/606 608/608/608
f 610/610/610 609/609/609 607/607/607
f 607/607/607 608/608/608 610/610/610
f 612/612/612 611/611/611 609/609/609
f 609/609/609 610/610/610 612/612/612
f 614/614/614 613/613/613 611/611/611
f 611/611/611 612/612/612 614/614/614
f 616/616/616 615/615/615 613/613/613
f 613/613/613 614/614/614 616/616/616
f 618/618/618 617/617/617 615/615/615
f 615/615/615 616/616/616 618/618/618
f 620/620/620 619/619/619 617/617/617
f 617/617/617 618/618/618 620/620/620
f 622/622/622 621/621/621 619/619/619
f 619/619/619 620/620/620 622/622/622
f 624/624/624 623/623/623 621/621/621
f 621/621/621 622/622/622 624/624/624
f 626/626/626 625/625/625 623/623/623
f 623/623/623 624/624/624 626/626/626
f 628/628/628 627/627/627 625/625/625
f 625/625/625 626/626/626 628/628/628
f 630/630/630 629/629/629 627/627/627
f 627/627/627 628/628/628 630/630/630
f 632/632/632 631/631/631 629/629/629
f 629/629/629 630/630/630 632/632/632
f 634/634/634 633/633/633 631/631/631
f 631/631/631 632/632/632 634/634/634
f 636/636/636 635/635/635 633/633/633
f 633/633/633 634/634/634 636/636/636
f 638/638/638 637/637/637 635/635/635
f 635/635/635 636/636/636 638/638/638
f 640/640/640 639/639/639 637/637/637
f 637/637/637 638/638/638 640/640/640
f 642/642/642 641/641/641 639/639/639
f 639/639/639 640/640/640 642/642/642
f 644/644/644 643/643/643 641/641/641
f 641/641/641 642/642/642 644/644/644
f 646/646/646 645/645/645 643/643/643
f 643/643/643 644/644/644 646/646/646
f 648/648/648 647/647/647 645/645/645
f 645/645/645 646/646/646 648/648/648
f 650/650/650 649/649/649 647/647/647
f 647/647/647 648/648/648 650/650/650
f 652/652/652 651/651/651 649/649/649
f 649/649/649 650/650/650 652/652/652
f 654/654/654 653/653/653 651/651/651
f 651/651/651 652/652/652 654/654/654
f 656/656/656 655/655/655 653/653/653
f 653/653/653 654/654/654 656/656/656
f 658/658/658 657/657/657 655/655/655
f 655/655/655 656/656/656 658/658/658
f 660/660/660 659/659/659 657/657/657
f 657/657/657 658/658/658 660/660/660
f 662/662/662 661/661/661 659/659/659
f 659/659/659 660/660/660 662/662/662
f 664/664/664 663/663/663 661/661/661
f 661/661/661 662/662/662 664/664/664
f 666/666/666 665/665/665 663/663/663
f 663/663/663 664/664/664 666/666/666
f 668/668/668 667/667/667 665/665/665
f 665/665/665 666/666/666 668/668/668
f 670/670/670 669/669/669 667/667/667
f 667/667/667 668/668/668 670/670/670
f 672/672/672 671/671/671 669/669/669
f 669/669/669 670/670/670 672/672/672
f 674/674/674 673/673/673 671/671/671
f 671/671/671 672/672/672 674/674/674
f 676/676/676 675/675/675 673/673/673
f 673/673/673 674/674/674 676/676/676
f 678/678/678 677/677/677 675/675/675
f 675/675/675 676/676/676 678/678/678
f 680/680/680 679/679/679 677/677/677
f 677/677/677 678/678/678 680/680/680
f 682/682/682 681/681/681 679/679/679
f 679/679/679 680/680/680 682/682/682
f 684/684/684 683/683/683 681/681/681
f 681/681/681 682/682/682 684/684/684
f 592/592/592 589/589/589 683/683/683
f 683/683/683 684/684/684 592/592/592
f 687/687/687 686/686/686 685/685/685
f 685/685/685 688/688/688 687/687/687
f 688/688/688 685/685/685 689/689/689
f 689/689/689 690/690/690 688/688/688
f 690/690/690 689/689/689 691/691/691
f 691/691/691 692/692/692 690/690/690
f 692/692/692 691/691/691 693/693/693
f 693/693/693 694/694/694 692/692/692
f 694/694/694 693/693/693 695/695/695
f 695/695/695 696/696/696 694/694/694
f 696/696/696 695/695/695 697/697/697
f 697/697/697 698/698/698 696/696/696
f 698/698/698 697/697/697 699/699/699
f 699/699/699 700/700/700 698/698/698
f 700/700/700 699/699/699 701/701/701
f 701/701/701 702/702/702 700/700/700
f 702/702/702 701/701/701 703/703/703
f 703/703/703 704/704/704 702/702/702
f 704/704/704 703/703/703 705/705/705
f 705/705/705 706/706/706 704/704/704
f 706/706/706 705/705/705 707/707/707
f 707/707/707 708/708/708 706/706/706
f 708/708/708 707/707/707 709/709/709
f 709/709/709 710/710/710 708/708/708
f 710/710/710 709/709/709 711/711/711
f 711/711/711 712/712/712 710/710/710
f 712/712/712 711/711/711 713/713/713
f 713/713/713 714/714/714 712/712/712
f 714/714/714 713/713/713 715/715/715
f 715/715/715 716/716/716 714/714/714
f 716/716/716 715/715/715 717/717/717
f 717/717/717 718/718/718 716/716/716
f 718/718/718 717/717/717 719/719/719
f 719/719/719 720/720/720 718/718/718
f 720/720/720 719/719/719 721/721/721
f 721/721/721 722/722/722 720/720/720
f 722/722/722 721/721/721 723/723/723
f 723/723/723 724/724/724 722/722/722
f 724/724/724 723/723/723 725/725/725
f 725/725/725 726/726/726 724/724/724
f 726/726/726 725/725/725 727/727/727
f 727/727/727 728/728/728 726/726/726
f 728/728/728 727/727/727 729/729/729
f 729/729/729 730/730/730 728/728/728
f 730/730/730 729/729/729 731/731/731
f 731/731/731 732/732/732 730/730/730
f 732/732/732 731/731/731 733/733/733
f 733/733/733 734/734/734 732/732/732
f 734/734/734 733/733/733 735/735/735
f 735/735/735 736/736/736 734/734/734
f 736/736/736 735/735/735 737/737/737
f 737/737/737 738/738/738 736/736/736
f 738/738/738 737/737/737 739/739/739
f 739/739/739 740/740/740 738/738/738
f 740/740/740 739/739/739 741/741/741
f 741/741/741 742/742/742 740/740/740
f 742/742/742 741/741/741 743/743/743
f 743/743/743 744/744/744 742/742/742
f 744/744/744 743/743/743 745/745/745
f 745/745/745 746/746/746 744/744/744
f 746/746/746 745/745/745 747/747/747
f 747/747/747 748/748/748 746/746/746
f 748/748/748 747/747/747 749/749/749
f 749/749/749 750/750/750 748/748/748
f 750/750/750 749/749/749 751/751/751
f 751/751/751 752/752/752 750/750/750
f 752/752/752 751/751/751 753/753/753
f 753/753/753 754/754/754 752/752/752
f 754/754/754 753/753/753 755/755/755
f 755/755/755 756/756/756 754/754/754
f 756/756/756 755/755/755 757/757/757
f 757/757/757 758/758/758 756/756/756
f 758/758/758 757/757/757 759/759/759
f 759/759/759 760/760/760 758/758/758
f 760/760/760 759/759/759 761/761/761
f 761/761/761 762/762/762 760/760/760
f 762/762/762 761/761/761 763/763/763
f 763/763/763 764/764/764 762/762/762
f 764/764/764 763/763/763 765/765/765
f 765/765/765 766/766/766 764/764/764
f 766/766/766 765/765/765 767/767/767
f 767/767/767 768/768/768 766/766/766
f 768/768/768 767/767/767 769/769/769
f 769/769/769 770/770/770 768/768/768
f 770/770/770 769/769/769 771/771/771
f 771/771/771 772/772/772 770/770/770
f 772/772/772 771/771/771 773/773/773
f 773/773/773 774/774/774 772/772/772
f 774/774/774 773/773/773 775/775/775
f 775/775/775 776/776/776 774/774/774
f 776/776/776 775/775/775 777/777/777
f 777/777/777 778/778/778 776/776/776
f 778/778/778 777/777/777 779/779/779
f 779/779/779 780/780/780 778/778/778
f 780/780/780 779/779/779 686/686/686
f 686/686/686 687/687/687 780/780/780
f 783/783/783 782/782/782 781/781/781
f 781/781/781 784/784/784 783/783/783
f 784/784/784 781/781/781 785/785/785
f 785/785/785 786/786/786 784/784/784
f 786/786/786 785/785/785 787/787/787
f 787/787/787 788/788/788 786/786/786
f 788/788/788 787/787/787 789/789/789
f 789/789/789 790/790/790 788/788/788
f 790/790/790 789/789/789 791/791/791
f 791/791/791 792/792/792 790/790/790
f 792/792/792 791/791/791 793/793/793
f 793/793/793 794/794/794 792/792/792
f 794/794/794 793/793/793 795/795/795
f 795/795/795 796/796/796 794/794/794
f 796/796/796 795/795/795 797/797/797
f 797/797/797 798/798/798 796/796/796
f 798/798/798 797/797/797 799/799/799
f 799/799/799 800/800/800 798/798/798
f 800/800/800 799/799/799 801/801/801
f 801/801/801 802/802/802 800/800/800
f 802/802/802 801/801/801 803/803/803
f 803/803/803 804/804/804 802/802/802
f 804/804/804 803/803/803 805/805/805
f 805/805/805 806/806/806 804/804/804
f 806/806/806 805/805/805 807/807/807
f 807/807/807 808/808/808 806/806/806
f 808/808/808 807/807/807 809/809/809
f 809/809/809 810/810/810 808/808/808
f 810/810/810 809/809/809 811/811/811
f 811/811/811 812/812/812 810/810/810
f 812/812/812 811/811/811 813/813/813
f 813/813/813 814/814/814 812/812/812
f 814/814/814 813/813/813 815/815/815
f 815/815/815 816/816/816 814/814/814
f 816/816/816 815/815/815 817/817/817
f 817/817/817 818/818/818 816/816/816
f 818/818/818 817/817/817 819/819/819
f 819/819/819 820/820/820 818/818/818
f 820/820/820 819/819/819 821/821/821
f 821/821/821 822/822/822 820/820/820
f 822/822/822 821/821/821 823/823/823
f 823/823/823 824/824/824 822/822/822
f 824/824/824 823/823/823 825/825/825
f 825/825/825 826/826/826 824/824/824
f 826/826/826 825/825/825 827/827/827
f 827/827/827 828/828/828 826/826/826
f 828/828/828 827/827/827 829/829/829
f 829/829/829 830/830/830 828/828/828
f 830/830/830 829/829/829 831/831/831
f 831/831/831 832/832/832 830/830/830
f 832/832/832 831/831/831 833/833/833
f 833/833/833 834/834/834 832/832/832
f 834/834/834 833/833/833 835/835/835
f 835/835/835 836/836/836 834/834/834
f 836/836/836 835/835/835 837/837/837
f 837/837/837 838/838/838 836/836/836
f 838/838/838 837/837/837 839/839/839
f 839/839/839 840/840/840 838/838/838
f 840/840/840 839/839/839 841/841/841
f 841/841/841 842/842/842 840/840/840
f 842/842/842 841/841/841 843/843/843
f 843/843/843 844/844/844 842/842/842
f 844/844/844 843/843/843 845/845/845
f 845/845/845 846/846/846 844/844/844
f 846/846/846 845/845/845 847/847/847
f 847/847/847 848/848/848 846/846/846
f 848/848/848 847/847/847 849/849/849
f 849/849/849 850/850/850 848/848/848
f 850/850/850 849/849/849 851/851/851
f 851/851/851 852/852/852 850/850/850
f 852/852/852 851/851/851 853/853/853
f 853/853/853 854/854/854 852/852/852
f 857/857/857 856/856/856 855/855/855
f 855/855/855 858/858/858 857/857/857
f 855/855/855 860/860/860 859/859/859
f 859/859/859 858/858/858 855/855/855
f 859/859/859 862/862/862 861/861/861
f 861/861/861 858/858/858 859/859/859
f 861/861/861 864/864/864 863/863/863
f 863/863/863 858/858/858 861/861/861
f 863/863/863 866/866/866 865/865/865
f 865/865/865 858/858/858 863/863/863
f 865/865/865 868/868/868 867/867/867
f 867/867/867 858/858/858 865/865/865
f 867/867/867 870/870/870 869/869/869
f 869/869/869 858/858/858 867/867/867
f 869/869/869 872/872/872 871/871/871
f 871/871/871 858/858/858 869/869/869
f 871/871/871 874/874/874 873/873/873
f 873/873/873 858/858/858 871/871/871
f 873/873/873 876/876/876 875/875/875
f 875/875/875 858/858/858 873/873/873
f 875/875/875 878/878/878 877/877/877
f 877/877/877 858/858/858 875/875/875
f 877/877/877 880/880/880 879/879/879
f 879/879/879 858/858/858 877/877/877
f 879/879/879 882/882/882 881/881/881
f 881/881/881 858/858/858 879/879/879
f 881/881/881 884/884/884 883/883/883
f 883/883/883 858/858/858 881/881/881
f 883/883/883 886/886/886 885/885/885
f 885/885/885 858/858/858 883/883/883
f 885/885/885 888/888/888 887/887/887
f 887/887/887 858/858/858 885/885/885
f 887/887/887 890/890/890 889/889/889
f 889/889/889 858/858/858 887/887/887
f 889/889/889 892/892/892 891/891/891
f 891/891/891 858/858/858 889/889/889
f 891/891/891 893/893/893 858/858/858
f 893/893/893 894/894/894 858/858/858
f 894/894/894 895/895/895 858/858/858
f 895/895/895 857/857/857 858/858/858
f 897/897/897 896/896/896 854/854/854
f 854/854/854 853/853/853 897/897/897
f 698/698/698 898/898/898 896/896/896
f 896/896/896 897/897/897 698/698/698
f 900/900/900 899/899/899 898/898/898
f 898/898/898 698/698/698 900/900/900
f 782/782/782 783/783/783 899/899/899
f 899/899/899 900/900/900 782/782/782
f 903/903/903 902/902/902 901/901/901
f 901/901/901 904/904/904 903/903/903
f 904/904/904 901/901/901 905/905/905
f 905/905/905 906/906/906 904/904/904
f 906/906/906 905/905/905 907/907/907
f 907/907/907 908/908/908 906/906/906
f 908/908/908 907/907/907 909/909/909
f 909/909/909 910/910/910 908/908/908
f 910/910/910 909/909/909 911/911/911
f 911/911/911 912/912/912 910/910/910
f 912/912/912 911/911/911 913/913/913
f 913/913/913 914/914/914 912/912/912
f 914/914/914 913/913/913 915/915/915
f 915/915/915 916/916/916 914/914/914
f 916/916/916 915/915/915 917/917/917
f 917/917/917 918/918/918 916/916/916
f 918/918/918 917/917/917 919/919/919
f 919/919/919 920/920/920 918/918/918
f 920/920/920 919/919/919 921/921/921
f 921/921/921 922/922/922 920/920/920
f 922/922/922 921/921/921 923/923/923
f 923/923/923 924/924/924 922/922/922
f 924/924/924 923/923/923 925/925/925
f 925/925/925 926/926/926 924/924/924
f 926/926/926 925/925/925 927/927/927
f 927/927/927 928/928/928 926/926/926
f 928/928/928 927/927/927 929/929/929
f 929/929/929 930/930/930 928/928/928
f 930/930/930 929/929/929 931/931/931
f 931/931/931 932/932/932 930/930/930
f 932/932/932 931/931/931 933/933/933
f 933/933/933 934/934/934 932/932/932
f 934/934/934 933/933/933 935/935/935
f 935/935/935 936/936/936 934/934/934
f 936/936/936 935/935/935 937/937/937
f 937/937/937 938/938/938 936/936/936
f 938/938/938 937/937/937 939/939/939
f 939/939/939 940/940/940 938/938/938
f 940/940/940 939/939/939 941/941/941
f 941/941/941 942/942/942 940/940/940
f 942/942/942 941/941/941 943/943/943
f 943/943/943 944/944/944 942/942/942
f 944/944/944 943/943/943 945/945/945
f 945/945/945 946/946/946 944/944/944
f 946/946/946 945/945/945 947/947/947
f 947/947/947 948/948/948 946/946/946
f 948/948/948 947/947/947 949/949/949
f 949/949/949 950/950/950 948/948/948
f 950/950/950 949/949/949 951/951/951
f 951/951/951 952/952/952 950/950/950
f 952/952/952 951/951/951 953/953/953
f 953/953/953 954/954/954 952/952/952
f 954/954/954 953/953/953 955/955/955
f 955/955/955 956/956/956 954/954/954
f 956/956/956 955/955/955 957/957/957
f 957/957/957 958/958/958 956/956/956
f 958/958/958 957/957/957 959/959/959
f 959/959/959 960/960/960 958/958/958
f 960/960/960 959/959/959 961/961/961
f 961/961/961 962/962/962 960/960/960
f 962/962/962 961/961/961 963/963/963
f 963/963/963 964/964/964 962/962/962
f 964/964/964 963/963/963 965/965/965
f 965/965/965 966/966/966 964/964/964
f 966/966/966 965/965/965 967/967/967
f 967/967/967 968/968/968 966/966/966
f 968/968/968 967/967/967 969/969/969
f 969/969/969 970/970/970 968/968/968
f 970/970/970 969/969/969 971/971/971
f 971/971/971 972/972/972 970/970/970
f 972/972/972 971/971/971 973/973/973
f 973/973/973 974/974/974 972/972/972
f 977/977/977 976/976/976 975/975/975
f 975/975/975 978/978/978 977/977/977
f 975/975/975 980/980/980 979/979/979
f 979/979/979 978/978/978 975/975/975
f 979/979/979 982/982/982 981/981/981
f 981/981/981 978/978/978 979/979/979
f 981/981/981 984/984/984 983/983/983
f 983/983/983 978/978/978 981/981/981
f 983/983/983 986/986/986 985/985/985
f 985/985/985 978/978/978 983/983/983
f 985/985/985 988/988/988 987/987/987
f 987/987/987 978/978/978 985/985/985
f 987/987/987 990/990/990 989/989/989
f 989/989/989 978/978/978 987/987/987
f 989/989/989 992/992/992 991/991/991
f 991/991/991 978/978/978 989/989/989
f 991/991/991 994/994/994 993/993/993
f 993/993/993 978/978/978 991/991/991
f 993/993/993 996/996/996 995/995/995
f 995/995/995 978/978/978 993/993/993
f 995/995/995 998/998/998 997/997/997
f 997/997/997 978/978/978 995/995/995
f 997/997/997 1000/1000/1000 999/999/999
f 999/999/999 978/978/978 997/997/997
f 999/999/999 1002/1002/1002 1001/1001/1001
f 1001/1001/1001 978/978/978 999/999/999
f 1001/1001/1001 1004/1004/1004 1003/1003/1003
f 1003/1003/1003 978/978/978 1001/1001/1001
f 1003/1003/1003 1006/1006/1006 1005/1005/1005
f 1005/1005/1005 978/978/978 1003/1003/1003
f 1005/1005/1005 1008/1008/1008 1007/1007/1007
f 1007/1007/1007 978/978/978 1005/1005/1005
f 1007/1007/1007 1010/1010/1010 1009/1009/1009
f 1009/1009/1009 978/978/978 1007/1007/1007
f 1009/1009/1009 1012/1012/1012 1011/1011/1011
f 1011/1011/1011 978/978/978 1009/1009/1009
f 1011/1011/1011 1013/1013/1013 978/978/978
f 1013/1013/1013 1014/1014/1014 978/978/978
f 1014/1014/1014 1015/1015/1015 978/978/978
f 1015/1015/1015 977/977/977 978/978/978
f 1017/1017/1017 1016/1016/1016 974/974/974
f 974/974/974 973/973/973 1017/1017/1017
f 722/722/722 1018/1018/1018 1016/1016/1016
f 1016/1016/1016 1017/1017/1017 722/722/722
f 1020/1020/1020 1019/1019/1019 1018/1018/1018
f 1018/1018/1018 722/722/722 1020/1020/1020
f 902/902/902 903/903/903 1019/1019/1019
f 1019/1019/1019 1020/1020/1020 902/902/902
f 1023/1023/1023 1022/1022/1022 1021/1021/1021
f 1021/1021/1021 1024/1024/1024 1023/1023/1023
f 1024/1024/1024 1021/1021/1021 1025/1025/1025
f 1025/1025/1025 1026/1026/1026 1024/1024/1024
f 1026/1026/1026 1025/1025/1025 1027/1027/1027
f 1027/1027/1027 1028/1028/1028 1026/1026/1026
f 1028/1028/1028 1027/1027/1027 1029/1029/1029
f 1029/1029/1029 1030/1030/1030 1028/1028/1028
f 1030/1030/1030 1029/1029/1029 1031/1031/1031
f 1031/1031/1031 1032/1032/1032 1030/1030/1030
f 1032/1032/1032 1031/1031/1031 1033/1033/1033
f 1033/1033/1033 1034/1034/1034 1032/1032/1032
f 1034/1034/1034 1033/1033/1033 1035/1035/1035
f 1035/1035/1035 1036/1036/1036 1034/1034/1034
f 1036/1036/1036 1035/1035/1035 1037/1037/1037
f 1037/1037/1037 1038/1038/1038 1036/1036/1036
f 1038/1038/1038 1037/1037/1037 1039/1039/1039
f 1039/1039/1039 1040/1040/1040 1038/1038/1038
f 1040/1040/1040 1039/1039/1039 1041/1041/1041
f 1041/1041/1041 1042/1042/1042 1040/1040/1040
f 1042/1042/1042 1041/1041/1041 1043/1043/1043
f 1043/1043/1043 1044/1044/1044 1042/1042/1042
f 1044/1044/1044 1043/1043/1043 1045/1045/1045
f 1045/1045/1045 1046/1046/1046 1044/1044/1044
f 1046/1046/1046 1045/1045/1045 1047/1047/1047
f 1047/1047/1047 1048/1048/1048 1046/1046/1046
f 1048/1048/1048 1047/1047/1047 1049/1049/1049
f 1049/1049/1049 1050/1050/1050 1048/1048/1048
f 1050/1050/1050 1049/1049/1049 1051/1051/1051
f 1051/1051/1051 1052/1052/1052 1050/1050/1050
f 1052/1052/1052 1051/1051/1051 1053/1053/1053
f 1053/1053/1053 1054/1054/1054 1052/1052/1052
f 1054/1054/1054 1053/1053/1053 1055/1055/1055
f 1055/1055/1055 1056/1056/1056 1054/1054/1054
f 1056/1056/1056 1055/1055/1055 1057/1057/1057
f 1057/1057/1057 1058/1058/1058 1056/1056/1056
f 1058/1058/1058 1057/1057/1057 1059/1059/1059
f 1059/1059/1059 1060/1060/1060 1058/1058/1058
f 1060/1060/1060 1059/1059/1059 1061/1061/1061
f 1061/1061/1061 1062/1062/1062 1060/1060/1060
f 1062/1062/1062 1061/1061/1061 1063/1063/1063
f 1063/1063/1063 1064/1064/1064 1062/1062/1062
f 1064/1064/1064 1063/1063/1063 1065/1065/1065
f 1065/1065/1065 1066/1066/1066 1064/1064/1064
f 1066/1066/1066 1065/1065/1065 1067/1067/1067
f 1067/1067/1067 1068/1068/1068 1066/1066/1066
f 1068/1068/1068 1067/1067/1067 1069/1069/1069
f 1069/1069/1069 1070/1070/1070 1068/1068/1068
f 1070/1070/1070 1069/1069/1069 1071/1071/1071
f 1071/1071/1071 1072/1072/1072 1070/1070/1070
f 1072/1072/1072 1071/1071/1071 1073/1073/1073
f 1073/1073/1073 1074/1074/1074 1072/1072/1072
f 1074/1074/1074 1073/1073/1073 1075/1075/1075
f 1075/1075/1075 1076/1076/1076 1074/1074/1074
f 1076/1076/1076 1075/1075/1075 1077/1077/1077
f 1077/1077/1077 1078/1078/1078 1076/1076/1076
f 1078/1078/1078 1077/1077/1077 1079/1079/1079
f 1079/1079/1079 1080/1080/1080 1078/1078/1078
f 1080/1080/1080 1079/1079/1079 1081/1081/1081
f 1081/1081/1081 1082/1082/1082 1080/1080/1080
f 1082/1082/1082 1081/1081/1081 1083/1083/1083
f 1083/1083/1083 1084/1084/1084 1082/1082/1082
f 1084/1084/1084 1083/1083/1083 1085/1085/1085
f 1085/1085/1085 1086/1086/1086 1084/1084/1084
f 1086/1086/1086 1085/1085/1085 1087/1087/1087
f 1087/1087/1087 1088/1088/1088 1086/1086/1086
f 1088/1088/1088 1087/1087/1087 1089/1089/1089
f 1089/1089/1089 1090/1090/1090 1088/1088/1088
f 1090/1090/1090 1089/1089/1089 1091/1091/1091
f 1091/1091/1091 1092/1092/1092 1090/1090/1090
f 1092/1092/1092 1091/1091/1091 1093/1093/1093
f 1093/1093/1093 1094/1094/1094 1092/1092/1092
f 1097/1097/1097 1096/1096/1096 1095/1095/1095
f 1095/1095/1095 1098/1098/1098 1097/1097/1097
f 1095/1095/1095 1100/1100/1100 1099/1099/1099
f 1099/1099/1099 1098/1098/1098 1095/1095/1095
f 1099/1099/1099 1102/1102/1102 1101/1101/1101
f 1101/1101/1101 1098/1098/1098 1099/1099/1099
f 1101/1101/1101 1104/1104/1104 1103/1103/1103
f 1103/1103/1103 1098/1098/1098 1101/1101/1101
f 1103/1103/1103 1106/1106/1106 1105/1105/1105
f 1105/1105/1105 1098/1098/1098 1103/1103/1103
f 1105/1105/1105 1108/1108/1108 1107/1107/1107
f 1107/1107/1107 1098/1098/1098 1105/1105/1105
f 1107/1107/1107 1110/1110/1110 1109/1109/1109
f 1109/1109/1109 1098/1098/1098 1107/1107/1107
f 1109/1109/1109 1112/1112/1112 1111/1111/1111
f 1111/1111/1111 1098/1098/1098 1109/1109/1109
f 1111/1111/1111 1114/1114/1114 1113/1113/1113
f 1113/1113/1113 1098/1098/1098 1111/1111/1111
f 1113/1113/1113 1116/1116/1116 1115/1115/1115
f 1115/1115/1115 1098/1098/1098 1113/1113/1113
f 1115/1115/1115 1118/1118/1118 1117/1117/1117
f 1117/1117/1117 1098/1098/1098 1115/1115/1115
f 1117/1117/1117 1120/1120/1120 1119/1119/1119
f 1119/1119/1119 1098/1098/1098 1117/1117/1117
f 1119/1119/1119 1122/1122/1122 1121/1121/1121
f 1121/1121/1121 1098/1098/1098 1119/1119/1119
f 1121/1121/1121 1124/1124/1124 1123/1123/1123
f 1123/1123/1123 1098/1098/1098 1121/1121/1121
f 1123/1123/1123 1126/1126/1126 1125/1125/1125
f 1125/1125/1125 1098/1098/1098 1123/1123/1123
f 1125/1125/1125 1128/1128/1128 1127/1127/1127
f 1127/1127/1127 1098/1098/1098 1125/1125/1125
f 1127/1127/1127 1130/1130/1130 1129/1129/1129
f 1129/1129/1129 1098/1098/1098 1127/1127/1127
f 1129/1129/1129 1132/1132/1132 1131/1131/1131
f 1131/1131/1131 1098/1098/1098 1129/1129/1129
f 1131/1131/1131 1133/1133/1133 1098/1098/1098
f 1133/1133/1133 1134/1134/1134 1098/1098/1098
f 1134/1134/1134 1135/1135/1135 1098/1098/1098
f 1135/1135/1135 1097/1097/1097 1098/1098/1098
f 1137/1137/1137 1136/1136/1136 1094/1094/1094
f 1094/1094/1094 1093/1093/1093 1137/1137/1137
f 770/770/770 1138/1138/1138 1136/1136/1136
f 1136/1136/1136 1137/1137/1137 770/770/770
f 1140/1140/1140 1139/1139/1139 1138/1138/1138
f 1138/1138/1138 770/770/770 1140/1140/1140
f 1022/1022/1022 1023/1023/1023 1139/1139/1139
f 1139/1139/1139 1140/1140/1140 1022/1022/1022
f 1143/1143/1143 1142/1142/1142 1141/1141/1141
f 1141/1141/1141 1144/1144/1144 1143/1143/1143
f 1144/1144/1144 1141/1141/1141 1145/1145/1145
f 1145/1145/1145 1146/1146/1146 1144/1144/1144
f 1146/1146/1146 1145/1145/1145 1147/1147/1147
f 1147/1147/1147 1148/1148/1148 1146/1146/1146
f 1148/1148/1148 1147/1147/1147 1149/1149/1149
f 1149/1149/1149 1150/1150/1150 1148/1148/1148
f 1150/1150/1150 1149/1149/1149 1151/1151/1151
f 1151/1151/1151 1152/1152/1152 1150/1150/1150
f 1152/1152/1152 1151/1151/1151 1153/1153/1153
f 1153/1153/1153 1154/1154/1154 1152/1152/1152
f 1154/1154/1154 1153/1153/1153 1155/1155/1155
f 1155/1155/1155 1156/1156/1156 1154/1154/1154
f 1156/1156/1156 1155/1155/1155 1157/1157/1157
f 1157/1157/1157 1158/1158/1158 1156/1156/1156
f 1158/1158/1158 1157/1157/1157 1159/1159/1159
f 1159/1159/1159 1160/1160/1160 1158/1158/1158
f 1160/1160/1160 1159/1159/1159 1161/1161/1161
f 1161/1161/1161 1162/1162/1162 1160/1160/1160
f 1162/1162/1162 1161/1161/1161 1163/1163/1163
f 1163/1163/1163 1164/1164/1164 1162/1162/1162
f 1164/1164/1164 1163/1163/1163 1165/1165/1165
f 1165/1165/1165 1166/1166/1166 1164/1164/1164
f 1166/1166/1166 1165/1165/1165 1167/1167/1167
f 1167/1167/1167 1168/1168/1168 1166/1166/1166
f 1168/1168/1168 1167/1167/1167 1169/1169/1169
f 1169/1169/1169 1170/1170/1170 1168/1168/1168
f 1170/1170/1170 1169/1169/1169 1171/1171/1171
f 1171/1171/1171 1172/1172/1172 1170/1170/1170
f 1172/1172/1172 1171/1171/1171 1173/1173/1173
f 1173/1173/1173 1174/1174/1174 1172/1172/1172
f 1174/1174/1174 1173/1173/1173 1175/1175/1175
f 1175/1175/1175 1176/1176/1176 1174/1174/1174
f 1176/1176/1176 1175/1175/1175 1177/1177/1177
f 1177/1177/1177 1178/1178/1178 1176/1176/1176
f 1178/1178/1178 1177/1177/1177 1179/1179/1179
f 1179/1179/1179 1180/1180/1180 1178/1178/1178
f 1180/1180/1180 1179/1179/1179 1181/1181/1181
f 1181/1181/1181 1182/1182/1182 1180/1180/1180
f 1182/1182/1182 1181/1181/1181 1183/1183/1183
f 1183/1183/1183 1184/1184/1184 1182/1182/1182
f 1184/1184/1184 1183/1183/1183 1185/1185/1185
f 1185/1185/1185 1186/1186/1186 1184/1184/1184
f 1186/1186/1186 1185/1185/1185 1187/1187/1187
f 1187/1187/1187 1188/1188/1188 1186/1186/1186
f 1188/1188/1188 1187/1187/1187 1189/1189/1189
f 1189/1189/1189 1190/1190/1190 1188/1188/1188
f 1190/1190/1190 1189/1189/1189 1191/1191/1191
f 1191/1191/1191 1192/1192/1192 1190/1190/1190
f 1192/1192/1192 1191/1191/1191 1193/1193/1193
f 1193/1193/1193 1194/1194/1194 1192/1192/1192
f 1194/1194/1194 1193/1193/1193 1195/1195/1195
f 1195/1195/1195 1196/1196/1196 1194/1194/1194
f 1196/1196/1196 1195/1195/1195 1197/1197/1197
f 1197/1197/1197 1198/1198/1198 1196/1196/1196
f 1198/1198/1198 1197/1197/1197 1199/1199/1199
f 1199/1199/1199 1200/1200/1200 1198/1198/1198
f 1200/1200/1200 1199/1199/1199 1201/1201/1201
f 1201/1201/1201 1202/1202/1202 1200/1200/1200
f 1202/1202/1202 1201/1201/1201 1203/1203/1203
f 1203/1203/1203 1204/1204/1204 1202/1202/1202
f 1204/1204/1204 1203/1203/1203 1205/1205/1205
f 1205/1205/1205 1206/1206/1206 1204/1204/1204
f 1206/1206/1206 1205/1205/1205 1207/1207/1207
f 1207/1207/1207 1208/1208/1208 1206/1206/1206
f 1208/1208/1208 1207/1207/1207 1209/1209/1209
f 1209/1209/1209 1210/1210/1210 1208/1208/1208
f 1210/1210/1210 1209/1209/1209 1211/1211/1211
f 1211/1211/1211 1212/1212/1212 1210/1210/1210
f 1212/1212/1212 1211/1211/1211 1213/1213/1213
f 1213/1213/1213 1214/1214/1214 1212/1212/1212
f 1217/1217/1217 1216/1216/1216 1215/1215/1215
f 1215/1215/1215 1218/1218/1218 1217/1217/1217
f 1215/1215/1215 1220/1220/1220 1219/1219/1219
f 1219/1219/1219 1218/1218/1218 1215/1215/1215
f 1219/1219/1219 1222/1222/1222 1221/1221/1221
f 1221/1221/1221 1218/1218/1218 1219/1219/1219
f 1221/1221/1221 1224/1224/1224 1223/1223/1223
f 1223/1223/1223 1218/1218/1218 1221/1221/1221
f 1223/1223/1223 1226/1226/1226 1225/1225/1225
f 1225/1225/1225 1218/1218/1218 1223/1223/1223
f 1225/1225/1225 1228/1228/1228 1227/1227/1227
f 1227/1227/1227 1218/1218/1218 1225/1225/1225
f 1227/1227/1227 1230/1230/1230 1229/1229/1229
f 1229/1229/1229 1218/1218/1218 1227/1227/1227
f 1229/1229/1229 1232/1232/1232 1231/1231/1231
f 1231/1231/1231 1218/1218/1218 1229/1229/1229
f 1231/1231/1231 1234/1234/1234 1233/1233/1233
f 1233/1233/1233 1218/1218/1218 1231/1231/1231
f 1233/1233/1233 1236/1236/1236 1235/1235/1235
f 1235/1235/1235 1218/1218/1218 1233/1233/1233
f 1235/1235/1235 1238/1238/1238 1237/1237/1237
f 1237/1237/1237 1218/1218/1218 1235/1235/1235
f 1237/1237/1237 1240/1240/1240 1239/1239/1239
f 1239/1239/1239 1218/1218/1218 1237/1237/1237
f 1239/1239/1239 1242/1242/1242 1241/1241/1241
f 1241/1241/1241 1218/1218/1218 1239/1239/1239
f 1241/1241/1241 1244/1244/1244 1243/1243/1243
f 1243/1243/1243 1218/1218/1218 1241/1241/1241
f 1243/1243/1243 1246/1246/1246 1245/1245/1245
f 1245/1245/1245 1218/1218/1218 1243/1243/1243
f 1245/1245/1245 1248/1248/1248 1247/1247/1247
f 1247/1247/1247 1218/1218/1218 1245/1245/1245
f 1247/1247/1247 1250/1250/1250 1249/1249/1249
f 1249/1249/1249 1218/1218/1218 1247/1247/1247
f 1249/1249/1249 1252/1252/1252 1251/1251/1251
f 1251/1251/1251 1218/1218/1218 1249/1249/1249
f 1251/1251/1251 1253/1253/1253 1218/1218/1218
f 1253/1253/1253 1254/1254/1254 1218/1218/1218
f 1254/1254/1254 1255/1255/1255 1218/1218/1218
f 1255/1255/1255 1217/1217/1217 1218/1218/1218
f 1257/1257/1257 1256/1256/1256 1214/1214/1214
f 1214/1214/1214 1213/1213/1213 1257/1257/1257
f 746/746/746 1258/1258/1258 1256/1256/1256
f 1256/1256/1256 1257/1257/1257 746/746/746
f 1260/1260/1260 1259/1259/1259 1258/1258/1258
f 1258/1258/1258 746/746/746 1260/1260/1260
f 1142/1142/1142 1143/1143/1143 1259/1259/1259
f 1259/1259/1259 1260/1260/1260 1142/1142/1142
f 1262/1262/1262 1261/1261/1261 316/316/316
f 316/316/316 329/329/329 1262/1262/1262
f 1264/1264/1264 1263/1263/1263 316/316/316
f 316/316/316 1261/1261/1261 1264/1264/1264
f 1265/1265/1265 1266/1266/1266 1267/1267/1267
f 1267/1267/1267 1268/1268/1268 1265/1265/1265
f 1271/1271/1271 1270/1270/1270 1269/1269/1269
f 1269/1269/1269 1272/1272/1272 1271/1271/1271
f 1273/1273/1273 1274/1274/1274 1271/1271/1271
f 1271/1271/1271 1275/1275/1275 1273/1273/1273
f 1276/1276/1276 1277/1277/1277 1274/1274/1274
f 1274/1274/1274 1273/1273/1273 1276/1276/1276
f 1278/1278/1278 1277/1277/1277 1276/1276/1276
f 1280/1280/1280 751/751/751 1279/1279/1279
f 1279/1279/1279 1281/1281/1281 1280/1280/1280
f 1282/1282/1282 1280/1280/1280 1281/1281/1281
f 1281/1281/1281 1283/1283/1283 1282/1282/1282
f 1284/1284/1284 1282/1282/1282 1283/1283/1283
f 1283/1283/1283 1285/1285/1285 1284/1284/1284
f 1286/1286/1286 1284/1284/1284 1285/1285/1285
f 1285/1285/1285 1287/1287/1287 1286/1286/1286
f 1288/1288/1288 1286/1286/1286 1287/1287/1287
f 1287/1287/1287 1289/1289/1289 1288/1288/1288
f 1290/1290/1290 1288/1288/1288 1289/1289/1289
f 1289/1289/1289 1291/1291/1291 1290/1290/1290
f 1294/1294/1294 1293/1293/1293 1292/1292/1292
f 1292/1292/1292 763/763/763 1294/1294/1294
f 751/751/751 1296/1296/1296 1295/1295/1295
f 1295/1295/1295 1279/1279/1279 751/751/751
f 1298/1298/1298 1297/1297/1297 329/329/329
f 329/329/329 289/289/289 1298/1298/1298
f 1299/1299/1299 1262/1262/1262 329/329/329
f 329/329/329 1297/1297/1297 1299/1299/1299
f 1300/1300/1300 1301/1301/1301 1302/1302/1302
f 1302/1302/1302 1303/1303/1303 1300/1300/1300
f 1306/1306/1306 1305/1305/1305 1304/1304/1304
f 1304/1304/1304 1307/1307/1307 1306/1306/1306
f 1308/1308/1308 1309/1309/1309 1306/1306/1306
f 1306/1306/1306 1310/1310/1310 1308/1308/1308
f 1311/1311/1311 1312/1312/1312 1309/1309/1309
f 1309/1309/1309 1308/1308/1308 1311/1311/1311
f 1313/1313/1313 1312/1312/1312 1311/1311/1311
f 1315/1315/1315 775/775/775 1314/1314/1314
f 1314/1314/1314 1316/1316/1316 1315/1315/1315
f 1317/1317/1317 1315/1315/1315 1316/1316/1316
f 1316/1316/1316 1318/1318/1318 1317/1317/1317
f 1319/1319/1319 1317/1317/1317 1318/1318/1318
f 1318/1318/1318 1320/1320/1320 1319/1319/1319
f 1321/1321/1321 1319/1319/1319 1320/1320/1320
f 1320/1320/1320 1322/1322/1322 1321/1321/1321
f 1323/1323/1323 1321/1321/1321 1322/1322/1322
f 1322/1322/1322 1324/1324/1324 1323/1323/1323
f 1325/1325/1325 1323/1323/1323 1324/1324/1324
f 1324/1324/1324 1326/1326/1326 1325/1325/1325
f 1329/1329/1329 1328/1328/1328 1327/1327/1327
f 1327/1327/1327 691/691/691 1329/1329/1329
f 775/775/775 1331/1331/1331 1330/1330/1330
f 1330/1330/1330 1314/1314/1314 775/775/775
f 1333/1333/1333 1332/1332/1332 289/289/289
f 289/289/289 303/303/303 1333/1333/1333
f 1334/1334/1334 1298/1298/1298 289/289/289
f 289/289/289 1332/1332/1332 1334/1334/1334
f 1335/1335/1335 1336/1336/1336 1337/1337/1337
f 1337/1337/1337 1338/1338/1338 1335/1335/1335
f 1341/1341/1341 1340/1340/1340 1339/1339/1339
f 1339/1339/1339 1342/1342/1342 1341/1341/1341
f 1343/1343/1343 1344/1344/1344 1341/1341/1341
f 1341/1341/1341 1345/1345/1345 1343/1343/1343
f 1346/1346/1346 1347/1347/1347 1344/1344/1344
f 1344/1344/1344 1343/1343/1343 1346/1346/1346
f 1348/1348/1348 1347/1347/1347 1346/1346/1346
f 1350/1350/1350 703/703/703 1349/1349/1349
f 1349/1349/1349 1351/1351/1351 1350/1350/1350
f 1352/1352/1352 1350/1350/1350 1351/1351/1351
f 1351/1351/1351 1353/1353/1353 1352/1352/1352
f 1354/1354/1354 1352/1352/1352 1353/1353/1353
f 1353/1353/1353 1355/1355/1355 1354/1354/1354
f 1356/1356/1356 1354/1354/1354 1355/1355/1355
f 1355/1355/1355 1357/1357/1357 1356/1356/1356
f 1358/1358/1358 1356/1356/1356 1357/1357/1357
f 1357/1357/1357 1359/1359/1359 1358/1358/1358
f 1360/1360/1360 1358/1358/1358 1359/1359/1359
f 1359/1359/1359 1361/1361/1361 1360/1360/1360
f 1364/1364/1364 1363/1363/1363 1362/1362/1362
f 1362/1362/1362 715/715/715 1364/1364/1364
f 703/703/703 1366/1366/1366 1365/1365/1365
f 1365/1365/1365 1349/1349/1349 703/703/703
f 1263/1263/1263 1367/1367/1367 303/303/303
f 303/303/303 316/316/316 1263/1263/1263
f 1368/1368/1368 1333/1333/1333 303/303/303
f 303/303/303 1367/1367/1367 1368/1368/1368
f 1369/1369/1369 1370/1370/1370 1371/1371/1371
f 1371/1371/1371 1372/1372/1372 1369/1369/1369
f 1375/1375/1375 1374/1374/1374 1373/1373/1373
f 1373/1373/1373 1376/1376/1376 1375/1375/1375
f 1377/1377/1377 1378/1378/1378 1375/1375/1375
f 1375/1375/1375 1379/1379/1379 1377/1377/1377
f 1380/1380/1380 1381/1381/1381 1378/1378/1378
f 1378/1378/1378 1377/1377/1377 1380/1380/1380
f 1382/1382/1382 1381/1381/1381 1380/1380/1380
f 1384/1384/1384 727/727/727 1383/1383/1383
f 1383/1383/1383 1385/1385/1385 1384/1384/1384
f 1386/1386/1386 1384/1384/1384 1385/1385/1385
f 1385/1385/1385 1387/1387/1387 1386/1386/1386
f 1388/1388/1388 1386/1386/1386 1387/1387/1387
f 1387/1387/1387 1389/1389/1389 1388/1388/1388
f 1390/1390/1390 1388/1388/1388 1389/1389/1389
f 1389/1389/1389 1391/1391/1391 1390/1390/1390
f 1392/1392/1392 1390/1390/1390 1391/1391/1391
f 1391/1391/1391 1393/1393/1393 1392/1392/1392
f 1394/1394/1394 1392/1392/1392 1393/1393/1393
f 1393/1393/1393 1395/1395/1395 1394/1394/1394
f 1398/1398/1398 1397/1397/1397 1396/1396/1396
f 1396/1396/1396 739/739/739 1398/1398/1398
f 727/727/727 1400/1400/1400 1399/1399/1399
f 1399/1399/1399 1383/1383/1383 727/727/727
