mtllib slope_33_3*2_magenta.mtl
v 8 19.21702 -5.94839
v 8 20.00002 -5.999989
v 24 20.00002 -5.999989
v 24 19.21702 -5.94839
v 8 18.44722 -5.795391
v 24 18.44722 -5.795391
v 8 17.70382 -5.543391
v 24 17.70382 -5.543391
v 8 17.00002 -5.195992
v 24 17.00002 -5.195992
v 8 16.34722 -4.760392
v 24 16.34722 -4.760392
v 8 15.75742 -4.242593
v 24 15.75742 -4.242593
v 8 15.23962 -3.652794
v 24 15.23962 -3.652794
v 8 14.80402 -2.999994
v 24 14.80402 -2.999994
v 8 14.45662 -2.296195
v 24 14.45662 -2.296195
v 8 14.20462 -1.552795
v 24 14.20462 -1.552795
v 8 14.05162 -0.7829949
v 24 14.05162 -0.7829949
v 8 14.00002 5.038618E-06
v 24 14.00002 5.038618E-06
v 8 14.05162 0.7830051
v 24 14.05162 0.7830051
v 8 14.20462 1.552805
v 24 14.20462 1.552805
v 8 14.45661 2.296206
v 24 14.45661 2.296206
v 8 14.80401 3.000006
v 24 14.80401 3.000006
v 8 15.23961 3.652807
v 24 15.23961 3.652807
v 8 15.75741 4.242607
v 24 15.75741 4.242607
v 8 16.34721 4.760407
v 24 16.34721 4.760407
v 8 17.00001 5.196008
v 24 17.00001 5.196008
v 8 17.70381 5.543409
v 24 17.70381 5.543409
v 8 18.44721 5.79541
v 24 18.44721 5.79541
v 8 19.21701 5.948411
v 24 19.21701 5.948411
v 8 20.00001 6.000011
v 24 20.00001 6.000011
v 8 20.78301 5.948412
v 24 20.78301 5.948412
v 8 21.55281 5.795413
v 24 21.55281 5.795413
v 8 22.29621 5.543414
v 24 22.29621 5.543414
v 8 23.00001 5.196014
v 24 23.00001 5.196014
v 8 23.65281 4.760415
v 24 23.65281 4.760415
v 8 24.24261 4.242616
v 24 24.24261 4.242616
v 8 24.76041 3.652816
v 24 24.76041 3.652816
v 8 25.19601 3.000017
v 24 25.19601 3.000017
v 8 25.54342 2.296217
v 24 25.54342 2.296217
v 8 25.79542 1.552817
v 24 25.79542 1.552817
v 8 25.94842 0.7830175
v 24 25.94842 0.7830175
v 8 26.00002 1.753178E-05
v 24 26.00002 1.753178E-05
v 8 25.94842 -0.7829825
v 24 25.94842 -0.7829825
v 8 25.79542 -1.552783
v 24 25.79542 -1.552783
v 8 25.54342 -2.296183
v 24 25.54342 -2.296183
v 8 25.19602 -2.999983
v 24 25.19602 -2.999983
v 8 24.76042 -3.652784
v 24 24.76042 -3.652784
v 8 24.24262 -4.242584
v 24 24.24262 -4.242584
v 8 23.65282 -4.760385
v 24 23.65282 -4.760385
v 8 23.00002 -5.195986
v 24 23.00002 -5.195986
v 8 22.29622 -5.543386
v 24 22.29622 -5.543386
v 8 21.55282 -5.795387
v 24 21.55282 -5.795387
v 8 20.78302 -5.948388
v 24 20.78302 -5.948388
v 8 18.95603 -7.93119
v 8 20.00002 -7.999989
v 24 20.00002 -7.999989
v 24 18.95603 -7.93119
v 8 17.92962 -7.727191
v 24 17.92962 -7.727191
v 8 16.93843 -7.391192
v 24 16.93843 -7.391192
v 8 16.00002 -6.927993
v 24 16.00002 -6.927993
v 8 15.12962 -6.347194
v 24 15.12962 -6.347194
v 8 14.34322 -5.656795
v 24 14.34322 -5.656795
v 8 13.65282 -4.870395
v 24 13.65282 -4.870395
v 8 13.07202 -3.999996
v 24 13.07202 -3.999996
v 8 12.60882 -3.061596
v 24 12.60882 -3.061596
v 8 12.27282 -2.070397
v 24 12.27282 -2.070397
v 8 12.06882 -1.043997
v 24 12.06882 -1.043997
v 8 12.00002 2.956423E-06
v 24 12.00002 2.956423E-06
v 8 12.06882 1.044003
v 24 12.06882 1.044003
v 8 12.27281 2.070403
v 24 12.27281 2.070403
v 8 12.60881 3.061604
v 24 12.60881 3.061604
v 8 13.07201 4.000004
v 24 13.07201 4.000004
v 8 13.65281 4.870405
v 24 13.65281 4.870405
v 8 14.34321 5.656805
v 24 14.34321 5.656805
v 8 15.12961 6.347206
v 24 15.12961 6.347206
v 8 16.00001 6.928007
v 24 16.00001 6.928007
v 8 16.93841 7.391208
v 24 16.93841 7.391208
v 8 17.92961 7.727209
v 24 17.92961 7.727209
v 8 18.95601 7.93121
v 24 18.95601 7.93121
v 8 20.00001 8.000011
v 24 20.00001 8.000011
v 8 21.04401 7.931212
v 24 21.04401 7.931212
v 8 22.07041 7.727213
v 24 22.07041 7.727213
v 8 23.06161 7.391214
v 24 23.06161 7.391214
v 8 24.00001 6.928015
v 24 24.00001 6.928015
v 8 24.87041 6.347216
v 24 24.87041 6.347216
v 8 25.65681 5.656817
v 24 25.65681 5.656817
v 8 26.34721 4.870418
v 24 26.34721 4.870418
v 8 26.92801 4.000019
v 24 26.92801 4.000019
v 8 27.39121 3.061619
v 24 27.39121 3.061619
v 8 27.72721 2.070419
v 24 27.72721 2.070419
v 8 27.93122 1.04402
v 24 27.93122 1.04402
v 8 28.00002 1.961398E-05
v 24 28.00002 1.961398E-05
v 8 27.93122 -1.04398
v 24 27.93122 -1.04398
v 8 27.72722 -2.070381
v 24 27.72722 -2.070381
v 8 27.39122 -3.061581
v 24 27.39122 -3.061581
v 8 26.92802 -3.999981
v 24 26.92802 -3.999981
v 8 26.34722 -4.870382
v 24 26.34722 -4.870382
v 8 25.65682 -5.656783
v 24 25.65682 -5.656783
v 8 24.87042 -6.347184
v 24 24.87042 -6.347184
v 8 24.00002 -6.927985
v 24 24.00002 -6.927985
v 8 23.06162 -7.391186
v 24 23.06162 -7.391186
v 8 22.07043 -7.727187
v 24 22.07043 -7.727187
v 8 21.04403 -7.931188
v 24 21.04403 -7.931188
v 24 20.00002 -5.999989
v 24 19.21702 -5.94839
v 24 18.95603 -7.93119
v 24 20.00002 -7.999989
v 24 18.44722 -5.795391
v 24 17.92962 -7.727191
v 24 17.70382 -5.543391
v 24 16.93843 -7.391192
v 24 17.00002 -5.195992
v 24 16.00002 -6.927993
v 24 16.34722 -4.760392
v 24 15.12962 -6.347194
v 24 15.75742 -4.242593
v 24 14.34322 -5.656795
v 24 15.23962 -3.652794
v 24 13.65282 -4.870395
v 24 14.80402 -2.999994
v 24 13.07202 -3.999996
v 24 14.45662 -2.296195
v 24 12.60882 -3.061596
v 24 14.20462 -1.552795
v 24 12.27282 -2.070397
v 24 14.05162 -0.7829949
v 24 12.06882 -1.043997
v 24 14.00002 5.038618E-06
v 24 12.00002 2.956423E-06
v 24 14.05162 0.7830051
v 24 12.06882 1.044003
v 24 14.20462 1.552805
v 24 12.27281 2.070403
v 24 14.45661 2.296206
v 24 12.60881 3.061604
v 24 14.80401 3.000006
v 24 13.07201 4.000004
v 24 15.23961 3.652807
v 24 13.65281 4.870405
v 24 15.75741 4.242607
v 24 14.34321 5.656805
v 24 16.34721 4.760407
v 24 15.12961 6.347206
v 24 17.00001 5.196008
v 24 16.00001 6.928007
v 24 17.70381 5.543409
v 24 16.93841 7.391208
v 24 18.44721 5.79541
v 24 17.92961 7.727209
v 24 19.21701 5.948411
v 24 18.95601 7.93121
v 24 20.00001 6.000011
v 24 20.00001 8.000011
v 24 20.78301 5.948412
v 24 21.04401 7.931212
v 24 21.55281 5.795413
v 24 22.07041 7.727213
v 24 22.29621 5.543414
v 24 23.06161 7.391214
v 24 23.00001 5.196014
v 24 24.00001 6.928015
v 24 23.65281 4.760415
v 24 24.87041 6.347216
v 24 24.24261 4.242616
v 24 25.65681 5.656817
v 24 24.76041 3.652816
v 24 26.34721 4.870418
v 24 25.19601 3.000017
v 24 26.92801 4.000019
v 24 25.54342 2.296217
v 24 27.39121 3.061619
v 24 25.79542 1.552817
v 24 27.72721 2.070419
v 24 25.94842 0.7830175
v 24 27.93122 1.04402
v 24 26.00002 1.753178E-05
v 24 28.00002 1.961398E-05
v 24 25.94842 -0.7829825
v 24 27.93122 -1.04398
v 24 25.79542 -1.552783
v 24 27.72722 -2.070381
v 24 25.54342 -2.296183
v 24 27.39122 -3.061581
v 24 25.19602 -2.999983
v 24 26.92802 -3.999981
v 24 24.76042 -3.652784
v 24 26.34722 -4.870382
v 24 24.24262 -4.242584
v 24 25.65682 -5.656783
v 24 23.65282 -4.760385
v 24 24.87042 -6.347184
v 24 23.00002 -5.195986
v 24 24.00002 -6.927985
v 24 22.29622 -5.543386
v 24 23.06162 -7.391186
v 24 21.55282 -5.795387
v 24 22.07043 -7.727187
v 24 20.78302 -5.948388
v 24 21.04403 -7.931188
v 7.9656 27.93122 -1.04398
v 7.8636 27.72722 -2.070381
v 7.6956 27.39122 -3.061581
v 7.464 26.92802 -3.999981
v 7.1736 26.34722 -4.870382
v 6.8284 25.65682 -5.656783
v 6.4352 24.87042 -6.347184
v 6 24.00002 -6.927985
v 5.5308 23.06162 -7.391186
v 5.0352 22.07043 -7.727187
v 4.522 21.04403 -7.931188
v 4 20.00002 -7.999989
v 7.9656 27.93122 1.04402
v 7.8636 27.72721 2.070419
v 7.6956 27.39121 3.061619
v 7.464 26.92801 4.000019
v 7.1736 26.34721 4.870418
v 6.8284 25.65681 5.656817
v 6.4352 24.87041 6.347216
v 6 24.00001 6.928015
v 5.5308 23.06161 7.391214
v 5.0352 22.07041 7.727213
v 4.522 21.04401 7.931212
v 4 20.00001 8.000011
v 4 18.95603 -7.93119
v 4 17.92962 -7.727191
v 4 16.93843 -7.391192
v 4 16.00002 -6.927993
v 4 15.12962 -6.347194
v 4 14.34322 -5.656795
v 4 13.65282 -4.870395
v 4 13.07202 -3.999996
v 4 12.60882 -3.061596
v 4 12.27282 -2.070397
v 4 12.06882 -1.043997
v 4 12.00002 2.956423E-06
v 4 12.06882 1.044003
v 4 12.27281 2.070403
v 4 12.60881 3.061604
v 4 13.07201 4.000004
v 4 13.65281 4.870405
v 4 14.34321 5.656805
v 4 15.12961 6.347206
v 4 16.00001 6.928007
v 4 16.93841 7.391208
v 4 17.92961 7.727209
v 4 18.95601 7.93121
v 7 25.94842 -0.7829825
v 6.9742 25.94842 -0.7829825
v 7 26.00002 1.753178E-05
v 7 25.79542 -1.552783
v 6.8977 25.79542 -1.552783
v 7 25.54342 -2.296183
v 6.7717 25.54342 -2.296183
v 7 25.19602 -2.999983
v 6.598 25.19602 -2.999983
v 7 24.76042 -3.652784
v 6.3802 24.76042 -3.652784
v 7 24.24262 -4.242584
v 6.1213 24.24262 -4.242584
v 7 23.65282 -4.760385
v 5.8264 23.65282 -4.760385
v 7 23.00002 -5.195986
v 5.5 23.00002 -5.195986
v 7 22.29622 -5.543386
v 5.1481 22.29622 -5.543386
v 7 21.55282 -5.795387
v 4.7764 21.55282 -5.795387
v 7 20.78302 -5.948388
v 4.3915 20.78302 -5.948388
v 7 20.00002 -5.999989
v 4 20.00002 -5.999989
v 7 25.94842 0.7830175
v 6.9742 25.94842 0.7830175
v 7 25.79542 1.552817
v 6.8977 25.79542 1.552817
v 7 25.54342 2.296217
v 6.7717 25.54342 2.296217
v 7 25.19601 3.000017
v 6.598 25.19601 3.000017
v 7 24.76041 3.652816
v 6.3802 24.76041 3.652816
v 7 24.24261 4.242616
v 6.1213 24.24261 4.242616
v 7 23.65281 4.760415
v 5.8264 23.65281 4.760415
v 7 23.00001 5.196014
v 5.5 23.00001 5.196014
v 7 22.29621 5.543414
v 5.1481 22.29621 5.543414
v 7 21.55281 5.795413
v 4.7764 21.55281 5.795413
v 7 20.78301 5.948412
v 4.3915 20.78301 5.948412
v 7 20.00001 6.000011
v 4 20.00001 6.000011
v 7 19.21702 -5.94839
v 4 19.21702 -5.94839
v 7 18.44722 -5.795391
v 4 18.44722 -5.795391
v 7 17.70382 -5.543391
v 4 17.70382 -5.543391
v 7 17.00002 -5.195992
v 4 17.00002 -5.195992
v 7 16.34722 -4.760392
v 4 16.34722 -4.760392
v 7 15.75742 -4.242593
v 4 15.75742 -4.242593
v 7 15.23962 -3.652794
v 4 15.23962 -3.652794
v 7 14.80402 -2.999994
v 4 14.80402 -2.999994
v 7 14.45662 -2.296195
v 4 14.45662 -2.296195
v 7 14.20462 -1.552795
v 4 14.20462 -1.552795
v 7 14.05162 -0.7829949
v 4 14.05162 -0.7829949
v 7 14.00002 5.038618E-06
v 4 14.00002 5.038618E-06
v 7 14.05162 0.7830051
v 4 14.05162 0.7830051
v 7 14.20462 1.552805
v 4 14.20462 1.552805
v 7 14.45661 2.296206
v 4 14.45661 2.296206
v 7 14.80401 3.000006
v 4 14.80401 3.000006
v 7 15.23961 3.652807
v 4 15.23961 3.652807
v 7 15.75741 4.242607
v 4 15.75741 4.242607
v 7 16.34721 4.760407
v 4 16.34721 4.760407
v 7 17.00001 5.196008
v 4 17.00001 5.196008
v 7 17.70381 5.543409
v 4 17.70381 5.543409
v 7 18.44721 5.79541
v 4 18.44721 5.79541
v 7 19.21701 5.948411
v 4 19.21701 5.948411
v 18 39.21702 -5.948369
v 18 40.00002 -5.999968
v 24 40.00002 -5.999968
v 24 39.21702 -5.948369
v 18 38.44722 -5.79537
v 24 38.44722 -5.79537
v 18 37.70382 -5.54337
v 24 37.70382 -5.54337
v 18 37.00002 -5.195971
v 24 37.00002 -5.195971
v 18 36.34722 -4.760372
v 24 36.34722 -4.760372
v 18 35.75742 -4.242572
v 24 35.75742 -4.242572
v 18 35.23962 -3.652773
v 24 35.23962 -3.652773
v 18 34.80402 -2.999973
v 24 34.80402 -2.999973
v 18 34.45662 -2.296174
v 24 34.45662 -2.296174
v 18 34.20462 -1.552774
v 24 34.20462 -1.552774
v 18 34.05162 -0.7829741
v 24 34.05162 -0.7829741
v 18 34.00002 2.586056E-05
v 24 34.00002 2.586056E-05
v 18 34.05162 0.7830259
v 24 34.05162 0.7830259
v 18 34.20462 1.552826
v 24 34.20462 1.552826
v 18 34.45662 2.296226
v 24 34.45662 2.296226
v 18 34.80402 3.000027
v 24 34.80402 3.000027
v 18 35.23962 3.652827
v 24 35.23962 3.652827
v 18 35.75741 4.242628
v 24 35.75741 4.242628
v 18 36.34721 4.760428
v 24 36.34721 4.760428
v 18 37.00001 5.196029
v 24 37.00001 5.196029
v 18 37.70381 5.543429
v 24 37.70381 5.543429
v 18 38.44721 5.795431
v 24 38.44721 5.795431
v 18 39.21701 5.948431
v 24 39.21701 5.948431
v 18 40.00001 6.000032
v 24 40.00001 6.000032
v 18 40.78301 5.948433
v 24 40.78301 5.948433
v 18 41.55281 5.795434
v 24 41.55281 5.795434
v 18 42.29621 5.543434
v 24 42.29621 5.543434
v 18 43.00001 5.196035
v 24 43.00001 5.196035
v 18 43.65281 4.760436
v 24 43.65281 4.760436
v 18 44.24261 4.242637
v 24 44.24261 4.242637
v 18 44.76041 3.652837
v 24 44.76041 3.652837
v 18 45.19601 3.000037
v 24 45.19601 3.000037
v 18 45.54342 2.296238
v 24 45.54342 2.296238
v 18 45.79541 1.552838
v 24 45.79541 1.552838
v 18 45.94841 0.7830383
v 24 45.94841 0.7830383
v 18 46.00002 3.835373E-05
v 24 46.00002 3.835373E-05
v 18 45.94842 -0.7829617
v 24 45.94842 -0.7829617
v 18 45.79542 -1.552762
v 24 45.79542 -1.552762
v 18 45.54342 -2.296162
v 24 45.54342 -2.296162
v 18 45.19602 -2.999963
v 24 45.19602 -2.999963
v 18 44.76042 -3.652763
v 24 44.76042 -3.652763
v 18 44.24262 -4.242563
v 24 44.24262 -4.242563
v 18 43.65282 -4.760364
v 24 43.65282 -4.760364
v 18 43.00002 -5.195965
v 24 43.00002 -5.195965
v 18 42.29622 -5.543365
v 24 42.29622 -5.543365
v 18 41.55282 -5.795366
v 24 41.55282 -5.795366
v 18 40.78302 -5.948367
v 24 40.78302 -5.948367
v 18 38.95602 -7.931169
v 18 40.00003 -7.999968
v 24 40.00003 -7.999968
v 24 38.95602 -7.931169
v 18 37.92963 -7.72717
v 24 37.92963 -7.72717
v 18 36.93843 -7.391171
v 24 36.93843 -7.391171
v 18 36.00002 -6.927972
v 24 36.00002 -6.927972
v 18 35.12962 -6.347173
v 24 35.12962 -6.347173
v 18 34.34322 -5.656774
v 24 34.34322 -5.656774
v 18 33.65282 -4.870375
v 24 33.65282 -4.870375
v 18 33.07202 -3.999975
v 24 33.07202 -3.999975
v 18 32.60882 -3.061576
v 24 32.60882 -3.061576
v 18 32.27282 -2.070376
v 24 32.27282 -2.070376
v 18 32.06882 -1.043976
v 24 32.06882 -1.043976
v 18 32.00002 2.377837E-05
v 24 32.00002 2.377837E-05
v 18 32.06882 1.044024
v 24 32.06882 1.044024
v 18 32.27282 2.070424
v 24 32.27282 2.070424
v 18 32.60881 3.061624
v 24 32.60881 3.061624
v 18 33.07201 4.000025
v 24 33.07201 4.000025
v 18 33.65281 4.870425
v 24 33.65281 4.870425
v 18 34.34321 5.656826
v 24 34.34321 5.656826
v 18 35.12961 6.347227
v 24 35.12961 6.347227
v 18 36.00001 6.928028
v 24 36.00001 6.928028
v 18 36.93841 7.391229
v 24 36.93841 7.391229
v 18 37.92961 7.72723
v 24 37.92961 7.72723
v 18 38.95601 7.931231
v 24 38.95601 7.931231
v 18 40.00001 8.000032
v 24 40.00001 8.000032
v 18 41.04401 7.931233
v 24 41.04401 7.931233
v 18 42.07041 7.727234
v 24 42.07041 7.727234
v 18 43.06161 7.391235
v 24 43.06161 7.391235
v 18 44.00001 6.928036
v 24 44.00001 6.928036
v 18 44.87041 6.347237
v 24 44.87041 6.347237
v 18 45.65681 5.656838
v 24 45.65681 5.656838
v 18 46.34721 4.870439
v 24 46.34721 4.870439
v 18 46.92801 4.000039
v 24 46.92801 4.000039
v 18 47.39122 3.06164
v 24 47.39122 3.06164
v 18 47.72721 2.07044
v 24 47.72721 2.07044
v 18 47.93121 1.04404
v 24 47.93121 1.04404
v 18 48.00002 4.043592E-05
v 24 48.00002 4.043592E-05
v 18 47.93122 -1.04396
v 24 47.93122 -1.04396
v 18 47.72722 -2.07036
v 24 47.72722 -2.07036
v 18 47.39122 -3.06156
v 24 47.39122 -3.06156
v 18 46.92802 -3.999961
v 24 46.92802 -3.999961
v 18 46.34722 -4.870361
v 24 46.34722 -4.870361
v 18 45.65682 -5.656762
v 24 45.65682 -5.656762
v 18 44.87042 -6.347163
v 24 44.87042 -6.347163
v 18 44.00002 -6.927964
v 24 44.00002 -6.927964
v 18 43.06163 -7.391165
v 24 43.06163 -7.391165
v 18 42.07043 -7.727166
v 24 42.07043 -7.727166
v 18 41.04403 -7.931167
v 24 41.04403 -7.931167
v 24 40.00002 -5.999968
v 24 39.21702 -5.948369
v 24 38.95602 -7.931169
v 24 40.00003 -7.999968
v 24 38.44722 -5.79537
v 24 37.92963 -7.72717
v 24 37.70382 -5.54337
v 24 36.93843 -7.391171
v 24 37.00002 -5.195971
v 24 36.00002 -6.927972
v 24 36.34722 -4.760372
v 24 35.12962 -6.347173
v 24 35.75742 -4.242572
v 24 34.34322 -5.656774
v 24 35.23962 -3.652773
v 24 33.65282 -4.870375
v 24 34.80402 -2.999973
v 24 33.07202 -3.999975
v 24 34.45662 -2.296174
v 24 32.60882 -3.061576
v 24 34.20462 -1.552774
v 24 32.27282 -2.070376
v 24 34.05162 -0.7829741
v 24 32.06882 -1.043976
v 24 34.00002 2.586056E-05
v 24 32.00002 2.377837E-05
v 24 34.05162 0.7830259
v 24 32.06882 1.044024
v 24 34.20462 1.552826
v 24 32.27282 2.070424
v 24 34.45662 2.296226
v 24 32.60881 3.061624
v 24 34.80402 3.000027
v 24 33.07201 4.000025
v 24 35.23962 3.652827
v 24 33.65281 4.870425
v 24 35.75741 4.242628
v 24 34.34321 5.656826
v 24 36.34721 4.760428
v 24 35.12961 6.347227
v 24 37.00001 5.196029
v 24 36.00001 6.928028
v 24 37.70381 5.543429
v 24 36.93841 7.391229
v 24 38.44721 5.795431
v 24 37.92961 7.72723
v 24 39.21701 5.948431
v 24 38.95601 7.931231
v 24 40.00001 6.000032
v 24 40.00001 8.000032
v 24 40.78301 5.948433
v 24 41.04401 7.931233
v 24 41.55281 5.795434
v 24 42.07041 7.727234
v 24 42.29621 5.543434
v 24 43.06161 7.391235
v 24 43.00001 5.196035
v 24 44.00001 6.928036
v 24 43.65281 4.760436
v 24 44.87041 6.347237
v 24 44.24261 4.242637
v 24 45.65681 5.656838
v 24 44.76041 3.652837
v 24 46.34721 4.870439
v 24 45.19601 3.000037
v 24 46.92801 4.000039
v 24 45.54342 2.296238
v 24 47.39122 3.06164
v 24 45.79541 1.552838
v 24 47.72721 2.07044
v 24 45.94841 0.7830383
v 24 47.93121 1.04404
v 24 46.00002 3.835373E-05
v 24 48.00002 4.043592E-05
v 24 45.94842 -0.7829617
v 24 47.93122 -1.04396
v 24 45.79542 -1.552762
v 24 47.72722 -2.07036
v 24 45.54342 -2.296162
v 24 47.39122 -3.06156
v 24 45.19602 -2.999963
v 24 46.92802 -3.999961
v 24 44.76042 -3.652763
v 24 46.34722 -4.870361
v 24 44.24262 -4.242563
v 24 45.65682 -5.656762
v 24 43.65282 -4.760364
v 24 44.87042 -6.347163
v 24 43.00002 -5.195965
v 24 44.00002 -6.927964
v 24 42.29622 -5.543365
v 24 43.06163 -7.391165
v 24 41.55282 -5.795366
v 24 42.07043 -7.727166
v 24 40.78302 -5.948367
v 24 41.04403 -7.931167
v 18 47.93154 -1.0442
v 17.96576 47.93154 -1.0442
v 18 47.72742 -2.070512
v 17.8637 47.72742 -2.070512
v 18 47.39106 -3.061428
v 17.69552 47.39106 -3.061428
v 17.4641 46.92823 -3.999961
v 17.17341 46.34685 -4.870053
v 16.82843 45.65688 -5.656816
v 16.43505 44.87011 -6.34679
v 16 44.00002 -6.928167
v 18 43.06149 -7.391001
v 15.53073 43.06149 -7.391001
v 18 42.07058 -7.727372
v 15.03528 42.07058 -7.727372
v 18 41.04424 -7.931526
v 14.5221 41.04424 -7.931526
v 14 40.00003 -7.999968
v 18 38.95581 -7.931528
v 13.4779 38.95581 -7.931528
v 18 37.92947 -7.727376
v 12.96472 37.92947 -7.727376
v 18 36.93856 -7.391007
v 12.46926 36.93856 -7.391007
v 12 36.00002 -6.928175
v 11.56496 35.12993 -6.346799
v 11.17157 34.34317 -5.656828
v 10.82659 33.65319 -4.870066
v 10.5359 33.07182 -3.999976
v 18 32.60898 -3.061442
v 10.30448 32.60898 -3.061442
v 18 32.27261 -2.070527
v 10.1363 32.27261 -2.070527
v 18 32.06846 -1.044185
v 10.03422 32.06846 -1.044185
v 10 32.00002 2.447775E-05
v 18 32.06846 1.044234
v 10.03422 32.06846 1.044234
v 18 32.27261 2.070577
v 10.1363 32.27261 2.070577
v 18 32.60898 3.061491
v 10.30448 32.60898 3.061491
v 10.5359 33.07181 4.000026
v 10.82659 33.65319 4.870118
v 11.17157 34.34316 5.656881
v 11.56495 35.12992 6.346854
v 12 36.00001 6.928231
v 18 36.93855 7.391067
v 12.46927 36.93855 7.391067
v 18 37.92945 7.727437
v 12.96472 37.92945 7.727437
v 18 38.9558 7.93159
v 13.4779 38.9558 7.93159
v 14 40.00001 8.000032
v 18 41.04422 7.931592
v 14.52211 41.04422 7.931592
v 18 42.07056 7.727441
v 15.03528 42.07056 7.727441
v 18 43.06148 7.39107
v 15.53073 43.06148 7.39107
v 16 44.00001 6.928239
v 16.43505 44.8701 6.346864
v 16.82843 45.65687 5.65689
v 17.17341 46.34684 4.87013
v 17.4641 46.92822 4.000038
v 18 47.39105 3.061507
v 17.69552 47.39105 3.061507
v 18 47.72742 2.07059
v 17.8637 47.72742 2.07059
v 18 47.93158 1.04425
v 17.96578 47.93158 1.04425
v 17 45.94866 -0.7831417
v 16.97432 45.94866 -0.7831417
v 17 46.00002 3.835373E-05
v 17 45.79557 -1.552876
v 16.89778 45.79557 -1.552876
v 17 45.5433 -2.296063
v 16.77164 45.5433 -2.296063
v 17 45.19617 -2.999963
v 16.59808 45.19617 -2.999963
v 17 44.76014 -3.652532
v 16.38006 44.76014 -3.652532
v 17 44.24266 -4.242604
v 16.12132 44.24266 -4.242604
v 17 43.65259 -4.760085
v 15.82628 43.65259 -4.760085
v 17 43.00002 -5.196117
v 15.5 43.00002 -5.196117
v 17 42.29612 -5.543242
v 15.14805 42.29612 -5.543242
v 17 41.55294 -5.795521
v 14.77646 41.55294 -5.795521
v 17 40.78318 -5.948637
v 14.39158 40.78318 -5.948637
v 17 40.00002 -5.999968
v 14 40.00002 -5.999968
v 17 39.21687 -5.948638
v 13.60842 39.21687 -5.948638
v 17 38.44711 -5.795525
v 13.22354 38.44711 -5.795525
v 17 37.70392 -5.543247
v 12.85195 37.70392 -5.543247
v 17 37.00002 -5.196123
v 12.5 37.00002 -5.196123
v 17 36.34745 -4.760092
v 12.17372 36.34745 -4.760092
v 17 35.75738 -4.242613
v 11.87868 35.75738 -4.242613
v 17 35.2399 -3.652541
v 11.61994 35.2399 -3.652541
v 17 34.80387 -2.999974
v 11.40193 34.80387 -2.999974
v 17 34.45674 -2.296074
v 11.22836 34.45674 -2.296074
v 17 34.20446 -1.552887
v 11.10222 34.20446 -1.552887
v 17 34.05135 -0.7831306
v 11.02567 34.05135 -0.7831306
v 17 34.00002 2.63851E-05
v 11 34.00002 2.63851E-05
v 17 34.05135 0.7831838
v 11.02567 34.05135 0.7831838
v 17 34.20446 1.552941
v 11.10222 34.20446 1.552941
v 17 34.45674 2.296127
v 11.22836 34.45674 2.296127
v 17 34.80386 3.000028
v 11.40193 34.80386 3.000028
v 17 35.23989 3.652597
v 11.61994 35.23989 3.652597
v 17 35.75737 4.242669
v 11.87868 35.75737 4.242669
v 17 36.34744 4.760148
v 12.17371 36.34744 4.760148
v 17 37.00001 5.196181
v 12.5 37.00001 5.196181
v 17 37.70391 5.543308
v 12.85195 37.70391 5.543308
v 17 38.4471 5.795586
v 13.22354 38.4471 5.795586
v 17 39.21685 5.948701
v 13.60842 39.21685 5.948701
v 17 40.00001 6.000032
v 14 40.00001 6.000032
v 17 40.78317 5.948702
v 14.39158 40.78317 5.948702
v 17 41.55293 5.795589
v 14.77646 41.55293 5.795589
v 17 42.29611 5.543311
v 15.14805 42.29611 5.543311
v 17 43.00001 5.196187
v 15.5 43.00001 5.196187
v 17 43.65258 4.760156
v 15.82628 43.65258 4.760156
v 17 44.24265 4.242675
v 16.12132 44.24265 4.242675
v 17 44.76014 3.652606
v 16.38006 44.76014 3.652606
v 17 45.19617 3.000036
v 16.59808 45.19617 3.000036
v 17 45.54329 2.296138
v 16.77164 45.54329 2.296138
v 17 45.79557 1.552951
v 16.89778 45.79557 1.552951
v 17 45.94868 0.7831956
v 16.97433 45.94868 0.7831956
v 17 45.94842 -0.7829617
v 17 45.79542 -1.552762
v 17 41.55282 -5.795366
v 17 40.78302 -5.948367
v 17 39.21702 -5.948369
v 17 38.44722 -5.79537
v 17 34.20462 -1.552774
v 17 34.05162 -0.7829741
v 17 34.05162 0.7830259
v 17 34.20462 1.552826
v 17 38.44721 5.795431
v 17 39.21701 5.948431
v 17 40.78301 5.948433
v 17 41.55281 5.795434
v 17 45.79541 1.552838
v 17 45.94841 0.7830383
v 4 4 15.99999
v 4 20 16.00001
v 4 20.00003 -15.99999
v 4 4.000034 -16.00001
v 24 4.000034 -16.00001
v 24 4 15.99999
v 4 4 15.99999
v 4 4.000034 -16.00001
v 20 52 16.00004
v 20 56 16.00005
v 20 56.00003 -15.99995
v 20 52.00003 -15.99996
v 4 20.00003 -15.99999
v 4 20 16.00001
v 20 52 16.00004
v 20 52.00003 -15.99996
v 24 56.00003 -15.99995
v 20 56.00003 -15.99995
v 20 56 16.00005
v 24 56 16.00005
v 0 -3.655804E-06 19.99999
v 0 20 20.00001
v 0 20.00004 -19.99999
v 0 3.798808E-05 -20.00001
v 24 3.798808E-05 -20.00001
v 24 -3.655804E-06 19.99999
v 0 -3.655804E-06 19.99999
v 0 3.798808E-05 -20.00001
v 24 60.00004 -19.99995
v 20 60.00004 -19.99995
v 20 60 20.00005
v 24 60 20.00005
v -4 9.217013 4.0516
v -4 10.00001 4.000001
v 0 10.00001 4.000001
v 0 9.217013 4.0516
v -4 8.447213 4.204599
v 0 8.447213 4.204599
v -4 7.703813 4.456599
v 0 7.703813 4.456599
v -4 7.000012 4.803998
v 0 7.000012 4.803998
v -4 6.347212 5.239597
v 0 6.347212 5.239597
v -4 5.757411 5.757397
v 0 5.757411 5.757397
v -4 5.239611 6.347196
v 0 5.239611 6.347196
v -4 4.80401 6.999995
v 0 4.80401 6.999995
v -4 4.456609 7.703795
v 0 4.456609 7.703795
v -4 4.204608 8.447195
v 0 4.204608 8.447195
v -4 4.051608 9.216994
v 0 4.051608 9.216994
v -4 4.000007 9.999994
v 0 4.000007 9.999994
v -4 4.051606 10.78299
v 0 4.051606 10.78299
v -4 4.204605 11.5528
v 0 4.204605 11.5528
v -4 4.456604 12.2962
v 0 4.456604 12.2962
v -4 4.804004 13
v 0 4.804004 13
v -4 5.239603 13.6528
v 0 5.239603 13.6528
v -4 5.757402 14.2426
v 0 5.757402 14.2426
v -4 6.347202 14.7604
v 0 6.347202 14.7604
v -4 7.000001 15.196
v 0 7.000001 15.196
v -4 7.703801 15.5434
v 0 7.703801 15.5434
v -4 8.447201 15.7954
v 0 8.447201 15.7954
v -4 9.217001 15.9484
v 0 9.217001 15.9484
v -4 10 16
v 0 10 16
v -4 10.783 15.9484
v 0 10.783 15.9484
v -4 11.5528 15.7954
v 0 11.5528 15.7954
v -4 12.2962 15.5434
v 0 12.2962 15.5434
v -4 13 15.196
v 0 13 15.196
v -4 13.6528 14.7604
v 0 13.6528 14.7604
v -4 14.2426 14.24261
v 0 14.2426 14.24261
v -4 14.7604 13.65281
v 0 14.7604 13.65281
v -4 15.196 13.00001
v 0 15.196 13.00001
v -4 15.5434 12.29621
v 0 15.5434 12.29621
v -4 15.79541 11.55281
v 0 15.79541 11.55281
v -4 15.94841 10.78301
v 0 15.94841 10.78301
v -4 16.00001 10.00001
v 0 16.00001 10.00001
v -4 15.94841 9.217007
v 0 15.94841 9.217007
v -4 15.79541 8.447206
v 0 15.79541 8.447206
v -4 15.54341 7.703807
v 0 15.54341 7.703807
v -4 15.19601 7.000006
v 0 15.19601 7.000006
v -4 14.76041 6.347206
v 0 14.76041 6.347206
v -4 14.24261 5.757405
v 0 14.24261 5.757405
v -4 13.65281 5.239605
v 0 13.65281 5.239605
v -4 13.00001 4.804004
v 0 13.00001 4.804004
v -4 12.29621 4.456604
v 0 12.29621 4.456604
v -4 11.55281 4.204602
v 0 11.55281 4.204602
v -4 10.78301 4.051602
v 0 10.78301 4.051602
v -4 9.217013 4.0516
v -4 10.00001 4.000001
v -4 10.00001 10
v -4 8.447213 4.204599
v -4 7.703813 4.456599
v -4 7.000012 4.803998
v -4 6.347212 5.239597
v -4 5.757411 5.757397
v -4 5.239611 6.347196
v -4 4.80401 6.999995
v -4 4.456609 7.703795
v -4 4.204608 8.447195
v -4 4.051608 9.216994
v -4 4.000007 9.999994
v -4 4.051606 10.78299
v -4 4.204605 11.5528
v -4 4.456604 12.2962
v -4 4.804004 13
v -4 5.239603 13.6528
v -4 5.757402 14.2426
v -4 6.347202 14.7604
v -4 7.000001 15.196
v -4 7.703801 15.5434
v -4 8.447201 15.7954
v -4 9.217001 15.9484
v -4 10 16
v -4 10.783 15.9484
v -4 11.5528 15.7954
v -4 12.2962 15.5434
v -4 13 15.196
v -4 13.6528 14.7604
v -4 14.2426 14.24261
v -4 14.7604 13.65281
v -4 15.196 13.00001
v -4 15.5434 12.29621
v -4 15.79541 11.55281
v -4 15.94841 10.78301
v -4 16.00001 10.00001
v -4 15.94841 9.217007
v -4 15.79541 8.447206
v -4 15.54341 7.703807
v -4 15.19601 7.000006
v -4 14.76041 6.347206
v -4 14.24261 5.757405
v -4 13.65281 5.239605
v -4 13.00001 4.804004
v -4 12.29621 4.456604
v -4 11.55281 4.204602
v -4 10.78301 4.051602
v -4 9.217033 -15.9484
v -4 10.00003 -16
v 0 10.00003 -16
v 0 9.217033 -15.9484
v -4 8.447233 -15.7954
v 0 8.447233 -15.7954
v -4 7.703833 -15.5434
v 0 7.703833 -15.5434
v -4 7.000033 -15.196
v 0 7.000033 -15.196
v -4 6.347232 -14.7604
v 0 6.347232 -14.7604
v -4 5.757432 -14.2426
v 0 5.757432 -14.2426
v -4 5.239632 -13.6528
v 0 5.239632 -13.6528
v -4 4.80403 -13
v 0 4.80403 -13
v -4 4.45663 -12.2962
v 0 4.45663 -12.2962
v -4 4.204629 -11.5528
v 0 4.204629 -11.5528
v -4 4.051629 -10.78301
v 0 4.051629 -10.78301
v -4 4.000028 -10.00001
v 0 4.000028 -10.00001
v -4 4.051627 -9.217006
v 0 4.051627 -9.217006
v -4 4.204626 -8.447205
v 0 4.204626 -8.447205
v -4 4.456625 -7.703805
v 0 4.456625 -7.703805
v -4 4.804024 -7.000005
v 0 4.804024 -7.000005
v -4 5.239624 -6.347204
v 0 5.239624 -6.347204
v -4 5.757423 -5.757403
v 0 5.757423 -5.757403
v -4 6.347222 -5.239603
v 0 6.347222 -5.239603
v -4 7.000022 -4.804002
v 0 7.000022 -4.804002
v -4 7.703822 -4.456602
v 0 7.703822 -4.456602
v -4 8.447222 -4.204601
v 0 8.447222 -4.204601
v -4 9.217021 -4.0516
v 0 9.217021 -4.0516
v -4 10.00002 -3.999999
v 0 10.00002 -3.999999
v -4 10.78302 -4.051598
v 0 10.78302 -4.051598
v -4 11.55282 -4.204597
v 0 11.55282 -4.204597
v -4 12.29622 -4.456597
v 0 12.29622 -4.456597
v -4 13.00002 -4.803996
v 0 13.00002 -4.803996
v -4 13.65282 -5.239595
v 0 13.65282 -5.239595
v -4 14.24262 -5.757395
v 0 14.24262 -5.757395
v -4 14.76042 -6.347194
v 0 14.76042 -6.347194
v -4 15.19602 -6.999994
v 0 15.19602 -6.999994
v -4 15.54342 -7.703794
v 0 15.54342 -7.703794
v -4 15.79543 -8.447193
v 0 15.79543 -8.447193
v -4 15.94843 -9.216993
v 0 15.94843 -9.216993
v -4 16.00003 -9.999993
v 0 16.00003 -9.999993
v -4 15.94843 -10.78299
v 0 15.94843 -10.78299
v -4 15.79543 -11.55279
v 0 15.79543 -11.55279
v -4 15.54343 -12.29619
v 0 15.54343 -12.29619
v -4 15.19603 -12.99999
v 0 15.19603 -12.99999
v -4 14.76043 -13.65279
v 0 14.76043 -13.65279
v -4 14.24263 -14.24259
v 0 14.24263 -14.24259
v -4 13.65283 -14.7604
v 0 13.65283 -14.7604
v -4 13.00003 -15.196
v 0 13.00003 -15.196
v -4 12.29623 -15.5434
v 0 12.29623 -15.5434
v -4 11.55283 -15.7954
v 0 11.55283 -15.7954
v -4 10.78303 -15.9484
v 0 10.78303 -15.9484
v -4 9.217033 -15.9484
v -4 10.00003 -16
v -4 10.00003 -9.999999
v -4 8.447233 -15.7954
v -4 7.703833 -15.5434
v -4 7.000033 -15.196
v -4 6.347232 -14.7604
v -4 5.757432 -14.2426
v -4 5.239632 -13.6528
v -4 4.80403 -13
v -4 4.45663 -12.2962
v -4 4.204629 -11.5528
v -4 4.051629 -10.78301
v -4 4.000028 -10.00001
v -4 4.051627 -9.217006
v -4 4.204626 -8.447205
v -4 4.456625 -7.703805
v -4 4.804024 -7.000005
v -4 5.239624 -6.347204
v -4 5.757423 -5.757403
v -4 6.347222 -5.239603
v -4 7.000022 -4.804002
v -4 7.703822 -4.456602
v -4 8.447222 -4.204601
v -4 9.217021 -4.0516
v -4 10.00002 -3.999999
v -4 10.78302 -4.051598
v -4 11.55282 -4.204597
v -4 12.29622 -4.456597
v -4 13.00002 -4.803996
v -4 13.65282 -5.239595
v -4 14.24262 -5.757395
v -4 14.76042 -6.347194
v -4 15.19602 -6.999994
v -4 15.54342 -7.703794
v -4 15.79543 -8.447193
v -4 15.94843 -9.216993
v -4 16.00003 -9.999993
v -4 15.94843 -10.78299
v -4 15.79543 -11.55279
v -4 15.54343 -12.29619
v -4 15.19603 -12.99999
v -4 14.76043 -13.65279
v -4 14.24263 -14.24259
v -4 13.65283 -14.7604
v -4 13.00003 -15.196
v -4 12.29623 -15.5434
v -4 11.55283 -15.7954
v -4 10.78303 -15.9484
v 24 -3.655804E-06 19.99999
v 24 4 15.99999
v 24 4.000034 -16.00001
v 24 3.798808E-05 -20.00001
v 24 60 20.00005
v 24 56 16.00005
v 24 60.00004 -19.99995
v 24 56.00003 -15.99995
v 24 60.00004 -19.99995
v 20 60.00004 -19.99995
v 0 3.798808E-05 -20.00001
v 24 3.798808E-05 -20.00001
v 0 20.00004 -19.99999
v 24 4.000034 -16.00001
v 20 52.00003 -15.99996
v 20 56.00003 -15.99995
v 24 56.00003 -15.99995
v 4 4.000034 -16.00001
v 4 20.00003 -15.99999
v 24 56 16.00005
v 20 56 16.00005
v 20 52 16.00004
v 24 4 15.99999
v 4 20 16.00001
v 4 4 15.99999
v 24 -3.655804E-06 19.99999
v 0 -3.655804E-06 19.99999
v 20 60 20.00005
v 24 60 20.00005
v 0 20 20.00001
v 20 60 20.00005
v 0 20 20.00001
v 0 20.00004 -19.99999
v 20 60.00004 -19.99995
vn 0 0.109029 0.9940386
vn 0 -0.02196253 0.9997588
vn 0 0.02196045 0.9997588
vn 0 0.1521711 0.9883541
vn 0 0.2374254 0.9714057
vn 0 0.2795385 0.9601346
vn 0 0.3622607 0.9320768
vn 0 0.4028659 0.9152591
vn 0 0.4809962 0.8767227
vn 0 0.5185441 0.8550508
vn 0 0.5910972 0.8066003
vn 0 0.6260633 0.7797722
vn 0 0.6916217 0.7222599
vn 0 0.7222584 0.6916233
vn 0 0.7797709 0.626065
vn 0 0.8065991 0.5910989
vn 0 0.8550497 0.5185459
vn 0 0.8767217 0.480998
vn 0 0.9152582 0.4028678
vn 0 0.9320762 0.3622625
vn 0 0.9601339 0.2795404
vn 0 0.9714053 0.2374274
vn 0 0.9883538 0.1521732
vn 0 0.9940383 0.1090311
vn 0 0.9997588 0.02196253
vn 0 0.9997588 -0.02196045
vn 0 0.9940386 -0.1090291
vn 0 0.9883541 -0.1521712
vn 0 0.9714057 -0.2374254
vn 0 0.9601345 -0.2795384
vn 0 0.9320768 -0.3622606
vn 0 0.9152591 -0.4028659
vn 0 0.8767227 -0.4809963
vn 0 0.8550509 -0.5185442
vn 0 0.8066003 -0.5910972
vn 0 0.7797722 -0.6260633
vn 0 0.7222599 -0.6916217
vn 0 0.6916233 -0.7222584
vn 0 0.626065 -0.7797709
vn 0 0.5910989 -0.8065991
vn 0 0.5185459 -0.8550498
vn 0 0.480998 -0.8767218
vn 0 0.4028678 -0.9152582
vn 0 0.3622626 -0.932076
vn 0 0.2795406 -0.960134
vn 0 0.2374274 -0.9714053
vn 0 0.1521732 -0.9883538
vn 0 0.1090311 -0.9940383
vn 0 0.02196253 -0.9997588
vn 0 -0.02196045 -0.9997588
vn 0 -0.109029 -0.9940386
vn 0 -0.1521711 -0.9883541
vn 0 -0.2374254 -0.9714057
vn 0 -0.2795385 -0.9601346
vn 0 -0.3622607 -0.9320768
vn 0 -0.4028659 -0.9152591
vn 0 -0.4809963 -0.8767227
vn 0 -0.5185443 -0.8550508
vn 0 -0.5910974 -0.8066002
vn 0 -0.6260635 -0.7797722
vn 0 -0.6916217 -0.72226
vn 0 -0.7222583 -0.6916235
vn 0 -0.7797707 -0.6260653
vn 0 -0.806599 -0.591099
vn 0 -0.8550497 -0.5185459
vn 0 -0.8767217 -0.480998
vn 0 -0.915258 -0.4028679
vn 0 -0.9320759 -0.3622629
vn 0 -0.9601337 -0.2795408
vn 0 -0.9714053 -0.2374276
vn 0 -0.9883538 -0.152173
vn 0 -0.9940383 -0.1090307
vn 0 -0.9997588 -0.02196233
vn 0 -0.9997588 0.02196024
vn 0 -0.9940386 0.1090287
vn 0 -0.9883542 0.152171
vn 0 -0.9714057 0.2374256
vn 0 -0.9601344 0.2795388
vn 0 -0.9320767 0.3622609
vn 0 -0.9152589 0.4028661
vn 0 -0.8767227 0.4809963
vn 0 -0.8550509 0.5185442
vn 0 -0.8066002 0.5910973
vn 0 -0.7797719 0.6260635
vn 0 -0.7222597 0.6916219
vn 0 -0.6916232 0.7222585
vn 0 -0.6260651 0.7797709
vn 0 -0.5910991 0.806599
vn 0 -0.5185461 0.8550497
vn 0 -0.480998 0.8767217
vn 0 -0.4028678 0.9152582
vn 0 -0.3622626 0.932076
vn 0 -0.2795406 0.960134
vn 0 -0.2374274 0.9714053
vn 0 -0.1521732 0.9883538
vn 0 -0.1090311 0.9940383
vn 0 -0.1090291 -0.9940385
vn 0 0.01882638 -0.9998228
vn 0 -0.02196045 -0.9997588
vn 0 -0.1521712 -0.9883541
vn 0 -0.2374252 -0.9714057
vn 0 -0.2795382 -0.9601346
vn 0 -0.3622606 -0.9320769
vn 0 -0.402866 -0.9152589
vn 0 -0.4809963 -0.8767226
vn 0 -0.5185441 -0.8550508
vn 0 -0.5910972 -0.8066003
vn 0 -0.6260634 -0.7797722
vn 0 -0.6916218 -0.7222598
vn 0 -0.7222584 -0.6916233
vn 0 -0.7797708 -0.6260651
vn 0 -0.8065991 -0.5910989
vn 0 -0.8550497 -0.5185459
vn 0 -0.8767217 -0.4809982
vn 0 -0.915258 -0.4028679
vn 0 -0.9320762 -0.3622625
vn 0 -0.9601339 -0.2795402
vn 0 -0.9714053 -0.2374273
vn 0 -0.9883538 -0.1521733
vn 0 -0.9940383 -0.1090312
vn 0 -0.9997588 -0.02196253
vn 0 -0.9997588 0.02196045
vn 0 -0.9940386 0.1090291
vn 0 -0.9883542 0.1521713
vn 0 -0.9714057 0.2374253
vn 0 -0.9601346 0.2795382
vn 0 -0.9320769 0.3622605
vn 0 -0.9152589 0.402866
vn 0 -0.8767225 0.4809963
vn 0 -0.8550507 0.5185441
vn 0 -0.8066003 0.5910972
vn 0 -0.7797722 0.6260634
vn 0 -0.7222598 0.6916218
vn 0 -0.6916233 0.7222584
vn 0 -0.6260651 0.7797708
vn 0 -0.5910989 0.8065991
vn 0 -0.5185459 0.8550497
vn 0 -0.4809982 0.8767216
vn 0 -0.4028679 0.915258
vn 0 -0.3622625 0.9320762
vn 0 -0.2795402 0.9601339
vn 0 -0.2374273 0.9714053
vn 0 -0.1521733 0.9883538
vn 0 -0.1090312 0.9940383
vn 0 -0.02196254 0.9997588
vn 0 0.02196045 0.9997588
vn 0 0.1086462 0.9940804
vn 0 0.1521712 0.9883541
vn 0 0.2370467 0.9714983
vn 0 0.2795382 0.9601346
vn 0 0.3618975 0.932218
vn 0 0.402866 0.9152589
vn 0 0.4806691 0.8769021
vn 0 0.5185443 0.8550509
vn 0 0.5908062 0.8068135
vn 0 0.6260635 0.779772
vn 0 0.6913846 0.7224869
vn 0 0.7222581 0.6916236
vn 0 0.7795833 0.6262986
vn 0 0.8065993 0.5910987
vn 0 0.854919 0.5187615
vn 0 0.8767213 0.4809987
vn 0 0.9151745 0.4030578
vn 0 0.9320763 0.362262
vn 0 0.9600921 0.2796842
vn 0 0.9714053 0.2374272
vn 0 0.9883398 0.1522646
vn 0 0.9940383 0.1090313
vn 0 0.9997596 0.02193111
vn 0 0.9997588 -0.02196045
vn 0 0.9940083 -0.1093049
vn 0 0.9883541 -0.1521716
vn 0 0.9712468 -0.2380746
vn 0 0.9601347 -0.2795375
vn 0 0.9316305 -0.3634069
vn 0 0.9152588 -0.4028664
vn 0 0.8758063 -0.4826628
vn 0 0.8550509 -0.5185441
vn 0 0.8049729 -0.5933114
vn 0 0.7797719 -0.6260636
vn 0 0.7197723 -0.6942102
vn 0 0.6916232 -0.7222585
vn 0 0.6224595 -0.782652
vn 0 0.5910991 -0.806599
vn 0 0.5138167 -0.8579
vn 0 0.4809982 -0.8767217
vn 0 0.3968162 -0.9178981
vn 0 0.3622625 -0.9320762
vn 0 0.2722998 -0.9622124
vn 0 0.2374273 -0.9714053
vn 0 0.1437958 -0.9896073
vn 0 0.1090312 -0.9940383
vn 1 0 0
vn 1 0 0
vn 0.9999999 0 0
vn 1 0 0
vn 0.9999999 0 0
vn 1 0 0
vn 1 0 0
vn 1 0 0
vn 0.9999999 0 0
vn 1 0 0
vn 1 0 0
vn 1 0 0
vn 0.9999999 0 0
vn 1 0 0
vn 1 0 0
vn 1 0 0
vn 0.9999999 0 0
vn 1 0 0
vn 0.9999999 0 0
vn 1 0 0
vn 1 0 0
vn 0.9999999 0 0
vn 1 0 0
vn 1 0 0
vn 1 0 0
vn 1 0 0
vn 0.9999999 0 0
vn 0.9999999 0 0
vn 1 0 0
vn 1 0 0
vn 1 0 0
vn 1 0 0
vn 1 0 0
vn 1 0 0
vn 1 0 0
vn 1 0 0
vn 0.9999999 0 0
vn 1 0 0
vn 1 0 0
vn 1 0 0
vn 1 0 0
vn 1 0 0
vn 1 0 0
vn 1 0 0
vn 1 0 0
vn 0.9999999 0 0
vn 1 0 0
vn 1 0 0
vn 1 0 0
vn 1 0 0
vn 1 0 0
vn 0.9999999 0 0
vn 0.9999999 0 0
vn 1 0 0
vn 1 0 0
vn 1 0 0
vn 1 0 0
vn 1 0 0
vn 1 0 0
vn 1 0 0
vn 0.9999999 0 0
vn 1 0 0
vn 1 0 0
vn 0.9999999 0 0
vn 1 0 0
vn 1 0 0
vn 1 0 0
vn 1 0 0
vn 1 0 0
vn 1 0 0
vn 1 0 0
vn 0.9999999 0 0
vn 1 0 0
vn 1 0 0
vn 1 0 0
vn 1 0 0
vn 0.9999999 0 0
vn 1 0 0
vn 1 0 0
vn 1 0 0
vn 1 0 0
vn 1 0 0
vn 1 0 0
vn 1 0 0
vn 1 0 0
vn 1 0 0
vn 1 0 0
vn 1 0 0
vn 1 0 0
vn 1 0 0
vn 1 0 0
vn 1 0 0
vn 1 0 0
vn 0.9999999 0 0
vn 1 0 0
vn 1 0 0
vn 0 0.9914309 -0.1306321
vn 0 0.9678674 -0.2514612
vn 0 0.9284421 -0.3714769
vn 0 0.8731908 -0.4873787
vn 0 0.8031306 -0.5958029
vn 0 0.7189884 -0.695022
vn 0 0.622919 -0.7822864
vn 0 0.5156444 -0.8568026
vn 0 0.4001463 -0.9164513
vn 0 0.2770699 -0.9608497
vn 0 0.1499487 -0.9886938
vn 0 -0.002221463 -0.9999976
vn 0 0.9914307 0.1306341
vn 0 0.9678669 0.2514632
vn 0 0.9284414 0.3714788
vn 0 0.8731897 0.4873804
vn 0 0.8031294 0.5958046
vn 0 0.718987 0.6950236
vn 0 0.6229174 0.7822877
vn 0 0.5156426 0.8568037
vn 0 0.4001444 0.9164521
vn 0 0.2770679 0.9608503
vn 0 0.1499466 0.9886941
vn 0 0.01996375 0.9998007
vn 0 -0.1521712 -0.9883541
vn 0 -0.2795382 -0.9601346
vn 0 -0.402866 -0.9152589
vn 0 -0.5185441 -0.8550508
vn 0 -0.6260634 -0.7797722
vn 0 -0.7222584 -0.6916233
vn 0 -0.8065991 -0.5910989
vn 0 -0.8767217 -0.4809982
vn 0 -0.9320762 -0.3622625
vn 0 -0.9714053 -0.2374273
vn 0 -0.9940383 -0.1090312
vn 0 -0.9997588 0.02196045
vn 0 -0.9883542 0.1521713
vn 0 -0.9601346 0.2795382
vn 0 -0.9152589 0.402866
vn 0 -0.8550507 0.5185441
vn 0 -0.7797722 0.6260634
vn 0 -0.6916233 0.7222584
vn 0 -0.5910989 0.8065991
vn 0 -0.4809982 0.8767216
vn 0 -0.3622625 0.9320762
vn 0 -0.2374273 0.9714053
vn 0 -0.1090312 0.9940383
vn 0 -0.988193 0.1532137
vn 0 -0.991431 0.1306315
vn 0 -0.9997669 0.02158907
vn 0 -0.9596861 0.2810743
vn 0 -0.9678672 0.2514618
vn 0 -0.9144603 0.4046756
vn 0 -0.9284419 0.3714775
vn 0 -0.8539423 0.5203676
vn 0 -0.873191 0.4873781
vn 0 -0.7783749 0.6277998
vn 0 -0.8031304 0.5958032
vn 0 -0.6900661 0.7237464
vn 0 -0.7189885 0.6950218
vn 0 -0.5894037 0.8078387
vn 0 -0.622919 0.7822864
vn 0 -0.4792943 0.8776544
vn 0 -0.5156445 0.8568027
vn 0 -0.360557 0.9327373
vn 0 -0.4001462 0.9164513
vn 0 -0.2358065 0.9718
vn 0 -0.2770702 0.9608496
vn 0 -0.1075216 0.9942027
vn 0 -0.1499486 0.9886938
vn 0 0.007321024 0.9999732
vn 0 0.002221461 0.9999976
vn 0 -0.9936868 -0.1121898
vn 0 -0.9914308 -0.1306335
vn 0 -0.9696957 -0.2443158
vn 0 -0.9678667 -0.2514638
vn 0 -0.9277523 -0.3731964
vn 0 -0.9284412 -0.3714794
vn 0 -0.8688703 -0.4950398
vn 0 -0.8731899 -0.48738
vn 0 -0.7943304 -0.6074861
vn 0 -0.8031293 -0.5958049
vn 0 -0.7057592 -0.7084517
vn 0 -0.7189871 -0.6950234
vn 0 -0.6048906 -0.7963087
vn 0 -0.6229174 -0.7822877
vn 0 -0.493763 -0.8695965
vn 0 -0.5156427 -0.8568038
vn 0 -0.37429 -0.9273117
vn 0 -0.4001443 -0.9164521
vn 0 -0.2484231 -0.9686517
vn 0 -0.2770682 -0.9608502
vn 0 -0.1190823 -0.9928844
vn 0 -0.1499465 -0.9886942
vn 0 0.01098377 -0.9999397
vn 0 -0.01996374 -0.9998007
vn 0 0.1198364 0.9927937
vn 0 0.1521711 0.9883541
vn 0 0.2479981 0.9687605
vn 0 0.2795385 0.9601346
vn 0 0.3724792 0.9280406
vn 0 0.4028659 0.915259
vn 0 0.4904694 0.8714585
vn 0 0.5185441 0.8550509
vn 0 0.5999482 0.8000389
vn 0 0.6260633 0.7797722
vn 0 0.6994041 0.7147266
vn 0 0.7222584 0.6916233
vn 0 0.786621 0.6174361
vn 0 0.8065991 0.591099
vn 0 0.8606195 0.5092485
vn 0 0.8767217 0.480998
vn 0 0.9196293 0.3927873
vn 0 0.9320762 0.3622625
vn 0 0.9631233 0.2690604
vn 0 0.9714053 0.2374274
vn 0 0.9899507 0.1414134
vn 0 0.9940383 0.1090311
vn 0 0.9999397 0.01098377
vn 0 0.9997588 -0.02196044
vn 0 0.9927937 -0.1198364
vn 0 0.9883542 -0.1521712
vn 0 0.9687604 -0.2479981
vn 0 0.9601346 -0.2795384
vn 0 0.9280406 -0.3724791
vn 0 0.915259 -0.4028659
vn 0 0.8714584 -0.4904694
vn 0 0.8550508 -0.5185441
vn 0 0.8000389 -0.5999482
vn 0 0.7797722 -0.6260633
vn 0 0.7147266 -0.6994041
vn 0 0.6916233 -0.7222584
vn 0 0.6174361 -0.786621
vn 0 0.591099 -0.8065991
vn 0 0.5092484 -0.8606196
vn 0 0.4809979 -0.8767217
vn 0 0.3927874 -0.9196293
vn 0 0.3622626 -0.932076
vn 0 0.2690605 -0.9631233
vn 0 0.2374274 -0.9714053
vn 0 0.1414133 -0.9899507
vn 0 0.1090311 -0.9940383
vn 0 0.1152059 0.9933416
vn 0 -0.01568965 0.9998769
vn 0 0.02196042 0.9997588
vn 0 0.1521713 0.9883542
vn 7.079393E-06 0.2434788 0.9699063
vn 0 0.2795385 0.9601346
vn 7.929047E-06 0.3680881 0.929791
vn 0 0.4028658 0.9152591
vn 4.678112E-06 0.486442 0.8737128
vn 0 0.5185443 0.8550507
vn 3.173361E-05 0.5961431 0.8028782
vn 0 0.6260634 0.7797721
vn 1.168616E-05 0.6960967 0.7179479
vn 0 0.7222587 0.6916231
vn 2.838445E-05 0.7836786 0.6211666
vn 0 0.8065991 0.5910987
vn -5.2825E-06 0.8582534 0.5132262
vn 0 0.8767214 0.4809987
vn 1.438916E-05 0.9177654 0.3971232
vn 0 0.9320759 0.3622633
vn 0 0.9618559 0.2735567
vn 0 0.9714053 0.2374276
vn 1.811944E-09 0.9892806 0.1460271
vn 0 0.9940384 0.1090307
vn 2.2653E-10 0.999877 0.01568953
vn 0 0.9997588 -0.02196024
vn 0 0.9933417 -0.1152056
vn 0 0.9883542 -0.152171
vn 7.044056E-06 0.9699062 -0.2434787
vn 0 0.9601344 -0.2795388
vn 7.822155E-06 0.9297906 -0.3680889
vn 0 0.9152586 -0.4028668
vn 4.5232E-06 0.8737125 -0.4864426
vn 0 0.8550506 -0.5185444
vn 3.164662E-05 0.8028783 -0.5961429
vn 0 0.7797724 -0.6260631
vn 1.180936E-05 0.7179482 -0.6960965
vn 0 0.6916234 -0.7222584
vn 2.848954E-05 0.6211668 -0.7836783
vn 0 0.5910991 -0.8065989
vn -5.208216E-06 0.513226 -0.8582535
vn 0 0.480998 -0.8767217
vn 1.438101E-05 0.3971221 -0.9177657
vn 0 0.3622624 -0.9320762
vn 0 0.2735564 -0.9618559
vn 0 0.2374277 -0.9714053
vn 0 0.1460275 -0.9892805
vn 0 0.1090311 -0.9940383
vn 0 0.01568965 -0.9998769
vn 0 -0.02196042 -0.9997588
vn 0 -0.1152059 -0.9933416
vn 0 -0.1521713 -0.9883542
vn 7.100228E-06 -0.2434788 -0.9699063
vn 0 -0.2795385 -0.9601346
vn 7.969811E-06 -0.368088 -0.929791
vn 0 -0.4028658 -0.9152591
vn 4.72884E-06 -0.4864417 -0.873713
vn 0 -0.5185436 -0.8550512
vn 3.192928E-05 -0.5961428 -0.8028784
vn 0 -0.6260638 -0.7797718
vn 1.184561E-05 -0.6960975 -0.7179473
vn 0 -0.722259 -0.6916226
vn 2.843337E-05 -0.7836787 -0.6211665
vn 0 -0.8065991 -0.5910987
vn -5.200967E-06 -0.8582533 -0.5132263
vn 0 -0.8767214 -0.4809987
vn 1.437196E-05 -0.9177657 -0.3971224
vn 0 -0.9320763 -0.3622618
vn 0 -0.9618563 -0.2735553
vn 0 -0.9714054 -0.2374268
vn 0 -0.9892805 -0.146028
vn 0 -0.9940382 -0.1090323
vn 0 -0.9998769 -0.01569011
vn 0 -0.9997588 0.02196105
vn 0 -0.9933415 0.1152071
vn 0 -0.9883541 0.1521718
vn 7.03681E-06 -0.9699064 0.2434778
vn 0 -0.9601349 0.2795373
vn 7.824878E-06 -0.9297911 0.3680877
vn 0 -0.9152589 0.4028661
vn 4.601109E-06 -0.8737125 0.4864426
vn 0 -0.8550506 0.5185444
vn 3.166474E-05 -0.8028784 0.5961428
vn 0 -0.7797724 0.6260631
vn 1.175683E-05 -0.7179486 0.6960961
vn 0 -0.6916242 0.7222576
vn 2.856385E-05 -0.6211672 0.7836781
vn 0 -0.5910988 0.8065993
vn -5.187374E-06 -0.5132253 0.8582538
vn 0 -0.4809977 0.8767218
vn 1.443808E-05 -0.3971222 0.9177657
vn 0 -0.3622624 0.9320762
vn 0 -0.2735564 0.9618559
vn 0 -0.2374277 0.9714053
vn 0 -0.1460275 0.9892805
vn 0 -0.1090311 0.9940383
vn 0 -0.1090291 -0.9940385
vn 0 0.02114272 -0.9997764
vn 0 -0.02196043 -0.9997588
vn 0 -0.1521713 -0.9883541
vn 0 -0.2374254 -0.9714057
vn 0 -0.2795383 -0.9601346
vn 0 -0.3622606 -0.9320769
vn 0 -0.402866 -0.9152589
vn 9.900876E-06 -0.4814184 -0.8764908
vn 0 -0.5185443 -0.8550508
vn -2.167529E-05 -0.5915995 -0.806232
vn 0 -0.6260635 -0.779772
vn -8.65162E-06 -0.6918758 -0.7220167
vn 0 -0.7222582 -0.6916237
vn -2.273485E-05 -0.7800727 -0.625689
vn 0 -0.8065993 -0.5910987
vn -3.210431E-06 -0.8551722 -0.518344
vn 0 -0.8767213 -0.4809986
vn 0 -0.9152579 -0.4028683
vn 0 -0.9320763 -0.3622621
vn 0 -0.9601342 -0.2795395
vn 0 -0.9714053 -0.2374272
vn 0 -0.9883538 -0.1521736
vn 0 -0.9940383 -0.1090313
vn 0 -0.999761 -0.02185908
vn 0 -0.9997588 0.02196045
vn 0 -0.9940386 0.1090293
vn 0 -0.9883541 0.1521716
vn 0 -0.9714058 0.2374251
vn 0 -0.9601348 0.2795375
vn 0 -0.9320771 0.3622601
vn 0 -0.9152588 0.4028664
vn 8.735308E-06 -0.8768923 0.4806867
vn 0 -0.8550509 0.5185441
vn -2.007233E-05 -0.8067223 0.5909307
vn 0 -0.779772 0.6260636
vn -8.553085E-06 -0.7225913 0.6912754
vn 0 -0.6916232 0.7222585
vn -2.358411E-05 -0.6263485 0.7795432
vn 0 -0.591099 0.806599
vn -3.57338E-06 -0.5190499 0.854744
vn 0 -0.4809982 0.8767216
vn 0 -0.4028679 0.9152581
vn 0 -0.3622625 0.9320762
vn 0 -0.2795403 0.960134
vn 0 -0.2374274 0.9714053
vn 0 -0.1521733 0.9883538
vn 0 -0.1090311 0.9940383
vn 0 -0.02266065 0.9997432
vn 0 0.02196043 0.9997588
vn 0 0.1090291 0.9940385
vn 0 0.1521713 0.9883541
vn 0 0.2374254 0.9714057
vn 0 0.2795383 0.9601346
vn 0 0.3622606 0.9320769
vn 0 0.402866 0.9152589
vn 1.437617E-05 0.4802207 0.8771477
vn 0 0.5185443 0.8550508
vn -3.45507E-05 0.5904696 0.8070599
vn 0 0.6260635 0.779772
vn -1.510474E-05 0.6910383 0.7228181
vn 0 0.7222587 0.691623
vn -4.249896E-05 0.7793316 0.6266118
vn 0 0.8065984 0.5910999
vn -6.606185E-06 0.8547133 0.5191002
vn 0 0.8767213 0.4809986
vn 0 0.9152585 0.4028673
vn 0 0.9320766 0.3622615
vn 0 0.9601343 0.279539
vn 0 0.9714056 0.237426
vn 0 0.9883538 0.152173
vn 0 0.9940382 0.1090319
vn 0 0.9997606 0.02187979
vn 0 0.9997588 -0.02196106
vn 0 0.9940385 -0.1090299
vn 0 0.9883542 -0.152171
vn 0 0.971406 -0.237424
vn 0 0.9601349 -0.2795369
vn 0 0.9320773 -0.3622596
vn 0 0.9152593 -0.4028654
vn 1.806997E-05 0.8764786 -0.4814407
vn 0 0.8550501 -0.5185454
vn -3.963284E-05 0.8062133 -0.5916249
vn 0 0.779772 -0.6260636
vn -1.569947E-05 0.7217914 -0.6921106
vn 0 0.6916235 -0.7222583
vn -3.995486E-05 0.625436 -0.7802756
vn 0 0.591099 -0.806599
vn -5.551833E-06 0.5178899 -0.8554473
vn 0 0.4809982 -0.8767216
vn 0 0.4028679 -0.9152581
vn 0 0.3622625 -0.9320762
vn 0 0.2795403 -0.960134
vn 0 0.2374274 -0.9714053
vn 0 0.1521733 -0.9883538
vn 0 0.1090311 -0.9940383
vn 1 0 0
vn 1 0 0
vn 1 0 0
vn 1 0 0
vn 1 0 0
vn 1 0 0
vn 0.9999999 0 0
vn 1 0 0
vn 1 0 0
vn 1 0 0
vn 1 0 0
vn 1 0 0
vn 1 0 0
vn 1 0 0
vn 1 0 0
vn 0.9999999 0 0
vn 1 0 0
vn 1 0 0
vn 1 0 0
vn 0.9999999 0 0
vn 1 0 0
vn 1 0 0
vn 1 0 0
vn 0.9999999 0 0
vn 1 0 0
vn 1 0 0
vn 1 0 0
vn 1 0 0
vn 0.9999999 0 0
vn 1 0 0
vn 1 0 0
vn 1 0 0
vn 1 0 0
vn 0.9999999 0 0
vn 1 0 0
vn 1 0 0
vn 0.9999999 0 0
vn 1 0 0
vn 1 0 0
vn 1 0 0
vn 1 0 0
vn 1 0 0
vn 1 0 0
vn 1 0 0
vn 1 0 0
vn 0.9999999 0 0
vn 1 0 0
vn 0.9999999 0 0
vn 1 0 0
vn 1 0 0
vn 1 0 0
vn 1 0 0
vn 1 0 0
vn 1 0 0
vn 0.9999999 0 0
vn 1 0 0
vn 1 0 0
vn 1 0 0
vn 1 0 0
vn 1 0 0
vn 1 0 0
vn 1 0 0
vn 1 0 0
vn 1 0 0
vn 1 0 0
vn 0.9999999 0 0
vn 1 0 0
vn 0.9999999 0 0
vn 1 0 0
vn 0.9999999 0 0
vn 1 0 0
vn 1 0 0
vn 1 0 0
vn 1 0 0
vn 0.9999999 0 0
vn 1 0 0
vn 1 0 0
vn 1 0 0
vn 1 0 0
vn 1 0 0
vn 1 0 0
vn 1 0 0
vn 1 0 0
vn 1 0 0
vn 1 0 0
vn 1 0 0
vn 1 0 0
vn 1 0 0
vn 1 0 0
vn 1 0 0
vn 1 0 0
vn 1 0 0
vn 1 0 0
vn 0.9999999 0 0
vn 1 0 0
vn 0.9999999 0 0
vn 0 0.9914449 -0.1305257
vn 0 0.9848179 -0.1735907
vn 0 0.9677976 -0.25173
vn 0 0.9564061 -0.2920402
vn 0 0.9283735 -0.3716487
vn 0.0001586442 0.9116763 -0.4109092
vn -7.004471E-05 0.8515279 -0.5243093
vn -0.0003157682 0.7764437 -0.6301864
vn -8.493192E-05 0.6884576 -0.7252766
vn -0.0001556236 0.5881624 -0.8087428
vn 5.436495E-05 0.4782215 -0.8782393
vn 2.630775E-05 0.4001144 -0.9164652
vn 0 0.3598604 -0.9330062
vn 0 0.2773824 -0.9607596
vn 0 0.2353453 -0.9719118
vn 0 0.1499184 -0.9886984
vn 0 0.1067712 -0.9942836
vn 0 -0.02366195 -0.99972
vn 0 -0.1105758 -0.9938677
vn 0 -0.153723 -0.988114
vn 0 -0.2391499 -0.9709827
vn 0 -0.2811861 -0.9596533
vn 0 -0.3637219 -0.9315075
vn 1.069782E-05 -0.4039277 -0.9147909
vn -7.118219E-06 -0.5194977 -0.8544718
vn -4.520483E-05 -0.6267538 -0.7792172
vn -1.582374E-05 -0.7227564 -0.6911029
vn -3.658668E-05 -0.8069219 -0.5906582
vn 1.566134E-05 -0.8769282 -0.4806213
vn 8.042447E-06 -0.9154544 -0.4024215
vn 0 -0.9321319 -0.3621187
vn 0 -0.9601296 -0.2795553
vn 0 -0.9713933 -0.2374766
vn 0 -0.9883857 -0.1519661
vn -1.788458E-09 -0.9940661 -0.1087781
vn 0 -0.9997628 0.0217793
vn 1.788456E-09 -0.9940662 0.1087766
vn 0 -0.9883859 0.1519652
vn 0 -0.9713936 0.2374752
vn 0 -0.9601303 0.2795529
vn 0 -0.9321111 0.3621722
vn 8.051193E-06 -0.9154555 0.4024194
vn -5.842036E-06 -0.855303 0.5181282
vn -4.217773E-05 -0.7801955 0.6255358
vn -1.643994E-05 -0.6922373 0.7216699
vn -4.222939E-05 -0.5919248 0.8059931
vn 2.00637E-05 -0.4820445 0.8761467
vn 1.06978E-05 -0.4039296 0.91479
vn 0 -0.3636661 0.9315294
vn 0 -0.2811877 0.9596527
vn 0 -0.239151 0.9709824
vn 0 -0.1537245 0.9881137
vn 0 -0.1105779 0.9938675
vn 0 0.01985549 0.9998029
vn 0 0.1067692 0.9942839
vn 0 0.1499164 0.9886988
vn 0 0.2353433 0.9719123
vn 0 0.2773803 0.9607603
vn 0 0.3599112 0.9329865
vn 2.630779E-05 0.4001127 0.9164659
vn -2.358316E-05 0.5157005 0.856769
vn -0.0002072471 0.6230085 0.7822151
vn -0.000103531 0.7189775 0.6950334
vn -0.0003631906 0.8031871 0.5957268
vn 0.0002531844 0.8731341 0.4874799
vn 0.0001579963 0.9116755 0.4109109
vn 0 0.9284 0.3715823
vn 0 0.9564034 0.2920488
vn 0 0.9677916 0.2517529
vn 0 0.984812 0.1736244
vn 0 0.9914448 0.1305279
vn 0 -0.991445 0.1305251
vn 0 -0.984818 0.1735896
vn 0 -0.9997668 -0.02159302
vn 0 -0.9677975 0.2517298
vn 0 -0.9564059 0.2920409
vn 8.468953E-05 -0.9315245 0.3636785
vn 0 -0.9117097 0.4108349
vn -2.741958E-05 -0.8757904 0.4826914
vn 0 -0.8514102 0.5245004
vn 0.0001284993 -0.8053264 0.5928316
vn 0 -0.7765188 0.6300941
vn 4.56362E-05 -0.7208601 0.6930805
vn 0 -0.6883116 0.7254151
vn 0.0001072757 -0.6243978 0.7811067
vn 0 -0.5882968 0.8086451
vn 1.378149E-05 -0.5170235 0.8559713
vn 0 -0.4781853 0.8782591
vn 2.02963E-05 -0.4010721 0.9160465
vn 0 -0.3598603 0.9330062
vn 0 -0.2773825 0.9607595
vn 0 -0.2353456 0.9719117
vn 0 -0.1499185 0.9886982
vn 0 -0.1067711 0.9942836
vn 0 -0.02040124 0.9997919
vn 0 0.02366189 0.99972
vn 0 0.1105757 0.9938678
vn 0 0.1537227 0.9881141
vn 0 0.2391498 0.9709827
vn 0 0.2811866 0.9596531
vn 2.01137E-05 0.363374 0.9316434
vn 0 0.4038706 0.9148162
vn -6.740662E-06 0.4818177 0.8762714
vn 0 0.5196767 0.854363
vn 3.487496E-05 0.5919268 0.8059917
vn 0 0.6266237 0.779322
vn 1.361466E-05 0.6920285 0.7218701
vn 0 0.7228825 0.690971
vn 3.521161E-05 0.7802235 0.6255008
vn 0 0.8068048 0.5908181
vn 4.896533E-06 0.8551658 0.5183544
vn 0 0.8769543 0.4805737
vn 8.178014E-06 0.9154487 0.4024349
vn 0 0.932132 0.3621187
vn 0 0.9601295 0.2795553
vn 0 0.9713932 0.2374772
vn 0 0.9883856 0.1519667
vn 0 0.9940661 0.1087781
vn 2.267421E-10 0.9997622 0.0218071
vn 0 0.9997628 -0.0217791
vn 0 0.9940663 -0.108776
vn 0 0.9883859 -0.1519646
vn 0 0.9713936 -0.2374752
vn 0 0.9601302 -0.2795535
vn 1.476285E-05 0.9321277 -0.3621299
vn 0 0.9154785 -0.4023668
vn -5.573939E-06 0.8769141 -0.4806468
vn 0 0.8551962 -0.5183043
vn 3.070593E-05 0.8067714 -0.5908638
vn 0 0.7803124 -0.6253898
vn 1.324212E-05 0.7227829 -0.6910752
vn 0 0.692111 -0.721791
vn 3.753954E-05 0.6265347 -0.7793935
vn 0 0.5920997 -0.8058647
vn 5.836785E-06 0.5194899 -0.8544766
vn 0 0.4819901 -0.8761766
vn 1.046467E-05 0.4036713 -0.9149041
vn 0 0.3636657 -0.9315295
vn 0 0.2811874 -0.9596528
vn 0 0.2391513 -0.9709824
vn 0 0.1537248 -0.9881136
vn 0 0.1105779 -0.9938675
vn 0 0.023252 -0.9997298
vn 0 -0.01985552 -0.9998028
vn 0 -0.1067691 -0.9942838
vn 0 -0.1499164 -0.9886988
vn 0 -0.2353438 -0.9719121
vn 0 -0.2773809 -0.9607601
vn 3.405211E-05 -0.360647 -0.9327024
vn 0 -0.4000654 -0.9164866
vn -1.380837E-05 -0.4792871 -0.8776581
vn 0 -0.5158736 -0.8566648
vn 8.76943E-05 -0.589534 -0.8077436
vn 0 -0.6228248 -0.7823613
vn 4.225011E-05 -0.689987 -0.7238216
vn 0 -0.7190866 -0.6949205
vn 0.0001301786 -0.778417 -0.6277476
vn 0 -0.8030177 -0.5959551
vn 2.209272E-05 -0.8538521 -0.5205159
vn 0 -0.8731831 -0.4873922
vn 4.281285E-05 -0.9144928 -0.4046021
vn 0 -0.9283997 -0.3715835
vn 0 -0.9564033 -0.2920492
vn 0 -0.9677917 -0.251752
vn 0 -0.9848124 -0.1736223
vn 0 -0.9914448 -0.1305272
vn 0 -0.9940385 0.1090303
vn 0 -0.9713916 0.2374835
vn 4.954933E-05 -0.2796001 0.9601166
vn 0 -0.1521734 0.9883537
vn 0 0.109029 0.9940385
vn 0 0.2374848 0.9713912
vn 4.935279E-05 0.9601166 0.2796001
vn 0 0.9883538 0.152173
vn -1.109752E-08 0.9940386 -0.1090287
vn 0 0.9713914 -0.2374843
vn 4.929577E-05 0.2795998 -0.9601166
vn 0 0.1521734 -0.9883537
vn 0 -0.109029 -0.9940385
vn 0 -0.2374849 -0.9713912
vn 4.930207E-05 -0.9601169 -0.2795986
vn 0 -0.9883537 -0.1521738
vn 1 0 0
vn 1 0 0
vn 1 0 0
vn 1 0 0
vn 0 1 1.041097E-06
vn 0 1 1.041097E-06
vn 0 1 1.041097E-06
vn 0 1 1.041097E-06
vn 1 0 0
vn 1 0 0
vn 1 0 0
vn 1 0 0
vn 0.8944272 -0.4472136 -4.655928E-07
vn 0.8944272 -0.4472136 -4.655928E-07
vn 0.8944272 -0.4472136 -4.655928E-07
vn 0.8944272 -0.4472136 -4.655928E-07
vn 0 -1 -1.041097E-06
vn 0 -1 -1.041097E-06
vn 0 -1 -1.041097E-06
vn 0 -1 -1.041097E-06
vn -1 0 0
vn -1 0 0
vn -1 0 0
vn -1 0 0
vn 0 -1 -1.041097E-06
vn 0 -1 -1.041097E-06
vn 0 -1 -1.041097E-06
vn 0 -1 -1.041097E-06
vn 0 1 1.041097E-06
vn 0 1 1.041097E-06
vn 0 1 1.041097E-06
vn 0 1 1.041097E-06
vn 0 -0.1090291 -0.9940386
vn 0 0.02196253 -0.9997588
vn 0 -0.02196045 -0.9997588
vn 0 -0.1521712 -0.9883541
vn 0 -0.2374254 -0.9714058
vn 0 -0.2795384 -0.9601345
vn 0 -0.3622606 -0.9320769
vn 0 -0.4028659 -0.9152591
vn 0 -0.4809962 -0.8767226
vn 0 -0.5185442 -0.8550509
vn 0 -0.5910972 -0.8066003
vn 0 -0.6260633 -0.7797722
vn 0 -0.6916217 -0.7222599
vn 0 -0.7222584 -0.6916233
vn 0 -0.7797709 -0.626065
vn 0 -0.8065991 -0.5910989
vn 0 -0.8550497 -0.5185459
vn 0 -0.8767218 -0.480998
vn 0 -0.9152582 -0.4028678
vn 0 -0.932076 -0.3622626
vn 0 -0.960134 -0.2795405
vn 0 -0.9714053 -0.2374274
vn 0 -0.9883538 -0.1521732
vn 0 -0.9940383 -0.1090311
vn 0 -0.9997588 -0.02196253
vn 0 -0.9997588 0.02196045
vn 0 -0.9940385 0.109029
vn 0 -0.9883541 0.1521711
vn 0 -0.9714058 0.2374254
vn 0 -0.9601346 0.2795385
vn 0 -0.9320768 0.3622607
vn 0 -0.9152591 0.4028659
vn 0 -0.8767226 0.4809962
vn 0 -0.8550508 0.5185443
vn 0 -0.8066002 0.5910974
vn 0 -0.7797722 0.6260635
vn 0 -0.7222599 0.6916216
vn 0 -0.6916235 0.7222583
vn 0 -0.6260652 0.7797706
vn 0 -0.591099 0.806599
vn 0 -0.518546 0.8550498
vn 0 -0.480998 0.8767217
vn 0 -0.402868 0.9152581
vn 0 -0.3622629 0.9320759
vn 0 -0.2795408 0.9601339
vn 0 -0.2374276 0.9714053
vn 0 -0.152173 0.9883538
vn 0 -0.1090307 0.9940383
vn 0 -0.02196233 0.9997588
vn 0 0.02196024 0.9997588
vn 0 0.1090287 0.9940386
vn 0 0.152171 0.9883542
vn 0 0.2374256 0.9714058
vn 0 0.2795388 0.9601344
vn 0 0.3622609 0.9320766
vn 0 0.4028661 0.9152589
vn 0 0.4809962 0.8767226
vn 0 0.5185442 0.8550509
vn 0 0.5910974 0.8066002
vn 0 0.6260635 0.7797719
vn 0 0.691622 0.7222597
vn 0 0.7222585 0.6916232
vn 0 0.7797709 0.6260651
vn 0 0.806599 0.5910991
vn 0 0.8550497 0.5185461
vn 0 0.8767217 0.480998
vn 0 0.9152582 0.4028678
vn 0 0.932076 0.3622626
vn 0 0.960134 0.2795405
vn 0 0.9714053 0.2374274
vn 0 0.9883538 0.1521732
vn 0 0.9940383 0.1090311
vn 0 0.9997588 0.02196253
vn 0 0.9997588 -0.02196045
vn 0 0.9940385 -0.109029
vn 0 0.9883541 -0.1521711
vn 0 0.9714058 -0.2374254
vn 0 0.9601346 -0.2795385
vn 0 0.9320768 -0.3622607
vn 0 0.9152591 -0.4028659
vn 0 0.8767228 -0.4809962
vn 0 0.8550508 -0.5185441
vn 0 0.8066003 -0.5910972
vn 0 0.7797722 -0.6260633
vn 0 0.7222599 -0.6916217
vn 0 0.6916233 -0.7222584
vn 0 0.626065 -0.7797709
vn 0 0.5910989 -0.8065991
vn 0 0.518546 -0.8550498
vn 0 0.480998 -0.8767217
vn 0 0.4028678 -0.9152582
vn 0 0.3622625 -0.9320762
vn 0 0.2795404 -0.9601339
vn 0 0.2374274 -0.9714053
vn 0 0.1521732 -0.9883538
vn 0 0.1090311 -0.9940383
vn -1 0 0
vn -1 0 0
vn -1 0 0
vn -1 0 0
vn -1 0 0
vn -1 0 0
vn -1 0 0
vn -1 0 0
vn -1 0 0
vn -1 0 0
vn -1 0 0
vn -1 0 0
vn -1 0 0
vn -1 0 0
vn -1 0 0
vn -1 0 0
vn -1 0 0
vn -1 0 0
vn -1 0 0
vn -1 0 0
vn -1 0 0
vn -1 0 0
vn -1 0 0
vn -1 0 0
vn -1 0 0
vn -1 0 0
vn -1 0 0
vn -1 0 0
vn -1 0 0
vn -1 0 0
vn -1 0 0
vn -1 0 0
vn -1 0 0
vn -0.9999999 0 0
vn -1 0 0
vn -1 0 0
vn -1 0 0
vn -1 0 0
vn -1 0 0
vn -1 0 0
vn -1 0 0
vn -1 0 0
vn -1 0 0
vn -1 0 0
vn -1 0 0
vn -1 0 0
vn -1 0 0
vn -1 0 0
vn -1 0 0
vn 0 -0.1090287 -0.9940386
vn 0 0.02196233 -0.9997588
vn 0 -0.02196024 -0.9997588
vn 0 -0.152171 -0.9883542
vn 0 -0.2374256 -0.9714058
vn 0 -0.2795388 -0.9601344
vn 0 -0.3622609 -0.9320766
vn 0 -0.4028661 -0.9152589
vn 0 -0.4809962 -0.8767226
vn 0 -0.5185442 -0.8550509
vn 0 -0.5910974 -0.8066002
vn 0 -0.6260635 -0.7797719
vn 0 -0.691622 -0.7222597
vn 0 -0.7222585 -0.6916232
vn 0 -0.7797709 -0.6260651
vn 0 -0.806599 -0.5910991
vn 0 -0.8550497 -0.5185461
vn 0 -0.8767217 -0.480998
vn 0 -0.9152582 -0.4028678
vn 0 -0.932076 -0.3622626
vn 0 -0.960134 -0.2795405
vn 0 -0.9714053 -0.2374274
vn 0 -0.9883538 -0.1521732
vn 0 -0.9940383 -0.1090311
vn 0 -0.9997588 -0.02196253
vn 0 -0.9997588 0.02196045
vn 0 -0.9940385 0.109029
vn 0 -0.9883541 0.1521711
vn 0 -0.9714058 0.2374254
vn 0 -0.9601346 0.2795385
vn 0 -0.9320768 0.3622607
vn 0 -0.9152591 0.4028659
vn 0 -0.8767228 0.4809962
vn 0 -0.8550508 0.5185441
vn 0 -0.8066003 0.5910972
vn 0 -0.7797722 0.6260633
vn 0 -0.7222599 0.6916217
vn 0 -0.6916233 0.7222584
vn 0 -0.626065 0.7797709
vn 0 -0.5910989 0.8065991
vn 0 -0.518546 0.8550498
vn 0 -0.480998 0.8767217
vn 0 -0.4028678 0.9152582
vn 0 -0.3622625 0.9320762
vn 0 -0.2795404 0.9601339
vn 0 -0.2374274 0.9714053
vn 0 -0.1521732 0.9883538
vn 0 -0.1090311 0.9940383
vn 0 -0.02196253 0.9997588
vn 0 0.02196045 0.9997588
vn 0 0.1090291 0.9940386
vn 0 0.1521712 0.9883541
vn 0 0.2374254 0.9714058
vn 0 0.2795384 0.9601345
vn 0 0.3622606 0.9320769
vn 0 0.4028659 0.9152591
vn 0 0.4809962 0.8767226
vn 0 0.5185442 0.8550509
vn 0 0.5910972 0.8066003
vn 0 0.6260633 0.7797722
vn 0 0.6916217 0.7222599
vn 0 0.7222584 0.6916233
vn 0 0.7797709 0.626065
vn 0 0.8065991 0.5910989
vn 0 0.8550497 0.5185459
vn 0 0.8767218 0.480998
vn 0 0.9152582 0.4028678
vn 0 0.932076 0.3622626
vn 0 0.960134 0.2795405
vn 0 0.9714053 0.2374274
vn 0 0.9883538 0.1521732
vn 0 0.9940383 0.1090311
vn 0 0.9997588 0.02196253
vn 0 0.9997588 -0.02196045
vn 0 0.9940385 -0.109029
vn 0 0.9883541 -0.1521711
vn 0 0.9714058 -0.2374254
vn 0 0.9601346 -0.2795385
vn 0 0.9320768 -0.3622607
vn 0 0.9152591 -0.4028659
vn 0 0.8767226 -0.4809962
vn 0 0.8550508 -0.5185443
vn 0 0.8066002 -0.5910974
vn 0 0.7797722 -0.6260635
vn 0 0.7222599 -0.6916216
vn 0 0.6916235 -0.7222583
vn 0 0.6260652 -0.7797706
vn 0 0.591099 -0.806599
vn 0 0.518546 -0.8550498
vn 0 0.480998 -0.8767217
vn 0 0.402868 -0.9152581
vn 0 0.3622629 -0.9320759
vn 0 0.2795408 -0.9601339
vn 0 0.2374276 -0.9714053
vn 0 0.152173 -0.9883538
vn 0 0.1090307 -0.9940383
vn -1 0 0
vn -1 0 0
vn -1 0 0
vn -1 0 0
vn -1 0 0
vn -1 0 0
vn -1 0 0
vn -1 0 0
vn -1 0 0
vn -0.9999999 0 0
vn -1 0 0
vn -1 0 0
vn -1 0 0
vn -1 0 0
vn -1 0 0
vn -1 0 0
vn -1 0 0
vn -1 0 0
vn -1 0 0
vn -1 0 0
vn -1 0 0
vn -1 0 0
vn -1 0 0
vn -1 0 0
vn -1 0 0
vn -1 0 0
vn -1 0 0
vn -1 0 0
vn -1 0 0
vn -1 0 0
vn -1 0 0
vn -1 0 0
vn -1 0 0
vn -1 0 0
vn -1 0 0
vn -1 0 0
vn -1 0 0
vn -1 0 0
vn -1 0 0
vn -1 0 0
vn -1 0 0
vn -1 0 0
vn -1 0 0
vn -1 0 0
vn -1 0 0
vn -1 0 0
vn -1 0 0
vn -1 0 0
vn -1 0 0
vn 1 0 0
vn 1 0 0
vn 1 0 0
vn 1 0 0
vn 1 0 0
vn 1 0 0
vn 1 0 0
vn 1 0 0
vn 0 1.041097E-06 -1
vn 0 1.041097E-06 -1
vn 0 1.041097E-06 -1
vn 0 1.041097E-06 -1
vn 0 1.041097E-06 -1
vn 0 -1.041097E-06 1
vn 0 -1.041097E-06 1
vn 0 -1.041097E-06 1
vn 0 -1.041097E-06 1
vn 0 -1.041097E-06 1
vn 0 -1.041097E-06 1
vn 0 1.041097E-06 -1
vn 0 1.041097E-06 -1
vn 0 1.041097E-06 -1
vn 0 1.041097E-06 -1
vn 0 1.041097E-06 -1
vn 0 1.041097E-06 -1
vn 0 -1.041097E-06 1
vn 0 -1.041097E-06 0.9999999
vn 0 -1.041097E-06 1
vn 0 -1.041097E-06 1
vn 0 -1.041097E-06 1
vn -0.8944272 0.4472136 4.655928E-07
vn -0.8944272 0.4472136 4.655928E-07
vn -0.8944272 0.4472136 4.655928E-07
vn -0.8944272 0.4472136 4.655928E-07
vt 17.217 15.1654
vt 14 16
vt 34 16
vt 33.217 15.1654
vt 16.4472 14.2426
vt 32.4472 14.2426
vt 15.7038 13.2472
vt 31.7038 13.2472
vt 15 12.196
vt 31 12.196
vt 14.3472 11.1076
vt 30.3472 11.1076
vt 13.7574 10
vt 29.7574 10
vt 13.2396 8.892401
vt 29.2396 8.892401
vt 12.804 7.804
vt 28.804 7.804
vt 12.4566 6.7528
vt 28.4566 6.7528
vt 12.2046 5.7574
vt 28.2046 5.7574
vt 12.0516 4.8346
vt 28.0516 4.8346
vt 12 4
vt 28 4
vt 12.0516 3.2686
vt 28.0516 3.2686
vt 12.2046 2.6518
vt 28.2046 2.6518
vt 12.4566 2.1604
vt 28.4566 2.1604
vt 12.804 1.804
vt 28.804 1.804
vt 13.2396 1.5868
vt 29.2396 1.5868
vt 13.7574 1.5148
vt 19.7574 1.5148
vt 3.2396 1.5868
vt 19.2396 1.5868
vt 2.804 1.804
vt 18.804 1.804
vt 2.4566 2.1604
vt 18.4566 2.1604
vt 2.2046 2.6518
vt 18.2046 2.6518
vt 2.0516 3.2686
vt 18.0516 3.2686
vt 2 4
vt 18 4
vt 2.0516 4.8346
vt 18.0516 4.8346
vt 2.2046 5.7574
vt 18.2046 5.7574
vt 2.4566 6.7528
vt 18.4566 6.7528
vt 2.804 7.804
vt 18.804 7.804
vt 3.2396 8.8924
vt 19.2396 8.8924
vt 3.7574 10
vt 19.7574 10
vt 4.3472 11.1076
vt 20.3472 11.1076
vt 5 12.196
vt 21 12.196
vt 5.7038 13.2472
vt 21.7038 13.2472
vt 6.4472 14.2426
vt 22.4472 14.2426
vt 7.217 15.1654
vt 23.217 15.1654
vt 8 16
vt 40 16
vt 23.9484 16.7314
vt 39.9484 16.7314
vt 23.7954 17.3482
vt 39.7954 17.3482
vt 23.5434 17.8396
vt 39.5434 17.8396
vt 23.196 18.196
vt 39.196 18.196
vt 22.7604 18.4132
vt 38.7604 18.4132
vt 22.2426 18.4852
vt 28.2426 18.4852
vt 12.7604 18.4132
vt 28.7604 18.4132
vt 13.196 18.196
vt 29.196 18.196
vt 13.5434 17.8396
vt 29.5434 17.8396
vt 13.7954 17.3482
vt 29.7954 17.3482
vt 13.9484 16.7314
vt 29.9484 16.7314
vt 15.9312 16.8872
vt 16 18
vt 32 18
vt 31.9312 16.8872
vt 15.7272 15.6568
vt 31.7272 15.6568
vt 15.3912 14.3296
vt 31.3912 14.3296
vt 14.928 12.928
vt 30.928 12.928
vt 14.3472 11.4768
vt 30.3472 11.4768
vt 13.6568 10
vt 29.6568 10
vt 12.8704 8.5232
vt 28.8704 8.5232
vt 12 7.072
vt 28 7.072
vt 11.0616 5.6704
vt 27.0616 5.6704
vt 10.0704 4.3432
vt 26.0704 4.3432
vt 9.044 3.1128
vt 25.044 3.1128
vt 8 2
vt 26 2
vt 10.0688 1.0248
vt 26.0688 1.0248
vt 10.2728 0.2024
vt 26.2728 0.2024
vt 10.6088 -0.4528
vt 26.6088 -0.4528
vt 11.072 -0.928
vt 27.072 -0.928
vt 11.6528 -1.2176
vt 27.6528 -1.2176
vt 12.3432 -1.3136
vt 18.3432 -1.3136
vt 1.6528 -1.2176
vt 17.6528 -1.2176
vt 1.072 -0.928
vt 17.072 -0.928
vt 0.6087999 -0.4527998
vt 16.6088 -0.4527998
vt 0.2728 0.2023997
vt 16.2728 0.2023997
vt 0.06879997 1.0248
vt 16.0688 1.0248
vt 0 2
vt 34 2
vt 19.044 3.1128
vt 35.044 3.1128
vt 20.0704 4.3432
vt 36.0704 4.3432
vt 21.0616 5.6704
vt 37.0616 5.6704
vt 22 7.072
vt 38 7.072
vt 22.8704 8.523199
vt 38.8704 8.523199
vt 23.6568 10
vt 39.6568 10
vt 24.3472 11.4768
vt 40.3472 11.4768
vt 24.928 12.928
vt 40.928 12.928
vt 25.3912 14.3296
vt 41.3912 14.3296
vt 25.7272 15.6568
vt 41.7272 15.6568
vt 25.9312 16.8872
vt 41.9312 16.8872
vt 26 18
vt 42 18
vt 25.9312 18.9752
vt 41.9312 18.9752
vt 25.7272 19.7976
vt 41.7272 19.7976
vt 25.3912 20.4528
vt 41.3912 20.4528
vt 24.928 20.928
vt 40.928 20.928
vt 24.3472 21.2176
vt 40.3472 21.2176
vt 23.6568 21.3136
vt 29.6568 21.3136
vt 14.3472 21.2176
vt 30.3472 21.2176
vt 14.928 20.928
vt 30.928 20.928
vt 15.3912 20.4528
vt 31.3912 20.4528
vt 15.7272 19.7976
vt 31.7272 19.7976
vt 15.9312 18.9752
vt 31.9312 18.9752
vt 34 30
vt 33.217 29.9484
vt 32.956 31.9312
vt 34 32
vt 32.4472 29.7954
vt 31.9296 31.7272
vt 31.7038 29.5434
vt 30.9384 31.3912
vt 31 29.196
vt 30 30.928
vt 30.3472 28.7604
vt 29.1296 30.3472
vt 29.7574 28.2426
vt 28.3432 29.6568
vt 29.2396 27.6528
vt 27.6528 28.8704
vt 28.804 27
vt 27.072 28
vt 28.4566 26.2962
vt 26.6088 27.0616
vt 28.2046 25.5528
vt 26.2728 26.0704
vt 28.0516 24.783
vt 26.0688 25.044
vt 28 24
vt 26 24
vt 28.0516 23.217
vt 26.0688 22.956
vt 28.2046 22.4472
vt 26.2728 21.9296
vt 28.4566 21.7038
vt 26.6088 20.9384
vt 28.804 21
vt 27.072 20
vt 29.2396 20.3472
vt 27.6528 19.1296
vt 29.7574 19.7574
vt 28.3432 18.3432
vt 30.3472 19.2396
vt 29.1296 17.6528
vt 31 18.804
vt 30 17.072
vt 31.7038 18.4566
vt 30.9384 16.6088
vt 32.4472 18.2046
vt 31.9296 16.2728
vt 33.217 18.0516
vt 32.956 16.0688
vt 34 18
vt 34 16
vt 34.783 18.0516
vt 35.044 16.0688
vt 35.5528 18.2046
vt 36.0704 16.2728
vt 36.2962 18.4566
vt 37.0616 16.6088
vt 37 18.804
vt 38 17.072
vt 37.6528 19.2396
vt 38.8704 17.6528
vt 38.2426 19.7574
vt 39.6568 18.3432
vt 38.7604 20.3472
vt 40.3472 19.1296
vt 39.196 21
vt 40.928 20
vt 39.5434 21.7038
vt 41.3912 20.9384
vt 39.7954 22.4472
vt 41.7272 21.9296
vt 39.9484 23.217
vt 41.9312 22.956
vt 40 24
vt 42 24
vt 39.9484 24.783
vt 41.9312 25.044
vt 39.7954 25.5528
vt 41.7272 26.0704
vt 39.5434 26.2962
vt 41.3912 27.0616
vt 39.196 27
vt 40.928 28
vt 38.7604 27.6528
vt 40.3472 28.8704
vt 38.2426 28.2426
vt 39.6568 29.6568
vt 37.6528 28.7604
vt 38.8704 30.3472
vt 37 29.196
vt 38 30.928
vt 36.2962 29.5434
vt 37.0616 31.3912
vt 35.5528 29.7954
vt 36.0704 31.7272
vt 34.783 29.9484
vt 35.044 31.9312
vt 25.8968 18.9752
vt 25.5908 19.7976
vt 25.0868 20.4528
vt 24.392 20.928
vt 23.5208 21.2176
vt 22.4852 21.3136
vt 12.7824 21.2176
vt 12.928 20.928
vt 12.922 20.4528
vt 12.7624 19.7976
vt 12.4532 18.9752
vt 12 18
vt 25.8968 16.8872
vt 25.5908 15.6568
vt 25.0868 14.3296
vt 24.392 12.928
vt 23.5208 11.4768
vt 22.4852 10
vt 21.3056 8.523199
vt 20 7.072
vt 18.5924 5.6704
vt 17.1056 4.3432
vt 15.566 3.1128
vt 14 2
vt 11.9312 16.8872
vt 11.7272 15.6568
vt 11.3912 14.3296
vt 10.928 12.928
vt 10.3472 11.4768
vt 9.656799 10
vt 8.870399 8.5232
vt 8 7.072
vt 7.0616 5.6704
vt 6.0704 4.3432
vt 5.044 3.1128
vt 6 2
vt 6.0688 1.0248
vt 6.2728 0.2024
vt 6.6088 -0.4528
vt 7.072 -0.928
vt 7.6528 -1.2176
vt -1.6568 -1.3136
vt -2.3472 -1.2176
vt -2.928 -0.928
vt -3.3912 -0.4527998
vt -3.7272 0.2023997
vt -3.9312 1.0248
vt 22.9484 16.7314
vt 22.9226 16.7314
vt 23 16
vt 22.7954 17.3482
vt 22.6931 17.3482
vt 22.5434 17.8396
vt 22.3151 17.8396
vt 22.196 18.196
vt 21.794 18.196
vt 21.7604 18.4132
vt 21.1406 18.4132
vt 11.2426 18.4852
vt 20.3639 18.4852
vt 11.7604 18.4132
vt 10.5868 18.4132
vt 12.196 18.196
vt 10.696 18.196
vt 12.5434 17.8396
vt 10.6915 17.8396
vt 12.7954 17.3482
vt 10.5718 17.3482
vt 12.9484 16.7314
vt 10.3399 16.7314
vt 17 16
vt 14 16
vt 6.217 15.1654
vt 6.1912 15.1654
vt 5.4472 14.2426
vt 5.3449 14.2426
vt 4.7038 13.2472
vt 4.4755 13.2472
vt 4 12.196
vt 3.598 12.196
vt 3.3472 11.1076
vt 2.7274 11.1076
vt 2.7574 10
vt 1.8787 10
vt 2.2396 8.8924
vt 1.066 8.8924
vt 1.804 7.804
vt 0.3039999 7.804
vt 1.4566 6.7528
vt -0.3952999 6.7528
vt 1.2046 5.7574
vt -1.019 5.7574
vt 1.0516 4.8346
vt -1.5569 4.8346
vt 1 4
vt -2 4
vt 16.217 15.1654
vt 13.217 15.1654
vt 15.4472 14.2426
vt 12.4472 14.2426
vt 14.7038 13.2472
vt 11.7038 13.2472
vt 14 12.196
vt 11 12.196
vt 13.3472 11.1076
vt 10.3472 11.1076
vt 12.7574 10
vt 9.757401 10
vt 12.2396 8.892401
vt 9.2396 8.892401
vt 11.804 7.804
vt 8.804 7.804
vt 11.4566 6.7528
vt 8.4566 6.7528
vt 11.2046 5.7574
vt 8.204599 5.7574
vt 11.0516 4.8346
vt 8.0516 4.8346
vt 11 4
vt 8 4
vt 11.0516 3.2686
vt 8.0516 3.2686
vt 11.2046 2.6518
vt 8.204599 2.6518
vt 11.4566 2.1604
vt 8.4566 2.1604
vt 11.804 1.804
vt 8.804 1.804
vt 12.2396 1.5868
vt 9.2396 1.5868
vt 12.7574 1.5148
vt -0.2426 1.5148
vt 2.2396 1.5868
vt -0.7603998 1.5868
vt 1.804 1.804
vt -1.196 1.804
vt 1.4566 2.1604
vt -1.5434 2.1604
vt 1.2046 2.6518
vt -1.7954 2.6518
vt 1.0516 3.2686
vt -1.9484 3.2686
vt 47.217 35.1654
vt 24 36
vt 54 36
vt 53.217 35.1654
vt 46.4472 34.2426
vt 52.4472 34.2426
vt 45.7038 33.2472
vt 51.7038 33.2472
vt 45 32.196
vt 51 32.196
vt 44.3472 31.1076
vt 50.3472 31.1076
vt 43.7574 30
vt 49.7574 30
vt 43.2396 28.8924
vt 49.2396 28.8924
vt 42.804 27.804
vt 48.804 27.804
vt 42.4566 26.7528
vt 48.4566 26.7528
vt 42.2046 25.7574
vt 48.2046 25.7574
vt 42.0516 24.8346
vt 48.0516 24.8346
vt 42 24
vt 48 24
vt 42.0516 23.2686
vt 48.0516 23.2686
vt 42.2046 22.6518
vt 48.2046 22.6518
vt 42.4566 22.1604
vt 48.4566 22.1604
vt 42.804 21.804
vt 48.804 21.804
vt 43.2396 21.5868
vt 49.2396 21.5868
vt 43.7574 21.5148
vt 19.7574 21.5148
vt 13.2396 21.5868
vt 19.2396 21.5868
vt 12.804 21.804
vt 18.804 21.804
vt 12.4566 22.1604
vt 18.4566 22.1604
vt 12.2046 22.6518
vt 18.2046 22.6518
vt 12.0516 23.2686
vt 18.0516 23.2686
vt 12 24
vt 18 24
vt 12.0516 24.8346
vt 18.0516 24.8346
vt 12.2046 25.7574
vt 18.2046 25.7574
vt 12.4566 26.7528
vt 18.4566 26.7528
vt 12.804 27.804
vt 18.804 27.804
vt 13.2396 28.8924
vt 19.2396 28.8924
vt 13.7574 30
vt 19.7574 30
vt 14.3472 31.1076
vt 20.3472 31.1076
vt 15 32.196
vt 21 32.196
vt 15.7038 33.2472
vt 21.7038 33.2472
vt 16.4472 34.2426
vt 22.4472 34.2426
vt 17.217 35.1654
vt 23.217 35.1654
vt 18 36
vt 60 36
vt 53.9484 36.7314
vt 59.9484 36.7314
vt 53.7954 37.3482
vt 59.7954 37.3482
vt 53.5434 37.8396
vt 59.5434 37.8396
vt 53.196 38.196
vt 59.196 38.196
vt 52.7604 38.4132
vt 58.7604 38.4132
vt 52.2426 38.4852
vt 28.2426 38.4852
vt 22.7604 38.4132
vt 28.7604 38.4132
vt 23.196 38.196
vt 29.196 38.196
vt 23.5434 37.8396
vt 29.5434 37.8396
vt 23.7954 37.3482
vt 29.7954 37.3482
vt 23.9484 36.7314
vt 29.9484 36.7314
vt 25.9312 36.8872
vt 26 38
vt 32 38
vt 31.9312 36.8872
vt 25.7272 35.6568
vt 31.7272 35.6568
vt 25.3912 34.3296
vt 31.3912 34.3296
vt 24.928 32.928
vt 30.928 32.928
vt 24.3472 31.4768
vt 30.3472 31.4768
vt 23.6568 30
vt 29.6568 30
vt 22.8704 28.5232
vt 28.8704 28.5232
vt 22 27.072
vt 28 27.072
vt 21.0616 25.6704
vt 27.0616 25.6704
vt 20.0704 24.3432
vt 26.0704 24.3432
vt 19.044 23.1128
vt 25.044 23.1128
vt 18 22
vt 46 22
vt 40.0688 21.0248
vt 46.0688 21.0248
vt 40.2728 20.2024
vt 46.2728 20.2024
vt 40.6088 19.5472
vt 46.6088 19.5472
vt 41.072 19.072
vt 47.072 19.072
vt 41.6528 18.7824
vt 47.6528 18.7824
vt 42.3432 18.6864
vt 18.3432 18.6864
vt 11.6528 18.7824
vt 17.6528 18.7824
vt 11.072 19.072
vt 17.072 19.072
vt 10.6088 19.5472
vt 16.6088 19.5472
vt 10.2728 20.2024
vt 16.2728 20.2024
vt 10.0688 21.0248
vt 16.0688 21.0248
vt 10 22
vt 54 22
vt 49.044 23.1128
vt 55.044 23.1128
vt 50.0704 24.3432
vt 56.0704 24.3432
vt 51.0616 25.6704
vt 57.0616 25.6704
vt 52 27.072
vt 58 27.072
vt 52.8704 28.5232
vt 58.8704 28.5232
vt 53.6568 30
vt 59.6568 30
vt 54.3472 31.4768
vt 60.3472 31.4768
vt 54.928 32.928
vt 60.928 32.928
vt 55.3912 34.3296
vt 61.3912 34.3296
vt 55.7272 35.6568
vt 61.7272 35.6568
vt 55.9312 36.8872
vt 61.9312 36.8872
vt 56 38
vt 62 38
vt 55.9312 38.9752
vt 61.9312 38.9752
vt 55.7272 39.7976
vt 61.7272 39.7976
vt 55.3912 40.4528
vt 61.3912 40.4528
vt 54.928 40.928
vt 60.928 40.928
vt 54.3472 41.2176
vt 60.3472 41.2176
vt 53.6568 41.3136
vt 29.6568 41.3136
vt 24.3472 41.2176
vt 30.3472 41.2176
vt 24.928 40.928
vt 30.928 40.928
vt 25.3912 40.4528
vt 31.3912 40.4528
vt 25.7272 39.7976
vt 31.7272 39.7976
vt 25.9312 38.9752
vt 31.9312 38.9752
vt 54 30
vt 53.217 29.9484
vt 52.956 31.9312
vt 54 32
vt 52.4472 29.7954
vt 51.9296 31.7272
vt 51.7038 29.5434
vt 50.9384 31.3912
vt 51 29.196
vt 50 30.928
vt 50.3472 28.7604
vt 49.1296 30.3472
vt 49.7574 28.2426
vt 48.3432 29.6568
vt 49.2396 27.6528
vt 47.6528 28.8704
vt 48.804 27
vt 47.072 28
vt 48.4566 26.2962
vt 46.6088 27.0616
vt 48.2046 25.5528
vt 46.2728 26.0704
vt 48.0516 24.783
vt 46.0688 25.044
vt 48 24
vt 46 24
vt 48.0516 23.217
vt 46.0688 22.956
vt 48.2046 22.4472
vt 46.2728 21.9296
vt 48.4566 21.7038
vt 46.6088 20.9384
vt 48.804 21
vt 47.072 20
vt 49.2396 20.3472
vt 47.6528 19.1296
vt 49.7574 19.7574
vt 48.3432 18.3432
vt 50.3472 19.2396
vt 49.1296 17.6528
vt 51 18.804
vt 50 17.072
vt 51.7038 18.4566
vt 50.9384 16.6088
vt 52.4472 18.2046
vt 51.9296 16.2728
vt 53.217 18.0516
vt 52.956 16.0688
vt 54 18
vt 54 16
vt 54.783 18.0516
vt 55.044 16.0688
vt 55.5528 18.2046
vt 56.0704 16.2728
vt 56.2962 18.4566
vt 57.0616 16.6088
vt 57 18.804
vt 58 17.072
vt 57.6528 19.2396
vt 58.8704 17.6528
vt 58.2426 19.7574
vt 59.6568 18.3432
vt 58.7604 20.3472
vt 60.3472 19.1296
vt 59.196 21
vt 60.928 20
vt 59.5434 21.7038
vt 61.3912 20.9384
vt 59.7954 22.4472
vt 61.7272 21.9296
vt 59.9484 23.217
vt 61.9312 22.956
vt 60 24
vt 62 24
vt 59.9484 24.783
vt 61.9312 25.044
vt 59.7954 25.5528
vt 61.7272 26.0704
vt 59.5434 26.2962
vt 61.3912 27.0616
vt 59.196 27
vt 60.928 28
vt 58.7604 27.6528
vt 60.3472 28.8704
vt 58.2426 28.2426
vt 59.6568 29.6568
vt 57.6528 28.7604
vt 58.8704 30.3472
vt 57 29.196
vt 58 30.928
vt 56.2962 29.5434
vt 57.0616 31.3912
vt 55.5528 29.7954
vt 56.0704 31.7272
vt 54.783 29.9484
vt 55.044 31.9312
vt 55.93152 38.97576
vt 55.89728 38.97576
vt 55.72741 39.79796
vt 55.59111 39.79796
vt 55.39104 40.4525
vt 55.08656 40.4525
vt 54.3923 40.9282
vt 53.52024 41.21692
vt 22.48528 41.31371
vt 22.78187 41.21692
vt 22.9282 40.9282
vt 25.39104 40.4525
vt 22.92177 40.4525
vt 25.72741 39.79796
vt 22.76268 39.79796
vt 25.93156 38.97577
vt 22.45366 38.97577
vt 22 38
vt 25.93156 36.88735
vt 21.40945 36.88735
vt 25.72741 35.65685
vt 20.69213 35.65685
vt 25.39104 34.32957
vt 19.8603 34.32957
vt 18.9282 32.9282
vt 17.91178 31.47674
vt 16.82843 30
vt 15.69668 28.52327
vt 14.5359 27.0718
vt 21.06147 25.67043
vt 13.36595 25.67043
vt 20.07055 24.34314
vt 12.20685 24.34314
vt 19.04421 23.11265
vt 11.07843 23.11265
vt 32 22
vt 40.06844 21.02423
vt 32.10266 21.02423
vt 40.27259 20.20204
vt 32.40889 20.20204
vt 40.60896 19.5475
vt 32.91344 19.5475
vt 33.6077 19.07179
vt 34.47976 18.78308
vt 5.514717 18.68629
vt 5.218125 18.78308
vt 5.071797 19.0718
vt 10.60896 19.5475
vt 5.07823 19.5475
vt 10.27259 20.20204
vt 5.237317 20.20204
vt 10.06844 21.02423
vt 5.546337 21.02423
vt 44 22
vt 49.04421 23.11265
vt 45.56631 23.11265
vt 50.07055 24.34315
vt 47.10583 24.34315
vt 51.06147 25.67043
vt 48.59221 25.67043
vt 50 27.0718
vt 51.30514 28.52326
vt 52.48528 30
vt 53.52024 31.47674
vt 54.3923 32.9282
vt 55.39104 34.32957
vt 55.08656 34.32957
vt 55.72741 35.65686
vt 55.59111 35.65686
vt 55.93156 36.88735
vt 55.89734 36.88735
vt 52.94864 36.73182
vt 52.92296 36.73182
vt 17 36
vt 52.79556 37.34847
vt 52.69333 37.34847
vt 52.54328 37.83938
vt 52.31492 37.83938
vt 52.19615 38.19615
vt 51.79423 38.19615
vt 51.76012 38.41269
vt 51.14018 38.41269
vt 51.24264 38.48528
vt 20.36396 38.48528
vt 21.76012 38.41269
vt 20.5864 38.41269
vt 22.19615 38.19615
vt 20.69615 38.19615
vt 22.54328 37.83938
vt 20.69133 37.83938
vt 22.79556 37.34847
vt 20.57201 37.34847
vt 22.94867 36.73183
vt 20.34025 36.73183
vt 23 36
vt 44 36
vt 46.21684 35.16551
vt 42.82526 35.16551
vt 45.44708 34.24264
vt 41.67063 34.24264
vt 44.7039 33.24718
vt 40.55585 33.24718
vt 44 32.19615
vt 39.5 32.19615
vt 43.34743 31.10755
vt 38.52115 31.10755
vt 42.75736 30
vt 37.63604 30
vt 42.23988 28.89245
vt 36.85982 28.89245
vt 41.80385 27.80385
vt 36.20577 27.80385
vt 41.45672 26.75282
vt 35.68508 26.75282
vt 41.20444 25.75736
vt 35.30667 25.75736
vt 41.05133 24.83449
vt 35.077 24.83449
vt 41 24
vt 35 24
vt 41.05133 23.26817
vt 35.077 23.26817
vt 41.20444 22.65153
vt 35.30667 22.65153
vt 41.45672 22.16062
vt 35.68508 22.16062
vt 41.80385 21.80385
vt 36.20577 21.80385
vt 42.23988 21.58731
vt 36.85982 21.58731
vt 42.75736 21.51472
vt 7.636038 21.51472
vt 12.23988 21.58731
vt 7.413594 21.58731
vt 11.80385 21.80385
vt 7.303848 21.80385
vt 11.45672 22.16062
vt 7.308672 22.16062
vt 11.20444 22.65153
vt 7.427988 22.65153
vt 11.05133 23.26818
vt 7.659753 23.26818
vt 11 24
vt 8 24
vt 11.05133 24.83449
vt 8.442909 24.83449
vt 11.20444 25.75736
vt 8.980902 25.75736
vt 11.45672 26.75282
vt 9.604774 26.75282
vt 11.80385 27.80385
vt 10.30385 27.80385
vt 12.23988 28.89245
vt 11.06616 28.89245
vt 12.75736 30
vt 11.87868 30
vt 13.34743 31.10755
vt 12.72749 31.10755
vt 14 32.19615
vt 13.59808 32.19615
vt 14.7039 33.24718
vt 14.47554 33.24718
vt 15.44709 34.24264
vt 15.34486 34.24264
vt 16.21684 35.16551
vt 16.19118 35.16551
vt 52.9484 36.7314
vt 52.7954 37.3482
vt 22.7954 37.3482
vt 22.9484 36.7314
vt 46.217 35.1654
vt 45.4472 34.2426
vt 41.2046 25.7574
vt 41.0516 24.8346
vt 41.0516 23.2686
vt 41.2046 22.6518
vt 11.2046 22.6518
vt 11.0516 23.2686
vt 11.0516 24.8346
vt 11.2046 25.7574
vt 15.4472 34.2426
vt 16.217 35.1654
vt -2 -12
vt 14 -12
vt 14 20
vt -2 20
vt 18 10
vt 18 -22
vt -2 -22
vt -2 10
vt 62 4
vt 66 4
vt 66 36
vt 62 36
vt 14 26
vt 14 -6
vt 62 26
vt 62 58
vt 70 62
vt 66 62
vt 66 30
vt 70 30
vt -10 -20
vt 10 -20
vt 10 20
vt -10 20
vt 14 10
vt 14 -30
vt -10 -30
vt -10 10
vt 74 70
vt 70 70
vt 70 30
vt 74 30
vt -8.0516 -4.8346
vt -8 -4
vt -4 -4
vt -4.0516 -4.8346
vt -8.204599 -5.7574
vt -4.2046 -5.7574
vt -8.4566 -6.7528
vt -4.4566 -6.7528
vt -8.804 -7.804
vt -4.804 -7.804
vt -9.2396 -8.892401
vt -5.2396 -8.892401
vt -9.757401 -10
vt -5.7574 -10
vt -10.3472 -11.1076
vt -6.3472 -11.1076
vt -11 -12.196
vt -7 -12.196
vt -11.7038 -13.2472
vt -7.7038 -13.2472
vt -12.4472 -14.2426
vt -8.4472 -14.2426
vt -13.217 -15.1654
vt -9.217 -15.1654
vt -14 -16
vt -6 -16
vt -9.9484 -16.7314
vt -5.9484 -16.7314
vt -9.795401 -17.3482
vt -5.7954 -17.3482
vt -9.5434 -17.8396
vt -5.5434 -17.8396
vt -9.196 -18.196
vt -5.196 -18.196
vt -8.7604 -18.4132
vt -4.7604 -18.4132
vt -8.242599 -18.4852
vt -14.2426 -18.4852
vt -18.7604 -18.4132
vt -14.7604 -18.4132
vt -19.196 -18.196
vt -15.196 -18.196
vt -19.5434 -17.8396
vt -15.5434 -17.8396
vt -19.7954 -17.3482
vt -15.7954 -17.3482
vt -19.9484 -16.7314
vt -15.9484 -16.7314
vt -20 -16
vt 0 -16
vt -3.217 -15.1654
vt 0.783 -15.1654
vt -2.4472 -14.2426
vt 1.5528 -14.2426
vt -1.7038 -13.2472
vt 2.2962 -13.2472
vt -1 -12.196
vt 3 -12.196
vt -0.3471999 -11.1076
vt 3.6528 -11.1076
vt 0.2426 -10
vt 4.2426 -10
vt 0.7603998 -8.8924
vt 4.7604 -8.8924
vt 1.196 -7.804
vt 5.196 -7.804
vt 1.5434 -6.7528
vt 5.5434 -6.7528
vt 1.7954 -5.7574
vt 5.7954 -5.7574
vt 1.9484 -4.8346
vt 5.9484 -4.8346
vt 2 -4
vt 6 -4
vt 1.9484 -3.2686
vt 5.9484 -3.2686
vt 1.7954 -2.6518
vt 5.7954 -2.6518
vt 1.5434 -2.1604
vt 5.5434 -2.1604
vt 1.196 -1.804
vt 5.196 -1.804
vt 0.7603998 -1.5868
vt 4.7604 -1.5868
vt 0.2426 -1.5148
vt -5.7574 -1.5148
vt -9.2396 -1.5868
vt -5.2396 -1.5868
vt -8.804 -1.804
vt -4.804 -1.804
vt -8.4566 -2.1604
vt -4.4566 -2.1604
vt -8.204599 -2.6518
vt -4.2046 -2.6518
vt -8.0516 -3.2686
vt -4.0516 -3.2686
vt -4.783 -8.0516
vt -4 -8
vt -4 -14
vt -5.5528 -8.204599
vt -6.2962 -8.4566
vt -7 -8.804
vt -7.6528 -9.2396
vt -8.242599 -9.757401
vt -8.7604 -10.3472
vt -9.196 -11
vt -9.5434 -11.7038
vt -9.795401 -12.4472
vt -9.9484 -13.217
vt -10 -14
vt -9.9484 -14.783
vt -9.795401 -15.5528
vt -9.5434 -16.2962
vt -9.196 -17
vt -8.7604 -17.6528
vt -8.242599 -18.2426
vt -7.6528 -18.7604
vt -7 -19.196
vt -6.2962 -19.5434
vt -5.5528 -19.7954
vt -4.783 -19.9484
vt -4 -20
vt -3.217 -19.9484
vt -2.4472 -19.7954
vt -1.7038 -19.5434
vt -1 -19.196
vt -0.3471999 -18.7604
vt 0.2426 -18.2426
vt 0.7603998 -17.6528
vt 1.196 -17
vt 1.5434 -16.2962
vt 1.7954 -15.5528
vt 1.9484 -14.783
vt 2 -14
vt 1.9484 -13.217
vt 1.7954 -12.4472
vt 1.5434 -11.7038
vt 1.196 -11
vt 0.7603998 -10.3472
vt 0.2426 -9.757401
vt -0.3471999 -9.2396
vt -1 -8.804
vt -1.7038 -8.4566
vt -2.4472 -8.204599
vt -3.217 -8.0516
vt 11.9484 15.1654
vt 12 16
vt 16 16
vt 15.9484 15.1654
vt 11.7954 14.2426
vt 15.7954 14.2426
vt 11.5434 13.2472
vt 15.5434 13.2472
vt 11.196 12.196
vt 15.196 12.196
vt 10.7604 11.1076
vt 14.7604 11.1076
vt 10.2426 10
vt 14.2426 10
vt 9.6528 8.8924
vt 13.6528 8.8924
vt 9 7.804
vt 13 7.804
vt 8.2962 6.7528
vt 12.2962 6.7528
vt 7.5528 5.7574
vt 11.5528 5.7574
vt 6.783 4.8346
vt 10.783 4.8346
vt 6 4
vt -6 4
vt -9.9484 3.2686
vt -5.9484 3.2686
vt -9.795401 2.6518
vt -5.7954 2.6518
vt -9.5434 2.1604
vt -5.5434 2.1604
vt -9.196 1.804
vt -5.196 1.804
vt -8.7604 1.5868
vt -4.7604 1.5868
vt -8.242599 1.5148
vt 5.7574 1.5148
vt 1.2396 1.5868
vt 5.2396 1.5868
vt 0.8039999 1.804
vt 4.804 1.804
vt 0.4566002 2.1604
vt 4.4566 2.1604
vt 0.2045999 2.6518
vt 4.2046 2.6518
vt 0.05159998 3.2686
vt 4.0516 3.2686
vt 0 4
vt 0 4
vt -3.217 4.8346
vt 0.783 4.8346
vt -2.4472 5.7574
vt 1.5528 5.7574
vt -1.7038 6.7528
vt 2.2962 6.7528
vt -1 7.804
vt 3 7.804
vt -0.3471999 8.892401
vt 3.6528 8.892401
vt 0.2426 10
vt 4.2426 10
vt 0.7603998 11.1076
vt 4.7604 11.1076
vt 1.196 12.196
vt 5.196 12.196
vt 1.5434 13.2472
vt 5.5434 13.2472
vt 1.7954 14.2426
vt 5.7954 14.2426
vt 1.9484 15.1654
vt 5.9484 15.1654
vt 2 16
vt 6 16
vt 1.9484 16.7314
vt 5.9484 16.7314
vt 1.7954 17.3482
vt 5.7954 17.3482
vt 1.5434 17.8396
vt 5.5434 17.8396
vt 1.196 18.196
vt 5.196 18.196
vt 0.7603998 18.4132
vt 4.7604 18.4132
vt 0.2426 18.4852
vt 14.2426 18.4852
vt 10.7604 18.4132
vt 14.7604 18.4132
vt 11.196 18.196
vt 15.196 18.196
vt 11.5434 17.8396
vt 15.5434 17.8396
vt 11.7954 17.3482
vt 15.7954 17.3482
vt 11.9484 16.7314
vt 15.9484 16.7314
vt -4.783 11.9484
vt -4 12
vt -4 6
vt -5.5528 11.7954
vt -6.2962 11.5434
vt -7 11.196
vt -7.6528 10.7604
vt -8.242599 10.2426
vt -8.7604 9.6528
vt -9.196 9
vt -9.5434 8.2962
vt -9.795401 7.5528
vt -9.9484 6.783
vt -10 6
vt -9.9484 5.217
vt -9.795401 4.4472
vt -9.5434 3.7038
vt -9.196 3
vt -8.7604 2.3472
vt -8.242599 1.7574
vt -7.6528 1.2396
vt -7 0.8039999
vt -6.2962 0.4566002
vt -5.5528 0.2045999
vt -4.783 0.05159998
vt -4 0
vt -3.217 0.05159998
vt -2.4472 0.2045999
vt -1.7038 0.4566002
vt -1 0.8039999
vt -0.3471999 1.2396
vt 0.2426 1.7574
vt 0.7603998 2.3472
vt 1.196 3
vt 1.5434 3.7038
vt 1.7954 4.4472
vt 1.9484 5.217
vt 2 6
vt 1.9484 6.783
vt 1.7954 7.5528
vt 1.5434 8.2962
vt 1.196 9
vt 0.7603998 9.6528
vt 0.2426 10.2426
vt -0.3471999 10.7604
vt -1 11.196
vt -1.7038 11.5434
vt -2.4472 11.7954
vt -3.217 11.9484
vt 14 4
vt 18 8
vt 18 40
vt 14 44
vt 74 4
vt 70 8
vt 74 44
vt 70 40
vt 44 70
vt 40 70
vt 20 10
vt 44 10
vt 20 30
vt 40 10
vt 36 58
vt 36 62
vt 40 62
vt 20 10
vt 20 26
vt 8 30
vt 4 30
vt 4 26
vt 8 -22
vt -12 -6
vt -12 -22
vt 4 -30
vt -20 -30
vt 0 30
vt 4 30
vt -20 -10
vt 70 30
vt 10 -10
vt 10 30
vt 70 70
usemtl 26
f 3/3/3 2/2/2 1/1/1
f 1/1/1 4/4/4 3/3/3
f 4/4/4 1/1/1 5/5/5
f 5/5/5 6/6/6 4/4/4
f 6/6/6 5/5/5 7/7/7
f 7/7/7 8/8/8 6/6/6
f 8/8/8 7/7/7 9/9/9
f 9/9/9 10/10/10 8/8/8
f 10/10/10 9/9/9 11/11/11
f 11/11/11 12/12/12 10/10/10
f 12/12/12 11/11/11 13/13/13
f 13/13/13 14/14/14 12/12/12
f 14/14/14 13/13/13 15/15/15
f 15/15/15 16/16/16 14/14/14
f 16/16/16 15/15/15 17/17/17
f 17/17/17 18/18/18 16/16/16
f 18/18/18 17/17/17 19/19/19
f 19/19/19 20/20/20 18/18/18
f 20/20/20 19/19/19 21/21/21
f 21/21/21 22/22/22 20/20/20
f 22/22/22 21/21/21 23/23/23
f 23/23/23 24/24/24 22/22/22
f 24/24/24 23/23/23 25/25/25
f 25/25/25 26/26/26 24/24/24
f 26/26/26 25/25/25 27/27/27
f 27/27/27 28/28/28 26/26/26
f 28/28/28 27/27/27 29/29/29
f 29/29/29 30/30/30 28/28/28
f 30/30/30 29/29/29 31/31/31
f 31/31/31 32/32/32 30/30/30
f 32/32/32 31/31/31 33/33/33
f 33/33/33 34/34/34 32/32/32
f 34/34/34 33/33/33 35/35/35
f 35/35/35 36/36/36 34/34/34
f 36/36/36 35/35/35 37/37/37
f 37/37/37 38/38/38 36/36/36
f 38/38/38 37/37/37 39/39/39
f 39/39/39 40/40/40 38/38/38
f 40/40/40 39/39/39 41/41/41
f 41/41/41 42/42/42 40/40/40
f 42/42/42 41/41/41 43/43/43
f 43/43/43 44/44/44 42/42/42
f 44/44/44 43/43/43 45/45/45
f 45/45/45 46/46/46 44/44/44
f 46/46/46 45/45/45 47/47/47
f 47/47/47 48/48/48 46/46/46
f 48/48/48 47/47/47 49/49/49
f 49/49/49 50/50/50 48/48/48
f 50/50/50 49/49/49 51/51/51
f 51/51/51 52/52/52 50/50/50
f 52/52/52 51/51/51 53/53/53
f 53/53/53 54/54/54 52/52/52
f 54/54/54 53/53/53 55/55/55
f 55/55/55 56/56/56 54/54/54
f 56/56/56 55/55/55 57/57/57
f 57/57/57 58/58/58 56/56/56
f 58/58/58 57/57/57 59/59/59
f 59/59/59 60/60/60 58/58/58
f 60/60/60 59/59/59 61/61/61
f 61/61/61 62/62/62 60/60/60
f 62/62/62 61/61/61 63/63/63
f 63/63/63 64/64/64 62/62/62
f 64/64/64 63/63/63 65/65/65
f 65/65/65 66/66/66 64/64/64
f 66/66/66 65/65/65 67/67/67
f 67/67/67 68/68/68 66/66/66
f 68/68/68 67/67/67 69/69/69
f 69/69/69 70/70/70 68/68/68
f 70/70/70 69/69/69 71/71/71
f 71/71/71 72/72/72 70/70/70
f 72/72/72 71/71/71 73/73/73
f 73/73/73 74/74/74 72/72/72
f 74/74/74 73/73/73 75/75/75
f 75/75/75 76/76/76 74/74/74
f 76/76/76 75/75/75 77/77/77
f 77/77/77 78/78/78 76/76/76
f 78/78/78 77/77/77 79/79/79
f 79/79/79 80/80/80 78/78/78
f 80/80/80 79/79/79 81/81/81
f 81/81/81 82/82/82 80/80/80
f 82/82/82 81/81/81 83/83/83
f 83/83/83 84/84/84 82/82/82
f 84/84/84 83/83/83 85/85/85
f 85/85/85 86/86/86 84/84/84
f 86/86/86 85/85/85 87/87/87
f 87/87/87 88/88/88 86/86/86
f 88/88/88 87/87/87 89/89/89
f 89/89/89 90/90/90 88/88/88
f 90/90/90 89/89/89 91/91/91
f 91/91/91 92/92/92 90/90/90
f 92/92/92 91/91/91 93/93/93
f 93/93/93 94/94/94 92/92/92
f 94/94/94 93/93/93 95/95/95
f 95/95/95 96/96/96 94/94/94
f 96/96/96 95/95/95 2/2/2
f 2/2/2 3/3/3 96/96/96
f 97/97/97 98/98/98 99/99/99
f 99/99/99 100/100/100 97/97/97
f 101/101/101 97/97/97 100/100/100
f 100/100/100 102/102/102 101/101/101
f 103/103/103 101/101/101 102/102/102
f 102/102/102 104/104/104 103/103/103
f 105/105/105 103/103/103 104/104/104
f 104/104/104 106/106/106 105/105/105
f 107/107/107 105/105/105 106/106/106
f 106/106/106 108/108/108 107/107/107
f 109/109/109 107/107/107 108/108/108
f 108/108/108 110/110/110 109/109/109
f 111/111/111 109/109/109 110/110/110
f 110/110/110 112/112/112 111/111/111
f 113/113/113 111/111/111 112/112/112
f 112/112/112 114/114/114 113/113/113
f 115/115/115 113/113/113 114/114/114
f 114/114/114 116/116/116 115/115/115
f 117/117/117 115/115/115 116/116/116
f 116/116/116 118/118/118 117/117/117
f 119/119/119 117/117/117 118/118/118
f 118/118/118 120/120/120 119/119/119
f 121/121/121 119/119/119 120/120/120
f 120/120/120 122/122/122 121/121/121
f 123/123/123 121/121/121 122/122/122
f 122/122/122 124/124/124 123/123/123
f 125/125/125 123/123/123 124/124/124
f 124/124/124 126/126/126 125/125/125
f 127/127/127 125/125/125 126/126/126
f 126/126/126 128/128/128 127/127/127
f 129/129/129 127/127/127 128/128/128
f 128/128/128 130/130/130 129/129/129
f 131/131/131 129/129/129 130/130/130
f 130/130/130 132/132/132 131/131/131
f 133/133/133 131/131/131 132/132/132
f 132/132/132 134/134/134 133/133/133
f 135/135/135 133/133/133 134/134/134
f 134/134/134 136/136/136 135/135/135
f 137/137/137 135/135/135 136/136/136
f 136/136/136 138/138/138 137/137/137
f 139/139/139 137/137/137 138/138/138
f 138/138/138 140/140/140 139/139/139
f 141/141/141 139/139/139 140/140/140
f 140/140/140 142/142/142 141/141/141
f 143/143/143 141/141/141 142/142/142
f 142/142/142 144/144/144 143/143/143
f 145/145/145 143/143/143 144/144/144
f 144/144/144 146/146/146 145/145/145
f 147/147/147 145/145/145 146/146/146
f 146/146/146 148/148/148 147/147/147
f 149/149/149 147/147/147 148/148/148
f 148/148/148 150/150/150 149/149/149
f 151/151/151 149/149/149 150/150/150
f 150/150/150 152/152/152 151/151/151
f 153/153/153 151/151/151 152/152/152
f 152/152/152 154/154/154 153/153/153
f 155/155/155 153/153/153 154/154/154
f 154/154/154 156/156/156 155/155/155
f 157/157/157 155/155/155 156/156/156
f 156/156/156 158/158/158 157/157/157
f 159/159/159 157/157/157 158/158/158
f 158/158/158 160/160/160 159/159/159
f 161/161/161 159/159/159 160/160/160
f 160/160/160 162/162/162 161/161/161
f 163/163/163 161/161/161 162/162/162
f 162/162/162 164/164/164 163/163/163
f 165/165/165 163/163/163 164/164/164
f 164/164/164 166/166/166 165/165/165
f 167/167/167 165/165/165 166/166/166
f 166/166/166 168/168/168 167/167/167
f 169/169/169 167/167/167 168/168/168
f 168/168/168 170/170/170 169/169/169
f 171/171/171 169/169/169 170/170/170
f 170/170/170 172/172/172 171/171/171
f 173/173/173 171/171/171 172/172/172
f 172/172/172 174/174/174 173/173/173
f 175/175/175 173/173/173 174/174/174
f 174/174/174 176/176/176 175/175/175
f 177/177/177 175/175/175 176/176/176
f 176/176/176 178/178/178 177/177/177
f 179/179/179 177/177/177 178/178/178
f 178/178/178 180/180/180 179/179/179
f 181/181/181 179/179/179 180/180/180
f 180/180/180 182/182/182 181/181/181
f 183/183/183 181/181/181 182/182/182
f 182/182/182 184/184/184 183/183/183
f 185/185/185 183/183/183 184/184/184
f 184/184/184 186/186/186 185/185/185
f 187/187/187 185/185/185 186/186/186
f 186/186/186 188/188/188 187/187/187
f 189/189/189 187/187/187 188/188/188
f 188/188/188 190/190/190 189/189/189
f 191/191/191 189/189/189 190/190/190
f 190/190/190 192/192/192 191/191/191
f 98/98/98 191/191/191 192/192/192
f 192/192/192 99/99/99 98/98/98
f 193/193/193 194/194/194 195/195/195
f 195/195/195 196/196/196 193/193/193
f 194/194/194 197/197/197 198/198/198
f 198/198/198 195/195/195 194/194/194
f 197/197/197 199/199/199 200/200/200
f 200/200/200 198/198/198 197/197/197
f 199/199/199 201/201/201 202/202/202
f 202/202/202 200/200/200 199/199/199
f 201/201/201 203/203/203 204/204/204
f 204/204/204 202/202/202 201/201/201
f 203/203/203 205/205/205 206/206/206
f 206/206/206 204/204/204 203/203/203
f 205/205/205 207/207/207 208/208/208
f 208/208/208 206/206/206 205/205/205
f 207/207/207 209/209/209 210/210/210
f 210/210/210 208/208/208 207/207/207
f 209/209/209 211/211/211 212/212/212
f 212/212/212 210/210/210 209/209/209
f 211/211/211 213/213/213 214/214/214
f 214/214/214 212/212/212 211/211/211
f 213/213/213 215/215/215 216/216/216
f 216/216/216 214/214/214 213/213/213
f 215/215/215 217/217/217 218/218/218
f 218/218/218 216/216/216 215/215/215
f 217/217/217 219/219/219 220/220/220
f 220/220/220 218/218/218 217/217/217
f 219/219/219 221/221/221 222/222/222
f 222/222/222 220/220/220 219/219/219
f 221/221/221 223/223/223 224/224/224
f 224/224/224 222/222/222 221/221/221
f 223/223/223 225/225/225 226/226/226
f 226/226/226 224/224/224 223/223/223
f 225/225/225 227/227/227 228/228/228
f 228/228/228 226/226/226 225/225/225
f 227/227/227 229/229/229 230/230/230
f 230/230/230 228/228/228 227/227/227
f 229/229/229 231/231/231 232/232/232
f 232/232/232 230/230/230 229/229/229
f 231/231/231 233/233/233 234/234/234
f 234/234/234 232/232/232 231/231/231
f 233/233/233 235/235/235 236/236/236
f 236/236/236 234/234/234 233/233/233
f 235/235/235 237/237/237 238/238/238
f 238/238/238 236/236/236 235/235/235
f 237/237/237 239/239/239 240/240/240
f 240/240/240 238/238/238 237/237/237
f 239/239/239 241/241/241 242/242/242
f 242/242/242 240/240/240 239/239/239
f 241/241/241 243/243/243 244/244/244
f 244/244/244 242/242/242 241/241/241
f 243/243/243 245/245/245 246/246/246
f 246/246/246 244/244/244 243/243/243
f 245/245/245 247/247/247 248/248/248
f 248/248/248 246/246/246 245/245/245
f 247/247/247 249/249/249 250/250/250
f 250/250/250 248/248/248 247/247/247
f 249/249/249 251/251/251 252/252/252
f 252/252/252 250/250/250 249/249/249
f 251/251/251 253/253/253 254/254/254
f 254/254/254 252/252/252 251/251/251
f 253/253/253 255/255/255 256/256/256
f 256/256/256 254/254/254 253/253/253
f 255/255/255 257/257/257 258/258/258
f 258/258/258 256/256/256 255/255/255
f 257/257/257 259/259/259 260/260/260
f 260/260/260 258/258/258 257/257/257
f 259/259/259 261/261/261 262/262/262
f 262/262/262 260/260/260 259/259/259
f 261/261/261 263/263/263 264/264/264
f 264/264/264 262/262/262 261/261/261
f 263/263/263 265/265/265 266/266/266
f 266/266/266 264/264/264 263/263/263
f 265/265/265 267/267/267 268/268/268
f 268/268/268 266/266/266 265/265/265
f 267/267/267 269/269/269 270/270/270
f 270/270/270 268/268/268 267/267/267
f 269/269/269 271/271/271 272/272/272
f 272/272/272 270/270/270 269/269/269
f 271/271/271 273/273/273 274/274/274
f 274/274/274 272/272/272 271/271/271
f 273/273/273 275/275/275 276/276/276
f 276/276/276 274/274/274 273/273/273
f 275/275/275 277/277/277 278/278/278
f 278/278/278 276/276/276 275/275/275
f 277/277/277 279/279/279 280/280/280
f 280/280/280 278/278/278 277/277/277
f 279/279/279 281/281/281 282/282/282
f 282/282/282 280/280/280 279/279/279
f 281/281/281 283/283/283 284/284/284
f 284/284/284 282/282/282 281/281/281
f 283/283/283 285/285/285 286/286/286
f 286/286/286 284/284/284 283/283/283
f 285/285/285 287/287/287 288/288/288
f 288/288/288 286/286/286 285/285/285
f 287/287/287 193/193/193 196/196/196
f 196/196/196 288/288/288 287/287/287
f 171/171/171 289/289/289 169/169/169
f 171/171/171 173/173/173 290/290/290
f 290/290/290 289/289/289 171/171/171
f 173/173/173 175/175/175 291/291/291
f 291/291/291 290/290/290 173/173/173
f 175/175/175 177/177/177 292/292/292
f 292/292/292 291/291/291 175/175/175
f 177/177/177 179/179/179 293/293/293
f 293/293/293 292/292/292 177/177/177
f 179/179/179 181/181/181 294/294/294
f 294/294/294 293/293/293 179/179/179
f 181/181/181 183/183/183 295/295/295
f 295/295/295 294/294/294 181/181/181
f 183/183/183 185/185/185 296/296/296
f 296/296/296 295/295/295 183/183/183
f 185/185/185 187/187/187 297/297/297
f 297/297/297 296/296/296 185/185/185
f 187/187/187 189/189/189 298/298/298
f 298/298/298 297/297/297 187/187/187
f 189/189/189 191/191/191 299/299/299
f 299/299/299 298/298/298 189/189/189
f 191/191/191 98/98/98 300/300/300
f 300/300/300 299/299/299 191/191/191
f 169/169/169 301/301/301 167/167/167
f 302/302/302 165/165/165 167/167/167
f 167/167/167 301/301/301 302/302/302
f 303/303/303 163/163/163 165/165/165
f 165/165/165 302/302/302 303/303/303
f 304/304/304 161/161/161 163/163/163
f 163/163/163 303/303/303 304/304/304
f 305/305/305 159/159/159 161/161/161
f 161/161/161 304/304/304 305/305/305
f 306/306/306 157/157/157 159/159/159
f 159/159/159 305/305/305 306/306/306
f 307/307/307 155/155/155 157/157/157
f 157/157/157 306/306/306 307/307/307
f 308/308/308 153/153/153 155/155/155
f 155/155/155 307/307/307 308/308/308
f 309/309/309 151/151/151 153/153/153
f 153/153/153 308/308/308 309/309/309
f 310/310/310 149/149/149 151/151/151
f 151/151/151 309/309/309 310/310/310
f 311/311/311 147/147/147 149/149/149
f 149/149/149 310/310/310 311/311/311
f 312/312/312 145/145/145 147/147/147
f 147/147/147 311/311/311 312/312/312
f 300/300/300 98/98/98 97/97/97
f 97/97/97 313/313/313 300/300/300
f 313/313/313 97/97/97 101/101/101
f 101/101/101 314/314/314 313/313/313
f 314/314/314 101/101/101 103/103/103
f 103/103/103 315/315/315 314/314/314
f 315/315/315 103/103/103 105/105/105
f 105/105/105 316/316/316 315/315/315
f 316/316/316 105/105/105 107/107/107
f 107/107/107 317/317/317 316/316/316
f 317/317/317 107/107/107 109/109/109
f 109/109/109 318/318/318 317/317/317
f 318/318/318 109/109/109 111/111/111
f 111/111/111 319/319/319 318/318/318
f 319/319/319 111/111/111 113/113/113
f 113/113/113 320/320/320 319/319/319
f 320/320/320 113/113/113 115/115/115
f 115/115/115 321/321/321 320/320/320
f 321/321/321 115/115/115 117/117/117
f 117/117/117 322/322/322 321/321/321
f 322/322/322 117/117/117 119/119/119
f 119/119/119 323/323/323 322/322/322
f 323/323/323 119/119/119 121/121/121
f 121/121/121 324/324/324 323/323/323
f 324/324/324 121/121/121 123/123/123
f 123/123/123 325/325/325 324/324/324
f 325/325/325 123/123/123 125/125/125
f 125/125/125 326/326/326 325/325/325
f 326/326/326 125/125/125 127/127/127
f 127/127/127 327/327/327 326/326/326
f 327/327/327 127/127/127 129/129/129
f 129/129/129 328/328/328 327/327/327
f 328/328/328 129/129/129 131/131/131
f 131/131/131 329/329/329 328/328/328
f 329/329/329 131/131/131 133/133/133
f 133/133/133 330/330/330 329/329/329
f 330/330/330 133/133/133 135/135/135
f 135/135/135 331/331/331 330/330/330
f 331/331/331 135/135/135 137/137/137
f 137/137/137 332/332/332 331/331/331
f 332/332/332 137/137/137 139/139/139
f 139/139/139 333/333/333 332/332/332
f 333/333/333 139/139/139 141/141/141
f 141/141/141 334/334/334 333/333/333
f 334/334/334 141/141/141 143/143/143
f 143/143/143 335/335/335 334/334/334
f 335/335/335 143/143/143 145/145/145
f 145/145/145 312/312/312 335/335/335
f 338/338/338 337/337/337 336/336/336
f 340/340/340 339/339/339 336/336/336
f 336/336/336 337/337/337 340/340/340
f 342/342/342 341/341/341 339/339/339
f 339/339/339 340/340/340 342/342/342
f 344/344/344 343/343/343 341/341/341
f 341/341/341 342/342/342 344/344/344
f 346/346/346 345/345/345 343/343/343
f 343/343/343 344/344/344 346/346/346
f 348/348/348 347/347/347 345/345/345
f 345/345/345 346/346/346 348/348/348
f 350/350/350 349/349/349 347/347/347
f 347/347/347 348/348/348 350/350/350
f 352/352/352 351/351/351 349/349/349
f 349/349/349 350/350/350 352/352/352
f 354/354/354 353/353/353 351/351/351
f 351/351/351 352/352/352 354/354/354
f 356/356/356 355/355/355 353/353/353
f 353/353/353 354/354/354 356/356/356
f 358/358/358 357/357/357 355/355/355
f 355/355/355 356/356/356 358/358/358
f 360/360/360 359/359/359 357/357/357
f 357/357/357 358/358/358 360/360/360
f 361/361/361 362/362/362 338/338/338
f 361/361/361 363/363/363 364/364/364
f 364/364/364 362/362/362 361/361/361
f 363/363/363 365/365/365 366/366/366
f 366/366/366 364/364/364 363/363/363
f 365/365/365 367/367/367 368/368/368
f 368/368/368 366/366/366 365/365/365
f 367/367/367 369/369/369 370/370/370
f 370/370/370 368/368/368 367/367/367
f 369/369/369 371/371/371 372/372/372
f 372/372/372 370/370/370 369/369/369
f 371/371/371 373/373/373 374/374/374
f 374/374/374 372/372/372 371/371/371
f 373/373/373 375/375/375 376/376/376
f 376/376/376 374/374/374 373/373/373
f 375/375/375 377/377/377 378/378/378
f 378/378/378 376/376/376 375/375/375
f 377/377/377 379/379/379 380/380/380
f 380/380/380 378/378/378 377/377/377
f 379/379/379 381/381/381 382/382/382
f 382/382/382 380/380/380 379/379/379
f 381/381/381 383/383/383 384/384/384
f 384/384/384 382/382/382 381/381/381
f 385/385/385 359/359/359 360/360/360
f 360/360/360 386/386/386 385/385/385
f 387/387/387 385/385/385 386/386/386
f 386/386/386 388/388/388 387/387/387
f 389/389/389 387/387/387 388/388/388
f 388/388/388 390/390/390 389/389/389
f 391/391/391 389/389/389 390/390/390
f 390/390/390 392/392/392 391/391/391
f 393/393/393 391/391/391 392/392/392
f 392/392/392 394/394/394 393/393/393
f 395/395/395 393/393/393 394/394/394
f 394/394/394 396/396/396 395/395/395
f 397/397/397 395/395/395 396/396/396
f 396/396/396 398/398/398 397/397/397
f 399/399/399 397/397/397 398/398/398
f 398/398/398 400/400/400 399/399/399
f 401/401/401 399/399/399 400/400/400
f 400/400/400 402/402/402 401/401/401
f 403/403/403 401/401/401 402/402/402
f 402/402/402 404/404/404 403/403/403
f 405/405/405 403/403/403 404/404/404
f 404/404/404 406/406/406 405/405/405
f 407/407/407 405/405/405 406/406/406
f 406/406/406 408/408/408 407/407/407
f 409/409/409 407/407/407 408/408/408
f 408/408/408 410/410/410 409/409/409
f 411/411/411 409/409/409 410/410/410
f 410/410/410 412/412/412 411/411/411
f 413/413/413 411/411/411 412/412/412
f 412/412/412 414/414/414 413/413/413
f 415/415/415 413/413/413 414/414/414
f 414/414/414 416/416/416 415/415/415
f 417/417/417 415/415/415 416/416/416
f 416/416/416 418/418/418 417/417/417
f 419/419/419 417/417/417 418/418/418
f 418/418/418 420/420/420 419/419/419
f 421/421/421 419/419/419 420/420/420
f 420/420/420 422/422/422 421/421/421
f 423/423/423 421/421/421 422/422/422
f 422/422/422 424/424/424 423/423/423
f 425/425/425 423/423/423 424/424/424
f 424/424/424 426/426/426 425/425/425
f 427/427/427 425/425/425 426/426/426
f 426/426/426 428/428/428 427/427/427
f 429/429/429 427/427/427 428/428/428
f 428/428/428 430/430/430 429/429/429
f 383/383/383 429/429/429 430/430/430
f 430/430/430 384/384/384 383/383/383
f 1/1/1 2/2/2 359/359/359
f 359/359/359 385/385/385 1/1/1
f 5/5/5 1/1/1 385/385/385
f 385/385/385 387/387/387 5/5/5
f 7/7/7 5/5/5 387/387/387
f 387/387/387 389/389/389 7/7/7
f 9/9/9 7/7/7 389/389/389
f 389/389/389 391/391/391 9/9/9
f 11/11/11 9/9/9 391/391/391
f 391/391/391 393/393/393 11/11/11
f 13/13/13 11/11/11 393/393/393
f 393/393/393 395/395/395 13/13/13
f 15/15/15 13/13/13 395/395/395
f 395/395/395 397/397/397 15/15/15
f 17/17/17 15/15/15 397/397/397
f 397/397/397 399/399/399 17/17/17
f 19/19/19 17/17/17 399/399/399
f 399/399/399 401/401/401 19/19/19
f 21/21/21 19/19/19 401/401/401
f 401/401/401 403/403/403 21/21/21
f 23/23/23 21/21/21 403/403/403
f 403/403/403 405/405/405 23/23/23
f 25/25/25 23/23/23 405/405/405
f 405/405/405 407/407/407 25/25/25
f 27/27/27 25/25/25 407/407/407
f 407/407/407 409/409/409 27/27/27
f 29/29/29 27/27/27 409/409/409
f 409/409/409 411/411/411 29/29/29
f 31/31/31 29/29/29 411/411/411
f 411/411/411 413/413/413 31/31/31
f 33/33/33 31/31/31 413/413/413
f 413/413/413 415/415/415 33/33/33
f 35/35/35 33/33/33 415/415/415
f 415/415/415 417/417/417 35/35/35
f 37/37/37 35/35/35 417/417/417
f 417/417/417 419/419/419 37/37/37
f 39/39/39 37/37/37 419/419/419
f 419/419/419 421/421/421 39/39/39
f 41/41/41 39/39/39 421/421/421
f 421/421/421 423/423/423 41/41/41
f 43/43/43 41/41/41 423/423/423
f 423/423/423 425/425/425 43/43/43
f 45/45/45 43/43/43 425/425/425
f 425/425/425 427/427/427 45/45/45
f 47/47/47 45/45/45 427/427/427
f 427/427/427 429/429/429 47/47/47
f 49/49/49 47/47/47 429/429/429
f 429/429/429 383/383/383 49/49/49
f 51/51/51 49/49/49 383/383/383
f 383/383/383 381/381/381 51/51/51
f 53/53/53 51/51/51 381/381/381
f 381/381/381 379/379/379 53/53/53
f 55/55/55 53/53/53 379/379/379
f 379/379/379 377/377/377 55/55/55
f 57/57/57 55/55/55 377/377/377
f 377/377/377 375/375/375 57/57/57
f 59/59/59 57/57/57 375/375/375
f 375/375/375 373/373/373 59/59/59
f 61/61/61 59/59/59 373/373/373
f 373/373/373 371/371/371 61/61/61
f 63/63/63 61/61/61 371/371/371
f 371/371/371 369/369/369 63/63/63
f 65/65/65 63/63/63 369/369/369
f 369/369/369 367/367/367 65/65/65
f 67/67/67 65/65/65 367/367/367
f 367/367/367 365/365/365 67/67/67
f 69/69/69 67/67/67 365/365/365
f 365/365/365 363/363/363 69/69/69
f 71/71/71 69/69/69 363/363/363
f 363/363/363 361/361/361 71/71/71
f 73/73/73 71/71/71 361/361/361
f 361/361/361 338/338/338 73/73/73
f 75/75/75 73/73/73 338/338/338
f 338/338/338 336/336/336 75/75/75
f 77/77/77 75/75/75 336/336/336
f 336/336/336 339/339/339 77/77/77
f 79/79/79 77/77/77 339/339/339
f 339/339/339 341/341/341 79/79/79
f 81/81/81 79/79/79 341/341/341
f 341/341/341 343/343/343 81/81/81
f 83/83/83 81/81/81 343/343/343
f 343/343/343 345/345/345 83/83/83
f 85/85/85 83/83/83 345/345/345
f 345/345/345 347/347/347 85/85/85
f 87/87/87 85/85/85 347/347/347
f 347/347/347 349/349/349 87/87/87
f 89/89/89 87/87/87 349/349/349
f 349/349/349 351/351/351 89/89/89
f 91/91/91 89/89/89 351/351/351
f 351/351/351 353/353/353 91/91/91
f 93/93/93 91/91/91 353/353/353
f 353/353/353 355/355/355 93/93/93
f 95/95/95 93/93/93 355/355/355
f 355/355/355 357/357/357 95/95/95
f 2/2/2 95/95/95 357/357/357
f 357/357/357 359/359/359 2/2/2
f 433/433/433 432/432/432 431/431/431
f 431/431/431 434/434/434 433/433/433
f 434/434/434 431/431/431 435/435/435
f 435/435/435 436/436/436 434/434/434
f 436/436/436 435/435/435 437/437/437
f 437/437/437 438/438/438 436/436/436
f 438/438/438 437/437/437 439/439/439
f 439/439/439 440/440/440 438/438/438
f 440/440/440 439/439/439 441/441/441
f 441/441/441 442/442/442 440/440/440
f 442/442/442 441/441/441 443/443/443
f 443/443/443 444/444/444 442/442/442
f 444/444/444 443/443/443 445/445/445
f 445/445/445 446/446/446 444/444/444
f 446/446/446 445/445/445 447/447/447
f 447/447/447 448/448/448 446/446/446
f 448/448/448 447/447/447 449/449/449
f 449/449/449 450/450/450 448/448/448
f 450/450/450 449/449/449 451/451/451
f 451/451/451 452/452/452 450/450/450
f 452/452/452 451/451/451 453/453/453
f 453/453/453 454/454/454 452/452/452
f 454/454/454 453/453/453 455/455/455
f 455/455/455 456/456/456 454/454/454
f 456/456/456 455/455/455 457/457/457
f 457/457/457 458/458/458 456/456/456
f 458/458/458 457/457/457 459/459/459
f 459/459/459 460/460/460 458/458/458
f 460/460/460 459/459/459 461/461/461
f 461/461/461 462/462/462 460/460/460
f 462/462/462 461/461/461 463/463/463
f 463/463/463 464/464/464 462/462/462
f 464/464/464 463/463/463 465/465/465
f 465/465/465 466/466/466 464/464/464
f 466/466/466 465/465/465 467/467/467
f 467/467/467 468/468/468 466/466/466
f 468/468/468 467/467/467 469/469/469
f 469/469/469 470/470/470 468/468/468
f 470/470/470 469/469/469 471/471/471
f 471/471/471 472/472/472 470/470/470
f 472/472/472 471/471/471 473/473/473
f 473/473/473 474/474/474 472/472/472
f 474/474/474 473/473/473 475/475/475
f 475/475/475 476/476/476 474/474/474
f 476/476/476 475/475/475 477/477/477
f 477/477/477 478/478/478 476/476/476
f 478/478/478 477/477/477 479/479/479
f 479/479/479 480/480/480 478/478/478
f 480/480/480 479/479/479 481/481/481
f 481/481/481 482/482/482 480/480/480
f 482/482/482 481/481/481 483/483/483
f 483/483/483 484/484/484 482/482/482
f 484/484/484 483/483/483 485/485/485
f 485/485/485 486/486/486 484/484/484
f 486/486/486 485/485/485 487/487/487
f 487/487/487 488/488/488 486/486/486
f 488/488/488 487/487/487 489/489/489
f 489/489/489 490/490/490 488/488/488
f 490/490/490 489/489/489 491/491/491
f 491/491/491 492/492/492 490/490/490
f 492/492/492 491/491/491 493/493/493
f 493/493/493 494/494/494 492/492/492
f 494/494/494 493/493/493 495/495/495
f 495/495/495 496/496/496 494/494/494
f 496/496/496 495/495/495 497/497/497
f 497/497/497 498/498/498 496/496/496
f 498/498/498 497/497/497 499/499/499
f 499/499/499 500/500/500 498/498/498
f 500/500/500 499/499/499 501/501/501
f 501/501/501 502/502/502 500/500/500
f 502/502/502 501/501/501 503/503/503
f 503/503/503 504/504/504 502/502/502
f 504/504/504 503/503/503 505/505/505
f 505/505/505 506/506/506 504/504/504
f 506/506/506 505/505/505 507/507/507
f 507/507/507 508/508/508 506/506/506
f 508/508/508 507/507/507 509/509/509
f 509/509/509 510/510/510 508/508/508
f 510/510/510 509/509/509 511/511/511
f 511/511/511 512/512/512 510/510/510
f 512/512/512 511/511/511 513/513/513
f 513/513/513 514/514/514 512/512/512
f 514/514/514 513/513/513 515/515/515
f 515/515/515 516/516/516 514/514/514
f 516/516/516 515/515/515 517/517/517
f 517/517/517 518/518/518 516/516/516
f 518/518/518 517/517/517 519/519/519
f 519/519/519 520/520/520 518/518/518
f 520/520/520 519/519/519 521/521/521
f 521/521/521 522/522/522 520/520/520
f 522/522/522 521/521/521 523/523/523
f 523/523/523 524/524/524 522/522/522
f 524/524/524 523/523/523 525/525/525
f 525/525/525 526/526/526 524/524/524
f 526/526/526 525/525/525 432/432/432
f 432/432/432 433/433/433 526/526/526
f 527/527/527 528/528/528 529/529/529
f 529/529/529 530/530/530 527/527/527
f 531/531/531 527/527/527 530/530/530
f 530/530/530 532/532/532 531/531/531
f 533/533/533 531/531/531 532/532/532
f 532/532/532 534/534/534 533/533/533
f 535/535/535 533/533/533 534/534/534
f 534/534/534 536/536/536 535/535/535
f 537/537/537 535/535/535 536/536/536
f 536/536/536 538/538/538 537/537/537
f 539/539/539 537/537/537 538/538/538
f 538/538/538 540/540/540 539/539/539
f 541/541/541 539/539/539 540/540/540
f 540/540/540 542/542/542 541/541/541
f 543/543/543 541/541/541 542/542/542
f 542/542/542 544/544/544 543/543/543
f 545/545/545 543/543/543 544/544/544
f 544/544/544 546/546/546 545/545/545
f 547/547/547 545/545/545 546/546/546
f 546/546/546 548/548/548 547/547/547
f 549/549/549 547/547/547 548/548/548
f 548/548/548 550/550/550 549/549/549
f 551/551/551 549/549/549 550/550/550
f 550/550/550 552/552/552 551/551/551
f 553/553/553 551/551/551 552/552/552
f 552/552/552 554/554/554 553/553/553
f 555/555/555 553/553/553 554/554/554
f 554/554/554 556/556/556 555/555/555
f 557/557/557 555/555/555 556/556/556
f 556/556/556 558/558/558 557/557/557
f 559/559/559 557/557/557 558/558/558
f 558/558/558 560/560/560 559/559/559
f 561/561/561 559/559/559 560/560/560
f 560/560/560 562/562/562 561/561/561
f 563/563/563 561/561/561 562/562/562
f 562/562/562 564/564/564 563/563/563
f 565/565/565 563/563/563 564/564/564
f 564/564/564 566/566/566 565/565/565
f 567/567/567 565/565/565 566/566/566
f 566/566/566 568/568/568 567/567/567
f 569/569/569 567/567/567 568/568/568
f 568/568/568 570/570/570 569/569/569
f 571/571/571 569/569/569 570/570/570
f 570/570/570 572/572/572 571/571/571
f 573/573/573 571/571/571 572/572/572
f 572/572/572 574/574/574 573/573/573
f 575/575/575 573/573/573 574/574/574
f 574/574/574 576/576/576 575/575/575
f 577/577/577 575/575/575 576/576/576
f 576/576/576 578/578/578 577/577/577
f 579/579/579 577/577/577 578/578/578
f 578/578/578 580/580/580 579/579/579
f 581/581/581 579/579/579 580/580/580
f 580/580/580 582/582/582 581/581/581
f 583/583/583 581/581/581 582/582/582
f 582/582/582 584/584/584 583/583/583
f 585/585/585 583/583/583 584/584/584
f 584/584/584 586/586/586 585/585/585
f 587/587/587 585/585/585 586/586/586
f 586/586/586 588/588/588 587/587/587
f 589/589/589 587/587/587 588/588/588
f 588/588/588 590/590/590 589/589/589
f 591/591/591 589/589/589 590/590/590
f 590/590/590 592/592/592 591/591/591
f 593/593/593 591/591/591 592/592/592
f 592/592/592 594/594/594 593/593/593
f 595/595/595 593/593/593 594/594/594
f 594/594/594 596/596/596 595/595/595
f 597/597/597 595/595/595 596/596/596
f 596/596/596 598/598/598 597/597/597
f 599/599/599 597/597/597 598/598/598
f 598/598/598 600/600/600 599/599/599
f 601/601/601 599/599/599 600/600/600
f 600/600/600 602/602/602 601/601/601
f 603/603/603 601/601/601 602/602/602
f 602/602/602 604/604/604 603/603/603
f 605/605/605 603/603/603 604/604/604
f 604/604/604 606/606/606 605/605/605
f 607/607/607 605/605/605 606/606/606
f 606/606/606 608/608/608 607/607/607
f 609/609/609 607/607/607 608/608/608
f 608/608/608 610/610/610 609/609/609
f 611/611/611 609/609/609 610/610/610
f 610/610/610 612/612/612 611/611/611
f 613/613/613 611/611/611 612/612/612
f 612/612/612 614/614/614 613/613/613
f 615/615/615 613/613/613 614/614/614
f 614/614/614 616/616/616 615/615/615
f 617/617/617 615/615/615 616/616/616
f 616/616/616 618/618/618 617/617/617
f 619/619/619 617/617/617 618/618/618
f 618/618/618 620/620/620 619/619/619
f 621/621/621 619/619/619 620/620/620
f 620/620/620 622/622/622 621/621/621
f 528/528/528 621/621/621 622/622/622
f 622/622/622 529/529/529 528/528/528
f 623/623/623 624/624/624 625/625/625
f 625/625/625 626/626/626 623/623/623
f 624/624/624 627/627/627 628/628/628
f 628/628/628 625/625/625 624/624/624
f 627/627/627 629/629/629 630/630/630
f 630/630/630 628/628/628 627/627/627
f 629/629/629 631/631/631 632/632/632
f 632/632/632 630/630/630 629/629/629
f 631/631/631 633/633/633 634/634/634
f 634/634/634 632/632/632 631/631/631
f 633/633/633 635/635/635 636/636/636
f 636/636/636 634/634/634 633/633/633
f 635/635/635 637/637/637 638/638/638
f 638/638/638 636/636/636 635/635/635
f 637/637/637 639/639/639 640/640/640
f 640/640/640 638/638/638 637/637/637
f 639/639/639 641/641/641 642/642/642
f 642/642/642 640/640/640 639/639/639
f 641/641/641 643/643/643 644/644/644
f 644/644/644 642/642/642 641/641/641
f 643/643/643 645/645/645 646/646/646
f 646/646/646 644/644/644 643/643/643
f 645/645/645 647/647/647 648/648/648
f 648/648/648 646/646/646 645/645/645
f 647/647/647 649/649/649 650/650/650
f 650/650/650 648/648/648 647/647/647
f 649/649/649 651/651/651 652/652/652
f 652/652/652 650/650/650 649/649/649
f 651/651/651 653/653/653 654/654/654
f 654/654/654 652/652/652 651/651/651
f 653/653/653 655/655/655 656/656/656
f 656/656/656 654/654/654 653/653/653
f 655/655/655 657/657/657 658/658/658
f 658/658/658 656/656/656 655/655/655
f 657/657/657 659/659/659 660/660/660
f 660/660/660 658/658/658 657/657/657
f 659/659/659 661/661/661 662/662/662
f 662/662/662 660/660/660 659/659/659
f 661/661/661 663/663/663 664/664/664
f 664/664/664 662/662/662 661/661/661
f 663/663/663 665/665/665 666/666/666
f 666/666/666 664/664/664 663/663/663
f 665/665/665 667/667/667 668/668/668
f 668/668/668 666/666/666 665/665/665
f 667/667/667 669/669/669 670/670/670
f 670/670/670 668/668/668 667/667/667
f 669/669/669 671/671/671 672/672/672
f 672/672/672 670/670/670 669/669/669
f 671/671/671 673/673/673 674/674/674
f 674/674/674 672/672/672 671/671/671
f 673/673/673 675/675/675 676/676/676
f 676/676/676 674/674/674 673/673/673
f 675/675/675 677/677/677 678/678/678
f 678/678/678 676/676/676 675/675/675
f 677/677/677 679/679/679 680/680/680
f 680/680/680 678/678/678 677/677/677
f 679/679/679 681/681/681 682/682/682
f 682/682/682 680/680/680 679/679/679
f 681/681/681 683/683/683 684/684/684
f 684/684/684 682/682/682 681/681/681
f 683/683/683 685/685/685 686/686/686
f 686/686/686 684/684/684 683/683/683
f 685/685/685 687/687/687 688/688/688
f 688/688/688 686/686/686 685/685/685
f 687/687/687 689/689/689 690/690/690
f 690/690/690 688/688/688 687/687/687
f 689/689/689 691/691/691 692/692/692
f 692/692/692 690/690/690 689/689/689
f 691/691/691 693/693/693 694/694/694
f 694/694/694 692/692/692 691/691/691
f 693/693/693 695/695/695 696/696/696
f 696/696/696 694/694/694 693/693/693
f 695/695/695 697/697/697 698/698/698
f 698/698/698 696/696/696 695/695/695
f 697/697/697 699/699/699 700/700/700
f 700/700/700 698/698/698 697/697/697
f 699/699/699 701/701/701 702/702/702
f 702/702/702 700/700/700 699/699/699
f 701/701/701 703/703/703 704/704/704
f 704/704/704 702/702/702 701/701/701
f 703/703/703 705/705/705 706/706/706
f 706/706/706 704/704/704 703/703/703
f 705/705/705 707/707/707 708/708/708
f 708/708/708 706/706/706 705/705/705
f 707/707/707 709/709/709 710/710/710
f 710/710/710 708/708/708 707/707/707
f 709/709/709 711/711/711 712/712/712
f 712/712/712 710/710/710 709/709/709
f 711/711/711 713/713/713 714/714/714
f 714/714/714 712/712/712 711/711/711
f 713/713/713 715/715/715 716/716/716
f 716/716/716 714/714/714 713/713/713
f 715/715/715 717/717/717 718/718/718
f 718/718/718 716/716/716 715/715/715
f 717/717/717 623/623/623 626/626/626
f 626/626/626 718/718/718 717/717/717
f 719/719/719 720/720/720 599/599/599
f 721/721/721 722/722/722 720/720/720
f 720/720/720 719/719/719 721/721/721
f 723/723/723 724/724/724 722/722/722
f 722/722/722 721/721/721 723/723/723
f 607/607/607 725/725/725 724/724/724
f 724/724/724 723/723/723 607/607/607
f 609/609/609 726/726/726 725/725/725
f 725/725/725 607/607/607 609/609/609
f 611/611/611 727/727/727 726/726/726
f 726/726/726 609/609/609 611/611/611
f 613/613/613 728/728/728 727/727/727
f 727/727/727 611/611/611 613/613/613
f 615/615/615 729/729/729 728/728/728
f 728/728/728 613/613/613 615/615/615
f 730/730/730 731/731/731 729/729/729
f 729/729/729 615/615/615 730/730/730
f 732/732/732 733/733/733 731/731/731
f 731/731/731 730/730/730 732/732/732
f 734/734/734 735/735/735 733/733/733
f 733/733/733 732/732/732 734/734/734
f 528/528/528 736/736/736 735/735/735
f 735/735/735 734/734/734 528/528/528
f 737/737/737 738/738/738 736/736/736
f 736/736/736 528/528/528 737/737/737
f 739/739/739 740/740/740 738/738/738
f 738/738/738 737/737/737 739/739/739
f 741/741/741 742/742/742 740/740/740
f 740/740/740 739/739/739 741/741/741
f 535/535/535 743/743/743 742/742/742
f 742/742/742 741/741/741 535/535/535
f 537/537/537 744/744/744 743/743/743
f 743/743/743 535/535/535 537/537/537
f 539/539/539 745/745/745 744/744/744
f 744/744/744 537/537/537 539/539/539
f 541/541/541 746/746/746 745/745/745
f 745/745/745 539/539/539 541/541/541
f 543/543/543 747/747/747 746/746/746
f 746/746/746 541/541/541 543/543/543
f 748/748/748 749/749/749 747/747/747
f 747/747/747 543/543/543 748/748/748
f 750/750/750 751/751/751 749/749/749
f 749/749/749 748/748/748 750/750/750
f 752/752/752 753/753/753 751/751/751
f 751/751/751 750/750/750 752/752/752
f 551/551/551 754/754/754 753/753/753
f 753/753/753 752/752/752 551/551/551
f 755/755/755 756/756/756 754/754/754
f 754/754/754 551/551/551 755/755/755
f 757/757/757 758/758/758 756/756/756
f 756/756/756 755/755/755 757/757/757
f 759/759/759 760/760/760 758/758/758
f 758/758/758 757/757/757 759/759/759
f 559/559/559 761/761/761 760/760/760
f 760/760/760 759/759/759 559/559/559
f 561/561/561 762/762/762 761/761/761
f 761/761/761 559/559/559 561/561/561
f 563/563/563 763/763/763 762/762/762
f 762/762/762 561/561/561 563/563/563
f 565/565/565 764/764/764 763/763/763
f 763/763/763 563/563/563 565/565/565
f 567/567/567 765/765/765 764/764/764
f 764/764/764 565/565/565 567/567/567
f 766/766/766 767/767/767 765/765/765
f 765/765/765 567/567/567 766/766/766
f 768/768/768 769/769/769 767/767/767
f 767/767/767 766/766/766 768/768/768
f 770/770/770 771/771/771 769/769/769
f 769/769/769 768/768/768 770/770/770
f 575/575/575 772/772/772 771/771/771
f 771/771/771 770/770/770 575/575/575
f 773/773/773 774/774/774 772/772/772
f 772/772/772 575/575/575 773/773/773
f 775/775/775 776/776/776 774/774/774
f 774/774/774 773/773/773 775/775/775
f 777/777/777 778/778/778 776/776/776
f 776/776/776 775/775/775 777/777/777
f 583/583/583 779/779/779 778/778/778
f 778/778/778 777/777/777 583/583/583
f 585/585/585 780/780/780 779/779/779
f 779/779/779 583/583/583 585/585/585
f 587/587/587 781/781/781 780/780/780
f 780/780/780 585/585/585 587/587/587
f 589/589/589 782/782/782 781/781/781
f 781/781/781 587/587/587 589/589/589
f 591/591/591 783/783/783 782/782/782
f 782/782/782 589/589/589 591/591/591
f 784/784/784 785/785/785 783/783/783
f 783/783/783 591/591/591 784/784/784
f 786/786/786 787/787/787 785/785/785
f 785/785/785 784/784/784 786/786/786
f 788/788/788 789/789/789 787/787/787
f 787/787/787 786/786/786 788/788/788
f 599/599/599 789/789/789 788/788/788
f 792/792/792 791/791/791 790/790/790
f 791/791/791 794/794/794 793/793/793
f 793/793/793 790/790/790 791/791/791
f 794/794/794 796/796/796 795/795/795
f 795/795/795 793/793/793 794/794/794
f 796/796/796 798/798/798 797/797/797
f 797/797/797 795/795/795 796/796/796
f 798/798/798 800/800/800 799/799/799
f 799/799/799 797/797/797 798/798/798
f 800/800/800 802/802/802 801/801/801
f 801/801/801 799/799/799 800/800/800
f 802/802/802 804/804/804 803/803/803
f 803/803/803 801/801/801 802/802/802
f 804/804/804 806/806/806 805/805/805
f 805/805/805 803/803/803 804/804/804
f 806/806/806 808/808/808 807/807/807
f 807/807/807 805/805/805 806/806/806
f 808/808/808 810/810/810 809/809/809
f 809/809/809 807/807/807 808/808/808
f 810/810/810 812/812/812 811/811/811
f 811/811/811 809/809/809 810/810/810
f 812/812/812 814/814/814 813/813/813
f 813/813/813 811/811/811 812/812/812
f 814/814/814 816/816/816 815/815/815
f 815/815/815 813/813/813 814/814/814
f 816/816/816 818/818/818 817/817/817
f 817/817/817 815/815/815 816/816/816
f 818/818/818 820/820/820 819/819/819
f 819/819/819 817/817/817 818/818/818
f 820/820/820 822/822/822 821/821/821
f 821/821/821 819/819/819 820/820/820
f 822/822/822 824/824/824 823/823/823
f 823/823/823 821/821/821 822/822/822
f 824/824/824 826/826/826 825/825/825
f 825/825/825 823/823/823 824/824/824
f 826/826/826 828/828/828 827/827/827
f 827/827/827 825/825/825 826/826/826
f 828/828/828 830/830/830 829/829/829
f 829/829/829 827/827/827 828/828/828
f 830/830/830 832/832/832 831/831/831
f 831/831/831 829/829/829 830/830/830
f 832/832/832 834/834/834 833/833/833
f 833/833/833 831/831/831 832/832/832
f 834/834/834 836/836/836 835/835/835
f 835/835/835 833/833/833 834/834/834
f 836/836/836 838/838/838 837/837/837
f 837/837/837 835/835/835 836/836/836
f 838/838/838 840/840/840 839/839/839
f 839/839/839 837/837/837 838/838/838
f 840/840/840 842/842/842 841/841/841
f 841/841/841 839/839/839 840/840/840
f 842/842/842 844/844/844 843/843/843
f 843/843/843 841/841/841 842/842/842
f 844/844/844 846/846/846 845/845/845
f 845/845/845 843/843/843 844/844/844
f 846/846/846 848/848/848 847/847/847
f 847/847/847 845/845/845 846/846/846
f 848/848/848 850/850/850 849/849/849
f 849/849/849 847/847/847 848/848/848
f 850/850/850 852/852/852 851/851/851
f 851/851/851 849/849/849 850/850/850
f 852/852/852 854/854/854 853/853/853
f 853/853/853 851/851/851 852/852/852
f 854/854/854 856/856/856 855/855/855
f 855/855/855 853/853/853 854/854/854
f 856/856/856 858/858/858 857/857/857
f 857/857/857 855/855/855 856/856/856
f 858/858/858 860/860/860 859/859/859
f 859/859/859 857/857/857 858/858/858
f 860/860/860 862/862/862 861/861/861
f 861/861/861 859/859/859 860/860/860
f 862/862/862 864/864/864 863/863/863
f 863/863/863 861/861/861 862/862/862
f 864/864/864 866/866/866 865/865/865
f 865/865/865 863/863/863 864/864/864
f 866/866/866 868/868/868 867/867/867
f 867/867/867 865/865/865 866/866/866
f 868/868/868 870/870/870 869/869/869
f 869/869/869 867/867/867 868/868/868
f 870/870/870 872/872/872 871/871/871
f 871/871/871 869/869/869 870/870/870
f 872/872/872 874/874/874 873/873/873
f 873/873/873 871/871/871 872/872/872
f 874/874/874 876/876/876 875/875/875
f 875/875/875 873/873/873 874/874/874
f 876/876/876 878/878/878 877/877/877
f 877/877/877 875/875/875 876/876/876
f 878/878/878 880/880/880 879/879/879
f 879/879/879 877/877/877 878/878/878
f 880/880/880 882/882/882 881/881/881
f 881/881/881 879/879/879 880/880/880
f 882/882/882 884/884/884 883/883/883
f 883/883/883 881/881/881 882/882/882
f 883/883/883 884/884/884 792/792/792
f 503/503/503 792/792/792 885/885/885
f 885/885/885 505/505/505 503/503/503
f 505/505/505 885/885/885 886/886/886
f 886/886/886 507/507/507 505/505/505
f 507/507/507 886/886/886 795/795/795
f 795/795/795 509/509/509 507/507/507
f 509/509/509 795/795/795 797/797/797
f 797/797/797 511/511/511 509/509/509
f 511/511/511 797/797/797 799/799/799
f 799/799/799 513/513/513 511/511/511
f 513/513/513 799/799/799 801/801/801
f 801/801/801 515/515/515 513/513/513
f 515/515/515 801/801/801 803/803/803
f 803/803/803 517/517/517 515/515/515
f 517/517/517 803/803/803 805/805/805
f 805/805/805 519/519/519 517/517/517
f 519/519/519 805/805/805 807/807/807
f 807/807/807 521/521/521 519/519/519
f 521/521/521 807/807/807 887/887/887
f 887/887/887 523/523/523 521/521/521
f 523/523/523 887/887/887 888/888/888
f 888/888/888 525/525/525 523/523/523
f 525/525/525 888/888/888 813/813/813
f 813/813/813 432/432/432 525/525/525
f 432/432/432 813/813/813 889/889/889
f 889/889/889 431/431/431 432/432/432
f 431/431/431 889/889/889 890/890/890
f 890/890/890 435/435/435 431/431/431
f 435/435/435 890/890/890 819/819/819
f 819/819/819 437/437/437 435/435/435
f 437/437/437 819/819/819 821/821/821
f 821/821/821 439/439/439 437/437/437
f 439/439/439 821/821/821 823/823/823
f 823/823/823 441/441/441 439/439/439
f 441/441/441 823/823/823 825/825/825
f 825/825/825 443/443/443 441/441/441
f 443/443/443 825/825/825 827/827/827
f 827/827/827 445/445/445 443/443/443
f 445/445/445 827/827/827 829/829/829
f 829/829/829 447/447/447 445/445/445
f 447/447/447 829/829/829 831/831/831
f 831/831/831 449/449/449 447/447/447
f 449/449/449 831/831/831 891/891/891
f 891/891/891 451/451/451 449/449/449
f 451/451/451 891/891/891 892/892/892
f 892/892/892 453/453/453 451/451/451
f 453/453/453 892/892/892 837/837/837
f 837/837/837 455/455/455 453/453/453
f 455/455/455 837/837/837 893/893/893
f 893/893/893 457/457/457 455/455/455
f 457/457/457 893/893/893 894/894/894
f 894/894/894 459/459/459 457/457/457
f 459/459/459 894/894/894 843/843/843
f 843/843/843 461/461/461 459/459/459
f 461/461/461 843/843/843 845/845/845
f 845/845/845 463/463/463 461/461/461
f 463/463/463 845/845/845 847/847/847
f 847/847/847 465/465/465 463/463/463
f 465/465/465 847/847/847 849/849/849
f 849/849/849 467/467/467 465/465/465
f 467/467/467 849/849/849 851/851/851
f 851/851/851 469/469/469 467/467/467
f 469/469/469 851/851/851 853/853/853
f 853/853/853 471/471/471 469/469/469
f 471/471/471 853/853/853 855/855/855
f 855/855/855 473/473/473 471/471/471
f 473/473/473 855/855/855 895/895/895
f 895/895/895 475/475/475 473/473/473
f 475/475/475 895/895/895 896/896/896
f 896/896/896 477/477/477 475/475/475
f 477/477/477 896/896/896 861/861/861
f 861/861/861 479/479/479 477/477/477
f 479/479/479 861/861/861 897/897/897
f 897/897/897 481/481/481 479/479/479
f 481/481/481 897/897/897 898/898/898
f 898/898/898 483/483/483 481/481/481
f 483/483/483 898/898/898 867/867/867
f 867/867/867 485/485/485 483/483/483
f 485/485/485 867/867/867 869/869/869
f 869/869/869 487/487/487 485/485/485
f 487/487/487 869/869/869 871/871/871
f 871/871/871 489/489/489 487/487/487
f 489/489/489 871/871/871 873/873/873
f 873/873/873 491/491/491 489/489/489
f 491/491/491 873/873/873 875/875/875
f 875/875/875 493/493/493 491/491/491
f 493/493/493 875/875/875 877/877/877
f 877/877/877 495/495/495 493/493/493
f 495/495/495 877/877/877 879/879/879
f 879/879/879 497/497/497 495/495/495
f 497/497/497 879/879/879 899/899/899
f 899/899/899 499/499/499 497/497/497
f 499/499/499 899/899/899 900/900/900
f 900/900/900 501/501/501 499/499/499
f 501/501/501 900/900/900 792/792/792
f 792/792/792 503/503/503 501/501/501
f 903/903/903 902/902/902 901/901/901
f 901/901/901 904/904/904 903/903/903
f 907/907/907 906/906/906 905/905/905
f 905/905/905 908/908/908 907/907/907
f 911/911/911 910/910/910 909/909/909
f 909/909/909 912/912/912 911/911/911
f 915/915/915 914/914/914 913/913/913
f 913/913/913 916/916/916 915/915/915
f 919/919/919 918/918/918 917/917/917
f 917/917/917 920/920/920 919/919/919
f 921/921/921 922/922/922 923/923/923
f 923/923/923 924/924/924 921/921/921
f 925/925/925 926/926/926 927/927/927
f 927/927/927 928/928/928 925/925/925
f 929/929/929 930/930/930 931/931/931
f 931/931/931 932/932/932 929/929/929
f 933/933/933 934/934/934 935/935/935
f 935/935/935 936/936/936 933/933/933
f 937/937/937 933/933/933 936/936/936
f 936/936/936 938/938/938 937/937/937
f 939/939/939 937/937/937 938/938/938
f 938/938/938 940/940/940 939/939/939
f 941/941/941 939/939/939 940/940/940
f 940/940/940 942/942/942 941/941/941
f 943/943/943 941/941/941 942/942/942
f 942/942/942 944/944/944 943/943/943
f 945/945/945 943/943/943 944/944/944
f 944/944/944 946/946/946 945/945/945
f 947/947/947 945/945/945 946/946/946
f 946/946/946 948/948/948 947/947/947
f 949/949/949 947/947/947 948/948/948
f 948/948/948 950/950/950 949/949/949
f 951/951/951 949/949/949 950/950/950
f 950/950/950 952/952/952 951/951/951
f 953/953/953 951/951/951 952/952/952
f 952/952/952 954/954/954 953/953/953
f 955/955/955 953/953/953 954/954/954
f 954/954/954 956/956/956 955/955/955
f 957/957/957 955/955/955 956/956/956
f 956/956/956 958/958/958 957/957/957
f 959/959/959 957/957/957 958/958/958
f 958/958/958 960/960/960 959/959/959
f 961/961/961 959/959/959 960/960/960
f 960/960/960 962/962/962 961/961/961
f 963/963/963 961/961/961 962/962/962
f 962/962/962 964/964/964 963/963/963
f 965/965/965 963/963/963 964/964/964
f 964/964/964 966/966/966 965/965/965
f 967/967/967 965/965/965 966/966/966
f 966/966/966 968/968/968 967/967/967
f 969/969/969 967/967/967 968/968/968
f 968/968/968 970/970/970 969/969/969
f 971/971/971 969/969/969 970/970/970
f 970/970/970 972/972/972 971/971/971
f 973/973/973 971/971/971 972/972/972
f 972/972/972 974/974/974 973/973/973
f 975/975/975 973/973/973 974/974/974
f 974/974/974 976/976/976 975/975/975
f 977/977/977 975/975/975 976/976/976
f 976/976/976 978/978/978 977/977/977
f 979/979/979 977/977/977 978/978/978
f 978/978/978 980/980/980 979/979/979
f 981/981/981 979/979/979 980/980/980
f 980/980/980 982/982/982 981/981/981
f 983/983/983 981/981/981 982/982/982
f 982/982/982 984/984/984 983/983/983
f 985/985/985 983/983/983 984/984/984
f 984/984/984 986/986/986 985/985/985
f 987/987/987 985/985/985 986/986/986
f 986/986/986 988/988/988 987/987/987
f 989/989/989 987/987/987 988/988/988
f 988/988/988 990/990/990 989/989/989
f 991/991/991 989/989/989 990/990/990
f 990/990/990 992/992/992 991/991/991
f 993/993/993 991/991/991 992/992/992
f 992/992/992 994/994/994 993/993/993
f 995/995/995 993/993/993 994/994/994
f 994/994/994 996/996/996 995/995/995
f 997/997/997 995/995/995 996/996/996
f 996/996/996 998/998/998 997/997/997
f 999/999/999 997/997/997 998/998/998
f 998/998/998 1000/1000/1000 999/999/999
f 1001/1001/1001 999/999/999 1000/1000/1000
f 1000/1000/1000 1002/1002/1002 1001/1001/1001
f 1003/1003/1003 1001/1001/1001 1002/1002/1002
f 1002/1002/1002 1004/1004/1004 1003/1003/1003
f 1005/1005/1005 1003/1003/1003 1004/1004/1004
f 1004/1004/1004 1006/1006/1006 1005/1005/1005
f 1007/1007/1007 1005/1005/1005 1006/1006/1006
f 1006/1006/1006 1008/1008/1008 1007/1007/1007
f 1009/1009/1009 1007/1007/1007 1008/1008/1008
f 1008/1008/1008 1010/1010/1010 1009/1009/1009
f 1011/1011/1011 1009/1009/1009 1010/1010/1010
f 1010/1010/1010 1012/1012/1012 1011/1011/1011
f 1013/1013/1013 1011/1011/1011 1012/1012/1012
f 1012/1012/1012 1014/1014/1014 1013/1013/1013
f 1015/1015/1015 1013/1013/1013 1014/1014/1014
f 1014/1014/1014 1016/1016/1016 1015/1015/1015
f 1017/1017/1017 1015/1015/1015 1016/1016/1016
f 1016/1016/1016 1018/1018/1018 1017/1017/1017
f 1019/1019/1019 1017/1017/1017 1018/1018/1018
f 1018/1018/1018 1020/1020/1020 1019/1019/1019
f 1021/1021/1021 1019/1019/1019 1020/1020/1020
f 1020/1020/1020 1022/1022/1022 1021/1021/1021
f 1023/1023/1023 1021/1021/1021 1022/1022/1022
f 1022/1022/1022 1024/1024/1024 1023/1023/1023
f 1025/1025/1025 1023/1023/1023 1024/1024/1024
f 1024/1024/1024 1026/1026/1026 1025/1025/1025
f 1027/1027/1027 1025/1025/1025 1026/1026/1026
f 1026/1026/1026 1028/1028/1028 1027/1027/1027
f 934/934/934 1027/1027/1027 1028/1028/1028
f 1028/1028/1028 935/935/935 934/934/934
f 1031/1031/1031 1030/1030/1030 1029/1029/1029
f 1031/1031/1031 1029/1029/1029 1032/1032/1032
f 1031/1031/1031 1032/1032/1032 1033/1033/1033
f 1031/1031/1031 1033/1033/1033 1034/1034/1034
f 1031/1031/1031 1034/1034/1034 1035/1035/1035
f 1031/1031/1031 1035/1035/1035 1036/1036/1036
f 1031/1031/1031 1036/1036/1036 1037/1037/1037
f 1031/1031/1031 1037/1037/1037 1038/1038/1038
f 1031/1031/1031 1038/1038/1038 1039/1039/1039
f 1031/1031/1031 1039/1039/1039 1040/1040/1040
f 1031/1031/1031 1040/1040/1040 1041/1041/1041
f 1031/1031/1031 1041/1041/1041 1042/1042/1042
f 1031/1031/1031 1042/1042/1042 1043/1043/1043
f 1031/1031/1031 1043/1043/1043 1044/1044/1044
f 1031/1031/1031 1044/1044/1044 1045/1045/1045
f 1031/1031/1031 1045/1045/1045 1046/1046/1046
f 1031/1031/1031 1046/1046/1046 1047/1047/1047
f 1031/1031/1031 1047/1047/1047 1048/1048/1048
f 1031/1031/1031 1048/1048/1048 1049/1049/1049
f 1031/1031/1031 1049/1049/1049 1050/1050/1050
f 1031/1031/1031 1050/1050/1050 1051/1051/1051
f 1031/1031/1031 1051/1051/1051 1052/1052/1052
f 1031/1031/1031 1052/1052/1052 1053/1053/1053
f 1031/1031/1031 1053/1053/1053 1054/1054/1054
f 1031/1031/1031 1054/1054/1054 1055/1055/1055
f 1031/1031/1031 1055/1055/1055 1056/1056/1056
f 1031/1031/1031 1056/1056/1056 1057/1057/1057
f 1031/1031/1031 1057/1057/1057 1058/1058/1058
f 1031/1031/1031 1058/1058/1058 1059/1059/1059
f 1031/1031/1031 1059/1059/1059 1060/1060/1060
f 1031/1031/1031 1060/1060/1060 1061/1061/1061
f 1031/1031/1031 1061/1061/1061 1062/1062/1062
f 1031/1031/1031 1062/1062/1062 1063/1063/1063
f 1031/1031/1031 1063/1063/1063 1064/1064/1064
f 1031/1031/1031 1064/1064/1064 1065/1065/1065
f 1031/1031/1031 1065/1065/1065 1066/1066/1066
f 1031/1031/1031 1066/1066/1066 1067/1067/1067
f 1031/1031/1031 1067/1067/1067 1068/1068/1068
f 1031/1031/1031 1068/1068/1068 1069/1069/1069
f 1031/1031/1031 1069/1069/1069 1070/1070/1070
f 1031/1031/1031 1070/1070/1070 1071/1071/1071
f 1031/1031/1031 1071/1071/1071 1072/1072/1072
f 1031/1031/1031 1072/1072/1072 1073/1073/1073
f 1031/1031/1031 1073/1073/1073 1074/1074/1074
f 1031/1031/1031 1074/1074/1074 1075/1075/1075
f 1031/1031/1031 1075/1075/1075 1076/1076/1076
f 1031/1031/1031 1076/1076/1076 1077/1077/1077
f 1031/1031/1031 1077/1077/1077 1030/1030/1030
f 1078/1078/1078 1079/1079/1079 1080/1080/1080
f 1080/1080/1080 1081/1081/1081 1078/1078/1078
f 1082/1082/1082 1078/1078/1078 1081/1081/1081
f 1081/1081/1081 1083/1083/1083 1082/1082/1082
f 1084/1084/1084 1082/1082/1082 1083/1083/1083
f 1083/1083/1083 1085/1085/1085 1084/1084/1084
f 1086/1086/1086 1084/1084/1084 1085/1085/1085
f 1085/1085/1085 1087/1087/1087 1086/1086/1086
f 1088/1088/1088 1086/1086/1086 1087/1087/1087
f 1087/1087/1087 1089/1089/1089 1088/1088/1088
f 1090/1090/1090 1088/1088/1088 1089/1089/1089
f 1089/1089/1089 1091/1091/1091 1090/1090/1090
f 1092/1092/1092 1090/1090/1090 1091/1091/1091
f 1091/1091/1091 1093/1093/1093 1092/1092/1092
f 1094/1094/1094 1092/1092/1092 1093/1093/1093
f 1093/1093/1093 1095/1095/1095 1094/1094/1094
f 1096/1096/1096 1094/1094/1094 1095/1095/1095
f 1095/1095/1095 1097/1097/1097 1096/1096/1096
f 1098/1098/1098 1096/1096/1096 1097/1097/1097
f 1097/1097/1097 1099/1099/1099 1098/1098/1098
f 1100/1100/1100 1098/1098/1098 1099/1099/1099
f 1099/1099/1099 1101/1101/1101 1100/1100/1100
f 1102/1102/1102 1100/1100/1100 1101/1101/1101
f 1101/1101/1101 1103/1103/1103 1102/1102/1102
f 1104/1104/1104 1102/1102/1102 1103/1103/1103
f 1103/1103/1103 1105/1105/1105 1104/1104/1104
f 1106/1106/1106 1104/1104/1104 1105/1105/1105
f 1105/1105/1105 1107/1107/1107 1106/1106/1106
f 1108/1108/1108 1106/1106/1106 1107/1107/1107
f 1107/1107/1107 1109/1109/1109 1108/1108/1108
f 1110/1110/1110 1108/1108/1108 1109/1109/1109
f 1109/1109/1109 1111/1111/1111 1110/1110/1110
f 1112/1112/1112 1110/1110/1110 1111/1111/1111
f 1111/1111/1111 1113/1113/1113 1112/1112/1112
f 1114/1114/1114 1112/1112/1112 1113/1113/1113
f 1113/1113/1113 1115/1115/1115 1114/1114/1114
f 1116/1116/1116 1114/1114/1114 1115/1115/1115
f 1115/1115/1115 1117/1117/1117 1116/1116/1116
f 1118/1118/1118 1116/1116/1116 1117/1117/1117
f 1117/1117/1117 1119/1119/1119 1118/1118/1118
f 1120/1120/1120 1118/1118/1118 1119/1119/1119
f 1119/1119/1119 1121/1121/1121 1120/1120/1120
f 1122/1122/1122 1120/1120/1120 1121/1121/1121
f 1121/1121/1121 1123/1123/1123 1122/1122/1122
f 1124/1124/1124 1122/1122/1122 1123/1123/1123
f 1123/1123/1123 1125/1125/1125 1124/1124/1124
f 1126/1126/1126 1124/1124/1124 1125/1125/1125
f 1125/1125/1125 1127/1127/1127 1126/1126/1126
f 1128/1128/1128 1126/1126/1126 1127/1127/1127
f 1127/1127/1127 1129/1129/1129 1128/1128/1128
f 1130/1130/1130 1128/1128/1128 1129/1129/1129
f 1129/1129/1129 1131/1131/1131 1130/1130/1130
f 1132/1132/1132 1130/1130/1130 1131/1131/1131
f 1131/1131/1131 1133/1133/1133 1132/1132/1132
f 1134/1134/1134 1132/1132/1132 1133/1133/1133
f 1133/1133/1133 1135/1135/1135 1134/1134/1134
f 1136/1136/1136 1134/1134/1134 1135/1135/1135
f 1135/1135/1135 1137/1137/1137 1136/1136/1136
f 1138/1138/1138 1136/1136/1136 1137/1137/1137
f 1137/1137/1137 1139/1139/1139 1138/1138/1138
f 1140/1140/1140 1138/1138/1138 1139/1139/1139
f 1139/1139/1139 1141/1141/1141 1140/1140/1140
f 1142/1142/1142 1140/1140/1140 1141/1141/1141
f 1141/1141/1141 1143/1143/1143 1142/1142/1142
f 1144/1144/1144 1142/1142/1142 1143/1143/1143
f 1143/1143/1143 1145/1145/1145 1144/1144/1144
f 1146/1146/1146 1144/1144/1144 1145/1145/1145
f 1145/1145/1145 1147/1147/1147 1146/1146/1146
f 1148/1148/1148 1146/1146/1146 1147/1147/1147
f 1147/1147/1147 1149/1149/1149 1148/1148/1148
f 1150/1150/1150 1148/1148/1148 1149/1149/1149
f 1149/1149/1149 1151/1151/1151 1150/1150/1150
f 1152/1152/1152 1150/1150/1150 1151/1151/1151
f 1151/1151/1151 1153/1153/1153 1152/1152/1152
f 1154/1154/1154 1152/1152/1152 1153/1153/1153
f 1153/1153/1153 1155/1155/1155 1154/1154/1154
f 1156/1156/1156 1154/1154/1154 1155/1155/1155
f 1155/1155/1155 1157/1157/1157 1156/1156/1156
f 1158/1158/1158 1156/1156/1156 1157/1157/1157
f 1157/1157/1157 1159/1159/1159 1158/1158/1158
f 1160/1160/1160 1158/1158/1158 1159/1159/1159
f 1159/1159/1159 1161/1161/1161 1160/1160/1160
f 1162/1162/1162 1160/1160/1160 1161/1161/1161
f 1161/1161/1161 1163/1163/1163 1162/1162/1162
f 1164/1164/1164 1162/1162/1162 1163/1163/1163
f 1163/1163/1163 1165/1165/1165 1164/1164/1164
f 1166/1166/1166 1164/1164/1164 1165/1165/1165
f 1165/1165/1165 1167/1167/1167 1166/1166/1166
f 1168/1168/1168 1166/1166/1166 1167/1167/1167
f 1167/1167/1167 1169/1169/1169 1168/1168/1168
f 1170/1170/1170 1168/1168/1168 1169/1169/1169
f 1169/1169/1169 1171/1171/1171 1170/1170/1170
f 1172/1172/1172 1170/1170/1170 1171/1171/1171
f 1171/1171/1171 1173/1173/1173 1172/1172/1172
f 1079/1079/1079 1172/1172/1172 1173/1173/1173
f 1173/1173/1173 1080/1080/1080 1079/1079/1079
f 1176/1176/1176 1175/1175/1175 1174/1174/1174
f 1176/1176/1176 1174/1174/1174 1177/1177/1177
f 1176/1176/1176 1177/1177/1177 1178/1178/1178
f 1176/1176/1176 1178/1178/1178 1179/1179/1179
f 1176/1176/1176 1179/1179/1179 1180/1180/1180
f 1176/1176/1176 1180/1180/1180 1181/1181/1181
f 1176/1176/1176 1181/1181/1181 1182/1182/1182
f 1176/1176/1176 1182/1182/1182 1183/1183/1183
f 1176/1176/1176 1183/1183/1183 1184/1184/1184
f 1176/1176/1176 1184/1184/1184 1185/1185/1185
f 1176/1176/1176 1185/1185/1185 1186/1186/1186
f 1176/1176/1176 1186/1186/1186 1187/1187/1187
f 1176/1176/1176 1187/1187/1187 1188/1188/1188
f 1176/1176/1176 1188/1188/1188 1189/1189/1189
f 1176/1176/1176 1189/1189/1189 1190/1190/1190
f 1176/1176/1176 1190/1190/1190 1191/1191/1191
f 1176/1176/1176 1191/1191/1191 1192/1192/1192
f 1176/1176/1176 1192/1192/1192 1193/1193/1193
f 1176/1176/1176 1193/1193/1193 1194/1194/1194
f 1176/1176/1176 1194/1194/1194 1195/1195/1195
f 1176/1176/1176 1195/1195/1195 1196/1196/1196
f 1176/1176/1176 1196/1196/1196 1197/1197/1197
f 1176/1176/1176 1197/1197/1197 1198/1198/1198
f 1176/1176/1176 1198/1198/1198 1199/1199/1199
f 1176/1176/1176 1199/1199/1199 1200/1200/1200
f 1176/1176/1176 1200/1200/1200 1201/1201/1201
f 1176/1176/1176 1201/1201/1201 1202/1202/1202
f 1176/1176/1176 1202/1202/1202 1203/1203/1203
f 1176/1176/1176 1203/1203/1203 1204/1204/1204
f 1176/1176/1176 1204/1204/1204 1205/1205/1205
f 1176/1176/1176 1205/1205/1205 1206/1206/1206
f 1176/1176/1176 1206/1206/1206 1207/1207/1207
f 1176/1176/1176 1207/1207/1207 1208/1208/1208
f 1176/1176/1176 1208/1208/1208 1209/1209/1209
f 1176/1176/1176 1209/1209/1209 1210/1210/1210
f 1176/1176/1176 1210/1210/1210 1211/1211/1211
f 1176/1176/1176 1211/1211/1211 1212/1212/1212
f 1176/1176/1176 1212/1212/1212 1213/1213/1213
f 1176/1176/1176 1213/1213/1213 1214/1214/1214
f 1176/1176/1176 1214/1214/1214 1215/1215/1215
f 1176/1176/1176 1215/1215/1215 1216/1216/1216
f 1176/1176/1176 1216/1216/1216 1217/1217/1217
f 1176/1176/1176 1217/1217/1217 1218/1218/1218
f 1176/1176/1176 1218/1218/1218 1219/1219/1219
f 1176/1176/1176 1219/1219/1219 1220/1220/1220
f 1176/1176/1176 1220/1220/1220 1221/1221/1221
f 1176/1176/1176 1221/1221/1221 1222/1222/1222
f 1176/1176/1176 1222/1222/1222 1175/1175/1175
f 1225/1225/1225 1224/1224/1224 1223/1223/1223
f 1223/1223/1223 1226/1226/1226 1225/1225/1225
f 1224/1224/1224 1228/1228/1228 1227/1227/1227
f 1227/1227/1227 1223/1223/1223 1224/1224/1224
f 1228/1228/1228 1230/1230/1230 1229/1229/1229
f 1229/1229/1229 1227/1227/1227 1228/1228/1228
f 1230/1230/1230 1225/1225/1225 1226/1226/1226
f 1226/1226/1226 1229/1229/1229 1230/1230/1230
f 1233/1233/1233 1232/1232/1232 1231/1231/1231
f 1231/1231/1231 1234/1234/1234 1233/1233/1233
f 1233/1233/1233 1235/1235/1235 1232/1232/1232
f 1238/1238/1238 1237/1237/1237 1236/1236/1236
f 1236/1236/1236 1239/1239/1239 1238/1238/1238
f 1237/1237/1237 1241/1241/1241 1240/1240/1240
f 1240/1240/1240 1236/1236/1236 1237/1237/1237
f 1244/1244/1244 1243/1243/1243 1242/1242/1242
f 1242/1242/1242 1245/1245/1245 1244/1244/1244
f 1245/1245/1245 1247/1247/1247 1246/1246/1246
f 1246/1246/1246 1244/1244/1244 1245/1245/1245
f 1250/1250/1250 1249/1249/1249 1248/1248/1248
f 1248/1248/1248 1251/1251/1251 1250/1250/1250
f 1250/1250/1250 1252/1252/1252 1249/1249/1249
f 1255/1255/1255 1254/1254/1254 1253/1253/1253
f 1253/1253/1253 1256/1256/1256 1255/1255/1255
