mtllib tile2*4.mtl
v -5.960464E-06 40.00016 -39.99996
v 3.576279E-06 39.99999 40.00004
v 5.960464E-06 -5.881093E-06 39.99996
v -3.576279E-06 0.000158469 -40.00004
v 7.000004 40 40.00004
v 3.576279E-06 39.99999 40.00004
v -5.960464E-06 40.00016 -39.99996
v 6.999994 40.00016 -39.99996
v 6.999994 40.00016 -39.99996
v -5.960464E-06 40.00016 -39.99996
v -3.576279E-06 0.000158469 -40.00004
v 6.999996 0.0001593035 -40.00004
v 6.999996 0.0001593035 -40.00004
v -3.576279E-06 0.000158469 -40.00004
v 5.960464E-06 -5.881093E-06 39.99996
v 7.000006 -5.046628E-06 39.99996
v 7.000006 -5.046628E-06 39.99996
v 5.960464E-06 -5.881093E-06 39.99996
v 3.576279E-06 39.99999 40.00004
v 7.000004 40 40.00004
v 8.000004 39 39.00004
v 7.000003 39 39.00004
v 6.999994 39.00016 -38.99996
v 7.999994 39.00016 -38.99996
v 7.999994 39.00016 -38.99996
v 6.999994 39.00016 -38.99996
v 6.999997 1.000157 -39.00004
v 7.999997 1.000157 -39.00004
v 7.999997 1.000157 -39.00004
v 6.999997 1.000157 -39.00004
v 7.000006 0.999997 38.99996
v 8.000006 0.9999971 38.99996
v 8.000006 0.9999971 38.99996
v 7.000006 0.999997 38.99996
v 7.000003 39 39.00004
v 8.000004 39 39.00004
v 4.000005 4.000003 35.99997
v 3.999997 4.000151 -36.00003
v 3.999995 36.00015 -35.99997
v 4.000003 36 36.00003
v 3.999995 36.00015 -35.99997
v 7.999995 36.00015 -35.99997
v 8.000004 36 36.00003
v 4.000003 36 36.00003
v 4.000003 36 36.00003
v 8.000004 36 36.00003
v 8.000006 4.000003 35.99997
v 4.000005 4.000003 35.99997
v 4.000005 4.000003 35.99997
v 8.000006 4.000003 35.99997
v 7.999997 4.000151 -36.00003
v 3.999997 4.000151 -36.00003
v 3.999997 4.000151 -36.00003
v 7.999997 4.000151 -36.00003
v 7.999995 36.00015 -35.99997
v 3.999995 36.00015 -35.99997
v 7.000006 -5.046628E-06 39.99996
v 7.000006 0.999997 38.99996
v 6.999997 1.000157 -39.00004
v 6.999996 0.0001593035 -40.00004
v 6.999994 40.00016 -39.99996
v 6.999994 39.00016 -38.99996
v 7.000003 39 39.00004
v 7.000004 40 40.00004
v 8.000006 0.9999971 38.99996
v 8.000006 4.000003 35.99997
v 7.999997 4.000151 -36.00003
v 7.999997 1.000157 -39.00004
v 7.999994 39.00016 -38.99996
v 7.999995 36.00015 -35.99997
v 8.000004 36 36.00003
v 8.000004 39 39.00004
v 4 20.78306 5.948403
v 4.000001 20.00006 6.000001
v 8.000001 20.00006 6.000001
v 8.000001 20.78307 5.948403
v 4 21.55286 5.795405
v 8.000001 21.55287 5.795404
v 4 22.29626 5.543406
v 8.000001 22.29627 5.543406
v 4 23.00007 5.196008
v 8 23.00007 5.196007
v 4 23.65287 4.760408
v 8 23.65287 4.760408
v 4 24.24267 4.24261
v 8 24.24267 4.24261
v 4 24.76047 3.652811
v 8 24.76047 3.652811
v 4 25.19607 3.000012
v 8 25.19607 3.000012
v 4 25.54347 2.296213
v 8 25.54347 2.296212
v 4 25.79547 1.552813
v 8 25.79548 1.552813
v 4 25.94847 0.7830133
v 8 25.94847 0.7830131
v 4 26.00008 1.347867E-05
v 8 26.00008 1.324025E-05
v 4 25.94848 -0.7829866
v 8 25.94848 -0.7829869
v 4 25.79548 -1.552787
v 8 25.79548 -1.552787
v 3.999999 25.54348 -2.296187
v 8 25.54348 -2.296188
v 3.999999 25.19608 -2.999988
v 8 25.19608 -2.999988
v 3.999999 24.76048 -3.652789
v 7.999999 24.76048 -3.652789
v 3.999999 24.24269 -4.24259
v 7.999999 24.24269 -4.24259
v 3.999999 23.65289 -4.760391
v 7.999999 23.65289 -4.760391
v 3.999999 23.00009 -5.195992
v 7.999999 23.00009 -5.195993
v 3.999999 22.29629 -5.543394
v 7.999999 22.29629 -5.543394
v 3.999999 21.55289 -5.795395
v 7.999999 21.55289 -5.795396
v 3.999999 20.78309 -5.948397
v 7.999999 20.78309 -5.948397
v 3.999999 20.00009 -5.999999
v 7.999999 20.00009 -5.999999
v 3.999999 19.21709 -5.9484
v 8 19.21709 -5.9484
v 3.999999 18.44729 -5.795402
v 8 18.44729 -5.795402
v 4 17.70389 -5.543403
v 8 17.70389 -5.543403
v 4 17.00009 -5.196004
v 8 17.00009 -5.196005
v 4 16.34729 -4.760406
v 8 16.34729 -4.760406
v 4 15.75749 -4.242607
v 8 15.75749 -4.242607
v 4 15.23968 -3.652808
v 8 15.23969 -3.652808
v 4 14.80408 -3.000009
v 8 14.80408 -3.000009
v 4 14.45668 -2.29621
v 8 14.45668 -2.29621
v 4 14.20468 -1.55281
v 8 14.20468 -1.55281
v 4 14.05168 -0.7830104
v 8 14.05168 -0.7830106
v 4 14.00008 -1.045858E-05
v 8 14.00008 -1.0697E-05
v 4 14.05167 0.7829896
v 8 14.05168 0.7829894
v 4 14.20467 1.55279
v 8.000001 14.20467 1.55279
v 4 14.45667 2.296191
v 8.000001 14.45667 2.29619
v 4 14.80407 2.999991
v 8.000001 14.80407 2.999991
v 4.000001 15.23967 3.652792
v 8.000001 15.23967 3.652792
v 4.000001 15.75747 4.242593
v 8.000001 15.75747 4.242593
v 4.000001 16.34727 4.760394
v 8.000001 16.34727 4.760394
v 4.000001 17.00007 5.195996
v 8.000001 17.00007 5.195995
v 4.000001 17.70387 5.543397
v 8.000001 17.70387 5.543396
v 4.000001 18.44727 5.795399
v 8.000001 18.44727 5.795398
v 4.000001 19.21706 5.9484
v 8.000001 19.21707 5.9484
v 4.000001 21.04406 7.931204
v 4.000001 20.00006 8.000002
v 8.000001 20.00006 8.000001
v 8.000001 21.04406 7.931203
v 4.000001 22.07046 7.727206
v 8.000001 22.07046 7.727205
v 4 23.06166 7.391208
v 8.000001 23.06166 7.391207
v 4 24.00006 6.92801
v 8.000001 24.00006 6.928009
v 4 24.87046 6.347211
v 8 24.87046 6.347211
v 4 25.65686 5.656813
v 8 25.65687 5.656812
v 4 26.34727 4.870414
v 8 26.34727 4.870414
v 4 26.92807 4.000015
v 8 26.92807 4.000015
v 4 27.39127 3.061616
v 8 27.39127 3.061616
v 4 27.72727 2.070417
v 8 27.72727 2.070417
v 4 27.93127 1.044017
v 8 27.93127 1.044017
v 4 28.00008 1.746821E-05
v 8 28.00008 1.72298E-05
v 3.999999 27.93128 -1.043983
v 8 27.93128 -1.043983
v 3.999999 27.72728 -2.070383
v 8 27.72728 -2.070383
v 3.999999 27.39128 -3.061584
v 7.999999 27.39128 -3.061584
v 3.999999 26.92809 -3.999985
v 7.999999 26.92809 -3.999985
v 3.999999 26.34729 -4.870386
v 7.999999 26.34729 -4.870386
v 3.999999 25.65689 -5.656787
v 7.999999 25.65689 -5.656787
v 3.999999 24.87049 -6.347188
v 7.999999 24.87049 -6.347189
v 3.999999 24.00009 -6.92799
v 7.999999 24.00009 -6.927991
v 3.999999 23.06169 -7.391192
v 7.999999 23.06169 -7.391193
v 3.999999 22.07049 -7.727194
v 7.999999 22.07049 -7.727195
v 3.999999 21.04409 -7.931196
v 7.999999 21.04409 -7.931197
v 3.999999 20.00009 -7.999999
v 7.999999 20.00009 -7.999999
v 3.999999 18.95609 -7.931201
v 7.999999 18.95609 -7.931201
v 3.999999 17.92969 -7.727202
v 7.999999 17.92969 -7.727203
v 3.999999 16.93849 -7.391205
v 8 16.93849 -7.391205
v 4 16.00009 -6.928007
v 8 16.00009 -6.928007
v 4 15.12969 -6.347208
v 8 15.12969 -6.347208
v 4 14.34329 -5.656809
v 8 14.34329 -5.65681
v 4 13.65289 -4.870411
v 8 13.65289 -4.870411
v 4 13.07209 -4.000012
v 8 13.07209 -4.000012
v 4 12.60888 -3.061613
v 8 12.60888 -3.061614
v 4 12.27288 -2.070414
v 8 12.27288 -2.070414
v 4 12.06888 -1.044014
v 8 12.06888 -1.044015
v 4 12.00008 -1.444813E-05
v 8 12.00008 -1.468655E-05
v 4 12.06887 1.043986
v 8.000001 12.06888 1.043985
v 4 12.27287 2.070386
v 8.000001 12.27287 2.070386
v 4.000001 12.60887 3.061587
v 8.000001 12.60887 3.061586
v 4.000001 13.07207 3.999988
v 8.000001 13.07207 3.999987
v 4.000001 13.65287 4.870389
v 8.000001 13.65287 4.870389
v 4.000001 14.34327 5.65679
v 8.000001 14.34327 5.65679
v 4.000001 15.12966 6.347192
v 8.000001 15.12966 6.347191
v 4.000001 16.00006 6.927993
v 8.000001 16.00006 6.927993
v 4.000001 16.93846 7.391195
v 8.000001 16.93846 7.391195
v 4.000001 17.92966 7.727198
v 8.000001 17.92966 7.727197
v 4.000001 18.95606 7.9312
v 8.000001 18.95606 7.931199
v 8.000001 20.00006 6.000001
v 8.000001 20.78307 5.948403
v 8.000001 21.04406 7.931203
v 8.000001 20.00006 8.000001
v 8.000001 21.55287 5.795404
v 8.000001 22.07046 7.727205
v 8.000001 22.29627 5.543406
v 8.000001 23.06166 7.391207
v 8 23.00007 5.196007
v 8.000001 24.00006 6.928009
v 8 23.65287 4.760408
v 8 24.87046 6.347211
v 8 24.24267 4.24261
v 8 25.65687 5.656812
v 8 24.76047 3.652811
v 8 26.34727 4.870414
v 8 25.19607 3.000012
v 8 26.92807 4.000015
v 8 25.54347 2.296212
v 8 27.39127 3.061616
v 8 25.79548 1.552813
v 8 27.72727 2.070417
v 8 25.94847 0.7830131
v 8 27.93127 1.044017
v 8 26.00008 1.324025E-05
v 8 28.00008 1.72298E-05
v 8 25.94848 -0.7829869
v 8 27.93128 -1.043983
v 8 25.79548 -1.552787
v 8 27.72728 -2.070383
v 8 25.54348 -2.296188
v 7.999999 27.39128 -3.061584
v 8 25.19608 -2.999988
v 7.999999 26.92809 -3.999985
v 7.999999 24.76048 -3.652789
v 7.999999 26.34729 -4.870386
v 7.999999 24.24269 -4.24259
v 7.999999 25.65689 -5.656787
v 7.999999 23.65289 -4.760391
v 7.999999 24.87049 -6.347189
v 7.999999 23.00009 -5.195993
v 7.999999 24.00009 -6.927991
v 7.999999 22.29629 -5.543394
v 7.999999 23.06169 -7.391193
v 7.999999 21.55289 -5.795396
v 7.999999 22.07049 -7.727195
v 7.999999 20.78309 -5.948397
v 7.999999 21.04409 -7.931197
v 7.999999 20.00009 -5.999999
v 7.999999 20.00009 -7.999999
v 8 19.21709 -5.9484
v 7.999999 18.95609 -7.931201
v 8 18.44729 -5.795402
v 7.999999 17.92969 -7.727203
v 8 17.70389 -5.543403
v 8 16.93849 -7.391205
v 8 17.00009 -5.196005
v 8 16.00009 -6.928007
v 8 16.34729 -4.760406
v 8 15.12969 -6.347208
v 8 15.75749 -4.242607
v 8 14.34329 -5.65681
v 8 15.23969 -3.652808
v 8 13.65289 -4.870411
v 8 14.80408 -3.000009
v 8 13.07209 -4.000012
v 8 14.45668 -2.29621
v 8 12.60888 -3.061614
v 8 14.20468 -1.55281
v 8 12.27288 -2.070414
v 8 14.05168 -0.7830106
v 8 12.06888 -1.044015
v 8 14.00008 -1.0697E-05
v 8 12.00008 -1.468655E-05
v 8 14.05168 0.7829894
v 8.000001 12.06888 1.043985
v 8.000001 14.20467 1.55279
v 8.000001 12.27287 2.070386
v 8.000001 14.45667 2.29619
v 8.000001 12.60887 3.061586
v 8.000001 14.80407 2.999991
v 8.000001 13.07207 3.999987
v 8.000001 15.23967 3.652792
v 8.000001 13.65287 4.870389
v 8.000001 15.75747 4.242593
v 8.000001 14.34327 5.65679
v 8.000001 16.34727 4.760394
v 8.000001 15.12966 6.347191
v 8.000001 17.00007 5.195995
v 8.000001 16.00006 6.927993
v 8.000001 17.70387 5.543396
v 8.000001 16.93846 7.391195
v 8.000001 18.44727 5.795398
v 8.000001 17.92966 7.727197
v 8.000001 19.21707 5.9484
v 8.000001 18.95606 7.931199
v 4.000003 20.78302 25.9484
v 4.000003 20.00002 26
v 8.000003 20.00002 26
v 8.000003 20.78302 25.9484
v 4.000003 21.55282 25.7954
v 8.000003 21.55282 25.7954
v 4.000003 22.29622 25.54341
v 8.000003 22.29622 25.54341
v 4.000003 23.00002 25.19601
v 8.000003 23.00002 25.19601
v 4.000003 23.65283 24.76041
v 8.000003 23.65283 24.76041
v 4.000003 24.24263 24.24261
v 8.000003 24.24263 24.24261
v 4.000002 24.76043 23.65281
v 8.000003 24.76043 23.65281
v 4.000002 25.19603 23.00001
v 8.000003 25.19603 23.00001
v 4.000002 25.54343 22.29621
v 8.000002 25.54343 22.29621
v 4.000002 25.79543 21.55281
v 8.000002 25.79543 21.55281
v 4.000002 25.94843 20.78301
v 8.000002 25.94843 20.78301
v 4.000002 26.00004 20.00001
v 8.000002 26.00004 20.00001
v 4.000002 25.94844 19.21701
v 8.000002 25.94844 19.21701
v 4.000002 25.79544 18.44721
v 8.000002 25.79544 18.44721
v 4.000002 25.54344 17.70381
v 8.000002 25.54344 17.70381
v 4.000002 25.19604 17.00001
v 8.000002 25.19604 17.00001
v 4.000001 24.76044 16.34721
v 8.000002 24.76044 16.34721
v 4.000001 24.24265 15.75741
v 8.000002 24.24265 15.75741
v 4.000001 23.65285 15.23961
v 8.000002 23.65285 15.23961
v 4.000001 23.00005 14.80401
v 8.000002 23.00005 14.80401
v 4.000001 22.29625 14.45661
v 8.000002 22.29625 14.45661
v 4.000001 21.55285 14.2046
v 8.000002 21.55285 14.2046
v 4.000001 20.78305 14.0516
v 8.000002 20.78305 14.0516
v 4.000002 20.00005 14
v 8.000002 20.00005 14
v 4.000002 19.21705 14.0516
v 8.000002 19.21705 14.0516
v 4.000002 18.44725 14.2046
v 8.000002 18.44725 14.2046
v 4.000002 17.70385 14.4566
v 8.000002 17.70385 14.4566
v 4.000002 17.00005 14.804
v 8.000002 17.00005 14.804
v 4.000002 16.34725 15.23959
v 8.000002 16.34725 15.23959
v 4.000002 15.75744 15.75739
v 8.000002 15.75745 15.75739
v 4.000002 15.23964 16.34719
v 8.000002 15.23964 16.34719
v 4.000002 14.80404 16.99999
v 8.000002 14.80404 16.99999
v 4.000002 14.45664 17.70379
v 8.000003 14.45664 17.70379
v 4.000002 14.20464 18.44719
v 8.000003 14.20464 18.44719
v 4.000003 14.05164 19.21699
v 8.000003 14.05164 19.21699
v 4.000003 14.00004 19.99999
v 8.000003 14.00004 19.99999
v 4.000003 14.05163 20.78299
v 8.000003 14.05163 20.78299
v 4.000003 14.20463 21.55279
v 8.000003 14.20463 21.55279
v 4.000003 14.45663 22.29619
v 8.000003 14.45663 22.29619
v 4.000003 14.80403 22.99999
v 8.000003 14.80403 22.99999
v 4.000003 15.23963 23.65279
v 8.000003 15.23963 23.65279
v 4.000003 15.75743 24.24259
v 8.000003 15.75743 24.24259
v 4.000003 16.34723 24.76039
v 8.000003 16.34723 24.76039
v 4.000003 17.00002 25.196
v 8.000003 17.00002 25.196
v 4.000003 17.70382 25.5434
v 8.000003 17.70382 25.5434
v 4.000003 18.44722 25.7954
v 8.000003 18.44722 25.7954
v 4.000003 19.21702 25.9484
v 8.000003 19.21702 25.9484
v 4.000003 21.04402 27.9312
v 4.000003 20.00002 28
v 8.000004 20.00002 28
v 8.000003 21.04402 27.9312
v 4.000003 22.07042 27.72721
v 8.000003 22.07042 27.72721
v 4.000003 23.06162 27.39121
v 8.000003 23.06162 27.39121
v 4.000003 24.00002 26.92801
v 8.000003 24.00002 26.92801
v 4.000003 24.87042 26.34721
v 8.000003 24.87042 26.34721
v 4.000003 25.65682 25.65681
v 8.000003 25.65682 25.65681
v 4.000002 26.34723 24.87041
v 8.000003 26.34723 24.87041
v 4.000002 26.92803 24.00002
v 8.000003 26.92803 24.00002
v 4.000002 27.39123 23.06162
v 8.000002 27.39123 23.06161
v 4.000002 27.72723 22.07042
v 8.000002 27.72723 22.07042
v 4.000002 27.93123 21.04402
v 8.000002 27.93123 21.04402
v 4.000002 28.00004 20.00002
v 8.000002 28.00004 20.00002
v 4.000002 27.93124 18.95602
v 8.000002 27.93124 18.95602
v 4.000002 27.72724 17.92962
v 8.000002 27.72724 17.92962
v 4.000001 27.39124 16.93842
v 8.000002 27.39124 16.93842
v 4.000001 26.92804 16.00002
v 8.000002 26.92805 16.00002
v 4.000001 26.34725 15.12961
v 8.000001 26.34725 15.12961
v 4.000001 25.65685 14.34321
v 8.000001 25.65685 14.34321
v 4.000001 24.87045 13.65281
v 8.000001 24.87045 13.65281
v 4.000001 24.00005 13.07201
v 8.000001 24.00005 13.07201
v 4.000001 23.06165 12.60881
v 8.000001 23.06165 12.60881
v 4.000001 22.07045 12.27281
v 8.000001 22.07045 12.27281
v 4.000001 21.04405 12.0688
v 8.000001 21.04405 12.0688
v 4.000001 20.00005 12
v 8.000002 20.00005 12
v 4.000001 18.95605 12.0688
v 8.000002 18.95605 12.0688
v 4.000001 17.92965 12.2728
v 8.000002 17.92965 12.2728
v 4.000002 16.93845 12.6088
v 8.000002 16.93845 12.6088
v 4.000002 16.00005 13.07199
v 8.000002 16.00005 13.07199
v 4.000002 15.12965 13.65279
v 8.000002 15.12965 13.65279
v 4.000002 14.34325 14.34319
v 8.000002 14.34325 14.34319
v 4.000002 13.65285 15.12959
v 8.000002 13.65285 15.12959
v 4.000002 13.07204 15.99999
v 8.000002 13.07204 15.99999
v 4.000002 12.60884 16.93839
v 8.000003 12.60884 16.93839
v 4.000002 12.27284 17.92959
v 8.000003 12.27284 17.92959
v 4.000003 12.06884 18.95598
v 8.000003 12.06884 18.95598
v 4.000003 12.00004 19.99998
v 8.000003 12.00004 19.99998
v 4.000003 12.06883 21.04399
v 8.000003 12.06883 21.04399
v 4.000003 12.27283 22.07039
v 8.000003 12.27283 22.07039
v 4.000003 12.60883 23.06159
v 8.000003 12.60883 23.06159
v 4.000003 13.07203 23.99999
v 8.000003 13.07203 23.99999
v 4.000003 13.65283 24.87039
v 8.000004 13.65283 24.87039
v 4.000003 14.34322 25.65679
v 8.000004 14.34322 25.65679
v 4.000003 15.12962 26.34719
v 8.000004 15.12962 26.34719
v 4.000003 16.00002 26.92799
v 8.000004 16.00002 26.92799
v 4.000003 16.93842 27.3912
v 8.000004 16.93842 27.3912
v 4.000003 17.92962 27.7272
v 8.000004 17.92962 27.7272
v 4.000003 18.95602 27.9312
v 8.000004 18.95602 27.9312
v 8.000003 20.00002 26
v 8.000003 20.78302 25.9484
v 8.000003 21.04402 27.9312
v 8.000004 20.00002 28
v 8.000003 21.55282 25.7954
v 8.000003 22.07042 27.72721
v 8.000003 22.29622 25.54341
v 8.000003 23.06162 27.39121
v 8.000003 23.00002 25.19601
v 8.000003 24.00002 26.92801
v 8.000003 23.65283 24.76041
v 8.000003 24.87042 26.34721
v 8.000003 24.24263 24.24261
v 8.000003 25.65682 25.65681
v 8.000003 24.76043 23.65281
v 8.000003 26.34723 24.87041
v 8.000003 25.19603 23.00001
v 8.000003 26.92803 24.00002
v 8.000002 25.54343 22.29621
v 8.000002 27.39123 23.06161
v 8.000002 25.79543 21.55281
v 8.000002 27.72723 22.07042
v 8.000002 25.94843 20.78301
v 8.000002 27.93123 21.04402
v 8.000002 26.00004 20.00001
v 8.000002 28.00004 20.00002
v 8.000002 25.94844 19.21701
v 8.000002 27.93124 18.95602
v 8.000002 25.79544 18.44721
v 8.000002 27.72724 17.92962
v 8.000002 25.54344 17.70381
v 8.000002 27.39124 16.93842
v 8.000002 25.19604 17.00001
v 8.000002 26.92805 16.00002
v 8.000002 24.76044 16.34721
v 8.000001 26.34725 15.12961
v 8.000002 24.24265 15.75741
v 8.000001 25.65685 14.34321
v 8.000002 23.65285 15.23961
v 8.000001 24.87045 13.65281
v 8.000002 23.00005 14.80401
v 8.000001 24.00005 13.07201
v 8.000002 22.29625 14.45661
v 8.000001 23.06165 12.60881
v 8.000002 21.55285 14.2046
v 8.000001 22.07045 12.27281
v 8.000002 20.78305 14.0516
v 8.000001 21.04405 12.0688
v 8.000002 20.00005 14
v 8.000002 20.00005 12
v 8.000002 19.21705 14.0516
v 8.000002 18.95605 12.0688
v 8.000002 18.44725 14.2046
v 8.000002 17.92965 12.2728
v 8.000002 17.70385 14.4566
v 8.000002 16.93845 12.6088
v 8.000002 17.00005 14.804
v 8.000002 16.00005 13.07199
v 8.000002 16.34725 15.23959
v 8.000002 15.12965 13.65279
v 8.000002 15.75745 15.75739
v 8.000002 14.34325 14.34319
v 8.000002 15.23964 16.34719
v 8.000002 13.65285 15.12959
v 8.000002 14.80404 16.99999
v 8.000002 13.07204 15.99999
v 8.000003 14.45664 17.70379
v 8.000003 12.60884 16.93839
v 8.000003 14.20464 18.44719
v 8.000003 12.27284 17.92959
v 8.000003 14.05164 19.21699
v 8.000003 12.06884 18.95598
v 8.000003 14.00004 19.99999
v 8.000003 12.00004 19.99998
v 8.000003 14.05163 20.78299
v 8.000003 12.06883 21.04399
v 8.000003 14.20463 21.55279
v 8.000003 12.27283 22.07039
v 8.000003 14.45663 22.29619
v 8.000003 12.60883 23.06159
v 8.000003 14.80403 22.99999
v 8.000003 13.07203 23.99999
v 8.000003 15.23963 23.65279
v 8.000004 13.65283 24.87039
v 8.000003 15.75743 24.24259
v 8.000004 14.34322 25.65679
v 8.000003 16.34723 24.76039
v 8.000004 15.12962 26.34719
v 8.000003 17.00002 25.196
v 8.000004 16.00002 26.92799
v 8.000003 17.70382 25.5434
v 8.000004 16.93842 27.3912
v 8.000003 18.44722 25.7954
v 8.000004 17.92962 27.7272
v 8.000003 19.21702 25.9484
v 8.000004 18.95602 27.9312
v 3.999998 20.78311 -14.0516
v 3.999998 20.0001 -14
v 7.999998 20.00011 -14
v 7.999998 20.78311 -14.0516
v 3.999998 21.55291 -14.20459
v 7.999998 21.55291 -14.20459
v 3.999998 22.29631 -14.45659
v 7.999998 22.29631 -14.45659
v 3.999998 23.00011 -14.80399
v 7.999998 23.00011 -14.80399
v 3.999998 23.65291 -15.23959
v 7.999998 23.65291 -15.23959
v 3.999998 24.24271 -15.75739
v 7.999998 24.24271 -15.75739
v 3.999998 24.76051 -16.34719
v 7.999998 24.76051 -16.34719
v 3.999998 25.19611 -16.99999
v 7.999998 25.19611 -16.99999
v 3.999998 25.54351 -17.70379
v 7.999998 25.54351 -17.70379
v 3.999997 25.79552 -18.44719
v 7.999998 25.79552 -18.44719
v 3.999997 25.94852 -19.21699
v 7.999997 25.94852 -19.21699
v 3.999997 26.00012 -19.99999
v 7.999997 26.00012 -19.99999
v 3.999997 25.94852 -20.78299
v 7.999997 25.94852 -20.78299
v 3.999997 25.79552 -21.55279
v 7.999997 25.79552 -21.55279
v 3.999997 25.54352 -22.29619
v 7.999997 25.54352 -22.29619
v 3.999997 25.19613 -22.99999
v 7.999997 25.19613 -22.99999
v 3.999997 24.76052 -23.65279
v 7.999997 24.76052 -23.65279
v 3.999997 24.24273 -24.24259
v 7.999997 24.24273 -24.24259
v 3.999997 23.65293 -24.76039
v 7.999997 23.65293 -24.76039
v 3.999997 23.00013 -25.19599
v 7.999997 23.00013 -25.19599
v 3.999997 22.29633 -25.54339
v 7.999997 22.29633 -25.54339
v 3.999997 21.55293 -25.7954
v 7.999997 21.55293 -25.7954
v 3.999997 20.78313 -25.9484
v 7.999997 20.78313 -25.9484
v 3.999997 20.00013 -26
v 7.999997 20.00013 -26
v 3.999997 19.21713 -25.9484
v 7.999997 19.21713 -25.9484
v 3.999997 18.44733 -25.7954
v 7.999997 18.44733 -25.7954
v 3.999997 17.70393 -25.5434
v 7.999997 17.70393 -25.5434
v 3.999997 17.00013 -25.196
v 7.999997 17.00013 -25.196
v 3.999997 16.34733 -24.7604
v 7.999997 16.34733 -24.7604
v 3.999997 15.75753 -24.24261
v 7.999997 15.75753 -24.24261
v 3.999997 15.23973 -23.65281
v 7.999998 15.23973 -23.65281
v 3.999998 14.80412 -23.00001
v 7.999998 14.80412 -23.00001
v 3.999998 14.45672 -22.29621
v 7.999998 14.45672 -22.29621
v 3.999998 14.20472 -21.55281
v 7.999998 14.20472 -21.55281
v 3.999998 14.05172 -20.78301
v 7.999998 14.05172 -20.78301
v 3.999998 14.00012 -20.00001
v 7.999998 14.00012 -20.00001
v 3.999998 14.05172 -19.21701
v 7.999998 14.05172 -19.21701
v 3.999998 14.20471 -18.44721
v 7.999998 14.20471 -18.44721
v 3.999998 14.45671 -17.70381
v 7.999998 14.45671 -17.70381
v 3.999998 14.80411 -17.00001
v 7.999998 14.80411 -17.00001
v 3.999998 15.23971 -16.34721
v 7.999999 15.23971 -16.34721
v 3.999998 15.75751 -15.75741
v 7.999999 15.75751 -15.75741
v 3.999998 16.34731 -15.23961
v 7.999999 16.34731 -15.23961
v 3.999998 17.00011 -14.804
v 7.999999 17.00011 -14.804
v 3.999998 17.70391 -14.4566
v 7.999999 17.70391 -14.4566
v 3.999998 18.44731 -14.2046
v 7.999999 18.44731 -14.2046
v 3.999998 19.21711 -14.0516
v 7.999999 19.21711 -14.0516
v 3.999999 21.0441 -12.0688
v 3.999999 20.0001 -12
v 7.999999 20.0001 -12
v 7.999999 21.0441 -12.0688
v 3.999998 22.0705 -12.27279
v 7.999999 22.0705 -12.27279
v 3.999998 23.0617 -12.60879
v 7.999998 23.0617 -12.60879
v 3.999998 24.0001 -13.07199
v 7.999998 24.0001 -13.07199
v 3.999998 24.8705 -13.65279
v 7.999998 24.8705 -13.65279
v 3.999998 25.65691 -14.34319
v 7.999998 25.65691 -14.34319
v 3.999998 26.34731 -15.12959
v 7.999998 26.34731 -15.12959
v 3.999998 26.92811 -15.99998
v 7.999998 26.92811 -15.99998
v 3.999998 27.39131 -16.93838
v 7.999998 27.39131 -16.93839
v 3.999997 27.72731 -17.92958
v 7.999998 27.72731 -17.92958
v 3.999997 27.93132 -18.95598
v 7.999997 27.93132 -18.95598
v 3.999997 28.00012 -19.99998
v 7.999997 28.00012 -19.99998
v 3.999997 27.93132 -21.04398
v 7.999997 27.93132 -21.04398
v 3.999997 27.72732 -22.07038
v 7.999997 27.72732 -22.07038
v 3.999997 27.39132 -23.06158
v 7.999997 27.39132 -23.06158
v 3.999997 26.92813 -23.99998
v 7.999997 26.92813 -23.99998
v 3.999997 26.34733 -24.87039
v 7.999997 26.34733 -24.87039
v 3.999997 25.65693 -25.65679
v 7.999997 25.65693 -25.65679
v 3.999997 24.87053 -26.34719
v 7.999997 24.87053 -26.34719
v 3.999997 24.00013 -26.92799
v 7.999997 24.00013 -26.92799
v 3.999997 23.06173 -27.39119
v 7.999997 23.06173 -27.39119
v 3.999997 22.07053 -27.72719
v 7.999997 22.07053 -27.72719
v 3.999997 21.04413 -27.9312
v 7.999997 21.04413 -27.9312
v 3.999997 20.00013 -28
v 7.999997 20.00014 -28
v 3.999997 18.95613 -27.9312
v 7.999997 18.95613 -27.9312
v 3.999997 17.92973 -27.7272
v 7.999997 17.92973 -27.7272
v 3.999997 16.93853 -27.3912
v 7.999997 16.93853 -27.39121
v 3.999997 16.00013 -26.92801
v 7.999997 16.00013 -26.92801
v 3.999997 15.12973 -26.34721
v 7.999997 15.12973 -26.34721
v 3.999997 14.34333 -25.65681
v 7.999997 14.34333 -25.65681
v 3.999997 13.65293 -24.87041
v 7.999998 13.65293 -24.87041
v 3.999998 13.07213 -24.00001
v 7.999998 13.07213 -24.00001
v 3.999998 12.60892 -23.06161
v 7.999998 12.60892 -23.06161
v 3.999998 12.27292 -22.07041
v 7.999998 12.27292 -22.07041
v 3.999998 12.06892 -21.04402
v 7.999998 12.06892 -21.04402
v 3.999998 12.00012 -20.00002
v 7.999998 12.00012 -20.00002
v 3.999998 12.06892 -18.95601
v 7.999998 12.06892 -18.95601
v 3.999998 12.27291 -17.92961
v 7.999998 12.27291 -17.92961
v 3.999998 12.60891 -16.93841
v 7.999999 12.60891 -16.93841
v 3.999999 13.07211 -16.00001
v 7.999999 13.07211 -16.00001
v 3.999999 13.65291 -15.12961
v 7.999999 13.65291 -15.12961
v 3.999999 14.34331 -14.34321
v 7.999999 14.34331 -14.34321
v 3.999999 15.1297 -13.65281
v 7.999999 15.12971 -13.65281
v 3.999999 16.0001 -13.07201
v 7.999999 16.0001 -13.07201
v 3.999999 16.9385 -12.6088
v 7.999999 16.9385 -12.6088
v 3.999999 17.9297 -12.2728
v 7.999999 17.9297 -12.2728
v 3.999999 18.9561 -12.0688
v 7.999999 18.9561 -12.0688
v 7.999998 20.00011 -14
v 7.999998 20.78311 -14.0516
v 7.999999 21.0441 -12.0688
v 7.999999 20.0001 -12
v 7.999998 21.55291 -14.20459
v 7.999999 22.0705 -12.27279
v 7.999998 22.29631 -14.45659
v 7.999998 23.0617 -12.60879
v 7.999998 23.00011 -14.80399
v 7.999998 24.0001 -13.07199
v 7.999998 23.65291 -15.23959
v 7.999998 24.8705 -13.65279
v 7.999998 24.24271 -15.75739
v 7.999998 25.65691 -14.34319
v 7.999998 24.76051 -16.34719
v 7.999998 26.34731 -15.12959
v 7.999998 25.19611 -16.99999
v 7.999998 26.92811 -15.99998
v 7.999998 25.54351 -17.70379
v 7.999998 27.39131 -16.93839
v 7.999998 25.79552 -18.44719
v 7.999998 27.72731 -17.92958
v 7.999997 25.94852 -19.21699
v 7.999997 27.93132 -18.95598
v 7.999997 26.00012 -19.99999
v 7.999997 28.00012 -19.99998
v 7.999997 25.94852 -20.78299
v 7.999997 27.93132 -21.04398
v 7.999997 25.79552 -21.55279
v 7.999997 27.72732 -22.07038
v 7.999997 25.54352 -22.29619
v 7.999997 27.39132 -23.06158
v 7.999997 25.19613 -22.99999
v 7.999997 26.92813 -23.99998
v 7.999997 24.76052 -23.65279
v 7.999997 26.34733 -24.87039
v 7.999997 24.24273 -24.24259
v 7.999997 25.65693 -25.65679
v 7.999997 23.65293 -24.76039
v 7.999997 24.87053 -26.34719
v 7.999997 23.00013 -25.19599
v 7.999997 24.00013 -26.92799
v 7.999997 22.29633 -25.54339
v 7.999997 23.06173 -27.39119
v 7.999997 21.55293 -25.7954
v 7.999997 22.07053 -27.72719
v 7.999997 20.78313 -25.9484
v 7.999997 21.04413 -27.9312
v 7.999997 20.00013 -26
v 7.999997 20.00014 -28
v 7.999997 19.21713 -25.9484
v 7.999997 18.95613 -27.9312
v 7.999997 18.44733 -25.7954
v 7.999997 17.92973 -27.7272
v 7.999997 17.70393 -25.5434
v 7.999997 16.93853 -27.39121
v 7.999997 17.00013 -25.196
v 7.999997 16.00013 -26.92801
v 7.999997 16.34733 -24.7604
v 7.999997 15.12973 -26.34721
v 7.999997 15.75753 -24.24261
v 7.999997 14.34333 -25.65681
v 7.999998 15.23973 -23.65281
v 7.999998 13.65293 -24.87041
v 7.999998 14.80412 -23.00001
v 7.999998 13.07213 -24.00001
v 7.999998 14.45672 -22.29621
v 7.999998 12.60892 -23.06161
v 7.999998 14.20472 -21.55281
v 7.999998 12.27292 -22.07041
v 7.999998 14.05172 -20.78301
v 7.999998 12.06892 -21.04402
v 7.999998 14.00012 -20.00001
v 7.999998 12.00012 -20.00002
v 7.999998 14.05172 -19.21701
v 7.999998 12.06892 -18.95601
v 7.999998 14.20471 -18.44721
v 7.999998 12.27291 -17.92961
v 7.999998 14.45671 -17.70381
v 7.999999 12.60891 -16.93841
v 7.999998 14.80411 -17.00001
v 7.999999 13.07211 -16.00001
v 7.999999 15.23971 -16.34721
v 7.999999 13.65291 -15.12961
v 7.999999 15.75751 -15.75741
v 7.999999 14.34331 -14.34321
v 7.999999 16.34731 -15.23961
v 7.999999 15.12971 -13.65281
v 7.999999 17.00011 -14.804
v 7.999999 16.0001 -13.07201
v 7.999999 17.70391 -14.4566
v 7.999999 16.9385 -12.6088
v 7.999999 18.44731 -14.2046
v 7.999999 17.9297 -12.2728
v 7.999999 19.21711 -14.0516
v 7.999999 18.9561 -12.0688
vn -1 -1.192093E-07 5.960463E-08
vn -1 -1.192093E-07 5.960463E-08
vn -1 -1.192093E-07 5.960463E-08
vn -1 -1.192093E-07 5.960463E-08
vn -5.960464E-08 1 1.994771E-06
vn -5.960464E-08 1 1.994771E-06
vn -5.960464E-08 1 1.994771E-06
vn -5.960464E-08 1 1.994771E-06
vn -1.192093E-07 2.054376E-06 -1
vn -1.192093E-07 2.054376E-06 -1
vn -1.192093E-07 2.054376E-06 -1
vn -1.192093E-07 2.054376E-06 -1
vn 5.960464E-08 -1 -1.994771E-06
vn 5.960464E-08 -1 -1.994771E-06
vn 5.960464E-08 -1 -1.994771E-06
vn 5.960464E-08 -1 -1.994771E-06
vn 1.192093E-07 -2.054376E-06 1
vn 1.192093E-07 -2.054376E-06 1
vn 1.192093E-07 -2.054376E-06 1
vn 1.192093E-07 -2.054376E-06 1
vn -5.960464E-08 1 1.994771E-06
vn -5.960464E-08 1 1.994771E-06
vn -5.960464E-08 1 1.994771E-06
vn -5.960464E-08 1 1.994771E-06
vn -1.192093E-07 2.054376E-06 -1
vn -1.192093E-07 2.054376E-06 -1
vn -1.192093E-07 2.054376E-06 -1
vn -1.192093E-07 2.054376E-06 -1
vn 5.960464E-08 -1 -1.994771E-06
vn 5.960464E-08 -1 -1.994771E-06
vn 5.960464E-08 -1 -1.994771E-06
vn 5.960464E-08 -1 -1.994771E-06
vn 1.192093E-07 -2.054376E-06 1
vn 1.192093E-07 -2.054376E-06 1
vn 1.192093E-07 -2.054376E-06 1
vn 1.192093E-07 -2.054376E-06 1
vn 1 1.192093E-07 -5.960463E-08
vn 1 1.192093E-07 -5.960463E-08
vn 1 1.192093E-07 -5.960463E-08
vn 1 1.192093E-07 -5.960463E-08
vn 5.960464E-08 -1 -1.994771E-06
vn 5.960464E-08 -1 -1.994771E-06
vn 5.960464E-08 -1 -1.994771E-06
vn 5.960464E-08 -1 -1.994771E-06
vn -1.192093E-07 2.054376E-06 -1
vn -1.192093E-07 2.054376E-06 -1
vn -1.192093E-07 2.054376E-06 -1
vn -1.192093E-07 2.054376E-06 -1
vn -5.960464E-08 1 1.994771E-06
vn -5.960464E-08 1 1.994771E-06
vn -5.960464E-08 1 1.994771E-06
vn -5.960464E-08 1 1.994771E-06
vn 1.192093E-07 -2.054376E-06 1
vn 1.192093E-07 -2.054376E-06 1
vn 1.192093E-07 -2.054376E-06 1
vn 1.192093E-07 -2.054376E-06 1
vn 1 1.192093E-07 -5.960463E-08
vn 1 1.192093E-07 -5.960463E-08
vn 1 1.192093E-07 -5.960463E-08
vn 1 1.192093E-07 -5.960463E-08
vn 1 1.192093E-07 -5.960463E-08
vn 1 1.192093E-07 -5.960463E-08
vn 1 1.192093E-07 -5.960463E-08
vn 1 1.192093E-07 -5.960463E-08
vn 0.9999999 1.192093E-07 -5.960463E-08
vn 1 1.192093E-07 -5.960463E-08
vn 0.9999999 1.192093E-07 -5.960463E-08
vn 1 1.192093E-07 -5.960463E-08
vn 0.9999999 1.192093E-07 -5.960463E-08
vn 1 1.192093E-07 -5.960463E-08
vn 0.9999999 1.192093E-07 -5.960463E-08
vn 1 1.192093E-07 -5.960463E-08
vn -1.119999E-07 -0.1090281 -0.9940387
vn -1.204895E-07 0.02196354 -0.9997587
vn -1.178715E-07 -0.02195943 -0.9997588
vn -1.087508E-07 -0.1521702 -0.9883543
vn -1.016489E-07 -0.2374244 -0.971406
vn -9.779507E-08 -0.2795374 -0.9601347
vn -8.951971E-08 -0.3622597 -0.9320772
vn -8.50946E-08 -0.402865 -0.9152594
vn -7.584377E-08 -0.4809953 -0.8767231
vn -7.102224E-08 -0.5185434 -0.8550513
vn -6.092199E-08 -0.5910964 -0.8066009
vn -5.563968E-08 -0.6260626 -0.7797728
vn -4.487609E-08 -0.691621 -0.7222605
vn -3.939783E-08 -0.7222577 -0.6916239
vn -2.815466E-08 -0.7797703 -0.6260657
vn -2.238729E-08 -0.8065985 -0.5910997
vn -1.085042E-08 -0.8550493 -0.5185468
vn -5.082612E-09 -0.8767211 -0.4809989
vn 6.528193E-09 -0.9152578 -0.4028687
vn 1.237115E-08 -0.9320758 -0.3622634
vn 2.390476E-08 -0.9601336 -0.2795413
vn 2.959685E-08 -0.9714051 -0.2374283
vn 4.077015E-08 -0.9883537 -0.1521742
vn 4.625191E-08 -0.9940382 -0.1090321
vn 5.697225E-08 -0.9997587 -0.02196348
vn 6.220828E-08 -0.9997588 0.02195949
vn 7.224671E-08 -0.9940387 0.1090281
vn 7.705083E-08 -0.9883543 0.1521702
vn 8.620371E-08 -0.971406 0.2374244
vn 9.055215E-08 -0.9601348 0.2795375
vn 9.874103E-08 -0.9320772 0.3622597
vn 1.025791E-07 -0.9152595 0.4028651
vn 1.09596E-07 -0.8767232 0.4809954
vn 1.127804E-07 -0.8550514 0.5185434
vn 1.185415E-07 -0.8066009 0.5910965
vn 1.211107E-07 -0.7797729 0.6260626
vn 1.254978E-07 -0.7222606 0.6916211
vn 1.273239E-07 -0.691624 0.7222578
vn 1.302724E-07 -0.6260658 0.7797703
vn 1.313864E-07 -0.5910997 0.8065985
vn 1.328376E-07 -0.5185468 0.8550493
vn 1.331831E-07 -0.4809989 0.8767212
vn 1.331201E-07 -0.4028687 0.9152579
vn 1.327047E-07 -0.3622635 0.9320758
vn 1.311188E-07 -0.2795414 0.9601337
vn 1.299523E-07 -0.2374284 0.9714051
vn 1.268911E-07 -0.1521742 0.9883537
vn 1.249973E-07 -0.1090321 0.9940382
vn 1.204895E-07 -0.02196354 0.9997587
vn 1.178715E-07 0.02195943 0.9997588
vn 1.119999E-07 0.1090281 0.9940387
vn 1.087508E-07 0.1521702 0.9883543
vn 1.016489E-07 0.2374244 0.971406
vn 9.779507E-08 0.2795374 0.9601347
vn 8.951971E-08 0.3622597 0.9320772
vn 8.50946E-08 0.402865 0.9152594
vn 7.584377E-08 0.4809953 0.8767231
vn 7.102224E-08 0.5185434 0.8550513
vn 6.092199E-08 0.5910964 0.8066009
vn 5.563968E-08 0.6260626 0.7797728
vn 4.487609E-08 0.691621 0.7222605
vn 3.939783E-08 0.7222577 0.6916239
vn 2.815466E-08 0.7797703 0.6260657
vn 2.238729E-08 0.8065985 0.5910997
vn 1.085042E-08 0.8550493 0.5185468
vn 5.082612E-09 0.8767211 0.4809989
vn -6.528193E-09 0.9152578 0.4028687
vn -1.237115E-08 0.9320758 0.3622634
vn -2.390476E-08 0.9601336 0.2795413
vn -2.959685E-08 0.9714051 0.2374283
vn -4.077015E-08 0.9883537 0.1521742
vn -4.625191E-08 0.9940382 0.1090321
vn -5.697225E-08 0.9997587 0.02196348
vn -6.220828E-08 0.9997588 -0.02195949
vn -7.224671E-08 0.9940387 -0.1090281
vn -7.705083E-08 0.9883543 -0.1521702
vn -8.620371E-08 0.971406 -0.2374244
vn -9.055215E-08 0.9601348 -0.2795375
vn -9.874103E-08 0.9320772 -0.3622597
vn -1.025791E-07 0.9152595 -0.4028651
vn -1.09596E-07 0.8767232 -0.4809954
vn -1.127804E-07 0.8550514 -0.5185434
vn -1.185415E-07 0.8066009 -0.5910965
vn -1.211107E-07 0.7797729 -0.6260626
vn -1.254978E-07 0.7222606 -0.6916211
vn -1.273239E-07 0.691624 -0.7222578
vn -1.302724E-07 0.6260658 -0.7797703
vn -1.313864E-07 0.5910997 -0.8065985
vn -1.328376E-07 0.5185468 -0.8550493
vn -1.331831E-07 0.4809989 -0.8767212
vn -1.331201E-07 0.4028687 -0.9152579
vn -1.327047E-07 0.3622635 -0.9320758
vn -1.311188E-07 0.2795414 -0.9601337
vn -1.299523E-07 0.2374284 -0.9714051
vn -1.268911E-07 0.1521742 -0.9883537
vn -1.249973E-07 0.1090321 -0.9940382
vn 1.119999E-07 0.1090281 0.9940386
vn 1.204895E-07 -0.02196354 0.9997587
vn 1.178715E-07 0.02195943 0.9997588
vn 1.087508E-07 0.1521703 0.9883543
vn 1.016489E-07 0.2374243 0.971406
vn 9.779509E-08 0.2795373 0.9601349
vn 8.951972E-08 0.3622596 0.9320772
vn 8.509458E-08 0.4028651 0.9152593
vn 7.584375E-08 0.4809955 0.8767231
vn 7.102224E-08 0.5185433 0.8550512
vn 6.092199E-08 0.5910964 0.8066009
vn 5.563967E-08 0.6260626 0.7797728
vn 4.487609E-08 0.6916211 0.7222605
vn 3.939783E-08 0.7222577 0.691624
vn 2.815467E-08 0.7797702 0.6260658
vn 2.238729E-08 0.8065985 0.5910997
vn 1.085042E-08 0.8550491 0.5185468
vn 5.082637E-09 0.8767211 0.4809991
vn -6.528172E-09 0.9152577 0.4028688
vn -1.237116E-08 0.9320758 0.3622633
vn -2.390479E-08 0.9601337 0.2795411
vn -2.959686E-08 0.9714051 0.2374282
vn -4.077014E-08 0.9883537 0.1521743
vn -4.62519E-08 0.9940382 0.1090321
vn -5.697225E-08 0.9997587 0.02196348
vn -6.220828E-08 0.9997588 -0.02195949
vn -7.224671E-08 0.9940386 -0.1090282
vn -7.705084E-08 0.9883543 -0.1521703
vn -8.620371E-08 0.971406 -0.2374244
vn -9.055213E-08 0.9601349 -0.2795373
vn -9.874103E-08 0.9320772 -0.3622596
vn -1.025792E-07 0.9152594 -0.4028652
vn -1.095961E-07 0.8767232 -0.4809956
vn -1.127803E-07 0.8550513 -0.5185433
vn -1.185415E-07 0.8066009 -0.5910965
vn -1.211107E-07 0.7797728 -0.6260627
vn -1.254978E-07 0.7222606 -0.6916211
vn -1.273239E-07 0.691624 -0.7222578
vn -1.302723E-07 0.6260659 -0.7797703
vn -1.313864E-07 0.5910997 -0.8065985
vn -1.328376E-07 0.5185468 -0.8550492
vn -1.331831E-07 0.4809991 -0.8767212
vn -1.331201E-07 0.4028689 -0.9152578
vn -1.327046E-07 0.3622634 -0.9320758
vn -1.311188E-07 0.2795412 -0.9601338
vn -1.299523E-07 0.2374283 -0.9714051
vn -1.268912E-07 0.1521743 -0.9883537
vn -1.249973E-07 0.1090322 -0.9940382
vn -1.204895E-07 0.02196354 -0.9997587
vn -1.178715E-07 -0.02195943 -0.9997588
vn -1.119999E-07 -0.1090281 -0.9940386
vn -1.087508E-07 -0.1521703 -0.9883543
vn -1.016489E-07 -0.2374243 -0.971406
vn -9.779509E-08 -0.2795373 -0.9601349
vn -8.951972E-08 -0.3622596 -0.9320772
vn -8.509458E-08 -0.4028651 -0.9152593
vn -7.584375E-08 -0.4809955 -0.8767231
vn -7.102224E-08 -0.5185433 -0.8550512
vn -6.092199E-08 -0.5910964 -0.8066009
vn -5.563967E-08 -0.6260626 -0.7797728
vn -4.487609E-08 -0.6916211 -0.7222605
vn -3.939783E-08 -0.7222577 -0.691624
vn -2.815467E-08 -0.7797702 -0.6260658
vn -2.238729E-08 -0.8065985 -0.5910997
vn -1.085042E-08 -0.8550491 -0.5185468
vn -5.082637E-09 -0.8767211 -0.4809991
vn 6.528172E-09 -0.9152577 -0.4028688
vn 1.237116E-08 -0.9320758 -0.3622633
vn 2.390479E-08 -0.9601337 -0.2795411
vn 2.959686E-08 -0.9714051 -0.2374282
vn 4.077014E-08 -0.9883537 -0.1521743
vn 4.62519E-08 -0.9940382 -0.1090321
vn 5.697225E-08 -0.9997587 -0.02196348
vn 6.220828E-08 -0.9997588 0.02195949
vn 7.224671E-08 -0.9940386 0.1090282
vn 7.705084E-08 -0.9883543 0.1521703
vn 8.620371E-08 -0.971406 0.2374244
vn 9.055213E-08 -0.9601349 0.2795373
vn 9.874103E-08 -0.9320772 0.3622596
vn 1.025792E-07 -0.9152594 0.4028652
vn 1.095961E-07 -0.8767232 0.4809956
vn 1.127803E-07 -0.8550513 0.5185433
vn 1.185415E-07 -0.8066009 0.5910965
vn 1.211107E-07 -0.7797728 0.6260627
vn 1.254978E-07 -0.7222606 0.6916211
vn 1.273239E-07 -0.691624 0.7222578
vn 1.302723E-07 -0.6260659 0.7797703
vn 1.313864E-07 -0.5910997 0.8065985
vn 1.328376E-07 -0.5185468 0.8550492
vn 1.331831E-07 -0.4809991 0.8767212
vn 1.331201E-07 -0.4028689 0.9152578
vn 1.327046E-07 -0.3622634 0.9320758
vn 1.311188E-07 -0.2795412 0.9601338
vn 1.299523E-07 -0.2374283 0.9714051
vn 1.268912E-07 -0.1521743 0.9883537
vn 1.249973E-07 -0.1090322 0.9940382
vn 1 1.192093E-07 -5.960463E-08
vn 0.9999999 1.192093E-07 -5.960463E-08
vn 0.9999999 1.192093E-07 -5.960463E-08
vn 1 1.192093E-07 -5.960463E-08
vn 1 1.192093E-07 -5.960463E-08
vn 1 1.192093E-07 -5.960463E-08
vn 1 1.192093E-07 -5.960463E-08
vn 1 1.192093E-07 -5.960463E-08
vn 1 1.192093E-07 -5.960463E-08
vn 1 1.192093E-07 -5.960463E-08
vn 1 1.192093E-07 -5.960463E-08
vn 1 1.192093E-07 -5.960463E-08
vn 0.9999999 1.192093E-07 -5.960463E-08
vn 1 1.192093E-07 -5.960463E-08
vn 1 1.192093E-07 -5.960463E-08
vn 1 1.192093E-07 -5.960463E-08
vn 0.9999999 1.192093E-07 -5.960463E-08
vn 1 1.192093E-07 -5.960463E-08
vn 0.9999999 1.192093E-07 -5.960463E-08
vn 1 1.192093E-07 -5.960463E-08
vn 1 1.192093E-07 -5.960463E-08
vn 0.9999999 1.192093E-07 -5.960463E-08
vn 1 1.192093E-07 -5.960463E-08
vn 1 1.192093E-07 -5.960463E-08
vn 1 1.192093E-07 -5.960463E-08
vn 1 1.192093E-07 -5.960463E-08
vn 0.9999999 1.192093E-07 -5.960463E-08
vn 0.9999999 1.192093E-07 -5.960463E-08
vn 1 1.192093E-07 -5.960463E-08
vn 1 1.192093E-07 -5.960463E-08
vn 1 1.192093E-07 -5.960463E-08
vn 1 1.192093E-07 -5.960463E-08
vn 1 1.192093E-07 -5.960463E-08
vn 1 1.192093E-07 -5.960463E-08
vn 1 1.192093E-07 -5.960463E-08
vn 1 1.192093E-07 -5.960463E-08
vn 0.9999999 1.192093E-07 -5.960463E-08
vn 1 1.192093E-07 -5.960463E-08
vn 1 1.192093E-07 -5.960463E-08
vn 1 1.192093E-07 -5.960463E-08
vn 0.9999999 1.192093E-07 -5.960463E-08
vn 1 1.192093E-07 -5.960463E-08
vn 0.9999999 1.192093E-07 -5.960463E-08
vn 1 1.192093E-07 -5.960463E-08
vn 1 1.192093E-07 -5.960463E-08
vn 0.9999999 1.192093E-07 -5.960463E-08
vn 1 1.192093E-07 -5.960463E-08
vn 1 1.192093E-07 -5.960463E-08
vn 1 1.192093E-07 -5.960463E-08
vn 1 1.192093E-07 -5.960463E-08
vn 0.9999999 1.192093E-07 -5.960463E-08
vn 0.9999999 1.192093E-07 -5.960463E-08
vn 1 1.192093E-07 -5.960463E-08
vn 1 1.192093E-07 -5.960463E-08
vn 1 1.192093E-07 -5.960463E-08
vn 1 1.192093E-07 -5.960463E-08
vn 1 1.192093E-07 -5.960463E-08
vn 1 1.192093E-07 -5.960463E-08
vn 1 1.192093E-07 -5.960463E-08
vn 1 1.192093E-07 -5.960463E-08
vn 0.9999999 1.192093E-07 -5.960463E-08
vn 1 1.192093E-07 -5.960463E-08
vn 1 1.192093E-07 -5.960463E-08
vn 1 1.192093E-07 -5.960463E-08
vn 0.9999999 1.192093E-07 -5.960463E-08
vn 1 1.192093E-07 -5.960463E-08
vn 0.9999999 1.192093E-07 -5.960463E-08
vn 1 1.192093E-07 -5.960463E-08
vn 1 1.192093E-07 -5.960463E-08
vn 0.9999999 1.192093E-07 -5.960463E-08
vn 1 1.192093E-07 -5.960463E-08
vn 1 1.192093E-07 -5.960463E-08
vn 1 1.192093E-07 -5.960463E-08
vn 1 1.192093E-07 -5.960463E-08
vn 0.9999999 1.192093E-07 -5.960463E-08
vn 0.9999999 1.192093E-07 -5.960463E-08
vn 1 1.192093E-07 -5.960463E-08
vn 1 1.192093E-07 -5.960463E-08
vn 1 1.192093E-07 -5.960463E-08
vn 1 1.192093E-07 -5.960463E-08
vn 1 1.192093E-07 -5.960463E-08
vn 1 1.192093E-07 -5.960463E-08
vn 1 1.192093E-07 -5.960463E-08
vn 1 1.192093E-07 -5.960463E-08
vn 0.9999999 1.192093E-07 -5.960463E-08
vn 1 1.192093E-07 -5.960463E-08
vn 1 1.192093E-07 -5.960463E-08
vn 1 1.192093E-07 -5.960463E-08
vn 0.9999999 1.192093E-07 -5.960463E-08
vn 1 1.192093E-07 -5.960463E-08
vn 0.9999999 1.192093E-07 -5.960463E-08
vn 1 1.192093E-07 -5.960463E-08
vn 1 1.192093E-07 -5.960463E-08
vn 0.9999999 1.192093E-07 -5.960463E-08
vn 1 1.192093E-07 -5.960463E-08
vn 1 1.192093E-07 -5.960463E-08
vn -1.119999E-07 -0.1090276 -0.9940387
vn -1.204895E-07 0.02196334 -0.9997587
vn -1.178715E-07 -0.02195923 -0.9997588
vn -1.087508E-07 -0.15217 -0.9883543
vn -1.016488E-07 -0.2374246 -0.971406
vn -9.779504E-08 -0.2795378 -0.9601347
vn -8.951963E-08 -0.3622604 -0.9320769
vn -8.50945E-08 -0.4028658 -0.915259
vn -7.584368E-08 -0.4809959 -0.8767227
vn -7.102221E-08 -0.5185437 -0.8550512
vn -6.092201E-08 -0.5910963 -0.806601
vn -5.563972E-08 -0.6260623 -0.779773
vn -4.487612E-08 -0.6916208 -0.7222607
vn -3.939784E-08 -0.7222577 -0.691624
vn -2.815468E-08 -0.7797702 -0.6260659
vn -2.238732E-08 -0.8065984 -0.5910999
vn -1.085044E-08 -0.8550492 -0.5185469
vn -5.082612E-09 -0.8767211 -0.4809989
vn 6.528214E-09 -0.9152578 -0.4028685
vn 1.237116E-08 -0.9320758 -0.3622633
vn 2.390475E-08 -0.9601337 -0.2795414
vn 2.959682E-08 -0.971405 -0.2374286
vn 4.077013E-08 -0.9883536 -0.1521743
vn 4.625191E-08 -0.9940382 -0.1090321
vn 5.697226E-08 -0.9997588 -0.02196346
vn 6.220828E-08 -0.9997589 0.02195947
vn 7.224671E-08 -0.9940386 0.1090281
vn 7.705084E-08 -0.9883542 0.1521704
vn 8.620374E-08 -0.971406 0.2374247
vn 9.055217E-08 -0.9601349 0.2795376
vn 9.874101E-08 -0.9320772 0.3622596
vn 1.025791E-07 -0.9152595 0.4028649
vn 1.09596E-07 -0.8767232 0.4809954
vn 1.127804E-07 -0.8550513 0.5185435
vn 1.185415E-07 -0.8066007 0.5910966
vn 1.211107E-07 -0.7797728 0.6260628
vn 1.254978E-07 -0.7222607 0.6916209
vn 1.273239E-07 -0.6916242 0.7222576
vn 1.302723E-07 -0.626066 0.77977
vn 1.313864E-07 -0.5910999 0.8065984
vn 1.328376E-07 -0.5185468 0.8550493
vn 1.331831E-07 -0.4809989 0.8767212
vn 1.331201E-07 -0.4028689 0.9152578
vn 1.327046E-07 -0.3622638 0.9320756
vn 1.311188E-07 -0.2795418 0.9601336
vn 1.299523E-07 -0.2374286 0.9714051
vn 1.268911E-07 -0.152174 0.9883537
vn 1.249973E-07 -0.1090317 0.9940382
vn 1.204895E-07 -0.02196334 0.9997587
vn 1.178715E-07 0.02195923 0.9997588
vn 1.119999E-07 0.1090276 0.9940387
vn 1.087508E-07 0.15217 0.9883543
vn 1.016488E-07 0.2374246 0.971406
vn 9.779504E-08 0.2795378 0.9601347
vn 8.951966E-08 0.36226 0.932077
vn 8.509457E-08 0.4028651 0.9152593
vn 7.584377E-08 0.4809953 0.8767231
vn 7.102224E-08 0.5185434 0.8550513
vn 6.092196E-08 0.5910965 0.8066007
vn 5.563964E-08 0.6260628 0.7797725
vn 4.487605E-08 0.6916212 0.7222604
vn 3.939781E-08 0.7222578 0.6916238
vn 2.815468E-08 0.7797702 0.6260659
vn 2.238732E-08 0.8065984 0.5910999
vn 1.085044E-08 0.8550492 0.5185469
vn 5.082612E-09 0.8767211 0.4809989
vn -6.528214E-09 0.9152578 0.4028685
vn -1.237116E-08 0.9320758 0.3622633
vn -2.390475E-08 0.9601337 0.2795414
vn -2.959682E-08 0.971405 0.2374286
vn -4.077013E-08 0.9883536 0.1521743
vn -4.625191E-08 0.9940382 0.1090321
vn -5.697226E-08 0.9997588 0.02196346
vn -6.220828E-08 0.9997589 -0.02195947
vn -7.224671E-08 0.9940386 -0.1090281
vn -7.705084E-08 0.9883542 -0.1521704
vn -8.620374E-08 0.971406 -0.2374247
vn -9.055217E-08 0.9601349 -0.2795376
vn -9.874101E-08 0.9320772 -0.3622596
vn -1.025791E-07 0.9152595 -0.4028649
vn -1.09596E-07 0.8767232 -0.4809954
vn -1.127804E-07 0.8550513 -0.5185435
vn -1.185415E-07 0.8066007 -0.5910966
vn -1.211107E-07 0.7797728 -0.6260628
vn -1.254978E-07 0.7222605 -0.6916212
vn -1.273239E-07 0.6916237 -0.722258
vn -1.302724E-07 0.6260656 -0.7797705
vn -1.313864E-07 0.5910996 -0.8065987
vn -1.328376E-07 0.5185471 -0.8550491
vn -1.331831E-07 0.4809995 -0.8767208
vn -1.331201E-07 0.4028696 -0.9152575
vn -1.327047E-07 0.3622642 -0.9320755
vn -1.311188E-07 0.2795418 -0.9601336
vn -1.299523E-07 0.2374286 -0.9714051
vn -1.268911E-07 0.152174 -0.9883537
vn -1.249973E-07 0.1090317 -0.9940382
vn 1.119999E-07 0.1090282 0.9940386
vn 1.204895E-07 -0.02196354 0.9997587
vn 1.178715E-07 0.02195943 0.9997588
vn 1.087508E-07 0.1521706 0.9883542
vn 1.016489E-07 0.2374242 0.971406
vn 9.779515E-08 0.2795365 0.960135
vn 8.951975E-08 0.3622591 0.9320773
vn 8.509453E-08 0.4028655 0.9152591
vn 7.584369E-08 0.480996 0.8767228
vn 7.102226E-08 0.5185432 0.8550514
vn 6.092202E-08 0.5910962 0.806601
vn 5.563963E-08 0.6260628 0.7797725
vn 4.487602E-08 0.6916214 0.7222602
vn 3.939781E-08 0.7222578 0.6916238
vn 2.815468E-08 0.7797701 0.6260659
vn 2.238732E-08 0.8065984 0.5910999
vn 1.085044E-08 0.8550493 0.5185469
vn 5.082637E-09 0.8767211 0.4809991
vn -6.528172E-09 0.9152577 0.4028688
vn -1.237115E-08 0.9320759 0.3622634
vn -2.390478E-08 0.9601337 0.2795412
vn -2.959685E-08 0.9714051 0.2374284
vn -4.077014E-08 0.9883537 0.1521743
vn -4.625191E-08 0.9940382 0.1090321
vn -5.697226E-08 0.9997588 0.02196347
vn -6.220828E-08 0.9997589 -0.02195948
vn -7.224671E-08 0.9940387 -0.1090281
vn -7.705084E-08 0.9883543 -0.1521703
vn -8.620372E-08 0.971406 -0.2374245
vn -9.055215E-08 0.9601349 -0.2795374
vn -9.874104E-08 0.9320773 -0.3622597
vn -1.025792E-07 0.9152594 -0.4028652
vn -1.095961E-07 0.8767232 -0.4809956
vn -1.127804E-07 0.8550514 -0.5185435
vn -1.185415E-07 0.8066008 -0.5910966
vn -1.211107E-07 0.7797727 -0.6260628
vn -1.254978E-07 0.7222607 -0.6916209
vn -1.273239E-07 0.6916243 -0.7222574
vn -1.302723E-07 0.626066 -0.77977
vn -1.313864E-07 0.5910995 -0.8065987
vn -1.328376E-07 0.5185465 -0.8550495
vn -1.331831E-07 0.4809991 -0.8767212
vn -1.331201E-07 0.402869 -0.9152577
vn -1.327046E-07 0.3622632 -0.9320758
vn -1.311188E-07 0.279541 -0.9601338
vn -1.299523E-07 0.2374285 -0.9714051
vn -1.268912E-07 0.1521746 -0.9883536
vn -1.249973E-07 0.1090323 -0.9940382
vn -1.204895E-07 0.02196354 -0.9997587
vn -1.178715E-07 -0.02195943 -0.9997588
vn -1.119999E-07 -0.1090282 -0.9940386
vn -1.087508E-07 -0.1521706 -0.9883542
vn -1.016488E-07 -0.2374245 -0.971406
vn -9.77951E-08 -0.2795371 -0.9601349
vn -8.951972E-08 -0.3622594 -0.9320772
vn -8.509456E-08 -0.4028652 -0.9152592
vn -7.584375E-08 -0.4809955 -0.8767231
vn -7.102228E-08 -0.518543 -0.8550515
vn -6.092202E-08 -0.5910962 -0.806601
vn -5.563963E-08 -0.6260628 -0.7797725
vn -4.487602E-08 -0.6916214 -0.7222602
vn -3.939781E-08 -0.7222578 -0.6916238
vn -2.815468E-08 -0.7797701 -0.6260659
vn -2.238732E-08 -0.8065984 -0.5910999
vn -1.085044E-08 -0.8550493 -0.5185469
vn -5.082637E-09 -0.8767211 -0.4809991
vn 6.528172E-09 -0.9152577 -0.4028688
vn 1.237115E-08 -0.9320759 -0.3622634
vn 2.390478E-08 -0.9601337 -0.2795412
vn 2.959685E-08 -0.9714051 -0.2374284
vn 4.077014E-08 -0.9883537 -0.1521743
vn 4.625191E-08 -0.9940382 -0.1090321
vn 5.697226E-08 -0.9997588 -0.02196347
vn 6.220828E-08 -0.9997589 0.02195948
vn 7.224671E-08 -0.9940387 0.1090281
vn 7.705084E-08 -0.9883543 0.1521703
vn 8.620372E-08 -0.971406 0.2374245
vn 9.055215E-08 -0.9601349 0.2795374
vn 9.874104E-08 -0.9320773 0.3622597
vn 1.025792E-07 -0.9152594 0.4028652
vn 1.095961E-07 -0.8767232 0.4809956
vn 1.127804E-07 -0.8550514 0.5185435
vn 1.185415E-07 -0.8066008 0.5910966
vn 1.211107E-07 -0.7797727 0.6260628
vn 1.254978E-07 -0.7222607 0.6916209
vn 1.273239E-07 -0.6916243 0.7222574
vn 1.302723E-07 -0.626066 0.77977
vn 1.313864E-07 -0.5910995 0.8065987
vn 1.328376E-07 -0.5185467 0.8550494
vn 1.331831E-07 -0.4809995 0.8767208
vn 1.331201E-07 -0.4028692 0.9152576
vn 1.327046E-07 -0.362263 0.9320759
vn 1.311187E-07 -0.2795404 0.9601339
vn 1.299523E-07 -0.2374281 0.9714051
vn 1.268912E-07 -0.1521746 0.9883536
vn 1.249973E-07 -0.1090323 0.9940382
vn 1 1.192093E-07 -5.960463E-08
vn 1 1.192093E-07 -5.960463E-08
vn 1 1.192093E-07 -5.960463E-08
vn 1 1.192093E-07 -5.960463E-08
vn 0.9999999 1.192093E-07 -5.960463E-08
vn 1 1.192093E-07 -5.960463E-08
vn 1 1.192093E-07 -5.960463E-08
vn 1 1.192093E-07 -5.960463E-08
vn 1 1.192093E-07 -5.960463E-08
vn 0.9999999 1.192093E-07 -5.960463E-08
vn 1 1.192093E-07 -5.960463E-08
vn 1 1.192093E-07 -5.960463E-08
vn 0.9999999 1.192093E-07 -5.960463E-08
vn 1 1.192093E-07 -5.960463E-08
vn 1 1.192093E-07 -5.960463E-08
vn 1 1.192093E-07 -5.960463E-08
vn 1 1.192093E-07 -5.960463E-08
vn 1 1.192093E-07 -5.960463E-08
vn 1 1.192093E-07 -5.960463E-08
vn 1 1.192093E-07 -5.960463E-08
vn 1 1.192093E-07 -5.960463E-08
vn 0.9999999 1.192093E-07 -5.960463E-08
vn 1 1.192093E-07 -5.960463E-08
vn 0.9999999 1.192093E-07 -5.960463E-08
vn 1 1.192093E-07 -5.960463E-08
vn 1 1.192093E-07 -5.960463E-08
vn 1 1.192093E-07 -5.960463E-08
vn 1 1.192093E-07 -5.960463E-08
vn 1 1.192093E-07 -5.960463E-08
vn 1 1.192093E-07 -5.960463E-08
vn 0.9999999 1.192093E-07 -5.960463E-08
vn 1 1.192093E-07 -5.960463E-08
vn 1 1.192093E-07 -5.960463E-08
vn 1 1.192093E-07 -5.960463E-08
vn 1 1.192093E-07 -5.960463E-08
vn 1 1.192093E-07 -5.960463E-08
vn 0.9999999 1.192093E-07 -5.960463E-08
vn 1 1.192093E-07 -5.960463E-08
vn 1 1.192093E-07 -5.960463E-08
vn 0.9999999 1.192093E-07 -5.960463E-08
vn 0.9999999 1.192093E-07 -5.960463E-08
vn 1 1.192093E-07 -5.960463E-08
vn 1 1.192093E-07 -5.960463E-08
vn 1 1.192093E-07 -5.960463E-08
vn 1 1.192093E-07 -5.960463E-08
vn 1 1.192093E-07 -5.960463E-08
vn 1 1.192093E-07 -5.960463E-08
vn 0.9999999 1.192093E-07 -5.960463E-08
vn 1 1.192093E-07 -5.960463E-08
vn 1 1.192093E-07 -5.960463E-08
vn 1 1.192093E-07 -5.960463E-08
vn 1 1.192093E-07 -5.960463E-08
vn 0.9999999 1.192093E-07 -5.960463E-08
vn 1 1.192093E-07 -5.960463E-08
vn 1 1.192093E-07 -5.960463E-08
vn 1 1.192093E-07 -5.960463E-08
vn 1 1.192093E-07 -5.960463E-08
vn 1 1.192093E-07 -5.960463E-08
vn 1 1.192093E-07 -5.960463E-08
vn 1 1.192093E-07 -5.960463E-08
vn 1 1.192093E-07 -5.960463E-08
vn 1 1.192093E-07 -5.960463E-08
vn 1 1.192093E-07 -5.960463E-08
vn 1 1.192093E-07 -5.960463E-08
vn 1 1.192093E-07 -5.960463E-08
vn 1 1.192093E-07 -5.960463E-08
vn 1 1.192093E-07 -5.960463E-08
vn 1 1.192093E-07 -5.960463E-08
vn 1 1.192093E-07 -5.960463E-08
vn 0.9999999 1.192093E-07 -5.960463E-08
vn 1 1.192093E-07 -5.960463E-08
vn 0.9999999 1.192093E-07 -5.960463E-08
vn 1 1.192093E-07 -5.960463E-08
vn 1 1.192093E-07 -5.960463E-08
vn 1 1.192093E-07 -5.960463E-08
vn 1 1.192093E-07 -5.960463E-08
vn 1 1.192093E-07 -5.960463E-08
vn 1 1.192093E-07 -5.960463E-08
vn 0.9999999 1.192093E-07 -5.960463E-08
vn 1 1.192093E-07 -5.960463E-08
vn 1 1.192093E-07 -5.960463E-08
vn 1 1.192093E-07 -5.960463E-08
vn 1 1.192093E-07 -5.960463E-08
vn 1 1.192093E-07 -5.960463E-08
vn 1 1.192093E-07 -5.960463E-08
vn 1 1.192093E-07 -5.960463E-08
vn 1 1.192093E-07 -5.960463E-08
vn 0.9999999 1.192093E-07 -5.960463E-08
vn 1 1.192093E-07 -5.960463E-08
vn 1 1.192093E-07 -5.960463E-08
vn 1 1.192093E-07 -5.960463E-08
vn 0.9999999 1.192093E-07 -5.960463E-08
vn 1 1.192093E-07 -5.960463E-08
vn 1 1.192093E-07 -5.960463E-08
vn 1 1.192093E-07 -5.960463E-08
vn 0.9999999 1.192093E-07 -5.960463E-08
vn -1.119999E-07 -0.1090276 -0.9940387
vn -1.204895E-07 0.02196334 -0.9997587
vn -1.178715E-07 -0.02195923 -0.9997588
vn -1.087508E-07 -0.15217 -0.9883543
vn -1.016488E-07 -0.2374246 -0.971406
vn -9.779504E-08 -0.2795378 -0.9601347
vn -8.951966E-08 -0.36226 -0.932077
vn -8.509457E-08 -0.4028651 -0.9152593
vn -7.584377E-08 -0.4809953 -0.8767231
vn -7.102224E-08 -0.5185434 -0.8550513
vn -6.092196E-08 -0.5910965 -0.8066007
vn -5.563964E-08 -0.6260628 -0.7797725
vn -4.487605E-08 -0.6916212 -0.7222604
vn -3.939781E-08 -0.7222578 -0.6916238
vn -2.815468E-08 -0.7797702 -0.6260659
vn -2.238732E-08 -0.8065984 -0.5910999
vn -1.085044E-08 -0.8550492 -0.5185469
vn -5.082612E-09 -0.8767211 -0.4809989
vn 6.528214E-09 -0.9152578 -0.4028685
vn 1.237116E-08 -0.9320758 -0.3622633
vn 2.390475E-08 -0.9601337 -0.2795414
vn 2.959682E-08 -0.971405 -0.2374286
vn 4.077013E-08 -0.9883536 -0.1521743
vn 4.625191E-08 -0.9940382 -0.1090321
vn 5.697226E-08 -0.9997588 -0.02196346
vn 6.220828E-08 -0.9997589 0.02195947
vn 7.224671E-08 -0.9940386 0.1090281
vn 7.705084E-08 -0.9883542 0.1521704
vn 8.620374E-08 -0.971406 0.2374247
vn 9.055217E-08 -0.9601349 0.2795376
vn 9.874101E-08 -0.9320772 0.3622596
vn 1.025791E-07 -0.9152595 0.4028649
vn 1.09596E-07 -0.8767232 0.4809954
vn 1.127804E-07 -0.8550513 0.5185435
vn 1.185415E-07 -0.8066007 0.5910966
vn 1.211107E-07 -0.7797728 0.6260628
vn 1.254978E-07 -0.7222605 0.6916212
vn 1.273239E-07 -0.6916237 0.722258
vn 1.302724E-07 -0.6260656 0.7797705
vn 1.313864E-07 -0.5910996 0.8065987
vn 1.328376E-07 -0.5185471 0.8550491
vn 1.331831E-07 -0.4809995 0.8767208
vn 1.331201E-07 -0.4028696 0.9152575
vn 1.327047E-07 -0.3622642 0.9320755
vn 1.311188E-07 -0.2795418 0.9601336
vn 1.299523E-07 -0.2374286 0.9714051
vn 1.268911E-07 -0.152174 0.9883537
vn 1.249973E-07 -0.1090317 0.9940382
vn 1.204895E-07 -0.02196334 0.9997587
vn 1.178715E-07 0.02195923 0.9997588
vn 1.119999E-07 0.1090276 0.9940387
vn 1.087508E-07 0.15217 0.9883543
vn 1.016488E-07 0.2374246 0.971406
vn 9.779504E-08 0.2795378 0.9601347
vn 8.951963E-08 0.3622604 0.9320769
vn 8.50945E-08 0.4028658 0.915259
vn 7.584368E-08 0.4809959 0.8767227
vn 7.102221E-08 0.5185437 0.8550512
vn 6.092201E-08 0.5910963 0.806601
vn 5.563972E-08 0.6260623 0.779773
vn 4.487612E-08 0.6916208 0.7222607
vn 3.939784E-08 0.7222577 0.691624
vn 2.815468E-08 0.7797702 0.6260659
vn 2.238732E-08 0.8065984 0.5910999
vn 1.085044E-08 0.8550492 0.5185469
vn 5.082612E-09 0.8767211 0.4809989
vn -6.528214E-09 0.9152578 0.4028685
vn -1.237116E-08 0.9320758 0.3622633
vn -2.390475E-08 0.9601337 0.2795414
vn -2.959682E-08 0.971405 0.2374286
vn -4.077013E-08 0.9883536 0.1521743
vn -4.625191E-08 0.9940382 0.1090321
vn -5.697226E-08 0.9997588 0.02196346
vn -6.220828E-08 0.9997589 -0.02195947
vn -7.224671E-08 0.9940386 -0.1090281
vn -7.705084E-08 0.9883542 -0.1521704
vn -8.620374E-08 0.971406 -0.2374247
vn -9.055217E-08 0.9601349 -0.2795376
vn -9.874101E-08 0.9320772 -0.3622596
vn -1.025791E-07 0.9152595 -0.4028649
vn -1.09596E-07 0.8767232 -0.4809954
vn -1.127804E-07 0.8550513 -0.5185435
vn -1.185415E-07 0.8066007 -0.5910966
vn -1.211107E-07 0.7797728 -0.6260628
vn -1.254978E-07 0.7222607 -0.6916209
vn -1.273239E-07 0.6916242 -0.7222576
vn -1.302723E-07 0.626066 -0.77977
vn -1.313864E-07 0.5910999 -0.8065984
vn -1.328376E-07 0.5185468 -0.8550493
vn -1.331831E-07 0.4809989 -0.8767212
vn -1.331201E-07 0.4028689 -0.9152578
vn -1.327046E-07 0.3622638 -0.9320756
vn -1.311188E-07 0.2795418 -0.9601336
vn -1.299523E-07 0.2374286 -0.9714051
vn -1.268911E-07 0.152174 -0.9883537
vn -1.249973E-07 0.1090317 -0.9940382
vn 1.119999E-07 0.1090282 0.9940386
vn 1.204895E-07 -0.02196354 0.9997587
vn 1.178715E-07 0.02195943 0.9997588
vn 1.087508E-07 0.1521706 0.9883542
vn 1.016488E-07 0.2374245 0.971406
vn 9.77951E-08 0.2795371 0.9601349
vn 8.951972E-08 0.3622594 0.9320772
vn 8.509456E-08 0.4028652 0.9152592
vn 7.584375E-08 0.4809955 0.8767231
vn 7.102228E-08 0.518543 0.8550515
vn 6.092202E-08 0.5910962 0.806601
vn 5.563963E-08 0.6260628 0.7797725
vn 4.487602E-08 0.6916214 0.7222602
vn 3.939781E-08 0.7222578 0.6916238
vn 2.815468E-08 0.7797701 0.6260659
vn 2.238732E-08 0.8065984 0.5910999
vn 1.085044E-08 0.8550493 0.5185469
vn 5.082637E-09 0.8767211 0.4809991
vn -6.528172E-09 0.9152577 0.4028688
vn -1.237115E-08 0.9320759 0.3622634
vn -2.390478E-08 0.9601337 0.2795412
vn -2.959685E-08 0.9714051 0.2374284
vn -4.077014E-08 0.9883537 0.1521743
vn -4.625191E-08 0.9940382 0.1090321
vn -5.697226E-08 0.9997588 0.02196347
vn -6.220828E-08 0.9997589 -0.02195948
vn -7.224671E-08 0.9940387 -0.1090281
vn -7.705084E-08 0.9883543 -0.1521703
vn -8.620372E-08 0.971406 -0.2374245
vn -9.055215E-08 0.9601349 -0.2795374
vn -9.874104E-08 0.9320773 -0.3622597
vn -1.025792E-07 0.9152594 -0.4028652
vn -1.095961E-07 0.8767232 -0.4809956
vn -1.127804E-07 0.8550514 -0.5185435
vn -1.185415E-07 0.8066008 -0.5910966
vn -1.211107E-07 0.7797727 -0.6260628
vn -1.254978E-07 0.7222607 -0.6916209
vn -1.273239E-07 0.6916243 -0.7222574
vn -1.302723E-07 0.626066 -0.77977
vn -1.313864E-07 0.5910995 -0.8065987
vn -1.328376E-07 0.5185467 -0.8550494
vn -1.331831E-07 0.4809995 -0.8767208
vn -1.331201E-07 0.4028692 -0.9152576
vn -1.327046E-07 0.362263 -0.9320759
vn -1.311187E-07 0.2795404 -0.9601339
vn -1.299523E-07 0.2374281 -0.9714051
vn -1.268912E-07 0.1521746 -0.9883536
vn -1.249973E-07 0.1090323 -0.9940382
vn -1.204895E-07 0.02196354 -0.9997587
vn -1.178715E-07 -0.02195943 -0.9997588
vn -1.119999E-07 -0.1090282 -0.9940386
vn -1.087508E-07 -0.1521706 -0.9883542
vn -1.016489E-07 -0.2374242 -0.971406
vn -9.779515E-08 -0.2795365 -0.960135
vn -8.951975E-08 -0.3622591 -0.9320773
vn -8.509453E-08 -0.4028655 -0.9152591
vn -7.584369E-08 -0.480996 -0.8767228
vn -7.102226E-08 -0.5185432 -0.8550514
vn -6.092202E-08 -0.5910962 -0.806601
vn -5.563963E-08 -0.6260628 -0.7797725
vn -4.487602E-08 -0.6916214 -0.7222602
vn -3.939781E-08 -0.7222578 -0.6916238
vn -2.815468E-08 -0.7797701 -0.6260659
vn -2.238732E-08 -0.8065984 -0.5910999
vn -1.085044E-08 -0.8550493 -0.5185469
vn -5.082637E-09 -0.8767211 -0.4809991
vn 6.528172E-09 -0.9152577 -0.4028688
vn 1.237115E-08 -0.9320759 -0.3622634
vn 2.390478E-08 -0.9601337 -0.2795412
vn 2.959685E-08 -0.9714051 -0.2374284
vn 4.077014E-08 -0.9883537 -0.1521743
vn 4.625191E-08 -0.9940382 -0.1090321
vn 5.697226E-08 -0.9997588 -0.02196347
vn 6.220828E-08 -0.9997589 0.02195948
vn 7.224671E-08 -0.9940387 0.1090281
vn 7.705084E-08 -0.9883543 0.1521703
vn 8.620372E-08 -0.971406 0.2374245
vn 9.055215E-08 -0.9601349 0.2795374
vn 9.874104E-08 -0.9320773 0.3622597
vn 1.025792E-07 -0.9152594 0.4028652
vn 1.095961E-07 -0.8767232 0.4809956
vn 1.127804E-07 -0.8550514 0.5185435
vn 1.185415E-07 -0.8066008 0.5910966
vn 1.211107E-07 -0.7797727 0.6260628
vn 1.254978E-07 -0.7222607 0.6916209
vn 1.273239E-07 -0.6916243 0.7222574
vn 1.302723E-07 -0.626066 0.77977
vn 1.313864E-07 -0.5910995 0.8065987
vn 1.328376E-07 -0.5185465 0.8550495
vn 1.331831E-07 -0.4809991 0.8767212
vn 1.331201E-07 -0.402869 0.9152577
vn 1.327046E-07 -0.3622632 0.9320758
vn 1.311188E-07 -0.279541 0.9601338
vn 1.299523E-07 -0.2374285 0.9714051
vn 1.268912E-07 -0.1521746 0.9883536
vn 1.249973E-07 -0.1090323 0.9940382
vn 1 1.192093E-07 -5.960463E-08
vn 1 1.192093E-07 -5.960463E-08
vn 1 1.192093E-07 -5.960463E-08
vn 1 1.192093E-07 -5.960463E-08
vn 0.9999999 1.192093E-07 -5.960463E-08
vn 1 1.192093E-07 -5.960463E-08
vn 1 1.192093E-07 -5.960463E-08
vn 1 1.192093E-07 -5.960463E-08
vn 1 1.192093E-07 -5.960463E-08
vn 1 1.192093E-07 -5.960463E-08
vn 1 1.192093E-07 -5.960463E-08
vn 1 1.192093E-07 -5.960463E-08
vn 1 1.192093E-07 -5.960463E-08
vn 1 1.192093E-07 -5.960463E-08
vn 1 1.192093E-07 -5.960463E-08
vn 1 1.192093E-07 -5.960463E-08
vn 1 1.192093E-07 -5.960463E-08
vn 1 1.192093E-07 -5.960463E-08
vn 1 1.192093E-07 -5.960463E-08
vn 1 1.192093E-07 -5.960463E-08
vn 1 1.192093E-07 -5.960463E-08
vn 0.9999999 1.192093E-07 -5.960463E-08
vn 1 1.192093E-07 -5.960463E-08
vn 0.9999999 1.192093E-07 -5.960463E-08
vn 1 1.192093E-07 -5.960463E-08
vn 1 1.192093E-07 -5.960463E-08
vn 1 1.192093E-07 -5.960463E-08
vn 1 1.192093E-07 -5.960463E-08
vn 1 1.192093E-07 -5.960463E-08
vn 1 1.192093E-07 -5.960463E-08
vn 0.9999999 1.192093E-07 -5.960463E-08
vn 1 1.192093E-07 -5.960463E-08
vn 1 1.192093E-07 -5.960463E-08
vn 1 1.192093E-07 -5.960463E-08
vn 1 1.192093E-07 -5.960463E-08
vn 1 1.192093E-07 -5.960463E-08
vn 1 1.192093E-07 -5.960463E-08
vn 1 1.192093E-07 -5.960463E-08
vn 1 1.192093E-07 -5.960463E-08
vn 0.9999999 1.192093E-07 -5.960463E-08
vn 1 1.192093E-07 -5.960463E-08
vn 1 1.192093E-07 -5.960463E-08
vn 1 1.192093E-07 -5.960463E-08
vn 0.9999999 1.192093E-07 -5.960463E-08
vn 1 1.192093E-07 -5.960463E-08
vn 1 1.192093E-07 -5.960463E-08
vn 1 1.192093E-07 -5.960463E-08
vn 0.9999999 1.192093E-07 -5.960463E-08
vn 1 1.192093E-07 -5.960463E-08
vn 1 1.192093E-07 -5.960463E-08
vn 1 1.192093E-07 -5.960463E-08
vn 1 1.192093E-07 -5.960463E-08
vn 0.9999999 1.192093E-07 -5.960463E-08
vn 1 1.192093E-07 -5.960463E-08
vn 1 1.192093E-07 -5.960463E-08
vn 1 1.192093E-07 -5.960463E-08
vn 1 1.192093E-07 -5.960463E-08
vn 0.9999999 1.192093E-07 -5.960463E-08
vn 1 1.192093E-07 -5.960463E-08
vn 1 1.192093E-07 -5.960463E-08
vn 0.9999999 1.192093E-07 -5.960463E-08
vn 1 1.192093E-07 -5.960463E-08
vn 1 1.192093E-07 -5.960463E-08
vn 1 1.192093E-07 -5.960463E-08
vn 1 1.192093E-07 -5.960463E-08
vn 1 1.192093E-07 -5.960463E-08
vn 1 1.192093E-07 -5.960463E-08
vn 1 1.192093E-07 -5.960463E-08
vn 1 1.192093E-07 -5.960463E-08
vn 0.9999999 1.192093E-07 -5.960463E-08
vn 1 1.192093E-07 -5.960463E-08
vn 0.9999999 1.192093E-07 -5.960463E-08
vn 1 1.192093E-07 -5.960463E-08
vn 1 1.192093E-07 -5.960463E-08
vn 1 1.192093E-07 -5.960463E-08
vn 1 1.192093E-07 -5.960463E-08
vn 1 1.192093E-07 -5.960463E-08
vn 1 1.192093E-07 -5.960463E-08
vn 0.9999999 1.192093E-07 -5.960463E-08
vn 1 1.192093E-07 -5.960463E-08
vn 1 1.192093E-07 -5.960463E-08
vn 1 1.192093E-07 -5.960463E-08
vn 1 1.192093E-07 -5.960463E-08
vn 1 1.192093E-07 -5.960463E-08
vn 0.9999999 1.192093E-07 -5.960463E-08
vn 1 1.192093E-07 -5.960463E-08
vn 1 1.192093E-07 -5.960463E-08
vn 0.9999999 1.192093E-07 -5.960463E-08
vn 0.9999999 1.192093E-07 -5.960463E-08
vn 1 1.192093E-07 -5.960463E-08
vn 1 1.192093E-07 -5.960463E-08
vn 1 1.192093E-07 -5.960463E-08
vn 1 1.192093E-07 -5.960463E-08
vn 1 1.192093E-07 -5.960463E-08
vn 1 1.192093E-07 -5.960463E-08
vn 0.9999999 1.192093E-07 -5.960463E-08
vt -20 -40
vt -20 40
vt 20 40
vt 20 -40
vt -13 20
vt -20 20
vt -20 -60
vt -13 -60
vt -33 -60
vt -40 -60
vt -40 -20
vt -33 -20
vt 27 -20
vt 20 -20
vt 20 60
vt 27 60
vt 47 60
vt 40 60
vt 40 20
vt 47 20
vt -11 20
vt -12 20
vt -12 -58
vt -11 -58
vt -31 -58
vt -32 -58
vt -32 -20
vt -31 -20
vt 27 -20
vt 26 -20
vt 26 58
vt 27 58
vt 47 58
vt 46 58
vt 46 20
vt 47 20
vt 20 40
vt 20 -32
vt -12 -32
vt -12 40
vt -12 -52
vt -8 -52
vt -8 20
vt -12 20
vt 40 20
vt 44 20
vt 44 52
vt 40 52
vt 20 52
vt 24 52
vt 24 -20
vt 20 -20
vt -32 -20
vt -28 -20
vt -28 -52
vt -32 -52
vt 27 47
vt 26 46
vt 26 -32
vt 27 -33
vt -13 -33
vt -12 -32
vt -12 46
vt -13 47
vt 27 47
vt 24 44
vt 24 -28
vt 27 -31
vt -11 -31
vt -8 -28
vt -8 44
vt -11 47
vt 3.217 5.1654
vt 10 6
vt 8 6
vt 7.217 5.1654
vt 2.4472 4.2426
vt 6.4472 4.2426
vt 1.7038 3.2472
vt 5.7038 3.2472
vt 1 2.196
vt 5 2.196
vt 0.3471999 1.1076
vt 4.3472 1.1076
vt -0.2426 0
vt 3.7574 0
vt -0.7603998 -1.1076
vt 3.2396 -1.1076
vt -1.196 -2.196
vt 2.804 -2.196
vt -1.5434 -3.2472
vt 2.4566 -3.2472
vt -1.7954 -4.2426
vt 2.2046 -4.2426
vt -1.9484 -5.1654
vt 2.0516 -5.1654
vt -2 -6
vt 2 -6
vt -1.9484 -6.7314
vt 2.0516 -6.7314
vt -1.7954 -7.3482
vt 2.2046 -7.3482
vt -1.5434 -7.8396
vt 2.4566 -7.8396
vt -1.196 -8.196
vt 2.804 -8.196
vt -0.7603998 -8.4132
vt 3.2396 -8.4132
vt -0.2426 -8.4852
vt 3.7574 -8.4852
vt -0.7603998 -8.4132
vt 3.2396 -8.4132
vt -1.196 -8.196
vt 2.804 -8.196
vt -1.5434 -7.8396
vt 2.4566 -7.8396
vt -1.7954 -7.3482
vt 2.2046 -7.3482
vt -1.9484 -6.7314
vt 2.0516 -6.7314
vt -2 -6
vt 2 -6
vt -1.9484 -5.1654
vt 2.0516 -5.1654
vt -1.7954 -4.2426
vt 2.2046 -4.2426
vt -1.5434 -3.2472
vt 2.4566 -3.2472
vt -1.196 -2.196
vt 2.804 -2.196
vt -0.7603998 -1.1076
vt 3.2396 -1.1076
vt -0.2426 0
vt 3.7574 0
vt 0.3471999 1.1076
vt 4.3472 1.1076
vt 1 2.196
vt 5 2.196
vt 1.7038 3.2472
vt 5.7038 3.2472
vt 2.4472 4.2426
vt 6.4472 4.2426
vt 3.217 5.1654
vt 7.217 5.1654
vt 4 6
vt 14 6
vt 9.9484 6.7314
vt 13.9484 6.7314
vt 9.795401 7.3482
vt 13.7954 7.3482
vt 9.5434 7.8396
vt 13.5434 7.8396
vt 9.196 8.196
vt 13.196 8.196
vt 8.7604 8.4132
vt 12.7604 8.4132
vt 8.242599 8.4852
vt 12.2426 8.4852
vt 8.7604 8.4132
vt 12.7604 8.4132
vt 9.196 8.196
vt 13.196 8.196
vt 9.5434 7.8396
vt 13.5434 7.8396
vt 9.795401 7.3482
vt 13.7954 7.3482
vt 9.9484 6.7314
vt 13.9484 6.7314
vt 11.9312 6.8872
vt 12 8
vt 16 8
vt 15.9312 6.8872
vt 11.7272 5.6568
vt 15.7272 5.6568
vt 11.3912 4.3296
vt 15.3912 4.3296
vt 10.928 2.928
vt 14.928 2.928
vt 10.3472 1.4768
vt 14.3472 1.4768
vt 9.656799 0
vt 13.6568 0
vt 8.870399 -1.4768
vt 12.8704 -1.4768
vt 8 -2.928
vt 12 -2.928
vt 7.0616 -4.3296
vt 11.0616 -4.3296
vt 6.0704 -5.6568
vt 10.0704 -5.6568
vt 5.044 -6.8872
vt 9.044 -6.8872
vt 4 -8
vt 0 -8
vt -3.9312 -8.9752
vt 0.06879997 -8.9752
vt -3.7272 -9.7976
vt 0.2728 -9.7976
vt -3.3912 -10.4528
vt 0.6087999 -10.4528
vt -2.928 -10.928
vt 1.072 -10.928
vt -2.3472 -11.2176
vt 1.6528 -11.2176
vt -1.6568 -11.3136
vt 2.3432 -11.3136
vt -2.3472 -11.2176
vt 1.6528 -11.2176
vt -2.928 -10.928
vt 1.072 -10.928
vt -3.3912 -10.4528
vt 0.6087999 -10.4528
vt -3.7272 -9.7976
vt 0.2728 -9.7976
vt -3.9312 -8.9752
vt 0.06879997 -8.9752
vt -4 -8
vt 8 -8
vt 5.044 -6.8872
vt 9.044 -6.8872
vt 6.0704 -5.6568
vt 10.0704 -5.6568
vt 7.0616 -4.3296
vt 11.0616 -4.3296
vt 8 -2.928
vt 12 -2.928
vt 8.870399 -1.4768
vt 12.8704 -1.4768
vt 9.656799 0
vt 13.6568 0
vt 10.3472 1.4768
vt 14.3472 1.4768
vt 10.928 2.928
vt 14.928 2.928
vt 11.3912 4.3296
vt 15.3912 4.3296
vt 11.7272 5.6568
vt 15.7272 5.6568
vt 11.9312 6.8872
vt 15.9312 6.8872
vt 12 8
vt 16 8
vt 11.9312 8.9752
vt 15.9312 8.9752
vt 11.7272 9.7976
vt 15.7272 9.7976
vt 11.3912 10.4528
vt 15.3912 10.4528
vt 10.928 10.928
vt 14.928 10.928
vt 10.3472 11.2176
vt 14.3472 11.2176
vt 9.656799 11.3136
vt 13.6568 11.3136
vt 10.3472 11.2176
vt 14.3472 11.2176
vt 10.928 10.928
vt 14.928 10.928
vt 11.3912 10.4528
vt 15.3912 10.4528
vt 11.7272 9.7976
vt 15.7272 9.7976
vt 11.9312 8.9752
vt 15.9312 8.9752
vt 8 14
vt 7.217 13.9484
vt 6.956 15.9312
vt 8 16
vt 6.4472 13.7954
vt 5.9296 15.7272
vt 5.7038 13.5434
vt 4.9384 15.3912
vt 5 13.196
vt 4 14.928
vt 4.3472 12.7604
vt 3.1296 14.3472
vt 3.7574 12.2426
vt 2.3432 13.6568
vt 3.2396 11.6528
vt 1.6528 12.8704
vt 2.804 11
vt 1.072 12
vt 2.4566 10.2962
vt 0.6087999 11.0616
vt 2.2046 9.5528
vt 0.2728 10.0704
vt 2.0516 8.783
vt 0.06879997 9.044
vt 2 8
vt 0 8
vt 2.0516 7.217
vt 0.06879997 6.956
vt 2.2046 6.4472
vt 0.2728 5.9296
vt 2.4566 5.7038
vt 0.6087999 4.9384
vt 2.804 5
vt 1.072 4
vt 3.2396 4.3472
vt 1.6528 3.1296
vt 3.7574 3.7574
vt 2.3432 2.3432
vt 4.3472 3.2396
vt 3.1296 1.6528
vt 5 2.804
vt 4 1.072
vt 5.7038 2.4566
vt 4.9384 0.6087999
vt 6.4472 2.2046
vt 5.9296 0.2728
vt 7.217 2.0516
vt 6.956 0.06879997
vt 8 2
vt 8 0
vt 8.783 2.0516
vt 9.044 0.06879997
vt 9.5528 2.2046
vt 10.0704 0.2728
vt 10.2962 2.4566
vt 11.0616 0.6087999
vt 11 2.804
vt 12 1.072
vt 11.6528 3.2396
vt 12.8704 1.6528
vt 12.2426 3.7574
vt 13.6568 2.3432
vt 12.7604 4.3472
vt 14.3472 3.1296
vt 13.196 5
vt 14.928 4
vt 13.5434 5.7038
vt 15.3912 4.9384
vt 13.7954 6.4472
vt 15.7272 5.9296
vt 13.9484 7.217
vt 15.9312 6.956
vt 14 8
vt 16 8
vt 13.9484 8.783
vt 15.9312 9.044
vt 13.7954 9.5528
vt 15.7272 10.0704
vt 13.5434 10.2962
vt 15.3912 11.0616
vt 13.196 11
vt 14.928 12
vt 12.7604 11.6528
vt 14.3472 12.8704
vt 12.2426 12.2426
vt 13.6568 13.6568
vt 11.6528 12.7604
vt 12.8704 14.3472
vt 11 13.196
vt 12 14.928
vt 10.2962 13.5434
vt 11.0616 15.3912
vt 9.5528 13.7954
vt 10.0704 15.7272
vt 8.783 13.9484
vt 9.044 15.9312
vt 3.217 25.1654
vt 30 26
vt 8 26
vt 7.217 25.1654
vt 2.4472 24.2426
vt 6.4472 24.2426
vt 1.7038 23.2472
vt 5.7038 23.2472
vt 1 22.196
vt 5 22.196
vt 0.3471999 21.1076
vt 4.3472 21.1076
vt -0.2426 20
vt 3.7574 20
vt -0.7603998 18.8924
vt 3.2396 18.8924
vt -1.196 17.804
vt 2.804 17.804
vt -1.5434 16.7528
vt 2.4566 16.7528
vt -1.7954 15.7574
vt 2.2046 15.7574
vt -1.9484 14.8346
vt 2.0516 14.8346
vt -2 14
vt 2 14
vt -1.9484 13.2686
vt 2.0516 13.2686
vt -1.7954 12.6518
vt 2.2046 12.6518
vt -1.5434 12.1604
vt 2.4566 12.1604
vt -1.196 11.804
vt 2.804 11.804
vt -0.7603998 11.5868
vt 3.2396 11.5868
vt -0.2426 11.5148
vt 23.7574 11.5148
vt 19.2396 11.5868
vt 23.2396 11.5868
vt 18.804 11.804
vt 22.804 11.804
vt 18.4566 12.1604
vt 22.4566 12.1604
vt 18.2046 12.6518
vt 22.2046 12.6518
vt 18.0516 13.2686
vt 22.0516 13.2686
vt 18 14
vt 22 14
vt 18.0516 14.8346
vt 22.0516 14.8346
vt 18.2046 15.7574
vt 22.2046 15.7574
vt 18.4566 16.7528
vt 22.4566 16.7528
vt 18.804 17.804
vt 22.804 17.804
vt 19.2396 18.8924
vt 23.2396 18.8924
vt 19.7574 20
vt 23.7574 20
vt 20.3472 21.1076
vt 24.3472 21.1076
vt 21 22.196
vt 25 22.196
vt 21.7038 23.2472
vt 25.7038 23.2472
vt 22.4472 24.2426
vt 26.4472 24.2426
vt 23.217 25.1654
vt 27.217 25.1654
vt 24 26
vt 14 26
vt 9.9484 26.7314
vt 13.9484 26.7314
vt 9.795401 27.3482
vt 13.7954 27.3482
vt 9.5434 27.8396
vt 13.5434 27.8396
vt 9.196 28.196
vt 13.196 28.196
vt 8.7604 28.4132
vt 12.7604 28.4132
vt 8.242599 28.4852
vt 32.2426 28.4852
vt 28.7604 28.4132
vt 32.7604 28.4132
vt 29.196 28.196
vt 33.196 28.196
vt 29.5434 27.8396
vt 33.5434 27.8396
vt 29.7954 27.3482
vt 33.7954 27.3482
vt 29.9484 26.7314
vt 33.9484 26.7314
vt 31.9312 26.8872
vt 32 28
vt 36 28
vt 35.9312 26.8872
vt 31.7272 25.6568
vt 35.7272 25.6568
vt 31.3912 24.3296
vt 35.3912 24.3296
vt 30.928 22.928
vt 34.928 22.928
vt 30.3472 21.4768
vt 34.3472 21.4768
vt 29.6568 20
vt 33.6568 20
vt 28.8704 18.5232
vt 32.8704 18.5232
vt 28 17.072
vt 32 17.072
vt 27.0616 15.6704
vt 31.0616 15.6704
vt 26.0704 14.3432
vt 30.0704 14.3432
vt 25.044 13.1128
vt 29.044 13.1128
vt 24 12
vt 0 12
vt -3.9312 11.0248
vt 0.06879997 11.0248
vt -3.7272 10.2024
vt 0.2728 10.2024
vt -3.3912 9.5472
vt 0.6087999 9.5472
vt -2.928 9.072001
vt 1.072 9.072001
vt -2.3472 8.7824
vt 1.6528 8.7824
vt -1.6568 8.686401
vt 22.3432 8.686401
vt 17.6528 8.7824
vt 21.6528 8.7824
vt 17.072 9.072001
vt 21.072 9.072001
vt 16.6088 9.5472
vt 20.6088 9.5472
vt 16.2728 10.2024
vt 20.2728 10.2024
vt 16.0688 11.0248
vt 20.0688 11.0248
vt 16 12
vt 8 12
vt 5.044 13.1128
vt 9.044 13.1128
vt 6.0704 14.3432
vt 10.0704 14.3432
vt 7.0616 15.6704
vt 11.0616 15.6704
vt 8 17.072
vt 12 17.072
vt 8.870399 18.5232
vt 12.8704 18.5232
vt 9.656799 20
vt 13.6568 20
vt 10.3472 21.4768
vt 14.3472 21.4768
vt 10.928 22.928
vt 14.928 22.928
vt 11.3912 24.3296
vt 15.3912 24.3296
vt 11.7272 25.6568
vt 15.7272 25.6568
vt 11.9312 26.8872
vt 15.9312 26.8872
vt 12 28
vt 16 28
vt 11.9312 28.9752
vt 15.9312 28.9752
vt 11.7272 29.7976
vt 15.7272 29.7976
vt 11.3912 30.4528
vt 15.3912 30.4528
vt 10.928 30.928
vt 14.928 30.928
vt 10.3472 31.2176
vt 14.3472 31.2176
vt 9.656799 31.3136
vt 33.6568 31.3136
vt 30.3472 31.2176
vt 34.3472 31.2176
vt 30.928 30.928
vt 34.928 30.928
vt 31.3912 30.4528
vt 35.3912 30.4528
vt 31.7272 29.7976
vt 35.7272 29.7976
vt 31.9312 28.9752
vt 35.9312 28.9752
vt 8 34
vt 7.217 33.9484
vt 6.956 35.9312
vt 8 36
vt 6.4472 33.7954
vt 5.9296 35.7272
vt 5.7038 33.5434
vt 4.9384 35.3912
vt 5 33.196
vt 4 34.928
vt 4.3472 32.7604
vt 3.1296 34.3472
vt 3.7574 32.2426
vt 2.3432 33.6568
vt 3.2396 31.6528
vt 1.6528 32.8704
vt 2.804 31
vt 1.072 32
vt 2.4566 30.2962
vt 0.6087999 31.0616
vt 2.2046 29.5528
vt 0.2728 30.0704
vt 2.0516 28.783
vt 0.06879997 29.044
vt 2 28
vt 0 28
vt 2.0516 27.217
vt 0.06879997 26.956
vt 2.2046 26.4472
vt 0.2728 25.9296
vt 2.4566 25.7038
vt 0.6087999 24.9384
vt 2.804 25
vt 1.072 24
vt 3.2396 24.3472
vt 1.6528 23.1296
vt 3.7574 23.7574
vt 2.3432 22.3432
vt 4.3472 23.2396
vt 3.1296 21.6528
vt 5 22.804
vt 4 21.072
vt 5.7038 22.4566
vt 4.9384 20.6088
vt 6.4472 22.2046
vt 5.9296 20.2728
vt 7.217 22.0516
vt 6.956 20.0688
vt 8 22
vt 8 20
vt 8.783 22.0516
vt 9.044 20.0688
vt 9.5528 22.2046
vt 10.0704 20.2728
vt 10.2962 22.4566
vt 11.0616 20.6088
vt 11 22.804
vt 12 21.072
vt 11.6528 23.2396
vt 12.8704 21.6528
vt 12.2426 23.7574
vt 13.6568 22.3432
vt 12.7604 24.3472
vt 14.3472 23.1296
vt 13.196 25
vt 14.928 24
vt 13.5434 25.7038
vt 15.3912 24.9384
vt 13.7954 26.4472
vt 15.7272 25.9296
vt 13.9484 27.217
vt 15.9312 26.956
vt 14 28
vt 16 28
vt 13.9484 28.783
vt 15.9312 29.044
vt 13.7954 29.5528
vt 15.7272 30.0704
vt 13.5434 30.2962
vt 15.3912 31.0616
vt 13.196 31
vt 14.928 32
vt 12.7604 31.6528
vt 14.3472 32.8704
vt 12.2426 32.2426
vt 13.6568 33.6568
vt 11.6528 32.7604
vt 12.8704 34.3472
vt 11 33.196
vt 12 34.928
vt 10.2962 33.5434
vt 11.0616 35.3912
vt 9.5528 33.7954
vt 10.0704 35.7272
vt 8.783 33.9484
vt 9.044 35.9312
vt 3.217 -14.8346
vt -10 -14
vt 8 -14
vt 7.217 -14.8346
vt 2.4472 -15.7574
vt 6.4472 -15.7574
vt 1.7038 -16.7528
vt 5.7038 -16.7528
vt 1 -17.804
vt 5 -17.804
vt 0.3471999 -18.8924
vt 4.3472 -18.8924
vt -0.2426 -20
vt 3.7574 -20
vt -0.7603998 -21.1076
vt 3.2396 -21.1076
vt -1.196 -22.196
vt 2.804 -22.196
vt -1.5434 -23.2472
vt 2.4566 -23.2472
vt -1.7954 -24.2426
vt 2.2046 -24.2426
vt -1.9484 -25.1654
vt 2.0516 -25.1654
vt -2 -26
vt 2 -26
vt -1.9484 -26.7314
vt 2.0516 -26.7314
vt -1.7954 -27.3482
vt 2.2046 -27.3482
vt -1.5434 -27.8396
vt 2.4566 -27.8396
vt -1.196 -28.196
vt 2.804 -28.196
vt -0.7603998 -28.4132
vt 3.2396 -28.4132
vt -0.2426 -28.4852
vt -16.2426 -28.4852
vt -20.7604 -28.4132
vt -16.7604 -28.4132
vt -21.196 -28.196
vt -17.196 -28.196
vt -21.5434 -27.8396
vt -17.5434 -27.8396
vt -21.7954 -27.3482
vt -17.7954 -27.3482
vt -21.9484 -26.7314
vt -17.9484 -26.7314
vt -22 -26
vt -18 -26
vt -21.9484 -25.1654
vt -17.9484 -25.1654
vt -21.7954 -24.2426
vt -17.7954 -24.2426
vt -21.5434 -23.2472
vt -17.5434 -23.2472
vt -21.196 -22.196
vt -17.196 -22.196
vt -20.7604 -21.1076
vt -16.7604 -21.1076
vt -20.2426 -20
vt -16.2426 -20
vt -19.6528 -18.8924
vt -15.6528 -18.8924
vt -19 -17.804
vt -15 -17.804
vt -18.2962 -16.7528
vt -14.2962 -16.7528
vt -17.5528 -15.7574
vt -13.5528 -15.7574
vt -16.783 -14.8346
vt -12.783 -14.8346
vt -16 -14
vt 14 -14
vt 9.9484 -13.2686
vt 13.9484 -13.2686
vt 9.795401 -12.6518
vt 13.7954 -12.6518
vt 9.5434 -12.1604
vt 13.5434 -12.1604
vt 9.196 -11.804
vt 13.196 -11.804
vt 8.7604 -11.5868
vt 12.7604 -11.5868
vt 8.242599 -11.5148
vt -7.757401 -11.5148
vt -11.2396 -11.5868
vt -7.2396 -11.5868
vt -10.804 -11.804
vt -6.804 -11.804
vt -10.4566 -12.1604
vt -6.4566 -12.1604
vt -10.2046 -12.6518
vt -6.204599 -12.6518
vt -10.0516 -13.2686
vt -6.0516 -13.2686
vt -8.0688 -13.1128
vt -8 -12
vt -4 -12
vt -4.0688 -13.1128
vt -8.2728 -14.3432
vt -4.2728 -14.3432
vt -8.6088 -15.6704
vt -4.6088 -15.6704
vt -9.072001 -17.072
vt -5.072001 -17.072
vt -9.6528 -18.5232
vt -5.6528 -18.5232
vt -10.3432 -20
vt -6.343201 -20
vt -11.1296 -21.4768
vt -7.129601 -21.4768
vt -12 -22.928
vt -8 -22.928
vt -12.9384 -24.3296
vt -8.9384 -24.3296
vt -13.9296 -25.6568
vt -9.9296 -25.6568
vt -14.956 -26.8872
vt -10.956 -26.8872
vt -16 -28
vt 0 -28
vt -3.9312 -28.9752
vt 0.06879997 -28.9752
vt -3.7272 -29.7976
vt 0.2728 -29.7976
vt -3.3912 -30.4528
vt 0.6087999 -30.4528
vt -2.928 -30.928
vt 1.072 -30.928
vt -2.3472 -31.2176
vt 1.6528 -31.2176
vt -1.6568 -31.3136
vt -17.6568 -31.3136
vt -22.3472 -31.2176
vt -18.3472 -31.2176
vt -22.928 -30.928
vt -18.928 -30.928
vt -23.3912 -30.4528
vt -19.3912 -30.4528
vt -23.7272 -29.7976
vt -19.7272 -29.7976
vt -23.9312 -28.9752
vt -19.9312 -28.9752
vt -24 -28
vt 8 -28
vt 5.044 -26.8872
vt 9.044 -26.8872
vt 6.0704 -25.6568
vt 10.0704 -25.6568
vt 7.0616 -24.3296
vt 11.0616 -24.3296
vt 8 -22.928
vt 12 -22.928
vt 8.870399 -21.4768
vt 12.8704 -21.4768
vt 9.656799 -20
vt 13.6568 -20
vt 10.3472 -18.5232
vt 14.3472 -18.5232
vt 10.928 -17.072
vt 14.928 -17.072
vt 11.3912 -15.6704
vt 15.3912 -15.6704
vt 11.7272 -14.3432
vt 15.7272 -14.3432
vt 11.9312 -13.1128
vt 15.9312 -13.1128
vt 12 -12
vt 16 -12
vt 11.9312 -11.0248
vt 15.9312 -11.0248
vt 11.7272 -10.2024
vt 15.7272 -10.2024
vt 11.3912 -9.5472
vt 15.3912 -9.5472
vt 10.928 -9.072001
vt 14.928 -9.072001
vt 10.3472 -8.7824
vt 14.3472 -8.7824
vt 9.656799 -8.686401
vt -6.343201 -8.686401
vt -9.6528 -8.7824
vt -5.6528 -8.7824
vt -9.072001 -9.072001
vt -5.072001 -9.072001
vt -8.6088 -9.5472
vt -4.6088 -9.5472
vt -8.2728 -10.2024
vt -4.2728 -10.2024
vt -8.0688 -11.0248
vt -4.0688 -11.0248
vt 8 -6
vt 7.217 -6.0516
vt 6.956 -4.0688
vt 8 -4
vt 6.4472 -6.204599
vt 5.9296 -4.2728
vt 5.7038 -6.4566
vt 4.9384 -4.6088
vt 5 -6.804
vt 4 -5.072001
vt 4.3472 -7.2396
vt 3.1296 -5.6528
vt 3.7574 -7.757401
vt 2.3432 -6.343201
vt 3.2396 -8.3472
vt 1.6528 -7.129601
vt 2.804 -9
vt 1.072 -8
vt 2.4566 -9.7038
vt 0.6087999 -8.9384
vt 2.2046 -10.4472
vt 0.2728 -9.9296
vt 2.0516 -11.217
vt 0.06879997 -10.956
vt 2 -12
vt 0 -12
vt 2.0516 -12.783
vt 0.06879997 -13.044
vt 2.2046 -13.5528
vt 0.2728 -14.0704
vt 2.4566 -14.2962
vt 0.6087999 -15.0616
vt 2.804 -15
vt 1.072 -16
vt 3.2396 -15.6528
vt 1.6528 -16.8704
vt 3.7574 -16.2426
vt 2.3432 -17.6568
vt 4.3472 -16.7604
vt 3.1296 -18.3472
vt 5 -17.196
vt 4 -18.928
vt 5.7038 -17.5434
vt 4.9384 -19.3912
vt 6.4472 -17.7954
vt 5.9296 -19.7272
vt 7.217 -17.9484
vt 6.956 -19.9312
vt 8 -18
vt 8 -20
vt 8.783 -17.9484
vt 9.044 -19.9312
vt 9.5528 -17.7954
vt 10.0704 -19.7272
vt 10.2962 -17.5434
vt 11.0616 -19.3912
vt 11 -17.196
vt 12 -18.928
vt 11.6528 -16.7604
vt 12.8704 -18.3472
vt 12.2426 -16.2426
vt 13.6568 -17.6568
vt 12.7604 -15.6528
vt 14.3472 -16.8704
vt 13.196 -15
vt 14.928 -16
vt 13.5434 -14.2962
vt 15.3912 -15.0616
vt 13.7954 -13.5528
vt 15.7272 -14.0704
vt 13.9484 -12.783
vt 15.9312 -13.044
vt 14 -12
vt 16 -12
vt 13.9484 -11.217
vt 15.9312 -10.956
vt 13.7954 -10.4472
vt 15.7272 -9.9296
vt 13.5434 -9.7038
vt 15.3912 -8.9384
vt 13.196 -9
vt 14.928 -8
vt 12.7604 -8.3472
vt 14.3472 -7.129601
vt 12.2426 -7.757401
vt 13.6568 -6.343201
vt 11.6528 -7.2396
vt 12.8704 -5.6528
vt 11 -6.804
vt 12 -5.072001
vt 10.2962 -6.4566
vt 11.0616 -4.6088
vt 9.5528 -6.204599
vt 10.0704 -4.2728
vt 8.783 -6.0516
vt 9.044 -4.0688
usemtl 2
f 3/3/3 2/2/2 1/1/1
f 1/1/1 4/4/4 3/3/3
f 7/7/7 6/6/6 5/5/5
f 5/5/5 8/8/8 7/7/7
f 11/11/11 10/10/10 9/9/9
f 9/9/9 12/12/12 11/11/11
f 15/15/15 14/14/14 13/13/13
f 13/13/13 16/16/16 15/15/15
f 19/19/19 18/18/18 17/17/17
f 17/17/17 20/20/20 19/19/19
f 23/23/23 22/22/22 21/21/21
f 21/21/21 24/24/24 23/23/23
f 27/27/27 26/26/26 25/25/25
f 25/25/25 28/28/28 27/27/27
f 31/31/31 30/30/30 29/29/29
f 29/29/29 32/32/32 31/31/31
f 35/35/35 34/34/34 33/33/33
f 33/33/33 36/36/36 35/35/35
f 37/37/37 38/38/38 39/39/39
f 39/39/39 40/40/40 37/37/37
f 41/41/41 42/42/42 43/43/43
f 43/43/43 44/44/44 41/41/41
f 45/45/45 46/46/46 47/47/47
f 47/47/47 48/48/48 45/45/45
f 49/49/49 50/50/50 51/51/51
f 51/51/51 52/52/52 49/49/49
f 53/53/53 54/54/54 55/55/55
f 55/55/55 56/56/56 53/53/53
f 59/59/59 58/58/58 57/57/57
f 57/57/57 60/60/60 59/59/59
f 63/63/63 62/62/62 61/61/61
f 61/61/61 64/64/64 63/63/63
f 61/61/61 62/62/62 59/59/59
f 59/59/59 60/60/60 61/61/61
f 57/57/57 58/58/58 63/63/63
f 63/63/63 64/64/64 57/57/57
f 67/67/67 66/66/66 65/65/65
f 65/65/65 68/68/68 67/67/67
f 71/71/71 70/70/70 69/69/69
f 69/69/69 72/72/72 71/71/71
f 69/69/69 70/70/70 67/67/67
f 67/67/67 68/68/68 69/69/69
f 65/65/65 66/66/66 71/71/71
f 71/71/71 72/72/72 65/65/65
f 75/75/75 74/74/74 73/73/73
f 73/73/73 76/76/76 75/75/75
f 76/76/76 73/73/73 77/77/77
f 77/77/77 78/78/78 76/76/76
f 78/78/78 77/77/77 79/79/79
f 79/79/79 80/80/80 78/78/78
f 80/80/80 79/79/79 81/81/81
f 81/81/81 82/82/82 80/80/80
f 82/82/82 81/81/81 83/83/83
f 83/83/83 84/84/84 82/82/82
f 84/84/84 83/83/83 85/85/85
f 85/85/85 86/86/86 84/84/84
f 86/86/86 85/85/85 87/87/87
f 87/87/87 88/88/88 86/86/86
f 88/88/88 87/87/87 89/89/89
f 89/89/89 90/90/90 88/88/88
f 90/90/90 89/89/89 91/91/91
f 91/91/91 92/92/92 90/90/90
f 92/92/92 91/91/91 93/93/93
f 93/93/93 94/94/94 92/92/92
f 94/94/94 93/93/93 95/95/95
f 95/95/95 96/96/96 94/94/94
f 96/96/96 95/95/95 97/97/97
f 97/97/97 98/98/98 96/96/96
f 98/98/98 97/97/97 99/99/99
f 99/99/99 100/100/100 98/98/98
f 100/100/100 99/99/99 101/101/101
f 101/101/101 102/102/102 100/100/100
f 102/102/102 101/101/101 103/103/103
f 103/103/103 104/104/104 102/102/102
f 104/104/104 103/103/103 105/105/105
f 105/105/105 106/106/106 104/104/104
f 106/106/106 105/105/105 107/107/107
f 107/107/107 108/108/108 106/106/106
f 108/108/108 107/107/107 109/109/109
f 109/109/109 110/110/110 108/108/108
f 110/110/110 109/109/109 111/111/111
f 111/111/111 112/112/112 110/110/110
f 112/112/112 111/111/111 113/113/113
f 113/113/113 114/114/114 112/112/112
f 114/114/114 113/113/113 115/115/115
f 115/115/115 116/116/116 114/114/114
f 116/116/116 115/115/115 117/117/117
f 117/117/117 118/118/118 116/116/116
f 118/118/118 117/117/117 119/119/119
f 119/119/119 120/120/120 118/118/118
f 120/120/120 119/119/119 121/121/121
f 121/121/121 122/122/122 120/120/120
f 122/122/122 121/121/121 123/123/123
f 123/123/123 124/124/124 122/122/122
f 124/124/124 123/123/123 125/125/125
f 125/125/125 126/126/126 124/124/124
f 126/126/126 125/125/125 127/127/127
f 127/127/127 128/128/128 126/126/126
f 128/128/128 127/127/127 129/129/129
f 129/129/129 130/130/130 128/128/128
f 130/130/130 129/129/129 131/131/131
f 131/131/131 132/132/132 130/130/130
f 132/132/132 131/131/131 133/133/133
f 133/133/133 134/134/134 132/132/132
f 134/134/134 133/133/133 135/135/135
f 135/135/135 136/136/136 134/134/134
f 136/136/136 135/135/135 137/137/137
f 137/137/137 138/138/138 136/136/136
f 138/138/138 137/137/137 139/139/139
f 139/139/139 140/140/140 138/138/138
f 140/140/140 139/139/139 141/141/141
f 141/141/141 142/142/142 140/140/140
f 142/142/142 141/141/141 143/143/143
f 143/143/143 144/144/144 142/142/142
f 144/144/144 143/143/143 145/145/145
f 145/145/145 146/146/146 144/144/144
f 146/146/146 145/145/145 147/147/147
f 147/147/147 148/148/148 146/146/146
f 148/148/148 147/147/147 149/149/149
f 149/149/149 150/150/150 148/148/148
f 150/150/150 149/149/149 151/151/151
f 151/151/151 152/152/152 150/150/150
f 152/152/152 151/151/151 153/153/153
f 153/153/153 154/154/154 152/152/152
f 154/154/154 153/153/153 155/155/155
f 155/155/155 156/156/156 154/154/154
f 156/156/156 155/155/155 157/157/157
f 157/157/157 158/158/158 156/156/156
f 158/158/158 157/157/157 159/159/159
f 159/159/159 160/160/160 158/158/158
f 160/160/160 159/159/159 161/161/161
f 161/161/161 162/162/162 160/160/160
f 162/162/162 161/161/161 163/163/163
f 163/163/163 164/164/164 162/162/162
f 164/164/164 163/163/163 165/165/165
f 165/165/165 166/166/166 164/164/164
f 166/166/166 165/165/165 167/167/167
f 167/167/167 168/168/168 166/166/166
f 168/168/168 167/167/167 74/74/74
f 74/74/74 75/75/75 168/168/168
f 169/169/169 170/170/170 171/171/171
f 171/171/171 172/172/172 169/169/169
f 173/173/173 169/169/169 172/172/172
f 172/172/172 174/174/174 173/173/173
f 175/175/175 173/173/173 174/174/174
f 174/174/174 176/176/176 175/175/175
f 177/177/177 175/175/175 176/176/176
f 176/176/176 178/178/178 177/177/177
f 179/179/179 177/177/177 178/178/178
f 178/178/178 180/180/180 179/179/179
f 181/181/181 179/179/179 180/180/180
f 180/180/180 182/182/182 181/181/181
f 183/183/183 181/181/181 182/182/182
f 182/182/182 184/184/184 183/183/183
f 185/185/185 183/183/183 184/184/184
f 184/184/184 186/186/186 185/185/185
f 187/187/187 185/185/185 186/186/186
f 186/186/186 188/188/188 187/187/187
f 189/189/189 187/187/187 188/188/188
f 188/188/188 190/190/190 189/189/189
f 191/191/191 189/189/189 190/190/190
f 190/190/190 192/192/192 191/191/191
f 193/193/193 191/191/191 192/192/192
f 192/192/192 194/194/194 193/193/193
f 195/195/195 193/193/193 194/194/194
f 194/194/194 196/196/196 195/195/195
f 197/197/197 195/195/195 196/196/196
f 196/196/196 198/198/198 197/197/197
f 199/199/199 197/197/197 198/198/198
f 198/198/198 200/200/200 199/199/199
f 201/201/201 199/199/199 200/200/200
f 200/200/200 202/202/202 201/201/201
f 203/203/203 201/201/201 202/202/202
f 202/202/202 204/204/204 203/203/203
f 205/205/205 203/203/203 204/204/204
f 204/204/204 206/206/206 205/205/205
f 207/207/207 205/205/205 206/206/206
f 206/206/206 208/208/208 207/207/207
f 209/209/209 207/207/207 208/208/208
f 208/208/208 210/210/210 209/209/209
f 211/211/211 209/209/209 210/210/210
f 210/210/210 212/212/212 211/211/211
f 213/213/213 211/211/211 212/212/212
f 212/212/212 214/214/214 213/213/213
f 215/215/215 213/213/213 214/214/214
f 214/214/214 216/216/216 215/215/215
f 217/217/217 215/215/215 216/216/216
f 216/216/216 218/218/218 217/217/217
f 219/219/219 217/217/217 218/218/218
f 218/218/218 220/220/220 219/219/219
f 221/221/221 219/219/219 220/220/220
f 220/220/220 222/222/222 221/221/221
f 223/223/223 221/221/221 222/222/222
f 222/222/222 224/224/224 223/223/223
f 225/225/225 223/223/223 224/224/224
f 224/224/224 226/226/226 225/225/225
f 227/227/227 225/225/225 226/226/226
f 226/226/226 228/228/228 227/227/227
f 229/229/229 227/227/227 228/228/228
f 228/228/228 230/230/230 229/229/229
f 231/231/231 229/229/229 230/230/230
f 230/230/230 232/232/232 231/231/231
f 233/233/233 231/231/231 232/232/232
f 232/232/232 234/234/234 233/233/233
f 235/235/235 233/233/233 234/234/234
f 234/234/234 236/236/236 235/235/235
f 237/237/237 235/235/235 236/236/236
f 236/236/236 238/238/238 237/237/237
f 239/239/239 237/237/237 238/238/238
f 238/238/238 240/240/240 239/239/239
f 241/241/241 239/239/239 240/240/240
f 240/240/240 242/242/242 241/241/241
f 243/243/243 241/241/241 242/242/242
f 242/242/242 244/244/244 243/243/243
f 245/245/245 243/243/243 244/244/244
f 244/244/244 246/246/246 245/245/245
f 247/247/247 245/245/245 246/246/246
f 246/246/246 248/248/248 247/247/247
f 249/249/249 247/247/247 248/248/248
f 248/248/248 250/250/250 249/249/249
f 251/251/251 249/249/249 250/250/250
f 250/250/250 252/252/252 251/251/251
f 253/253/253 251/251/251 252/252/252
f 252/252/252 254/254/254 253/253/253
f 255/255/255 253/253/253 254/254/254
f 254/254/254 256/256/256 255/255/255
f 257/257/257 255/255/255 256/256/256
f 256/256/256 258/258/258 257/257/257
f 259/259/259 257/257/257 258/258/258
f 258/258/258 260/260/260 259/259/259
f 261/261/261 259/259/259 260/260/260
f 260/260/260 262/262/262 261/261/261
f 263/263/263 261/261/261 262/262/262
f 262/262/262 264/264/264 263/263/263
f 170/170/170 263/263/263 264/264/264
f 264/264/264 171/171/171 170/170/170
f 265/265/265 266/266/266 267/267/267
f 267/267/267 268/268/268 265/265/265
f 266/266/266 269/269/269 270/270/270
f 270/270/270 267/267/267 266/266/266
f 269/269/269 271/271/271 272/272/272
f 272/272/272 270/270/270 269/269/269
f 271/271/271 273/273/273 274/274/274
f 274/274/274 272/272/272 271/271/271
f 273/273/273 275/275/275 276/276/276
f 276/276/276 274/274/274 273/273/273
f 275/275/275 277/277/277 278/278/278
f 278/278/278 276/276/276 275/275/275
f 277/277/277 279/279/279 280/280/280
f 280/280/280 278/278/278 277/277/277
f 279/279/279 281/281/281 282/282/282
f 282/282/282 280/280/280 279/279/279
f 281/281/281 283/283/283 284/284/284
f 284/284/284 282/282/282 281/281/281
f 283/283/283 285/285/285 286/286/286
f 286/286/286 284/284/284 283/283/283
f 285/285/285 287/287/287 288/288/288
f 288/288/288 286/286/286 285/285/285
f 287/287/287 289/289/289 290/290/290
f 290/290/290 288/288/288 287/287/287
f 289/289/289 291/291/291 292/292/292
f 292/292/292 290/290/290 289/289/289
f 291/291/291 293/293/293 294/294/294
f 294/294/294 292/292/292 291/291/291
f 293/293/293 295/295/295 296/296/296
f 296/296/296 294/294/294 293/293/293
f 295/295/295 297/297/297 298/298/298
f 298/298/298 296/296/296 295/295/295
f 297/297/297 299/299/299 300/300/300
f 300/300/300 298/298/298 297/297/297
f 299/299/299 301/301/301 302/302/302
f 302/302/302 300/300/300 299/299/299
f 301/301/301 303/303/303 304/304/304
f 304/304/304 302/302/302 301/301/301
f 303/303/303 305/305/305 306/306/306
f 306/306/306 304/304/304 303/303/303
f 305/305/305 307/307/307 308/308/308
f 308/308/308 306/306/306 305/305/305
f 307/307/307 309/309/309 310/310/310
f 310/310/310 308/308/308 307/307/307
f 309/309/309 311/311/311 312/312/312
f 312/312/312 310/310/310 309/309/309
f 311/311/311 313/313/313 314/314/314
f 314/314/314 312/312/312 311/311/311
f 313/313/313 315/315/315 316/316/316
f 316/316/316 314/314/314 313/313/313
f 315/315/315 317/317/317 318/318/318
f 318/318/318 316/316/316 315/315/315
f 317/317/317 319/319/319 320/320/320
f 320/320/320 318/318/318 317/317/317
f 319/319/319 321/321/321 322/322/322
f 322/322/322 320/320/320 319/319/319
f 321/321/321 323/323/323 324/324/324
f 324/324/324 322/322/322 321/321/321
f 323/323/323 325/325/325 326/326/326
f 326/326/326 324/324/324 323/323/323
f 325/325/325 327/327/327 328/328/328
f 328/328/328 326/326/326 325/325/325
f 327/327/327 329/329/329 330/330/330
f 330/330/330 328/328/328 327/327/327
f 329/329/329 331/331/331 332/332/332
f 332/332/332 330/330/330 329/329/329
f 331/331/331 333/333/333 334/334/334
f 334/334/334 332/332/332 331/331/331
f 333/333/333 335/335/335 336/336/336
f 336/336/336 334/334/334 333/333/333
f 335/335/335 337/337/337 338/338/338
f 338/338/338 336/336/336 335/335/335
f 337/337/337 339/339/339 340/340/340
f 340/340/340 338/338/338 337/337/337
f 339/339/339 341/341/341 342/342/342
f 342/342/342 340/340/340 339/339/339
f 341/341/341 343/343/343 344/344/344
f 344/344/344 342/342/342 341/341/341
f 343/343/343 345/345/345 346/346/346
f 346/346/346 344/344/344 343/343/343
f 345/345/345 347/347/347 348/348/348
f 348/348/348 346/346/346 345/345/345
f 347/347/347 349/349/349 350/350/350
f 350/350/350 348/348/348 347/347/347
f 349/349/349 351/351/351 352/352/352
f 352/352/352 350/350/350 349/349/349
f 351/351/351 353/353/353 354/354/354
f 354/354/354 352/352/352 351/351/351
f 353/353/353 355/355/355 356/356/356
f 356/356/356 354/354/354 353/353/353
f 355/355/355 357/357/357 358/358/358
f 358/358/358 356/356/356 355/355/355
f 357/357/357 359/359/359 360/360/360
f 360/360/360 358/358/358 357/357/357
f 359/359/359 265/265/265 268/268/268
f 268/268/268 360/360/360 359/359/359
f 363/363/363 362/362/362 361/361/361
f 361/361/361 364/364/364 363/363/363
f 364/364/364 361/361/361 365/365/365
f 365/365/365 366/366/366 364/364/364
f 366/366/366 365/365/365 367/367/367
f 367/367/367 368/368/368 366/366/366
f 368/368/368 367/367/367 369/369/369
f 369/369/369 370/370/370 368/368/368
f 370/370/370 369/369/369 371/371/371
f 371/371/371 372/372/372 370/370/370
f 372/372/372 371/371/371 373/373/373
f 373/373/373 374/374/374 372/372/372
f 374/374/374 373/373/373 375/375/375
f 375/375/375 376/376/376 374/374/374
f 376/376/376 375/375/375 377/377/377
f 377/377/377 378/378/378 376/376/376
f 378/378/378 377/377/377 379/379/379
f 379/379/379 380/380/380 378/378/378
f 380/380/380 379/379/379 381/381/381
f 381/381/381 382/382/382 380/380/380
f 382/382/382 381/381/381 383/383/383
f 383/383/383 384/384/384 382/382/382
f 384/384/384 383/383/383 385/385/385
f 385/385/385 386/386/386 384/384/384
f 386/386/386 385/385/385 387/387/387
f 387/387/387 388/388/388 386/386/386
f 388/388/388 387/387/387 389/389/389
f 389/389/389 390/390/390 388/388/388
f 390/390/390 389/389/389 391/391/391
f 391/391/391 392/392/392 390/390/390
f 392/392/392 391/391/391 393/393/393
f 393/393/393 394/394/394 392/392/392
f 394/394/394 393/393/393 395/395/395
f 395/395/395 396/396/396 394/394/394
f 396/396/396 395/395/395 397/397/397
f 397/397/397 398/398/398 396/396/396
f 398/398/398 397/397/397 399/399/399
f 399/399/399 400/400/400 398/398/398
f 400/400/400 399/399/399 401/401/401
f 401/401/401 402/402/402 400/400/400
f 402/402/402 401/401/401 403/403/403
f 403/403/403 404/404/404 402/402/402
f 404/404/404 403/403/403 405/405/405
f 405/405/405 406/406/406 404/404/404
f 406/406/406 405/405/405 407/407/407
f 407/407/407 408/408/408 406/406/406
f 408/408/408 407/407/407 409/409/409
f 409/409/409 410/410/410 408/408/408
f 410/410/410 409/409/409 411/411/411
f 411/411/411 412/412/412 410/410/410
f 412/412/412 411/411/411 413/413/413
f 413/413/413 414/414/414 412/412/412
f 414/414/414 413/413/413 415/415/415
f 415/415/415 416/416/416 414/414/414
f 416/416/416 415/415/415 417/417/417
f 417/417/417 418/418/418 416/416/416
f 418/418/418 417/417/417 419/419/419
f 419/419/419 420/420/420 418/418/418
f 420/420/420 419/419/419 421/421/421
f 421/421/421 422/422/422 420/420/420
f 422/422/422 421/421/421 423/423/423
f 423/423/423 424/424/424 422/422/422
f 424/424/424 423/423/423 425/425/425
f 425/425/425 426/426/426 424/424/424
f 426/426/426 425/425/425 427/427/427
f 427/427/427 428/428/428 426/426/426
f 428/428/428 427/427/427 429/429/429
f 429/429/429 430/430/430 428/428/428
f 430/430/430 429/429/429 431/431/431
f 431/431/431 432/432/432 430/430/430
f 432/432/432 431/431/431 433/433/433
f 433/433/433 434/434/434 432/432/432
f 434/434/434 433/433/433 435/435/435
f 435/435/435 436/436/436 434/434/434
f 436/436/436 435/435/435 437/437/437
f 437/437/437 438/438/438 436/436/436
f 438/438/438 437/437/437 439/439/439
f 439/439/439 440/440/440 438/438/438
f 440/440/440 439/439/439 441/441/441
f 441/441/441 442/442/442 440/440/440
f 442/442/442 441/441/441 443/443/443
f 443/443/443 444/444/444 442/442/442
f 444/444/444 443/443/443 445/445/445
f 445/445/445 446/446/446 444/444/444
f 446/446/446 445/445/445 447/447/447
f 447/447/447 448/448/448 446/446/446
f 448/448/448 447/447/447 449/449/449
f 449/449/449 450/450/450 448/448/448
f 450/450/450 449/449/449 451/451/451
f 451/451/451 452/452/452 450/450/450
f 452/452/452 451/451/451 453/453/453
f 453/453/453 454/454/454 452/452/452
f 454/454/454 453/453/453 455/455/455
f 455/455/455 456/456/456 454/454/454
f 456/456/456 455/455/455 362/362/362
f 362/362/362 363/363/363 456/456/456
f 457/457/457 458/458/458 459/459/459
f 459/459/459 460/460/460 457/457/457
f 461/461/461 457/457/457 460/460/460
f 460/460/460 462/462/462 461/461/461
f 463/463/463 461/461/461 462/462/462
f 462/462/462 464/464/464 463/463/463
f 465/465/465 463/463/463 464/464/464
f 464/464/464 466/466/466 465/465/465
f 467/467/467 465/465/465 466/466/466
f 466/466/466 468/468/468 467/467/467
f 469/469/469 467/467/467 468/468/468
f 468/468/468 470/470/470 469/469/469
f 471/471/471 469/469/469 470/470/470
f 470/470/470 472/472/472 471/471/471
f 473/473/473 471/471/471 472/472/472
f 472/472/472 474/474/474 473/473/473
f 475/475/475 473/473/473 474/474/474
f 474/474/474 476/476/476 475/475/475
f 477/477/477 475/475/475 476/476/476
f 476/476/476 478/478/478 477/477/477
f 479/479/479 477/477/477 478/478/478
f 478/478/478 480/480/480 479/479/479
f 481/481/481 479/479/479 480/480/480
f 480/480/480 482/482/482 481/481/481
f 483/483/483 481/481/481 482/482/482
f 482/482/482 484/484/484 483/483/483
f 485/485/485 483/483/483 484/484/484
f 484/484/484 486/486/486 485/485/485
f 487/487/487 485/485/485 486/486/486
f 486/486/486 488/488/488 487/487/487
f 489/489/489 487/487/487 488/488/488
f 488/488/488 490/490/490 489/489/489
f 491/491/491 489/489/489 490/490/490
f 490/490/490 492/492/492 491/491/491
f 493/493/493 491/491/491 492/492/492
f 492/492/492 494/494/494 493/493/493
f 495/495/495 493/493/493 494/494/494
f 494/494/494 496/496/496 495/495/495
f 497/497/497 495/495/495 496/496/496
f 496/496/496 498/498/498 497/497/497
f 499/499/499 497/497/497 498/498/498
f 498/498/498 500/500/500 499/499/499
f 501/501/501 499/499/499 500/500/500
f 500/500/500 502/502/502 501/501/501
f 503/503/503 501/501/501 502/502/502
f 502/502/502 504/504/504 503/503/503
f 505/505/505 503/503/503 504/504/504
f 504/504/504 506/506/506 505/505/505
f 507/507/507 505/505/505 506/506/506
f 506/506/506 508/508/508 507/507/507
f 509/509/509 507/507/507 508/508/508
f 508/508/508 510/510/510 509/509/509
f 511/511/511 509/509/509 510/510/510
f 510/510/510 512/512/512 511/511/511
f 513/513/513 511/511/511 512/512/512
f 512/512/512 514/514/514 513/513/513
f 515/515/515 513/513/513 514/514/514
f 514/514/514 516/516/516 515/515/515
f 517/517/517 515/515/515 516/516/516
f 516/516/516 518/518/518 517/517/517
f 519/519/519 517/517/517 518/518/518
f 518/518/518 520/520/520 519/519/519
f 521/521/521 519/519/519 520/520/520
f 520/520/520 522/522/522 521/521/521
f 523/523/523 521/521/521 522/522/522
f 522/522/522 524/524/524 523/523/523
f 525/525/525 523/523/523 524/524/524
f 524/524/524 526/526/526 525/525/525
f 527/527/527 525/525/525 526/526/526
f 526/526/526 528/528/528 527/527/527
f 529/529/529 527/527/527 528/528/528
f 528/528/528 530/530/530 529/529/529
f 531/531/531 529/529/529 530/530/530
f 530/530/530 532/532/532 531/531/531
f 533/533/533 531/531/531 532/532/532
f 532/532/532 534/534/534 533/533/533
f 535/535/535 533/533/533 534/534/534
f 534/534/534 536/536/536 535/535/535
f 537/537/537 535/535/535 536/536/536
f 536/536/536 538/538/538 537/537/537
f 539/539/539 537/537/537 538/538/538
f 538/538/538 540/540/540 539/539/539
f 541/541/541 539/539/539 540/540/540
f 540/540/540 542/542/542 541/541/541
f 543/543/543 541/541/541 542/542/542
f 542/542/542 544/544/544 543/543/543
f 545/545/545 543/543/543 544/544/544
f 544/544/544 546/546/546 545/545/545
f 547/547/547 545/545/545 546/546/546
f 546/546/546 548/548/548 547/547/547
f 549/549/549 547/547/547 548/548/548
f 548/548/548 550/550/550 549/549/549
f 551/551/551 549/549/549 550/550/550
f 550/550/550 552/552/552 551/551/551
f 458/458/458 551/551/551 552/552/552
f 552/552/552 459/459/459 458/458/458
f 553/553/553 554/554/554 555/555/555
f 555/555/555 556/556/556 553/553/553
f 554/554/554 557/557/557 558/558/558
f 558/558/558 555/555/555 554/554/554
f 557/557/557 559/559/559 560/560/560
f 560/560/560 558/558/558 557/557/557
f 559/559/559 561/561/561 562/562/562
f 562/562/562 560/560/560 559/559/559
f 561/561/561 563/563/563 564/564/564
f 564/564/564 562/562/562 561/561/561
f 563/563/563 565/565/565 566/566/566
f 566/566/566 564/564/564 563/563/563
f 565/565/565 567/567/567 568/568/568
f 568/568/568 566/566/566 565/565/565
f 567/567/567 569/569/569 570/570/570
f 570/570/570 568/568/568 567/567/567
f 569/569/569 571/571/571 572/572/572
f 572/572/572 570/570/570 569/569/569
f 571/571/571 573/573/573 574/574/574
f 574/574/574 572/572/572 571/571/571
f 573/573/573 575/575/575 576/576/576
f 576/576/576 574/574/574 573/573/573
f 575/575/575 577/577/577 578/578/578
f 578/578/578 576/576/576 575/575/575
f 577/577/577 579/579/579 580/580/580
f 580/580/580 578/578/578 577/577/577
f 579/579/579 581/581/581 582/582/582
f 582/582/582 580/580/580 579/579/579
f 581/581/581 583/583/583 584/584/584
f 584/584/584 582/582/582 581/581/581
f 583/583/583 585/585/585 586/586/586
f 586/586/586 584/584/584 583/583/583
f 585/585/585 587/587/587 588/588/588
f 588/588/588 586/586/586 585/585/585
f 587/587/587 589/589/589 590/590/590
f 590/590/590 588/588/588 587/587/587
f 589/589/589 591/591/591 592/592/592
f 592/592/592 590/590/590 589/589/589
f 591/591/591 593/593/593 594/594/594
f 594/594/594 592/592/592 591/591/591
f 593/593/593 595/595/595 596/596/596
f 596/596/596 594/594/594 593/593/593
f 595/595/595 597/597/597 598/598/598
f 598/598/598 596/596/596 595/595/595
f 597/597/597 599/599/599 600/600/600
f 600/600/600 598/598/598 597/597/597
f 599/599/599 601/601/601 602/602/602
f 602/602/602 600/600/600 599/599/599
f 601/601/601 603/603/603 604/604/604
f 604/604/604 602/602/602 601/601/601
f 603/603/603 605/605/605 606/606/606
f 606/606/606 604/604/604 603/603/603
f 605/605/605 607/607/607 608/608/608
f 608/608/608 606/606/606 605/605/605
f 607/607/607 609/609/609 610/610/610
f 610/610/610 608/608/608 607/607/607
f 609/609/609 611/611/611 612/612/612
f 612/612/612 610/610/610 609/609/609
f 611/611/611 613/613/613 614/614/614
f 614/614/614 612/612/612 611/611/611
f 613/613/613 615/615/615 616/616/616
f 616/616/616 614/614/614 613/613/613
f 615/615/615 617/617/617 618/618/618
f 618/618/618 616/616/616 615/615/615
f 617/617/617 619/619/619 620/620/620
f 620/620/620 618/618/618 617/617/617
f 619/619/619 621/621/621 622/622/622
f 622/622/622 620/620/620 619/619/619
f 621/621/621 623/623/623 624/624/624
f 624/624/624 622/622/622 621/621/621
f 623/623/623 625/625/625 626/626/626
f 626/626/626 624/624/624 623/623/623
f 625/625/625 627/627/627 628/628/628
f 628/628/628 626/626/626 625/625/625
f 627/627/627 629/629/629 630/630/630
f 630/630/630 628/628/628 627/627/627
f 629/629/629 631/631/631 632/632/632
f 632/632/632 630/630/630 629/629/629
f 631/631/631 633/633/633 634/634/634
f 634/634/634 632/632/632 631/631/631
f 633/633/633 635/635/635 636/636/636
f 636/636/636 634/634/634 633/633/633
f 635/635/635 637/637/637 638/638/638
f 638/638/638 636/636/636 635/635/635
f 637/637/637 639/639/639 640/640/640
f 640/640/640 638/638/638 637/637/637
f 639/639/639 641/641/641 642/642/642
f 642/642/642 640/640/640 639/639/639
f 641/641/641 643/643/643 644/644/644
f 644/644/644 642/642/642 641/641/641
f 643/643/643 645/645/645 646/646/646
f 646/646/646 644/644/644 643/643/643
f 645/645/645 647/647/647 648/648/648
f 648/648/648 646/646/646 645/645/645
f 647/647/647 553/553/553 556/556/556
f 556/556/556 648/648/648 647/647/647
f 651/651/651 650/650/650 649/649/649
f 649/649/649 652/652/652 651/651/651
f 652/652/652 649/649/649 653/653/653
f 653/653/653 654/654/654 652/652/652
f 654/654/654 653/653/653 655/655/655
f 655/655/655 656/656/656 654/654/654
f 656/656/656 655/655/655 657/657/657
f 657/657/657 658/658/658 656/656/656
f 658/658/658 657/657/657 659/659/659
f 659/659/659 660/660/660 658/658/658
f 660/660/660 659/659/659 661/661/661
f 661/661/661 662/662/662 660/660/660
f 662/662/662 661/661/661 663/663/663
f 663/663/663 664/664/664 662/662/662
f 664/664/664 663/663/663 665/665/665
f 665/665/665 666/666/666 664/664/664
f 666/666/666 665/665/665 667/667/667
f 667/667/667 668/668/668 666/666/666
f 668/668/668 667/667/667 669/669/669
f 669/669/669 670/670/670 668/668/668
f 670/670/670 669/669/669 671/671/671
f 671/671/671 672/672/672 670/670/670
f 672/672/672 671/671/671 673/673/673
f 673/673/673 674/674/674 672/672/672
f 674/674/674 673/673/673 675/675/675
f 675/675/675 676/676/676 674/674/674
f 676/676/676 675/675/675 677/677/677
f 677/677/677 678/678/678 676/676/676
f 678/678/678 677/677/677 679/679/679
f 679/679/679 680/680/680 678/678/678
f 680/680/680 679/679/679 681/681/681
f 681/681/681 682/682/682 680/680/680
f 682/682/682 681/681/681 683/683/683
f 683/683/683 684/684/684 682/682/682
f 684/684/684 683/683/683 685/685/685
f 685/685/685 686/686/686 684/684/684
f 686/686/686 685/685/685 687/687/687
f 687/687/687 688/688/688 686/686/686
f 688/688/688 687/687/687 689/689/689
f 689/689/689 690/690/690 688/688/688
f 690/690/690 689/689/689 691/691/691
f 691/691/691 692/692/692 690/690/690
f 692/692/692 691/691/691 693/693/693
f 693/693/693 694/694/694 692/692/692
f 694/694/694 693/693/693 695/695/695
f 695/695/695 696/696/696 694/694/694
f 696/696/696 695/695/695 697/697/697
f 697/697/697 698/698/698 696/696/696
f 698/698/698 697/697/697 699/699/699
f 699/699/699 700/700/700 698/698/698
f 700/700/700 699/699/699 701/701/701
f 701/701/701 702/702/702 700/700/700
f 702/702/702 701/701/701 703/703/703
f 703/703/703 704/704/704 702/702/702
f 704/704/704 703/703/703 705/705/705
f 705/705/705 706/706/706 704/704/704
f 706/706/706 705/705/705 707/707/707
f 707/707/707 708/708/708 706/706/706
f 708/708/708 707/707/707 709/709/709
f 709/709/709 710/710/710 708/708/708
f 710/710/710 709/709/709 711/711/711
f 711/711/711 712/712/712 710/710/710
f 712/712/712 711/711/711 713/713/713
f 713/713/713 714/714/714 712/712/712
f 714/714/714 713/713/713 715/715/715
f 715/715/715 716/716/716 714/714/714
f 716/716/716 715/715/715 717/717/717
f 717/717/717 718/718/718 716/716/716
f 718/718/718 717/717/717 719/719/719
f 719/719/719 720/720/720 718/718/718
f 720/720/720 719/719/719 721/721/721
f 721/721/721 722/722/722 720/720/720
f 722/722/722 721/721/721 723/723/723
f 723/723/723 724/724/724 722/722/722
f 724/724/724 723/723/723 725/725/725
f 725/725/725 726/726/726 724/724/724
f 726/726/726 725/725/725 727/727/727
f 727/727/727 728/728/728 726/726/726
f 728/728/728 727/727/727 729/729/729
f 729/729/729 730/730/730 728/728/728
f 730/730/730 729/729/729 731/731/731
f 731/731/731 732/732/732 730/730/730
f 732/732/732 731/731/731 733/733/733
f 733/733/733 734/734/734 732/732/732
f 734/734/734 733/733/733 735/735/735
f 735/735/735 736/736/736 734/734/734
f 736/736/736 735/735/735 737/737/737
f 737/737/737 738/738/738 736/736/736
f 738/738/738 737/737/737 739/739/739
f 739/739/739 740/740/740 738/738/738
f 740/740/740 739/739/739 741/741/741
f 741/741/741 742/742/742 740/740/740
f 742/742/742 741/741/741 743/743/743
f 743/743/743 744/744/744 742/742/742
f 744/744/744 743/743/743 650/650/650
f 650/650/650 651/651/651 744/744/744
f 745/745/745 746/746/746 747/747/747
f 747/747/747 748/748/748 745/745/745
f 749/749/749 745/745/745 748/748/748
f 748/748/748 750/750/750 749/749/749
f 751/751/751 749/749/749 750/750/750
f 750/750/750 752/752/752 751/751/751
f 753/753/753 751/751/751 752/752/752
f 752/752/752 754/754/754 753/753/753
f 755/755/755 753/753/753 754/754/754
f 754/754/754 756/756/756 755/755/755
f 757/757/757 755/755/755 756/756/756
f 756/756/756 758/758/758 757/757/757
f 759/759/759 757/757/757 758/758/758
f 758/758/758 760/760/760 759/759/759
f 761/761/761 759/759/759 760/760/760
f 760/760/760 762/762/762 761/761/761
f 763/763/763 761/761/761 762/762/762
f 762/762/762 764/764/764 763/763/763
f 765/765/765 763/763/763 764/764/764
f 764/764/764 766/766/766 765/765/765
f 767/767/767 765/765/765 766/766/766
f 766/766/766 768/768/768 767/767/767
f 769/769/769 767/767/767 768/768/768
f 768/768/768 770/770/770 769/769/769
f 771/771/771 769/769/769 770/770/770
f 770/770/770 772/772/772 771/771/771
f 773/773/773 771/771/771 772/772/772
f 772/772/772 774/774/774 773/773/773
f 775/775/775 773/773/773 774/774/774
f 774/774/774 776/776/776 775/775/775
f 777/777/777 775/775/775 776/776/776
f 776/776/776 778/778/778 777/777/777
f 779/779/779 777/777/777 778/778/778
f 778/778/778 780/780/780 779/779/779
f 781/781/781 779/779/779 780/780/780
f 780/780/780 782/782/782 781/781/781
f 783/783/783 781/781/781 782/782/782
f 782/782/782 784/784/784 783/783/783
f 785/785/785 783/783/783 784/784/784
f 784/784/784 786/786/786 785/785/785
f 787/787/787 785/785/785 786/786/786
f 786/786/786 788/788/788 787/787/787
f 789/789/789 787/787/787 788/788/788
f 788/788/788 790/790/790 789/789/789
f 791/791/791 789/789/789 790/790/790
f 790/790/790 792/792/792 791/791/791
f 793/793/793 791/791/791 792/792/792
f 792/792/792 794/794/794 793/793/793
f 795/795/795 793/793/793 794/794/794
f 794/794/794 796/796/796 795/795/795
f 797/797/797 795/795/795 796/796/796
f 796/796/796 798/798/798 797/797/797
f 799/799/799 797/797/797 798/798/798
f 798/798/798 800/800/800 799/799/799
f 801/801/801 799/799/799 800/800/800
f 800/800/800 802/802/802 801/801/801
f 803/803/803 801/801/801 802/802/802
f 802/802/802 804/804/804 803/803/803
f 805/805/805 803/803/803 804/804/804
f 804/804/804 806/806/806 805/805/805
f 807/807/807 805/805/805 806/806/806
f 806/806/806 808/808/808 807/807/807
f 809/809/809 807/807/807 808/808/808
f 808/808/808 810/810/810 809/809/809
f 811/811/811 809/809/809 810/810/810
f 810/810/810 812/812/812 811/811/811
f 813/813/813 811/811/811 812/812/812
f 812/812/812 814/814/814 813/813/813
f 815/815/815 813/813/813 814/814/814
f 814/814/814 816/816/816 815/815/815
f 817/817/817 815/815/815 816/816/816
f 816/816/816 818/818/818 817/817/817
f 819/819/819 817/817/817 818/818/818
f 818/818/818 820/820/820 819/819/819
f 821/821/821 819/819/819 820/820/820
f 820/820/820 822/822/822 821/821/821
f 823/823/823 821/821/821 822/822/822
f 822/822/822 824/824/824 823/823/823
f 825/825/825 823/823/823 824/824/824
f 824/824/824 826/826/826 825/825/825
f 827/827/827 825/825/825 826/826/826
f 826/826/826 828/828/828 827/827/827
f 829/829/829 827/827/827 828/828/828
f 828/828/828 830/830/830 829/829/829
f 831/831/831 829/829/829 830/830/830
f 830/830/830 832/832/832 831/831/831
f 833/833/833 831/831/831 832/832/832
f 832/832/832 834/834/834 833/833/833
f 835/835/835 833/833/833 834/834/834
f 834/834/834 836/836/836 835/835/835
f 837/837/837 835/835/835 836/836/836
f 836/836/836 838/838/838 837/837/837
f 839/839/839 837/837/837 838/838/838
f 838/838/838 840/840/840 839/839/839
f 746/746/746 839/839/839 840/840/840
f 840/840/840 747/747/747 746/746/746
f 841/841/841 842/842/842 843/843/843
f 843/843/843 844/844/844 841/841/841
f 842/842/842 845/845/845 846/846/846
f 846/846/846 843/843/843 842/842/842
f 845/845/845 847/847/847 848/848/848
f 848/848/848 846/846/846 845/845/845
f 847/847/847 849/849/849 850/850/850
f 850/850/850 848/848/848 847/847/847
f 849/849/849 851/851/851 852/852/852
f 852/852/852 850/850/850 849/849/849
f 851/851/851 853/853/853 854/854/854
f 854/854/854 852/852/852 851/851/851
f 853/853/853 855/855/855 856/856/856
f 856/856/856 854/854/854 853/853/853
f 855/855/855 857/857/857 858/858/858
f 858/858/858 856/856/856 855/855/855
f 857/857/857 859/859/859 860/860/860
f 860/860/860 858/858/858 857/857/857
f 859/859/859 861/861/861 862/862/862
f 862/862/862 860/860/860 859/859/859
f 861/861/861 863/863/863 864/864/864
f 864/864/864 862/862/862 861/861/861
f 863/863/863 865/865/865 866/866/866
f 866/866/866 864/864/864 863/863/863
f 865/865/865 867/867/867 868/868/868
f 868/868/868 866/866/866 865/865/865
f 867/867/867 869/869/869 870/870/870
f 870/870/870 868/868/868 867/867/867
f 869/869/869 871/871/871 872/872/872
f 872/872/872 870/870/870 869/869/869
f 871/871/871 873/873/873 874/874/874
f 874/874/874 872/872/872 871/871/871
f 873/873/873 875/875/875 876/876/876
f 876/876/876 874/874/874 873/873/873
f 875/875/875 877/877/877 878/878/878
f 878/878/878 876/876/876 875/875/875
f 877/877/877 879/879/879 880/880/880
f 880/880/880 878/878/878 877/877/877
f 879/879/879 881/881/881 882/882/882
f 882/882/882 880/880/880 879/879/879
f 881/881/881 883/883/883 884/884/884
f 884/884/884 882/882/882 881/881/881
f 883/883/883 885/885/885 886/886/886
f 886/886/886 884/884/884 883/883/883
f 885/885/885 887/887/887 888/888/888
f 888/888/888 886/886/886 885/885/885
f 887/887/887 889/889/889 890/890/890
f 890/890/890 888/888/888 887/887/887
f 889/889/889 891/891/891 892/892/892
f 892/892/892 890/890/890 889/889/889
f 891/891/891 893/893/893 894/894/894
f 894/894/894 892/892/892 891/891/891
f 893/893/893 895/895/895 896/896/896
f 896/896/896 894/894/894 893/893/893
f 895/895/895 897/897/897 898/898/898
f 898/898/898 896/896/896 895/895/895
f 897/897/897 899/899/899 900/900/900
f 900/900/900 898/898/898 897/897/897
f 899/899/899 901/901/901 902/902/902
f 902/902/902 900/900/900 899/899/899
f 901/901/901 903/903/903 904/904/904
f 904/904/904 902/902/902 901/901/901
f 903/903/903 905/905/905 906/906/906
f 906/906/906 904/904/904 903/903/903
f 905/905/905 907/907/907 908/908/908
f 908/908/908 906/906/906 905/905/905
f 907/907/907 909/909/909 910/910/910
f 910/910/910 908/908/908 907/907/907
f 909/909/909 911/911/911 912/912/912
f 912/912/912 910/910/910 909/909/909
f 911/911/911 913/913/913 914/914/914
f 914/914/914 912/912/912 911/911/911
f 913/913/913 915/915/915 916/916/916
f 916/916/916 914/914/914 913/913/913
f 915/915/915 917/917/917 918/918/918
f 918/918/918 916/916/916 915/915/915
f 917/917/917 919/919/919 920/920/920
f 920/920/920 918/918/918 917/917/917
f 919/919/919 921/921/921 922/922/922
f 922/922/922 920/920/920 919/919/919
f 921/921/921 923/923/923 924/924/924
f 924/924/924 922/922/922 921/921/921
f 923/923/923 925/925/925 926/926/926
f 926/926/926 924/924/924 923/923/923
f 925/925/925 927/927/927 928/928/928
f 928/928/928 926/926/926 925/925/925
f 927/927/927 929/929/929 930/930/930
f 930/930/930 928/928/928 927/927/927
f 929/929/929 931/931/931 932/932/932
f 932/932/932 930/930/930 929/929/929
f 931/931/931 933/933/933 934/934/934
f 934/934/934 932/932/932 931/931/931
f 933/933/933 935/935/935 936/936/936
f 936/936/936 934/934/934 933/933/933
f 935/935/935 841/841/841 844/844/844
f 844/844/844 936/936/936 935/935/935
