mtllib tile_round1*1_trans_yellow.mtl
v 6.000978 8.488175 6.787779
v 5.949512 7.823803 6.373397
v 7.932356 7.602765 6.235244
v 8.000978 8.488595 6.787753
v 5.796643 7.170609 5.966002
v 7.728532 6.731841 5.69205
v 5.54477 6.539795 5.57258
v 7.392701 5.890755 5.167488
v 5.19749 5.942561 5.200116
v 6.929662 5.094442 4.670869
v 4.762002 5.38858 4.854644
v 6.34901 4.355802 4.21024
v 4.244302 4.888037 4.542514
v 5.658744 3.688411 3.794067
v 3.654591 4.44857 4.26849
v 4.872462 3.102454 3.4287
v 3.001865 4.078834 4.037968
v 4.002162 2.609473 3.121338
v 2.298125 3.783924 3.854125
v 3.063841 2.216259 2.876214
v 1.554767 3.56995 3.720769
v 2.072698 1.930961 2.698407
v 0.7849934 3.439971 3.639808
v 1.046332 1.757656 2.590459
v 0.002001996 3.396025 3.61251
v 0.002343996 1.699061 2.554062
v -0.781007 3.439643 3.639829
v -1.041668 1.757218 2.590486
v -1.550833 3.569299 3.72081
v -2.068103 1.930093 2.698461
v -2.294277 3.782961 3.854184
v -3.059361 2.214975 2.876293
v -2.998136 4.077576 4.038046
v -3.99784 2.607795 3.121442
v -3.651011 4.447038 4.268585
v -4.86834 3.100411 3.428827
v -4.2409 4.886258 4.542625
v -5.654858 3.686039 3.794214
v -4.758801 5.386584 4.854768
v -6.345393 4.35314 4.210405
v -5.194512 5.940382 5.200252
v -6.926342 5.091537 4.67105
v -5.542033 6.537471 5.572724
v -7.389702 5.887655 5.16768
v -5.79416 7.16818 5.966153
v -7.725872 6.728601 5.692252
v -5.947291 7.821309 6.373552
v -7.930048 7.59944 6.23545
v -5.999025 8.48566 6.787935
v -7.999026 8.48524 6.787961
v -5.947559 9.150032 7.202317
v -7.930405 9.37107 7.340471
v -5.794691 9.803226 7.609713
v -7.72658 10.24199 7.883664
v -5.542818 10.43404 8.003135
v -7.390749 11.08308 8.408227
v -5.195539 11.03127 8.375598
v -6.92771 11.87939 8.904845
v -4.76005 11.58525 8.72107
v -6.347058 12.61803 9.365475
v -4.242351 12.0858 9.0332
v -5.656793 13.28542 9.781648
v -3.652639 12.52527 9.307225
v -4.870511 13.87138 10.14701
v -2.999913 12.895 9.537746
v -4.00021 14.36436 10.45438
v -2.296173 13.18991 9.72159
v -3.061889 14.75758 10.6995
v -1.552815 13.40388 9.854945
v -2.070746 15.04287 10.87731
v -0.7830414 13.53386 9.935906
v -1.044381 15.21618 10.98526
v -5.000166E-05 13.57781 9.963204
v -0.0003920013 15.27477 11.02165
v 0.782959 13.53419 9.935885
v 1.04362 15.21662 10.98523
v 1.552785 13.40454 9.854904
v 2.070055 15.04374 10.87725
v 2.296229 13.19087 9.72153
v 3.061313 14.75886 10.69942
v 3.000088 12.89626 9.537668
v 3.999792 14.36604 10.45427
v 3.652963 12.5268 9.30713
v 4.870292 13.87342 10.14689
v 4.242851 12.08758 9.03309
v 5.65681 13.2878 9.781501
v 4.760752 11.58725 8.720946
v 6.347344 12.6207 9.36531
v 5.196465 11.03345 8.375463
v 6.928294 11.8823 8.904665
v 5.543984 10.43636 8.002991
v 7.391654 11.08618 8.408034
v 5.796112 9.805655 7.609561
v 7.727824 10.24523 7.883463
v 5.949244 9.152526 7.202163
v 7.931999 9.374395 7.340264
v -5.94778 9.938206 2.979624
v -5.999514 10.60256 3.394007
v 0.0004879986 10.60382 3.393929
v -5.794648 9.285077 2.572225
v -5.542521 8.654368 2.178796
v -5.195 8.05728 1.806323
v -4.759288 7.503481 1.46084
v -4.241387 7.003155 1.148697
v -3.651499 6.563935 0.8746567
v -2.998624 6.194473 0.6441179
v -2.294765 5.899858 0.4602563
v -1.551321 5.686196 0.3268819
v -0.781495 5.55654 0.2459006
v 0.001513998 5.512922 0.2185824
v 0.7845054 5.556869 0.2458802
v 1.554279 5.686847 0.3268415
v 2.297637 5.900821 0.4601965
v 3.001377 6.195731 0.6440398
v 3.654103 6.565467 0.8745616
v 4.243814 7.004934 1.148586
v 4.761514 7.505477 1.460716
v 5.197002 8.059458 1.806188
v 5.544282 8.656693 2.178652
v 5.796155 9.287507 2.572074
v 5.949023 9.940701 2.979469
v 6.000489 10.60507 3.393851
v 5.948756 11.26942 3.808234
v 5.795624 11.92255 4.215633
v 5.543497 12.55326 4.609062
v 5.195976 13.15035 4.981535
v 4.760264 13.70415 5.327018
v 4.242363 14.20447 5.639162
v 3.652475 14.64369 5.913202
v 2.9996 15.01316 6.143741
v 2.295741 15.30777 6.327602
v 1.552297 15.52143 6.460977
v 0.782471 15.65109 6.541958
v -0.0005380003 15.69471 6.569276
v -0.7835293 15.65076 6.541978
v -1.553303 15.52078 6.461017
v -2.29666 15.30681 6.327662
v -3.000401 15.0119 6.143818
v -3.653127 14.64216 5.913297
v -4.242838 14.20269 5.639272
v -4.760538 13.70215 5.327142
v -5.196026 13.14817 4.98167
v -5.543306 12.55094 4.609207
v -5.795179 11.92012 4.215784
v -5.948047 11.26693 3.808389
v -5.947291 7.821309 6.373552
v -5.999025 8.48566 6.787935
v -5.999514 10.60256 3.394007
v -5.94778 9.938206 2.979624
v -5.79416 7.16818 5.966153
v -5.794648 9.285077 2.572225
v -5.542033 6.537471 5.572724
v -5.542521 8.654368 2.178796
v -5.194512 5.940382 5.200252
v -5.195 8.05728 1.806323
v -4.758801 5.386584 4.854768
v -4.759288 7.503481 1.46084
v -4.2409 4.886258 4.542625
v -4.241387 7.003155 1.148697
v -3.651011 4.447038 4.268585
v -3.651499 6.563935 0.8746567
v -2.998136 4.077576 4.038046
v -2.998624 6.194473 0.6441179
v -2.294277 3.782961 3.854184
v -2.294765 5.899858 0.4602563
v -1.550833 3.569299 3.72081
v -1.551321 5.686196 0.3268819
v -0.781007 3.439643 3.639829
v -0.781495 5.55654 0.2459006
v 0.002001996 3.396025 3.61251
v 0.001513998 5.512922 0.2185824
v 0.7849934 3.439971 3.639808
v 0.7845054 5.556869 0.2458802
v 1.554767 3.56995 3.720769
v 1.554279 5.686847 0.3268415
v 2.298125 3.783924 3.854125
v 2.297637 5.900821 0.4601965
v 3.001865 4.078834 4.037968
v 3.001377 6.195731 0.6440398
v 3.654591 4.44857 4.26849
v 3.654103 6.565467 0.8745616
v 4.244302 4.888037 4.542514
v 4.243814 7.004934 1.148586
v 4.762002 5.38858 4.854644
v 4.761514 7.505477 1.460716
v 5.19749 5.942561 5.200116
v 5.197002 8.059458 1.806188
v 5.54477 6.539795 5.57258
v 5.544282 8.656693 2.178652
v 5.796643 7.17061 5.966002
v 5.796155 9.287507 2.572074
v 5.949512 7.823803 6.373397
v 5.949023 9.940701 2.979469
v 6.000978 8.488175 6.787779
v 6.000489 10.60507 3.393851
v 5.949244 9.152526 7.202163
v 5.948756 11.26942 3.808234
v 5.796112 9.805655 7.609561
v 5.795624 11.92255 4.215633
v 5.543984 10.43636 8.002991
v 5.543497 12.55326 4.609062
v 5.196465 11.03345 8.375463
v 5.195976 13.15035 4.981535
v 4.760752 11.58725 8.720946
v 4.760264 13.70415 5.327018
v 4.242851 12.08758 9.03309
v 4.242363 14.20447 5.639162
v 3.652963 12.5268 9.30713
v 3.652475 14.64369 5.913202
v 3.000088 12.89626 9.537668
v 2.9996 15.01316 6.143741
v 2.296229 13.19087 9.72153
v 2.295741 15.30777 6.327602
v 1.552785 13.40454 9.854904
v 1.552297 15.52143 6.460977
v 0.782959 13.53419 9.935885
v 0.782471 15.65109 6.541958
v -5.000166E-05 13.57781 9.963204
v -0.0005380003 15.69471 6.569276
v -0.7830414 13.53386 9.935906
v -0.7835293 15.65076 6.541978
v -1.552815 13.40388 9.854945
v -1.553303 15.52078 6.461017
v -2.296173 13.18991 9.72159
v -2.29666 15.30681 6.327662
v -2.999913 12.895 9.537746
v -3.000401 15.0119 6.143818
v -3.652639 12.52527 9.307225
v -3.653127 14.64216 5.913297
v -4.242351 12.0858 9.0332
v -4.242838 14.20269 5.639272
v -4.76005 11.58525 8.72107
v -4.760538 13.70215 5.327142
v -5.195539 11.03127 8.375598
v -5.196026 13.14817 4.98167
v -5.542818 10.43404 8.003135
v -5.543306 12.55094 4.609207
v -5.794691 9.803226 7.609712
v -5.795179 11.92012 4.215784
v -5.947559 9.150032 7.202317
v -5.948047 11.26693 3.808389
v -8.921425 7.488505 6.166399
v -8.999026 8.48503 6.787974
v -8.691728 6.508811 5.555301
v -8.313537 5.562747 4.965158
v -7.792256 4.667114 4.406449
v -7.138689 3.836418 3.888224
v -6.361837 3.085928 3.420008
v -5.477004 2.427098 3.008948
v -4.497692 1.872905 2.66314
v -3.441903 1.430983 2.387348
v -2.326738 1.11049 2.187286
v -1.171999 0.9160058 2.065814
v 0.002514996 0.8505794 2.024837
v 1.177002 0.9164983 2.065784
v 2.331663 1.111467 2.187226
v 3.446699 1.432427 2.387258
v 4.50231 1.874792 2.663023
v 5.481398 2.429395 3.008806
v 6.365966 3.088597 3.419843
v 7.142515 3.839412 3.888038
v 7.795747 4.670382 4.406246
v 8.316667 5.566234 4.964941
v 8.694476 6.512456 5.555074
v 8.923779 7.492246 6.166167
v 9.000978 8.488805 6.78774
v 8.923377 9.485331 7.409315
v 8.69368 10.46502 8.020413
v 8.315489 11.41109 8.610557
v 7.794209 12.30672 9.169266
v 7.140641 13.13742 9.68749
v 6.36379 13.88791 10.15571
v 5.478956 14.54674 10.56677
v 4.499644 15.10093 10.91257
v 3.443855 15.54285 11.18837
v 2.32869 15.86335 11.38843
v 1.173951 16.05783 11.5099
v -0.0005630011 16.12325 11.55088
v -1.17505 16.05734 11.50993
v -2.329711 15.86237 11.38849
v -3.444747 15.54141 11.18846
v -4.500358 15.09904 10.91269
v -5.479446 14.54444 10.56691
v -6.364014 13.88524 10.15587
v -7.140563 13.13442 9.687676
v -7.793796 12.30345 9.169469
v -8.314714 11.4076 8.610773
v -8.692524 10.46138 8.02064
v -8.921826 9.481589 7.409547
v 8.923779 7.492246 6.166167
v 9.000978 8.488805 6.78774
v 9.000856 9.018028 5.939258
v 8.923656 8.02147 5.317685
v 8.694476 6.512456 5.555074
v 8.694354 7.04168 4.706593
v 8.316667 5.566234 4.964941
v 8.316545 6.095459 4.116459
v 7.795747 4.670382 4.406246
v 7.795626 5.199607 3.557764
v 7.142514 3.839412 3.888038
v 7.142392 4.368636 3.039556
v 6.365965 3.088597 3.419843
v 6.365843 3.617821 2.571361
v 5.481398 2.429396 3.008806
v 5.481276 2.95862 2.160324
v 4.50231 1.874792 2.663023
v 4.502188 2.404016 1.814541
v 3.446699 1.432427 2.387258
v 3.446577 1.961651 1.538776
v 2.331663 1.111467 2.187226
v 2.331541 1.640691 1.338744
v 1.177002 0.9164983 2.065784
v 1.17688 1.445723 1.217302
v 0.002514996 0.8505794 2.024837
v 0.002392996 1.379804 1.176355
v -1.171999 0.9160058 2.065814
v -1.17212 1.44523 1.217332
v -2.326738 1.11049 2.187286
v -2.32686 1.639714 1.338804
v -3.441903 1.430983 2.387348
v -3.442025 1.960207 1.538866
v -4.497692 1.872905 2.66314
v -4.497814 2.402129 1.814658
v -5.477004 2.427098 3.008949
v -5.477126 2.956323 2.160466
v -6.361837 3.085929 3.420009
v -6.361959 3.615153 2.571527
v -7.138689 3.836418 3.888224
v -7.138811 4.365642 3.039742
v -7.792256 4.667114 4.406449
v -7.792378 5.196339 3.557967
v -8.313537 5.562747 4.965158
v -8.313659 6.091972 4.116676
v -8.691728 6.508811 5.555301
v -8.69185 7.038035 4.706819
v -8.921425 7.488505 6.166399
v -8.921547 8.017729 5.317917
v -8.999026 8.48503 6.787974
v -8.999148 9.014255 5.939492
v -8.921826 9.481589 7.409547
v -8.921948 10.01081 6.561066
v -8.692524 10.46138 8.02064
v -8.692646 10.9906 7.172158
v -8.314714 11.4076 8.610773
v -8.314837 11.93682 7.762291
v -7.793796 12.30345 9.169469
v -7.793918 12.83268 8.320987
v -7.140563 13.13442 9.687676
v -7.140685 13.66365 8.839194
v -6.364014 13.88524 10.15587
v -6.364135 14.41446 9.307389
v -5.479446 14.54444 10.56691
v -5.479568 15.07366 9.718427
v -4.500358 15.09904 10.91269
v -4.50048 15.62827 10.06421
v -3.444747 15.54141 11.18846
v -3.444869 16.07063 10.33997
v -2.329711 15.86237 11.38849
v -2.329833 16.39159 10.54001
v -1.17505 16.05734 11.50993
v -1.175172 16.58656 10.66145
v -0.0005630011 16.12325 11.55088
v -0.0006850008 16.65248 10.7024
v 1.173951 16.05783 11.5099
v 1.173828 16.58705 10.66142
v 2.32869 15.86335 11.38843
v 2.328568 16.39257 10.53995
v 3.443855 15.54285 11.18837
v 3.443733 16.07208 10.33988
v 4.499644 15.10093 10.91257
v 4.499522 15.63015 10.06409
v 5.478956 14.54674 10.56677
v 5.478834 15.07596 9.718284
v 6.363789 13.88791 10.15571
v 6.363667 14.41713 9.307223
v 7.14064 13.13742 9.68749
v 7.140519 13.66664 8.839009
v 7.794209 12.30672 9.169266
v 7.794086 12.83595 8.320784
v 8.315489 11.41109 8.610557
v 8.315367 11.94031 7.762075
v 8.69368 10.46502 8.020413
v 8.693558 10.99425 7.171932
v 8.923377 9.485331 7.409315
v 8.923255 10.01455 6.560833
v -8.999148 9.014255 5.939492
v -8.921547 8.017729 5.317917
v -9.912925 7.906794 5.248867
v -9.999148 9.014045 5.939506
v -8.69185 7.038035 4.706819
v -9.657706 6.818245 4.569868
v -8.313659 6.091972 4.116676
v -9.237494 5.767064 3.914154
v -7.792378 5.196339 3.557967
v -8.658293 4.771916 3.293366
v -7.138811 4.365642 3.039742
v -7.932107 3.84892 2.71756
v -6.361959 3.615153 2.571527
v -7.068939 3.015043 2.197321
v -5.477126 2.956322 2.160466
v -6.085791 2.283009 1.740588
v -4.497814 2.402129 1.814658
v -4.997666 1.667239 1.356357
v -3.442025 1.960207 1.538866
v -3.824567 1.176214 1.04992
v -2.32686 1.639714 1.338804
v -2.585495 0.8201111 0.8276297
v -1.17212 1.44523 1.217332
v -1.302451 0.6040179 0.6926612
v 0.002392996 1.379804 1.176355
v 0.002563996 0.5313216 0.6471307
v 1.17688 1.445723 1.217302
v 1.30755 0.6045651 0.6926272
v 2.331541 1.640691 1.338744
v 2.590506 0.8211963 0.8275623
v 3.446577 1.961651 1.538776
v 3.829435 1.177819 1.04982
v 4.502188 2.404016 1.814541
v 5.002336 1.669336 1.356226
v 5.481276 2.95862 2.160324
v 6.090212 2.285562 1.740429
v 6.365844 3.617821 2.571361
v 7.073065 3.018008 2.197137
v 7.142393 4.368636 3.039556
v 7.935897 3.852247 2.717354
v 7.795626 5.199607 3.557764
v 8.661711 4.775548 3.29314
v 8.316545 6.095459 4.116459
v 9.240511 5.770938 3.913913
v 8.694354 7.04168 4.706593
v 9.660299 6.822295 4.569616
v 8.923656 8.02147 5.317685
v 9.915079 7.910951 5.248608
v 9.000856 9.018028 5.939258
v 10.00086 9.018238 5.939245
v 8.923255 10.01455 6.560833
v 9.914633 10.12549 6.629884
v 8.693558 10.99425 7.171932
v 9.659414 11.21404 7.308882
v 8.315367 11.94031 7.762075
v 9.239202 12.26522 7.964597
v 7.794086 12.83595 8.320784
v 8.660001 13.26037 8.585384
v 7.140519 13.66664 8.839009
v 7.933815 14.18336 9.16119
v 6.363667 14.41713 9.307224
v 7.070647 15.01724 9.681429
v 5.478834 15.07596 9.718285
v 6.087499 15.74927 10.13816
v 4.499522 15.63015 10.06409
v 4.999374 16.36504 10.52239
v 3.443733 16.07208 10.33988
v 3.826275 16.85607 10.82883
v 2.328568 16.39257 10.53995
v 2.587203 17.21217 11.05112
v 1.173828 16.58705 10.66142
v 1.304159 17.42827 11.18609
v -0.0006850008 16.65248 10.7024
v -0.0008560006 17.50096 11.23162
v -1.175172 16.58656 10.66145
v -1.305842 17.42772 11.18612
v -2.329833 16.39159 10.54001
v -2.588798 17.21109 11.05119
v -3.444869 16.07063 10.33997
v -3.827727 16.85447 10.82893
v -4.50048 15.62827 10.06421
v -5.000628 16.36295 10.52252
v -5.479568 15.07366 9.718427
v -6.088504 15.74672 10.13832
v -6.364136 14.41446 9.307389
v -7.071357 15.01428 9.681613
v -7.140685 13.66365 8.839194
v -7.934189 14.18004 9.161397
v -7.793918 12.83268 8.320987
v -8.660003 13.25674 8.58561
v -8.314837 11.93682 7.762291
v -9.238803 12.26134 7.964838
v -8.692646 10.9906 7.172158
v -9.658591 11.20999 7.309134
v -8.921948 10.01081 6.561066
v -9.913371 10.12133 6.630142
v 9.915079 7.910951 5.248608
v 10.00086 9.018238 5.939245
v 10.00006 12.4582 0.4241119
v 9.914286 11.35091 -0.2665249
v 9.660299 6.822295 4.569616
v 9.659506 10.26225 -0.9455165
v 9.240511 5.770938 3.913913
v 9.239717 9.210896 -1.60122
v 8.661711 4.775548 3.29314
v 8.660918 8.215505 -2.221993
v 7.935897 3.852247 2.717354
v 7.935104 7.292205 -2.79778
v 7.073064 3.018008 2.197137
v 7.072271 6.457966 -3.317996
v 6.090212 2.285562 1.740429
v 6.089419 5.72552 -3.774704
v 5.002336 1.669336 1.356226
v 5.001543 5.109294 -4.158906
v 3.829435 1.177819 1.04982
v 3.828642 4.617776 -4.465312
v 2.590506 0.8211963 0.8275623
v 2.589713 4.261154 -4.687571
v 1.30755 0.6045651 0.6926272
v 1.306757 4.044523 -4.822506
v 0.002563996 0.5313216 0.6471307
v 0.001770998 3.971279 -4.868002
v -1.302451 0.6040179 0.6926612
v -1.303244 4.043976 -4.822472
v -2.585495 0.8201111 0.8276297
v -2.586288 4.260069 -4.687503
v -3.824567 1.176214 1.04992
v -3.82536 4.616172 -4.465213
v -4.997666 1.667239 1.356357
v -4.998459 5.107197 -4.158776
v -6.085791 2.283009 1.740588
v -6.086584 5.722967 -3.774545
v -7.068938 3.015043 2.197321
v -7.069731 6.455001 -3.317812
v -7.932107 3.84892 2.71756
v -7.9329 7.288878 -2.797573
v -8.658293 4.771916 3.293366
v -8.659086 8.211874 -2.221767
v -9.237494 5.767064 3.914154
v -9.238287 9.207022 -1.60098
v -9.657706 6.818245 4.569868
v -9.658499 10.2582 -0.9452651
v -9.912925 7.906794 5.248866
v -9.913718 11.34675 -0.2662668
v -9.999148 9.014045 5.939506
v -9.999942 12.454 0.4243723
v -9.913371 10.12133 6.630142
v -9.914165 13.56129 1.115009
v -9.658591 11.20999 7.309134
v -9.659384 14.64995 1.794001
v -9.238803 12.26134 7.964838
v -9.239596 15.7013 2.449704
v -8.660003 13.25674 8.58561
v -8.660796 16.69669 3.070477
v -7.934189 14.18004 9.161397
v -7.934982 17.62 3.646264
v -7.071356 15.01428 9.681613
v -7.072149 18.45423 4.16648
v -6.088504 15.74672 10.13832
v -6.089297 19.18668 4.623188
v -5.000628 16.36295 10.52252
v -5.001421 19.80291 5.007391
v -3.827727 16.85447 10.82893
v -3.82852 20.29442 5.313797
v -2.588798 17.21109 11.05119
v -2.589591 20.65104 5.536055
v -1.305842 17.42772 11.18612
v -1.306635 20.86768 5.67099
v -0.0008560006 17.50096 11.23162
v -0.001648998 20.94092 5.716486
v 1.304159 17.42827 11.18609
v 1.303366 20.86822 5.670956
v 2.587203 17.21217 11.05112
v 2.58641 20.65213 5.535988
v 3.826275 16.85607 10.82883
v 3.825482 20.29603 5.313697
v 4.999374 16.36504 10.52239
v 4.998581 19.805 5.007261
v 6.087499 15.74927 10.13816
v 6.086706 19.18923 4.62303
v 7.070646 15.01724 9.681429
v 7.069853 18.4572 4.166296
v 7.933815 14.18336 9.16119
v 7.933022 17.62332 3.646057
v 8.660001 13.26037 8.585384
v 8.659208 16.70033 3.070252
v 9.239202 12.26522 7.964597
v 9.238409 15.70518 2.449464
v 9.659414 11.21404 7.308882
v 9.658621 14.654 1.793749
v 9.914633 10.12549 6.629884
v 9.913839 13.56545 1.114751
v 8.922803 11.72604 -0.6216891
v 9.418514 11.67078 -0.6562275
v 9.500002 12.7227 -0.0001225517
v 9.000002 12.7226 -0.0001160431
v 8.693501 10.74625 -1.232782
v 9.176473 10.63656 -1.30127
v 8.315691 9.800029 -1.822915
v 8.777674 9.637769 -1.924188
v 7.794772 8.904177 -2.38161
v 8.227815 8.692147 -2.513922
v 7.141539 8.073206 -2.899818
v 7.538291 7.815012 -3.06092
v 6.36499 7.322391 -3.368013
v 6.7186 7.022484 -3.555125
v 5.480422 6.663189 -3.77905
v 5.78489 6.326661 -3.988998
v 4.501334 6.108586 -4.124833
v 4.751408 5.741246 -4.353991
v 3.445723 5.666221 -4.400598
v 3.637152 5.274305 -4.645076
v 2.330687 5.345261 -4.60063
v 2.46017 4.935513 -4.856221
v 1.176026 5.150292 -4.722072
v 1.241361 4.729714 -4.984409
v 0.001538998 5.084373 -4.763019
v 0.001624498 4.660132 -5.027631
v -1.172974 5.1498 -4.722042
v -1.23814 4.729194 -4.984377
v -2.327714 5.344285 -4.60057
v -2.457031 4.934483 -4.856157
v -3.442879 5.664777 -4.400508
v -3.63415 5.27278 -4.644981
v -4.498668 6.106699 -4.124716
v -4.748594 5.739254 -4.353867
v -5.47798 6.660892 -3.778908
v -5.782312 6.324235 -3.988847
v -6.362813 7.319723 -3.367848
v -6.716303 7.019668 -3.55495
v -7.139665 8.070212 -2.899632
v -7.536313 7.811851 -3.060723
v -7.793232 8.900908 -2.381407
v -8.22619 8.688697 -2.513708
v -8.314512 9.796542 -1.822698
v -8.77643 9.634088 -1.923959
v -8.692704 10.74261 -1.232555
v -9.175632 10.63271 -1.301031
v -8.922401 11.7223 -0.6214569
v -9.41809 11.66683 -0.6559823
v -9.000002 12.71882 0.0001182673
v -9.500002 12.71872 0.0001247759
v -8.922803 13.71538 0.6216914
v -9.418514 13.77064 0.6562297
v -8.693501 14.69517 1.232784
v -9.176473 14.80487 1.301272
v -8.315691 15.64139 1.822917
v -8.777674 15.80365 1.92419
v -7.794772 16.53725 2.381613
v -8.227815 16.74928 2.513924
v -7.141539 17.36822 2.899821
v -7.538291 17.62641 3.060922
v -6.36499 18.11903 3.368016
v -6.7186 18.41894 3.555127
v -5.480422 18.77823 3.779053
v -5.78489 19.11476 3.989
v -4.501334 19.33284 4.124835
v -4.751408 19.70018 4.353992
v -3.445723 19.7752 4.4006
v -3.637152 20.16712 4.645078
v -2.330687 20.09616 4.600633
v -2.46017 20.50591 4.856223
v -1.176026 20.29113 4.722075
v -1.241361 20.71171 4.984412
v -0.001538998 20.35705 4.763021
v -0.001624498 20.78129 5.027634
v 1.172974 20.29162 4.722044
v 1.23814 20.71223 4.984379
v 2.327714 20.09714 4.600572
v 2.457031 20.50694 4.856159
v 3.442879 19.77665 4.40051
v 3.63415 20.16864 4.644983
v 4.498668 19.33472 4.124718
v 4.748594 19.70217 4.353869
v 5.47798 18.78053 3.77891
v 5.782312 19.11719 3.988849
v 6.362813 18.1217 3.36785
v 6.716303 18.42175 3.554953
v 7.139665 17.37121 2.899635
v 7.536313 17.62957 3.060725
v 7.793232 16.54051 2.38141
v 8.22619 16.75273 2.51371
v 8.314512 15.64488 1.822701
v 8.77643 15.80734 1.923962
v 8.692704 14.69882 1.232558
v 9.175632 14.80871 1.301033
v 8.922401 13.71912 0.6214591
v 9.41809 13.77459 0.6559845
v -9.60428 11.62637 -0.6360521
v -9.414291 11.6707 -0.6532139
v -9.689998 12.69841 0.03262412
v -9.765765 11.55491 -0.5574389
v -9.851484 12.64307 0.1212926
v -9.879742 11.4533 -0.4304628
v -9.965466 12.55758 0.2583239
v -9.917719 11.34771 -0.2611902
v -10.00344 12.45199 0.4275965
v -9.357068 10.57049 -1.294675
v -9.176581 10.63094 -1.301782
v -9.51855 10.48291 -1.226117
v -9.623025 10.37323 -1.104169
v -9.660999 10.25959 -0.9399238
v -8.948363 9.55494 -1.928162
v -8.777381 9.639571 -1.920186
v -9.10034 9.443181 -1.874687
v -9.204813 9.325446 -1.757766
v -9.233286 9.203739 -1.598549
v -8.387668 8.587789 -2.531485
v -8.530143 8.46797 -2.483038
v -8.625113 8.334117 -2.376173
v -8.663086 8.212408 -2.216955
v -7.684488 7.693212 -3.089562
v -7.532514 7.818141 -3.056447
v -7.817459 7.557274 -3.05117
v -7.902928 7.415362 -2.949332
v -7.931401 7.293655 -2.790115
v -6.848325 6.887329 -3.592336
v -6.715353 7.020316 -3.554193
v -6.962294 6.735274 -3.563999
v -7.03826 6.585304 -3.46719
v -7.066731 6.455536 -3.313
v -5.898182 6.178197 -4.03478
v -5.784213 6.327301 -3.986581
v -5.993147 6.010026 -4.016499
v -6.059613 5.851996 -3.924717
v -6.088083 5.722229 -3.770527
v -4.843562 5.581936 -4.406838
v -4.929025 5.405704 -4.393585
v -4.976489 5.23962 -4.306831
v -4.99546 5.109853 -4.152642
v -3.703466 5.106601 -4.703483
v -3.637 5.271815 -4.645229
v -3.769927 4.922313 -4.695258
v -3.807891 4.756229 -4.608504
v -3.82686 4.618403 -4.459342
v -2.506396 4.760247 -4.919687
v -2.458931 4.933517 -4.856405
v -2.544355 4.567904 -4.91649
v -2.572818 4.393763 -4.834764
v -2.582289 4.263998 -4.680575
v -1.261853 4.550933 -5.050421
v -1.24289 4.732258 -4.982112
v -1.280813 4.358594 -5.047225
v -1.299775 4.184454 -4.965498
v -1.299744 4.046632 -4.816337
v 0.001661661 4.478652 -5.095687
v 0.001702026 4.286318 -5.09249
v 0.001739599 4.112182 -5.010764
v 0.001770435 3.97436 -4.861603
v 1.265147 4.551463 -5.050454
v 1.24611 4.73278 -4.982144
v 1.284188 4.359132 -5.047258
v 1.303225 4.185 -4.965532
v 1.303256 4.047178 -4.816371
v 2.509605 4.761299 -4.919752
v 2.46207 4.934549 -4.856469
v 2.547646 4.568972 -4.916556
v 2.576184 4.394842 -4.834831
v 2.585712 4.265081 -4.680642
v 3.706536 5.108154 -4.703579
v 3.640002 5.273341 -4.645324
v 3.773074 4.923894 -4.695356
v 3.81111 4.757827 -4.608603
v 3.830141 4.620008 -4.459442
v 4.84644 5.583968 -4.406964
v 4.931977 5.407772 -4.393714
v 4.979513 5.241707 -4.306961
v 4.998542 5.111948 -4.152772
v 5.90082 6.180671 -4.034933
v 5.786789 6.329727 -3.986732
v 5.995855 6.012539 -4.016655
v 6.06239 5.854538 -3.924875
v 6.090919 5.724782 -3.770686
v 6.850677 6.890201 -3.592514
v 6.71765 7.023132 -3.554368
v 6.96471 6.738194 -3.564181
v 7.040742 6.588256 -3.467373
v 7.069272 6.458499 -3.313184
v 7.686515 7.696434 -3.089762
v 7.534489 7.8213 -3.056643
v 7.819544 7.560553 -3.051373
v 7.905075 7.418676 -2.949538
v 7.933603 7.296981 -2.790322
v 8.389335 8.591306 -2.531703
v 8.531861 8.471547 -2.48326
v 8.62689 8.337734 -2.376397
v 8.664918 8.216041 -2.217181
v 8.949639 9.558693 -1.928395
v 8.778623 9.643252 -1.920414
v 9.101665 9.446997 -1.874924
v 9.20619 9.329307 -1.758006
v 9.234718 9.207611 -1.59879
v 9.357935 10.57441 -1.294919
v 9.177423 10.63479 -1.302021
v 9.519455 10.4869 -1.226365
v 9.62398 10.37727 -1.104419
v 9.662005 10.26364 -0.9401754
v 9.604722 11.6304 -0.6363021
v 9.414714 11.67465 -0.6534591
v 9.766239 11.55901 -0.5576931
v 9.880261 11.45744 -0.43072
v 9.918286 11.35187 -0.2614484
v 9.690006 12.70247 0.03237184
v 9.85152 12.6472 0.1210361
v 9.965539 12.56176 0.2580645
v 10.00356 12.45619 0.4273361
v 9.60429 13.77451 0.701048
v 9.414291 13.7704 0.6537253
v 9.7658 13.73536 0.7997676
v 9.879816 13.66604 0.9468512
v 9.917842 13.56047 1.116123
v 9.357078 14.8304 1.359671
v 9.176581 14.81017 1.302293
v 9.518584 14.80737 1.468446
v 9.623099 14.7461 1.620557
v 9.661122 14.64859 1.794856
v 8.948373 15.84594 1.993158
v 8.777382 15.80153 1.920697
v 9.100374 15.8471 2.117016
v 9.204887 15.79389 2.274155
v 9.233409 15.70444 2.453482
v 8.387677 16.8131 2.596481
v 8.530178 16.82231 2.725367
v 8.625187 16.78522 2.892561
v 8.663209 16.69577 3.071888
v 7.684497 17.70767 3.154557
v 7.532514 17.62296 3.056958
v 7.817494 17.733 3.293499
v 7.903002 17.70398 3.465721
v 7.931523 17.61452 3.645048
v 6.848335 18.51356 3.657331
v 6.715353 18.42079 3.554704
v 6.962328 18.555 3.806328
v 7.038335 18.53403 3.983578
v 7.066854 18.45264 4.167933
v 5.898192 19.22269 4.099776
v 5.784213 19.11381 3.987093
v 5.993182 19.28025 4.258828
v 6.059687 19.26734 4.441105
v 6.088206 19.18595 4.62546
v 4.843571 19.81895 4.471834
v 4.92906 19.88457 4.635914
v 4.976563 19.87972 4.823219
v 4.995583 19.79832 5.007575
v 3.703475 20.29428 4.768479
v 3.637 20.16929 4.645741
v 3.769962 20.36796 4.937587
v 3.807966 20.36311 5.124893
v 3.826983 20.28977 5.314275
v 2.506405 20.64064 4.984683
v 2.458931 20.50759 4.856916
v 2.54439 20.72237 5.158819
v 2.572892 20.72557 5.351152
v 2.582412 20.64418 5.535507
v 1.261863 20.84995 5.115417
v 1.24289 20.70885 4.982623
v 1.280848 20.93168 5.289554
v 1.29985 20.93488 5.481887
v 1.299867 20.86155 5.67127
v -0.001652316 20.92223 5.160683
v -0.001667183 21.00396 5.334819
v -0.00166535 21.00715 5.527153
v -0.001647509 20.93382 5.716535
v -1.265138 20.84942 5.11545
v -1.24611 20.70833 4.982656
v -1.284153 20.93114 5.289587
v -1.303151 20.93434 5.481921
v -1.303133 20.861 5.671304
v -2.509596 20.63959 4.984748
v -2.46207 20.50656 4.85698
v -2.547611 20.72131 5.158885
v -2.576109 20.72449 5.351219
v -2.585589 20.6431 5.535574
v -3.706527 20.29273 4.768576
v -3.640002 20.16776 4.645835
v -3.77304 20.36638 4.937685
v -3.811036 20.36151 5.124992
v -3.830019 20.28817 5.314375
v -4.846431 19.81692 4.47196
v -4.931942 19.88251 4.636043
v -4.979439 19.87763 4.823349
v -4.998419 19.79623 5.007704
v -5.900811 19.22021 4.099929
v -5.786789 19.11138 3.987243
v -5.995821 19.27774 4.258984
v -6.062316 19.2648 4.441263
v -6.090796 19.1834 4.625618
v -6.850668 18.51068 3.65751
v -6.71765 18.41797 3.554879
v -6.964675 18.55208 3.806509
v -7.040668 18.53108 3.983761
v -7.069149 18.44968 4.168117
v -7.686506 17.70445 3.154758
v -7.534489 17.61981 3.057154
v -7.819509 17.72972 3.293702
v -7.905001 17.70066 3.465926
v -7.93348 17.6112 3.645254
v -8.389325 16.80958 2.596699
v -8.531826 16.81873 2.725589
v -8.626816 16.7816 2.892786
v -8.664795 16.69214 3.072114
v -8.949631 15.84219 1.993391
v -8.778623 15.79785 1.920925
v -9.101629 15.84328 2.117253
v -9.206116 15.79003 2.274395
v -9.234595 15.70057 2.453722
v -9.357925 14.82647 1.359915
v -9.177423 14.80632 1.302532
v -9.519421 14.80338 1.468694
v -9.623905 14.74207 1.620808
v -9.661882 14.64454 1.795108
v -9.604712 13.77049 0.7012981
v -9.414714 13.76645 0.6539704
v -9.766204 13.73127 0.8000218
v -9.880187 13.6619 0.9471084
v -9.918163 13.55631 1.116381
v 0 12.72071 1.11208E-06
vn 0.0001219997 -0.5292243 0.848482
vn 0.0001219996 -0.5292242 0.848482
vn 0.0001219997 -0.5292243 0.848482
vn 0.0001219997 -0.5292243 0.848482
vn 0.0001219997 -0.5292243 0.848482
vn 0.0001219997 -0.5292243 0.848482
vn 0.0001219997 -0.5292243 0.848482
vn 0.0001219997 -0.5292243 0.848482
vn 0.0001219997 -0.5292243 0.848482
vn 0.0001219997 -0.5292243 0.848482
vn 0.0001219997 -0.5292243 0.848482
vn 0.0001219997 -0.5292243 0.848482
vn 0.0001219996 -0.5292242 0.848482
vn 0.0001219997 -0.5292243 0.848482
vn 0.0001219997 -0.5292243 0.848482
vn 0.0001219997 -0.5292243 0.848482
vn 0.0001219996 -0.5292242 0.848482
vn 0.0001219997 -0.5292243 0.848482
vn 0.0001219996 -0.5292242 0.848482
vn 0.0001219997 -0.5292243 0.848482
vn 0.0001219997 -0.5292243 0.848482
vn 0.0001219997 -0.5292243 0.848482
vn 0.0001219997 -0.5292243 0.848482
vn 0.0001219997 -0.5292243 0.848482
vn 0.0001219997 -0.5292243 0.848482
vn 0.0001219997 -0.5292243 0.848482
vn 0.0001219996 -0.5292242 0.848482
vn 0.0001219997 -0.5292243 0.848482
vn 0.0001219997 -0.5292243 0.848482
vn 0.0001219997 -0.5292243 0.848482
vn 0.0001219997 -0.5292243 0.848482
vn 0.0001219997 -0.5292243 0.848482
vn 0.0001219997 -0.5292243 0.848482
vn 0.0001219997 -0.5292243 0.848482
vn 0.0001219997 -0.5292243 0.848482
vn 0.0001219997 -0.5292243 0.848482
vn 0.0001219996 -0.5292242 0.848482
vn 0.0001219997 -0.5292243 0.848482
vn 0.0001219997 -0.5292243 0.848482
vn 0.0001219997 -0.5292243 0.848482
vn 0.0001219996 -0.5292242 0.848482
vn 0.0001219997 -0.5292243 0.848482
vn 0.0001219996 -0.5292242 0.848482
vn 0.0001219997 -0.5292243 0.848482
vn 0.0001219997 -0.5292243 0.848482
vn 0.0001219997 -0.5292243 0.848482
vn 0.0001219997 -0.5292243 0.848482
vn 0.0001219997 -0.5292243 0.848482
vn 0.0001219997 -0.5292243 0.848482
vn 0.0001219997 -0.5292243 0.848482
vn 0.0001219996 -0.5292242 0.848482
vn 0.0001219997 -0.5292243 0.848482
vn 0.0001219997 -0.5292243 0.848482
vn 0.0001219997 -0.5292243 0.848482
vn 0.0001219997 -0.5292243 0.848482
vn 0.0001219997 -0.5292243 0.848482
vn 0.0001219997 -0.5292243 0.848482
vn 0.0001219997 -0.5292243 0.848482
vn 0.0001219997 -0.5292243 0.848482
vn 0.0001219997 -0.5292243 0.848482
vn 0.0001219996 -0.5292242 0.848482
vn 0.0001219997 -0.5292243 0.848482
vn 0.0001219997 -0.5292243 0.848482
vn 0.0001219997 -0.5292243 0.848482
vn 0.0001219996 -0.5292242 0.848482
vn 0.0001219997 -0.5292243 0.848482
vn 0.0001219996 -0.5292242 0.848482
vn 0.0001219997 -0.5292243 0.848482
vn 0.0001219997 -0.5292243 0.848482
vn 0.0001219997 -0.5292243 0.848482
vn 0.0001219997 -0.5292243 0.848482
vn 0.0001219997 -0.5292243 0.848482
vn 0.0001219997 -0.5292243 0.848482
vn 0.0001219997 -0.5292243 0.848482
vn 0.0001219996 -0.5292242 0.848482
vn 0.0001219997 -0.5292243 0.848482
vn 0.0001219997 -0.5292243 0.848482
vn 0.0001219997 -0.5292243 0.848482
vn 0.0001219997 -0.5292243 0.848482
vn 0.0001219997 -0.5292243 0.848482
vn 0.0001219997 -0.5292243 0.848482
vn 0.0001219997 -0.5292243 0.848482
vn 0.0001219997 -0.5292243 0.848482
vn 0.0001219997 -0.5292243 0.848482
vn 0.0001219996 -0.5292242 0.848482
vn 0.0001219997 -0.5292243 0.848482
vn 0.0001219997 -0.5292243 0.848482
vn 0.0001219997 -0.5292243 0.848482
vn 0.0001219996 -0.5292242 0.848482
vn 0.0001219997 -0.5292243 0.848482
vn 0.0001219996 -0.5292242 0.848482
vn 0.0001219997 -0.5292243 0.848482
vn 0.0001219997 -0.5292243 0.848482
vn 0.0001219997 -0.5292243 0.848482
vn 0.0001219997 -0.5292243 0.848482
vn 0.0001219997 -0.5292243 0.848482
vn 0.0001219997 -0.5292243 0.848482
vn 0.0001219997 -0.5292243 0.848482
vn 0.0001219997 -0.5292243 0.848482
vn 0.0001219997 -0.5292243 0.848482
vn 0.0001219997 -0.5292243 0.848482
vn 0.0001219997 -0.5292243 0.848482
vn 0.0001219997 -0.5292243 0.848482
vn 0.0001219997 -0.5292243 0.848482
vn 0.0001219997 -0.5292243 0.848482
vn 0.0001219997 -0.5292243 0.848482
vn 0.0001219997 -0.5292243 0.848482
vn 0.0001219997 -0.5292243 0.848482
vn 0.0001219997 -0.5292243 0.848482
vn 0.0001219997 -0.5292243 0.848482
vn 0.0001219997 -0.5292243 0.848482
vn 0.0001219997 -0.5292243 0.848482
vn 0.0001219997 -0.5292243 0.848482
vn 0.0001219997 -0.5292243 0.848482
vn 0.0001219997 -0.5292243 0.848482
vn 0.0001219997 -0.5292243 0.848482
vn 0.0001219997 -0.5292243 0.848482
vn 0.0001219997 -0.5292243 0.848482
vn 0.0001219997 -0.5292243 0.848482
vn 0.0001219997 -0.5292243 0.848482
vn 0.0001219997 -0.5292243 0.848482
vn 0.0001219997 -0.5292243 0.848482
vn 0.0001219997 -0.5292243 0.848482
vn 0.0001219997 -0.5292243 0.848482
vn 0.0001219997 -0.5292243 0.848482
vn 0.0001219997 -0.5292243 0.848482
vn 0.0001219997 -0.5292243 0.848482
vn 0.0001219997 -0.5292243 0.848482
vn 0.0001219997 -0.5292243 0.848482
vn 0.0001219997 -0.5292243 0.848482
vn 0.0001219997 -0.5292243 0.848482
vn 0.0001219997 -0.5292243 0.848482
vn 0.0001219997 -0.5292243 0.848482
vn 0.0001219997 -0.5292243 0.848482
vn 0.0001219997 -0.5292243 0.848482
vn 0.0001219997 -0.5292243 0.848482
vn 0.0001219997 -0.5292243 0.848482
vn 0.0001219997 -0.5292243 0.848482
vn 0.0001219997 -0.5292243 0.848482
vn 0.0001219997 -0.5292243 0.848482
vn 0.0001219997 -0.5292243 0.848482
vn 0.0001219997 -0.5292243 0.848482
vn 0.0001219997 -0.5292243 0.848482
vn 0.0001219997 -0.5292243 0.848482
vn 0.0001219997 -0.5292243 0.848482
vn 0.99402 0.09271848 0.05768846
vn 0.9997628 -0.01842432 -0.01163557
vn 0.9997553 0.01884353 0.01160954
vn 0.9883282 0.1293226 0.08052038
vn 0.9713652 0.2016557 0.1256392
vn 0.9600866 0.2373855 0.1479266
vn 0.9320148 0.3075678 0.1917055
vn 0.91519 0.3420172 0.2131951
vn 0.8766401 0.4083012 0.254544
vn 0.8549619 0.4401554 0.2744156
vn 0.8064988 0.5017052 0.312813
vn 0.7796647 0.5313677 0.3313183
vn 0.7221411 0.5869807 0.3660141
vn 0.6914992 0.6129689 0.3822282
vn 0.625931 0.6617534 0.412666
vn 0.5909603 0.6845093 0.4268646
vn 0.518399 0.7256035 0.4525068
vn 0.4808473 0.7439838 0.4639765
vn 0.4027105 0.776665 0.484372
vn 0.3621023 0.7909261 0.493273
vn 0.2793753 0.8147152 0.5081229
vn 0.2372603 0.82427 0.5140885
vn 0.1520032 0.8386325 0.5230591
vn 0.1088601 0.8434466 0.526068
vn 0.02179053 0.8482819 0.5290965
vn -0.02213245 0.8482727 0.5290971
vn -0.1092001 0.8434009 0.5260709
vn -0.1523412 0.8385687 0.5230631
vn -0.2375925 0.8241704 0.5140947
vn -0.2797036 0.814598 0.5081301
vn -0.362421 0.7907742 0.4932824
vn -0.4030235 0.7764961 0.4843825
vn -0.4811471 0.7437822 0.4639891
vn -0.5186914 0.7253861 0.4525203
vn -0.5912361 0.6842614 0.42688
vn -0.6261977 0.6614909 0.4126823
vn -0.6917462 0.6126789 0.3822462
vn -0.7223776 0.5866778 0.3660329
vn -0.7798788 0.5310407 0.3313386
vn -0.806701 0.501367 0.3128341
vn -0.8551392 0.4397969 0.2744379
vn -0.8768046 0.4079336 0.2545668
vn -0.9153277 0.3416334 0.2132189
vn -0.9321387 0.307177 0.1917298
vn -0.9601822 0.2369829 0.1479516
vn -0.9714464 0.2012483 0.1256645
vn -0.9883803 0.1289082 0.08054611
vn -0.9940574 0.09230167 0.05771433
vn -0.9997628 0.01842432 0.01163557
vn -0.9997553 -0.01884353 -0.01160954
vn -0.99402 -0.09271848 -0.05768846
vn -0.9883282 -0.1293226 -0.08052038
vn -0.9713652 -0.2016557 -0.1256392
vn -0.9600866 -0.2373855 -0.1479266
vn -0.9320148 -0.3075678 -0.1917055
vn -0.91519 -0.3420172 -0.2131951
vn -0.8766401 -0.4083012 -0.254544
vn -0.8549619 -0.4401554 -0.2744156
vn -0.8064988 -0.5017052 -0.312813
vn -0.7796647 -0.5313677 -0.3313183
vn -0.7221411 -0.5869807 -0.3660141
vn -0.6914992 -0.6129689 -0.3822282
vn -0.625931 -0.6617534 -0.412666
vn -0.5909603 -0.6845093 -0.4268646
vn -0.518399 -0.7256035 -0.4525068
vn -0.4808473 -0.7439838 -0.4639765
vn -0.4027105 -0.776665 -0.484372
vn -0.3621023 -0.7909261 -0.493273
vn -0.2793753 -0.8147152 -0.5081229
vn -0.2372603 -0.82427 -0.5140885
vn -0.1520032 -0.8386325 -0.5230591
vn -0.1088601 -0.8434466 -0.526068
vn -0.02179053 -0.8482819 -0.5290965
vn 0.02213245 -0.8482727 -0.5290971
vn 0.1092001 -0.8434009 -0.5260709
vn 0.1523412 -0.8385687 -0.5230631
vn 0.2375925 -0.8241704 -0.5140947
vn 0.2797036 -0.814598 -0.5081301
vn 0.362421 -0.7907742 -0.4932824
vn 0.4030235 -0.7764961 -0.4843825
vn 0.4811471 -0.7437822 -0.4639891
vn 0.5186914 -0.7253861 -0.4525203
vn 0.5912361 -0.6842614 -0.42688
vn 0.6261977 -0.6614909 -0.4126823
vn 0.6917462 -0.6126789 -0.3822462
vn 0.7223776 -0.5866778 -0.3660329
vn 0.7798788 -0.5310407 -0.3313386
vn 0.806701 -0.501367 -0.3128341
vn 0.8551392 -0.4397969 -0.2744379
vn 0.8768046 -0.4079336 -0.2545668
vn 0.9153277 -0.3416334 -0.2132189
vn 0.9321387 -0.307177 -0.1917298
vn 0.9601822 -0.2369829 -0.1479516
vn 0.9714464 -0.2012483 -0.1256645
vn 0.9883803 -0.1289082 -0.08054611
vn 0.9940574 -0.09230167 -0.05771433
vn 0.0001219997 -0.5292243 0.848482
vn 0.0001219997 -0.5292243 0.848482
vn 0.0001219997 -0.5292243 0.848482
vn 0.0001219997 -0.5292243 0.848482
vn 0.0001219997 -0.5292243 0.848482
vn 0.0001219997 -0.5292243 0.848482
vn 0.0001219997 -0.5292243 0.848482
vn 0.0001219997 -0.5292243 0.848482
vn 0.0001219997 -0.5292243 0.848482
vn 0.0001219997 -0.5292243 0.848482
vn 0.0001219997 -0.5292243 0.848482
vn 0.0001219997 -0.5292243 0.848482
vn 0.0001219997 -0.5292243 0.848482
vn 0.0001219997 -0.5292243 0.848482
vn 0.0001219997 -0.5292243 0.848482
vn 0.0001219997 -0.5292243 0.848482
vn 0.0001219997 -0.5292243 0.848482
vn 0.0001219997 -0.5292243 0.848482
vn 0.0001219997 -0.5292243 0.848482
vn 0.0001219997 -0.5292243 0.848482
vn 0.0001219997 -0.5292243 0.848482
vn 0.0001219997 -0.5292243 0.848482
vn 0.0001219997 -0.5292243 0.848482
vn 0.0001219997 -0.5292243 0.848482
vn 0.0001219997 -0.5292243 0.848482
vn 0.0001219997 -0.5292243 0.848482
vn 0.0001219997 -0.5292243 0.848482
vn 0.0001219997 -0.5292243 0.848482
vn 0.0001219997 -0.5292243 0.848482
vn 0.0001219997 -0.5292243 0.848482
vn 0.0001219997 -0.5292243 0.848482
vn 0.0001219997 -0.5292243 0.848482
vn 0.0001219997 -0.5292243 0.848482
vn 0.0001219997 -0.5292243 0.848482
vn 0.0001219997 -0.5292243 0.848482
vn 0.0001219997 -0.5292243 0.848482
vn 0.0001219997 -0.5292243 0.848482
vn 0.0001219997 -0.5292243 0.848482
vn 0.0001219997 -0.5292243 0.848482
vn 0.0001219997 -0.5292243 0.848482
vn 0.0001219997 -0.5292243 0.848482
vn 0.0001219997 -0.5292243 0.848482
vn 0.0001219997 -0.5292243 0.848482
vn 0.0001219997 -0.5292243 0.848482
vn 0.0001219997 -0.5292243 0.848482
vn 0.0001219997 -0.5292243 0.848482
vn 0.0001219997 -0.5292243 0.848482
vn 0.0001219997 -0.5292243 0.848482
vn 0.9940573 -0.09230178 -0.0577144
vn 0.9997553 0.01884359 0.01160958
vn 0.9997628 -0.01842438 -0.01163561
vn 0.9883803 -0.1289082 -0.08054614
vn 0.9714464 -0.2012483 -0.1256645
vn 0.9601823 -0.2369828 -0.1479515
vn 0.9321387 -0.3071769 -0.1917298
vn 0.9153277 -0.3416333 -0.2132189
vn 0.8768046 -0.4079336 -0.2545668
vn 0.8551392 -0.439797 -0.2744379
vn 0.8067009 -0.5013671 -0.3128341
vn 0.7798787 -0.5310408 -0.3313386
vn 0.7223776 -0.5866778 -0.366033
vn 0.6917462 -0.6126789 -0.3822462
vn 0.6261978 -0.6614908 -0.4126823
vn 0.5912362 -0.6842613 -0.4268799
vn 0.5186915 -0.7253861 -0.4525203
vn 0.4811471 -0.7437822 -0.4639891
vn 0.4030234 -0.776496 -0.4843825
vn 0.362421 -0.7907743 -0.4932824
vn 0.2797036 -0.814598 -0.5081302
vn 0.2375925 -0.8241704 -0.5140947
vn 0.1523413 -0.8385687 -0.5230631
vn 0.1092002 -0.8434008 -0.5260708
vn 0.02213252 -0.8482727 -0.5290971
vn -0.0217906 -0.8482819 -0.5290965
vn -0.1088603 -0.8434466 -0.526068
vn -0.1520033 -0.8386325 -0.5230591
vn -0.2372603 -0.82427 -0.5140885
vn -0.2793752 -0.8147153 -0.5081229
vn -0.3621022 -0.7909262 -0.493273
vn -0.4027104 -0.7766649 -0.484372
vn -0.4808473 -0.7439838 -0.4639765
vn -0.5183991 -0.7256035 -0.4525068
vn -0.5909604 -0.6845092 -0.4268645
vn -0.625931 -0.6617533 -0.412666
vn -0.6914992 -0.6129689 -0.3822282
vn -0.7221411 -0.5869807 -0.3660142
vn -0.7796646 -0.5313677 -0.3313183
vn -0.8064987 -0.5017053 -0.3128131
vn -0.8549619 -0.4401555 -0.2744156
vn -0.8766401 -0.4083012 -0.254544
vn -0.9151899 -0.3420171 -0.213195
vn -0.9320148 -0.3075678 -0.1917055
vn -0.9600867 -0.2373854 -0.1479265
vn -0.9713652 -0.2016556 -0.1256392
vn -0.9883282 -0.1293226 -0.08052041
vn -0.99402 -0.09271859 -0.05768852
vn -0.9997553 -0.01884359 -0.01160958
vn -0.9997628 0.01842438 0.01163561
vn -0.9940573 0.09230178 0.0577144
vn -0.9883803 0.1289082 0.08054614
vn -0.9714464 0.2012483 0.1256645
vn -0.9601823 0.2369828 0.1479515
vn -0.9321387 0.3071769 0.1917298
vn -0.9153277 0.3416333 0.2132189
vn -0.8768046 0.4079336 0.2545668
vn -0.8551392 0.439797 0.2744379
vn -0.8067009 0.5013671 0.3128341
vn -0.7798787 0.5310408 0.3313386
vn -0.7223776 0.5866778 0.366033
vn -0.6917462 0.6126789 0.3822462
vn -0.6261978 0.6614908 0.4126823
vn -0.5912362 0.6842613 0.4268799
vn -0.5186915 0.7253861 0.4525203
vn -0.4811471 0.7437822 0.4639891
vn -0.4030234 0.776496 0.4843825
vn -0.362421 0.7907743 0.4932824
vn -0.2797036 0.814598 0.5081302
vn -0.2375925 0.8241704 0.5140947
vn -0.1523413 0.8385687 0.5230631
vn -0.1092002 0.8434008 0.5260708
vn -0.02213252 0.8482727 0.5290971
vn 0.0217906 0.8482819 0.5290965
vn 0.1088603 0.8434466 0.526068
vn 0.1520033 0.8386325 0.5230591
vn 0.2372603 0.82427 0.5140885
vn 0.2793752 0.8147153 0.5081229
vn 0.3621022 0.7909262 0.493273
vn 0.4027104 0.7766649 0.484372
vn 0.4808473 0.7439838 0.4639765
vn 0.5183991 0.7256035 0.4525068
vn 0.5909604 0.6845092 0.4268645
vn 0.625931 0.6617533 0.412666
vn 0.6914992 0.6129689 0.3822282
vn 0.7221411 0.5869807 0.3660142
vn 0.7796646 0.5313677 0.3313183
vn 0.8064987 0.5017053 0.3128131
vn 0.8549619 0.4401555 0.2744156
vn 0.8766401 0.4083012 0.254544
vn 0.9151899 0.3420171 0.213195
vn 0.9320148 0.3075678 0.1917055
vn 0.9600867 0.2373854 0.1479265
vn 0.9713652 0.2016556 0.1256392
vn 0.9883282 0.1293226 0.08052041
vn 0.99402 0.09271859 0.05768852
vn 0.0001219997 -0.5292243 0.848482
vn 0.0001219997 -0.5292243 0.848482
vn 0.0001219997 -0.5292243 0.848482
vn 0.0001219997 -0.5292243 0.848482
vn 0.0001219996 -0.5292242 0.848482
vn 0.0001219997 -0.5292243 0.848482
vn 0.0001219997 -0.5292243 0.848482
vn 0.0001219997 -0.5292243 0.848482
vn 0.0001219997 -0.5292243 0.848482
vn 0.0001219996 -0.5292242 0.848482
vn 0.0001219996 -0.5292242 0.848482
vn 0.0001219997 -0.5292243 0.848482
vn 0.0001219996 -0.5292242 0.848482
vn 0.0001219997 -0.5292243 0.848482
vn 0.0001219997 -0.5292243 0.848482
vn 0.0001219996 -0.5292242 0.848482
vn 0.0001219997 -0.5292243 0.848482
vn 0.0001219997 -0.5292243 0.848482
vn 0.0001219997 -0.5292243 0.848482
vn 0.0001219997 -0.5292243 0.848482
vn 0.0001219997 -0.5292243 0.848482
vn 0.0001219996 -0.5292242 0.848482
vn 0.0001219997 -0.5292243 0.848482
vn 0.0001219996 -0.5292242 0.848482
vn 0.0001219997 -0.5292243 0.848482
vn 0.0001219997 -0.5292243 0.848482
vn 0.0001219997 -0.5292243 0.848482
vn 0.0001219997 -0.5292243 0.848482
vn 0.0001219996 -0.5292242 0.848482
vn 0.0001219997 -0.5292243 0.848482
vn 0.0001219997 -0.5292243 0.848482
vn 0.0001219997 -0.5292243 0.848482
vn 0.0001219997 -0.5292243 0.848482
vn 0.0001219996 -0.5292242 0.848482
vn 0.0001219996 -0.5292242 0.848482
vn 0.0001219997 -0.5292243 0.848482
vn 0.0001219996 -0.5292242 0.848482
vn 0.0001219997 -0.5292243 0.848482
vn 0.0001219997 -0.5292243 0.848482
vn 0.0001219996 -0.5292242 0.848482
vn 0.0001219997 -0.5292243 0.848482
vn 0.0001219997 -0.5292243 0.848482
vn 0.0001219997 -0.5292243 0.848482
vn 0.0001219997 -0.5292243 0.848482
vn 0.0001219997 -0.5292243 0.848482
vn 0.0001219996 -0.5292242 0.848482
vn 0.0001219997 -0.5292243 0.848482
vn 0.0001219996 -0.5292242 0.848482
vn 0.0001219997 -0.5292243 0.848482
vn 0.0001219997 -0.5292243 0.848482
vn 0.0001219997 -0.5292243 0.848482
vn 0.0001219997 -0.5292243 0.848482
vn 0.0001219996 -0.5292242 0.848482
vn 0.0001219997 -0.5292243 0.848482
vn 0.0001219997 -0.5292243 0.848482
vn 0.0001219997 -0.5292243 0.848482
vn 0.0001219997 -0.5292243 0.848482
vn 0.0001219996 -0.5292242 0.848482
vn 0.0001219996 -0.5292242 0.848482
vn 0.0001219997 -0.5292243 0.848482
vn 0.0001219996 -0.5292242 0.848482
vn 0.0001219997 -0.5292243 0.848482
vn 0.0001219997 -0.5292243 0.848482
vn 0.0001219996 -0.5292242 0.848482
vn 0.0001219997 -0.5292243 0.848482
vn 0.0001219997 -0.5292243 0.848482
vn 0.0001219997 -0.5292243 0.848482
vn 0.0001219997 -0.5292243 0.848482
vn 0.0001219997 -0.5292243 0.848482
vn 0.0001219996 -0.5292242 0.848482
vn 0.0001219997 -0.5292243 0.848482
vn 0.0001219996 -0.5292242 0.848482
vn 0.0001219997 -0.5292243 0.848482
vn 0.0001219997 -0.5292243 0.848482
vn 0.0001219997 -0.5292243 0.848482
vn 0.0001219997 -0.5292243 0.848482
vn 0.0001219996 -0.5292242 0.848482
vn 0.0001219997 -0.5292243 0.848482
vn 0.0001219997 -0.5292243 0.848482
vn 0.0001219997 -0.5292243 0.848482
vn 0.0001219997 -0.5292243 0.848482
vn 0.0001219996 -0.5292242 0.848482
vn 0.0001219996 -0.5292242 0.848482
vn 0.0001219997 -0.5292243 0.848482
vn 0.0001219996 -0.5292242 0.848482
vn 0.0001219997 -0.5292243 0.848482
vn 0.0001219997 -0.5292243 0.848482
vn 0.0001219996 -0.5292242 0.848482
vn 0.0001219997 -0.5292243 0.848482
vn 0.0001219997 -0.5292243 0.848482
vn 0.0001219997 -0.5292243 0.848482
vn 0.0001219997 -0.5292243 0.848482
vn 0.0001219997 -0.5292243 0.848482
vn 0.0001219996 -0.5292242 0.848482
vn 0.0001219997 -0.5292243 0.848482
vn 0.0001219996 -0.5292242 0.848482
vn 0.9940573 -0.09230173 -0.05771437
vn 0.9997553 0.01884364 0.01160961
vn 0.9997628 -0.01842443 -0.01163564
vn 0.9883804 -0.128908 -0.08054601
vn 0.9714466 -0.201248 -0.1256643
vn 0.9601824 -0.2369826 -0.1479514
vn 0.9321386 -0.307177 -0.1917298
vn 0.9153276 -0.3416337 -0.2132191
vn 0.8768045 -0.4079338 -0.254567
vn 0.8551392 -0.4397969 -0.2744379
vn 0.8067009 -0.5013669 -0.312834
vn 0.7798786 -0.5310408 -0.3313387
vn 0.7223775 -0.5866779 -0.366033
vn 0.6917463 -0.6126788 -0.3822462
vn 0.6261978 -0.6614907 -0.4126822
vn 0.5912361 -0.6842614 -0.42688
vn 0.5186914 -0.7253861 -0.4525203
vn 0.4811474 -0.743782 -0.463989
vn 0.4030237 -0.7764958 -0.4843824
vn 0.3624211 -0.7907741 -0.4932823
vn 0.2797033 -0.8145981 -0.5081303
vn 0.2375921 -0.8241705 -0.5140948
vn 0.152341 -0.8385687 -0.5230631
vn 0.1092002 -0.8434008 -0.5260708
vn 0.02213257 -0.8482727 -0.5290971
vn -0.02179066 -0.8482819 -0.5290965
vn -0.1088602 -0.8434466 -0.526068
vn -0.152003 -0.8386326 -0.5230592
vn -0.2372599 -0.8242701 -0.5140886
vn -0.279375 -0.8147154 -0.508123
vn -0.3621023 -0.790926 -0.4932729
vn -0.4027108 -0.7766649 -0.484372
vn -0.4808476 -0.7439837 -0.4639765
vn -0.518399 -0.7256035 -0.4525068
vn -0.5909602 -0.6845092 -0.4268646
vn -0.6259311 -0.6617532 -0.4126659
vn -0.6914993 -0.6129688 -0.3822281
vn -0.722141 -0.5869808 -0.3660142
vn -0.7796645 -0.5313678 -0.3313184
vn -0.8064988 -0.5017051 -0.312813
vn -0.8549619 -0.4401554 -0.2744156
vn -0.87664 -0.4083015 -0.2545442
vn -0.9151897 -0.3420174 -0.2131952
vn -0.9320146 -0.3075679 -0.1917056
vn -0.9600868 -0.2373852 -0.1479264
vn -0.9713654 -0.2016553 -0.125639
vn -0.9883283 -0.1293224 -0.08052028
vn -0.99402 -0.09271854 -0.05768849
vn -0.9997553 -0.01884364 -0.01160961
vn -0.9997628 0.01842443 0.01163564
vn -0.9940573 0.09230173 0.05771437
vn -0.9883804 0.128908 0.08054601
vn -0.9714466 0.201248 0.1256643
vn -0.9601824 0.2369826 0.1479514
vn -0.9321386 0.307177 0.1917298
vn -0.9153276 0.3416337 0.2132191
vn -0.8768045 0.4079338 0.254567
vn -0.8551392 0.4397969 0.2744379
vn -0.8067009 0.5013669 0.312834
vn -0.7798786 0.5310408 0.3313387
vn -0.7223775 0.5866779 0.366033
vn -0.6917463 0.6126788 0.3822462
vn -0.6261978 0.6614907 0.4126822
vn -0.5912361 0.6842614 0.42688
vn -0.5186914 0.7253861 0.4525203
vn -0.4811474 0.743782 0.463989
vn -0.4030237 0.7764958 0.4843824
vn -0.3624211 0.7907741 0.4932823
vn -0.2797033 0.8145981 0.5081303
vn -0.2375921 0.8241705 0.5140948
vn -0.152341 0.8385687 0.5230631
vn -0.1092002 0.8434008 0.5260708
vn -0.02213257 0.8482727 0.5290971
vn 0.02179066 0.8482819 0.5290965
vn 0.1088602 0.8434466 0.526068
vn 0.152003 0.8386326 0.5230592
vn 0.2372599 0.8242701 0.5140886
vn 0.279375 0.8147154 0.508123
vn 0.3621023 0.790926 0.4932729
vn 0.4027108 0.7766649 0.484372
vn 0.4808476 0.7439837 0.4639765
vn 0.518399 0.7256035 0.4525068
vn 0.5909602 0.6845092 0.4268646
vn 0.6259311 0.6617532 0.4126659
vn 0.6914993 0.6129688 0.3822281
vn 0.722141 0.5869808 0.3660142
vn 0.7796645 0.5313678 0.3313184
vn 0.8064988 0.5017051 0.312813
vn 0.8549619 0.4401554 0.2744156
vn 0.87664 0.4083015 0.2545442
vn 0.9151897 0.3420174 0.2131952
vn 0.9320146 0.3075679 0.1917056
vn 0.9600868 0.2373852 0.1479264
vn 0.9713654 0.2016553 0.125639
vn 0.9883283 0.1293224 0.08052028
vn 0.99402 0.09271854 0.05768849
vn -0.0001219997 0.5292243 -0.848482
vn -0.0001219997 0.5292243 -0.848482
vn 0.05596335 0.5294867 -0.8464704
vn -0.0001219997 0.5292243 -0.848482
vn -0.0001219997 0.5292243 -0.848482
vn -0.0001219997 0.5292243 -0.848482
vn -0.0001219997 0.5292243 -0.848482
vn -0.0001219996 0.5292242 -0.848482
vn -0.0001219997 0.5292243 -0.848482
vn 0.04943107 0.5052958 -0.8615294
vn -0.0001219997 0.5292243 -0.848482
vn -0.0001219996 0.5292242 -0.848482
vn -0.0001219996 0.5292242 -0.848482
vn -0.0001219996 0.5292242 -0.848482
vn -0.0001219996 0.5292242 -0.848482
vn -0.0001219997 0.5292243 -0.848482
vn -0.0001219997 0.5292243 -0.848482
vn 0.02920589 0.4874817 -0.8726446
vn -0.0001219997 0.5292243 -0.848482
vn -0.0001219997 0.5292243 -0.848482
vn -0.0001219997 0.5292243 -0.848482
vn -0.0001219996 0.5292242 -0.848482
vn -0.0001219997 0.5292243 -0.848482
vn -0.0001219997 0.5292243 -0.848482
vn -0.0001219997 0.5292243 -0.848482
vn 0.001164135 0.4806075 -0.8769351
vn -0.0001219997 0.5292243 -0.848482
vn -0.0001219997 0.5292243 -0.848482
vn -0.0001219997 0.5292243 -0.848482
vn -0.0001219997 0.5292243 -0.848482
vn -0.0001219997 0.5292243 -0.848482
vn -0.0001219996 0.5292242 -0.848482
vn -0.0001219997 0.5292243 -0.848482
vn -0.02738685 0.4862396 -0.8733963
vn -0.0001219997 0.5292243 -0.848482
vn -0.0001219996 0.5292242 -0.848482
vn -0.0001219996 0.5292242 -0.848482
vn -0.0001219996 0.5292242 -0.848482
vn -0.0001219996 0.5292242 -0.848482
vn -0.0001219997 0.5292243 -0.848482
vn -0.0001219997 0.5292243 -0.848482
vn -0.04820072 0.5035636 -0.8626125
vn -0.0001219997 0.5292243 -0.848482
vn -0.0001219997 0.5292243 -0.848482
vn -0.0001219997 0.5292243 -0.848482
vn -0.0001219996 0.5292242 -0.848482
vn -0.0001219997 0.5292243 -0.848482
vn -0.0001219997 0.5292243 -0.848482
vn -0.0001219997 0.5292243 -0.848482
vn -0.05620696 0.5272949 -0.8478213
vn -0.0001219997 0.5292243 -0.848482
vn -0.0001219997 0.5292243 -0.848482
vn -0.0001219997 0.5292243 -0.848482
vn -0.0001219997 0.5292243 -0.848482
vn -0.0001219997 0.5292243 -0.848482
vn -0.0001219996 0.5292242 -0.848482
vn -0.0001219997 0.5292243 -0.848482
vn -0.04967467 0.5514601 -0.832721
vn -0.0001219997 0.5292243 -0.848482
vn -0.0001219996 0.5292242 -0.848482
vn -0.0001219996 0.5292242 -0.848482
vn -0.0001219996 0.5292242 -0.848482
vn -0.0001219996 0.5292242 -0.848482
vn -0.0001219997 0.5292243 -0.848482
vn -0.0001219997 0.5292243 -0.848482
vn -0.0294495 0.5692805 -0.8216158
vn -0.0001219997 0.5292243 -0.848482
vn -0.0001219997 0.5292243 -0.848482
vn -0.0001219997 0.5292243 -0.848482
vn -0.0001219996 0.5292242 -0.848482
vn -0.0001219997 0.5292243 -0.848482
vn -0.0001219997 0.5292243 -0.848482
vn -0.0001219997 0.5292243 -0.848482
vn -0.001407747 0.5761608 -0.8173351
vn -0.0001219997 0.5292243 -0.848482
vn -0.0001219997 0.5292243 -0.848482
vn -0.0001219997 0.5292243 -0.848482
vn -0.0001219997 0.5292243 -0.848482
vn -0.0001219997 0.5292243 -0.848482
vn -0.0001219996 0.5292242 -0.848482
vn -0.0001219997 0.5292243 -0.848482
vn 0.02714325 0.5705093 -0.8208426
vn -0.0001219997 0.5292243 -0.848482
vn -0.0001219996 0.5292242 -0.848482
vn -0.0001219996 0.5292242 -0.848482
vn -0.0001219996 0.5292242 -0.848482
vn -0.0001219996 0.5292242 -0.848482
vn -0.0001219997 0.5292243 -0.848482
vn -0.0001219997 0.5292243 -0.848482
vn 0.04795711 0.5532074 -0.831662
vn -0.0001219997 0.5292243 -0.848482
vn -0.0001219997 0.5292243 -0.848482
vn -0.0001219997 0.5292243 -0.848482
vn -0.0001219996 0.5292242 -0.848482
vn -0.0001219997 0.5292243 -0.848482
vn -0.0001219997 0.5292243 -0.848482
vn -0.3701144 0.4460317 -0.8149056
vn -0.1937219 0.4935889 -0.8478454
vn -0.3763858 0.4869308 -0.7881829
vn -0.6890788 0.300199 -0.6595842
vn -0.6942629 0.3779873 -0.6124743
vn -0.9124994 0.1014543 -0.3962984
vn -0.9215043 0.203591 -0.3307284
vn -0.9766546 0.007073908 -0.2147004
vn -0.9821377 0.1170442 -0.1473318
vn -0.3604575 0.4052062 -0.8401657
vn -0.1916569 0.471251 -0.860924
vn -0.6726684 0.2237614 -0.7053002
vn -0.8932531 -0.005664272 -0.4495189
vn -0.9530658 -0.09994684 -0.2857914
vn -0.3466166 0.3643658 -0.8643464
vn -0.1827678 0.4503296 -0.8739561
vn -0.6392444 0.1520849 -0.7538151
vn -0.8551091 -0.1033739 -0.5080379
vn -0.9178778 -0.209866 -0.3368339
vn -0.3265324 0.3265455 -0.8869863
vn -0.6035094 0.0799224 -0.7933405
vn -0.7976422 -0.1913169 -0.5719836
vn -0.8593838 -0.2981904 -0.4153824
vn -0.2935566 0.2949827 -0.9092909
vn -0.1504548 0.4165103 -0.8965951
vn -0.5542721 0.01184513 -0.8322514
vn -0.7344716 -0.2837362 -0.6164786
vn -0.7923093 -0.3981684 -0.4622861
vn -0.2633137 0.2627595 -0.9282368
vn -0.1369522 0.3979737 -0.907117
vn -0.4950031 -0.0475913 -0.8675871
vn -0.6528196 -0.3558534 -0.6687266
vn -0.7097075 -0.4766053 -0.5188093
vn -0.2251454 0.2365045 -0.9451853
vn -0.1168792 0.3836124 -0.9160682
vn -0.4256942 -0.09748895 -0.8996002
vn -0.5628393 -0.4267714 -0.707869
vn -0.614098 -0.5443143 -0.5714945
vn -0.1836048 0.2136743 -0.9594961
vn -0.3473757 -0.1412346 -0.9270294
vn -0.461576 -0.4888989 -0.7402202
vn -0.5093694 -0.6205907 -0.5961631
vn -0.1412915 0.1922914 -0.9711133
vn -0.07327662 0.3587644 -0.9305475
vn -0.2662435 -0.1746901 -0.9479441
vn -0.3537255 -0.537173 -0.7657177
vn -0.3931475 -0.6594946 -0.6407045
vn -0.09376251 0.1795298 -0.9792742
vn -0.04686276 0.3552627 -0.9335912
vn -0.1764381 -0.1938595 -0.9650328
vn -0.2402534 -0.5756658 -0.781593
vn -0.2769679 -0.7136763 -0.6433936
vn -0.04548885 0.1730209 -0.9838672
vn -0.02152775 0.353536 -0.9351732
vn -0.08780897 -0.2160147 -0.9724339
vn -0.1169016 -0.5849913 -0.8025706
vn -0.1485344 -0.7345066 -0.6621464
vn 0.003857537 0.1710912 -0.9852478
vn 0.00339628 -0.2252324 -0.9742994
vn 0.002262431 -0.5944844 -0.8041041
vn -0.02136092 -0.7343066 -0.6784821
vn 0.05274571 0.1763642 -0.9829108
vn 0.02990363 0.3539318 -0.9347931
vn 0.09435609 -0.2156562 -0.9719
vn 0.1228763 -0.5920809 -0.796456
vn 0.1075995 -0.7301968 -0.6747112
vn 0.1009844 0.1842634 -0.9776756
vn 0.05595367 0.3550865 -0.9331574
vn 0.1853452 -0.1963677 -0.9628537
vn 0.2429217 -0.5694942 -0.7852806
vn 0.2327607 -0.7289392 -0.6437938
vn 0.1481831 0.1951655 -0.9695115
vn 0.08130905 0.3614035 -0.9288576
vn 0.271994 -0.1740409 -0.9464297
vn 0.3585822 -0.5312459 -0.7675915
vn 0.3574667 -0.6763751 -0.6439988
vn 0.1918119 0.214584 -0.9576858
vn 0.3519551 -0.1333071 -0.9264757
vn 0.4656911 -0.4927745 -0.7350547
vn 0.4711331 -0.6358322 -0.611352
vn 0.2327463 0.2389731 -0.9427201
vn 0.1233367 0.3888384 -0.9130131
vn 0.4297558 -0.08987909 -0.8984608
vn 0.5668939 -0.421261 -0.7079343
vn 0.5802665 -0.5732018 -0.5785594
vn 0.2697995 0.2655411 -0.9255788
vn 0.1412473 0.4045967 -0.9035214
vn 0.4994419 -0.04361368 -0.8652492
vn 0.6577954 -0.3563342 -0.6635749
vn 0.6800063 -0.4941522 -0.5416692
vn 0.2982787 0.3014874 -0.9056132
vn 0.1561499 0.4220311 -0.8930326
vn 0.5574793 0.01873511 -0.8299795
vn 0.7364777 -0.282263 -0.6147589
vn 0.7658349 -0.4295677 -0.478507
vn 0.3272783 0.3338833 -0.8839746
vn 0.6067299 0.08486684 -0.7903651
vn 0.8017297 -0.1871867 -0.5676188
vn 0.8385217 -0.3282356 -0.4349059
vn 0.3484756 0.3715185 -0.8605458
vn 0.185617 0.4573167 -0.8697172
vn 0.6443895 0.1562334 -0.7485677
vn 0.8568828 -0.1015831 -0.5054041
vn 0.9002484 -0.2406897 -0.3627972
vn 0.3650859 0.4108451 -0.8354153
vn 0.1919101 0.4792676 -0.8564305
vn 0.670971 0.2315658 -0.7043972
vn 0.8942721 -0.00153639 -0.4475216
vn 0.9434732 -0.1373861 -0.3016354
vn 0.3728132 0.4521105 -0.8103127
vn 0.1940214 0.5009553 -0.843445
vn 0.68551 0.3094837 -0.6590116
vn 0.9151629 0.1034893 -0.3895732
vn 0.970567 -0.02811598 -0.2391855
vn 0.3761597 0.4937222 -0.7840551
vn 0.6940873 0.383882 -0.6089972
vn 0.9214094 0.2075895 -0.3284993
vn 0.9820921 0.08096068 -0.1701207
vn 0.3698881 0.5357096 -0.7590771
vn 0.1934827 0.5443515 -0.8162389
vn 0.6889035 0.4604042 -0.5598574
vn 0.9124042 0.3113993 -0.2656116
vn 0.9766092 0.1898317 -0.1009896
vn 0.3602313 0.5763507 -0.7335213
vn 0.1914178 0.565922 -0.8019298
vn 0.6724935 0.5350789 -0.5113152
vn 0.8931608 0.4063082 -0.1928158
vn 0.9530196 0.3007459 -0.03614099
vn 0.3463906 0.6160283 -0.7074763
vn 0.1825287 0.5868268 -0.7888712
vn 0.6390687 0.610171 -0.4682764
vn 0.8550172 0.5018346 -0.1307966
vn 0.9178351 0.3949285 0.04013122
vn 0.3263066 0.652993 -0.6834648
vn 0.6033348 0.6774034 -0.4208467
vn 0.7975485 0.5979363 -0.07993138
vn 0.8593363 0.5043123 0.0849162
vn 0.2933303 0.6869026 -0.6649227
vn 0.1502154 0.6220292 -0.7684497
vn 0.5540982 0.7422853 -0.3768127
vn 0.7343805 0.678538 -0.01648974
vn 0.792265 0.5904013 0.1540875
vn 0.2630876 0.7180867 -0.6443109
vn 0.136713 0.6396302 -0.7564278
vn 0.4948296 0.8001544 -0.3389643
vn 0.6527271 0.7571703 0.02531292
vn 0.7096616 0.6756526 0.1996855
vn 0.2249192 0.7448509 -0.6281787
vn 0.11664 0.6539832 -0.7474631
vn 0.4255206 0.8508428 -0.3082188
vn 0.5627478 0.8235042 0.07180469
vn 0.6140499 0.7527369 0.2373398
vn 0.1833786 0.7677394 -0.6139614
vn 0.3472019 0.8947073 -0.2809803
vn 0.4614859 0.8798714 0.1133913
vn 0.5093261 0.8084272 0.295013
vn 0.1410656 0.7875721 -0.5998589
vn 0.07303764 0.6779103 -0.7315075
vn 0.2660698 0.928195 -0.2601172
vn 0.3536363 0.9239891 0.1455525
vn 0.3931 0.8655253 0.3103845
vn 0.09353659 0.8005082 -0.5919777
vn 0.0466236 0.6821805 -0.7296959
vn 0.1762633 0.9519619 -0.2503994
vn 0.2401659 0.9551624 0.1731628
vn 0.2769268 0.8917568 0.357885
vn 0.04526281 0.8074898 -0.5881425
vn 0.02128849 0.6843575 -0.7288358
vn 0.08763553 0.9683419 -0.2337393
vn 0.1168109 0.9780877 0.1723364
vn 0.1484921 0.9177437 0.3683704
vn -0.004083605 0.809572 -0.5870064
vn -0.003568904 0.9740598 -0.2262627
vn -0.002352138 0.9836251 0.1802121
vn 0.02131527 0.93231 0.3610321
vn -0.05297197 0.8051476 -0.590704
vn -0.03014286 0.6838354 -0.7290134
vn -0.09452945 0.9676813 -0.2337888
vn -0.1229648 0.9756836 0.1814425
vn -0.1076449 0.9270991 0.3590263
vn -0.1012106 0.7969654 -0.5954853
vn -0.05619271 0.6818552 -0.7293256
vn -0.1855192 0.9510613 -0.2471134
vn -0.2430107 0.9556973 0.1660983
vn -0.2327998 0.8987637 0.3715217
vn -0.148409 0.7848321 -0.6016756
vn -0.08154801 0.6752119 -0.7331023
vn -0.2721674 0.9264799 -0.2599227
vn -0.3586725 0.922973 0.1395528
vn -0.3575127 0.8758117 0.3242508
vn -0.1920379 0.7656651 -0.6139044
vn -0.3521296 0.8906329 -0.2877115
vn -0.4657797 0.8768172 0.1193359
vn -0.4711776 0.8286452 0.3022233
vn -0.2329724 0.741492 -0.6292165
vn -0.123576 0.6489099 -0.7507631
vn -0.4299302 0.8463619 -0.3143748
vn -0.5669861 0.8209932 0.0670611
vn -0.5803123 0.7716334 0.2604227
vn -0.2700254 0.7144074 -0.6455294
vn -0.1414866 0.6334521 -0.7607366
vn -0.4996154 0.7961769 -0.3413023
vn -0.6578867 0.7525859 0.02828198
vn -0.6800547 0.7037209 0.2056768
vn -0.2985051 0.6806623 -0.6690243
vn -0.1563893 0.616362 -0.7717775
vn -0.5576536 0.7370709 -0.381771
vn -0.7365685 0.6761556 -0.0167518
vn -0.7658784 0.6185784 0.1754743
vn -0.3275045 0.6469764 -0.6885946
vn -0.6069044 0.6724002 -0.4237279
vn -0.801823 0.5919933 -0.0813897
vn -0.8385693 0.5348418 0.1036632
vn -0.3487017 0.6093792 -0.7120844
vn -0.1858561 0.5798992 -0.7932054
vn -0.6445646 0.6034681 -0.4694282
vn -0.8569742 0.4984605 -0.1308919
vn -0.9002924 0.4315684 0.05676984
vn -0.3653119 0.5695105 -0.7363458
vn -0.1921493 0.5583109 -0.8070735
vn -0.6711468 0.5306618 -0.5176489
vn -0.8943645 0.402468 -0.1952744
vn -0.9435179 0.3311975 -0.009093986
vn -0.3730394 0.5288152 -0.7623624
vn -0.1942607 0.5371096 -0.8208387
vn -0.6856864 0.4556286 -0.5676593
vn -0.9152569 0.3042285 -0.2641028
vn -0.9706129 0.2270477 -0.07975292
vn -0.0001219997 0.5292243 -0.848482
vt 8 14
vt 7.217 13.9484
vt 6.956 15.9312
vt 8 16
vt 6.4472 13.7954
vt 5.9296 15.7272
vt 5.7038 13.5434
vt 4.9384 15.3912
vt 5 13.196
vt 4 14.928
vt 4.3472 12.7604
vt 3.1296 14.3472
vt 3.7574 12.2426
vt 2.3432 13.6568
vt 3.2396 11.6528
vt 1.6528 12.8704
vt 2.804 11
vt 1.072 12
vt 2.4566 10.2962
vt 0.6087999 11.0616
vt 2.2046 9.5528
vt 0.2728 10.0704
vt 2.0516 8.783
vt 0.06879997 9.044
vt 2 8
vt 0 8
vt 2.0516 7.217
vt 0.06879997 6.956
vt 2.2046 6.4472
vt 0.2728 5.9296
vt 2.4566 5.7038
vt 0.6087999 4.9384
vt 2.804 5
vt 1.072 4
vt 3.2396 4.3472
vt 1.6528 3.1296
vt 3.7574 3.7574
vt 2.3432 2.3432
vt 4.3472 3.2396
vt 3.1296 1.6528
vt 5 2.804
vt 4 1.072
vt 5.7038 2.4566
vt 4.9384 0.6087999
vt 6.4472 2.2046
vt 5.9296 0.2728
vt 7.217 2.0516
vt 6.956 0.06879997
vt 8 2
vt 8 0
vt 8.783 2.0516
vt 9.044 0.06879997
vt 9.5528 2.2046
vt 10.0704 0.2728
vt 10.2962 2.4566
vt 11.0616 0.6087999
vt 11 2.804
vt 12 1.072
vt 11.6528 3.2396
vt 12.8704 1.6528
vt 12.2426 3.7574
vt 13.6568 2.3432
vt 12.7604 4.3472
vt 14.3472 3.1296
vt 13.196 5
vt 14.928 4
vt 13.5434 5.7038
vt 15.3912 4.9384
vt 13.7954 6.4472
vt 15.7272 5.9296
vt 13.9484 7.217
vt 15.9312 6.956
vt 14 8
vt 16 8
vt 13.9484 8.783
vt 15.9312 9.044
vt 13.7954 9.5528
vt 15.7272 10.0704
vt 13.5434 10.2962
vt 15.3912 11.0616
vt 13.196 11
vt 14.928 12
vt 12.7604 11.6528
vt 14.3472 12.8704
vt 12.2426 12.2426
vt 13.6568 13.6568
vt 11.6528 12.7604
vt 12.8704 14.3472
vt 11 13.196
vt 12 14.928
vt 10.2962 13.5434
vt 11.0616 15.3912
vt 9.5528 13.7954
vt 10.0704 15.7272
vt 8.783 13.9484
vt 9.044 15.9312
vt 3.217 -1.9484
vt 4 -2
vt 4 4
vt 2.4472 -1.7954
vt 1.7038 -1.5434
vt 1 -1.196
vt 0.3471999 -0.7603998
vt -0.2426 -0.2426
vt -0.7603998 0.3471999
vt -1.196 1
vt -1.5434 1.7038
vt -1.7954 2.4472
vt -1.9484 3.217
vt -2 4
vt -1.9484 4.783
vt -1.7954 5.5528
vt -1.5434 6.2962
vt -1.196 7
vt -0.7603998 7.6528
vt -0.2426 8.242599
vt 0.3471999 8.7604
vt 1 9.196
vt 1.7038 9.5434
vt 2.4472 9.795401
vt 3.217 9.9484
vt 4 10
vt 4.783 9.9484
vt 5.5528 9.795401
vt 6.2962 9.5434
vt 7 9.196
vt 7.6528 8.7604
vt 8.242599 8.242599
vt 8.7604 7.6528
vt 9.196 7
vt 9.5434 6.2962
vt 9.795401 5.5528
vt 9.9484 4.783
vt 10 4
vt 9.9484 3.217
vt 9.795401 2.4472
vt 9.5434 1.7038
vt 9.196 1
vt 8.7604 0.3471999
vt 8.242599 -0.2426
vt 7.6528 -0.7603998
vt 7 -1.196
vt 6.2962 -1.5434
vt 5.5528 -1.7954
vt 4.783 -1.9484
vt 2.0516 -6.7314
vt 2 -6
vt -2 -6
vt -1.9484 -6.7314
vt 2.2046 -7.3482
vt -1.7954 -7.3482
vt 2.4566 -7.8396
vt -1.5434 -7.8396
vt 2.804 -8.196
vt -1.196 -8.196
vt 3.2396 -8.4132
vt -0.7603998 -8.4132
vt 3.7574 -8.4852
vt -0.2426 -8.4852
vt 3.2396 -8.4132
vt -0.7603998 -8.4132
vt 2.804 -8.196
vt -1.196 -8.196
vt 2.4566 -7.8396
vt -1.5434 -7.8396
vt 2.2046 -7.3482
vt -1.7954 -7.3482
vt 2.0516 -6.7314
vt -1.9484 -6.7314
vt 2 -6
vt -2 -6
vt 2.0516 -5.1654
vt -1.9484 -5.1654
vt 2.2046 -4.2426
vt -1.7954 -4.2426
vt 2.4566 -3.2472
vt -1.5434 -3.2472
vt 2.804 -2.196
vt -1.196 -2.196
vt 3.2396 -1.1076
vt -0.7603998 -1.1076
vt 3.7574 0
vt -0.2426 0
vt 4.3472 1.1076
vt 0.3471999 1.1076
vt 5 2.196
vt 1 2.196
vt 5.7038 3.2472
vt 1.7038 3.2472
vt 6.4472 4.2426
vt 2.4472 4.2426
vt 7.217 5.1654
vt 3.217 5.1654
vt 8 6
vt 10 6
vt 13.9484 6.7314
vt 9.9484 6.7314
vt 13.7954 7.3482
vt 9.795401 7.3482
vt 13.5434 7.8396
vt 9.5434 7.8396
vt 13.196 8.196
vt 9.196 8.196
vt 12.7604 8.4132
vt 8.7604 8.4132
vt 12.2426 8.4852
vt 8.242599 8.4852
vt 12.7604 8.4132
vt 8.7604 8.4132
vt 13.196 8.196
vt 9.196 8.196
vt 13.5434 7.8396
vt 9.5434 7.8396
vt 13.7954 7.3482
vt 9.795401 7.3482
vt 13.9484 6.7314
vt 9.9484 6.7314
vt 14 6
vt 4 6
vt 7.217 5.1654
vt 3.217 5.1654
vt 6.4472 4.2426
vt 2.4472 4.2426
vt 5.7038 3.2472
vt 1.7038 3.2472
vt 5 2.196
vt 1 2.196
vt 4.3472 1.1076
vt 0.3471999 1.1076
vt 3.7574 0
vt -0.2426 0
vt 3.2396 -1.1076
vt -0.7603998 -1.1076
vt 2.804 -2.196
vt -1.196 -2.196
vt 2.4566 -3.2472
vt -1.5434 -3.2472
vt 2.2046 -4.2426
vt -1.7954 -4.2426
vt 2.0516 -5.1654
vt -1.9484 -5.1654
vt 6.8255 -0.9225998
vt 8 -1
vt 5.6708 -0.6931
vt 4.5557 -0.3150997
vt 3.5 0.2059999
vt 2.5208 0.8593998
vt 1.6361 1.6361
vt 0.8593998 2.5208
vt 0.2059999 3.5
vt -0.3150997 4.5557
vt -0.6931 5.6708
vt -0.9225998 6.8255
vt -1 8
vt -0.9225998 9.1745
vt -0.6931 10.3292
vt -0.3150997 11.4443
vt 0.2059999 12.5
vt 0.8593998 13.4792
vt 1.6361 14.3639
vt 2.5208 15.1406
vt 3.5 15.794
vt 4.5557 16.3151
vt 5.6708 16.6931
vt 6.8255 16.9226
vt 8 17
vt 9.1745 16.9226
vt 10.3292 16.6931
vt 11.4443 16.3151
vt 12.5 15.794
vt 13.4792 15.1406
vt 14.3639 14.3639
vt 15.1406 13.4792
vt 15.794 12.5
vt 16.3151 11.4443
vt 16.6931 10.3292
vt 16.9226 9.1745
vt 17 8
vt 16.9226 6.8255
vt 16.6931 5.6708
vt 16.3151 4.5557
vt 15.794 3.5
vt 15.1406 2.5208
vt 14.3639 1.6361
vt 13.4792 0.8593998
vt 12.5 0.2059999
vt 11.4443 -0.3150997
vt 10.3292 -0.6931
vt 9.1745 -0.9225998
vt 16.9226 7.7481
vt 17 9
vt 16 9
vt 15.9226 7.7481
vt 16.6931 6.3639
vt 15.6931 6.3639
vt 16.3151 4.8708
vt 15.3151 4.8708
vt 15.794 3.294
vt 14.794 3.294
vt 15.1406 1.6614
vt 14.1406 1.6614
vt 14.3639 0
vt 13.3639 0
vt 13.4792 -1.6614
vt 12.4792 -1.6614
vt 12.5 -3.294
vt 11.5 -3.294
vt 11.4443 -4.8708
vt 10.4443 -4.8708
vt 10.3292 -6.3639
vt 9.3292 -6.3639
vt 9.1745 -7.7481
vt 8.1745 -7.7481
vt 8 -9
vt -2 -9
vt -0.9225998 -10.0971
vt -1.9226 -10.0971
vt -0.6931 -11.0223
vt -1.6931 -11.0223
vt -0.3150997 -11.7594
vt -1.3151 -11.7594
vt 0.2059999 -12.294
vt -0.7940001 -12.294
vt 0.8594003 -12.6198
vt -0.1405997 -12.6198
vt 1.6361 -12.7278
vt 0.6361003 -12.7278
vt 0.8594003 -12.6198
vt -0.1405997 -12.6198
vt 0.2059999 -12.294
vt -0.7940001 -12.294
vt -0.3150997 -11.7594
vt -1.3151 -11.7594
vt -0.6931 -11.0223
vt -1.6931 -11.0223
vt -0.9225998 -10.0971
vt -1.9226 -10.0971
vt -1 -9
vt 7 -9
vt 9.1745 -7.7481
vt 8.1745 -7.7481
vt 10.3292 -6.3639
vt 9.3292 -6.3639
vt 11.4443 -4.8708
vt 10.4443 -4.8708
vt 12.5 -3.294
vt 11.5 -3.294
vt 13.4792 -1.6614
vt 12.4792 -1.6614
vt 14.3639 0
vt 13.3639 0
vt 15.1406 1.6614
vt 14.1406 1.6614
vt 15.794 3.294
vt 14.794 3.294
vt 16.3151 4.8708
vt 15.3151 4.8708
vt 16.6931 6.3639
vt 15.6931 6.3639
vt 16.9226 7.7481
vt 15.9226 7.7481
vt 17 9
vt 16 9
vt 16.9226 10.0971
vt 15.9226 10.0971
vt 16.6931 11.0223
vt 15.6931 11.0223
vt 16.3151 11.7594
vt 15.3151 11.7594
vt 15.794 12.294
vt 14.794 12.294
vt 15.1406 12.6198
vt 14.1406 12.6198
vt 14.3639 12.7278
vt 13.3639 12.7278
vt 15.1406 12.6198
vt 14.1406 12.6198
vt 15.794 12.294
vt 14.794 12.294
vt 16.3151 11.7594
vt 15.3151 11.7594
vt 16.6931 11.0223
vt 15.6931 11.0223
vt 16.9226 10.0971
vt 15.9226 10.0971
vt 7 -2
vt 5.8255 -1.9226
vt 5.695 -2.914
vt 7 -3
vt 4.6708 -1.6931
vt 4.412 -2.659
vt 3.5557 -1.3151
vt 3.173 -2.239
vt 2.5 -0.7940001
vt 2 -1.66
vt 1.5208 -0.1406002
vt 0.9120002 -0.934
vt 0.6360998 0.6360998
vt -0.0710001 -0.0710001
vt -0.1406002 1.5208
vt -0.934 0.9120002
vt -0.7940001 2.5
vt -1.66 2
vt -1.3151 3.5557
vt -2.239 3.173
vt -1.6931 4.6708
vt -2.659 4.412
vt -1.9226 5.8255
vt -2.914 5.695
vt -2 7
vt -3 7
vt -1.9226 8.1745
vt -2.914 8.305
vt -1.6931 9.3292
vt -2.659 9.588
vt -1.3151 10.4443
vt -2.239 10.827
vt -0.7940001 11.5
vt -1.66 12
vt -0.1406002 12.4792
vt -0.934 13.088
vt 0.6360998 13.3639
vt -0.0710001 14.071
vt 1.5208 14.1406
vt 0.9120002 14.934
vt 2.5 14.794
vt 2 15.66
vt 3.5557 15.3151
vt 3.173 16.239
vt 4.6708 15.6931
vt 4.412 16.659
vt 5.8255 15.9226
vt 5.695 16.914
vt 7 16
vt 7 17
vt 8.1745 15.9226
vt 8.305 16.914
vt 9.3292 15.6931
vt 9.588 16.659
vt 10.4443 15.3151
vt 10.827 16.239
vt 11.5 14.794
vt 12 15.66
vt 12.4792 14.1406
vt 13.088 14.934
vt 13.3639 13.3639
vt 14.071 14.071
vt 14.1406 12.4792
vt 14.934 13.088
vt 14.794 11.5
vt 15.66 12
vt 15.3151 10.4443
vt 16.239 10.827
vt 15.6931 9.3292
vt 16.659 9.588
vt 15.9226 8.1745
vt 16.914 8.305
vt 16 7
vt 17 7
vt 15.9226 5.8255
vt 16.914 5.695
vt 15.6931 4.6708
vt 16.659 4.412
vt 15.3151 3.5557
vt 16.239 3.173
vt 14.794 2.5
vt 15.66 2
vt 14.1406 1.5208
vt 14.934 0.9120002
vt 13.3639 0.6360998
vt 14.071 -0.0710001
vt 12.4792 -0.1406002
vt 13.088 -0.934
vt 11.5 -0.7940001
vt 12 -1.66
vt 10.4443 -1.3151
vt 10.827 -2.239
vt 9.3292 -1.6931
vt 9.588 -2.659
vt 8.1745 -1.9226
vt 8.305 -2.914
vt 16.914 8.608999
vt 17 10
vt 10.5 10
vt 10.414 8.608999
vt 16.659 7.071
vt 10.159 7.071
vt 16.239 5.412001
vt 9.739 5.412001
vt 15.66 3.66
vt 9.16 3.66
vt 14.934 1.846
vt 8.434 1.846
vt 14.071 0
vt 7.571 0
vt 13.088 -1.846
vt 6.588 -1.846
vt 12 -3.66
vt 5.5 -3.66
vt 10.827 -5.412001
vt 4.327 -5.412001
vt 9.588 -7.071
vt 3.088 -7.071
vt 8.305 -8.608999
vt 1.805 -8.608999
vt 7 -10
vt -9.5 -10
vt -2.914 -11.219
vt -9.414 -11.219
vt -2.659 -12.247
vt -9.159 -12.247
vt -2.239 -13.066
vt -8.739 -13.066
vt -1.66 -13.66
vt -8.16 -13.66
vt -0.934 -14.022
vt -7.434 -14.022
vt -0.07099962 -14.142
vt -6.571 -14.142
vt -0.934 -14.022
vt -7.434 -14.022
vt -1.66 -13.66
vt -8.16 -13.66
vt -2.239 -13.066
vt -8.739 -13.066
vt -2.659 -12.247
vt -9.159 -12.247
vt -2.914 -11.219
vt -9.414 -11.219
vt -3 -10
vt 0.5 -10
vt 8.305 -8.608999
vt 1.805 -8.608999
vt 9.588 -7.071
vt 3.088 -7.071
vt 10.827 -5.412001
vt 4.327 -5.412001
vt 12 -3.66
vt 5.5 -3.66
vt 13.088 -1.846
vt 6.588 -1.846
vt 14.071 0
vt 7.571 0
vt 14.934 1.846
vt 8.434 1.846
vt 15.66 3.66
vt 9.16 3.66
vt 16.239 5.412001
vt 9.739 5.412001
vt 16.659 7.071
vt 10.159 7.071
vt 16.914 8.608999
vt 10.414 8.608999
vt 17 10
vt 10.5 10
vt 16.914 11.219
vt 10.414 11.219
vt 16.659 12.247
vt 10.159 12.247
vt 16.239 13.066
vt 9.739 13.066
vt 15.66 13.66
vt 9.16 13.66
vt 14.934 14.022
vt 8.434 14.022
vt 14.071 14.142
vt 7.571 14.142
vt 14.934 14.022
vt 8.434 14.022
vt 15.66 13.66
vt 9.16 13.66
vt 16.239 13.066
vt 9.739 13.066
vt 16.659 12.247
vt 10.159 12.247
vt 16.914 11.219
vt 10.414 11.219
vt -1.1745 8.9226
vt -1.23975 9.4183
vt 9.5 9.5
vt 0 9
vt -2.3292 8.6931
vt -2.4586 9.17605
vt -3.4443 8.3151
vt -3.63565 8.77705
vt -4.5 7.794
vt 8.227 3.477
vt -5.4792 7.1406
vt -5.7836 7.5373
vt -6.3639 6.3639
vt -6.71745 6.71745
vt -7.1406 5.4792
vt -7.5373 5.7836
vt -7.794 4.5
vt 4.75 -3.477
vt -8.3151 3.4443
vt -8.77705 3.63565
vt -8.6931 2.3292
vt -9.17605 2.4586
vt -8.9226 1.1745
vt -9.4183 1.23975
vt -9 0
vt 0 -9.5
vt -8.9226 -1.1745
vt -9.4183 -1.23975
vt -8.6931 -2.3292
vt -9.17605 -2.4586
vt -8.3151 -3.4443
vt -8.77705 -3.63565
vt -7.794 -4.5
vt -4.75 -12.977
vt -7.1406 -5.4792
vt -7.5373 -5.7836
vt -6.3639 -6.3639
vt -6.71745 -6.71745
vt -5.4792 -7.1406
vt -5.7836 -7.5373
vt -4.5 -7.794
vt -4.75 -12.977
vt -3.4443 -8.3151
vt -3.63565 -8.77705
vt -2.3292 -8.6931
vt -2.4586 -9.17605
vt -1.1745 -8.9226
vt -1.23975 -9.4183
vt 0 -9
vt 0 -9.5
vt 1.1745 -8.9226
vt 1.23975 -9.4183
vt 2.3292 -8.6931
vt 2.4586 -9.17605
vt 3.4443 -8.3151
vt 3.63565 -8.77705
vt 4.5 -7.794
vt 4.75 -3.477
vt 5.4792 -7.1406
vt 5.7836 -7.5373
vt 6.3639 -6.3639
vt 6.71745 -6.71745
vt 7.1406 -5.4792
vt 7.5373 -5.7836
vt 7.794 -4.5
vt 8.227 3.477
vt 8.3151 -3.4443
vt 8.77705 -3.63565
vt 8.6931 -2.3292
vt 9.17605 -2.4586
vt 8.9226 -1.1745
vt 9.4183 -1.23975
vt 9 0
vt 9.5 9.5
vt 8.9226 1.1745
vt 9.4183 1.23975
vt 8.6931 2.3292
vt 9.17605 2.4586
vt 8.3151 3.4443
vt 8.77705 3.63565
vt 7.794 4.5
vt 8.227 12.977
vt 7.1406 5.4792
vt 7.5373 5.7836
vt 6.3639 6.3639
vt 6.71745 6.71745
vt 5.4792 7.1406
vt 5.7836 7.5373
vt 4.5 7.794
vt 8.227 12.977
vt 3.4443 8.3151
vt 3.63565 8.77705
vt 2.3292 8.6931
vt 2.4586 9.17605
vt 1.1745 8.9226
vt 1.23975 9.4183
vt -1.2252 -10.868
vt -1.2347 -10.6495
vt 0.03830001 -9.69
vt -1.1397 -11.0485
vt 0.1428 -9.8515
vt -0.9972 -11.1815
vt 0.3043 -9.9655
vt -0.7977 -11.2195
vt 0.5038 -10.0035
vt -2.4697 -11.8655
vt -2.4602 -11.6375
vt -2.4032 -12.065
vt -2.2702 -12.198
vt -9.1577 -12.2455
vt -3.6667 -12.654
vt -3.6287 -12.407
vt -3.6287 -12.8725
vt -3.5052 -13.015
vt -8.7302 -13.0625
vt -4.8067 -13.2335
vt -4.7782 -13.452
vt -8.321699 -13.604
vt -8.160199 -13.661
vt -5.8612 -13.585
vt -5.7757 -13.3095
vt -5.8517 -13.813
vt -7.5997 -13.965
vt -7.4287 -14.0125
vt -6.8112 -13.699
vt -6.7162 -13.433
vt -6.8207 -13.927
vt -6.7352 -14.079
vt -6.5642 -14.136
vt -5.8612 -13.585
vt -5.7852 -13.319
vt -5.8517 -13.813
vt -7.5997 -13.965
vt -7.4287 -14.022
vt -4.8067 -13.2335
vt -4.7877 -13.4615
vt -8.321699 -13.604
vt -8.1507 -13.6515
vt -3.6667 -12.654
vt -3.6382 -12.4165
vt -3.6287 -12.8725
vt -3.5052 -13.0055
vt -8.7302 -13.0625
vt -2.4697 -11.8655
vt -2.4602 -11.6375
vt -2.4032 -12.065
vt -2.2702 -12.198
vt -9.1482 -12.236
vt -1.2252 -10.868
vt -1.2442 -10.659
vt -1.1397 -11.0485
vt -0.9972 -11.172
vt -0.7977 -11.21
vt 0.03830001 -9.69
vt 0.1428 -9.8515
vt 0.3043 -9.955999
vt 0.5038 -9.993999
vt 1.3018 -8.340999
vt 1.2448 -8.17
vt 1.4253 -8.4835
vt 1.6058 -8.568999
vt 1.8053 -8.606999
vt 2.5463 -6.849499
vt 2.4608 -6.7165
vt 2.6888 -6.973
vt 2.8788 -7.049
vt 3.0878 -7.068001
vt 3.7433 -5.243999
vt 3.6388 -5.1395
vt 3.9143 -5.3295
vt 4.1138 -5.3865
vt 4.3323 -5.4055
vt 4.8833 -3.543499
vt 5.0733 -3.6005
vt 5.2823 -3.648
vt 5.5008 -3.6575
vt 5.9378 -1.786
vt 5.7858 -1.748
vt 6.1373 -1.824
vt 6.3653 -1.843
vt 6.5933 -1.843
vt 6.8878 0
vt 6.7168 0
vt 7.1063 0
vt 7.3438 0
vt 7.5718 0
vt 7.7238 1.786
vt 7.5338 1.7575
vt 7.961299 1.824
vt 8.2083 1.843
vt 8.4363 1.8525
vt 8.426799 3.543499
vt 8.6738 3.61
vt 8.9303 3.648
vt 9.1678 3.667
vt 8.987299 5.243999
vt 8.7783 5.149
vt 9.2438 5.3295
vt 9.5098 5.396
vt 9.737801 5.4055
vt 9.395799 6.849499
vt 9.1773 6.7165
vt 9.6618 6.973
vt 9.9278 7.049
vt 10.1653 7.0775
vt 9.642798 8.340999
vt 9.414801 8.179501
vt 9.9088 8.4835
vt 10.1843 8.578499
vt 10.4218 8.6165
vt 9.728299 9.69
vt 9.9943 9.8515
vt 10.2698 9.9655
vt 10.5073 10.0035
vt 9.642798 10.868
vt 9.414801 10.6495
vt 9.9088 11.0485
vt 10.1843 11.1815
vt 10.4218 11.2195
vt 9.395799 11.8655
vt 9.1773 11.6375
vt 9.6618 12.065
vt 9.9278 12.198
vt 10.1653 12.2455
vt 8.987299 12.654
vt 8.7783 12.407
vt 9.2438 12.8725
vt 9.5098 13.015
vt 9.737801 13.0625
vt 8.426799 13.2335
vt 8.6738 13.452
vt 8.9303 13.604
vt 9.1678 13.661
vt 7.7238 13.585
vt 7.5338 13.3095
vt 7.961299 13.813
vt 8.2083 13.965
vt 8.4363 14.0125
vt 6.8878 13.699
vt 6.7168 13.433
vt 7.1063 13.927
vt 7.3438 14.079
vt 7.5718 14.136
vt 7.7238 13.585
vt 7.5338 13.319
vt 7.961299 13.813
vt 8.2083 13.965
vt 8.4363 14.022
vt 8.426799 13.2335
vt 8.6738 13.4615
vt 8.9303 13.604
vt 9.1583 13.6515
vt 8.987299 12.654
vt 8.7783 12.4165
vt 9.2438 12.8725
vt 9.5003 13.0055
vt 9.737801 13.0625
vt 9.395799 11.8655
vt 9.1773 11.6375
vt 9.6618 12.065
vt 9.9278 12.198
vt 10.1558 12.236
vt 9.642798 10.868
vt 9.414801 10.659
vt 9.9088 11.0485
vt 10.1748 11.172
vt 10.4123 11.21
vt 9.728299 9.69
vt 9.9943 9.8515
vt 10.2603 9.955999
vt 10.4978 9.993999
vt 9.642798 8.340999
vt 9.414801 8.17
vt 9.9088 8.4835
vt 10.1748 8.568999
vt 10.4123 8.606999
vt 9.395799 6.849499
vt 9.1773 6.7165
vt 9.6618 6.973
vt 9.9278 7.049
vt 10.1558 7.068001
vt 8.987299 5.243999
vt 8.7783 5.1395
vt 9.2438 5.3295
vt 9.5003 5.3865
vt 9.737801 5.4055
vt 8.426799 3.543499
vt 8.6738 3.6005
vt 8.9303 3.648
vt 9.1583 3.6575
vt 7.7238 1.786
vt 7.5338 1.748
vt 7.961299 1.824
vt 8.2083 1.843
vt 8.4363 1.843
vt 6.8878 0
vt 6.7168 0
vt 7.1063 0
vt 7.3438 0
vt 7.5718 0
vt 5.9378 -1.786
vt 5.7763 -1.7575
vt 6.1373 -1.824
vt 6.3653 -1.843
vt 6.5838 -1.8525
vt 4.8833 -3.543499
vt 5.0638 -3.61
vt 5.2823 -3.648
vt 5.5008 -3.667
vt 3.7433 -5.243999
vt 3.6293 -5.149
vt 3.9143 -5.3295
vt 4.1138 -5.396
vt 4.3323 -5.4055
vt 2.5463 -6.849499
vt 2.4608 -6.7165
vt 2.6888 -6.973
vt 2.8788 -7.049
vt 3.0878 -7.0775
vt 1.3018 -8.340999
vt 1.2353 -8.179501
vt 1.4253 -8.4835
vt 1.6058 -8.578499
vt 1.8053 -8.6165
vt 0 0
usemtl 46
f 1/1/1 2/2/2 3/3/3
f 3/3/3 4/4/4 1/1/1
f 2/2/2 5/5/5 6/6/6
f 6/6/6 3/3/3 2/2/2
f 5/5/5 7/7/7 8/8/8
f 8/8/8 6/6/6 5/5/5
f 7/7/7 9/9/9 10/10/10
f 10/10/10 8/8/8 7/7/7
f 9/9/9 11/11/11 12/12/12
f 12/12/12 10/10/10 9/9/9
f 11/11/11 13/13/13 14/14/14
f 14/14/14 12/12/12 11/11/11
f 13/13/13 15/15/15 16/16/16
f 16/16/16 14/14/14 13/13/13
f 15/15/15 17/17/17 18/18/18
f 18/18/18 16/16/16 15/15/15
f 17/17/17 19/19/19 20/20/20
f 20/20/20 18/18/18 17/17/17
f 19/19/19 21/21/21 22/22/22
f 22/22/22 20/20/20 19/19/19
f 21/21/21 23/23/23 24/24/24
f 24/24/24 22/22/22 21/21/21
f 23/23/23 25/25/25 26/26/26
f 26/26/26 24/24/24 23/23/23
f 25/25/25 27/27/27 28/28/28
f 28/28/28 26/26/26 25/25/25
f 27/27/27 29/29/29 30/30/30
f 30/30/30 28/28/28 27/27/27
f 29/29/29 31/31/31 32/32/32
f 32/32/32 30/30/30 29/29/29
f 31/31/31 33/33/33 34/34/34
f 34/34/34 32/32/32 31/31/31
f 33/33/33 35/35/35 36/36/36
f 36/36/36 34/34/34 33/33/33
f 35/35/35 37/37/37 38/38/38
f 38/38/38 36/36/36 35/35/35
f 37/37/37 39/39/39 40/40/40
f 40/40/40 38/38/38 37/37/37
f 39/39/39 41/41/41 42/42/42
f 42/42/42 40/40/40 39/39/39
f 41/41/41 43/43/43 44/44/44
f 44/44/44 42/42/42 41/41/41
f 43/43/43 45/45/45 46/46/46
f 46/46/46 44/44/44 43/43/43
f 45/45/45 47/47/47 48/48/48
f 48/48/48 46/46/46 45/45/45
f 47/47/47 49/49/49 50/50/50
f 50/50/50 48/48/48 47/47/47
f 49/49/49 51/51/51 52/52/52
f 52/52/52 50/50/50 49/49/49
f 51/51/51 53/53/53 54/54/54
f 54/54/54 52/52/52 51/51/51
f 53/53/53 55/55/55 56/56/56
f 56/56/56 54/54/54 53/53/53
f 55/55/55 57/57/57 58/58/58
f 58/58/58 56/56/56 55/55/55
f 57/57/57 59/59/59 60/60/60
f 60/60/60 58/58/58 57/57/57
f 59/59/59 61/61/61 62/62/62
f 62/62/62 60/60/60 59/59/59
f 61/61/61 63/63/63 64/64/64
f 64/64/64 62/62/62 61/61/61
f 63/63/63 65/65/65 66/66/66
f 66/66/66 64/64/64 63/63/63
f 65/65/65 67/67/67 68/68/68
f 68/68/68 66/66/66 65/65/65
f 67/67/67 69/69/69 70/70/70
f 70/70/70 68/68/68 67/67/67
f 69/69/69 71/71/71 72/72/72
f 72/72/72 70/70/70 69/69/69
f 71/71/71 73/73/73 74/74/74
f 74/74/74 72/72/72 71/71/71
f 73/73/73 75/75/75 76/76/76
f 76/76/76 74/74/74 73/73/73
f 75/75/75 77/77/77 78/78/78
f 78/78/78 76/76/76 75/75/75
f 77/77/77 79/79/79 80/80/80
f 80/80/80 78/78/78 77/77/77
f 79/79/79 81/81/81 82/82/82
f 82/82/82 80/80/80 79/79/79
f 81/81/81 83/83/83 84/84/84
f 84/84/84 82/82/82 81/81/81
f 83/83/83 85/85/85 86/86/86
f 86/86/86 84/84/84 83/83/83
f 85/85/85 87/87/87 88/88/88
f 88/88/88 86/86/86 85/85/85
f 87/87/87 89/89/89 90/90/90
f 90/90/90 88/88/88 87/87/87
f 89/89/89 91/91/91 92/92/92
f 92/92/92 90/90/90 89/89/89
f 91/91/91 93/93/93 94/94/94
f 94/94/94 92/92/92 91/91/91
f 93/93/93 95/95/95 96/96/96
f 96/96/96 94/94/94 93/93/93
f 95/95/95 1/1/1 4/4/4
f 4/4/4 96/96/96 95/95/95
f 99/99/99 98/98/98 97/97/97
f 99/99/99 97/97/97 100/100/100
f 99/99/99 100/100/100 101/101/101
f 99/99/99 101/101/101 102/102/102
f 99/99/99 102/102/102 103/103/103
f 99/99/99 103/103/103 104/104/104
f 99/99/99 104/104/104 105/105/105
f 99/99/99 105/105/105 106/106/106
f 99/99/99 106/106/106 107/107/107
f 99/99/99 107/107/107 108/108/108
f 99/99/99 108/108/108 109/109/109
f 99/99/99 109/109/109 110/110/110
f 99/99/99 110/110/110 111/111/111
f 99/99/99 111/111/111 112/112/112
f 99/99/99 112/112/112 113/113/113
f 99/99/99 113/113/113 114/114/114
f 99/99/99 114/114/114 115/115/115
f 99/99/99 115/115/115 116/116/116
f 99/99/99 116/116/116 117/117/117
f 99/99/99 117/117/117 118/118/118
f 99/99/99 118/118/118 119/119/119
f 99/99/99 119/119/119 120/120/120
f 99/99/99 120/120/120 121/121/121
f 99/99/99 121/121/121 122/122/122
f 99/99/99 122/122/122 123/123/123
f 99/99/99 123/123/123 124/124/124
f 99/99/99 124/124/124 125/125/125
f 99/99/99 125/125/125 126/126/126
f 99/99/99 126/126/126 127/127/127
f 99/99/99 127/127/127 128/128/128
f 99/99/99 128/128/128 129/129/129
f 99/99/99 129/129/129 130/130/130
f 99/99/99 130/130/130 131/131/131
f 99/99/99 131/131/131 132/132/132
f 99/99/99 132/132/132 133/133/133
f 99/99/99 133/133/133 134/134/134
f 99/99/99 134/134/134 135/135/135
f 99/99/99 135/135/135 136/136/136
f 99/99/99 136/136/136 137/137/137
f 99/99/99 137/137/137 138/138/138
f 99/99/99 138/138/138 139/139/139
f 99/99/99 139/139/139 140/140/140
f 99/99/99 140/140/140 141/141/141
f 99/99/99 141/141/141 142/142/142
f 99/99/99 142/142/142 143/143/143
f 99/99/99 143/143/143 144/144/144
f 99/99/99 144/144/144 145/145/145
f 99/99/99 145/145/145 98/98/98
f 148/148/148 147/147/147 146/146/146
f 146/146/146 149/149/149 148/148/148
f 149/149/149 146/146/146 150/150/150
f 150/150/150 151/151/151 149/149/149
f 151/151/151 150/150/150 152/152/152
f 152/152/152 153/153/153 151/151/151
f 153/153/153 152/152/152 154/154/154
f 154/154/154 155/155/155 153/153/153
f 155/155/155 154/154/154 156/156/156
f 156/156/156 157/157/157 155/155/155
f 157/157/157 156/156/156 158/158/158
f 158/158/158 159/159/159 157/157/157
f 159/159/159 158/158/158 160/160/160
f 160/160/160 161/161/161 159/159/159
f 161/161/161 160/160/160 162/162/162
f 162/162/162 163/163/163 161/161/161
f 163/163/163 162/162/162 164/164/164
f 164/164/164 165/165/165 163/163/163
f 165/165/165 164/164/164 166/166/166
f 166/166/166 167/167/167 165/165/165
f 167/167/167 166/166/166 168/168/168
f 168/168/168 169/169/169 167/167/167
f 169/169/169 168/168/168 170/170/170
f 170/170/170 171/171/171 169/169/169
f 171/171/171 170/170/170 172/172/172
f 172/172/172 173/173/173 171/171/171
f 173/173/173 172/172/172 174/174/174
f 174/174/174 175/175/175 173/173/173
f 175/175/175 174/174/174 176/176/176
f 176/176/176 177/177/177 175/175/175
f 177/177/177 176/176/176 178/178/178
f 178/178/178 179/179/179 177/177/177
f 179/179/179 178/178/178 180/180/180
f 180/180/180 181/181/181 179/179/179
f 181/181/181 180/180/180 182/182/182
f 182/182/182 183/183/183 181/181/181
f 183/183/183 182/182/182 184/184/184
f 184/184/184 185/185/185 183/183/183
f 185/185/185 184/184/184 186/186/186
f 186/186/186 187/187/187 185/185/185
f 187/187/187 186/186/186 188/188/188
f 188/188/188 189/189/189 187/187/187
f 189/189/189 188/188/188 190/190/190
f 190/190/190 191/191/191 189/189/189
f 191/191/191 190/190/190 192/192/192
f 192/192/192 193/193/193 191/191/191
f 193/193/193 192/192/192 194/194/194
f 194/194/194 195/195/195 193/193/193
f 195/195/195 194/194/194 196/196/196
f 196/196/196 197/197/197 195/195/195
f 197/197/197 196/196/196 198/198/198
f 198/198/198 199/199/199 197/197/197
f 199/199/199 198/198/198 200/200/200
f 200/200/200 201/201/201 199/199/199
f 201/201/201 200/200/200 202/202/202
f 202/202/202 203/203/203 201/201/201
f 203/203/203 202/202/202 204/204/204
f 204/204/204 205/205/205 203/203/203
f 205/205/205 204/204/204 206/206/206
f 206/206/206 207/207/207 205/205/205
f 207/207/207 206/206/206 208/208/208
f 208/208/208 209/209/209 207/207/207
f 209/209/209 208/208/208 210/210/210
f 210/210/210 211/211/211 209/209/209
f 211/211/211 210/210/210 212/212/212
f 212/212/212 213/213/213 211/211/211
f 213/213/213 212/212/212 214/214/214
f 214/214/214 215/215/215 213/213/213
f 215/215/215 214/214/214 216/216/216
f 216/216/216 217/217/217 215/215/215
f 217/217/217 216/216/216 218/218/218
f 218/218/218 219/219/219 217/217/217
f 219/219/219 218/218/218 220/220/220
f 220/220/220 221/221/221 219/219/219
f 221/221/221 220/220/220 222/222/222
f 222/222/222 223/223/223 221/221/221
f 223/223/223 222/222/222 224/224/224
f 224/224/224 225/225/225 223/223/223
f 225/225/225 224/224/224 226/226/226
f 226/226/226 227/227/227 225/225/225
f 227/227/227 226/226/226 228/228/228
f 228/228/228 229/229/229 227/227/227
f 229/229/229 228/228/228 230/230/230
f 230/230/230 231/231/231 229/229/229
f 231/231/231 230/230/230 232/232/232
f 232/232/232 233/233/233 231/231/231
f 233/233/233 232/232/232 234/234/234
f 234/234/234 235/235/235 233/233/233
f 235/235/235 234/234/234 236/236/236
f 236/236/236 237/237/237 235/235/235
f 237/237/237 236/236/236 238/238/238
f 238/238/238 239/239/239 237/237/237
f 239/239/239 238/238/238 240/240/240
f 240/240/240 241/241/241 239/239/239
f 241/241/241 240/240/240 147/147/147
f 147/147/147 148/148/148 241/241/241
f 243/243/243 242/242/242 48/48/48
f 48/48/48 50/50/50 243/243/243
f 242/242/242 244/244/244 46/46/46
f 46/46/46 48/48/48 242/242/242
f 244/244/244 245/245/245 44/44/44
f 44/44/44 46/46/46 244/244/244
f 245/245/245 246/246/246 42/42/42
f 42/42/42 44/44/44 245/245/245
f 246/246/246 247/247/247 40/40/40
f 40/40/40 42/42/42 246/246/246
f 247/247/247 248/248/248 38/38/38
f 38/38/38 40/40/40 247/247/247
f 248/248/248 249/249/249 36/36/36
f 36/36/36 38/38/38 248/248/248
f 249/249/249 250/250/250 34/34/34
f 34/34/34 36/36/36 249/249/249
f 250/250/250 251/251/251 32/32/32
f 32/32/32 34/34/34 250/250/250
f 251/251/251 252/252/252 30/30/30
f 30/30/30 32/32/32 251/251/251
f 252/252/252 253/253/253 28/28/28
f 28/28/28 30/30/30 252/252/252
f 253/253/253 254/254/254 26/26/26
f 26/26/26 28/28/28 253/253/253
f 254/254/254 255/255/255 24/24/24
f 24/24/24 26/26/26 254/254/254
f 255/255/255 256/256/256 22/22/22
f 22/22/22 24/24/24 255/255/255
f 256/256/256 257/257/257 20/20/20
f 20/20/20 22/22/22 256/256/256
f 257/257/257 258/258/258 18/18/18
f 18/18/18 20/20/20 257/257/257
f 258/258/258 259/259/259 16/16/16
f 16/16/16 18/18/18 258/258/258
f 259/259/259 260/260/260 14/14/14
f 14/14/14 16/16/16 259/259/259
f 260/260/260 261/261/261 12/12/12
f 12/12/12 14/14/14 260/260/260
f 261/261/261 262/262/262 10/10/10
f 10/10/10 12/12/12 261/261/261
f 262/262/262 263/263/263 8/8/8
f 8/8/8 10/10/10 262/262/262
f 263/263/263 264/264/264 6/6/6
f 6/6/6 8/8/8 263/263/263
f 264/264/264 265/265/265 3/3/3
f 3/3/3 6/6/6 264/264/264
f 265/265/265 266/266/266 4/4/4
f 4/4/4 3/3/3 265/265/265
f 266/266/266 267/267/267 96/96/96
f 96/96/96 4/4/4 266/266/266
f 267/267/267 268/268/268 94/94/94
f 94/94/94 96/96/96 267/267/267
f 268/268/268 269/269/269 92/92/92
f 92/92/92 94/94/94 268/268/268
f 269/269/269 270/270/270 90/90/90
f 90/90/90 92/92/92 269/269/269
f 270/270/270 271/271/271 88/88/88
f 88/88/88 90/90/90 270/270/270
f 271/271/271 272/272/272 86/86/86
f 86/86/86 88/88/88 271/271/271
f 272/272/272 273/273/273 84/84/84
f 84/84/84 86/86/86 272/272/272
f 273/273/273 274/274/274 82/82/82
f 82/82/82 84/84/84 273/273/273
f 274/274/274 275/275/275 80/80/80
f 80/80/80 82/82/82 274/274/274
f 275/275/275 276/276/276 78/78/78
f 78/78/78 80/80/80 275/275/275
f 276/276/276 277/277/277 76/76/76
f 76/76/76 78/78/78 276/276/276
f 277/277/277 278/278/278 74/74/74
f 74/74/74 76/76/76 277/277/277
f 278/278/278 279/279/279 72/72/72
f 72/72/72 74/74/74 278/278/278
f 279/279/279 280/280/280 70/70/70
f 70/70/70 72/72/72 279/279/279
f 280/280/280 281/281/281 68/68/68
f 68/68/68 70/70/70 280/280/280
f 281/281/281 282/282/282 66/66/66
f 66/66/66 68/68/68 281/281/281
f 282/282/282 283/283/283 64/64/64
f 64/64/64 66/66/66 282/282/282
f 283/283/283 284/284/284 62/62/62
f 62/62/62 64/64/64 283/283/283
f 284/284/284 285/285/285 60/60/60
f 60/60/60 62/62/62 284/284/284
f 285/285/285 286/286/286 58/58/58
f 58/58/58 60/60/60 285/285/285
f 286/286/286 287/287/287 56/56/56
f 56/56/56 58/58/58 286/286/286
f 287/287/287 288/288/288 54/54/54
f 54/54/54 56/56/56 287/287/287
f 288/288/288 289/289/289 52/52/52
f 52/52/52 54/54/54 288/288/288
f 289/289/289 243/243/243 50/50/50
f 50/50/50 52/52/52 289/289/289
f 292/292/292 291/291/291 290/290/290
f 290/290/290 293/293/293 292/292/292
f 293/293/293 290/290/290 294/294/294
f 294/294/294 295/295/295 293/293/293
f 295/295/295 294/294/294 296/296/296
f 296/296/296 297/297/297 295/295/295
f 297/297/297 296/296/296 298/298/298
f 298/298/298 299/299/299 297/297/297
f 299/299/299 298/298/298 300/300/300
f 300/300/300 301/301/301 299/299/299
f 301/301/301 300/300/300 302/302/302
f 302/302/302 303/303/303 301/301/301
f 303/303/303 302/302/302 304/304/304
f 304/304/304 305/305/305 303/303/303
f 305/305/305 304/304/304 306/306/306
f 306/306/306 307/307/307 305/305/305
f 307/307/307 306/306/306 308/308/308
f 308/308/308 309/309/309 307/307/307
f 309/309/309 308/308/308 310/310/310
f 310/310/310 311/311/311 309/309/309
f 311/311/311 310/310/310 312/312/312
f 312/312/312 313/313/313 311/311/311
f 313/313/313 312/312/312 314/314/314
f 314/314/314 315/315/315 313/313/313
f 315/315/315 314/314/314 316/316/316
f 316/316/316 317/317/317 315/315/315
f 317/317/317 316/316/316 318/318/318
f 318/318/318 319/319/319 317/317/317
f 319/319/319 318/318/318 320/320/320
f 320/320/320 321/321/321 319/319/319
f 321/321/321 320/320/320 322/322/322
f 322/322/322 323/323/323 321/321/321
f 323/323/323 322/322/322 324/324/324
f 324/324/324 325/325/325 323/323/323
f 325/325/325 324/324/324 326/326/326
f 326/326/326 327/327/327 325/325/325
f 327/327/327 326/326/326 328/328/328
f 328/328/328 329/329/329 327/327/327
f 329/329/329 328/328/328 330/330/330
f 330/330/330 331/331/331 329/329/329
f 331/331/331 330/330/330 332/332/332
f 332/332/332 333/333/333 331/331/331
f 333/333/333 332/332/332 334/334/334
f 334/334/334 335/335/335 333/333/333
f 335/335/335 334/334/334 336/336/336
f 336/336/336 337/337/337 335/335/335
f 337/337/337 336/336/336 338/338/338
f 338/338/338 339/339/339 337/337/337
f 339/339/339 338/338/338 340/340/340
f 340/340/340 341/341/341 339/339/339
f 341/341/341 340/340/340 342/342/342
f 342/342/342 343/343/343 341/341/341
f 343/343/343 342/342/342 344/344/344
f 344/344/344 345/345/345 343/343/343
f 345/345/345 344/344/344 346/346/346
f 346/346/346 347/347/347 345/345/345
f 347/347/347 346/346/346 348/348/348
f 348/348/348 349/349/349 347/347/347
f 349/349/349 348/348/348 350/350/350
f 350/350/350 351/351/351 349/349/349
f 351/351/351 350/350/350 352/352/352
f 352/352/352 353/353/353 351/351/351
f 353/353/353 352/352/352 354/354/354
f 354/354/354 355/355/355 353/353/353
f 355/355/355 354/354/354 356/356/356
f 356/356/356 357/357/357 355/355/355
f 357/357/357 356/356/356 358/358/358
f 358/358/358 359/359/359 357/357/357
f 359/359/359 358/358/358 360/360/360
f 360/360/360 361/361/361 359/359/359
f 361/361/361 360/360/360 362/362/362
f 362/362/362 363/363/363 361/361/361
f 363/363/363 362/362/362 364/364/364
f 364/364/364 365/365/365 363/363/363
f 365/365/365 364/364/364 366/366/366
f 366/366/366 367/367/367 365/365/365
f 367/367/367 366/366/366 368/368/368
f 368/368/368 369/369/369 367/367/367
f 369/369/369 368/368/368 370/370/370
f 370/370/370 371/371/371 369/369/369
f 371/371/371 370/370/370 372/372/372
f 372/372/372 373/373/373 371/371/371
f 373/373/373 372/372/372 374/374/374
f 374/374/374 375/375/375 373/373/373
f 375/375/375 374/374/374 376/376/376
f 376/376/376 377/377/377 375/375/375
f 377/377/377 376/376/376 378/378/378
f 378/378/378 379/379/379 377/377/377
f 379/379/379 378/378/378 380/380/380
f 380/380/380 381/381/381 379/379/379
f 381/381/381 380/380/380 382/382/382
f 382/382/382 383/383/383 381/381/381
f 383/383/383 382/382/382 384/384/384
f 384/384/384 385/385/385 383/383/383
f 385/385/385 384/384/384 291/291/291
f 291/291/291 292/292/292 385/385/385
f 388/388/388 387/387/387 386/386/386
f 386/386/386 389/389/389 388/388/388
f 391/391/391 390/390/390 387/387/387
f 387/387/387 388/388/388 391/391/391
f 393/393/393 392/392/392 390/390/390
f 390/390/390 391/391/391 393/393/393
f 395/395/395 394/394/394 392/392/392
f 392/392/392 393/393/393 395/395/395
f 397/397/397 396/396/396 394/394/394
f 394/394/394 395/395/395 397/397/397
f 399/399/399 398/398/398 396/396/396
f 396/396/396 397/397/397 399/399/399
f 401/401/401 400/400/400 398/398/398
f 398/398/398 399/399/399 401/401/401
f 403/403/403 402/402/402 400/400/400
f 400/400/400 401/401/401 403/403/403
f 405/405/405 404/404/404 402/402/402
f 402/402/402 403/403/403 405/405/405
f 407/407/407 406/406/406 404/404/404
f 404/404/404 405/405/405 407/407/407
f 409/409/409 408/408/408 406/406/406
f 406/406/406 407/407/407 409/409/409
f 411/411/411 410/410/410 408/408/408
f 408/408/408 409/409/409 411/411/411
f 413/413/413 412/412/412 410/410/410
f 410/410/410 411/411/411 413/413/413
f 415/415/415 414/414/414 412/412/412
f 412/412/412 413/413/413 415/415/415
f 417/417/417 416/416/416 414/414/414
f 414/414/414 415/415/415 417/417/417
f 419/419/419 418/418/418 416/416/416
f 416/416/416 417/417/417 419/419/419
f 421/421/421 420/420/420 418/418/418
f 418/418/418 419/419/419 421/421/421
f 423/423/423 422/422/422 420/420/420
f 420/420/420 421/421/421 423/423/423
f 425/425/425 424/424/424 422/422/422
f 422/422/422 423/423/423 425/425/425
f 427/427/427 426/426/426 424/424/424
f 424/424/424 425/425/425 427/427/427
f 429/429/429 428/428/428 426/426/426
f 426/426/426 427/427/427 429/429/429
f 431/431/431 430/430/430 428/428/428
f 428/428/428 429/429/429 431/431/431
f 433/433/433 432/432/432 430/430/430
f 430/430/430 431/431/431 433/433/433
f 435/435/435 434/434/434 432/432/432
f 432/432/432 433/433/433 435/435/435
f 437/437/437 436/436/436 434/434/434
f 434/434/434 435/435/435 437/437/437
f 439/439/439 438/438/438 436/436/436
f 436/436/436 437/437/437 439/439/439
f 441/441/441 440/440/440 438/438/438
f 438/438/438 439/439/439 441/441/441
f 443/443/443 442/442/442 440/440/440
f 440/440/440 441/441/441 443/443/443
f 445/445/445 444/444/444 442/442/442
f 442/442/442 443/443/443 445/445/445
f 447/447/447 446/446/446 444/444/444
f 444/444/444 445/445/445 447/447/447
f 449/449/449 448/448/448 446/446/446
f 446/446/446 447/447/447 449/449/449
f 451/451/451 450/450/450 448/448/448
f 448/448/448 449/449/449 451/451/451
f 453/453/453 452/452/452 450/450/450
f 450/450/450 451/451/451 453/453/453
f 455/455/455 454/454/454 452/452/452
f 452/452/452 453/453/453 455/455/455
f 457/457/457 456/456/456 454/454/454
f 454/454/454 455/455/455 457/457/457
f 459/459/459 458/458/458 456/456/456
f 456/456/456 457/457/457 459/459/459
f 461/461/461 460/460/460 458/458/458
f 458/458/458 459/459/459 461/461/461
f 463/463/463 462/462/462 460/460/460
f 460/460/460 461/461/461 463/463/463
f 465/465/465 464/464/464 462/462/462
f 462/462/462 463/463/463 465/465/465
f 467/467/467 466/466/466 464/464/464
f 464/464/464 465/465/465 467/467/467
f 469/469/469 468/468/468 466/466/466
f 466/466/466 467/467/467 469/469/469
f 471/471/471 470/470/470 468/468/468
f 468/468/468 469/469/469 471/471/471
f 473/473/473 472/472/472 470/470/470
f 470/470/470 471/471/471 473/473/473
f 475/475/475 474/474/474 472/472/472
f 472/472/472 473/473/473 475/475/475
f 477/477/477 476/476/476 474/474/474
f 474/474/474 475/475/475 477/477/477
f 479/479/479 478/478/478 476/476/476
f 476/476/476 477/477/477 479/479/479
f 481/481/481 480/480/480 478/478/478
f 478/478/478 479/479/479 481/481/481
f 389/389/389 386/386/386 480/480/480
f 480/480/480 481/481/481 389/389/389
f 484/484/484 483/483/483 482/482/482
f 482/482/482 485/485/485 484/484/484
f 485/485/485 482/482/482 486/486/486
f 486/486/486 487/487/487 485/485/485
f 487/487/487 486/486/486 488/488/488
f 488/488/488 489/489/489 487/487/487
f 489/489/489 488/488/488 490/490/490
f 490/490/490 491/491/491 489/489/489
f 491/491/491 490/490/490 492/492/492
f 492/492/492 493/493/493 491/491/491
f 493/493/493 492/492/492 494/494/494
f 494/494/494 495/495/495 493/493/493
f 495/495/495 494/494/494 496/496/496
f 496/496/496 497/497/497 495/495/495
f 497/497/497 496/496/496 498/498/498
f 498/498/498 499/499/499 497/497/497
f 499/499/499 498/498/498 500/500/500
f 500/500/500 501/501/501 499/499/499
f 501/501/501 500/500/500 502/502/502
f 502/502/502 503/503/503 501/501/501
f 503/503/503 502/502/502 504/504/504
f 504/504/504 505/505/505 503/503/503
f 505/505/505 504/504/504 506/506/506
f 506/506/506 507/507/507 505/505/505
f 507/507/507 506/506/506 508/508/508
f 508/508/508 509/509/509 507/507/507
f 509/509/509 508/508/508 510/510/510
f 510/510/510 511/511/511 509/509/509
f 511/511/511 510/510/510 512/512/512
f 512/512/512 513/513/513 511/511/511
f 513/513/513 512/512/512 514/514/514
f 514/514/514 515/515/515 513/513/513
f 515/515/515 514/514/514 516/516/516
f 516/516/516 517/517/517 515/515/515
f 517/517/517 516/516/516 518/518/518
f 518/518/518 519/519/519 517/517/517
f 519/519/519 518/518/518 520/520/520
f 520/520/520 521/521/521 519/519/519
f 521/521/521 520/520/520 522/522/522
f 522/522/522 523/523/523 521/521/521
f 523/523/523 522/522/522 524/524/524
f 524/524/524 525/525/525 523/523/523
f 525/525/525 524/524/524 526/526/526
f 526/526/526 527/527/527 525/525/525
f 527/527/527 526/526/526 528/528/528
f 528/528/528 529/529/529 527/527/527
f 529/529/529 528/528/528 530/530/530
f 530/530/530 531/531/531 529/529/529
f 531/531/531 530/530/530 532/532/532
f 532/532/532 533/533/533 531/531/531
f 533/533/533 532/532/532 534/534/534
f 534/534/534 535/535/535 533/533/533
f 535/535/535 534/534/534 536/536/536
f 536/536/536 537/537/537 535/535/535
f 537/537/537 536/536/536 538/538/538
f 538/538/538 539/539/539 537/537/537
f 539/539/539 538/538/538 540/540/540
f 540/540/540 541/541/541 539/539/539
f 541/541/541 540/540/540 542/542/542
f 542/542/542 543/543/543 541/541/541
f 543/543/543 542/542/542 544/544/544
f 544/544/544 545/545/545 543/543/543
f 545/545/545 544/544/544 546/546/546
f 546/546/546 547/547/547 545/545/545
f 547/547/547 546/546/546 548/548/548
f 548/548/548 549/549/549 547/547/547
f 549/549/549 548/548/548 550/550/550
f 550/550/550 551/551/551 549/549/549
f 551/551/551 550/550/550 552/552/552
f 552/552/552 553/553/553 551/551/551
f 553/553/553 552/552/552 554/554/554
f 554/554/554 555/555/555 553/553/553
f 555/555/555 554/554/554 556/556/556
f 556/556/556 557/557/557 555/555/555
f 557/557/557 556/556/556 558/558/558
f 558/558/558 559/559/559 557/557/557
f 559/559/559 558/558/558 560/560/560
f 560/560/560 561/561/561 559/559/559
f 561/561/561 560/560/560 562/562/562
f 562/562/562 563/563/563 561/561/561
f 563/563/563 562/562/562 564/564/564
f 564/564/564 565/565/565 563/563/563
f 565/565/565 564/564/564 566/566/566
f 566/566/566 567/567/567 565/565/565
f 567/567/567 566/566/566 568/568/568
f 568/568/568 569/569/569 567/567/567
f 569/569/569 568/568/568 570/570/570
f 570/570/570 571/571/571 569/569/569
f 571/571/571 570/570/570 572/572/572
f 572/572/572 573/573/573 571/571/571
f 573/573/573 572/572/572 574/574/574
f 574/574/574 575/575/575 573/573/573
f 575/575/575 574/574/574 576/576/576
f 576/576/576 577/577/577 575/575/575
f 577/577/577 576/576/576 483/483/483
f 483/483/483 484/484/484 577/577/577
f 580/580/580 579/579/579 578/578/578
f 578/578/578 581/581/581 580/580/580
f 579/579/579 583/583/583 582/582/582
f 582/582/582 578/578/578 579/579/579
f 583/583/583 585/585/585 584/584/584
f 584/584/584 582/582/582 583/583/583
f 585/585/585 587/587/587 586/586/586
f 586/586/586 584/584/584 585/585/585
f 587/587/587 589/589/589 588/588/588
f 588/588/588 586/586/586 587/587/587
f 589/589/589 591/591/591 590/590/590
f 590/590/590 588/588/588 589/589/589
f 591/591/591 593/593/593 592/592/592
f 592/592/592 590/590/590 591/591/591
f 593/593/593 595/595/595 594/594/594
f 594/594/594 592/592/592 593/593/593
f 595/595/595 597/597/597 596/596/596
f 596/596/596 594/594/594 595/595/595
f 597/597/597 599/599/599 598/598/598
f 598/598/598 596/596/596 597/597/597
f 599/599/599 601/601/601 600/600/600
f 600/600/600 598/598/598 599/599/599
f 601/601/601 603/603/603 602/602/602
f 602/602/602 600/600/600 601/601/601
f 603/603/603 605/605/605 604/604/604
f 604/604/604 602/602/602 603/603/603
f 605/605/605 607/607/607 606/606/606
f 606/606/606 604/604/604 605/605/605
f 607/607/607 609/609/609 608/608/608
f 608/608/608 606/606/606 607/607/607
f 609/609/609 611/611/611 610/610/610
f 610/610/610 608/608/608 609/609/609
f 611/611/611 613/613/613 612/612/612
f 612/612/612 610/610/610 611/611/611
f 613/613/613 615/615/615 614/614/614
f 614/614/614 612/612/612 613/613/613
f 615/615/615 617/617/617 616/616/616
f 616/616/616 614/614/614 615/615/615
f 617/617/617 619/619/619 618/618/618
f 618/618/618 616/616/616 617/617/617
f 619/619/619 621/621/621 620/620/620
f 620/620/620 618/618/618 619/619/619
f 621/621/621 623/623/623 622/622/622
f 622/622/622 620/620/620 621/621/621
f 623/623/623 625/625/625 624/624/624
f 624/624/624 622/622/622 623/623/623
f 625/625/625 627/627/627 626/626/626
f 626/626/626 624/624/624 625/625/625
f 627/627/627 629/629/629 628/628/628
f 628/628/628 626/626/626 627/627/627
f 629/629/629 631/631/631 630/630/630
f 630/630/630 628/628/628 629/629/629
f 631/631/631 633/633/633 632/632/632
f 632/632/632 630/630/630 631/631/631
f 633/633/633 635/635/635 634/634/634
f 634/634/634 632/632/632 633/633/633
f 635/635/635 637/637/637 636/636/636
f 636/636/636 634/634/634 635/635/635
f 637/637/637 639/639/639 638/638/638
f 638/638/638 636/636/636 637/637/637
f 639/639/639 641/641/641 640/640/640
f 640/640/640 638/638/638 639/639/639
f 641/641/641 643/643/643 642/642/642
f 642/642/642 640/640/640 641/641/641
f 643/643/643 645/645/645 644/644/644
f 644/644/644 642/642/642 643/643/643
f 645/645/645 647/647/647 646/646/646
f 646/646/646 644/644/644 645/645/645
f 647/647/647 649/649/649 648/648/648
f 648/648/648 646/646/646 647/647/647
f 649/649/649 651/651/651 650/650/650
f 650/650/650 648/648/648 649/649/649
f 651/651/651 653/653/653 652/652/652
f 652/652/652 650/650/650 651/651/651
f 653/653/653 655/655/655 654/654/654
f 654/654/654 652/652/652 653/653/653
f 655/655/655 657/657/657 656/656/656
f 656/656/656 654/654/654 655/655/655
f 657/657/657 659/659/659 658/658/658
f 658/658/658 656/656/656 657/657/657
f 659/659/659 661/661/661 660/660/660
f 660/660/660 658/658/658 659/659/659
f 661/661/661 663/663/663 662/662/662
f 662/662/662 660/660/660 661/661/661
f 663/663/663 665/665/665 664/664/664
f 664/664/664 662/662/662 663/663/663
f 665/665/665 667/667/667 666/666/666
f 666/666/666 664/664/664 665/665/665
f 667/667/667 669/669/669 668/668/668
f 668/668/668 666/666/666 667/667/667
f 669/669/669 671/671/671 670/670/670
f 670/670/670 668/668/668 669/669/669
f 671/671/671 673/673/673 672/672/672
f 672/672/672 670/670/670 671/671/671
f 673/673/673 580/580/580 581/581/581
f 581/581/581 672/672/672 673/673/673
f 675/675/675 674/674/674 627/627/627
f 674/674/674 676/676/676 627/627/627
f 674/674/674 677/677/677 676/676/676
f 677/677/677 678/678/678 676/676/676
f 677/677/677 679/679/679 678/678/678
f 679/679/679 680/680/680 678/678/678
f 679/679/679 681/681/681 680/680/680
f 681/681/681 682/682/682 680/680/680
f 684/684/684 683/683/683 675/675/675
f 683/683/683 674/674/674 675/675/675
f 683/683/683 685/685/685 674/674/674
f 685/685/685 677/677/677 674/674/674
f 685/685/685 686/686/686 677/677/677
f 686/686/686 679/679/679 677/677/677
f 686/686/686 687/687/687 679/679/679
f 687/687/687 681/681/681 679/679/679
f 689/689/689 688/688/688 684/684/684
f 688/688/688 683/683/683 684/684/684
f 688/688/688 690/690/690 683/683/683
f 690/690/690 685/685/685 683/683/683
f 690/690/690 691/691/691 685/685/685
f 691/691/691 686/686/686 685/685/685
f 691/691/691 692/692/692 686/686/686
f 692/692/692 687/687/687 686/686/686
f 619/619/619 693/693/693 689/689/689
f 693/693/693 688/688/688 689/689/689
f 693/693/693 694/694/694 688/688/688
f 694/694/694 690/690/690 688/688/688
f 694/694/694 695/695/695 690/690/690
f 695/695/695 691/691/691 690/690/690
f 695/695/695 696/696/696 691/691/691
f 696/696/696 692/692/692 691/691/691
f 698/698/698 697/697/697 619/619/619
f 697/697/697 693/693/693 619/619/619
f 697/697/697 699/699/699 693/693/693
f 699/699/699 694/694/694 693/693/693
f 699/699/699 700/700/700 694/694/694
f 700/700/700 695/695/695 694/694/694
f 700/700/700 701/701/701 695/695/695
f 701/701/701 696/696/696 695/695/695
f 703/703/703 702/702/702 698/698/698
f 702/702/702 697/697/697 698/698/698
f 702/702/702 704/704/704 697/697/697
f 704/704/704 699/699/699 697/697/697
f 704/704/704 705/705/705 699/699/699
f 705/705/705 700/700/700 699/699/699
f 705/705/705 706/706/706 700/700/700
f 706/706/706 701/701/701 700/700/700
f 708/708/708 707/707/707 703/703/703
f 707/707/707 702/702/702 703/703/703
f 707/707/707 709/709/709 702/702/702
f 709/709/709 704/704/704 702/702/702
f 709/709/709 710/710/710 704/704/704
f 710/710/710 705/705/705 704/704/704
f 710/710/710 711/711/711 705/705/705
f 711/711/711 706/706/706 705/705/705
f 611/611/611 712/712/712 708/708/708
f 712/712/712 707/707/707 708/708/708
f 712/712/712 713/713/713 707/707/707
f 713/713/713 709/709/709 707/707/707
f 713/713/713 714/714/714 709/709/709
f 714/714/714 710/710/710 709/709/709
f 714/714/714 715/715/715 710/710/710
f 715/715/715 711/711/711 710/710/710
f 717/717/717 716/716/716 611/611/611
f 716/716/716 712/712/712 611/611/611
f 716/716/716 718/718/718 712/712/712
f 718/718/718 713/713/713 712/712/712
f 718/718/718 719/719/719 713/713/713
f 719/719/719 714/714/714 713/713/713
f 719/719/719 720/720/720 714/714/714
f 720/720/720 715/715/715 714/714/714
f 722/722/722 721/721/721 717/717/717
f 721/721/721 716/716/716 717/717/717
f 721/721/721 723/723/723 716/716/716
f 723/723/723 718/718/718 716/716/716
f 723/723/723 724/724/724 718/718/718
f 724/724/724 719/719/719 718/718/718
f 724/724/724 725/725/725 719/719/719
f 725/725/725 720/720/720 719/719/719
f 727/727/727 726/726/726 722/722/722
f 726/726/726 721/721/721 722/722/722
f 726/726/726 728/728/728 721/721/721
f 728/728/728 723/723/723 721/721/721
f 728/728/728 729/729/729 723/723/723
f 729/729/729 724/724/724 723/723/723
f 729/729/729 730/730/730 724/724/724
f 730/730/730 725/725/725 724/724/724
f 603/603/603 731/731/731 727/727/727
f 731/731/731 726/726/726 727/727/727
f 731/731/731 732/732/732 726/726/726
f 732/732/732 728/728/728 726/726/726
f 732/732/732 733/733/733 728/728/728
f 733/733/733 729/729/729 728/728/728
f 733/733/733 734/734/734 729/729/729
f 734/734/734 730/730/730 729/729/729
f 736/736/736 735/735/735 603/603/603
f 735/735/735 731/731/731 603/603/603
f 735/735/735 737/737/737 731/731/731
f 737/737/737 732/732/732 731/731/731
f 737/737/737 738/738/738 732/732/732
f 738/738/738 733/733/733 732/732/732
f 738/738/738 739/739/739 733/733/733
f 739/739/739 734/734/734 733/733/733
f 741/741/741 740/740/740 736/736/736
f 740/740/740 735/735/735 736/736/736
f 740/740/740 742/742/742 735/735/735
f 742/742/742 737/737/737 735/735/735
f 742/742/742 743/743/743 737/737/737
f 743/743/743 738/738/738 737/737/737
f 743/743/743 744/744/744 738/738/738
f 744/744/744 739/739/739 738/738/738
f 746/746/746 745/745/745 741/741/741
f 745/745/745 740/740/740 741/741/741
f 745/745/745 747/747/747 740/740/740
f 747/747/747 742/742/742 740/740/740
f 747/747/747 748/748/748 742/742/742
f 748/748/748 743/743/743 742/742/742
f 748/748/748 749/749/749 743/743/743
f 749/749/749 744/744/744 743/743/743
f 595/595/595 750/750/750 746/746/746
f 750/750/750 745/745/745 746/746/746
f 750/750/750 751/751/751 745/745/745
f 751/751/751 747/747/747 745/745/745
f 751/751/751 752/752/752 747/747/747
f 752/752/752 748/748/748 747/747/747
f 752/752/752 753/753/753 748/748/748
f 753/753/753 749/749/749 748/748/748
f 755/755/755 754/754/754 595/595/595
f 754/754/754 750/750/750 595/595/595
f 754/754/754 756/756/756 750/750/750
f 756/756/756 751/751/751 750/750/750
f 756/756/756 757/757/757 751/751/751
f 757/757/757 752/752/752 751/751/751
f 757/757/757 758/758/758 752/752/752
f 758/758/758 753/753/753 752/752/752
f 760/760/760 759/759/759 755/755/755
f 759/759/759 754/754/754 755/755/755
f 759/759/759 761/761/761 754/754/754
f 761/761/761 756/756/756 754/754/754
f 761/761/761 762/762/762 756/756/756
f 762/762/762 757/757/757 756/756/756
f 762/762/762 763/763/763 757/757/757
f 763/763/763 758/758/758 757/757/757
f 765/765/765 764/764/764 760/760/760
f 764/764/764 759/759/759 760/760/760
f 764/764/764 766/766/766 759/759/759
f 766/766/766 761/761/761 759/759/759
f 766/766/766 767/767/767 761/761/761
f 767/767/767 762/762/762 761/761/761
f 767/767/767 768/768/768 762/762/762
f 768/768/768 763/763/763 762/762/762
f 587/587/587 769/769/769 765/765/765
f 769/769/769 764/764/764 765/765/765
f 769/769/769 770/770/770 764/764/764
f 770/770/770 766/766/766 764/764/764
f 770/770/770 771/771/771 766/766/766
f 771/771/771 767/767/767 766/766/766
f 771/771/771 772/772/772 767/767/767
f 772/772/772 768/768/768 767/767/767
f 774/774/774 773/773/773 587/587/587
f 773/773/773 769/769/769 587/587/587
f 773/773/773 775/775/775 769/769/769
f 775/775/775 770/770/770 769/769/769
f 775/775/775 776/776/776 770/770/770
f 776/776/776 771/771/771 770/770/770
f 776/776/776 777/777/777 771/771/771
f 777/777/777 772/772/772 771/771/771
f 779/779/779 778/778/778 774/774/774
f 778/778/778 773/773/773 774/774/774
f 778/778/778 780/780/780 773/773/773
f 780/780/780 775/775/775 773/773/773
f 780/780/780 781/781/781 775/775/775
f 781/781/781 776/776/776 775/775/775
f 781/781/781 782/782/782 776/776/776
f 782/782/782 777/777/777 776/776/776
f 784/784/784 783/783/783 779/779/779
f 783/783/783 778/778/778 779/779/779
f 783/783/783 785/785/785 778/778/778
f 785/785/785 780/780/780 778/778/778
f 785/785/785 786/786/786 780/780/780
f 786/786/786 781/781/781 780/780/780
f 786/786/786 787/787/787 781/781/781
f 787/787/787 782/782/782 781/781/781
f 580/580/580 788/788/788 784/784/784
f 788/788/788 783/783/783 784/784/784
f 788/788/788 789/789/789 783/783/783
f 789/789/789 785/785/785 783/783/783
f 789/789/789 790/790/790 785/785/785
f 790/790/790 786/786/786 785/785/785
f 790/790/790 791/791/791 786/786/786
f 791/791/791 787/787/787 786/786/786
f 793/793/793 792/792/792 580/580/580
f 792/792/792 788/788/788 580/580/580
f 792/792/792 794/794/794 788/788/788
f 794/794/794 789/789/789 788/788/788
f 794/794/794 795/795/795 789/789/789
f 795/795/795 790/790/790 789/789/789
f 795/795/795 796/796/796 790/790/790
f 796/796/796 791/791/791 790/790/790
f 798/798/798 797/797/797 793/793/793
f 797/797/797 792/792/792 793/793/793
f 797/797/797 799/799/799 792/792/792
f 799/799/799 794/794/794 792/792/792
f 799/799/799 800/800/800 794/794/794
f 800/800/800 795/795/795 794/794/794
f 800/800/800 801/801/801 795/795/795
f 801/801/801 796/796/796 795/795/795
f 803/803/803 802/802/802 798/798/798
f 802/802/802 797/797/797 798/798/798
f 802/802/802 804/804/804 797/797/797
f 804/804/804 799/799/799 797/797/797
f 804/804/804 805/805/805 799/799/799
f 805/805/805 800/800/800 799/799/799
f 805/805/805 806/806/806 800/800/800
f 806/806/806 801/801/801 800/800/800
f 667/667/667 807/807/807 803/803/803
f 807/807/807 802/802/802 803/803/803
f 807/807/807 808/808/808 802/802/802
f 808/808/808 804/804/804 802/802/802
f 808/808/808 809/809/809 804/804/804
f 809/809/809 805/805/805 804/804/804
f 809/809/809 810/810/810 805/805/805
f 810/810/810 806/806/806 805/805/805
f 812/812/812 811/811/811 667/667/667
f 811/811/811 807/807/807 667/667/667
f 811/811/811 813/813/813 807/807/807
f 813/813/813 808/808/808 807/807/807
f 813/813/813 814/814/814 808/808/808
f 814/814/814 809/809/809 808/808/808
f 814/814/814 815/815/815 809/809/809
f 815/815/815 810/810/810 809/809/809
f 817/817/817 816/816/816 812/812/812
f 816/816/816 811/811/811 812/812/812
f 816/816/816 818/818/818 811/811/811
f 818/818/818 813/813/813 811/811/811
f 818/818/818 819/819/819 813/813/813
f 819/819/819 814/814/814 813/813/813
f 819/819/819 820/820/820 814/814/814
f 820/820/820 815/815/815 814/814/814
f 822/822/822 821/821/821 817/817/817
f 821/821/821 816/816/816 817/817/817
f 821/821/821 823/823/823 816/816/816
f 823/823/823 818/818/818 816/816/816
f 823/823/823 824/824/824 818/818/818
f 824/824/824 819/819/819 818/818/818
f 824/824/824 825/825/825 819/819/819
f 825/825/825 820/820/820 819/819/819
f 659/659/659 826/826/826 822/822/822
f 826/826/826 821/821/821 822/822/822
f 826/826/826 827/827/827 821/821/821
f 827/827/827 823/823/823 821/821/821
f 827/827/827 828/828/828 823/823/823
f 828/828/828 824/824/824 823/823/823
f 828/828/828 829/829/829 824/824/824
f 829/829/829 825/825/825 824/824/824
f 831/831/831 830/830/830 659/659/659
f 830/830/830 826/826/826 659/659/659
f 830/830/830 832/832/832 826/826/826
f 832/832/832 827/827/827 826/826/826
f 832/832/832 833/833/833 827/827/827
f 833/833/833 828/828/828 827/827/827
f 833/833/833 834/834/834 828/828/828
f 834/834/834 829/829/829 828/828/828
f 836/836/836 835/835/835 831/831/831
f 835/835/835 830/830/830 831/831/831
f 835/835/835 837/837/837 830/830/830
f 837/837/837 832/832/832 830/830/830
f 837/837/837 838/838/838 832/832/832
f 838/838/838 833/833/833 832/832/832
f 838/838/838 839/839/839 833/833/833
f 839/839/839 834/834/834 833/833/833
f 841/841/841 840/840/840 836/836/836
f 840/840/840 835/835/835 836/836/836
f 840/840/840 842/842/842 835/835/835
f 842/842/842 837/837/837 835/835/835
f 842/842/842 843/843/843 837/837/837
f 843/843/843 838/838/838 837/837/837
f 843/843/843 844/844/844 838/838/838
f 844/844/844 839/839/839 838/838/838
f 651/651/651 845/845/845 841/841/841
f 845/845/845 840/840/840 841/841/841
f 845/845/845 846/846/846 840/840/840
f 846/846/846 842/842/842 840/840/840
f 846/846/846 847/847/847 842/842/842
f 847/847/847 843/843/843 842/842/842
f 847/847/847 848/848/848 843/843/843
f 848/848/848 844/844/844 843/843/843
f 850/850/850 849/849/849 651/651/651
f 849/849/849 845/845/845 651/651/651
f 849/849/849 851/851/851 845/845/845
f 851/851/851 846/846/846 845/845/845
f 851/851/851 852/852/852 846/846/846
f 852/852/852 847/847/847 846/846/846
f 852/852/852 853/853/853 847/847/847
f 853/853/853 848/848/848 847/847/847
f 855/855/855 854/854/854 850/850/850
f 854/854/854 849/849/849 850/850/850
f 854/854/854 856/856/856 849/849/849
f 856/856/856 851/851/851 849/849/849
f 856/856/856 857/857/857 851/851/851
f 857/857/857 852/852/852 851/851/851
f 857/857/857 858/858/858 852/852/852
f 858/858/858 853/853/853 852/852/852
f 860/860/860 859/859/859 855/855/855
f 859/859/859 854/854/854 855/855/855
f 859/859/859 861/861/861 854/854/854
f 861/861/861 856/856/856 854/854/854
f 861/861/861 862/862/862 856/856/856
f 862/862/862 857/857/857 856/856/856
f 862/862/862 863/863/863 857/857/857
f 863/863/863 858/858/858 857/857/857
f 643/643/643 864/864/864 860/860/860
f 864/864/864 859/859/859 860/860/860
f 864/864/864 865/865/865 859/859/859
f 865/865/865 861/861/861 859/859/859
f 865/865/865 866/866/866 861/861/861
f 866/866/866 862/862/862 861/861/861
f 866/866/866 867/867/867 862/862/862
f 867/867/867 863/863/863 862/862/862
f 869/869/869 868/868/868 643/643/643
f 868/868/868 864/864/864 643/643/643
f 868/868/868 870/870/870 864/864/864
f 870/870/870 865/865/865 864/864/864
f 870/870/870 871/871/871 865/865/865
f 871/871/871 866/866/866 865/865/865
f 871/871/871 872/872/872 866/866/866
f 872/872/872 867/867/867 866/866/866
f 874/874/874 873/873/873 869/869/869
f 873/873/873 868/868/868 869/869/869
f 873/873/873 875/875/875 868/868/868
f 875/875/875 870/870/870 868/868/868
f 875/875/875 876/876/876 870/870/870
f 876/876/876 871/871/871 870/870/870
f 876/876/876 877/877/877 871/871/871
f 877/877/877 872/872/872 871/871/871
f 879/879/879 878/878/878 874/874/874
f 878/878/878 873/873/873 874/874/874
f 878/878/878 880/880/880 873/873/873
f 880/880/880 875/875/875 873/873/873
f 880/880/880 881/881/881 875/875/875
f 881/881/881 876/876/876 875/875/875
f 881/881/881 882/882/882 876/876/876
f 882/882/882 877/877/877 876/876/876
f 635/635/635 883/883/883 879/879/879
f 883/883/883 878/878/878 879/879/879
f 883/883/883 884/884/884 878/878/878
f 884/884/884 880/880/880 878/878/878
f 884/884/884 885/885/885 880/880/880
f 885/885/885 881/881/881 880/880/880
f 885/885/885 886/886/886 881/881/881
f 886/886/886 882/882/882 881/881/881
f 888/888/888 887/887/887 635/635/635
f 887/887/887 883/883/883 635/635/635
f 887/887/887 889/889/889 883/883/883
f 889/889/889 884/884/884 883/883/883
f 889/889/889 890/890/890 884/884/884
f 890/890/890 885/885/885 884/884/884
f 890/890/890 891/891/891 885/885/885
f 891/891/891 886/886/886 885/885/885
f 893/893/893 892/892/892 888/888/888
f 892/892/892 887/887/887 888/888/888
f 892/892/892 894/894/894 887/887/887
f 894/894/894 889/889/889 887/887/887
f 894/894/894 895/895/895 889/889/889
f 895/895/895 890/890/890 889/889/889
f 895/895/895 896/896/896 890/890/890
f 896/896/896 891/891/891 890/890/890
f 898/898/898 897/897/897 893/893/893
f 897/897/897 892/892/892 893/893/893
f 897/897/897 899/899/899 892/892/892
f 899/899/899 894/894/894 892/892/892
f 899/899/899 900/900/900 894/894/894
f 900/900/900 895/895/895 894/894/894
f 900/900/900 901/901/901 895/895/895
f 901/901/901 896/896/896 895/895/895
f 627/627/627 676/676/676 898/898/898
f 676/676/676 897/897/897 898/898/898
f 676/676/676 678/678/678 897/897/897
f 678/678/678 899/899/899 897/897/897
f 678/678/678 680/680/680 899/899/899
f 680/680/680 900/900/900 899/899/899
f 680/680/680 682/682/682 900/900/900
f 682/682/682 901/901/901 900/900/900
f 902/902/902 581/581/581 578/578/578
f 902/902/902 578/578/578 582/582/582
f 902/902/902 582/582/582 584/584/584
f 902/902/902 584/584/584 586/586/586
f 902/902/902 586/586/586 588/588/588
f 902/902/902 588/588/588 590/590/590
f 902/902/902 590/590/590 592/592/592
f 902/902/902 592/592/592 594/594/594
f 902/902/902 594/594/594 596/596/596
f 902/902/902 596/596/596 598/598/598
f 902/902/902 598/598/598 600/600/600
f 902/902/902 600/600/600 602/602/602
f 902/902/902 602/602/602 604/604/604
f 902/902/902 604/604/604 606/606/606
f 902/902/902 606/606/606 608/608/608
f 902/902/902 608/608/608 610/610/610
f 902/902/902 610/610/610 612/612/612
f 902/902/902 612/612/612 614/614/614
f 902/902/902 614/614/614 616/616/616
f 902/902/902 616/616/616 618/618/618
f 902/902/902 618/618/618 620/620/620
f 902/902/902 620/620/620 622/622/622
f 902/902/902 622/622/622 624/624/624
f 902/902/902 624/624/624 626/626/626
f 902/902/902 626/626/626 628/628/628
f 902/902/902 628/628/628 630/630/630
f 902/902/902 630/630/630 632/632/632
f 902/902/902 632/632/632 634/634/634
f 902/902/902 634/634/634 636/636/636
f 902/902/902 636/636/636 638/638/638
f 902/902/902 638/638/638 640/640/640
f 902/902/902 640/640/640 642/642/642
f 902/902/902 642/642/642 644/644/644
f 902/902/902 644/644/644 646/646/646
f 902/902/902 646/646/646 648/648/648
f 902/902/902 648/648/648 650/650/650
f 902/902/902 650/650/650 652/652/652
f 902/902/902 652/652/652 654/654/654
f 902/902/902 654/654/654 656/656/656
f 902/902/902 656/656/656 658/658/658
f 902/902/902 658/658/658 660/660/660
f 902/902/902 660/660/660 662/662/662
f 902/902/902 662/662/662 664/664/664
f 902/902/902 664/664/664 666/666/666
f 902/902/902 666/666/666 668/668/668
f 902/902/902 668/668/668 670/670/670
f 902/902/902 670/670/670 672/672/672
f 902/902/902 672/672/672 581/581/581
