mtllib tile2*6_green.mtl
v 0 40.00012 -59.99998
v 0 40 60.00002
v 0 -5.245367E-06 59.99998
v 0 0.0001196863 -60.00002
v 7 40.00012 -59.99998
v 7 39.00012 -58.99998
v 7 39 59.00002
v 7 40 60.00002
v 7 -5.245367E-06 59.99998
v 7 0.9999958 58.99998
v 7 1.000119 -59.00002
v 7 0.0001196863 -60.00002
v 8 39.00012 -58.99998
v 8 36.00011 -55.99998
v 8 36 56.00002
v 8 39 59.00002
v 8 0.9999958 58.99998
v 8 3.999999 55.99998
v 8 4.000115 -56.00002
v 8 1.000119 -59.00002
v 7 0.0001196863 -60.00002
v 0 0.0001196863 -60.00002
v 0 -5.245367E-06 59.99998
v 7 -5.245367E-06 59.99998
v 7 -5.245367E-06 59.99998
v 0 -5.245367E-06 59.99998
v 0 40 60.00002
v 7 40 60.00002
v 7 40 60.00002
v 0 40 60.00002
v 0 40.00012 -59.99998
v 7 40.00012 -59.99998
v 7 40.00012 -59.99998
v 0 40.00012 -59.99998
v 0 0.0001196863 -60.00002
v 7 0.0001196863 -60.00002
v 8 1.000119 -59.00002
v 7 1.000119 -59.00002
v 7 0.9999958 58.99998
v 8 0.9999958 58.99998
v 8 0.9999958 58.99998
v 7 0.9999958 58.99998
v 7 39 59.00002
v 8 39 59.00002
v 8 39 59.00002
v 7 39 59.00002
v 7 39.00012 -58.99998
v 8 39.00012 -58.99998
v 8 39.00012 -58.99998
v 7 39.00012 -58.99998
v 7 1.000119 -59.00002
v 8 1.000119 -59.00002
v 4 36.00011 -55.99998
v 4 36 56.00002
v 4 3.999999 55.99998
v 4 4.000115 -56.00002
v 4 3.999999 55.99998
v 8 3.999999 55.99998
v 8 4.000115 -56.00002
v 4 4.000115 -56.00002
v 4 4.000115 -56.00002
v 8 4.000115 -56.00002
v 8 36.00011 -55.99998
v 4 36.00011 -55.99998
v 4 36.00011 -55.99998
v 8 36.00011 -55.99998
v 8 36 56.00002
v 4 36 56.00002
v 4 36 56.00002
v 8 36 56.00002
v 8 3.999999 55.99998
v 4 3.999999 55.99998
v 4 19.21702 34.0516
v 4 20.00002 34
v 8 20.00002 34
v 8 19.21702 34.0516
v 4 18.44722 34.2046
v 8 18.44722 34.2046
v 4 17.70382 34.4566
v 8 17.70382 34.4566
v 4 17.00002 34.804
v 8 17.00002 34.804
v 4 16.34722 35.2396
v 8 16.34722 35.2396
v 4 15.75742 35.7574
v 8 15.75742 35.7574
v 4 15.23962 36.34719
v 8 15.23962 36.34719
v 4 14.80402 37
v 8 14.80402 37
v 4 14.45662 37.7038
v 8 14.45662 37.7038
v 4 14.20462 38.4472
v 8 14.20462 38.4472
v 4 14.05162 39.217
v 8 14.05162 39.217
v 4 14.00002 40
v 8 14.00002 40
v 4 14.05161 40.783
v 8 14.05161 40.783
v 4 14.20461 41.5528
v 8 14.20461 41.5528
v 4 14.45661 42.2962
v 8 14.45661 42.2962
v 4 14.80401 43
v 8 14.80401 43
v 4 15.23961 43.6528
v 8 15.23961 43.6528
v 4 15.75741 44.2426
v 8 15.75741 44.2426
v 4 16.34721 44.7604
v 8 16.34721 44.7604
v 4 17.00001 45.196
v 8 17.00001 45.196
v 4 17.70381 45.5434
v 8 17.70381 45.5434
v 4 18.44721 45.7954
v 8 18.44721 45.7954
v 4 19.21701 45.9484
v 8 19.21701 45.9484
v 4 20.00001 46
v 8 20.00001 46
v 4 20.78301 45.9484
v 8 20.78301 45.9484
v 4 21.55281 45.7954
v 8 21.55281 45.7954
v 4 22.29621 45.5434
v 8 22.29621 45.5434
v 4 23.00001 45.196
v 8 23.00001 45.196
v 4 23.65281 44.7604
v 8 23.65281 44.7604
v 4 24.24261 44.24261
v 8 24.24261 44.24261
v 4 24.76041 43.65281
v 8 24.76041 43.65281
v 4 25.19601 43.00001
v 8 25.19601 43.00001
v 4 25.54341 42.29621
v 8 25.54341 42.29621
v 4 25.79541 41.55281
v 8 25.79541 41.55281
v 4 25.94841 40.78301
v 8 25.94841 40.78301
v 4 26.00002 40.00001
v 8 26.00002 40.00001
v 4 25.94842 39.21701
v 8 25.94842 39.21701
v 4 25.79542 38.44721
v 8 25.79542 38.44721
v 4 25.54342 37.70381
v 8 25.54342 37.70381
v 4 25.19602 37.00001
v 8 25.19602 37.00001
v 4 24.76042 36.34721
v 8 24.76042 36.34721
v 4 24.24262 35.75741
v 8 24.24262 35.75741
v 4 23.65282 35.2396
v 8 23.65282 35.2396
v 4 23.00002 34.804
v 8 23.00002 34.804
v 4 22.29622 34.4566
v 8 22.29622 34.4566
v 4 21.55282 34.20461
v 8 21.55282 34.20461
v 4 20.78302 34.05161
v 8 20.78302 34.05161
v 4 18.95602 32.0688
v 4 20.00002 32
v 8 20.00002 32
v 8 18.95602 32.0688
v 4 17.92962 32.2728
v 8 17.92962 32.2728
v 4 16.93842 32.6088
v 8 16.93842 32.6088
v 4 16.00002 33.07199
v 8 16.00002 33.07199
v 4 15.12962 33.6528
v 8 15.12962 33.6528
v 4 14.34322 34.3432
v 8 14.34322 34.3432
v 4 13.65282 35.1296
v 8 13.65282 35.1296
v 4 13.07202 36
v 8 13.07202 36
v 4 12.60882 36.93839
v 8 12.60882 36.93839
v 4 12.27282 37.92959
v 8 12.27282 37.92959
v 4 12.06882 38.95599
v 8 12.06882 38.95599
v 4 12.00002 39.99999
v 8 12.00002 39.99999
v 4 12.06881 41.04399
v 8 12.06881 41.04399
v 4 12.27281 42.07039
v 8 12.27281 42.07039
v 4 12.60881 43.06159
v 8 12.60881 43.06159
v 4 13.07201 44
v 8 13.07201 44
v 4 13.65281 44.8704
v 8 13.65281 44.8704
v 4 14.34321 45.6568
v 8 14.34321 45.6568
v 4 15.12961 46.34719
v 8 15.12961 46.34719
v 4 16.00001 46.928
v 8 16.00001 46.928
v 4 16.93841 47.3912
v 8 16.93841 47.3912
v 4 17.92961 47.7272
v 8 17.92961 47.7272
v 4 18.95601 47.9312
v 8 18.95601 47.9312
v 4 20.00001 48
v 8 20.00001 48
v 4 21.04401 47.9312
v 8 21.04401 47.9312
v 4 22.07041 47.7272
v 8 22.07041 47.7272
v 4 23.06161 47.3912
v 8 23.06161 47.3912
v 4 24.00001 46.92801
v 8 24.00001 46.92801
v 4 24.87041 46.34721
v 8 24.87041 46.34721
v 4 25.65681 45.65681
v 8 25.65681 45.65681
v 4 26.34721 44.87041
v 8 26.34721 44.87041
v 4 26.92801 44.00001
v 8 26.92801 44.00001
v 4 27.39121 43.06161
v 8 27.39121 43.06161
v 4 27.72721 42.07041
v 8 27.72721 42.07041
v 4 27.93122 41.04401
v 8 27.93122 41.04401
v 4 28.00002 40.00001
v 8 28.00002 40.00001
v 4 27.93122 38.95601
v 8 27.93122 38.95601
v 4 27.72722 37.92961
v 8 27.72722 37.92961
v 4 27.39122 36.93841
v 8 27.39122 36.93841
v 4 26.92802 36.00001
v 8 26.92802 36.00001
v 4 26.34722 35.12961
v 8 26.34722 35.12961
v 4 25.65682 34.34321
v 8 25.65682 34.34321
v 4 24.87042 33.65281
v 8 24.87042 33.65281
v 4 24.00002 33.07201
v 8 24.00002 33.07201
v 4 23.06162 32.6088
v 8 23.06162 32.6088
v 4 22.07042 32.2728
v 8 22.07042 32.2728
v 4 21.04402 32.06881
v 8 21.04402 32.06881
v 8 20.00002 34
v 8 19.21702 34.0516
v 8 18.95602 32.0688
v 8 20.00002 32
v 8 18.44722 34.2046
v 8 17.92962 32.2728
v 8 17.70382 34.4566
v 8 16.93842 32.6088
v 8 17.00002 34.804
v 8 16.00002 33.07199
v 8 16.34722 35.2396
v 8 15.12962 33.6528
v 8 15.75742 35.7574
v 8 14.34322 34.3432
v 8 15.23962 36.34719
v 8 13.65282 35.1296
v 8 14.80402 37
v 8 13.07202 36
v 8 14.45662 37.7038
v 8 12.60882 36.93839
v 8 14.20462 38.4472
v 8 12.27282 37.92959
v 8 14.05162 39.217
v 8 12.06882 38.95599
v 8 14.00002 40
v 8 12.00002 39.99999
v 8 14.05161 40.783
v 8 12.06881 41.04399
v 8 14.20461 41.5528
v 8 12.27281 42.07039
v 8 14.45661 42.2962
v 8 12.60881 43.06159
v 8 14.80401 43
v 8 13.07201 44
v 8 15.23961 43.6528
v 8 13.65281 44.8704
v 8 15.75741 44.2426
v 8 14.34321 45.6568
v 8 16.34721 44.7604
v 8 15.12961 46.34719
v 8 17.00001 45.196
v 8 16.00001 46.928
v 8 17.70381 45.5434
v 8 16.93841 47.3912
v 8 18.44721 45.7954
v 8 17.92961 47.7272
v 8 19.21701 45.9484
v 8 18.95601 47.9312
v 8 20.00001 46
v 8 20.00001 48
v 8 20.78301 45.9484
v 8 21.04401 47.9312
v 8 21.55281 45.7954
v 8 22.07041 47.7272
v 8 22.29621 45.5434
v 8 23.06161 47.3912
v 8 23.00001 45.196
v 8 24.00001 46.92801
v 8 23.65281 44.7604
v 8 24.87041 46.34721
v 8 24.24261 44.24261
v 8 25.65681 45.65681
v 8 24.76041 43.65281
v 8 26.34721 44.87041
v 8 25.19601 43.00001
v 8 26.92801 44.00001
v 8 25.54341 42.29621
v 8 27.39121 43.06161
v 8 25.79541 41.55281
v 8 27.72721 42.07041
v 8 25.94841 40.78301
v 8 27.93122 41.04401
v 8 26.00002 40.00001
v 8 28.00002 40.00001
v 8 25.94842 39.21701
v 8 27.93122 38.95601
v 8 25.79542 38.44721
v 8 27.72722 37.92961
v 8 25.54342 37.70381
v 8 27.39122 36.93841
v 8 25.19602 37.00001
v 8 26.92802 36.00001
v 8 24.76042 36.34721
v 8 26.34722 35.12961
v 8 24.24262 35.75741
v 8 25.65682 34.34321
v 8 23.65282 35.2396
v 8 24.87042 33.65281
v 8 23.00002 34.804
v 8 24.00002 33.07201
v 8 22.29622 34.4566
v 8 23.06162 32.6088
v 8 21.55282 34.20461
v 8 22.07042 32.2728
v 8 20.78302 34.05161
v 8 21.04402 32.06881
v 4 19.21704 14.0516
v 4 20.00004 14
v 8 20.00004 14
v 8 19.21704 14.0516
v 4 18.44724 14.2046
v 8 18.44724 14.2046
v 4 17.70384 14.4566
v 8 17.70384 14.4566
v 4 17.00004 14.804
v 8 17.00004 14.804
v 4 16.34724 15.2396
v 8 16.34724 15.2396
v 4 15.75744 15.7574
v 8 15.75744 15.7574
v 4 15.23964 16.3472
v 8 15.23964 16.3472
v 4 14.80404 17
v 8 14.80404 17
v 4 14.45664 17.7038
v 8 14.45664 17.7038
v 4 14.20464 18.4472
v 8 14.20464 18.4472
v 4 14.05164 19.217
v 8 14.05164 19.217
v 4 14.00004 20
v 8 14.00004 20
v 4 14.05164 20.783
v 8 14.05164 20.783
v 4 14.20463 21.5528
v 8 14.20463 21.5528
v 4 14.45663 22.2962
v 8 14.45663 22.2962
v 4 14.80403 23
v 8 14.80403 23
v 4 15.23963 23.6528
v 8 15.23963 23.6528
v 4 15.75743 24.2426
v 8 15.75743 24.2426
v 4 16.34723 24.7604
v 8 16.34723 24.7604
v 4 17.00003 25.196
v 8 17.00003 25.196
v 4 17.70383 25.5434
v 8 17.70383 25.5434
v 4 18.44723 25.7954
v 8 18.44723 25.7954
v 4 19.21703 25.9484
v 8 19.21703 25.9484
v 4 20.00003 26
v 8 20.00003 26
v 4 20.78303 25.9484
v 8 20.78303 25.9484
v 4 21.55283 25.7954
v 8 21.55283 25.7954
v 4 22.29623 25.5434
v 8 22.29623 25.5434
v 4 23.00003 25.196
v 8 23.00003 25.196
v 4 23.65283 24.7604
v 8 23.65283 24.7604
v 4 24.24263 24.24261
v 8 24.24263 24.24261
v 4 24.76043 23.65281
v 8 24.76043 23.65281
v 4 25.19603 23.00001
v 8 25.19603 23.00001
v 4 25.54343 22.29621
v 8 25.54343 22.29621
v 4 25.79543 21.55281
v 8 25.79543 21.55281
v 4 25.94843 20.78301
v 8 25.94843 20.78301
v 4 26.00004 20.00001
v 8 26.00004 20.00001
v 4 25.94844 19.21701
v 8 25.94844 19.21701
v 4 25.79544 18.44721
v 8 25.79544 18.44721
v 4 25.54344 17.70381
v 8 25.54344 17.70381
v 4 25.19604 17.00001
v 8 25.19604 17.00001
v 4 24.76044 16.34721
v 8 24.76044 16.34721
v 4 24.24264 15.75741
v 8 24.24264 15.75741
v 4 23.65284 15.23961
v 8 23.65284 15.23961
v 4 23.00004 14.804
v 8 23.00004 14.804
v 4 22.29624 14.4566
v 8 22.29624 14.4566
v 4 21.55284 14.2046
v 8 21.55284 14.2046
v 4 20.78304 14.0516
v 8 20.78304 14.0516
v 4 18.95605 12.0688
v 4 20.00004 12
v 8 20.00004 12
v 8 18.95605 12.0688
v 4 17.92964 12.2728
v 8 17.92964 12.2728
v 4 16.93844 12.6088
v 8 16.93844 12.6088
v 4 16.00004 13.072
v 8 16.00004 13.072
v 4 15.12964 13.6528
v 8 15.12964 13.6528
v 4 14.34324 14.3432
v 8 14.34324 14.3432
v 4 13.65284 15.1296
v 8 13.65284 15.1296
v 4 13.07204 15.99999
v 8 13.07204 15.99999
v 4 12.60884 16.93839
v 8 12.60884 16.93839
v 4 12.27284 17.92959
v 8 12.27284 17.92959
v 4 12.06884 18.95599
v 8 12.06884 18.95599
v 4 12.00004 19.99999
v 8 12.00004 19.99999
v 4 12.06884 21.04399
v 8 12.06884 21.04399
v 4 12.27283 22.07039
v 8 12.27283 22.07039
v 4 12.60883 23.06159
v 8 12.60883 23.06159
v 4 13.07203 23.99999
v 8 13.07203 23.99999
v 4 13.65283 24.87039
v 8 13.65283 24.87039
v 4 14.34323 25.6568
v 8 14.34323 25.6568
v 4 15.12963 26.3472
v 8 15.12963 26.3472
v 4 16.00003 26.928
v 8 16.00003 26.928
v 4 16.93843 27.3912
v 8 16.93843 27.3912
v 4 17.92963 27.7272
v 8 17.92963 27.7272
v 4 18.95603 27.9312
v 8 18.95603 27.9312
v 4 20.00003 28
v 8 20.00003 28
v 4 21.04403 27.9312
v 8 21.04403 27.9312
v 4 22.07043 27.7272
v 8 22.07043 27.7272
v 4 23.06163 27.39121
v 8 23.06163 27.39121
v 4 24.00003 26.92801
v 8 24.00003 26.92801
v 4 24.87043 26.34721
v 8 24.87043 26.34721
v 4 25.65683 25.65681
v 8 25.65683 25.65681
v 4 26.34723 24.87041
v 8 26.34723 24.87041
v 4 26.92803 24.00001
v 8 26.92803 24.00001
v 4 27.39123 23.06161
v 8 27.39123 23.06161
v 4 27.72723 22.07041
v 8 27.72723 22.07041
v 4 27.93124 21.04401
v 8 27.93124 21.04401
v 4 28.00004 20.00001
v 8 28.00004 20.00001
v 4 27.93124 18.95601
v 8 27.93124 18.95601
v 4 27.72724 17.92961
v 8 27.72724 17.92961
v 4 27.39124 16.93841
v 8 27.39124 16.93841
v 4 26.92804 16.00001
v 8 26.92804 16.00001
v 4 26.34724 15.12961
v 8 26.34724 15.12961
v 4 25.65684 14.34321
v 8 25.65684 14.34321
v 4 24.87044 13.65281
v 8 24.87044 13.65281
v 4 24.00004 13.07201
v 8 24.00004 13.07201
v 4 23.06164 12.6088
v 8 23.06164 12.6088
v 4 22.07044 12.2728
v 8 22.07044 12.2728
v 4 21.04404 12.0688
v 8 21.04404 12.0688
v 8 20.00004 14
v 8 19.21704 14.0516
v 8 18.95605 12.0688
v 8 20.00004 12
v 8 18.44724 14.2046
v 8 17.92964 12.2728
v 8 17.70384 14.4566
v 8 16.93844 12.6088
v 8 17.00004 14.804
v 8 16.00004 13.072
v 8 16.34724 15.2396
v 8 15.12964 13.6528
v 8 15.75744 15.7574
v 8 14.34324 14.3432
v 8 15.23964 16.3472
v 8 13.65284 15.1296
v 8 14.80404 17
v 8 13.07204 15.99999
v 8 14.45664 17.7038
v 8 12.60884 16.93839
v 8 14.20464 18.4472
v 8 12.27284 17.92959
v 8 14.05164 19.217
v 8 12.06884 18.95599
v 8 14.00004 20
v 8 12.00004 19.99999
v 8 14.05164 20.783
v 8 12.06884 21.04399
v 8 14.20463 21.5528
v 8 12.27283 22.07039
v 8 14.45663 22.2962
v 8 12.60883 23.06159
v 8 14.80403 23
v 8 13.07203 23.99999
v 8 15.23963 23.6528
v 8 13.65283 24.87039
v 8 15.75743 24.2426
v 8 14.34323 25.6568
v 8 16.34723 24.7604
v 8 15.12963 26.3472
v 8 17.00003 25.196
v 8 16.00003 26.928
v 8 17.70383 25.5434
v 8 16.93843 27.3912
v 8 18.44723 25.7954
v 8 17.92963 27.7272
v 8 19.21703 25.9484
v 8 18.95603 27.9312
v 8 20.00003 26
v 8 20.00003 28
v 8 20.78303 25.9484
v 8 21.04403 27.9312
v 8 21.55283 25.7954
v 8 22.07043 27.7272
v 8 22.29623 25.5434
v 8 23.06163 27.39121
v 8 23.00003 25.196
v 8 24.00003 26.92801
v 8 23.65283 24.7604
v 8 24.87043 26.34721
v 8 24.24263 24.24261
v 8 25.65683 25.65681
v 8 24.76043 23.65281
v 8 26.34723 24.87041
v 8 25.19603 23.00001
v 8 26.92803 24.00001
v 8 25.54343 22.29621
v 8 27.39123 23.06161
v 8 25.79543 21.55281
v 8 27.72723 22.07041
v 8 25.94843 20.78301
v 8 27.93124 21.04401
v 8 26.00004 20.00001
v 8 28.00004 20.00001
v 8 25.94844 19.21701
v 8 27.93124 18.95601
v 8 25.79544 18.44721
v 8 27.72724 17.92961
v 8 25.54344 17.70381
v 8 27.39124 16.93841
v 8 25.19604 17.00001
v 8 26.92804 16.00001
v 8 24.76044 16.34721
v 8 26.34724 15.12961
v 8 24.24264 15.75741
v 8 25.65684 14.34321
v 8 23.65284 15.23961
v 8 24.87044 13.65281
v 8 23.00004 14.804
v 8 24.00004 13.07201
v 8 22.29624 14.4566
v 8 23.06164 12.6088
v 8 21.55284 14.2046
v 8 22.07044 12.2728
v 8 20.78304 14.0516
v 8 21.04404 12.0688
v 4 19.21706 -5.948399
v 4 20.00006 -5.999998
v 8 20.00006 -5.999998
v 8 19.21706 -5.948399
v 4 18.44726 -5.7954
v 8 18.44726 -5.7954
v 4 17.70386 -5.5434
v 8 17.70386 -5.5434
v 4 17.00006 -5.196002
v 8 17.00006 -5.196002
v 4 16.34726 -4.760402
v 8 16.34726 -4.760402
v 4 15.75746 -4.242603
v 8 15.75746 -4.242603
v 4 15.23966 -3.652803
v 8 15.23966 -3.652803
v 4 14.80406 -3.000004
v 8 14.80406 -3.000004
v 4 14.45666 -2.296204
v 8 14.45666 -2.296204
v 4 14.20466 -1.552804
v 8 14.20466 -1.552804
v 4 14.05166 -0.7830045
v 8 14.05166 -0.7830045
v 4 14.00006 -4.498122E-06
v 8 14.00006 -4.498122E-06
v 4 14.05166 0.7829955
v 8 14.05166 0.7829955
v 4 14.20466 1.552796
v 8 14.20466 1.552796
v 4 14.45665 2.296196
v 8 14.45665 2.296196
v 4 14.80405 2.999996
v 8 14.80405 2.999996
v 4 15.23965 3.652797
v 8 15.23965 3.652797
v 4 15.75745 4.242597
v 8 15.75745 4.242597
v 4 16.34725 4.760398
v 8 16.34725 4.760398
v 4 17.00005 5.195999
v 8 17.00005 5.195999
v 4 17.70385 5.543399
v 8 17.70385 5.543399
v 4 18.44725 5.7954
v 8 18.44725 5.7954
v 4 19.21705 5.948401
v 8 19.21705 5.948401
v 4 20.00005 6.000002
v 8 20.00005 6.000002
v 4 20.78305 5.948402
v 8 20.78305 5.948402
v 4 21.55285 5.795403
v 8 21.55285 5.795403
v 4 22.29625 5.543404
v 8 22.29625 5.543404
v 4 23.00005 5.196005
v 8 23.00005 5.196005
v 4 23.65285 4.760406
v 8 23.65285 4.760406
v 4 24.24265 4.242606
v 8 24.24265 4.242606
v 4 24.76045 3.652807
v 8 24.76045 3.652807
v 4 25.19605 3.000007
v 8 25.19605 3.000007
v 4 25.54346 2.296208
v 8 25.54346 2.296208
v 4 25.79546 1.552808
v 8 25.79546 1.552808
v 4 25.94846 0.7830079
v 8 25.94846 0.7830079
v 4 26.00006 7.995043E-06
v 8 26.00006 7.995043E-06
v 4 25.94846 -0.7829921
v 8 25.94846 -0.7829921
v 4 25.79546 -1.552792
v 8 25.79546 -1.552792
v 4 25.54346 -2.296192
v 8 25.54346 -2.296192
v 4 25.19606 -2.999993
v 8 25.19606 -2.999993
v 4 24.76046 -3.652793
v 8 24.76046 -3.652793
v 4 24.24266 -4.242594
v 8 24.24266 -4.242594
v 4 23.65286 -4.760394
v 8 23.65286 -4.760394
v 4 23.00006 -5.195995
v 8 23.00006 -5.195995
v 4 22.29626 -5.543396
v 8 22.29626 -5.543396
v 4 21.55286 -5.795397
v 8 21.55286 -5.795397
v 4 20.78306 -5.948398
v 8 20.78306 -5.948398
v 4 18.95607 -7.9312
v 4 20.00006 -7.999998
v 8 20.00006 -7.999998
v 8 18.95607 -7.9312
v 4 17.92966 -7.727201
v 8 17.92966 -7.727201
v 4 16.93847 -7.391201
v 8 16.93847 -7.391201
v 4 16.00006 -6.928002
v 8 16.00006 -6.928002
v 4 15.12966 -6.347203
v 8 15.12966 -6.347203
v 4 14.34326 -5.656804
v 8 14.34326 -5.656804
v 4 13.65286 -4.870405
v 8 13.65286 -4.870405
v 4 13.07206 -4.000005
v 8 13.07206 -4.000005
v 4 12.60886 -3.061606
v 8 12.60886 -3.061606
v 4 12.27286 -2.070406
v 8 12.27286 -2.070406
v 4 12.06886 -1.044007
v 8 12.06886 -1.044007
v 4 12.00006 -6.580316E-06
v 8 12.00006 -6.580316E-06
v 4 12.06886 1.043993
v 8 12.06886 1.043993
v 4 12.27285 2.070394
v 8 12.27285 2.070394
v 4 12.60885 3.061594
v 8 12.60885 3.061594
v 4 13.07205 3.999995
v 8 13.07205 3.999995
v 4 13.65285 4.870395
v 8 13.65285 4.870395
v 4 14.34325 5.656796
v 8 14.34325 5.656796
v 4 15.12965 6.347197
v 8 15.12965 6.347197
v 4 16.00005 6.927998
v 8 16.00005 6.927998
v 4 16.93845 7.391199
v 8 16.93845 7.391199
v 4 17.92965 7.7272
v 8 17.92965 7.7272
v 4 18.95605 7.931201
v 8 18.95605 7.931201
v 4 20.00005 8.000002
v 8 20.00005 8.000002
v 4 21.04405 7.931203
v 8 21.04405 7.931203
v 4 22.07045 7.727204
v 8 22.07045 7.727204
v 4 23.06165 7.391205
v 8 23.06165 7.391205
v 4 24.00005 6.928006
v 8 24.00005 6.928006
v 4 24.87045 6.347207
v 8 24.87045 6.347207
v 4 25.65685 5.656807
v 8 25.65685 5.656807
v 4 26.34725 4.870409
v 8 26.34725 4.870409
v 4 26.92805 4.000009
v 8 26.92805 4.000009
v 4 27.39125 3.06161
v 8 27.39125 3.06161
v 4 27.72725 2.07041
v 8 27.72725 2.07041
v 4 27.93126 1.04401
v 8 27.93126 1.04401
v 4 28.00006 1.007724E-05
v 8 28.00006 1.007724E-05
v 4 27.93126 -1.04399
v 8 27.93126 -1.04399
v 4 27.72726 -2.07039
v 8 27.72726 -2.07039
v 4 27.39126 -3.06159
v 8 27.39126 -3.06159
v 4 26.92806 -3.999991
v 8 26.92806 -3.999991
v 4 26.34726 -4.870391
v 8 26.34726 -4.870391
v 4 25.65686 -5.656792
v 8 25.65686 -5.656792
v 4 24.87046 -6.347193
v 8 24.87046 -6.347193
v 4 24.00006 -6.927994
v 8 24.00006 -6.927994
v 4 23.06166 -7.391195
v 8 23.06166 -7.391195
v 4 22.07047 -7.727196
v 8 22.07047 -7.727196
v 4 21.04407 -7.931197
v 8 21.04407 -7.931197
v 8 20.00006 -5.999998
v 8 19.21706 -5.948399
v 8 18.95607 -7.9312
v 8 20.00006 -7.999998
v 8 18.44726 -5.7954
v 8 17.92966 -7.727201
v 8 17.70386 -5.5434
v 8 16.93847 -7.391201
v 8 17.00006 -5.196002
v 8 16.00006 -6.928002
v 8 16.34726 -4.760402
v 8 15.12966 -6.347203
v 8 15.75746 -4.242603
v 8 14.34326 -5.656804
v 8 15.23966 -3.652803
v 8 13.65286 -4.870405
v 8 14.80406 -3.000004
v 8 13.07206 -4.000005
v 8 14.45666 -2.296204
v 8 12.60886 -3.061606
v 8 14.20466 -1.552804
v 8 12.27286 -2.070406
v 8 14.05166 -0.7830045
v 8 12.06886 -1.044007
v 8 14.00006 -4.498122E-06
v 8 12.00006 -6.580316E-06
v 8 14.05166 0.7829955
v 8 12.06886 1.043993
v 8 14.20466 1.552796
v 8 12.27285 2.070394
v 8 14.45665 2.296196
v 8 12.60885 3.061594
v 8 14.80405 2.999996
v 8 13.07205 3.999995
v 8 15.23965 3.652797
v 8 13.65285 4.870395
v 8 15.75745 4.242597
v 8 14.34325 5.656796
v 8 16.34725 4.760398
v 8 15.12965 6.347197
v 8 17.00005 5.195999
v 8 16.00005 6.927998
v 8 17.70385 5.543399
v 8 16.93845 7.391199
v 8 18.44725 5.7954
v 8 17.92965 7.7272
v 8 19.21705 5.948401
v 8 18.95605 7.931201
v 8 20.00005 6.000002
v 8 20.00005 8.000002
v 8 20.78305 5.948402
v 8 21.04405 7.931203
v 8 21.55285 5.795403
v 8 22.07045 7.727204
v 8 22.29625 5.543404
v 8 23.06165 7.391205
v 8 23.00005 5.196005
v 8 24.00005 6.928006
v 8 23.65285 4.760406
v 8 24.87045 6.347207
v 8 24.24265 4.242606
v 8 25.65685 5.656807
v 8 24.76045 3.652807
v 8 26.34725 4.870409
v 8 25.19605 3.000007
v 8 26.92805 4.000009
v 8 25.54346 2.296208
v 8 27.39125 3.06161
v 8 25.79546 1.552808
v 8 27.72725 2.07041
v 8 25.94846 0.7830079
v 8 27.93126 1.04401
v 8 26.00006 7.995043E-06
v 8 28.00006 1.007724E-05
v 8 25.94846 -0.7829921
v 8 27.93126 -1.04399
v 8 25.79546 -1.552792
v 8 27.72726 -2.07039
v 8 25.54346 -2.296192
v 8 27.39126 -3.06159
v 8 25.19606 -2.999993
v 8 26.92806 -3.999991
v 8 24.76046 -3.652793
v 8 26.34726 -4.870391
v 8 24.24266 -4.242594
v 8 25.65686 -5.656792
v 8 23.65286 -4.760394
v 8 24.87046 -6.347193
v 8 23.00006 -5.195995
v 8 24.00006 -6.927994
v 8 22.29626 -5.543396
v 8 23.06166 -7.391195
v 8 21.55286 -5.795397
v 8 22.07047 -7.727196
v 8 20.78306 -5.948398
v 8 21.04407 -7.931197
v 4 19.21708 -25.9484
v 4 20.00008 -26
v 8 20.00008 -26
v 8 19.21708 -25.9484
v 4 18.44728 -25.7954
v 8 18.44728 -25.7954
v 4 17.70388 -25.5434
v 8 17.70388 -25.5434
v 4 17.00008 -25.196
v 8 17.00008 -25.196
v 4 16.34728 -24.7604
v 8 16.34728 -24.7604
v 4 15.75748 -24.2426
v 8 15.75748 -24.2426
v 4 15.23968 -23.6528
v 8 15.23968 -23.6528
v 4 14.80408 -23
v 8 14.80408 -23
v 4 14.45668 -22.2962
v 8 14.45668 -22.2962
v 4 14.20468 -21.5528
v 8 14.20468 -21.5528
v 4 14.05168 -20.783
v 8 14.05168 -20.783
v 4 14.00008 -20
v 8 14.00008 -20
v 4 14.05168 -19.217
v 8 14.05168 -19.217
v 4 14.20468 -18.4472
v 8 14.20468 -18.4472
v 4 14.45668 -17.7038
v 8 14.45668 -17.7038
v 4 14.80408 -17
v 8 14.80408 -17
v 4 15.23967 -16.3472
v 8 15.23967 -16.3472
v 4 15.75747 -15.7574
v 8 15.75747 -15.7574
v 4 16.34727 -15.2396
v 8 16.34727 -15.2396
v 4 17.00007 -14.804
v 8 17.00007 -14.804
v 4 17.70387 -14.4566
v 8 17.70387 -14.4566
v 4 18.44727 -14.2046
v 8 18.44727 -14.2046
v 4 19.21707 -14.0516
v 8 19.21707 -14.0516
v 4 20.00007 -14
v 8 20.00007 -14
v 4 20.78307 -14.0516
v 8 20.78307 -14.0516
v 4 21.55287 -14.2046
v 8 21.55287 -14.2046
v 4 22.29627 -14.4566
v 8 22.29627 -14.4566
v 4 23.00007 -14.804
v 8 23.00007 -14.804
v 4 23.65287 -15.23959
v 8 23.65287 -15.23959
v 4 24.24267 -15.75739
v 8 24.24267 -15.75739
v 4 24.76047 -16.34719
v 8 24.76047 -16.34719
v 4 25.19608 -16.99999
v 8 25.19608 -16.99999
v 4 25.54348 -17.70379
v 8 25.54348 -17.70379
v 4 25.79548 -18.44719
v 8 25.79548 -18.44719
v 4 25.94848 -19.21699
v 8 25.94848 -19.21699
v 4 26.00008 -19.99999
v 8 26.00008 -19.99999
v 4 25.94848 -20.78299
v 8 25.94848 -20.78299
v 4 25.79548 -21.55279
v 8 25.79548 -21.55279
v 4 25.54348 -22.29619
v 8 25.54348 -22.29619
v 4 25.19608 -22.99999
v 8 25.19608 -22.99999
v 4 24.76048 -23.65279
v 8 24.76048 -23.65279
v 4 24.24268 -24.24259
v 8 24.24268 -24.24259
v 4 23.65288 -24.76039
v 8 23.65288 -24.76039
v 4 23.00008 -25.19599
v 8 23.00008 -25.19599
v 4 22.29628 -25.5434
v 8 22.29628 -25.5434
v 4 21.55288 -25.7954
v 8 21.55288 -25.7954
v 4 20.78308 -25.9484
v 8 20.78308 -25.9484
v 4 18.95609 -27.9312
v 4 20.00009 -28
v 8 20.00009 -28
v 8 18.95609 -27.9312
v 4 17.92969 -27.7272
v 8 17.92969 -27.7272
v 4 16.93849 -27.3912
v 8 16.93849 -27.3912
v 4 16.00009 -26.928
v 8 16.00009 -26.928
v 4 15.12968 -26.3472
v 8 15.12968 -26.3472
v 4 14.34328 -25.6568
v 8 14.34328 -25.6568
v 4 13.65288 -24.87041
v 8 13.65288 -24.87041
v 4 13.07208 -24.00001
v 8 13.07208 -24.00001
v 4 12.60888 -23.06161
v 8 12.60888 -23.06161
v 4 12.27288 -22.07041
v 8 12.27288 -22.07041
v 4 12.06888 -21.04401
v 8 12.06888 -21.04401
v 4 12.00008 -20.00001
v 8 12.00008 -20.00001
v 4 12.06888 -18.95601
v 8 12.06888 -18.95601
v 4 12.27288 -17.92961
v 8 12.27288 -17.92961
v 4 12.60887 -16.93841
v 8 12.60887 -16.93841
v 4 13.07207 -16.00001
v 8 13.07207 -16.00001
v 4 13.65287 -15.12961
v 8 13.65287 -15.12961
v 4 14.34327 -14.3432
v 8 14.34327 -14.3432
v 4 15.12967 -13.6528
v 8 15.12967 -13.6528
v 4 16.00007 -13.072
v 8 16.00007 -13.072
v 4 16.93847 -12.6088
v 8 16.93847 -12.6088
v 4 17.92967 -12.2728
v 8 17.92967 -12.2728
v 4 18.95607 -12.0688
v 8 18.95607 -12.0688
v 4 20.00007 -12
v 8 20.00007 -12
v 4 21.04407 -12.0688
v 8 21.04407 -12.0688
v 4 22.07047 -12.2728
v 8 22.07047 -12.2728
v 4 23.06167 -12.6088
v 8 23.06167 -12.6088
v 4 24.00007 -13.07199
v 8 24.00007 -13.07199
v 4 24.87047 -13.65279
v 8 24.87047 -13.65279
v 4 25.65687 -14.34319
v 8 25.65687 -14.34319
v 4 26.34727 -15.12959
v 8 26.34727 -15.12959
v 4 26.92807 -15.99999
v 8 26.92807 -15.99999
v 4 27.39128 -16.93839
v 8 27.39128 -16.93839
v 4 27.72728 -17.92959
v 8 27.72728 -17.92959
v 4 27.93128 -18.95599
v 8 27.93128 -18.95599
v 4 28.00008 -19.99999
v 8 28.00008 -19.99999
v 4 27.93128 -21.04399
v 8 27.93128 -21.04399
v 4 27.72728 -22.07039
v 8 27.72728 -22.07039
v 4 27.39128 -23.06159
v 8 27.39128 -23.06159
v 4 26.92808 -23.99999
v 8 26.92808 -23.99999
v 4 26.34728 -24.87039
v 8 26.34728 -24.87039
v 4 25.65688 -25.65679
v 8 25.65688 -25.65679
v 4 24.87049 -26.34719
v 8 24.87049 -26.34719
v 4 24.00009 -26.92799
v 8 24.00009 -26.92799
v 4 23.06169 -27.3912
v 8 23.06169 -27.3912
v 4 22.07049 -27.7272
v 8 22.07049 -27.7272
v 4 21.04409 -27.9312
v 8 21.04409 -27.9312
v 8 20.00008 -26
v 8 19.21708 -25.9484
v 8 18.95609 -27.9312
v 8 20.00009 -28
v 8 18.44728 -25.7954
v 8 17.92969 -27.7272
v 8 17.70388 -25.5434
v 8 16.93849 -27.3912
v 8 17.00008 -25.196
v 8 16.00009 -26.928
v 8 16.34728 -24.7604
v 8 15.12968 -26.3472
v 8 15.75748 -24.2426
v 8 14.34328 -25.6568
v 8 15.23968 -23.6528
v 8 13.65288 -24.87041
v 8 14.80408 -23
v 8 13.07208 -24.00001
v 8 14.45668 -22.2962
v 8 12.60888 -23.06161
v 8 14.20468 -21.5528
v 8 12.27288 -22.07041
v 8 14.05168 -20.783
v 8 12.06888 -21.04401
v 8 14.00008 -20
v 8 12.00008 -20.00001
v 8 14.05168 -19.217
v 8 12.06888 -18.95601
v 8 14.20468 -18.4472
v 8 12.27288 -17.92961
v 8 14.45668 -17.7038
v 8 12.60887 -16.93841
v 8 14.80408 -17
v 8 13.07207 -16.00001
v 8 15.23967 -16.3472
v 8 13.65287 -15.12961
v 8 15.75747 -15.7574
v 8 14.34327 -14.3432
v 8 16.34727 -15.2396
v 8 15.12967 -13.6528
v 8 17.00007 -14.804
v 8 16.00007 -13.072
v 8 17.70387 -14.4566
v 8 16.93847 -12.6088
v 8 18.44727 -14.2046
v 8 17.92967 -12.2728
v 8 19.21707 -14.0516
v 8 18.95607 -12.0688
v 8 20.00007 -14
v 8 20.00007 -12
v 8 20.78307 -14.0516
v 8 21.04407 -12.0688
v 8 21.55287 -14.2046
v 8 22.07047 -12.2728
v 8 22.29627 -14.4566
v 8 23.06167 -12.6088
v 8 23.00007 -14.804
v 8 24.00007 -13.07199
v 8 23.65287 -15.23959
v 8 24.87047 -13.65279
v 8 24.24267 -15.75739
v 8 25.65687 -14.34319
v 8 24.76047 -16.34719
v 8 26.34727 -15.12959
v 8 25.19608 -16.99999
v 8 26.92807 -15.99999
v 8 25.54348 -17.70379
v 8 27.39128 -16.93839
v 8 25.79548 -18.44719
v 8 27.72728 -17.92959
v 8 25.94848 -19.21699
v 8 27.93128 -18.95599
v 8 26.00008 -19.99999
v 8 28.00008 -19.99999
v 8 25.94848 -20.78299
v 8 27.93128 -21.04399
v 8 25.79548 -21.55279
v 8 27.72728 -22.07039
v 8 25.54348 -22.29619
v 8 27.39128 -23.06159
v 8 25.19608 -22.99999
v 8 26.92808 -23.99999
v 8 24.76048 -23.65279
v 8 26.34728 -24.87039
v 8 24.24268 -24.24259
v 8 25.65688 -25.65679
v 8 23.65288 -24.76039
v 8 24.87049 -26.34719
v 8 23.00008 -25.19599
v 8 24.00009 -26.92799
v 8 22.29628 -25.5434
v 8 23.06169 -27.3912
v 8 21.55289 -25.7954
v 8 22.07049 -27.7272
v 8 20.78308 -25.9484
v 8 21.04409 -27.9312
v 4 19.21711 -45.9484
v 4 20.0001 -46
v 8 20.0001 -46
v 8 19.21711 -45.9484
v 4 18.44731 -45.7954
v 8 18.44731 -45.7954
v 4 17.70391 -45.5434
v 8 17.70391 -45.5434
v 4 17.0001 -45.196
v 8 17.0001 -45.196
v 4 16.3473 -44.7604
v 8 16.3473 -44.7604
v 4 15.7575 -44.2426
v 8 15.7575 -44.2426
v 4 15.2397 -43.65281
v 8 15.2397 -43.65281
v 4 14.8041 -43
v 8 14.8041 -43
v 4 14.4567 -42.2962
v 8 14.4567 -42.2962
v 4 14.2047 -41.5528
v 8 14.2047 -41.5528
v 4 14.0517 -40.783
v 8 14.0517 -40.783
v 4 14.0001 -40
v 8 14.0001 -40
v 4 14.0517 -39.217
v 8 14.0517 -39.217
v 4 14.2047 -38.4472
v 8 14.2047 -38.4472
v 4 14.4567 -37.7038
v 8 14.4567 -37.7038
v 4 14.8041 -37
v 8 14.8041 -37
v 4 15.2397 -36.3472
v 8 15.2397 -36.3472
v 4 15.75749 -35.7574
v 8 15.75749 -35.7574
v 4 16.34729 -35.2396
v 8 16.34729 -35.2396
v 4 17.00009 -34.804
v 8 17.00009 -34.804
v 4 17.70389 -34.4566
v 8 17.70389 -34.4566
v 4 18.44729 -34.2046
v 8 18.44729 -34.2046
v 4 19.21709 -34.0516
v 8 19.21709 -34.0516
v 4 20.00009 -34
v 8 20.00009 -34
v 4 20.78309 -34.0516
v 8 20.78309 -34.0516
v 4 21.55289 -34.2046
v 8 21.55289 -34.2046
v 4 22.29629 -34.4566
v 8 22.29629 -34.4566
v 4 23.00009 -34.804
v 8 23.00009 -34.804
v 4 23.65289 -35.2396
v 8 23.65289 -35.2396
v 4 24.24269 -35.75739
v 8 24.24269 -35.75739
v 4 24.76049 -36.34719
v 8 24.76049 -36.34719
v 4 25.1961 -36.99999
v 8 25.1961 -36.99999
v 4 25.5435 -37.70379
v 8 25.5435 -37.70379
v 4 25.7955 -38.44719
v 8 25.7955 -38.44719
v 4 25.9485 -39.21699
v 8 25.9485 -39.21699
v 4 26.0001 -39.99999
v 8 26.0001 -39.99999
v 4 25.9485 -40.78299
v 8 25.9485 -40.78299
v 4 25.7955 -41.55279
v 8 25.7955 -41.55279
v 4 25.5435 -42.29619
v 8 25.5435 -42.29619
v 4 25.1961 -42.99999
v 8 25.1961 -42.99999
v 4 24.7605 -43.65279
v 8 24.7605 -43.65279
v 4 24.2427 -44.24259
v 8 24.2427 -44.24259
v 4 23.6529 -44.7604
v 8 23.6529 -44.7604
v 4 23.0001 -45.196
v 8 23.0001 -45.196
v 4 22.2963 -45.5434
v 8 22.2963 -45.5434
v 4 21.5529 -45.79539
v 8 21.5529 -45.79539
v 4 20.78311 -45.94839
v 8 20.78311 -45.94839
v 4 18.95611 -47.9312
v 4 20.00011 -48
v 8 20.00011 -48
v 8 18.95611 -47.9312
v 4 17.92971 -47.7272
v 8 17.92971 -47.7272
v 4 16.93851 -47.3912
v 8 16.93851 -47.3912
v 4 16.00011 -46.92801
v 8 16.00011 -46.92801
v 4 15.12971 -46.3472
v 8 15.12971 -46.3472
v 4 14.3433 -45.6568
v 8 14.3433 -45.6568
v 4 13.6529 -44.8704
v 8 13.6529 -44.8704
v 4 13.0721 -44
v 8 13.0721 -44
v 4 12.6089 -43.06161
v 8 12.6089 -43.06161
v 4 12.2729 -42.07041
v 8 12.2729 -42.07041
v 4 12.0689 -41.04401
v 8 12.0689 -41.04401
v 4 12.0001 -40.00001
v 8 12.0001 -40.00001
v 4 12.0689 -38.95601
v 8 12.0689 -38.95601
v 4 12.2729 -37.92961
v 8 12.2729 -37.92961
v 4 12.6089 -36.93841
v 8 12.6089 -36.93841
v 4 13.07209 -36
v 8 13.07209 -36
v 4 13.65289 -35.1296
v 8 13.65289 -35.1296
v 4 14.34329 -34.3432
v 8 14.34329 -34.3432
v 4 15.12969 -33.65281
v 8 15.12969 -33.65281
v 4 16.00009 -33.072
v 8 16.00009 -33.072
v 4 16.93849 -32.6088
v 8 16.93849 -32.6088
v 4 17.92969 -32.2728
v 8 17.92969 -32.2728
v 4 18.95609 -32.0688
v 8 18.95609 -32.0688
v 4 20.00009 -32
v 8 20.00009 -32
v 4 21.04409 -32.0688
v 8 21.04409 -32.0688
v 4 22.07049 -32.2728
v 8 22.07049 -32.2728
v 4 23.06169 -32.6088
v 8 23.06169 -32.6088
v 4 24.00009 -33.07199
v 8 24.00009 -33.07199
v 4 24.87049 -33.65279
v 8 24.87049 -33.65279
v 4 25.65689 -34.34319
v 8 25.65689 -34.34319
v 4 26.34729 -35.12959
v 8 26.34729 -35.12959
v 4 26.92809 -35.99999
v 8 26.92809 -35.99999
v 4 27.3913 -36.93839
v 8 27.3913 -36.93839
v 4 27.7273 -37.92959
v 8 27.7273 -37.92959
v 4 27.9313 -38.95599
v 8 27.9313 -38.95599
v 4 28.0001 -39.99999
v 8 28.0001 -39.99999
v 4 27.9313 -41.04399
v 8 27.9313 -41.04399
v 4 27.7273 -42.07039
v 8 27.7273 -42.07039
v 4 27.3913 -43.06159
v 8 27.3913 -43.06159
v 4 26.9281 -43.99999
v 8 26.9281 -43.99999
v 4 26.3473 -44.87039
v 8 26.3473 -44.87039
v 4 25.6569 -45.65679
v 8 25.6569 -45.65679
v 4 24.87051 -46.34719
v 8 24.87051 -46.34719
v 4 24.00011 -46.92799
v 8 24.00011 -46.92799
v 4 23.06171 -47.3912
v 8 23.06171 -47.3912
v 4 22.07051 -47.7272
v 8 22.07051 -47.7272
v 4 21.04411 -47.93119
v 8 21.04411 -47.93119
v 8 20.0001 -46
v 8 19.21711 -45.9484
v 8 18.95611 -47.9312
v 8 20.00011 -48
v 8 18.44731 -45.7954
v 8 17.92971 -47.7272
v 8 17.70391 -45.5434
v 8 16.93851 -47.3912
v 8 17.0001 -45.196
v 8 16.00011 -46.92801
v 8 16.3473 -44.7604
v 8 15.12971 -46.3472
v 8 15.7575 -44.2426
v 8 14.3433 -45.6568
v 8 15.2397 -43.65281
v 8 13.6529 -44.8704
v 8 14.8041 -43
v 8 13.0721 -44
v 8 14.4567 -42.2962
v 8 12.6089 -43.06161
v 8 14.2047 -41.5528
v 8 12.2729 -42.07041
v 8 14.0517 -40.783
v 8 12.0689 -41.04401
v 8 14.0001 -40
v 8 12.0001 -40.00001
v 8 14.0517 -39.217
v 8 12.0689 -38.95601
v 8 14.2047 -38.4472
v 8 12.2729 -37.92961
v 8 14.4567 -37.7038
v 8 12.6089 -36.93841
v 8 14.8041 -37
v 8 13.07209 -36
v 8 15.2397 -36.3472
v 8 13.65289 -35.1296
v 8 15.75749 -35.7574
v 8 14.34329 -34.3432
v 8 16.34729 -35.2396
v 8 15.12969 -33.65281
v 8 17.00009 -34.804
v 8 16.00009 -33.072
v 8 17.70389 -34.4566
v 8 16.93849 -32.6088
v 8 18.44729 -34.2046
v 8 17.92969 -32.2728
v 8 19.21709 -34.0516
v 8 18.95609 -32.0688
v 8 20.00009 -34
v 8 20.00009 -32
v 8 20.78309 -34.0516
v 8 21.04409 -32.0688
v 8 21.55289 -34.2046
v 8 22.07049 -32.2728
v 8 22.29629 -34.4566
v 8 23.06169 -32.6088
v 8 23.00009 -34.804
v 8 24.00009 -33.07199
v 8 23.65289 -35.2396
v 8 24.87049 -33.65279
v 8 24.24269 -35.75739
v 8 25.65689 -34.34319
v 8 24.76049 -36.34719
v 8 26.34729 -35.12959
v 8 25.1961 -36.99999
v 8 26.92809 -35.99999
v 8 25.5435 -37.70379
v 8 27.3913 -36.93839
v 8 25.7955 -38.44719
v 8 27.7273 -37.92959
v 8 25.9485 -39.21699
v 8 27.9313 -38.95599
v 8 26.0001 -39.99999
v 8 28.0001 -39.99999
v 8 25.9485 -40.78299
v 8 27.9313 -41.04399
v 8 25.7955 -41.55279
v 8 27.7273 -42.07039
v 8 25.5435 -42.29619
v 8 27.3913 -43.06159
v 8 25.1961 -42.99999
v 8 26.9281 -43.99999
v 8 24.7605 -43.65279
v 8 26.3473 -44.87039
v 8 24.2427 -44.24259
v 8 25.6569 -45.65679
v 8 23.6529 -44.7604
v 8 24.87051 -46.34719
v 8 23.0001 -45.196
v 8 24.00011 -46.92799
v 8 22.2963 -45.5434
v 8 23.06171 -47.3912
v 8 21.5529 -45.79539
v 8 22.07051 -47.7272
v 8 20.78311 -45.94839
v 8 21.04411 -47.93119
vn -1 0 0
vn -1 0 0
vn -1 0 0
vn -1 0 0
vn 1 0 0
vn 1 0 0
vn 1 0 0
vn 1 0 0
vn 1 0 0
vn 1 0 0
vn 1 0 0
vn 1 0 0
vn 1 0 0
vn 1 0 0
vn 1 0 0
vn 1 0 0
vn 1 0 0
vn 1 0 0
vn 1 0 0
vn 1 0 0
vn 0 -1 -1.041097E-06
vn 0 -1 -1.041097E-06
vn 0 -1 -1.041097E-06
vn 0 -1 -1.041097E-06
vn 0 -1.041097E-06 1
vn 0 -1.041097E-06 1
vn 0 -1.041097E-06 1
vn 0 -1.041097E-06 1
vn 0 1 1.041097E-06
vn 0 1 1.041097E-06
vn 0 1 1.041097E-06
vn 0 1 1.041097E-06
vn 0 1.041097E-06 -1
vn 0 1.041097E-06 -1
vn 0 1.041097E-06 -1
vn 0 1.041097E-06 -1
vn 0 -1 -1.041097E-06
vn 0 -1 -1.041097E-06
vn 0 -1 -1.041097E-06
vn 0 -1 -1.041097E-06
vn 0 -1.041097E-06 1
vn 0 -1.041097E-06 1
vn 0 -1.041097E-06 1
vn 0 -1.041097E-06 1
vn 0 1 1.041097E-06
vn 0 1 1.041097E-06
vn 0 1 1.041097E-06
vn 0 1 1.041097E-06
vn 0 1.041097E-06 -1
vn 0 1.041097E-06 -1
vn 0 1.041097E-06 -1
vn 0 1.041097E-06 -1
vn 1 0 0
vn 1 0 0
vn 1 0 0
vn 1 0 0
vn 0 1 1.041097E-06
vn 0 1 1.041097E-06
vn 0 1 1.041097E-06
vn 0 1 1.041097E-06
vn 0 -1.041097E-06 1
vn 0 -1.041097E-06 1
vn 0 -1.041097E-06 1
vn 0 -1.041097E-06 1
vn 0 -1 -1.041097E-06
vn 0 -1 -1.041097E-06
vn 0 -1 -1.041097E-06
vn 0 -1 -1.041097E-06
vn 0 1.041097E-06 -1
vn 0 1.041097E-06 -1
vn 0 1.041097E-06 -1
vn 0 1.041097E-06 -1
vn 0 0.1090303 0.9940385
vn 0 -0.02196314 0.9997588
vn 0 0.02196106 0.9997588
vn 0 0.1521717 0.988354
vn 0 0.2374248 0.9714059
vn 0 0.2795373 0.9601349
vn 0 0.3622599 0.9320772
vn 0 0.4028661 0.9152589
vn 0 0.4809968 0.8767222
vn 0 0.5185445 0.8550507
vn 0 0.5910971 0.8066005
vn 0 0.6260631 0.7797724
vn 0 0.6916211 0.7222605
vn 0 0.7222576 0.6916242
vn 0 0.7797705 0.6260655
vn 0 0.8065992 0.5910987
vn 0 0.8550501 0.5185454
vn 0 0.8767219 0.4809977
vn 0 0.9152582 0.4028676
vn 0 0.9320762 0.3622624
vn 0 0.960134 0.2795405
vn 0 0.9714053 0.2374277
vn 0 0.9883537 0.1521734
vn 0 0.9940383 0.1090311
vn 0 0.9997588 0.0219625
vn 0 0.9997588 -0.02196042
vn 0 0.9940385 -0.109029
vn 0 0.9883541 -0.1521713
vn 0 0.9714057 -0.2374256
vn 0 0.9601346 -0.2795385
vn 0 0.9320769 -0.3622604
vn 0 0.9152591 -0.4028657
vn 0 0.8767228 -0.4809958
vn 0 0.8550512 -0.5185436
vn 0 0.8066004 -0.591097
vn 0 0.7797718 -0.6260638
vn 0 0.722259 -0.6916226
vn 0 0.6916226 -0.722259
vn 0 0.6260648 -0.7797711
vn 0 0.5910988 -0.8065993
vn 0 0.5185463 -0.8550496
vn 0 0.4809986 -0.8767213
vn 0 0.402868 -0.9152581
vn 0 0.3622619 -0.9320765
vn 0 0.2795393 -0.9601343
vn 0 0.2374268 -0.9714054
vn 0 0.1521738 -0.9883537
vn 0 0.1090323 -0.9940382
vn 0 0.02196314 -0.9997588
vn 0 -0.02196106 -0.9997588
vn 0 -0.1090303 -0.9940385
vn 0 -0.1521717 -0.988354
vn 0 -0.2374248 -0.9714059
vn 0 -0.2795373 -0.9601349
vn 0 -0.3622599 -0.9320772
vn 0 -0.4028661 -0.9152589
vn 0 -0.4809968 -0.8767222
vn 0 -0.5185445 -0.8550507
vn 0 -0.5910971 -0.8066005
vn 0 -0.6260631 -0.7797724
vn 0 -0.6916211 -0.7222605
vn 0 -0.7222576 -0.6916242
vn 0 -0.7797705 -0.6260655
vn 0 -0.8065992 -0.5910987
vn 0 -0.8550501 -0.5185454
vn 0 -0.8767219 -0.4809977
vn 0 -0.9152582 -0.4028676
vn 0 -0.9320762 -0.3622624
vn 0 -0.960134 -0.2795405
vn 0 -0.9714053 -0.2374277
vn 0 -0.9883537 -0.1521734
vn 0 -0.9940383 -0.1090311
vn 0 -0.9997588 -0.0219625
vn 0 -0.9997588 0.02196042
vn 0 -0.9940385 0.109029
vn 0 -0.9883541 0.1521713
vn 0 -0.9714057 0.2374256
vn 0 -0.9601346 0.2795385
vn 0 -0.9320769 0.3622604
vn 0 -0.9152591 0.4028657
vn 0 -0.8767228 0.4809958
vn 0 -0.8550512 0.5185436
vn 0 -0.8066004 0.591097
vn 0 -0.7797718 0.6260638
vn 0 -0.722259 0.6916226
vn 0 -0.6916226 0.722259
vn 0 -0.6260648 0.7797711
vn 0 -0.5910988 0.8065993
vn 0 -0.5185463 0.8550496
vn 0 -0.4809986 0.8767213
vn 0 -0.402868 0.9152581
vn 0 -0.3622619 0.9320765
vn 0 -0.2795393 0.9601343
vn 0 -0.2374268 0.9714054
vn 0 -0.1521738 0.9883537
vn 0 -0.1090323 0.9940382
vn 0 -0.1090299 -0.9940385
vn 0 0.02196314 -0.9997588
vn 0 -0.02196105 -0.9997588
vn 0 -0.152171 -0.9883542
vn 0 -0.237424 -0.9714061
vn 0 -0.2795369 -0.960135
vn 0 -0.3622596 -0.9320772
vn 0 -0.4028654 -0.9152592
vn 0 -0.4809968 -0.8767223
vn 0 -0.5185453 -0.85505
vn 0 -0.5910982 -0.8065996
vn 0 -0.6260636 -0.7797719
vn 0 -0.6916214 -0.7222601
vn 0 -0.7222583 -0.6916236
vn 0 -0.7797707 -0.6260651
vn 0 -0.806599 -0.5910991
vn 0 -0.8550498 -0.5185461
vn 0 -0.8767217 -0.4809982
vn 0 -0.9152581 -0.4028679
vn 0 -0.9320762 -0.3622625
vn 0 -0.960134 -0.2795402
vn 0 -0.9714054 -0.2374272
vn 0 -0.9883539 -0.1521733
vn 0 -0.9940383 -0.1090312
vn 0 -0.9997588 -0.02196256
vn 0 -0.9997588 0.02196047
vn 0 -0.9940386 0.1090291
vn 0 -0.9883543 0.1521712
vn 0 -0.9714059 0.2374251
vn 0 -0.9601346 0.2795382
vn 0 -0.9320769 0.3622606
vn 0 -0.9152589 0.402866
vn 0 -0.8767226 0.4809964
vn 0 -0.8550509 0.5185443
vn 0 -0.8066002 0.5910974
vn 0 -0.779772 0.6260635
vn 0 -0.7222598 0.691622
vn 0 -0.691623 0.7222587
vn 0 -0.6260653 0.7797706
vn 0 -0.5910999 0.8065984
vn 0 -0.5185471 0.855049
vn 0 -0.4809987 0.8767213
vn 0 -0.4028673 0.9152583
vn 0 -0.3622615 0.9320765
vn 0 -0.279539 0.9601344
vn 0 -0.237426 0.9714056
vn 0 -0.152173 0.9883538
vn 0 -0.1090319 0.9940382
vn 0 -0.02196314 0.9997588
vn 0 0.02196105 0.9997588
vn 0 0.1090299 0.9940385
vn 0 0.152171 0.9883542
vn 0 0.237424 0.9714061
vn 0 0.2795369 0.960135
vn 0 0.3622596 0.9320772
vn 0 0.4028654 0.9152592
vn 0 0.4809968 0.8767223
vn 0 0.5185453 0.85505
vn 0 0.5910982 0.8065996
vn 0 0.6260636 0.7797719
vn 0 0.6916214 0.7222601
vn 0 0.7222583 0.6916236
vn 0 0.7797707 0.6260651
vn 0 0.806599 0.5910991
vn 0 0.8550498 0.5185461
vn 0 0.8767217 0.4809982
vn 0 0.9152581 0.4028679
vn 0 0.9320762 0.3622625
vn 0 0.960134 0.2795402
vn 0 0.9714054 0.2374272
vn 0 0.9883539 0.1521733
vn 0 0.9940383 0.1090312
vn 0 0.9997588 0.02196256
vn 0 0.9997588 -0.02196047
vn 0 0.9940386 -0.1090291
vn 0 0.9883543 -0.1521712
vn 0 0.9714059 -0.2374251
vn 0 0.9601346 -0.2795382
vn 0 0.9320769 -0.3622606
vn 0 0.9152589 -0.402866
vn 0 0.8767226 -0.4809964
vn 0 0.8550509 -0.5185443
vn 0 0.8066002 -0.5910974
vn 0 0.779772 -0.6260635
vn 0 0.7222598 -0.691622
vn 0 0.691623 -0.7222587
vn 0 0.6260653 -0.7797706
vn 0 0.5910999 -0.8065984
vn 0 0.5185471 -0.855049
vn 0 0.4809987 -0.8767213
vn 0 0.4028673 -0.9152583
vn 0 0.3622615 -0.9320765
vn 0 0.279539 -0.9601344
vn 0 0.237426 -0.9714056
vn 0 0.152173 -0.9883538
vn 0 0.1090319 -0.9940382
vn 1 0 0
vn 0.9999999 0 0
vn 1 0 0
vn 1 0 0
vn 1 0 0
vn 1 0 0
vn 1 0 0
vn 1 0 0
vn 1 0 0
vn 1 0 0
vn 1 0 0
vn 1 0 0
vn 1 0 0
vn 1 0 0
vn 1 0 0
vn 1 0 0
vn 1 0 0
vn 1 0 0
vn 1 0 0
vn 1 0 0
vn 1 0 0
vn 1 0 0
vn 0.9999999 0 0
vn 1 0 0
vn 1 0 0
vn 1 0 0
vn 1 0 0
vn 0.9999999 0 0
vn 1 0 0
vn 1 0 0
vn 0.9999999 0 0
vn 1 0 0
vn 1 0 0
vn 1 0 0
vn 1 0 0
vn 1 0 0
vn 1 0 0
vn 1 0 0
vn 1 0 0
vn 1 0 0
vn 1 0 0
vn 0.9999999 0 0
vn 1 0 0
vn 0.9999999 0 0
vn 1 0 0
vn 0.9999999 0 0
vn 1 0 0
vn 1 0 0
vn 1 0 0
vn 1 0 0
vn 0.9999999 0 0
vn 1 0 0
vn 1 0 0
vn 1 0 0
vn 1 0 0
vn 1 0 0
vn 1 0 0
vn 1 0 0
vn 1 0 0
vn 1 0 0
vn 1 0 0
vn 1 0 0
vn 1 0 0
vn 1 0 0
vn 1 0 0
vn 1 0 0
vn 1 0 0
vn 1 0 0
vn 1 0 0
vn 1 0 0
vn 0.9999999 0 0
vn 1 0 0
vn 1 0 0
vn 1 0 0
vn 1 0 0
vn 0.9999999 0 0
vn 1 0 0
vn 1 0 0
vn 0.9999999 0 0
vn 1 0 0
vn 1 0 0
vn 1 0 0
vn 1 0 0
vn 1 0 0
vn 1 0 0
vn 1 0 0
vn 1 0 0
vn 1 0 0
vn 1 0 0
vn 0.9999999 0 0
vn 1 0 0
vn 0.9999999 0 0
vn 1 0 0
vn 0.9999999 0 0
vn 1 0 0
vn 1 0 0
vn 0 0.1090287 0.9940386
vn 0 -0.02196233 0.9997588
vn 0 0.02196024 0.9997588
vn 0 0.152171 0.9883542
vn 0 0.2374256 0.9714058
vn 0 0.2795388 0.9601344
vn 0 0.3622609 0.9320766
vn 0 0.4028661 0.9152589
vn 0 0.4809962 0.8767226
vn 0 0.5185442 0.8550509
vn 0 0.5910974 0.8066002
vn 0 0.6260635 0.7797719
vn 0 0.691622 0.7222597
vn 0 0.7222585 0.6916232
vn 0 0.7797709 0.6260651
vn 0 0.806599 0.5910991
vn 0 0.8550497 0.5185461
vn 0 0.8767217 0.480998
vn 0 0.9152582 0.4028676
vn 0 0.9320762 0.3622624
vn 0 0.960134 0.2795405
vn 0 0.9714053 0.2374277
vn 0 0.9883537 0.1521734
vn 0 0.9940383 0.1090311
vn 0 0.9997588 0.0219625
vn 0 0.9997588 -0.02196042
vn 0 0.9940385 -0.109029
vn 0 0.9883541 -0.1521713
vn 0 0.9714057 -0.2374256
vn 0 0.9601346 -0.2795385
vn 0 0.9320769 -0.3622604
vn 0 0.9152591 -0.4028657
vn 0 0.8767226 -0.4809962
vn 0 0.8550508 -0.5185443
vn 0 0.8066002 -0.5910974
vn 0 0.7797722 -0.6260635
vn 0 0.7222598 -0.6916218
vn 0 0.691623 -0.7222586
vn 0 0.6260648 -0.7797711
vn 0 0.5910988 -0.8065993
vn 0 0.5185463 -0.8550496
vn 0 0.4809986 -0.8767213
vn 0 0.4028687 -0.9152578
vn 0 0.3622633 -0.9320759
vn 0 0.2795408 -0.9601339
vn 0 0.2374276 -0.9714053
vn 0 0.152173 -0.9883538
vn 0 0.1090307 -0.9940383
vn 0 0.02196233 -0.9997588
vn 0 -0.02196024 -0.9997588
vn 0 -0.1090287 -0.9940386
vn 0 -0.152171 -0.9883542
vn 0 -0.2374256 -0.9714058
vn 0 -0.2795388 -0.9601344
vn 0 -0.3622613 -0.9320766
vn 0 -0.4028668 -0.9152586
vn 0 -0.4809968 -0.8767222
vn 0 -0.5185445 -0.8550507
vn 0 -0.5910971 -0.8066005
vn 0 -0.6260631 -0.7797724
vn 0 -0.6916215 -0.7222601
vn 0 -0.7222584 -0.6916234
vn 0 -0.7797709 -0.6260651
vn 0 -0.806599 -0.5910991
vn 0 -0.8550497 -0.5185461
vn 0 -0.8767217 -0.480998
vn 0 -0.9152582 -0.4028676
vn 0 -0.9320762 -0.3622624
vn 0 -0.960134 -0.2795405
vn 0 -0.9714053 -0.2374277
vn 0 -0.9883537 -0.1521734
vn 0 -0.9940383 -0.1090311
vn 0 -0.9997588 -0.0219625
vn 0 -0.9997588 0.02196042
vn 0 -0.9940385 0.109029
vn 0 -0.9883541 0.1521713
vn 0 -0.9714057 0.2374256
vn 0 -0.9601346 0.2795385
vn 0 -0.9320769 0.3622604
vn 0 -0.9152591 0.4028657
vn 0 -0.8767226 0.4809962
vn 0 -0.8550508 0.5185443
vn 0 -0.8066002 0.5910974
vn 0 -0.7797722 0.6260635
vn 0 -0.7222599 0.6916216
vn 0 -0.6916235 0.7222583
vn 0 -0.6260652 0.7797706
vn 0 -0.591099 0.806599
vn 0 -0.518546 0.8550498
vn 0 -0.480998 0.8767217
vn 0 -0.402868 0.9152581
vn 0 -0.3622629 0.9320759
vn 0 -0.2795408 0.9601339
vn 0 -0.2374276 0.9714053
vn 0 -0.152173 0.9883538
vn 0 -0.1090307 0.9940383
vn 0 -0.1090293 -0.9940385
vn 0 0.02196253 -0.9997588
vn 0 -0.02196045 -0.9997588
vn 0 -0.1521716 -0.9883541
vn 0 -0.2374254 -0.9714057
vn 0 -0.2795381 -0.9601346
vn 0 -0.3622603 -0.9320769
vn 0 -0.4028662 -0.9152589
vn 0 -0.4809964 -0.8767226
vn 0 -0.5185438 -0.855051
vn 0 -0.591097 -0.8066005
vn 0 -0.6260636 -0.7797719
vn 0 -0.6916221 -0.7222595
vn 0 -0.7222585 -0.6916232
vn 0 -0.7797707 -0.6260651
vn 0 -0.806599 -0.5910991
vn 0 -0.8550498 -0.5185461
vn 0 -0.8767217 -0.4809982
vn 0 -0.9152581 -0.4028679
vn 0 -0.9320762 -0.3622625
vn 0 -0.960134 -0.2795403
vn 0 -0.9714053 -0.2374274
vn 0 -0.9883538 -0.1521733
vn 0 -0.9940383 -0.1090311
vn 0 -0.9997588 -0.02196252
vn 0 -0.9997588 0.02196043
vn 0 -0.9940386 0.1090291
vn 0 -0.9883542 0.1521713
vn 0 -0.9714058 0.2374254
vn 0 -0.9601346 0.2795383
vn 0 -0.9320769 0.3622606
vn 0 -0.9152589 0.402866
vn 0 -0.8767226 0.4809964
vn 0 -0.8550509 0.5185443
vn 0 -0.8066002 0.5910974
vn 0 -0.779772 0.6260635
vn 0 -0.7222599 0.6916216
vn 0 -0.6916236 0.7222581
vn 0 -0.6260653 0.7797706
vn 0 -0.5910987 0.8065993
vn 0 -0.5185459 0.8550498
vn 0 -0.4809987 0.8767213
vn 0 -0.4028683 0.9152579
vn 0 -0.362262 0.9320763
vn 0 -0.2795395 0.9601341
vn 0 -0.2374272 0.9714053
vn 0 -0.1521736 0.9883537
vn 0 -0.1090313 0.9940383
vn 0 -0.02196253 0.9997588
vn 0 0.02196045 0.9997588
vn 0 0.1090293 0.9940385
vn 0 0.1521716 0.9883541
vn 0 0.2374252 0.9714058
vn 0 0.2795375 0.9601347
vn 0 0.3622601 0.932077
vn 0 0.4028664 0.9152588
vn 0 0.4809968 0.8767223
vn 0 0.5185441 0.8550509
vn 0 0.591097 0.8066005
vn 0 0.6260636 0.7797719
vn 0 0.6916221 0.7222595
vn 0 0.7222585 0.6916232
vn 0 0.7797707 0.6260651
vn 0 0.806599 0.5910991
vn 0 0.8550498 0.5185461
vn 0 0.8767217 0.4809982
vn 0 0.9152581 0.4028679
vn 0 0.9320762 0.3622625
vn 0 0.960134 0.2795403
vn 0 0.9714053 0.2374274
vn 0 0.9883538 0.1521733
vn 0 0.9940383 0.1090311
vn 0 0.9997588 0.02196252
vn 0 0.9997588 -0.02196043
vn 0 0.9940386 -0.1090291
vn 0 0.9883542 -0.1521713
vn 0 0.9714058 -0.2374254
vn 0 0.9601346 -0.2795383
vn 0 0.9320769 -0.3622606
vn 0 0.9152589 -0.402866
vn 0 0.8767226 -0.4809964
vn 0 0.8550509 -0.5185443
vn 0 0.8066002 -0.5910974
vn 0 0.779772 -0.6260635
vn 0 0.7222599 -0.6916216
vn 0 0.6916236 -0.7222581
vn 0 0.6260653 -0.7797706
vn 0 0.5910987 -0.8065993
vn 0 0.5185456 -0.85505
vn 0 0.4809982 -0.8767217
vn 0 0.4028681 -0.915258
vn 0 0.3622623 -0.9320762
vn 0 0.2795401 -0.960134
vn 0 0.2374275 -0.9714053
vn 0 0.1521736 -0.9883537
vn 0 0.1090313 -0.9940383
vn 1 0 0
vn 1 0 0
vn 1 0 0
vn 1 0 0
vn 0.9999999 0 0
vn 1 0 0
vn 1 0 0
vn 1 0 0
vn 1 0 0
vn 1 0 0
vn 1 0 0
vn 1 0 0
vn 1 0 0
vn 1 0 0
vn 1 0 0
vn 1 0 0
vn 1 0 0
vn 1 0 0
vn 1 0 0
vn 1 0 0
vn 1 0 0
vn 0.9999999 0 0
vn 1 0 0
vn 0.9999999 0 0
vn 1 0 0
vn 1 0 0
vn 1 0 0
vn 1 0 0
vn 1 0 0
vn 1 0 0
vn 0.9999999 0 0
vn 1 0 0
vn 1 0 0
vn 1 0 0
vn 1 0 0
vn 1 0 0
vn 1 0 0
vn 1 0 0
vn 1 0 0
vn 0.9999999 0 0
vn 1 0 0
vn 1 0 0
vn 1 0 0
vn 0.9999999 0 0
vn 1 0 0
vn 1 0 0
vn 1 0 0
vn 0.9999999 0 0
vn 1 0 0
vn 1 0 0
vn 1 0 0
vn 1 0 0
vn 0.9999999 0 0
vn 1 0 0
vn 1 0 0
vn 1 0 0
vn 1 0 0
vn 0.9999999 0 0
vn 1 0 0
vn 1 0 0
vn 0.9999999 0 0
vn 1 0 0
vn 1 0 0
vn 1 0 0
vn 1 0 0
vn 1 0 0
vn 1 0 0
vn 1 0 0
vn 1 0 0
vn 0.9999999 0 0
vn 1 0 0
vn 0.9999999 0 0
vn 1 0 0
vn 1 0 0
vn 1 0 0
vn 1 0 0
vn 1 0 0
vn 1 0 0
vn 0.9999999 0 0
vn 1 0 0
vn 1 0 0
vn 1 0 0
vn 1 0 0
vn 1 0 0
vn 0.9999999 0 0
vn 1 0 0
vn 1 0 0
vn 0.9999999 0 0
vn 0.9999999 0 0
vn 1 0 0
vn 1 0 0
vn 1 0 0
vn 1 0 0
vn 1 0 0
vn 1 0 0
vn 0.9999999 0 0
vn 0 0.1090291 0.9940386
vn 0 -0.02196253 0.9997588
vn 0 0.02196045 0.9997588
vn 0 0.1521712 0.9883541
vn 0 0.2374254 0.9714058
vn 0 0.2795384 0.9601345
vn 0 0.3622606 0.9320769
vn 0 0.4028659 0.9152591
vn 0 0.4809962 0.8767226
vn 0 0.5185442 0.8550509
vn 0 0.5910972 0.8066003
vn 0 0.6260633 0.7797722
vn 0 0.6916217 0.7222599
vn 0 0.7222584 0.6916233
vn 0 0.7797709 0.626065
vn 0 0.8065991 0.5910989
vn 0 0.8550498 0.518546
vn 0 0.8767217 0.480998
vn 0 0.9152582 0.4028678
vn 0 0.9320762 0.3622625
vn 0 0.9601339 0.2795404
vn 0 0.9714053 0.2374274
vn 0 0.9883538 0.1521732
vn 0 0.9940383 0.1090311
vn 0 0.9997588 0.02196253
vn 0 0.9997588 -0.02196045
vn 0 0.9940386 -0.1090291
vn 0 0.9883541 -0.1521712
vn 0 0.9714058 -0.2374254
vn 0 0.9601345 -0.2795384
vn 0 0.9320769 -0.3622606
vn 0 0.9152591 -0.4028659
vn 0 0.8767226 -0.4809962
vn 0 0.8550509 -0.5185442
vn 0 0.8066003 -0.5910972
vn 0 0.7797722 -0.6260633
vn 0 0.7222599 -0.6916217
vn 0 0.6916233 -0.7222584
vn 0 0.626065 -0.7797709
vn 0 0.5910989 -0.8065991
vn 0 0.518546 -0.8550498
vn 0 0.480998 -0.8767217
vn 0 0.4028678 -0.9152582
vn 0 0.3622625 -0.9320762
vn 0 0.2795404 -0.9601339
vn 0 0.2374274 -0.9714053
vn 0 0.1521732 -0.9883538
vn 0 0.1090311 -0.9940383
vn 0 0.02196253 -0.9997588
vn 0 -0.02196045 -0.9997588
vn 0 -0.1090291 -0.9940386
vn 0 -0.1521712 -0.9883541
vn 0 -0.2374254 -0.9714058
vn 0 -0.2795384 -0.9601345
vn 0 -0.3622606 -0.9320769
vn 0 -0.4028659 -0.9152591
vn 0 -0.4809962 -0.8767226
vn 0 -0.5185442 -0.8550509
vn 0 -0.5910972 -0.8066003
vn 0 -0.6260633 -0.7797722
vn 0 -0.6916217 -0.7222599
vn 0 -0.7222584 -0.6916233
vn 0 -0.7797709 -0.626065
vn 0 -0.8065991 -0.5910989
vn 0 -0.8550498 -0.518546
vn 0 -0.8767217 -0.480998
vn 0 -0.9152582 -0.4028678
vn 0 -0.9320762 -0.3622625
vn 0 -0.9601339 -0.2795404
vn 0 -0.9714053 -0.2374274
vn 0 -0.9883538 -0.1521732
vn 0 -0.9940383 -0.1090311
vn 0 -0.9997588 -0.02196253
vn 0 -0.9997588 0.02196045
vn 0 -0.9940386 0.1090291
vn 0 -0.9883541 0.1521712
vn 0 -0.9714058 0.2374254
vn 0 -0.9601345 0.2795384
vn 0 -0.9320769 0.3622606
vn 0 -0.9152591 0.4028659
vn 0 -0.8767226 0.4809962
vn 0 -0.8550509 0.5185442
vn 0 -0.8066003 0.5910972
vn 0 -0.7797722 0.6260633
vn 0 -0.7222599 0.6916217
vn 0 -0.6916233 0.7222584
vn 0 -0.626065 0.7797709
vn 0 -0.5910989 0.8065991
vn 0 -0.518546 0.8550498
vn 0 -0.480998 0.8767217
vn 0 -0.4028678 0.9152582
vn 0 -0.3622625 0.9320762
vn 0 -0.2795404 0.9601339
vn 0 -0.2374274 0.9714053
vn 0 -0.1521732 0.9883538
vn 0 -0.1090311 0.9940383
vn 0 -0.1090291 -0.9940385
vn 0 0.02196253 -0.9997588
vn 0 -0.02196045 -0.9997588
vn 0 -0.1521713 -0.9883542
vn 0 -0.2374253 -0.9714058
vn 0 -0.2795382 -0.9601346
vn 0 -0.3622605 -0.9320769
vn 0 -0.402866 -0.9152589
vn 0 -0.4809964 -0.8767226
vn 0 -0.5185441 -0.8550507
vn 0 -0.5910972 -0.8066003
vn 0 -0.6260634 -0.7797722
vn 0 -0.6916218 -0.7222599
vn 0 -0.7222584 -0.6916233
vn 0 -0.7797709 -0.6260651
vn 0 -0.8065991 -0.5910989
vn 0 -0.8550497 -0.5185459
vn 0 -0.8767217 -0.4809982
vn 0 -0.9152581 -0.4028679
vn 0 -0.9320762 -0.3622625
vn 0 -0.960134 -0.2795402
vn 0 -0.9714053 -0.2374273
vn 0 -0.9883538 -0.1521733
vn 0 -0.9940383 -0.1090312
vn 0 -0.9997588 -0.02196253
vn 0 -0.9997588 0.02196045
vn 0 -0.9940385 0.1090291
vn 0 -0.9883542 0.1521713
vn 0 -0.9714058 0.2374253
vn 0 -0.9601346 0.2795382
vn 0 -0.9320769 0.3622605
vn 0 -0.9152589 0.402866
vn 0 -0.8767226 0.4809964
vn 0 -0.8550507 0.5185441
vn 0 -0.8066003 0.5910972
vn 0 -0.7797722 0.6260634
vn 0 -0.7222599 0.6916218
vn 0 -0.6916233 0.7222584
vn 0 -0.6260651 0.7797709
vn 0 -0.5910989 0.8065991
vn 0 -0.5185459 0.8550497
vn 0 -0.4809982 0.8767217
vn 0 -0.4028679 0.9152581
vn 0 -0.3622625 0.9320762
vn 0 -0.2795402 0.960134
vn 0 -0.2374273 0.9714053
vn 0 -0.1521733 0.9883538
vn 0 -0.1090312 0.9940383
vn 0 -0.02196253 0.9997588
vn 0 0.02196045 0.9997588
vn 0 0.1090291 0.9940385
vn 0 0.1521713 0.9883542
vn 0 0.2374253 0.9714058
vn 0 0.2795382 0.9601346
vn 0 0.3622605 0.9320769
vn 0 0.402866 0.9152589
vn 0 0.4809964 0.8767226
vn 0 0.5185441 0.8550507
vn 0 0.5910972 0.8066003
vn 0 0.6260634 0.7797722
vn 0 0.6916218 0.7222599
vn 0 0.7222584 0.6916233
vn 0 0.7797709 0.6260651
vn 0 0.8065991 0.5910989
vn 0 0.8550497 0.5185459
vn 0 0.8767217 0.4809982
vn 0 0.9152581 0.4028679
vn 0 0.9320762 0.3622625
vn 0 0.960134 0.2795402
vn 0 0.9714053 0.2374273
vn 0 0.9883538 0.1521733
vn 0 0.9940383 0.1090312
vn 0 0.9997588 0.02196253
vn 0 0.9997588 -0.02196045
vn 0 0.9940385 -0.1090291
vn 0 0.9883542 -0.1521713
vn 0 0.9714058 -0.2374253
vn 0 0.9601346 -0.2795382
vn 0 0.9320769 -0.3622605
vn 0 0.9152589 -0.402866
vn 0 0.8767226 -0.4809964
vn 0 0.8550507 -0.5185441
vn 0 0.8066003 -0.5910972
vn 0 0.7797722 -0.6260634
vn 0 0.7222599 -0.6916218
vn 0 0.6916233 -0.7222584
vn 0 0.6260651 -0.7797709
vn 0 0.5910989 -0.8065991
vn 0 0.5185459 -0.8550497
vn 0 0.4809982 -0.8767217
vn 0 0.4028679 -0.9152581
vn 0 0.3622625 -0.9320762
vn 0 0.2795402 -0.960134
vn 0 0.2374273 -0.9714053
vn 0 0.1521733 -0.9883538
vn 0 0.1090312 -0.9940383
vn 1 0 0
vn 0.9999999 0 0
vn 0.9999999 0 0
vn 1 0 0
vn 1 0 0
vn 1 0 0
vn 1 0 0
vn 1 0 0
vn 1 0 0
vn 1 0 0
vn 1 0 0
vn 1 0 0
vn 0.9999999 0 0
vn 1 0 0
vn 1 0 0
vn 1 0 0
vn 0.9999999 0 0
vn 1 0 0
vn 0.9999999 0 0
vn 1 0 0
vn 1 0 0
vn 0.9999999 0 0
vn 1 0 0
vn 1 0 0
vn 1 0 0
vn 1 0 0
vn 0.9999999 0 0
vn 0.9999999 0 0
vn 1 0 0
vn 1 0 0
vn 1 0 0
vn 1 0 0
vn 1 0 0
vn 1 0 0
vn 1 0 0
vn 1 0 0
vn 0.9999999 0 0
vn 1 0 0
vn 1 0 0
vn 1 0 0
vn 0.9999999 0 0
vn 1 0 0
vn 0.9999999 0 0
vn 1 0 0
vn 1 0 0
vn 0.9999999 0 0
vn 1 0 0
vn 1 0 0
vn 1 0 0
vn 1 0 0
vn 0.9999999 0 0
vn 0.9999999 0 0
vn 1 0 0
vn 1 0 0
vn 1 0 0
vn 1 0 0
vn 1 0 0
vn 1 0 0
vn 1 0 0
vn 1 0 0
vn 0.9999999 0 0
vn 1 0 0
vn 1 0 0
vn 1 0 0
vn 0.9999999 0 0
vn 1 0 0
vn 0.9999999 0 0
vn 1 0 0
vn 1 0 0
vn 0.9999999 0 0
vn 1 0 0
vn 1 0 0
vn 1 0 0
vn 1 0 0
vn 0.9999999 0 0
vn 0.9999999 0 0
vn 1 0 0
vn 1 0 0
vn 1 0 0
vn 1 0 0
vn 1 0 0
vn 1 0 0
vn 1 0 0
vn 1 0 0
vn 0.9999999 0 0
vn 1 0 0
vn 1 0 0
vn 1 0 0
vn 0.9999999 0 0
vn 1 0 0
vn 0.9999999 0 0
vn 1 0 0
vn 1 0 0
vn 0.9999999 0 0
vn 1 0 0
vn 1 0 0
vn 0 0.1090287 0.9940386
vn 0 -0.02196233 0.9997588
vn 0 0.02196024 0.9997588
vn 0 0.152171 0.9883542
vn 0 0.2374256 0.9714058
vn 0 0.2795388 0.9601344
vn 0 0.3622613 0.9320766
vn 0 0.4028668 0.9152586
vn 0 0.4809968 0.8767222
vn 0 0.5185445 0.8550507
vn 0 0.5910971 0.8066005
vn 0 0.6260631 0.7797724
vn 0 0.6916215 0.7222601
vn 0 0.7222584 0.6916234
vn 0 0.7797709 0.6260651
vn 0 0.806599 0.5910991
vn 0 0.8550497 0.5185461
vn 0 0.8767217 0.480998
vn 0 0.9152582 0.4028676
vn 0 0.9320762 0.3622624
vn 0 0.960134 0.2795405
vn 0 0.9714053 0.2374277
vn 0 0.9883537 0.1521734
vn 0 0.9940383 0.1090311
vn 0 0.9997588 0.0219625
vn 0 0.9997588 -0.02196042
vn 0 0.9940385 -0.109029
vn 0 0.9883541 -0.1521713
vn 0 0.9714057 -0.2374256
vn 0 0.9601346 -0.2795385
vn 0 0.9320769 -0.3622604
vn 0 0.9152591 -0.4028657
vn 0 0.8767226 -0.4809962
vn 0 0.8550508 -0.5185443
vn 0 0.8066002 -0.5910974
vn 0 0.7797722 -0.6260635
vn 0 0.7222599 -0.6916216
vn 0 0.6916235 -0.7222583
vn 0 0.6260652 -0.7797706
vn 0 0.591099 -0.806599
vn 0 0.518546 -0.8550498
vn 0 0.480998 -0.8767217
vn 0 0.402868 -0.9152581
vn 0 0.3622629 -0.9320759
vn 0 0.2795408 -0.9601339
vn 0 0.2374276 -0.9714053
vn 0 0.152173 -0.9883538
vn 0 0.1090307 -0.9940383
vn 0 0.02196233 -0.9997588
vn 0 -0.02196024 -0.9997588
vn 0 -0.1090287 -0.9940386
vn 0 -0.152171 -0.9883542
vn 0 -0.2374256 -0.9714058
vn 0 -0.2795388 -0.9601344
vn 0 -0.3622609 -0.9320766
vn 0 -0.4028661 -0.9152589
vn 0 -0.4809962 -0.8767226
vn 0 -0.5185442 -0.8550509
vn 0 -0.5910974 -0.8066002
vn 0 -0.6260635 -0.7797719
vn 0 -0.691622 -0.7222597
vn 0 -0.7222585 -0.6916232
vn 0 -0.7797709 -0.6260651
vn 0 -0.806599 -0.5910991
vn 0 -0.8550497 -0.5185461
vn 0 -0.8767217 -0.480998
vn 0 -0.9152582 -0.4028676
vn 0 -0.9320762 -0.3622624
vn 0 -0.960134 -0.2795405
vn 0 -0.9714053 -0.2374277
vn 0 -0.9883537 -0.1521734
vn 0 -0.9940383 -0.1090311
vn 0 -0.9997588 -0.0219625
vn 0 -0.9997588 0.02196042
vn 0 -0.9940385 0.109029
vn 0 -0.9883541 0.1521713
vn 0 -0.9714057 0.2374256
vn 0 -0.9601346 0.2795385
vn 0 -0.9320769 0.3622604
vn 0 -0.9152591 0.4028657
vn 0 -0.8767226 0.4809962
vn 0 -0.8550508 0.5185443
vn 0 -0.8066002 0.5910974
vn 0 -0.7797722 0.6260635
vn 0 -0.7222598 0.6916218
vn 0 -0.691623 0.7222586
vn 0 -0.6260648 0.7797711
vn 0 -0.5910988 0.8065993
vn 0 -0.5185463 0.8550496
vn 0 -0.4809986 0.8767213
vn 0 -0.4028687 0.9152578
vn 0 -0.3622633 0.9320759
vn 0 -0.2795408 0.9601339
vn 0 -0.2374276 0.9714053
vn 0 -0.152173 0.9883538
vn 0 -0.1090307 0.9940383
vn 0 -0.1090293 -0.9940385
vn 0 0.02196253 -0.9997588
vn 0 -0.02196045 -0.9997588
vn 0 -0.1521716 -0.9883541
vn 0 -0.2374252 -0.9714058
vn 0 -0.2795375 -0.9601347
vn 0 -0.3622601 -0.932077
vn 0 -0.4028664 -0.9152588
vn 0 -0.4809968 -0.8767223
vn 0 -0.5185441 -0.8550509
vn 0 -0.591097 -0.8066005
vn 0 -0.6260636 -0.7797719
vn 0 -0.6916221 -0.7222595
vn 0 -0.7222585 -0.6916232
vn 0 -0.7797707 -0.6260651
vn 0 -0.806599 -0.5910991
vn 0 -0.8550498 -0.5185461
vn 0 -0.8767217 -0.4809982
vn 0 -0.9152581 -0.4028679
vn 0 -0.9320762 -0.3622625
vn 0 -0.960134 -0.2795403
vn 0 -0.9714053 -0.2374274
vn 0 -0.9883538 -0.1521733
vn 0 -0.9940383 -0.1090311
vn 0 -0.9997588 -0.02196252
vn 0 -0.9997588 0.02196043
vn 0 -0.9940386 0.1090291
vn 0 -0.9883542 0.1521713
vn 0 -0.9714058 0.2374254
vn 0 -0.9601346 0.2795383
vn 0 -0.9320769 0.3622606
vn 0 -0.9152589 0.402866
vn 0 -0.8767226 0.4809964
vn 0 -0.8550509 0.5185443
vn 0 -0.8066002 0.5910974
vn 0 -0.779772 0.6260635
vn 0 -0.7222599 0.6916216
vn 0 -0.6916236 0.7222581
vn 0 -0.6260653 0.7797706
vn 0 -0.5910987 0.8065993
vn 0 -0.5185456 0.85505
vn 0 -0.4809982 0.8767217
vn 0 -0.4028681 0.915258
vn 0 -0.3622623 0.9320762
vn 0 -0.2795401 0.960134
vn 0 -0.2374275 0.9714053
vn 0 -0.1521736 0.9883537
vn 0 -0.1090313 0.9940383
vn 0 -0.02196253 0.9997588
vn 0 0.02196045 0.9997588
vn 0 0.1090293 0.9940385
vn 0 0.1521716 0.9883541
vn 0 0.2374254 0.9714057
vn 0 0.2795381 0.9601346
vn 0 0.3622603 0.9320769
vn 0 0.4028662 0.9152589
vn 0 0.4809964 0.8767226
vn 0 0.5185438 0.855051
vn 0 0.591097 0.8066005
vn 0 0.6260636 0.7797719
vn 0 0.6916221 0.7222595
vn 0 0.7222585 0.6916232
vn 0 0.7797707 0.6260651
vn 0 0.806599 0.5910991
vn 0 0.8550498 0.5185461
vn 0 0.8767217 0.4809982
vn 0 0.9152581 0.4028679
vn 0 0.9320762 0.3622625
vn 0 0.960134 0.2795403
vn 0 0.9714053 0.2374274
vn 0 0.9883538 0.1521733
vn 0 0.9940383 0.1090311
vn 0 0.9997588 0.02196252
vn 0 0.9997588 -0.02196043
vn 0 0.9940386 -0.1090291
vn 0 0.9883542 -0.1521713
vn 0 0.9714058 -0.2374254
vn 0 0.9601346 -0.2795383
vn 0 0.9320769 -0.3622606
vn 0 0.9152589 -0.402866
vn 0 0.8767226 -0.4809964
vn 0 0.8550509 -0.5185443
vn 0 0.8066002 -0.5910974
vn 0 0.779772 -0.6260635
vn 0 0.7222599 -0.6916216
vn 0 0.6916236 -0.7222581
vn 0 0.6260653 -0.7797706
vn 0 0.5910987 -0.8065993
vn 0 0.5185459 -0.8550498
vn 0 0.4809987 -0.8767213
vn 0 0.4028683 -0.9152579
vn 0 0.362262 -0.9320763
vn 0 0.2795395 -0.9601341
vn 0 0.2374272 -0.9714053
vn 0 0.1521736 -0.9883537
vn 0 0.1090313 -0.9940383
vn 1 0 0
vn 1 0 0
vn 1 0 0
vn 1 0 0
vn 0.9999999 0 0
vn 1 0 0
vn 1 0 0
vn 1 0 0
vn 1 0 0
vn 0.9999999 0 0
vn 1 0 0
vn 1 0 0
vn 0.9999999 0 0
vn 1 0 0
vn 1 0 0
vn 1 0 0
vn 1 0 0
vn 1 0 0
vn 1 0 0
vn 1 0 0
vn 1 0 0
vn 0.9999999 0 0
vn 1 0 0
vn 0.9999999 0 0
vn 1 0 0
vn 1 0 0
vn 1 0 0
vn 1 0 0
vn 1 0 0
vn 1 0 0
vn 0.9999999 0 0
vn 1 0 0
vn 1 0 0
vn 1 0 0
vn 1 0 0
vn 1 0 0
vn 0.9999999 0 0
vn 1 0 0
vn 1 0 0
vn 0.9999999 0 0
vn 0.9999999 0 0
vn 1 0 0
vn 1 0 0
vn 1 0 0
vn 1 0 0
vn 1 0 0
vn 1 0 0
vn 0.9999999 0 0
vn 1 0 0
vn 1 0 0
vn 1 0 0
vn 1 0 0
vn 0.9999999 0 0
vn 1 0 0
vn 1 0 0
vn 1 0 0
vn 1 0 0
vn 1 0 0
vn 1 0 0
vn 1 0 0
vn 1 0 0
vn 1 0 0
vn 1 0 0
vn 1 0 0
vn 1 0 0
vn 1 0 0
vn 1 0 0
vn 1 0 0
vn 1 0 0
vn 0.9999999 0 0
vn 1 0 0
vn 0.9999999 0 0
vn 1 0 0
vn 1 0 0
vn 1 0 0
vn 1 0 0
vn 1 0 0
vn 1 0 0
vn 0.9999999 0 0
vn 1 0 0
vn 1 0 0
vn 1 0 0
vn 1 0 0
vn 1 0 0
vn 1 0 0
vn 1 0 0
vn 1 0 0
vn 0.9999999 0 0
vn 1 0 0
vn 1 0 0
vn 1 0 0
vn 0.9999999 0 0
vn 1 0 0
vn 1 0 0
vn 1 0 0
vn 0.9999999 0 0
vn 0 0.1090303 0.9940385
vn 0 -0.02196314 0.9997588
vn 0 0.02196106 0.9997588
vn 0 0.1521717 0.988354
vn 0 0.2374248 0.9714059
vn 0 0.2795373 0.9601349
vn 0 0.3622599 0.9320772
vn 0 0.4028661 0.9152589
vn 0 0.4809968 0.8767222
vn 0 0.5185445 0.8550507
vn 0 0.5910971 0.8066005
vn 0 0.6260631 0.7797724
vn 0 0.6916211 0.7222605
vn 0 0.7222576 0.6916242
vn 0 0.7797705 0.6260655
vn 0 0.8065992 0.5910987
vn 0 0.8550501 0.5185454
vn 0 0.8767219 0.4809977
vn 0 0.9152582 0.4028676
vn 0 0.9320762 0.3622624
vn 0 0.960134 0.2795405
vn 0 0.9714053 0.2374277
vn 0 0.9883537 0.1521734
vn 0 0.9940383 0.1090311
vn 0 0.9997588 0.0219625
vn 0 0.9997588 -0.02196042
vn 0 0.9940385 -0.109029
vn 0 0.9883541 -0.1521713
vn 0 0.9714057 -0.2374256
vn 0 0.9601346 -0.2795385
vn 0 0.9320769 -0.3622604
vn 0 0.9152591 -0.4028657
vn 0 0.8767228 -0.4809958
vn 0 0.8550512 -0.5185436
vn 0 0.8066004 -0.591097
vn 0 0.7797718 -0.6260638
vn 0 0.722259 -0.6916226
vn 0 0.6916226 -0.722259
vn 0 0.6260648 -0.7797711
vn 0 0.5910988 -0.8065993
vn 0 0.5185463 -0.8550496
vn 0 0.4809986 -0.8767213
vn 0 0.402868 -0.9152581
vn 0 0.3622619 -0.9320765
vn 0 0.2795393 -0.9601343
vn 0 0.2374268 -0.9714054
vn 0 0.1521738 -0.9883537
vn 0 0.1090323 -0.9940382
vn 0 0.02196314 -0.9997588
vn 0 -0.02196106 -0.9997588
vn 0 -0.1090303 -0.9940385
vn 0 -0.1521717 -0.988354
vn 0 -0.2374248 -0.9714059
vn 0 -0.2795373 -0.9601349
vn 0 -0.3622599 -0.9320772
vn 0 -0.4028661 -0.9152589
vn 0 -0.4809968 -0.8767222
vn 0 -0.5185445 -0.8550507
vn 0 -0.5910971 -0.8066005
vn 0 -0.6260631 -0.7797724
vn 0 -0.6916211 -0.7222605
vn 0 -0.7222576 -0.6916242
vn 0 -0.7797705 -0.6260655
vn 0 -0.8065992 -0.5910987
vn 0 -0.8550501 -0.5185454
vn 0 -0.8767219 -0.4809977
vn 0 -0.9152582 -0.4028676
vn 0 -0.9320762 -0.3622624
vn 0 -0.960134 -0.2795405
vn 0 -0.9714053 -0.2374277
vn 0 -0.9883537 -0.1521734
vn 0 -0.9940383 -0.1090311
vn 0 -0.9997588 -0.0219625
vn 0 -0.9997588 0.02196042
vn 0 -0.9940385 0.109029
vn 0 -0.9883541 0.1521713
vn 0 -0.9714057 0.2374256
vn 0 -0.9601346 0.2795385
vn 0 -0.9320769 0.3622604
vn 0 -0.9152591 0.4028657
vn 0 -0.8767228 0.4809958
vn 0 -0.8550512 0.5185436
vn 0 -0.8066004 0.591097
vn 0 -0.7797718 0.6260638
vn 0 -0.722259 0.6916226
vn 0 -0.6916226 0.722259
vn 0 -0.6260648 0.7797711
vn 0 -0.5910988 0.8065993
vn 0 -0.5185463 0.8550496
vn 0 -0.4809986 0.8767213
vn 0 -0.402868 0.9152581
vn 0 -0.3622619 0.9320765
vn 0 -0.2795393 0.9601343
vn 0 -0.2374268 0.9714054
vn 0 -0.1521738 0.9883537
vn 0 -0.1090323 0.9940382
vn 0 -0.1090299 -0.9940385
vn 0 0.02196314 -0.9997588
vn 0 -0.02196105 -0.9997588
vn 0 -0.152171 -0.9883542
vn 0 -0.237424 -0.9714061
vn 0 -0.2795369 -0.960135
vn 0 -0.3622596 -0.9320772
vn 0 -0.4028654 -0.9152592
vn 0 -0.4809968 -0.8767223
vn 0 -0.5185453 -0.85505
vn 0 -0.5910982 -0.8065996
vn 0 -0.6260636 -0.7797719
vn 0 -0.6916214 -0.7222601
vn 0 -0.7222583 -0.6916236
vn 0 -0.7797707 -0.6260651
vn 0 -0.806599 -0.5910991
vn 0 -0.8550498 -0.5185461
vn 0 -0.8767217 -0.4809982
vn 0 -0.9152581 -0.4028679
vn 0 -0.9320762 -0.3622625
vn 0 -0.960134 -0.2795402
vn 0 -0.9714054 -0.2374272
vn 0 -0.9883539 -0.1521733
vn 0 -0.9940383 -0.1090312
vn 0 -0.9997588 -0.02196256
vn 0 -0.9997588 0.02196047
vn 0 -0.9940386 0.1090291
vn 0 -0.9883543 0.1521712
vn 0 -0.9714059 0.2374251
vn 0 -0.9601346 0.2795382
vn 0 -0.9320769 0.3622606
vn 0 -0.9152589 0.402866
vn 0 -0.8767226 0.4809964
vn 0 -0.8550509 0.5185443
vn 0 -0.8066002 0.5910974
vn 0 -0.779772 0.6260635
vn 0 -0.7222598 0.691622
vn 0 -0.691623 0.7222587
vn 0 -0.6260653 0.7797706
vn 0 -0.5910999 0.8065984
vn 0 -0.5185471 0.855049
vn 0 -0.4809987 0.8767213
vn 0 -0.4028673 0.9152583
vn 0 -0.3622615 0.9320765
vn 0 -0.279539 0.9601344
vn 0 -0.237426 0.9714056
vn 0 -0.152173 0.9883538
vn 0 -0.1090319 0.9940382
vn 0 -0.02196314 0.9997588
vn 0 0.02196105 0.9997588
vn 0 0.1090299 0.9940385
vn 0 0.152171 0.9883542
vn 0 0.237424 0.9714061
vn 0 0.2795369 0.960135
vn 0 0.3622596 0.9320772
vn 0 0.4028654 0.9152592
vn 0 0.4809968 0.8767223
vn 0 0.5185453 0.85505
vn 0 0.5910982 0.8065996
vn 0 0.6260636 0.7797719
vn 0 0.6916214 0.7222601
vn 0 0.7222583 0.6916236
vn 0 0.7797707 0.6260651
vn 0 0.806599 0.5910991
vn 0 0.8550498 0.5185461
vn 0 0.8767217 0.4809982
vn 0 0.9152581 0.4028679
vn 0 0.9320762 0.3622625
vn 0 0.960134 0.2795402
vn 0 0.9714054 0.2374272
vn 0 0.9883539 0.1521733
vn 0 0.9940383 0.1090312
vn 0 0.9997588 0.02196256
vn 0 0.9997588 -0.02196047
vn 0 0.9940386 -0.1090291
vn 0 0.9883543 -0.1521712
vn 0 0.9714059 -0.2374251
vn 0 0.9601346 -0.2795382
vn 0 0.9320769 -0.3622606
vn 0 0.9152589 -0.402866
vn 0 0.8767226 -0.4809964
vn 0 0.8550509 -0.5185443
vn 0 0.8066002 -0.5910974
vn 0 0.779772 -0.6260635
vn 0 0.7222598 -0.691622
vn 0 0.691623 -0.7222587
vn 0 0.6260653 -0.7797706
vn 0 0.5910999 -0.8065984
vn 0 0.5185471 -0.855049
vn 0 0.4809987 -0.8767213
vn 0 0.4028673 -0.9152583
vn 0 0.3622615 -0.9320765
vn 0 0.279539 -0.9601344
vn 0 0.237426 -0.9714056
vn 0 0.152173 -0.9883538
vn 0 0.1090319 -0.9940382
vn 1 0 0
vn 0.9999999 0 0
vn 1 0 0
vn 1 0 0
vn 1 0 0
vn 1 0 0
vn 1 0 0
vn 1 0 0
vn 1 0 0
vn 1 0 0
vn 1 0 0
vn 1 0 0
vn 1 0 0
vn 1 0 0
vn 1 0 0
vn 1 0 0
vn 1 0 0
vn 1 0 0
vn 1 0 0
vn 1 0 0
vn 1 0 0
vn 1 0 0
vn 0.9999999 0 0
vn 1 0 0
vn 1 0 0
vn 1 0 0
vn 1 0 0
vn 0.9999999 0 0
vn 1 0 0
vn 1 0 0
vn 0.9999999 0 0
vn 1 0 0
vn 1 0 0
vn 1 0 0
vn 1 0 0
vn 1 0 0
vn 1 0 0
vn 1 0 0
vn 1 0 0
vn 1 0 0
vn 1 0 0
vn 0.9999999 0 0
vn 1 0 0
vn 0.9999999 0 0
vn 1 0 0
vn 0.9999999 0 0
vn 1 0 0
vn 1 0 0
vn 1 0 0
vn 1 0 0
vn 0.9999999 0 0
vn 1 0 0
vn 1 0 0
vn 1 0 0
vn 1 0 0
vn 1 0 0
vn 1 0 0
vn 1 0 0
vn 1 0 0
vn 1 0 0
vn 1 0 0
vn 1 0 0
vn 1 0 0
vn 1 0 0
vn 1 0 0
vn 1 0 0
vn 1 0 0
vn 1 0 0
vn 1 0 0
vn 1 0 0
vn 0.9999999 0 0
vn 1 0 0
vn 1 0 0
vn 1 0 0
vn 1 0 0
vn 0.9999999 0 0
vn 1 0 0
vn 1 0 0
vn 0.9999999 0 0
vn 1 0 0
vn 1 0 0
vn 1 0 0
vn 1 0 0
vn 1 0 0
vn 1 0 0
vn 1 0 0
vn 1 0 0
vn 1 0 0
vn 1 0 0
vn 0.9999999 0 0
vn 1 0 0
vn 0.9999999 0 0
vn 1 0 0
vn 0.9999999 0 0
vn 1 0 0
vn 1 0 0
vt 20 60
vt 20 -60
vt -20 -60
vt -20 60
vt 27 67
vt 26 66
vt 26 -52
vt 27 -53
vt -13 -53
vt -12 -52
vt -12 66
vt -13 67
vt 27 67
vt 24 64
vt 24 -48
vt 27 -51
vt -11 -51
vt -8 -48
vt -8 64
vt -11 67
vt -13 40
vt -20 40
vt -20 -80
vt -13 -80
vt -53 -80
vt -60 -80
vt -60 -40
vt -53 -40
vt 27 -40
vt 20 -40
vt 20 80
vt 27 80
vt 67 80
vt 60 80
vt 60 40
vt 67 40
vt -11 40
vt -12 40
vt -12 -78
vt -11 -78
vt -51 -78
vt -52 -78
vt -52 -40
vt -51 -40
vt 27 -40
vt 26 -40
vt 26 78
vt 27 78
vt 67 78
vt 66 78
vt 66 40
vt 67 40
vt 20 60
vt 20 -52
vt -12 -52
vt -12 60
vt -12 -72
vt -8 -72
vt -8 40
vt -12 40
vt 60 40
vt 64 40
vt 64 72
vt 60 72
vt 20 72
vt 24 72
vt 24 -40
vt 20 -40
vt -52 -40
vt -48 -40
vt -48 -72
vt -52 -72
vt 3.217 -34.8346
vt -30 -34
vt 8 -34
vt 7.217 -34.8346
vt 2.4472 -35.7574
vt 6.4472 -35.7574
vt 1.7038 -36.7528
vt 5.7038 -36.7528
vt 1 -37.804
vt 5 -37.804
vt 0.3471999 -38.8924
vt 4.3472 -38.8924
vt -0.2426 -40
vt 3.7574 -40
vt -0.7603998 -41.1076
vt 3.2396 -41.1076
vt -1.196 -42.196
vt 2.804 -42.196
vt -1.5434 -43.2472
vt 2.4566 -43.2472
vt -1.7954 -44.2426
vt 2.2046 -44.2426
vt -1.9484 -45.1654
vt 2.0516 -45.1654
vt -2 -46
vt 2 -46
vt -1.9484 -46.7314
vt 2.0516 -46.7314
vt -1.7954 -47.3482
vt 2.2046 -47.3482
vt -1.5434 -47.8396
vt 2.4566 -47.8396
vt -1.196 -48.196
vt 2.804 -48.196
vt -0.7603998 -48.4132
vt 3.2396 -48.4132
vt -0.2426 -48.4852
vt -36.2426 -48.4852
vt -40.7604 -48.4132
vt -36.7604 -48.4132
vt -41.196 -48.196
vt -37.196 -48.196
vt -41.5434 -47.8396
vt -37.5434 -47.8396
vt -41.7954 -47.3482
vt -37.7954 -47.3482
vt -41.9484 -46.7314
vt -37.9484 -46.7314
vt -42 -46
vt -38 -46
vt -41.9484 -45.1654
vt -37.9484 -45.1654
vt -41.7954 -44.2426
vt -37.7954 -44.2426
vt -41.5434 -43.2472
vt -37.5434 -43.2472
vt -41.196 -42.196
vt -37.196 -42.196
vt -40.7604 -41.1076
vt -36.7604 -41.1076
vt -40.2426 -40
vt -36.2426 -40
vt -39.6528 -38.8924
vt -35.6528 -38.8924
vt -39 -37.804
vt -35 -37.804
vt -38.2962 -36.7528
vt -34.2962 -36.7528
vt -37.5528 -35.7574
vt -33.5528 -35.7574
vt -36.783 -34.8346
vt -32.783 -34.8346
vt -36 -34
vt 14 -34
vt 9.9484 -33.2686
vt 13.9484 -33.2686
vt 9.795401 -32.6518
vt 13.7954 -32.6518
vt 9.5434 -32.1604
vt 13.5434 -32.1604
vt 9.196 -31.804
vt 13.196 -31.804
vt 8.7604 -31.5868
vt 12.7604 -31.5868
vt 8.242599 -31.5148
vt -27.7574 -31.5148
vt -31.2396 -31.5868
vt -27.2396 -31.5868
vt -30.804 -31.804
vt -26.804 -31.804
vt -30.4566 -32.1604
vt -26.4566 -32.1604
vt -30.2046 -32.6518
vt -26.2046 -32.6518
vt -30.0516 -33.2686
vt -26.0516 -33.2686
vt -28.0688 -33.1128
vt -28 -32
vt -24 -32
vt -24.0688 -33.1128
vt -28.2728 -34.3432
vt -24.2728 -34.3432
vt -28.6088 -35.6704
vt -24.6088 -35.6704
vt -29.072 -37.072
vt -25.072 -37.072
vt -29.6528 -38.5232
vt -25.6528 -38.5232
vt -30.3432 -40
vt -26.3432 -40
vt -31.1296 -41.4768
vt -27.1296 -41.4768
vt -32 -42.928
vt -28 -42.928
vt -32.9384 -44.3296
vt -28.9384 -44.3296
vt -33.9296 -45.6568
vt -29.9296 -45.6568
vt -34.956 -46.8872
vt -30.956 -46.8872
vt -36 -48
vt 0 -48
vt -3.9312 -48.9752
vt 0.06879997 -48.9752
vt -3.7272 -49.7976
vt 0.2728 -49.7976
vt -3.3912 -50.4528
vt 0.6087999 -50.4528
vt -2.928 -50.928
vt 1.072 -50.928
vt -2.3472 -51.2176
vt 1.6528 -51.2176
vt -1.6568 -51.3136
vt -37.6568 -51.3136
vt -42.3472 -51.2176
vt -38.3472 -51.2176
vt -42.928 -50.928
vt -38.928 -50.928
vt -43.3912 -50.4528
vt -39.3912 -50.4528
vt -43.7272 -49.7976
vt -39.7272 -49.7976
vt -43.9312 -48.9752
vt -39.9312 -48.9752
vt -44 -48
vt 8 -48
vt 5.044 -46.8872
vt 9.044 -46.8872
vt 6.0704 -45.6568
vt 10.0704 -45.6568
vt 7.0616 -44.3296
vt 11.0616 -44.3296
vt 8 -42.928
vt 12 -42.928
vt 8.870399 -41.4768
vt 12.8704 -41.4768
vt 9.656799 -40
vt 13.6568 -40
vt 10.3472 -38.5232
vt 14.3472 -38.5232
vt 10.928 -37.072
vt 14.928 -37.072
vt 11.3912 -35.6704
vt 15.3912 -35.6704
vt 11.7272 -34.3432
vt 15.7272 -34.3432
vt 11.9312 -33.1128
vt 15.9312 -33.1128
vt 12 -32
vt 16 -32
vt 11.9312 -31.0248
vt 15.9312 -31.0248
vt 11.7272 -30.2024
vt 15.7272 -30.2024
vt 11.3912 -29.5472
vt 15.3912 -29.5472
vt 10.928 -29.072
vt 14.928 -29.072
vt 10.3472 -28.7824
vt 14.3472 -28.7824
vt 9.656799 -28.6864
vt -26.3432 -28.6864
vt -29.6528 -28.7824
vt -25.6528 -28.7824
vt -29.072 -29.072
vt -25.072 -29.072
vt -28.6088 -29.5472
vt -24.6088 -29.5472
vt -28.2728 -30.2024
vt -24.2728 -30.2024
vt -28.0688 -31.0248
vt -24.0688 -31.0248
vt 8 -26
vt 7.217 -26.0516
vt 6.956 -24.0688
vt 8 -24
vt 6.4472 -26.2046
vt 5.9296 -24.2728
vt 5.7038 -26.4566
vt 4.9384 -24.6088
vt 5 -26.804
vt 4 -25.072
vt 4.3472 -27.2396
vt 3.1296 -25.6528
vt 3.7574 -27.7574
vt 2.3432 -26.3432
vt 3.2396 -28.3472
vt 1.6528 -27.1296
vt 2.804 -29
vt 1.072 -28
vt 2.4566 -29.7038
vt 0.6087999 -28.9384
vt 2.2046 -30.4472
vt 0.2728 -29.9296
vt 2.0516 -31.217
vt 0.06879997 -30.956
vt 2 -32
vt 0 -32
vt 2.0516 -32.783
vt 0.06879997 -33.044
vt 2.2046 -33.5528
vt 0.2728 -34.0704
vt 2.4566 -34.2962
vt 0.6087999 -35.0616
vt 2.804 -35
vt 1.072 -36
vt 3.2396 -35.6528
vt 1.6528 -36.8704
vt 3.7574 -36.2426
vt 2.3432 -37.6568
vt 4.3472 -36.7604
vt 3.1296 -38.3472
vt 5 -37.196
vt 4 -38.928
vt 5.7038 -37.5434
vt 4.9384 -39.3912
vt 6.4472 -37.7954
vt 5.9296 -39.7272
vt 7.217 -37.9484
vt 6.956 -39.9312
vt 8 -38
vt 8 -40
vt 8.783 -37.9484
vt 9.044 -39.9312
vt 9.5528 -37.7954
vt 10.0704 -39.7272
vt 10.2962 -37.5434
vt 11.0616 -39.3912
vt 11 -37.196
vt 12 -38.928
vt 11.6528 -36.7604
vt 12.8704 -38.3472
vt 12.2426 -36.2426
vt 13.6568 -37.6568
vt 12.7604 -35.6528
vt 14.3472 -36.8704
vt 13.196 -35
vt 14.928 -36
vt 13.5434 -34.2962
vt 15.3912 -35.0616
vt 13.7954 -33.5528
vt 15.7272 -34.0704
vt 13.9484 -32.783
vt 15.9312 -33.044
vt 14 -32
vt 16 -32
vt 13.9484 -31.217
vt 15.9312 -30.956
vt 13.7954 -30.4472
vt 15.7272 -29.9296
vt 13.5434 -29.7038
vt 15.3912 -28.9384
vt 13.196 -29
vt 14.928 -28
vt 12.7604 -28.3472
vt 14.3472 -27.1296
vt 12.2426 -27.7574
vt 13.6568 -26.3432
vt 11.6528 -27.2396
vt 12.8704 -25.6528
vt 11 -26.804
vt 12 -25.072
vt 10.2962 -26.4566
vt 11.0616 -24.6088
vt 9.5528 -26.2046
vt 10.0704 -24.2728
vt 8.783 -26.0516
vt 9.044 -24.0688
vt 3.217 -14.8346
vt -10 -14
vt 8 -14
vt 7.217 -14.8346
vt 2.4472 -15.7574
vt 6.4472 -15.7574
vt 1.7038 -16.7528
vt 5.7038 -16.7528
vt 1 -17.804
vt 5 -17.804
vt 0.3471999 -18.8924
vt 4.3472 -18.8924
vt -0.2426 -20
vt 3.7574 -20
vt -0.7603998 -21.1076
vt 3.2396 -21.1076
vt -1.196 -22.196
vt 2.804 -22.196
vt -1.5434 -23.2472
vt 2.4566 -23.2472
vt -1.7954 -24.2426
vt 2.2046 -24.2426
vt -1.9484 -25.1654
vt 2.0516 -25.1654
vt -2 -26
vt 2 -26
vt -1.9484 -26.7314
vt 2.0516 -26.7314
vt -1.7954 -27.3482
vt 2.2046 -27.3482
vt -1.5434 -27.8396
vt 2.4566 -27.8396
vt -1.196 -28.196
vt 2.804 -28.196
vt -0.7603998 -28.4132
vt 3.2396 -28.4132
vt -0.2426 -28.4852
vt -16.2426 -28.4852
vt -20.7604 -28.4132
vt -16.7604 -28.4132
vt -21.196 -28.196
vt -17.196 -28.196
vt -21.5434 -27.8396
vt -17.5434 -27.8396
vt -21.7954 -27.3482
vt -17.7954 -27.3482
vt -21.9484 -26.7314
vt -17.9484 -26.7314
vt -22 -26
vt -18 -26
vt -21.9484 -25.1654
vt -17.9484 -25.1654
vt -21.7954 -24.2426
vt -17.7954 -24.2426
vt -21.5434 -23.2472
vt -17.5434 -23.2472
vt -21.196 -22.196
vt -17.196 -22.196
vt -20.7604 -21.1076
vt -16.7604 -21.1076
vt -20.2426 -20
vt -16.2426 -20
vt -19.6528 -18.8924
vt -15.6528 -18.8924
vt -19 -17.804
vt -15 -17.804
vt -18.2962 -16.7528
vt -14.2962 -16.7528
vt -17.5528 -15.7574
vt -13.5528 -15.7574
vt -16.783 -14.8346
vt -12.783 -14.8346
vt -16 -14
vt 14 -14
vt 9.9484 -13.2686
vt 13.9484 -13.2686
vt 9.795401 -12.6518
vt 13.7954 -12.6518
vt 9.5434 -12.1604
vt 13.5434 -12.1604
vt 9.196 -11.804
vt 13.196 -11.804
vt 8.7604 -11.5868
vt 12.7604 -11.5868
vt 8.242599 -11.5148
vt -7.757401 -11.5148
vt -11.2396 -11.5868
vt -7.2396 -11.5868
vt -10.804 -11.804
vt -6.804 -11.804
vt -10.4566 -12.1604
vt -6.4566 -12.1604
vt -10.2046 -12.6518
vt -6.204599 -12.6518
vt -10.0516 -13.2686
vt -6.0516 -13.2686
vt -8.0688 -13.1128
vt -8 -12
vt -4 -12
vt -4.0688 -13.1128
vt -8.2728 -14.3432
vt -4.2728 -14.3432
vt -8.6088 -15.6704
vt -4.6088 -15.6704
vt -9.072001 -17.072
vt -5.072001 -17.072
vt -9.6528 -18.5232
vt -5.6528 -18.5232
vt -10.3432 -20
vt -6.343201 -20
vt -11.1296 -21.4768
vt -7.129601 -21.4768
vt -12 -22.928
vt -8 -22.928
vt -12.9384 -24.3296
vt -8.9384 -24.3296
vt -13.9296 -25.6568
vt -9.9296 -25.6568
vt -14.956 -26.8872
vt -10.956 -26.8872
vt -16 -28
vt 0 -28
vt -3.9312 -28.9752
vt 0.06879997 -28.9752
vt -3.7272 -29.7976
vt 0.2728 -29.7976
vt -3.3912 -30.4528
vt 0.6087999 -30.4528
vt -2.928 -30.928
vt 1.072 -30.928
vt -2.3472 -31.2176
vt 1.6528 -31.2176
vt -1.6568 -31.3136
vt -17.6568 -31.3136
vt -22.3472 -31.2176
vt -18.3472 -31.2176
vt -22.928 -30.928
vt -18.928 -30.928
vt -23.3912 -30.4528
vt -19.3912 -30.4528
vt -23.7272 -29.7976
vt -19.7272 -29.7976
vt -23.9312 -28.9752
vt -19.9312 -28.9752
vt -24 -28
vt 8 -28
vt 5.044 -26.8872
vt 9.044 -26.8872
vt 6.0704 -25.6568
vt 10.0704 -25.6568
vt 7.0616 -24.3296
vt 11.0616 -24.3296
vt 8 -22.928
vt 12 -22.928
vt 8.870399 -21.4768
vt 12.8704 -21.4768
vt 9.656799 -20
vt 13.6568 -20
vt 10.3472 -18.5232
vt 14.3472 -18.5232
vt 10.928 -17.072
vt 14.928 -17.072
vt 11.3912 -15.6704
vt 15.3912 -15.6704
vt 11.7272 -14.3432
vt 15.7272 -14.3432
vt 11.9312 -13.1128
vt 15.9312 -13.1128
vt 12 -12
vt 16 -12
vt 11.9312 -11.0248
vt 15.9312 -11.0248
vt 11.7272 -10.2024
vt 15.7272 -10.2024
vt 11.3912 -9.5472
vt 15.3912 -9.5472
vt 10.928 -9.072001
vt 14.928 -9.072001
vt 10.3472 -8.7824
vt 14.3472 -8.7824
vt 9.656799 -8.686401
vt -6.343201 -8.686401
vt -9.6528 -8.7824
vt -5.6528 -8.7824
vt -9.072001 -9.072001
vt -5.072001 -9.072001
vt -8.6088 -9.5472
vt -4.6088 -9.5472
vt -8.2728 -10.2024
vt -4.2728 -10.2024
vt -8.0688 -11.0248
vt -4.0688 -11.0248
vt 8 -6
vt 7.217 -6.0516
vt 6.956 -4.0688
vt 8 -4
vt 6.4472 -6.204599
vt 5.9296 -4.2728
vt 5.7038 -6.4566
vt 4.9384 -4.6088
vt 5 -6.804
vt 4 -5.072001
vt 4.3472 -7.2396
vt 3.1296 -5.6528
vt 3.7574 -7.757401
vt 2.3432 -6.343201
vt 3.2396 -8.3472
vt 1.6528 -7.129601
vt 2.804 -9
vt 1.072 -8
vt 2.4566 -9.7038
vt 0.6087999 -8.9384
vt 2.2046 -10.4472
vt 0.2728 -9.9296
vt 2.0516 -11.217
vt 0.06879997 -10.956
vt 2 -12
vt 0 -12
vt 2.0516 -12.783
vt 0.06879997 -13.044
vt 2.2046 -13.5528
vt 0.2728 -14.0704
vt 2.4566 -14.2962
vt 0.6087999 -15.0616
vt 2.804 -15
vt 1.072 -16
vt 3.2396 -15.6528
vt 1.6528 -16.8704
vt 3.7574 -16.2426
vt 2.3432 -17.6568
vt 4.3472 -16.7604
vt 3.1296 -18.3472
vt 5 -17.196
vt 4 -18.928
vt 5.7038 -17.5434
vt 4.9384 -19.3912
vt 6.4472 -17.7954
vt 5.9296 -19.7272
vt 7.217 -17.9484
vt 6.956 -19.9312
vt 8 -18
vt 8 -20
vt 8.783 -17.9484
vt 9.044 -19.9312
vt 9.5528 -17.7954
vt 10.0704 -19.7272
vt 10.2962 -17.5434
vt 11.0616 -19.3912
vt 11 -17.196
vt 12 -18.928
vt 11.6528 -16.7604
vt 12.8704 -18.3472
vt 12.2426 -16.2426
vt 13.6568 -17.6568
vt 12.7604 -15.6528
vt 14.3472 -16.8704
vt 13.196 -15
vt 14.928 -16
vt 13.5434 -14.2962
vt 15.3912 -15.0616
vt 13.7954 -13.5528
vt 15.7272 -14.0704
vt 13.9484 -12.783
vt 15.9312 -13.044
vt 14 -12
vt 16 -12
vt 13.9484 -11.217
vt 15.9312 -10.956
vt 13.7954 -10.4472
vt 15.7272 -9.9296
vt 13.5434 -9.7038
vt 15.3912 -8.9384
vt 13.196 -9
vt 14.928 -8
vt 12.7604 -8.3472
vt 14.3472 -7.129601
vt 12.2426 -7.757401
vt 13.6568 -6.343201
vt 11.6528 -7.2396
vt 12.8704 -5.6528
vt 11 -6.804
vt 12 -5.072001
vt 10.2962 -6.4566
vt 11.0616 -4.6088
vt 9.5528 -6.204599
vt 10.0704 -4.2728
vt 8.783 -6.0516
vt 9.044 -4.0688
vt 3.217 5.1654
vt 10 6
vt 8 6
vt 7.217 5.1654
vt 2.4472 4.2426
vt 6.4472 4.2426
vt 1.7038 3.2472
vt 5.7038 3.2472
vt 1 2.196
vt 5 2.196
vt 0.3471999 1.1076
vt 4.3472 1.1076
vt -0.2426 0
vt 3.7574 0
vt -0.7603998 -1.1076
vt 3.2396 -1.1076
vt -1.196 -2.196
vt 2.804 -2.196
vt -1.5434 -3.2472
vt 2.4566 -3.2472
vt -1.7954 -4.2426
vt 2.2046 -4.2426
vt -1.9484 -5.1654
vt 2.0516 -5.1654
vt -2 -6
vt 2 -6
vt -1.9484 -6.7314
vt 2.0516 -6.7314
vt -1.7954 -7.3482
vt 2.2046 -7.3482
vt -1.5434 -7.8396
vt 2.4566 -7.8396
vt -1.196 -8.196
vt 2.804 -8.196
vt -0.7603998 -8.4132
vt 3.2396 -8.4132
vt -0.2426 -8.4852
vt 3.7574 -8.4852
vt -0.7603998 -8.4132
vt 3.2396 -8.4132
vt -1.196 -8.196
vt 2.804 -8.196
vt -1.5434 -7.8396
vt 2.4566 -7.8396
vt -1.7954 -7.3482
vt 2.2046 -7.3482
vt -1.9484 -6.7314
vt 2.0516 -6.7314
vt -2 -6
vt 2 -6
vt -1.9484 -5.1654
vt 2.0516 -5.1654
vt -1.7954 -4.2426
vt 2.2046 -4.2426
vt -1.5434 -3.2472
vt 2.4566 -3.2472
vt -1.196 -2.196
vt 2.804 -2.196
vt -0.7603998 -1.1076
vt 3.2396 -1.1076
vt -0.2426 0
vt 3.7574 0
vt 0.3471999 1.1076
vt 4.3472 1.1076
vt 1 2.196
vt 5 2.196
vt 1.7038 3.2472
vt 5.7038 3.2472
vt 2.4472 4.2426
vt 6.4472 4.2426
vt 3.217 5.1654
vt 7.217 5.1654
vt 4 6
vt 14 6
vt 9.9484 6.7314
vt 13.9484 6.7314
vt 9.795401 7.3482
vt 13.7954 7.3482
vt 9.5434 7.8396
vt 13.5434 7.8396
vt 9.196 8.196
vt 13.196 8.196
vt 8.7604 8.4132
vt 12.7604 8.4132
vt 8.242599 8.4852
vt 12.2426 8.4852
vt 8.7604 8.4132
vt 12.7604 8.4132
vt 9.196 8.196
vt 13.196 8.196
vt 9.5434 7.8396
vt 13.5434 7.8396
vt 9.795401 7.3482
vt 13.7954 7.3482
vt 9.9484 6.7314
vt 13.9484 6.7314
vt 11.9312 6.8872
vt 12 8
vt 16 8
vt 15.9312 6.8872
vt 11.7272 5.6568
vt 15.7272 5.6568
vt 11.3912 4.3296
vt 15.3912 4.3296
vt 10.928 2.928
vt 14.928 2.928
vt 10.3472 1.4768
vt 14.3472 1.4768
vt 9.656799 0
vt 13.6568 0
vt 8.870399 -1.4768
vt 12.8704 -1.4768
vt 8 -2.928
vt 12 -2.928
vt 7.0616 -4.3296
vt 11.0616 -4.3296
vt 6.0704 -5.6568
vt 10.0704 -5.6568
vt 5.044 -6.8872
vt 9.044 -6.8872
vt 4 -8
vt 0 -8
vt -3.9312 -8.9752
vt 0.06879997 -8.9752
vt -3.7272 -9.7976
vt 0.2728 -9.7976
vt -3.3912 -10.4528
vt 0.6087999 -10.4528
vt -2.928 -10.928
vt 1.072 -10.928
vt -2.3472 -11.2176
vt 1.6528 -11.2176
vt -1.6568 -11.3136
vt 2.3432 -11.3136
vt -2.3472 -11.2176
vt 1.6528 -11.2176
vt -2.928 -10.928
vt 1.072 -10.928
vt -3.3912 -10.4528
vt 0.6087999 -10.4528
vt -3.7272 -9.7976
vt 0.2728 -9.7976
vt -3.9312 -8.9752
vt 0.06879997 -8.9752
vt -4 -8
vt 8 -8
vt 5.044 -6.8872
vt 9.044 -6.8872
vt 6.0704 -5.6568
vt 10.0704 -5.6568
vt 7.0616 -4.3296
vt 11.0616 -4.3296
vt 8 -2.928
vt 12 -2.928
vt 8.870399 -1.4768
vt 12.8704 -1.4768
vt 9.656799 0
vt 13.6568 0
vt 10.3472 1.4768
vt 14.3472 1.4768
vt 10.928 2.928
vt 14.928 2.928
vt 11.3912 4.3296
vt 15.3912 4.3296
vt 11.7272 5.6568
vt 15.7272 5.6568
vt 11.9312 6.8872
vt 15.9312 6.8872
vt 12 8
vt 16 8
vt 11.9312 8.9752
vt 15.9312 8.9752
vt 11.7272 9.7976
vt 15.7272 9.7976
vt 11.3912 10.4528
vt 15.3912 10.4528
vt 10.928 10.928
vt 14.928 10.928
vt 10.3472 11.2176
vt 14.3472 11.2176
vt 9.656799 11.3136
vt 13.6568 11.3136
vt 10.3472 11.2176
vt 14.3472 11.2176
vt 10.928 10.928
vt 14.928 10.928
vt 11.3912 10.4528
vt 15.3912 10.4528
vt 11.7272 9.7976
vt 15.7272 9.7976
vt 11.9312 8.9752
vt 15.9312 8.9752
vt 8 14
vt 7.217 13.9484
vt 6.956 15.9312
vt 8 16
vt 6.4472 13.7954
vt 5.9296 15.7272
vt 5.7038 13.5434
vt 4.9384 15.3912
vt 5 13.196
vt 4 14.928
vt 4.3472 12.7604
vt 3.1296 14.3472
vt 3.7574 12.2426
vt 2.3432 13.6568
vt 3.2396 11.6528
vt 1.6528 12.8704
vt 2.804 11
vt 1.072 12
vt 2.4566 10.2962
vt 0.6087999 11.0616
vt 2.2046 9.5528
vt 0.2728 10.0704
vt 2.0516 8.783
vt 0.06879997 9.044
vt 2 8
vt 0 8
vt 2.0516 7.217
vt 0.06879997 6.956
vt 2.2046 6.4472
vt 0.2728 5.9296
vt 2.4566 5.7038
vt 0.6087999 4.9384
vt 2.804 5
vt 1.072 4
vt 3.2396 4.3472
vt 1.6528 3.1296
vt 3.7574 3.7574
vt 2.3432 2.3432
vt 4.3472 3.2396
vt 3.1296 1.6528
vt 5 2.804
vt 4 1.072
vt 5.7038 2.4566
vt 4.9384 0.6087999
vt 6.4472 2.2046
vt 5.9296 0.2728
vt 7.217 2.0516
vt 6.956 0.06879997
vt 8 2
vt 8 0
vt 8.783 2.0516
vt 9.044 0.06879997
vt 9.5528 2.2046
vt 10.0704 0.2728
vt 10.2962 2.4566
vt 11.0616 0.6087999
vt 11 2.804
vt 12 1.072
vt 11.6528 3.2396
vt 12.8704 1.6528
vt 12.2426 3.7574
vt 13.6568 2.3432
vt 12.7604 4.3472
vt 14.3472 3.1296
vt 13.196 5
vt 14.928 4
vt 13.5434 5.7038
vt 15.3912 4.9384
vt 13.7954 6.4472
vt 15.7272 5.9296
vt 13.9484 7.217
vt 15.9312 6.956
vt 14 8
vt 16 8
vt 13.9484 8.783
vt 15.9312 9.044
vt 13.7954 9.5528
vt 15.7272 10.0704
vt 13.5434 10.2962
vt 15.3912 11.0616
vt 13.196 11
vt 14.928 12
vt 12.7604 11.6528
vt 14.3472 12.8704
vt 12.2426 12.2426
vt 13.6568 13.6568
vt 11.6528 12.7604
vt 12.8704 14.3472
vt 11 13.196
vt 12 14.928
vt 10.2962 13.5434
vt 11.0616 15.3912
vt 9.5528 13.7954
vt 10.0704 15.7272
vt 8.783 13.9484
vt 9.044 15.9312
vt 3.217 25.1654
vt 30 26
vt 8 26
vt 7.217 25.1654
vt 2.4472 24.2426
vt 6.4472 24.2426
vt 1.7038 23.2472
vt 5.7038 23.2472
vt 1 22.196
vt 5 22.196
vt 0.3471999 21.1076
vt 4.3472 21.1076
vt -0.2426 20
vt 3.7574 20
vt -0.7603998 18.8924
vt 3.2396 18.8924
vt -1.196 17.804
vt 2.804 17.804
vt -1.5434 16.7528
vt 2.4566 16.7528
vt -1.7954 15.7574
vt 2.2046 15.7574
vt -1.9484 14.8346
vt 2.0516 14.8346
vt -2 14
vt 2 14
vt -1.9484 13.2686
vt 2.0516 13.2686
vt -1.7954 12.6518
vt 2.2046 12.6518
vt -1.5434 12.1604
vt 2.4566 12.1604
vt -1.196 11.804
vt 2.804 11.804
vt -0.7603998 11.5868
vt 3.2396 11.5868
vt -0.2426 11.5148
vt 23.7574 11.5148
vt 19.2396 11.5868
vt 23.2396 11.5868
vt 18.804 11.804
vt 22.804 11.804
vt 18.4566 12.1604
vt 22.4566 12.1604
vt 18.2046 12.6518
vt 22.2046 12.6518
vt 18.0516 13.2686
vt 22.0516 13.2686
vt 18 14
vt 22 14
vt 18.0516 14.8346
vt 22.0516 14.8346
vt 18.2046 15.7574
vt 22.2046 15.7574
vt 18.4566 16.7528
vt 22.4566 16.7528
vt 18.804 17.804
vt 22.804 17.804
vt 19.2396 18.8924
vt 23.2396 18.8924
vt 19.7574 20
vt 23.7574 20
vt 20.3472 21.1076
vt 24.3472 21.1076
vt 21 22.196
vt 25 22.196
vt 21.7038 23.2472
vt 25.7038 23.2472
vt 22.4472 24.2426
vt 26.4472 24.2426
vt 23.217 25.1654
vt 27.217 25.1654
vt 24 26
vt 14 26
vt 9.9484 26.7314
vt 13.9484 26.7314
vt 9.795401 27.3482
vt 13.7954 27.3482
vt 9.5434 27.8396
vt 13.5434 27.8396
vt 9.196 28.196
vt 13.196 28.196
vt 8.7604 28.4132
vt 12.7604 28.4132
vt 8.242599 28.4852
vt 32.2426 28.4852
vt 28.7604 28.4132
vt 32.7604 28.4132
vt 29.196 28.196
vt 33.196 28.196
vt 29.5434 27.8396
vt 33.5434 27.8396
vt 29.7954 27.3482
vt 33.7954 27.3482
vt 29.9484 26.7314
vt 33.9484 26.7314
vt 31.9312 26.8872
vt 32 28
vt 36 28
vt 35.9312 26.8872
vt 31.7272 25.6568
vt 35.7272 25.6568
vt 31.3912 24.3296
vt 35.3912 24.3296
vt 30.928 22.928
vt 34.928 22.928
vt 30.3472 21.4768
vt 34.3472 21.4768
vt 29.6568 20
vt 33.6568 20
vt 28.8704 18.5232
vt 32.8704 18.5232
vt 28 17.072
vt 32 17.072
vt 27.0616 15.6704
vt 31.0616 15.6704
vt 26.0704 14.3432
vt 30.0704 14.3432
vt 25.044 13.1128
vt 29.044 13.1128
vt 24 12
vt 0 12
vt -3.9312 11.0248
vt 0.06879997 11.0248
vt -3.7272 10.2024
vt 0.2728 10.2024
vt -3.3912 9.5472
vt 0.6087999 9.5472
vt -2.928 9.072001
vt 1.072 9.072001
vt -2.3472 8.7824
vt 1.6528 8.7824
vt -1.6568 8.686401
vt 22.3432 8.686401
vt 17.6528 8.7824
vt 21.6528 8.7824
vt 17.072 9.072001
vt 21.072 9.072001
vt 16.6088 9.5472
vt 20.6088 9.5472
vt 16.2728 10.2024
vt 20.2728 10.2024
vt 16.0688 11.0248
vt 20.0688 11.0248
vt 16 12
vt 8 12
vt 5.044 13.1128
vt 9.044 13.1128
vt 6.0704 14.3432
vt 10.0704 14.3432
vt 7.0616 15.6704
vt 11.0616 15.6704
vt 8 17.072
vt 12 17.072
vt 8.870399 18.5232
vt 12.8704 18.5232
vt 9.656799 20
vt 13.6568 20
vt 10.3472 21.4768
vt 14.3472 21.4768
vt 10.928 22.928
vt 14.928 22.928
vt 11.3912 24.3296
vt 15.3912 24.3296
vt 11.7272 25.6568
vt 15.7272 25.6568
vt 11.9312 26.8872
vt 15.9312 26.8872
vt 12 28
vt 16 28
vt 11.9312 28.9752
vt 15.9312 28.9752
vt 11.7272 29.7976
vt 15.7272 29.7976
vt 11.3912 30.4528
vt 15.3912 30.4528
vt 10.928 30.928
vt 14.928 30.928
vt 10.3472 31.2176
vt 14.3472 31.2176
vt 9.656799 31.3136
vt 33.6568 31.3136
vt 30.3472 31.2176
vt 34.3472 31.2176
vt 30.928 30.928
vt 34.928 30.928
vt 31.3912 30.4528
vt 35.3912 30.4528
vt 31.7272 29.7976
vt 35.7272 29.7976
vt 31.9312 28.9752
vt 35.9312 28.9752
vt 8 34
vt 7.217 33.9484
vt 6.956 35.9312
vt 8 36
vt 6.4472 33.7954
vt 5.9296 35.7272
vt 5.7038 33.5434
vt 4.9384 35.3912
vt 5 33.196
vt 4 34.928
vt 4.3472 32.7604
vt 3.1296 34.3472
vt 3.7574 32.2426
vt 2.3432 33.6568
vt 3.2396 31.6528
vt 1.6528 32.8704
vt 2.804 31
vt 1.072 32
vt 2.4566 30.2962
vt 0.6087999 31.0616
vt 2.2046 29.5528
vt 0.2728 30.0704
vt 2.0516 28.783
vt 0.06879997 29.044
vt 2 28
vt 0 28
vt 2.0516 27.217
vt 0.06879997 26.956
vt 2.2046 26.4472
vt 0.2728 25.9296
vt 2.4566 25.7038
vt 0.6087999 24.9384
vt 2.804 25
vt 1.072 24
vt 3.2396 24.3472
vt 1.6528 23.1296
vt 3.7574 23.7574
vt 2.3432 22.3432
vt 4.3472 23.2396
vt 3.1296 21.6528
vt 5 22.804
vt 4 21.072
vt 5.7038 22.4566
vt 4.9384 20.6088
vt 6.4472 22.2046
vt 5.9296 20.2728
vt 7.217 22.0516
vt 6.956 20.0688
vt 8 22
vt 8 20
vt 8.783 22.0516
vt 9.044 20.0688
vt 9.5528 22.2046
vt 10.0704 20.2728
vt 10.2962 22.4566
vt 11.0616 20.6088
vt 11 22.804
vt 12 21.072
vt 11.6528 23.2396
vt 12.8704 21.6528
vt 12.2426 23.7574
vt 13.6568 22.3432
vt 12.7604 24.3472
vt 14.3472 23.1296
vt 13.196 25
vt 14.928 24
vt 13.5434 25.7038
vt 15.3912 24.9384
vt 13.7954 26.4472
vt 15.7272 25.9296
vt 13.9484 27.217
vt 15.9312 26.956
vt 14 28
vt 16 28
vt 13.9484 28.783
vt 15.9312 29.044
vt 13.7954 29.5528
vt 15.7272 30.0704
vt 13.5434 30.2962
vt 15.3912 31.0616
vt 13.196 31
vt 14.928 32
vt 12.7604 31.6528
vt 14.3472 32.8704
vt 12.2426 32.2426
vt 13.6568 33.6568
vt 11.6528 32.7604
vt 12.8704 34.3472
vt 11 33.196
vt 12 34.928
vt 10.2962 33.5434
vt 11.0616 35.3912
vt 9.5528 33.7954
vt 10.0704 35.7272
vt 8.783 33.9484
vt 9.044 35.9312
vt 3.217 45.1654
vt 50 46
vt 8 46
vt 7.217 45.1654
vt 2.4472 44.2426
vt 6.4472 44.2426
vt 1.7038 43.2472
vt 5.7038 43.2472
vt 1 42.196
vt 5 42.196
vt 0.3471999 41.1076
vt 4.3472 41.1076
vt -0.2426 40
vt 3.7574 40
vt -0.7603998 38.8924
vt 3.2396 38.8924
vt -1.196 37.804
vt 2.804 37.804
vt -1.5434 36.7528
vt 2.4566 36.7528
vt -1.7954 35.7574
vt 2.2046 35.7574
vt -1.9484 34.8346
vt 2.0516 34.8346
vt -2 34
vt 2 34
vt -1.9484 33.2686
vt 2.0516 33.2686
vt -1.7954 32.6518
vt 2.2046 32.6518
vt -1.5434 32.1604
vt 2.4566 32.1604
vt -1.196 31.804
vt 2.804 31.804
vt -0.7603998 31.5868
vt 3.2396 31.5868
vt -0.2426 31.5148
vt 43.7574 31.5148
vt 39.2396 31.5868
vt 43.2396 31.5868
vt 38.804 31.804
vt 42.804 31.804
vt 38.4566 32.1604
vt 42.4566 32.1604
vt 38.2046 32.6518
vt 42.2046 32.6518
vt 38.0516 33.2686
vt 42.0516 33.2686
vt 38 34
vt 42 34
vt 38.0516 34.8346
vt 42.0516 34.8346
vt 38.2046 35.7574
vt 42.2046 35.7574
vt 38.4566 36.7528
vt 42.4566 36.7528
vt 38.804 37.804
vt 42.804 37.804
vt 39.2396 38.8924
vt 43.2396 38.8924
vt 39.7574 40
vt 43.7574 40
vt 40.3472 41.1076
vt 44.3472 41.1076
vt 41 42.196
vt 45 42.196
vt 41.7038 43.2472
vt 45.7038 43.2472
vt 42.4472 44.2426
vt 46.4472 44.2426
vt 43.217 45.1654
vt 47.217 45.1654
vt 44 46
vt 14 46
vt 9.9484 46.7314
vt 13.9484 46.7314
vt 9.795401 47.3482
vt 13.7954 47.3482
vt 9.5434 47.8396
vt 13.5434 47.8396
vt 9.196 48.196
vt 13.196 48.196
vt 8.7604 48.4132
vt 12.7604 48.4132
vt 8.242599 48.4852
vt 52.2426 48.4852
vt 48.7604 48.4132
vt 52.7604 48.4132
vt 49.196 48.196
vt 53.196 48.196
vt 49.5434 47.8396
vt 53.5434 47.8396
vt 49.7954 47.3482
vt 53.7954 47.3482
vt 49.9484 46.7314
vt 53.9484 46.7314
vt 51.9312 46.8872
vt 52 48
vt 56 48
vt 55.9312 46.8872
vt 51.7272 45.6568
vt 55.7272 45.6568
vt 51.3912 44.3296
vt 55.3912 44.3296
vt 50.928 42.928
vt 54.928 42.928
vt 50.3472 41.4768
vt 54.3472 41.4768
vt 49.6568 40
vt 53.6568 40
vt 48.8704 38.5232
vt 52.8704 38.5232
vt 48 37.072
vt 52 37.072
vt 47.0616 35.6704
vt 51.0616 35.6704
vt 46.0704 34.3432
vt 50.0704 34.3432
vt 45.044 33.1128
vt 49.044 33.1128
vt 44 32
vt 0 32
vt -3.9312 31.0248
vt 0.06879997 31.0248
vt -3.7272 30.2024
vt 0.2728 30.2024
vt -3.3912 29.5472
vt 0.6087999 29.5472
vt -2.928 29.072
vt 1.072 29.072
vt -2.3472 28.7824
vt 1.6528 28.7824
vt -1.6568 28.6864
vt 42.3432 28.6864
vt 37.6528 28.7824
vt 41.6528 28.7824
vt 37.072 29.072
vt 41.072 29.072
vt 36.6088 29.5472
vt 40.6088 29.5472
vt 36.2728 30.2024
vt 40.2728 30.2024
vt 36.0688 31.0248
vt 40.0688 31.0248
vt 36 32
vt 8 32
vt 5.044 33.1128
vt 9.044 33.1128
vt 6.0704 34.3432
vt 10.0704 34.3432
vt 7.0616 35.6704
vt 11.0616 35.6704
vt 8 37.072
vt 12 37.072
vt 8.870399 38.5232
vt 12.8704 38.5232
vt 9.656799 40
vt 13.6568 40
vt 10.3472 41.4768
vt 14.3472 41.4768
vt 10.928 42.928
vt 14.928 42.928
vt 11.3912 44.3296
vt 15.3912 44.3296
vt 11.7272 45.6568
vt 15.7272 45.6568
vt 11.9312 46.8872
vt 15.9312 46.8872
vt 12 48
vt 16 48
vt 11.9312 48.9752
vt 15.9312 48.9752
vt 11.7272 49.7976
vt 15.7272 49.7976
vt 11.3912 50.4528
vt 15.3912 50.4528
vt 10.928 50.928
vt 14.928 50.928
vt 10.3472 51.2176
vt 14.3472 51.2176
vt 9.656799 51.3136
vt 53.6568 51.3136
vt 50.3472 51.2176
vt 54.3472 51.2176
vt 50.928 50.928
vt 54.928 50.928
vt 51.3912 50.4528
vt 55.3912 50.4528
vt 51.7272 49.7976
vt 55.7272 49.7976
vt 51.9312 48.9752
vt 55.9312 48.9752
vt 8 54
vt 7.217 53.9484
vt 6.956 55.9312
vt 8 56
vt 6.4472 53.7954
vt 5.9296 55.7272
vt 5.7038 53.5434
vt 4.9384 55.3912
vt 5 53.196
vt 4 54.928
vt 4.3472 52.7604
vt 3.1296 54.3472
vt 3.7574 52.2426
vt 2.3432 53.6568
vt 3.2396 51.6528
vt 1.6528 52.8704
vt 2.804 51
vt 1.072 52
vt 2.4566 50.2962
vt 0.6087999 51.0616
vt 2.2046 49.5528
vt 0.2728 50.0704
vt 2.0516 48.783
vt 0.06879997 49.044
vt 2 48
vt 0 48
vt 2.0516 47.217
vt 0.06879997 46.956
vt 2.2046 46.4472
vt 0.2728 45.9296
vt 2.4566 45.7038
vt 0.6087999 44.9384
vt 2.804 45
vt 1.072 44
vt 3.2396 44.3472
vt 1.6528 43.1296
vt 3.7574 43.7574
vt 2.3432 42.3432
vt 4.3472 43.2396
vt 3.1296 41.6528
vt 5 42.804
vt 4 41.072
vt 5.7038 42.4566
vt 4.9384 40.6088
vt 6.4472 42.2046
vt 5.9296 40.2728
vt 7.217 42.0516
vt 6.956 40.0688
vt 8 42
vt 8 40
vt 8.783 42.0516
vt 9.044 40.0688
vt 9.5528 42.2046
vt 10.0704 40.2728
vt 10.2962 42.4566
vt 11.0616 40.6088
vt 11 42.804
vt 12 41.072
vt 11.6528 43.2396
vt 12.8704 41.6528
vt 12.2426 43.7574
vt 13.6568 42.3432
vt 12.7604 44.3472
vt 14.3472 43.1296
vt 13.196 45
vt 14.928 44
vt 13.5434 45.7038
vt 15.3912 44.9384
vt 13.7954 46.4472
vt 15.7272 45.9296
vt 13.9484 47.217
vt 15.9312 46.956
vt 14 48
vt 16 48
vt 13.9484 48.783
vt 15.9312 49.044
vt 13.7954 49.5528
vt 15.7272 50.0704
vt 13.5434 50.2962
vt 15.3912 51.0616
vt 13.196 51
vt 14.928 52
vt 12.7604 51.6528
vt 14.3472 52.8704
vt 12.2426 52.2426
vt 13.6568 53.6568
vt 11.6528 52.7604
vt 12.8704 54.3472
vt 11 53.196
vt 12 54.928
vt 10.2962 53.5434
vt 11.0616 55.3912
vt 9.5528 53.7954
vt 10.0704 55.7272
vt 8.783 53.9484
vt 9.044 55.9312
usemtl 2
f 3/3/3 2/2/2 1/1/1
f 1/1/1 4/4/4 3/3/3
f 7/7/7 6/6/6 5/5/5
f 5/5/5 8/8/8 7/7/7
f 11/11/11 10/10/10 9/9/9
f 9/9/9 12/12/12 11/11/11
f 9/9/9 10/10/10 7/7/7
f 7/7/7 8/8/8 9/9/9
f 5/5/5 6/6/6 11/11/11
f 11/11/11 12/12/12 5/5/5
f 15/15/15 14/14/14 13/13/13
f 13/13/13 16/16/16 15/15/15
f 19/19/19 18/18/18 17/17/17
f 17/17/17 20/20/20 19/19/19
f 17/17/17 18/18/18 15/15/15
f 15/15/15 16/16/16 17/17/17
f 13/13/13 14/14/14 19/19/19
f 19/19/19 20/20/20 13/13/13
f 23/23/23 22/22/22 21/21/21
f 21/21/21 24/24/24 23/23/23
f 27/27/27 26/26/26 25/25/25
f 25/25/25 28/28/28 27/27/27
f 31/31/31 30/30/30 29/29/29
f 29/29/29 32/32/32 31/31/31
f 35/35/35 34/34/34 33/33/33
f 33/33/33 36/36/36 35/35/35
f 39/39/39 38/38/38 37/37/37
f 37/37/37 40/40/40 39/39/39
f 43/43/43 42/42/42 41/41/41
f 41/41/41 44/44/44 43/43/43
f 47/47/47 46/46/46 45/45/45
f 45/45/45 48/48/48 47/47/47
f 51/51/51 50/50/50 49/49/49
f 49/49/49 52/52/52 51/51/51
f 53/53/53 54/54/54 55/55/55
f 55/55/55 56/56/56 53/53/53
f 57/57/57 58/58/58 59/59/59
f 59/59/59 60/60/60 57/57/57
f 61/61/61 62/62/62 63/63/63
f 63/63/63 64/64/64 61/61/61
f 65/65/65 66/66/66 67/67/67
f 67/67/67 68/68/68 65/65/65
f 69/69/69 70/70/70 71/71/71
f 71/71/71 72/72/72 69/69/69
f 75/75/75 74/74/74 73/73/73
f 73/73/73 76/76/76 75/75/75
f 76/76/76 73/73/73 77/77/77
f 77/77/77 78/78/78 76/76/76
f 78/78/78 77/77/77 79/79/79
f 79/79/79 80/80/80 78/78/78
f 80/80/80 79/79/79 81/81/81
f 81/81/81 82/82/82 80/80/80
f 82/82/82 81/81/81 83/83/83
f 83/83/83 84/84/84 82/82/82
f 84/84/84 83/83/83 85/85/85
f 85/85/85 86/86/86 84/84/84
f 86/86/86 85/85/85 87/87/87
f 87/87/87 88/88/88 86/86/86
f 88/88/88 87/87/87 89/89/89
f 89/89/89 90/90/90 88/88/88
f 90/90/90 89/89/89 91/91/91
f 91/91/91 92/92/92 90/90/90
f 92/92/92 91/91/91 93/93/93
f 93/93/93 94/94/94 92/92/92
f 94/94/94 93/93/93 95/95/95
f 95/95/95 96/96/96 94/94/94
f 96/96/96 95/95/95 97/97/97
f 97/97/97 98/98/98 96/96/96
f 98/98/98 97/97/97 99/99/99
f 99/99/99 100/100/100 98/98/98
f 100/100/100 99/99/99 101/101/101
f 101/101/101 102/102/102 100/100/100
f 102/102/102 101/101/101 103/103/103
f 103/103/103 104/104/104 102/102/102
f 104/104/104 103/103/103 105/105/105
f 105/105/105 106/106/106 104/104/104
f 106/106/106 105/105/105 107/107/107
f 107/107/107 108/108/108 106/106/106
f 108/108/108 107/107/107 109/109/109
f 109/109/109 110/110/110 108/108/108
f 110/110/110 109/109/109 111/111/111
f 111/111/111 112/112/112 110/110/110
f 112/112/112 111/111/111 113/113/113
f 113/113/113 114/114/114 112/112/112
f 114/114/114 113/113/113 115/115/115
f 115/115/115 116/116/116 114/114/114
f 116/116/116 115/115/115 117/117/117
f 117/117/117 118/118/118 116/116/116
f 118/118/118 117/117/117 119/119/119
f 119/119/119 120/120/120 118/118/118
f 120/120/120 119/119/119 121/121/121
f 121/121/121 122/122/122 120/120/120
f 122/122/122 121/121/121 123/123/123
f 123/123/123 124/124/124 122/122/122
f 124/124/124 123/123/123 125/125/125
f 125/125/125 126/126/126 124/124/124
f 126/126/126 125/125/125 127/127/127
f 127/127/127 128/128/128 126/126/126
f 128/128/128 127/127/127 129/129/129
f 129/129/129 130/130/130 128/128/128
f 130/130/130 129/129/129 131/131/131
f 131/131/131 132/132/132 130/130/130
f 132/132/132 131/131/131 133/133/133
f 133/133/133 134/134/134 132/132/132
f 134/134/134 133/133/133 135/135/135
f 135/135/135 136/136/136 134/134/134
f 136/136/136 135/135/135 137/137/137
f 137/137/137 138/138/138 136/136/136
f 138/138/138 137/137/137 139/139/139
f 139/139/139 140/140/140 138/138/138
f 140/140/140 139/139/139 141/141/141
f 141/141/141 142/142/142 140/140/140
f 142/142/142 141/141/141 143/143/143
f 143/143/143 144/144/144 142/142/142
f 144/144/144 143/143/143 145/145/145
f 145/145/145 146/146/146 144/144/144
f 146/146/146 145/145/145 147/147/147
f 147/147/147 148/148/148 146/146/146
f 148/148/148 147/147/147 149/149/149
f 149/149/149 150/150/150 148/148/148
f 150/150/150 149/149/149 151/151/151
f 151/151/151 152/152/152 150/150/150
f 152/152/152 151/151/151 153/153/153
f 153/153/153 154/154/154 152/152/152
f 154/154/154 153/153/153 155/155/155
f 155/155/155 156/156/156 154/154/154
f 156/156/156 155/155/155 157/157/157
f 157/157/157 158/158/158 156/156/156
f 158/158/158 157/157/157 159/159/159
f 159/159/159 160/160/160 158/158/158
f 160/160/160 159/159/159 161/161/161
f 161/161/161 162/162/162 160/160/160
f 162/162/162 161/161/161 163/163/163
f 163/163/163 164/164/164 162/162/162
f 164/164/164 163/163/163 165/165/165
f 165/165/165 166/166/166 164/164/164
f 166/166/166 165/165/165 167/167/167
f 167/167/167 168/168/168 166/166/166
f 168/168/168 167/167/167 74/74/74
f 74/74/74 75/75/75 168/168/168
f 169/169/169 170/170/170 171/171/171
f 171/171/171 172/172/172 169/169/169
f 173/173/173 169/169/169 172/172/172
f 172/172/172 174/174/174 173/173/173
f 175/175/175 173/173/173 174/174/174
f 174/174/174 176/176/176 175/175/175
f 177/177/177 175/175/175 176/176/176
f 176/176/176 178/178/178 177/177/177
f 179/179/179 177/177/177 178/178/178
f 178/178/178 180/180/180 179/179/179
f 181/181/181 179/179/179 180/180/180
f 180/180/180 182/182/182 181/181/181
f 183/183/183 181/181/181 182/182/182
f 182/182/182 184/184/184 183/183/183
f 185/185/185 183/183/183 184/184/184
f 184/184/184 186/186/186 185/185/185
f 187/187/187 185/185/185 186/186/186
f 186/186/186 188/188/188 187/187/187
f 189/189/189 187/187/187 188/188/188
f 188/188/188 190/190/190 189/189/189
f 191/191/191 189/189/189 190/190/190
f 190/190/190 192/192/192 191/191/191
f 193/193/193 191/191/191 192/192/192
f 192/192/192 194/194/194 193/193/193
f 195/195/195 193/193/193 194/194/194
f 194/194/194 196/196/196 195/195/195
f 197/197/197 195/195/195 196/196/196
f 196/196/196 198/198/198 197/197/197
f 199/199/199 197/197/197 198/198/198
f 198/198/198 200/200/200 199/199/199
f 201/201/201 199/199/199 200/200/200
f 200/200/200 202/202/202 201/201/201
f 203/203/203 201/201/201 202/202/202
f 202/202/202 204/204/204 203/203/203
f 205/205/205 203/203/203 204/204/204
f 204/204/204 206/206/206 205/205/205
f 207/207/207 205/205/205 206/206/206
f 206/206/206 208/208/208 207/207/207
f 209/209/209 207/207/207 208/208/208
f 208/208/208 210/210/210 209/209/209
f 211/211/211 209/209/209 210/210/210
f 210/210/210 212/212/212 211/211/211
f 213/213/213 211/211/211 212/212/212
f 212/212/212 214/214/214 213/213/213
f 215/215/215 213/213/213 214/214/214
f 214/214/214 216/216/216 215/215/215
f 217/217/217 215/215/215 216/216/216
f 216/216/216 218/218/218 217/217/217
f 219/219/219 217/217/217 218/218/218
f 218/218/218 220/220/220 219/219/219
f 221/221/221 219/219/219 220/220/220
f 220/220/220 222/222/222 221/221/221
f 223/223/223 221/221/221 222/222/222
f 222/222/222 224/224/224 223/223/223
f 225/225/225 223/223/223 224/224/224
f 224/224/224 226/226/226 225/225/225
f 227/227/227 225/225/225 226/226/226
f 226/226/226 228/228/228 227/227/227
f 229/229/229 227/227/227 228/228/228
f 228/228/228 230/230/230 229/229/229
f 231/231/231 229/229/229 230/230/230
f 230/230/230 232/232/232 231/231/231
f 233/233/233 231/231/231 232/232/232
f 232/232/232 234/234/234 233/233/233
f 235/235/235 233/233/233 234/234/234
f 234/234/234 236/236/236 235/235/235
f 237/237/237 235/235/235 236/236/236
f 236/236/236 238/238/238 237/237/237
f 239/239/239 237/237/237 238/238/238
f 238/238/238 240/240/240 239/239/239
f 241/241/241 239/239/239 240/240/240
f 240/240/240 242/242/242 241/241/241
f 243/243/243 241/241/241 242/242/242
f 242/242/242 244/244/244 243/243/243
f 245/245/245 243/243/243 244/244/244
f 244/244/244 246/246/246 245/245/245
f 247/247/247 245/245/245 246/246/246
f 246/246/246 248/248/248 247/247/247
f 249/249/249 247/247/247 248/248/248
f 248/248/248 250/250/250 249/249/249
f 251/251/251 249/249/249 250/250/250
f 250/250/250 252/252/252 251/251/251
f 253/253/253 251/251/251 252/252/252
f 252/252/252 254/254/254 253/253/253
f 255/255/255 253/253/253 254/254/254
f 254/254/254 256/256/256 255/255/255
f 257/257/257 255/255/255 256/256/256
f 256/256/256 258/258/258 257/257/257
f 259/259/259 257/257/257 258/258/258
f 258/258/258 260/260/260 259/259/259
f 261/261/261 259/259/259 260/260/260
f 260/260/260 262/262/262 261/261/261
f 263/263/263 261/261/261 262/262/262
f 262/262/262 264/264/264 263/263/263
f 170/170/170 263/263/263 264/264/264
f 264/264/264 171/171/171 170/170/170
f 265/265/265 266/266/266 267/267/267
f 267/267/267 268/268/268 265/265/265
f 266/266/266 269/269/269 270/270/270
f 270/270/270 267/267/267 266/266/266
f 269/269/269 271/271/271 272/272/272
f 272/272/272 270/270/270 269/269/269
f 271/271/271 273/273/273 274/274/274
f 274/274/274 272/272/272 271/271/271
f 273/273/273 275/275/275 276/276/276
f 276/276/276 274/274/274 273/273/273
f 275/275/275 277/277/277 278/278/278
f 278/278/278 276/276/276 275/275/275
f 277/277/277 279/279/279 280/280/280
f 280/280/280 278/278/278 277/277/277
f 279/279/279 281/281/281 282/282/282
f 282/282/282 280/280/280 279/279/279
f 281/281/281 283/283/283 284/284/284
f 284/284/284 282/282/282 281/281/281
f 283/283/283 285/285/285 286/286/286
f 286/286/286 284/284/284 283/283/283
f 285/285/285 287/287/287 288/288/288
f 288/288/288 286/286/286 285/285/285
f 287/287/287 289/289/289 290/290/290
f 290/290/290 288/288/288 287/287/287
f 289/289/289 291/291/291 292/292/292
f 292/292/292 290/290/290 289/289/289
f 291/291/291 293/293/293 294/294/294
f 294/294/294 292/292/292 291/291/291
f 293/293/293 295/295/295 296/296/296
f 296/296/296 294/294/294 293/293/293
f 295/295/295 297/297/297 298/298/298
f 298/298/298 296/296/296 295/295/295
f 297/297/297 299/299/299 300/300/300
f 300/300/300 298/298/298 297/297/297
f 299/299/299 301/301/301 302/302/302
f 302/302/302 300/300/300 299/299/299
f 301/301/301 303/303/303 304/304/304
f 304/304/304 302/302/302 301/301/301
f 303/303/303 305/305/305 306/306/306
f 306/306/306 304/304/304 303/303/303
f 305/305/305 307/307/307 308/308/308
f 308/308/308 306/306/306 305/305/305
f 307/307/307 309/309/309 310/310/310
f 310/310/310 308/308/308 307/307/307
f 309/309/309 311/311/311 312/312/312
f 312/312/312 310/310/310 309/309/309
f 311/311/311 313/313/313 314/314/314
f 314/314/314 312/312/312 311/311/311
f 313/313/313 315/315/315 316/316/316
f 316/316/316 314/314/314 313/313/313
f 315/315/315 317/317/317 318/318/318
f 318/318/318 316/316/316 315/315/315
f 317/317/317 319/319/319 320/320/320
f 320/320/320 318/318/318 317/317/317
f 319/319/319 321/321/321 322/322/322
f 322/322/322 320/320/320 319/319/319
f 321/321/321 323/323/323 324/324/324
f 324/324/324 322/322/322 321/321/321
f 323/323/323 325/325/325 326/326/326
f 326/326/326 324/324/324 323/323/323
f 325/325/325 327/327/327 328/328/328
f 328/328/328 326/326/326 325/325/325
f 327/327/327 329/329/329 330/330/330
f 330/330/330 328/328/328 327/327/327
f 329/329/329 331/331/331 332/332/332
f 332/332/332 330/330/330 329/329/329
f 331/331/331 333/333/333 334/334/334
f 334/334/334 332/332/332 331/331/331
f 333/333/333 335/335/335 336/336/336
f 336/336/336 334/334/334 333/333/333
f 335/335/335 337/337/337 338/338/338
f 338/338/338 336/336/336 335/335/335
f 337/337/337 339/339/339 340/340/340
f 340/340/340 338/338/338 337/337/337
f 339/339/339 341/341/341 342/342/342
f 342/342/342 340/340/340 339/339/339
f 341/341/341 343/343/343 344/344/344
f 344/344/344 342/342/342 341/341/341
f 343/343/343 345/345/345 346/346/346
f 346/346/346 344/344/344 343/343/343
f 345/345/345 347/347/347 348/348/348
f 348/348/348 346/346/346 345/345/345
f 347/347/347 349/349/349 350/350/350
f 350/350/350 348/348/348 347/347/347
f 349/349/349 351/351/351 352/352/352
f 352/352/352 350/350/350 349/349/349
f 351/351/351 353/353/353 354/354/354
f 354/354/354 352/352/352 351/351/351
f 353/353/353 355/355/355 356/356/356
f 356/356/356 354/354/354 353/353/353
f 355/355/355 357/357/357 358/358/358
f 358/358/358 356/356/356 355/355/355
f 357/357/357 359/359/359 360/360/360
f 360/360/360 358/358/358 357/357/357
f 359/359/359 265/265/265 268/268/268
f 268/268/268 360/360/360 359/359/359
f 363/363/363 362/362/362 361/361/361
f 361/361/361 364/364/364 363/363/363
f 364/364/364 361/361/361 365/365/365
f 365/365/365 366/366/366 364/364/364
f 366/366/366 365/365/365 367/367/367
f 367/367/367 368/368/368 366/366/366
f 368/368/368 367/367/367 369/369/369
f 369/369/369 370/370/370 368/368/368
f 370/370/370 369/369/369 371/371/371
f 371/371/371 372/372/372 370/370/370
f 372/372/372 371/371/371 373/373/373
f 373/373/373 374/374/374 372/372/372
f 374/374/374 373/373/373 375/375/375
f 375/375/375 376/376/376 374/374/374
f 376/376/376 375/375/375 377/377/377
f 377/377/377 378/378/378 376/376/376
f 378/378/378 377/377/377 379/379/379
f 379/379/379 380/380/380 378/378/378
f 380/380/380 379/379/379 381/381/381
f 381/381/381 382/382/382 380/380/380
f 382/382/382 381/381/381 383/383/383
f 383/383/383 384/384/384 382/382/382
f 384/384/384 383/383/383 385/385/385
f 385/385/385 386/386/386 384/384/384
f 386/386/386 385/385/385 387/387/387
f 387/387/387 388/388/388 386/386/386
f 388/388/388 387/387/387 389/389/389
f 389/389/389 390/390/390 388/388/388
f 390/390/390 389/389/389 391/391/391
f 391/391/391 392/392/392 390/390/390
f 392/392/392 391/391/391 393/393/393
f 393/393/393 394/394/394 392/392/392
f 394/394/394 393/393/393 395/395/395
f 395/395/395 396/396/396 394/394/394
f 396/396/396 395/395/395 397/397/397
f 397/397/397 398/398/398 396/396/396
f 398/398/398 397/397/397 399/399/399
f 399/399/399 400/400/400 398/398/398
f 400/400/400 399/399/399 401/401/401
f 401/401/401 402/402/402 400/400/400
f 402/402/402 401/401/401 403/403/403
f 403/403/403 404/404/404 402/402/402
f 404/404/404 403/403/403 405/405/405
f 405/405/405 406/406/406 404/404/404
f 406/406/406 405/405/405 407/407/407
f 407/407/407 408/408/408 406/406/406
f 408/408/408 407/407/407 409/409/409
f 409/409/409 410/410/410 408/408/408
f 410/410/410 409/409/409 411/411/411
f 411/411/411 412/412/412 410/410/410
f 412/412/412 411/411/411 413/413/413
f 413/413/413 414/414/414 412/412/412
f 414/414/414 413/413/413 415/415/415
f 415/415/415 416/416/416 414/414/414
f 416/416/416 415/415/415 417/417/417
f 417/417/417 418/418/418 416/416/416
f 418/418/418 417/417/417 419/419/419
f 419/419/419 420/420/420 418/418/418
f 420/420/420 419/419/419 421/421/421
f 421/421/421 422/422/422 420/420/420
f 422/422/422 421/421/421 423/423/423
f 423/423/423 424/424/424 422/422/422
f 424/424/424 423/423/423 425/425/425
f 425/425/425 426/426/426 424/424/424
f 426/426/426 425/425/425 427/427/427
f 427/427/427 428/428/428 426/426/426
f 428/428/428 427/427/427 429/429/429
f 429/429/429 430/430/430 428/428/428
f 430/430/430 429/429/429 431/431/431
f 431/431/431 432/432/432 430/430/430
f 432/432/432 431/431/431 433/433/433
f 433/433/433 434/434/434 432/432/432
f 434/434/434 433/433/433 435/435/435
f 435/435/435 436/436/436 434/434/434
f 436/436/436 435/435/435 437/437/437
f 437/437/437 438/438/438 436/436/436
f 438/438/438 437/437/437 439/439/439
f 439/439/439 440/440/440 438/438/438
f 440/440/440 439/439/439 441/441/441
f 441/441/441 442/442/442 440/440/440
f 442/442/442 441/441/441 443/443/443
f 443/443/443 444/444/444 442/442/442
f 444/444/444 443/443/443 445/445/445
f 445/445/445 446/446/446 444/444/444
f 446/446/446 445/445/445 447/447/447
f 447/447/447 448/448/448 446/446/446
f 448/448/448 447/447/447 449/449/449
f 449/449/449 450/450/450 448/448/448
f 450/450/450 449/449/449 451/451/451
f 451/451/451 452/452/452 450/450/450
f 452/452/452 451/451/451 453/453/453
f 453/453/453 454/454/454 452/452/452
f 454/454/454 453/453/453 455/455/455
f 455/455/455 456/456/456 454/454/454
f 456/456/456 455/455/455 362/362/362
f 362/362/362 363/363/363 456/456/456
f 457/457/457 458/458/458 459/459/459
f 459/459/459 460/460/460 457/457/457
f 461/461/461 457/457/457 460/460/460
f 460/460/460 462/462/462 461/461/461
f 463/463/463 461/461/461 462/462/462
f 462/462/462 464/464/464 463/463/463
f 465/465/465 463/463/463 464/464/464
f 464/464/464 466/466/466 465/465/465
f 467/467/467 465/465/465 466/466/466
f 466/466/466 468/468/468 467/467/467
f 469/469/469 467/467/467 468/468/468
f 468/468/468 470/470/470 469/469/469
f 471/471/471 469/469/469 470/470/470
f 470/470/470 472/472/472 471/471/471
f 473/473/473 471/471/471 472/472/472
f 472/472/472 474/474/474 473/473/473
f 475/475/475 473/473/473 474/474/474
f 474/474/474 476/476/476 475/475/475
f 477/477/477 475/475/475 476/476/476
f 476/476/476 478/478/478 477/477/477
f 479/479/479 477/477/477 478/478/478
f 478/478/478 480/480/480 479/479/479
f 481/481/481 479/479/479 480/480/480
f 480/480/480 482/482/482 481/481/481
f 483/483/483 481/481/481 482/482/482
f 482/482/482 484/484/484 483/483/483
f 485/485/485 483/483/483 484/484/484
f 484/484/484 486/486/486 485/485/485
f 487/487/487 485/485/485 486/486/486
f 486/486/486 488/488/488 487/487/487
f 489/489/489 487/487/487 488/488/488
f 488/488/488 490/490/490 489/489/489
f 491/491/491 489/489/489 490/490/490
f 490/490/490 492/492/492 491/491/491
f 493/493/493 491/491/491 492/492/492
f 492/492/492 494/494/494 493/493/493
f 495/495/495 493/493/493 494/494/494
f 494/494/494 496/496/496 495/495/495
f 497/497/497 495/495/495 496/496/496
f 496/496/496 498/498/498 497/497/497
f 499/499/499 497/497/497 498/498/498
f 498/498/498 500/500/500 499/499/499
f 501/501/501 499/499/499 500/500/500
f 500/500/500 502/502/502 501/501/501
f 503/503/503 501/501/501 502/502/502
f 502/502/502 504/504/504 503/503/503
f 505/505/505 503/503/503 504/504/504
f 504/504/504 506/506/506 505/505/505
f 507/507/507 505/505/505 506/506/506
f 506/506/506 508/508/508 507/507/507
f 509/509/509 507/507/507 508/508/508
f 508/508/508 510/510/510 509/509/509
f 511/511/511 509/509/509 510/510/510
f 510/510/510 512/512/512 511/511/511
f 513/513/513 511/511/511 512/512/512
f 512/512/512 514/514/514 513/513/513
f 515/515/515 513/513/513 514/514/514
f 514/514/514 516/516/516 515/515/515
f 517/517/517 515/515/515 516/516/516
f 516/516/516 518/518/518 517/517/517
f 519/519/519 517/517/517 518/518/518
f 518/518/518 520/520/520 519/519/519
f 521/521/521 519/519/519 520/520/520
f 520/520/520 522/522/522 521/521/521
f 523/523/523 521/521/521 522/522/522
f 522/522/522 524/524/524 523/523/523
f 525/525/525 523/523/523 524/524/524
f 524/524/524 526/526/526 525/525/525
f 527/527/527 525/525/525 526/526/526
f 526/526/526 528/528/528 527/527/527
f 529/529/529 527/527/527 528/528/528
f 528/528/528 530/530/530 529/529/529
f 531/531/531 529/529/529 530/530/530
f 530/530/530 532/532/532 531/531/531
f 533/533/533 531/531/531 532/532/532
f 532/532/532 534/534/534 533/533/533
f 535/535/535 533/533/533 534/534/534
f 534/534/534 536/536/536 535/535/535
f 537/537/537 535/535/535 536/536/536
f 536/536/536 538/538/538 537/537/537
f 539/539/539 537/537/537 538/538/538
f 538/538/538 540/540/540 539/539/539
f 541/541/541 539/539/539 540/540/540
f 540/540/540 542/542/542 541/541/541
f 543/543/543 541/541/541 542/542/542
f 542/542/542 544/544/544 543/543/543
f 545/545/545 543/543/543 544/544/544
f 544/544/544 546/546/546 545/545/545
f 547/547/547 545/545/545 546/546/546
f 546/546/546 548/548/548 547/547/547
f 549/549/549 547/547/547 548/548/548
f 548/548/548 550/550/550 549/549/549
f 551/551/551 549/549/549 550/550/550
f 550/550/550 552/552/552 551/551/551
f 458/458/458 551/551/551 552/552/552
f 552/552/552 459/459/459 458/458/458
f 553/553/553 554/554/554 555/555/555
f 555/555/555 556/556/556 553/553/553
f 554/554/554 557/557/557 558/558/558
f 558/558/558 555/555/555 554/554/554
f 557/557/557 559/559/559 560/560/560
f 560/560/560 558/558/558 557/557/557
f 559/559/559 561/561/561 562/562/562
f 562/562/562 560/560/560 559/559/559
f 561/561/561 563/563/563 564/564/564
f 564/564/564 562/562/562 561/561/561
f 563/563/563 565/565/565 566/566/566
f 566/566/566 564/564/564 563/563/563
f 565/565/565 567/567/567 568/568/568
f 568/568/568 566/566/566 565/565/565
f 567/567/567 569/569/569 570/570/570
f 570/570/570 568/568/568 567/567/567
f 569/569/569 571/571/571 572/572/572
f 572/572/572 570/570/570 569/569/569
f 571/571/571 573/573/573 574/574/574
f 574/574/574 572/572/572 571/571/571
f 573/573/573 575/575/575 576/576/576
f 576/576/576 574/574/574 573/573/573
f 575/575/575 577/577/577 578/578/578
f 578/578/578 576/576/576 575/575/575
f 577/577/577 579/579/579 580/580/580
f 580/580/580 578/578/578 577/577/577
f 579/579/579 581/581/581 582/582/582
f 582/582/582 580/580/580 579/579/579
f 581/581/581 583/583/583 584/584/584
f 584/584/584 582/582/582 581/581/581
f 583/583/583 585/585/585 586/586/586
f 586/586/586 584/584/584 583/583/583
f 585/585/585 587/587/587 588/588/588
f 588/588/588 586/586/586 585/585/585
f 587/587/587 589/589/589 590/590/590
f 590/590/590 588/588/588 587/587/587
f 589/589/589 591/591/591 592/592/592
f 592/592/592 590/590/590 589/589/589
f 591/591/591 593/593/593 594/594/594
f 594/594/594 592/592/592 591/591/591
f 593/593/593 595/595/595 596/596/596
f 596/596/596 594/594/594 593/593/593
f 595/595/595 597/597/597 598/598/598
f 598/598/598 596/596/596 595/595/595
f 597/597/597 599/599/599 600/600/600
f 600/600/600 598/598/598 597/597/597
f 599/599/599 601/601/601 602/602/602
f 602/602/602 600/600/600 599/599/599
f 601/601/601 603/603/603 604/604/604
f 604/604/604 602/602/602 601/601/601
f 603/603/603 605/605/605 606/606/606
f 606/606/606 604/604/604 603/603/603
f 605/605/605 607/607/607 608/608/608
f 608/608/608 606/606/606 605/605/605
f 607/607/607 609/609/609 610/610/610
f 610/610/610 608/608/608 607/607/607
f 609/609/609 611/611/611 612/612/612
f 612/612/612 610/610/610 609/609/609
f 611/611/611 613/613/613 614/614/614
f 614/614/614 612/612/612 611/611/611
f 613/613/613 615/615/615 616/616/616
f 616/616/616 614/614/614 613/613/613
f 615/615/615 617/617/617 618/618/618
f 618/618/618 616/616/616 615/615/615
f 617/617/617 619/619/619 620/620/620
f 620/620/620 618/618/618 617/617/617
f 619/619/619 621/621/621 622/622/622
f 622/622/622 620/620/620 619/619/619
f 621/621/621 623/623/623 624/624/624
f 624/624/624 622/622/622 621/621/621
f 623/623/623 625/625/625 626/626/626
f 626/626/626 624/624/624 623/623/623
f 625/625/625 627/627/627 628/628/628
f 628/628/628 626/626/626 625/625/625
f 627/627/627 629/629/629 630/630/630
f 630/630/630 628/628/628 627/627/627
f 629/629/629 631/631/631 632/632/632
f 632/632/632 630/630/630 629/629/629
f 631/631/631 633/633/633 634/634/634
f 634/634/634 632/632/632 631/631/631
f 633/633/633 635/635/635 636/636/636
f 636/636/636 634/634/634 633/633/633
f 635/635/635 637/637/637 638/638/638
f 638/638/638 636/636/636 635/635/635
f 637/637/637 639/639/639 640/640/640
f 640/640/640 638/638/638 637/637/637
f 639/639/639 641/641/641 642/642/642
f 642/642/642 640/640/640 639/639/639
f 641/641/641 643/643/643 644/644/644
f 644/644/644 642/642/642 641/641/641
f 643/643/643 645/645/645 646/646/646
f 646/646/646 644/644/644 643/643/643
f 645/645/645 647/647/647 648/648/648
f 648/648/648 646/646/646 645/645/645
f 647/647/647 553/553/553 556/556/556
f 556/556/556 648/648/648 647/647/647
f 651/651/651 650/650/650 649/649/649
f 649/649/649 652/652/652 651/651/651
f 652/652/652 649/649/649 653/653/653
f 653/653/653 654/654/654 652/652/652
f 654/654/654 653/653/653 655/655/655
f 655/655/655 656/656/656 654/654/654
f 656/656/656 655/655/655 657/657/657
f 657/657/657 658/658/658 656/656/656
f 658/658/658 657/657/657 659/659/659
f 659/659/659 660/660/660 658/658/658
f 660/660/660 659/659/659 661/661/661
f 661/661/661 662/662/662 660/660/660
f 662/662/662 661/661/661 663/663/663
f 663/663/663 664/664/664 662/662/662
f 664/664/664 663/663/663 665/665/665
f 665/665/665 666/666/666 664/664/664
f 666/666/666 665/665/665 667/667/667
f 667/667/667 668/668/668 666/666/666
f 668/668/668 667/667/667 669/669/669
f 669/669/669 670/670/670 668/668/668
f 670/670/670 669/669/669 671/671/671
f 671/671/671 672/672/672 670/670/670
f 672/672/672 671/671/671 673/673/673
f 673/673/673 674/674/674 672/672/672
f 674/674/674 673/673/673 675/675/675
f 675/675/675 676/676/676 674/674/674
f 676/676/676 675/675/675 677/677/677
f 677/677/677 678/678/678 676/676/676
f 678/678/678 677/677/677 679/679/679
f 679/679/679 680/680/680 678/678/678
f 680/680/680 679/679/679 681/681/681
f 681/681/681 682/682/682 680/680/680
f 682/682/682 681/681/681 683/683/683
f 683/683/683 684/684/684 682/682/682
f 684/684/684 683/683/683 685/685/685
f 685/685/685 686/686/686 684/684/684
f 686/686/686 685/685/685 687/687/687
f 687/687/687 688/688/688 686/686/686
f 688/688/688 687/687/687 689/689/689
f 689/689/689 690/690/690 688/688/688
f 690/690/690 689/689/689 691/691/691
f 691/691/691 692/692/692 690/690/690
f 692/692/692 691/691/691 693/693/693
f 693/693/693 694/694/694 692/692/692
f 694/694/694 693/693/693 695/695/695
f 695/695/695 696/696/696 694/694/694
f 696/696/696 695/695/695 697/697/697
f 697/697/697 698/698/698 696/696/696
f 698/698/698 697/697/697 699/699/699
f 699/699/699 700/700/700 698/698/698
f 700/700/700 699/699/699 701/701/701
f 701/701/701 702/702/702 700/700/700
f 702/702/702 701/701/701 703/703/703
f 703/703/703 704/704/704 702/702/702
f 704/704/704 703/703/703 705/705/705
f 705/705/705 706/706/706 704/704/704
f 706/706/706 705/705/705 707/707/707
f 707/707/707 708/708/708 706/706/706
f 708/708/708 707/707/707 709/709/709
f 709/709/709 710/710/710 708/708/708
f 710/710/710 709/709/709 711/711/711
f 711/711/711 712/712/712 710/710/710
f 712/712/712 711/711/711 713/713/713
f 713/713/713 714/714/714 712/712/712
f 714/714/714 713/713/713 715/715/715
f 715/715/715 716/716/716 714/714/714
f 716/716/716 715/715/715 717/717/717
f 717/717/717 718/718/718 716/716/716
f 718/718/718 717/717/717 719/719/719
f 719/719/719 720/720/720 718/718/718
f 720/720/720 719/719/719 721/721/721
f 721/721/721 722/722/722 720/720/720
f 722/722/722 721/721/721 723/723/723
f 723/723/723 724/724/724 722/722/722
f 724/724/724 723/723/723 725/725/725
f 725/725/725 726/726/726 724/724/724
f 726/726/726 725/725/725 727/727/727
f 727/727/727 728/728/728 726/726/726
f 728/728/728 727/727/727 729/729/729
f 729/729/729 730/730/730 728/728/728
f 730/730/730 729/729/729 731/731/731
f 731/731/731 732/732/732 730/730/730
f 732/732/732 731/731/731 733/733/733
f 733/733/733 734/734/734 732/732/732
f 734/734/734 733/733/733 735/735/735
f 735/735/735 736/736/736 734/734/734
f 736/736/736 735/735/735 737/737/737
f 737/737/737 738/738/738 736/736/736
f 738/738/738 737/737/737 739/739/739
f 739/739/739 740/740/740 738/738/738
f 740/740/740 739/739/739 741/741/741
f 741/741/741 742/742/742 740/740/740
f 742/742/742 741/741/741 743/743/743
f 743/743/743 744/744/744 742/742/742
f 744/744/744 743/743/743 650/650/650
f 650/650/650 651/651/651 744/744/744
f 745/745/745 746/746/746 747/747/747
f 747/747/747 748/748/748 745/745/745
f 749/749/749 745/745/745 748/748/748
f 748/748/748 750/750/750 749/749/749
f 751/751/751 749/749/749 750/750/750
f 750/750/750 752/752/752 751/751/751
f 753/753/753 751/751/751 752/752/752
f 752/752/752 754/754/754 753/753/753
f 755/755/755 753/753/753 754/754/754
f 754/754/754 756/756/756 755/755/755
f 757/757/757 755/755/755 756/756/756
f 756/756/756 758/758/758 757/757/757
f 759/759/759 757/757/757 758/758/758
f 758/758/758 760/760/760 759/759/759
f 761/761/761 759/759/759 760/760/760
f 760/760/760 762/762/762 761/761/761
f 763/763/763 761/761/761 762/762/762
f 762/762/762 764/764/764 763/763/763
f 765/765/765 763/763/763 764/764/764
f 764/764/764 766/766/766 765/765/765
f 767/767/767 765/765/765 766/766/766
f 766/766/766 768/768/768 767/767/767
f 769/769/769 767/767/767 768/768/768
f 768/768/768 770/770/770 769/769/769
f 771/771/771 769/769/769 770/770/770
f 770/770/770 772/772/772 771/771/771
f 773/773/773 771/771/771 772/772/772
f 772/772/772 774/774/774 773/773/773
f 775/775/775 773/773/773 774/774/774
f 774/774/774 776/776/776 775/775/775
f 777/777/777 775/775/775 776/776/776
f 776/776/776 778/778/778 777/777/777
f 779/779/779 777/777/777 778/778/778
f 778/778/778 780/780/780 779/779/779
f 781/781/781 779/779/779 780/780/780
f 780/780/780 782/782/782 781/781/781
f 783/783/783 781/781/781 782/782/782
f 782/782/782 784/784/784 783/783/783
f 785/785/785 783/783/783 784/784/784
f 784/784/784 786/786/786 785/785/785
f 787/787/787 785/785/785 786/786/786
f 786/786/786 788/788/788 787/787/787
f 789/789/789 787/787/787 788/788/788
f 788/788/788 790/790/790 789/789/789
f 791/791/791 789/789/789 790/790/790
f 790/790/790 792/792/792 791/791/791
f 793/793/793 791/791/791 792/792/792
f 792/792/792 794/794/794 793/793/793
f 795/795/795 793/793/793 794/794/794
f 794/794/794 796/796/796 795/795/795
f 797/797/797 795/795/795 796/796/796
f 796/796/796 798/798/798 797/797/797
f 799/799/799 797/797/797 798/798/798
f 798/798/798 800/800/800 799/799/799
f 801/801/801 799/799/799 800/800/800
f 800/800/800 802/802/802 801/801/801
f 803/803/803 801/801/801 802/802/802
f 802/802/802 804/804/804 803/803/803
f 805/805/805 803/803/803 804/804/804
f 804/804/804 806/806/806 805/805/805
f 807/807/807 805/805/805 806/806/806
f 806/806/806 808/808/808 807/807/807
f 809/809/809 807/807/807 808/808/808
f 808/808/808 810/810/810 809/809/809
f 811/811/811 809/809/809 810/810/810
f 810/810/810 812/812/812 811/811/811
f 813/813/813 811/811/811 812/812/812
f 812/812/812 814/814/814 813/813/813
f 815/815/815 813/813/813 814/814/814
f 814/814/814 816/816/816 815/815/815
f 817/817/817 815/815/815 816/816/816
f 816/816/816 818/818/818 817/817/817
f 819/819/819 817/817/817 818/818/818
f 818/818/818 820/820/820 819/819/819
f 821/821/821 819/819/819 820/820/820
f 820/820/820 822/822/822 821/821/821
f 823/823/823 821/821/821 822/822/822
f 822/822/822 824/824/824 823/823/823
f 825/825/825 823/823/823 824/824/824
f 824/824/824 826/826/826 825/825/825
f 827/827/827 825/825/825 826/826/826
f 826/826/826 828/828/828 827/827/827
f 829/829/829 827/827/827 828/828/828
f 828/828/828 830/830/830 829/829/829
f 831/831/831 829/829/829 830/830/830
f 830/830/830 832/832/832 831/831/831
f 833/833/833 831/831/831 832/832/832
f 832/832/832 834/834/834 833/833/833
f 835/835/835 833/833/833 834/834/834
f 834/834/834 836/836/836 835/835/835
f 837/837/837 835/835/835 836/836/836
f 836/836/836 838/838/838 837/837/837
f 839/839/839 837/837/837 838/838/838
f 838/838/838 840/840/840 839/839/839
f 746/746/746 839/839/839 840/840/840
f 840/840/840 747/747/747 746/746/746
f 841/841/841 842/842/842 843/843/843
f 843/843/843 844/844/844 841/841/841
f 842/842/842 845/845/845 846/846/846
f 846/846/846 843/843/843 842/842/842
f 845/845/845 847/847/847 848/848/848
f 848/848/848 846/846/846 845/845/845
f 847/847/847 849/849/849 850/850/850
f 850/850/850 848/848/848 847/847/847
f 849/849/849 851/851/851 852/852/852
f 852/852/852 850/850/850 849/849/849
f 851/851/851 853/853/853 854/854/854
f 854/854/854 852/852/852 851/851/851
f 853/853/853 855/855/855 856/856/856
f 856/856/856 854/854/854 853/853/853
f 855/855/855 857/857/857 858/858/858
f 858/858/858 856/856/856 855/855/855
f 857/857/857 859/859/859 860/860/860
f 860/860/860 858/858/858 857/857/857
f 859/859/859 861/861/861 862/862/862
f 862/862/862 860/860/860 859/859/859
f 861/861/861 863/863/863 864/864/864
f 864/864/864 862/862/862 861/861/861
f 863/863/863 865/865/865 866/866/866
f 866/866/866 864/864/864 863/863/863
f 865/865/865 867/867/867 868/868/868
f 868/868/868 866/866/866 865/865/865
f 867/867/867 869/869/869 870/870/870
f 870/870/870 868/868/868 867/867/867
f 869/869/869 871/871/871 872/872/872
f 872/872/872 870/870/870 869/869/869
f 871/871/871 873/873/873 874/874/874
f 874/874/874 872/872/872 871/871/871
f 873/873/873 875/875/875 876/876/876
f 876/876/876 874/874/874 873/873/873
f 875/875/875 877/877/877 878/878/878
f 878/878/878 876/876/876 875/875/875
f 877/877/877 879/879/879 880/880/880
f 880/880/880 878/878/878 877/877/877
f 879/879/879 881/881/881 882/882/882
f 882/882/882 880/880/880 879/879/879
f 881/881/881 883/883/883 884/884/884
f 884/884/884 882/882/882 881/881/881
f 883/883/883 885/885/885 886/886/886
f 886/886/886 884/884/884 883/883/883
f 885/885/885 887/887/887 888/888/888
f 888/888/888 886/886/886 885/885/885
f 887/887/887 889/889/889 890/890/890
f 890/890/890 888/888/888 887/887/887
f 889/889/889 891/891/891 892/892/892
f 892/892/892 890/890/890 889/889/889
f 891/891/891 893/893/893 894/894/894
f 894/894/894 892/892/892 891/891/891
f 893/893/893 895/895/895 896/896/896
f 896/896/896 894/894/894 893/893/893
f 895/895/895 897/897/897 898/898/898
f 898/898/898 896/896/896 895/895/895
f 897/897/897 899/899/899 900/900/900
f 900/900/900 898/898/898 897/897/897
f 899/899/899 901/901/901 902/902/902
f 902/902/902 900/900/900 899/899/899
f 901/901/901 903/903/903 904/904/904
f 904/904/904 902/902/902 901/901/901
f 903/903/903 905/905/905 906/906/906
f 906/906/906 904/904/904 903/903/903
f 905/905/905 907/907/907 908/908/908
f 908/908/908 906/906/906 905/905/905
f 907/907/907 909/909/909 910/910/910
f 910/910/910 908/908/908 907/907/907
f 909/909/909 911/911/911 912/912/912
f 912/912/912 910/910/910 909/909/909
f 911/911/911 913/913/913 914/914/914
f 914/914/914 912/912/912 911/911/911
f 913/913/913 915/915/915 916/916/916
f 916/916/916 914/914/914 913/913/913
f 915/915/915 917/917/917 918/918/918
f 918/918/918 916/916/916 915/915/915
f 917/917/917 919/919/919 920/920/920
f 920/920/920 918/918/918 917/917/917
f 919/919/919 921/921/921 922/922/922
f 922/922/922 920/920/920 919/919/919
f 921/921/921 923/923/923 924/924/924
f 924/924/924 922/922/922 921/921/921
f 923/923/923 925/925/925 926/926/926
f 926/926/926 924/924/924 923/923/923
f 925/925/925 927/927/927 928/928/928
f 928/928/928 926/926/926 925/925/925
f 927/927/927 929/929/929 930/930/930
f 930/930/930 928/928/928 927/927/927
f 929/929/929 931/931/931 932/932/932
f 932/932/932 930/930/930 929/929/929
f 931/931/931 933/933/933 934/934/934
f 934/934/934 932/932/932 931/931/931
f 933/933/933 935/935/935 936/936/936
f 936/936/936 934/934/934 933/933/933
f 935/935/935 841/841/841 844/844/844
f 844/844/844 936/936/936 935/935/935
f 939/939/939 938/938/938 937/937/937
f 937/937/937 940/940/940 939/939/939
f 940/940/940 937/937/937 941/941/941
f 941/941/941 942/942/942 940/940/940
f 942/942/942 941/941/941 943/943/943
f 943/943/943 944/944/944 942/942/942
f 944/944/944 943/943/943 945/945/945
f 945/945/945 946/946/946 944/944/944
f 946/946/946 945/945/945 947/947/947
f 947/947/947 948/948/948 946/946/946
f 948/948/948 947/947/947 949/949/949
f 949/949/949 950/950/950 948/948/948
f 950/950/950 949/949/949 951/951/951
f 951/951/951 952/952/952 950/950/950
f 952/952/952 951/951/951 953/953/953
f 953/953/953 954/954/954 952/952/952
f 954/954/954 953/953/953 955/955/955
f 955/955/955 956/956/956 954/954/954
f 956/956/956 955/955/955 957/957/957
f 957/957/957 958/958/958 956/956/956
f 958/958/958 957/957/957 959/959/959
f 959/959/959 960/960/960 958/958/958
f 960/960/960 959/959/959 961/961/961
f 961/961/961 962/962/962 960/960/960
f 962/962/962 961/961/961 963/963/963
f 963/963/963 964/964/964 962/962/962
f 964/964/964 963/963/963 965/965/965
f 965/965/965 966/966/966 964/964/964
f 966/966/966 965/965/965 967/967/967
f 967/967/967 968/968/968 966/966/966
f 968/968/968 967/967/967 969/969/969
f 969/969/969 970/970/970 968/968/968
f 970/970/970 969/969/969 971/971/971
f 971/971/971 972/972/972 970/970/970
f 972/972/972 971/971/971 973/973/973
f 973/973/973 974/974/974 972/972/972
f 974/974/974 973/973/973 975/975/975
f 975/975/975 976/976/976 974/974/974
f 976/976/976 975/975/975 977/977/977
f 977/977/977 978/978/978 976/976/976
f 978/978/978 977/977/977 979/979/979
f 979/979/979 980/980/980 978/978/978
f 980/980/980 979/979/979 981/981/981
f 981/981/981 982/982/982 980/980/980
f 982/982/982 981/981/981 983/983/983
f 983/983/983 984/984/984 982/982/982
f 984/984/984 983/983/983 985/985/985
f 985/985/985 986/986/986 984/984/984
f 986/986/986 985/985/985 987/987/987
f 987/987/987 988/988/988 986/986/986
f 988/988/988 987/987/987 989/989/989
f 989/989/989 990/990/990 988/988/988
f 990/990/990 989/989/989 991/991/991
f 991/991/991 992/992/992 990/990/990
f 992/992/992 991/991/991 993/993/993
f 993/993/993 994/994/994 992/992/992
f 994/994/994 993/993/993 995/995/995
f 995/995/995 996/996/996 994/994/994
f 996/996/996 995/995/995 997/997/997
f 997/997/997 998/998/998 996/996/996
f 998/998/998 997/997/997 999/999/999
f 999/999/999 1000/1000/1000 998/998/998
f 1000/1000/1000 999/999/999 1001/1001/1001
f 1001/1001/1001 1002/1002/1002 1000/1000/1000
f 1002/1002/1002 1001/1001/1001 1003/1003/1003
f 1003/1003/1003 1004/1004/1004 1002/1002/1002
f 1004/1004/1004 1003/1003/1003 1005/1005/1005
f 1005/1005/1005 1006/1006/1006 1004/1004/1004
f 1006/1006/1006 1005/1005/1005 1007/1007/1007
f 1007/1007/1007 1008/1008/1008 1006/1006/1006
f 1008/1008/1008 1007/1007/1007 1009/1009/1009
f 1009/1009/1009 1010/1010/1010 1008/1008/1008
f 1010/1010/1010 1009/1009/1009 1011/1011/1011
f 1011/1011/1011 1012/1012/1012 1010/1010/1010
f 1012/1012/1012 1011/1011/1011 1013/1013/1013
f 1013/1013/1013 1014/1014/1014 1012/1012/1012
f 1014/1014/1014 1013/1013/1013 1015/1015/1015
f 1015/1015/1015 1016/1016/1016 1014/1014/1014
f 1016/1016/1016 1015/1015/1015 1017/1017/1017
f 1017/1017/1017 1018/1018/1018 1016/1016/1016
f 1018/1018/1018 1017/1017/1017 1019/1019/1019
f 1019/1019/1019 1020/1020/1020 1018/1018/1018
f 1020/1020/1020 1019/1019/1019 1021/1021/1021
f 1021/1021/1021 1022/1022/1022 1020/1020/1020
f 1022/1022/1022 1021/1021/1021 1023/1023/1023
f 1023/1023/1023 1024/1024/1024 1022/1022/1022
f 1024/1024/1024 1023/1023/1023 1025/1025/1025
f 1025/1025/1025 1026/1026/1026 1024/1024/1024
f 1026/1026/1026 1025/1025/1025 1027/1027/1027
f 1027/1027/1027 1028/1028/1028 1026/1026/1026
f 1028/1028/1028 1027/1027/1027 1029/1029/1029
f 1029/1029/1029 1030/1030/1030 1028/1028/1028
f 1030/1030/1030 1029/1029/1029 1031/1031/1031
f 1031/1031/1031 1032/1032/1032 1030/1030/1030
f 1032/1032/1032 1031/1031/1031 938/938/938
f 938/938/938 939/939/939 1032/1032/1032
f 1033/1033/1033 1034/1034/1034 1035/1035/1035
f 1035/1035/1035 1036/1036/1036 1033/1033/1033
f 1037/1037/1037 1033/1033/1033 1036/1036/1036
f 1036/1036/1036 1038/1038/1038 1037/1037/1037
f 1039/1039/1039 1037/1037/1037 1038/1038/1038
f 1038/1038/1038 1040/1040/1040 1039/1039/1039
f 1041/1041/1041 1039/1039/1039 1040/1040/1040
f 1040/1040/1040 1042/1042/1042 1041/1041/1041
f 1043/1043/1043 1041/1041/1041 1042/1042/1042
f 1042/1042/1042 1044/1044/1044 1043/1043/1043
f 1045/1045/1045 1043/1043/1043 1044/1044/1044
f 1044/1044/1044 1046/1046/1046 1045/1045/1045
f 1047/1047/1047 1045/1045/1045 1046/1046/1046
f 1046/1046/1046 1048/1048/1048 1047/1047/1047
f 1049/1049/1049 1047/1047/1047 1048/1048/1048
f 1048/1048/1048 1050/1050/1050 1049/1049/1049
f 1051/1051/1051 1049/1049/1049 1050/1050/1050
f 1050/1050/1050 1052/1052/1052 1051/1051/1051
f 1053/1053/1053 1051/1051/1051 1052/1052/1052
f 1052/1052/1052 1054/1054/1054 1053/1053/1053
f 1055/1055/1055 1053/1053/1053 1054/1054/1054
f 1054/1054/1054 1056/1056/1056 1055/1055/1055
f 1057/1057/1057 1055/1055/1055 1056/1056/1056
f 1056/1056/1056 1058/1058/1058 1057/1057/1057
f 1059/1059/1059 1057/1057/1057 1058/1058/1058
f 1058/1058/1058 1060/1060/1060 1059/1059/1059
f 1061/1061/1061 1059/1059/1059 1060/1060/1060
f 1060/1060/1060 1062/1062/1062 1061/1061/1061
f 1063/1063/1063 1061/1061/1061 1062/1062/1062
f 1062/1062/1062 1064/1064/1064 1063/1063/1063
f 1065/1065/1065 1063/1063/1063 1064/1064/1064
f 1064/1064/1064 1066/1066/1066 1065/1065/1065
f 1067/1067/1067 1065/1065/1065 1066/1066/1066
f 1066/1066/1066 1068/1068/1068 1067/1067/1067
f 1069/1069/1069 1067/1067/1067 1068/1068/1068
f 1068/1068/1068 1070/1070/1070 1069/1069/1069
f 1071/1071/1071 1069/1069/1069 1070/1070/1070
f 1070/1070/1070 1072/1072/1072 1071/1071/1071
f 1073/1073/1073 1071/1071/1071 1072/1072/1072
f 1072/1072/1072 1074/1074/1074 1073/1073/1073
f 1075/1075/1075 1073/1073/1073 1074/1074/1074
f 1074/1074/1074 1076/1076/1076 1075/1075/1075
f 1077/1077/1077 1075/1075/1075 1076/1076/1076
f 1076/1076/1076 1078/1078/1078 1077/1077/1077
f 1079/1079/1079 1077/1077/1077 1078/1078/1078
f 1078/1078/1078 1080/1080/1080 1079/1079/1079
f 1081/1081/1081 1079/1079/1079 1080/1080/1080
f 1080/1080/1080 1082/1082/1082 1081/1081/1081
f 1083/1083/1083 1081/1081/1081 1082/1082/1082
f 1082/1082/1082 1084/1084/1084 1083/1083/1083
f 1085/1085/1085 1083/1083/1083 1084/1084/1084
f 1084/1084/1084 1086/1086/1086 1085/1085/1085
f 1087/1087/1087 1085/1085/1085 1086/1086/1086
f 1086/1086/1086 1088/1088/1088 1087/1087/1087
f 1089/1089/1089 1087/1087/1087 1088/1088/1088
f 1088/1088/1088 1090/1090/1090 1089/1089/1089
f 1091/1091/1091 1089/1089/1089 1090/1090/1090
f 1090/1090/1090 1092/1092/1092 1091/1091/1091
f 1093/1093/1093 1091/1091/1091 1092/1092/1092
f 1092/1092/1092 1094/1094/1094 1093/1093/1093
f 1095/1095/1095 1093/1093/1093 1094/1094/1094
f 1094/1094/1094 1096/1096/1096 1095/1095/1095
f 1097/1097/1097 1095/1095/1095 1096/1096/1096
f 1096/1096/1096 1098/1098/1098 1097/1097/1097
f 1099/1099/1099 1097/1097/1097 1098/1098/1098
f 1098/1098/1098 1100/1100/1100 1099/1099/1099
f 1101/1101/1101 1099/1099/1099 1100/1100/1100
f 1100/1100/1100 1102/1102/1102 1101/1101/1101
f 1103/1103/1103 1101/1101/1101 1102/1102/1102
f 1102/1102/1102 1104/1104/1104 1103/1103/1103
f 1105/1105/1105 1103/1103/1103 1104/1104/1104
f 1104/1104/1104 1106/1106/1106 1105/1105/1105
f 1107/1107/1107 1105/1105/1105 1106/1106/1106
f 1106/1106/1106 1108/1108/1108 1107/1107/1107
f 1109/1109/1109 1107/1107/1107 1108/1108/1108
f 1108/1108/1108 1110/1110/1110 1109/1109/1109
f 1111/1111/1111 1109/1109/1109 1110/1110/1110
f 1110/1110/1110 1112/1112/1112 1111/1111/1111
f 1113/1113/1113 1111/1111/1111 1112/1112/1112
f 1112/1112/1112 1114/1114/1114 1113/1113/1113
f 1115/1115/1115 1113/1113/1113 1114/1114/1114
f 1114/1114/1114 1116/1116/1116 1115/1115/1115
f 1117/1117/1117 1115/1115/1115 1116/1116/1116
f 1116/1116/1116 1118/1118/1118 1117/1117/1117
f 1119/1119/1119 1117/1117/1117 1118/1118/1118
f 1118/1118/1118 1120/1120/1120 1119/1119/1119
f 1121/1121/1121 1119/1119/1119 1120/1120/1120
f 1120/1120/1120 1122/1122/1122 1121/1121/1121
f 1123/1123/1123 1121/1121/1121 1122/1122/1122
f 1122/1122/1122 1124/1124/1124 1123/1123/1123
f 1125/1125/1125 1123/1123/1123 1124/1124/1124
f 1124/1124/1124 1126/1126/1126 1125/1125/1125
f 1127/1127/1127 1125/1125/1125 1126/1126/1126
f 1126/1126/1126 1128/1128/1128 1127/1127/1127
f 1034/1034/1034 1127/1127/1127 1128/1128/1128
f 1128/1128/1128 1035/1035/1035 1034/1034/1034
f 1129/1129/1129 1130/1130/1130 1131/1131/1131
f 1131/1131/1131 1132/1132/1132 1129/1129/1129
f 1130/1130/1130 1133/1133/1133 1134/1134/1134
f 1134/1134/1134 1131/1131/1131 1130/1130/1130
f 1133/1133/1133 1135/1135/1135 1136/1136/1136
f 1136/1136/1136 1134/1134/1134 1133/1133/1133
f 1135/1135/1135 1137/1137/1137 1138/1138/1138
f 1138/1138/1138 1136/1136/1136 1135/1135/1135
f 1137/1137/1137 1139/1139/1139 1140/1140/1140
f 1140/1140/1140 1138/1138/1138 1137/1137/1137
f 1139/1139/1139 1141/1141/1141 1142/1142/1142
f 1142/1142/1142 1140/1140/1140 1139/1139/1139
f 1141/1141/1141 1143/1143/1143 1144/1144/1144
f 1144/1144/1144 1142/1142/1142 1141/1141/1141
f 1143/1143/1143 1145/1145/1145 1146/1146/1146
f 1146/1146/1146 1144/1144/1144 1143/1143/1143
f 1145/1145/1145 1147/1147/1147 1148/1148/1148
f 1148/1148/1148 1146/1146/1146 1145/1145/1145
f 1147/1147/1147 1149/1149/1149 1150/1150/1150
f 1150/1150/1150 1148/1148/1148 1147/1147/1147
f 1149/1149/1149 1151/1151/1151 1152/1152/1152
f 1152/1152/1152 1150/1150/1150 1149/1149/1149
f 1151/1151/1151 1153/1153/1153 1154/1154/1154
f 1154/1154/1154 1152/1152/1152 1151/1151/1151
f 1153/1153/1153 1155/1155/1155 1156/1156/1156
f 1156/1156/1156 1154/1154/1154 1153/1153/1153
f 1155/1155/1155 1157/1157/1157 1158/1158/1158
f 1158/1158/1158 1156/1156/1156 1155/1155/1155
f 1157/1157/1157 1159/1159/1159 1160/1160/1160
f 1160/1160/1160 1158/1158/1158 1157/1157/1157
f 1159/1159/1159 1161/1161/1161 1162/1162/1162
f 1162/1162/1162 1160/1160/1160 1159/1159/1159
f 1161/1161/1161 1163/1163/1163 1164/1164/1164
f 1164/1164/1164 1162/1162/1162 1161/1161/1161
f 1163/1163/1163 1165/1165/1165 1166/1166/1166
f 1166/1166/1166 1164/1164/1164 1163/1163/1163
f 1165/1165/1165 1167/1167/1167 1168/1168/1168
f 1168/1168/1168 1166/1166/1166 1165/1165/1165
f 1167/1167/1167 1169/1169/1169 1170/1170/1170
f 1170/1170/1170 1168/1168/1168 1167/1167/1167
f 1169/1169/1169 1171/1171/1171 1172/1172/1172
f 1172/1172/1172 1170/1170/1170 1169/1169/1169
f 1171/1171/1171 1173/1173/1173 1174/1174/1174
f 1174/1174/1174 1172/1172/1172 1171/1171/1171
f 1173/1173/1173 1175/1175/1175 1176/1176/1176
f 1176/1176/1176 1174/1174/1174 1173/1173/1173
f 1175/1175/1175 1177/1177/1177 1178/1178/1178
f 1178/1178/1178 1176/1176/1176 1175/1175/1175
f 1177/1177/1177 1179/1179/1179 1180/1180/1180
f 1180/1180/1180 1178/1178/1178 1177/1177/1177
f 1179/1179/1179 1181/1181/1181 1182/1182/1182
f 1182/1182/1182 1180/1180/1180 1179/1179/1179
f 1181/1181/1181 1183/1183/1183 1184/1184/1184
f 1184/1184/1184 1182/1182/1182 1181/1181/1181
f 1183/1183/1183 1185/1185/1185 1186/1186/1186
f 1186/1186/1186 1184/1184/1184 1183/1183/1183
f 1185/1185/1185 1187/1187/1187 1188/1188/1188
f 1188/1188/1188 1186/1186/1186 1185/1185/1185
f 1187/1187/1187 1189/1189/1189 1190/1190/1190
f 1190/1190/1190 1188/1188/1188 1187/1187/1187
f 1189/1189/1189 1191/1191/1191 1192/1192/1192
f 1192/1192/1192 1190/1190/1190 1189/1189/1189
f 1191/1191/1191 1193/1193/1193 1194/1194/1194
f 1194/1194/1194 1192/1192/1192 1191/1191/1191
f 1193/1193/1193 1195/1195/1195 1196/1196/1196
f 1196/1196/1196 1194/1194/1194 1193/1193/1193
f 1195/1195/1195 1197/1197/1197 1198/1198/1198
f 1198/1198/1198 1196/1196/1196 1195/1195/1195
f 1197/1197/1197 1199/1199/1199 1200/1200/1200
f 1200/1200/1200 1198/1198/1198 1197/1197/1197
f 1199/1199/1199 1201/1201/1201 1202/1202/1202
f 1202/1202/1202 1200/1200/1200 1199/1199/1199
f 1201/1201/1201 1203/1203/1203 1204/1204/1204
f 1204/1204/1204 1202/1202/1202 1201/1201/1201
f 1203/1203/1203 1205/1205/1205 1206/1206/1206
f 1206/1206/1206 1204/1204/1204 1203/1203/1203
f 1205/1205/1205 1207/1207/1207 1208/1208/1208
f 1208/1208/1208 1206/1206/1206 1205/1205/1205
f 1207/1207/1207 1209/1209/1209 1210/1210/1210
f 1210/1210/1210 1208/1208/1208 1207/1207/1207
f 1209/1209/1209 1211/1211/1211 1212/1212/1212
f 1212/1212/1212 1210/1210/1210 1209/1209/1209
f 1211/1211/1211 1213/1213/1213 1214/1214/1214
f 1214/1214/1214 1212/1212/1212 1211/1211/1211
f 1213/1213/1213 1215/1215/1215 1216/1216/1216
f 1216/1216/1216 1214/1214/1214 1213/1213/1213
f 1215/1215/1215 1217/1217/1217 1218/1218/1218
f 1218/1218/1218 1216/1216/1216 1215/1215/1215
f 1217/1217/1217 1219/1219/1219 1220/1220/1220
f 1220/1220/1220 1218/1218/1218 1217/1217/1217
f 1219/1219/1219 1221/1221/1221 1222/1222/1222
f 1222/1222/1222 1220/1220/1220 1219/1219/1219
f 1221/1221/1221 1223/1223/1223 1224/1224/1224
f 1224/1224/1224 1222/1222/1222 1221/1221/1221
f 1223/1223/1223 1129/1129/1129 1132/1132/1132
f 1132/1132/1132 1224/1224/1224 1223/1223/1223
f 1227/1227/1227 1226/1226/1226 1225/1225/1225
f 1225/1225/1225 1228/1228/1228 1227/1227/1227
f 1228/1228/1228 1225/1225/1225 1229/1229/1229
f 1229/1229/1229 1230/1230/1230 1228/1228/1228
f 1230/1230/1230 1229/1229/1229 1231/1231/1231
f 1231/1231/1231 1232/1232/1232 1230/1230/1230
f 1232/1232/1232 1231/1231/1231 1233/1233/1233
f 1233/1233/1233 1234/1234/1234 1232/1232/1232
f 1234/1234/1234 1233/1233/1233 1235/1235/1235
f 1235/1235/1235 1236/1236/1236 1234/1234/1234
f 1236/1236/1236 1235/1235/1235 1237/1237/1237
f 1237/1237/1237 1238/1238/1238 1236/1236/1236
f 1238/1238/1238 1237/1237/1237 1239/1239/1239
f 1239/1239/1239 1240/1240/1240 1238/1238/1238
f 1240/1240/1240 1239/1239/1239 1241/1241/1241
f 1241/1241/1241 1242/1242/1242 1240/1240/1240
f 1242/1242/1242 1241/1241/1241 1243/1243/1243
f 1243/1243/1243 1244/1244/1244 1242/1242/1242
f 1244/1244/1244 1243/1243/1243 1245/1245/1245
f 1245/1245/1245 1246/1246/1246 1244/1244/1244
f 1246/1246/1246 1245/1245/1245 1247/1247/1247
f 1247/1247/1247 1248/1248/1248 1246/1246/1246
f 1248/1248/1248 1247/1247/1247 1249/1249/1249
f 1249/1249/1249 1250/1250/1250 1248/1248/1248
f 1250/1250/1250 1249/1249/1249 1251/1251/1251
f 1251/1251/1251 1252/1252/1252 1250/1250/1250
f 1252/1252/1252 1251/1251/1251 1253/1253/1253
f 1253/1253/1253 1254/1254/1254 1252/1252/1252
f 1254/1254/1254 1253/1253/1253 1255/1255/1255
f 1255/1255/1255 1256/1256/1256 1254/1254/1254
f 1256/1256/1256 1255/1255/1255 1257/1257/1257
f 1257/1257/1257 1258/1258/1258 1256/1256/1256
f 1258/1258/1258 1257/1257/1257 1259/1259/1259
f 1259/1259/1259 1260/1260/1260 1258/1258/1258
f 1260/1260/1260 1259/1259/1259 1261/1261/1261
f 1261/1261/1261 1262/1262/1262 1260/1260/1260
f 1262/1262/1262 1261/1261/1261 1263/1263/1263
f 1263/1263/1263 1264/1264/1264 1262/1262/1262
f 1264/1264/1264 1263/1263/1263 1265/1265/1265
f 1265/1265/1265 1266/1266/1266 1264/1264/1264
f 1266/1266/1266 1265/1265/1265 1267/1267/1267
f 1267/1267/1267 1268/1268/1268 1266/1266/1266
f 1268/1268/1268 1267/1267/1267 1269/1269/1269
f 1269/1269/1269 1270/1270/1270 1268/1268/1268
f 1270/1270/1270 1269/1269/1269 1271/1271/1271
f 1271/1271/1271 1272/1272/1272 1270/1270/1270
f 1272/1272/1272 1271/1271/1271 1273/1273/1273
f 1273/1273/1273 1274/1274/1274 1272/1272/1272
f 1274/1274/1274 1273/1273/1273 1275/1275/1275
f 1275/1275/1275 1276/1276/1276 1274/1274/1274
f 1276/1276/1276 1275/1275/1275 1277/1277/1277
f 1277/1277/1277 1278/1278/1278 1276/1276/1276
f 1278/1278/1278 1277/1277/1277 1279/1279/1279
f 1279/1279/1279 1280/1280/1280 1278/1278/1278
f 1280/1280/1280 1279/1279/1279 1281/1281/1281
f 1281/1281/1281 1282/1282/1282 1280/1280/1280
f 1282/1282/1282 1281/1281/1281 1283/1283/1283
f 1283/1283/1283 1284/1284/1284 1282/1282/1282
f 1284/1284/1284 1283/1283/1283 1285/1285/1285
f 1285/1285/1285 1286/1286/1286 1284/1284/1284
f 1286/1286/1286 1285/1285/1285 1287/1287/1287
f 1287/1287/1287 1288/1288/1288 1286/1286/1286
f 1288/1288/1288 1287/1287/1287 1289/1289/1289
f 1289/1289/1289 1290/1290/1290 1288/1288/1288
f 1290/1290/1290 1289/1289/1289 1291/1291/1291
f 1291/1291/1291 1292/1292/1292 1290/1290/1290
f 1292/1292/1292 1291/1291/1291 1293/1293/1293
f 1293/1293/1293 1294/1294/1294 1292/1292/1292
f 1294/1294/1294 1293/1293/1293 1295/1295/1295
f 1295/1295/1295 1296/1296/1296 1294/1294/1294
f 1296/1296/1296 1295/1295/1295 1297/1297/1297
f 1297/1297/1297 1298/1298/1298 1296/1296/1296
f 1298/1298/1298 1297/1297/1297 1299/1299/1299
f 1299/1299/1299 1300/1300/1300 1298/1298/1298
f 1300/1300/1300 1299/1299/1299 1301/1301/1301
f 1301/1301/1301 1302/1302/1302 1300/1300/1300
f 1302/1302/1302 1301/1301/1301 1303/1303/1303
f 1303/1303/1303 1304/1304/1304 1302/1302/1302
f 1304/1304/1304 1303/1303/1303 1305/1305/1305
f 1305/1305/1305 1306/1306/1306 1304/1304/1304
f 1306/1306/1306 1305/1305/1305 1307/1307/1307
f 1307/1307/1307 1308/1308/1308 1306/1306/1306
f 1308/1308/1308 1307/1307/1307 1309/1309/1309
f 1309/1309/1309 1310/1310/1310 1308/1308/1308
f 1310/1310/1310 1309/1309/1309 1311/1311/1311
f 1311/1311/1311 1312/1312/1312 1310/1310/1310
f 1312/1312/1312 1311/1311/1311 1313/1313/1313
f 1313/1313/1313 1314/1314/1314 1312/1312/1312
f 1314/1314/1314 1313/1313/1313 1315/1315/1315
f 1315/1315/1315 1316/1316/1316 1314/1314/1314
f 1316/1316/1316 1315/1315/1315 1317/1317/1317
f 1317/1317/1317 1318/1318/1318 1316/1316/1316
f 1318/1318/1318 1317/1317/1317 1319/1319/1319
f 1319/1319/1319 1320/1320/1320 1318/1318/1318
f 1320/1320/1320 1319/1319/1319 1226/1226/1226
f 1226/1226/1226 1227/1227/1227 1320/1320/1320
f 1321/1321/1321 1322/1322/1322 1323/1323/1323
f 1323/1323/1323 1324/1324/1324 1321/1321/1321
f 1325/1325/1325 1321/1321/1321 1324/1324/1324
f 1324/1324/1324 1326/1326/1326 1325/1325/1325
f 1327/1327/1327 1325/1325/1325 1326/1326/1326
f 1326/1326/1326 1328/1328/1328 1327/1327/1327
f 1329/1329/1329 1327/1327/1327 1328/1328/1328
f 1328/1328/1328 1330/1330/1330 1329/1329/1329
f 1331/1331/1331 1329/1329/1329 1330/1330/1330
f 1330/1330/1330 1332/1332/1332 1331/1331/1331
f 1333/1333/1333 1331/1331/1331 1332/1332/1332
f 1332/1332/1332 1334/1334/1334 1333/1333/1333
f 1335/1335/1335 1333/1333/1333 1334/1334/1334
f 1334/1334/1334 1336/1336/1336 1335/1335/1335
f 1337/1337/1337 1335/1335/1335 1336/1336/1336
f 1336/1336/1336 1338/1338/1338 1337/1337/1337
f 1339/1339/1339 1337/1337/1337 1338/1338/1338
f 1338/1338/1338 1340/1340/1340 1339/1339/1339
f 1341/1341/1341 1339/1339/1339 1340/1340/1340
f 1340/1340/1340 1342/1342/1342 1341/1341/1341
f 1343/1343/1343 1341/1341/1341 1342/1342/1342
f 1342/1342/1342 1344/1344/1344 1343/1343/1343
f 1345/1345/1345 1343/1343/1343 1344/1344/1344
f 1344/1344/1344 1346/1346/1346 1345/1345/1345
f 1347/1347/1347 1345/1345/1345 1346/1346/1346
f 1346/1346/1346 1348/1348/1348 1347/1347/1347
f 1349/1349/1349 1347/1347/1347 1348/1348/1348
f 1348/1348/1348 1350/1350/1350 1349/1349/1349
f 1351/1351/1351 1349/1349/1349 1350/1350/1350
f 1350/1350/1350 1352/1352/1352 1351/1351/1351
f 1353/1353/1353 1351/1351/1351 1352/1352/1352
f 1352/1352/1352 1354/1354/1354 1353/1353/1353
f 1355/1355/1355 1353/1353/1353 1354/1354/1354
f 1354/1354/1354 1356/1356/1356 1355/1355/1355
f 1357/1357/1357 1355/1355/1355 1356/1356/1356
f 1356/1356/1356 1358/1358/1358 1357/1357/1357
f 1359/1359/1359 1357/1357/1357 1358/1358/1358
f 1358/1358/1358 1360/1360/1360 1359/1359/1359
f 1361/1361/1361 1359/1359/1359 1360/1360/1360
f 1360/1360/1360 1362/1362/1362 1361/1361/1361
f 1363/1363/1363 1361/1361/1361 1362/1362/1362
f 1362/1362/1362 1364/1364/1364 1363/1363/1363
f 1365/1365/1365 1363/1363/1363 1364/1364/1364
f 1364/1364/1364 1366/1366/1366 1365/1365/1365
f 1367/1367/1367 1365/1365/1365 1366/1366/1366
f 1366/1366/1366 1368/1368/1368 1367/1367/1367
f 1369/1369/1369 1367/1367/1367 1368/1368/1368
f 1368/1368/1368 1370/1370/1370 1369/1369/1369
f 1371/1371/1371 1369/1369/1369 1370/1370/1370
f 1370/1370/1370 1372/1372/1372 1371/1371/1371
f 1373/1373/1373 1371/1371/1371 1372/1372/1372
f 1372/1372/1372 1374/1374/1374 1373/1373/1373
f 1375/1375/1375 1373/1373/1373 1374/1374/1374
f 1374/1374/1374 1376/1376/1376 1375/1375/1375
f 1377/1377/1377 1375/1375/1375 1376/1376/1376
f 1376/1376/1376 1378/1378/1378 1377/1377/1377
f 1379/1379/1379 1377/1377/1377 1378/1378/1378
f 1378/1378/1378 1380/1380/1380 1379/1379/1379
f 1381/1381/1381 1379/1379/1379 1380/1380/1380
f 1380/1380/1380 1382/1382/1382 1381/1381/1381
f 1383/1383/1383 1381/1381/1381 1382/1382/1382
f 1382/1382/1382 1384/1384/1384 1383/1383/1383
f 1385/1385/1385 1383/1383/1383 1384/1384/1384
f 1384/1384/1384 1386/1386/1386 1385/1385/1385
f 1387/1387/1387 1385/1385/1385 1386/1386/1386
f 1386/1386/1386 1388/1388/1388 1387/1387/1387
f 1389/1389/1389 1387/1387/1387 1388/1388/1388
f 1388/1388/1388 1390/1390/1390 1389/1389/1389
f 1391/1391/1391 1389/1389/1389 1390/1390/1390
f 1390/1390/1390 1392/1392/1392 1391/1391/1391
f 1393/1393/1393 1391/1391/1391 1392/1392/1392
f 1392/1392/1392 1394/1394/1394 1393/1393/1393
f 1395/1395/1395 1393/1393/1393 1394/1394/1394
f 1394/1394/1394 1396/1396/1396 1395/1395/1395
f 1397/1397/1397 1395/1395/1395 1396/1396/1396
f 1396/1396/1396 1398/1398/1398 1397/1397/1397
f 1399/1399/1399 1397/1397/1397 1398/1398/1398
f 1398/1398/1398 1400/1400/1400 1399/1399/1399
f 1401/1401/1401 1399/1399/1399 1400/1400/1400
f 1400/1400/1400 1402/1402/1402 1401/1401/1401
f 1403/1403/1403 1401/1401/1401 1402/1402/1402
f 1402/1402/1402 1404/1404/1404 1403/1403/1403
f 1405/1405/1405 1403/1403/1403 1404/1404/1404
f 1404/1404/1404 1406/1406/1406 1405/1405/1405
f 1407/1407/1407 1405/1405/1405 1406/1406/1406
f 1406/1406/1406 1408/1408/1408 1407/1407/1407
f 1409/1409/1409 1407/1407/1407 1408/1408/1408
f 1408/1408/1408 1410/1410/1410 1409/1409/1409
f 1411/1411/1411 1409/1409/1409 1410/1410/1410
f 1410/1410/1410 1412/1412/1412 1411/1411/1411
f 1413/1413/1413 1411/1411/1411 1412/1412/1412
f 1412/1412/1412 1414/1414/1414 1413/1413/1413
f 1415/1415/1415 1413/1413/1413 1414/1414/1414
f 1414/1414/1414 1416/1416/1416 1415/1415/1415
f 1322/1322/1322 1415/1415/1415 1416/1416/1416
f 1416/1416/1416 1323/1323/1323 1322/1322/1322
f 1417/1417/1417 1418/1418/1418 1419/1419/1419
f 1419/1419/1419 1420/1420/1420 1417/1417/1417
f 1418/1418/1418 1421/1421/1421 1422/1422/1422
f 1422/1422/1422 1419/1419/1419 1418/1418/1418
f 1421/1421/1421 1423/1423/1423 1424/1424/1424
f 1424/1424/1424 1422/1422/1422 1421/1421/1421
f 1423/1423/1423 1425/1425/1425 1426/1426/1426
f 1426/1426/1426 1424/1424/1424 1423/1423/1423
f 1425/1425/1425 1427/1427/1427 1428/1428/1428
f 1428/1428/1428 1426/1426/1426 1425/1425/1425
f 1427/1427/1427 1429/1429/1429 1430/1430/1430
f 1430/1430/1430 1428/1428/1428 1427/1427/1427
f 1429/1429/1429 1431/1431/1431 1432/1432/1432
f 1432/1432/1432 1430/1430/1430 1429/1429/1429
f 1431/1431/1431 1433/1433/1433 1434/1434/1434
f 1434/1434/1434 1432/1432/1432 1431/1431/1431
f 1433/1433/1433 1435/1435/1435 1436/1436/1436
f 1436/1436/1436 1434/1434/1434 1433/1433/1433
f 1435/1435/1435 1437/1437/1437 1438/1438/1438
f 1438/1438/1438 1436/1436/1436 1435/1435/1435
f 1437/1437/1437 1439/1439/1439 1440/1440/1440
f 1440/1440/1440 1438/1438/1438 1437/1437/1437
f 1439/1439/1439 1441/1441/1441 1442/1442/1442
f 1442/1442/1442 1440/1440/1440 1439/1439/1439
f 1441/1441/1441 1443/1443/1443 1444/1444/1444
f 1444/1444/1444 1442/1442/1442 1441/1441/1441
f 1443/1443/1443 1445/1445/1445 1446/1446/1446
f 1446/1446/1446 1444/1444/1444 1443/1443/1443
f 1445/1445/1445 1447/1447/1447 1448/1448/1448
f 1448/1448/1448 1446/1446/1446 1445/1445/1445
f 1447/1447/1447 1449/1449/1449 1450/1450/1450
f 1450/1450/1450 1448/1448/1448 1447/1447/1447
f 1449/1449/1449 1451/1451/1451 1452/1452/1452
f 1452/1452/1452 1450/1450/1450 1449/1449/1449
f 1451/1451/1451 1453/1453/1453 1454/1454/1454
f 1454/1454/1454 1452/1452/1452 1451/1451/1451
f 1453/1453/1453 1455/1455/1455 1456/1456/1456
f 1456/1456/1456 1454/1454/1454 1453/1453/1453
f 1455/1455/1455 1457/1457/1457 1458/1458/1458
f 1458/1458/1458 1456/1456/1456 1455/1455/1455
f 1457/1457/1457 1459/1459/1459 1460/1460/1460
f 1460/1460/1460 1458/1458/1458 1457/1457/1457
f 1459/1459/1459 1461/1461/1461 1462/1462/1462
f 1462/1462/1462 1460/1460/1460 1459/1459/1459
f 1461/1461/1461 1463/1463/1463 1464/1464/1464
f 1464/1464/1464 1462/1462/1462 1461/1461/1461
f 1463/1463/1463 1465/1465/1465 1466/1466/1466
f 1466/1466/1466 1464/1464/1464 1463/1463/1463
f 1465/1465/1465 1467/1467/1467 1468/1468/1468
f 1468/1468/1468 1466/1466/1466 1465/1465/1465
f 1467/1467/1467 1469/1469/1469 1470/1470/1470
f 1470/1470/1470 1468/1468/1468 1467/1467/1467
f 1469/1469/1469 1471/1471/1471 1472/1472/1472
f 1472/1472/1472 1470/1470/1470 1469/1469/1469
f 1471/1471/1471 1473/1473/1473 1474/1474/1474
f 1474/1474/1474 1472/1472/1472 1471/1471/1471
f 1473/1473/1473 1475/1475/1475 1476/1476/1476
f 1476/1476/1476 1474/1474/1474 1473/1473/1473
f 1475/1475/1475 1477/1477/1477 1478/1478/1478
f 1478/1478/1478 1476/1476/1476 1475/1475/1475
f 1477/1477/1477 1479/1479/1479 1480/1480/1480
f 1480/1480/1480 1478/1478/1478 1477/1477/1477
f 1479/1479/1479 1481/1481/1481 1482/1482/1482
f 1482/1482/1482 1480/1480/1480 1479/1479/1479
f 1481/1481/1481 1483/1483/1483 1484/1484/1484
f 1484/1484/1484 1482/1482/1482 1481/1481/1481
f 1483/1483/1483 1485/1485/1485 1486/1486/1486
f 1486/1486/1486 1484/1484/1484 1483/1483/1483
f 1485/1485/1485 1487/1487/1487 1488/1488/1488
f 1488/1488/1488 1486/1486/1486 1485/1485/1485
f 1487/1487/1487 1489/1489/1489 1490/1490/1490
f 1490/1490/1490 1488/1488/1488 1487/1487/1487
f 1489/1489/1489 1491/1491/1491 1492/1492/1492
f 1492/1492/1492 1490/1490/1490 1489/1489/1489
f 1491/1491/1491 1493/1493/1493 1494/1494/1494
f 1494/1494/1494 1492/1492/1492 1491/1491/1491
f 1493/1493/1493 1495/1495/1495 1496/1496/1496
f 1496/1496/1496 1494/1494/1494 1493/1493/1493
f 1495/1495/1495 1497/1497/1497 1498/1498/1498
f 1498/1498/1498 1496/1496/1496 1495/1495/1495
f 1497/1497/1497 1499/1499/1499 1500/1500/1500
f 1500/1500/1500 1498/1498/1498 1497/1497/1497
f 1499/1499/1499 1501/1501/1501 1502/1502/1502
f 1502/1502/1502 1500/1500/1500 1499/1499/1499
f 1501/1501/1501 1503/1503/1503 1504/1504/1504
f 1504/1504/1504 1502/1502/1502 1501/1501/1501
f 1503/1503/1503 1505/1505/1505 1506/1506/1506
f 1506/1506/1506 1504/1504/1504 1503/1503/1503
f 1505/1505/1505 1507/1507/1507 1508/1508/1508
f 1508/1508/1508 1506/1506/1506 1505/1505/1505
f 1507/1507/1507 1509/1509/1509 1510/1510/1510
f 1510/1510/1510 1508/1508/1508 1507/1507/1507
f 1509/1509/1509 1511/1511/1511 1512/1512/1512
f 1512/1512/1512 1510/1510/1510 1509/1509/1509
f 1511/1511/1511 1417/1417/1417 1420/1420/1420
f 1420/1420/1420 1512/1512/1512 1511/1511/1511
