mtllib tile_round_corner3*3_marcaroni_medium_azure.mtl
v 7.999965 40.96002 -39.00009
v 7.99997 40.67303 -34.64608
v 7.999968 43.62203 -34.25809
v 7.999966 43.73603 -36.00009
v 7.999976 39.62704 -29.38308
v 7.999974 42.50004 -28.61309
v 7.999983 37.90405 -24.29908
v 7.999978 41.51204 -25.69909
v 7.999976 42.14704 -27.57309
v 7.99999 35.52806 -19.48707
v 7.999981 40.65205 -23.16108
v 7.999989 38.10406 -18.00008
v 7.999993 36.34506 -15.36407
v 7.999995 33.30906 -16.16107
v 7.999996 34.34306 -14.34307
v 7.999955 56.23603 -36.00011
v 7.999949 58.95102 -39.00012
v 7.999958 56.01403 -32.62711
v 7.99996 55.74604 -31.27811
v 7.999961 56.00004 -30.00011
v 7.999964 55.54304 -27.70411
v 7.999965 54.82104 -26.62211
v 7.999967 54.57304 -25.37811
v 7.999975 54.52506 -17.41411
v 7.999976 52.20006 -18.3771
v 7.999978 51.39406 -16.7441
v 7.999978 53.55507 -15.44711
v 7.999965 57.00405 -24.72611
v 7.999956 58.50903 -32.29812
v 8.000005 39.9511 -0.04907467
v 8.000006 41.7311 1.730921
v 7.999995 46.82409 -4.071088
v 7.999997 43.85809 -4.499084
v 7.999994 47.04909 -4.40909
v 7.999994 45.65708 -5.657089
v 7.999975 43.06204 -27.39109
v 7.999978 42.29604 -25.54309
v 7.999995 36.93907 -12.60907
v 7.999993 37.70406 -14.45708
v 3.999988 38.10405 -18.00007
v 3.999993 36.34506 -15.36407
v 3.999992 37.70406 -14.45707
v 3.999977 42.29604 -25.54308
v 3.999978 41.51204 -25.69908
v 3.999981 40.65205 -23.16108
v 6.999994 32.74306 -17.15707
v 3.999994 32.74306 -17.15706
v 3.999995 34.34306 -14.34306
v 6.999995 33.30906 -16.16107
v 7.999996 34.34306 -14.34307
v 7.999995 33.30906 -16.16107
v 6.999978 53.55507 -15.4471
v 3.999978 51.39405 -16.7441
v 3.999977 54.39906 -14.9411
v 6.999977 54.39906 -14.9411
v 7.999978 53.55507 -15.44711
v 7.999978 51.39406 -16.7441
v 7.999995 43.06208 -7.391085
v 7.999998 42.29608 -5.54308
v 4.000004 35.75708 -4.243064
v 4.000005 39.95109 -0.04907067
v 3.999997 43.85808 -4.49908
v 3.999997 42.29608 -5.543076
v 3.999994 47.78708 -3.747088
v 3.999994 45.65708 -5.657084
v 6.999994 47.04908 -4.409089
v 6.999994 47.78709 -3.747091
v 7.999994 45.65708 -5.657089
v 7.999994 47.04909 -4.40909
v 3.99996 56.00003 -30.00011
v 3.999959 55.74603 -31.27811
v 3.999965 54.82104 -26.62211
v 3.999963 55.54304 -27.70411
v 3.999975 52.20005 -18.3771
v 3.999981 47.39106 -16.93809
v 3.999985 45.65706 -14.34309
v 3.999978 51.39405 -16.7441
v 3.999966 54.57304 -25.37811
v 3.999978 48.00005 -20.00009
v 3.999975 47.39104 -23.06109
v 3.999974 45.65704 -25.65709
v 3.999958 56.01403 -32.62711
v 3.999974 43.06204 -27.39108
v 3.999974 42.50003 -28.61308
v 3.999975 42.14704 -27.57308
v 3.999954 56.23602 -36.00011
v 3.999965 43.73602 -36.00009
v 3.999967 43.62202 -34.25809
v 3.999984 51.96007 -10.0001
v 3.999977 54.39906 -14.9411
v 3.999994 45.65708 -5.657084
v 3.999994 47.78708 -3.747088
v 3.999993 40.00006 -12.00007
v 3.999995 36.93906 -12.60907
v 4 36.93908 -7.391069
v 3.999997 40.00007 -8.000072
v 3.999989 43.06106 -12.60908
v 3.999995 43.06208 -7.391081
v 3.999996 31.73606 -15.64806
v 4.000003 28.28406 -11.71605
v 4.000004 34.34307 -5.657063
v 3.999995 34.34306 -14.34306
v 3.999994 32.74306 -17.15706
v 6.99999 35.52805 -19.48707
v 6.99999 34.64005 -20.00007
v 6.999994 32.74306 -17.15707
v 6.999995 33.30906 -16.16107
v 6.999948 59.01702 -40.00012
v 6.999964 41.02601 -40.00008
v 6.999965 40.96002 -39.00008
v 6.999949 58.95102 -39.00012
v 6.999974 55.43406 -17.03811
v 6.999975 54.52506 -17.41411
v 6.999978 53.55507 -15.4471
v 6.999977 54.39906 -14.9411
v 6.999994 47.78709 -3.747091
v 6.999994 47.04908 -4.409089
v 6.999995 46.82409 -4.071087
v 6.999995 47.60409 -3.47209
v 7.000005 42.4261 2.425921
v 7.000005 41.73109 1.730922
v -3.576279E-05 40.00001 -40.00008
v 6.999965 40.00002 -40.00008
v 6.999964 41.02601 -40.00008
v 6.999948 59.01702 -40.00012
v -5.364418E-05 60.00001 -40.00011
v 6.999947 60.00002 -40.00012
v 7.999974 42.49924 -28.61079
v 3.999974 42.49923 -28.61078
v 3.999967 43.62202 -34.26019
v 7.999968 43.62203 -34.26019
v 3.999975 42.14344 -27.57298
v 3.999974 42.50343 -28.61298
v 7.999974 42.50344 -28.61299
v 7.999976 42.14344 -27.57299
v 7.999966 43.73903 -35.99909
v 7.999968 43.61903 -34.25909
v 3.999967 43.61902 -34.25909
v 3.999965 43.73903 -35.99909
v 3.999981 40.65255 -23.16318
v 7.999981 40.65255 -23.16318
v 7.999989 38.10316 -17.99818
v 3.999988 38.10315 -17.99817
v 7.999978 41.51184 -25.70028
v 7.999981 40.65185 -23.16028
v 3.999981 40.65184 -23.16028
v 3.999978 41.51184 -25.70028
v 3.999993 36.34476 -15.36227
v 3.999988 38.10476 -18.00227
v 7.999989 38.10476 -18.00228
v 7.999993 36.34476 -15.36227
v 7.999966 43.73643 -36.00009
v 3.999965 43.73642 -36.00009
v 3.999954 56.23642 -36.00011
v 7.999955 56.23643 -36.00011
v 3.999954 56.23532 -36.00341
v 3.999958 56.01533 -32.62341
v 7.999958 56.01534 -32.62341
v 7.999955 56.23533 -36.00341
v 7.99996 55.75014 -31.28221
v 7.999958 56.01014 -32.62221
v 3.999958 56.01013 -32.62221
v 3.999959 55.75013 -31.28221
v 3.99996 55.99974 -30.00141
v 7.999961 55.99974 -30.00141
v 7.99996 55.74634 -31.27641
v 3.999959 55.74633 -31.27641
v 7.999961 55.99994 -29.99951
v 3.99996 55.99994 -29.99951
v 3.999963 55.54354 -27.70451
v 7.999964 55.54354 -27.70451
v 7.999964 55.54334 -27.70361
v 3.999963 55.54333 -27.70361
v 3.999965 54.82094 -26.6228
v 7.999965 54.82095 -26.62281
v 3.999965 54.81714 -26.6202
v 3.999966 54.57714 -25.38021
v 7.999967 54.57715 -25.38021
v 7.999965 54.81715 -26.62021
v 7.999967 54.57475 -25.38181
v 3.999966 54.57475 -25.3818
v 3.999975 52.19916 -18.3736
v 7.999976 52.19916 -18.3736
v 7.999978 51.39726 -16.7407
v 7.999976 52.19726 -18.3807
v 3.999975 52.19726 -18.3807
v 3.999978 51.39725 -16.7407
v 3.999997 43.85488 -4.50418
v 4.000005 39.95489 -0.0441726
v 8.000005 39.9549 -0.0441766
v 7.999997 43.85489 -4.504184
v 7.999992 38.44703 -14.20469
v 7.999995 37.92936 -12.2729
v 7.999995 36.93847 -12.60887
v 7.999992 39.2168 -14.05145
v 7.999994 38.95572 -12.06857
v 7.999991 40.00007 -13.99977
v 7.999993 40.00007 -11.99967
v 7.99999 40.78326 -14.0514
v 7.999992 41.04433 -12.0685
v 7.99999 41.55309 -14.20402
v 7.999991 42.07076 -12.272
v 7.999989 42.29617 -14.4567
v 7.99999 43.06153 -12.60891
v 7.999988 43.00027 -14.80346
v 7.999989 44.00034 -13.07125
v 7.999987 43.65255 -15.23988
v 7.999987 44.87005 -13.65314
v 7.999986 44.24286 -15.75717
v 7.999986 45.65712 -14.34286
v 7.999985 44.76018 -16.34756
v 7.999984 46.34688 -15.13005
v 7.999983 45.19613 -17.00022
v 7.999983 46.92816 -16.00027
v 7.999982 45.54346 -17.70389
v 7.999982 47.39126 -16.93849
v 7.999981 45.79544 -18.44705
v 7.99998 47.72723 -17.92937
v 7.99998 45.94868 -19.21682
v 7.999979 47.93156 -18.95574
v 7.99998 46.00036 -20.00009
v 7.999978 48.00046 -20.0001
v 7.999979 45.94874 -20.78328
v 7.999977 47.93163 -21.04435
v 7.999979 45.79611 -21.55311
v 7.999976 47.72813 -22.07079
v 7.999978 45.54343 -22.29619
v 7.999976 47.39122 -23.06156
v 7.999978 45.19668 -23.0003
v 7.999975 46.92889 -24.00037
v 7.999977 44.76026 -23.65257
v 7.999975 46.34699 -24.87007
v 7.999977 44.24297 -24.24288
v 7.999974 45.65727 -25.65715
v 7.999977 43.65258 -24.7602
v 7.999975 44.87009 -26.34691
v 7.999977 42.99991 -25.19616
v 7.999975 43.99986 -26.92819
v 7.999993 37.70647 -14.45507
v 3.999992 37.70646 -14.45507
v 3.999993 36.34286 -15.36607
v 7.999993 36.34286 -15.36607
v 3.999992 38.44711 -14.2048
v 3.999992 37.70396 -14.45677
v 7.999993 37.70396 -14.45677
v 7.999992 38.44712 -14.20481
v 3.999991 39.21687 -14.05157
v 7.999992 39.21687 -14.05157
v 3.999991 40.00011 -13.9999
v 7.999991 40.00012 -13.99991
v 3.99999 40.78329 -14.05153
v 7.99999 40.78329 -14.05153
v 3.999989 41.5531 -14.20416
v 7.99999 41.5531 -14.20416
v 3.999988 42.29616 -14.45684
v 7.999989 42.29617 -14.45684
v 3.999987 43.00025 -14.80359
v 7.999988 43.00025 -14.8036
v 3.999986 43.65251 -15.24001
v 7.999987 43.65251 -15.24001
v 3.999985 44.2428 -15.7573
v 7.999986 44.2428 -15.7573
v 3.999984 44.7601 -16.34768
v 7.999985 44.76011 -16.34768
v 3.999983 45.19604 -17.00033
v 7.999983 45.19605 -17.00034
v 3.999982 45.54336 -17.70399
v 7.999982 45.54336 -17.70399
v 3.999981 45.79532 -18.44713
v 7.999981 45.79533 -18.44714
v 3.99998 45.94856 -19.21689
v 7.99998 45.94856 -19.21689
v 3.999979 46.00023 -20.00014
v 7.99998 46.00023 -20.00014
v 3.999979 45.9486 -20.78332
v 7.999979 45.9486 -20.78332
v 3.999978 45.79597 -21.55312
v 7.999979 45.79597 -21.55313
v 3.999977 45.54329 -22.29618
v 7.999978 45.54329 -22.29619
v 3.999977 45.19653 -23.00027
v 7.999978 45.19654 -23.00028
v 3.999977 44.76012 -23.65253
v 7.999977 44.76012 -23.65254
v 3.999977 44.24283 -24.24282
v 7.999977 44.24284 -24.24283
v 3.999977 43.65245 -24.76013
v 7.999977 43.65245 -24.76013
v 3.999977 42.9998 -25.19607
v 7.999977 42.9998 -25.19607
v 3.999977 42.29614 -25.54338
v 7.999978 42.29615 -25.54339
v 7.999978 41.51175 -25.69948
v 3.999978 41.51174 -25.69948
v 3.999977 42.9998 -25.19607
v 3.999992 38.44711 -14.2048
v 3.999977 43.65245 -24.76013
v 3.999991 39.21687 -14.05157
v 3.999977 44.24283 -24.24282
v 3.999991 40.00011 -13.9999
v 3.999977 44.76012 -23.65253
v 3.99999 40.78329 -14.05153
v 3.999977 45.19653 -23.00027
v 3.999989 41.5531 -14.20416
v 3.999977 45.54329 -22.29618
v 3.999988 42.29616 -14.45684
v 3.999978 45.79597 -21.55312
v 3.999987 43.00025 -14.80359
v 3.999979 45.9486 -20.78332
v 3.999986 43.65251 -15.24001
v 3.999979 46.00023 -20.00014
v 3.999985 44.2428 -15.7573
v 3.99998 45.94856 -19.21689
v 3.999984 44.7601 -16.34768
v 3.999981 45.79532 -18.44713
v 3.999983 45.19604 -17.00033
v 3.999982 45.54336 -17.70399
v 7.999996 34.34367 -14.34267
v 3.999995 34.34366 -14.34266
v 3.999995 36.93806 -12.60947
v 7.999995 36.93807 -12.60947
v 3.999994 37.92942 -12.27311
v 7.999995 37.92943 -12.27311
v 3.999994 38.95575 -12.06879
v 7.999994 38.95576 -12.06879
v 3.999993 40.00008 -11.99989
v 7.999993 40.00009 -11.9999
v 3.999992 41.04431 -12.06872
v 7.999992 41.04432 -12.06873
v 3.999991 42.07071 -12.27222
v 7.999991 42.07072 -12.27222
v 3.999989 43.06145 -12.60912
v 7.99999 43.06146 -12.60912
v 3.999988 44.00024 -13.07145
v 7.999989 44.00025 -13.07145
v 3.999987 44.86992 -13.65332
v 7.999987 44.86993 -13.65333
v 3.999985 45.65697 -14.34303
v 7.999986 45.65698 -14.34303
v 3.999984 46.34671 -15.13019
v 7.999984 46.34671 -15.1302
v 3.999983 46.92797 -16.00039
v 7.999983 46.92797 -16.00039
v 3.999981 47.39106 -16.93859
v 7.999982 47.39106 -16.93859
v 3.99998 47.72702 -17.92944
v 7.99998 47.72702 -17.92945
v 3.999979 47.93134 -18.95578
v 7.999979 47.93134 -18.95578
v 3.999978 48.00024 -20.00011
v 7.999978 48.00024 -20.00011
v 3.999977 47.9314 -21.04433
v 7.999977 47.93141 -21.04434
v 3.999976 47.72791 -22.07074
v 7.999976 47.72791 -22.07074
v 3.999975 47.39101 -23.06148
v 7.999976 47.39101 -23.06149
v 3.999974 46.92868 -24.00027
v 7.999975 46.92868 -24.00027
v 3.999974 46.3468 -24.86995
v 7.999975 46.34681 -24.86995
v 3.999974 45.6571 -25.657
v 7.999974 45.6571 -25.657
v 3.999974 44.86993 -26.34674
v 7.999975 44.86994 -26.34674
v 3.999974 43.99973 -26.928
v 7.999975 43.99974 -26.928
v 3.999974 43.06154 -27.39108
v 7.999975 43.06154 -27.39109
v 7.999975 43.06534 -27.39039
v 3.999974 43.06534 -27.39038
v 3.999975 42.14334 -27.57378
v 7.999976 42.14334 -27.57379
v 8.000004 36.34755 -4.760144
v 8.000003 35.13004 -6.346835
v 8.000005 34.34328 -5.656865
v 8.000005 35.75748 -4.242667
v 8.000003 37.00011 -5.196173
v 8.000002 36.00012 -6.928204
v 8.000002 37.70401 -5.543293
v 8.000001 36.93864 -7.391036
v 8.000001 38.44719 -5.795571
v 8 37.92955 -7.727406
v 8 39.21693 -5.948687
v 7.999998 38.95588 -7.931555
v 7.999999 40.00008 -6.000019
v 7.999997 40.00008 -8.000001
v 7.999999 40.78323 -5.94869
v 7.999996 41.04428 -7.931559
v 7.999998 41.55298 -5.795577
v 7.999996 42.07061 -7.727414
v 7.999995 43.06152 -7.391047
v 8.000005 35.75748 -4.242667
v 8.000004 36.34763 -4.759842
v 4.000003 36.34763 -4.759839
v 4.000004 35.75748 -4.242663
v 8.000003 37.00014 -5.195982
v 4.000002 37.00014 -5.195978
v 8.000002 37.70399 -5.543453
v 4.000001 37.70398 -5.543448
v 8.000001 38.44729 -5.795465
v 4 38.44729 -5.79546
v 8 39.2169 -5.949049
v 4 39.21689 -5.949046
v 7.999999 40.00008 -5.999962
v 3.999999 40.00008 -5.999958
v 7.999999 40.78327 -5.949052
v 3.999998 40.78326 -5.949049
v 7.999998 41.55288 -5.79547
v 3.999998 41.55287 -5.795466
v 7.999998 42.29618 -5.543461
v 3.999997 42.29618 -5.543458
v 8.000005 34.34319 -5.656964
v 8.000003 35.13005 -6.346545
v 4.000003 35.13005 -6.34654
v 4.000004 34.34318 -5.65696
v 8.000002 36.00009 -6.928074
v 4.000001 36.00008 -6.92807
v 8.000001 36.93856 -7.391375
v 4 36.93856 -7.391371
v 8 37.92965 -7.727398
v 3.999999 37.92965 -7.727394
v 7.999998 38.95581 -7.932181
v 3.999998 38.95581 -7.932177
v 7.999997 40.00008 -8.000066
v 3.999997 40.00007 -8.000061
v 7.999996 41.04435 -7.932185
v 3.999996 41.04434 -7.932181
v 7.999996 42.07051 -7.727406
v 3.999995 42.0705 -7.727402
v 7.999995 43.0616 -7.391387
v 3.999995 43.06159 -7.391383
v 3.999997 43.85888 -4.499279
v 7.999997 43.85889 -4.499282
v 7.999998 42.29568 -5.543683
v 3.999997 42.29568 -5.543679
v 7.999994 45.65628 -5.65739
v 3.999994 45.65628 -5.657386
v 4.000002 37.00014 -5.195978
v 4.000003 36.34763 -4.759839
v 4.000001 37.70398 -5.543448
v 4 38.44729 -5.79546
v 4 39.21689 -5.949046
v 3.999999 40.00008 -5.999958
v 3.999998 40.78326 -5.949049
v 3.999998 41.55287 -5.795466
v 7.499994 39.00007 -12.19887
v 7.499998 39.00008 -7.801275
v 7.499997 41.00008 -7.801279
v 7.499992 41.00007 -12.19888
v 7.499994 39.00007 -12.19887
v 3.999993 39.00006 -12.19887
v 3.999998 39.00008 -7.801272
v 7.499998 39.00008 -7.801275
v 7.499997 41.00008 -7.801279
v 3.999996 41.00008 -7.801276
v 3.999992 41.00006 -12.19887
v 7.499992 41.00007 -12.19888
v 6.999965 40.95622 -39.00319
v 6.99997 40.67623 -34.64318
v 7.99997 40.67623 -34.64318
v 7.999965 40.95622 -39.00319
v 7.99997 40.67223 -34.64309
v 6.99997 40.67223 -34.64308
v 6.999976 39.62724 -29.38588
v 7.999976 39.62724 -29.38588
v 7.999976 39.62543 -29.37928
v 6.999976 39.62543 -29.37928
v 6.999983 37.90485 -24.30288
v 7.999983 37.90485 -24.30288
v 7.999983 37.90215 -24.29668
v 6.999983 37.90215 -24.29668
v 6.99999 35.52975 -19.49027
v 7.99999 35.52976 -19.49027
v 7.999995 33.30866 -16.16427
v 7.99999 35.52866 -19.48427
v 6.99999 35.52866 -19.48427
v 6.999995 33.30866 -16.16426
v 6.999965 40.95972 -39.00008
v 7.999965 40.95972 -39.00009
v 7.999949 58.95072 -39.00012
v 6.999949 58.95072 -39.00012
v 7.999949 58.94992 -38.99932
v 7.999956 58.50993 -32.29932
v 6.999956 58.50993 -32.29932
v 6.999949 58.94992 -38.99932
v 6.999956 58.50913 -32.29842
v 7.999956 58.50913 -32.29842
v 7.999965 57.00415 -24.72661
v 6.999965 57.00415 -24.72661
v 7.999975 54.52566 -17.41481
v 6.999975 54.52566 -17.41481
v 6.999978 53.55006 -15.451
v 6.999975 54.53006 -17.41101
v 7.999975 54.53006 -17.41101
v 7.999978 53.55006 -15.45101
v 7.999994 47.04669 -4.409887
v 7.999995 46.82669 -4.06989
v 6.999995 46.82669 -4.06989
v 6.999994 47.04668 -4.409886
v 8.000006 41.7306 1.730521
v 7.000005 41.73059 1.730522
v 6.999995 46.82399 -4.070889
v 7.999995 46.82399 -4.07089
v 6.999965 39.99841 -40.00008
v 6.99997 39.65444 -34.78029
v 6.99997 40.67122 -34.64645
v 6.999964 41.02401 -40.00008
v 6.999977 38.63449 -29.64849
v 6.999976 39.62512 -29.38307
v 6.999983 36.95457 -24.69269
v 6.999983 37.90212 -24.30019
v 6.99999 34.63866 -20.00087
v 6.99999 35.52684 -19.48807
v 6.999948 59.01602 -40.00012
v 6.999956 58.5085 -32.29853
v 6.999956 59.48364 -32.17017
v 6.999947 59.99962 -40.00012
v 6.999965 57.0036 -24.72677
v 6.999965 57.95366 -24.47222
v 6.999975 54.52494 -17.41468
v 6.999994 32.74146 -17.15837
v 6.99999 34.64145 -19.99837
v 3.99999 34.64145 -19.99837
v 3.999994 32.74146 -17.15836
v 6.999965 40.00002 -40.00008
v 6.99997 39.65602 -34.78008
v 3.99997 39.65602 -34.78008
v 3.999965 40.00001 -40.00008
v 6.999977 38.63604 -29.64808
v 3.999976 38.63604 -29.64808
v 6.999983 36.95605 -24.69207
v 3.999983 36.95604 -24.69207
v 6.99999 34.64005 -20.00007
v 3.99999 34.64005 -20.00006
v -3.576279E-05 40.00001 -40.00008
v -3.023522E-05 39.65602 -34.78008
v -2.419128E-05 38.63603 -29.64807
v -1.773324E-05 36.95604 -24.69207
v -1.097057E-05 34.64005 -20.00006
v 3.999996 31.73606 -15.64806
v -4.022193E-06 31.73605 -15.64806
v 4.000003 28.28406 -11.71605
v 2.996136E-06 28.28406 -11.71605
v 3.999955 59.48403 -32.17012
v 3.999947 60.00002 -40.00012
v 6.999947 60.00002 -40.00012
v 6.999956 59.48404 -32.17012
v 3.999964 57.95404 -24.47211
v 6.999965 57.95405 -24.47211
v 3.999974 55.43406 -17.03811
v 6.999974 55.43406 -17.03811
v 6.999977 54.39846 -14.9405
v 3.999977 54.39846 -14.9405
v 3.999974 55.43446 -17.03871
v 6.999974 55.43446 -17.03871
v 6.999994 47.78579 -3.749689
v 6.999995 47.60579 -3.46969
v 3.999995 47.60579 -3.469687
v 3.999994 47.78579 -3.749686
v 6.999995 47.60509 -3.473089
v 7.000005 42.4251 2.426924
v 4.000005 42.42509 2.426927
v 3.999995 47.60508 -3.473086
v -5.364418E-05 60.00001 -40.00011
v -4.535284E-05 59.48403 -32.17011
v -3.628691E-05 57.95404 -24.47211
v -2.659986E-05 55.43406 -17.0381
v 3.999984 51.96007 -10.0001
v -1.645586E-05 51.96007 -10.00009
v 3.999995 47.60408 -3.472086
v -6.033289E-06 47.60408 -3.472082
v 4.000005 42.42609 2.425924
v 4.494205E-06 42.42609 2.425928
v 8.000039 5.742097 3.621989
v 8.000037 5.354092 0.6729918
v 8.000041 1.000091 0.959999
v 8.000041 4.000097 3.735995
v 8.000033 11.3871 2.49998
v 8.000031 10.61709 -0.37302
v 8.000032 12.4271 2.146978
v 8.00003 14.30109 1.511972
v 8.000025 15.70109 -2.09603
v 8.000027 16.83909 0.6519699
v 8.000018 20.51308 -4.472039
v 8.000019 22.00009 -1.896041
v 8.000015 24.63609 -3.655049
v 8.000013 23.83908 -6.691048
v 8.000012 25.65708 -5.657051
v 8.000053 4.000121 16.236
v 8.000059 1.000126 18.951
v 8.000048 10.00012 15.99999
v 8.000049 8.722121 15.74599
v 8.000051 7.373121 16.01399
v 8.000043 14.62212 14.57298
v 8.000044 13.37812 14.82098
v 8.000046 12.29612 15.54298
v 8.000035 22.58612 14.52496
v 8.000033 21.62312 12.19996
v 8.000031 23.25611 11.39396
v 8.000032 24.55312 13.55496
v 8.000052 7.702126 18.50899
v 8.000044 15.27412 17.00397
v 8.000015 35.92911 6.823932
v 8.000013 35.5011 3.857933
v 8.000016 35.59111 7.048935
v 8.000016 34.3431 5.656935
v 8.000032 12.6091 3.061978
v 8.000031 14.4571 2.295972
v 8.000016 25.54309 -2.296049
v 8.000013 27.39109 -3.061052
v 4.000015 25.54308 -2.296045
v 4.000015 24.63608 -3.655045
v 4.000019 22.00008 -1.896037
v 4.000026 16.83909 0.6519739
v 4.000029 14.30109 1.511976
v 4.00003 14.45709 2.295976
v 4.000012 25.65708 -5.657046
v 4.000013 22.84307 -7.25704
v 7.000013 22.84307 -7.257043
v 7.000013 23.83908 -6.691047
v 8.000012 25.65708 -5.657051
v 8.000013 23.83908 -6.691048
v 4.000032 25.05911 14.39896
v 4.000031 23.25611 11.39396
v 7.000032 24.55312 13.55496
v 7.000033 25.05912 14.39896
v 8.000032 24.55312 13.55496
v 8.000031 23.25611 11.39396
v 8.000012 34.4571 2.295934
v 8.000015 32.6091 3.06194
v 4.000012 35.50109 3.857936
v 4.000012 34.45709 2.295938
v 7.000016 35.59111 7.048936
v 4.000015 34.3431 5.656939
v 4.000016 36.2531 7.786937
v 7.000016 36.25311 7.786934
v 8.000016 35.59111 7.048935
v 8.000016 34.3431 5.656935
v 4.000043 13.37811 14.82098
v 4.000049 8.722116 15.74599
v 4.000048 10.00012 15.99999
v 4.000045 12.29612 15.54298
v 4.000023 25.6571 5.656956
v 4.000027 23.0621 7.390962
v 4.000033 21.62311 12.19996
v 4.000031 23.25611 11.39396
v 4.000031 20.0001 7.999969
v 4.000042 14.62211 14.57298
v 4.000033 16.9391 7.390974
v 4.000033 14.3431 5.656977
v 4.000032 12.60909 3.061982
v 4.00005 7.373116 16.014
v 4.000031 12.42709 2.146982
v 4.000033 11.38709 2.499984
v 4.000039 5.742092 3.621993
v 4.000041 4.000093 3.735999
v 4.000053 4.000116 16.236
v 4.000032 25.05911 14.39896
v 4.000026 30.00011 11.95995
v 4.000015 34.3431 5.656939
v 4.000016 36.2531 7.786937
v 4.000008 32.60908 -3.061058
v 4.000013 27.39108 -3.061049
v 4.000015 28.00009 -4.801541E-05
v 4.000012 32.00009 -5.566572E-05
v 4.000019 27.39109 3.060951
v 4.000014 32.60909 3.061944
v 4.00001 24.35207 -8.264043
v 4.000012 25.65708 -5.657046
v 4.000013 22.84307 -7.25704
v 7.000013 22.84307 -7.257043
v 7.000018 20.00008 -5.360038
v 7.000018 20.51308 -4.472038
v 7.000013 23.83908 -6.691047
v 7.000041 1.00009 0.9599999
v 7.000042 9.030697E-05 1.026
v 7.00006 0.0001247161 19.01701
v 7.000059 1.000125 18.95101
v 7.000032 24.55312 13.55496
v 7.000035 22.58612 14.52496
v 7.000036 22.96212 15.43396
v 7.000033 25.05912 14.39896
v 7.000016 35.92911 6.823933
v 7.000016 35.59111 7.048936
v 7.000016 36.25311 7.786934
v 7.000016 36.52811 7.603935
v 7.000042 9.030697E-05 1.026
v 7.000041 8.834466E-05 2.536729E-06
v 4.000001E-05 8.000001E-05 9.536743E-06
v 7.00006 0.0001247161 19.01701
v 6.000001E-05 0.0001182516 20.00002
v 7.000061 0.0001265962 20.00001
v 8.000033 11.3894 2.499179
v 4.000033 11.38939 2.499183
v 4.000039 5.739992 3.621997
v 8.000039 5.739997 3.621993
v 4.000031 12.42719 2.143381
v 4.000033 11.38719 2.503383
v 8.000033 11.3872 2.503379
v 8.000032 12.42719 2.143377
v 8.000041 4.001097 3.738997
v 8.000039 5.741097 3.618991
v 4.000039 5.741092 3.618995
v 4.000041 4.001092 3.739001
v 4.000026 16.83699 0.6524736
v 8.000027 16.83699 0.6524696
v 8.000019 22.00199 -1.896941
v 4.000019 22.00198 -1.896937
v 8.00003 14.2999 1.511773
v 8.000027 16.83989 0.6517677
v 4.000026 16.83989 0.6517717
v 4.000029 14.29989 1.511777
v 4.000015 24.63788 -3.655343
v 4.000019 21.99788 -1.895335
v 8.000019 21.99789 -1.895339
v 8.000015 24.63789 -3.655347
v 8.000041 4.000097 3.736395
v 4.000041 4.000093 3.736399
v 4.000053 4.000116 16.2364
v 8.000053 4.000121 16.2364
v 4.000053 3.996816 16.2353
v 4.00005 7.376816 16.0153
v 8.000051 7.376821 16.01529
v 8.000053 3.996821 16.2353
v 8.000049 8.718021 15.75009
v 8.000051 7.378021 16.01009
v 4.00005 7.378016 16.0101
v 4.000049 8.718017 15.75009
v 4.000048 9.998816 15.99969
v 8.000048 9.998821 15.99969
v 8.000049 8.723822 15.74629
v 4.000049 8.723817 15.74629
v 8.000048 10.00072 15.99989
v 4.000048 10.00072 15.99989
v 4.000045 12.29572 15.54349
v 8.000046 12.29572 15.54348
v 8.000046 12.29662 15.54328
v 4.000045 12.29662 15.54328
v 4.000043 13.37741 14.82088
v 8.000044 13.37742 14.82088
v 4.000043 13.38001 14.81708
v 4.000042 14.62001 14.57708
v 8.000043 14.62002 14.57708
v 8.000044 13.38002 14.81708
v 8.000043 14.61842 14.57468
v 4.000042 14.61841 14.57468
v 4.000033 21.62661 12.19907
v 8.000033 21.62662 12.19906
v 8.000031 23.25951 11.39716
v 8.000033 21.61952 12.19716
v 4.000033 21.61951 12.19717
v 4.000031 23.25951 11.39716
v 4.000012 35.49599 3.85474
v 4.000005 39.95599 -0.04527124
v 8.000005 39.95599 -0.04527524
v 8.000013 35.496 3.854736
v 8.000016 25.79547 -1.553088
v 8.000014 27.72726 -2.070769
v 8.000013 27.39129 -3.061651
v 8.000017 25.94872 -0.7833163
v 8.000015 27.93159 -1.044409
v 8.000018 26.0004 -4.819085E-05
v 8.000016 28.0005 -5.201619E-05
v 8.000018 25.94878 0.7831438
v 8.000017 27.93167 1.044203
v 8.000019 25.79615 1.552969
v 8.000018 27.72818 2.070639
v 8.00002 25.54348 2.29605
v 8.000019 27.39127 3.061409
v 8.000021 25.19673 3.00016
v 8.000021 26.92894 4.000226
v 8.000023 24.76031 3.65244
v 8.000022 26.34705 4.869932
v 8.000024 24.24302 4.242746
v 8.000024 25.65733 5.657009
v 8.000025 23.65263 4.76007
v 8.000025 24.87015 6.346773
v 8.000026 22.99997 5.196031
v 8.000027 23.99993 6.928054
v 8.000027 22.2963 5.54336
v 8.000028 23.06171 7.39116
v 8.000028 21.55314 5.795341
v 8.000029 22.07083 7.727134
v 8.000029 20.78337 5.948591
v 8.000031 21.04446 7.931467
v 8.000029 20.0001 6.000266
v 8.000031 20.00011 8.00037
v 8.00003 19.21691 5.948651
v 8.000031 18.95585 7.931547
v 8.000031 18.44709 5.796026
v 8.000032 17.92942 7.72805
v 8.000031 17.70401 5.54335
v 8.000033 16.93864 7.391145
v 8.000031 16.9999 5.196599
v 8.000033 15.99983 6.92881
v 8.000031 16.34762 4.76018
v 8.000033 15.13012 6.346921
v 8.000031 15.75731 4.242892
v 8.000033 14.34305 5.657202
v 8.000031 15.23998 3.652504
v 8.000033 13.65328 4.870018
v 8.000031 14.80402 2.99984
v 8.000033 13.072 3.999798
v 8.000016 25.54509 -2.293646
v 4.000015 25.54508 -2.293642
v 4.000015 24.63408 -3.657242
v 8.000015 24.63409 -3.657246
v 4.000016 25.79535 -1.552996
v 4.000015 25.54338 -2.296144
v 8.000016 25.54339 -2.296149
v 8.000016 25.79536 -1.553
v 4.000017 25.94859 -0.7832398
v 8.000017 25.9486 -0.7832438
v 4.000017 26.00026 9.215189E-06
v 8.000018 26.00027 5.21518E-06
v 4.000018 25.94864 0.7831821
v 8.000018 25.94864 0.7831781
v 4.000019 25.79601 1.552992
v 8.000019 25.79601 1.552988
v 4.00002 25.54333 2.296054
v 8.00002 25.54334 2.29605
v 4.000021 25.19658 3.000145
v 8.000021 25.19659 3.000141
v 4.000022 24.76017 3.652406
v 8.000023 24.76017 3.652402
v 4.000023 24.24288 4.242697
v 8.000024 24.24289 4.242693
v 4.000024 23.65251 4.760005
v 8.000025 23.65251 4.760002
v 4.000025 22.99985 5.195951
v 8.000026 22.99986 5.195947
v 4.000026 22.2962 5.543265
v 8.000027 22.2962 5.543261
v 4.000027 21.55305 5.795235
v 8.000028 21.55305 5.795231
v 4.000028 20.7833 5.948472
v 8.000029 20.7833 5.948469
v 4.000029 20.00005 6.00014
v 8.000029 20.00005 6.000136
v 4.000029 19.21687 5.948518
v 8.00003 19.21688 5.948514
v 4.00003 18.44706 5.795893
v 8.000031 18.44707 5.795889
v 4.00003 17.704 5.543212
v 8.000031 17.70401 5.543209
v 4.000031 16.99991 5.196462
v 8.000031 16.99991 5.196458
v 4.000031 16.34765 4.760046
v 8.000031 16.34765 4.760042
v 4.000031 15.75736 4.242763
v 8.000031 15.75736 4.242759
v 4.000031 15.24005 3.652386
v 8.000031 15.24006 3.652382
v 4.00003 14.80411 2.999734
v 8.000031 14.80411 2.99973
v 4.00003 14.45679 2.296079
v 8.000031 14.45679 2.296075
v 8.00003 14.30069 1.511674
v 4.000029 14.30069 1.511678
v 4.00003 14.80411 2.999734
v 4.000016 25.79535 -1.552996
v 4.000031 15.24005 3.652386
v 4.000017 25.94859 -0.7832398
v 4.000031 15.75736 4.242763
v 4.000017 26.00026 9.215189E-06
v 4.000031 16.34765 4.760046
v 4.000018 25.94864 0.7831821
v 4.000031 16.99991 5.196462
v 4.000019 25.79601 1.552992
v 4.00003 17.704 5.543212
v 4.00002 25.54333 2.296054
v 4.00003 18.44706 5.795893
v 4.000021 25.19658 3.000145
v 4.000029 19.21687 5.948518
v 4.000022 24.76017 3.652406
v 4.000029 20.00005 6.00014
v 4.000023 24.24288 4.242697
v 4.000028 20.7833 5.948472
v 4.000024 23.65251 4.760005
v 4.000027 21.55305 5.795235
v 4.000025 22.99985 5.195951
v 4.000026 22.2962 5.543265
v 8.000012 25.65748 -5.656448
v 4.000012 25.65748 -5.656444
v 4.000013 27.39068 -3.062048
v 8.000013 27.39069 -3.062052
v 4.000014 27.72705 -2.070692
v 8.000014 27.72705 -2.070696
v 4.000014 27.93137 -1.04436
v 8.000015 27.93137 -1.044364
v 4.000015 28.00027 -3.275697E-05
v 8.000016 28.00027 -3.675697E-05
v 4.000017 27.93144 1.044195
v 8.000017 27.93145 1.044191
v 4.000018 27.72795 2.070601
v 8.000018 27.72796 2.070597
v 4.000019 27.39106 3.061344
v 8.000019 27.39106 3.06134
v 4.000021 26.92873 4.000134
v 8.000021 26.92874 4.00013
v 4.000022 26.34686 4.869814
v 8.000022 26.34686 4.86981
v 4.000023 25.65715 5.656868
v 8.000024 25.65716 5.656864
v 4.000025 24.86999 6.346609
v 8.000025 24.87 6.346605
v 4.000026 23.9998 6.927871
v 8.000027 23.9998 6.927867
v 4.000027 23.0616 7.390962
v 8.000028 23.06161 7.390958
v 4.000029 22.07075 7.726928
v 8.000029 22.07075 7.726924
v 4.00003 21.04441 7.931249
v 8.000031 21.04442 7.931245
v 4.000031 20.00009 8.000153
v 8.000031 20.00009 8.000149
v 4.000031 18.95586 7.931326
v 8.000031 18.95587 7.931322
v 4.000032 17.92945 7.727833
v 8.000032 17.92946 7.727829
v 4.000033 16.93871 7.390935
v 8.000033 16.93871 7.390932
v 4.000033 15.99992 6.928611
v 8.000033 15.99993 6.928607
v 4.000033 15.13024 6.346738
v 8.000033 15.13025 6.346734
v 4.000033 14.34319 5.657034
v 8.000033 14.34319 5.657031
v 4.000033 13.65345 4.869876
v 8.000033 13.65345 4.869873
v 4.000033 13.07218 3.999676
v 8.000033 13.07219 3.999672
v 4.000032 12.60909 3.061483
v 8.000032 12.6091 3.061479
v 8.000032 12.6098 3.065278
v 4.000032 12.60979 3.065282
v 4.000031 12.42639 2.143285
v 8.000032 12.4264 2.143281
v 8.000006 35.24001 -3.652601
v 8.000006 33.65332 -4.870109
v 8.000007 34.80399 -3.000039
v 8.000008 33.07195 -4.000024
v 8.000008 34.45687 -2.296143
v 8.000009 32.60912 -3.061501
v 8.000009 34.20459 -1.552963
v 8.00001 32.27275 -2.070595
v 8.00001 34.05148 -0.7832135
v 8.000011 32.06861 -1.044257
v 8.00001 34.00015 -6.349099E-05
v 8.000012 32.00017 -5.966587E-05
v 8.000011 34.05148 0.7830863
v 8.000013 32.06861 1.044141
v 8.000012 34.2046 1.552835
v 8.000014 32.27277 2.070474
v 8.000015 32.60913 3.061379
v 8.000006 35.24031 -3.652521
v 4.000005 35.24031 -3.652517
v 8.000007 34.80418 -3.000009
v 4.000006 34.80417 -3.000005
v 8.000008 34.45671 -2.296162
v 4.000007 34.4567 -2.296158
v 8.000009 34.2047 -1.552856
v 4.000008 34.2047 -1.552852
v 8.00001 34.05112 -0.7832478
v 4.000009 34.05111 -0.7832438
v 8.00001 34.00021 -6.34911E-05
v 4.00001 34.0002 -5.949109E-05
v 8.000011 34.05112 0.7831206
v 4.000011 34.05112 0.7831246
v 8.000012 34.2047 1.552728
v 4.000011 34.2047 1.552732
v 8.000012 34.45672 2.296033
v 4.000012 34.45671 2.296037
v 8.000006 33.65361 -4.87009
v 4.000006 33.6536 -4.870086
v 8.000008 33.07208 -4.000055
v 4.000007 33.07207 -4.000051
v 8.000009 32.60878 -3.061577
v 4.000008 32.60878 -3.061573
v 8.00001 32.27276 -2.070488
v 4.00001 32.27276 -2.070484
v 8.000011 32.06799 -1.044326
v 4.000011 32.06798 -1.044322
v 8.000012 32.0001 -5.966575E-05
v 4.000012 32.0001 -5.566574E-05
v 8.000013 32.06799 1.044206
v 4.000013 32.06799 1.04421
v 8.000014 32.27277 2.070367
v 4.000014 32.27277 2.070371
v 8.000015 32.6088 3.061456
v 4.000014 32.60879 3.06146
v 4.000012 35.5009 3.858741
v 8.000013 35.5009 3.858737
v 8.000012 34.4565 2.295537
v 4.000012 34.45649 2.295541
v 8.000016 34.3428 5.656137
v 4.000015 34.3428 5.656142
v 4.000006 34.80417 -3.000005
v 4.000005 35.24031 -3.652517
v 4.000007 34.4567 -2.296158
v 4.000008 34.2047 -1.552852
v 4.000009 34.05111 -0.7832438
v 4.00001 34.0002 -5.949109E-05
v 4.000011 34.05112 0.7831246
v 4.000011 34.2047 1.552732
v 7.500015 27.80129 -1.000051
v 7.500011 32.19889 -1.00006
v 7.500013 32.19889 0.9999407
v 7.500017 27.80129 0.9999491
v 7.500015 27.80129 -1.000051
v 4.000015 27.80129 -1.000048
v 4.00001 32.19889 -1.000056
v 7.500011 32.19889 -1.00006
v 7.500013 32.19889 0.9999407
v 4.000013 32.19889 0.9999442
v 4.000017 27.80129 0.9999526
v 7.500017 27.80129 0.9999491
v 7.000041 0.9969901 0.9562005
v 7.000037 5.35699 0.6761933
v 8.000037 5.356992 0.6761923
v 8.000041 0.9969913 0.9561995
v 8.000037 5.357092 0.6721907
v 7.000037 5.35709 0.6721917
v 7.000031 10.61429 -0.3728168
v 8.000031 10.61429 -0.3728178
v 8.000031 10.62089 -0.3746221
v 7.000031 10.62089 -0.3746211
v 7.000025 15.69729 -2.095227
v 8.000025 15.69729 -2.095229
v 8.000025 15.70349 -2.097929
v 7.000025 15.70349 -2.097928
v 7.000018 20.50988 -4.470336
v 8.000018 20.50988 -4.470337
v 8.000013 23.83588 -6.691448
v 8.000018 20.51588 -4.47144
v 7.000018 20.51588 -4.471439
v 7.000013 23.83588 -6.691447
v 7.000041 1.00009 0.9597024
v 8.000041 1.000091 0.9597014
v 8.000059 1.000126 18.9507
v 7.000059 1.000125 18.9507
v 8.000059 1.000926 18.94991
v 8.000052 7.700926 18.50989
v 7.000052 7.700924 18.50989
v 7.000059 1.000925 18.94991
v 7.000052 7.701825 18.50909
v 8.000052 7.701826 18.50909
v 8.000044 15.27362 17.00408
v 7.000044 15.27362 17.00408
v 8.000035 22.58542 14.52556
v 7.000035 22.58542 14.52556
v 7.000032 24.54922 13.54996
v 7.000035 22.58922 14.52997
v 8.000035 22.58922 14.52996
v 8.000032 24.54922 13.54996
v 8.000016 35.59031 7.046535
v 8.000015 35.93031 6.826534
v 7.000016 35.93031 6.826535
v 7.000016 35.59031 7.046536
v 8.000006 41.7307 1.730421
v 7.000005 41.73069 1.730422
v 7.000016 35.92931 6.823834
v 8.000015 35.92931 6.823833
v 7.000041 8.83416E-05 -0.001599637
v 7.000036 5.219879 -0.3455962
v 7.000037 5.353722 0.6711808
v 7.000042 9.030314E-05 1.024001
v 7.00003 10.35167 -1.365565
v 7.000031 10.6171 -0.3749377
v 7.000024 15.30747 -3.045506
v 7.000025 15.69997 -2.097955
v 7.000018 19.99928 -5.361426
v 7.000018 20.51208 -4.473255
v 7.00006 0.0001247142 19.01601
v 7.000052 7.701713 18.50846
v 7.000053 7.830074 19.4836
v 7.000061 0.0001265954 19.99961
v 7.000044 15.27346 17.00353
v 7.000045 15.52802 17.95359
v 7.000035 22.58554 14.52485
v 7.000013 22.84178 -7.258645
v 7.000018 20.00178 -5.358638
v 4.000017 20.00178 -5.358634
v 4.000013 22.84177 -7.258642
v 7.000041 8.834466E-05 2.536729E-06
v 7.000036 5.220088 -0.3440093
v 4.000035 5.220085 -0.3440063
v 4.000041 8.476838E-05 5.536735E-06
v 7.00003 10.35209 -1.364016
v 4.00003 10.35208 -1.364013
v 7.000024 15.30808 -3.044026
v 4.000024 15.30808 -3.044023
v 7.000018 20.00008 -5.360038
v 4.000017 20.00008 -5.360034
v 4.000001E-05 8.000001E-05 9.536743E-06
v 3.498896E-05 5.22008 -0.3440023
v 2.93806E-05 10.35208 -1.364009
v 2.326959E-05 15.30808 -3.044019
v 1.675861E-05 20.00007 -5.360031
v 4.00001 24.35207 -8.264043
v 9.96362E-06 24.35207 -8.264039
v 4.000053 7.830123 19.484
v 4.000061 0.0001230199 20.00001
v 7.000061 0.0001265962 20.00001
v 7.000053 7.830127 19.48399
v 4.000044 15.52812 17.95398
v 7.000045 15.52812 17.95398
v 4.000035 22.96212 15.43397
v 7.000036 22.96212 15.43396
v 7.000033 25.05972 14.39836
v 4.000032 25.05972 14.39836
v 4.000035 22.96152 15.43437
v 7.000036 22.96152 15.43436
v 7.000016 36.25051 7.785637
v 7.000016 36.53051 7.605636
v 4.000015 36.5305 7.605639
v 4.000016 36.2505 7.78564
v 7.000016 36.52711 7.604934
v 7.000005 42.4271 2.424921
v 4.000005 42.4271 2.424924
v 4.000015 36.5271 7.604937
v 6.000001E-05 0.0001182516 20.00002
v 5.248344E-05 7.830119 19.484
v 4.407089E-05 15.52812 17.95398
v 3.490438E-05 22.96211 15.43397
v 4.000026 30.00011 11.95995
v 2.513792E-05 30.00011 11.95995
v 4.000015 36.5281 7.603938
v 1.494543E-05 36.5281 7.603941
v -3.576279E-05 40.00001 -40.00008
v -3.023522E-05 39.65602 -34.78008
v -4.535284E-05 59.48403 -32.17011
v -5.364418E-05 60.00001 -40.00011
v -2.419128E-05 38.63603 -29.64807
v -3.628691E-05 57.95404 -24.47211
v -1.773324E-05 36.95604 -24.69207
v -2.659985E-05 55.43405 -17.0381
v -1.097057E-05 34.64005 -20.00006
v -1.645586E-05 51.96007 -10.00009
v -4.022193E-06 31.73605 -15.64806
v -6.033285E-06 47.60408 -3.472082
v 2.996136E-06 28.28406 -11.71605
v 4.494205E-06 42.42609 2.425928
v 9.96362E-06 24.35207 -8.264039
v 1.494542E-05 36.5281 7.603938
v 1.675861E-05 20.00007 -5.360031
v 2.513792E-05 30.00011 11.95995
v 2.326959E-05 15.30808 -3.044019
v 3.490438E-05 22.96211 15.43397
v 2.93806E-05 10.35208 -1.364009
v 4.407089E-05 15.52812 17.95399
v 3.498896E-05 5.22008 -0.3440023
v 5.248344E-05 7.830118 19.484
v 4.000001E-05 8.000001E-05 9.536743E-06
v 6.000001E-05 0.0001182516 20.00002
vn 1 1.192093E-06 -1.000002E-06
vn 1 1.192093E-06 -1.000002E-06
vn 1 1.192093E-06 -1.000002E-06
vn 1 1.192093E-06 -1.000002E-06
vn 1 1.192093E-06 -1.000002E-06
vn 1 1.192093E-06 -1.000002E-06
vn 1 1.192093E-06 -1.000002E-06
vn 1 1.192093E-06 -1.000002E-06
vn 1 1.192093E-06 -1.000002E-06
vn 1 1.192093E-06 -1.000002E-06
vn 1 1.192093E-06 -1.000002E-06
vn 1 1.192093E-06 -1.000002E-06
vn 1 1.192093E-06 -1.000002E-06
vn 1 1.192093E-06 -1.000002E-06
vn 1 1.192093E-06 -1.000002E-06
vn 1 1.192093E-06 -1.000002E-06
vn 1 1.192093E-06 -1.000002E-06
vn 1 1.192093E-06 -1.000002E-06
vn 1 1.192093E-06 -1.000002E-06
vn 1 1.192093E-06 -1.000002E-06
vn 1 1.192093E-06 -1.000002E-06
vn 1 1.192093E-06 -1.000002E-06
vn 1 1.192093E-06 -1.000002E-06
vn 1 1.192093E-06 -1.000002E-06
vn 1 1.192093E-06 -1.000002E-06
vn 1 1.192093E-06 -1.000002E-06
vn 1 1.192093E-06 -1.000002E-06
vn 1 1.192093E-06 -1.000002E-06
vn 1 1.192093E-06 -1.000002E-06
vn 1 1.192093E-06 -1.000002E-06
vn 1 1.192093E-06 -1.000002E-06
vn 1 1.192093E-06 -1.000002E-06
vn 1 1.192093E-06 -1.000002E-06
vn 1 1.192093E-06 -1.000002E-06
vn 1 1.192093E-06 -1.000002E-06
vn 1 1.192093E-06 -1.000002E-06
vn 1 1.192093E-06 -1.000002E-06
vn 1 1.192093E-06 -1.000002E-06
vn 1 1.192093E-06 -1.000002E-06
vn 1 1.192093E-06 -1.000002E-06
vn 1 1.192093E-06 -1.000002E-06
vn 1 1.192093E-06 -1.000002E-06
vn 1 1.192093E-06 -1.000002E-06
vn 1 1.192093E-06 -1.000002E-06
vn 1 1.192093E-06 -1.000002E-06
vn -6.564116E-05 -0.8693358 0.4942221
vn 1.271495E-06 -0.8693052 0.494276
vn -3.962139E-05 -0.8692989 0.494287
vn -6.204753E-05 -0.8692858 0.4943101
vn 1.27155E-06 -0.8692409 0.494389
vn 1.27155E-06 -0.8692409 0.494389
vn -7.359043E-05 -0.5144578 0.8575161
vn -5.048696E-05 -0.5145577 0.857456
vn -8.761112E-05 -0.5144291 0.8575332
vn 1.3174E-06 -0.5141966 0.8576726
vn 1.317522E-06 -0.5146106 0.8574242
vn 1.317522E-06 -0.5146106 0.8574243
vn 1 1.192093E-06 -1.000002E-06
vn 1 1.192093E-06 -1.000002E-06
vn 1 1.192093E-06 -1.000002E-06
vn 1 1.192093E-06 -1.000002E-06
vn 1 1.192093E-06 -1.000002E-06
vn 1 1.192093E-06 -1.000002E-06
vn -4.288964E-05 0.6676427 -0.7444821
vn -2.812115E-05 0.6675754 -0.7445424
vn -3.71044E-05 0.6676289 -0.7444945
vn -1.341401E-06 0.6677362 -0.7443981
vn -1.341401E-06 0.6675434 -0.7445711
vn -1.341401E-06 0.6675434 -0.7445711
vn 1 1.192093E-06 -1.000002E-06
vn 1 1.192093E-06 -1.000002E-06
vn 1 1.192093E-06 -1.000002E-06
vn 1 1.192093E-06 -1.000002E-06
vn 1 1.192093E-06 -1.000002E-06
vn 1 1.192093E-06 -1.000002E-06
vn 1 1.192093E-06 -1.000002E-06
vn 1 1.192093E-06 -1.000002E-06
vn 1 1.192093E-06 -1.000002E-06
vn 1 1.192093E-06 -1.000002E-06
vn 1 1.192093E-06 -1.000002E-06
vn 1 1.192093E-06 -1.000002E-06
vn 1 1.192093E-06 -1.000002E-06
vn 1 1.192093E-06 -1.000002E-06
vn 1 1.192093E-06 -1.000002E-06
vn 1 1.192093E-06 -1.000002E-06
vn 1 1.192093E-06 -1.000002E-06
vn 1 1.192093E-06 -1.000002E-06
vn 1 1.192093E-06 -1.000002E-06
vn 1 1.192093E-06 -1.000002E-06
vn 1 1.192093E-06 -1.000002E-06
vn 1 1.192093E-06 -1.000002E-06
vn 1 1.192093E-06 -1.000002E-06
vn 1 1.192093E-06 -1.000002E-06
vn 1 1.192093E-06 -1.000002E-06
vn 1 1.192093E-06 -1.000002E-06
vn 1 1.192093E-06 -1.000002E-06
vn 1 1.192093E-06 -1.000002E-06
vn 1 1.192093E-06 -1.000002E-06
vn 1 1.192093E-06 -1.000002E-06
vn 1 1.192093E-06 -1.000002E-06
vn 1 1.192093E-06 -1.000002E-06
vn 1 1.192093E-06 -1.000002E-06
vn 1 1.192093E-06 -1.000002E-06
vn 1 1.192093E-06 -1.000002E-06
vn 1 1.192093E-06 -1.000002E-06
vn 1 1.192093E-06 -1.000002E-06
vn 1 1.192093E-06 -1.000002E-06
vn 1 1.192093E-06 -1.000002E-06
vn 1 1.192093E-06 -1.000002E-06
vn 1 1.192093E-06 -1.000002E-06
vn 1 1.192093E-06 -1.000002E-06
vn 1 1.192093E-06 -1.000002E-06
vn 1 1.192093E-06 -1.000002E-06
vn 1 1.192093E-06 -1.000002E-06
vn 1 1.192093E-06 -1.000002E-06
vn 1 1.192093E-06 -1.000002E-06
vn 1 1.192093E-06 -1.000002E-06
vn 1 1.192093E-06 -1.000002E-06
vn 1 1.192093E-06 -1.000002E-06
vn 1 1.192093E-06 -1.000002E-06
vn 1 1.192093E-06 -1.000002E-06
vn -1E-06 -1.912578E-06 -1
vn -1E-06 -1.912577E-06 -1
vn -1E-06 -1.912578E-06 -1
vn -1E-06 -1.912578E-06 -1
vn -1E-06 -1.912578E-06 -1
vn -1E-06 -1.912578E-06 -1
vn -6.819835E-07 0.9808167 0.1949327
vn -6.819835E-07 0.9808167 0.1949327
vn -6.819835E-07 0.9808167 0.1949327
vn -6.819835E-07 0.9808167 0.1949327
vn -5.177718E-07 0.9449866 0.3271096
vn -5.177718E-07 0.9449866 0.3271096
vn -5.177718E-07 0.9449866 0.3271096
vn -5.177718E-07 0.9449866 0.3271096
vn -8.231473E-07 0.9976305 0.06880178
vn -8.231473E-07 0.9976305 0.06880178
vn -8.231473E-07 0.9976305 0.06880178
vn -8.231473E-07 0.9976305 0.06880178
vn -3.591144E-07 0.8967149 0.4426087
vn -3.591144E-07 0.8967149 0.4426087
vn -3.591144E-07 0.8967149 0.4426087
vn -3.591144E-07 0.8967149 0.4426087
vn -5.261464E-07 0.9471818 0.3206977
vn -5.261464E-07 0.9471818 0.3206977
vn -5.261464E-07 0.9471818 0.3206977
vn -5.261464E-07 0.9471818 0.3206977
vn -1.892098E-07 0.832051 0.5546993
vn -1.892098E-07 0.832051 0.5546993
vn -1.892098E-07 0.832051 0.5546993
vn -1.892098E-07 0.832051 0.5546993
vn 1E-06 1.912578E-06 1
vn 1E-06 1.912578E-06 1
vn 1E-06 1.912578E-06 1
vn 1E-06 1.912578E-06 1
vn 8.272301E-07 -0.9978887 -0.06494978
vn 8.272301E-07 -0.9978887 -0.06494978
vn 8.272301E-07 -0.9978887 -0.06494978
vn 8.272301E-07 -0.9978887 -0.06494978
vn 6.872214E-07 -0.9816917 -0.1904771
vn 6.872214E-07 -0.9816917 -0.1904771
vn 6.872214E-07 -0.9816917 -0.1904771
vn 6.872214E-07 -0.9816917 -0.1904771
vn 1.071853E-06 -0.9808161 0.1949365
vn 1.071853E-06 -0.9808161 0.1949365
vn 1.071853E-06 -0.9808161 0.1949365
vn 1.071853E-06 -0.9808161 0.1949365
vn 6.818512E-07 -0.9807944 -0.1950449
vn 6.818512E-07 -0.9807944 -0.1950449
vn 6.818512E-07 -0.9807944 -0.1950449
vn 6.818512E-07 -0.9807944 -0.1950449
vn 1.876272E-07 -0.8313894 -0.5556904
vn 1.876272E-07 -0.8313894 -0.5556904
vn 1.876272E-07 -0.8313894 -0.5556904
vn 1.876272E-07 -0.8313894 -0.5556904
vn 6.877595E-07 -0.9817806 -0.1900185
vn 6.877595E-07 -0.9817806 -0.1900185
vn 6.877595E-07 -0.9817806 -0.1900185
vn 6.877595E-07 -0.9817806 -0.1900185
vn 5.257128E-07 -0.947069 -0.3210305
vn 5.257128E-07 -0.947069 -0.3210305
vn 5.257128E-07 -0.947069 -0.3210305
vn 5.257128E-07 -0.947069 -0.3210305
vn 3.651358E-07 -0.8987687 -0.4384235
vn 3.651358E-07 -0.8987687 -0.4384235
vn 3.651358E-07 -0.8987687 -0.4384235
vn 3.651358E-07 -0.8987687 -0.4384235
vn 1.47769E-08 -0.7527869 -0.6582645
vn 1.47769E-08 -0.7527869 -0.6582645
vn 1.47769E-08 -0.7527869 -0.6582645
vn 1.47769E-08 -0.7527869 -0.6582645
vn 1 1.192093E-06 -1.000002E-06
vn 1 1.192093E-06 -1.000002E-06
vn 1 1.192093E-06 -1.000002E-06
vn 1 1.192093E-06 -1.000002E-06
vn 1 1.192093E-06 -1.000002E-06
vn 1 1.192093E-06 -1.000002E-06
vn 1 1.192093E-06 -1.000002E-06
vn 1 1.192093E-06 -1.000002E-06
vn 1 1.192093E-06 -1.000002E-06
vn 1 1.192093E-06 -1.000002E-06
vn 1 1.192093E-06 -1.000002E-06
vn 1 1.192093E-06 -1.000002E-06
vn 1 1.192093E-06 -1.000002E-06
vn 1 1.192093E-06 -1.000002E-06
vn 1 1.192093E-06 -1.000002E-06
vn 1 1.192093E-06 -1.000002E-06
vn 1 1.192093E-06 -1.000002E-06
vn 1 1.192093E-06 -1.000002E-06
vn 1 1.192093E-06 -1.000002E-06
vn 1 1.192093E-06 -1.000002E-06
vn 1 1.192093E-06 -1.000002E-06
vn 1 1.192093E-06 -1.000002E-06
vn 1 1.192093E-06 -1.000002E-06
vn 1 1.192093E-06 -1.000002E-06
vn 1 1.192093E-06 -1.000002E-06
vn 1 1.192093E-06 -1.000002E-06
vn 1 1.192093E-06 -1.000002E-06
vn 1 1.192093E-06 -1.000002E-06
vn 1 1.192093E-06 -1.000002E-06
vn 1 1.192093E-06 -1.000002E-06
vn 1 1.192093E-06 -1.000002E-06
vn 1 1.192093E-06 -1.000002E-06
vn 1 1.192093E-06 -1.000002E-06
vn 1 1.192093E-06 -1.000002E-06
vn 1 1.192093E-06 -1.000002E-06
vn 1 1.192093E-06 -1.000002E-06
vn 1 1.192093E-06 -1.000002E-06
vn 1 1.192093E-06 -1.000002E-06
vn 1 1.192093E-06 -1.000002E-06
vn 1 1.192093E-06 -1.000002E-06
vn 1 1.192093E-06 -1.000002E-06
vn 1 1.192093E-06 -1.000002E-06
vn 1 1.192093E-06 -1.000002E-06
vn 1 1.192093E-06 -1.000002E-06
vn 1 1.192093E-06 -1.000002E-06
vn 1 1.192093E-06 -1.000002E-06
vn 1 1.192093E-06 -1.000002E-06
vn -1.328176E-06 0.5555138 -0.8315076
vn -1.328176E-06 0.5555138 -0.8315076
vn -1.328176E-06 0.5555138 -0.8315076
vn -1.328176E-06 0.5555138 -0.8315076
vn -1.21014E-06 0.2796677 -0.9600971
vn -1.234131E-06 0.3210987 -0.9470459
vn -1.234131E-06 0.3210987 -0.9470459
vn -1.183818E-06 0.2376349 -0.9713548
vn -1.124565E-06 0.1523841 -0.9883216
vn -1.091624E-06 0.1091624 -0.9940242
vn -1.019429E-06 0.02199935 -0.9997582
vn -9.801357E-07 -0.02195035 -0.9997592
vn -8.96711E-07 -0.1088797 -0.9940552
vn -8.526278E-07 -0.1518627 -0.9884018
vn -7.591237E-07 -0.2374338 -0.971404
vn -7.096572E-07 -0.2800048 -0.9599989
vn -6.077806E-07 -0.3625821 -0.9319521
vn -5.55411E-07 -0.4026113 -0.9153713
vn -4.469145E-07 -0.4808344 -0.8768116
vn -3.90753E-07 -0.5190011 -0.8547738
vn -2.774197E-07 -0.5915281 -0.8062846
vn -2.202752E-07 -0.6259193 -0.7798882
vn -1.042771E-07 -0.6914205 -0.7224527
vn -4.541522E-08 -0.7224964 -0.6913748
vn 7.17516E-08 -0.7800746 -0.6256868
vn 1.300656E-07 -0.8066042 -0.5910921
vn 2.455143E-07 -0.8548881 -0.5188127
vn 3.026534E-07 -0.8766495 -0.4811298
vn 4.154211E-07 -0.9152542 -0.4028774
vn 4.710291E-07 -0.9320627 -0.3622975
vn 5.787231E-07 -0.9600968 -0.279668
vn 6.30821E-07 -0.9713545 -0.2376353
vn 7.312418E-07 -0.9883215 -0.1523843
vn 7.795622E-07 -0.994024 -0.1091623
vn 8.71852E-07 -0.9997581 -0.0219993
vn 9.158027E-07 -0.9997591 0.0219503
vn 9.976316E-07 -0.9940552 0.1088788
vn 1.03556E-06 -0.9884019 0.1518613
vn 1.105935E-06 -0.9714039 0.2374336
vn 1.13831E-06 -0.9599983 0.2800062
vn 1.195812E-06 -0.9319515 0.3625836
vn 1.221016E-06 -0.9153712 0.4026112
vn 1.264764E-06 -0.8768119 0.4808337
vn 1.283228E-06 -0.8547735 0.5190017
vn 1.312402E-06 -0.806284 0.591529
vn 1.323193E-06 -0.7798881 0.6259193
vn 1.337343E-06 -0.7224527 0.6914206
vn 1.340634E-06 -0.6913741 0.7224972
vn 1.339482E-06 -0.6256862 0.7800751
vn 1.335082E-06 -0.5910923 0.8066041
vn 1.318743E-06 -0.5188134 0.8548878
vn 1.306814E-06 -0.48113 0.8766494
vn 1.233776E-06 -0.3204593 0.9472626
vn 1.233776E-06 -0.3204593 0.9472626
vn 1.15527E-06 -0.1951754 0.9807686
vn 1.15527E-06 -0.1951754 0.9807686
vn 1 1.192093E-06 -1.000002E-06
vn 1 1.192093E-06 -1.000002E-06
vn 1 1.192093E-06 -1.000002E-06
vn 1 1.192093E-06 -1.000002E-06
vn 1 1.192093E-06 -1.000002E-06
vn 1 1.192093E-06 -1.000002E-06
vn 1 1.192093E-06 -1.000002E-06
vn 1 1.192093E-06 -1.000002E-06
vn 1 1.192093E-06 -1.000002E-06
vn 1 1.192093E-06 -1.000002E-06
vn 1 1.192093E-06 -1.000002E-06
vn 1 1.192093E-06 -1.000002E-06
vn 1 1.192093E-06 -1.000002E-06
vn 1 1.192093E-06 -1.000002E-06
vn 1 1.192093E-06 -1.000002E-06
vn 1 1.192093E-06 -1.000002E-06
vn 1 1.192093E-06 -1.000002E-06
vn 1 1.192093E-06 -1.000002E-06
vn 1 1.192093E-06 -1.000002E-06
vn 1 1.192093E-06 -1.000002E-06
vn 1 1.192093E-06 -1.000002E-06
vn 1 1.192093E-06 -1.000002E-06
vn 1 1.192093E-06 -1.000002E-06
vn 1.328172E-06 -0.5554974 0.8315185
vn 1.328172E-06 -0.5554974 0.8315185
vn 1.320227E-06 -0.5240551 0.8516846
vn 1.301156E-06 -0.4652784 0.8851647
vn 1.210234E-06 -0.2798238 0.9600517
vn 1.183876E-06 -0.2377242 0.9713329
vn 1.12457E-06 -0.152391 0.9883205
vn 1.091631E-06 -0.1091711 0.9940232
vn 1.019436E-06 -0.02200816 0.999758
vn 9.801422E-07 0.02194332 0.9997594
vn 8.967169E-07 0.1088737 0.9940557
vn 8.526347E-07 0.1518562 0.9884028
vn 7.591312E-07 0.2374271 0.9714056
vn 7.096648E-07 0.2799983 0.9600008
vn 6.077889E-07 0.3625756 0.9319546
vn 5.5542E-07 0.4026045 0.9153743
vn 4.469251E-07 0.4808271 0.8768157
vn 3.907639E-07 0.5189938 0.8547782
vn 2.774299E-07 0.5915219 0.8062892
vn 2.202846E-07 0.6259137 0.7798926
vn 1.042845E-07 0.6914166 0.7224566
vn 4.542116E-08 0.7224935 0.6913781
vn -7.174581E-08 0.7800719 0.6256902
vn -1.300583E-07 0.806601 0.5910966
vn -2.45505E-07 0.8548844 0.5188188
vn -3.026437E-07 0.8766459 0.4811364
vn -4.154104E-07 0.9152507 0.402885
vn -4.710181E-07 0.9320595 0.3623056
vn -5.787142E-07 0.9600947 0.2796751
vn -6.308142E-07 0.9713533 0.2376409
vn -7.312336E-07 0.9883204 0.1523914
vn -7.795513E-07 0.9940228 0.1091722
vn -8.718424E-07 0.9997579 0.02200878
vn -9.157965E-07 0.9997594 -0.02194396
vn -9.976281E-07 0.9940555 -0.1088751
vn -1.035556E-06 0.9884027 -0.1518569
vn -1.10593E-06 0.9714053 -0.2374276
vn -1.138305E-06 0.9600004 -0.2799992
vn -1.195807E-06 0.9319544 -0.3625759
vn -1.221011E-06 0.9153743 -0.402604
vn -1.26476E-06 0.8768159 -0.4808266
vn -1.283224E-06 0.8547781 -0.5189939
vn -1.3124E-06 0.8062889 -0.5915222
vn -1.323191E-06 0.7798923 -0.6259139
vn -1.337342E-06 0.7224572 -0.6914158
vn -1.340633E-06 0.6913795 -0.722492
vn -1.339483E-06 0.6256914 -0.7800709
vn -1.335083E-06 0.5910966 -0.806601
vn -1.318745E-06 0.5188181 -0.8548849
vn -1.306816E-06 0.4811361 -0.8766462
vn -1.29244E-06 0.4426113 -0.8967139
vn -1.29244E-06 0.4426113 -0.8967139
vn -1.155212E-06 0.1950911 -0.9807853
vn -1.155212E-06 0.1950911 -0.9807853
vn -1.155212E-06 0.1950911 -0.9807853
vn -1.155212E-06 0.1950911 -0.9807853
vn 1 1.192093E-06 -1.000002E-06
vn 1 1.192093E-06 -1.000002E-06
vn 1 1.192093E-06 -1.000002E-06
vn 1 1.192093E-06 -1.000002E-06
vn 1 1.192093E-06 -1.000002E-06
vn 1 1.192093E-06 -1.000002E-06
vn 1 1.192093E-06 -1.000002E-06
vn 1 1.192093E-06 -1.000002E-06
vn 1 1.192093E-06 -1.000002E-06
vn 1 1.192093E-06 -1.000002E-06
vn 1 1.192093E-06 -1.000002E-06
vn 1 1.192093E-06 -1.000002E-06
vn 1 1.192093E-06 -1.000002E-06
vn 1 1.192093E-06 -1.000002E-06
vn 1 1.192093E-06 -1.000002E-06
vn 1 1.192093E-06 -1.000002E-06
vn 1 1.192093E-06 -1.000002E-06
vn 1 1.192093E-06 -1.000002E-06
vn 1 1.192093E-06 -1.000002E-06
vn 7.490414E-08 0.7071083 0.7071056
vn 2.778379E-07 0.5912712 0.8064731
vn 2.20482E-07 0.6257973 0.7799859
vn 7.490414E-08 0.7071083 0.7071056
vn 4.46307E-07 0.4812555 0.8765805
vn 3.9075E-07 0.5190032 0.8547726
vn 6.081205E-07 0.3623172 0.9320551
vn 5.549961E-07 0.4029223 0.9152344
vn 7.58538E-07 0.237948 0.9712781
vn 7.098742E-07 0.2798218 0.9600523
vn 8.969015E-07 0.1086899 0.994076
vn 8.520797E-07 0.1523858 0.9883213
vn 1.019134E-06 -0.02166137 0.9997656
vn 9.80397E-07 0.02166519 0.9997655
vn 1.124563E-06 -0.152382 0.9883219
vn 1.091251E-06 -0.1086861 0.9940764
vn 1.210231E-06 -0.2798181 0.9600533
vn 1.184019E-06 -0.2379443 0.9712791
vn 1.234124E-06 -0.321086 0.9470502
vn 1.234124E-06 -0.321086 0.9470502
vn -7.490413E-08 -0.7071082 -0.7071056
vn -2.778383E-07 -0.5912709 -0.8064732
vn -2.204809E-07 -0.625798 -0.7799854
vn -7.490413E-08 -0.7071082 -0.7071056
vn -4.463082E-07 -0.4812546 -0.876581
vn -3.907515E-07 -0.5190021 -0.8547732
vn -6.081191E-07 -0.3623182 -0.9320547
vn -5.54996E-07 -0.4029223 -0.9152344
vn -7.58538E-07 -0.2379481 -0.9712782
vn -7.098729E-07 -0.2798229 -0.960052
vn -8.969018E-07 -0.1086894 -0.9940759
vn -8.520804E-07 -0.1523851 -0.9883214
vn -1.019134E-06 0.02166135 -0.9997656
vn -9.80397E-07 -0.02166518 -0.9997655
vn -1.124563E-06 0.1523813 -0.988322
vn -1.09125E-06 0.1086856 -0.9940763
vn -1.210232E-06 0.2798192 -0.9600531
vn -1.184019E-06 0.2379444 -0.9712791
vn -1.313047E-06 0.4999577 -0.8660501
vn -1.313047E-06 0.4999577 -0.8660501
vn 1.32818E-06 -0.5555338 0.8314942
vn 1.32818E-06 -0.5555338 0.8314942
vn 1.32818E-06 -0.5555338 0.8314942
vn 1.32818E-06 -0.5555338 0.8314942
vn -1.328203E-06 0.5556325 -0.8314281
vn -1.328203E-06 0.5556325 -0.8314281
vn 1 1.192093E-06 -1.000002E-06
vn 1 1.192093E-06 -1.000002E-06
vn 1 1.192093E-06 -1.000002E-06
vn 1 1.192093E-06 -1.000002E-06
vn 1 1.192093E-06 -1.000002E-06
vn 1 1.192093E-06 -1.000002E-06
vn 1 1.192093E-06 -1.000002E-06
vn 1 1.192093E-06 -1.000002E-06
vn 1 1.192093E-06 -1.000002E-06
vn 1 1.192093E-06 -1.000002E-06
vn 1 1.192093E-06 -1.000002E-06
vn 1 1.192093E-06 -1.000002E-06
vn 8.940697E-07 -1 1.912577E-06
vn 8.940697E-07 -1 1.912577E-06
vn 8.940697E-07 -1 1.912577E-06
vn 8.940697E-07 -1 1.912577E-06
vn -8.940697E-07 1 -1.912577E-06
vn -8.940697E-07 1 -1.912577E-06
vn -8.940697E-07 1 -1.912577E-06
vn -8.940697E-07 1 -1.912577E-06
vn 8.281438E-07 -0.9979445 -0.06408598
vn 8.281438E-07 -0.9979445 -0.06408598
vn 8.281438E-07 -0.9979445 -0.06408598
vn 8.281438E-07 -0.9979445 -0.06408598
vn 6.819531E-07 -0.9808117 -0.1949586
vn 6.819531E-07 -0.9808117 -0.1949586
vn 6.819531E-07 -0.9808117 -0.1949586
vn 6.819531E-07 -0.9808117 -0.1949586
vn 5.25751E-07 -0.9470789 -0.3210012
vn 5.25751E-07 -0.9470789 -0.3210012
vn 5.25751E-07 -0.9470789 -0.3210012
vn 5.25751E-07 -0.9470789 -0.3210012
vn 3.591144E-07 -0.896715 -0.4426088
vn 3.591144E-07 -0.896715 -0.4426088
vn 3.591144E-07 -0.896715 -0.4426088
vn 3.591144E-07 -0.896715 -0.4426088
vn 1.873656E-07 -0.83128 -0.5558541
vn 1.873656E-07 -0.83128 -0.5558541
vn 1.873656E-07 -0.83128 -0.5558541
vn 1.873656E-07 -0.83128 -0.5558541
vn -1E-06 -1.912578E-06 -1
vn -1E-06 -1.912578E-06 -1
vn -1E-06 -1.912578E-06 -1
vn -1E-06 -1.912578E-06 -1
vn -8.266171E-07 0.9978508 0.06552896
vn -8.266171E-07 0.9978508 0.06552896
vn -8.266171E-07 0.9978508 0.06552896
vn -8.266171E-07 0.9978508 0.06552896
vn -6.819655E-07 0.9808137 0.194948
vn -6.819655E-07 0.9808137 0.194948
vn -6.310753E-07 0.9714057 0.2374267
vn -5.788928E-07 0.9601361 0.2795333
vn -5.257151E-07 0.9470696 0.3210287
vn -5.257151E-07 0.9470696 0.3210287
vn -3.524645E-07 0.8944274 0.4472134
vn -3.524645E-07 0.8944274 0.4472134
vn -3.524645E-07 0.8944274 0.4472134
vn -3.524645E-07 0.8944274 0.4472134
vn -2.07373E-07 0.8395672 0.543256
vn -2.07373E-07 0.8395672 0.543256
vn -2.07373E-07 0.8395672 0.543256
vn -2.07373E-07 0.8395672 0.543256
vn -1.210557E-08 0.7514745 0.6597624
vn -1.210557E-08 0.7514745 0.6597624
vn -1.210557E-08 0.7514745 0.6597624
vn -1.210557E-08 0.7514745 0.6597624
vn 1 1.192093E-06 -1.000002E-06
vn 1 1.192093E-06 -1.000002E-06
vn 1 1.192093E-06 -1.000002E-06
vn 1 1.192093E-06 -1.000002E-06
vn 1 1.192093E-06 -1.000002E-06
vn 1 1.192093E-06 -1.000002E-06
vn 1 1.192093E-06 -1.000002E-06
vn 1 1.192093E-06 -1.000002E-06
vn 1 1.192093E-06 -1.000002E-06
vn 1 1.192093E-06 -1.000002E-06
vn 1 1.192093E-06 -1.000002E-06
vn 1 1.192093E-06 -1.000002E-06
vn 1 1.192093E-06 -1.000002E-06
vn 1 1.192093E-06 -1.000002E-06
vn 1 1.192093E-06 -1.000002E-06
vn 1 1.192093E-06 -1.000002E-06
vn 1 1.192093E-06 -1.000002E-06
vn 1.870541E-07 -0.8311497 -0.556049
vn 1.870541E-07 -0.8311497 -0.556049
vn 1.870541E-07 -0.8311497 -0.556049
vn 1.870541E-07 -0.8311497 -0.556049
vn 8.263764E-07 -0.9978358 -0.06575619
vn 7.314854E-07 -0.9883545 -0.1521702
vn 7.797094E-07 -0.9940387 -0.1090283
vn 8.263765E-07 -0.9978359 -0.06575619
vn 5.788879E-07 -0.960135 -0.2795373
vn 6.310784E-07 -0.9714063 -0.2374242
vn 4.154376E-07 -0.9152594 -0.4028655
vn 4.710796E-07 -0.9320772 -0.3622599
vn 3.590987E-07 -0.8967096 -0.4426196
vn 3.216925E-07 -0.8835776 -0.4682849
vn 8.263764E-07 -0.9978358 -0.06575619
vn 7.314853E-07 -0.9883544 -0.1521702
vn 5.788878E-07 -0.9601349 -0.2795373
vn 4.154376E-07 -0.9152594 -0.4028655
vn 2.459294E-07 -0.8550513 -0.5185435
vn 1.300582E-07 -0.806601 -0.5910966
vn 7.110557E-08 -0.7797728 -0.626063
vn -7.490412E-08 -0.7071081 -0.7071055
vn -7.490412E-08 -0.7071081 -0.7071055
vn -7.797095E-07 0.9940388 0.1090283
vn -8.26377E-07 0.9978359 0.0657557
vn -8.263769E-07 0.9978359 0.06575571
vn -7.314848E-07 0.9883543 0.1521706
vn -6.310778E-07 0.9714062 0.2374246
vn -5.788879E-07 0.960135 0.2795373
vn -4.894166E-07 0.937281 0.3485754
vn -5.257041E-07 0.9470667 0.3210372
vn -3.589417E-07 0.8966558 0.4427285
vn -3.589417E-07 0.8966558 0.4427285
vn -3.589417E-07 0.8966558 0.4427285
vn -3.589417E-07 0.8966558 0.4427285
vn -2.113109E-07 0.8411782 0.5407584
vn -2.113109E-07 0.8411782 0.5407584
vn -2.113109E-07 0.8411782 0.5407584
vn -2.113109E-07 0.8411782 0.5407584
vn -1.210143E-08 0.7514725 0.6597648
vn -1.210143E-08 0.7514725 0.6597648
vn -1.210143E-08 0.7514725 0.6597648
vn -1.210143E-08 0.7514725 0.6597648
vn -8.263769E-07 0.9978358 0.0657557
vn -7.314848E-07 0.9883544 0.1521706
vn -5.788879E-07 0.960135 0.2795373
vn -4.154378E-07 0.9152594 0.4028654
vn -3.028532E-07 0.876723 0.4809958
vn -2.459295E-07 0.8550514 0.5185435
vn -1.300583E-07 0.806601 0.5910966
vn -7.110575E-08 0.7797728 0.6260628
vn 7.490414E-08 0.7071083 0.7071056
vn 7.490414E-08 0.7071083 0.7071056
vn 1 1.192093E-06 -1.000002E-06
vn 1 1.192093E-06 -1.000002E-06
vn 1 1.192093E-06 -1.000002E-06
vn 1 1.192093E-06 -1.000002E-06
vn 1 1.192093E-06 -1.000002E-06
vn 1 1.192093E-06 -1.000002E-06
vn 1 1.192093E-06 -1.000002E-06
vn 1 1.192093E-06 -1.000002E-06
vn 1 1.192093E-06 -1.000002E-06
vn 1 1.192093E-06 -1.000002E-06
vn 1 1.192093E-06 -1.000002E-06
vn 1 1.192093E-06 -1.000002E-06
vn 1 1.192093E-06 -1.000002E-06
vn 1 1.192093E-06 -1.000002E-06
vn 1 1.192093E-06 -1.000002E-06
vn 1 1.192093E-06 -1.000002E-06
vn 1 1.192093E-06 -1.000002E-06
vn 1 1.192093E-06 -1.000002E-06
vn 1 1.192093E-06 -1.000002E-06
vn 1 1.192093E-06 -1.000002E-06
vn 1 1.192093E-06 -1.000002E-06
vn 1 1.192093E-06 -1.000002E-06
vn 1 1.192093E-06 -1.000002E-06
vn 1 1.192093E-06 -1.000002E-06
vn 1 1.192093E-06 -1.000002E-06
vn 1 1.192093E-06 -1.000002E-06
vn 1 1.192093E-06 -1.000002E-06
vn 1 1.192093E-06 -1.000002E-06
vn 1 1.192093E-06 -1.000002E-06
vn 1 1.192093E-06 -1.000002E-06
vn 1 1.192093E-06 -1.000002E-06
vn 1 1.192093E-06 -1.000002E-06
vn 1 1.192093E-06 -1.000002E-06
vn 1 1.192093E-06 -1.000002E-06
vn 1 1.192093E-06 -1.000002E-06
vn 1 1.192093E-06 -1.000002E-06
vn 1 1.192093E-06 -1.000002E-06
vn 1 1.192093E-06 -1.000002E-06
vn 1 1.192093E-06 -1.000002E-06
vn 1 1.192093E-06 -1.000002E-06
vn 1 1.192093E-06 -1.000002E-06
vn 1 1.192093E-06 -1.000002E-06
vn 1 1.192093E-06 -1.000002E-06
vn -4.220412E-05 0.4942836 -0.8693009
vn -1.311222E-06 0.4942726 -0.8693072
vn -6.822384E-05 0.4942187 -0.8693377
vn -6.463027E-05 0.4943067 -0.8692878
vn -1.311259E-06 0.4943856 -0.8692429
vn -1.311259E-06 0.4943856 -0.8692429
vn -9.020085E-05 0.8575311 -0.5144324
vn -5.30805E-05 0.8574539 -0.5145611
vn -7.618158E-05 0.857514 -0.5144611
vn -1.281016E-06 0.8576705 -0.5141999
vn -1.281208E-06 0.8574221 -0.5146139
vn -1.281208E-06 0.8574222 -0.5146139
vn 1 1.192093E-06 -1.000002E-06
vn 1 1.192093E-06 -1.000002E-06
vn 1 1.192093E-06 -1.000002E-06
vn 1 1.192093E-06 -1.000002E-06
vn -3.442974E-05 -0.7444919 0.6676319
vn -2.54465E-05 -0.7445397 0.6675783
vn -4.021498E-05 -0.7444795 0.6676457
vn 1.33328E-06 -0.7443955 0.6677392
vn 1.333242E-06 -0.7445685 0.6675464
vn 1.333242E-06 -0.7445685 0.6675464
vn 1 1.192093E-06 -1.000002E-06
vn 1 1.192093E-06 -1.000002E-06
vn 1 1.192093E-06 -1.000002E-06
vn 1 1.192093E-06 -1.000002E-06
vn 1 1.192093E-06 -1.000002E-06
vn 1 1.192093E-06 -1.000002E-06
vn 1 1.192093E-06 -1.000002E-06
vn 1 1.192093E-06 -1.000002E-06
vn 1 1.192093E-06 -1.000002E-06
vn 1 1.192093E-06 -1.000002E-06
vn 1 1.192093E-06 -1.000002E-06
vn 1 1.192093E-06 -1.000002E-06
vn 1 1.192093E-06 -1.000002E-06
vn 1 1.192093E-06 -1.000002E-06
vn 1 1.192093E-06 -1.000002E-06
vn 1 1.192093E-06 -1.000002E-06
vn 1 1.192093E-06 -1.000002E-06
vn 1 1.192093E-06 -1.000002E-06
vn 1 1.192093E-06 -1.000002E-06
vn 1 1.192093E-06 -1.000002E-06
vn 1 1.192093E-06 -1.000002E-06
vn 1 1.192093E-06 -1.000002E-06
vn 1 1.192093E-06 -1.000002E-06
vn 1 1.192093E-06 -1.000002E-06
vn 1 1.192093E-06 -1.000002E-06
vn 1 1.192093E-06 -1.000002E-06
vn 1 1.192093E-06 -1.000002E-06
vn 1 1.192093E-06 -1.000002E-06
vn 1 1.192093E-06 -1.000002E-06
vn 1 1.192093E-06 -1.000002E-06
vn 1 1.192093E-06 -1.000002E-06
vn 1 1.192093E-06 -1.000002E-06
vn 1 1.192093E-06 -1.000002E-06
vn 1 1.192093E-06 -1.000002E-06
vn 1 1.192093E-06 -1.000002E-06
vn 1 1.192093E-06 -1.000002E-06
vn 1 1.192093E-06 -1.000002E-06
vn 1 1.192093E-06 -1.000002E-06
vn 1 1.192093E-06 -1.000002E-06
vn 1 1.192093E-06 -1.000002E-06
vn 1 1.192093E-06 -1.000002E-06
vn 1 1.192093E-06 -1.000002E-06
vn 1 1.192093E-06 -1.000002E-06
vn 1 1.192093E-06 -1.000002E-06
vn 1 1.192093E-06 -1.000002E-06
vn 1 1.192093E-06 -1.000002E-06
vn 1 1.192093E-06 -1.000002E-06
vn 1 1.192093E-06 -1.000002E-06
vn 8.940697E-07 -1 1.912577E-06
vn 8.940696E-07 -1 1.912576E-06
vn 8.940697E-07 -1 1.912577E-06
vn 8.940697E-07 -1 1.912577E-06
vn 8.940697E-07 -1 1.912577E-06
vn 8.940697E-07 -1 1.912577E-06
vn 8.065313E-07 0.1949364 0.9808161
vn 8.065313E-07 0.1949364 0.9808161
vn 8.065313E-07 0.1949364 0.9808161
vn 8.065313E-07 0.1949364 0.9808161
vn 6.525256E-07 0.3271132 0.9449854
vn 6.525256E-07 0.3271132 0.9449854
vn 6.525256E-07 0.3271132 0.9449854
vn 6.525256E-07 0.3271132 0.9449854
vn 9.361151E-07 0.06880558 0.9976304
vn 9.361151E-07 0.06880558 0.9976304
vn 9.361151E-07 0.06880558 0.9976304
vn 9.361151E-07 0.06880558 0.9976304
vn 5.009896E-07 0.4426121 0.8967133
vn 5.009896E-07 0.4426121 0.8967133
vn 5.009896E-07 0.4426121 0.8967133
vn 5.009896E-07 0.4426121 0.8967133
vn 6.604535E-07 0.3207013 0.9471806
vn 6.604535E-07 0.3207013 0.9471806
vn 6.604535E-07 0.3207013 0.9471806
vn 6.604535E-07 0.3207013 0.9471806
vn 3.361089E-07 0.5547024 0.8320491
vn 3.361089E-07 0.5547024 0.8320491
vn 3.361089E-07 0.5547024 0.8320491
vn 3.361089E-07 0.5547024 0.8320491
vn -8.940697E-07 1 -1.912577E-06
vn -8.940697E-07 1 -1.912577E-06
vn -8.940697E-07 1 -1.912577E-06
vn -8.940697E-07 1 -1.912577E-06
vn -9.398173E-07 -0.06495359 -0.9978886
vn -9.398173E-07 -0.06495359 -0.9978886
vn -9.398173E-07 -0.06495359 -0.9978886
vn -9.398173E-07 -0.06495359 -0.9978886
vn -8.113899E-07 -0.1904809 -0.9816911
vn -8.113899E-07 -0.1904809 -0.9816911
vn -8.113899E-07 -0.1904809 -0.9816911
vn -8.113899E-07 -0.1904809 -0.9816911
vn -1.155101E-06 0.1949327 -0.9808169
vn -1.155101E-06 0.1949327 -0.9808169
vn -1.155101E-06 0.1949327 -0.9808169
vn -1.155101E-06 0.1949327 -0.9808169
vn -8.064086E-07 -0.1950487 -0.9807938
vn -8.064086E-07 -0.1950487 -0.9807938
vn -8.064086E-07 -0.1950487 -0.9807938
vn -8.064086E-07 -0.1950487 -0.9807938
vn -3.345612E-07 -0.5556935 -0.8313874
vn -3.345612E-07 -0.5556935 -0.8313874
vn -3.345612E-07 -0.5556935 -0.8313874
vn -3.345612E-07 -0.5556935 -0.8313874
vn -8.118889E-07 -0.1900222 -0.98178
vn -8.118889E-07 -0.1900222 -0.98178
vn -8.118889E-07 -0.1900222 -0.98178
vn -8.118889E-07 -0.1900222 -0.98178
vn -6.600432E-07 -0.321034 -0.9470679
vn -6.600432E-07 -0.321034 -0.9470679
vn -6.600432E-07 -0.321034 -0.9470679
vn -6.600432E-07 -0.321034 -0.9470679
vn -5.067852E-07 -0.4384269 -0.8987671
vn -5.067852E-07 -0.4384269 -0.8987671
vn -5.067852E-07 -0.4384269 -0.8987671
vn -5.067852E-07 -0.4384269 -0.8987671
vn -1.642502E-07 -0.6582673 -0.7527845
vn -1.642502E-07 -0.6582673 -0.7527845
vn -1.642502E-07 -0.6582673 -0.7527845
vn -1.642502E-07 -0.6582673 -0.7527845
vn 1 1.192093E-06 -1.000002E-06
vn 1 1.192093E-06 -1.000002E-06
vn 1 1.192093E-06 -1.000002E-06
vn 1 1.192093E-06 -1.000002E-06
vn 1 1.192093E-06 -1.000002E-06
vn 1 1.192093E-06 -1.000002E-06
vn 1 1.192093E-06 -1.000002E-06
vn 1 1.192093E-06 -1.000002E-06
vn 1 1.192093E-06 -1.000002E-06
vn 1 1.192093E-06 -1.000002E-06
vn 1 1.192093E-06 -1.000002E-06
vn 1 1.192093E-06 -1.000002E-06
vn 1 1.192093E-06 -1.000002E-06
vn 1 1.192093E-06 -1.000002E-06
vn 1 1.192093E-06 -1.000002E-06
vn 1 1.192093E-06 -1.000002E-06
vn 1 1.192093E-06 -1.000002E-06
vn 1 1.192093E-06 -1.000002E-06
vn 1 1.192093E-06 -1.000002E-06
vn 1 1.192093E-06 -1.000002E-06
vn 1 1.192093E-06 -1.000002E-06
vn 1 1.192093E-06 -1.000002E-06
vn 1 1.192093E-06 -1.000002E-06
vn 1 1.192093E-06 -1.000002E-06
vn 1 1.192093E-06 -1.000002E-06
vn 1 1.192093E-06 -1.000002E-06
vn 1 1.192093E-06 -1.000002E-06
vn 1 1.192093E-06 -1.000002E-06
vn 1 1.192093E-06 -1.000002E-06
vn 1 1.192093E-06 -1.000002E-06
vn 1 1.192093E-06 -1.000002E-06
vn 1 1.192093E-06 -1.000002E-06
vn 1 1.192093E-06 -1.000002E-06
vn 1 1.192093E-06 -1.000002E-06
vn 1 1.192093E-06 -1.000002E-06
vn 1 1.192093E-06 -1.000002E-06
vn 1 1.192093E-06 -1.000002E-06
vn 1 1.192093E-06 -1.000002E-06
vn 1 1.192093E-06 -1.000002E-06
vn 1 1.192093E-06 -1.000002E-06
vn 1 1.192093E-06 -1.000002E-06
vn 1 1.192093E-06 -1.000002E-06
vn 1 1.192093E-06 -1.000002E-06
vn 1 1.192093E-06 -1.000002E-06
vn 1 1.192093E-06 -1.000002E-06
vn 1 1.192093E-06 -1.000002E-06
vn 1 1.192093E-06 -1.000002E-06
vn 1.29894E-06 -0.8315054 0.5555171
vn 1.29894E-06 -0.8315054 0.5555171
vn 1.29894E-06 -0.8315054 0.5555171
vn 1.29894E-06 -0.8315054 0.5555171
vn 1.138063E-06 -0.9600959 0.2796714
vn 1.167825E-06 -0.9470446 0.3211023
vn 1.167825E-06 -0.9470446 0.3211023
vn 1.106095E-06 -0.9713537 0.2376386
vn 1.036014E-06 -0.9883209 0.1523879
vn 9.978909E-07 -0.9940237 0.1091662
vn 9.158545E-07 -0.999758 0.02200318
vn 8.719058E-07 -0.9997592 -0.02194653
vn 7.798768E-07 -0.9940554 -0.1088759
vn 7.318393E-07 -0.9884022 -0.1518589
vn 6.310711E-07 -0.9714048 -0.2374301
vn 5.783032E-07 -0.9599999 -0.2800012
vn 4.706501E-07 -0.9319533 -0.3625786
vn 4.157966E-07 -0.9153727 -0.4026079
vn 3.030986E-07 -0.8768134 -0.4808311
vn 2.452285E-07 -0.8547757 -0.518998
vn 1.293489E-07 -0.8062868 -0.5915251
vn 7.135745E-08 -0.7798905 -0.6259164
vn -4.549502E-08 -0.7224553 -0.6914178
vn -1.043568E-07 -0.6913775 -0.7224939
vn -2.206645E-07 -0.6256897 -0.7800723
vn -2.781242E-07 -0.5910951 -0.806602
vn -3.910311E-07 -0.5188159 -0.8548862
vn -4.464836E-07 -0.4811331 -0.8766478
vn -5.550514E-07 -0.4028808 -0.9152527
vn -6.081413E-07 -0.362301 -0.9320614
vn -7.100521E-07 -0.2796716 -0.9600959
vn -7.5889E-07 -0.237639 -0.9713537
vn -8.520773E-07 -0.152388 -0.988321
vn -8.964234E-07 -0.1091661 -0.9940237
vn -9.800874E-07 -0.02200312 -0.9997581
vn -1.019383E-06 0.02194647 -0.9997594
vn -1.091399E-06 0.108875 -0.9940557
vn -1.124175E-06 0.1518575 -0.9884027
vn -1.183685E-06 0.2374298 -0.971405
vn -1.210342E-06 0.2800025 -0.9599995
vn -1.256125E-06 0.36258 -0.931953
vn -1.275333E-06 0.4026076 -0.9153729
vn -1.30671E-06 0.4808303 -0.8768139
vn -1.318797E-06 0.5189984 -0.8547755
vn -1.335152E-06 0.5915258 -0.8062863
vn -1.339503E-06 0.6259162 -0.7798906
vn -1.340631E-06 0.6914178 -0.7224554
vn -1.337337E-06 0.7224944 -0.691377
vn -1.323128E-06 0.7800726 -0.6256893
vn -1.312253E-06 0.8066018 -0.5910954
vn -1.283143E-06 0.8548858 -0.5188167
vn -1.264916E-06 0.8766475 -0.4811334
vn -1.167379E-06 0.9472613 -0.3204629
vn -1.167379E-06 0.9472613 -0.3204629
vn -1.072052E-06 0.9807677 -0.1951792
vn -1.072052E-06 0.9807677 -0.1951792
vn 1 1.192093E-06 -1.000002E-06
vn 1 1.192093E-06 -1.000002E-06
vn 1 1.192093E-06 -1.000002E-06
vn 1 1.192093E-06 -1.000002E-06
vn 1 1.192093E-06 -1.000002E-06
vn 1 1.192093E-06 -1.000002E-06
vn 1 1.192093E-06 -1.000002E-06
vn 1 1.192093E-06 -1.000002E-06
vn 1 1.192093E-06 -1.000002E-06
vn 1 1.192093E-06 -1.000002E-06
vn 1 1.192093E-06 -1.000002E-06
vn 1 1.192093E-06 -1.000002E-06
vn 1 1.192093E-06 -1.000002E-06
vn 1 1.192093E-06 -1.000002E-06
vn 1 1.192093E-06 -1.000002E-06
vn 1 1.192093E-06 -1.000002E-06
vn 1 1.192093E-06 -1.000002E-06
vn 1 1.192093E-06 -1.000002E-06
vn 1 1.192093E-06 -1.000002E-06
vn 1 1.192093E-06 -1.000002E-06
vn 1 1.192093E-06 -1.000002E-06
vn 1 1.192093E-06 -1.000002E-06
vn 1 1.192093E-06 -1.000002E-06
vn -1.298933E-06 0.8315163 -0.5555007
vn -1.298933E-06 0.8315163 -0.5555007
vn -1.285521E-06 0.8516825 -0.5240583
vn -1.256678E-06 0.8851628 -0.4652818
vn -1.138178E-06 0.9600505 -0.2798274
vn -1.106165E-06 0.9713318 -0.237728
vn -1.03602E-06 0.9883198 -0.1523948
vn -9.978986E-07 0.9940227 -0.1091749
vn -9.158631E-07 0.9997578 -0.02201198
vn -8.71913E-07 0.9997594 0.0219395
vn -7.798833E-07 0.994056 0.1088699
vn -7.318467E-07 0.9884033 0.1518525
vn -6.310792E-07 0.9714064 0.2374234
vn -5.783114E-07 0.9600017 0.2799947
vn -4.706589E-07 0.9319558 0.3625721
vn -4.158061E-07 0.9153757 0.4026011
vn -3.031095E-07 0.8768174 0.4808238
vn -2.452398E-07 0.85478 0.5189906
vn -1.293593E-07 0.8062914 0.5915188
vn -7.1367E-08 0.7798949 0.6259108
vn 4.548768E-08 0.7224591 0.6914139
vn 1.043508E-07 0.6913808 0.7224909
vn 2.206588E-07 0.6256931 0.7800695
vn 2.781171E-07 0.5910996 0.8065988
vn 3.91022E-07 0.518822 0.8548826
vn 4.464742E-07 0.4811396 0.8766442
vn 5.550412E-07 0.4028884 0.9152493
vn 6.081308E-07 0.3623091 0.9320582
vn 7.100437E-07 0.2796787 0.9600938
vn 7.588836E-07 0.2376446 0.9713525
vn 8.520699E-07 0.1523952 0.9883199
vn 8.964134E-07 0.109176 0.9940225
vn 9.800788E-07 0.0220126 0.9997579
vn 1.019377E-06 -0.02194013 0.9997596
vn 1.091396E-06 -0.1088713 0.994056
vn 1.124172E-06 -0.1518531 0.9884034
vn 1.183681E-06 -0.2374238 0.9714064
vn 1.210338E-06 -0.2799955 0.9600016
vn 1.256122E-06 -0.3625723 0.9319559
vn 1.27533E-06 -0.4026005 0.915376
vn 1.306708E-06 -0.4808232 0.8768178
vn 1.318794E-06 -0.5189906 0.8547802
vn 1.335151E-06 -0.5915191 0.8062912
vn 1.339503E-06 -0.6259108 0.7798948
vn 1.340631E-06 -0.691413 0.7224599
vn 1.337338E-06 -0.7224893 0.6913824
vn 1.323129E-06 -0.7800684 0.6256945
vn 1.312255E-06 -0.8065987 0.5910998
vn 1.283145E-06 -0.8548828 0.5188215
vn 1.26492E-06 -0.8766443 0.4811395
vn 1.244337E-06 -0.8967121 0.4426148
vn 1.244337E-06 -0.8967121 0.4426148
vn 1.071983E-06 -0.9807845 0.1950949
vn 1.071983E-06 -0.9807845 0.1950949
vn 1.071983E-06 -0.9807845 0.1950949
vn 1.071983E-06 -0.9807845 0.1950949
vn 1 1.192093E-06 -1.000002E-06
vn 1 1.192093E-06 -1.000002E-06
vn 1 1.192093E-06 -1.000002E-06
vn 1 1.192093E-06 -1.000002E-06
vn 1 1.192093E-06 -1.000002E-06
vn 1 1.192093E-06 -1.000002E-06
vn 1 1.192093E-06 -1.000002E-06
vn 1 1.192093E-06 -1.000002E-06
vn 1 1.192093E-06 -1.000002E-06
vn 1 1.192093E-06 -1.000002E-06
vn 1 1.192093E-06 -1.000002E-06
vn 1 1.192093E-06 -1.000002E-06
vn 1 1.192093E-06 -1.000002E-06
vn 1 1.192093E-06 -1.000002E-06
vn 1 1.192093E-06 -1.000002E-06
vn 1 1.192093E-06 -1.000002E-06
vn 1 1.192093E-06 -1.000002E-06
vn -1.297743E-07 0.8064753 0.5912682
vn -7.156686E-08 0.7799882 0.6257944
vn -3.024709E-07 0.8765823 0.4812522
vn -2.452254E-07 0.8547744 0.519
vn -4.710072E-07 0.9320564 0.3623137
vn -4.153632E-07 0.9152358 0.4029188
vn -6.304443E-07 0.971279 0.2379443
vn -5.78534E-07 0.9600532 0.2798181
vn -7.800852E-07 0.9940763 0.1086861
vn -7.312443E-07 0.9883218 0.152382
vn -9.155232E-07 0.9997654 -0.0216652
vn -8.721966E-07 0.9997655 0.02166137
vn -1.036012E-06 0.9883212 -0.1523858
vn -9.974611E-07 0.9940759 -0.1086899
vn -1.138174E-06 0.9600521 -0.2798218
vn -1.106337E-06 0.971278 -0.2379481
vn -1.167816E-06 0.9470489 -0.3210897
vn -1.167816E-06 0.9470489 -0.3210897
vn 1.297747E-07 -0.8064754 -0.5912679
vn 7.156566E-08 -0.7799877 -0.6257951
vn 3.024722E-07 -0.8765827 -0.4812513
vn 2.452269E-07 -0.854775 -0.518999
vn 4.710058E-07 -0.932056 -0.3623147
vn 4.153632E-07 -0.9152358 -0.4029189
vn 6.304443E-07 -0.971279 -0.2379444
vn 5.785326E-07 -0.960053 -0.2798192
vn 7.800856E-07 -0.9940762 -0.1086856
vn 7.312451E-07 -0.9883219 -0.1523813
vn 9.155231E-07 -0.9997653 0.02166518
vn 8.721966E-07 -0.9997655 -0.02166135
vn 1.036011E-06 -0.9883213 0.1523851
vn 9.974607E-07 -0.9940758 0.1086894
vn 1.138175E-06 -0.9600519 0.2798229
vn 1.106337E-06 -0.9712781 0.2379481
vn 1.274267E-06 -0.866048 0.4999611
vn 1.274267E-06 -0.866048 0.4999611
vn -1.298948E-06 0.831492 -0.555537
vn -1.298948E-06 0.831492 -0.555537
vn -1.298948E-06 0.831492 -0.555537
vn -1.298948E-06 0.831492 -0.555537
vn 1.298988E-06 -0.8314259 0.5556358
vn 1.298988E-06 -0.8314259 0.5556358
vn 1 1.192093E-06 -1.000002E-06
vn 1 1.192093E-06 -1.000002E-06
vn 1 1.192093E-06 -1.000002E-06
vn 1 1.192093E-06 -1.000002E-06
vn 1 1.192093E-06 -1.000002E-06
vn 1 1.192093E-06 -1.000002E-06
vn 1 1.192093E-06 -1.000002E-06
vn 1 1.192093E-06 -1.000002E-06
vn 1 1.192093E-06 -1.000002E-06
vn 1 1.192093E-06 -1.000002E-06
vn 1 1.192093E-06 -1.000002E-06
vn 1 1.192093E-06 -1.000002E-06
vn -1E-06 -1.912578E-06 -1
vn -1E-06 -1.912578E-06 -1
vn -1E-06 -1.912578E-06 -1
vn -1E-06 -1.912578E-06 -1
vn 1E-06 1.912578E-06 1
vn 1E-06 1.912578E-06 1
vn 1E-06 1.912578E-06 1
vn 1E-06 1.912578E-06 1
vn -9.406453E-07 -0.06408979 -0.9979444
vn -9.406453E-07 -0.06408979 -0.9979444
vn -9.406453E-07 -0.06408979 -0.9979444
vn -9.406453E-07 -0.06408979 -0.9979444
vn -8.065031E-07 -0.1949623 -0.9808111
vn -8.065031E-07 -0.1949623 -0.9808111
vn -8.065031E-07 -0.1949623 -0.9808111
vn -8.065031E-07 -0.1949623 -0.9808111
vn -6.600794E-07 -0.3210047 -0.9470778
vn -6.600794E-07 -0.3210047 -0.9470778
vn -6.600794E-07 -0.3210047 -0.9470778
vn -6.600794E-07 -0.3210047 -0.9470778
vn -5.009896E-07 -0.4426122 -0.8967134
vn -5.009896E-07 -0.4426122 -0.8967134
vn -5.009896E-07 -0.4426122 -0.8967134
vn -5.009896E-07 -0.4426122 -0.8967134
vn -3.343054E-07 -0.5558572 -0.831278
vn -3.343054E-07 -0.5558572 -0.831278
vn -3.343054E-07 -0.5558572 -0.831278
vn -3.343054E-07 -0.5558572 -0.831278
vn 8.940697E-07 -1 1.912577E-06
vn 8.940697E-07 -1 1.912577E-06
vn 8.940697E-07 -1 1.912577E-06
vn 8.940697E-07 -1 1.912577E-06
vn 9.392615E-07 0.06553277 0.9978507
vn 9.392615E-07 0.06553277 0.9978507
vn 9.392615E-07 0.06553277 0.9978507
vn 9.392615E-07 0.06553277 0.9978507
vn 8.065146E-07 0.1949517 0.9808131
vn 8.065146E-07 0.1949517 0.9808131
vn 7.591276E-07 0.2374304 0.9714049
vn 7.102117E-07 0.279537 0.9601351
vn 6.600454E-07 0.3210323 0.9470685
vn 6.600454E-07 0.3210323 0.9470685
vn 4.945852E-07 0.4472167 0.8944258
vn 4.945852E-07 0.4472167 0.8944258
vn 4.945852E-07 0.4472167 0.8944258
vn 4.945852E-07 0.4472167 0.8944258
vn 3.538561E-07 0.5432592 0.8395653
vn 3.538561E-07 0.5432592 0.8395653
vn 3.538561E-07 0.5432592 0.8395653
vn 3.538561E-07 0.5432592 0.8395653
vn 1.615985E-07 0.6597652 0.7514721
vn 1.615985E-07 0.6597652 0.7514721
vn 1.615985E-07 0.6597652 0.7514721
vn 1.615985E-07 0.6597652 0.7514721
vn 1 1.192093E-06 -1.000002E-06
vn 1 1.192093E-06 -1.000002E-06
vn 1 1.192093E-06 -1.000002E-06
vn 1 1.192093E-06 -1.000002E-06
vn 1 1.192093E-06 -1.000002E-06
vn 1 1.192093E-06 -1.000002E-06
vn 1 1.192093E-06 -1.000002E-06
vn 1 1.192093E-06 -1.000002E-06
vn 1 1.192093E-06 -1.000002E-06
vn 1 1.192093E-06 -1.000002E-06
vn 1 1.192093E-06 -1.000002E-06
vn 1 1.192093E-06 -1.000002E-06
vn 1 1.192093E-06 -1.000002E-06
vn 1 1.192093E-06 -1.000002E-06
vn 1 1.192093E-06 -1.000002E-06
vn 1 1.192093E-06 -1.000002E-06
vn 1 1.192093E-06 -1.000002E-06
vn -3.340007E-07 -0.5560521 -0.8311476
vn -3.340007E-07 -0.5560521 -0.8311476
vn -3.340007E-07 -0.5560521 -0.8311476
vn -3.340007E-07 -0.5560521 -0.8311476
vn -9.390434E-07 -0.06575999 -0.9978357
vn -8.523018E-07 -0.1521739 -0.988354
vn -8.965579E-07 -0.1090321 -0.9940384
vn -9.390434E-07 -0.06576 -0.9978358
vn -7.10207E-07 -0.279541 -0.960134
vn -7.591304E-07 -0.2374278 -0.9714054
vn -5.550672E-07 -0.402869 -0.9152579
vn -6.081894E-07 -0.3622634 -0.9320759
vn -5.009745E-07 -0.442623 -0.896708
vn -4.648959E-07 -0.4682883 -0.883576
vn -9.390433E-07 -0.06575999 -0.9978356
vn -8.523018E-07 -0.1521739 -0.988354
vn -7.10207E-07 -0.279541 -0.960134
vn -5.550672E-07 -0.402869 -0.9152579
vn -3.91435E-07 -0.5185467 -0.8550495
vn -2.78117E-07 -0.5910997 -0.8065988
vn -2.200264E-07 -0.6260659 -0.7797704
vn 8.96558E-07 0.1090321 0.9940385
vn 9.390439E-07 0.06575951 0.9978358
vn 9.390438E-07 0.06575952 0.9978358
vn 8.523012E-07 0.1521744 0.9883538
vn 7.591299E-07 0.2374283 0.9714053
vn 7.10207E-07 0.279541 0.960134
vn 6.25628E-07 0.348579 0.9372798
vn 6.60035E-07 0.3210407 0.9470656
vn 5.008233E-07 0.4427319 0.8966542
vn 5.008233E-07 0.4427319 0.8966542
vn 5.008233E-07 0.4427319 0.8966542
vn 5.008233E-07 0.4427319 0.8966542
vn 3.577001E-07 0.5407616 0.8411762
vn 3.577001E-07 0.5407616 0.8411762
vn 3.577001E-07 0.5407616 0.8411762
vn 3.577001E-07 0.5407616 0.8411762
vn 1.615944E-07 0.6597675 0.75147
vn 1.615944E-07 0.6597675 0.75147
vn 1.615944E-07 0.6597675 0.75147
vn 1.615944E-07 0.6597675 0.75147
vn 9.390438E-07 0.06575951 0.9978357
vn 8.523013E-07 0.1521744 0.9883539
vn 7.10207E-07 0.279541 0.960134
vn 5.550674E-07 0.4028688 0.915258
vn 4.466769E-07 0.4809991 0.8767213
vn 3.91435E-07 0.5185467 0.8550496
vn 2.781171E-07 0.5910996 0.8065988
vn 2.200265E-07 0.6260657 0.7797704
vn -1 -1.192093E-06 1.000002E-06
vn -1 -1.192093E-06 1.000002E-06
vn -1 -1.192093E-06 1.000002E-06
vn -1 -1.192093E-06 1.000002E-06
vn -1 -1.192093E-06 1.000002E-06
vn -1 -1.192093E-06 1.000002E-06
vn -1 -1.192093E-06 1.000002E-06
vn -1 -1.192093E-06 1.000002E-06
vn -1 -1.192093E-06 1.000002E-06
vn -1 -1.192093E-06 1.000002E-06
vn -1 -1.192093E-06 1.000002E-06
vn -1 -1.192093E-06 1.000002E-06
vn -1 -1.192093E-06 1.000002E-06
vn -1 -1.192093E-06 1.000002E-06
vn -1 -1.192093E-06 1.000002E-06
vn -1 -1.192093E-06 1.000002E-06
vn -1 -1.192093E-06 1.000002E-06
vn -1 -1.192093E-06 1.000002E-06
vn -1 -1.192093E-06 1.000002E-06
vn -1 -1.192093E-06 1.000002E-06
vn -1 -1.192093E-06 1.000002E-06
vn -1 -1.192093E-06 1.000002E-06
vn -1 -1.192093E-06 1.000002E-06
vn -1 -1.192093E-06 1.000002E-06
vn -1 -1.192093E-06 1.000002E-06
vn -1 -1.192093E-06 1.000002E-06
vt 9 48.96
vt 13.354 48.673
vt 13.742 51.622
vt 12 51.736
vt 18.617 47.627
vt 19.387 50.5
vt 23.701 45.904
vt 22.301 49.512
vt 20.427 50.147
vt 28.513 43.528
vt 24.839 48.652
vt 30 46.104
vt 32.636 44.345
vt 31.839 41.309
vt 33.657 42.343
vt 12 64.236
vt 9 66.951
vt 15.373 64.014
vt 16.722 63.746
vt 18 64
vt 20.296 63.543
vt 21.378 62.821
vt 22.622 62.573
vt 30.586 62.525
vt 29.623 60.2
vt 31.256 59.394
vt 32.553 61.555
vt 23.274 65.004
vt 15.702 66.509
vt 47.951 47.951
vt 49.731 49.731
vt 43.929 54.824
vt 43.501 51.858
vt 43.591 55.049
vt 42.343 53.657
vt 20.609 51.062
vt 22.457 50.296
vt 35.391 44.939
vt 33.543 45.704
vt 26 42.104
vt 28.636 40.345
vt 29.543 41.704
vt 18.457 46.296
vt 18.301 45.512
vt 20.839 44.652
vt 29.843 55.586
vt 26.843 55.586
vt 29.657 60
vt 30.839 57.14799
vt 33.657 60
vt 31.839 57.14799
vt 31.553 78.108
vt 27.256 74.64999
vt 29.059 79.458
vt 32.059 79.458
vt 32.553 78.108
vt 31.256 74.64999
vt 40.609 51.062
vt 42.457 50.296
vt 39.757 39.757
vt 43.951 43.951
vt 39.501 47.858
vt 38.457 46.296
vt 51.787 84.03999
vt 49.657 80
vt 54.049 82.64
vt 54.787 84.03999
vt 53.657 80
vt 55.049 82.64
vt 14 60
vt 12.722 59.746
vt 17.378 58.821
vt 16.296 59.543
vt 25.623 56.2
vt 27.062 51.391
vt 29.657 49.657
vt 27.256 55.394
vt 18.622 58.573
vt 24 52
vt 20.939 51.391
vt 18.343 49.657
vt 11.373 60.014
vt 16.609 47.062
vt 15.387 46.5
vt 16.427 46.147
vt 8 60.236
vt 8 47.736
vt 9.742 47.622
vt 34 55.96
vt 29.059 58.399
vt 38.343 49.657
vt 40.253 51.787
vt 32 44
vt 31.391 40.939
vt 36.609 40.939
vt 36 44
vt 31.391 47.061
vt 36.609 47.062
vt 28.352 35.736
vt 32.284 32.284
vt 38.343 38.343
vt 29.657 38.343
vt 26.843 36.743
vt 27.513 42.528
vt 27 41.64
vt 29.843 39.743
vt 30.839 40.309
vt 7 66.017
vt 7 48.026
vt 8 47.96
vt 8 65.951
vt 29.962 62.434
vt 29.586 61.525
vt 31.553 60.555
vt 32.059 61.399
vt 43.253 54.787
vt 42.591 54.049
vt 42.929 53.824
vt 43.528 54.604
vt 49.426 49.426
vt 48.731 48.731
vt 0 40
vt 7 40
vt 7 41.026
vt 7 59.017
vt 0 60
vt 7 60
vt 50.4992 53.8885
vt 46.4992 53.8885
vt 47.622 49.3619
vt 51.622 49.3619
vt 46.1434 54.5705
vt 46.5034 53.8905
vt 50.5034 53.8905
vt 50.1434 54.5705
vt 51.739 47.74
vt 51.619 49.36
vt 47.619 49.36
vt 47.739 47.74
vt 44.6525 57.4894
vt 48.6525 57.4894
vt 46.1031 60.105
vt 42.1031 60.105
vt 49.5118 55.8116
vt 48.6518 57.4916
vt 44.6518 57.4916
vt 45.5118 55.8116
vt 40.3447 60.9825
vt 42.1047 60.1025
vt 46.1047 60.1025
vt 44.3447 60.9825
vt 12 47.7364
vt 8 47.7364
vt 8 60.2364
vt 12 60.2364
vt 60.2353 60.232
vt 60.0153 63.392
vt 64.0153 63.392
vt 64.23531 60.232
vt 63.7501 64.468
vt 64.0101 63.388
vt 60.0101 63.388
vt 59.7501 64.468
vt 13.9987 65.99841
vt 17.9987 65.99841
vt 16.7237 64.47
vt 12.7237 64.47
vt 63.9999 66.0005
vt 59.9999 66.0005
vt 59.5435 67.8391
vt 63.5435 67.8391
vt 63.5433 67.8398
vt 59.5433 67.8398
vt 58.8209 68.1982
vt 62.8209 68.1982
vt 58.8171 68.197
vt 58.5771 69.19701
vt 62.5771 69.19701
vt 62.8171 68.197
vt 62.5747 69.193
vt 58.5747 69.193
vt 56.1991 73.8256
vt 60.1991 73.8256
vt 59.3972 74.6566
vt 60.1972 73.8166
vt 56.1972 73.8166
vt 55.3972 74.6566
vt 47.8548 79.3507
vt 43.9548 79.9107
vt 47.9548 79.9107
vt 51.8548 79.3507
vt 33.79538 46.44696
vt 35.72717 45.92928
vt 35.3912 44.9384
vt 33.94863 47.21673
vt 35.9315 46.95564
vt 34.00031 48
vt 36.0004 48
vt 33.94868 48.78319
vt 35.93158 49.04425
vt 33.79606 49.55302
vt 35.72808 50.07069
vt 33.54338 50.2961
vt 35.39117 51.06146
vt 33.19662 51.00021
vt 34.92884 52.00027
vt 32.76021 51.65248
vt 34.34695 52.86998
vt 32.24292 52.24279
vt 33.65723 53.65705
vt 31.65253 52.76011
vt 32.87004 54.34682
vt 30.99987 53.19607
vt 31.99982 54.9281
vt 30.2962 53.5434
vt 31.0616 55.3912
vt 29.55304 53.79538
vt 30.07072 55.72717
vt 28.78327 53.94863
vt 29.04436 55.9315
vt 28 54.0003
vt 28 56.0004
vt 27.21681 53.94868
vt 26.95575 55.93158
vt 26.44698 53.79606
vt 25.92931 55.72808
vt 25.70391 53.54338
vt 24.93854 55.39117
vt 24.99979 53.19663
vt 23.99972 54.92884
vt 24.34752 52.76021
vt 23.13002 54.34695
vt 23.75721 52.24292
vt 22.34295 53.65723
vt 23.23989 51.65253
vt 21.65318 52.87004
vt 22.80393 50.99987
vt 21.0719 51.99982
vt 45.7064 63.2514
vt 41.7064 63.2514
vt 40.3428 60.9768
vt 44.3428 60.9768
vt 42.44705 64.24232
vt 41.7039 63.2472
vt 45.7039 63.2472
vt 46.44705 64.24232
vt 43.2168 65.16531
vt 47.2168 65.16531
vt 44.00005 66.00023
vt 34.00017 66.00023
vt 29.94855 66.73177
vt 33.94855 66.73177
vt 29.79592 67.34895
vt 33.79592 67.34895
vt 29.54324 67.83934
vt 33.54324 67.83934
vt 29.19649 68.19667
vt 33.19649 68.19667
vt 28.76007 68.41252
vt 32.76007 68.41252
vt 28.24279 68.48552
vt 52.24274 68.48552
vt 48.76004 68.41245
vt 52.76004 68.41245
vt 49.19599 68.19574
vt 53.19599 68.19574
vt 49.5433 67.8394
vt 53.5433 67.8394
vt 49.79527 67.34822
vt 53.79527 67.34822
vt 49.94851 66.7317
vt 53.94851 66.7317
vt 50.00017 66.00012
vt 27.99995 66.00012
vt 23.21677 65.16532
vt 27.21677 65.16532
vt 22.44696 64.24289
vt 26.44696 64.24289
vt 21.70391 63.24715
vt 25.70391 63.24715
vt 20.99981 62.1963
vt 24.99981 62.1963
vt 20.34755 61.10762
vt 24.34755 61.10762
vt 19.75726 60.00005
vt 23.75726 60.00005
vt 19.23996 58.89236
vt 23.23996 58.89236
vt 18.80401 57.80377
vt 22.80401 57.80377
vt 18.4567 56.7528
vt 22.4567 56.7528
vt 22.3006 55.8123
vt 18.3006 55.8123
vt 18.80401 46.99976
vt 29.79527 42.44705
vt 19.23996 47.65241
vt 29.94851 43.2168
vt 19.75726 48.24279
vt 30.00017 44.00005
vt 20.34755 48.76007
vt 29.94855 44.78323
vt 20.99981 49.19649
vt 29.79592 45.55304
vt 21.70391 49.54324
vt 29.54324 46.2961
vt 22.44696 49.79592
vt 29.19649 47.00019
vt 23.21677 49.94855
vt 28.76007 47.65245
vt 23.99995 50.00017
vt 28.24279 48.24274
vt 24.7832 49.94851
vt 27.65241 48.76004
vt 25.55295 49.79527
vt 26.99975 49.19599
vt 26.2961 49.5433
vt 33.6574 60.001
vt 29.6574 60.001
vt 31.3906 64.3286
vt 35.3906 64.3286
vt 31.72696 65.65632
vt 35.72696 65.65632
vt 31.93128 66.88697
vt 35.93128 66.88697
vt 32.00018 68.0002
vt 36.00018 68.0002
vt 31.93135 68.9756
vt 35.93135 68.9756
vt 31.72786 69.79851
vt 35.72786 69.79851
vt 31.39096 70.45235
vt 35.39096 70.45235
vt 30.92863 70.92882
vt 34.92863 70.92882
vt 30.34676 71.21661
vt 34.34676 71.21661
vt 29.65705 71.31396
vt 53.65691 71.31396
vt 50.34665 71.21655
vt 54.34665 71.21655
vt 50.92791 70.9276
vt 54.92791 70.9276
vt 51.391 70.4525
vt 55.391 70.4525
vt 51.72696 69.79761
vt 55.72696 69.79761
vt 51.93128 68.97559
vt 55.93128 68.97559
vt 52.00018 68.00017
vt 56.00018 68.00017
vt 51.93135 66.88712
vt 55.93135 66.88712
vt 51.72786 65.65721
vt 55.72786 65.65721
vt 51.39096 64.32957
vt 55.39096 64.32957
vt 50.92863 62.92846
vt 54.92863 62.92846
vt 50.34676 61.47691
vt 54.34676 61.47691
vt 49.65705 60.00014
vt 53.65705 60.00014
vt 48.8699 58.52325
vt 52.8699 58.52325
vt 47.99969 57.07178
vt 51.99969 57.07178
vt 47.0615 55.6705
vt 51.0615 55.6705
vt 51.0653 55.675
vt 47.0653 55.675
vt 46.1433 54.5696
vt 50.1433 54.5696
vt 43.23993 44.34747
vt 41.65323 43.12996
vt 42.3432 42.3432
vt 43.7574 43.7574
vt 42.8039 45.00003
vt 41.07187 44.00004
vt 42.45678 45.70392
vt 40.60904 44.93856
vt 42.2045 46.4471
vt 40.27267 45.92947
vt 42.05139 47.21685
vt 40.06852 46.9558
vt 42.00006 48
vt 40.00008 48
vt 42.05139 48.78315
vt 40.06852 49.0442
vt 42.2045 49.5529
vt 40.27267 50.07053
vt 40.60904 51.06144
vt 43.7574 43.7574
vt 43.24023 71.58777
vt 39.24023 71.58777
vt 39.7574 39.7574
vt 42.80409 71.80415
vt 38.80409 71.80415
vt 42.45662 72.16052
vt 38.45662 72.16052
vt 42.20461 72.65182
vt 38.20461 72.65182
vt 42.05103 73.26784
vt 38.05103 73.26784
vt 42.00011 74.00011
vt 38.00011 74.00011
vt 42.05103 74.83421
vt 38.05103 74.83421
vt 42.20461 75.7574
vt 38.20461 75.7574
vt 42.45662 76.75272
vt 38.45662 76.75272
vt 42.3431 42.3431
vt 41.65352 68.78349
vt 37.65352 68.78349
vt 38.3431 38.3431
vt 41.07199 69.07201
vt 37.07199 69.07201
vt 40.6087 69.54718
vt 36.6087 69.54718
vt 40.27267 70.20225
vt 36.27267 70.20225
vt 40.06789 71.02363
vt 36.06789 71.02363
vt 48 72.00002
vt 36.00001 72.00002
vt 49.04427 73.11216
vt 45.04427 73.11216
vt 50.07043 74.3431
vt 46.07043 74.3431
vt 51.06152 75.67021
vt 47.06152 75.67021
vt 39.5008 79.3596
vt 43.5008 79.3596
vt 42.4564 76.752
vt 38.4564 76.752
vt 53.6562 79.9989
vt 49.6562 79.9989
vt 38.80409 41.00006
vt 39.24023 40.34755
vt 38.45662 41.7039
vt 38.20461 42.44721
vt 38.05103 43.21682
vt 38.00011 44
vt 38.05103 44.78318
vt 38.20461 45.55279
vt 35.3012 46.5
vt 39.6988 46.5
vt 39.6988 48.5
vt 35.3012 48.5
vt 46.5 66.8012
vt 43 66.8012
vt 43 71.1988
vt 46.5 71.1988
vt 48.5 73.1988
vt 45 73.1988
vt 45 68.8012
vt 48.5 68.8012
vt 47.9562 41.9531
vt 47.6762 46.0331
vt 48.6762 46.0331
vt 48.9562 41.9531
vt 48.6722 46.0292
vt 47.6722 46.0292
vt 46.6272 50.2414
vt 47.6272 50.2414
vt 47.6254 50.2462
vt 46.6254 50.2462
vt 44.9048 53.602
vt 45.9048 53.602
vt 45.9021 53.6055
vt 44.9021 53.6055
vt 42.5297 56.0395
vt 43.5297 56.0395
vt 41.3086 57.1444
vt 43.5286 56.0444
vt 42.5286 56.0444
vt 40.3086 57.1444
vt 8 41.9597
vt 9 41.9597
vt 9 59.9507
vt 8 59.9507
vt 66.94991 59.9507
vt 66.5099 66.2107
vt 65.5099 66.2107
vt 65.94991 59.9507
vt 65.50909 66.2108
vt 66.50909 66.2108
vt 65.0041 72.2776
vt 64.0041 72.2776
vt 62.5256 77.1109
vt 61.5256 77.1109
vt 60.55 78.0991
vt 61.53 77.1191
vt 62.53 77.1191
vt 61.55 78.0991
vt 55.0466 82.6368
vt 54.8266 82.7568
vt 53.8266 82.7568
vt 54.0466 82.6368
vt 49.7305 83.4611
vt 48.7305 83.4611
vt 53.8239 82.7531
vt 54.8239 82.7531
vt 7 46.9984
vt 12.21979 46.65441
vt 12.35363 47.67119
vt 7 48.024
vt 17.35159 45.63445
vt 17.61701 46.62508
vt 22.30739 43.95452
vt 22.69988 44.90207
vt 26.9992 41.63861
vt 27.512 42.52678
vt 7 66.01601
vt 14.70159 65.50847
vt 14.82995 66.4836
vt 7 66.9996
vt 22.27334 64.00356
vt 22.5279 64.95361
vt 29.58542 61.52488
vt 39.7414 55.5831
vt 41.6414 54.6431
vt 38.6414 54.6431
vt 36.7414 55.5831
vt 47 40
vt 46.656 44.876
vt 43.656 44.876
vt 44 40
vt 45.636 48.988
vt 42.636 48.988
vt 43.956 52.264
vt 40.956 52.264
vt 41.64 54.64
vt 38.64 54.64
vt 40 40
vt 39.656 44.876
vt 38.636 48.988
vt 36.956 52.264
vt 34.64 54.64
vt 35.736 56.088
vt 31.736 56.088
vt 32.284 32.284
vt 28.284 28.284
vt 63.484 67.314
vt 64 60
vt 67 60
vt 66.484 67.314
vt 61.954 73.48199
vt 64.95399 73.48199
vt 59.434 78.396
vt 62.434 78.396
vt 61.3984 79.458
vt 58.3984 79.458
vt 59.4344 78.3958
vt 62.4344 78.3958
vt 54.7857 84.0361
vt 54.6057 84.1361
vt 51.6057 84.1361
vt 51.7857 84.0361
vt 54.605 84.132
vt 49.425 84.85201
vt 46.425 84.85201
vt 51.605 84.132
vt 60 60
vt 59.484 67.314
vt 57.954 73.48199
vt 55.434 78.396
vt 55.96 81.96
vt 51.96 81.96
vt 51.604 84.132
vt 47.604 84.132
vt 46.426 46.426
vt 42.426 42.426
vt 51.622 13.742
vt 48.673 13.354
vt 48.96 9
vt 51.736 12
vt 50.5 19.387
vt 47.627 18.617
vt 50.147 20.427
vt 49.512 22.301
vt 45.904 23.701
vt 48.652 24.839
vt 43.528 28.513
vt 46.104 30
vt 44.345 32.636
vt 41.309 31.839
vt 42.343 33.657
vt 64.236 12
vt 66.951 9
vt 64 18
vt 63.746 16.722
vt 64.014 15.373
vt 62.573 22.622
vt 62.821 21.378
vt 63.543 20.296
vt 62.525 30.586
vt 60.2 29.623
vt 59.394 31.256
vt 61.555 32.553
vt 66.509 15.702
vt 65.004 23.274
vt 54.824 43.929
vt 51.858 43.501
vt 55.049 43.591
vt 53.657 42.343
vt 51.062 20.609
vt 50.296 22.457
vt 45.704 33.543
vt 44.939 35.391
vt 41.704 29.543
vt 40.345 28.636
vt 42.104 26
vt 44.652 20.839
vt 45.512 18.301
vt 46.296 18.457
vt 29.657 60
vt 26.843 55.586
vt 29.843 55.586
vt 30.839 57.14799
vt 33.657 60
vt 31.839 57.14799
vt 29.059 79.458
vt 27.256 74.64999
vt 31.553 78.108
vt 32.059 79.458
vt 32.553 78.108
vt 31.256 74.64999
vt 50.296 42.457
vt 51.062 40.609
vt 47.858 39.501
vt 46.296 38.457
vt 54.049 82.64
vt 49.657 80
vt 51.787 84.03999
vt 54.787 84.03999
vt 55.049 82.64
vt 53.657 80
vt 58.821 17.378
vt 59.746 12.722
vt 60 14
vt 59.543 16.296
vt 49.657 29.657
vt 51.391 27.062
vt 56.2 25.623
vt 55.394 27.256
vt 52 24
vt 58.573 18.622
vt 51.391 20.939
vt 49.657 18.343
vt 47.062 16.609
vt 60.014 11.373
vt 46.147 16.427
vt 46.5 15.387
vt 47.622 9.742
vt 47.736 8
vt 60.236 8
vt 58.399 29.059
vt 55.96 34
vt 49.657 38.343
vt 51.787 40.253
vt 40.939 36.609
vt 40.939 31.391
vt 44 32
vt 44 36
vt 47.061 31.391
vt 47.062 36.609
vt 35.736 28.352
vt 38.343 29.657
vt 36.743 26.843
vt 39.743 29.843
vt 41.64 27
vt 42.528 27.513
vt 40.309 30.839
vt 47.96 8
vt 48.026 7
vt 66.017 7
vt 65.951 8
vt 60.555 31.553
vt 61.525 29.586
vt 62.434 29.962
vt 61.399 32.059
vt 53.824 42.929
vt 54.049 42.591
vt 54.787 43.253
vt 54.604 43.528
vt 7 41.026
vt 7 40
vt 0 40
vt 7 59.017
vt 0 60
vt 7 60
vt 50.4992 53.8885
vt 46.4992 53.8885
vt 47.622 49.3619
vt 51.622 49.3619
vt 46.1434 54.5705
vt 46.5034 53.8905
vt 50.5034 53.8905
vt 50.1434 54.5705
vt 51.739 47.74
vt 51.619 49.36
vt 47.619 49.36
vt 47.739 47.74
vt 44.6525 57.4894
vt 48.6525 57.4894
vt 46.1031 60.105
vt 42.1031 60.105
vt 49.5118 55.8116
vt 48.6518 57.4916
vt 44.6518 57.4916
vt 45.5118 55.8116
vt 40.3447 60.9825
vt 42.1047 60.1025
vt 46.1047 60.1025
vt 44.3447 60.9825
vt 12 47.7364
vt 8 47.7364
vt 8 60.2364
vt 12 60.2364
vt 60.2353 60.232
vt 60.0153 63.392
vt 64.0153 63.392
vt 64.23531 60.232
vt 63.7501 64.468
vt 64.0101 63.388
vt 60.0101 63.388
vt 59.7501 64.468
vt 13.9987 65.99841
vt 17.9987 65.99841
vt 16.7237 64.47
vt 12.7237 64.47
vt 63.9999 66.0005
vt 59.9999 66.0005
vt 59.5435 67.8391
vt 63.5435 67.8391
vt 63.5433 67.8398
vt 59.5433 67.8398
vt 58.8209 68.1982
vt 62.8209 68.1982
vt 58.8171 68.197
vt 58.5771 69.19701
vt 62.5771 69.19701
vt 62.8171 68.197
vt 62.5747 69.193
vt 58.5747 69.193
vt 56.1991 73.8256
vt 60.1991 73.8256
vt 59.3972 74.6566
vt 60.1972 73.8166
vt 56.1972 73.8166
vt 55.3972 74.6566
vt 47.8548 79.3507
vt 43.9548 79.9107
vt 47.9548 79.9107
vt 51.8548 79.3507
vt 46.44696 33.79538
vt 45.92928 35.72717
vt 44.9384 35.3912
vt 47.21673 33.94863
vt 46.95564 35.9315
vt 48 34.00031
vt 48 36.0004
vt 48.78319 33.94868
vt 49.04425 35.93158
vt 49.55302 33.79606
vt 50.07069 35.72808
vt 50.2961 33.54338
vt 51.06146 35.39117
vt 51.00021 33.19662
vt 52.00027 34.92884
vt 51.65248 32.76021
vt 52.86998 34.34695
vt 52.24279 32.24292
vt 53.65705 33.65723
vt 52.76011 31.65253
vt 54.34682 32.87004
vt 53.19607 30.99987
vt 54.9281 31.99982
vt 53.5434 30.2962
vt 55.3912 31.0616
vt 53.79538 29.55304
vt 55.72717 30.07072
vt 53.94863 28.78327
vt 55.9315 29.04436
vt 54.0003 28
vt 56.0004 28
vt 53.94868 27.21681
vt 55.93158 26.95575
vt 53.79606 26.44698
vt 55.72808 25.92931
vt 53.54338 25.70391
vt 55.39117 24.93854
vt 53.19663 24.99979
vt 54.92884 23.99972
vt 52.76021 24.34752
vt 54.34695 23.13002
vt 52.24292 23.75721
vt 53.65723 22.34295
vt 51.65253 23.23989
vt 52.87004 21.65318
vt 50.99987 22.80393
vt 51.99982 21.0719
vt 45.7064 63.2514
vt 41.7064 63.2514
vt 40.3428 60.9768
vt 44.3428 60.9768
vt 42.44705 64.24232
vt 41.7039 63.2472
vt 45.7039 63.2472
vt 46.44705 64.24232
vt 43.2168 65.16531
vt 47.2168 65.16531
vt 44.00005 66.00023
vt 34.00017 66.00023
vt 29.94855 66.73177
vt 33.94855 66.73177
vt 29.79592 67.34895
vt 33.79592 67.34895
vt 29.54324 67.83934
vt 33.54324 67.83934
vt 29.19649 68.19667
vt 33.19649 68.19667
vt 28.76007 68.41252
vt 32.76007 68.41252
vt 28.24279 68.48552
vt 52.24274 68.48552
vt 48.76004 68.41245
vt 52.76004 68.41245
vt 49.19599 68.19574
vt 53.19599 68.19574
vt 49.5433 67.8394
vt 53.5433 67.8394
vt 49.79527 67.34822
vt 53.79527 67.34822
vt 49.94851 66.7317
vt 53.94851 66.7317
vt 50.00017 66.00012
vt 27.99995 66.00012
vt 23.21677 65.16532
vt 27.21677 65.16532
vt 22.44696 64.24289
vt 26.44696 64.24289
vt 21.70391 63.24715
vt 25.70391 63.24715
vt 20.99981 62.1963
vt 24.99981 62.1963
vt 20.34755 61.10762
vt 24.34755 61.10762
vt 19.75726 60.00005
vt 23.75726 60.00005
vt 19.23996 58.89236
vt 23.23996 58.89236
vt 18.80401 57.80377
vt 22.80401 57.80377
vt 18.4567 56.7528
vt 22.4567 56.7528
vt 22.3006 55.8123
vt 18.3006 55.8123
vt 46.99976 18.80401
vt 42.44705 29.79527
vt 47.65241 19.23996
vt 43.2168 29.94851
vt 48.24279 19.75726
vt 44.00005 30.00017
vt 48.76007 20.34755
vt 44.78323 29.94855
vt 49.19649 20.99981
vt 45.55304 29.79592
vt 49.54324 21.70391
vt 46.2961 29.54324
vt 49.79592 22.44696
vt 47.00019 29.19649
vt 49.94855 23.21677
vt 47.65245 28.76007
vt 50.00017 23.99995
vt 48.24274 28.24279
vt 49.94851 24.7832
vt 48.76004 27.65241
vt 49.79527 25.55295
vt 49.19599 26.99975
vt 49.5433 26.2961
vt 33.6574 60.001
vt 29.6574 60.001
vt 31.3906 64.3286
vt 35.3906 64.3286
vt 31.72696 65.65632
vt 35.72696 65.65632
vt 31.93128 66.88697
vt 35.93128 66.88697
vt 32.00018 68.0002
vt 36.00018 68.0002
vt 31.93135 68.9756
vt 35.93135 68.9756
vt 31.72786 69.79851
vt 35.72786 69.79851
vt 31.39096 70.45235
vt 35.39096 70.45235
vt 30.92863 70.92882
vt 34.92863 70.92882
vt 30.34676 71.21661
vt 34.34676 71.21661
vt 29.65705 71.31396
vt 53.65691 71.31396
vt 50.34665 71.21655
vt 54.34665 71.21655
vt 50.92791 70.9276
vt 54.92791 70.9276
vt 51.391 70.4525
vt 55.391 70.4525
vt 51.72696 69.79761
vt 55.72696 69.79761
vt 51.93128 68.97559
vt 55.93128 68.97559
vt 52.00018 68.00017
vt 56.00018 68.00017
vt 51.93135 66.88712
vt 55.93135 66.88712
vt 51.72786 65.65721
vt 55.72786 65.65721
vt 51.39096 64.32957
vt 55.39096 64.32957
vt 50.92863 62.92846
vt 54.92863 62.92846
vt 50.34676 61.47691
vt 54.34676 61.47691
vt 49.65705 60.00014
vt 53.65705 60.00014
vt 48.8699 58.52325
vt 52.8699 58.52325
vt 47.99969 57.07178
vt 51.99969 57.07178
vt 47.0615 55.6705
vt 51.0615 55.6705
vt 51.0653 55.675
vt 47.0653 55.675
vt 46.1433 54.5696
vt 50.1433 54.5696
vt 44.34747 43.23993
vt 43.12996 41.65323
vt 45.00003 42.8039
vt 44.00004 41.07187
vt 45.70392 42.45678
vt 44.93856 40.60904
vt 46.4471 42.2045
vt 45.92947 40.27267
vt 47.21685 42.05139
vt 46.9558 40.06852
vt 48 42.00006
vt 48 40.00008
vt 48.78315 42.05139
vt 49.0442 40.06852
vt 49.5529 42.2045
vt 50.07053 40.27267
vt 51.06144 40.60904
vt 43.24023 71.58777
vt 39.24023 71.58777
vt 42.80409 71.80415
vt 38.80409 71.80415
vt 42.45662 72.16052
vt 38.45662 72.16052
vt 42.20461 72.65182
vt 38.20461 72.65182
vt 42.05103 73.26784
vt 38.05103 73.26784
vt 42.00011 74.00011
vt 38.00011 74.00011
vt 42.05103 74.83421
vt 38.05103 74.83421
vt 42.20461 75.7574
vt 38.20461 75.7574
vt 42.45662 76.75272
vt 38.45662 76.75272
vt 41.65352 68.78349
vt 37.65352 68.78349
vt 41.07199 69.07201
vt 37.07199 69.07201
vt 40.6087 69.54718
vt 36.6087 69.54718
vt 40.27267 70.20225
vt 36.27267 70.20225
vt 40.06789 71.02363
vt 36.06789 71.02363
vt 48 72.00002
vt 36.00001 72.00002
vt 49.04427 73.11216
vt 45.04427 73.11216
vt 50.07043 74.3431
vt 46.07043 74.3431
vt 51.06152 75.67021
vt 47.06152 75.67021
vt 39.5008 79.3596
vt 43.5008 79.3596
vt 42.4564 76.752
vt 38.4564 76.752
vt 53.6562 79.9989
vt 49.6562 79.9989
vt 41.00006 38.80409
vt 40.34755 39.24023
vt 41.7039 38.45662
vt 42.44721 38.20461
vt 43.21682 38.05103
vt 44 38.00011
vt 44.78318 38.05103
vt 45.55279 38.20461
vt 46.5 35.3012
vt 46.5 39.6988
vt 48.5 39.6988
vt 48.5 35.3012
vt 46.5 66.8012
vt 43 66.8012
vt 43 71.1988
vt 46.5 71.1988
vt 48.5 73.1988
vt 45 73.1988
vt 45 68.8012
vt 48.5 68.8012
vt 47.9562 41.9531
vt 47.6762 46.0331
vt 48.6762 46.0331
vt 48.9562 41.9531
vt 48.6722 46.0292
vt 47.6722 46.0292
vt 46.6272 50.2414
vt 47.6272 50.2414
vt 47.6254 50.2462
vt 46.6254 50.2462
vt 44.9048 53.602
vt 45.9048 53.602
vt 45.9021 53.6055
vt 44.9021 53.6055
vt 42.5297 56.0395
vt 43.5297 56.0395
vt 41.3086 57.1444
vt 43.5286 56.0444
vt 42.5286 56.0444
vt 40.3086 57.1444
vt 8 41.9597
vt 9 41.9597
vt 9 59.9507
vt 8 59.9507
vt 66.94991 59.9507
vt 66.5099 66.2107
vt 65.5099 66.2107
vt 65.94991 59.9507
vt 65.50909 66.2108
vt 66.50909 66.2108
vt 65.0041 72.2776
vt 64.0041 72.2776
vt 62.5256 77.1109
vt 61.5256 77.1109
vt 60.55 78.0991
vt 61.53 77.1191
vt 62.53 77.1191
vt 61.55 78.0991
vt 55.0466 82.6368
vt 54.8266 82.7568
vt 53.8266 82.7568
vt 54.0466 82.6368
vt 49.7305 83.4611
vt 48.7305 83.4611
vt 53.8239 82.7531
vt 54.8239 82.7531
vt 46.9984 7
vt 46.65441 12.21979
vt 47.67119 12.35363
vt 48.024 7
vt 45.63445 17.35159
vt 46.62508 17.61701
vt 43.95452 22.30739
vt 44.90207 22.69988
vt 41.63861 26.9992
vt 42.52678 27.512
vt 66.01601 7
vt 65.50847 14.70159
vt 66.4836 14.82995
vt 66.9996 7
vt 64.00356 22.27334
vt 64.95361 22.5279
vt 61.52488 29.58542
vt 39.7414 55.5831
vt 41.6414 54.6431
vt 38.6414 54.6431
vt 36.7414 55.5831
vt 47 40
vt 46.656 44.876
vt 43.656 44.876
vt 44 40
vt 45.636 48.988
vt 42.636 48.988
vt 43.956 52.264
vt 40.956 52.264
vt 41.64 54.64
vt 38.64 54.64
vt 40 40
vt 39.656 44.876
vt 38.636 48.988
vt 36.956 52.264
vt 34.64 54.64
vt 35.736 56.088
vt 31.736 56.088
vt 63.484 67.314
vt 64 60
vt 67 60
vt 66.484 67.314
vt 61.954 73.48199
vt 64.95399 73.48199
vt 59.434 78.396
vt 62.434 78.396
vt 61.3984 79.458
vt 58.3984 79.458
vt 59.4344 78.3958
vt 62.4344 78.3958
vt 54.7857 84.0361
vt 54.6057 84.1361
vt 51.6057 84.1361
vt 51.7857 84.0361
vt 54.605 84.132
vt 49.425 84.85201
vt 46.425 84.85201
vt 51.605 84.132
vt 60 60
vt 59.484 67.314
vt 57.954 73.48199
vt 55.434 78.396
vt 55.96 81.96
vt 51.96 81.96
vt 51.604 84.132
vt 47.604 84.132
vt 0 40
vt 5.22 39.656
vt 7.83 59.484
vt 0 60
vt 10.352 38.636
vt 15.528 57.954
vt 15.308 36.956
vt 22.962 55.434
vt 20 34.64
vt 30 51.96
vt 24.352 31.736
vt 36.528 47.604
vt 28.284 28.284
vt 42.426 42.426
vt 31.736 24.352
vt 47.604 36.528
vt 34.64 20
vt 51.96 30
vt 36.956 15.308
vt 55.434 22.962
vt 38.636 10.352
vt 57.954 15.528
vt 39.656 5.22
vt 59.484 7.83
vt 40 0
vt 60 0
usemtl 322
f 3/3/3 2/2/2 1/1/1
f 1/1/1 4/4/4 3/3/3
f 3/3/3 6/6/6 5/5/5
f 5/5/5 2/2/2 3/3/3
f 9/9/9 8/8/8 7/7/7
f 7/7/7 5/5/5 9/9/9
f 6/6/6 9/9/9 5/5/5
f 11/11/11 10/10/10 7/7/7
f 7/7/7 8/8/8 11/11/11
f 10/10/10 11/11/11 12/12/12
f 12/12/12 13/13/13 10/10/10
f 14/14/14 10/10/10 13/13/13
f 13/13/13 15/15/15 14/14/14
f 16/16/16 4/4/4 1/1/1
f 1/1/1 17/17/17 16/16/16
f 20/20/20 19/19/19 18/18/18
f 17/17/17 20/20/20 18/18/18
f 18/18/18 16/16/16 17/17/17
f 23/23/23 22/22/22 21/21/21
f 23/23/23 21/21/21 24/24/24
f 24/24/24 25/25/25 23/23/23
f 21/21/21 20/20/20 17/17/17
f 17/17/17 24/24/24 21/21/21
f 26/26/26 25/25/25 24/24/24
f 24/24/24 27/27/27 26/26/26
f 29/29/29 28/28/28 24/24/24
f 24/24/24 17/17/17 29/29/29
f 32/32/32 31/31/31 30/30/30
f 30/30/30 33/33/33 32/32/32
f 34/34/34 32/32/32 33/33/33
f 33/33/33 35/35/35 34/34/34
f 8/8/8 9/9/9 36/36/36
f 36/36/36 37/37/37 8/8/8
f 39/39/39 38/38/38 15/15/15
f 15/15/15 13/13/13 39/39/39
f 42/42/42 41/41/41 40/40/40
f 45/45/45 44/44/44 43/43/43
f 45/45/45 43/43/43 42/42/42
f 42/42/42 40/40/40 45/45/45
f 48/48/48 47/47/47 46/46/46
f 46/46/46 49/49/49 48/48/48
f 50/50/50 48/48/48 49/49/49
f 49/49/49 51/51/51 50/50/50
f 54/54/54 53/53/53 52/52/52
f 52/52/52 55/55/55 54/54/54
f 56/56/56 52/52/52 53/53/53
f 53/53/53 57/57/57 56/56/56
f 33/33/33 59/59/59 58/58/58
f 58/58/58 35/35/35 33/33/33
f 62/62/62 61/61/61 60/60/60
f 60/60/60 63/63/63 62/62/62
f 66/66/66 65/65/65 64/64/64
f 64/64/64 67/67/67 66/66/66
f 69/69/69 68/68/68 65/65/65
f 65/65/65 66/66/66 69/69/69
f 72/72/72 71/71/71 70/70/70
f 70/70/70 73/73/73 72/72/72
f 76/76/76 75/75/75 74/74/74
f 74/74/74 77/77/77 76/76/76
f 75/75/75 79/79/79 78/78/78
f 78/78/78 74/74/74 75/75/75
f 78/78/78 79/79/79 80/80/80
f 80/80/80 72/72/72 78/78/78
f 72/72/72 80/80/80 81/81/81
f 81/81/81 71/71/71 72/72/72
f 83/83/83 82/82/82 71/71/71
f 71/71/71 81/81/81 83/83/83
f 85/85/85 84/84/84 82/82/82
f 82/82/82 83/83/83 85/85/85
f 88/88/88 87/87/87 86/86/86
f 82/82/82 84/84/84 88/88/88
f 88/88/88 86/86/86 82/82/82
f 90/90/90 89/89/89 76/76/76
f 76/76/76 77/77/77 90/90/90
f 91/91/91 76/76/76 89/89/89
f 89/89/89 92/92/92 91/91/91
f 95/95/95 94/94/94 93/93/93
f 93/93/93 96/96/96 95/95/95
f 96/96/96 93/93/93 97/97/97
f 97/97/97 98/98/98 96/96/96
f 97/97/97 76/76/76 91/91/91
f 91/91/91 98/98/98 97/97/97
f 101/101/101 100/100/100 99/99/99
f 99/99/99 95/95/95 101/101/101
f 99/99/99 102/102/102 94/94/94
f 94/94/94 95/95/95 99/99/99
f 99/99/99 103/103/103 102/102/102
f 106/106/106 105/105/105 104/104/104
f 104/104/104 107/107/107 106/106/106
f 110/110/110 109/109/109 108/108/108
f 108/108/108 111/111/111 110/110/110
f 114/114/114 113/113/113 112/112/112
f 112/112/112 115/115/115 114/114/114
f 118/118/118 117/117/117 116/116/116
f 116/116/116 119/119/119 118/118/118
f 118/118/118 119/119/119 120/120/120
f 120/120/120 121/121/121 118/118/118
f 124/124/124 123/123/123 122/122/122
f 125/125/125 124/124/124 122/122/122
f 122/122/122 126/126/126 125/125/125
f 126/126/126 127/127/127 125/125/125
f 130/130/130 129/129/129 128/128/128
f 128/128/128 131/131/131 130/130/130
f 134/134/134 133/133/133 132/132/132
f 132/132/132 135/135/135 134/134/134
f 138/138/138 137/137/137 136/136/136
f 136/136/136 139/139/139 138/138/138
f 142/142/142 141/141/141 140/140/140
f 140/140/140 143/143/143 142/142/142
f 146/146/146 145/145/145 144/144/144
f 144/144/144 147/147/147 146/146/146
f 150/150/150 149/149/149 148/148/148
f 148/148/148 151/151/151 150/150/150
f 154/154/154 153/153/153 152/152/152
f 152/152/152 155/155/155 154/154/154
f 158/158/158 157/157/157 156/156/156
f 156/156/156 159/159/159 158/158/158
f 162/162/162 161/161/161 160/160/160
f 160/160/160 163/163/163 162/162/162
f 166/166/166 165/165/165 164/164/164
f 164/164/164 167/167/167 166/166/166
f 170/170/170 169/169/169 168/168/168
f 168/168/168 171/171/171 170/170/170
f 174/174/174 173/173/173 172/172/172
f 172/172/172 175/175/175 174/174/174
f 178/178/178 177/177/177 176/176/176
f 176/176/176 179/179/179 178/178/178
f 182/182/182 181/181/181 180/180/180
f 180/180/180 183/183/183 182/182/182
f 186/186/186 185/185/185 184/184/184
f 184/184/184 187/187/187 186/186/186
f 190/190/190 189/189/189 188/188/188
f 188/188/188 191/191/191 190/190/190
f 39/39/39 192/192/192 193/193/193
f 193/193/193 194/194/194 39/39/39
f 192/192/192 195/195/195 196/196/196
f 196/196/196 193/193/193 192/192/192
f 195/195/195 197/197/197 198/198/198
f 198/198/198 196/196/196 195/195/195
f 197/197/197 199/199/199 200/200/200
f 200/200/200 198/198/198 197/197/197
f 199/199/199 201/201/201 202/202/202
f 202/202/202 200/200/200 199/199/199
f 201/201/201 203/203/203 204/204/204
f 204/204/204 202/202/202 201/201/201
f 203/203/203 205/205/205 206/206/206
f 206/206/206 204/204/204 203/203/203
f 205/205/205 207/207/207 208/208/208
f 208/208/208 206/206/206 205/205/205
f 207/207/207 209/209/209 210/210/210
f 210/210/210 208/208/208 207/207/207
f 209/209/209 211/211/211 212/212/212
f 212/212/212 210/210/210 209/209/209
f 211/211/211 213/213/213 214/214/214
f 214/214/214 212/212/212 211/211/211
f 213/213/213 215/215/215 216/216/216
f 216/216/216 214/214/214 213/213/213
f 215/215/215 217/217/217 218/218/218
f 218/218/218 216/216/216 215/215/215
f 217/217/217 219/219/219 220/220/220
f 220/220/220 218/218/218 217/217/217
f 219/219/219 221/221/221 222/222/222
f 222/222/222 220/220/220 219/219/219
f 221/221/221 223/223/223 224/224/224
f 224/224/224 222/222/222 221/221/221
f 223/223/223 225/225/225 226/226/226
f 226/226/226 224/224/224 223/223/223
f 225/225/225 227/227/227 228/228/228
f 228/228/228 226/226/226 225/225/225
f 227/227/227 229/229/229 230/230/230
f 230/230/230 228/228/228 227/227/227
f 229/229/229 231/231/231 232/232/232
f 232/232/232 230/230/230 229/229/229
f 231/231/231 233/233/233 234/234/234
f 234/234/234 232/232/232 231/231/231
f 233/233/233 235/235/235 236/236/236
f 236/236/236 234/234/234 233/233/233
f 235/235/235 237/237/237 238/238/238
f 238/238/238 236/236/236 235/235/235
f 237/237/237 37/37/37 36/36/36
f 36/36/36 238/238/238 237/237/237
f 241/241/241 240/240/240 239/239/239
f 239/239/239 242/242/242 241/241/241
f 245/245/245 244/244/244 243/243/243
f 243/243/243 246/246/246 245/245/245
f 246/246/246 243/243/243 247/247/247
f 247/247/247 248/248/248 246/246/246
f 248/248/248 247/247/247 249/249/249
f 249/249/249 250/250/250 248/248/248
f 250/250/250 249/249/249 251/251/251
f 251/251/251 252/252/252 250/250/250
f 252/252/252 251/251/251 253/253/253
f 253/253/253 254/254/254 252/252/252
f 254/254/254 253/253/253 255/255/255
f 255/255/255 256/256/256 254/254/254
f 256/256/256 255/255/255 257/257/257
f 257/257/257 258/258/258 256/256/256
f 258/258/258 257/257/257 259/259/259
f 259/259/259 260/260/260 258/258/258
f 260/260/260 259/259/259 261/261/261
f 261/261/261 262/262/262 260/260/260
f 262/262/262 261/261/261 263/263/263
f 263/263/263 264/264/264 262/262/262
f 264/264/264 263/263/263 265/265/265
f 265/265/265 266/266/266 264/264/264
f 266/266/266 265/265/265 267/267/267
f 267/267/267 268/268/268 266/266/266
f 268/268/268 267/267/267 269/269/269
f 269/269/269 270/270/270 268/268/268
f 270/270/270 269/269/269 271/271/271
f 271/271/271 272/272/272 270/270/270
f 272/272/272 271/271/271 273/273/273
f 273/273/273 274/274/274 272/272/272
f 274/274/274 273/273/273 275/275/275
f 275/275/275 276/276/276 274/274/274
f 276/276/276 275/275/275 277/277/277
f 277/277/277 278/278/278 276/276/276
f 278/278/278 277/277/277 279/279/279
f 279/279/279 280/280/280 278/278/278
f 280/280/280 279/279/279 281/281/281
f 281/281/281 282/282/282 280/280/280
f 282/282/282 281/281/281 283/283/283
f 283/283/283 284/284/284 282/282/282
f 284/284/284 283/283/283 285/285/285
f 285/285/285 286/286/286 284/284/284
f 286/286/286 285/285/285 287/287/287
f 287/287/287 288/288/288 286/286/286
f 288/288/288 287/287/287 289/289/289
f 289/289/289 290/290/290 288/288/288
f 290/290/290 289/289/289 291/291/291
f 291/291/291 292/292/292 290/290/290
f 291/291/291 294/294/294 293/293/293
f 293/293/293 292/292/292 291/291/291
f 42/42/42 43/43/43 295/295/295
f 295/295/295 296/296/296 42/42/42
f 296/296/296 295/295/295 297/297/297
f 297/297/297 298/298/298 296/296/296
f 298/298/298 297/297/297 299/299/299
f 299/299/299 300/300/300 298/298/298
f 300/300/300 299/299/299 301/301/301
f 301/301/301 302/302/302 300/300/300
f 302/302/302 301/301/301 303/303/303
f 303/303/303 304/304/304 302/302/302
f 304/304/304 303/303/303 305/305/305
f 305/305/305 306/306/306 304/304/304
f 306/306/306 305/305/305 307/307/307
f 307/307/307 308/308/308 306/306/306
f 308/308/308 307/307/307 309/309/309
f 309/309/309 310/310/310 308/308/308
f 310/310/310 309/309/309 311/311/311
f 311/311/311 312/312/312 310/310/310
f 312/312/312 311/311/311 313/313/313
f 313/313/313 314/314/314 312/312/312
f 314/314/314 313/313/313 315/315/315
f 315/315/315 316/316/316 314/314/314
f 316/316/316 315/315/315 317/317/317
f 320/320/320 319/319/319 318/318/318
f 318/318/318 321/321/321 320/320/320
f 322/322/322 320/320/320 321/321/321
f 321/321/321 323/323/323 322/322/322
f 324/324/324 322/322/322 323/323/323
f 323/323/323 325/325/325 324/324/324
f 326/326/326 324/324/324 325/325/325
f 325/325/325 327/327/327 326/326/326
f 328/328/328 326/326/326 327/327/327
f 327/327/327 329/329/329 328/328/328
f 330/330/330 328/328/328 329/329/329
f 329/329/329 331/331/331 330/330/330
f 332/332/332 330/330/330 331/331/331
f 331/331/331 333/333/333 332/332/332
f 334/334/334 332/332/332 333/333/333
f 333/333/333 335/335/335 334/334/334
f 336/336/336 334/334/334 335/335/335
f 335/335/335 337/337/337 336/336/336
f 338/338/338 336/336/336 337/337/337
f 337/337/337 339/339/339 338/338/338
f 340/340/340 338/338/338 339/339/339
f 339/339/339 341/341/341 340/340/340
f 342/342/342 340/340/340 341/341/341
f 341/341/341 343/343/343 342/342/342
f 344/344/344 342/342/342 343/343/343
f 343/343/343 345/345/345 344/344/344
f 346/346/346 344/344/344 345/345/345
f 345/345/345 347/347/347 346/346/346
f 348/348/348 346/346/346 347/347/347
f 347/347/347 349/349/349 348/348/348
f 350/350/350 348/348/348 349/349/349
f 349/349/349 351/351/351 350/350/350
f 352/352/352 350/350/350 351/351/351
f 351/351/351 353/353/353 352/352/352
f 354/354/354 352/352/352 353/353/353
f 353/353/353 355/355/355 354/354/354
f 356/356/356 354/354/354 355/355/355
f 355/355/355 357/357/357 356/356/356
f 358/358/358 356/356/356 357/357/357
f 357/357/357 359/359/359 358/358/358
f 360/360/360 358/358/358 359/359/359
f 359/359/359 361/361/361 360/360/360
f 362/362/362 360/360/360 361/361/361
f 361/361/361 363/363/363 362/362/362
f 364/364/364 362/362/362 363/363/363
f 363/363/363 365/365/365 364/364/364
f 366/366/366 364/364/364 365/365/365
f 365/365/365 367/367/367 366/366/366
f 368/368/368 366/366/366 367/367/367
f 367/367/367 369/369/369 368/368/368
f 372/372/372 371/371/371 370/370/370
f 370/370/370 373/373/373 372/372/372
f 376/376/376 375/375/375 374/374/374
f 374/374/374 377/377/377 376/376/376
f 375/375/375 379/379/379 378/378/378
f 378/378/378 374/374/374 375/375/375
f 379/379/379 381/381/381 380/380/380
f 380/380/380 378/378/378 379/379/379
f 381/381/381 383/383/383 382/382/382
f 382/382/382 380/380/380 381/381/381
f 383/383/383 385/385/385 384/384/384
f 384/384/384 382/382/382 383/383/383
f 385/385/385 387/387/387 386/386/386
f 386/386/386 384/384/384 385/385/385
f 387/387/387 389/389/389 388/388/388
f 388/388/388 386/386/386 387/387/387
f 389/389/389 391/391/391 390/390/390
f 390/390/390 388/388/388 389/389/389
f 391/391/391 392/392/392 59/59/59
f 59/59/59 390/390/390 391/391/391
f 393/393/393 394/394/394 395/395/395
f 395/395/395 396/396/396 393/393/393
f 394/394/394 397/397/397 398/398/398
f 398/398/398 395/395/395 394/394/394
f 397/397/397 399/399/399 400/400/400
f 400/400/400 398/398/398 397/397/397
f 399/399/399 401/401/401 402/402/402
f 402/402/402 400/400/400 399/399/399
f 401/401/401 403/403/403 404/404/404
f 404/404/404 402/402/402 401/401/401
f 403/403/403 405/405/405 406/406/406
f 406/406/406 404/404/404 403/403/403
f 405/405/405 407/407/407 408/408/408
f 408/408/408 406/406/406 405/405/405
f 407/407/407 409/409/409 410/410/410
f 410/410/410 408/408/408 407/407/407
f 409/409/409 411/411/411 412/412/412
f 412/412/412 410/410/410 409/409/409
f 415/415/415 414/414/414 413/413/413
f 413/413/413 416/416/416 415/415/415
f 418/418/418 417/417/417 414/414/414
f 414/414/414 415/415/415 418/418/418
f 420/420/420 419/419/419 417/417/417
f 417/417/417 418/418/418 420/420/420
f 422/422/422 421/421/421 419/419/419
f 419/419/419 420/420/420 422/422/422
f 424/424/424 423/423/423 421/421/421
f 421/421/421 422/422/422 424/424/424
f 426/426/426 425/425/425 423/423/423
f 423/423/423 424/424/424 426/426/426
f 428/428/428 427/427/427 425/425/425
f 425/425/425 426/426/426 428/428/428
f 430/430/430 429/429/429 427/427/427
f 427/427/427 428/428/428 430/430/430
f 432/432/432 431/431/431 429/429/429
f 429/429/429 430/430/430 432/432/432
f 435/435/435 434/434/434 433/433/433
f 433/433/433 436/436/436 435/435/435
f 437/437/437 431/431/431 432/432/432
f 432/432/432 438/438/438 437/437/437
f 60/60/60 440/440/440 439/439/439
f 60/60/60 439/439/439 441/441/441
f 60/60/60 441/441/441 442/442/442
f 60/60/60 442/442/442 443/443/443
f 60/60/60 443/443/443 444/444/444
f 60/60/60 444/444/444 445/445/445
f 60/60/60 445/445/445 446/446/446
f 60/60/60 446/446/446 63/63/63
f 449/449/449 448/448/448 447/447/447
f 447/447/447 450/450/450 449/449/449
f 453/453/453 452/452/452 451/451/451
f 451/451/451 454/454/454 453/453/453
f 457/457/457 456/456/456 455/455/455
f 455/455/455 458/458/458 457/457/457
f 461/461/461 460/460/460 459/459/459
f 459/459/459 462/462/462 461/461/461
f 465/465/465 464/464/464 463/463/463
f 463/463/463 466/466/466 465/465/465
f 469/469/469 468/468/468 467/467/467
f 467/467/467 470/470/470 469/469/469
f 473/473/473 472/472/472 471/471/471
f 471/471/471 474/474/474 473/473/473
f 477/477/477 476/476/476 475/475/475
f 475/475/475 478/478/478 477/477/477
f 481/481/481 480/480/480 479/479/479
f 479/479/479 482/482/482 481/481/481
f 485/485/485 484/484/484 483/483/483
f 483/483/483 486/486/486 485/485/485
f 489/489/489 488/488/488 487/487/487
f 487/487/487 490/490/490 489/489/489
f 491/491/491 489/489/489 490/490/490
f 490/490/490 492/492/492 491/491/491
f 495/495/495 494/494/494 493/493/493
f 493/493/493 496/496/496 495/495/495
f 499/499/499 498/498/498 497/497/497
f 497/497/497 500/500/500 499/499/499
f 503/503/503 502/502/502 501/501/501
f 501/501/501 504/504/504 503/503/503
f 507/507/507 506/506/506 505/505/505
f 505/505/505 508/508/508 507/507/507
f 510/510/510 509/509/509 506/506/506
f 506/506/506 507/507/507 510/510/510
f 512/512/512 511/511/511 509/509/509
f 509/509/509 510/510/510 512/512/512
f 514/514/514 513/513/513 511/511/511
f 511/511/511 512/512/512 514/514/514
f 517/517/517 516/516/516 515/515/515
f 515/515/515 518/518/518 517/517/517
f 520/520/520 519/519/519 516/516/516
f 516/516/516 517/517/517 520/520/520
f 112/112/112 521/521/521 519/519/519
f 519/519/519 520/520/520 112/112/112
f 524/524/524 523/523/523 522/522/522
f 522/522/522 525/525/525 524/524/524
f 526/526/526 527/527/527 528/528/528
f 528/528/528 529/529/529 526/526/526
f 527/527/527 530/530/530 531/531/531
f 531/531/531 528/528/528 527/527/527
f 530/530/530 532/532/532 533/533/533
f 533/533/533 531/531/531 530/530/530
f 532/532/532 534/534/534 535/535/535
f 535/535/535 533/533/533 532/532/532
f 536/536/536 529/529/529 528/528/528
f 528/528/528 537/537/537 536/536/536
f 537/537/537 528/528/528 531/531/531
f 531/531/531 538/538/538 537/537/537
f 538/538/538 531/531/531 533/533/533
f 533/533/533 539/539/539 538/538/538
f 539/539/539 533/533/533 535/535/535
f 535/535/535 540/540/540 539/539/539
f 540/540/540 535/535/535 541/541/541
f 541/541/541 542/542/542 540/540/540
f 542/542/542 541/541/541 543/543/543
f 543/543/543 544/544/544 542/542/542
f 547/547/547 546/546/546 545/545/545
f 545/545/545 548/548/548 547/547/547
f 548/548/548 545/545/545 549/549/549
f 549/549/549 550/550/550 548/548/548
f 550/550/550 549/549/549 551/551/551
f 551/551/551 552/552/552 550/550/550
f 555/555/555 554/554/554 553/553/553
f 553/553/553 556/556/556 555/555/555
f 559/559/559 558/558/558 557/557/557
f 557/557/557 560/560/560 559/559/559
f 563/563/563 562/562/562 561/561/561
f 561/561/561 564/564/564 563/563/563
f 545/545/545 546/546/546 565/565/565
f 565/565/565 566/566/566 545/545/545
f 549/549/549 545/545/545 566/566/566
f 566/566/566 567/567/567 549/549/549
f 551/551/551 549/549/549 567/567/567
f 567/567/567 568/568/568 551/551/551
f 569/569/569 551/551/551 568/568/568
f 568/568/568 570/570/570 569/569/569
f 571/571/571 569/569/569 570/570/570
f 570/570/570 572/572/572 571/571/571
f 573/573/573 571/571/571 572/572/572
f 572/572/572 574/574/574 573/573/573
f 577/577/577 576/576/576 575/575/575
f 575/575/575 578/578/578 577/577/577
f 580/580/580 579/579/579 575/575/575
f 575/575/575 576/576/576 580/580/580
f 583/583/583 582/582/582 581/581/581
f 581/581/581 580/580/580 583/583/583
f 580/580/580 581/581/581 579/579/579
f 583/583/583 585/585/585 584/584/584
f 584/584/584 582/582/582 583/583/583
f 586/586/586 584/584/584 585/585/585
f 585/585/585 587/587/587 586/586/586
f 587/587/587 585/585/585 588/588/588
f 588/588/588 589/589/589 587/587/587
f 577/577/577 578/578/578 590/590/590
f 590/590/590 591/591/591 577/577/577
f 594/594/594 593/593/593 592/592/592
f 594/594/594 592/592/592 591/591/591
f 591/591/591 590/590/590 594/594/594
f 597/597/597 596/596/596 595/595/595
f 598/598/598 597/597/597 595/595/595
f 595/595/595 599/599/599 598/598/598
f 591/591/591 592/592/592 597/597/597
f 597/597/597 598/598/598 591/591/591
f 598/598/598 599/599/599 600/600/600
f 600/600/600 601/601/601 598/598/598
f 598/598/598 603/603/603 602/602/602
f 602/602/602 591/591/591 598/598/598
f 30/30/30 31/31/31 604/604/604
f 604/604/604 605/605/605 30/30/30
f 605/605/605 604/604/604 606/606/606
f 606/606/606 607/607/607 605/605/605
f 608/608/608 581/581/581 582/582/582
f 582/582/582 609/609/609 608/608/608
f 589/589/589 611/611/611 610/610/610
f 610/610/610 587/587/587 589/589/589
f 614/614/614 613/613/613 612/612/612
f 617/617/617 616/616/616 615/615/615
f 612/612/612 617/617/617 615/615/615
f 615/615/615 614/614/614 612/612/612
f 620/620/620 619/619/619 618/618/618
f 618/618/618 621/621/621 620/620/620
f 621/621/621 618/618/618 622/622/622
f 622/622/622 623/623/623 621/621/621
f 626/626/626 625/625/625 624/624/624
f 624/624/624 627/627/627 626/626/626
f 625/625/625 626/626/626 628/628/628
f 628/628/628 629/629/629 625/625/625
f 631/631/631 630/630/630 605/605/605
f 605/605/605 607/607/607 631/631/631
f 60/60/60 61/61/61 632/632/632
f 632/632/632 633/633/633 60/60/60
f 636/636/636 635/635/635 634/634/634
f 634/634/634 637/637/637 636/636/636
f 635/635/635 639/639/639 638/638/638
f 638/638/638 634/634/634 635/635/635
f 642/642/642 641/641/641 640/640/640
f 640/640/640 643/643/643 642/642/642
f 646/646/646 645/645/645 644/644/644
f 644/644/644 647/647/647 646/646/646
f 649/649/649 648/648/648 645/645/645
f 645/645/645 646/646/646 649/649/649
f 650/650/650 648/648/648 649/649/649
f 649/649/649 640/640/640 650/650/650
f 651/651/651 650/650/650 640/640/640
f 640/640/640 641/641/641 651/651/651
f 641/641/641 653/653/653 652/652/652
f 652/652/652 651/651/651 641/641/641
f 653/653/653 655/655/655 654/654/654
f 654/654/654 652/652/652 653/653/653
f 658/658/658 657/657/657 656/656/656
f 656/656/656 655/655/655 653/653/653
f 653/653/653 658/658/658 656/656/656
f 644/644/644 660/660/660 659/659/659
f 659/659/659 647/647/647 644/644/644
f 660/660/660 644/644/644 661/661/661
f 661/661/661 662/662/662 660/660/660
f 665/665/665 664/664/664 663/663/663
f 663/663/663 666/666/666 665/665/665
f 667/667/667 665/665/665 666/666/666
f 666/666/666 668/668/668 667/667/667
f 661/661/661 644/644/644 667/667/667
f 667/667/667 668/668/668 661/661/661
f 669/669/669 100/100/100 101/101/101
f 101/101/101 663/663/663 669/669/669
f 664/664/664 670/670/670 669/669/669
f 669/669/669 663/663/663 664/664/664
f 670/670/670 671/671/671 669/669/669
f 674/674/674 673/673/673 672/672/672
f 672/672/672 675/675/675 674/674/674
f 678/678/678 677/677/677 676/676/676
f 676/676/676 679/679/679 678/678/678
f 682/682/682 681/681/681 680/680/680
f 680/680/680 683/683/683 682/682/682
f 686/686/686 685/685/685 684/684/684
f 684/684/684 687/687/687 686/686/686
f 120/120/120 687/687/687 684/684/684
f 684/684/684 121/121/121 120/120/120
f 690/690/690 689/689/689 688/688/688
f 690/690/690 688/688/688 691/691/691
f 691/691/691 692/692/692 690/690/690
f 691/691/691 693/693/693 692/692/692
f 694/694/694 695/695/695 696/696/696
f 696/696/696 697/697/697 694/694/694
f 698/698/698 699/699/699 700/700/700
f 700/700/700 701/701/701 698/698/698
f 702/702/702 703/703/703 704/704/704
f 704/704/704 705/705/705 702/702/702
f 706/706/706 707/707/707 708/708/708
f 708/708/708 709/709/709 706/706/706
f 710/710/710 711/711/711 712/712/712
f 712/712/712 713/713/713 710/710/710
f 714/714/714 715/715/715 716/716/716
f 716/716/716 717/717/717 714/714/714
f 718/718/718 719/719/719 720/720/720
f 720/720/720 721/721/721 718/718/718
f 722/722/722 723/723/723 724/724/724
f 724/724/724 725/725/725 722/722/722
f 726/726/726 727/727/727 728/728/728
f 728/728/728 729/729/729 726/726/726
f 730/730/730 731/731/731 732/732/732
f 732/732/732 733/733/733 730/730/730
f 734/734/734 735/735/735 736/736/736
f 736/736/736 737/737/737 734/734/734
f 738/738/738 739/739/739 740/740/740
f 740/740/740 741/741/741 738/738/738
f 742/742/742 743/743/743 744/744/744
f 744/744/744 745/745/745 742/742/742
f 746/746/746 747/747/747 748/748/748
f 748/748/748 749/749/749 746/746/746
f 750/750/750 751/751/751 752/752/752
f 752/752/752 753/753/753 750/750/750
f 754/754/754 755/755/755 756/756/756
f 756/756/756 757/757/757 754/754/754
f 759/759/759 758/758/758 610/610/610
f 610/610/610 760/760/760 759/759/759
f 762/762/762 761/761/761 758/758/758
f 758/758/758 759/759/759 762/762/762
f 764/764/764 763/763/763 761/761/761
f 761/761/761 762/762/762 764/764/764
f 766/766/766 765/765/765 763/763/763
f 763/763/763 764/764/764 766/766/766
f 768/768/768 767/767/767 765/765/765
f 765/765/765 766/766/766 768/768/768
f 770/770/770 769/769/769 767/767/767
f 767/767/767 768/768/768 770/770/770
f 772/772/772 771/771/771 769/769/769
f 769/769/769 770/770/770 772/772/772
f 774/774/774 773/773/773 771/771/771
f 771/771/771 772/772/772 774/774/774
f 776/776/776 775/775/775 773/773/773
f 773/773/773 774/774/774 776/776/776
f 778/778/778 777/777/777 775/775/775
f 775/775/775 776/776/776 778/778/778
f 780/780/780 779/779/779 777/777/777
f 777/777/777 778/778/778 780/780/780
f 782/782/782 781/781/781 779/779/779
f 779/779/779 780/780/780 782/782/782
f 784/784/784 783/783/783 781/781/781
f 781/781/781 782/782/782 784/784/784
f 786/786/786 785/785/785 783/783/783
f 783/783/783 784/784/784 786/786/786
f 788/788/788 787/787/787 785/785/785
f 785/785/785 786/786/786 788/788/788
f 790/790/790 789/789/789 787/787/787
f 787/787/787 788/788/788 790/790/790
f 792/792/792 791/791/791 789/789/789
f 789/789/789 790/790/790 792/792/792
f 794/794/794 793/793/793 791/791/791
f 791/791/791 792/792/792 794/794/794
f 796/796/796 795/795/795 793/793/793
f 793/793/793 794/794/794 796/796/796
f 798/798/798 797/797/797 795/795/795
f 795/795/795 796/796/796 798/798/798
f 800/800/800 799/799/799 797/797/797
f 797/797/797 798/798/798 800/800/800
f 802/802/802 801/801/801 799/799/799
f 799/799/799 800/800/800 802/802/802
f 804/804/804 803/803/803 801/801/801
f 801/801/801 802/802/802 804/804/804
f 608/608/608 609/609/609 803/803/803
f 803/803/803 804/804/804 608/608/608
f 805/805/805 806/806/806 807/807/807
f 807/807/807 808/808/808 805/805/805
f 809/809/809 810/810/810 811/811/811
f 811/811/811 812/812/812 809/809/809
f 813/813/813 809/809/809 812/812/812
f 812/812/812 814/814/814 813/813/813
f 815/815/815 813/813/813 814/814/814
f 814/814/814 816/816/816 815/815/815
f 817/817/817 815/815/815 816/816/816
f 816/816/816 818/818/818 817/817/817
f 819/819/819 817/817/817 818/818/818
f 818/818/818 820/820/820 819/819/819
f 821/821/821 819/819/819 820/820/820
f 820/820/820 822/822/822 821/821/821
f 823/823/823 821/821/821 822/822/822
f 822/822/822 824/824/824 823/823/823
f 825/825/825 823/823/823 824/824/824
f 824/824/824 826/826/826 825/825/825
f 827/827/827 825/825/825 826/826/826
f 826/826/826 828/828/828 827/827/827
f 829/829/829 827/827/827 828/828/828
f 828/828/828 830/830/830 829/829/829
f 831/831/831 829/829/829 830/830/830
f 830/830/830 832/832/832 831/831/831
f 833/833/833 831/831/831 832/832/832
f 832/832/832 834/834/834 833/833/833
f 835/835/835 833/833/833 834/834/834
f 834/834/834 836/836/836 835/835/835
f 837/837/837 835/835/835 836/836/836
f 836/836/836 838/838/838 837/837/837
f 839/839/839 837/837/837 838/838/838
f 838/838/838 840/840/840 839/839/839
f 841/841/841 839/839/839 840/840/840
f 840/840/840 842/842/842 841/841/841
f 843/843/843 841/841/841 842/842/842
f 842/842/842 844/844/844 843/843/843
f 845/845/845 843/843/843 844/844/844
f 844/844/844 846/846/846 845/845/845
f 847/847/847 845/845/845 846/846/846
f 846/846/846 848/848/848 847/847/847
f 849/849/849 847/847/847 848/848/848
f 848/848/848 850/850/850 849/849/849
f 851/851/851 849/849/849 850/850/850
f 850/850/850 852/852/852 851/851/851
f 853/853/853 851/851/851 852/852/852
f 852/852/852 854/854/854 853/853/853
f 855/855/855 853/853/853 854/854/854
f 854/854/854 856/856/856 855/855/855
f 857/857/857 855/855/855 856/856/856
f 856/856/856 858/858/858 857/857/857
f 859/859/859 860/860/860 857/857/857
f 857/857/857 858/858/858 859/859/859
f 861/861/861 617/617/617 612/612/612
f 612/612/612 862/862/862 861/861/861
f 863/863/863 861/861/861 862/862/862
f 862/862/862 864/864/864 863/863/863
f 865/865/865 863/863/863 864/864/864
f 864/864/864 866/866/866 865/865/865
f 867/867/867 865/865/865 866/866/866
f 866/866/866 868/868/868 867/867/867
f 869/869/869 867/867/867 868/868/868
f 868/868/868 870/870/870 869/869/869
f 871/871/871 869/869/869 870/870/870
f 870/870/870 872/872/872 871/871/871
f 873/873/873 871/871/871 872/872/872
f 872/872/872 874/874/874 873/873/873
f 875/875/875 873/873/873 874/874/874
f 874/874/874 876/876/876 875/875/875
f 877/877/877 875/875/875 876/876/876
f 876/876/876 878/878/878 877/877/877
f 879/879/879 877/877/877 878/878/878
f 878/878/878 880/880/880 879/879/879
f 881/881/881 879/879/879 880/880/880
f 880/880/880 882/882/882 881/881/881
f 883/883/883 881/881/881 882/882/882
f 884/884/884 885/885/885 886/886/886
f 886/886/886 887/887/887 884/884/884
f 887/887/887 886/886/886 888/888/888
f 888/888/888 889/889/889 887/887/887
f 889/889/889 888/888/888 890/890/890
f 890/890/890 891/891/891 889/889/889
f 891/891/891 890/890/890 892/892/892
f 892/892/892 893/893/893 891/891/891
f 893/893/893 892/892/892 894/894/894
f 894/894/894 895/895/895 893/893/893
f 895/895/895 894/894/894 896/896/896
f 896/896/896 897/897/897 895/895/895
f 897/897/897 896/896/896 898/898/898
f 898/898/898 899/899/899 897/897/897
f 899/899/899 898/898/898 900/900/900
f 900/900/900 901/901/901 899/899/899
f 901/901/901 900/900/900 902/902/902
f 902/902/902 903/903/903 901/901/901
f 903/903/903 902/902/902 904/904/904
f 904/904/904 905/905/905 903/903/903
f 905/905/905 904/904/904 906/906/906
f 906/906/906 907/907/907 905/905/905
f 907/907/907 906/906/906 908/908/908
f 908/908/908 909/909/909 907/907/907
f 909/909/909 908/908/908 910/910/910
f 910/910/910 911/911/911 909/909/909
f 911/911/911 910/910/910 912/912/912
f 912/912/912 913/913/913 911/911/911
f 913/913/913 912/912/912 914/914/914
f 914/914/914 915/915/915 913/913/913
f 915/915/915 914/914/914 916/916/916
f 916/916/916 917/917/917 915/915/915
f 917/917/917 916/916/916 918/918/918
f 918/918/918 919/919/919 917/917/917
f 919/919/919 918/918/918 920/920/920
f 920/920/920 921/921/921 919/919/919
f 921/921/921 920/920/920 922/922/922
f 922/922/922 923/923/923 921/921/921
f 923/923/923 922/922/922 924/924/924
f 924/924/924 925/925/925 923/923/923
f 925/925/925 924/924/924 926/926/926
f 926/926/926 927/927/927 925/925/925
f 927/927/927 926/926/926 928/928/928
f 928/928/928 929/929/929 927/927/927
f 929/929/929 928/928/928 930/930/930
f 930/930/930 931/931/931 929/929/929
f 931/931/931 930/930/930 932/932/932
f 932/932/932 933/933/933 931/931/931
f 933/933/933 932/932/932 934/934/934
f 934/934/934 935/935/935 933/933/933
f 936/936/936 937/937/937 938/938/938
f 938/938/938 939/939/939 936/936/936
f 940/940/940 941/941/941 376/376/376
f 376/376/376 377/377/377 940/940/940
f 942/942/942 943/943/943 941/941/941
f 941/941/941 940/940/940 942/942/942
f 944/944/944 945/945/945 943/943/943
f 943/943/943 942/942/942 944/944/944
f 946/946/946 947/947/947 945/945/945
f 945/945/945 944/944/944 946/946/946
f 948/948/948 949/949/949 947/947/947
f 947/947/947 946/946/946 948/948/948
f 950/950/950 951/951/951 949/949/949
f 949/949/949 948/948/948 950/950/950
f 952/952/952 953/953/953 951/951/951
f 951/951/951 950/950/950 952/952/952
f 954/954/954 955/955/955 953/953/953
f 953/953/953 952/952/952 954/954/954
f 630/630/630 956/956/956 955/955/955
f 955/955/955 954/954/954 630/630/630
f 958/958/958 957/957/957 393/393/393
f 393/393/393 396/396/396 958/958/958
f 960/960/960 959/959/959 957/957/957
f 957/957/957 958/958/958 960/960/960
f 962/962/962 961/961/961 959/959/959
f 959/959/959 960/960/960 962/962/962
f 964/964/964 963/963/963 961/961/961
f 961/961/961 962/962/962 964/964/964
f 966/966/966 965/965/965 963/963/963
f 963/963/963 964/964/964 966/966/966
f 968/968/968 967/967/967 965/965/965
f 965/965/965 966/966/966 968/968/968
f 970/970/970 969/969/969 967/967/967
f 967/967/967 968/968/968 970/970/970
f 972/972/972 971/971/971 969/969/969
f 969/969/969 970/970/970 972/972/972
f 974/974/974 973/973/973 971/971/971
f 971/971/971 972/972/972 974/974/974
f 413/413/413 975/975/975 976/976/976
f 976/976/976 416/416/416 413/413/413
f 975/975/975 977/977/977 978/978/978
f 978/978/978 976/976/976 975/975/975
f 977/977/977 979/979/979 980/980/980
f 980/980/980 978/978/978 977/977/977
f 979/979/979 981/981/981 982/982/982
f 982/982/982 980/980/980 979/979/979
f 981/981/981 983/983/983 984/984/984
f 984/984/984 982/982/982 981/981/981
f 983/983/983 985/985/985 986/986/986
f 986/986/986 984/984/984 983/983/983
f 985/985/985 987/987/987 988/988/988
f 988/988/988 986/986/986 985/985/985
f 987/987/987 989/989/989 990/990/990
f 990/990/990 988/988/988 987/987/987
f 989/989/989 991/991/991 992/992/992
f 992/992/992 990/990/990 989/989/989
f 993/993/993 994/994/994 995/995/995
f 995/995/995 996/996/996 993/993/993
f 992/992/992 991/991/991 997/997/997
f 997/997/997 998/998/998 992/992/992
f 999/999/999 1000/1000/1000 60/60/60
f 1001/1001/1001 999/999/999 60/60/60
f 1002/1002/1002 1001/1001/1001 60/60/60
f 1003/1003/1003 1002/1002/1002 60/60/60
f 1004/1004/1004 1003/1003/1003 60/60/60
f 1005/1005/1005 1004/1004/1004 60/60/60
f 1006/1006/1006 1005/1005/1005 60/60/60
f 633/633/633 1006/1006/1006 60/60/60
f 1007/1007/1007 1008/1008/1008 1009/1009/1009
f 1009/1009/1009 1010/1010/1010 1007/1007/1007
f 1011/1011/1011 1012/1012/1012 1013/1013/1013
f 1013/1013/1013 1014/1014/1014 1011/1011/1011
f 1015/1015/1015 1016/1016/1016 1017/1017/1017
f 1017/1017/1017 1018/1018/1018 1015/1015/1015
f 1019/1019/1019 1020/1020/1020 1021/1021/1021
f 1021/1021/1021 1022/1022/1022 1019/1019/1019
f 1023/1023/1023 1024/1024/1024 1025/1025/1025
f 1025/1025/1025 1026/1026/1026 1023/1023/1023
f 1027/1027/1027 1028/1028/1028 1029/1029/1029
f 1029/1029/1029 1030/1030/1030 1027/1027/1027
f 1031/1031/1031 1032/1032/1032 1033/1033/1033
f 1033/1033/1033 1034/1034/1034 1031/1031/1031
f 1035/1035/1035 1036/1036/1036 1037/1037/1037
f 1037/1037/1037 1038/1038/1038 1035/1035/1035
f 1039/1039/1039 1040/1040/1040 1041/1041/1041
f 1041/1041/1041 1042/1042/1042 1039/1039/1039
f 1043/1043/1043 1044/1044/1044 1045/1045/1045
f 1045/1045/1045 1046/1046/1046 1043/1043/1043
f 1047/1047/1047 1048/1048/1048 1049/1049/1049
f 1049/1049/1049 1050/1050/1050 1047/1047/1047
f 1050/1050/1050 1049/1049/1049 1051/1051/1051
f 1051/1051/1051 1052/1052/1052 1050/1050/1050
f 1053/1053/1053 1054/1054/1054 1055/1055/1055
f 1055/1055/1055 1056/1056/1056 1053/1053/1053
f 1057/1057/1057 1058/1058/1058 1059/1059/1059
f 1059/1059/1059 1060/1060/1060 1057/1057/1057
f 1061/1061/1061 1062/1062/1062 1063/1063/1063
f 1063/1063/1063 1064/1064/1064 1061/1061/1061
f 1065/1065/1065 1066/1066/1066 1067/1067/1067
f 1067/1067/1067 1068/1068/1068 1065/1065/1065
f 1066/1066/1066 1069/1069/1069 1070/1070/1070
f 1070/1070/1070 1067/1067/1067 1066/1066/1066
f 1069/1069/1069 1071/1071/1071 1072/1072/1072
f 1072/1072/1072 1070/1070/1070 1069/1069/1069
f 1071/1071/1071 1073/1073/1073 1074/1074/1074
f 1074/1074/1074 1072/1072/1072 1071/1071/1071
f 1075/1075/1075 1076/1076/1076 1077/1077/1077
f 1077/1077/1077 1078/1078/1078 1075/1075/1075
f 1076/1076/1076 1079/1079/1079 1080/1080/1080
f 1080/1080/1080 1077/1077/1077 1076/1076/1076
f 1079/1079/1079 1081/1081/1081 682/682/682
f 682/682/682 1080/1080/1080 1079/1079/1079
f 1082/1082/1082 1083/1083/1083 1084/1084/1084
f 1084/1084/1084 1085/1085/1085 1082/1082/1082
f 1088/1088/1088 1087/1087/1087 1086/1086/1086
f 1086/1086/1086 1089/1089/1089 1088/1088/1088
f 1091/1091/1091 1090/1090/1090 1087/1087/1087
f 1087/1087/1087 1088/1088/1088 1091/1091/1091
f 1093/1093/1093 1092/1092/1092 1090/1090/1090
f 1090/1090/1090 1091/1091/1091 1093/1093/1093
f 1095/1095/1095 1094/1094/1094 1092/1092/1092
f 1092/1092/1092 1093/1093/1093 1095/1095/1095
f 1088/1088/1088 1089/1089/1089 1096/1096/1096
f 1096/1096/1096 1097/1097/1097 1088/1088/1088
f 1091/1091/1091 1088/1088/1088 1097/1097/1097
f 1097/1097/1097 1098/1098/1098 1091/1091/1091
f 1093/1093/1093 1091/1091/1091 1098/1098/1098
f 1098/1098/1098 1099/1099/1099 1093/1093/1093
f 1095/1095/1095 1093/1093/1093 1099/1099/1099
f 1099/1099/1099 1100/1100/1100 1095/1095/1095
f 1101/1101/1101 1095/1095/1095 1100/1100/1100
f 1100/1100/1100 1102/1102/1102 1101/1101/1101
f 543/543/543 1101/1101/1101 1102/1102/1102
f 1102/1102/1102 544/544/544 543/543/543
f 1103/1103/1103 1104/1104/1104 1105/1105/1105
f 1105/1105/1105 1106/1106/1106 1103/1103/1103
f 1107/1107/1107 1103/1103/1103 1106/1106/1106
f 1106/1106/1106 1108/1108/1108 1107/1107/1107
f 1109/1109/1109 1107/1107/1107 1108/1108/1108
f 1108/1108/1108 1110/1110/1110 1109/1109/1109
f 1111/1111/1111 1112/1112/1112 1113/1113/1113
f 1113/1113/1113 1114/1114/1114 1111/1111/1111
f 1115/1115/1115 1116/1116/1116 1117/1117/1117
f 1117/1117/1117 1118/1118/1118 1115/1115/1115
f 1119/1119/1119 1120/1120/1120 1121/1121/1121
f 1121/1121/1121 1122/1122/1122 1119/1119/1119
f 1123/1123/1123 1104/1104/1104 1103/1103/1103
f 1103/1103/1103 1124/1124/1124 1123/1123/1123
f 1124/1124/1124 1103/1103/1103 1107/1107/1107
f 1107/1107/1107 1125/1125/1125 1124/1124/1124
f 1125/1125/1125 1107/1107/1107 1109/1109/1109
f 1109/1109/1109 1126/1126/1126 1125/1125/1125
f 1126/1126/1126 1109/1109/1109 1127/1127/1127
f 1127/1127/1127 1128/1128/1128 1126/1126/1126
f 1128/1128/1128 1127/1127/1127 1129/1129/1129
f 1129/1129/1129 1130/1130/1130 1128/1128/1128
f 1130/1130/1130 1129/1129/1129 573/573/573
f 573/573/573 574/574/574 1130/1130/1130
f 1131/1131/1131 1132/1132/1132 1133/1133/1133
f 1133/1133/1133 1134/1134/1134 1131/1131/1131
f 1132/1132/1132 1135/1135/1135 1136/1136/1136
f 1136/1136/1136 1133/1133/1133 1132/1132/1132
f 1135/1135/1135 1137/1137/1137 1138/1138/1138
f 1138/1138/1138 1136/1136/1136 1135/1135/1135
f 1137/1137/1137 1139/1139/1139 1140/1140/1140
f 1140/1140/1140 1138/1138/1138 1137/1137/1137
f 1139/1139/1139 1141/1141/1141 1142/1142/1142
f 1142/1142/1142 1140/1140/1140 1139/1139/1139
f 1141/1141/1141 1143/1143/1143 1144/1144/1144
f 1144/1144/1144 1142/1142/1142 1141/1141/1141
f 1143/1143/1143 1145/1145/1145 1146/1146/1146
f 1146/1146/1146 1144/1144/1144 1143/1143/1143
f 1145/1145/1145 1147/1147/1147 1148/1148/1148
f 1148/1148/1148 1146/1146/1146 1145/1145/1145
f 1147/1147/1147 1149/1149/1149 1150/1150/1150
f 1150/1150/1150 1148/1148/1148 1147/1147/1147
f 1149/1149/1149 1151/1151/1151 1152/1152/1152
f 1152/1152/1152 1150/1150/1150 1149/1149/1149
f 1151/1151/1151 1153/1153/1153 1154/1154/1154
f 1154/1154/1154 1152/1152/1152 1151/1151/1151
f 1153/1153/1153 1155/1155/1155 1156/1156/1156
f 1156/1156/1156 1154/1154/1154 1153/1153/1153
